Date,Open,High,Low,Close,Volume
2025-09-22T13:30:00.000Z,342.425,346.67,340.5001,343.06,1713026
2025-09-22T13:45:00.000Z,343.27,343.405,340.61,341.595,813209
2025-09-22T14:00:00.000Z,341.65,344.86,341.65,343.095,629201
2025-09-22T14:15:00.000Z,343.095,344.18,342.6,344.08,692871
2025-09-22T14:30:00.000Z,344.14,345.08,343.4852,344.87,641637
2025-09-22T14:45:00.000Z,344.88,345.83,344,344.0851,427993
2025-09-22T15:00:00.000Z,344.09,344.31,342.745,342.8125,304182
2025-09-22T15:15:00.000Z,342.89,343.92,342.66,343.38,253664
2025-09-22T15:30:00.000Z,343.41,343.9,343,343.565,271155
2025-09-22T15:45:00.000Z,343.6,344.67,343.45,344.46,365975
2025-09-22T16:00:00.000Z,344.45,345.99,338.6,340.78,1665329
2025-09-22T16:15:00.000Z,340.88,343.88,337.94,341.075,1784653
2025-09-22T16:30:00.000Z,341.07,341.3514,339.065,340.72,1004915
2025-09-22T16:45:00.000Z,340.73,341.04,338.25,338.66,838935
2025-09-22T17:00:00.000Z,338.65,340.82,338.25,340.38,517619
2025-09-22T17:15:00.000Z,340.4,340.55,339.3,339.635,389700
2025-09-22T17:30:00.000Z,339.62,342,338.6,340.81,803534
2025-09-22T17:45:00.000Z,340.905,341.7,340.42,341.5,472251
2025-09-22T18:00:00.000Z,341.43,343.5,341.29,342.73,850023
2025-09-22T18:15:00.000Z,342.655,343.23,341.74,342.2234,448863
2025-09-22T18:30:00.000Z,342.195,342.82,340.89,340.95,376592
2025-09-22T18:45:00.000Z,340.95,341.74,340.88,341.19,335872
2025-09-22T19:00:00.000Z,341.2,341.84,340.67,341.82,386429
2025-09-22T19:15:00.000Z,341.805,341.9,341.29,341.61,404612
2025-09-22T19:30:00.000Z,341.59,341.66,339.07,339.11,653184
2025-09-22T19:45:00.000Z,339.13,340.59,338.7,338.74,3167062
2025-09-23T13:30:00.000Z,340.24,344.68,339.5,341.78,2082088
2025-09-23T13:45:00.000Z,341.835,342.14,339.5701,340.9,833341
2025-09-23T14:00:00.000Z,340.9,343.1,340.595,342.52,751337
2025-09-23T14:15:00.000Z,342.57,343.91,342.26,343.74,488848
2025-09-23T14:30:00.000Z,343.66,345.215,343.21,344.08,685756
2025-09-23T14:45:00.000Z,344.19,344.3,342.72,343.001,752600
2025-09-23T15:00:00.000Z,343.152,344,342.5,342.795,379394
2025-09-23T15:15:00.000Z,342.78,344.075,342.14,343.8,324065
2025-09-23T15:30:00.000Z,343.835,344.7467,342.89,343.295,306722
2025-09-23T15:45:00.000Z,343.43,344.2,343.28,343.63,249471
2025-09-23T16:00:00.000Z,343.71,344.22,343.0301,344.22,246274
2025-09-23T16:15:00.000Z,344.0801,344.3,342.66,342.7316,292704
2025-09-23T16:30:00.000Z,342.71,343.16,341.85,342.04,257741
2025-09-23T16:45:00.000Z,342.02,342.4477,341.62,342.04,200341
2025-09-23T17:00:00.000Z,342.08,342.26,341.27,341.375,236370
2025-09-23T17:15:00.000Z,341.48,341.7,338.8,338.9,657887
2025-09-23T17:30:00.000Z,338.905,339.46,337.0216,338.08,668788
2025-09-23T17:45:00.000Z,338.09,339.96,337.27,339.835,633314
2025-09-23T18:00:00.000Z,339.81,340.16,338.54,338.935,358354
2025-09-23T18:15:00.000Z,339.0268,339.39,338.07,338.75,1201451
2025-09-23T18:30:00.000Z,338.835,339.2839,337.9018,338.1425,423569
2025-09-23T18:45:00.000Z,338.175,338.6471,337.99,338.1,244121
2025-09-23T19:00:00.000Z,338.1,338.99,337.97,338.14,447573
2025-09-23T19:15:00.000Z,338.13,338.65,337.89,338.16,342765
2025-09-23T19:30:00.000Z,338.22,339.46,338.13,339.2977,396716
2025-09-23T19:45:00.000Z,339.26,339.69,338.384,338.96,1156936
2025-09-24T13:30:00.000Z,339.755,340,333.81,335.06,1851702
2025-09-24T13:45:00.000Z,334.94,336.79,333.9,336.6725,898337
2025-09-24T14:00:00.000Z,336.57,338.02,335.69,338.01,883379
2025-09-24T14:15:00.000Z,338.01,338.49,336.8,337.855,379671
2025-09-24T14:30:00.000Z,337.86,338.7499,336.852,337.16,425031
2025-09-24T14:45:00.000Z,337.1401,338.25,336.8949,337.54,304502
2025-09-24T15:00:00.000Z,337.4846,338.38,337.275,337.9736,347979
2025-09-24T15:15:00.000Z,338.02,339.81,337.94,339.63,418422
2025-09-24T15:30:00.000Z,339.63,340,338.85,339.22,343268
2025-09-24T15:45:00.000Z,339.2,339.2,337.2501,337.37,357331
2025-09-24T16:00:00.000Z,337.47,337.89,335.99,336.94,476413
2025-09-24T16:15:00.000Z,336.9525,336.98,335.58,336.5251,338140
2025-09-24T16:30:00.000Z,336.5251,337.4,335.89,337.1799,263247
2025-09-24T16:45:00.000Z,337.095,337.315,336.28,337.255,220738
2025-09-24T17:00:00.000Z,337.35,339.5496,337.34,338.8175,320018
2025-09-24T17:15:00.000Z,338.75,338.94,337.8196,338.7601,236725
2025-09-24T17:30:00.000Z,338.755,339.33,338.35,338.9232,245801
2025-09-24T17:45:00.000Z,338.8925,339.72,338.6901,339.595,234586
2025-09-24T18:00:00.000Z,339.6245,339.7,338.67,339.65,294270
2025-09-24T18:15:00.000Z,339.6,339.98,338.9861,339.5,292071
2025-09-24T18:30:00.000Z,339.495,340.0799,339.3495,339.54,324105
2025-09-24T18:45:00.000Z,339.62,339.88,339.01,339.7034,258215
2025-09-24T19:00:00.000Z,339.71,339.92,338.73,338.77,384943
2025-09-24T19:15:00.000Z,338.78,339.585,338.73,338.97,439063
2025-09-24T19:30:00.000Z,338.99,339.0899,337.87,337.87,447971
2025-09-24T19:45:00.000Z,337.86,339.644,337.42,339.29,1302187
2025-09-25T13:30:00.000Z,332.99,335.06,327.3,327.64,2852399
2025-09-25T13:45:00.000Z,327.66,330.3974,327.66,329.295,1028320
2025-09-25T14:00:00.000Z,329.29,331.57,328.64,330.83,803358
2025-09-25T14:15:00.000Z,331,332.22,330.43,331.69,1050192
2025-09-25T14:30:00.000Z,331.7,333.57,331.2,333.1799,797918
2025-09-25T14:45:00.000Z,333.02,334.15,332.5,332.57,458149
2025-09-25T15:00:00.000Z,332.65,335.23,332.5,334.9948,466816
2025-09-25T15:15:00.000Z,335,335.1,333.29,333.375,407798
2025-09-25T15:30:00.000Z,333.4,337.2,333.25,336.278,590260
2025-09-25T15:45:00.000Z,336.295,337.09,335.22,337.02,340743
2025-09-25T16:00:00.000Z,337.06,338.062,336.76,337.5201,422238
2025-09-25T16:15:00.000Z,337.52,337.62,335.7,335.713,317041
2025-09-25T16:30:00.000Z,335.66,336.8,334.69,335.17,223679
2025-09-25T16:45:00.000Z,335.215,336.13,334.91,335.75,187286
2025-09-25T17:00:00.000Z,335.62,336.1,335,335.1958,233061
2025-09-25T17:15:00.000Z,335,335.19,333.8201,334.0901,319431
2025-09-25T17:30:00.000Z,334.15,334.5,333.39,334.22,275479
2025-09-25T17:45:00.000Z,334.3,335.09,333.9101,334.6,381048
2025-09-25T18:00:00.000Z,334.6,335.1,332.8501,334.925,492754
2025-09-25T18:15:00.000Z,334.935,335.5,334.79,335.275,250039
2025-09-25T18:30:00.000Z,335.29,336.16,334.6,335.785,246597
2025-09-25T18:45:00.000Z,335.75,335.8675,334.9,335.22,448384
2025-09-25T19:00:00.000Z,335.225,335.86,334.8601,334.97,261580
2025-09-25T19:15:00.000Z,334.99,335.37,334.23,334.35,334802
2025-09-25T19:30:00.000Z,334.37,334.6099,332.94,333.705,598097
2025-09-25T19:45:00.000Z,333.715,336.54,333.24,336.11,1448650
2025-09-26T13:30:00.000Z,337.43,339.08,333.59,333.88,1685602
2025-09-26T13:45:00.000Z,334.01,336.88,333.5,336.13,866354
2025-09-26T14:00:00.000Z,335.955,336.66,334.23,335.075,568414
2025-09-26T14:15:00.000Z,334.99,335.33,332,332.8101,656332
2025-09-26T14:30:00.000Z,332.85,333.64,330.77,333.08,528495
2025-09-26T14:45:00.000Z,333.4599,333.4599,330.5801,330.76,334559
2025-09-26T15:00:00.000Z,330.8,332.5,330.7,331.7,307213
2025-09-26T15:15:00.000Z,331.69,333.17,331.16,332.3825,462729
2025-09-26T15:30:00.000Z,332.425,333.86,332.2,333.6545,314849
2025-09-26T15:45:00.000Z,333.59,333.59,332.51,332.995,240144
2025-09-26T16:00:00.000Z,332.995,333.59,332.6301,333.0993,175932
2025-09-26T16:15:00.000Z,333.165,334.38,332.95,333.9026,306964
2025-09-26T16:30:00.000Z,333.91,334.4499,332.92,334.3625,203730
2025-09-26T16:45:00.000Z,334.39,334.45,333.66,333.75,222010
2025-09-26T17:00:00.000Z,333.67,334.84,333.5,334.725,191996
2025-09-26T17:15:00.000Z,334.725,335.4,334.4,335.01,179816
2025-09-26T17:30:00.000Z,335.0008,335.39,334.27,335.215,277490
2025-09-26T17:45:00.000Z,335.23,335.31,333.77,334.32,195542
2025-09-26T18:00:00.000Z,334.23,334.59,333.13,333.866,279697
2025-09-26T18:15:00.000Z,333.81,335.18,333.6601,334.94,296596
2025-09-26T18:30:00.000Z,334.95,335.0271,333.99,334.345,263615
2025-09-26T18:45:00.000Z,334.35,334.46,333.62,333.9,275270
2025-09-26T19:00:00.000Z,334.06,334.46,333.82,334.35,323210
2025-09-26T19:15:00.000Z,334.31,335.01,334.17,334.73,245101
2025-09-26T19:30:00.000Z,334.76,335,334.51,334.59,284002
2025-09-26T19:45:00.000Z,334.61,334.95,333.83,334.3,981448
2025-09-29T13:30:00.000Z,336,341.05,335.37,338.455,1694325
2025-09-29T13:45:00.000Z,338.49,339.035,336.67,337.4,758883
2025-09-29T14:00:00.000Z,337.41,337.98,334.85,335.21,846916
2025-09-29T14:15:00.000Z,335.22,337.65,334.7,337.39,664168
2025-09-29T14:30:00.000Z,337.4,338.42,336.6,337.26,486536
2025-09-29T14:45:00.000Z,337.28,337.55,335.6,335.84,350104
2025-09-29T15:00:00.000Z,335.84,336.15,334.27,334.46,411748
2025-09-29T15:15:00.000Z,334.44,335.06,333.8101,334.315,406485
2025-09-29T15:30:00.000Z,334.32,334.39,333.44,333.73,317520
2025-09-29T15:45:00.000Z,333.765,333.77,332.3796,332.895,397298
2025-09-29T16:00:00.000Z,332.96,333.04,332.11,332.96,304092
2025-09-29T16:15:00.000Z,332.89,332.905,331.74,332.135,358803
2025-09-29T16:30:00.000Z,332.13,332.8634,331.8926,331.8926,264156
2025-09-29T16:45:00.000Z,331.93,332.6887,331.7,332.21,221138
2025-09-29T17:00:00.000Z,332.245,332.245,330.83,331.22,350634
2025-09-29T17:15:00.000Z,331.27,331.58,330.99,331.315,275612
2025-09-29T17:30:00.000Z,331.315,331.875,331,331.67,306542
2025-09-29T17:45:00.000Z,331.6,331.81,331.2,331.61,270511
2025-09-29T18:00:00.000Z,331.62,331.62,329.66,330.96,575692
2025-09-29T18:15:00.000Z,330.94,331.2,330.3,330.3,246469
2025-09-29T18:30:00.000Z,330.3,330.39,328.88,329.095,458960
2025-09-29T18:45:00.000Z,329.095,329.43,328.72,328.9,417258
2025-09-29T19:00:00.000Z,328.905,329.45,328.3,328.91,451335
2025-09-29T19:15:00.000Z,328.865,329.1599,328.25,328.445,497010
2025-09-29T19:30:00.000Z,328.41,329.08,328.2,328.93,513125
2025-09-29T19:45:00.000Z,328.955,330,327.55,327.83,1863351
2025-09-30T13:30:00.000Z,330.12,331.05,327.85,328.625,1432848
2025-09-30T13:45:00.000Z,328.625,329,324.74,326.575,1230211
2025-09-30T14:00:00.000Z,326.575,327.27,325.5501,325.96,596061
2025-09-30T14:15:00.000Z,326.05,326.31,324.87,325.437,642752
2025-09-30T14:30:00.000Z,325.56,326.65,324.61,325.31,658988
2025-09-30T14:45:00.000Z,325.31,327.85,325.28,326.595,582444
2025-09-30T15:00:00.000Z,326.66,327.71,326.52,327.48,551432
2025-09-30T15:15:00.000Z,327.51,327.72,325.6425,326.19,696336
2025-09-30T15:30:00.000Z,326.19,326.79,325.36,325.495,673992
2025-09-30T15:45:00.000Z,325.52,326.77,325.1401,326.465,357009
2025-09-30T16:00:00.000Z,326.4,326.75,325.03,325.73,413356
2025-09-30T16:15:00.000Z,325.67,326.2364,325.47,325.8275,278497
2025-09-30T16:30:00.000Z,325.89,326.2299,325.1801,326.11,308385
2025-09-30T16:45:00.000Z,325.93,326.7882,325.76,326.33,268107
2025-09-30T17:00:00.000Z,326.33,326.47,325.86,326.22,222099
2025-09-30T17:15:00.000Z,326.1754,326.68,326,326.135,239141
2025-09-30T17:30:00.000Z,326.11,326.12,325.42,325.72,237885
2025-09-30T17:45:00.000Z,325.715,326.42,325.715,326.34,207040
2025-09-30T18:00:00.000Z,326.295,326.5,325.78,326.415,256008
2025-09-30T18:15:00.000Z,326.5,327.43,326.2601,327.275,395463
2025-09-30T18:30:00.000Z,327.21,327.63,326.78,327.53,220354
2025-09-30T18:45:00.000Z,327.5,327.89,327.35,327.563,237114
2025-09-30T19:00:00.000Z,327.59,329,327.52,328.85,493434
2025-09-30T19:15:00.000Z,328.875,329.58,328.59,329.485,366074
2025-09-30T19:30:00.000Z,329.46,329.84,328.18,329.18,553784
2025-09-30T19:45:00.000Z,329.15,330.13,329.115,329.74,1566733
2025-10-01T13:30:00.000Z,328.145,328.26,324.5,327.9,1476991
2025-10-01T13:45:00.000Z,327.84,329.34,326.65,327.165,679399
2025-10-01T14:00:00.000Z,327.17,328.35,326.74,327.36,454931
2025-10-01T14:15:00.000Z,327.35,329.76,327.0688,328.54,497015
2025-10-01T14:30:00.000Z,328.69,330.2,328.007,328.66,656138
2025-10-01T14:45:00.000Z,328.56,331.26,328.25,330.5,661468
2025-10-01T15:00:00.000Z,330.545,332.245,330.47,331.05,642451
2025-10-01T15:15:00.000Z,331.125,333.22,330.55,332.76,501046
2025-10-01T15:30:00.000Z,332.63,334.9,332.4,334.6,744413
2025-10-01T15:45:00.000Z,334.55,336.35,334.33,336.1,855692
2025-10-01T16:00:00.000Z,336.165,336.2799,335.25,335.695,497773
2025-10-01T16:15:00.000Z,335.695,337.55,335.55,337.3658,487554
2025-10-01T16:30:00.000Z,337.3086,337.4965,336.41,337.22,429306
2025-10-01T16:45:00.000Z,337.16,337.62,336.42,337.6,406061
2025-10-01T17:00:00.000Z,337.6099,337.95,337.1074,337.5301,311055
2025-10-01T17:15:00.000Z,337.47,337.74,336.92,337.61,273400
2025-10-01T17:30:00.000Z,337.56,337.8,335.88,335.946,339424
2025-10-01T17:45:00.000Z,335.88,336.3,335.15,335.83,331281
2025-10-01T18:00:00.000Z,335.8075,336.47,334.25,335.02,395594
2025-10-01T18:15:00.000Z,334.9,334.98,333.12,333.57,319111
2025-10-01T18:30:00.000Z,333.53,334.06,333.43,333.96,270567
2025-10-01T18:45:00.000Z,333.93,334.23,332.93,333.36,330600
2025-10-01T19:00:00.000Z,333.25,333.54,332.65,332.9999,302420
2025-10-01T19:15:00.000Z,332.91,332.92,331.88,332.7758,377436
2025-10-01T19:30:00.000Z,332.81,333.17,332.41,332.5701,502786
2025-10-01T19:45:00.000Z,332.67,333.86,332.65,333.3,1330317
2025-10-02T13:30:00.000Z,347.61,347.61,337.5574,338.11,2688902
2025-10-02T13:45:00.000Z,338.185,338.29,335.25,337.7,1231050
2025-10-02T14:00:00.000Z,337.66,340.5899,336.8664,339.7987,1027649
2025-10-02T14:15:00.000Z,339.98,342.22,339.5,340.6368,745174
2025-10-02T14:30:00.000Z,340.6,342.5,340.49,340.97,628365
2025-10-02T14:45:00.000Z,340.94,341.06,338.81,339.11,593604
2025-10-02T15:00:00.000Z,339.12,339.49,338.0601,339.11,536830
2025-10-02T15:15:00.000Z,339.21,340.52,338.0901,340.22,460322
2025-10-02T15:30:00.000Z,340.08,340.75,339.33,339.4205,355442
2025-10-02T15:45:00.000Z,339.35,340.97,339.32,340.47,319054
2025-10-02T16:00:00.000Z,340.46,341.09,339.142,340,394016
2025-10-02T16:15:00.000Z,340.1,341.74,339.6,341.315,383431
2025-10-02T16:30:00.000Z,341.25,341.91,340.8738,341.56,368446
2025-10-02T16:45:00.000Z,341.56,342.01,341.198,341.415,296468
2025-10-02T17:00:00.000Z,341.445,341.8,340.88,341.45,273069
2025-10-02T17:15:00.000Z,341.39,342.21,341.09,341.595,326154
2025-10-02T17:30:00.000Z,341.565,341.8978,340.95,341.15,345660
2025-10-02T17:45:00.000Z,341.19,341.88,340.24,340.34,332720
2025-10-02T18:00:00.000Z,340.34,341.08,339.8301,340.9094,400360
2025-10-02T18:15:00.000Z,340.7865,341.34,340.105,340.24,281327
2025-10-02T18:30:00.000Z,340.19,340.9,340.035,340.485,232265
2025-10-02T18:45:00.000Z,340.52,340.6399,339.75,339.76,257356
2025-10-02T19:00:00.000Z,339.765,340.024,339.42,339.6,270991
2025-10-02T19:15:00.000Z,339.5725,340.1599,339.1,339.9601,378895
2025-10-02T19:30:00.000Z,339.9894,340.34,338.83,339.24,480380
2025-10-02T19:45:00.000Z,339.28,339.44,338,338.2,1378195
2025-10-03T13:30:00.000Z,341.5,344.4,340.625,343.32,1188601
2025-10-03T13:45:00.000Z,343.325,344.2369,340.19,340.59,655250
2025-10-03T14:00:00.000Z,340.59,341.7899,339.71,340.8653,593708
2025-10-03T14:15:00.000Z,340.7814,341.54,339.6,341.1825,397635
2025-10-03T14:30:00.000Z,341.34,341.34,339.75,340.27,409349
2025-10-03T14:45:00.000Z,340.27,341.28,339.6508,341.09,464877
2025-10-03T15:00:00.000Z,341.005,342.2899,340.18,342.2899,340033
2025-10-03T15:15:00.000Z,342.27,342.94,341.295,341.39,495219
2025-10-03T15:30:00.000Z,341.4,341.64,340.2,340.26,251956
2025-10-03T15:45:00.000Z,340.27,341,340,340.68,404780
2025-10-03T16:00:00.000Z,340.6,340.91,340.19,340.7743,187496
2025-10-03T16:15:00.000Z,340.79,341.47,340.43,341.46,183788
2025-10-03T16:30:00.000Z,341.43,341.5999,338.9,339.14,398621
2025-10-03T16:45:00.000Z,339.1925,340.44,338.84,339.65,313110
2025-10-03T17:00:00.000Z,339.51,339.51,337.87,338.84,349347
2025-10-03T17:15:00.000Z,338.85,339,337.46,338.06,267397
2025-10-03T17:30:00.000Z,338.055,338.95,337.33,337.77,857820
2025-10-03T17:45:00.000Z,337.83,338.045,335.74,336.818,431861
2025-10-03T18:00:00.000Z,336.95,337.31,336.04,336.6946,327260
2025-10-03T18:15:00.000Z,336.665,338.5251,336.665,338.4,517581
2025-10-03T18:30:00.000Z,338.4795,338.49,337.2,337.67,201841
2025-10-03T18:45:00.000Z,337.74,337.79,337.24,337.5,195229
2025-10-03T19:00:00.000Z,337.525,337.73,336.95,337.025,243595
2025-10-03T19:15:00.000Z,337.015,337.34,336.82,337.11,277633
2025-10-03T19:30:00.000Z,337.11,337.79,336.9,337.27,389039
2025-10-03T19:45:00.000Z,337.265,338.62,337.24,338.37,993353
2025-10-06T13:30:00.000Z,335.92,344.13,334.92,338.7899,2224832
2025-10-06T13:45:00.000Z,338.65,340.204,334.56,338.115,1074348
2025-10-06T14:00:00.000Z,338.13,342.035,337.36,341.67,762665
2025-10-06T14:15:00.000Z,341.89,343.285,340.7001,340.7457,714689
2025-10-06T14:30:00.000Z,340.78,341.675,338.12,338.37,484816
2025-10-06T14:45:00.000Z,338.37,339.1734,337.37,337.845,380059
2025-10-06T15:00:00.000Z,337.835,339.625,337.74,339.23,460135
2025-10-06T15:15:00.000Z,339.18,339.7,338.36,338.36,332342
2025-10-06T15:30:00.000Z,338.385,338.5799,337.49,338.16,343883
2025-10-06T15:45:00.000Z,338.19,339.11,337.78,338.34,338537
2025-10-06T16:00:00.000Z,338.34,339.13,337.9,338.3975,241271
2025-10-06T16:15:00.000Z,338.26,338.93,338.18,338.7,253142
2025-10-06T16:30:00.000Z,338.65,338.68,338.03,338.39,235678
2025-10-06T16:45:00.000Z,338.4099,338.69,337.93,338.505,249829
2025-10-06T17:00:00.000Z,338.505,339.13,338.0505,338.29,304679
2025-10-06T17:15:00.000Z,338.33,339.19,338.07,338.255,234997
2025-10-06T17:30:00.000Z,338.3,338.31,337.11,337.58,249007
2025-10-06T17:45:00.000Z,337.57,337.94,337,337.81,256165
2025-10-06T18:00:00.000Z,337.77,337.92,337.14,337.38,226578
2025-10-06T18:15:00.000Z,337.375,337.65,337.2,337.44,206654
2025-10-06T18:30:00.000Z,337.39,337.59,336.485,336.86,245798
2025-10-06T18:45:00.000Z,336.86,337.44,336.79,337.0599,231206
2025-10-06T19:00:00.000Z,336.96,337.04,336.26,336.88,314297
2025-10-06T19:15:00.000Z,336.88,336.96,336.5,336.7127,277060
2025-10-06T19:30:00.000Z,336.7,336.7,336.02,336.64,384769
2025-10-06T19:45:00.000Z,336.655,336.86,334.97,335.48,1536390
2025-10-07T13:30:00.000Z,337.025,337.1599,332.33,334.7547,1627571
2025-10-07T13:45:00.000Z,334.75,335.42,333.48,334.41,704079
2025-10-07T14:00:00.000Z,334.34,338.1099,334.215,336.8275,751154
2025-10-07T14:15:00.000Z,336.87,338.11,336.75,337.4,503713
2025-10-07T14:30:00.000Z,337.375,337.5,334.6501,334.945,421129
2025-10-07T14:45:00.000Z,335.08,336.17,334.45,335.9,395092
2025-10-07T15:00:00.000Z,335.9,335.9496,330.18,331.67,1164749
2025-10-07T15:15:00.000Z,331.7999,332.3,329.2,329.35,744119
2025-10-07T15:30:00.000Z,329.46,329.7924,327.24,327.865,884597
2025-10-07T15:45:00.000Z,327.75,328.89,326.58,328.8188,598253
2025-10-07T16:00:00.000Z,328.802,330,328.8,329.56,404173
2025-10-07T16:15:00.000Z,329.57,330.6,329.12,330.3,248880
2025-10-07T16:30:00.000Z,330.25,331.84,330.16,331.551,266676
2025-10-07T16:45:00.000Z,331.625,331.6299,330,330.185,190738
2025-10-07T17:00:00.000Z,330.3,330.9899,330,330.7,170111
2025-10-07T17:15:00.000Z,330.7108,330.96,329.41,329.5,258748
2025-10-07T17:30:00.000Z,329.37,330.15,329.37,329.8601,150096
2025-10-07T17:45:00.000Z,330,330.64,329.35,330.26,210181
2025-10-07T18:00:00.000Z,330.29,331.16,329.56,330.77,254272
2025-10-07T18:15:00.000Z,330.829,331.5,330.4985,331.36,554951
2025-10-07T18:30:00.000Z,331.4,333,331.185,332.93,322811
2025-10-07T18:45:00.000Z,332.88,334.75,332.66,334.6,490961
2025-10-07T19:00:00.000Z,334.5222,335.9,334.215,335.72,648188
2025-10-07T19:15:00.000Z,335.695,336,334.725,335.72,419218
2025-10-07T19:30:00.000Z,335.7,336.0893,335.4,335.7878,450404
2025-10-07T19:45:00.000Z,335.8,337,335.7,336.41,1230519
2025-10-08T13:30:00.000Z,333.82,343.96,332.62,343.42,2285331
2025-10-08T13:45:00.000Z,343.41,344.7787,341.865,343.475,1423146
2025-10-08T14:00:00.000Z,343.48,344.08,342.28,342.6507,782113
2025-10-08T14:15:00.000Z,342.63,343.09,339.7755,341.28,613245
2025-10-08T14:30:00.000Z,341.31,342.6,340.19,340.3,421553
2025-10-08T14:45:00.000Z,340.39,340.745,338.59,339.59,577335
2025-10-08T15:00:00.000Z,339.59,340.01,338.92,339.48,410877
2025-10-08T15:15:00.000Z,339.455,341.17,339.155,340.672,440731
2025-10-08T15:30:00.000Z,340.69,342.4,340.455,342.06,525606
2025-10-08T15:45:00.000Z,342.0885,342.6138,341.44,342.1,357426
2025-10-08T16:00:00.000Z,342.14,343.0699,342.03,342.5732,466480
2025-10-08T16:15:00.000Z,342.585,342.97,340.105,340.65,347956
2025-10-08T16:30:00.000Z,340.63,340.9719,340.44,340.87,239588
2025-10-08T16:45:00.000Z,340.9,341.0863,340.495,341.015,254357
2025-10-08T17:00:00.000Z,341.015,341.245,339.7,339.895,402583
2025-10-08T17:15:00.000Z,339.91,340.52,339.5917,340.51,221647
2025-10-08T17:30:00.000Z,340.45,341.24,340.18,340.71,225426
2025-10-08T17:45:00.000Z,340.765,341,340.2,340.98,324681
2025-10-08T18:00:00.000Z,341.08,341.8495,340.7,341.6306,492691
2025-10-08T18:15:00.000Z,341.63,341.9599,341.2001,341.7,319386
2025-10-08T18:30:00.000Z,341.79,342.76,341.57,341.92,369183
2025-10-08T18:45:00.000Z,341.8888,342.355,341.5001,341.92,268912
2025-10-08T19:00:00.000Z,342.07,343,341.76,342.9784,325300
2025-10-08T19:15:00.000Z,342.96,343.79,342.955,343.13,406087
2025-10-08T19:30:00.000Z,343.1425,343.22,341.7201,342.06,622649
2025-10-08T19:45:00.000Z,342.079,346.54,341.95,345.49,2717764
2025-10-09T13:30:00.000Z,345.75,346.9508,340.4,341.5365,1561439
2025-10-09T13:45:00.000Z,341.4001,345.95,341,344.82,890580
2025-10-09T14:00:00.000Z,344.77,346.77,343.83,346.675,799395
2025-10-09T14:15:00.000Z,346.737,346.7572,344.62,344.9865,506744
2025-10-09T14:30:00.000Z,344.85,346,344.18,344.9754,369759
2025-10-09T14:45:00.000Z,344.96,346.5578,344.8,346.06,442978
2025-10-09T15:00:00.000Z,346.06,347.31,345.36,345.68,703653
2025-10-09T15:15:00.000Z,345.601,346.4115,342.8601,344.13,769565
2025-10-09T15:30:00.000Z,344.06,345.14,343.51,343.7242,440225
2025-10-09T15:45:00.000Z,343.74,345.84,343.5,345.6291,416569
2025-10-09T16:00:00.000Z,345.7,345.7,344.23,344.26,249309
2025-10-09T16:15:00.000Z,344.29,344.77,343.4101,343.94,351265
2025-10-09T16:30:00.000Z,343.85,344.07,342.87,343.6625,265939
2025-10-09T16:45:00.000Z,343.645,344.085,342.34,342.625,335166
2025-10-09T17:00:00.000Z,342.55,343.46,342.156,342.335,235292
2025-10-09T17:15:00.000Z,342.35,342.7493,341.2,341.46,385843
2025-10-09T17:30:00.000Z,341.42,342.6,341.0106,342.22,319369
2025-10-09T17:45:00.000Z,342.235,342.95,341.738,342.9,199385
2025-10-09T18:00:00.000Z,342.935,343.82,342.43,343.68,350595
2025-10-09T18:15:00.000Z,343.67,344.1493,343.27,343.4421,274616
2025-10-09T18:30:00.000Z,343.33,343.5901,343.07,343.42,179648
2025-10-09T18:45:00.000Z,343.35,343.53,342.71,343.04,266271
2025-10-09T19:00:00.000Z,343.02,344.195,343.02,344.025,381718
2025-10-09T19:15:00.000Z,344.035,345.165,343.72,345.09,490005
2025-10-09T19:30:00.000Z,345.12,345.88,345.0601,345.26,578752
2025-10-09T19:45:00.000Z,345.225,345.6,343.95,345.02,1409637
2025-10-10T13:30:00.000Z,345.39,346.69,342.9,346.635,1538516
2025-10-10T13:45:00.000Z,346.61,349.656,345.3263,349.23,1158098
2025-10-10T14:00:00.000Z,349.17,350.6,347.22,348.775,1182779
2025-10-10T14:15:00.000Z,348.7751,349.1,346.71,347,550433
2025-10-10T14:30:00.000Z,347.07,348.285,346.14,347.46,464143
2025-10-10T14:45:00.000Z,347.46,348.08,343.42,344.68,738588
2025-10-10T15:00:00.000Z,344.665,344.665,338.62,340.878,1505483
2025-10-10T15:15:00.000Z,340.66,341.25,334.6885,335.3624,1252076
2025-10-10T15:30:00.000Z,335.36,336.448,331.77,336.2426,1215220
2025-10-10T15:45:00.000Z,336.24,337.63,335.14,336.32,616469
2025-10-10T16:00:00.000Z,336.36,336.385,333.93,335.255,455229
2025-10-10T16:15:00.000Z,335.205,335.37,333.11,334.49,420451
2025-10-10T16:30:00.000Z,334.38,335.1999,332.85,333.2645,352587
2025-10-10T16:45:00.000Z,333.16,333.38,330.61,331.26,549655
2025-10-10T17:00:00.000Z,331.28,331.795,329.5,330.11,495080
2025-10-10T17:15:00.000Z,330.2,333.11,330,332.77,316936
2025-10-10T17:30:00.000Z,332.66,333.43,331.4,331.4,292876
2025-10-10T17:45:00.000Z,331.44,331.6593,329.66,330.21,631722
2025-10-10T18:00:00.000Z,330.1312,330.4082,329.18,330.15,390376
2025-10-10T18:15:00.000Z,330.125,331.7299,329.87,330.27,355287
2025-10-10T18:30:00.000Z,330.3091,330.8089,329.81,329.88,322964
2025-10-10T18:45:00.000Z,329.895,330.605,328.3,328.33,402980
2025-10-10T19:00:00.000Z,328.34,329.7926,327.5501,328.19,521308
2025-10-10T19:15:00.000Z,328.2,328.56,326.11,326.3245,759728
2025-10-10T19:30:00.000Z,326.355,327.25,324.94,327.11,1010085
2025-10-10T19:45:00.000Z,327.16,327.7891,324.05,324.47,3140001
2025-10-13T13:30:00.000Z,352.77,353.535,343.5201,348.03,5136541
2025-10-13T13:45:00.000Z,348,357.57,347.2401,355.705,5068313
2025-10-13T14:00:00.000Z,355.68,358.88,354.9,356.96,2840541
2025-10-13T14:15:00.000Z,357.14,357.39,352.81,353.61,1528855
2025-10-13T14:30:00.000Z,353.635,358.61,353.01,357.081,1679237
2025-10-13T14:45:00.000Z,357.05,358.2313,354.69,355.73,1154696
2025-10-13T15:00:00.000Z,355.72,357.3199,354.28,356.435,1486104
2025-10-13T15:15:00.000Z,356.45,358,354.64,354.755,850606
2025-10-13T15:30:00.000Z,354.67,355.2034,352.04,354.12,1165002
2025-10-13T15:45:00.000Z,354.125,357.5,353.8,357.205,869052
2025-10-13T16:00:00.000Z,357.17,358.2,356.59,357.412,726801
2025-10-13T16:15:00.000Z,357.43,358.4,355.97,357.82,878548
2025-10-13T16:30:00.000Z,357.83,359.2,357.11,358.945,987164
2025-10-13T16:45:00.000Z,358.95,359.38,357.81,357.83,749864
2025-10-13T17:00:00.000Z,357.85,358.72,356.7782,357.3976,696916
2025-10-13T17:15:00.000Z,357.375,357.99,356.17,356.29,488995
2025-10-13T17:30:00.000Z,356.34,356.679,355.3,355.67,492307
2025-10-13T17:45:00.000Z,355.675,357.47,355.66,357.02,496721
2025-10-13T18:00:00.000Z,357.08,357.28,354.9601,355.67,512823
2025-10-13T18:15:00.000Z,355.69,356.59,355.6301,356.2,605943
2025-10-13T18:30:00.000Z,356.2,356.49,355.19,355.585,534097
2025-10-13T18:45:00.000Z,355.6,356.18,354.9501,355.58,450832
2025-10-13T19:00:00.000Z,355.57,356.3799,355.3,356.08,534403
2025-10-13T19:15:00.000Z,356.005,356.24,354.7,354.76,697522
2025-10-13T19:30:00.000Z,354.74,357.2898,354.47,357.26,896802
2025-10-13T19:45:00.000Z,357.26,357.6,355.76,356.68,2874007
2025-10-14T13:30:00.000Z,350.125,350.67,339.6532,340.68,2919335
2025-10-14T13:45:00.000Z,340.73,344.47,339.77,341.73,1189892
2025-10-14T14:00:00.000Z,341.74,344.08,340.2901,343.3015,994600
2025-10-14T14:15:00.000Z,343.15,346.65,342.4,346.335,755188
2025-10-14T14:30:00.000Z,346.335,346.35,344.4301,344.71,492804
2025-10-14T14:45:00.000Z,344.3926,345.08,341.8101,343.35,497578
2025-10-14T15:00:00.000Z,343.4,345.07,343,344.52,401987
2025-10-14T15:15:00.000Z,344.56,345,343.75,344.16,316542
2025-10-14T15:30:00.000Z,344.19,345.9,343.16,345.74,429553
2025-10-14T15:45:00.000Z,345.696,347.49,345.5,345.7699,478578
2025-10-14T16:00:00.000Z,345.74,346.7795,345.6201,346.25,315934
2025-10-14T16:15:00.000Z,346.28,348.97,346.18,348.69,497509
2025-10-14T16:30:00.000Z,348.7,349.69,348.1127,349.55,441086
2025-10-14T16:45:00.000Z,349.58,349.79,348.0101,348.4288,378919
2025-10-14T17:00:00.000Z,348.3,349.96,347.3346,349.465,327547
2025-10-14T17:15:00.000Z,349.5,349.7737,348.8938,349.1175,222922
2025-10-14T17:30:00.000Z,349.105,349.23,347.9,348.575,392189
2025-10-14T17:45:00.000Z,348.54,348.75,346.32,346.407,320524
2025-10-14T18:00:00.000Z,346.4,348.05,345.93,347.55,460481
2025-10-14T18:15:00.000Z,347.65,348.85,347.06,348.49,318029
2025-10-14T18:30:00.000Z,348.55,348.9599,347.3601,347.49,320939
2025-10-14T18:45:00.000Z,347.4,348,347.17,347.305,230487
2025-10-14T19:00:00.000Z,347.34,348.29,347.32,347.9899,315482
2025-10-14T19:15:00.000Z,347.92,349.33,347.52,348.185,472313
2025-10-14T19:30:00.000Z,348.19,348.27,342.88,343.29,911761
2025-10-14T19:45:00.000Z,343.2,344.44,342.5,344.13,1754105
2025-10-15T13:30:00.000Z,354.47,354.7,348.5,349.3694,1555508
2025-10-15T13:45:00.000Z,349.23,354.54,349.07,354.235,836154
2025-10-15T14:00:00.000Z,354.22,356.1,352.84,355.24,875454
2025-10-15T14:15:00.000Z,355.205,358,354.8,357.79,921451
2025-10-15T14:30:00.000Z,357.8,359.28,357.52,358.9978,956307
2025-10-15T14:45:00.000Z,358.993,359.4,356.4,358.076,598059
2025-10-15T15:00:00.000Z,358.17,359.4,355.656,356.49,853065
2025-10-15T15:15:00.000Z,356.5,356.5491,355,355.69,544514
2025-10-15T15:30:00.000Z,355.625,356.07,352.408,353.4,646826
2025-10-15T15:45:00.000Z,353.4224,354.67,351.97,354.555,541419
2025-10-15T16:00:00.000Z,354.64,355.44,353.3,353.81,343962
2025-10-15T16:15:00.000Z,353.809,354.24,353.06,353.6,297394
2025-10-15T16:30:00.000Z,353.54,353.695,352.3625,352.828,326381
2025-10-15T16:45:00.000Z,352.85,353.41,352.24,353.01,211358
2025-10-15T17:00:00.000Z,353.02,353.07,347.87,348.0947,895950
2025-10-15T17:15:00.000Z,347.985,350.4483,347.5,348.915,411018
2025-10-15T17:30:00.000Z,349.035,351.18,348.47,351.1718,329884
2025-10-15T17:45:00.000Z,351.18,353.79,351.12,353.225,410625
2025-10-15T18:00:00.000Z,353.22,354.035,352.27,353.44,275425
2025-10-15T18:15:00.000Z,353.47,354.3499,352.9455,353.145,292190
2025-10-15T18:30:00.000Z,353.03,353.94,352.805,353.07,230397
2025-10-15T18:45:00.000Z,353.19,354,352.6349,353.69,252397
2025-10-15T19:00:00.000Z,353.67,353.81,352.48,352.78,257525
2025-10-15T19:15:00.000Z,352.79,353.28,352.43,352.695,394708
2025-10-15T19:30:00.000Z,352.79,352.865,350.58,351.48,426578
2025-10-15T19:45:00.000Z,351.52,351.66,349.2,351.39,1219499
2025-10-16T13:30:00.000Z,356.8,359.93,353.53,355.91,1443943
2025-10-16T13:45:00.000Z,355.63,356.78,353.91,355.33,672212
2025-10-16T14:00:00.000Z,355.33,358.05,355.33,357.405,664302
2025-10-16T14:15:00.000Z,357.38,361.5,357.23,359.1523,1224465
2025-10-16T14:30:00.000Z,359.28,363.24,359.1423,362.5518,1202890
2025-10-16T14:45:00.000Z,362.69,363.053,360.1,360.155,876865
2025-10-16T15:00:00.000Z,360.155,361.38,359.3101,359.8899,583676
2025-10-16T15:15:00.000Z,359.7542,360.1,356.395,356.845,588049
2025-10-16T15:30:00.000Z,356.85,357.13,354.805,355.36,680292
2025-10-16T15:45:00.000Z,355.17,356.3299,354.66,355.59,410898
2025-10-16T16:00:00.000Z,355.49,356,354.27,355.63,337794
2025-10-16T16:15:00.000Z,355.4941,355.86,353.2,353.46,377443
2025-10-16T16:30:00.000Z,353.455,353.46,350.27,351.49,618685
2025-10-16T16:45:00.000Z,351.49,355.23,350.02,355.028,452041
2025-10-16T17:00:00.000Z,355.04,355.2,352.36,354.0614,332014
2025-10-16T17:15:00.000Z,354.045,355.65,353.55,355.33,244460
2025-10-16T17:30:00.000Z,355.23,355.69,353.6,354.33,409794
2025-10-16T17:45:00.000Z,354.18,354.8,353.52,354.76,384959
2025-10-16T18:00:00.000Z,354.645,354.88,350.25,350.5025,426239
2025-10-16T18:15:00.000Z,350.5,351.45,349.6,350.6,512218
2025-10-16T18:30:00.000Z,350.4649,351.45,349.6,350.8459,412719
2025-10-16T18:45:00.000Z,351.04,352,350.62,351.87,392658
2025-10-16T19:00:00.000Z,351.87,352,350.33,350.33,365807
2025-10-16T19:15:00.000Z,350.385,351.09,349.485,350.6224,752103
2025-10-16T19:30:00.000Z,350.68,352.1861,350.18,352.09,499300
2025-10-16T19:45:00.000Z,352.11,354.46,351.5601,354.139,1476366
2025-10-17T13:30:00.000Z,349.61,350.97,344.5701,345.36,2582255
2025-10-17T13:45:00.000Z,345.365,350.49,344.57,349.39,1197786
2025-10-17T14:00:00.000Z,349.39,350,346.82,349.4275,685805
2025-10-17T14:15:00.000Z,349.52,350.04,346.2,347.12,1187227
2025-10-17T14:30:00.000Z,347.14,347.3599,344.28,345.64,823118
2025-10-17T14:45:00.000Z,345.6,346.35,342.88,343.76,576960
2025-10-17T15:00:00.000Z,343.74,345,343,343.227,531358
2025-10-17T15:15:00.000Z,343.21,344.12,341.6612,342.5,577335
2025-10-17T15:30:00.000Z,342.63,343.36,340.78,343.27,644910
2025-10-17T15:45:00.000Z,343.15,346.9,343,346.02,461894
2025-10-17T16:00:00.000Z,346.175,347.55,346.0301,347.09,1108930
2025-10-17T16:15:00.000Z,347.095,348.82,346.77,348.515,624693
2025-10-17T16:30:00.000Z,348.5,349.14,347.3,347.5783,306826
2025-10-17T16:45:00.000Z,347.61,348.93,346.84,347.63,228329
2025-10-17T17:00:00.000Z,347.61,347.9382,346.41,347.09,243886
2025-10-17T17:15:00.000Z,347.114,347.18,345.92,346.5465,213474
2025-10-17T17:30:00.000Z,346.41,347.4599,346.21,346.54,233339
2025-10-17T17:45:00.000Z,346.6,348.512,346.1,348.3966,380347
2025-10-17T18:00:00.000Z,348.42,349.0499,347.9171,348.91,260873
2025-10-17T18:15:00.000Z,348.79,350.35,348.75,350.15,587175
2025-10-17T18:30:00.000Z,350.15,350.8,349.74,349.826,366158
2025-10-17T18:45:00.000Z,349.91,350.31,349.13,349.3076,507354
2025-10-17T19:00:00.000Z,349.325,350.5,349.29,350.29,261568
2025-10-17T19:15:00.000Z,350.25,350.36,349.09,349.23,354386
2025-10-17T19:30:00.000Z,349.255,349.32,347.79,348.08,491689
2025-10-17T19:45:00.000Z,348.11,349.89,347.66,349.42,1154930
2025-10-20T13:30:00.000Z,353.8,356.59,353.25,353.502,1126262
2025-10-20T13:45:00.000Z,353.875,354.22,352.21,353.3,535171
2025-10-20T14:00:00.000Z,353.295,355.63,353,353.2,567169
2025-10-20T14:15:00.000Z,353.2,354.1999,352.6004,353.0061,367325
2025-10-20T14:30:00.000Z,353.14,353.45,352.11,352.64,367359
2025-10-20T14:45:00.000Z,352.58,354.3199,352.3739,352.3739,360512
2025-10-20T15:00:00.000Z,352.49,353.315,351.81,352.83,557587
2025-10-20T15:15:00.000Z,352.83,354.67,352.645,353.27,417715
2025-10-20T15:30:00.000Z,353.2957,353.33,351.0501,351.3,366323
2025-10-20T15:45:00.000Z,351.26,352.255,351,351.245,406139
2025-10-20T16:00:00.000Z,351.09,351.37,348.822,349.26,493470
2025-10-20T16:15:00.000Z,349.255,349.9299,348.8216,349.165,997852
2025-10-20T16:30:00.000Z,349.195,349.25,348,348.565,359191
2025-10-20T16:45:00.000Z,348.58,349.1996,348.1301,348.9071,262090
2025-10-20T17:00:00.000Z,348.87,350.06,348.6,349.91,250069
2025-10-20T17:15:00.000Z,349.95,350.85,349.9,350.59,296724
2025-10-20T17:30:00.000Z,350.52,351.5599,349.98,351.265,236257
2025-10-20T17:45:00.000Z,351.3418,351.3418,349.79,349.93,211436
2025-10-20T18:00:00.000Z,349.96,350.55,349.5201,350.48,197082
2025-10-20T18:15:00.000Z,350.515,350.655,349.77,349.815,229130
2025-10-20T18:30:00.000Z,349.905,350.4,349,349.36,384675
2025-10-20T18:45:00.000Z,349.39,349.65,348.78,349.33,236818
2025-10-20T19:00:00.000Z,349.33,349.49,348.7715,348.9585,248191
2025-10-20T19:15:00.000Z,348.96,348.96,347.97,348.5472,302506
2025-10-20T19:30:00.000Z,348.5,348.56,347.84,347.89,420825
2025-10-20T19:45:00.000Z,347.905,349.8,347.875,349.16,1112362
2025-10-21T13:30:00.000Z,350,351.1,345.1,345.495,999381
2025-10-21T13:45:00.000Z,345.49,345.7775,343.53,343.8,764513
2025-10-21T14:00:00.000Z,343.8,344.533,342.84,344.3003,639928
2025-10-21T14:15:00.000Z,344.3699,345.21,341.31,341.8238,932461
2025-10-21T14:30:00.000Z,341.84,342.7,341.4,342.2201,424893
2025-10-21T14:45:00.000Z,342.45,344.72,342.02,344.61,380216
2025-10-21T15:00:00.000Z,344.62,345.1,343.77,344.16,643246
2025-10-21T15:15:00.000Z,344.17,344.3899,343.5,343.91,216446
2025-10-21T15:30:00.000Z,343.975,344.33,342.74,343.13,550049
2025-10-21T15:45:00.000Z,343.1325,344.5,343.1325,344.26,226406
2025-10-21T16:00:00.000Z,344.08,345.22,344,345,250740
2025-10-21T16:15:00.000Z,344.9872,345.25,344.01,344.42,273350
2025-10-21T16:30:00.000Z,344.42,344.8185,343.71,344.0025,233718
2025-10-21T16:45:00.000Z,344,344.15,342.61,342.61,322320
2025-10-21T17:00:00.000Z,342.6,343.36,342.22,343.25,365599
2025-10-21T17:15:00.000Z,343.21,343.65,341.58,341.96,510081
2025-10-21T17:30:00.000Z,341.97,342.1768,341.39,341.7,282051
2025-10-21T17:45:00.000Z,341.73,342.335,341.56,342.14,352107
2025-10-21T18:00:00.000Z,342.09,342.38,341.84,342.185,250553
2025-10-21T18:15:00.000Z,342.13,342.5899,341.88,342.07,255256
2025-10-21T18:30:00.000Z,342.0751,342.37,341.5,342.105,296585
2025-10-21T18:45:00.000Z,342.1,342.3,341.83,342.256,153026
2025-10-21T19:00:00.000Z,342.22,342.44,341.94,341.9855,220359
2025-10-21T19:15:00.000Z,341.99,342.49,341.73,342.3142,584164
2025-10-21T19:30:00.000Z,342.32,342.325,341.68,341.8,340680
2025-10-21T19:45:00.000Z,341.85,343.44,341.48,342.73,1226366
2025-10-22T13:30:00.000Z,347.3,348.01,343.09,345.18,1018513
2025-10-22T13:45:00.000Z,345.13,346.54,344.8601,345.0976,607222
2025-10-22T14:00:00.000Z,345.46,345.98,342.73,342.79,464794
2025-10-22T14:15:00.000Z,342.73,343.15,339.2501,339.58,733517
2025-10-22T14:30:00.000Z,339.44,340.3131,338.68,339.0245,613912
2025-10-22T14:45:00.000Z,338.98,341.11,338.12,340.8767,531419
2025-10-22T15:00:00.000Z,340.885,341.03,339.13,339.96,370950
2025-10-22T15:15:00.000Z,340,340.2144,337.39,337.6855,385711
2025-10-22T15:30:00.000Z,337.56,339,337.2201,338.45,450255
2025-10-22T15:45:00.000Z,338.4658,340.07,338.45,339.495,382470
2025-10-22T16:00:00.000Z,339.42,340.5325,338.75,340.5,316896
2025-10-22T16:15:00.000Z,340.53,341.05,338.75,339.125,269693
2025-10-22T16:30:00.000Z,339.2,339.59,336.66,338.31,558873
2025-10-22T16:45:00.000Z,338.44,339.34,336.9,338.6046,648945
2025-10-22T17:00:00.000Z,338.44,339.04,337.39,337.51,328815
2025-10-22T17:15:00.000Z,337.515,337.64,336.2,337.365,373873
2025-10-22T17:30:00.000Z,337.31,337.8311,336.29,336.73,281794
2025-10-22T17:45:00.000Z,336.8,337.98,335.79,337.439,396674
2025-10-22T18:00:00.000Z,337.24,338.28,336.15,336.28,288053
2025-10-22T18:15:00.000Z,336.27,337.72,335.51,337.11,280570
2025-10-22T18:30:00.000Z,337.135,337.7999,336.5012,337.345,249814
2025-10-22T18:45:00.000Z,337.345,338.41,336.965,338.36,262227
2025-10-22T19:00:00.000Z,338.355,340.21,338.28,339.355,406663
2025-10-22T19:15:00.000Z,339.35,340,339.28,339.815,618511
2025-10-22T19:30:00.000Z,339.89,341.28,339.85,340.985,565637
2025-10-22T19:45:00.000Z,341.05,341.3,339.6108,340.53,1102397
2025-10-23T13:30:00.000Z,340.4,343.4602,340.4,343.38,834385
2025-10-23T13:45:00.000Z,343.45,345.5,343.43,345.49,591323
2025-10-23T14:00:00.000Z,345.49,346.01,344.09,345.43,465041
2025-10-23T14:15:00.000Z,345.37,345.9,344.09,345.225,386775
2025-10-23T14:30:00.000Z,345.29,346.19,344.4301,345.165,333686
2025-10-23T14:45:00.000Z,345.16,346.57,344.7,346.5,319016
2025-10-23T15:00:00.000Z,346.5,346.53,345.6,346.31,236634
2025-10-23T15:15:00.000Z,346.205,346.21,344.05,344.905,585714
2025-10-23T15:30:00.000Z,344.905,345.41,343.66,343.84,231360
2025-10-23T15:45:00.000Z,343.68,346,343.68,345.52,242213
2025-10-23T16:00:00.000Z,345.53,346.19,345.25,345.94,168488
2025-10-23T16:15:00.000Z,345.91,346.08,344.53,344.785,169026
2025-10-23T16:30:00.000Z,344.85,345.595,344.4442,345.425,367534
2025-10-23T16:45:00.000Z,345.435,345.55,344.4,344.565,122491
2025-10-23T17:00:00.000Z,344.64,344.82,343.39,344.325,246013
2025-10-23T17:15:00.000Z,344.34,344.51,343.23,343.48,153863
2025-10-23T17:30:00.000Z,343.44,345.273,343.39,344.92,170837
2025-10-23T17:45:00.000Z,344.92,345.15,344.68,344.75,129363
2025-10-23T18:00:00.000Z,344.7912,344.83,343.8901,344.33,189272
2025-10-23T18:15:00.000Z,344.33,344.35,343.8,344.18,178937
2025-10-23T18:30:00.000Z,344.18,344.888,343.95,344.76,236546
2025-10-23T18:45:00.000Z,344.76,345.62,344.53,345.47,252017
2025-10-23T19:00:00.000Z,345.5235,346.18,345.3101,345.61,316123
2025-10-23T19:15:00.000Z,345.61,345.9,345.2,345.57,399583
2025-10-23T19:30:00.000Z,345.57,345.63,344.77,344.82,296947
2025-10-23T19:45:00.000Z,344.815,345.44,344.1021,344.35,945292
2025-10-24T13:30:00.000Z,352.51,354.89,350.875,353.51,1542277
2025-10-24T13:45:00.000Z,353.61,354.46,352.35,353.83,674373
2025-10-24T14:00:00.000Z,353.83,354.17,352.9,353.85,598593
2025-10-24T14:15:00.000Z,353.825,353.87,352.67,352.924,413554
2025-10-24T14:30:00.000Z,352.86,353.96,352.1,353.58,428447
2025-10-24T14:45:00.000Z,353.53,353.7985,351.48,352.655,404022
2025-10-24T15:00:00.000Z,352.63,354.7399,352.4783,354.7,451470
2025-10-24T15:15:00.000Z,354.651,357.63,354.44,357.63,962109
2025-10-24T15:30:00.000Z,357.54,358.3,356.55,356.665,672990
2025-10-24T15:45:00.000Z,356.62,357.08,355.3125,356.325,367058
2025-10-24T16:00:00.000Z,356.24,357.7,356.2033,356.76,440135
2025-10-24T16:15:00.000Z,356.755,356.845,355.89,356.41,287340
2025-10-24T16:30:00.000Z,356.35,356.5499,355.55,356.1617,301839
2025-10-24T16:45:00.000Z,356.18,356.92,355.8025,356.35,249988
2025-10-24T17:00:00.000Z,356.3,356.65,355.2,355.3584,221090
2025-10-24T17:15:00.000Z,355.28,356.02,355,355.6967,196378
2025-10-24T17:30:00.000Z,355.685,355.99,355.23,355.615,202795
2025-10-24T17:45:00.000Z,355.605,355.8499,354.94,355.0701,211751
2025-10-24T18:00:00.000Z,355.12,355.13,354.6,354.925,260947
2025-10-24T18:15:00.000Z,354.88,355.36,354.7,355.15,272481
2025-10-24T18:30:00.000Z,355.14,355.6416,355.03,355.3098,251479
2025-10-24T18:45:00.000Z,355.37,355.46,354.94,355.1314,205047
2025-10-24T19:00:00.000Z,355.185,356.5,355.01,355.96,415056
2025-10-24T19:15:00.000Z,355.95,356.54,355.42,355.42,513671
2025-10-24T19:30:00.000Z,355.455,355.7199,355.03,355.11,548797
2025-10-24T19:45:00.000Z,355.0995,355.63,353.87,354.11,1368055
2025-10-27T13:30:00.000Z,361.54,362.75,360,360.83,1542147
2025-10-27T13:45:00.000Z,360.92,361.0895,355.6099,358.515,994590
2025-10-27T14:00:00.000Z,358.515,359.05,356.24,357.86,644324
2025-10-27T14:15:00.000Z,357.76,358,355.2501,356.54,577749
2025-10-27T14:30:00.000Z,356.41,357.8099,355.08,356.44,560100
2025-10-27T14:45:00.000Z,356.48,357.41,355.7,357.19,321735
2025-10-27T15:00:00.000Z,357.265,358.71,357.05,358.21,386581
2025-10-27T15:15:00.000Z,358.25,358.8,357.53,358.68,324460
2025-10-27T15:30:00.000Z,358.61,359.96,358.15,359.845,417025
2025-10-27T15:45:00.000Z,359.88,360,359.05,359.095,422870
2025-10-27T16:00:00.000Z,359.183,359.8,358.7,359.18,321024
2025-10-27T16:15:00.000Z,359.115,359.66,358.88,359.5426,295172
2025-10-27T16:30:00.000Z,359.53,360.24,359.2,359.6556,403524
2025-10-27T16:45:00.000Z,359.81,360.01,358.33,358.94,341110
2025-10-27T17:00:00.000Z,358.94,359.714,358.703,359.46,313056
2025-10-27T17:15:00.000Z,359.4,360.03,358.85,359.46,988441
2025-10-27T17:30:00.000Z,359.47,360.25,359,359.9252,408569
2025-10-27T17:45:00.000Z,359.93,361.1199,359.54,360.9442,536764
2025-10-27T18:00:00.000Z,360.91,361.44,360.46,361.21,412018
2025-10-27T18:15:00.000Z,361.205,361.47,360.93,361.31,366573
2025-10-27T18:30:00.000Z,361.31,361.7,360.17,360.52,445937
2025-10-27T18:45:00.000Z,360.54,361.89,360.39,361.795,348352
2025-10-27T19:00:00.000Z,361.71,361.97,361.3,361.4701,629421
2025-10-27T19:15:00.000Z,361.5,361.87,361.32,361.61,397068
2025-10-27T19:30:00.000Z,361.58,361.91,361.24,361.56,482522
2025-10-27T19:45:00.000Z,361.54,362.45,361.37,361.96,1785554
2025-10-28T13:30:00.000Z,362.62,366.69,362.53,366.56,1817992
2025-10-28T13:45:00.000Z,366.5275,367.15,363.82,365.5,796542
2025-10-28T14:00:00.000Z,365.59,367.4799,365.02,366.45,685611
2025-10-28T14:15:00.000Z,366.61,366.96,364.15,364.535,458604
2025-10-28T14:30:00.000Z,364.535,365.24,363.25,363.4669,397248
2025-10-28T14:45:00.000Z,363.455,364.58,363.12,364.555,254407
2025-10-28T15:00:00.000Z,364.48,365.12,363.33,363.86,240797
2025-10-28T15:15:00.000Z,363.81,364.17,363.23,363.96,221018
2025-10-28T15:30:00.000Z,363.9857,365.5899,362.7402,365.495,474700
2025-10-28T15:45:00.000Z,365.495,366.87,365.4,366.78,420989
2025-10-28T16:00:00.000Z,366.83,367.5,366.5,367.4,480266
2025-10-28T16:15:00.000Z,367.4488,367.48,366.6,366.9662,280300
2025-10-28T16:30:00.000Z,367.05,368.66,366.79,368.64,558866
2025-10-28T16:45:00.000Z,368.64,369.6199,368.0001,368.04,470453
2025-10-28T17:00:00.000Z,368.0808,369.78,367.68,369.7799,430988
2025-10-28T17:15:00.000Z,369.705,369.96,369,369.7,453492
2025-10-28T17:30:00.000Z,369.7,370.38,368.877,369.7925,570906
2025-10-28T17:45:00.000Z,369.78,371.2,369.78,371.0437,436981
2025-10-28T18:00:00.000Z,371.0975,371.2599,370.05,370.73,327653
2025-10-28T18:15:00.000Z,370.73,372,370.73,371.94,433403
2025-10-28T18:30:00.000Z,371.93,372.11,371,371.203,409297
2025-10-28T18:45:00.000Z,371.2001,371.63,370.9718,371.41,319466
2025-10-28T19:00:00.000Z,371.445,373.7695,371.4,373.7599,683330
2025-10-28T19:15:00.000Z,373.73,373.97,372.67,373.76,606667
2025-10-28T19:30:00.000Z,373.81,373.89,372.6,373.44,710232
2025-10-28T19:45:00.000Z,373.42,374.06,371.61,373,2158226
2025-10-29T13:30:00.000Z,373.19,379.37,373.19,376.17,2024821
2025-10-29T13:45:00.000Z,376.23,379.285,375.795,378.07,978353
2025-10-29T14:00:00.000Z,378.06,381,377.655,380.4502,1105977
2025-10-29T14:15:00.000Z,380.42,381.63,379.72,380.46,755413
2025-10-29T14:30:00.000Z,380.55,382.89,380.13,382.434,794882
2025-10-29T14:45:00.000Z,382.6985,383.0799,380.8,381.17,555012
2025-10-29T15:00:00.000Z,381.17,382.93,379.29,380.72,694147
2025-10-29T15:15:00.000Z,380.73,383.32,380.4501,382.9968,623245
2025-10-29T15:30:00.000Z,383.02,383.6299,381.4001,381.538,410417
2025-10-29T15:45:00.000Z,381.43,381.6799,380.3801,380.775,390368
2025-10-29T16:00:00.000Z,380.68,380.835,377.45,378.61,501025
2025-10-29T16:15:00.000Z,378.61,379.9299,378.41,379.71,454446
2025-10-29T16:30:00.000Z,379.73,380.8799,379.65,380.38,255042
2025-10-29T16:45:00.000Z,380.3,380.55,379.38,379.61,176725
2025-10-29T17:00:00.000Z,379.65,381.14,379.07,380.71,287657
2025-10-29T17:15:00.000Z,380.78,380.84,376.3,376.85,595864
2025-10-29T17:30:00.000Z,376.85,377.79,375.81,377.67,585958
2025-10-29T17:45:00.000Z,377.67,378.11,377.32,377.54,282302
2025-10-29T18:00:00.000Z,377.65,379.15,377.15,378.78,380859
2025-10-29T18:15:00.000Z,378.66,379.1933,377.185,378.0801,248485
2025-10-29T18:30:00.000Z,377.99,378.94,374.51,376.26,760808
2025-10-29T18:45:00.000Z,376.28,380.13,376,379.13,648890
2025-10-29T19:00:00.000Z,379.0901,381.3153,378.59,381.185,547584
2025-10-29T19:15:00.000Z,381.24,383.41,380.12,382.45,628426
2025-10-29T19:30:00.000Z,382.4,384.63,382.2,383.73,818099
2025-10-29T19:45:00.000Z,383.5,386.48,383.21,386.11,2587091
2025-10-30T13:30:00.000Z,386.4,386.4,371.7,374.4,2674603
2025-10-30T13:45:00.000Z,374.26,380.01,374.04,379.905,1549112
2025-10-30T14:00:00.000Z,379.905,381.8,376.65,378,1274140
2025-10-30T14:15:00.000Z,378.115,378.12,373.895,375.7,747170
2025-10-30T14:30:00.000Z,375.94,377.19,374.67,376.065,598626
2025-10-30T14:45:00.000Z,375.975,376.21,372.03,372.82,821764
2025-10-30T15:00:00.000Z,372.87,374.6,372.74,373.835,531122
2025-10-30T15:15:00.000Z,373.71,375.1999,373.27,375.1999,506391
2025-10-30T15:30:00.000Z,375.16,375.41,370.58,371.9522,549548
2025-10-30T15:45:00.000Z,371.95,372.5299,370.3601,370.5408,555050
2025-10-30T16:00:00.000Z,370.49,374.08,370.06,373.93,476999
2025-10-30T16:15:00.000Z,373.95,375.21,373.43,374.76,467910
2025-10-30T16:30:00.000Z,374.76,376.1,374.13,375.61,359404
2025-10-30T16:45:00.000Z,375.745,377.52,375.2087,376.83,435066
2025-10-30T17:00:00.000Z,376.87,377.7099,375.825,376.1,526168
2025-10-30T17:15:00.000Z,375.99,377.4199,375.42,375.75,938684
2025-10-30T17:30:00.000Z,375.66,378.98,375.03,378.8625,561280
2025-10-30T17:45:00.000Z,378.91,379.58,378.18,378.51,480104
2025-10-30T18:00:00.000Z,378.61,379,377.1,377.835,420653
2025-10-30T18:15:00.000Z,377.94,378.14,376.05,376.295,370362
2025-10-30T18:30:00.000Z,376.44,378.54,376.33,377.09,509113
2025-10-30T18:45:00.000Z,377.02,377.9999,376.87,377.45,328387
2025-10-30T19:00:00.000Z,377.385,377.4399,375.54,375.77,386623
2025-10-30T19:15:00.000Z,375.77,376.03,374.45,375.62,488083
2025-10-30T19:30:00.000Z,375.65,377.16,374.53,375.1508,506445
2025-10-30T19:45:00.000Z,375.14,377.875,374.8,376.45,2503843
2025-10-31T13:30:00.000Z,378.27,378.82,374.75,375.69,1120653
2025-10-31T13:45:00.000Z,375.74,376.5,372.62,374.27,651361
2025-10-31T14:00:00.000Z,374.26,375.38,372.41,373.0425,752715
2025-10-31T14:15:00.000Z,373.035,374.38,372.56,374.37,581879
2025-10-31T14:30:00.000Z,374.275,375.1,373.64,374.815,417464
2025-10-31T14:45:00.000Z,374.93,375.45,373.44,374.1377,518988
2025-10-31T15:00:00.000Z,374.18,376.14,373.975,376.09,558873
2025-10-31T15:15:00.000Z,376.1,376.38,374.36,374.58,322628
2025-10-31T15:30:00.000Z,374.54,375.02,372.25,373.225,421328
2025-10-31T15:45:00.000Z,373.225,373.82,371,371.57,549644
2025-10-31T16:00:00.000Z,371.53,372.25,369.26,370.1,548324
2025-10-31T16:15:00.000Z,370.01,370.22,368.5,368.53,429922
2025-10-31T16:30:00.000Z,368.56,368.91,365.55,365.81,693596
2025-10-31T16:45:00.000Z,365.81,367.98,365.41,367.31,458122
2025-10-31T17:00:00.000Z,367.33,367.41,365.6001,365.69,445657
2025-10-31T17:15:00.000Z,365.82,366.33,365.1,365.5677,476831
2025-10-31T17:30:00.000Z,365.63,367.085,365.3301,366.68,391990
2025-10-31T17:45:00.000Z,366.7,367.705,366.445,367.265,393198
2025-10-31T18:00:00.000Z,367.33,370.13,367.33,369.62,408037
2025-10-31T18:15:00.000Z,369.625,370.74,369.31,370.61,386566
2025-10-31T18:30:00.000Z,370.44,370.47,369.09,370.13,332332
2025-10-31T18:45:00.000Z,370.12,370.25,368.8217,370.235,287549
2025-10-31T19:00:00.000Z,370.23,371.07,370.16,370.95,385346
2025-10-31T19:15:00.000Z,370.925,372.56,370.6,372.385,472837
2025-10-31T19:30:00.000Z,372.385,372.79,371.235,371.53,526867
2025-10-31T19:45:00.000Z,371.5193,371.96,369.4,369.52,2057654
2025-11-03T14:30:00.000Z,372,374.85,365.6,367.16,1388648
2025-11-03T14:45:00.000Z,367.03,369,365.61,365.66,675428
2025-11-03T15:00:00.000Z,365.745,366.28,364.12,364.45,771067
2025-11-03T15:15:00.000Z,364.44,366.6185,363.85,366.44,638111
2025-11-03T15:30:00.000Z,366.4,366.47,364.71,366.3,358500
2025-11-03T15:45:00.000Z,366.3072,368.11,365.25,367.07,388681
2025-11-03T16:00:00.000Z,367.12,367.2288,365.68,366.1,359957
2025-11-03T16:15:00.000Z,366.03,366.93,365.15,365.36,381704
2025-11-03T16:30:00.000Z,365.4,366.43,365,365.97,287844
2025-11-03T16:45:00.000Z,366,367.55,365.58,366.769,281660
2025-11-03T17:00:00.000Z,366.85,366.85,365.16,365.66,324946
2025-11-03T17:15:00.000Z,365.665,365.85,364.2201,364.58,394992
2025-11-03T17:30:00.000Z,364.585,366.08,364.45,365.835,302410
2025-11-03T17:45:00.000Z,365.835,366.87,365.2101,365.275,304600
2025-11-03T18:00:00.000Z,365.25,365.5699,364.07,364.955,308074
2025-11-03T18:15:00.000Z,364.92,365.9199,364.54,365.49,261124
2025-11-03T18:30:00.000Z,365.49,365.9,364.73,364.9124,211867
2025-11-03T18:45:00.000Z,364.9408,365.178,364.41,364.7275,222635
2025-11-03T19:00:00.000Z,364.73,365.08,363.8,363.8,461300
2025-11-03T19:15:00.000Z,363.82,364.13,362.9,363.44,365382
2025-11-03T19:30:00.000Z,363.46,364.02,362.57,362.81,446322
2025-11-03T19:45:00.000Z,362.86,363.78,362.54,363.275,361629
2025-11-03T20:00:00.000Z,363.275,363.52,362.45,363.3278,375835
2025-11-03T20:15:00.000Z,363.35,363.64,362.67,362.685,347648
2025-11-03T20:30:00.000Z,362.7,363.575,362.35,362.81,480578
2025-11-03T20:45:00.000Z,362.82,363.24,361.98,362.55,1280677
2025-11-04T14:30:00.000Z,358.52,362,356.61,361.505,1663283
2025-11-04T14:45:00.000Z,361.455,366.1399,360.37,366.02,1118987
2025-11-04T15:00:00.000Z,365.9,367.94,364,365.69,1056935
2025-11-04T15:15:00.000Z,365.85,368.95,364.6,367.76,714843
2025-11-04T15:30:00.000Z,367.77,368.12,365.1,366.36,571376
2025-11-04T15:45:00.000Z,366.3165,366.3631,363.3,363.831,479378
2025-11-04T16:00:00.000Z,363.73,364.595,361.42,362.02,499858
2025-11-04T16:15:00.000Z,362.03,362.17,359,360.47,535437
2025-11-04T16:30:00.000Z,360.47,361.73,360.2188,360.6512,419699
2025-11-04T16:45:00.000Z,360.7,360.77,358.52,359.25,397319
2025-11-04T17:00:00.000Z,359.27,359.47,357.7,357.71,347617
2025-11-04T17:15:00.000Z,357.745,358.9999,356.88,358.18,390730
2025-11-04T17:30:00.000Z,358.18,358.82,357.6201,358.31,328405
2025-11-04T17:45:00.000Z,358.31,358.99,357.9001,358.6804,376914
2025-11-04T18:00:00.000Z,358.68,359.365,357.54,358.03,330336
2025-11-04T18:15:00.000Z,358.03,358.5965,357.3932,358.23,254824
2025-11-04T18:30:00.000Z,358.13,359.18,357.63,359.09,306178
2025-11-04T18:45:00.000Z,359.06,359.6999,358.37,358.62,354048
2025-11-04T19:00:00.000Z,358.63,358.68,357.28,357.715,343053
2025-11-04T19:15:00.000Z,357.62,358.04,356.75,356.92,371804
2025-11-04T19:30:00.000Z,356.96,357.4,354.13,354.47,568384
2025-11-04T19:45:00.000Z,354.48,354.55,353.01,354.0301,626217
2025-11-04T20:00:00.000Z,354.05,355.035,353.22,354.94,648208
2025-11-04T20:15:00.000Z,354.94,355.1599,353.5,354.6085,785260
2025-11-04T20:30:00.000Z,354.59,354.98,353.8201,354.05,616736
2025-11-04T20:45:00.000Z,354.095,354.31,351,352.35,2562632
2025-11-05T14:30:00.000Z,350.89,358.05,350.0913,355.77,1407687
2025-11-05T14:45:00.000Z,355.705,363.95,355.54,363.78,1017594
2025-11-05T15:00:00.000Z,363.71,364,359.6133,359.98,876717
2025-11-05T15:15:00.000Z,359.94,363.06,359.6185,362.33,524997
2025-11-05T15:30:00.000Z,362.4068,364.8699,362.24,363.98,716836
2025-11-05T15:45:00.000Z,364.01,364.6,362.1601,363.207,403169
2025-11-05T16:00:00.000Z,363.18,364.49,362.18,362.61,447715
2025-11-05T16:15:00.000Z,362.64,364.1199,361.64,363.745,557707
2025-11-05T16:30:00.000Z,363.64,364.0878,363.0145,364.01,302017
2025-11-05T16:45:00.000Z,363.96,364.4199,362.58,362.7,273121
2025-11-05T17:00:00.000Z,362.77,363.135,361.65,362.24,327582
2025-11-05T17:15:00.000Z,362.21,362.325,361.35,361.92,286679
2025-11-05T17:30:00.000Z,361.9,362.47,361.5806,362.34,217173
2025-11-05T17:45:00.000Z,362.33,362.82,361.24,361.74,211428
2025-11-05T18:00:00.000Z,361.74,362.24,361.36,361.7,177890
2025-11-05T18:15:00.000Z,361.65,362.6,361.31,362.55,245667
2025-11-05T18:30:00.000Z,362.545,362.9,361.92,362.86,233178
2025-11-05T18:45:00.000Z,362.83,362.9,361.94,362.115,227807
2025-11-05T19:00:00.000Z,362.105,362.18,361.0632,361.425,254428
2025-11-05T19:15:00.000Z,361.425,362.82,360.8,362.77,332195
2025-11-05T19:30:00.000Z,362.77,362.85,361.9002,361.935,219052
2025-11-05T19:45:00.000Z,361.9305,362.929,361.77,361.97,302528
2025-11-05T20:00:00.000Z,361.96,362.37,361,361.48,357937
2025-11-05T20:15:00.000Z,361.42,363.18,361.25,362.29,395272
2025-11-05T20:30:00.000Z,362.29,362.36,361.15,361.62,630623
2025-11-05T20:45:00.000Z,361.59,361.81,358.46,358.83,2026383
2025-11-06T14:30:00.000Z,360.11,363.5,357.87,359.17,1369606
2025-11-06T14:45:00.000Z,359.13,361.99,356.58,357.35,710243
2025-11-06T15:00:00.000Z,357.29,358.55,355.31,357.3116,631896
2025-11-06T15:15:00.000Z,357.36,361.49,356.779,360.09,547074
2025-11-06T15:30:00.000Z,360.135,361.2,354.23,354.3,641483
2025-11-06T15:45:00.000Z,354.51,355.8799,352.71,353,630287
2025-11-06T16:00:00.000Z,353,357.11,352.92,356.885,448402
2025-11-06T16:15:00.000Z,357.01,357.9099,355.76,357.815,466189
2025-11-06T16:30:00.000Z,357.815,357.815,355.6,356.265,527629
2025-11-06T16:45:00.000Z,356.1201,356.88,354.31,355.27,457152
2025-11-06T17:00:00.000Z,355.33,357.68,355.33,356.365,406360
2025-11-06T17:15:00.000Z,356.32,356.8638,355.02,356.22,328971
2025-11-06T17:30:00.000Z,356.24,357.82,355.58,357.34,304091
2025-11-06T17:45:00.000Z,357.365,359,357,357.885,280688
2025-11-06T18:00:00.000Z,357.885,358.49,353.8201,354.53,306048
2025-11-06T18:15:00.000Z,354.55,357.33,354.16,356.96,264963
2025-11-06T18:30:00.000Z,356.995,358.8499,356.96,358.535,278229
2025-11-06T18:45:00.000Z,358.5808,358.5983,356.35,356.7,212859
2025-11-06T19:00:00.000Z,356.7,359.85,356.65,359.35,302886
2025-11-06T19:15:00.000Z,359.375,360.1899,358.03,359.7385,367320
2025-11-06T19:30:00.000Z,359.745,360.8999,359,359.565,432291
2025-11-06T19:45:00.000Z,359.565,360.06,358.12,359.48,287179
2025-11-06T20:00:00.000Z,359.54,359.795,357.92,358.25,259054
2025-11-06T20:15:00.000Z,358.325,358.73,357.03,357.1946,325461
2025-11-06T20:30:00.000Z,357.28,357.74,355.93,356.115,438265
2025-11-06T20:45:00.000Z,356.17,356.3898,354.16,355.76,1947842
2025-11-07T14:30:00.000Z,354.185,354.5,344.2,348.66,1780274
2025-11-07T14:45:00.000Z,348.78,350.025,345.62,349.59,1148032
2025-11-07T15:00:00.000Z,349.59,349.73,344.6752,347.24,773272
2025-11-07T15:15:00.000Z,347.16,349.66,346.4,347.91,891107
2025-11-07T15:30:00.000Z,347.91,348.13,342.66,342.7,1049323
2025-11-07T15:45:00.000Z,342.69,343.99,341.8,342.07,677763
2025-11-07T16:00:00.000Z,342.15,343.23,339.4,340.03,842653
2025-11-07T16:15:00.000Z,339.94,341.86,338.93,339.65,804109
2025-11-07T16:30:00.000Z,339.6245,340.31,338.41,339.2405,613270
2025-11-07T16:45:00.000Z,339.38,339.72,337.42,338.543,540353
2025-11-07T17:00:00.000Z,338.525,339.52,337.27,339.365,521622
2025-11-07T17:15:00.000Z,339.31,342.32,339.1801,341.14,618786
2025-11-07T17:30:00.000Z,341.14,342.64,340.32,340.6,380111
2025-11-07T17:45:00.000Z,340.595,341.5,339.48,341.32,319717
2025-11-07T18:00:00.000Z,341.355,343.08,341.09,343.08,444823
2025-11-07T18:15:00.000Z,343.08,343.48,342.38,342.825,550947
2025-11-07T18:30:00.000Z,342.825,343.5011,341.62,341.985,649669
2025-11-07T18:45:00.000Z,342.04,342.6,340.33,341.95,427325
2025-11-07T19:00:00.000Z,342.03,342.45,341.31,341.7733,291168
2025-11-07T19:15:00.000Z,341.77,343.25,341.42,342.9663,434728
2025-11-07T19:30:00.000Z,342.97,346.54,342.8601,346.165,472308
2025-11-07T19:45:00.000Z,346.2,346.75,344.84,346.66,431410
2025-11-07T20:00:00.000Z,346.66,346.94,345.41,345.66,426647
2025-11-07T20:15:00.000Z,345.66,345.98,344.01,345.16,389029
2025-11-07T20:30:00.000Z,345.085,347.62,345.085,347.44,601469
2025-11-07T20:45:00.000Z,347.4,349.6,345.63,349.45,1502721
2025-11-10T14:30:00.000Z,357.9,359.75,355.69,357.18,1413620
2025-11-10T14:45:00.000Z,357.1101,357.51,354.67,356.415,621242
2025-11-10T15:00:00.000Z,356.28,357.51,355.9171,356.24,454347
2025-11-10T15:15:00.000Z,356.33,359.39,356.2432,357.78,422146
2025-11-10T15:30:00.000Z,357.73,360,357.73,359.1974,445413
2025-11-10T15:45:00.000Z,359.21,359.57,355.9402,356.24,376218
2025-11-10T16:00:00.000Z,356.15,356.75,354.8,355.405,424583
2025-11-10T16:15:00.000Z,355.35,355.79,354.61,355.07,284311
2025-11-10T16:30:00.000Z,355.07,356.73,354.86,355.775,242973
2025-11-10T16:45:00.000Z,355.89,356.0683,354.9,355.8386,193656
2025-11-10T17:00:00.000Z,355.81,357.5,355.75,356.0015,239067
2025-11-10T17:15:00.000Z,355.99,357.09,355.66,356.71,179131
2025-11-10T17:30:00.000Z,356.71,357.8499,356.71,357.5217,228953
2025-11-10T17:45:00.000Z,357.496,358.4899,357.44,358.26,198421
2025-11-10T18:00:00.000Z,358.23,358.56,358.01,358.26,194892
2025-11-10T18:15:00.000Z,358.27,358.9737,357.86,357.95,202503
2025-11-10T18:30:00.000Z,357.97,359.05,357.9031,358.2885,248805
2025-11-10T18:45:00.000Z,358.32,358.6181,357.06,357.21,203641
2025-11-10T19:00:00.000Z,357.21,357.68,356.48,357.414,212436
2025-11-10T19:15:00.000Z,357.44,358.59,357.39,358.32,264522
2025-11-10T19:30:00.000Z,358.34,359.15,358.22,359.14,395356
2025-11-10T19:45:00.000Z,359.15,359.53,358.58,358.71,361100
2025-11-10T20:00:00.000Z,358.73,359.59,358.7,359.415,463598
2025-11-10T20:15:00.000Z,359.4175,359.5,358.52,359.02,435492
2025-11-10T20:30:00.000Z,358.98,359.35,358.62,359.31,495505
2025-11-10T20:45:00.000Z,359.31,360,357.69,358.26,1632192
2025-11-11T14:30:00.000Z,358.97,361.885,355.64,356.36,1218281
2025-11-11T14:45:00.000Z,356.36,357.17,352.75,354.69,776515
2025-11-11T15:00:00.000Z,354.64,356.4199,354.08,355.178,403259
2025-11-11T15:15:00.000Z,355.15,355.15,351.65,352.125,537331
2025-11-11T15:30:00.000Z,351.97,353.295,350.4201,353.05,522671
2025-11-11T15:45:00.000Z,353.12,353.39,349.67,351.37,516707
2025-11-11T16:00:00.000Z,351.54,352.66,351.23,352.215,236795
2025-11-11T16:15:00.000Z,352.2,355.6,352.0056,353.32,383694
2025-11-11T16:30:00.000Z,353.37,354.9,352.6901,354.1394,179603
2025-11-11T16:45:00.000Z,354.25,354.86,353.93,354.21,154849
2025-11-11T17:00:00.000Z,354.165,356.19,354.165,355.59,262187
2025-11-11T17:15:00.000Z,355.586,356.74,355.19,355.51,240442
2025-11-11T17:30:00.000Z,355.525,356.63,355.5188,356.55,165204
2025-11-11T17:45:00.000Z,356.6,357.67,356.17,357.09,158503
2025-11-11T18:00:00.000Z,357.04,357.82,356.919,357.71,206511
2025-11-11T18:15:00.000Z,357.73,358.12,356.65,356.65,284402
2025-11-11T18:30:00.000Z,356.685,356.78,355.02,355.83,324908
2025-11-11T18:45:00.000Z,355.78,356.58,355.65,356.14,302041
2025-11-11T19:00:00.000Z,356.34,356.34,354.29,355.375,250558
2025-11-11T19:15:00.000Z,355.42,355.5,354.53,354.57,209408
2025-11-11T19:30:00.000Z,354.65,355.17,354.37,354.54,205781
2025-11-11T19:45:00.000Z,354.54,354.8944,353.83,354.04,199314
2025-11-11T20:00:00.000Z,354.11,354.765,354,354.591,183759
2025-11-11T20:15:00.000Z,354.57,354.675,353.21,353.42,310342
2025-11-11T20:30:00.000Z,353.4,353.98,352.84,353.445,391629
2025-11-11T20:45:00.000Z,353.42,354.16,351.27,352.06,1612766
2025-11-12T14:30:00.000Z,358.035,358.87,354.3,356,957149
2025-11-12T14:45:00.000Z,356.0325,357.74,352.1301,353.25,577744
2025-11-12T15:00:00.000Z,353.25,358.02,352.925,354.68,574680
2025-11-12T15:15:00.000Z,354.72,355.89,353.85,355.135,396766
2025-11-12T15:30:00.000Z,355.26,356.5,353.02,356.43,373647
2025-11-12T15:45:00.000Z,356.43,357.17,353.92,354.27,270463
2025-11-12T16:00:00.000Z,354.22,354.57,353.03,354.015,217334
2025-11-12T16:15:00.000Z,354.015,356.25,354,355.75,204772
2025-11-12T16:30:00.000Z,355.75,356.69,354.99,355.27,192793
2025-11-12T16:45:00.000Z,355.29,355.68,353.4,354.7,168688
2025-11-12T17:00:00.000Z,354.8088,355.58,354.27,355.22,139871
2025-11-12T17:15:00.000Z,355.32,355.64,353.49,353.82,176007
2025-11-12T17:30:00.000Z,353.78,355.19,353.6,354.1966,168239
2025-11-12T17:45:00.000Z,354.165,354.62,352.8,353.915,217025
2025-11-12T18:00:00.000Z,353.925,354.2,353.18,354.06,213122
2025-11-12T18:15:00.000Z,354.06,355.23,353.81,355.19,214966
2025-11-12T18:30:00.000Z,355.15,355.5825,354.655,355.03,215072
2025-11-12T18:45:00.000Z,355.03,355.57,354.425,355.175,152954
2025-11-12T19:00:00.000Z,355.2,355.58,354.55,354.73,182057
2025-11-12T19:15:00.000Z,354.73,354.8972,353.2501,353.715,282176
2025-11-12T19:30:00.000Z,353.715,353.83,352.58,353.0188,221023
2025-11-12T19:45:00.000Z,353.01,353.42,352.475,352.795,195406
2025-11-12T20:00:00.000Z,352.79,352.92,351.68,351.99,310187
2025-11-12T20:15:00.000Z,351.985,353.55,351.7401,353.2298,282755
2025-11-12T20:30:00.000Z,353.19,354.875,353.07,354.2593,365552
2025-11-12T20:45:00.000Z,354.225,355.82,353.72,355.37,1266277
2025-11-13T14:30:00.000Z,351.58,353.55,341.1,341.62,1452594
2025-11-13T14:45:00.000Z,341.66,345.065,341.5784,343.83,830014
2025-11-13T15:00:00.000Z,343.83,347.66,342.45,347.43,587999
2025-11-13T15:15:00.000Z,347.511,349.2,344.01,344.725,541025
2025-11-13T15:30:00.000Z,344.68,344.95,340.9,341.025,624358
2025-11-13T15:45:00.000Z,341.03,341.17,337.66,339.71,866334
2025-11-13T16:00:00.000Z,339.655,340.4,336.5301,337.165,875937
2025-11-13T16:15:00.000Z,337.23,337.99,334.64,335.03,1189942
2025-11-13T16:30:00.000Z,335.02,337.33,334.42,334.885,682935
2025-11-13T16:45:00.000Z,334.8825,337.2899,334.64,335.52,519526
2025-11-13T17:00:00.000Z,335.52,338.49,335.43,337.95,553789
2025-11-13T17:15:00.000Z,337.845,339.72,337.79,338.98,373088
2025-11-13T17:30:00.000Z,338.91,339.8999,338.33,339.175,359832
2025-11-13T17:45:00.000Z,339.17,339.74,337.6,338.015,331458
2025-11-13T18:00:00.000Z,338.16,338.48,337.1,338.2669,345047
2025-11-13T18:15:00.000Z,338.21,338.51,335.64,335.84,417751
2025-11-13T18:30:00.000Z,335.81,336.48,334.16,336.48,751918
2025-11-13T18:45:00.000Z,336.3845,336.93,334.9,336.175,555092
2025-11-13T19:00:00.000Z,336.2,336.49,334.86,335.215,620044
2025-11-13T19:15:00.000Z,335.245,337.92,334.9835,337.89,544272
2025-11-13T19:30:00.000Z,337.89,338.57,336.88,337.57,444737
2025-11-13T19:45:00.000Z,337.65,337.95,336,337.46,437924
2025-11-13T20:00:00.000Z,337.44,338.7,337.11,337.43,480015
2025-11-13T20:15:00.000Z,337.41,338.7,336.98,338.67,595207
2025-11-13T20:30:00.000Z,338.66,339.9,338.25,339.1275,670616
2025-11-13T20:45:00.000Z,339.07,340.07,336.5,340.06,1779333
2025-11-14T14:30:00.000Z,331.47,335.54,329.06,334.74,2229294
2025-11-14T14:45:00.000Z,334.71,339.61,334.63,338.125,1317152
2025-11-14T15:00:00.000Z,338.115,338.22,333.57,335.41,877668
2025-11-14T15:15:00.000Z,335.4,338.15,334.8,337.2,593428
2025-11-14T15:30:00.000Z,337.1,339.99,336.56,339.76,500523
2025-11-14T15:45:00.000Z,339.7,341.3,339.28,340.35,737290
2025-11-14T16:00:00.000Z,340.345,341.18,338.4437,339.845,466536
2025-11-14T16:15:00.000Z,339.8875,344.5999,339.7979,343.335,656576
2025-11-14T16:30:00.000Z,343.41,343.96,342.32,342.89,377733
2025-11-14T16:45:00.000Z,342.84,343.99,342.16,343.46,424553
2025-11-14T17:00:00.000Z,343.415,344.7299,342.92,344.1164,435316
2025-11-14T17:15:00.000Z,344.1,344.74,343.82,344.68,354858
2025-11-14T17:30:00.000Z,344.645,344.645,343.25,343.93,323624
2025-11-14T17:45:00.000Z,343.9,344.38,342.06,342.68,309023
2025-11-14T18:00:00.000Z,342.79,343.5295,341.34,343.35,238464
2025-11-14T18:15:00.000Z,343.3116,343.3499,341.64,342.445,204015
2025-11-14T18:30:00.000Z,342.39,342.86,341.08,341.235,189619
2025-11-14T18:45:00.000Z,341.13,343.6,341.12,342.8,1204917
2025-11-14T19:00:00.000Z,342.72,343,341.1,341.745,381569
2025-11-14T19:15:00.000Z,341.765,344,341.765,343.42,277881
2025-11-14T19:30:00.000Z,343.47,344.24,343,344.095,281348
2025-11-14T19:45:00.000Z,344.11,344.6799,343.3104,343.675,285207
2025-11-14T20:00:00.000Z,343.695,344.11,342.88,343.235,269212
2025-11-14T20:15:00.000Z,343.21,343.3,341.28,342.43,333154
2025-11-14T20:30:00.000Z,342.39,342.7,341.76,341.9884,311740
2025-11-14T20:45:00.000Z,341.97,342.66,341,342.65,1302250
2025-11-17T14:30:00.000Z,339.815,349.13,337.52,346.6701,1401494
2025-11-17T14:45:00.000Z,346.905,352.2,346.905,350.39,1051235
2025-11-17T15:00:00.000Z,350.395,350.54,345.24,347.3,564673
2025-11-17T15:15:00.000Z,347.36,347.95,345.0601,347.345,367270
2025-11-17T15:30:00.000Z,347.35,347.965,345.12,347.91,319466
2025-11-17T15:45:00.000Z,347.91,347.98,345.275,345.96,346367
2025-11-17T16:00:00.000Z,345.84,346.73,344,344.595,285987
2025-11-17T16:15:00.000Z,344.38,346.11,343.4,345.965,288871
2025-11-17T16:30:00.000Z,345.95,347.65,345.63,347.035,262489
2025-11-17T16:45:00.000Z,347.07,348.47,346.82,348.05,249795
2025-11-17T17:00:00.000Z,347.92,348.07,346.79,347.415,164756
2025-11-17T17:15:00.000Z,347.29,347.34,345.93,346.515,158602
2025-11-17T17:30:00.000Z,346.57,347.06,345.59,345.76,205903
2025-11-17T17:45:00.000Z,345.76,345.845,343.8401,343.995,195526
2025-11-17T18:00:00.000Z,344.04,344.13,343.16,343.77,212473
2025-11-17T18:15:00.000Z,343.72,344.6,343.58,344.015,198501
2025-11-17T18:30:00.000Z,344.0034,345.35,343.49,345.275,202654
2025-11-17T18:45:00.000Z,345.275,346.5,342.82,343.28,255963
2025-11-17T19:00:00.000Z,343.24,343.82,342.24,342.76,254410
2025-11-17T19:15:00.000Z,342.8,342.94,341,342.09,393916
2025-11-17T19:30:00.000Z,342.04,342.59,340.54,341.85,255607
2025-11-17T19:45:00.000Z,341.9265,342.07,340.19,340.235,303128
2025-11-17T20:00:00.000Z,340.18,341.22,339.65,339.7047,397250
2025-11-17T20:15:00.000Z,339.75,341.1548,339.32,340.28,491324
2025-11-17T20:30:00.000Z,340.285,340.85,339.39,340.025,486211
2025-11-17T20:45:00.000Z,340.04,343,339.8444,342.69,1071754
2025-11-18T14:30:00.000Z,343.2,346.44,341.225,342.44,1502301
2025-11-18T14:45:00.000Z,342.58,344.4,339.0592,339.4,996809
2025-11-18T15:00:00.000Z,339.31,339.8,335.55,338.095,1184247
2025-11-18T15:15:00.000Z,338,340.82,335.51,339.49,616634
2025-11-18T15:30:00.000Z,339.54,340.9116,337.53,338.94,480319
2025-11-18T15:45:00.000Z,338.84,340.9799,337.83,339.24,401185
2025-11-18T16:00:00.000Z,339.24,341.48,336.9,340.475,563740
2025-11-18T16:15:00.000Z,340.51,344.17,339.2801,343.8,655822
2025-11-18T16:30:00.000Z,343.815,344.94,343.23,344.78,525082
2025-11-18T16:45:00.000Z,344.92,345.69,343.6,345.07,564766
2025-11-18T17:00:00.000Z,345.01,346.65,344.66,345.47,786725
2025-11-18T17:15:00.000Z,345.48,346.21,343.02,343.66,443818
2025-11-18T17:30:00.000Z,343.6325,346.77,342.76,346.63,389830
2025-11-18T17:45:00.000Z,346.62,347.97,345.03,347.1119,444087
2025-11-18T18:00:00.000Z,347.07,347.51,346.4,346.555,775121
2025-11-18T18:15:00.000Z,346.61,346.95,345.475,345.5151,420672
2025-11-18T18:30:00.000Z,345.515,347,344.925,346.23,568912
2025-11-18T18:45:00.000Z,346.265,347.03,344.38,344.99,477154
2025-11-18T19:00:00.000Z,345.01,346.73,344.9275,345.16,312483
2025-11-18T19:15:00.000Z,345.22,345.37,343.32,344.34,455541
2025-11-18T19:30:00.000Z,344.35,346,343.75,344.28,321592
2025-11-18T19:45:00.000Z,344.28,345.45,344,344.68,421758
2025-11-18T20:00:00.000Z,344.58,345.14,342.51,342.95,350885
2025-11-18T20:15:00.000Z,342.94,343.62,341.08,342.045,245128
2025-11-18T20:30:00.000Z,342.05,342.39,340.62,341,602913
2025-11-18T20:45:00.000Z,341.03,341.56,339.4,340.5,1988014
2025-11-19T14:30:00.000Z,340.705,345.59,337.8,345.4,1171479
2025-11-19T14:45:00.000Z,345.0401,356.72,344.83,355.965,1884487
2025-11-19T15:00:00.000Z,355.98,359.69,354.89,355.41,1600407
2025-11-19T15:15:00.000Z,355.415,358.93,355.415,357.808,1024907
2025-11-19T15:30:00.000Z,357.88,358.295,356.2901,356.89,546214
2025-11-19T15:45:00.000Z,356.81,357.18,352.12,352.805,620660
2025-11-19T16:00:00.000Z,352.72,353.32,350,350.21,555001
2025-11-19T16:15:00.000Z,350.22,352.225,349.19,350.51,524127
2025-11-19T16:30:00.000Z,350.65,351.5,349.0101,350.96,397208
2025-11-19T16:45:00.000Z,350.875,351.73,349.85,351.4135,279362
2025-11-19T17:00:00.000Z,351.31,351.31,347.12,347.765,666232
2025-11-19T17:15:00.000Z,347.75,348.8,347.1,348.205,504482
2025-11-19T17:30:00.000Z,348.205,348.7,345.59,347.955,558928
2025-11-19T17:45:00.000Z,347.955,349.93,346.8,349.44,306360
2025-11-19T18:00:00.000Z,349.4,350.37,348.53,349.61,299881
2025-11-19T18:15:00.000Z,349.58,349.755,347.73,347.785,440339
2025-11-19T18:30:00.000Z,347.74,350,347.455,348.587,256863
2025-11-19T18:45:00.000Z,348.6089,349.7,347.4256,349.325,248794
2025-11-19T19:00:00.000Z,349.45,349.855,348.2,349.769,282999
2025-11-19T19:15:00.000Z,349.83,350.2999,348.94,349.7,323581
2025-11-19T19:30:00.000Z,349.64,350.76,349.53,350.723,319653
2025-11-19T19:45:00.000Z,350.76,353,350.59,351.93,689677
2025-11-19T20:00:00.000Z,351.89,353.4,351.67,353.265,344633
2025-11-19T20:15:00.000Z,353.29,355.6,353.285,354.32,578399
2025-11-19T20:30:00.000Z,354.32,356.1,354.01,354.975,791595
2025-11-19T20:45:00.000Z,355.01,355.98,353.56,354.43,1759858
2025-11-20T14:30:00.000Z,366,371.44,365.54,368.93,2598423
2025-11-20T14:45:00.000Z,368.99,374.9,367.59,374.818,1688269
2025-11-20T15:00:00.000Z,374.66,375.36,370,371.2855,1221297
2025-11-20T15:15:00.000Z,371.18,372.6,369.99,372.19,725214
2025-11-20T15:30:00.000Z,372.24,375.67,371.98,375.375,1093539
2025-11-20T15:45:00.000Z,375.43,376.08,373.71,374.1,867618
2025-11-20T16:00:00.000Z,374.1,374.58,369.26,369.43,897989
2025-11-20T16:15:00.000Z,369.43,369.72,365.8902,366.79,1079422
2025-11-20T16:30:00.000Z,366.83,367.5,361.4,361.74,905739
2025-11-20T16:45:00.000Z,361.62,363.37,357.3,358.35,980541
2025-11-20T17:00:00.000Z,358.25,360.95,353.99,355.2376,952709
2025-11-20T17:15:00.000Z,355.11,356.47,352.62,354.869,668357
2025-11-20T17:30:00.000Z,354.75,356.59,352.23,353.625,687282
2025-11-20T17:45:00.000Z,353.63,356.35,352.11,355.27,659922
2025-11-20T18:00:00.000Z,355.39,360.3,354.51,359.985,912768
2025-11-20T18:15:00.000Z,360.06,360.12,357,358.01,540930
2025-11-20T18:30:00.000Z,357.92,358.52,353.23,353.41,441427
2025-11-20T18:45:00.000Z,353.44,353.44,350.15,350.96,641672
2025-11-20T19:00:00.000Z,351.02,351.5625,348.92,350.38,696966
2025-11-20T19:15:00.000Z,350.38,352.9,349.635,352.2975,509512
2025-11-20T19:30:00.000Z,352.295,352.68,350.68,351.785,514286
2025-11-20T19:45:00.000Z,351.735,353.2999,350.16,353,342054
2025-11-20T20:00:00.000Z,352.94,352.94,348.6,349.22,463603
2025-11-20T20:15:00.000Z,349.24,350.2299,348.41,349.5035,508250
2025-11-20T20:30:00.000Z,349.435,349.758,345.87,345.95,988573
2025-11-20T20:45:00.000Z,345.895,347.44,345.18,347.07,1995283
2025-11-21T14:30:00.000Z,345.155,347.81,341.88,344.4,2583082
2025-11-21T14:45:00.000Z,344.52,348.6,342.57,344.85,1475426
2025-11-21T15:00:00.000Z,345.27,346.15,337.8,338.52,1870490
2025-11-21T15:15:00.000Z,338.52,341.68,335.01,335.2101,1099568
2025-11-21T15:30:00.000Z,335.21,336.95,331.8,336.24,1409292
2025-11-21T15:45:00.000Z,336.24,337.86,334.125,336.56,808998
2025-11-21T16:00:00.000Z,336.4468,337.53,334.28,336.96,645259
2025-11-21T16:15:00.000Z,336.965,338.43,333.92,338.31,614030
2025-11-21T16:30:00.000Z,338.31,340.6791,337.81,339.96,639424
2025-11-21T16:45:00.000Z,339.96,343.72,338.8,343.53,741150
2025-11-21T17:00:00.000Z,343.56,344.3199,342.17,343.5828,543503
2025-11-21T17:15:00.000Z,343.65,344.17,342.1,342.96,380368
2025-11-21T17:30:00.000Z,342.99,343.77,341.81,343.29,362028
2025-11-21T17:45:00.000Z,343.27,343.72,341.53,342.11,357072
2025-11-21T18:00:00.000Z,342.1,342.57,338.94,339.455,347741
2025-11-21T18:15:00.000Z,339.455,340.53,338.44,339.82,335022
2025-11-21T18:30:00.000Z,339.77,343.6,339.36,343.415,900397
2025-11-21T18:45:00.000Z,343.415,347,342.88,345.94,741181
2025-11-21T19:00:00.000Z,345.93,347,345.76,346.235,451736
2025-11-21T19:15:00.000Z,346.235,347.11,345.62,346.74,953107
2025-11-21T19:30:00.000Z,346.765,346.91,344.44,344.55,462891
2025-11-21T19:45:00.000Z,344.6,344.765,341.71,342.41,984554
2025-11-21T20:00:00.000Z,342.33,343.94,341.855,343.845,1111548
2025-11-21T20:15:00.000Z,343.845,344.0899,341.635,341.635,702245
2025-11-21T20:30:00.000Z,341.59,342.37,340.13,341.35,930144
2025-11-21T20:45:00.000Z,341.36,342.86,339.34,340.045,2285916
2025-11-24T14:30:00.000Z,347.73,364.32,347.66,363.59,3519659
2025-11-24T14:45:00.000Z,363.54,367.15,360.85,363.7,2817742
2025-11-24T15:00:00.000Z,363.69,368.34,362.6601,363.97,1521611
2025-11-24T15:15:00.000Z,364.065,367.6,362.63,367.3225,953499
2025-11-24T15:30:00.000Z,367.345,370.49,365.9,369.585,1286233
2025-11-24T15:45:00.000Z,369.5,371.81,368.8,371.8,1130193
2025-11-24T16:00:00.000Z,371.72,374.47,371.72,373.65,1422300
2025-11-24T16:15:00.000Z,373.71,374.8,372.25,372.99,953513
2025-11-24T16:30:00.000Z,372.9,374.04,372.0401,373.56,717875
2025-11-24T16:45:00.000Z,373.52,373.69,370.81,371.1753,711358
2025-11-24T17:00:00.000Z,371.16,371.62,370.21,370.72,542576
2025-11-24T17:15:00.000Z,370.64,372.35,370.5,372.01,553734
2025-11-24T17:30:00.000Z,371.99,374,371.975,373.94,741171
2025-11-24T17:45:00.000Z,373.85,374.515,373.5,373.68,774355
2025-11-24T18:00:00.000Z,373.69,374.76,373.5,374.62,494689
2025-11-24T18:15:00.000Z,374.6,375.59,373.58,375.25,733485
2025-11-24T18:30:00.000Z,375.3,375.88,374.71,374.845,596985
2025-11-24T18:45:00.000Z,374.8,375.7199,374.26,374.57,567878
2025-11-24T19:00:00.000Z,374.55,375.7,373.7701,375.475,759438
2025-11-24T19:15:00.000Z,375.5,376.69,375.01,375.73,958057
2025-11-24T19:30:00.000Z,375.73,376.66,374.2301,376.5512,777967
2025-11-24T19:45:00.000Z,376.52,377.27,375.48,375.665,875903
2025-11-24T20:00:00.000Z,375.67,376.94,374.68,374.8,903946
2025-11-24T20:15:00.000Z,374.81,378.32,374.45,378.08,1575374
2025-11-24T20:30:00.000Z,378.06,379.78,377.6401,379.615,1055376
2025-11-24T20:45:00.000Z,379.63,382,377.08,377.7,3452433
2025-11-25T14:30:00.000Z,384.93,385.8,375.53,375.8,4209553
2025-11-25T14:45:00.000Z,375.53,380.16,372.39,379.905,2594817
2025-11-25T15:00:00.000Z,379.83,381.23,374.33,375.04,2264439
2025-11-25T15:15:00.000Z,375.21,379.75,374.82,379.0062,1141998
2025-11-25T15:30:00.000Z,379,379.95,375.895,377.89,864447
2025-11-25T15:45:00.000Z,377.89,378.54,373,374.99,967204
2025-11-25T16:00:00.000Z,374.92,375,371.75,373.2787,1043426
2025-11-25T16:15:00.000Z,373.12,376.3063,372.08,375.0326,716143
2025-11-25T16:30:00.000Z,375.05,377.37,373.98,376.26,530715
2025-11-25T16:45:00.000Z,376.2448,377.6499,375.2,376.425,592715
2025-11-25T17:00:00.000Z,376.416,378.62,376.0401,378.455,704845
2025-11-25T17:15:00.000Z,378.455,380.43,377.92,379.195,1136880
2025-11-25T17:30:00.000Z,379.195,383.94,379.17,382.805,905146
2025-11-25T17:45:00.000Z,382.805,383.1,381.03,381.495,484537
2025-11-25T18:00:00.000Z,381.52,382.44,380.88,381.3,459177
2025-11-25T18:15:00.000Z,381.25,382.08,380.87,381.74,438630
2025-11-25T18:30:00.000Z,381.79,382.4298,381.44,381.89,398833
2025-11-25T18:45:00.000Z,381.885,384.8783,381.885,384.07,840437
2025-11-25T19:00:00.000Z,384.06,384.82,382.5947,383.615,634143
2025-11-25T19:15:00.000Z,383.65,383.9,382.6,383.12,413387
2025-11-25T19:30:00.000Z,383.23,383.88,382.67,383.74,744882
2025-11-25T19:45:00.000Z,383.71,386.5,383.3927,386.05,840102
2025-11-25T20:00:00.000Z,386.05,387.1799,383.5,383.66,964787
2025-11-25T20:15:00.000Z,383.67,385.085,383.38,384.525,659366
2025-11-25T20:30:00.000Z,384.54,385.96,384.5,385.74,592589
2025-11-25T20:45:00.000Z,385.8,388.13,385,385.1,1843377
2025-11-26T14:30:00.000Z,385.55,388.88,383.26,386.05,2865477
2025-11-26T14:45:00.000Z,386.06,393.09,385.88,389.852,1887451
2025-11-26T15:00:00.000Z,389.75,391.35,388.31,388.8801,875239
2025-11-26T15:15:00.000Z,388.88,390.3107,387.25,388.33,689292
2025-11-26T15:30:00.000Z,388.33,393.75,388.22,391.86,1063390
2025-11-26T15:45:00.000Z,391.76,392.89,390.02,392.455,996066
2025-11-26T16:00:00.000Z,392.4135,395.01,392.2,393.335,1055585
2025-11-26T16:15:00.000Z,393.32,394.74,392.8,393.91,822584
2025-11-26T16:30:00.000Z,393.96,395.4,393.5001,394.53,684292
2025-11-26T16:45:00.000Z,394.55,395.85,393.68,395.32,589901
2025-11-26T17:00:00.000Z,395.4,395.96,393.8,394.775,537991
2025-11-26T17:15:00.000Z,394.775,397.1999,394.31,396.95,712616
2025-11-26T17:30:00.000Z,397.015,398.91,396.68,398.76,720376
2025-11-26T17:45:00.000Z,398.7503,398.765,395.3,395.605,770835
2025-11-26T18:00:00.000Z,395.6286,397.69,395.5599,396.11,548923
2025-11-26T18:15:00.000Z,396.175,397.2,396.03,396.3,407053
2025-11-26T18:30:00.000Z,396.31,396.4702,395.1,395.27,504381
2025-11-26T18:45:00.000Z,395.24,396.91,395.1322,396.63,329491
2025-11-26T19:00:00.000Z,396.66,397.23,395.095,397.135,482266
2025-11-26T19:15:00.000Z,397.135,398.34,396.9,398.32,543266
2025-11-26T19:30:00.000Z,398.34,398.59,397.53,397.78,1474281
2025-11-26T19:45:00.000Z,397.78,398.67,397.71,398.435,399082
2025-11-26T20:00:00.000Z,398.46,399.49,398.24,399.43,628193
2025-11-26T20:15:00.000Z,399.4155,399.87,399.13,399.425,683938
2025-11-26T20:30:00.000Z,399.45,399.6199,398.32,398.88,703626
2025-11-26T20:45:00.000Z,398.88,398.97,396.89,397.25,1788420
2025-11-28T14:30:00.000Z,399.35,402.625,397.16,398.79,2135728
2025-11-28T14:45:00.000Z,398.72,401.53,397.58,400.48,1083380
2025-11-28T15:00:00.000Z,400.4,401.8999,399.4,401.43,756271
2025-11-28T15:15:00.000Z,401.42,401.6882,398.3,398.9,712496
2025-11-28T15:30:00.000Z,398.82,400.29,398.21,399.47,536073
2025-11-28T15:45:00.000Z,399.475,400.79,399.08,400.14,536908
2025-11-28T16:00:00.000Z,400.14,400.85,398.81,400.0507,505587
2025-11-28T16:15:00.000Z,400.05,400.96,399.23,399.91,481415
2025-11-28T16:30:00.000Z,399.86,400.61,399.5,400.0101,313593
2025-11-28T16:45:00.000Z,400.09,400.546,399.705,400.15,346642
2025-11-28T17:00:00.000Z,400.125,401.715,399.56,401.15,526610
2025-11-28T17:15:00.000Z,401.1501,401.47,400.37,400.375,316555
2025-11-28T17:30:00.000Z,400.36,400.6299,399.7,400.18,591214
2025-11-28T17:45:00.000Z,400.2,403,398.98,402.95,1723607
2025-11-28T18:00:00.000Z,402.96,402.96,402.96,402.96,1923719
2025-12-01T14:30:00.000Z,394.85,395.42,385.63,387.45,2521853
2025-12-01T14:45:00.000Z,387.48,390.6,386.05,387.85,1480034
2025-12-01T15:00:00.000Z,387.85,391.74,386.965,390.09,1482792
2025-12-01T15:15:00.000Z,390.08,392.31,389.52,391.1,665153
2025-12-01T15:30:00.000Z,391.0546,392.98,389.2,391.8116,559336
2025-12-01T15:45:00.000Z,391.95,392.8791,390.63,392.7,464861
2025-12-01T16:00:00.000Z,392.75,392.8396,390.875,391.4922,421722
2025-12-01T16:15:00.000Z,391.44,392.97,390.78,392.03,391752
2025-12-01T16:30:00.000Z,392,392.15,390.5,390.8937,389621
2025-12-01T16:45:00.000Z,390.895,392.01,390.59,391.625,387815
2025-12-01T17:00:00.000Z,391.68,392.5,390.88,391.53,400839
2025-12-01T17:15:00.000Z,391.6,393.29,391.08,392.25,454422
2025-12-01T17:30:00.000Z,392.25,392.725,392.01,392.71,326757
2025-12-01T17:45:00.000Z,392.71,393.37,390.67,390.775,402502
2025-12-01T18:00:00.000Z,390.7875,392.5869,390.14,392.23,543877
2025-12-01T18:15:00.000Z,392.2,392.22,390.7701,391.215,364775
2025-12-01T18:30:00.000Z,391.215,391.437,390.235,390.58,311106
2025-12-01T18:45:00.000Z,390.6,390.74,389.84,390.2,408325
2025-12-01T19:00:00.000Z,390.19,390.28,388.97,389.3962,469060
2025-12-01T19:15:00.000Z,389.41,389.41,386.7,387.24,656055
2025-12-01T19:30:00.000Z,387.24,387.95,386.571,386.6522,482285
2025-12-01T19:45:00.000Z,386.645,387.9,386.2801,386.53,425868
2025-12-01T20:00:00.000Z,386.545,387.32,386.38,387.17,517427
2025-12-01T20:15:00.000Z,387.15,387.4586,385.1,385.465,704159
2025-12-01T20:30:00.000Z,385.49,386.4,385.15,386,615811
2025-12-01T20:45:00.000Z,385.99,387.14,385.32,386.07,2039335
2025-12-02T14:30:00.000Z,388.31,392.92,384.44,391.41,1898008
2025-12-02T14:45:00.000Z,391.43,393.5,390.39,390.755,905749
2025-12-02T15:00:00.000Z,390.755,392.03,388.5949,389.57,755208
2025-12-02T15:15:00.000Z,389.57,390.2499,388,388.58,612834
2025-12-02T15:30:00.000Z,388.63,389,385.91,388.29,695469
2025-12-02T15:45:00.000Z,388.325,388.325,385.3,385.79,537172
2025-12-02T16:00:00.000Z,385.82,385.89,382.85,384.06,854697
2025-12-02T16:15:00.000Z,384.08,384.76,381.13,382.16,1180911
2025-12-02T16:30:00.000Z,382.14,384.55,380.5,382.8,781220
2025-12-02T16:45:00.000Z,382.81,384.91,382.74,384.295,395463
2025-12-02T17:00:00.000Z,384.25,385,383.0801,383.815,320739
2025-12-02T17:15:00.000Z,383.89,385,383.16,383.74,349783
2025-12-02T17:30:00.000Z,383.765,384.2399,383.32,383.945,341635
2025-12-02T17:45:00.000Z,383.93,384.22,381.32,381.34,449150
2025-12-02T18:00:00.000Z,381.3,382.641,381,382.61,495735
2025-12-02T18:15:00.000Z,382.56,383.26,382.08,382.7,277063
2025-12-02T18:30:00.000Z,382.7,383.23,381.37,381.93,329565
2025-12-02T18:45:00.000Z,381.87,382.5155,381.23,381.97,365038
2025-12-02T19:00:00.000Z,381.89,382.66,381.67,382.6325,428436
2025-12-02T19:15:00.000Z,382.6737,382.74,381.57,382.07,265702
2025-12-02T19:30:00.000Z,382.03,382.715,381.79,382.01,321277
2025-12-02T19:45:00.000Z,382.01,382.74,381.8,382.385,408385
2025-12-02T20:00:00.000Z,382.26,382.44,381.1,381.269,338415
2025-12-02T20:15:00.000Z,381.305,382,380.75,381.7542,507291
2025-12-02T20:30:00.000Z,381.74,382.18,380.87,381.47,606524
2025-12-02T20:45:00.000Z,381.51,381.83,379.79,381.47,1978178
2025-12-03T14:30:00.000Z,380,380.545,370.65,371.0085,1894975
2025-12-03T14:45:00.000Z,370.935,374.17,370.65,373.783,892677
2025-12-03T15:00:00.000Z,373.86,376.33,373.49,375.53,829323
2025-12-03T15:15:00.000Z,375.56,377.39,375.12,375.58,652411
2025-12-03T15:30:00.000Z,375.58,379.06,375.05,378.785,676575
2025-12-03T15:45:00.000Z,378.8025,378.88,375.421,376.12,527537
2025-12-03T16:00:00.000Z,376.16,377,375.03,375.29,339371
2025-12-03T16:15:00.000Z,375.3,376.4599,374.58,375.09,578155
2025-12-03T16:30:00.000Z,375.14,375.9299,374.89,375.47,352341
2025-12-03T16:45:00.000Z,375.59,375.65,373.56,374.8987,348579
2025-12-03T17:00:00.000Z,374.85,376.635,374.72,376.31,356348
2025-12-03T17:15:00.000Z,376.25,376.84,375.78,376.43,236401
2025-12-03T17:30:00.000Z,376.43,378.055,376.13,378.004,269228
2025-12-03T17:45:00.000Z,378.0207,378.37,377.52,377.73,248446
2025-12-03T18:00:00.000Z,377.725,377.83,377.096,377.47,445730
2025-12-03T18:15:00.000Z,377.47,377.55,376.34,376.395,267774
2025-12-03T18:30:00.000Z,376.42,377.35,376.37,377.095,284283
2025-12-03T18:45:00.000Z,377.095,378.25,376.75,377.63,349688
2025-12-03T19:00:00.000Z,377.6,378.62,377.07,378.506,315168
2025-12-03T19:15:00.000Z,378.57,378.88,378.265,378.73,290175
2025-12-03T19:30:00.000Z,378.71,380.24,378.67,379.875,384113
2025-12-03T19:45:00.000Z,379.91,379.91,379.2501,379.61,268978
2025-12-03T20:00:00.000Z,379.65,381.04,378.8122,380.955,546775
2025-12-03T20:15:00.000Z,380.98,382.3,380.85,381.635,614583
2025-12-03T20:30:00.000Z,381.62,381.62,380.135,380.87,621639
2025-12-03T20:45:00.000Z,380.84,381.28,379.26,380.62,1496587
2025-12-04T14:30:00.000Z,380.68,380.68,376.53,378.915,1176268
2025-12-04T14:45:00.000Z,378.85,382.95,378.82,380.25,836952
2025-12-04T15:00:00.000Z,380.24,381.85,379.62,381.16,484836
2025-12-04T15:15:00.000Z,381.155,382.22,380.6415,381.695,436554
2025-12-04T15:30:00.000Z,381.67,382.62,380.26,382.2775,402896
2025-12-04T15:45:00.000Z,382.275,382.68,381.17,381.2675,355704
2025-12-04T16:00:00.000Z,381.265,382.22,379.04,381.61,544113
2025-12-04T16:15:00.000Z,381.66,383.7594,381.31,382.34,398547
2025-12-04T16:30:00.000Z,382.33,382.59,380.84,380.95,303944
2025-12-04T16:45:00.000Z,381.0325,383.4227,381.02,382.94,293609
2025-12-04T17:00:00.000Z,382.9425,383.89,381.435,382.36,584070
2025-12-04T17:15:00.000Z,382.4,382.4582,380.97,381.315,241769
2025-12-04T17:30:00.000Z,381.37,382.78,381.065,382.615,228688
2025-12-04T17:45:00.000Z,382.6,382.67,381.62,382,144693
2025-12-04T18:00:00.000Z,382,382.26,381.1,381.61,207634
2025-12-04T18:15:00.000Z,381.65,382,380.6375,381.4277,244427
2025-12-04T18:30:00.000Z,381.41,381.75,380.69,380.805,157150
2025-12-04T18:45:00.000Z,380.85,381.02,380.42,380.82,151747
2025-12-04T19:00:00.000Z,380.83,382.2487,380.52,381.76,277896
2025-12-04T19:15:00.000Z,381.8,381.8,379.25,380.665,279609
2025-12-04T19:30:00.000Z,380.61,381.725,380.16,381.3348,256564
2025-12-04T19:45:00.000Z,381.25,381.4,380.38,380.7899,220757
2025-12-04T20:00:00.000Z,380.66,380.99,379.46,379.955,316659
2025-12-04T20:15:00.000Z,379.98,380.4699,379.44,380.07,259317
2025-12-04T20:30:00.000Z,380.07,380.6188,379.51,379.7994,350161
2025-12-04T20:45:00.000Z,379.8,381.62,379.54,381.2,1229108
2025-12-05T14:30:00.000Z,386.165,393.53,385.9601,388.06,1916251
2025-12-05T14:45:00.000Z,388.11,392.95,388.11,391.77,1184233
2025-12-05T15:00:00.000Z,391.85,392.24,389.62,391.47,1568789
2025-12-05T15:15:00.000Z,391.3985,391.54,388.11,388.4155,656928
2025-12-05T15:30:00.000Z,388.3,390.2437,388.16,389.025,454784
2025-12-05T15:45:00.000Z,389.02,389.5799,385.38,386.415,514751
2025-12-05T16:00:00.000Z,386.37,386.99,385.1452,385.7,388214
2025-12-05T16:15:00.000Z,385.685,387.78,385.26,386.93,405667
2025-12-05T16:30:00.000Z,386.87,387.66,385.7,387.25,330648
2025-12-05T16:45:00.000Z,387.25,389.37,386.55,388.55,714275
2025-12-05T17:00:00.000Z,388.45,390.78,387,387.78,1180695
2025-12-05T17:15:00.000Z,387.88,388.2225,387.19,388.01,218458
2025-12-05T17:30:00.000Z,388.0699,388.31,387.69,388.1528,196898
2025-12-05T17:45:00.000Z,388.1,389.15,388.02,388.67,274263
2025-12-05T18:00:00.000Z,388.62,388.87,388.2237,388.345,235137
2025-12-05T18:15:00.000Z,388.38,389.2,388.2605,389.09,235902
2025-12-05T18:30:00.000Z,389.13,389.8,388.53,388.84,263666
2025-12-05T18:45:00.000Z,388.84,389.1991,388.44,388.7,193116
2025-12-05T19:00:00.000Z,388.73,389.08,388.01,389.0179,207895
2025-12-05T19:15:00.000Z,389.03,389.4099,388.495,389.06,225079
2025-12-05T19:30:00.000Z,389.0501,389.34,388.41,388.795,252581
2025-12-05T19:45:00.000Z,388.7846,389.89,388.47,389.68,276389
2025-12-05T20:00:00.000Z,389.68,389.83,388.7746,389.4,279793
2025-12-05T20:15:00.000Z,389.42,389.71,389.21,389.6,269878
2025-12-05T20:30:00.000Z,389.595,390,389.21,389.795,351076
2025-12-05T20:45:00.000Z,389.79,391.7,387.91,390.16,2502167
2025-12-08T14:30:00.000Z,402.48,407.285,401.2,401.665,3758103
2025-12-08T14:45:00.000Z,401.665,401.8799,398.0056,398.5045,1665035
2025-12-08T15:00:00.000Z,398.515,401.7,398.41,400.85,1150166
2025-12-08T15:15:00.000Z,400.88,402.09,398.33,400.62,1128009
2025-12-08T15:30:00.000Z,400.55,401.7199,399.69,400.715,967057
2025-12-08T15:45:00.000Z,400.715,401.3,397.62,398.03,811090
2025-12-08T16:00:00.000Z,398.0435,399.03,397.4,397.84,695571
2025-12-08T16:15:00.000Z,397.835,401.4,397.71,400.9318,873697
2025-12-08T16:30:00.000Z,400.945,401.73,400.5,401.035,501158
2025-12-08T16:45:00.000Z,401.035,401.22,399.83,399.9422,676661
2025-12-08T17:00:00.000Z,399.9,402.2299,399.07,400.9826,990504
2025-12-08T17:15:00.000Z,401.01,401.95,400.5,400.74,648495
2025-12-08T17:30:00.000Z,400.76,401.9355,400.69,401.05,379067
2025-12-08T17:45:00.000Z,401.055,402.75,400.5101,401.52,1097279
2025-12-08T18:00:00.000Z,401.55,403.55,401.41,401.9,878263
2025-12-08T18:15:00.000Z,401.97,403.48,401.16,401.17,643204
2025-12-08T18:30:00.000Z,401.165,401.64,400.5,401.175,379520
2025-12-08T18:45:00.000Z,401.186,401.625,399.1,399.74,516437
2025-12-08T19:00:00.000Z,399.7472,400.044,399.01,399.435,344119
2025-12-08T19:15:00.000Z,399.46,400.02,399.05,399.075,368997
2025-12-08T19:30:00.000Z,399.09,400.15,398.71,398.86,378584
2025-12-08T19:45:00.000Z,398.8451,399.19,397.945,398.04,367391
2025-12-08T20:00:00.000Z,398.015,399.16,397.81,399.01,452241
2025-12-08T20:15:00.000Z,399.04,399.5072,398.63,399.35,466991
2025-12-08T20:30:00.000Z,399.35,399.45,398.58,399.09,822029
2025-12-08T20:45:00.000Z,399.1,401.49,398.74,401.1795,2050747
2025-12-09T14:30:00.000Z,398.745,401.23,395.51,401.07,1866784
2025-12-09T14:45:00.000Z,401.135,401.65,397.36,399.18,723716
2025-12-09T15:00:00.000Z,399.135,400.73,398.74,400.3099,574852
2025-12-09T15:15:00.000Z,400.24,402.5,400.02,402.37,935779
2025-12-09T15:30:00.000Z,402.4,402.99,401.21,401.94,468086
2025-12-09T15:45:00.000Z,401.98,402.07,397.115,401.33,381268
2025-12-09T16:00:00.000Z,401.3,403.7,401.2,401.81,749785
2025-12-09T16:15:00.000Z,401.88,403.49,401.83,403.0058,532005
2025-12-09T16:30:00.000Z,403.11,403.564,402.22,402.69,379267
2025-12-09T16:45:00.000Z,402.6986,403.85,402.5001,403.64,337913
2025-12-09T17:00:00.000Z,403.64,405.44,403.27,405.4101,513090
2025-12-09T17:15:00.000Z,405.43,406.34,404.56,404.91,510877
2025-12-09T17:30:00.000Z,404.9399,406.5,404.91,406.45,411989
2025-12-09T17:45:00.000Z,406.44,406.93,405.55,405.705,419730
2025-12-09T18:00:00.000Z,405.68,405.7835,403.74,404.26,484069
2025-12-09T18:15:00.000Z,404.27,404.83,403.786,404.2015,304172
2025-12-09T18:30:00.000Z,404.17,404.5199,403.41,403.505,248337
2025-12-09T18:45:00.000Z,403.54,403.64,402.6001,402.695,337816
2025-12-09T19:00:00.000Z,402.659,402.82,401.3831,402.305,393866
2025-12-09T19:15:00.000Z,402.325,404,402.22,403.67,330326
2025-12-09T19:30:00.000Z,403.665,403.99,403.26,403.46,322630
2025-12-09T19:45:00.000Z,403.4562,404.47,403.2201,404.3265,293756
2025-12-09T20:00:00.000Z,404.31,405.16,404.29,404.6084,507423
2025-12-09T20:15:00.000Z,404.6085,404.77,404,404.38,465434
2025-12-09T20:30:00.000Z,404.405,404.78,403.555,404.14,483970
2025-12-09T20:45:00.000Z,404.135,406.67,403.82,406.33,1413295
2025-12-10T14:30:00.000Z,402.2,405.7,401.3,403.83,2275226
2025-12-10T14:45:00.000Z,403.83,404.87,399.56,401.81,944119
2025-12-10T15:00:00.000Z,401.81,403.75,401,401.91,599804
2025-12-10T15:15:00.000Z,401.91,403.4199,401.5,402.575,421773
2025-12-10T15:30:00.000Z,402.585,403.98,401.3301,401.3301,488940
2025-12-10T15:45:00.000Z,401.34,402.74,400.55,400.965,578453
2025-12-10T16:00:00.000Z,401.03,402.23,400.27,401.97,311148
2025-12-10T16:15:00.000Z,401.97,402.53,401.58,401.91,346973
2025-12-10T16:30:00.000Z,401.86,402.51,401.65,402.05,353368
2025-12-10T16:45:00.000Z,402.09,402.91,401.48,402.425,306667
2025-12-10T17:00:00.000Z,402.415,403.1496,402.13,403.1496,295283
2025-12-10T17:15:00.000Z,403.07,403.73,402.98,403.1,234526
2025-12-10T17:30:00.000Z,403.03,403.37,402.3,402.99,201276
2025-12-10T17:45:00.000Z,402.92,405.8,402.9,405.77,434427
2025-12-10T18:00:00.000Z,405.74,406.4,405.2939,406.12,663995
2025-12-10T18:15:00.000Z,406.15,406.48,405.78,406.215,316338
2025-12-10T18:30:00.000Z,406.19,406.7399,405.57,406.64,394683
2025-12-10T18:45:00.000Z,406.63,407.43,406.45,406.62,412965
2025-12-10T19:00:00.000Z,406.5,409.35,406.4,407.32,1061485
2025-12-10T19:15:00.000Z,407.32,408.95,406.63,407.46,517030
2025-12-10T19:30:00.000Z,407.41,410.34,406.3,407.64,927301
2025-12-10T19:45:00.000Z,407.61,411.25,407.4,411.075,819723
2025-12-10T20:00:00.000Z,411.07,412.2,410.054,411.45,691378
2025-12-10T20:15:00.000Z,411.44,412.1533,410.82,411.1525,709240
2025-12-10T20:30:00.000Z,411.14,413.43,411,412.75,804012
2025-12-10T20:45:00.000Z,412.76,414.61,412.46,412.83,2191031
2025-12-11T14:30:00.000Z,404.825,405.27,398.05,401.06,3005288
2025-12-11T14:45:00.000Z,401.07,401.07,395.8,396.07,1730131
2025-12-11T15:00:00.000Z,396.133,399.89,394.75,399.02,1528770
2025-12-11T15:15:00.000Z,399.02,402.1499,398.78,400.775,1483338
2025-12-11T15:30:00.000Z,400.8,401.41,396.3037,396.91,956263
2025-12-11T15:45:00.000Z,396.8,397.86,394.19,397.675,1124822
2025-12-11T16:00:00.000Z,397.65,399.785,397.33,397.8,665738
2025-12-11T16:15:00.000Z,397.8,397.9688,395.755,396.64,767314
2025-12-11T16:30:00.000Z,396.54,399.405,396.53,398.81,577275
2025-12-11T16:45:00.000Z,398.86,400,397.64,399.25,639160
2025-12-11T17:00:00.000Z,399.26,401.59,398.95,401.535,840284
2025-12-11T17:15:00.000Z,401.48,403.31,401.2,402.3575,616527
2025-12-11T17:30:00.000Z,402.38,404.3,402.38,404.165,494318
2025-12-11T17:45:00.000Z,404.19,404.8,403.17,403.735,529322
2025-12-11T18:00:00.000Z,403.755,406.2999,403.59,406.17,658565
2025-12-11T18:15:00.000Z,406.14,406.2499,403.01,403.625,991564
2025-12-11T18:30:00.000Z,403.56,406.3899,403.21,406.295,617015
2025-12-11T18:45:00.000Z,406.32,406.44,404.28,404.73,506992
2025-12-11T19:00:00.000Z,404.72,406.25,404.55,406.025,508935
2025-12-11T19:15:00.000Z,406.07,407.83,406.01,407.81,787908
2025-12-11T19:30:00.000Z,407.85,408.44,407.32,407.97,850619
2025-12-11T19:45:00.000Z,407.9492,408.4,406.84,407.32,686304
2025-12-11T20:00:00.000Z,407.32,409.3,407.28,408.2106,704702
2025-12-11T20:15:00.000Z,408.17,408.39,406.27,406.96,864927
2025-12-11T20:30:00.000Z,406.98,407.65,406.331,406.58,1153301
2025-12-11T20:45:00.000Z,406.58,409.0997,405.34,406.98,2793125
2025-12-12T14:30:00.000Z,379.96,382,371.28,371.79,11547953
2025-12-12T14:45:00.000Z,371.84,372.06,368.4,370.2882,6731267
2025-12-12T15:00:00.000Z,370.29,371,366,367.27,4902140
2025-12-12T15:15:00.000Z,367.27,367.9422,363.39,363.92,4333313
2025-12-12T15:30:00.000Z,363.9,366.23,363.26,364.7,2983535
2025-12-12T15:45:00.000Z,364.67,367.12,361.15,362.395,3182137
2025-12-12T16:00:00.000Z,362.37,363.09,359.01,360.11,3873507
2025-12-12T16:15:00.000Z,360.06,364.49,359.995,364.105,2915880
2025-12-12T16:30:00.000Z,364.08,364.09,361.15,363.05,2362306
2025-12-12T16:45:00.000Z,363.02,363.0899,360.105,361.03,2162081
2025-12-12T17:00:00.000Z,361.04,364.34,360.83,363.5,2085729
2025-12-12T17:15:00.000Z,363.5,365.49,362.6601,362.81,2163250
2025-12-12T17:30:00.000Z,362.8,363.0388,361.7201,362.62,1707119
2025-12-12T17:45:00.000Z,362.62,364.25,362.4,362.6825,1622347
2025-12-12T18:00:00.000Z,362.7,365.57,362,364.7266,1688599
2025-12-12T18:15:00.000Z,364.725,365.9496,363.26,364.055,1519615
2025-12-12T18:30:00.000Z,364.03,364.03,362.2621,362.29,1665531
2025-12-12T18:45:00.000Z,362.3,362.37,360.86,361.136,1665509
2025-12-12T19:00:00.000Z,361.11,361.9,359.92,360.095,2211006
2025-12-12T19:15:00.000Z,360.14,360.48,358.83,359.1,2132449
2025-12-12T19:30:00.000Z,359.1,360.73,359.0701,360.0869,1506520
2025-12-12T19:45:00.000Z,360.02,360.2,358.59,358.775,1704189
2025-12-12T20:00:00.000Z,358.761,359.04,356.8001,357.62,2673049
2025-12-12T20:15:00.000Z,357.62,357.83,355.15,357.11,2752932
2025-12-12T20:30:00.000Z,357.11,357.87,355.93,357.14,2949947
2025-12-12T20:45:00.000Z,357.14,360.56,356.7,359.9,5779265
2025-12-15T14:30:00.000Z,361.89,362,351,351.7938,5787909
2025-12-15T14:45:00.000Z,351.88,353.5499,349.88,350.755,3432300
2025-12-15T15:00:00.000Z,350.7,350.76,347.35,347.96,3171942
2025-12-15T15:15:00.000Z,347.91,348.05,343.8,344.615,3491084
2025-12-15T15:30:00.000Z,344.63,352.08,343.14,345.57,2754864
2025-12-15T15:45:00.000Z,345.58,346.45,342.98,343.8105,2487272
2025-12-15T16:00:00.000Z,343.83,346.32,342.61,345.3,1938853
2025-12-15T16:15:00.000Z,345.26,346.89,345.21,345.905,1731942
2025-12-15T16:30:00.000Z,345.91,346.1,343.1,343.4835,1557580
2025-12-15T16:45:00.000Z,343.5,344.1899,343.13,343.765,1371488
2025-12-15T17:00:00.000Z,343.79,344.14,342.8,343.12,1327847
2025-12-15T17:15:00.000Z,343.135,343.15,342.02,342.63,1456917
2025-12-15T17:30:00.000Z,342.63,343.1,341.9,342.42,1268895
2025-12-15T17:45:00.000Z,342.425,342.6,340.84,341.28,1344239
2025-12-15T18:00:00.000Z,341.28,341.43,340.3101,341.06,1243905
2025-12-15T18:15:00.000Z,341.0599,341.345,339.27,339.39,1738732
2025-12-15T18:30:00.000Z,339.41,340.83,339.07,340.07,1503784
2025-12-15T18:45:00.000Z,340.03,342.98,340.03,342.38,1555546
2025-12-15T19:00:00.000Z,342.38,343.11,340.195,340.43,1413519
2025-12-15T19:15:00.000Z,340.43,341.3405,340.34,340.81,1052024
2025-12-15T19:30:00.000Z,340.83,341,339.85,340.179,1126588
2025-12-15T19:45:00.000Z,340.17,340.75,339.73,339.915,1059853
2025-12-15T20:00:00.000Z,339.9125,341.67,339.02,340.55,1558000
2025-12-15T20:15:00.000Z,340.5575,341.255,339.39,339.57,1440659
2025-12-15T20:30:00.000Z,339.57,340.5697,339.04,339.78,1877765
2025-12-15T20:45:00.000Z,339.76,341.62,337.51,339.85,4764744
2025-12-16T14:30:00.000Z,336.02,347.4999,335.06,344.4501,6498466
2025-12-16T14:45:00.000Z,344.42,344.6,341.0715,342.64,2788001
2025-12-16T15:00:00.000Z,342.69,343.58,338.77,340.72,2713533
2025-12-16T15:15:00.000Z,340.7245,340.8,336.285,338.65,2208612
2025-12-16T15:30:00.000Z,338.61,340.73,337.15,338.34,2099589
2025-12-16T15:45:00.000Z,338.34,341.71,337.31,341.385,1567793
2025-12-16T16:00:00.000Z,341.3201,342.4799,337.78,337.91,1625099
2025-12-16T16:15:00.000Z,337.91,339.44,336.6582,338.61,1676637
2025-12-16T16:30:00.000Z,338.6,339.88,338.17,339.485,1260266
2025-12-16T16:45:00.000Z,339.52,341.87,339.32,341.155,1568575
2025-12-16T17:00:00.000Z,341.19,342.06,339.8,341.3396,1227009
2025-12-16T17:15:00.000Z,341.3899,341.56,339.34,339.3966,996065
2025-12-16T17:30:00.000Z,339.37,340.93,339.07,339.5,896691
2025-12-16T17:45:00.000Z,339.52,339.88,338.67,338.8,1186474
2025-12-16T18:00:00.000Z,338.8,339.88,338.37,339.55,907874
2025-12-16T18:15:00.000Z,339.52,339.56,338.55,338.56,879736
2025-12-16T18:30:00.000Z,338.6,341.28,338.2,340.45,1122583
2025-12-16T18:45:00.000Z,340.44,341.1798,340,340.22,927141
2025-12-16T19:00:00.000Z,340.28,340.95,338.88,340.69,1067599
2025-12-16T19:15:00.000Z,340.715,341.32,340,340.941,1138426
2025-12-16T19:30:00.000Z,340.92,341.47,340.42,340.835,1063948
2025-12-16T19:45:00.000Z,340.7701,343.38,340.64,342.6459,1803144
2025-12-16T20:00:00.000Z,342.625,345.05,342.57,343.78,2164196
2025-12-16T20:15:00.000Z,343.79,345.25,342.88,343.4184,2262444
2025-12-16T20:30:00.000Z,343.4,344.2,342,343.175,2231789
2025-12-16T20:45:00.000Z,343.14,343.25,340.95,341.04,2972306
2025-12-17T14:30:00.000Z,346.61,346.61,333.6201,334.58,4810696
2025-12-17T14:45:00.000Z,334.575,336.19,332.1,335.825,3191570
2025-12-17T15:00:00.000Z,335.825,337,332.77,334.25,1935674
2025-12-17T15:15:00.000Z,334.19,334.5,330.93,332.355,2117659
2025-12-17T15:30:00.000Z,332.32,332.55,325.35,325.95,3655890
2025-12-17T15:45:00.000Z,325.92,326.35,322.31,322.93,4125657
2025-12-17T16:00:00.000Z,322.9456,326.25,322.68,324.12,2485763
2025-12-17T16:15:00.000Z,324.09,325.77,323.1,324.785,1883240
2025-12-17T16:30:00.000Z,324.75,325.08,323.09,323.93,1447632
2025-12-17T16:45:00.000Z,323.94,324.9199,322.6401,324.425,1609014
2025-12-17T17:00:00.000Z,324.36,324.62,322.11,323.33,1919016
2025-12-17T17:15:00.000Z,323.35,325.12,322.9,324.13,1367781
2025-12-17T17:30:00.000Z,324.145,324.94,321.6301,321.99,1263878
2025-12-17T17:45:00.000Z,322.02,323.47,321.74,322.875,1116138
2025-12-17T18:00:00.000Z,322.89,323.94,322.42,322.46,978967
2025-12-17T18:15:00.000Z,322.47,322.965,321.96,322.21,1025892
2025-12-17T18:30:00.000Z,322.17,324.0699,321.42,321.71,1271094
2025-12-17T18:45:00.000Z,321.7,323.61,321.5001,323.565,1225052
2025-12-17T19:00:00.000Z,323.55,325.85,323.3801,325.25,2923469
2025-12-17T19:15:00.000Z,325.26,325.41,323.54,323.7725,1539424
2025-12-17T19:30:00.000Z,323.75,324.8699,323.23,324.56,1381950
2025-12-17T19:45:00.000Z,324.5563,327.12,324.3275,326.4,1672292
2025-12-17T20:00:00.000Z,326.42,328.11,326.36,327,2113768
2025-12-17T20:15:00.000Z,327,328.77,326.61,328.58,2494559
2025-12-17T20:30:00.000Z,328.58,328.9699,325.6801,327.64,3329722
2025-12-17T20:45:00.000Z,327.67,327.67,325.22,326.13,4086766
2025-12-18T14:30:00.000Z,336,336.025,328.1,329.06,4574583
2025-12-18T14:45:00.000Z,328.99,329.73,326.8501,328.72,2319711
2025-12-18T15:00:00.000Z,328.66,328.78,323.63,324.46,2662247
2025-12-18T15:15:00.000Z,324.4,328.65,324.25,327.79,2503208
2025-12-18T15:30:00.000Z,327.74,328.45,326.58,326.87,1623771
2025-12-18T15:45:00.000Z,326.88,328.26,326.02,326.4,1826294
2025-12-18T16:00:00.000Z,326.4,327.01,325.32,325.93,1334990
2025-12-18T16:15:00.000Z,325.885,327.19,325.56,326.5371,1523171
2025-12-18T16:30:00.000Z,326.505,328.09,326.49,327.01,1144138
2025-12-18T16:45:00.000Z,327.02,328.97,326.77,328.71,1317396
2025-12-18T17:00:00.000Z,328.7,328.89,325.165,325.6999,1397508
2025-12-18T17:15:00.000Z,325.665,327.37,325.11,327.06,1060491
2025-12-18T17:30:00.000Z,327.065,328.57,326.71,328.5,1401297
2025-12-18T17:45:00.000Z,328.5,329.53,327.88,329.325,867674
2025-12-18T18:00:00.000Z,329.325,330,328.94,329.6,1427498
2025-12-18T18:15:00.000Z,329.62,330,329.3,329.43,579924
2025-12-18T18:30:00.000Z,329.435,331.73,329.4,330.6201,1901093
2025-12-18T18:45:00.000Z,330.645,330.86,329.46,329.7699,1108491
2025-12-18T19:00:00.000Z,329.735,330.77,327.81,329.9601,1330239
2025-12-18T19:15:00.000Z,329.965,329.99,328.12,328.17,1267961
2025-12-18T19:30:00.000Z,328.145,328.538,327.59,327.94,926408
2025-12-18T19:45:00.000Z,327.94,328.97,327.02,327.03,1324420
2025-12-18T20:00:00.000Z,327.03,328.98,326.73,328.7515,1039870
2025-12-18T20:15:00.000Z,328.75,330.95,328.56,330.86,1627432
2025-12-18T20:30:00.000Z,330.85,331.7,329.7501,330.53,2276489
2025-12-18T20:45:00.000Z,330.52,331.12,329.5,329.7,2610547
2025-12-19T14:30:00.000Z,333.335,338.67,332.98,338.65,7300235
2025-12-19T14:45:00.000Z,338.62,340.65,337.36,339.3004,2617685
2025-12-19T15:00:00.000Z,339.26,340.36,336.98,338.235,2067838
2025-12-19T15:15:00.000Z,338.24,339,336.38,337.24,1151270
2025-12-19T15:30:00.000Z,337.26,337.48,335.835,335.8401,1249855
2025-12-19T15:45:00.000Z,335.87,336.0476,334.23,334.72,1464816
2025-12-19T16:00:00.000Z,334.735,335.84,333.96,334.46,1200985
2025-12-19T16:15:00.000Z,334.485,335.47,334,334.7625,1009557
2025-12-19T16:30:00.000Z,334.765,335.34,333.5,333.5212,1059196
2025-12-19T16:45:00.000Z,333.54,334.32,332.5775,333.74,1072165
2025-12-19T17:00:00.000Z,333.7375,335.21,333.62,335.14,854483
2025-12-19T17:15:00.000Z,335.17,336.08,335.12,335.34,870532
2025-12-19T17:30:00.000Z,335.36,335.88,334.58,335.13,866910
2025-12-19T17:45:00.000Z,335.14,337.8401,334.84,337.595,1222255
2025-12-19T18:00:00.000Z,337.6004,338.48,336.75,337.1,2046726
2025-12-19T18:15:00.000Z,337.1,337.38,336.6701,336.815,759478
2025-12-19T18:30:00.000Z,336.84,337.31,335.7,335.97,771291
2025-12-19T18:45:00.000Z,335.9783,336.78,335.92,336.5,744502
2025-12-19T19:00:00.000Z,336.47,337.2,336.285,336.38,854509
2025-12-19T19:15:00.000Z,336.385,336.47,335.35,335.825,965818
2025-12-19T19:30:00.000Z,335.825,336.47,335.735,336.347,683883
2025-12-19T19:45:00.000Z,336.32,336.84,335.645,336.1,828528
2025-12-19T20:00:00.000Z,336.07,337.9021,335.91,337.3,1563866
2025-12-19T20:15:00.000Z,337.305,338.15,337.11,337.71,1403573
2025-12-19T20:30:00.000Z,337.68,337.72,335.28,335.365,1665610
2025-12-19T20:45:00.000Z,335.37,343.45,334.7,340.505,9575321
2025-12-22T14:30:00.000Z,346.03,346.24,337.22,337.78,3849291
2025-12-22T14:45:00.000Z,337.76,343.33,337.63,342.5,2046279
2025-12-22T15:00:00.000Z,342.445,342.54,339.85,340.2799,982431
2025-12-22T15:15:00.000Z,340.15,341.5,339.82,339.96,725690
2025-12-22T15:30:00.000Z,339.945,340.5,338.66,340.29,895636
2025-12-22T15:45:00.000Z,340.3051,340.89,339,339.04,668042
2025-12-22T16:00:00.000Z,339.09,340.77,338.31,340.6708,757098
2025-12-22T16:15:00.000Z,340.675,341.2699,340.04,340.2495,462855
2025-12-22T16:30:00.000Z,340.21,340.62,339.8,340.02,432626
2025-12-22T16:45:00.000Z,340.01,341.1099,340,340.68,454894
2025-12-22T17:00:00.000Z,340.74,340.78,339.57,339.715,438376
2025-12-22T17:15:00.000Z,339.71,340.7,339.71,340.095,398817
2025-12-22T17:30:00.000Z,340.0501,340.2497,339.23,339.42,436759
2025-12-22T17:45:00.000Z,339.44,341.1999,339.34,341.07,460862
2025-12-22T18:00:00.000Z,341.07,341.63,340.94,341.2376,503672
2025-12-22T18:15:00.000Z,341.25,341.78,340.98,341.65,577056
2025-12-22T18:30:00.000Z,341.61,341.66,341.1,341.24,292483
2025-12-22T18:45:00.000Z,341.21,341.4899,341.08,341.3766,332542
2025-12-22T19:00:00.000Z,341.39,343.5137,341.3,343.5137,930741
2025-12-22T19:15:00.000Z,343.477,344.67,343.37,343.6899,783154
2025-12-22T19:30:00.000Z,343.69,344.77,343.42,343.56,557729
2025-12-22T19:45:00.000Z,343.52,343.91,343.14,343.4801,370198
2025-12-22T20:00:00.000Z,343.56,343.98,342.92,342.92,1319845
2025-12-22T20:15:00.000Z,342.91,343.23,342.37,343.015,629171
2025-12-22T20:30:00.000Z,343.06,343.2499,342.25,342.5096,549351
2025-12-22T20:45:00.000Z,342.46,342.54,341.34,341.38,1506180
2025-12-23T14:30:00.000Z,340.81,343,339.73,341.67,1493779
2025-12-23T14:45:00.000Z,341.59,342.435,339.96,340.34,807388
2025-12-23T15:00:00.000Z,340.325,340.5999,338.54,339.45,756073
2025-12-23T15:15:00.000Z,339.45,342.7,339.2701,342.088,699677
2025-12-23T15:30:00.000Z,342.1,342.26,341.08,341.805,450898
2025-12-23T15:45:00.000Z,341.82,344.37,341.5,343.5348,882181
2025-12-23T16:00:00.000Z,343.5302,344.6799,343,344.23,867409
2025-12-23T16:15:00.000Z,344.23,346.75,344.07,345.815,1083112
2025-12-23T16:30:00.000Z,345.84,346.3,345.02,346.2599,747617
2025-12-23T16:45:00.000Z,346.235,347.19,346.14,346.81,658181
2025-12-23T17:00:00.000Z,346.81,347.57,346.08,347.15,1039454
2025-12-23T17:15:00.000Z,347.19,347.85,347.13,347.605,706129
2025-12-23T17:30:00.000Z,347.601,348.4399,347.58,348.27,932779
2025-12-23T17:45:00.000Z,348.27,349.51,348.23,348.93,1053442
2025-12-23T18:00:00.000Z,348.94,349.8,348.59,349.14,1014608
2025-12-23T18:15:00.000Z,349.14,349.33,347.43,347.8779,668266
2025-12-23T18:30:00.000Z,347.9399,350.11,347.72,349.69,1213848
2025-12-23T18:45:00.000Z,349.695,350.01,348.77,349.0199,892166
2025-12-23T19:00:00.000Z,349.0198,349.41,348.58,348.985,1009496
2025-12-23T19:15:00.000Z,349.02,349.83,348.97,349.55,750245
2025-12-23T19:30:00.000Z,349.54,349.9699,348.7,348.78,921318
2025-12-23T19:45:00.000Z,348.77,348.91,348.22,348.33,693495
2025-12-23T20:00:00.000Z,348.34,348.7,347.6,348.4232,875047
2025-12-23T20:15:00.000Z,348.46,349.08,347.93,347.98,776088
2025-12-23T20:30:00.000Z,347.975,348.94,347.7,348.345,777036
2025-12-23T20:45:00.000Z,348.34,349.57,348.29,349.25,2099079
2025-12-24T14:30:00.000Z,350.685,350.72,347.14,349.555,1254292
2025-12-24T14:45:00.000Z,349.555,352.36,348.9,352.168,1204829
2025-12-24T15:00:00.000Z,352.1363,352.86,351.25,351.3855,874598
2025-12-24T15:15:00.000Z,351.3838,352.17,350.63,351.13,702165
2025-12-24T15:30:00.000Z,351.1237,351.22,349.314,349.925,584152
2025-12-24T15:45:00.000Z,349.92,350.6,349.7,349.95,442669
2025-12-24T16:00:00.000Z,349.99,351.59,349.9299,351.32,560794
2025-12-24T16:15:00.000Z,351.345,351.6,350.05,350.42,540435
2025-12-24T16:30:00.000Z,350.38,351.335,350.22,351.19,439301
2025-12-24T16:45:00.000Z,351.18,351.2653,350.5,350.7185,311781
2025-12-24T17:00:00.000Z,350.74,351.46,350.72,351.15,426311
2025-12-24T17:15:00.000Z,351.16,351.7,350.49,350.84,549125
2025-12-24T17:30:00.000Z,350.825,351.33,349.96,350.11,504919
2025-12-24T17:45:00.000Z,350.07,350.52,349.11,350.12,1134812
2025-12-24T18:00:00.000Z,350.22,350.22,350.22,350.22,1370322
2025-12-26T14:30:00.000Z,351.06,351.18,347.75,351.0369,1394716
2025-12-26T14:45:00.000Z,351,351.1595,349.12,349.22,566756
2025-12-26T15:00:00.000Z,349.17,350,348.425,349.4999,491425
2025-12-26T15:15:00.000Z,349.41,352.22,349,352.13,711835
2025-12-26T15:30:00.000Z,352.07,352.76,351.5,351.93,605071
2025-12-26T15:45:00.000Z,351.9,352.96,351.62,352.74,658218
2025-12-26T16:00:00.000Z,352.73,352.94,351.68,351.81,386269
2025-12-26T16:15:00.000Z,351.85,352.42,351.66,352.285,359689
2025-12-26T16:30:00.000Z,352.25,352.7,351.79,352.53,296361
2025-12-26T16:45:00.000Z,352.51,352.57,351.86,352.11,261671
2025-12-26T17:00:00.000Z,352.13,352.17,351.39,351.75,262191
2025-12-26T17:15:00.000Z,351.73,351.85,351.28,351.79,192325
2025-12-26T17:30:00.000Z,351.74,351.93,351.55,351.5892,183789
2025-12-26T17:45:00.000Z,351.57,351.76,350.335,350.91,443138
2025-12-26T18:00:00.000Z,350.9,352.2797,350.8,351.91,302098
2025-12-26T18:15:00.000Z,351.93,351.95,351.23,351.34,211413
2025-12-26T18:30:00.000Z,351.33,351.6,351.13,351.335,246692
2025-12-26T18:45:00.000Z,351.37,352.03,351.25,352.01,286225
2025-12-26T19:00:00.000Z,352.0135,352.72,351.87,352.5656,462638
2025-12-26T19:15:00.000Z,352.55,352.78,352,352.555,486592
2025-12-26T19:30:00.000Z,352.59,353.02,352.16,352.75,321833
2025-12-26T19:45:00.000Z,352.72,353.13,352.67,352.86,294156
2025-12-26T20:00:00.000Z,352.85,353.25,351.85,352.1175,616008
2025-12-26T20:15:00.000Z,352.14,352.47,351.8,352.34,329850
2025-12-26T20:30:00.000Z,352.36,352.64,352.12,352.53,321534
2025-12-26T20:45:00.000Z,352.55,352.81,351.64,352.18,1234497
2025-12-29T14:30:00.000Z,348.72,350.2,344.69,350.03,1844671
2025-12-29T14:45:00.000Z,349.995,350.08,346.2,347.075,819339
2025-12-29T15:00:00.000Z,347.04,347.59,346.04,347.16,785896
2025-12-29T15:15:00.000Z,347.17,349.23,347.03,349.055,713212
2025-12-29T15:30:00.000Z,349.03,349.9,348.84,349.745,601268
2025-12-29T15:45:00.000Z,349.74,349.87,348.11,348.39,561018
2025-12-29T16:00:00.000Z,348.38,349.365,347.7,349.27,482124
2025-12-29T16:15:00.000Z,349.235,350.1,349.11,349.92,518213
2025-12-29T16:30:00.000Z,349.92,350.13,349.36,349.5097,347772
2025-12-29T16:45:00.000Z,349.505,350,349.47,349.515,492486
2025-12-29T17:00:00.000Z,349.515,349.62,349.15,349.16,379132
2025-12-29T17:15:00.000Z,349.21,349.21,348.1,348.12,276254
2025-12-29T17:30:00.000Z,348.11,348.67,348.01,348.28,291900
2025-12-29T17:45:00.000Z,348.285,349.0787,348.1,348.77,366936
2025-12-29T18:00:00.000Z,348.76,349.5,348.5,348.62,346543
2025-12-29T18:15:00.000Z,348.63,349.25,348.56,349.005,262094
2025-12-29T18:30:00.000Z,348.98,350.25,348.95,349.61,591109
2025-12-29T18:45:00.000Z,349.605,349.791,349.195,349.315,271042
2025-12-29T19:00:00.000Z,349.34,349.7,348.92,348.97,303368
2025-12-29T19:15:00.000Z,348.97,349.7,348.95,349.51,252368
2025-12-29T19:30:00.000Z,349.54,350.15,349.5,349.985,472180
2025-12-29T19:45:00.000Z,349.99,350.33,349.93,350.05,330915
2025-12-29T20:00:00.000Z,350.05,350.16,349.92,350.097,226652
2025-12-29T20:15:00.000Z,350.0957,350.25,349.94,350.01,279755
2025-12-29T20:30:00.000Z,350.02,350.28,349.31,349.56,437022
2025-12-29T20:45:00.000Z,349.54,349.67,347.79,349.265,1631458
2025-12-30T14:30:00.000Z,349.97,350.98,349.3,350.18,843605
2025-12-30T14:45:00.000Z,350.14,351.48,349.94,350.915,643704
2025-12-30T15:00:00.000Z,350.97,351.13,349.8,350.0972,700000
2025-12-30T15:15:00.000Z,350.17,350.9699,349.98,350.545,391885
2025-12-30T15:30:00.000Z,350.545,351.25,350.2,350.25,461975
2025-12-30T15:45:00.000Z,350.31,351.39,350.04,350.96,444647
2025-12-30T16:00:00.000Z,350.96,351.4,350.49,350.71,379429
2025-12-30T16:15:00.000Z,350.66,352.68,350.65,351.94,563395
2025-12-30T16:30:00.000Z,351.9,352.24,350.4,350.6067,521585
2025-12-30T16:45:00.000Z,350.61,351,350.5201,350.71,266608
2025-12-30T17:00:00.000Z,350.69,350.86,350.5004,350.69,195811
2025-12-30T17:15:00.000Z,350.69,351.03,350.25,350.595,267381
2025-12-30T17:30:00.000Z,350.64,351.2,350.51,350.99,232341
2025-12-30T17:45:00.000Z,350.98,351.2708,350.85,351.07,201531
2025-12-30T18:00:00.000Z,351.04,351.5191,350.76,351.235,204256
2025-12-30T18:15:00.000Z,351.25,351.29,350.6962,350.91,191521
2025-12-30T18:30:00.000Z,350.89,350.93,350.0501,350.135,224748
2025-12-30T18:45:00.000Z,350.16,350.89,350.0415,350.78,190299
2025-12-30T19:00:00.000Z,350.78,351.52,350.265,351.52,342785
2025-12-30T19:15:00.000Z,351.52,351.91,351.06,351.1,358831
2025-12-30T19:30:00.000Z,351.1,351.31,350.15,350.3,346868
2025-12-30T19:45:00.000Z,350.3,350.8299,350.22,350.45,328776
2025-12-30T20:00:00.000Z,350.45,350.48,349.94,350.015,353932
2025-12-30T20:15:00.000Z,350.0385,350.74,349.99,350.325,308380
2025-12-30T20:30:00.000Z,350.31,350.89,350.05,350.64,386947
2025-12-30T20:45:00.000Z,350.65,350.68,349.49,349.92,1221533
2025-12-31T14:30:00.000Z,349.73,349.88,346.7,347.36,1161249
2025-12-31T14:45:00.000Z,347.36,347.6176,345.71,346.08,806713
2025-12-31T15:00:00.000Z,346.07,346.85,345.72,346.61,629123
2025-12-31T15:15:00.000Z,346.61,347.11,345.42,347.02,568057
2025-12-31T15:30:00.000Z,347.0125,347.22,346.3,346.98,309720
2025-12-31T15:45:00.000Z,346.98,347.49,346.315,347.04,368167
2025-12-31T16:00:00.000Z,346.9401,347.58,346.9401,347.195,319210
2025-12-31T16:15:00.000Z,347.18,347.9142,347.06,347.85,342563
2025-12-31T16:30:00.000Z,347.85,347.89,346.96,347.1,295756
2025-12-31T16:45:00.000Z,347.145,347.66,347.06,347.5,234224
2025-12-31T17:00:00.000Z,347.5,347.62,346.83,347.17,186788
2025-12-31T17:15:00.000Z,347.17,347.7,347.14,347.5,219124
2025-12-31T17:30:00.000Z,347.515,347.8299,347.43,347.8299,193038
2025-12-31T17:45:00.000Z,347.79,348,347.585,347.97,246602
2025-12-31T18:00:00.000Z,347.97,348.29,347.7,348.24,363767
2025-12-31T18:15:00.000Z,348.205,348.73,348.04,348.64,333918
2025-12-31T18:30:00.000Z,348.64,348.75,348.281,348.625,243752
2025-12-31T18:45:00.000Z,348.65,348.89,348.57,348.61,246864
2025-12-31T19:00:00.000Z,348.705,349.48,348.66,349.315,268225
2025-12-31T19:15:00.000Z,349.33,349.36,348.3,348.3,279460
2025-12-31T19:30:00.000Z,348.29,348.42,347.05,347.58,455826
2025-12-31T19:45:00.000Z,347.58,348.25,347.455,347.965,341874
2025-12-31T20:00:00.000Z,347.975,348.02,346.655,347.1,443799
2025-12-31T20:15:00.000Z,347.09,347.63,346.82,347.0399,385367
2025-12-31T20:30:00.000Z,347.02,347.7,346.92,347.61,453829
2025-12-31T20:45:00.000Z,347.61,347.81,346,346.09,1496616
2026-01-02T14:30:00.000Z,352.775,358.38,351.8,358.278,2335964
2026-01-02T14:45:00.000Z,358.2512,360.66,357,358,1560878
2026-01-02T15:00:00.000Z,358.08,359.94,356.85,357.45,1348090
2026-01-02T15:15:00.000Z,357.36,357.82,354.17,354.87,955881
2026-01-02T15:30:00.000Z,354.83,357.4299,353.81,357.27,685354
2026-01-02T15:45:00.000Z,357.24,357.35,350.78,351.2904,700142
2026-01-02T16:00:00.000Z,351.32,351.5,349.25,351.2054,1005962
2026-01-02T16:15:00.000Z,351.24,351.6599,349.88,350.72,532122
2026-01-02T16:30:00.000Z,350.71,351.2851,349.795,349.97,604854
2026-01-02T16:45:00.000Z,349.965,350.2,347.495,348.215,666726
2026-01-02T17:00:00.000Z,348.18,348.68,347.3401,348.59,486554
2026-01-02T17:15:00.000Z,348.625,348.72,347.81,348.42,425244
2026-01-02T17:30:00.000Z,348.43,348.55,347.73,348.355,373356
2026-01-02T17:45:00.000Z,348.355,348.63,346.81,347.045,556004
2026-01-02T18:00:00.000Z,347,347.49,346.75,346.875,297228
2026-01-02T18:15:00.000Z,346.88,347.9,346.6,347.48,299198
2026-01-02T18:30:00.000Z,347.45,347.84,347.11,347.435,313310
2026-01-02T18:45:00.000Z,347.4001,347.56,345.56,346.405,776929
2026-01-02T19:00:00.000Z,346.45,348.35,346.225,348.115,467230
2026-01-02T19:15:00.000Z,348.1,348.25,347.07,347.26,504810
2026-01-02T19:30:00.000Z,347.18,348.69,347,348.1999,553312
2026-01-02T19:45:00.000Z,348.2,348.33,346.35,346.575,375049
2026-01-02T20:00:00.000Z,346.57,347.87,346.35,347.815,462503
2026-01-02T20:15:00.000Z,347.76,348.56,347.64,348.065,441715
2026-01-02T20:30:00.000Z,348.065,348.3,346.21,346.24,561790
2026-01-02T20:45:00.000Z,346.245,347.8,346.23,347.59,1917064
2026-01-05T14:30:00.000Z,354.74,355.03,336.7269,337.69,4467309
2026-01-05T14:45:00.000Z,337.69,341.65,336.5,341.63,3016642
2026-01-05T15:00:00.000Z,341.64,342.4,337.685,341.45,1429714
2026-01-05T15:15:00.000Z,341.49,344.84,340.937,344.73,1300066
2026-01-05T15:30:00.000Z,344.73,345.68,342.6,342.795,995308
2026-01-05T15:45:00.000Z,342.775,344.15,342.23,342.925,781202
2026-01-05T16:00:00.000Z,342.92,343.145,341.91,342.26,1010454
2026-01-05T16:15:00.000Z,342.25,343.98,340.85,343.195,905682
2026-01-05T16:30:00.000Z,343.22,343.3,340.76,340.9717,727126
2026-01-05T16:45:00.000Z,340.9507,342.11,339.66,340.2071,1079474
2026-01-05T17:00:00.000Z,340.23,340.9199,339.15,340.79,656076
2026-01-05T17:15:00.000Z,340.765,341.3941,339.56,340.23,486557
2026-01-05T17:30:00.000Z,340.19,340.19,338.73,339.1575,581516
2026-01-05T17:45:00.000Z,339.166,340.8,338.5,340.75,496182
2026-01-05T18:00:00.000Z,340.72,341.787,340.59,341.0601,612666
2026-01-05T18:15:00.000Z,341.07,341.5,339.77,341.39,389153
2026-01-05T18:30:00.000Z,341.415,342.39,341.0771,341.285,501810
2026-01-05T18:45:00.000Z,341.285,341.4839,340.66,341.015,313460
2026-01-05T19:00:00.000Z,341.07,341.6299,340.52,340.68,380044
2026-01-05T19:15:00.000Z,340.67,341.47,340.3401,340.83,357175
2026-01-05T19:30:00.000Z,340.83,341.6722,340.56,341.06,423322
2026-01-05T19:45:00.000Z,341.06,342.75,341,342.38,518859
2026-01-05T20:00:00.000Z,342.38,343.525,341.62,343.47,634480
2026-01-05T20:15:00.000Z,343.48,344.14,343.35,343.42,859125
2026-01-05T20:30:00.000Z,343.4525,343.85,342.93,343.705,678397
2026-01-05T20:45:00.000Z,343.705,343.76,342.43,343.36,1710478
2026-01-06T14:30:00.000Z,343.6,343.7,338,342.03,2500559
2026-01-06T14:45:00.000Z,342.03,344.76,341.99,344.5399,1433454
2026-01-06T15:00:00.000Z,344.51,345.2,342.765,343.77,1229760
2026-01-06T15:15:00.000Z,343.745,345.32,343.32,345.04,774115
2026-01-06T15:30:00.000Z,345.04,345.2299,343.24,344.195,600820
2026-01-06T15:45:00.000Z,344.2325,344.79,342.4416,343.13,613670
2026-01-06T16:00:00.000Z,343.065,343.97,342.42,343.555,564891
2026-01-06T16:15:00.000Z,343.555,346.66,343.5,346.5252,835310
2026-01-06T16:30:00.000Z,346.53,348.44,345.94,346.18,927572
2026-01-06T16:45:00.000Z,346.185,347.805,345.78,347.5,935338
2026-01-06T17:00:00.000Z,347.54,347.75,346,346.43,474202
2026-01-06T17:15:00.000Z,346.48,347.45,345.94,346.73,376700
2026-01-06T17:30:00.000Z,346.74,347.4499,346.31,346.885,380515
2026-01-06T17:45:00.000Z,346.91,347.575,346.68,347.1,444729
2026-01-06T18:00:00.000Z,347.07,348.31,346.47,347.81,582976
2026-01-06T18:15:00.000Z,347.8,348.6299,347.43,347.55,460577
2026-01-06T18:30:00.000Z,347.58,347.63,346.6046,347.25,486772
2026-01-06T18:45:00.000Z,347.26,348.19,347.16,348.185,435679
2026-01-06T19:00:00.000Z,348.185,348.89,347.83,348.59,482388
2026-01-06T19:15:00.000Z,348.59,349.05,348.13,348.185,471921
2026-01-06T19:30:00.000Z,348.17,348.65,347.74,347.81,496264
2026-01-06T19:45:00.000Z,347.85,347.85,347.06,347.34,561133
2026-01-06T20:00:00.000Z,347.34,347.6599,346.28,346.58,527832
2026-01-06T20:15:00.000Z,346.59,346.88,344.29,344.33,961324
2026-01-06T20:30:00.000Z,344.3,344.6784,343.6,343.79,783765
2026-01-06T20:45:00.000Z,343.86,344.33,343.2104,343.64,1760225
2026-01-07T14:30:00.000Z,341.7,341.75,335.88,340.1,1993343
2026-01-07T14:45:00.000Z,340.105,342.83,339.65,341.015,970378
2026-01-07T15:00:00.000Z,341.12,344.6,340.74,344.19,721226
2026-01-07T15:15:00.000Z,344.25,348.5,343.39,347.85,1123626
2026-01-07T15:30:00.000Z,347.8,347.91,344.5,345.255,856771
2026-01-07T15:45:00.000Z,345.305,346.97,345.0507,346.65,435381
2026-01-07T16:00:00.000Z,346.64,348.0399,346.49,347.84,523590
2026-01-07T16:15:00.000Z,347.8,347.91,346.28,346.796,379063
2026-01-07T16:30:00.000Z,346.89,348.6,346.775,348.48,452485
2026-01-07T16:45:00.000Z,348.51,349.7,348.38,348.78,576893
2026-01-07T17:00:00.000Z,348.73,348.7799,347.34,348.38,390261
2026-01-07T17:15:00.000Z,348.4,348.43,347.08,347.125,370755
2026-01-07T17:30:00.000Z,347.1,347.18,346.6,346.915,283997
2026-01-07T17:45:00.000Z,346.91,347.12,346.37,346.78,355148
2026-01-07T18:00:00.000Z,346.74,347.13,346.51,346.7201,258474
2026-01-07T18:15:00.000Z,346.75,347.03,346.38,346.575,347451
2026-01-07T18:30:00.000Z,346.59,346.8924,346.03,346.06,335882
2026-01-07T18:45:00.000Z,346.06,346.905,345.77,346.8593,401708
2026-01-07T19:00:00.000Z,346.8314,347.68,346.3,346.61,410492
2026-01-07T19:15:00.000Z,346.64,347.53,346.31,346.46,395400
2026-01-07T19:30:00.000Z,346.43,346.6,345.88,346.12,311379
2026-01-07T19:45:00.000Z,346.13,346.2,344.89,344.91,335639
2026-01-07T20:00:00.000Z,344.9,345.38,344.3,344.41,385712
2026-01-07T20:15:00.000Z,344.41,344.8588,344.26,344.62,434967
2026-01-07T20:30:00.000Z,344.6,345,344.25,344.675,547728
2026-01-07T20:45:00.000Z,344.71,345.12,343.48,343.5,1442825
2026-01-08T14:30:00.000Z,342.78,343.68,335.15,335.68,2032753
2026-01-08T14:45:00.000Z,335.65,336.79,332.83,332.96,1712375
2026-01-08T15:00:00.000Z,332.96,334.7299,332.0001,334.595,1201256
2026-01-08T15:15:00.000Z,334.55,334.75,332.9,333.195,784017
2026-01-08T15:30:00.000Z,333.2,334.23,331.3,333.1471,1046476
2026-01-08T15:45:00.000Z,333.13,333.8,331.7896,333.7978,791538
2026-01-08T16:00:00.000Z,333.8,333.885,332.47,332.75,574864
2026-01-08T16:15:00.000Z,332.795,333.66,331.66,331.76,616467
2026-01-08T16:30:00.000Z,331.76,332.8816,330.71,332.725,716660
2026-01-08T16:45:00.000Z,332.725,333.4099,331.85,331.955,493754
2026-01-08T17:00:00.000Z,332.02,332.41,331.5,332.31,407620
2026-01-08T17:15:00.000Z,332.31,333.26,332.02,332.374,398898
2026-01-08T17:30:00.000Z,332.38,332.64,331.47,332.24,454105
2026-01-08T17:45:00.000Z,332.252,332.39,331.63,331.66,410869
2026-01-08T18:00:00.000Z,331.65,332,331.4,331.86,418712
2026-01-08T18:15:00.000Z,331.87,332.96,331.76,332.87,296620
2026-01-08T18:30:00.000Z,332.87,333.01,332.4,332.5,301211
2026-01-08T18:45:00.000Z,332.5025,332.6799,330.95,331.01,486023
2026-01-08T19:00:00.000Z,331,331.18,330.54,330.98,610341
2026-01-08T19:15:00.000Z,330.935,331.55,330.5,330.73,628396
2026-01-08T19:30:00.000Z,330.77,331.51,330.61,330.93,581195
2026-01-08T19:45:00.000Z,330.91,331.46,330.655,331.1,498561
2026-01-08T20:00:00.000Z,331.08,331.51,330.5801,331.375,435410
2026-01-08T20:15:00.000Z,331.35,333.35,330.96,333.02,690117
2026-01-08T20:30:00.000Z,333.04,333.36,331.5,331.56,1020457
2026-01-08T20:45:00.000Z,331.62,333.07,331.6,332.4,1917437
2026-01-09T14:30:00.000Z,337.92,338.36,333.5,337.551,1893017
2026-01-09T14:45:00.000Z,337.655,339.08,336.21,338.145,1085338
2026-01-09T15:00:00.000Z,338.2,339.73,336.23,339.665,1033532
2026-01-09T15:15:00.000Z,339.6108,341.7,339.3801,341.6319,1182819
2026-01-09T15:30:00.000Z,341.59,343.08,341.26,341.58,1082734
2026-01-09T15:45:00.000Z,341.5,343.6299,341.2026,343.5851,803497
2026-01-09T16:00:00.000Z,343.63,346.0699,343.4455,345.5901,1174721
2026-01-09T16:15:00.000Z,345.63,345.75,344.6,345.0415,619079
2026-01-09T16:30:00.000Z,345.055,345.42,343.83,344.1,764540
2026-01-09T16:45:00.000Z,344.07,345,343.9,344.245,481891
2026-01-09T17:00:00.000Z,344.245,344.79,343.75,343.79,353810
2026-01-09T17:15:00.000Z,343.79,344,343.43,343.73,316205
2026-01-09T17:30:00.000Z,343.71,344.585,343.31,344.58,305274
2026-01-09T17:45:00.000Z,344.57,345.09,344.48,344.91,424810
2026-01-09T18:00:00.000Z,344.9,345.44,344.75,345.395,567708
2026-01-09T18:15:00.000Z,345.36,345.6,344.146,344.83,423148
2026-01-09T18:30:00.000Z,344.805,345.08,344.43,344.51,380461
2026-01-09T18:45:00.000Z,344.54,345.08,344.42,344.94,335049
2026-01-09T19:00:00.000Z,344.915,346.51,344.71,346.41,596236
2026-01-09T19:15:00.000Z,346.45,346.53,345.85,346.01,329474
2026-01-09T19:30:00.000Z,346.01,346.36,345.89,346.205,372413
2026-01-09T19:45:00.000Z,346.2,346.8,346.05,346.635,443801
2026-01-09T20:00:00.000Z,346.62,347.39,346.6,346.7797,480874
2026-01-09T20:15:00.000Z,346.78,347.17,346.06,346.13,430209
2026-01-09T20:30:00.000Z,346.06,346.19,345.2,345.77,665856
2026-01-09T20:45:00.000Z,345.74,346.11,344.67,344.97,1258603
2026-01-12T14:30:00.000Z,340.95,352.33,340.95,351.205,2545294
2026-01-12T14:45:00.000Z,351.28,352.17,342.06,350.59,1046759
2026-01-12T15:00:00.000Z,350.59,351.45,349.2,351.39,690711
2026-01-12T15:15:00.000Z,351.45,351.6599,348.26,348.71,703725
2026-01-12T15:30:00.000Z,348.75,348.86,347.0401,348.21,556973
2026-01-12T15:45:00.000Z,348.205,350.28,347.51,349.97,542922
2026-01-12T16:00:00.000Z,349.95,350.3,349.34,350.09,456425
2026-01-12T16:15:00.000Z,350.145,350.85,349.58,349.7291,392089
2026-01-12T16:30:00.000Z,349.74,350.16,349.22,349.975,228377
2026-01-12T16:45:00.000Z,349.97,350.82,349,350.55,312971
2026-01-12T17:00:00.000Z,350.59,350.7,349.8075,350.3999,280724
2026-01-12T17:15:00.000Z,350.2798,350.9,349.56,350.02,308459
2026-01-12T17:30:00.000Z,350.01,350.41,349.82,350.38,203330
2026-01-12T17:45:00.000Z,350.32,350.6042,350.11,350.29,213735
2026-01-12T18:00:00.000Z,350.3,351.25,350.285,350.935,345693
2026-01-12T18:15:00.000Z,350.92,351.2,350.6801,351.1,182477
2026-01-12T18:30:00.000Z,351.04,352.08,351.0201,351.8,382320
2026-01-12T18:45:00.000Z,351.8375,351.94,351.09,351.85,211570
2026-01-12T19:00:00.000Z,351.81,352.625,351.16,352.37,425394
2026-01-12T19:15:00.000Z,352.365,353.29,352.31,353.225,370291
2026-01-12T19:30:00.000Z,353.225,353.6,353.1,353.3291,307690
2026-01-12T19:45:00.000Z,353.32,353.9,353.15,353.46,421230
2026-01-12T20:00:00.000Z,353.45,353.75,353.01,353.3827,364916
2026-01-12T20:15:00.000Z,353.4,353.68,353,353.67,395484
2026-01-12T20:30:00.000Z,353.65,353.69,352.17,352.17,620065
2026-01-12T20:45:00.000Z,352.12,353.51,352.02,352.23,1296182
2026-01-13T14:30:00.000Z,352.88,354.1,350.91,352.77,1314789
2026-01-13T14:45:00.000Z,352.5501,355.22,352.25,354.16,1028096
2026-01-13T15:00:00.000Z,354.15,355.4599,352.75,355.328,739738
2026-01-13T15:15:00.000Z,355.325,355.36,352.82,354.07,575004
2026-01-13T15:30:00.000Z,354.17,354.79,353.2,354.31,457260
2026-01-13T15:45:00.000Z,354.29,358,354.225,357.58,878633
2026-01-13T16:00:00.000Z,357.56,357.7599,356.36,356.377,514603
2026-01-13T16:15:00.000Z,356.44,357.06,355.56,356.74,441578
2026-01-13T16:30:00.000Z,356.73,358.25,356.42,357.48,570103
2026-01-13T16:45:00.000Z,357.51,359.1497,357.0616,358.635,752841
2026-01-13T17:00:00.000Z,358.62,359.49,358.15,358.47,459146
2026-01-13T17:15:00.000Z,358.47,358.5,357.09,358.4999,388448
2026-01-13T17:30:00.000Z,358.475,358.98,357.1375,357.165,337935
2026-01-13T17:45:00.000Z,357.165,358.06,355.77,356.13,324548
2026-01-13T18:00:00.000Z,356.135,358.16,355.6201,358.12,370255
2026-01-13T18:15:00.000Z,358.16,358.4225,357.13,357.314,256469
2026-01-13T18:30:00.000Z,357.26,358.06,356.425,356.6076,227465
2026-01-13T18:45:00.000Z,356.61,356.94,355.7,355.95,247175
2026-01-13T19:00:00.000Z,355.91,356.99,355.85,356.665,329467
2026-01-13T19:15:00.000Z,356.61,357.2,356.25,356.895,343379
2026-01-13T19:30:00.000Z,356.85,357.28,356.48,356.92,207155
2026-01-13T19:45:00.000Z,356.88,357.48,356.5,356.84,258280
2026-01-13T20:00:00.000Z,356.845,356.94,355.23,355.355,523657
2026-01-13T20:15:00.000Z,355.355,355.6712,354.75,354.83,394087
2026-01-13T20:30:00.000Z,354.8,354.99,354.245,354.73,382804
2026-01-13T20:45:00.000Z,354.72,355.05,353.93,354.545,1062596
2026-01-14T14:30:00.000Z,348.97,350.69,343.25,343.575,1794866
2026-01-14T14:45:00.000Z,343.575,345.05,341.23,341.56,1280544
2026-01-14T15:00:00.000Z,341.4975,341.78,339.54,341.05,1478586
2026-01-14T15:15:00.000Z,340.95,341.29,338.21,338.89,1134045
2026-01-14T15:30:00.000Z,338.89,339.57,337.53,337.85,1453249
2026-01-14T15:45:00.000Z,337.8,338.69,336.67,338.367,1009137
2026-01-14T16:00:00.000Z,338.397,339.58,335.88,336.21,1052249
2026-01-14T16:15:00.000Z,336.175,336.68,335.77,336.505,966815
2026-01-14T16:30:00.000Z,336.5,336.79,335.52,335.81,845155
2026-01-14T16:45:00.000Z,335.775,336.05,334.4201,335.903,904001
2026-01-14T17:00:00.000Z,335.81,337.58,335.41,337.52,736126
2026-01-14T17:15:00.000Z,337.52,337.6,336.3,337,573928
2026-01-14T17:30:00.000Z,336.99,337.0422,335.765,336.7207,438926
2026-01-14T17:45:00.000Z,336.695,337.2,335.5301,336.15,480020
2026-01-14T18:00:00.000Z,336.11,337.1499,335.95,337.02,404160
2026-01-14T18:15:00.000Z,337.025,337.29,336.15,336.8099,467966
2026-01-14T18:30:00.000Z,336.74,336.82,334.8,335.75,544544
2026-01-14T18:45:00.000Z,335.72,338.4499,335.6201,338.1893,499275
2026-01-14T19:00:00.000Z,338.14,338.46,337.51,337.695,1122322
2026-01-14T19:15:00.000Z,337.695,339.33,337.605,338.7232,653401
2026-01-14T19:30:00.000Z,338.76,339.4,337.82,337.85,542996
2026-01-14T19:45:00.000Z,337.8405,338.1099,336.4601,336.78,565984
2026-01-14T20:00:00.000Z,336.7375,339.14,336.0794,337.955,1007796
2026-01-14T20:15:00.000Z,337.955,339.47,337.69,339.06,527419
2026-01-14T20:30:00.000Z,339.065,340.61,338.88,338.89,1460250
2026-01-14T20:45:00.000Z,338.85,340.54,338.2,339.89,2789765
2026-01-15T14:30:00.000Z,349.12,349.5,343.87,347.52,2527211
2026-01-15T14:45:00.000Z,347.59,348.1,344,346.59,1275985
2026-01-15T15:00:00.000Z,346.55,349.3999,346.12,348.8,1193303
2026-01-15T15:15:00.000Z,348.76,349.68,346.7,347.005,975004
2026-01-15T15:30:00.000Z,347.005,349.68,346.69,347.42,731075
2026-01-15T15:45:00.000Z,347.36,347.87,346.2201,347.71,591891
2026-01-15T16:00:00.000Z,347.705,348.3,346.98,347.37,434552
2026-01-15T16:15:00.000Z,347.37,348.1,346.585,347.37,521981
2026-01-15T16:30:00.000Z,347.28,347.85,346.83,347.3427,349707
2026-01-15T16:45:00.000Z,347.36,347.88,346.64,347.3599,425537
2026-01-15T17:00:00.000Z,347.325,348.62,347.29,347.71,375087
2026-01-15T17:15:00.000Z,347.7,347.78,346.88,347.1,304735
2026-01-15T17:30:00.000Z,347.095,347.67,346.93,347.48,310331
2026-01-15T17:45:00.000Z,347.44,347.9,346.85,347.1967,497598
2026-01-15T18:00:00.000Z,347.15,347.5216,346.44,346.83,369592
2026-01-15T18:15:00.000Z,346.805,347.18,346.44,346.84,254948
2026-01-15T18:30:00.000Z,346.81,346.93,344.57,344.68,644113
2026-01-15T18:45:00.000Z,344.68,345.12,344.03,345.03,429602
2026-01-15T19:00:00.000Z,345.01,345.12,343.85,344.825,426634
2026-01-15T19:15:00.000Z,344.825,345.114,344.13,344.505,353645
2026-01-15T19:30:00.000Z,344.505,344.5399,343.28,344.33,518579
2026-01-15T19:45:00.000Z,344.31,344.42,342.788,343.035,491332
2026-01-15T20:00:00.000Z,343,344.75,342.62,344.1,455877
2026-01-15T20:15:00.000Z,344.06,344.27,342.77,344.11,616899
2026-01-15T20:30:00.000Z,344.1,344.13,342.44,342.995,527932
2026-01-15T20:45:00.000Z,342.97,343.52,341.67,343.06,1789620
2026-01-16T14:30:00.000Z,346.265,353.23,344.05,350.6698,3731466
2026-01-16T14:45:00.000Z,350.675,351.88,348.6655,348.835,928940
2026-01-16T15:00:00.000Z,348.835,349.59,347.21,347.4812,1251369
2026-01-16T15:15:00.000Z,347.64,347.8846,345.39,345.84,645428
2026-01-16T15:30:00.000Z,345.795,346.51,344.67,345.67,787062
2026-01-16T15:45:00.000Z,345.6935,348.01,345.0801,347.615,448934
2026-01-16T16:00:00.000Z,347.6,348.09,346.93,347.81,910508
2026-01-16T16:15:00.000Z,347.86,348,347.22,347.9,473946
2026-01-16T16:30:00.000Z,347.8575,348.03,347.44,347.49,508937
2026-01-16T16:45:00.000Z,347.57,347.97,346.5219,347.255,292065
2026-01-16T17:00:00.000Z,347.23,347.657,346.74,346.92,862665
2026-01-16T17:15:00.000Z,346.86,347.37,346.0284,346.15,377710
2026-01-16T17:30:00.000Z,346.07,346.4699,345.26,345.4325,362475
2026-01-16T17:45:00.000Z,345.38,345.395,344.45,344.54,322918
2026-01-16T18:00:00.000Z,344.59,345.05,344.32,344.97,281497
2026-01-16T18:15:00.000Z,344.98,345.97,344.9,345.755,311803
2026-01-16T18:30:00.000Z,345.74,346.66,345.63,346.35,281481
2026-01-16T18:45:00.000Z,346.33,347.215,346.27,347.0023,235087
2026-01-16T19:00:00.000Z,347.02,347.89,346.96,347.1,337521
2026-01-16T19:15:00.000Z,347.125,347.84,346.429,347.255,307355
2026-01-16T19:30:00.000Z,347.31,347.72,346.91,347.12,317922
2026-01-16T19:45:00.000Z,347.11,350,346.98,348.83,713465
2026-01-16T20:00:00.000Z,348.83,354.51,348.72,353.29,2530008
2026-01-16T20:15:00.000Z,353.28,353.98,351.36,352.1,1374489
2026-01-16T20:30:00.000Z,352.1,352.83,350.68,351.89,1068273
2026-01-16T20:45:00.000Z,351.85,352.4,351.18,351.73,2170733
2026-01-20T14:30:00.000Z,344.1,345.4,338.03,341.0751,2884635
2026-01-20T14:45:00.000Z,341.085,342.7123,339.66,341.14,1376223
2026-01-20T15:00:00.000Z,341.025,341.79,339.6,340.34,804803
2026-01-20T15:15:00.000Z,340.31,342.07,340.0464,341.0825,713468
2026-01-20T15:30:00.000Z,341.01,343.11,340.77,342.49,664370
2026-01-20T15:45:00.000Z,342.475,342.74,340.26,340.99,651873
2026-01-20T16:00:00.000Z,341,341.55,339.07,339.475,826864
2026-01-20T16:15:00.000Z,339.471,339.54,336.55,338.84,1567305
2026-01-20T16:30:00.000Z,338.84,338.87,336.81,336.9,805516
2026-01-20T16:45:00.000Z,336.9,337.82,335.98,337.01,922541
2026-01-20T17:00:00.000Z,337,337.09,335.38,335.73,803409
2026-01-20T17:15:00.000Z,335.74,335.94,334.85,335.25,1081487
2026-01-20T17:30:00.000Z,335.21,335.5299,334.52,334.6,683795
2026-01-20T17:45:00.000Z,334.615,335.1899,333.9,334.93,859957
2026-01-20T18:00:00.000Z,334.935,335.1296,333.58,334.2199,591657
2026-01-20T18:15:00.000Z,334.2,334.3699,333.32,333.32,602592
2026-01-20T18:30:00.000Z,333.32,334.09,332.7,334.0681,860962
2026-01-20T18:45:00.000Z,334.055,335.095,333.88,334.3887,773984
2026-01-20T19:00:00.000Z,334.43,336.03,334.35,335.065,628013
2026-01-20T19:15:00.000Z,335.03,335.27,333.7,334,499070
2026-01-20T19:30:00.000Z,333.97,335.0699,333.65,334.255,589246
2026-01-20T19:45:00.000Z,334.23,335.4,334.11,334.81,561595
2026-01-20T20:00:00.000Z,334.835,334.9799,333.7,334.08,540345
2026-01-20T20:15:00.000Z,334.0525,334.9,333.14,333.165,776927
2026-01-20T20:30:00.000Z,333.19,333.47,332.07,332.1,1008580
2026-01-20T20:45:00.000Z,332.12,332.82,331.8,332.6,2479022
2026-01-21T14:30:00.000Z,335.505,335.8,329.35,331.105,2239591
2026-01-21T14:45:00.000Z,331.04,333.9499,330.21,333.8678,1130138
2026-01-21T15:00:00.000Z,333.79,334.55,331.3001,331.645,950458
2026-01-21T15:15:00.000Z,331.645,332.5,331,331.645,946506
2026-01-21T15:30:00.000Z,331.645,331.8499,330.84,331.43,943476
2026-01-21T15:45:00.000Z,331.44,331.6399,330.595,330.84,957068
2026-01-21T16:00:00.000Z,330.82,330.91,328.9,329.785,1128261
2026-01-21T16:15:00.000Z,329.62,331.5,329.46,330.91,822368
2026-01-21T16:30:00.000Z,330.905,330.915,326.2,326.365,1517630
2026-01-21T16:45:00.000Z,326.365,327.34,325.25,325.33,1048770
2026-01-21T17:00:00.000Z,325.27,325.885,324.75,325.09,871287
2026-01-21T17:15:00.000Z,325.125,325.72,324.35,324.6999,698230
2026-01-21T17:30:00.000Z,324.62,325.59,324.2001,324.5,605595
2026-01-21T17:45:00.000Z,324.5,325.84,324.3,325.51,686223
2026-01-21T18:00:00.000Z,325.58,327.2799,324.33,326.79,504718
2026-01-21T18:15:00.000Z,326.815,327.5,325.87,327.19,491190
2026-01-21T18:30:00.000Z,327.19,327.59,326.12,326.26,381239
2026-01-21T18:45:00.000Z,326.2821,327.79,326,327.51,370024
2026-01-21T19:00:00.000Z,327.5,327.76,326.775,326.8901,373602
2026-01-21T19:15:00.000Z,327.02,329.6699,326.69,329.235,803885
2026-01-21T19:30:00.000Z,329.2575,331.35,328.68,330.94,1551963
2026-01-21T19:45:00.000Z,330.94,332.93,330.05,332.2145,2276612
2026-01-21T20:00:00.000Z,332.205,332.35,329.61,329.655,890996
2026-01-21T20:15:00.000Z,329.655,330,327.69,327.7001,964719
2026-01-21T20:30:00.000Z,327.71,329.18,327.2101,329.06,937893
2026-01-21T20:45:00.000Z,329.05,329.33,327.82,328.79,1923168
2026-01-22T14:30:00.000Z,335.35,336.99,331,332.47,2593105
2026-01-22T14:45:00.000Z,332.47,332.88,330,331.29,1163092
2026-01-22T15:00:00.000Z,331.36,331.43,328.82,329.23,1206242
2026-01-22T15:15:00.000Z,329.2,330.32,328.61,329.83,825791
2026-01-22T15:30:00.000Z,329.8,330.85,329.12,330.25,829207
2026-01-22T15:45:00.000Z,330.23,330.7799,329.68,329.955,1254952
2026-01-22T16:00:00.000Z,329.93,331.14,329.83,330.505,728695
2026-01-22T16:15:00.000Z,330.5,330.58,329.88,330.12,694802
2026-01-22T16:30:00.000Z,330.12,331.09,329.83,330.305,565280
2026-01-22T16:45:00.000Z,330.305,330.89,330.25,330.705,1052497
2026-01-22T17:00:00.000Z,330.7,330.74,330.15,330.52,498299
2026-01-22T17:15:00.000Z,330.5,330.63,329.42,330.1,479526
2026-01-22T17:30:00.000Z,330.12,330.5,329.24,329.26,366508
2026-01-22T17:45:00.000Z,329.265,329.51,329.03,329.23,434306
2026-01-22T18:00:00.000Z,329.25,329.87,328.94,329.58,535870
2026-01-22T18:15:00.000Z,329.62,329.87,329.22,329.51,377273
2026-01-22T18:30:00.000Z,329.51,329.51,328.12,328.13,552072
2026-01-22T18:45:00.000Z,328.12,328.43,327.61,328.32,494296
2026-01-22T19:00:00.000Z,328.325,328.6192,327.8,327.89,425598
2026-01-22T19:15:00.000Z,327.88,327.94,326.88,326.905,667682
2026-01-22T19:30:00.000Z,326.905,327.34,326.53,326.72,571125
2026-01-22T19:45:00.000Z,326.71,326.81,326.11,326.32,547060
2026-01-22T20:00:00.000Z,326.34,326.7,326.04,326.28,527546
2026-01-22T20:15:00.000Z,326.28,326.5,325.78,325.81,643234
2026-01-22T20:30:00.000Z,325.8,326,325.18,325.21,754583
2026-01-22T20:45:00.000Z,325.22,325.77,324.89,325.49,2004479
2026-01-23T14:30:00.000Z,319.3,321.89,314.11,316.745,5149140
2026-01-23T14:45:00.000Z,316.745,317.4,315.07,315.4,1592419
2026-01-23T15:00:00.000Z,315.4,316.67,315.23,315.99,1479620
2026-01-23T15:15:00.000Z,315.96,318.81,315.77,317.315,1899762
2026-01-23T15:30:00.000Z,317.315,318.59,316.58,318.5251,1248679
2026-01-23T15:45:00.000Z,318.53,321.5899,318.29,320.2603,1385100
2026-01-23T16:00:00.000Z,320.275,321.5,319.94,320.53,981745
2026-01-23T16:15:00.000Z,320.515,320.84,319.82,319.865,611564
2026-01-23T16:30:00.000Z,319.86,321.28,319.66,321.01,796364
2026-01-23T16:45:00.000Z,321.01,321.99,319.8,319.97,899577
2026-01-23T17:00:00.000Z,320.02,321.5,318.92,321.4136,529732
2026-01-23T17:15:00.000Z,321.455,321.51,320.32,320.44,410023
2026-01-23T17:30:00.000Z,320.42,320.68,319.05,319.21,479591
2026-01-23T17:45:00.000Z,319.21,319.64,318,318.3475,614180
2026-01-23T18:00:00.000Z,318.3,320.7194,318,320.215,511351
2026-01-23T18:15:00.000Z,320.24,320.8,319.55,319.55,339224
2026-01-23T18:30:00.000Z,319.6,319.84,318.75,319.085,391966
2026-01-23T18:45:00.000Z,319.05,319.84,318.78,319.129,456283
2026-01-23T19:00:00.000Z,319.1,319.89,319.02,319.745,568275
2026-01-23T19:15:00.000Z,319.73,320.7,319.72,319.785,406195
2026-01-23T19:30:00.000Z,319.75,320.34,319.55,319.84,367541
2026-01-23T19:45:00.000Z,319.815,319.9188,319.12,319.165,347442
2026-01-23T20:00:00.000Z,319.165,319.55,318.08,318.69,554857
2026-01-23T20:15:00.000Z,318.72,319.26,318.35,318.37,1066478
2026-01-23T20:30:00.000Z,318.375,319.615,318.18,319.5,655725
2026-01-23T20:45:00.000Z,319.5,320.34,319.43,320.04,1586315
2026-01-26T14:30:00.000Z,319.8,327.46,317.6,327.1,2652989
2026-01-26T14:45:00.000Z,327.13,328.01,325.01,325.22,1746581
2026-01-26T15:00:00.000Z,325.17,325.34,321.6,322.21,1372242
2026-01-26T15:15:00.000Z,322.21,323.52,322.01,322.79,734535
2026-01-26T15:30:00.000Z,322.79,323.32,322.05,322.63,572697
2026-01-26T15:45:00.000Z,322.655,325.89,322.56,325.73,791840
2026-01-26T16:00:00.000Z,325.67,326.48,323.9,324.21,894310
2026-01-26T16:15:00.000Z,324.22,325.26,323.48,324.75,670544
2026-01-26T16:30:00.000Z,324.77,326.5,324.5,326.34,441332
2026-01-26T16:45:00.000Z,326.39,327.36,325.85,326.87,506058
2026-01-26T17:00:00.000Z,326.83,327.82,326.63,327.68,462453
2026-01-26T17:15:00.000Z,327.68,328.68,327.04,327.3,570555
2026-01-26T17:30:00.000Z,327.39,327.79,326.89,327.61,376049
2026-01-26T17:45:00.000Z,327.615,327.6322,326.9,327.1,573037
2026-01-26T18:00:00.000Z,327.1,327.5799,325.85,326.095,377552
2026-01-26T18:15:00.000Z,326.03,328.41,326.03,328.215,448575
2026-01-26T18:30:00.000Z,328.22,328.65,327.34,327.69,419225
2026-01-26T18:45:00.000Z,327.7,328.45,327.5,328.36,552526
2026-01-26T19:00:00.000Z,328.355,328.49,327.4518,327.7462,384419
2026-01-26T19:15:00.000Z,327.69,328.05,327.26,327.48,940270
2026-01-26T19:30:00.000Z,327.4408,327.81,326.8,327.675,387907
2026-01-26T19:45:00.000Z,327.68,327.8014,326.5,326.72,540123
2026-01-26T20:00:00.000Z,326.76,326.84,326.19,326.575,500641
2026-01-26T20:15:00.000Z,326.63,326.71,325.93,326.1299,391385
2026-01-26T20:30:00.000Z,326.13,327,326.07,326.573,454300
2026-01-26T20:45:00.000Z,326.575,326.66,324.5,324.86,1552990
2026-01-27T14:30:00.000Z,329.76,330.25,327.14,328.09,2115522
2026-01-27T14:45:00.000Z,328.09,331.11,327.02,330.955,1429214
2026-01-27T15:00:00.000Z,330.86,331.32,327.8,328.12,1311500
2026-01-27T15:15:00.000Z,328.17,329.57,328.09,329.3305,924158
2026-01-27T15:30:00.000Z,329.2,331.17,328.87,330.739,728249
2026-01-27T15:45:00.000Z,330.74,332.2,329.69,330.8,1611297
2026-01-27T16:00:00.000Z,330.87,333.679,330.72,333.49,883288
2026-01-27T16:15:00.000Z,333.5,333.5,332.055,332.2485,563938
2026-01-27T16:30:00.000Z,332.29,332.77,331.39,331.94,584801
2026-01-27T16:45:00.000Z,331.99,332.07,331.22,331.62,458355
2026-01-27T17:00:00.000Z,331.69,333.1299,331.48,333.0036,587904
2026-01-27T17:15:00.000Z,333.05,333.8,332.72,333.215,564156
2026-01-27T17:30:00.000Z,333.21,334.76,332.91,334.345,611870
2026-01-27T17:45:00.000Z,334.29,334.65,332.319,332.925,964565
2026-01-27T18:00:00.000Z,332.93,333.19,331.36,332.0701,641514
2026-01-27T18:15:00.000Z,332.15,333,331.92,332.5706,412815
2026-01-27T18:30:00.000Z,332.5847,333.4299,332.3,333.38,414034
2026-01-27T18:45:00.000Z,333.4,333.57,332.32,333.4213,436814
2026-01-27T19:00:00.000Z,333.4499,333.4499,332.21,332.29,411695
2026-01-27T19:15:00.000Z,332.31,332.5,331.85,332,279897
2026-01-27T19:30:00.000Z,332.005,332.28,331.71,332.19,327796
2026-01-27T19:45:00.000Z,332.1825,332.47,331.85,332.0435,438193
2026-01-27T20:00:00.000Z,332.03,332.405,331.55,332.405,554525
2026-01-27T20:15:00.000Z,332.4225,332.93,331.93,331.99,471584
2026-01-27T20:30:00.000Z,331.97,332.7896,331.64,332.18,661442
2026-01-27T20:45:00.000Z,332.2125,332.9,331.15,332.8,1330559
2026-01-28T14:30:00.000Z,338.85,339.99,332.61,333.25,2051398
2026-01-28T14:45:00.000Z,333.36,335.13,331.71,332.55,1043155
2026-01-28T15:00:00.000Z,332.55,332.55,328.94,329.065,1395366
2026-01-28T15:15:00.000Z,329.075,331.6,328.94,331.08,727277
2026-01-28T15:30:00.000Z,330.9744,331.59,329.7801,330.11,548710
2026-01-28T15:45:00.000Z,330.09,330.2199,328.81,329.945,544507
2026-01-28T16:00:00.000Z,330.02,330.6,329.0801,329.35,440400
2026-01-28T16:15:00.000Z,329.34,329.5,328.295,329.115,631926
2026-01-28T16:30:00.000Z,329.18,329.18,327.5,327.5512,556733
2026-01-28T16:45:00.000Z,327.63,327.7,326.7,326.96,745146
2026-01-28T17:00:00.000Z,326.96,327.99,326.7,327.53,478807
2026-01-28T17:15:00.000Z,327.52,329.15,327.4963,329.12,539988
2026-01-28T17:30:00.000Z,329.09,330.2,329.05,329.91,454468
2026-01-28T17:45:00.000Z,329.953,331.1898,329.33,331.04,436968
2026-01-28T18:00:00.000Z,331.05,331.31,330.5001,331.13,394535
2026-01-28T18:15:00.000Z,331.1,331.279,330.2,330.342,394379
2026-01-28T18:30:00.000Z,330.35,331.54,330.265,330.775,376983
2026-01-28T18:45:00.000Z,330.82,331.25,330.53,330.875,202713
2026-01-28T19:00:00.000Z,330.875,331.29,329.62,330.37,296439
2026-01-28T19:15:00.000Z,330.31,331.19,329.72,330.405,351066
2026-01-28T19:30:00.000Z,330.48,331.97,328.11,330.1,536567
2026-01-28T19:45:00.000Z,330.13,332.5799,330.04,331.495,701570
2026-01-28T20:00:00.000Z,331.45,333.99,331.37,333.24,926825
2026-01-28T20:15:00.000Z,333.22,333.9,331.7301,331.905,1248732
2026-01-28T20:30:00.000Z,331.9075,332.93,331.41,332.8882,1177366
2026-01-28T20:45:00.000Z,332.845,333.79,331.89,333.251,1746521
2026-01-29T14:30:00.000Z,332.56,335.95,330.953,332.955,1902273
2026-01-29T14:45:00.000Z,333.12,335.1,332.02,332.32,812118
2026-01-29T15:00:00.000Z,332.34,332.5,325.85,326.15,1098097
2026-01-29T15:15:00.000Z,326.19,328.33,325.39,327.14,728535
2026-01-29T15:30:00.000Z,327.1075,327.73,323.6,323.94,818891
2026-01-29T15:45:00.000Z,323.95,324.13,320.56,320.626,1313943
2026-01-29T16:00:00.000Z,320.645,323.59,320.28,323.37,744576
2026-01-29T16:15:00.000Z,323.41,325.2,323.24,324.68,635696
2026-01-29T16:30:00.000Z,324.6,325.61,323.93,324.82,520777
2026-01-29T16:45:00.000Z,324.91,325.82,324.604,325.195,466868
2026-01-29T17:00:00.000Z,325.22,328,325.17,327.9,484921
2026-01-29T17:15:00.000Z,327.9,329.6495,327.9,328.9,435585
2026-01-29T17:30:00.000Z,328.99,330.32,328.62,328.95,397803
2026-01-29T17:45:00.000Z,328.95,329.08,327.34,327.97,316258
2026-01-29T18:00:00.000Z,328.04,330.7,328.04,330.7,383599
2026-01-29T18:15:00.000Z,330.61,330.89,329.29,329.716,334358
2026-01-29T18:30:00.000Z,329.71,330.46,329.29,330.16,341991
2026-01-29T18:45:00.000Z,330.0901,330.29,329.4531,329.95,220609
2026-01-29T19:00:00.000Z,329.915,330.32,329.38,329.9,263222
2026-01-29T19:15:00.000Z,329.95,330.17,329.31,329.35,224990
2026-01-29T19:30:00.000Z,329.35,329.6,328.4612,328.82,372310
2026-01-29T19:45:00.000Z,328.81,329.23,327.42,328.99,368238
2026-01-29T20:00:00.000Z,329.02,329.4,328.33,329.055,282755
2026-01-29T20:15:00.000Z,329.055,329.33,327.35,327.36,623952
2026-01-29T20:30:00.000Z,327.34,329.12,327.16,328.8,603139
2026-01-29T20:45:00.000Z,328.83,331.73,328.6801,330.75,1680652
2026-01-30T14:30:00.000Z,332.44,338.2,331.08,336.35,2027888
2026-01-30T14:45:00.000Z,336.26,337.88,332.5,333.0443,1333479
2026-01-30T15:00:00.000Z,333.03,333.54,331.17,332.38,991339
2026-01-30T15:15:00.000Z,332.38,332.84,330.4702,330.801,755355
2026-01-30T15:30:00.000Z,330.8,335.1,330.4,334.735,1016659
2026-01-30T15:45:00.000Z,334.735,335.83,333.81,334.48,504292
2026-01-30T16:00:00.000Z,334.52,335.93,334.0385,335.04,494810
2026-01-30T16:15:00.000Z,334.95,335.27,333.24,334.295,481074
2026-01-30T16:30:00.000Z,334.29,336.69,334.15,336.085,620260
2026-01-30T16:45:00.000Z,336.02,336.07,332.61,332.825,497263
2026-01-30T17:00:00.000Z,332.75,333.0699,331.56,332.12,318997
2026-01-30T17:15:00.000Z,332,332.89,331.35,331.98,468309
2026-01-30T17:30:00.000Z,331.88,332.1437,330.01,332.115,563417
2026-01-30T17:45:00.000Z,332.16,333.145,330.64,330.75,625209
2026-01-30T18:00:00.000Z,330.835,331.55,330.17,330.81,394782
2026-01-30T18:15:00.000Z,330.82,330.96,328.6,330.25,727973
2026-01-30T18:30:00.000Z,330.2,330.33,328.86,329.45,402830
2026-01-30T18:45:00.000Z,329.5,333.15,329.5,332.585,2581421
2026-01-30T19:00:00.000Z,332.585,332.72,331.0303,331.83,480733
2026-01-30T19:15:00.000Z,331.83,332.16,331.276,331.49,301071
2026-01-30T19:30:00.000Z,331.505,331.9,330.58,330.95,455682
2026-01-30T19:45:00.000Z,330.96,331.79,330.17,331.12,515773
2026-01-30T20:00:00.000Z,331.15,331.74,330.13,330.7,560383
2026-01-30T20:15:00.000Z,330.68,330.84,328.63,328.79,727188
2026-01-30T20:30:00.000Z,328.865,330.0899,328.33,329.8,1411596
2026-01-30T20:45:00.000Z,329.81,332.51,329.4301,331.42,2014993
2026-02-02T14:30:00.000Z,326.11,336.055,325.75,329.57,1680278
2026-02-02T14:45:00.000Z,329.44,331.61,328.91,330.07,582859
2026-02-02T15:00:00.000Z,330.02,333.43,329.98,332.99,781131
2026-02-02T15:15:00.000Z,333.06,334.28,332.3,332.925,564740
2026-02-02T15:30:00.000Z,332.925,333.88,332.58,333.115,373432
2026-02-02T15:45:00.000Z,333.089,333.5899,331.11,331.58,491395
2026-02-02T16:00:00.000Z,331.5801,331.86,330.62,331.55,342354
2026-02-02T16:15:00.000Z,331.54,331.92,330.88,331.68,342154
2026-02-02T16:30:00.000Z,331.64,332.19,330.7,330.705,365809
2026-02-02T16:45:00.000Z,330.715,331.42,329.9,331.16,310477
2026-02-02T17:00:00.000Z,331.15,332.79,331,332.495,353402
2026-02-02T17:15:00.000Z,332.48,333.98,332.27,333.87,347839
2026-02-02T17:30:00.000Z,333.92,335.61,333.68,334.98,470340
2026-02-02T17:45:00.000Z,335.0499,335.0499,333.93,334.15,484321
2026-02-02T18:00:00.000Z,334.06,334.06,333.1177,333.24,289298
2026-02-02T18:15:00.000Z,333.24,334.4,332.66,333.76,328298
2026-02-02T18:30:00.000Z,333.77,334.69,333.1801,334.315,250911
2026-02-02T18:45:00.000Z,334.3416,334.725,333.3501,333.49,294448
2026-02-02T19:00:00.000Z,333.49,334.25,333.49,333.82,270722
2026-02-02T19:15:00.000Z,333.8216,333.9499,333.37,333.48,240404
2026-02-02T19:30:00.000Z,333.46,333.8296,332.24,332.66,319490
2026-02-02T19:45:00.000Z,332.615,332.6499,330.71,330.83,348373
2026-02-02T20:00:00.000Z,330.82,331.6789,330.3,331.035,421919
2026-02-02T20:15:00.000Z,331,331.6,330.3,330.43,351523
2026-02-02T20:30:00.000Z,330.43,330.6,329.6,329.995,615709
2026-02-02T20:45:00.000Z,330.03,334.08,329.85,331.11,1073929
2026-02-03T14:30:00.000Z,336.74,338.9,327.68,327.885,2492096
2026-02-03T14:45:00.000Z,327.99,330.19,323.3975,323.4,1564292
2026-02-03T15:00:00.000Z,323.505,323.81,320.29,320.83,1476884
2026-02-03T15:15:00.000Z,320.895,321.82,316.95,319.44,1644304
2026-02-03T15:30:00.000Z,319.55,319.71,315.57,316.0045,1406646
2026-02-03T15:45:00.000Z,315.9603,319.99,315.03,319.7651,1200140
2026-02-03T16:00:00.000Z,319.7797,320.36,316.83,318.325,937236
2026-02-03T16:15:00.000Z,318.345,318.7484,316.68,316.715,728842
2026-02-03T16:30:00.000Z,316.75,317.03,314.6788,315.395,1164064
2026-02-03T16:45:00.000Z,315.38,316.5491,314.67,315.6402,608647
2026-02-03T17:00:00.000Z,315.595,315.66,313.55,313.635,824917
2026-02-03T17:15:00.000Z,313.635,313.97,312.22,312.22,1118079
2026-02-03T17:30:00.000Z,312.21,312.3,308.65,310.2699,1884244
2026-02-03T17:45:00.000Z,310.15,311.1,309.375,310.4087,805374
2026-02-03T18:00:00.000Z,310.45,312.6459,309.8601,310.825,773972
2026-02-03T18:15:00.000Z,310.83,311.9197,310.44,311.53,597917
2026-02-03T18:30:00.000Z,311.53,312.3199,310.25,310.25,656228
2026-02-03T18:45:00.000Z,310.255,310.6899,309.2,309.23,690409
2026-02-03T19:00:00.000Z,309.23,310.92,308.7,310.6977,1113931
2026-02-03T19:15:00.000Z,310.7099,311.5299,309.4,311,1038133
2026-02-03T19:30:00.000Z,311,311.75,310.21,311.17,691068
2026-02-03T19:45:00.000Z,311.16,313.86,310.84,313.12,830606
2026-02-03T20:00:00.000Z,313.1,313.195,311.29,312.305,636208
2026-02-03T20:15:00.000Z,312.24,316.4,311.66,316.085,1189480
2026-02-03T20:30:00.000Z,316.06,317.5,315.22,317.325,1121220
2026-02-03T20:45:00.000Z,317.325,320.75,317.01,320.36,3693762
2026-02-04T14:30:00.000Z,319.51,319.51,313.13,317.75,1860241
2026-02-04T14:45:00.000Z,317.7,318.6902,313.62,314.1839,1012323
2026-02-04T15:00:00.000Z,314.15,314.16,311.17,313.4205,1301922
2026-02-04T15:15:00.000Z,313.535,314.47,310.83,312.965,956466
2026-02-04T15:30:00.000Z,312.965,314.47,310.19,313.04,920944
2026-02-04T15:45:00.000Z,313.045,313.41,308.05,308.65,1003589
2026-02-04T16:00:00.000Z,308.67,309.7999,307.54,309.26,1545590
2026-02-04T16:15:00.000Z,309.28,309.55,306.04,307.68,1242996
2026-02-04T16:30:00.000Z,307.75,307.9,303.36,303.47,1248097
2026-02-04T16:45:00.000Z,303.47,304.6499,302.05,304.3404,1681429
2026-02-04T17:00:00.000Z,304.35,304.67,302.31,302.4777,871470
2026-02-04T17:15:00.000Z,302.51,302.66,298.82,299.1001,1687235
2026-02-04T17:30:00.000Z,299.09,300.1,295.44,296.7,1633890
2026-02-04T17:45:00.000Z,296.62,297.88,295.3,297.63,1252158
2026-02-04T18:00:00.000Z,297.65,298.2,296.21,297.54,938160
2026-02-04T18:15:00.000Z,297.553,300.18,296.51,299.855,919769
2026-02-04T18:30:00.000Z,299.81,299.99,297.38,298.81,853013
2026-02-04T18:45:00.000Z,298.845,302.14,297.6,301.93,1042171
2026-02-04T19:00:00.000Z,301.95,303.2499,301,303.035,1143427
2026-02-04T19:15:00.000Z,303,304.35,301.95,304.0745,875116
2026-02-04T19:30:00.000Z,304.14,305.76,304.025,304.2515,1370234
2026-02-04T19:45:00.000Z,304.29,308.64,304.25,307.91,1229786
2026-02-04T20:00:00.000Z,307.91,308.46,306.6,307.1579,750891
2026-02-04T20:15:00.000Z,307.2,309.08,306.77,308.77,778202
2026-02-04T20:30:00.000Z,308.75,309.38,307.93,308.585,1160989
2026-02-04T20:45:00.000Z,308.56,309.5,307.76,307.85,3024618
2026-02-05T14:30:00.000Z,314.335,325.55,309,324.79,5062440
2026-02-05T14:45:00.000Z,324.99,326.53,317.59,318.14,3677231
2026-02-05T15:00:00.000Z,318.25,319.08,312.63,313.18,2073134
2026-02-05T15:15:00.000Z,313.23,316.215,312.6,313.035,1620366
2026-02-05T15:30:00.000Z,313.06,319.6299,312.01,318.05,1411606
2026-02-05T15:45:00.000Z,317.95,318.38,312.87,314.22,993190
2026-02-05T16:00:00.000Z,314.28,315.56,311.9,312.65,1029766
2026-02-05T16:15:00.000Z,312.72,318.35,312.54,318.105,1033724
2026-02-05T16:30:00.000Z,318.075,320.77,318.075,319.67,1311407
2026-02-05T16:45:00.000Z,319.7199,320.8,317.9001,319.684,724093
2026-02-05T17:00:00.000Z,319.67,319.83,317.3,317.885,666330
2026-02-05T17:15:00.000Z,317.78,320.9699,317.11,320.005,687760
2026-02-05T17:30:00.000Z,320.005,321.91,319.4225,321.37,540602
2026-02-05T17:45:00.000Z,321.47,321.93,319.71,320.75,632664
2026-02-05T18:00:00.000Z,320.82,321.4399,317.93,318.795,3621295
2026-02-05T18:15:00.000Z,318.92,319.2,316.6,317.37,577111
2026-02-05T18:30:00.000Z,317.325,318.18,316.6701,317.17,448157
2026-02-05T18:45:00.000Z,317.16,317.4231,315.65,316.051,594885
2026-02-05T19:00:00.000Z,316.05,317.47,315.35,317.02,641451
2026-02-05T19:15:00.000Z,317,317.34,314.53,314.71,660423
2026-02-05T19:30:00.000Z,314.77,314.8199,312.9,313.77,774139
2026-02-05T19:45:00.000Z,313.77,314.0232,312.43,313.1,892348
2026-02-05T20:00:00.000Z,313.1,315.32,312.56,312.58,798730
2026-02-05T20:15:00.000Z,312.62,312.63,307.72,308.05,1679612
2026-02-05T20:30:00.000Z,308.02,308.5,306.7001,308.115,1795149
2026-02-05T20:45:00.000Z,308.08,310.96,307.13,310.41,2262984
2026-02-06T14:30:00.000Z,320.1,326.56,316.3,326.545,3356654
2026-02-06T14:45:00.000Z,326.57,327.98,323.5,325.48,1770947
2026-02-06T15:00:00.000Z,325.475,326.295,322.0501,322.61,1488483
2026-02-06T15:15:00.000Z,322.61,327.77,321.67,325.37,1293002
2026-02-06T15:30:00.000Z,325.4,325.5,323.15,324.94,1029975
2026-02-06T15:45:00.000Z,324.865,326.845,323.7101,326.01,910461
2026-02-06T16:00:00.000Z,326.08,329.41,325.775,328.855,1143941
2026-02-06T16:15:00.000Z,328.855,329.2,327.2,329.05,821656
2026-02-06T16:30:00.000Z,329.05,331.54,328.72,330.95,1835243
2026-02-06T16:45:00.000Z,330.95,331.56,330,331.27,1094091
2026-02-06T17:00:00.000Z,331.28,332.35,330.7501,332.24,1070493
2026-02-06T17:15:00.000Z,332.24,333.45,331.75,333.185,732066
2026-02-06T17:30:00.000Z,333.14,335,332.975,333.67,1323675
2026-02-06T17:45:00.000Z,333.7,334.2,333.01,333.424,668543
2026-02-06T18:00:00.000Z,333.41,334.39,333.22,333.27,635078
2026-02-06T18:15:00.000Z,333.31,333.7299,332.54,332.975,577411
2026-02-06T18:30:00.000Z,332.96,333.7599,332.5,333.44,494968
2026-02-06T18:45:00.000Z,333.42,333.78,333.14,333.185,396899
2026-02-06T19:00:00.000Z,333.185,333.73,332.31,332.355,1043835
2026-02-06T19:15:00.000Z,332.39,333,331.61,332.885,453196
2026-02-06T19:30:00.000Z,332.83,332.95,331.75,331.87,566102
2026-02-06T19:45:00.000Z,331.87,333.38,331.87,332.78,572436
2026-02-06T20:00:00.000Z,332.8,334.36,332.41,333.27,779579
2026-02-06T20:15:00.000Z,333.27,333.73,332.54,332.975,796252
2026-02-06T20:30:00.000Z,332.97,333.95,332.69,333.41,1019913
2026-02-06T20:45:00.000Z,333.425,334.26,332.43,332.92,2456086
2026-02-09T14:30:00.000Z,330.77,341.3299,330.65,340.92,2237162
2026-02-09T14:45:00.000Z,341.0234,343.5,336.62,336.8,1755871
2026-02-09T15:00:00.000Z,336.73,339.8,335.35,339.735,958996
2026-02-09T15:15:00.000Z,339.78,341.2499,337.66,339.115,839248
2026-02-09T15:30:00.000Z,339.1265,342.0399,339.115,341.3025,896886
2026-02-09T15:45:00.000Z,341.275,343.05,340.91,342.29,841165
2026-02-09T16:00:00.000Z,342.26,344.4621,342.14,344.35,898831
2026-02-09T16:15:00.000Z,344.36,346.35,344.08,346.245,1061285
2026-02-09T16:30:00.000Z,346.245,347.81,345.47,347.81,1383135
2026-02-09T16:45:00.000Z,347.76,348.88,347.2401,347.51,1728783
2026-02-09T17:00:00.000Z,347.51,351.86,347.25,351.78,2101242
2026-02-09T17:15:00.000Z,351.78,352.34,349.94,350.115,1645814
2026-02-09T17:30:00.000Z,350.2,350.42,348.38,348.7,840718
2026-02-09T17:45:00.000Z,348.685,349.92,347.86,348.985,997036
2026-02-09T18:00:00.000Z,348.94,349.3,347.42,347.845,720269
2026-02-09T18:15:00.000Z,347.835,348.175,346.01,346.62,587748
2026-02-09T18:30:00.000Z,346.75,347.95,346.45,347.3,497512
2026-02-09T18:45:00.000Z,347.27,348.25,346.2,347.3,527186
2026-02-09T19:00:00.000Z,347.27,348.7,346.85,348.5,518914
2026-02-09T19:15:00.000Z,348.5,348.55,347.39,347.89,394864
2026-02-09T19:30:00.000Z,347.89,348.46,347.5801,347.96,389946
2026-02-09T19:45:00.000Z,347.96,348.285,346.2273,346.315,425297
2026-02-09T20:00:00.000Z,346.3,346.7,345.73,345.935,662064
2026-02-09T20:15:00.000Z,345.91,346.3799,344.86,344.97,675686
2026-02-09T20:30:00.000Z,344.97,345.81,344.5301,345.49,881221
2026-02-09T20:45:00.000Z,345.52,345.83,343.77,343.79,1519320
2026-02-10T14:30:00.000Z,347.47,348.01,342.08,344.94,2233350
2026-02-10T14:45:00.000Z,344.92,346.82,342.3,345.39,1041512
2026-02-10T15:00:00.000Z,345.49,346.68,344.46,345.27,582623
2026-02-10T15:15:00.000Z,345.27,347.55,344.3401,346.625,589609
2026-02-10T15:30:00.000Z,346.55,347.25,344.54,344.81,524346
2026-02-10T15:45:00.000Z,344.88,345.51,343.23,343.355,832644
2026-02-10T16:00:00.000Z,343.28,344.6625,342.25,342.895,693840
2026-02-10T16:15:00.000Z,342.905,343.48,341.37,341.527,594316
2026-02-10T16:30:00.000Z,341.54,342.61,341.1,341.725,604541
2026-02-10T16:45:00.000Z,341.7248,343.415,341.64,342.49,439398
2026-02-10T17:00:00.000Z,342.2901,343.4589,341.88,343.3899,354804
2026-02-10T17:15:00.000Z,343.39,344.07,342.94,343.12,363922
2026-02-10T17:30:00.000Z,343.125,343.49,342.08,342.98,268173
2026-02-10T17:45:00.000Z,342.899,343.36,342.46,342.94,262305
2026-02-10T18:00:00.000Z,342.975,343.31,342.53,342.845,181782
2026-02-10T18:15:00.000Z,342.85,342.85,341.76,341.88,227910
2026-02-10T18:30:00.000Z,341.875,342.44,341.55,342.0841,186756
2026-02-10T18:45:00.000Z,342.06,343.08,341.56,342.95,213555
2026-02-10T19:00:00.000Z,342.915,343.08,341.76,341.85,330323
2026-02-10T19:15:00.000Z,341.91,342.1799,341.56,341.9698,191427
2026-02-10T19:30:00.000Z,341.92,342.11,341.43,341.62,311852
2026-02-10T19:45:00.000Z,341.62,342.64,341.25,342.425,273168
2026-02-10T20:00:00.000Z,342.35,342.5999,340.85,340.92,356549
2026-02-10T20:15:00.000Z,340.89,341.15,340.56,340.87,371615
2026-02-10T20:30:00.000Z,340.79,341.09,339.84,340.2,523218
2026-02-10T20:45:00.000Z,340.22,341.035,339.87,340.41,1505242
2026-02-11T14:30:00.000Z,346.8,347.2,341.4,343.34,1456191
2026-02-11T14:45:00.000Z,343.23,346.32,339.96,340.515,938996
2026-02-11T15:00:00.000Z,340.6,341.165,335.6,336.86,938686
2026-02-11T15:15:00.000Z,336.855,337,333.74,334.505,888766
2026-02-11T15:30:00.000Z,334.38,338.23,334.21,337.52,580435
2026-02-11T15:45:00.000Z,337.64,339.3688,335.85,339.2,562393
2026-02-11T16:00:00.000Z,339.15,339.33,337,339.18,312059
2026-02-11T16:15:00.000Z,339.1,339.53,336.86,336.9665,354992
2026-02-11T16:30:00.000Z,336.9,338.93,336.42,338.14,431472
2026-02-11T16:45:00.000Z,338.14,338.88,337.73,338.37,301511
2026-02-11T17:00:00.000Z,338.39,340.38,337.56,340.175,329377
2026-02-11T17:15:00.000Z,340.175,342.45,339.5738,342.29,347480
2026-02-11T17:30:00.000Z,342.28,342.43,340.77,341.03,260427
2026-02-11T17:45:00.000Z,341,342.26,340.75,341.28,263911
2026-02-11T18:00:00.000Z,341.2882,342.39,340.65,340.6976,340250
2026-02-11T18:15:00.000Z,340.65,342.22,340.519,341.8325,232982
2026-02-11T18:30:00.000Z,341.825,341.99,340.14,340.49,281795
2026-02-11T18:45:00.000Z,340.5,343.526,340.455,343.14,547557
2026-02-11T19:00:00.000Z,343.135,343.1599,342.0425,342.305,338829
2026-02-11T19:15:00.000Z,342.305,343.995,342.22,343.945,391638
2026-02-11T19:30:00.000Z,343.93,344.29,343.231,344.2715,286709
2026-02-11T19:45:00.000Z,344.29,344.98,343.2,343.41,443115
2026-02-11T20:00:00.000Z,343.41,343.91,342.9,342.935,377400
2026-02-11T20:15:00.000Z,342.94,343.64,342.1733,342.21,417088
2026-02-11T20:30:00.000Z,342.21,343.14,341.61,342.17,625387
2026-02-11T20:45:00.000Z,342.17,343.15,342.14,342.58,1114824
2026-02-12T14:30:00.000Z,343.83,346.2881,341.7401,342.9499,1532239
2026-02-12T14:45:00.000Z,342.7165,343.4399,338.2,339.19,968643
2026-02-12T15:00:00.000Z,338.945,340.42,337.32,338.71,945243
2026-02-12T15:15:00.000Z,338.735,340.1,337.69,339.8725,672423
2026-02-12T15:30:00.000Z,339.815,340.16,337.02,337.2,734366
2026-02-12T15:45:00.000Z,337.1,338.43,336.17,336.61,773559
2026-02-12T16:00:00.000Z,336.545,337.36,334.69,334.845,785470
2026-02-12T16:15:00.000Z,334.8,335.123,332.5,333.32,862969
2026-02-12T16:30:00.000Z,333.43,336.3297,332.8901,335,797319
2026-02-12T16:45:00.000Z,334.93,336.41,334.55,335.37,495389
2026-02-12T17:00:00.000Z,335.28,335.72,333.59,333.865,388514
2026-02-12T17:15:00.000Z,333.79,336.26,333.355,334.925,350951
2026-02-12T17:30:00.000Z,334.925,336.075,334.08,334.15,343631
2026-02-12T17:45:00.000Z,334.23,335.59,333.89,334.03,357610
2026-02-12T18:00:00.000Z,334.01,335.1617,333.23,334.48,390592
2026-02-12T18:15:00.000Z,334.5,334.55,332.34,332.9,552519
2026-02-12T18:30:00.000Z,332.87,334.51,332.29,334.4,441475
2026-02-12T18:45:00.000Z,334.38,334.77,333.47,333.675,366560
2026-02-12T19:00:00.000Z,333.64,334.59,332.7601,333.445,372175
2026-02-12T19:15:00.000Z,333.445,334.595,333,333.2,385412
2026-02-12T19:30:00.000Z,333.22,334.89,333.16,334.28,349182
2026-02-12T19:45:00.000Z,334.28,334.4899,332.33,332.915,408024
2026-02-12T20:00:00.000Z,332.97,333.52,331.8,332.37,383433
2026-02-12T20:15:00.000Z,332.37,332.4075,330.27,330.435,533136
2026-02-12T20:30:00.000Z,330.39,331.9099,329.56,331.065,911221
2026-02-12T20:45:00.000Z,331.12,332.13,330.34,331.05,1453953
2026-02-13T14:30:00.000Z,329.85,333.48,326.1487,329.085,1564697
2026-02-13T14:45:00.000Z,329.09,334.32,327.87,328.06,967963
2026-02-13T15:00:00.000Z,328.04,329.71,326.995,327.08,906468
2026-02-13T15:15:00.000Z,327.205,329.7599,326.5,328.83,680892
2026-02-13T15:30:00.000Z,328.83,330.85,327.61,327.83,562514
2026-02-13T15:45:00.000Z,327.975,329.5,325.39,328.71,574005
2026-02-13T16:00:00.000Z,328.8,330.19,328.26,328.81,443449
2026-02-13T16:15:00.000Z,328.74,329.1,327.2,328.62,394304
2026-02-13T16:30:00.000Z,328.59,329.05,326.95,328.6601,535203
2026-02-13T16:45:00.000Z,328.8,330.11,328.14,328.795,423703
2026-02-13T17:00:00.000Z,328.7,330.62,328.4,330.465,376788
2026-02-13T17:15:00.000Z,330.51,331.32,329.18,330.75,382743
2026-02-13T17:30:00.000Z,330.6801,331.2,330.25,330.56,280604
2026-02-13T17:45:00.000Z,330.5,330.96,329.01,329.06,246492
2026-02-13T18:00:00.000Z,329.1328,329.49,328.05,329.18,349953
2026-02-13T18:15:00.000Z,329.08,329.93,328.68,328.77,236917
2026-02-13T18:30:00.000Z,328.76,329.35,327.42,327.4812,290453
2026-02-13T18:45:00.000Z,327.51,328.6,326.99,327.74,431503
2026-02-13T19:00:00.000Z,327.66,327.88,326.3,326.8,290271
2026-02-13T19:15:00.000Z,326.79,327.4099,326.31,326.85,251200
2026-02-13T19:30:00.000Z,326.93,327.56,326.16,326.36,325156
2026-02-13T19:45:00.000Z,326.3,327.305,325.94,326.7574,361219
2026-02-13T20:00:00.000Z,326.725,328.4799,326.22,326.27,543310
2026-02-13T20:15:00.000Z,326.32,327.87,325.96,326.19,493587
2026-02-13T20:30:00.000Z,326.19,326.5299,325,325.74,614773
2026-02-13T20:45:00.000Z,325.74,326.6,324.69,325.11,1613713
2026-02-17T14:30:00.000Z,319.675,325.97,316.88,322.105,1579445
2026-02-17T14:45:00.000Z,322.25,322.39,316.71,316.77,762124
2026-02-17T15:00:00.000Z,316.77,323.13,316.31,322.89,809645
2026-02-17T15:15:00.000Z,323.1,325.96,322.42,324.2624,738925
2026-02-17T15:30:00.000Z,324.285,325.16,322.84,325.04,508829
2026-02-17T15:45:00.000Z,325.07,328.07,324.58,327.15,648285
2026-02-17T16:00:00.000Z,327.22,331.23,327.22,330.84,737845
2026-02-17T16:15:00.000Z,330.84,331.28,329.91,330.305,451744
2026-02-17T16:30:00.000Z,330.305,331.81,329.63,330.8,613988
2026-02-17T16:45:00.000Z,330.9,332.88,330.77,331.9294,434952
2026-02-17T17:00:00.000Z,331.9,332.45,330.69,331.1458,317901
2026-02-17T17:15:00.000Z,331.18,331.99,330.46,331.95,251734
2026-02-17T17:30:00.000Z,332,332.21,329.35,329.51,320282
2026-02-17T17:45:00.000Z,329.51,330.8999,328.9,330.745,266529
2026-02-17T18:00:00.000Z,330.82,330.8999,329.16,330,226668
2026-02-17T18:15:00.000Z,330.0101,332.25,329.67,331.98,274746
2026-02-17T18:30:00.000Z,332.03,333.52,331.72,332.665,300564
2026-02-17T18:45:00.000Z,332.67,333.51,332.34,332.77,272871
2026-02-17T19:00:00.000Z,332.74,333.17,332.16,332.94,258358
2026-02-17T19:15:00.000Z,332.935,334.22,332.5501,333.32,463038
2026-02-17T19:30:00.000Z,333.41,335.75,333.21,334.81,761368
2026-02-17T19:45:00.000Z,334.81,334.81,333.36,333.585,292263
2026-02-17T20:00:00.000Z,333.58,334.26,333.18,334.14,344462
2026-02-17T20:15:00.000Z,334.075,334.36,332.95,333.5701,388797
2026-02-17T20:30:00.000Z,333.57,335.2851,333.47,335.05,755688
2026-02-17T20:45:00.000Z,335.05,335.26,331.8301,332.64,1620879
2026-02-18T14:30:00.000Z,329.52,331.62,327.23,330.675,1193553
2026-02-18T14:45:00.000Z,330.55,333.74,328.3,332.785,668422
2026-02-18T15:00:00.000Z,332.775,335.29,332.53,334.25,628068
2026-02-18T15:15:00.000Z,334.315,336.332,333.77,335.68,778139
2026-02-18T15:30:00.000Z,335.68,335.8499,334.1001,335.34,425852
2026-02-18T15:45:00.000Z,335.29,337.88,335.12,337.415,630911
2026-02-18T16:00:00.000Z,337.44,337.4945,336.075,337.285,533139
2026-02-18T16:15:00.000Z,337.31,337.5,335.5148,336.65,329207
2026-02-18T16:30:00.000Z,336.64,337.12,336.31,336.725,310198
2026-02-18T16:45:00.000Z,336.66,337.025,335.0401,335.29,267427
2026-02-18T17:00:00.000Z,335.348,336.6304,335.2,335.415,222800
2026-02-18T17:15:00.000Z,335.37,335.96,335.11,335.335,163819
2026-02-18T17:30:00.000Z,335.335,335.4,334.49,335.08,228372
2026-02-18T17:45:00.000Z,334.99,335.55,334.99,335.065,155384
2026-02-18T18:00:00.000Z,335.04,336.01,334.9,335.39,172712
2026-02-18T18:15:00.000Z,335.3414,335.835,335,335.2051,134895
2026-02-18T18:30:00.000Z,335.18,335.93,334.1401,334.52,226563
2026-02-18T18:45:00.000Z,334.59,335.6,334.32,335.43,196616
2026-02-18T19:00:00.000Z,335.43,335.49,334.7001,335.0351,180502
2026-02-18T19:15:00.000Z,335.02,335.1,333.9019,334,264277
2026-02-18T19:30:00.000Z,334.11,334.3,332.2,332.84,233795
2026-02-18T19:45:00.000Z,332.765,333.49,331.13,331.48,242618
2026-02-18T20:00:00.000Z,331.55,333.06,331.36,331.81,321071
2026-02-18T20:15:00.000Z,331.86,332.36,331.16,331.91,276697
2026-02-18T20:30:00.000Z,331.86,333.92,331.67,333.59,295441
2026-02-18T20:45:00.000Z,333.65,334.74,333.23,333.43,1350283
2026-02-19T14:30:00.000Z,333.01,333.36,329.68,331.5,899706
2026-02-19T14:45:00.000Z,331.57,336.34,330.48,336.13,776352
2026-02-19T15:00:00.000Z,336.005,338.15,335.0201,335.61,696646
2026-02-19T15:15:00.000Z,335.61,336.5,333.78,334.365,450533
2026-02-19T15:30:00.000Z,334.36,337.19,333.88,336.9,505513
2026-02-19T15:45:00.000Z,336.97,337.53,335.865,337.497,430488
2026-02-19T16:00:00.000Z,337.48,337.89,336.09,336.83,438304
2026-02-19T16:15:00.000Z,336.855,338.44,336.65,336.67,501188
2026-02-19T16:30:00.000Z,336.73,337.4,334.8,334.905,409504
2026-02-19T16:45:00.000Z,335.01,335.98,334.3876,334.8799,366290
2026-02-19T17:00:00.000Z,334.78,335.17,334.0801,335.01,425214
2026-02-19T17:15:00.000Z,335.04,337.05,334.75,336.6779,265092
2026-02-19T17:30:00.000Z,336.64,337.13,335.56,335.7163,332916
2026-02-19T17:45:00.000Z,335.73,335.81,334.64,334.94,264835
2026-02-19T18:00:00.000Z,334.86,336.39,334.8,336.25,205920
2026-02-19T18:15:00.000Z,336.22,336.39,334.76,335.76,224471
2026-02-19T18:30:00.000Z,335.765,336.06,334.09,334.4125,267395
2026-02-19T18:45:00.000Z,334.425,334.85,333.34,333.92,268023
2026-02-19T19:00:00.000Z,333.92,334.15,333.24,333.76,219091
2026-02-19T19:15:00.000Z,333.83,334.48,332.6,333,258647
2026-02-19T19:30:00.000Z,332.98,333.56,332.36,332.605,314365
2026-02-19T19:45:00.000Z,332.605,333.3,332.26,332.7,284626
2026-02-19T20:00:00.000Z,332.64,333.86,330.6,330.845,480246
2026-02-19T20:15:00.000Z,330.845,331.67,330.5,331.43,349474
2026-02-19T20:30:00.000Z,331.4,332.34,331.38,332.0425,446789
2026-02-19T20:45:00.000Z,332.065,334.32,332.01,333.92,1273169
2026-02-20T14:30:00.000Z,332.355,338.2,329.58,338.13,1737614
2026-02-20T14:45:00.000Z,338.19,339.44,335.91,336.67,637074
2026-02-20T15:00:00.000Z,336.845,340.11,332.6401,333.85,1987211
2026-02-20T15:15:00.000Z,333.83,336.8,332.01,335.255,442798
2026-02-20T15:30:00.000Z,335.13,336.68,333.24,336.36,533181
2026-02-20T15:45:00.000Z,336.42,338.215,335.25,337.92,369927
2026-02-20T16:00:00.000Z,337.945,338.43,335.9,336.0861,434678
2026-02-20T16:15:00.000Z,336.03,336.695,333.96,334.525,548318
2026-02-20T16:30:00.000Z,334.505,336.76,334.23,336.545,326493
2026-02-20T16:45:00.000Z,336.6,337.56,335.47,335.549,497665
2026-02-20T17:00:00.000Z,335.6,335.71,334,334.08,417371
2026-02-20T17:15:00.000Z,334.08,334.19,331.415,332.4,304717
2026-02-20T17:30:00.000Z,332.35,333.69,331.85,333.14,387653
2026-02-20T17:45:00.000Z,333.185,335.06,333,335,334176
2026-02-20T18:00:00.000Z,334.96,335.19,333.425,333.7,564385
2026-02-20T18:15:00.000Z,333.7365,333.9799,332.64,332.91,453584
2026-02-20T18:30:00.000Z,332.845,334.47,332.14,334.35,316637
2026-02-20T18:45:00.000Z,334.255,335.4,333.81,333.84,283554
2026-02-20T19:00:00.000Z,333.8,334.28,333.31,333.4558,230348
2026-02-20T19:15:00.000Z,333.46,334.8,333.33,334.07,222597
2026-02-20T19:30:00.000Z,334.01,334.305,332.6,332.89,342860
2026-02-20T19:45:00.000Z,332.94,333.05,332.3501,332.44,327788
2026-02-20T20:00:00.000Z,332.41,333.62,332.32,332.85,446036
2026-02-20T20:15:00.000Z,332.873,333.19,332.35,332.51,364032
2026-02-20T20:30:00.000Z,332.51,332.85,332.33,332.45,413403
2026-02-20T20:45:00.000Z,332.45,332.73,331.2,332.67,1342522
2026-02-23T14:30:00.000Z,332.25,338.5,331.89,334.61,1512163.991779
2026-02-23T14:45:00.000Z,334.6805,337.5,333.36,336.66,710475.50717
2026-02-23T15:00:00.000Z,336.63,337,334.43,335.345,648079.306826
2026-02-23T15:15:00.000Z,335.4,337.715,335.2,335.475,579176.447785
2026-02-23T15:30:00.000Z,335.54,336.34,333.62,333.7,356258.85869100003
2026-02-23T15:45:00.000Z,333.77,333.78,331.05,331.11,464524.02806099993
2026-02-23T16:00:00.000Z,331.14,331.91,330.47,331.035,337780.564819
2026-02-23T16:15:00.000Z,331.08,332.64,330.47,332.45,358988.065537
2026-02-23T16:30:00.000Z,332.45,333.7996,332.24,333.28,300501.50550900004
2026-02-23T16:45:00.000Z,333.28,333.3745,331.02,331.405,453342.328125
2026-02-23T17:00:00.000Z,331.32,331.924,331,331.35,313785.166391
2026-02-23T17:15:00.000Z,331.32,332.27,331.2,331.725,218352.08967300004
2026-02-23T17:30:00.000Z,331.66,331.84,329.68,330.025,352613.81798799994
2026-02-23T17:45:00.000Z,330.025,330.66,329.4505,330.14,266105.283144
2026-02-23T18:00:00.000Z,330.145,330.81,329.9,330.73,273564.38157
2026-02-23T18:15:00.000Z,330.765,332.2,330.47,331.68,286389.778693
2026-02-23T18:30:00.000Z,331.71,331.72,330.07,330.19,212397.94430600002
2026-02-23T18:45:00.000Z,330.1,330.6,328.34,328.491,303631.828048
2026-02-23T19:00:00.000Z,328.455,328.785,326.42,327,569225.712117
2026-02-23T19:15:00.000Z,327.04,327.44,325.78,325.99,594207.123684
2026-02-23T19:30:00.000Z,325.995,326.26,325.32,326.085,402407.051941
2026-02-23T19:45:00.000Z,326.12,326.81,325.9,326.26,359553.53332000005
2026-02-23T20:00:00.000Z,326.25,327.5393,326.23,327.2802,338154.11724099994
2026-02-23T20:15:00.000Z,327.23,328.4,327.16,327.97,366736.054437
2026-02-23T20:30:00.000Z,327.96,329.3,327.89,329.26,346188.55809400004
2026-02-23T20:45:00.000Z,329.24,330.56,328.49,330.31,1118299.553374
2026-02-24T14:30:00.000Z,322.54,322.98,314.45,322.175,2715325.5331590003
2026-02-24T14:45:00.000Z,322.21,324.25,321.1,321.12,1064529.8717950003
2026-02-24T15:00:00.000Z,321.12,322.7799,320.18,322.615,674272.0636999999
2026-02-24T15:15:00.000Z,322.54,325.52,322.18,324.915,803389.7525960001
2026-02-24T15:30:00.000Z,324.915,327.23,324.77,325.6425,624715.554888
2026-02-24T15:45:00.000Z,325.695,325.8,323.64,323.92,470286.66441200004
2026-02-24T16:00:00.000Z,324.05,325.9099,324.05,325.26,500378.431985
2026-02-24T16:15:00.000Z,325.18,325.8499,324.37,324.735,497788.9921229999
2026-02-24T16:30:00.000Z,324.735,325.38,323.91,325.04,468383.26395200007
2026-02-24T16:45:00.000Z,325.104,327.47,325.01,326.8,473481.93999900005
2026-02-24T17:00:00.000Z,326.88,328.1,326.5001,327.68,417981.04664300004
2026-02-24T17:15:00.000Z,327.7201,328.305,327.5874,327.77,314913.85070500005
2026-02-24T17:30:00.000Z,327.72,328.29,327.5101,327.66,282342.73006900004
2026-02-24T17:45:00.000Z,327.685,327.915,326.6,326.62,288492.917819
2026-02-24T18:00:00.000Z,326.595,326.95,324.855,324.8728,386784.34632099996
2026-02-24T18:15:00.000Z,324.895,325,323.33,323.37,680268.291291
2026-02-24T18:30:00.000Z,323.4,324.89,323.21,323.78,443697.64962700004
2026-02-24T18:45:00.000Z,323.785,325.02,323.44,324.82,344154.81371700007
2026-02-24T19:00:00.000Z,324.79,325.22,324.21,324.65,371156.30365200003
2026-02-24T19:15:00.000Z,324.595,325.49,323.84,324.02,434495.231821
2026-02-24T19:30:00.000Z,324.02,324.8125,323.782,324.745,335777.68599500007
2026-02-24T19:45:00.000Z,324.71,325.24,323.8503,323.9295,264008.47985
2026-02-24T20:00:00.000Z,323.87,324.3399,322.02,323.05,575248.769247
2026-02-24T20:15:00.000Z,323.02,324.41,323.02,323.82,307680.151044
2026-02-24T20:30:00.000Z,323.86,324.64,323.65,324.59,377149.5103450001
2026-02-24T20:45:00.000Z,324.56,325.61,324.5,325.49,1336008.226065
2026-02-25T14:30:00.000Z,330.74,335.91,330.47,330.99,1618127.4034499996
2026-02-25T14:45:00.000Z,331.025,335.88,330.9801,335.27,907218.780689
2026-02-25T15:00:00.000Z,335.275,335.6,333.1,333.16,732166.202366
2026-02-25T15:15:00.000Z,333.1,333.4,331.915,332.7751,588654.414268
2026-02-25T15:30:00.000Z,332.63,332.9,330.76,330.965,668031.63315
2026-02-25T15:45:00.000Z,330.95,332.31,330.1032,331.29,691627.0219569999
2026-02-25T16:00:00.000Z,331.295,331.57,329.8,330.27,584443.7445060001
2026-02-25T16:15:00.000Z,330.2505,330.86,329.28,330.775,427871.69961400004
2026-02-25T16:30:00.000Z,330.775,331.4539,330.01,331,395076.2177510001
2026-02-25T16:45:00.000Z,331.08,331.87,330.91,331.07,341298.37062299997
2026-02-25T17:00:00.000Z,331.06,332.61,330.81,332.485,387863.8487970001
2026-02-25T17:15:00.000Z,332.49,332.54,331.5,331.67,283151.877965
2026-02-25T17:30:00.000Z,331.57,332.44,331.06,332.105,259296.85591399999
2026-02-25T17:45:00.000Z,332.16,332.4,331.69,332.21,253360.969945
2026-02-25T18:00:00.000Z,332.31,332.88,331.5801,332.75,230807.09162999998
2026-02-25T18:15:00.000Z,332.75,333.38,332.3813,332.44,534154.727294
2026-02-25T18:30:00.000Z,332.44,334.1505,332.22,333.915,289243.473876
2026-02-25T18:45:00.000Z,333.915,334.66,333.61,334.4299,222446.65404700002
2026-02-25T19:00:00.000Z,334.39,335.25,334.29,335.2001,312350.35873300006
2026-02-25T19:15:00.000Z,335.2422,335.85,335.03,335.12,379626.65624100005
2026-02-25T19:30:00.000Z,335.09,335.57,333.64,333.7324,399818.18570000003
2026-02-25T19:45:00.000Z,333.76,334.19,333.44,333.7159,463374.28300999996
2026-02-25T20:00:00.000Z,333.67,333.86,333.28,333.62,315071.92857800005
2026-02-25T20:15:00.000Z,333.62,334.66,333.07,333.125,566665.6902040001
2026-02-25T20:30:00.000Z,333.16,333.24,331.8,331.855,525087.032686
2026-02-25T20:45:00.000Z,331.87,332.63,330.82,332.305,2164797.9711289997
2026-02-26T14:30:00.000Z,326.5,326.575,317.9,318.65,2905859.9536240003
2026-02-26T14:45:00.000Z,318.64,319.845,315.8,316.4,2071781.077152
2026-02-26T15:00:00.000Z,316.32,317.6309,313.7701,313.88,1640599.7946050002
2026-02-26T15:15:00.000Z,313.88,313.88,309.21,310.345,2092873.197443
2026-02-26T15:30:00.000Z,310.21,311.38,307.93,310.82,1672746.039053
2026-02-26T15:45:00.000Z,310.9299,311.49,309.67,309.8,1231329.821278
2026-02-26T16:00:00.000Z,309.79,312.6,309.74,311.59,1073081.495743
2026-02-26T16:15:00.000Z,311.5901,314.99,311.34,314.84,976127.3634060001
2026-02-26T16:30:00.000Z,314.72,315.18,312.9401,313.63,743129.497079
2026-02-26T16:45:00.000Z,313.7,313.7,311.84,312.42,891913.5509219998
2026-02-26T17:00:00.000Z,312.37,314.08,312.36,313.21,528937.459008
2026-02-26T17:15:00.000Z,313.21,314.02,312.9501,313.6,425987.67174300004
2026-02-26T17:30:00.000Z,313.59,314.55,313.25,313.42,512216.327409
2026-02-26T17:45:00.000Z,313.43,313.53,311.8,311.94,645325.290971
2026-02-26T18:00:00.000Z,311.91,312.0499,309.82,310.02,696425.7191610001
2026-02-26T18:15:00.000Z,310.065,311.1,309.93,310.46,484222.289677
2026-02-26T18:30:00.000Z,310.465,313.18,310.3,313.12,542754.693636
2026-02-26T18:45:00.000Z,313.12,313.715,312.18,312.835,450894.150452
2026-02-26T19:00:00.000Z,312.83,315.02,312.55,314.89,542032.8829209999
2026-02-26T19:15:00.000Z,314.89,316.03,314.82,315.6695,583205.993622
2026-02-26T19:30:00.000Z,315.65,317.47,315.57,317.14,589924.2120139999
2026-02-26T19:45:00.000Z,317.14,317.92,316.51,316.69,613235.092945
2026-02-26T20:00:00.000Z,316.65,317.29,316.35,316.56,575183.1209329999
2026-02-26T20:15:00.000Z,316.53,318,316.35,317.62,581204.0609629999
2026-02-26T20:30:00.000Z,317.63,322.08,317.63,321.52,2403891.167431
2026-02-26T20:45:00.000Z,321.48,322.71,320.51,321.7,2756866.4764019996
2026-02-27T14:30:00.000Z,310.7,315.72,310,313.34,1860069.610308
2026-02-27T14:45:00.000Z,313.34,317.2499,312.74,316.31,870351.5736999998
2026-02-27T15:00:00.000Z,316.31,319.39,315.94,318.21,942353.84556
2026-02-27T15:15:00.000Z,318.32,319.1238,317.7511,318.655,1507059.8149
2026-02-27T15:30:00.000Z,318.55,319.39,316.9,319.39,791552.575463
2026-02-27T15:45:00.000Z,319.3729,319.73,316.65,318.585,657420.153955
2026-02-27T16:00:00.000Z,318.49,319.1,317.59,318.535,513423.034959
2026-02-27T16:15:00.000Z,318.52,319.23,317.17,317.76,511805.383926
2026-02-27T16:30:00.000Z,317.81,318.63,316.86,316.915,361836.99577400007
2026-02-27T16:45:00.000Z,316.91,318.52,316.73,317.805,531430.313401
2026-02-27T17:00:00.000Z,317.82,318.9,317.66,318.13,376274.681619
2026-02-27T17:15:00.000Z,318.1862,318.88,317.31,318.2,451009.20168299996
2026-02-27T17:30:00.000Z,318.18,319.38,317.76,318.23,405069.9514019999
2026-02-27T17:45:00.000Z,318.19,318.84,317.89,318.6,324249.445924
2026-02-27T18:00:00.000Z,318.63,318.79,317.0202,317.17,361235.5930730001
2026-02-27T18:15:00.000Z,317.15,317.46,316.52,317.255,344567.8785380001
2026-02-27T18:30:00.000Z,317.21,317.5,316.11,316.62,287125.27606000006
2026-02-27T18:45:00.000Z,316.68,317.19,316.13,317.03,255917.10787999997
2026-02-27T19:00:00.000Z,317.04,318.0983,316.85,317.485,263758.596347
2026-02-27T19:15:00.000Z,317.51,317.81,317.0501,317.48,231268.720888
2026-02-27T19:30:00.000Z,317.54,317.6,316.85,316.98,273405.23559399997
2026-02-27T19:45:00.000Z,316.93,317.635,316.71,317.19,274621.36756499996
2026-02-27T20:00:00.000Z,317.19,318.54,317.0601,318.54,410683.01746799995
2026-02-27T20:15:00.000Z,318.47,319.55,318.47,319.0799,391714.19889500004
2026-02-27T20:30:00.000Z,318.98,319.76,318.61,319.35,767419.95653
2026-02-27T20:45:00.000Z,319.35,320,318.69,319.62,1820438.7284459998
2026-03-02T14:30:00.000Z,309.36,313.69,307.2,313.41,2277320.115828
2026-03-02T14:45:00.000Z,313.37,317.1,312.34,312.79,976519.370706
2026-03-02T15:00:00.000Z,312.81,316.1,312.67,315.0482,774456.5232759999
2026-03-02T15:15:00.000Z,315.015,315.71,312.25,312.495,560508.266024
2026-03-02T15:30:00.000Z,312.6,315.5,311.67,315.28,535672.995298
2026-03-02T15:45:00.000Z,315.26,316.25,314.02,314.635,529255.549725
2026-03-02T16:00:00.000Z,314.665,315.98,313.93,315.535,410479.398632
2026-03-02T16:15:00.000Z,315.58,315.77,313.75,314.31,411018.55280999996
2026-03-02T16:30:00.000Z,314.27,316.99,313.9,316.83,440009.57423599996
2026-03-02T16:45:00.000Z,316.86,317.37,315.7,315.92,459805.54850499996
2026-03-02T17:00:00.000Z,315.99,315.99,314.76,315.8,421943.10305800004
2026-03-02T17:15:00.000Z,315.73,317.37,315.64,316.705,416090.281809
2026-03-02T17:30:00.000Z,316.6975,317.03,315.5,315.81,388296.700261
2026-03-02T17:45:00.000Z,315.81,316.86,315.785,316.66,283870.230307
2026-03-02T18:00:00.000Z,316.5751,316.67,315.64,316.115,386095.141646
2026-03-02T18:15:00.000Z,316.1381,316.92,314.495,314.555,428337.848479
2026-03-02T18:30:00.000Z,314.61,315.43,314.43,315.3,339834.352656
2026-03-02T18:45:00.000Z,315.27,315.35,314.39,314.675,383005.8091460001
2026-03-02T19:00:00.000Z,314.73,317.07,314.59,316.95,358664.57607699995
2026-03-02T19:15:00.000Z,316.955,317.53,316.4,317.0668,508804.842399
2026-03-02T19:30:00.000Z,317.08,317.68,316.68,317.09,335147.299893
2026-03-02T19:45:00.000Z,317.09,317.64,316.94,317.23,327666.544305
2026-03-02T20:00:00.000Z,317.26,317.3,315.4,315.96,440175.19796300004
2026-03-02T20:15:00.000Z,315.95,317.4,315.62,316.76,372945.73093799996
2026-03-02T20:30:00.000Z,316.72,317.79,316.58,317.55,536633.227895
2026-03-02T20:45:00.000Z,317.54,320.04,317.48,318.65,2060887.0033840002
2026-03-03T14:30:00.000Z,313,313,307.4,310.177,1999385.3827279997
2026-03-03T14:45:00.000Z,310.32,314.15,310.1,312.6958,1154584.4522509999
2026-03-03T15:00:00.000Z,312.7025,314.39,310.98,313.21,747547.809293
2026-03-03T15:15:00.000Z,313.23,313.39,309.15,309.3,643755.851035
2026-03-03T15:30:00.000Z,309.32,311.19,308.9,309.28,727802.629623
2026-03-03T15:45:00.000Z,309.28,309.94,308.105,309.15,764087.5219830001
2026-03-03T16:00:00.000Z,309.195,311.2,308.88,310.455,814894.7045289999
2026-03-03T16:15:00.000Z,310.436,312.815,310.32,311.8,662164.5778610001
2026-03-03T16:30:00.000Z,311.68,313.1699,310.36,313.1699,843602.6439510001
2026-03-03T16:45:00.000Z,313.11,315.88,313.07,314.2,961814.2896699999
2026-03-03T17:00:00.000Z,314.34,315.145,313.1701,313.76,480892.35446799995
2026-03-03T17:15:00.000Z,313.765,315.71,313.33,315.52,306014.284869
2026-03-03T17:30:00.000Z,315.52,315.63,312.2,313.645,526240.0721740001
2026-03-03T17:45:00.000Z,313.65,314.375,312.9,313,304516.98492099997
2026-03-03T18:00:00.000Z,313.01,314.399,312.95,313.53,290673.003233
2026-03-03T18:15:00.000Z,313.53,315,313.2201,314,377145.200835
2026-03-03T18:30:00.000Z,313.95,315.53,313.7101,314.92,385646.6636169999
2026-03-03T18:45:00.000Z,314.7201,315.13,314,314.355,283135.398688
2026-03-03T19:00:00.000Z,314.42,315,312.8,313.88,386982.11438399996
2026-03-03T19:15:00.000Z,313.8851,314.4276,312.7501,312.97,352577.09716800007
2026-03-03T19:30:00.000Z,312.98,314.51,312.2,314.11,384229.058772
2026-03-03T19:45:00.000Z,314.11,314.92,313.26,314.15,249915.82361700002
2026-03-03T20:00:00.000Z,314.14,314.95,313.8206,314.005,345482.32810600003
2026-03-03T20:15:00.000Z,314.005,314.49,313.41,314.3,337302.14679499995
2026-03-03T20:30:00.000Z,314.27,314.68,313.66,314.15,514963.04560099996
2026-03-03T20:45:00.000Z,314.17,314.41,313,313.74,1298365.698937
2026-03-04T14:30:00.000Z,315.68,317.5,311.74,315.43,1813045.457957
2026-03-04T14:45:00.000Z,315.29,317.69,314.2563,317.61,938156.482188
2026-03-04T15:00:00.000Z,317.61,319.78,317.4,319.295,1199582.0046470002
2026-03-04T15:15:00.000Z,319.2795,322.63,318.8,321.9834,1124520.028427
2026-03-04T15:30:00.000Z,322.09,322.64,320.35,321,785457.8960299998
2026-03-04T15:45:00.000Z,321.05,322.09,320.1,321.77,579220.113712
2026-03-04T16:00:00.000Z,321.72,322.29,319,320.38,753624.0105369999
2026-03-04T16:15:00.000Z,320.41,321.2,319.22,320.535,705376.3490180001
2026-03-04T16:30:00.000Z,320.5,320.85,318.8,319.855,573476.135591
2026-03-04T16:45:00.000Z,319.915,320.1,319.3,319.4308,485878.88163099997
2026-03-04T17:00:00.000Z,319.5,320.55,319.2,320.22,591482.3195539999
2026-03-04T17:15:00.000Z,320.33,320.74,319.95,320.245,546298.985903
2026-03-04T17:30:00.000Z,320.2078,321.69,319.4,320.29,871617.8236680002
2026-03-04T17:45:00.000Z,320.22,321.3,320.02,320.74,368832.508441
2026-03-04T18:00:00.000Z,320.69,321.65,320.54,320.69,530764.8366650001
2026-03-04T18:15:00.000Z,320.775,320.86,319.9101,320.3537,381783.13601600006
2026-03-04T18:30:00.000Z,320.335,320.87,319.8001,320.5125,562993.8946
2026-03-04T18:45:00.000Z,320.505,321.14,319.8901,321.1,441634.85120399995
2026-03-04T19:00:00.000Z,321.0601,321.85,321.033,321.7079,586407.798968
2026-03-04T19:15:00.000Z,321.66,321.85,321.1,321.63,557704.202827
2026-03-04T19:30:00.000Z,321.63,321.85,320.5,320.75,579438.7751910001
2026-03-04T19:45:00.000Z,320.74,321.11,320.15,320.235,651461.6587360001
2026-03-04T20:00:00.000Z,320.235,321.23,319.83,320.265,870631.7945449998
2026-03-04T20:15:00.000Z,320.2415,320.33,318.78,319.55,914161.9588489999
2026-03-04T20:30:00.000Z,319.5,319.69,318.42,319.1596,1412613.2097840002
2026-03-04T20:45:00.000Z,319.15,319.55,316.6,317.44,3263380.143793
2026-03-05T14:30:00.000Z,330.175,330.88,323.03,325.375,7849772.662239
2026-03-05T14:45:00.000Z,325.37,332.99,325.25,332.2701,4518780.32343
2026-03-05T15:00:00.000Z,332.34,336.12,331.9,333.54,3561676.35741
2026-03-05T15:15:00.000Z,333.3998,333.8,327.25,327.69,1913589.4708520002
2026-03-05T15:30:00.000Z,327.665,332,326.3,331.1701,1691979.8125609998
2026-03-05T15:45:00.000Z,331.31,333.85,331.04,333.6,1562906.8181199997
2026-03-05T16:00:00.000Z,333.5762,333.97,331.4,333.12,1469372.6055629998
2026-03-05T16:15:00.000Z,333.12,335.5,331.5701,332.21,1552809.141484
2026-03-05T16:30:00.000Z,332.23,334.7399,332.21,333.79,1096355.691724
2026-03-05T16:45:00.000Z,333.7801,335.84,333.7801,335.15,1266886.6448940001
2026-03-05T17:00:00.000Z,335.15,335.84,333.9301,334.99,1002993.4822440001
2026-03-05T17:15:00.000Z,335.005,335.07,332.28,333.44,1770667.7354110002
2026-03-05T17:30:00.000Z,333.4687,334.095,329.8,330.335,1567990.6231430003
2026-03-05T17:45:00.000Z,330.37,331.5,328.4,329.88,1237435.2904230002
2026-03-05T18:00:00.000Z,329.8325,332.1399,329.39,331.14,1133017.380539
2026-03-05T18:15:00.000Z,331.16,331.84,326.89,327.43,1138006.548847
2026-03-05T18:30:00.000Z,327.435,329.41,326.8,328.94,1043376.1338980001
2026-03-05T18:45:00.000Z,328.89,328.9899,326.17,327.95,860991.413732
2026-03-05T19:00:00.000Z,327.95,329.75,325.8,327.7851,986361.0298629999
2026-03-05T19:15:00.000Z,327.765,328.56,326.56,326.94,713106.490013
2026-03-05T19:30:00.000Z,326.94,327.59,326.03,326.453,776915.830307
2026-03-05T19:45:00.000Z,326.39,328.07,325.38,325.68,910408.9914159998
2026-03-05T20:00:00.000Z,325.62,327.49,324.3,327.35,1179631.6238850001
2026-03-05T20:15:00.000Z,327.36,329.66,326.95,328.12,1280169.41894
2026-03-05T20:30:00.000Z,328.12,329.89,327.76,328.98,1585600.614224
2026-03-05T20:45:00.000Z,328.92,333.24,328.4,332.625,3404629.2086159997
2026-03-06T14:30:00.000Z,328.28,335.99,327.404,334.835,2825300.395019
2026-03-06T14:45:00.000Z,334.835,337,332.52,334.4341,1843048.4580760002
2026-03-06T15:00:00.000Z,334.49,337.62,334.04,337.6034,1847179.848203
2026-03-06T15:15:00.000Z,337.55,339.62,336.08,336.96,1904434.3156560003
2026-03-06T15:30:00.000Z,337.12,339.59,335.86,338.94,1574321.8072390002
2026-03-06T15:45:00.000Z,338.905,339.14,335.2,336.6,1063209.753953
2026-03-06T16:00:00.000Z,336.6,337.72,335.8,336.055,645595.654867
2026-03-06T16:15:00.000Z,336.055,337.25,335,337.0725,805717.364967
2026-03-06T16:30:00.000Z,337.07,341.44,336.99,340.79,1503291.636374
2026-03-06T16:45:00.000Z,340.7782,342.45,340.5,342.18,1284019.339045
2026-03-06T17:00:00.000Z,342.1022,343.51,340.42,340.9,1311271.246621
2026-03-06T17:15:00.000Z,340.94,341.35,338.68,338.8327,697102.5606160001
2026-03-06T17:30:00.000Z,338.81,339.04,336.65,338.525,799142.759024
2026-03-06T17:45:00.000Z,338.535,340.39,338.29,339.35,902285.30696
2026-03-06T18:00:00.000Z,339.39,341.22,338,341.145,663840.1893409999
2026-03-06T18:15:00.000Z,341.145,341.55,339.5,340.11,668456.682294
2026-03-06T18:30:00.000Z,340.14,340.54,339.1004,339.63,558210.2003690001
2026-03-06T18:45:00.000Z,339.64,340.7599,339.21,340.15,817614.692173
2026-03-06T19:00:00.000Z,340.1,340.845,338.81,340.57,840998.5761640001
2026-03-06T19:15:00.000Z,340.525,341.3,338.5,339.43,839337.964674
2026-03-06T19:30:00.000Z,339.38,339.75,337.96,338.0025,721432.377535
2026-03-06T19:45:00.000Z,337.995,338.14,336.66,336.8799,769134.713017
2026-03-06T20:00:00.000Z,336.81,337.7514,330.66,332.245,2532533.94186
2026-03-06T20:15:00.000Z,332.22,332.5621,329.11,329.23,1321226.4935350001
2026-03-06T20:30:00.000Z,329.27,331.99,328.42,330.465,1739305.0013310004
2026-03-06T20:45:00.000Z,330.465,331.66,330.08,330.42,2788969.405499
2026-03-09T13:30:00.000Z,327.25,331.62,323.6101,330.53,2933835.6945280004
2026-03-09T13:45:00.000Z,330.47,332.84,329.62,331.77,1790930.3896509998
2026-03-09T14:00:00.000Z,331.765,336.6972,330.665,335.64,1958135.92334
2026-03-09T14:15:00.000Z,335.61,338.85,335.21,337.3,1579249.04474
2026-03-09T14:30:00.000Z,337.29,339.5,335.7201,339.4303,1259144.8597120002
2026-03-09T14:45:00.000Z,339.445,340.86,338.8101,338.91,1318655.790471
2026-03-09T15:00:00.000Z,338.91,340.37,338.43,339.4225,1020760.4508260001
2026-03-09T15:15:00.000Z,339.495,341.9,338.17,341.82,1467760.886591
2026-03-09T15:30:00.000Z,341.82,342.74,340.54,342.615,1122826.993879
2026-03-09T15:45:00.000Z,342.62,343.135,341.64,342.94,926965.9198449999
2026-03-09T16:00:00.000Z,342.965,343.6,341.58,342.6,873004.002946
2026-03-09T16:15:00.000Z,342.6,345.83,342.3,344.975,1275819.669316
2026-03-09T16:30:00.000Z,345.1,346.6599,343.6,346.445,986895.8130000001
2026-03-09T16:45:00.000Z,346.49,346.61,345.5,346.295,848086.533833
2026-03-09T17:00:00.000Z,346.295,346.39,343.7301,345.125,920394.1399050001
2026-03-09T17:15:00.000Z,345.125,345.3699,341.6,341.778,899668.393528
2026-03-09T17:30:00.000Z,341.7648,342.46,340.89,341.2,700255.7187819999
2026-03-09T17:45:00.000Z,341.29,343.45,341.155,342.99,641379.9204519999
2026-03-09T18:00:00.000Z,343,344.64,342.9628,344.24,625563.7430639999
2026-03-09T18:15:00.000Z,344.3,345.32,343.7805,343.875,816626.9593279999
2026-03-09T18:30:00.000Z,343.88,344.2,342.33,342.555,930963.8347429999
2026-03-09T18:45:00.000Z,342.555,343.09,341.6,341.72,645642.1655349999
2026-03-09T19:00:00.000Z,341.725,342.58,341.39,342.245,1043878.1267949999
2026-03-09T19:15:00.000Z,342.3,347.25,341.35,346.87,1645239.1364499999
2026-03-09T19:30:00.000Z,346.85,348.49,345.6157,346.75,2367617.0379839996
2026-03-09T19:45:00.000Z,346.7373,347.2,344.35,345.75,3100193.376661
2026-03-10T13:30:00.000Z,348.73,352.25,347.59,351.39,2248904.0865909997
2026-03-10T13:45:00.000Z,351.39,353.14,349.14,350.59,1485995.6253850001
2026-03-10T14:00:00.000Z,350.52,351,347.67,348.91,1204227.7055809998
2026-03-10T14:15:00.000Z,348.91,350.16,347.75,348.835,1339464.2463969998
2026-03-10T14:30:00.000Z,348.81,351.2599,348.75,349.365,1018549.913446
2026-03-10T14:45:00.000Z,349.3978,349.71,347.64,349.02,1237464.7937180002
2026-03-10T15:00:00.000Z,348.935,350.6599,347,347.31,1208381.6307289999
2026-03-10T15:15:00.000Z,347.28,348.18,346.7,347.01,699619.5982860002
2026-03-10T15:30:00.000Z,347,347.81,346.3625,347.33,602798.9770790001
2026-03-10T15:45:00.000Z,347.29,347.705,346.57,347.135,471681.4425109999
2026-03-10T16:00:00.000Z,347.135,347.135,345.2301,346.08,580029.084358
2026-03-10T16:15:00.000Z,346.1477,347.37,345.17,346.72,573480.0759249999
2026-03-10T16:30:00.000Z,346.76,347.55,346.04,346.995,467558.39292899997
2026-03-10T16:45:00.000Z,346.98,347.84,346.2,347.09,1159287.5668549999
2026-03-10T17:00:00.000Z,347.02,347.955,346.6701,347.0658,356859.34222399996
2026-03-10T17:15:00.000Z,347.01,348.4,346.95,347.67,650858.423663
2026-03-10T17:30:00.000Z,347.68,347.815,345.73,345.96,657876.252018
2026-03-10T17:45:00.000Z,345.97,346.07,345.34,345.725,540680.8344429999
2026-03-10T18:00:00.000Z,345.725,346.14,342.8971,342.94,710190.241203
2026-03-10T18:15:00.000Z,342.89,344.5799,342.12,343.84,879256.461101
2026-03-10T18:30:00.000Z,343.76,344.29,342.38,342.53,585943.8879989999
2026-03-10T18:45:00.000Z,342.46,343.0548,341.92,342.3,737931.9069860001
2026-03-10T19:00:00.000Z,342.36,342.4397,340.8,341.63,641178.258863
2026-03-10T19:15:00.000Z,341.635,343.46,340.95,342.5,862201.8611470001
2026-03-10T19:30:00.000Z,342.5,342.9699,341.59,342.56,734696.5571170001
2026-03-10T19:45:00.000Z,342.58,342.81,340.8307,342.6,2456152.2949869996
2026-03-11T13:30:00.000Z,342.59,344.3182,340.75,342.815,1073031.1591890003
2026-03-11T13:45:00.000Z,342.93,344.79,342.655,343.85,658165.9988200001
2026-03-11T14:00:00.000Z,343.85,345.81,341.51,342.76,1309720.297843
2026-03-11T14:15:00.000Z,342.82,345.1,342.07,343.2601,689490.899464
2026-03-11T14:30:00.000Z,343.26,343.51,340.78,341.82,573219.0352419999
2026-03-11T14:45:00.000Z,341.79,343.01,341.65,342.78,518615.415011
2026-03-11T15:00:00.000Z,342.84,343.86,341.76,343.42,449020.334883
2026-03-11T15:15:00.000Z,343.3084,343.55,341.3,341.39,422233.54726900003
2026-03-11T15:30:00.000Z,341.39,342.0299,340.58,340.74,453045.92671400006
2026-03-11T15:45:00.000Z,340.72,341.33,339.99,340.9837,393130.9673249999
2026-03-11T16:00:00.000Z,340.99,341.07,339.27,339.69,446302.517437
2026-03-11T16:15:00.000Z,339.74,340.32,339.22,340.12,436975.759584
2026-03-11T16:30:00.000Z,340.19,342.34,340.12,341.185,400719.10525900003
2026-03-11T16:45:00.000Z,341.185,342.7,340.8,342.345,336998.65797600005
2026-03-11T17:00:00.000Z,342.36,342.91,341.2,341.61,466585.26566000003
2026-03-11T17:15:00.000Z,341.65,341.92,340.45,340.8,392568.534367
2026-03-11T17:30:00.000Z,340.81,341.1,338.22,339.65,524755.402142
2026-03-11T17:45:00.000Z,339.69,340.7,339.15,340.23,434141.611754
2026-03-11T18:00:00.000Z,340.26,340.42,338.66,339.12,458719.151371
2026-03-11T18:15:00.000Z,339.18,339.3,338.42,338.855,432405.477665
2026-03-11T18:30:00.000Z,338.83,339.82,338.78,339.295,470632.46280299994
2026-03-11T18:45:00.000Z,339.295,340.64,338.9801,340.5,429868.187109
2026-03-11T19:00:00.000Z,340.53,340.94,340.15,340.305,500862.41386100004
2026-03-11T19:15:00.000Z,340.27,340.63,339.68,340.36,430498.842063
2026-03-11T19:30:00.000Z,340.36,341.245,339.86,340.765,460913.72024
2026-03-11T19:45:00.000Z,340.76,342,340.36,341.48,1279268.44814
2026-03-12T13:30:00.000Z,337.74,339,336.08,336.28,1122129.9719639998
2026-03-12T13:45:00.000Z,336.27,336.46,332.26,332.87,1539918.4332549998
2026-03-12T14:00:00.000Z,332.92,335.91,332.8501,335.605,671291.6269520001
2026-03-12T14:15:00.000Z,335.605,336.01,334.2801,334.675,472319.755674
2026-03-12T14:30:00.000Z,334.66,335.1,332.2,333.41,651281.2518879999
2026-03-12T14:45:00.000Z,333.41,335.1,332.5,333.35,552836.0504709999
2026-03-12T15:00:00.000Z,333.335,334.3391,332.75,333.55,413293.0715610001
2026-03-12T15:15:00.000Z,333.565,335.98,333.16,335.52,538671.7838770001
2026-03-12T15:30:00.000Z,335.52,337.37,334.5601,337.0401,752642.240669
2026-03-12T15:45:00.000Z,337.27,337.44,335.46,336.1,609170.1660089999
2026-03-12T16:00:00.000Z,336.1,337.3,334.68,337.15,698658.6292930001
2026-03-12T16:15:00.000Z,337.16,338.14,336.33,336.47,517184.08884499996
2026-03-12T16:30:00.000Z,336.45,338.85,336.36,338.5586,503578.20384000003
2026-03-12T16:45:00.000Z,338.54,338.77,337.28,337.97,448598.976225
2026-03-12T17:00:00.000Z,338,339.83,337.85,338.09,529403.345005
2026-03-12T17:15:00.000Z,338.09,338.51,337.08,337.55,312659.88274699997
2026-03-12T17:30:00.000Z,337.56,338.69,337.05,337.985,345246.205823
2026-03-12T17:45:00.000Z,338,338.0399,336.57,337.283,339040.21050300007
2026-03-12T18:00:00.000Z,337.28,338.18,336.5,337.79,415737.01628399995
2026-03-12T18:15:00.000Z,337.785,338.16,337.21,337.85,305542.56847900007
2026-03-12T18:30:00.000Z,337.86,338.08,336.5,336.72,277973.630939
2026-03-12T18:45:00.000Z,336.76,337.11,335.81,336.005,377729.750533
2026-03-12T19:00:00.000Z,336.014,336.98,335.18,336.09,424747.461124
2026-03-12T19:15:00.000Z,336.12,336.94,335.6705,336.71,495320.43268800003
2026-03-12T19:30:00.000Z,336.67,337.32,334.7,335.375,741338.7892329999
2026-03-12T19:45:00.000Z,335.41,336.28,335.23,335.96,1412129.100977
2026-03-13T13:30:00.000Z,337.68,337.9999,331.51,336.78,1618701.0666540002
2026-03-13T13:45:00.000Z,336.81,338.32,335.465,335.94,893359.9417010001
2026-03-13T14:00:00.000Z,335.95,336.46,333.6,333.84,972144.4246160001
2026-03-13T14:15:00.000Z,333.82,334.1799,332.33,333.555,841898.4989829999
2026-03-13T14:30:00.000Z,333.555,335.15,331.62,331.66,769520.510113
2026-03-13T14:45:00.000Z,331.67,331.67,326.81,327.08,1288836.537887
2026-03-13T15:00:00.000Z,326.99,329.139,326.9,328.82,773160.232109
2026-03-13T15:15:00.000Z,328.82,328.88,325.44,326.27,901453.5762669999
2026-03-13T15:30:00.000Z,326.29,326.36,323.185,323.695,1073869.362113
2026-03-13T15:45:00.000Z,323.695,324.67,322.93,323.1748,935928.16727
2026-03-13T16:00:00.000Z,323.195,325.79,323.1,324.2,765078.95015
2026-03-13T16:15:00.000Z,324.22,324.54,323.18,324.188,647219.6144760001
2026-03-13T16:30:00.000Z,324.2,325.69,323.94,325.45,682669.3154820001
2026-03-13T16:45:00.000Z,325.49,325.93,323.27,323.685,809843.318294
2026-03-13T17:00:00.000Z,323.7015,324.98,323.06,324.895,660712.6496159999
2026-03-13T17:15:00.000Z,324.92,325.17,324.1,324.755,557725.556043
2026-03-13T17:30:00.000Z,324.755,325.26,323.1401,323.66,662388.000817
2026-03-13T17:45:00.000Z,323.57,323.7,321.95,322.4,734009.1607879999
2026-03-13T18:00:00.000Z,322.48,322.93,322.27,322.71,518433.8192159999
2026-03-13T18:15:00.000Z,322.76,324.12,322.39,324.04,491544.211314
2026-03-13T18:30:00.000Z,324.04,324.71,323.71,324.565,585745.336956
2026-03-13T18:45:00.000Z,324.54,325.1599,324.12,324.63,532477.803679
2026-03-13T19:00:00.000Z,324.66,324.94,323.3,324.38,720009.690039
2026-03-13T19:15:00.000Z,324.385,324.55,322.05,322.27,1098206.749211
2026-03-13T19:30:00.000Z,322.35,322.91,321.43,321.9104,1014850.332316
2026-03-13T19:45:00.000Z,321.92,322.54,321.72,322.17,1788455.330726
2026-03-16T13:30:00.000Z,326.02,326.23,320.06,322.77,2473386.00142
2026-03-16T13:45:00.000Z,322.8,325.49,322.54,324.08,1182477.622008
2026-03-16T14:00:00.000Z,324.06,324.09,322.48,323.7801,899568.001413
2026-03-16T14:15:00.000Z,323.84,325.8,323.68,324.605,835994.663589
2026-03-16T14:30:00.000Z,324.625,325.25,323.1475,323.43,809576.046918
2026-03-16T14:45:00.000Z,323.43,325.6,323.17,325.56,658221.6979749999
2026-03-16T15:00:00.000Z,325.56,328.75,325.05,328.715,914679.9318569999
2026-03-16T15:15:00.000Z,328.715,329.2,327.9297,328.615,720472.2937350001
2026-03-16T15:30:00.000Z,328.58,329.11,328.03,328.71,556434.980635
2026-03-16T15:45:00.000Z,328.69,329.17,327.29,327.47,629053.514206
2026-03-16T16:00:00.000Z,327.465,327.85,326.2525,326.69,553993.5514679999
2026-03-16T16:15:00.000Z,326.68,326.85,325.65,326.06,486492.947308
2026-03-16T16:30:00.000Z,326.06,327.41,326,327.11,553167.252643
2026-03-16T16:45:00.000Z,327.08,328.1,326.9801,327.31,572775.175695
2026-03-16T17:00:00.000Z,327.355,328.79,327.27,328.77,620399.516612
2026-03-16T17:15:00.000Z,328.77,328.92,328.07,328.07,550859.34028
2026-03-16T17:30:00.000Z,328.08,328.84,327.94,328.02,469425.15582899994
2026-03-16T17:45:00.000Z,328.04,328.545,327.4,328.195,418616.033405
2026-03-16T18:00:00.000Z,328.22,328.6,327.59,327.85,532746.5658299999
2026-03-16T18:15:00.000Z,327.81,328.13,327.3,327.48,488909.335175
2026-03-16T18:30:00.000Z,327.52,327.92,326.93,327.15,400602.39927600004
2026-03-16T18:45:00.000Z,327.135,327.39,326.55,326.607,576125.333289
2026-03-16T19:00:00.000Z,326.67,329.13,325.81,326.43,900318.786063
2026-03-16T19:15:00.000Z,326.4,327.38,325.4001,326.05,691456.98254
2026-03-16T19:30:00.000Z,326,326.48,325.52,325.78,1012739.424615
2026-03-16T19:45:00.000Z,325.8,325.988,323.713,324.91,2299779.580026
2026-03-17T13:30:00.000Z,325.76,327.44,324.1,324.43,1418640.192889
2026-03-17T13:45:00.000Z,324.5,325.58,323.8,324.37,1059983.816443
2026-03-17T14:00:00.000Z,324.3981,324.54,321.53,322.275,1130497.763713
2026-03-17T14:15:00.000Z,322.25,324.055,321.87,323.43,815286.2035070001
2026-03-17T14:30:00.000Z,323.465,323.9,322.45,322.88,567449.038507
2026-03-17T14:45:00.000Z,322.81,323.38,322.1,322.14,639797.8384540001
2026-03-17T15:00:00.000Z,322.14,322.59,319.3,319.4554,1055829.410892
2026-03-17T15:15:00.000Z,319.435,319.9,318.42,318.52,1175788.499057
2026-03-17T15:30:00.000Z,318.45,319.03,317.7,318.55,782695.4690439999
2026-03-17T15:45:00.000Z,318.52,319.1,318.125,318.945,1843507.9875600003
2026-03-17T16:00:00.000Z,318.945,319.2,317.45,317.83,927815.2026990001
2026-03-17T16:15:00.000Z,317.84,318.55,317.25,317.9,1204107.8683779999
2026-03-17T16:30:00.000Z,317.885,318.525,317.5301,318.46,988276.806827
2026-03-17T16:45:00.000Z,318.48,320.68,318.41,320.366,1252267.921664
2026-03-17T17:00:00.000Z,320.33,321.445,319.88,320.16,979897.2694299999
2026-03-17T17:15:00.000Z,320.16,321.36,319.64,320.79,605112.595006
2026-03-17T17:30:00.000Z,320.79,321.55,320.61,321.03,746605.40747
2026-03-17T17:45:00.000Z,321.03,321.84,320.82,321.79,590122.507571
2026-03-17T18:00:00.000Z,321.7575,322.84,321.26,321.8,773578.2894049999
2026-03-17T18:15:00.000Z,321.77,322.5,321.33,321.745,639152.279222
2026-03-17T18:30:00.000Z,321.76,321.95,320.77,320.81,693362.9441810001
2026-03-17T18:45:00.000Z,320.81,320.83,319.65,320.12,570924.46716
2026-03-17T19:00:00.000Z,320.07,320.49,319.57,319.6483,559652.7523850001
2026-03-17T19:15:00.000Z,319.6,320.54,319.33,320.15,724503.0702369999
2026-03-17T19:30:00.000Z,320.14,320.87,320.1001,320.86,680444.023646
2026-03-17T19:45:00.000Z,320.86,321.73,320.27,321.29,1851844.8894449999
2026-03-18T13:30:00.000Z,320.425,325.44,320.14,324.1679,1505283.081331
2026-03-18T13:45:00.000Z,324.16,325.25,322.25,322.5813,855276.550081
2026-03-18T14:00:00.000Z,322.57,322.57,319.54,319.61,762799.913382
2026-03-18T14:15:00.000Z,319.62,320.105,317.75,318.19,916529.6496149999
2026-03-18T14:30:00.000Z,318.19,318.87,317.71,318.005,654071.715142
2026-03-18T14:45:00.000Z,318.005,319.21,317.7,319.155,619388.186949
2026-03-18T15:00:00.000Z,319.16,320.36,318.4,319.79,575209.377341
2026-03-18T15:15:00.000Z,319.7301,320.58,319.6501,320.01,809801.3500759999
2026-03-18T15:30:00.000Z,320.01,320.7399,319.85,320.635,597834.2143069999
2026-03-18T15:45:00.000Z,320.635,320.75,319.78,319.78,471735.83170100005
2026-03-18T16:00:00.000Z,319.82,319.91,318.86,319.45,531746.437459
2026-03-18T16:15:00.000Z,319.5,319.65,318.9,318.995,459620.76424
2026-03-18T16:30:00.000Z,318.96,319.03,317.67,318.68,606546.348062
2026-03-18T16:45:00.000Z,318.645,318.645,317.03,317.825,581009.32673
2026-03-18T17:00:00.000Z,317.825,318.04,317.07,317.352,497920.071968
2026-03-18T17:15:00.000Z,317.34,318.25,317.28,318.18,372344.745529
2026-03-18T17:30:00.000Z,318.1917,318.64,317.79,318.47,370157.25832900003
2026-03-18T17:45:00.000Z,318.44,319.17,318.36,318.585,490631.30650700006
2026-03-18T18:00:00.000Z,318.585,319.65,318.52,318.774,520092.2747
2026-03-18T18:15:00.000Z,318.775,318.8,317.6,318.2,480500.802376
2026-03-18T18:30:00.000Z,318.21,318.33,317.02,317.69,577332.299509
2026-03-18T18:45:00.000Z,317.64,317.85,315.92,316.01,609760.7208339999
2026-03-18T19:00:00.000Z,315.995,317.55,315.81,316.8,590078.383822
2026-03-18T19:15:00.000Z,316.79,316.795,315.55,316.595,737460.5270080002
2026-03-18T19:30:00.000Z,316.595,317.14,315.94,316.39,550354.6240790001
2026-03-18T19:45:00.000Z,316.4,318.1,315.79,315.84,1389141.45158
2026-03-19T13:30:00.000Z,312.47,312.98,308.51,311.3,1916492.9305389998
2026-03-19T13:45:00.000Z,311.3,312.76,310.37,312.25,871075.685142
2026-03-19T14:00:00.000Z,312.286,314.06,312.0001,313.535,755988.579261
2026-03-19T14:15:00.000Z,313.57,313.9,312,312.615,625996.112356
2026-03-19T14:30:00.000Z,312.56,314.8,312.53,313.475,560279.3271589999
2026-03-19T14:45:00.000Z,313.44,316.37,313.1,316.135,552507.0458249999
2026-03-19T15:00:00.000Z,316.09,317.37,315.4301,317.35,637371.329486
2026-03-19T15:15:00.000Z,317.345,318.15,316.3,317.03,750060.315156
2026-03-19T15:30:00.000Z,316.95,317.34,316.4,316.78,451783.33599299996
2026-03-19T15:45:00.000Z,316.78,318.75,316.48,318.58,579047.5900480001
2026-03-19T16:00:00.000Z,318.5,319.3199,317.9321,318.66,563472.539465
2026-03-19T16:15:00.000Z,318.59,319.08,317.82,318.95,525876.553729
2026-03-19T16:30:00.000Z,318.95,319.95,318.29,319.465,539760.826142
2026-03-19T16:45:00.000Z,319.465,319.63,318.5121,319.125,342889.008762
2026-03-19T17:00:00.000Z,319.18,319.25,317.44,317.77,276375.38502499997
2026-03-19T17:15:00.000Z,317.81,318.89,317.6701,318.655,244625.442616
2026-03-19T17:30:00.000Z,318.6,319.08,318.02,318.12,261853.38795300003
2026-03-19T17:45:00.000Z,318.09,319.21,318.02,319.116,238869.718928
2026-03-19T18:00:00.000Z,319.12,319.8999,318.18,319.73,340962.84719800006
2026-03-19T18:15:00.000Z,319.67,320,318.79,318.84,531962.905688
2026-03-19T18:30:00.000Z,318.81,319.34,318.12,319.1,545543.343164
2026-03-19T18:45:00.000Z,319.14,320.94,318.66,320.805,724611.8171300001
2026-03-19T19:00:00.000Z,320.805,323.27,320.75,322.06,931693.949011
2026-03-19T19:15:00.000Z,322.06,322.26,320.0201,320.76,681006.255319
2026-03-19T19:30:00.000Z,320.715,320.78,318.96,319.47,898398.285696
2026-03-19T19:45:00.000Z,319.51,320.49,318.88,319.77,1955072.464518
2026-03-20T13:30:00.000Z,320.12,321.4498,318.68,321.1,3399173.866175
2026-03-20T13:45:00.000Z,321.29,321.51,316.5,316.93,637913.951914
2026-03-20T14:00:00.000Z,316.92,317.46,314.5001,314.87,663392.74881
2026-03-20T14:15:00.000Z,314.955,316.3799,314.49,315.695,679687.1522519999
2026-03-20T14:30:00.000Z,315.8,316.6589,315.17,315.81,457880.682757
2026-03-20T14:45:00.000Z,315.78,316,314.4,315.84,522675.829378
2026-03-20T15:00:00.000Z,315.863,316.9519,314.76,316.155,448651.82774599997
2026-03-20T15:15:00.000Z,316.14,316.54,315.02,315.6551,425306.069593
2026-03-20T15:30:00.000Z,315.59,316.44,315.36,316.19,657973.15991
2026-03-20T15:45:00.000Z,316.22,317.2,315.44,316.95,438124.11127199995
2026-03-20T16:00:00.000Z,316.9175,318.44,316.65,318.22,526373.472117
2026-03-20T16:15:00.000Z,318.21,318.78,317.4101,317.92,952582.8564490001
2026-03-20T16:30:00.000Z,317.91,318.01,316.785,317.46,376330.88994900003
2026-03-20T16:45:00.000Z,317.405,318.2,316.5,317.44,548038.8445540001
2026-03-20T17:00:00.000Z,317.43,317.85,316,316.5,308716.98236699996
2026-03-20T17:15:00.000Z,316.5,316.52,315.45,315.61,326411.542118
2026-03-20T17:30:00.000Z,315.67,315.83,314.8,314.98,419735.6044310001
2026-03-20T17:45:00.000Z,315.01,315.2,314.39,314.965,396933.96916100004
2026-03-20T18:00:00.000Z,314.94,315.19,313.89,313.91,386077.82033499994
2026-03-20T18:15:00.000Z,313.945,314.33,313.11,313.765,392623.66900699993
2026-03-20T18:30:00.000Z,313.765,314.05,312.35,312.6119,545949.506908
2026-03-20T18:45:00.000Z,312.61,313.17,312.3901,312.86,583500.953898
2026-03-20T19:00:00.000Z,312.86,313.23,311.88,312.52,511552.23017700005
2026-03-20T19:15:00.000Z,312.525,312.9,311.7,311.96,477468.9293789999
2026-03-20T19:30:00.000Z,311.96,312.59,310.78,312.49,734161.3738280002
2026-03-20T19:45:00.000Z,312.5,312.69,309.92,310.79,3400953.592398
2026-03-23T13:30:00.000Z,318,323.2,314.93,319.895,2529476.9892479996
2026-03-23T13:45:00.000Z,319.8001,324.14,319.8001,324.135,1376610.0875739998
2026-03-23T14:00:00.000Z,324.14,324.4599,322.2401,323.35,1022273.0533930002
2026-03-23T14:15:00.000Z,323.31,326.48,323.15,325.79,1250710.3321
2026-03-23T14:30:00.000Z,325.79,325.9,324.2,324.43,649657.2106809999
2026-03-23T14:45:00.000Z,324.5,325.2399,323.7,324.045,530880.023175
2026-03-23T15:00:00.000Z,324.045,325.81,323.82,324.625,628043.83273
2026-03-23T15:15:00.000Z,324.615,324.7,322.72,323.36,732728.07052
2026-03-23T15:30:00.000Z,323.37,323.83,321.24,322.22,871345.77049
2026-03-23T15:45:00.000Z,322.18,322.28,319.49,319.8,757707.1203379999
2026-03-23T16:00:00.000Z,319.745,321.9,319.45,321.83,583745.3128079999
2026-03-23T16:15:00.000Z,321.78,321.83,319.671,319.885,573712.994445
2026-03-23T16:30:00.000Z,319.88,322.1,319.87,321.6,579233.663599
2026-03-23T16:45:00.000Z,321.6,322.2,320.16,320.66,441540.177227
2026-03-23T17:00:00.000Z,320.66,320.96,319.92,320.14,383146.7346450001
2026-03-23T17:15:00.000Z,320.135,320.56,319.26,320.07,390798.6810989999
2026-03-23T17:30:00.000Z,320.07,321.8,320.01,320.825,609119.439
2026-03-23T17:45:00.000Z,320.825,321.86,319.86,321.82,418427.27532099996
2026-03-23T18:00:00.000Z,321.74,322.51,321.25,322.17,658710.9511350002
2026-03-23T18:15:00.000Z,322.17,322.62,321.75,322.17,446936.619308
2026-03-23T18:30:00.000Z,322.17,324.05,322.13,323.53,540028.422681
2026-03-23T18:45:00.000Z,323.515,324.33,323.36,324.2,456889.132584
2026-03-23T19:00:00.000Z,324.18,325.54,323.4,325.06,626088.2080480001
2026-03-23T19:15:00.000Z,325.07,325.56,324.375,325.27,710558.9461829999
2026-03-23T19:30:00.000Z,325.235,325.31,323.64,324.405,915675.908124
2026-03-23T19:45:00.000Z,324.44,324.93,322.39,322.43,2141972.5818270002
2026-03-24T13:30:00.000Z,320,324.3999,315.69,316.16,1233373.274389
2026-03-24T13:45:00.000Z,316.38,317.84,315.78,316.945,584062.32805
2026-03-24T14:00:00.000Z,317.01,317.32,314.84,315.27,620601.3526229999
2026-03-24T14:15:00.000Z,315.33,316.495,314.95,315.565,493177.18998
2026-03-24T14:30:00.000Z,315.48,316.88,315.14,316.8251,553829.589232
2026-03-24T14:45:00.000Z,316.825,320.37,315.95,317.3,1005203.2616750001
2026-03-24T15:00:00.000Z,317.32,319.3699,317.23,318.95,466175.70632800006
2026-03-24T15:15:00.000Z,318.945,320.57,318.88,319.39,593750.901914
2026-03-24T15:30:00.000Z,319.405,319.8877,318.73,319.07,374225.162146
2026-03-24T15:45:00.000Z,319.07,319.56,318.44,318.62,265993.224788
2026-03-24T16:00:00.000Z,318.61,319.15,317.25,317.765,352273.2448359999
2026-03-24T16:15:00.000Z,317.765,319.22,317.75,318.93,411941.091611
2026-03-24T16:30:00.000Z,318.95,319.04,316.5,316.93,490410.79162800004
2026-03-24T16:45:00.000Z,316.885,318.43,316.885,317.72,463812.0014790001
2026-03-24T17:00:00.000Z,317.72,317.97,315.5601,316.367,556104.929295
2026-03-24T17:15:00.000Z,316.32,317.53,315.8,317.5,479418.151833
2026-03-24T17:30:00.000Z,317.49,318.05,316.93,317.235,449679.96226
2026-03-24T17:45:00.000Z,317.18,319.36,317.18,319.09,528028.2604939999
2026-03-24T18:00:00.000Z,319.09,319.76,318.23,318.75,505066.42172300006
2026-03-24T18:15:00.000Z,318.78,319.89,318,319.54,457749.8272180001
2026-03-24T18:30:00.000Z,319.4301,320.88,319.36,319.94,564608.311752
2026-03-24T18:45:00.000Z,319.945,320.05,318.41,318.41,492728.066994
2026-03-24T19:00:00.000Z,318.36,319.58,318.32,319.16,472963.516949
2026-03-24T19:15:00.000Z,319.16,319.4799,318.61,318.775,477450.862031
2026-03-24T19:30:00.000Z,318.77,319.22,317.93,318.06,542485.603928
2026-03-24T19:45:00.000Z,318.01,318.62,317.395,318.303,1518802.623686
2026-03-25T13:30:00.000Z,322.59,323.84,318.065,321.98,1326348.663959
2026-03-25T13:45:00.000Z,322,322.98,320.3,320.5787,720805.28549
2026-03-25T14:00:00.000Z,320.53,323.28,319.09,323.11,686042.424327
2026-03-25T14:15:00.000Z,323.08,324.3,321.79,322.375,619217.547586
2026-03-25T14:30:00.000Z,322.36,322.5999,320.51,320.95,466140.76171100006
2026-03-25T14:45:00.000Z,320.95,321.68,320.2,320.61,513892.5995500001
2026-03-25T15:00:00.000Z,320.57,321.21,319.49,321.02,462746.35525699996
2026-03-25T15:15:00.000Z,320.99,320.99,318.63,320.2801,755843.3663110002
2026-03-25T15:30:00.000Z,320.35,321.35,319.295,320.02,535927.078653
2026-03-25T15:45:00.000Z,319.98,320.7,319,320.5251,509676.23317400005
2026-03-25T16:00:00.000Z,320.52,320.52,318.3,319.065,498962.9288649999
2026-03-25T16:15:00.000Z,318.99,320.5,318.48,319.6,446387.97783999995
2026-03-25T16:30:00.000Z,319.66,320.79,319.04,320.37,427083.443968
2026-03-25T16:45:00.000Z,320.435,321.92,320.35,320.65,613272.954503
2026-03-25T17:00:00.000Z,320.7,321.13,318.73,319.73,667408.816933
2026-03-25T17:15:00.000Z,319.71,320.8,319.1801,319.955,459375.7815879999
2026-03-25T17:30:00.000Z,319.92,320.28,318.81,319.825,406118.205675
2026-03-25T17:45:00.000Z,319.77,320.04,318.96,319.57,361848.74232
2026-03-25T18:00:00.000Z,319.53,319.8,318.92,319.47,345039.47250399995
2026-03-25T18:15:00.000Z,319.45,319.94,318.78,318.85,343825.735232
2026-03-25T18:30:00.000Z,318.83,319.17,318.1,318.31,520619.27477799996
2026-03-25T18:45:00.000Z,318.26,318.72,317.3319,317.67,524121.20489399997
2026-03-25T19:00:00.000Z,317.65,317.6792,316.719,317.385,506152.17316299997
2026-03-25T19:15:00.000Z,317.34,318.265,317.01,317.02,657070.3532799999
2026-03-25T19:30:00.000Z,317,318.05,316.895,317.5701,549339.6502800001
2026-03-25T19:45:00.000Z,317.57,319.22,317.47,318.79,1308782.9380370001
2026-03-26T13:30:00.000Z,314.02,314.45,311.9001,314.4199,1239011.4781159998
2026-03-26T13:45:00.000Z,314.42,315.45,313.19,314.72,575325.55879
2026-03-26T14:00:00.000Z,314.79,316.92,314.2,315.285,580845.290985
2026-03-26T14:15:00.000Z,315.28,315.69,313.8401,313.965,283845.36976999993
2026-03-26T14:30:00.000Z,313.99,315.5,313.4,313.68,488058.54091000004
2026-03-26T14:45:00.000Z,313.59,313.92,312.19,313.385,602042.7485689999
2026-03-26T15:00:00.000Z,313.38,313.85,312.91,312.98,430915.41307899996
2026-03-26T15:15:00.000Z,312.97,313.5,312.25,312.81,469077.4523029999
2026-03-26T15:30:00.000Z,312.81,313.664,312.32,313.617,412132.95086899993
2026-03-26T15:45:00.000Z,313.63,315.12,313.6,314.995,470199.04214200005
2026-03-26T16:00:00.000Z,314.95,315.135,313.28,313.9,297334.63002499996
2026-03-26T16:15:00.000Z,313.86,313.895,312,312.065,381264.905674
2026-03-26T16:30:00.000Z,312.06,313,311.81,312.5,415420.907288
2026-03-26T16:45:00.000Z,312.5,312.71,311.04,311.605,515645.901447
2026-03-26T17:00:00.000Z,311.605,312.64,311.4,312.38,431101.1255830001
2026-03-26T17:15:00.000Z,312.38,313.24,311.83,312.55,342439.376538
2026-03-26T17:30:00.000Z,312.54,313.07,310.82,310.8325,479078.86498
2026-03-26T17:45:00.000Z,310.83,311.26,310.175,310.56,462885.589574
2026-03-26T18:00:00.000Z,310.51,311.15,310.05,310.91,526874.662894
2026-03-26T18:15:00.000Z,310.9499,311.1,309.92,310.15,603992.788776
2026-03-26T18:30:00.000Z,310.15,310.963,310.09,310.75,712776.857041
2026-03-26T18:45:00.000Z,310.81,312,310.72,311.645,428670.260673
2026-03-26T19:00:00.000Z,311.645,312.17,310.24,310.8,731873.1373679999
2026-03-26T19:15:00.000Z,310.86,311.32,310.6,310.87,531785.798239
2026-03-26T19:30:00.000Z,310.87,311.22,310.35,310.625,510893.62801
2026-03-26T19:45:00.000Z,310.65,310.85,309.17,309.42,1831097.9422999998
2026-03-27T13:30:00.000Z,307.06,307.5,303.33,305.895,1456737.8447810002
2026-03-27T13:45:00.000Z,305.99,307.47,301.83,302.4,912426.849806
2026-03-27T14:00:00.000Z,302.31,304.45,301.9701,303.695,727046.5597239999
2026-03-27T14:15:00.000Z,303.68,304.87,302.88,303.18,613909.1953129999
2026-03-27T14:30:00.000Z,303.16,303.86,302.47,303.08,613121.495768
2026-03-27T14:45:00.000Z,303.07,304.44,302.975,303.485,445605.470452
2026-03-27T15:00:00.000Z,303.53,304.4,303.24,303.94,370332.764403
2026-03-27T15:15:00.000Z,303.94,304.89,303.25,304.32,571322.7408579999
2026-03-27T15:30:00.000Z,304.345,305.7,303.32,303.63,631846.889768
2026-03-27T15:45:00.000Z,303.635,304.38,303.6,303.91,341052.16612300003
2026-03-27T16:00:00.000Z,303.87,304.35,302.49,303.18,524295.7330949999
2026-03-27T16:15:00.000Z,303.19,303.195,302.23,302.39,467712.120217
2026-03-27T16:30:00.000Z,302.39,302.52,300.47,301.9,837229.1331089999
2026-03-27T16:45:00.000Z,301.875,303.05,301.71,302.545,524594.7314159999
2026-03-27T17:00:00.000Z,302.6,302.81,301.12,301.63,478533.55786500004
2026-03-27T17:15:00.000Z,301.64,301.75,299.6,299.66,720333.8119310001
2026-03-27T17:30:00.000Z,299.62,300.82,299.22,300.66,849947.0116780001
2026-03-27T17:45:00.000Z,300.645,301.14,300.38,301.0201,498502.1163600001
2026-03-27T18:00:00.000Z,301.11,302.02,300.96,301.965,586700.767734
2026-03-27T18:15:00.000Z,301.95,303.3299,301.9,303.06,605687.49331
2026-03-27T18:30:00.000Z,303.1,303.33,301.86,302.755,642279.9952059999
2026-03-27T18:45:00.000Z,302.755,302.78,301.93,302.5,661259.525184
2026-03-27T19:00:00.000Z,302.48,302.73,301.595,302.22,539282.552746
2026-03-27T19:15:00.000Z,302.2,302.95,301.71,301.74,635151.6651030001
2026-03-27T19:30:00.000Z,301.75,302.17,301.06,301.27,778987.4270479999
2026-03-27T19:45:00.000Z,301.28,301.62,298.87,300.73,2242170.173234
2026-03-30T13:30:00.000Z,300.87,304.77,299.06,299.805,1298068.980348
2026-03-30T13:45:00.000Z,299.88,300.05,293.93,294.55,1331298.694931
2026-03-30T14:00:00.000Z,294.55,297.88,294.36,296.98,991564.05487
2026-03-30T14:15:00.000Z,297,297.39,295.28,295.38,571606.895644
2026-03-30T14:30:00.000Z,295.41,296.6,292.42,292.795,1060477.472504
2026-03-30T14:45:00.000Z,292.82,296,292.53,295.94,1271411.599088
2026-03-30T15:00:00.000Z,295.95,297.14,295.14,295.235,825854.167177
2026-03-30T15:15:00.000Z,295.18,296.18,294.3101,295.48,590785.140724
2026-03-30T15:30:00.000Z,295.47,297.02,295.27,296.72,657075.168094
2026-03-30T15:45:00.000Z,296.745,297.33,296.07,296.5,510381.741389
2026-03-30T16:00:00.000Z,296.46,296.65,294.73,294.925,492905.1459499999
2026-03-30T16:15:00.000Z,294.925,294.925,293.615,293.7274,452835.649146
2026-03-30T16:30:00.000Z,293.7,294.1059,293.34,293.82,851971.0683889999
2026-03-30T16:45:00.000Z,293.8,294.55,293.55,293.84,396554.20619
2026-03-30T17:00:00.000Z,293.81,294.4025,293.4201,293.4932,332324.352492
2026-03-30T17:15:00.000Z,293.49,293.89,292.125,293.045,638622.6317220001
2026-03-30T17:30:00.000Z,293.04,293.64,292.475,293.28,486486.08851400006
2026-03-30T17:45:00.000Z,293.29,293.76,292.06,292.47,627238.156932
2026-03-30T18:00:00.000Z,292.44,292.465,291.66,292.04,583700.268087
2026-03-30T18:15:00.000Z,292.065,292.83,291.5,291.74,538114.3141600001
2026-03-30T18:30:00.000Z,291.73,292.65,291.53,292.345,598057.9978279999
2026-03-30T18:45:00.000Z,292.345,292.773,291.31,291.77,676028.98955
2026-03-30T19:00:00.000Z,291.785,291.88,290.28,290.55,955702.55721
2026-03-30T19:15:00.000Z,290.545,290.9618,289.96,290.195,906295.1506470001
2026-03-30T19:30:00.000Z,290.195,291.58,290.195,291.34,908666.2259859999
2026-03-30T19:45:00.000Z,291.33,293.92,291.1281,293.38,2720111.790017
2026-03-31T13:30:00.000Z,299.39,300.4,296.335,298.1,1471942.932049
2026-03-31T13:45:00.000Z,298.19,302.21,298.109,301.83,943709.411481
2026-03-31T14:00:00.000Z,301.86,302.98,300.52,301.85,1034742.1252320003
2026-03-31T14:15:00.000Z,301.82,303.5,301.67,303.14,768252.118686
2026-03-31T14:30:00.000Z,303.15,303.52,302.22,302.75,588401.4811209998
2026-03-31T14:45:00.000Z,302.75,303.67,300.11,300.695,658343.509559
2026-03-31T15:00:00.000Z,300.73,302.83,300.62,302.35,601933.9835390002
2026-03-31T15:15:00.000Z,302.47,302.73,301.05,301.765,654893.0054470001
2026-03-31T15:30:00.000Z,301.67,302.2,300.7,300.9327,507411.0935100001
2026-03-31T15:45:00.000Z,300.91,301.65,300.27,300.505,474928.382442
2026-03-31T16:00:00.000Z,300.43,301.91,300.21,301.425,611228.271551
2026-03-31T16:15:00.000Z,301.42,303.3301,301.38,303.03,525027.345252
2026-03-31T16:30:00.000Z,303.055,308.65,302.78,307.495,924835.7132920001
2026-03-31T16:45:00.000Z,307.38,308.79,305.5,306.6501,669374.535545
2026-03-31T17:00:00.000Z,306.77,307.9,306.295,307.7001,600743.510186
2026-03-31T17:15:00.000Z,307.73,308.6999,307.04,307.34,524842.5590329999
2026-03-31T17:30:00.000Z,307.31,308.27,306,307.015,629274.557444
2026-03-31T17:45:00.000Z,306.96,307.48,306.36,306.91,520162.165353
2026-03-31T18:00:00.000Z,306.9,307.86,306.9,307.51,498579.52957599994
2026-03-31T18:15:00.000Z,307.47,308.3,307.13,308.12,470604.54136400006
2026-03-31T18:30:00.000Z,308.085,309.05,307.8738,308.615,1279988.0943129999
2026-03-31T18:45:00.000Z,308.6,309.5,308.5901,308.82,551634.944572
2026-03-31T19:00:00.000Z,308.81,309.82,308.7,309.61,434620.760889
2026-03-31T19:15:00.000Z,309.605,310.31,309.53,309.605,633993.695518
2026-03-31T19:30:00.000Z,309.64,310.11,309.25,309.61,793280.3285649999
2026-03-31T19:45:00.000Z,309.56,309.95,308.88,309.42,2602878.0820120005
2026-04-01T13:30:00.000Z,313.365,315.41,311.2,314.13,1501661.102946
2026-04-01T13:45:00.000Z,314.09,315,312.17,312.985,778925.0541010001
2026-04-01T14:00:00.000Z,312.99,313.79,312.13,313.38,629212.852952
2026-04-01T14:15:00.000Z,313.38,314,312.34,313.35,559092.8233350001
2026-04-01T14:30:00.000Z,313.38,313.52,311.36,311.71,502725.073051
2026-04-01T14:45:00.000Z,311.72,313.05,311.43,313.05,557705.1221380001
2026-04-01T15:00:00.000Z,313.05,313.725,312.6,313.09,481760.66349
2026-04-01T15:15:00.000Z,313.12,313.56,312.51,312.685,385201.03621900006
2026-04-01T15:30:00.000Z,312.69,314.21,312.455,313.8,483113.378187
2026-04-01T15:45:00.000Z,313.83,315.24,313.4375,314.77,587947.544481
2026-04-01T16:00:00.000Z,314.75,315.79,314.41,315.15,578782.3005359999
2026-04-01T16:15:00.000Z,315.145,315.35,314.01,314.05,462525.557913
2026-04-01T16:30:00.000Z,314.055,314.88,313.9,314.145,411326.50826
2026-04-01T16:45:00.000Z,314.1201,314.355,313.83,313.86,579287.1587890001
2026-04-01T17:00:00.000Z,313.9,314.365,313.59,314.19,358481.06594000006
2026-04-01T17:15:00.000Z,314.22,314.55,313.46,314.335,440522.94751300005
2026-04-01T17:30:00.000Z,314.32,314.68,313.62,314.26,275872.102097
2026-04-01T17:45:00.000Z,314.28,314.69,313.27,313.36,313164.807733
2026-04-01T18:00:00.000Z,313.36,313.5,311.86,312.409,628903.23477
2026-04-01T18:15:00.000Z,312.375,312.375,310.48,311.33,598956.435498
2026-04-01T18:30:00.000Z,311.315,312.3,310.86,311.57,395454.31300699996
2026-04-01T18:45:00.000Z,311.63,312.29,311.2701,311.75,328912.40193700005
2026-04-01T19:00:00.000Z,311.71,313.245,311.68,313.06,369856.148169
2026-04-01T19:15:00.000Z,313.06,314.88,313.06,314.27,676544.9722440002
2026-04-01T19:30:00.000Z,314.27,314.53,313.52,314.05,541599.374737
2026-04-01T19:45:00.000Z,314.01,314.5,313.13,313.46,1296150.2297500002
2026-04-02T13:30:00.000Z,304.49,308.2701,302.02,302.35,1109086.174117
2026-04-02T13:45:00.000Z,302.37,307.68,301.7485,307.02,735609.439803
2026-04-02T14:00:00.000Z,307.02,309.88,306.4019,308.885,539673.103906
2026-04-02T14:15:00.000Z,308.84,310.095,308.02,308.14,366791.60393000004
2026-04-02T14:30:00.000Z,308.095,313.72,308,313.635,585692.3333940001
2026-04-02T14:45:00.000Z,313.6605,313.86,310.64,313.001,504631.82716499997
2026-04-02T15:00:00.000Z,313,313.39,311.365,312.755,387085.8628
2026-04-02T15:15:00.000Z,312.755,313.56,311.7,313.045,478273.025271
2026-04-02T15:30:00.000Z,313.13,314,312.2,313.635,477673.07333899994
2026-04-02T15:45:00.000Z,313.6,313.6,311.533,312.69,351853.643071
2026-04-02T16:00:00.000Z,312.68,313.32,311.2201,311.33,462618.07952100004
2026-04-02T16:15:00.000Z,311.32,311.4,310.02,311.115,422021.7360600001
2026-04-02T16:30:00.000Z,311.04,312.595,309.91,312.09,416605.034819
2026-04-02T16:45:00.000Z,312.12,312.8535,312.01,312.2943,334853.21167700004
2026-04-02T17:00:00.000Z,312.29,313.02,311.86,312.87,273637.312998
2026-04-02T17:15:00.000Z,312.855,313.1,312.44,312.865,187249.08118800004
2026-04-02T17:30:00.000Z,312.91,313.13,312.53,312.835,169157.514193
2026-04-02T17:45:00.000Z,312.81,312.93,311.8501,312.61,178013.587745
2026-04-02T18:00:00.000Z,312.59,313.641,312.54,312.94,258996.987393
2026-04-02T18:15:00.000Z,312.95,313.75,312.6,313.08,354793.28971199994
2026-04-02T18:30:00.000Z,313.07,313.62,312.76,313.465,265681.506431
2026-04-02T18:45:00.000Z,313.51,313.73,312.76,312.91,229820.97328099998
2026-04-02T19:00:00.000Z,312.96,314.08,312.505,313.62,382281.35347399994
2026-04-02T19:15:00.000Z,313.62,313.78,313,313.16,275695.66463799996
2026-04-02T19:30:00.000Z,313.15,313.46,312.96,313.136,321143.071969
2026-04-02T19:45:00.000Z,313.12,314.69,313.09,314.56,1071854.719454
2026-04-06T13:30:00.000Z,315.06,316.4,310.28,312.82,1123473.9934239998
2026-04-06T13:45:00.000Z,312.785,314.16,312.33,313.595,421545.46946900006
2026-04-06T14:00:00.000Z,313.55,314.29,310.6,311.9,513027.8613890001
2026-04-06T14:15:00.000Z,312,312.4582,311.5,311.55,340032.55194000003
2026-04-06T14:30:00.000Z,311.59,312.25,310.75,311.12,398223.657836
2026-04-06T14:45:00.000Z,311.105,312.4699,310.55,311.995,295842.423007
2026-04-06T15:00:00.000Z,312.01,312.625,311.08,311.623,281718.03440199996
2026-04-06T15:15:00.000Z,311.645,312.81,311.28,312.4,414525.096531
2026-04-06T15:30:00.000Z,312.465,313.27,311.68,313.18,388948.378847
2026-04-06T15:45:00.000Z,313.15,314.19,313.1,314.175,346412.65059200005
2026-04-06T16:00:00.000Z,314.2,314.24,312.4,312.84,276327.82002600003
2026-04-06T16:15:00.000Z,312.805,312.98,312.09,312.4,200040.951587
2026-04-06T16:30:00.000Z,312.375,312.62,312.14,312.375,133550.224991
2026-04-06T16:45:00.000Z,312.39,312.71,311.88,312.29,168350.36385500003
2026-04-06T17:00:00.000Z,312.315,312.5823,310.55,311.075,332335.430936
2026-04-06T17:15:00.000Z,311.02,312.5199,311,312.48,213785.80278999996
2026-04-06T17:30:00.000Z,312.405,313.055,312.14,312.36,236099.575251
2026-04-06T17:45:00.000Z,312.3001,312.42,311.84,311.98,110794.724949
2026-04-06T18:00:00.000Z,311.96,313.2,311.7,313.1,178349.318351
2026-04-06T18:15:00.000Z,313.005,313.96,312.92,313.445,203554.098221
2026-04-06T18:30:00.000Z,313.46,313.6899,313.06,313.275,148342.53107700002
2026-04-06T18:45:00.000Z,313.275,313.48,313.0606,313.3539,144256.177826
2026-04-06T19:00:00.000Z,313.39,313.52,313.15,313.48,174206.997562
2026-04-06T19:15:00.000Z,313.43,314.28,313.25,314.12,252823.67845099999
2026-04-06T19:30:00.000Z,314.07,314.49,313.5,313.685,346029.565802
2026-04-06T19:45:00.000Z,313.65,314.65,313.64,314.291,757763.375213
2026-04-07T13:30:00.000Z,326.73,330,322.76,326.51,2717593.4711289997
2026-04-07T13:45:00.000Z,326.5,327.55,323.65,324.495,1231266.1670169998
2026-04-07T14:00:00.000Z,324.495,325.19,322.62,324.62,1017621.1344809998
2026-04-07T14:15:00.000Z,324.59,325.55,323.3519,324.61,840676.9944900001
2026-04-07T14:30:00.000Z,324.65,324.9,322.73,323.66,800117.817676
2026-04-07T14:45:00.000Z,323.6551,324.68,322.9,322.9108,495227.30539800005
2026-04-07T15:00:00.000Z,322.9983,324.74,321.8,324.085,634894.465302
2026-04-07T15:15:00.000Z,324.13,326.87,323.94,326.39,979322.2033509999
2026-04-07T15:30:00.000Z,326.4,327.15,325.5,325.77,627149.45878
2026-04-07T15:45:00.000Z,325.75,326.97,325.5,326.55,408999.337924
2026-04-07T16:00:00.000Z,326.61,328.25,326.52,327.31,760428.573586
2026-04-07T16:15:00.000Z,327.3125,330.15,327.2001,329.43,1208828.836999
2026-04-07T16:30:00.000Z,329.36,332.8999,329.05,332.8999,1254424.759517
2026-04-07T16:45:00.000Z,332.865,333.85,332.3,332.83,1192408.1751700002
2026-04-07T17:00:00.000Z,332.79,333.2,331.82,332.23,823576.5868069999
2026-04-07T17:15:00.000Z,332.21,332.24,330.54,331.19,540968.6677150001
2026-04-07T17:30:00.000Z,331.17,332.71,330.81,332.665,652359.4480430001
2026-04-07T17:45:00.000Z,332.65,332.94,331.45,331.49,507635.932129
2026-04-07T18:00:00.000Z,331.51,331.55,329.7,330.33,762811.4214140001
2026-04-07T18:15:00.000Z,330.25,331.7,330.1,331.11,606223.2009400001
2026-04-07T18:30:00.000Z,331.07,332.2986,330.54,330.84,691590.9970430001
2026-04-07T18:45:00.000Z,330.845,330.885,328.2001,328.7999,751318.088955
2026-04-07T19:00:00.000Z,328.73,330.1346,328.45,329.485,605069.3515900001
2026-04-07T19:15:00.000Z,329.53,332.53,329.25,330.55,1115249.201348
2026-04-07T19:30:00.000Z,330.55,332.355,330.3801,331.925,1087099.133157
2026-04-07T19:45:00.000Z,331.85,334.15,331.59,333.85,2214346.1817819998
2026-04-08T13:30:00.000Z,351.75,354.14,347.16,347.88,4093014.222117
2026-04-08T13:45:00.000Z,347.905,348.3,345.07,346.115,1444765.4113339998
2026-04-08T14:00:00.000Z,346.095,347.4987,344.96,347.38,1587914.9297240002
2026-04-08T14:15:00.000Z,347.38,347.77,345.58,346.59,1333104.7545300003
2026-04-08T14:30:00.000Z,346.59,346.7999,344.82,345.0017,1058562.555544
2026-04-08T14:45:00.000Z,345.015,345.015,342.53,344.05,1393902.2190909998
2026-04-08T15:00:00.000Z,344.09,346.75,343.9001,346.69,1150252.005831
2026-04-08T15:15:00.000Z,346.635,348.79,346.41,348.325,1096844.733
2026-04-08T15:30:00.000Z,348.37,350.24,348.22,349.0371,1061429.957833
2026-04-08T15:45:00.000Z,348.995,349.78,348.6001,349.315,509562.978421
2026-04-08T16:00:00.000Z,349.3,349.5,348.06,348.17,421599.290495
2026-04-08T16:15:00.000Z,348.24,348.59,347.75,348.54,408466.03809499997
2026-04-08T16:30:00.000Z,348.6,348.95,348.08,348.61,335619.51619000005
2026-04-08T16:45:00.000Z,348.6046,349.72,348.15,349.39,503905.321438
2026-04-08T17:00:00.000Z,349.38,350.28,348.98,350.07,688531.0201529998
2026-04-08T17:15:00.000Z,350.095,350.32,349.44,349.74,596409.872
2026-04-08T17:30:00.000Z,349.75,350.82,349.75,350.565,633114.1321020001
2026-04-08T17:45:00.000Z,350.56,351.4,350.38,350.96,697069.956926
2026-04-08T18:00:00.000Z,350.96,352.05,350.6,351.625,609263.6629100001
2026-04-08T18:15:00.000Z,351.65,352,350.45,351.35,668766.542189
2026-04-08T18:30:00.000Z,351.32,351.75,350.95,351.09,620478.6684659999
2026-04-08T18:45:00.000Z,351.11,351.4,349.3801,349.45,747668.0608559999
2026-04-08T19:00:00.000Z,349.45,351.56,349.2401,351.05,890034.151155
2026-04-08T19:15:00.000Z,351.03,351.28,349.82,350.13,711212.850058
2026-04-08T19:30:00.000Z,350.1,351.3301,350.08,351.3024,717793.1300909999
2026-04-08T19:45:00.000Z,351.31,351.88,350.17,350.64,1976853.3389959997
2026-04-09T13:30:00.000Z,352.3,357.44,351.5,355.47,1939923.3446830001
2026-04-09T13:45:00.000Z,355.46,355.62,353.35,354.89,1124106.811825
2026-04-09T14:00:00.000Z,354.97,356.4,352.46,353.295,1124914.186419
2026-04-09T14:15:00.000Z,353.3,353.66,352.2797,353.08,474228.938686
2026-04-09T14:30:00.000Z,353.08,353.39,352.15,352.76,474004.10198299994
2026-04-09T14:45:00.000Z,352.71,353.95,352.62,353.44,437353.687414
2026-04-09T15:00:00.000Z,353.44,354.5,353.2784,354.37,411317.81121799996
2026-04-09T15:15:00.000Z,354.37,355.33,354.12,354.9975,661193.8162300001
2026-04-09T15:30:00.000Z,355,357.1,354.375,356.345,1129390.5224000001
2026-04-09T15:45:00.000Z,356.33,357.75,355.63,357.645,662658.351574
2026-04-09T16:00:00.000Z,357.5876,358.7,357.0301,357.0301,733386.073367
2026-04-09T16:15:00.000Z,357.08,358.36,357.08,358.08,438304.02859199996
2026-04-09T16:30:00.000Z,358.0851,358.3,357.52,357.58,409199.022983
2026-04-09T16:45:00.000Z,357.58,358.37,357,357.745,476180.33796499996
2026-04-09T17:00:00.000Z,357.785,358.26,357.31,357.547,332137.01648900006
2026-04-09T17:15:00.000Z,357.49,357.7,356.65,356.7,338943.434877
2026-04-09T17:30:00.000Z,356.66,358.04,355.8,357.185,730829.429769
2026-04-09T17:45:00.000Z,357.175,357.8799,356.73,357.52,369243.752563
2026-04-09T18:00:00.000Z,357.56,357.6,356.14,356.27,256411.54912299998
2026-04-09T18:15:00.000Z,356.335,356.55,355.2901,355.51,397877.400728
2026-04-09T18:30:00.000Z,355.54,355.99,355.12,355.77,300394.4588690001
2026-04-09T18:45:00.000Z,355.64,356.1,355.23,355.295,350942.3554530001
2026-04-09T19:00:00.000Z,355.315,355.81,354.96,355.12,448502.784383
2026-04-09T19:15:00.000Z,355.1,355.29,353.62,353.755,529747.960599
2026-04-09T19:30:00.000Z,353.74,355.37,353.74,355.24,488777.95992899995
2026-04-09T19:45:00.000Z,355.22,355.58,354.89,354.91,1175677.846498
2026-04-10T13:30:00.000Z,360.94,371.25,360.82,371.19,3575717.8982270006
2026-04-10T13:45:00.000Z,371.16,374.18,369.67,370.01,1977497.9751320002
2026-04-10T14:00:00.000Z,369.99,370.98,367.5,370.81,1332066.798241
2026-04-10T14:15:00.000Z,370.77,373.76,370,373.235,1277490.576508
2026-04-10T14:30:00.000Z,373.29,374.74,372.07,372.81,1168803.5548069999
2026-04-10T14:45:00.000Z,372.84,375.41,372.7588,375.365,1154266.042398
2026-04-10T15:00:00.000Z,375.41,376.445,374.6,375.94,1380148.320508
2026-04-10T15:15:00.000Z,375.98,376.55,375.47,375.875,868354.3737509999
2026-04-10T15:30:00.000Z,375.875,376.191,373.8201,375.1497,1030876.069396
2026-04-10T15:45:00.000Z,375.25,375.335,371.43,371.8,807516.038076
2026-04-10T16:00:00.000Z,371.87,372.97,370.92,372.81,684254.799343
2026-04-10T16:15:00.000Z,372.77,372.93,370.93,371.08,531918.773216
2026-04-10T16:30:00.000Z,371.02,372.16,370.8501,371.625,507843.04542199994
2026-04-10T16:45:00.000Z,371.58,372.9,371.58,372.66,501189.888036
2026-04-10T17:00:00.000Z,372.69,373.2,371.74,372.04,426713.20551999996
2026-04-10T17:15:00.000Z,372.06,372.18,370.74,371.45,424269.44710200006
2026-04-10T17:30:00.000Z,371.37,373.18,371.255,373.125,494776.13151499996
2026-04-10T17:45:00.000Z,373.1499,374.2,372.87,373.88,604494.934828
2026-04-10T18:00:00.000Z,373.88,374.35,373.42,373.96,1039042.045923
2026-04-10T18:15:00.000Z,373.98,374.41,373.77,373.77,494538.805456
2026-04-10T18:30:00.000Z,373.78,374.15,373.23,373.66,456554.1666640001
2026-04-10T18:45:00.000Z,373.66,373.87,373.29,373.54,342605.413159
2026-04-10T19:00:00.000Z,373.6,374.34,373.3011,374.085,556754.462283
2026-04-10T19:15:00.000Z,374.08,374.51,373.67,374.4,597235.4253979999
2026-04-10T19:30:00.000Z,374.36,374.36,372.88,372.92,993993.371415
2026-04-10T19:45:00.000Z,372.98,373.18,371.18,371.605,1674500.9490370003
2026-04-13T13:30:00.000Z,369.66,374.4,369.66,370.31,2133596.9572699997
2026-04-13T13:45:00.000Z,370.55,372.05,369.48,371.56,799266.980889
2026-04-13T14:00:00.000Z,371.61,372.93,370.94,371.53,805110.4370969998
2026-04-13T14:15:00.000Z,371.495,373.63,371.35,373.07,600162.786189
2026-04-13T14:30:00.000Z,373.04,374.93,372.93,374.915,758550.3444549999
2026-04-13T14:45:00.000Z,374.89,375.88,373.83,375.375,1147883.4811340002
2026-04-13T15:00:00.000Z,375.375,375.375,373.85,374.47,709506.262567
2026-04-13T15:15:00.000Z,374.478,375.14,374.03,374.03,477068.22631900007
2026-04-13T15:30:00.000Z,374.085,374.48,373.49,373.71,415531.455091
2026-04-13T15:45:00.000Z,373.66,373.94,372.7,373.15,322774.25064600003
2026-04-13T16:00:00.000Z,373.17,373.37,372.115,372.935,428278.64862999995
2026-04-13T16:15:00.000Z,372.935,374.56,372.74,374.35,368386.175903
2026-04-13T16:30:00.000Z,374.31,375.97,374.288,375.65,635834.975005
2026-04-13T16:45:00.000Z,375.65,378.46,375.62,378.095,980331.6612170001
2026-04-13T17:00:00.000Z,378.14,378.54,375.63,376.285,647877.3245339999
2026-04-13T17:15:00.000Z,376.275,377.55,376.16,377.01,431768.810811
2026-04-13T17:30:00.000Z,376.985,377.1,376.44,376.48,328800.731192
2026-04-13T17:45:00.000Z,376.4801,377,376.08,376.21,345420.771633
2026-04-13T18:00:00.000Z,376.26,377.11,376.13,376.99,358369.07180800004
2026-04-13T18:15:00.000Z,376.99,377.17,376.5101,376.6764,270213.635129
2026-04-13T18:30:00.000Z,376.66,377.71,376.595,377.54,524589.982227
2026-04-13T18:45:00.000Z,377.54,378.72,377.51,378.39,466229.01574899995
2026-04-13T19:00:00.000Z,378.395,378.8,377.92,378.655,478403.379094
2026-04-13T19:15:00.000Z,378.68,379.51,378.67,379.16,653285.1409639999
2026-04-13T19:30:00.000Z,379.13,379.73,378.8801,379.325,615443.821882
2026-04-13T19:45:00.000Z,379.32,380.86,378.8601,379.66,2081038.2681369996
2026-04-14T13:30:00.000Z,377.9,381.79,376.32,379,2387753.4658979997
2026-04-14T13:45:00.000Z,379,382.28,378.2532,379.075,1200260.0859179997
2026-04-14T14:00:00.000Z,379.0475,380.1,378.25,379.4,763216.100975
2026-04-14T14:15:00.000Z,379.48,380.06,377.8,378.77,719398.395683
2026-04-14T14:30:00.000Z,378.8,379.09,377.91,378.5301,458632.15525899996
2026-04-14T14:45:00.000Z,378.53,380.3,378.385,380.27,511386.14086300007
2026-04-14T15:00:00.000Z,380.25,380.29,378.61,378.775,456596.346217
2026-04-14T15:15:00.000Z,378.75,379.67,378.55,378.89,485078.46707299986
2026-04-14T15:30:00.000Z,378.91,379.605,378.37,379.4521,438406.787532
2026-04-14T15:45:00.000Z,379.41,381.3699,379.41,380.205,602116.1691690001
2026-04-14T16:00:00.000Z,380.16,380.64,380.02,380.135,338375.324033
2026-04-14T16:15:00.000Z,380.14,380.77,380.14,380.38,287441.93900700007
2026-04-14T16:30:00.000Z,380.33,380.7399,380.13,380.72,373753.93712500005
2026-04-14T16:45:00.000Z,380.73,381.05,379.11,379.34,434483.154704
2026-04-14T17:00:00.000Z,379.32,380.22,378.86,380.16,404820.255832
2026-04-14T17:15:00.000Z,380.17,380.91,379.9901,380.66,404443.638644
2026-04-14T17:30:00.000Z,380.65,381.9,380.57,381.74,473916.7976219999
2026-04-14T17:45:00.000Z,381.73,381.88,380.7201,380.865,246402.16815500002
2026-04-14T18:00:00.000Z,380.865,380.95,380.1,380.47,245851.163235
2026-04-14T18:15:00.000Z,380.45,380.51,379.4601,379.95,245412.94127500002
2026-04-14T18:30:00.000Z,380.02,380.03,378.27,378.4,311183.179025
2026-04-14T18:45:00.000Z,378.4001,378.89,378.3,378.805,276559.5523
2026-04-14T19:00:00.000Z,378.805,379.8399,378.58,379.37,317348.763397
2026-04-14T19:15:00.000Z,379.3799,380.29,379.32,380.17,370767.62578799995
2026-04-14T19:30:00.000Z,380.17,380.31,379.45,379.67,434188.830133
2026-04-14T19:45:00.000Z,379.69,380.8,379.21,380.8,1287931.2597989999
2026-04-15T13:30:00.000Z,389.88,393.6599,385.57,389.115,2821732.7617919995
2026-04-15T13:45:00.000Z,389.14,396.24,388.93,395.645,2216596.424085
2026-04-15T14:00:00.000Z,395.63,396.2,393.83,394.36,1254887.8414929998
2026-04-15T14:15:00.000Z,394.33,396.3,393.43,395.0803,1113547.509411
2026-04-15T14:30:00.000Z,395.15,396.5699,394.55,395.77,1012454.1621480001
2026-04-15T14:45:00.000Z,395.68,396.25,393.58,394.6,796133.346687
2026-04-15T15:00:00.000Z,394.51,394.84,393.69,393.72,863723.125986
2026-04-15T15:15:00.000Z,393.7,393.92,391.6,391.64,689418.24271
2026-04-15T15:30:00.000Z,391.64,392.69,391.2,392.26,862848.490445
2026-04-15T15:45:00.000Z,392.26,392.89,391.87,392.455,698804.7927689999
2026-04-15T16:00:00.000Z,392.445,394.6008,392.31,394.205,554586.855322
2026-04-15T16:15:00.000Z,394.22,394.4891,392.17,392.4,572441.6865600001
2026-04-15T16:30:00.000Z,392.33,392.51,389.66,389.83,777266.859194
2026-04-15T16:45:00.000Z,389.95,390.8,388.5,389.965,934297.2381300002
2026-04-15T17:00:00.000Z,389.96,391.3,389.86,390.78,484364.92877000006
2026-04-15T17:15:00.000Z,390.81,391.89,390.79,391.825,505950.569192
2026-04-15T17:30:00.000Z,391.8799,392.5499,391.46,391.61,368998.48288400006
2026-04-15T17:45:00.000Z,391.61,392.3398,391.515,391.7,266316.666285
2026-04-15T18:00:00.000Z,391.71,392.84,391.23,392.67,504180.0077459999
2026-04-15T18:15:00.000Z,392.67,393.22,392.51,393.058,356395.805111
2026-04-15T18:30:00.000Z,393.07,393.47,392.88,393.035,331268.88207299996
2026-04-15T18:45:00.000Z,393.035,393.945,392.475,393.72,429046.493529
2026-04-15T19:00:00.000Z,393.71,394.78,393.51,394.21,665967.643677
2026-04-15T19:15:00.000Z,394.245,394.9,394.22,394.8,461490.06175099994
2026-04-15T19:30:00.000Z,394.78,395.06,394.35,394.48,632722.9625520001
2026-04-15T19:45:00.000Z,394.47,397.08,394.1,396.61,2198370.123271
2026-04-16T13:30:00.000Z,395,398.5,392.35,398.36,1716523.8960139998
2026-04-16T13:45:00.000Z,398.37,399.16,393.76,395.83,1091014.8057229999
2026-04-16T14:00:00.000Z,395.85,397.98,395.73,397.305,664062.632536
2026-04-16T14:15:00.000Z,397.31,398.11,395.62,397.4,760975.420362
2026-04-16T14:30:00.000Z,397.43,397.94,397.08,397.67,504505.25543499994
2026-04-16T14:45:00.000Z,397.665,398.2,397.1,397.58,478997.43194399995
2026-04-16T15:00:00.000Z,397.56,398.95,397.41,398.62,570034.41078
2026-04-16T15:15:00.000Z,398.62,399.68,396.77,396.81,650769.996811
2026-04-16T15:30:00.000Z,396.84,398.5,396.71,397.26,446142.9526410001
2026-04-16T15:45:00.000Z,397.3,398.605,396.3,398.412,384428.293238
2026-04-16T16:00:00.000Z,398.385,398.73,397.68,398.69,313811.895457
2026-04-16T16:15:00.000Z,398.69,399.13,397.78,397.89,351380.74655200006
2026-04-16T16:30:00.000Z,397.89,398.07,395.94,397.28,427219.91311200004
2026-04-16T16:45:00.000Z,397.27,397.96,397.1332,397.66,248046.30364800006
2026-04-16T17:00:00.000Z,397.7,398.03,396.63,396.69,342103.058326
2026-04-16T17:15:00.000Z,396.69,397.98,396.47,397.61,267013.033655
2026-04-16T17:30:00.000Z,397.61,398.7699,397.2,398.67,359931.669441
2026-04-16T17:45:00.000Z,398.62,398.65,396.9,397.31,257281.414325
2026-04-16T18:00:00.000Z,397.27,397.88,396.34,397.065,332727.90731299995
2026-04-16T18:15:00.000Z,397.05,397.39,396.1201,396.465,437912.73693899997
2026-04-16T18:30:00.000Z,396.465,397.89,396.45,397.82,401585.29604899994
2026-04-16T18:45:00.000Z,397.83,398.3,397.3,397.7292,281960.189315
2026-04-16T19:00:00.000Z,397.73,398.33,397.62,398.02,343131.28990500007
2026-04-16T19:15:00.000Z,398.03,398.7,397.98,398.15,335392.54989400005
2026-04-16T19:30:00.000Z,398.11,398.87,397.8216,398.295,408129.858247
2026-04-16T19:45:00.000Z,398.3,399.65,398.08,398.36,1275331.147813
2026-04-17T13:30:00.000Z,400.9,403.45,399.81,403.1699,2952513.6157459994
2026-04-17T13:45:00.000Z,402.94,403.88,401.54,403.28,678232.662506
2026-04-17T14:00:00.000Z,403.28,405.4,402.86,404.625,1287575.0045160002
2026-04-17T14:15:00.000Z,404.62,404.79,401.06,401.71,850283.316092
2026-04-17T14:30:00.000Z,401.8699,403.91,401.68,403.305,585505.1583799999
2026-04-17T14:45:00.000Z,403.34,404.19,401.8416,402.4,536147.691989
2026-04-17T15:00:00.000Z,402.43,403.2,401.93,402.755,430399.84626299987
2026-04-17T15:15:00.000Z,402.71,403.56,402.7,402.84,417167.324492
2026-04-17T15:30:00.000Z,402.83,404.44,402.82,403.78,733282.4127089999
2026-04-17T15:45:00.000Z,403.84,404.1,402.04,402.05,396830.49447400006
2026-04-17T16:00:00.000Z,402.07,402.88,401.8,402.445,302116.621676
2026-04-17T16:15:00.000Z,402.42,403,402.1,402.84,243530.462337
2026-04-17T16:30:00.000Z,402.86,403.75,402.72,403.13,351357.226918
2026-04-17T16:45:00.000Z,403.15,403.67,403.11,403.28,165142.67926099998
2026-04-17T17:00:00.000Z,403.285,404.46,403.11,403.76,267498.74958199996
2026-04-17T17:15:00.000Z,403.77,403.88,401.52,402.35,334819.3774359999
2026-04-17T17:30:00.000Z,402.34,403.4,402.1101,403.355,209835.989721
2026-04-17T17:45:00.000Z,403.355,404.14,403.3001,403.3167,247287.15036500004
2026-04-17T18:00:00.000Z,403.35,403.86,402.8,403.12,265047.127611
2026-04-17T18:15:00.000Z,403.17,404,402.7101,403.4593,228245.13876400003
2026-04-17T18:30:00.000Z,403.49,403.93,403.4773,403.74,228942.05124
2026-04-17T18:45:00.000Z,403.7399,403.97,403.23,403.58,241122.67074700003
2026-04-17T19:00:00.000Z,403.62,403.84,402.84,403.025,226976.733089
2026-04-17T19:15:00.000Z,403.02,404.19,402.98,403.81,444792.81012700003
2026-04-17T19:30:00.000Z,403.81,405.43,403.81,405.35,666128.130779
2026-04-17T19:45:00.000Z,405.35,406.725,405.2,406.45,1523544.819655
2026-04-20T13:30:00.000Z,405.7,406.42,401.35,403.01,1557072.3377779995
2026-04-20T13:45:00.000Z,402.95,403.34,401.55,402.13,703746.9061680001
2026-04-20T14:00:00.000Z,402.155,403.01,399.09,400.15,912872.633576
2026-04-20T14:15:00.000Z,400.08,400.1,398.2,399.2746,729960.745066
2026-04-20T14:30:00.000Z,399.23,400.35,398.41,399.3588,587475.1367839999
2026-04-20T14:45:00.000Z,399.415,399.81,397.5801,397.9,581652.759573
2026-04-20T15:00:00.000Z,397.93,398.7475,396.1124,396.55,592581.426345
2026-04-20T15:15:00.000Z,396.55,398.5,395.9,398.26,557763.67643
2026-04-20T15:30:00.000Z,398.265,398.65,397.0201,397.085,461636.0668000001
2026-04-20T15:45:00.000Z,397.08,397.48,396.32,397.0799,346065.876342
2026-04-20T16:00:00.000Z,397.04,397.95,396.7,397.88,254686.82941600005
2026-04-20T16:15:00.000Z,397.9,398.15,397.48,397.67,240033.088491
2026-04-20T16:30:00.000Z,397.695,398.35,397.605,397.92,263361.63120400003
2026-04-20T16:45:00.000Z,397.92,398.06,397,397.43,225702.11472500002
2026-04-20T17:00:00.000Z,397.423,397.8499,396.8,396.84,260584.38001500003
2026-04-20T17:15:00.000Z,396.82,397.57,396.64,397.03,234595.080555
2026-04-20T17:30:00.000Z,397.04,397.09,396.41,397.045,330937.72865
2026-04-20T17:45:00.000Z,397.01,397.4,396.72,396.9199,609998.0643109999
2026-04-20T18:00:00.000Z,396.875,397.12,396.0522,396.485,352551.664008
2026-04-20T18:15:00.000Z,396.5191,397.25,396.2001,397.065,310878.798527
2026-04-20T18:30:00.000Z,397.12,397.96,396.54,397.83,347927.73548200005
2026-04-20T18:45:00.000Z,397.86,398.62,397.75,398.27,374883.95163399994
2026-04-20T19:00:00.000Z,398.27,399.01,398.07,398.9,345905.50269800005
2026-04-20T19:15:00.000Z,398.94,399.11,398.38,398.92,357108.22207400005
2026-04-20T19:30:00.000Z,398.92,399.34,398.45,398.925,406968.91899700003
2026-04-20T19:45:00.000Z,398.95,399.88,398.14,399.84,1250111.227397
2026-04-21T13:30:00.000Z,399.41,399.96,395.11,396.4,1331167.15689
2026-04-21T13:45:00.000Z,396.4,397.7,394.57,397.565,796843.5877670001
2026-04-21T14:00:00.000Z,397.57,398.96,396.97,397.72,612818.6294110001
2026-04-21T14:15:00.000Z,397.77,399.12,397.6939,398.95,502692.941655
2026-04-21T14:30:00.000Z,398.945,399.385,398,398.65,532377.573808
2026-04-21T14:45:00.000Z,398.6,400.97,398.56,398.84,672159.728493
2026-04-21T15:00:00.000Z,398.92,402.02,397.91,401.89,596302.846227
2026-04-21T15:15:00.000Z,401.91,403.43,401.265,401.835,650939.6879029999
2026-04-21T15:30:00.000Z,401.803,402.885,401.62,401.91,397588.50769899995
2026-04-21T15:45:00.000Z,401.935,402.06,400.82,401.335,413850.1888640001
2026-04-21T16:00:00.000Z,401.335,402.4,401.18,402.29,484085.86147999996
2026-04-21T16:15:00.000Z,402.29,403.6,402.05,402.115,470671.420667
2026-04-21T16:30:00.000Z,402.12,403.1,400.5501,400.78,386188.9872280001
2026-04-21T16:45:00.000Z,400.79,402.1999,400.79,401.66,271469.68394799996
2026-04-21T17:00:00.000Z,401.605,402.1,400.67,401.25,287758.186729
2026-04-21T17:15:00.000Z,401.26,401.71,399.99,400.2977,245066.829003
2026-04-21T17:30:00.000Z,400.28,402.83,400.15,401.84,354222.97939899995
2026-04-21T17:45:00.000Z,401.87,401.96,401.0196,401.6,362540.70381
2026-04-21T18:00:00.000Z,401.65,402.36,401.0339,401.915,279291.243525
2026-04-21T18:15:00.000Z,401.88,402.015,400.685,400.98,237200.93193999998
2026-04-21T18:30:00.000Z,401.06,401.67,400.86,401.46,180542.79224899996
2026-04-21T18:45:00.000Z,401.45,402.59,400.99,402.06,259778.45424299996
2026-04-21T19:00:00.000Z,402.1039,402.49,401.2,401.52,296237.930329
2026-04-21T19:15:00.000Z,401.45,402.305,401.06,402.23,299203.639549
2026-04-21T19:30:00.000Z,402.24,402.68,399.05,399.47,455645.28400900005
2026-04-21T19:45:00.000Z,399.49,402.4,399.46,402.25,1219029.708726
2026-04-22T13:30:00.000Z,406.98,409,405.16,407.12,1269497.227448
2026-04-22T13:45:00.000Z,407.21,407.7,404.86,407.61,716105.59555
2026-04-22T14:00:00.000Z,407.65,409.4899,407.65,409.35,852114.0584180001
2026-04-22T14:15:00.000Z,409.36,411.9805,408.63,411.19,1271784.321107
2026-04-22T14:30:00.000Z,411.22,412.28,410.5,411.26,865527.853958
2026-04-22T14:45:00.000Z,411.31,413.95,411.3,413.36,892406.749342
2026-04-22T15:00:00.000Z,413.31,414.14,412.52,414.11,570503.791155
2026-04-22T15:15:00.000Z,414.11,416.67,414.11,416.29,1025352.025897
2026-04-22T15:30:00.000Z,416.26,417.7899,415.04,416.2,728617.984539
2026-04-22T15:45:00.000Z,416.2,417,415.725,416.245,496504.491632
2026-04-22T16:00:00.000Z,416.35,418.75,415.2,418.48,746623.568922
2026-04-22T16:15:00.000Z,418.47,419.67,417.9601,419.06,830668.578395
2026-04-22T16:30:00.000Z,419.06,419.8,417.65,418.24,640704.137466
2026-04-22T16:45:00.000Z,418.25,418.39,416.71,416.89,365333.587354
2026-04-22T17:00:00.000Z,416.89,418.79,416.89,418.5125,429283.806691
2026-04-22T17:15:00.000Z,418.58,419.75,418.33,419.13,514028.156748
2026-04-22T17:30:00.000Z,419.1001,420.3,419.1001,419.72,699990.040353
2026-04-22T17:45:00.000Z,419.74,419.9,419.08,419.18,354105.42966100003
2026-04-22T18:00:00.000Z,419.1701,420.25,419.1201,420.0299,424095.44858399994
2026-04-22T18:15:00.000Z,420,420.4,419.5217,419.65,456322.948653
2026-04-22T18:30:00.000Z,419.69,420.75,419.35,420.1,405984.141194
2026-04-22T18:45:00.000Z,420.1,420.24,418.83,418.89,405999.60634
2026-04-22T19:00:00.000Z,418.85,419.75,417.9,419.37,574468.011621
2026-04-22T19:15:00.000Z,419.4199,420.37,419.37,419.605,558732.338801
2026-04-22T19:30:00.000Z,419.605,421.37,419.25,421.32,684731.5704999999
2026-04-22T19:45:00.000Z,421.305,423.2,421.29,422.6,2302857.666468
2026-04-23T13:30:00.000Z,422.39,427.4,419.39,426.26,1908794.7409839998
2026-04-23T13:45:00.000Z,426.35,428.16,425.03,426.115,998429.017658
2026-04-23T14:00:00.000Z,426.14,426.6,424.88,425.39,705979.791895
2026-04-23T14:15:00.000Z,425.44,427.69,425.22,425.59,563616.2311849999
2026-04-23T14:30:00.000Z,425.54,427.13,424.23,425.55,571748.265699
2026-04-23T14:45:00.000Z,425.61,427.4,425.2501,426.65,488370.353569
2026-04-23T15:00:00.000Z,426.74,428.92,426.61,428.79,753139.1605449999
2026-04-23T15:15:00.000Z,428.76,429.31,427.71,428.13,619689.4560380001
2026-04-23T15:30:00.000Z,428.13,429.1,428.02,428.9,437919.82712199993
2026-04-23T15:45:00.000Z,428.87,429.18,426.8,427.9901,534311.2522290001
2026-04-23T16:00:00.000Z,428,428.49,426.15,427.84,491227.17999499995
2026-04-23T16:15:00.000Z,427.81,428.735,427.71,428.08,399633.45246599993
2026-04-23T16:30:00.000Z,428.09,428.09,426.72,427.26,362884.989339
2026-04-23T16:45:00.000Z,427.21,427.415,425.81,426.16,242303.23655499998
2026-04-23T17:00:00.000Z,426.17,426.75,422.5,423.54,559570.93158
2026-04-23T17:15:00.000Z,423.61,423.69,421.1,421.56,495319.0890139999
2026-04-23T17:30:00.000Z,421.4201,423.05,418.72,419.36,460913.96924199996
2026-04-23T17:45:00.000Z,419.36,422.51,417.8,422.145,619659.4932719999
2026-04-23T18:00:00.000Z,422.145,423.57,421.6,421.89,323712.52266899997
2026-04-23T18:15:00.000Z,422.03,422.4,420.22,421.21,355859.523575
2026-04-23T18:30:00.000Z,421.35,422.7,421.22,422.43,349732.976864
2026-04-23T18:45:00.000Z,422.4,422.4,419.2865,419.81,335946.182815
2026-04-23T19:00:00.000Z,419.6998,421.18,419.37,420.0934,257205.742246
2026-04-23T19:15:00.000Z,420.085,420.6499,419.84,419.97,316508.9228279999
2026-04-23T19:30:00.000Z,419.93,420.32,418.41,418.44,567497.167707
2026-04-23T19:45:00.000Z,418.45,420.22,418,419.98,1190730.0374339998
2026-04-24T13:30:00.000Z,424.98,425,414.64,415.438,2379291.380168
2026-04-24T13:45:00.000Z,415.37,415.72,408.86,414.09,1850878.6951109997
2026-04-24T14:00:00.000Z,414.08,416.13,413.54,414.01,954273.7000860001
2026-04-24T14:15:00.000Z,414.01,414.7899,413.01,413.93,566416.093661
2026-04-24T14:30:00.000Z,413.94,416.28,412.19,415.595,523501.856826
2026-04-24T14:45:00.000Z,415.595,417.189,414.68,417.14,637294.2785180002
2026-04-24T15:00:00.000Z,417.17,419.21,417.17,418.59,590325.6782359999
2026-04-24T15:15:00.000Z,418.61,418.73,414.44,414.74,673959.0145050001
2026-04-24T15:30:00.000Z,414.74,415.58,413.6601,415.27,506559.428427
2026-04-24T15:45:00.000Z,415.27,421.36,414.12,419.685,1250665.0352659998
2026-04-24T16:00:00.000Z,419.87,420.41,418.39,419.52,558688.7916399998
2026-04-24T16:15:00.000Z,419.44,421.03,419.13,420.52,419066.1946589999
2026-04-24T16:30:00.000Z,420.62,421.19,419.1,419.66,306396.71788799996
2026-04-24T16:45:00.000Z,419.575,420.88,419.24,420.65,828895.121483
2026-04-24T17:00:00.000Z,420.65,421.7,420.05,420.67,309952.22588099993
2026-04-24T17:15:00.000Z,420.61,420.6725,418.91,418.92,570179.61541
2026-04-24T17:30:00.000Z,418.91,420.1806,418.23,419.9,239766.41276700006
2026-04-24T17:45:00.000Z,419.89,422.25,419.7001,421.644,318477.292244
2026-04-24T18:00:00.000Z,421.66,421.89,420.54,420.785,295914.29661200003
2026-04-24T18:15:00.000Z,420.85,421.5,420.26,421.0718,233634.998438
2026-04-24T18:30:00.000Z,421.1,421.7377,421.05,421.41,300578.01360400004
2026-04-24T18:45:00.000Z,421.38,422.2,421.35,421.735,293494.75993199996
2026-04-24T19:00:00.000Z,421.78,423.03,421.71,422.48,380470.8798100001
2026-04-24T19:15:00.000Z,422.515,423.165,422.46,422.59,373454.200059
2026-04-24T19:30:00.000Z,422.5415,422.7,421.535,421.745,474590.69719000004
2026-04-24T19:45:00.000Z,421.69,423.78,421.1038,422.75,1769192.034096
2026-04-27T13:30:00.000Z,420.475,422.75,417.9001,421.475,1453792.9981600002
2026-04-27T13:45:00.000Z,421.58,422.36,415.82,420.58,1120699.3923439998
2026-04-27T14:00:00.000Z,420.51,420.86,417.33,419.72,618970.3889970001
2026-04-27T14:15:00.000Z,419.66,419.7129,416.61,416.88,547000.602875
2026-04-27T14:30:00.000Z,416.94,417.4099,415,416.14,644194.012463
2026-04-27T14:45:00.000Z,416.1277,416.3231,414.63,415.5225,646189.719392
2026-04-27T15:00:00.000Z,415.58,416.95,414.75,415.58,480260.861526
2026-04-27T15:15:00.000Z,415.53,416.61,414.63,416.545,431070.436992
2026-04-27T15:30:00.000Z,416.63,417.5499,416.12,417.4501,325592.399915
2026-04-27T15:45:00.000Z,417.45,417.51,415.89,416.075,369410.42855899996
2026-04-27T16:00:00.000Z,416.17,416.55,415.03,415.08,331924.75071800005
2026-04-27T16:15:00.000Z,415.095,417.12,414.87,416.49,329643.096387
2026-04-27T16:30:00.000Z,416.46,416.9799,415.88,415.89,344108.24363599997
2026-04-27T16:45:00.000Z,415.935,416.06,415.18,415.66,339733.01479999995
2026-04-27T17:00:00.000Z,415.7,416.06,415,415.26,265494.509946
2026-04-27T17:15:00.000Z,415.285,416.06,414.73,416.06,357056.149203
2026-04-27T17:30:00.000Z,416.055,416.5,415.78,416.03,599395.8830100001
2026-04-27T17:45:00.000Z,416.03,417.3,415.97,416.645,481587.51227300003
2026-04-27T18:00:00.000Z,416.645,416.88,416,416.2,465534.0619000001
2026-04-27T18:15:00.000Z,416.21,416.369,415.68,415.926,220784.63274499998
2026-04-27T18:30:00.000Z,415.87,416.1999,415.5,415.56,280417.330544
2026-04-27T18:45:00.000Z,415.6,415.8557,415.0301,415.69,302094.24567100004
2026-04-27T19:00:00.000Z,415.69,415.96,415.3101,415.9,264106.231316
2026-04-27T19:15:00.000Z,415.92,416.8435,415.83,416.64,380994.304757
2026-04-27T19:30:00.000Z,416.64,417.1,415.9,416.605,507540.487716
2026-04-27T19:45:00.000Z,416.58,418.44,416.58,418.32,1022038.1448400001
2026-04-28T13:30:00.000Z,400.305,405.5,397.1009,404.1,2834037.7885290007
2026-04-28T13:45:00.000Z,404.07,404.99,401.04,403.61,1215650.890121
2026-04-28T14:00:00.000Z,403.6,405.81,403,405.03,742232.5811140001
2026-04-28T14:15:00.000Z,405.14,405.37,402.625,402.81,566107.3231929999
2026-04-28T14:30:00.000Z,402.83,403.69,399.93,401.31,785659.1921009999
2026-04-28T14:45:00.000Z,401.31,401.61,396.895,399.72,1087175.411116
2026-04-28T15:00:00.000Z,399.81,400.5,396.4,397.57,999954.3742750001
2026-04-28T15:15:00.000Z,397.55,398.715,396.2557,396.85,578635.8042499999
2026-04-28T15:30:00.000Z,396.82,396.9999,395.11,396.43,736403.019897
2026-04-28T15:45:00.000Z,396.4,396.47,394.65,395.345,823465.7080000001
2026-04-28T16:00:00.000Z,395.37,397.27,394.935,396.86,571848.670395
2026-04-28T16:15:00.000Z,396.865,397.38,396.32,396.655,441417.207825
2026-04-28T16:30:00.000Z,396.665,397,395.7,396.29,421459.634527
2026-04-28T16:45:00.000Z,396.29,397.78,396.01,397.49,478335.98429200007
2026-04-28T17:00:00.000Z,397.52,397.97,396.53,397.0725,352690.511438
2026-04-28T17:15:00.000Z,397.055,397.52,396.38,397.26,335167.21897299995
2026-04-28T17:30:00.000Z,397.29,398.1699,397.21,397.755,465223.88661700004
2026-04-28T17:45:00.000Z,397.71,398.75,397.6,398.36,426403.63787900005
2026-04-28T18:00:00.000Z,398.36,399.27,398.08,399.265,295524.461286
2026-04-28T18:15:00.000Z,399.24,400.75,398.99,400.53,486397.24720100005
2026-04-28T18:30:00.000Z,400.59,401.1599,399.9,400.25,432597.770328
2026-04-28T18:45:00.000Z,400.26,400.9,399.47,400.27,589191.3904
2026-04-28T19:00:00.000Z,400.3,401.9499,400.207,400.45,530697.284765
2026-04-28T19:15:00.000Z,400.45,401.06,399.555,400.9,503874.9395170001
2026-04-28T19:30:00.000Z,400.93,401.09,400.25,400.801,468922.872172
2026-04-28T19:45:00.000Z,400.835,401.55,399,399.83,2016250.677885
2026-04-29T13:30:00.000Z,403.5,403.75,398,402.05,1034862.7323520001
2026-04-29T13:45:00.000Z,402.05,402.43,399.95,401.11,680581.3235459999
2026-04-29T14:00:00.000Z,400.9825,400.99,398.345,399.035,419362.2961420001
2026-04-29T14:15:00.000Z,399.06,401.945,398.43,401.39,407470.472864
2026-04-29T14:30:00.000Z,401.315,402.36,400.65,401.81,471780.336028
2026-04-29T14:45:00.000Z,401.96,402.3499,400.26,400.85,319537.694711
2026-04-29T15:00:00.000Z,400.85,401.49,399.18,400.06,287662.85917
2026-04-29T15:15:00.000Z,400.01,400.89,399.66,400.63,336726.19244499994
2026-04-29T15:30:00.000Z,400.685,401.7899,400.39,400.855,326856.09083899995
2026-04-29T15:45:00.000Z,400.845,401.16,398.67,399.44,340370.021281
2026-04-29T16:00:00.000Z,399.48,399.89,398.75,398.93,195023.83831899997
2026-04-29T16:15:00.000Z,398.88,399.015,397.65,397.86,273624.426925
2026-04-29T16:30:00.000Z,397.8,398,396.78,397.34,356945.16841700004
2026-04-29T16:45:00.000Z,397.31,397.72,396.88,397.655,226433.51834
2026-04-29T17:00:00.000Z,397.655,398.47,397.2,398.19,201919.609246
2026-04-29T17:15:00.000Z,398.21,398.7,397.54,398.45,314032.09884900006
2026-04-29T17:30:00.000Z,398.47,399.7609,398.3201,399.72,199780.543013
2026-04-29T17:45:00.000Z,399.705,400.35,399.0901,400.2,277078.730279
2026-04-29T18:00:00.000Z,400.14,400.35,397.23,398.135,280207.25889999996
2026-04-29T18:15:00.000Z,398.1,399.13,398.095,398.32,176738.15211199998
2026-04-29T18:30:00.000Z,398.355,399.3,397.6,397.8852,296205.92274499993
2026-04-29T18:45:00.000Z,397.87,400.25,397.5,400.09,255436.97040999998
2026-04-29T19:00:00.000Z,400.08,402.17,399.59,401.95,419179.31369499996
2026-04-29T19:15:00.000Z,401.94,404.65,401.9209,403.825,616530.280896
2026-04-29T19:30:00.000Z,403.81,405.07,403.76,404.24,800280.1127159998
2026-04-29T19:45:00.000Z,404.14,405.64,403.55,405.59,1563001.244345
2026-04-30T13:30:00.000Z,415.52,417.999,411.596,416.67,1776772.2702120002
2026-04-30T13:45:00.000Z,416.6,418.38,409.75,411.47,1233280.550292
2026-04-30T14:00:00.000Z,411.37,414.3899,410.33,412.36,781930.2146650001
2026-04-30T14:15:00.000Z,412.37,412.54,407.61,407.61,758496.5553489998
2026-04-30T14:30:00.000Z,407.6,408.15,404.2301,405.78,779530.264614
2026-04-30T14:45:00.000Z,405.735,410.5599,405.69,410.12,491283.619278
2026-04-30T15:00:00.000Z,410.05,413.4,410.04,412.905,682914.466051
2026-04-30T15:15:00.000Z,412.925,413.4,411.29,411.84,509589.815369
2026-04-30T15:30:00.000Z,411.81,412.85,411.5,412.35,319671.353691
2026-04-30T15:45:00.000Z,412.3,413.92,411.68,412.965,339373.80902900005
2026-04-30T16:00:00.000Z,412.9541,414.39,412.11,414.3,317928.39647700003
2026-04-30T16:15:00.000Z,414.3,414.43,413.25,413.7101,245449.98572
2026-04-30T16:30:00.000Z,413.76,414.18,412.73,413.37,287639.91492
2026-04-30T16:45:00.000Z,413.343,413.68,412.07,413.49,276543.751147
2026-04-30T17:00:00.000Z,413.46,414.5,413.46,413.9422,221706.91318199996
2026-04-30T17:15:00.000Z,413.93,414.67,413.21,414.55,212137.74098899998
2026-04-30T17:30:00.000Z,414.565,415.67,414.5001,415.34,291469.271906
2026-04-30T17:45:00.000Z,415.4,417,415.33,416.835,297023.394259
2026-04-30T18:00:00.000Z,416.9,417.44,416,416.22,298893.051862
2026-04-30T18:15:00.000Z,416.235,416.56,415.54,415.64,207170.095869
2026-04-30T18:30:00.000Z,415.65,416.18,415.12,415.455,223778.597871
2026-04-30T18:45:00.000Z,415.47,415.83,415.0401,415.365,242499.02429800003
2026-04-30T19:00:00.000Z,415.37,417.35,414.99,417.305,700212.4820470001
2026-04-30T19:15:00.000Z,417.36,417.59,415.4501,415.54,526676.0691930001
2026-04-30T19:30:00.000Z,415.5,416.39,414.93,416.0675,521007.019203
2026-04-30T19:45:00.000Z,416.09,418,415.1301,417.48,1584010.7102889998
2026-05-01T13:30:00.000Z,415.092,422.22,413.28,421.23,1023442.3508240002
2026-05-01T13:45:00.000Z,421.43,421.72,419.86,421.06,484702.079654
2026-05-01T14:00:00.000Z,421.165,421.23,419.7,420.42,360563.73258199997
2026-05-01T14:15:00.000Z,420.35,421.27,419,420.67,487399.34369699995
2026-05-01T14:30:00.000Z,420.675,420.675,416.37,419.15,548791.951914
2026-05-01T14:45:00.000Z,419.18,420.47,418.17,419.85,342063.0093750001
2026-05-01T15:00:00.000Z,419.77,420.13,419,419.695,250243.83211199997
2026-05-01T15:15:00.000Z,419.725,421.87,419.45,421.81,286658.34564300004
2026-05-01T15:30:00.000Z,421.805,422,420.4,421.36,306241.95692799997
2026-05-01T15:45:00.000Z,421.26,421.99,419.89,421.85,304566.100498
2026-05-01T16:00:00.000Z,421.75,422,420.31,420.535,195533.574366
2026-05-01T16:15:00.000Z,420.6,421.3,419.8,420,163768.26595
2026-05-01T16:30:00.000Z,419.92,420.5,419.7701,419.99,145470.23643299998
2026-05-01T16:45:00.000Z,419.94,420.42,419.64,420.05,179711.402036
2026-05-01T17:00:00.000Z,420.05,420.66,419.92,420.55,139514.158892
2026-05-01T17:15:00.000Z,420.615,421.43,420.4001,421.39,250144.43255900004
2026-05-01T17:30:00.000Z,421.36,422.45,421.36,422.445,242843.40831
2026-05-01T17:45:00.000Z,422.47,423.17,421.74,421.9,396370.53580400004
2026-05-01T18:00:00.000Z,421.8101,422.75,421.81,422.07,261324.72427600002
2026-05-01T18:15:00.000Z,421.99,422.83,421.81,422.49,241399.78598200003
2026-05-01T18:30:00.000Z,422.415,422.55,421.3,421.44,276647.87673500006
2026-05-01T18:45:00.000Z,421.49,422.54,420.9,422.44,231759.45476599998
2026-05-01T19:00:00.000Z,422.4,423,422.23,422.585,239388.473827
2026-05-01T19:15:00.000Z,422.58,422.82,421.77,422.77,350552.40991300007
2026-05-01T19:30:00.000Z,422.76,422.88,421.6,422.11,350923.913378
2026-05-01T19:45:00.000Z,422.06,422.105,419.75,421.23,1021056.4297849999
2026-05-04T13:30:00.000Z,418.215,423.83,416.94,421.7725,1113395.790391
2026-05-04T13:45:00.000Z,421.755,422.82,419.27,420.86,616928.2267180001
2026-05-04T14:00:00.000Z,420.995,421.39,419.67,420.53,458024.323568
2026-05-04T14:15:00.000Z,420.53,420.6199,415.9182,416.065,782404.384995
2026-05-04T14:30:00.000Z,416.055,417.83,415.28,417.77,558840.9482730001
2026-05-04T14:45:00.000Z,417.77,418.08,416.56,416.595,395978.803118
2026-05-04T15:00:00.000Z,416.62,417.79,416.125,416.7,538899.502289
2026-05-04T15:15:00.000Z,416.635,416.635,412.85,414.5,678861.818761
2026-05-04T15:30:00.000Z,414.395,414.74,410.9,413.1625,595771.4122120001
2026-05-04T15:45:00.000Z,413.05,413.66,412.21,412.68,365183.45361900004
2026-05-04T16:00:00.000Z,412.67,412.763,410.16,410.28,386963.269689
2026-05-04T16:15:00.000Z,410.18,412.63,409.53,411.9101,423584.7647669999
2026-05-04T16:30:00.000Z,411.915,412.4288,410.32,411.44,384511.75027
2026-05-04T16:45:00.000Z,411.4449,411.95,411.08,411.3,282133.94230800006
2026-05-04T17:00:00.000Z,411.3,413.8,411.3,413.305,410580.032037
2026-05-04T17:15:00.000Z,413.3,414.04,412.8408,413.24,264957.701973
2026-05-04T17:30:00.000Z,413.335,413.3899,412.09,412.875,239841.99483600003
2026-05-04T17:45:00.000Z,412.88,412.95,412.1301,412.47,241680.374151
2026-05-04T18:00:00.000Z,412.49,413.21,412.3,412.8701,255720.625698
2026-05-04T18:15:00.000Z,412.9861,413.72,412.41,413.59,242002.24998500003
2026-05-04T18:30:00.000Z,413.635,413.7399,412.86,412.94,200791.14618500005
2026-05-04T18:45:00.000Z,412.89,415.03,412.7,414.94,257521.446352
2026-05-04T19:00:00.000Z,414.95,416.135,414.74,415.33,300209.29644600005
2026-05-04T19:15:00.000Z,415.28,416.12,415.08,416.1,292038.71354
2026-05-04T19:30:00.000Z,416.115,417.14,416.085,416.42,309607.371345
2026-05-04T19:45:00.000Z,416.32,416.74,414.48,416.47,1155436.838825
2026-05-05T13:30:00.000Z,421.66,424.355,419.685,423.805,1272129.4820019999
2026-05-05T13:45:00.000Z,423.805,426.69,423,423.09,942806.4172270001
2026-05-05T14:00:00.000Z,423.05,423.4,420,420.205,614479.8291089999
2026-05-05T14:15:00.000Z,420.22,422.46,419.35,421.925,520168.27136300004
2026-05-05T14:30:00.000Z,421.91,422.55,421.31,421.5157,365318.63581500005
2026-05-05T14:45:00.000Z,421.5315,424.46,421.3,424.04,382324.05218700005
2026-05-05T15:00:00.000Z,423.96,426.95,423.72,426.865,825826.4198429999
2026-05-05T15:15:00.000Z,426.835,428.93,426.52,427.615,865266.818425
2026-05-05T15:30:00.000Z,427.65,428.92,426.61,427.33,457323.334638
2026-05-05T15:45:00.000Z,427.45,427.98,425.8,426.755,466601.738171
2026-05-05T16:00:00.000Z,426.755,428.62,426.59,428.02,364013.96994899993
2026-05-05T16:15:00.000Z,428.032,431.67,427.67,429.78,910644.5510549999
2026-05-05T16:30:00.000Z,429.83,431.22,429.4,429.73,437435.686163
2026-05-05T16:45:00.000Z,429.73,430.82,429.095,429.93,312665.48691199993
2026-05-05T17:00:00.000Z,429.86,431.67,429.67,431.09,379851.131697
2026-05-05T17:15:00.000Z,431.1499,431.81,430.88,431.5301,276233.330666
2026-05-05T17:30:00.000Z,431.57,432.18,431.2101,431.75,325866.60609799996
2026-05-05T17:45:00.000Z,431.75,432.48,431.1501,431.96,333329.07697900006
2026-05-05T18:00:00.000Z,431.95,433.39,431.6225,432.125,548704.5257440001
2026-05-05T18:15:00.000Z,432.14,432.19,430.675,430.7415,331945.153875
2026-05-05T18:30:00.000Z,430.74,432.3,430.69,431.665,434378.71552900004
2026-05-05T18:45:00.000Z,431.64,431.78,430.69,430.7,287478.728624
2026-05-05T19:00:00.000Z,430.77,431.3995,430.4,430.92,323319.0267290001
2026-05-05T19:15:00.000Z,430.92,430.92,430.11,430.22,491025.7571169999
2026-05-05T19:30:00.000Z,430.19,430.33,428.7007,428.875,545405.809941
2026-05-05T19:45:00.000Z,428.84,428.95,426.74,427.5,1350982.2573739998
2026-05-06T13:30:00.000Z,435.56,437.68,430.34,430.7,1432266.544942
2026-05-06T13:45:00.000Z,430.81,431.13,426.9,427.64,813915.8915660001
2026-05-06T14:00:00.000Z,427.64,428.14,421.8852,422.635,871578.9726099999
2026-05-06T14:15:00.000Z,422.53,423.4,417.78,420.25,920443.95529
2026-05-06T14:30:00.000Z,420.28,422.99,420.0001,422.555,470830.8202620001
2026-05-06T14:45:00.000Z,422.6,424.06,422.38,423.07,412850.19296399987
2026-05-06T15:00:00.000Z,423.015,424.05,422.28,423.41,365151.73529999994
2026-05-06T15:15:00.000Z,423.415,425.26,423.35,423.64,535541.301741
2026-05-06T15:30:00.000Z,423.705,424,420.9,422.635,436124.519187
2026-05-06T15:45:00.000Z,422.415,423.21,421.8,421.94,265515.99098
2026-05-06T16:00:00.000Z,421.92,424.55,421.76,424.29,295587.764019
2026-05-06T16:15:00.000Z,424.2875,424.549,422.52,422.56,262074.580921
2026-05-06T16:30:00.000Z,422.56,423.8246,421.8,421.94,261299.40892999998
2026-05-06T16:45:00.000Z,421.945,422.01,421.16,421.525,265594.282465
2026-05-06T17:00:00.000Z,421.525,421.765,420.66,421.5,255443.42420999994
2026-05-06T17:15:00.000Z,421.45,421.97,421.0101,421.4501,193368.43357499997
2026-05-06T17:30:00.000Z,421.52,421.9899,421,421.35,233276.39084100001
2026-05-06T17:45:00.000Z,421.38,421.43,419.89,420.47,292089.53566099994
2026-05-06T18:00:00.000Z,420.5,422.0999,420.12,421.56,524393.5086160001
2026-05-06T18:15:00.000Z,421.6,422.59,421.54,422.42,883660.587139
2026-05-06T18:30:00.000Z,422.38,423.1,421.53,422.945,314321.990202
2026-05-06T18:45:00.000Z,422.93,423.09,422.06,422.06,298456.227879
2026-05-06T19:00:00.000Z,422.03,422.4,421.02,422.38,404069.07719599997
2026-05-06T19:15:00.000Z,422.38,423.01,421.65,422.79,726292.1340569999
2026-05-06T19:30:00.000Z,422.68,423.09,421.73,422.92,541808.503207
2026-05-06T19:45:00.000Z,422.86,426,422.56,425.39,2069916.5518899998
2026-05-07T13:30:00.000Z,421.82,422.96,415,415.19,1564195.3320040002
2026-05-07T13:45:00.000Z,415.39,418.5,414.69,417,981925.489199
2026-05-07T14:00:00.000Z,417.03,420.19,416.85,419.055,654382.6248559998
2026-05-07T14:15:00.000Z,419.0625,424.2,418.89,423.99,842136.2813289999
2026-05-07T14:30:00.000Z,423.9992,426.49,423.07,424.06,687346.706306
2026-05-07T14:45:00.000Z,424.06,424.28,421.9111,422.995,388955.032339
2026-05-07T15:00:00.000Z,422.93,423.2,421.16,421.38,373593.65278100007
2026-05-07T15:15:00.000Z,421.3,422.285,420.91,421.515,341391.389527
2026-05-07T15:30:00.000Z,421.515,422.58,420.96,421.34,365942.05901900004
2026-05-07T15:45:00.000Z,421.25,421.58,419.11,419.535,373268.064887
2026-05-07T16:00:00.000Z,419.535,419.62,417.2,417.84,346926.11526
2026-05-07T16:15:00.000Z,417.8525,419.12,416.76,418.03,577915.484784
2026-05-07T16:30:00.000Z,417.93,419.1699,417.02,417.305,407188.99384
2026-05-07T16:45:00.000Z,417.28,418,416.97,417.8369,304515.74564900005
2026-05-07T17:00:00.000Z,417.82,417.975,415.8,416.33,308707.24638599996
2026-05-07T17:15:00.000Z,416.33,416.35,413.7036,414.985,640147.418066
2026-05-07T17:30:00.000Z,414.985,415.59,414.33,414.385,272974.131878
2026-05-07T17:45:00.000Z,414.41,415.315,413.48,414.93,413830.741851
2026-05-07T18:00:00.000Z,414.985,415.6,406.52,407.63,1845904.4483509997
2026-05-07T18:15:00.000Z,407.7,410.61,406.3,407.915,1289726.579895
2026-05-07T18:30:00.000Z,407.88,412.32,407.85,410.635,570455.596467
2026-05-07T18:45:00.000Z,410.6,412.99,410.04,412.805,432723.932701
2026-05-07T19:00:00.000Z,412.82,413.67,411.57,413.28,368533.49395399995
2026-05-07T19:15:00.000Z,413.29,414.07,411.9879,412.655,456870.331012
2026-05-07T19:30:00.000Z,412.71,414.5,412.22,413.97,519314.50480299996
2026-05-07T19:45:00.000Z,413.915,416,412.31,412.57,1803367.8122799997
2026-05-08T13:30:00.000Z,419.8,423.72,414,420.61,1858204.5894900002
2026-05-08T13:45:00.000Z,420.445,422.22,419.4301,421.99,854344.6970940001
2026-05-08T14:00:00.000Z,421.94,423.61,421.27,422.67,886636.361004
2026-05-08T14:15:00.000Z,422.59,423.9277,421.19,421.5,811727.52204
2026-05-08T14:30:00.000Z,421.4301,423.32,420.62,422.7,525336.940808
2026-05-08T14:45:00.000Z,422.7,424.2,422.4101,423.75,480051.228219
2026-05-08T15:00:00.000Z,423.66,424.55,422.95,423.52,471799.383689
2026-05-08T15:15:00.000Z,423.43,423.85,421.9,423.69,572624.185996
2026-05-08T15:30:00.000Z,423.68,424.8,422.575,423.865,518409.03196100006
2026-05-08T15:45:00.000Z,423.79,425.6985,423.73,425,405116.298961
2026-05-08T16:00:00.000Z,425.105,427.75,425.105,427.67,539746.067511
2026-05-08T16:15:00.000Z,427.645,430.25,427.44,429.93,695220.2162029999
2026-05-08T16:30:00.000Z,429.85,431.18,428.32,429.765,574290.96196
2026-05-08T16:45:00.000Z,429.77,430.5,429.49,430.05,416531.84148800006
2026-05-08T17:00:00.000Z,430.14,430.72,429.41,430.12,374913.357901
2026-05-08T17:15:00.000Z,430.03,435,429.4,430.33,1243224.0894600002
2026-05-08T17:30:00.000Z,430.29,430.43,427.2554,427.81,600935.4024429998
2026-05-08T17:45:00.000Z,427.845,428.83,426.71,427.105,378231.972817
2026-05-08T18:00:00.000Z,427.17,428.71,427.14,428.23,369779.756787
2026-05-08T18:15:00.000Z,428.153,428.95,427.5301,428.62,327245.85503800004
2026-05-08T18:30:00.000Z,428.57,428.7,427.135,428.39,318742.05557599996
2026-05-08T18:45:00.000Z,428.39,428.88,427.76,428.11,331805.50795199996
2026-05-08T19:00:00.000Z,428.15,429.8,428.09,429.26,410336.283712
2026-05-08T19:15:00.000Z,429.265,429.39,427.51,427.68,447396.174525
2026-05-08T19:30:00.000Z,427.68,428.55,427.67,428.225,540151.470768
2026-05-08T19:45:00.000Z,428.17,430.23,427.27,429.9,2001910.3212349997
2026-05-11T13:30:00.000Z,427.615,433.3199,425.915,432.22,1453562.4526599997
2026-05-11T13:45:00.000Z,432.29,433.6463,430,430.375,724412.807817
2026-05-11T14:00:00.000Z,430.375,431.33,428.65,429.19,634735.6539699999
2026-05-11T14:15:00.000Z,429.22,429.4,426.3701,426.66,511783.400662
2026-05-11T14:30:00.000Z,426.595,427.18,425.0501,427.125,530563.5730579998
2026-05-11T14:45:00.000Z,427.125,430.88,427.07,430.29,690940.234488
2026-05-11T15:00:00.000Z,430.29,431.38,429.565,429.9867,515035.82037
2026-05-11T15:15:00.000Z,430.03,430.67,429.37,430.44,457993.940992
2026-05-11T15:30:00.000Z,430.42,431.33,429.66,430.315,404138.493753
2026-05-11T15:45:00.000Z,430.285,431.05,429.84,429.97,301441.695135
2026-05-11T16:00:00.000Z,429.98,430.36,429.58,429.915,266045.745233
2026-05-11T16:15:00.000Z,429.915,430,428.88,429.295,308334.4352859999
2026-05-11T16:30:00.000Z,429.295,429.42,426.84,428.155,430593.426648
2026-05-11T16:45:00.000Z,428.155,429.27,427.8001,429.18,274984.341188
2026-05-11T17:00:00.000Z,429.185,430.2508,428.84,429.335,335521.316459
2026-05-11T17:15:00.000Z,429.335,430,428.8,429.795,252640.93451099997
2026-05-11T17:30:00.000Z,429.79,430.22,429.5201,429.965,253107.42322300005
2026-05-11T17:45:00.000Z,430.03,430.28,428.92,429.115,357772.983508
2026-05-11T18:00:00.000Z,429.1425,430.1199,428.88,429.89,266894.764972
2026-05-11T18:15:00.000Z,429.9,430.07,429.265,429.815,321786.641916
2026-05-11T18:30:00.000Z,429.815,429.815,428.08,429.055,241149.309597
2026-05-11T18:45:00.000Z,429.07,429.59,428.54,428.71,228371.61996100002
2026-05-11T19:00:00.000Z,428.74,429.265,428.02,428.33,308857.081376
2026-05-11T19:15:00.000Z,428.42,428.49,426.48,427.55,390498.086655
2026-05-11T19:30:00.000Z,427.55,428.66,427.3001,427.74,405659.52486999996
2026-05-11T19:45:00.000Z,427.73,429.1,427.25,428.48,1206966.27653
2026-05-12T13:30:00.000Z,423.43,427.29,418.73,427.08,1336263.16695
2026-05-12T13:45:00.000Z,427.0878,429.34,424.54,424.92,694419.5284470001
2026-05-12T14:00:00.000Z,424.96,427,423.92,426.12,572226.051341
2026-05-12T14:15:00.000Z,426.22,427.16,423.1301,423.275,429060.45615800004
2026-05-12T14:30:00.000Z,423.27,423.68,420.0501,421.864,604797.5357419999
2026-05-12T14:45:00.000Z,421.88,422.42,419,419.13,495897.7566709999
2026-05-12T15:00:00.000Z,419.08,419.7799,417.3,417.435,509744.1925560001
2026-05-12T15:15:00.000Z,417.435,417.53,412.43,412.9701,962916.730225
2026-05-12T15:30:00.000Z,412.97,416.63,412.6,415.4,427248.542748
2026-05-12T15:45:00.000Z,415.38,415.65,412.24,412.45,416943.45029700006
2026-05-12T16:00:00.000Z,412.55,413.68,412.095,413.4112,433081.65728
2026-05-12T16:15:00.000Z,413.27,413.4,410.72,410.74,427886.549509
2026-05-12T16:30:00.000Z,410.72,411.09,408.66,409.42,504635.8143629999
2026-05-12T16:45:00.000Z,409.41,410.11,408.7,408.81,466584.52152400004
2026-05-12T17:00:00.000Z,408.77,411.45,408.41,410.45,559949.214023
2026-05-12T17:15:00.000Z,410.49,412.99,410.4,411.39,517302.8571179999
2026-05-12T17:30:00.000Z,411.39,413.22,411.31,411.985,284084.202934
2026-05-12T17:45:00.000Z,411.98,412.7199,411.2801,412.45,336242.453905
2026-05-12T18:00:00.000Z,412.45,414.26,410.8963,414.1,347002.56071399996
2026-05-12T18:15:00.000Z,414.1,415.65,413.7,415.3799,315303.455427
2026-05-12T18:30:00.000Z,415.17,415.63,414.06,414.085,275272.438053
2026-05-12T18:45:00.000Z,414.085,415.15,413.58,414.13,284831.233061
2026-05-12T19:00:00.000Z,414.13,416.6599,412.5693,416.05,538048.559132
2026-05-12T19:15:00.000Z,416.09,416.88,414.9386,416.62,401585.27387400006
2026-05-12T19:30:00.000Z,416.62,418.78,416.62,418.635,446218.82314699993
2026-05-12T19:45:00.000Z,418.63,420.09,418.16,419.5,1192221.9530520001
2026-05-13T13:30:00.000Z,415.805,416.21,408.56,409.61,1548078.1823150003
2026-05-13T13:45:00.000Z,409.54,410.095,404.8,408.46,1056652.502628
2026-05-13T14:00:00.000Z,408.47,409.78,407.64,408.915,613150.993794
2026-05-13T14:15:00.000Z,408.92,412.1999,408.3,411.68,584500.383614
2026-05-13T14:30:00.000Z,411.57,412.8,410.45,412.565,530552.387569
2026-05-13T14:45:00.000Z,412.565,414.6999,412.24,413.935,492937.047735
2026-05-13T15:00:00.000Z,413.94,414.51,412.98,413.5587,437961.16237400007
2026-05-13T15:15:00.000Z,413.545,414.9499,413.08,413.3262,437306.5407019999
2026-05-13T15:30:00.000Z,413.28,414.35,412.17,414.255,516762.47481999994
2026-05-13T15:45:00.000Z,414.18,414.88,413.21,414.82,322159.0641929999
2026-05-13T16:00:00.000Z,414.8047,416.2599,414.73,415.88,379066.46893
2026-05-13T16:15:00.000Z,415.92,416.54,414.3801,415.72,369618.41364200006
2026-05-13T16:30:00.000Z,415.805,415.8895,414.53,415.14,230277.845677
2026-05-13T16:45:00.000Z,415.195,415.8799,414.9,415.705,215998.57918600005
2026-05-13T17:00:00.000Z,415.79,417.56,415.73,417.2,316984.3030160001
2026-05-13T17:15:00.000Z,417.14,417.5869,416.67,417.5869,205549.996726
2026-05-13T17:30:00.000Z,417.55,417.89,417.02,417.38,283769.422922
2026-05-13T17:45:00.000Z,417.36,417.62,416.58,416.61,281276.43880099995
2026-05-13T18:00:00.000Z,416.74,417.59,416.51,417.135,226565.23553700003
2026-05-13T18:15:00.000Z,417.125,417.74,416.85,417.38,358159.82431100006
2026-05-13T18:30:00.000Z,417.42,418.3199,416.53,418.23,546986.591257
2026-05-13T18:45:00.000Z,418.1,418.2699,415.92,416.04,320436.619272
2026-05-13T19:00:00.000Z,416.05,417.55,415.51,417.49,356434.16263300006
2026-05-13T19:15:00.000Z,417.47,418.63,417.39,418.15,443857.210137
2026-05-13T19:30:00.000Z,418.09,418.17,417.12,417.765,412472.133029
2026-05-13T19:45:00.000Z,417.73,418.48,415.23,416.7,1106747.555946
2026-05-14T13:30:00.000Z,416.73,434.66,415.59,430.2113,2206735.939677
2026-05-14T13:45:00.000Z,430.48,432.3,426.66,427.26,1021094.9831350002
2026-05-14T14:00:00.000Z,427.26,431.7,427.04,430.46,685551.281015
2026-05-14T14:15:00.000Z,430.45,436.09,430.35,435.0399,1094779.2182300002
2026-05-14T14:30:00.000Z,435.115,437.555,433.5,435.925,827913.328496
2026-05-14T14:45:00.000Z,435.93,437.005,433.5,434.62,560918.255905
2026-05-14T15:00:00.000Z,434.63,436.9799,433.54,436.205,511568.666908
2026-05-14T15:15:00.000Z,436.2,439.27,436.07,438.78,825779.2993210001
2026-05-14T15:30:00.000Z,438.79,439.75,437.02,437.256,686867.145309
2026-05-14T15:45:00.000Z,437.205,437.4299,435.24,436.075,446767.97193699994
2026-05-14T16:00:00.000Z,436.075,436.46,434.2,434.29,307140.041425
2026-05-14T16:15:00.000Z,434.275,434.535,432.85,433.1261,298396.29423099995
2026-05-14T16:30:00.000Z,433.05,433.75,432.02,432.23,338383.545513
2026-05-14T16:45:00.000Z,432.13,433.43,431.8,432.945,267023.677693
2026-05-14T17:00:00.000Z,433.13,433.75,431.8365,432.005,230660.31784499998
2026-05-14T17:15:00.000Z,432.005,433.54,431.19,433.41,398944.145854
2026-05-14T17:30:00.000Z,433.36,434.73,432.79,434.3199,298234.1267300001
2026-05-14T17:45:00.000Z,434.32,436.59,434.245,435.37,254076.01696700003
2026-05-14T18:00:00.000Z,435.18,435.61,433.7479,435.24,344840.31851699995
2026-05-14T18:15:00.000Z,435.235,436.195,434.87,436.12,227359.53336399997
2026-05-14T18:30:00.000Z,436.08,436.4,435.3602,436.4,293390.293651
2026-05-14T18:45:00.000Z,436.3101,439.62,436,439.57,511000.87494
2026-05-14T19:00:00.000Z,439.505,440.96,439.2601,439.98,756756.8754230001
2026-05-14T19:15:00.000Z,439.92,441.35,439.7001,440.275,546226.606796
2026-05-14T19:30:00.000Z,440.22,442.13,440.15,441.75,647556.6624769999
2026-05-14T19:45:00.000Z,441.78,442.36,439.32,439.69,1571770.510653
2026-05-15T13:30:00.000Z,432.81,432.81,424.2,426.52,2449401.048696999
2026-05-15T13:45:00.000Z,426.5,428.105,422.81,424.09,894857.4029799999
2026-05-15T14:00:00.000Z,423.92,429.5199,419.8,428.7,518985.157699
2026-05-15T14:15:00.000Z,428.7,430.03,426.5803,426.76,441701.78999900003
2026-05-15T14:30:00.000Z,426.765,428.21,426.44,426.91,282662.16049599997
2026-05-15T14:45:00.000Z,426.965,427.08,422.55,423.06,524275.99861899996
2026-05-15T15:00:00.000Z,423.09,424.36,422,423.74,502205.33932299993
2026-05-15T15:15:00.000Z,423.775,426.3899,423.38,425.72,386235.4388090001
2026-05-15T15:30:00.000Z,425.76,427.8594,425.71,426.375,552103.2482639999
2026-05-15T15:45:00.000Z,426.31,427.23,425.5,426.925,319858.19638100005
2026-05-15T16:00:00.000Z,426.86,428.3699,426.22,428.301,848182.9505360001
2026-05-15T16:15:00.000Z,428.31,429.07,427.43,429.07,201863.14340899998
2026-05-15T16:30:00.000Z,429.1,430.47,428.89,430.45,256903.31351000007
2026-05-15T16:45:00.000Z,430.45,430.836,427.98,428.76,248015.13682199994
2026-05-15T17:00:00.000Z,428.69,428.96,428.3001,428.74,170681.502978
2026-05-15T17:15:00.000Z,428.74,429.55,428.35,428.975,231583.889479
2026-05-15T17:30:00.000Z,429.04,429.62,427.35,427.465,313991.12628299993
2026-05-15T17:45:00.000Z,427.4625,429.78,427.355,429.6699,178087.62628
2026-05-15T18:00:00.000Z,429.66,430.3199,429.3,429.815,216469.71177499997
2026-05-15T18:15:00.000Z,429.86,429.955,427.5,427.765,234872.47169
2026-05-15T18:30:00.000Z,427.765,427.775,425.89,426.645,248804.07354900002
2026-05-15T18:45:00.000Z,426.73,427.85,426.32,427.61,228781.23308900002
2026-05-15T19:00:00.000Z,427.65,427.96,425.67,426.4799,295432.196023
2026-05-15T19:15:00.000Z,426.4,426.97,425.97,426.81,287602.076445
2026-05-15T19:30:00.000Z,426.74,427.67,426.58,426.82,401259.99050400004
2026-05-15T19:45:00.000Z,426.82,427,424.52,425.1,1917344.894686
2026-05-18T13:30:00.000Z,421.41,422.01,416.9,417.305,1594306.274893
2026-05-18T13:45:00.000Z,417.24,420.9,416.295,418.59,881931.1996850001
2026-05-18T14:00:00.000Z,418.51,419.13,415,418.78,867683.693286
2026-05-18T14:15:00.000Z,418.67,420.26,416.33,416.7853,647509.646845
2026-05-18T14:30:00.000Z,416.6201,420.09,415.05,418.7,858293.792981
2026-05-18T14:45:00.000Z,418.695,419.75,416.71,419.51,366633.82348500006
2026-05-18T15:00:00.000Z,419.63,421.5928,418.7,419.8,450732.344228
2026-05-18T15:15:00.000Z,419.81,419.8788,417.7,418.11,416955.919515
2026-05-18T15:30:00.000Z,417.985,419.3,417.18,417.39,409789.481067
2026-05-18T15:45:00.000Z,417.45,418.91,416.76,417.89,288705.91659100004
2026-05-18T16:00:00.000Z,417.92,419.2,417.01,419.165,191377.77739799998
2026-05-18T16:15:00.000Z,419.175,420.4,415.4,415.75,354296.65500400006
2026-05-18T16:30:00.000Z,415.7,418.46,415,418.29,403520.6804710001
2026-05-18T16:45:00.000Z,418.29,421,417.4,419.73,347502.67320099997
2026-05-18T17:00:00.000Z,419.63,419.9899,418.8,419.025,169468.652899
2026-05-18T17:15:00.000Z,419.1,419.59,418.2,419.405,209606.057406
2026-05-18T17:30:00.000Z,419.39,419.95,418.64,419.61,186649.10154299997
2026-05-18T17:45:00.000Z,419.55,419.7,418.33,419.55,190219.90021199998
2026-05-18T18:00:00.000Z,419.64,419.7,417.92,418.04,232680.886176
2026-05-18T18:15:00.000Z,418.01,418.13,415.88,417.53,309002.57329400006
2026-05-18T18:30:00.000Z,417.55,418.85,417.01,417.25,294806.543491
2026-05-18T18:45:00.000Z,417.34,417.58,414.37,415.88,409333.84448599996
2026-05-18T19:00:00.000Z,415.945,420.8,415.82,418.76,443765.094677
2026-05-18T19:15:00.000Z,418.69,419.06,417,417.26,399386.84669200005
2026-05-18T19:30:00.000Z,417.32,420.48,417.15,420.29,431890.0982240001
2026-05-18T19:45:00.000Z,420.23,422,420.1001,420.48,1053465.16249
2026-05-19T13:30:00.000Z,409.815,417.9499,408.74,410.97,1938004.3851969999
2026-05-19T13:45:00.000Z,410.97,412.99,408,410.45,1143073.240092
2026-05-19T14:00:00.000Z,410.33,411.4899,407.38,407.425,1020051.0817389998
2026-05-19T14:15:00.000Z,407.39,408.79,405.86,407.46,829487.602848
2026-05-19T14:30:00.000Z,407.55,410.87,406.3,409.54,647990.9531759999
2026-05-19T14:45:00.000Z,409.64,411.9,407.36,411.005,531678.365287
2026-05-19T15:00:00.000Z,410.86,410.99,406.57,409.05,571178.0808400001
2026-05-19T15:15:00.000Z,408.8901,410.89,408.44,409.4325,404677.77112399996
2026-05-19T15:30:00.000Z,409.375,411.52,408.6529,411.31,741870.916433
2026-05-19T15:45:00.000Z,411.32,411.69,410.1,410.495,274228.38008699997
2026-05-19T16:00:00.000Z,410.57,412.34,409.82,410.37,383698.318614
2026-05-19T16:15:00.000Z,410.5,413.36,410.42,412.86,365144.94984099997
2026-05-19T16:30:00.000Z,412.81,414.25,412.32,414.11,475056.316573
2026-05-19T16:45:00.000Z,414.17,414.44,412.5,412.88,411369.228192
2026-05-19T17:00:00.000Z,412.88,415.26,412.33,414.56,545371.6075710001
2026-05-19T17:15:00.000Z,414.66,416.4,413.83,414.3,401641.612555
2026-05-19T17:30:00.000Z,414.2201,415,413.73,413.99,365692.79978299997
2026-05-19T17:45:00.000Z,413.89,414.11,412.12,413.415,380057.94126
2026-05-19T18:00:00.000Z,413.43,414.56,413.27,413.93,319182.476064
2026-05-19T18:15:00.000Z,413.93,414.26,411.73,412.16,359789.84331499995
2026-05-19T18:30:00.000Z,412.08,412.66,411.18,411.56,312088.124164
2026-05-19T18:45:00.000Z,411.54,412.32,410.5,411.145,391241.3013490001
2026-05-19T19:00:00.000Z,411.05,412.265,410.5,412.135,454285.8067949999
2026-05-19T19:15:00.000Z,412.185,412.38,409.26,410.5,443341.266278
2026-05-19T19:30:00.000Z,410.515,411.84,410.13,411.26,496306.79165100004
2026-05-19T19:45:00.000Z,411.16,412.16,409,411.12,2032648.990419
2026-05-20T13:30:00.000Z,412.81,417.525,412.2,414.97,1380955.7898400002
2026-05-20T13:45:00.000Z,415.04,415.9,411.42,414.03,897431.6706469998
2026-05-20T14:00:00.000Z,414.15,417.25,412.2,416.59,646681.6488829999
2026-05-20T14:15:00.000Z,416.75,421.2677,415.89,420.725,891564.5468189999
2026-05-20T14:30:00.000Z,420.95,421.1999,417.93,419.56,443445.61280799995
2026-05-20T14:45:00.000Z,419.69,420.88,418.35,420.54,368279.052724
2026-05-20T15:00:00.000Z,420.495,422.72,420.24,422.015,470395.1470280001
2026-05-20T15:15:00.000Z,422.2799,424.17,421.2,422.19,668828.7544679999
2026-05-20T15:30:00.000Z,422.185,422.535,420.34,420.8,287991.50986899994
2026-05-20T15:45:00.000Z,420.8,421.5,420.0701,420.39,213482.39396800002
2026-05-20T16:00:00.000Z,420.41,421,419.29,420.3,239081.20825199995
2026-05-20T16:15:00.000Z,420.19,420.2475,418.15,419.245,342746.76738499996
2026-05-20T16:30:00.000Z,419.245,419.925,418.25,419.87,185003.40606199997
2026-05-20T16:45:00.000Z,419.87,420.09,417.55,418.565,257407.067831
2026-05-20T17:00:00.000Z,418.607,418.8,417.41,418.0201,215845.79797900002
2026-05-20T17:15:00.000Z,418.09,418.2,417.26,417.67,188385.13650499997
2026-05-20T17:30:00.000Z,417.79,419.01,417.7101,418.34,222815.897855
2026-05-20T17:45:00.000Z,418.33,418.48,417.51,418.06,263572.348153
2026-05-20T18:00:00.000Z,418.13,419.2,417.7,418.71,478404.1337710001
2026-05-20T18:15:00.000Z,418.63,418.72,417.76,418.16,163333.88626600002
2026-05-20T18:30:00.000Z,418.19,418.8099,417.65,417.92,172777.66442599997
2026-05-20T18:45:00.000Z,417.86,418.25,417.625,417.775,141930.40524099997
2026-05-20T19:00:00.000Z,417.77,418.8399,417.57,418.64,269941.01036799996
2026-05-20T19:15:00.000Z,418.69,419.36,418.33,419.05,313669.787156
2026-05-20T19:30:00.000Z,419.09,419.12,417.83,418.4,397290.20853299997
2026-05-20T19:45:00.000Z,418.315,419.3,417.18,417.53,1334297.953492
2026-05-21T13:30:00.000Z,413.55,421.285,413.1,419.595,1480544.3261290002
2026-05-21T13:45:00.000Z,419.6,421.55,417.85,421.14,738483.716803
2026-05-21T14:00:00.000Z,421,422.25,419.3525,420.09,639080.305904
2026-05-21T14:15:00.000Z,420.11,420.475,415,415.16,662143.2318010001
2026-05-21T14:30:00.000Z,415.155,416.5599,414.725,416.25,481970.2001770001
2026-05-21T14:45:00.000Z,416.25,416.5,414.54,414.75,352759.234724
2026-05-21T15:00:00.000Z,414.76,415.1,410.75,412.94,631223.051944
2026-05-21T15:15:00.000Z,412.8,414.82,412.71,414.25,373889.760092
2026-05-21T15:30:00.000Z,414.375,414.75,413.21,414.375,252195.33838100004
2026-05-21T15:45:00.000Z,414.41,415.41,414.35,414.62,268580.89117
2026-05-21T16:00:00.000Z,414.59,415.85,414.39,414.765,218628.02490600004
2026-05-21T16:15:00.000Z,414.765,415.18,412.74,413.0701,293207.214584
2026-05-21T16:30:00.000Z,413,413.62,412.7,412.9096,283610.019043
2026-05-21T16:45:00.000Z,412.94,413.1,411.97,412.2501,239440.091823
2026-05-21T17:00:00.000Z,412.28,413.41,411.61,412.35,301730.86545599997
2026-05-21T17:15:00.000Z,412.38,414.6,412.06,413.3,568172.846737
2026-05-21T17:30:00.000Z,413.3386,415.02,413.15,414.65,363167.721254
2026-05-21T17:45:00.000Z,414.58,415.91,414.21,414.635,279854.55955299997
2026-05-21T18:00:00.000Z,414.63,415.22,413.22,413.69,332677.7541399999
2026-05-21T18:15:00.000Z,413.68,413.91,413.19,413.6,233342.527116
2026-05-21T18:30:00.000Z,413.63,413.76,412.76,413.25,219711.85459700006
2026-05-21T18:45:00.000Z,413.29,413.37,410.5,411.7225,387460.76745900005
2026-05-21T19:00:00.000Z,411.78,413,411.2,412.9399,336972.900213
2026-05-21T19:15:00.000Z,412.8898,414.13,412.88,413.24,339730.23868499993
2026-05-21T19:30:00.000Z,413.22,413.3,411.5601,411.88,390670.363961
2026-05-21T19:45:00.000Z,411.88,415.25,411.6,414.58,1467422.888836
2026-05-22T13:30:00.000Z,417.49,419.99,416.54,419.1635,1236342.920091
2026-05-22T13:45:00.000Z,419.16,419.25,414.955,416.03,645852.017611
2026-05-22T14:00:00.000Z,415.94,416.03,413.65,414.54,602164.137337
2026-05-22T14:15:00.000Z,414.5401,415.02,410.21,411.5,1107770.6394230002
2026-05-22T14:30:00.000Z,411.5013,412.9,410.68,412.335,517296.05961399997
2026-05-22T14:45:00.000Z,412.27,414.01,410.84,413.62,500987.540493
2026-05-22T15:00:00.000Z,413.655,414.35,413.2501,413.99,350036.69553300005
2026-05-22T15:15:00.000Z,414,415.24,413.92,415.1,325863.198962
2026-05-22T15:30:00.000Z,415.07,415.09,413.7,413.96,271505.33912
2026-05-22T15:45:00.000Z,413.97,414.19,412.4,412.655,306800.286441
2026-05-22T16:00:00.000Z,412.655,413.45,412.03,413.335,216589.009616
2026-05-22T16:15:00.000Z,413.27,413.88,412.62,413.815,255072.83793000004
2026-05-22T16:30:00.000Z,413.87,414.25,413.01,413.155,219648.10069
2026-05-22T16:45:00.000Z,413.09,413.88,412.97,413.685,154117.79228300002
2026-05-22T17:00:00.000Z,413.73,414.35,413.355,413.73,193294.26083599997
2026-05-22T17:15:00.000Z,413.77,414.4,412.8,414.39,220775.21789799997
2026-05-22T17:30:00.000Z,414.42,414.8399,412.8,413.213,246945.20043700002
2026-05-22T17:45:00.000Z,413.24,413.73,412.724,412.8,148081.774824
2026-05-22T18:00:00.000Z,412.84,413.77,412.64,412.87,257556.597247
2026-05-22T18:15:00.000Z,412.84,413.4099,412.26,412.53,249740.75120799997
2026-05-22T18:30:00.000Z,412.58,412.87,411.7,412.675,325108.65989999997
2026-05-22T18:45:00.000Z,412.675,413.57,412.24,413.09,308461.60438999993
2026-05-22T19:00:00.000Z,413.09,413.2,411.75,412.3,243657.73655099998
2026-05-22T19:15:00.000Z,412.295,413,411.73,412.4,314320.953633
2026-05-22T19:30:00.000Z,412.37,412.56,411.67,411.83,360576.660421
2026-05-22T19:45:00.000Z,411.83,414.96,411.39,414.14,1318344.838414
2026-05-26T13:30:00.000Z,418.5,427.87,417,426.245,2267429.6446559997
2026-05-26T13:45:00.000Z,426.325,430.28,426.325,428.04,1002183.7157200001
2026-05-26T14:00:00.000Z,428.17,429.942,427.23,429.4,693013.911981
2026-05-26T14:15:00.000Z,429.345,434.72,428.82,434.72,870176.2104779999
2026-05-26T14:30:00.000Z,434.66,435.31,433.1,433.35,660276.9938439999
2026-05-26T14:45:00.000Z,433.31,433.31,430.53,430.59,432791.878714
2026-05-26T15:00:00.000Z,430.65,430.73,426.77,427.865,511848.87303599995
2026-05-26T15:15:00.000Z,427.865,427.98,424.75,424.97,435895.43438399996
2026-05-26T15:30:00.000Z,424.97,425.07,423,423.655,421348.70492000005
2026-05-26T15:45:00.000Z,423.655,423.7999,421.87,422.835,365770.40413299995
2026-05-26T16:00:00.000Z,422.79,424.4899,421.52,423.4999,423561.65859899996
2026-05-26T16:15:00.000Z,423.44,423.4746,421.1,422.805,404814.31361199997
2026-05-26T16:30:00.000Z,422.81,423.04,421.34,421.5599,313621.58869899996
2026-05-26T16:45:00.000Z,421.505,422.8099,421.34,422.505,1321872.886804
2026-05-26T17:00:00.000Z,422.46,424.1399,422.42,423.07,865041.1902170001
2026-05-26T17:15:00.000Z,423.07,423.07,421.985,422.26,236056.29642400003
2026-05-26T17:30:00.000Z,422.315,423.125,422,422.1762,198500.523557
2026-05-26T17:45:00.000Z,422.165,423.43,422.1,422.415,260974.97241299995
2026-05-26T18:00:00.000Z,422.52,423.1723,422.0101,422.2399,242743.43877799998
2026-05-26T18:15:00.000Z,422.23,422.7244,421.67,421.9275,253340.545144
2026-05-26T18:30:00.000Z,421.85,422.45,421.41,421.8184,281868.80640099995
2026-05-26T18:45:00.000Z,421.865,422.45,421.475,421.935,489919.82833399996
2026-05-26T19:00:00.000Z,422.07,423.7,421.5,423.31,549993.259746
2026-05-26T19:15:00.000Z,423.3241,423.62,422.7646,422.83,496056.8011220001
2026-05-26T19:30:00.000Z,422.81,423.6125,422.115,423.24,500761.8541560001
2026-05-26T19:45:00.000Z,423.24,424.56,421.45,421.88,1512271.4704260002
2026-05-27T13:30:00.000Z,425.07,432.8,424.65,425.09,1608190.132928
2026-05-27T13:45:00.000Z,425.17,429.23,422.9774,428.06,749349.725959
2026-05-27T14:00:00.000Z,428.275,428.69,421.8,422.34,885465.319061
2026-05-27T14:15:00.000Z,422.4,423.039,416.49,416.83,842268.928192
2026-05-27T14:30:00.000Z,416.83,420.75,416.69,420,540189.049553
2026-05-27T14:45:00.000Z,420.08,420.5901,417.87,418.34,1084303.9918509999
2026-05-27T15:00:00.000Z,418.47,420.92,417.68,419.93,297253.671314
2026-05-27T15:15:00.000Z,419.82,420.46,418.53,420.34,269869.198353
2026-05-27T15:30:00.000Z,420.48,421.38,417.31,417.49,430555.16527699993
2026-05-27T15:45:00.000Z,417.46,418.17,416.72,417.61,362392.429126
2026-05-27T16:00:00.000Z,417.73,419.27,417.1801,419.08,306788.856358
2026-05-27T16:15:00.000Z,419.08,419.9016,418.77,419.18,208906.826194
2026-05-27T16:30:00.000Z,419.18,420.81,418.8601,420.57,263104.60414099996
2026-05-27T16:45:00.000Z,420.645,422.28,419.935,420.04,290513.523597
2026-05-27T17:00:00.000Z,420.04,420.26,418.46,419.57,203845.021621
2026-05-27T17:15:00.000Z,419.69,421.65,419.48,421.61,260277.10001700002
2026-05-27T17:30:00.000Z,421.62,422.42,420.6,421.15,249739.12404499995
2026-05-27T17:45:00.000Z,421.12,421.91,420.93,420.9408,264787.408024
2026-05-27T18:00:00.000Z,420.98,421.54,420.44,421.035,246864.135277
2026-05-27T18:15:00.000Z,421.035,421.6,420.73,421.53,236606.645729
2026-05-27T18:30:00.000Z,421.53,421.62,419.9,420.685,286440.580032
2026-05-27T18:45:00.000Z,420.61,421.2399,420.33,420.42,226554.896868
2026-05-27T19:00:00.000Z,420.42,421.4299,420.19,421,330216.881212
2026-05-27T19:15:00.000Z,420.96,423.71,420.94,423.47,500847.887858
2026-05-27T19:30:00.000Z,423.47,424.28,423.35,424.055,436793.4601159999
2026-05-27T19:45:00.000Z,424.055,424.77,420.89,421.94,1441774.4210230003
2026-05-28T13:30:00.000Z,421.14,424.4999,414.01,416.085,1767792.182846
2026-05-28T13:45:00.000Z,416.13,422,416.12,420.1544,882110.8817700001
2026-05-28T14:00:00.000Z,420.155,422.1,418.16,422,891482.633449
2026-05-28T14:15:00.000Z,422.02,422.42,416.88,418.17,645974.9649439999
2026-05-28T14:30:00.000Z,418.15,420.42,418.1,420.3,442270.126253
2026-05-28T14:45:00.000Z,420.31,423.315,420.18,423.315,505926.22406199994
2026-05-28T15:00:00.000Z,423.24,425.5,422.85,423.02,477797.051527
2026-05-28T15:15:00.000Z,423.04,423.91,422.78,423.5,287815.978299
2026-05-28T15:30:00.000Z,423.43,425.08,423.31,423.72,381270.60427799996
2026-05-28T15:45:00.000Z,423.72,425.8,423.42,425.78,269477.203638
2026-05-28T16:00:00.000Z,425.75,425.8183,424.73,425.14,197601.47256199998
2026-05-28T16:15:00.000Z,425.14,427.44,425.14,426.32,376310.53958000004
2026-05-28T16:30:00.000Z,426.36,427.3,425,427.16,322694.722544
2026-05-28T16:45:00.000Z,427.2195,428,426.07,426.3272,410992.0427450001
2026-05-28T17:00:00.000Z,426.315,427.23,425.96,427.0101,303520.438534
2026-05-28T17:15:00.000Z,427.11,428.29,426.58,428.0051,339951.5184570001
2026-05-28T17:30:00.000Z,428.005,428.49,426.88,427.65,430543.5108
2026-05-28T17:45:00.000Z,427.58,428.79,427.58,428.41,290097.325113
2026-05-28T18:00:00.000Z,428.355,429.39,428.05,428.785,374924.553509
2026-05-28T18:15:00.000Z,428.785,429.68,428.6701,428.946,333820.077686
2026-05-28T18:30:00.000Z,428.93,428.96,427.27,427.9,320025.3048140001
2026-05-28T18:45:00.000Z,427.93,427.96,426.38,426.38,304162.79192899994
2026-05-28T19:00:00.000Z,426.38,428.63,426.33,428.125,355431.71383999987
2026-05-28T19:15:00.000Z,428.15,428.61,425.23,425.29,517508.03500900004
2026-05-28T19:30:00.000Z,425.29,426.75,425.17,426.705,397661.81756999996
2026-05-28T19:45:00.000Z,426.67,427.5,425.51,426.58,1141311.744349
2026-05-29T13:30:00.000Z,432.95,445.68,431.4707,445.6278,2637127.234039
2026-05-29T13:45:00.000Z,445.67,448.58,443.79,444.79,1730059.5633720001
2026-05-29T14:00:00.000Z,444.71,446.18,442.93,443.285,1047367.9130269998
2026-05-29T14:15:00.000Z,443.29,443.59,438,439.381,1098181.3548169998
2026-05-29T14:30:00.000Z,439.57,439.73,434.58,435.53,2664845.717725
2026-05-29T14:45:00.000Z,435.525,439.15,434.7,437.21,812049.22451
2026-05-29T15:00:00.000Z,437.21,442.44,437.16,441.9399,671029.131381
2026-05-29T15:15:00.000Z,441.8,442,439.24,439.855,442569.12450200005
2026-05-29T15:30:00.000Z,439.71,440.2,438.36,439,426682.8477880001
2026-05-29T15:45:00.000Z,438.975,440.17,438.6,438.67,318710.694812
2026-05-29T16:00:00.000Z,438.71,440.5299,438.6501,439.895,347139.008539
2026-05-29T16:15:00.000Z,439.9,440.9899,439.44,440.315,349758.22189399996
2026-05-29T16:30:00.000Z,440.24,441.18,439.5301,440.81,319028.06392900005
2026-05-29T16:45:00.000Z,440.77,441.34,439.18,439.455,360271.205871
2026-05-29T17:00:00.000Z,439.52,439.99,438.83,439.1,259904.34731200006
2026-05-29T17:15:00.000Z,439.15,439.72,437.4401,437.5,326953.877874
2026-05-29T17:30:00.000Z,437.52,437.67,434.75,434.975,550791.235741
2026-05-29T17:45:00.000Z,434.975,435.97,434.11,435.18,374558.17061200005
2026-05-29T18:00:00.000Z,435.2,436.31,434.895,435.485,305387.464653
2026-05-29T18:15:00.000Z,435.485,436.5494,435.37,436.12,251153.22958600003
2026-05-29T18:30:00.000Z,436.23,436.75,435.94,436.4,274454.090084
2026-05-29T18:45:00.000Z,436.4,436.4372,435.36,435.8,276756.119337
2026-05-29T19:00:00.000Z,435.77,437.11,435.39,436.95,329466.225401
2026-05-29T19:15:00.000Z,436.895,438.48,436.87,438.335,364566.72218200006
2026-05-29T19:30:00.000Z,438.35,440.39,438.29,440.21,641319.615054
2026-05-29T19:45:00.000Z,440.2,448.9,440.07,447.24,4977617.646765
2026-06-01T13:30:00.000Z,450.09,456.24,442.22,453.02,3424155.9083330007
2026-06-01T13:45:00.000Z,453.165,454.2216,447.5,448.07,1757473.870001
2026-06-01T14:00:00.000Z,447.935,451.46,446.02,449.3225,1079328.313555
2026-06-01T14:15:00.000Z,449.4,453.28,449.15,451.19,893210.3492780001
2026-06-01T14:30:00.000Z,451.085,460.39,450.93,458.1,1474554.868776
2026-06-01T14:45:00.000Z,458.11,458.56,454.75,455.39,893251.8077459998
2026-06-01T15:00:00.000Z,455.385,456.55,454.63,456.1,668784.8113759999
2026-06-01T15:15:00.000Z,456.25,458.5,455.01,456.285,638277.385824
2026-06-01T15:30:00.000Z,456.285,459.86,456.2001,458.965,653389.25938
2026-06-01T15:45:00.000Z,458.8901,459.3399,457.465,458.95,447129.06738799997
2026-06-01T16:00:00.000Z,458.6775,463.21,458.6775,461.77,1174922.9254629998
2026-06-01T16:15:00.000Z,461.77,462.42,460.51,462.195,628483.212875
2026-06-01T16:30:00.000Z,462.15,463.62,460.75,462.62,629099.6515060001
2026-06-01T16:45:00.000Z,462.53,462.53,460.9,462.015,526697.775243
2026-06-01T17:00:00.000Z,462.035,462.2,460.18,461.69,548340.019371
2026-06-01T17:15:00.000Z,461.69,461.98,459.7,460.8,436416.122974
2026-06-01T17:30:00.000Z,460.78,464.3,460.37,463.32,640753.763587
2026-06-01T17:45:00.000Z,463.45,466,463.09,463.8701,761774.098256
2026-06-01T18:00:00.000Z,463.935,464.575,459.14,459.5,860241.175159
2026-06-01T18:15:00.000Z,459.495,461.29,458.85,461.2195,575914.134868
2026-06-01T18:30:00.000Z,461.16,462.45,460.39,462.075,480287.165514
2026-06-01T18:45:00.000Z,462.075,463.08,460.39,462.185,559873.9083479999
2026-06-01T19:00:00.000Z,462.18,462.72,461.33,461.92,625494.9264
2026-06-01T19:15:00.000Z,461.89,461.97,459.15,459.28,666705.740282
2026-06-01T19:30:00.000Z,459.26,459.34,457.47,457.88,1055744.070773
2026-06-01T19:45:00.000Z,457.88,466.05,456.47,459.99,2163337.5413140003
2026-06-02T13:30:00.000Z,488.79,488.82,478.36,483.06,4465885.975925
2026-06-02T13:45:00.000Z,483.105,485.395,479.88,481.11,1879011.3624459999
2026-06-02T14:00:00.000Z,481.29,482.97,477.75,480.13,1856138.7510180003
2026-06-02T14:15:00.000Z,480.13,482.49,478,479.44,1016651.477486
2026-06-02T14:30:00.000Z,479.48,480.94,477.9,480.41,920576.21683
2026-06-02T14:45:00.000Z,480.375,481.11,478.91,479.955,669513.2851919999
2026-06-02T15:00:00.000Z,480.08,480.56,475.53,480.56,1130474.440779
2026-06-02T15:15:00.000Z,480.4048,482.87,480.0312,480.655,791111.845582
2026-06-02T15:30:00.000Z,480.5875,482.77,479.71,482.33,792453.967529
2026-06-02T15:45:00.000Z,482.275,484.35,482.09,483.72,857407.9157879999
2026-06-02T16:00:00.000Z,483.71,485.75,483.6,484.74,782226.9661709999
2026-06-02T16:15:00.000Z,484.79,484.905,482.75,482.9808,533061.8020990001
2026-06-02T16:30:00.000Z,483.02,483.74,482.02,483.04,530672.609177
2026-06-02T16:45:00.000Z,483.065,483.17,479,479.67,967021.650675
2026-06-02T17:00:00.000Z,479.73,479.88,477.91,478.6899,654288.8820240002
2026-06-02T17:15:00.000Z,478.69,479.48,475,475.1534,701008.686762
2026-06-02T17:30:00.000Z,475.13,478.88,475,477.08,744982.3133619999
2026-06-02T17:45:00.000Z,477.08,477.764,475.12,475.49,549777.842643
2026-06-02T18:00:00.000Z,475.48,475.94,472.5701,472.603,892112.4283119999
2026-06-02T18:15:00.000Z,472.615,482.24,470.459,473.125,1167190.825175
2026-06-02T18:30:00.000Z,473.26,475.01,471,471.855,750958.798279
2026-06-02T18:45:00.000Z,471.83,474.37,471.67,473.4,750784.0749060002
2026-06-02T19:00:00.000Z,473.4,476.58,473.29,476.19,807825.904902
2026-06-02T19:15:00.000Z,476.185,478.27,475.8612,476.56,870153.9618320001
2026-06-02T19:30:00.000Z,476.63,478.57,475.85,477.0899,864763.6545569998
2026-06-02T19:45:00.000Z,477.09,482.86,477.09,481.54,2434283.6854910003
2026-06-03T13:30:00.000Z,494.775,495,475.41,476.52,4191162.0183069995
2026-06-03T13:45:00.000Z,476.515,480.14,472.64,478.335,1904774.7455610002
2026-06-03T14:00:00.000Z,478.17,481.91,476.605,481.715,1199880.4516889998
2026-06-03T14:15:00.000Z,481.85,486.6296,481.68,486.5477,1474522.31207
2026-06-03T14:30:00.000Z,486.51,487,483.83,485.0201,975368.8719269999
2026-06-03T14:45:00.000Z,485.22,488.59,485.1109,485.88,1193354.709833
2026-06-03T15:00:00.000Z,485.89,488.73,485.4501,488.24,734410.24507
2026-06-03T15:15:00.000Z,488.24,489.3498,486,487.98,841015.060945
2026-06-03T15:30:00.000Z,487.98,489.5799,485.96,486.17,739701.941117
2026-06-03T15:45:00.000Z,486.14,487.06,483.9,485.79,720251.0222970002
2026-06-03T16:00:00.000Z,485.8153,486.34,483.5,484.14,589701.208841
2026-06-03T16:15:00.000Z,484.015,486.39,483.2,484.335,603623.150704
2026-06-03T16:30:00.000Z,484.325,485.03,482.4,483.105,552066.4985590001
2026-06-03T16:45:00.000Z,483.06,486.67,483.06,486.505,675255.309297
2026-06-03T17:00:00.000Z,486.53,487,483.39,483.575,544821.6105079999
2026-06-03T17:15:00.000Z,483.64,484.7999,482,484.58,547641.9707340001
2026-06-03T17:30:00.000Z,484.58,484.8999,483.6,484.64,503124.763181
2026-06-03T17:45:00.000Z,484.66,487.16,484.53,486.7099,587258.747439
2026-06-03T18:00:00.000Z,486.54,487.177,485.91,486.52,764246.8031160001
2026-06-03T18:15:00.000Z,486.5,488.83,485.38,488.64,647379.7528370001
2026-06-03T18:30:00.000Z,488.68,489.15,486.98,487.4,747629.7993630001
2026-06-03T18:45:00.000Z,487.4999,488.4199,486.4,487.18,688628.450682
2026-06-03T19:00:00.000Z,487.1718,489.98,486.765,487.56,921675.211303
2026-06-03T19:15:00.000Z,487.58,488.5825,484.83,486.275,1146470.120926
2026-06-03T19:30:00.000Z,486.28,486.8099,483.5,485.03,1330786.717488
2026-06-03T19:45:00.000Z,485.05,485.92,475.01,479.18,4387203.938546
2026-06-04T13:30:00.000Z,408.99,415.19,403.51,403.715,10389481.978601003
2026-06-04T13:45:00.000Z,403.7411,407.29,403.0101,404.045,4282167.50742
2026-06-04T14:00:00.000Z,404.05,408.34,403.75,408.17,3622489.374186001
2026-06-04T14:15:00.000Z,408.12,409.63,405.55,405.75,2833422.634135
2026-06-04T14:30:00.000Z,405.66,411.95,405.55,410.76,3132481.996655
2026-06-04T14:45:00.000Z,410.76,412.3796,407.59,408.526,2613938.2412860002
2026-06-04T15:00:00.000Z,408.45,412.46,406.9,412.4,2039393.642623
2026-06-04T15:15:00.000Z,412.4,414.73,410.92,413.37,2311551.16949
2026-06-04T15:30:00.000Z,413.37,415,412.75,413.0095,1683064.71277
2026-06-04T15:45:00.000Z,412.985,413.18,408,408.185,2030560.7165609999
2026-06-04T16:00:00.000Z,408.22,409.9778,407.38,407.955,1606637.9746659996
2026-06-04T16:15:00.000Z,408.03,410.7999,407.6001,409.95,1667776.8670850003
2026-06-04T16:30:00.000Z,409.98,413.35,408.01,412.68,1441886.3802920002
2026-06-04T16:45:00.000Z,412.78,415.4,412.145,415.19,1882598.7614760003
2026-06-04T17:00:00.000Z,415.17,419.69,414.51,416.95,2064261.6062340003
2026-06-04T17:15:00.000Z,417,422.3999,416.9,420.06,2559492.564993
2026-06-04T17:30:00.000Z,420.035,423.9,419.1401,422.425,1885978.4193490003
2026-06-04T17:45:00.000Z,422.45,424.37,421.36,423.63,1629739.529227
2026-06-04T18:00:00.000Z,423.625,426.48,420.74,421.37,2113194.061536
2026-06-04T18:15:00.000Z,421.37,421.9899,417.25,418.11,2073212.450175
2026-06-04T18:30:00.000Z,418.15,420.11,415.6738,419.5799,1527591.740378
2026-06-04T18:45:00.000Z,419.575,419.5783,415.81,416.25,1487640.8361310004
2026-06-04T19:00:00.000Z,416.28,419.38,416,416.2299,1521172.761374
2026-06-04T19:15:00.000Z,416.1501,421.05,414.76,421.02,1718224.627454
2026-06-04T19:30:00.000Z,421.0451,422.51,420,422.0481,1775941.6563819998
2026-06-04T19:45:00.000Z,422.1,423.58,418,419.03,3827300.637329
2026-06-05T13:30:00.000Z,407.605,410.5,400,401.335,5143823.2956650015
2026-06-05T13:45:00.000Z,401.335,403.88,400.13,401.6,2596290.336633
2026-06-05T14:00:00.000Z,401.6,405.73,397,399.1,3138646.273072
2026-06-05T14:15:00.000Z,399.14,402.499,398.06,399.75,1687231.687229
2026-06-05T14:30:00.000Z,399.73,402.5,398.97,400.25,1387463.5614010002
2026-06-05T14:45:00.000Z,400.29,401.35,398.5,400.32,1450034.5269759998
2026-06-05T15:00:00.000Z,400.37,400.88,398.1,398.465,1183792.6970299997
2026-06-05T15:15:00.000Z,398.48,399.09,396.78,398.3,1455566.4260359998
2026-06-05T15:30:00.000Z,398.22,398.45,395.02,395.46,1577629.6541129998
2026-06-05T15:45:00.000Z,395.4524,396.51,395.05,395.47,977094.639052
2026-06-05T16:00:00.000Z,395.385,395.43,393.38,393.56,1297103.953508
2026-06-05T16:15:00.000Z,393.575,394.66,392.25,394.03,1137209.585244
2026-06-05T16:30:00.000Z,394.0019,394.56,392.77,392.92,1013791.8189699999
2026-06-05T16:45:00.000Z,392.9,395.64,391.91,395.15,1144166.7451890002
2026-06-05T17:00:00.000Z,395.14,395.19,393.54,394.5,669662.4465350001
2026-06-05T17:15:00.000Z,394.54,397.11,394.24,395.6,783521.7624740001
2026-06-05T17:30:00.000Z,395.6,397.47,395.13,396.125,948669.863214
2026-06-05T17:45:00.000Z,396.125,396.3,394.16,394.565,553472.3958449999
2026-06-05T18:00:00.000Z,394.63,394.75,390.32,390.45,1060857.749209
2026-06-05T18:15:00.000Z,390.4625,391.3,389.52,390.565,1267598.6269420001
2026-06-05T18:30:00.000Z,390.55,391.2,388.33,389.04,1107134.6581589999
2026-06-05T18:45:00.000Z,389.03,389.195,386.91,388.67,1273974.164535
2026-06-05T19:00:00.000Z,388.68,389.34,386.56,387.29,1512293.1408179996
2026-06-05T19:15:00.000Z,387.295,389.575,386.37,389.55,1534398.006924
2026-06-05T19:30:00.000Z,389.6095,390.53,387.82,389.575,1607547.127941
2026-06-05T19:45:00.000Z,389.53,390.66,385.59,385.74,3937159.6482889997
2026-06-08T13:30:00.000Z,402.62,402.838,395.3,398.455,3525469.285911
2026-06-08T13:45:00.000Z,398.55,399.16,392.1,392.17,1597350.9390699998
2026-06-08T14:00:00.000Z,392.265,394.65,391.35,394.0857,1258979.0354040002
2026-06-08T14:15:00.000Z,394.07,395.88,392.76,395.1601,870227.1407410001
2026-06-08T14:30:00.000Z,395.26,397.66,394.91,396.42,959505.860439
2026-06-08T14:45:00.000Z,396.395,399.37,396.395,397.75,948448.236466
2026-06-08T15:00:00.000Z,397.82,399.2,397.3378,398.6,895734.3827150001
2026-06-08T15:15:00.000Z,398.605,399.26,397.445,397.8099,1123150.331509
2026-06-08T15:30:00.000Z,397.71,398.91,396.65,398.905,709861.187922
2026-06-08T15:45:00.000Z,398.83,399.96,396.41,396.73,604259.7954439999
2026-06-08T16:00:00.000Z,396.69,397.46,396.31,397.12,556670.688703
2026-06-08T16:15:00.000Z,397.16,397.97,395.7,395.8,527775.837281
2026-06-08T16:30:00.000Z,395.86,396.22,393.95,394.715,797649.942324
2026-06-08T16:45:00.000Z,394.715,397.2,394.55,396.31,600646.537836
2026-06-08T17:00:00.000Z,396.31,396.4199,394.77,395.505,523101.078494
2026-06-08T17:15:00.000Z,395.505,396,394.63,395.01,526047.471765
2026-06-08T17:30:00.000Z,395.05,395.15,393.03,393.76,461024.6586630001
2026-06-08T17:45:00.000Z,393.76,394.86,393.76,394.63,404046.11564900004
2026-06-08T18:00:00.000Z,394.68,395.55,394.44,394.71,574008.395563
2026-06-08T18:15:00.000Z,394.75,395.035,394.44,394.77,346603.95754000003
2026-06-08T18:30:00.000Z,394.82,396.39,394.66,394.82,581578.061833
2026-06-08T18:45:00.000Z,394.82,396.27,394.25,396.08,1109011.9027310002
2026-06-08T19:00:00.000Z,396.06,396.32,393.5001,393.63,645190.0901970001
2026-06-08T19:15:00.000Z,393.665,395.86,393.575,395.38,721265.4717860001
2026-06-08T19:30:00.000Z,395.4,396.58,394.75,395.505,798161.255061
2026-06-08T19:45:00.000Z,395.505,397,395.1,396.68,2268020.057077
2026-06-09T13:30:00.000Z,401.61,405.67,398.354,405.01,1973690.980288
2026-06-09T13:45:00.000Z,405.055,407.87,398.2,398.955,1520481.852385
2026-06-09T14:00:00.000Z,399.07,399.37,394.45,395,1193097.653868
2026-06-09T14:15:00.000Z,395.035,395.59,392.02,393.34,979785.448993
2026-06-09T14:30:00.000Z,393.37,393.66,388.87,388.87,792408.758873
2026-06-09T14:45:00.000Z,388.99,389.69,385.9825,389.075,1161315.657499
2026-06-09T15:00:00.000Z,389.12,389.7199,387.32,387.975,557574.3788020001
2026-06-09T15:15:00.000Z,387.9,388.1,379.7,380.13,1622984.520507
2026-06-09T15:30:00.000Z,380.1,383.5,379.49,383,1129704.63171
2026-06-09T15:45:00.000Z,383.08,383.5,377.59,377.96,913351.948744
2026-06-09T16:00:00.000Z,378.025,379.2,374.6,375.965,1315269.2433530001
2026-06-09T16:15:00.000Z,375.9035,377.19,372.3201,375.11,1353542.8115669999
2026-06-09T16:30:00.000Z,375.01,393.3898,370.49,373.05,1485151.239798
2026-06-09T16:45:00.000Z,372.95,374.8799,370.33,374.675,1030846.0782580001
2026-06-09T17:00:00.000Z,374.86,380.25,374.32,379.885,1328666.3014630002
2026-06-09T17:15:00.000Z,379.84,382.6899,378.89,381.745,1312026.5142
2026-06-09T17:30:00.000Z,381.93,385.29,381.08,384.37,888273.2534519999
2026-06-09T17:45:00.000Z,384.37,384.89,381.15,383.74,841848.5431349999
2026-06-09T18:00:00.000Z,383.745,385.87,382.69,385.57,689532.0371180001
2026-06-09T18:15:00.000Z,385.58,388.06,385.0701,387.79,765318.9850370002
2026-06-09T18:30:00.000Z,387.71,390,387.66,388.22,757887.745937
2026-06-09T18:45:00.000Z,388.325,392.16,388.261,391.8499,704394.636026
2026-06-09T19:00:00.000Z,391.74,392.9,388.94,389.74,781068.257617
2026-06-09T19:15:00.000Z,389.6575,390.9,387.04,390.155,1423987.1992270001
2026-06-09T19:30:00.000Z,390.155,391.33,387.82,389.36,678230.2710080001
2026-06-09T19:45:00.000Z,389.355,392.8,387.6201,392.74,2219562.2578229997
2026-06-10T13:30:00.000Z,381.495,385.81,375.365,378.825,3503547.880915
2026-06-10T13:45:00.000Z,378.825,380.5,372.42,372.74,3509527.548086
2026-06-10T14:00:00.000Z,372.79,376.18,372.01,374.11,2047147.9613760002
2026-06-10T14:15:00.000Z,374.12,378.84,373.725,377.1,1451823.5933549998
2026-06-10T14:30:00.000Z,377.13,378.88,374.89,376.715,988223.523922
2026-06-10T14:45:00.000Z,376.66,377.5399,373.685,374.71,1146360.452764
2026-06-10T15:00:00.000Z,374.68,376.1,372.02,372.06,1558144.567898
2026-06-10T15:15:00.000Z,372.025,376.22,371.3,374.685,1402187.8862339999
2026-06-10T15:30:00.000Z,374.76,376.5,373.7,376.05,1545883.61
2026-06-10T15:45:00.000Z,376.035,376.76,372.5,376.335,872128.6753359999
2026-06-10T16:00:00.000Z,376.47,376.6,372.81,373.205,634120.2779750001
2026-06-10T16:15:00.000Z,373.235,374.9,373.095,374.01,507479.729724
2026-06-10T16:30:00.000Z,374.06,375.7999,373.4,374.315,761099.399983
2026-06-10T16:45:00.000Z,374.16,374.4348,372.28,372.835,513750.41843099997
2026-06-10T17:00:00.000Z,372.8375,373.81,371.85,373.125,979686.958775
2026-06-10T17:15:00.000Z,373.125,375,372.96,374.6375,480787.99832499993
2026-06-10T17:30:00.000Z,374.575,374.98,374.01,374.45,872262.9021720001
2026-06-10T17:45:00.000Z,374.45,378.89,374.29,378.7,994536.009534
2026-06-10T18:00:00.000Z,378.63,379.63,378.05,379,799656.6120759998
2026-06-10T18:15:00.000Z,379.06,379.3,377.81,378.245,561582.9755940001
2026-06-10T18:30:00.000Z,378.245,378.39,376.011,376.4,674089.537022
2026-06-10T18:45:00.000Z,376.39,376.3999,373.11,373.145,637228.083364
2026-06-10T19:00:00.000Z,373.19,374.4,372.21,372.82,627056.667117
2026-06-10T19:15:00.000Z,372.88,373,371.165,372.13,745984.9195130001
2026-06-10T19:30:00.000Z,372.11,374.3999,371.62,373.21,998055.610597
2026-06-10T19:45:00.000Z,373.2,374.47,371.56,372.1,2290601.412663
2026-06-11T13:30:00.000Z,372.82,378.78,370.55,378.0901,1958469.9091229993
2026-06-11T13:45:00.000Z,378.165,380.5,377.74,379.34,1321751.501647
2026-06-11T14:00:00.000Z,379.45,380.95,374.95,375.14,1141895.896002
2026-06-11T14:15:00.000Z,375.13,378.89,374.725,377.63,740894.7270510001
2026-06-11T14:30:00.000Z,377.69,378.7199,376.3,376.5,499728.833168
2026-06-11T14:45:00.000Z,376.5,376.97,373.445,373.84,649413.5121950001
2026-06-11T15:00:00.000Z,373.845,376.25,372.5,375.92,638671.676614
2026-06-11T15:15:00.000Z,375.92,377.8699,375.7,376.125,522122.2151239999
2026-06-11T15:30:00.000Z,376.12,377.83,375.6,376.04,532763.404478
2026-06-11T15:45:00.000Z,376.08,377.17,375.58,376.76,495535.87775400013
2026-06-11T16:00:00.000Z,376.73,379.16,376.29,379.04,532958.590211
2026-06-11T16:15:00.000Z,379.06,379.8799,377.585,377.64,402494.481002
2026-06-11T16:30:00.000Z,377.675,379.91,377.49,378.35,374385.91795999993
2026-06-11T16:45:00.000Z,378.35,378.55,376.195,376.33,334467.053386
2026-06-11T17:00:00.000Z,376.285,377.38,375.72,376.26,461451.923432
2026-06-11T17:15:00.000Z,376.26,381.58,374.63,381.52,708085.335273
2026-06-11T17:30:00.000Z,381.52,384.6,380.5,383.315,1148370.040112
2026-06-11T17:45:00.000Z,383.31,384.9623,381.5634,384.8953,580895.9671550001
2026-06-11T18:00:00.000Z,384.83,385.59,381.28,383.87,497380.440946
2026-06-11T18:15:00.000Z,383.87,384.98,382.42,383.22,406038.271454
2026-06-11T18:30:00.000Z,383.225,384,382.9,383.56,397267.39191700006
2026-06-11T18:45:00.000Z,383.55,385.255,383.27,384.695,557154.076588
2026-06-11T19:00:00.000Z,384.695,385.8691,382.86,385.605,547119.619513
2026-06-11T19:15:00.000Z,385.65,386.24,385.19,385.845,713147.6705739999
2026-06-11T19:30:00.000Z,385.85,389.5,385.7301,387.37,1179165.056951
2026-06-11T19:45:00.000Z,387.37,387.53,384.98,385.01,2541560.083714
2026-06-12T13:30:00.000Z,383.72,384.9799,378.05,380.105,2608344.845252
2026-06-12T13:45:00.000Z,380.14,381.41,379.05,379.97,800032.775781
2026-06-12T14:00:00.000Z,380.07,383.815,379.89,381.385,1014965.8112609999
2026-06-12T14:15:00.000Z,381.425,382.11,379.4501,380.3,737681.290872
2026-06-12T14:30:00.000Z,380.28,381.5,378.3,378.405,844741.0391240001
2026-06-12T14:45:00.000Z,378.49,381.68,377,381.1,1018287.984212
2026-06-12T15:00:00.000Z,381.17,382.9699,380.1101,382.6988,576420.95345
2026-06-12T15:15:00.000Z,382.77,384.61,382.56,383.47,580399.31078
2026-06-12T15:30:00.000Z,383.47,383.53,379.89,380.25,728966.3419190001
2026-06-12T15:45:00.000Z,380.25,381.5,377.51,378.26,523462.957868
2026-06-12T16:00:00.000Z,378.26,381.16,377.745,380.5008,562262.753652
2026-06-12T16:15:00.000Z,380.51,381.4599,379.6,380.4499,362540.030389
2026-06-12T16:30:00.000Z,380.45,381.64,379.78,380.26,509203.366819
2026-06-12T16:45:00.000Z,380.265,381.62,380,381.505,407168.1378859999
2026-06-12T17:00:00.000Z,381.58,382.52,380.19,380.79,446211.97637
2026-06-12T17:15:00.000Z,380.81,383.18,380.71,381.55,844148.924666
2026-06-12T17:30:00.000Z,381.58,381.8,380.28,380.97,392184.490635
2026-06-12T17:45:00.000Z,380.96,382.12,380.45,381.235,382440.36594800005
2026-06-12T18:00:00.000Z,381.235,381.9,380.1,380.455,372021.7434900001
2026-06-12T18:15:00.000Z,380.41,380.69,379.49,380.245,519854.869125
2026-06-12T18:30:00.000Z,380.19,381.67,380.19,381.615,383707.9018650001
2026-06-12T18:45:00.000Z,381.615,381.87,380.63,380.76,290485.23395
2026-06-12T19:00:00.000Z,380.815,381.695,380.65,381.03,381202.54366900004
2026-06-12T19:15:00.000Z,381.0161,381.9,380.12,381.12,488642.96765800007
2026-06-12T19:30:00.000Z,381.1,382.2,380.6,380.79,794845.882832
2026-06-12T19:45:00.000Z,380.75,382.37,380.06,382.03,1322948.878531
2026-06-15T13:30:00.000Z,395.51,396.2,390.66,393.11,2541407.329527
2026-06-15T13:45:00.000Z,393.15,395.75,390.33,390.535,1243647.65154
2026-06-15T14:00:00.000Z,390.605,392.42,389.485,391.63,1065684.5840659998
2026-06-15T14:15:00.000Z,391.615,392.35,389.07,390.535,782417.4780930001
2026-06-15T14:30:00.000Z,390.525,391.0799,389.14,389.73,592133.8565240001
2026-06-15T14:45:00.000Z,389.73,390.39,388.655,388.76,522183.863279
2026-06-15T15:00:00.000Z,388.77,391.92,388.6,391.8,751125.9857529999
2026-06-15T15:15:00.000Z,391.85,392.67,391.14,392.37,647261.056748
2026-06-15T15:30:00.000Z,392.36,393.88,391.54,392.685,735194.83073
2026-06-15T15:45:00.000Z,392.6539,393.85,392.08,393.73,550513.164376
2026-06-15T16:00:00.000Z,393.73,394.15,392.73,392.93,443756.86775
2026-06-15T16:15:00.000Z,392.95,393.58,392.86,393.03,391278.577495
2026-06-15T16:30:00.000Z,393.06,393.41,392.28,392.65,372898.93324700004
2026-06-15T16:45:00.000Z,392.6,393.05,391.29,392.845,616273.8144960001
2026-06-15T17:00:00.000Z,392.845,393.36,392.18,392.69,400852.4233450001
2026-06-15T17:15:00.000Z,392.66,393.25,392.46,393.04,341912.42005
2026-06-15T17:30:00.000Z,393.055,394.18,392.9,393.75,364370.704259
2026-06-15T17:45:00.000Z,393.74,394.4,393.52,394.32,316695.676729
2026-06-15T18:00:00.000Z,394.335,394.9961,393.94,394.83,421923.73418900004
2026-06-15T18:15:00.000Z,394.83,395.105,393.64,393.72,387620.220929
2026-06-15T18:30:00.000Z,393.69,394.695,393.65,394.45,349841.16438800003
2026-06-15T18:45:00.000Z,394.5,394.76,393.82,393.885,553249.0112679999
2026-06-15T19:00:00.000Z,393.88,394.74,392.761,394.6301,412078.89954499993
2026-06-15T19:15:00.000Z,394.63,395.37,394,394.04,537535.298951
2026-06-15T19:30:00.000Z,394.04,394.69,393.9,394.435,665908.7616939999
2026-06-15T19:45:00.000Z,394.44,395,392.66,394.07,2301535.1758890003
2026-06-16T13:30:00.000Z,390.21,391.79,386.5,387.99,1943723.666833
2026-06-16T13:45:00.000Z,387.945,389.76,386.38,386.41,1000849.467826
2026-06-16T14:00:00.000Z,386.505,387.24,384.8,384.92,1049252.194288
2026-06-16T14:15:00.000Z,384.96,384.98,381.25,382.43,1068062.04394
2026-06-16T14:30:00.000Z,382.38,384.14,381.09,383.61,836445.5031830001
2026-06-16T14:45:00.000Z,383.61,384.403,381.73,382.655,615463.261904
2026-06-16T15:00:00.000Z,382.68,384.74,382.265,383.61,454615.29284700006
2026-06-16T15:15:00.000Z,383.61,384.15,379.05,379.815,1168241.046729
2026-06-16T15:30:00.000Z,379.815,382.14,379.63,380.24,815827.7267809999
2026-06-16T15:45:00.000Z,380.12,380.5,379.01,379.23,1089849.179748
2026-06-16T16:00:00.000Z,379.125,380.78,378.33,378.94,804525.5917530002
2026-06-16T16:15:00.000Z,378.945,379.1999,378.4,378.955,628929.7179909999
2026-06-16T16:30:00.000Z,378.93,379.455,376.93,379.3,813839.1793020001
2026-06-16T16:45:00.000Z,379.255,380.497,378.58,379.5,508331.26427299995
2026-06-16T17:00:00.000Z,379.5,380.46,379.03,379.91,486884.654798
2026-06-16T17:15:00.000Z,379.91,380.2299,378.34,379.395,493006.966639
2026-06-16T17:30:00.000Z,379.38,379.46,378.16,378.76,465045.361803
2026-06-16T17:45:00.000Z,378.83,380.59,378.55,379.635,422951.94097500003
2026-06-16T18:00:00.000Z,379.635,381.13,379.57,380.555,537285.0690509999
2026-06-16T18:15:00.000Z,380.555,381.52,380.01,381.215,478052.1062370001
2026-06-16T18:30:00.000Z,381.215,381.55,380.69,381.235,356554.70166200004
2026-06-16T18:45:00.000Z,381.23,381.29,380.37,380.515,452412.14967699995
2026-06-16T19:00:00.000Z,380.515,381.55,379.31,379.76,624541.455274
2026-06-16T19:15:00.000Z,379.745,380.17,378.62,379.69,802145.7659420001
2026-06-16T19:30:00.000Z,379.7,379.92,378.55,379.74,644506.453255
2026-06-16T19:45:00.000Z,379.72,379.82,376.46,376.61,2762141.042504
2026-06-17T13:30:00.000Z,388.705,392.15,382.65,392.0635,2828205.214241
2026-06-17T13:45:00.000Z,392.12,393.5,388.16,390.34,2135630.504124
2026-06-17T14:00:00.000Z,390.35,394.37,390.34,393.215,1781593.476264
2026-06-17T14:15:00.000Z,393.2,398.83,393.1,397.32,2146989.738289
2026-06-17T14:30:00.000Z,397.32,397.57,394.205,395.43,1207135.0103530001
2026-06-17T14:45:00.000Z,395.43,396.253,392.8,393.51,816664.375163
2026-06-17T15:00:00.000Z,393.56,399.57,393.25,399.23,1144531.458891
2026-06-17T15:15:00.000Z,399.25,399.88,396.5,397.37,962532.1947229998
2026-06-17T15:30:00.000Z,397.37,398.89,396.17,396.515,728398.915805
2026-06-17T15:45:00.000Z,396.515,398.8,396.515,398.43,567406.430387
2026-06-17T16:00:00.000Z,398.44,398.9534,397.17,397.8,479518.83229000005
2026-06-17T16:15:00.000Z,397.82,399.4499,397.46,398.38,433264.9967829999
2026-06-17T16:30:00.000Z,398.38,398.57,397.04,397.785,474590.89372900006
2026-06-17T16:45:00.000Z,397.785,397.785,396.44,396.53,426216.117135
2026-06-17T17:00:00.000Z,396.565,396.68,394.79,395.17,542821.022435
2026-06-17T17:15:00.000Z,395.117,396.97,394.63,396.675,460306.184117
2026-06-17T17:30:00.000Z,396.675,397.14,395.275,395.82,560964.368031
2026-06-17T17:45:00.000Z,395.84,398.41,395.08,398.41,400901.158759
2026-06-17T18:00:00.000Z,398.34,398.52,392.69,395.2101,893507.838517
2026-06-17T18:15:00.000Z,395.21,396.33,393,394.885,582538.5488750001
2026-06-17T18:30:00.000Z,394.79,400.65,394.6,400.15,937287.931691
2026-06-17T18:45:00.000Z,400.07,400.1,395.62,396.67,678720.3841090001
2026-06-17T19:00:00.000Z,396.69,398.75,395.5049,397.99,568690.028732
2026-06-17T19:15:00.000Z,397.96,398.1,392.38,393.28,798202.5357909999
2026-06-17T19:30:00.000Z,393.275,394.005,389.32,390.2099,1004618.676215
2026-06-17T19:45:00.000Z,390.25,393.59,389.5,392.91,2342283.2277740003
2026-06-18T13:30:00.000Z,409.58,412.5,406.52,406.62,5763655.021468
2026-06-18T13:45:00.000Z,406.65,410.66,405.38,408.98,1333815.0947140001
2026-06-18T14:00:00.000Z,408.94,409.32,406.1,407.4,946321.858951
2026-06-18T14:15:00.000Z,407.425,411.4,407.22,407.795,852172.005391
2026-06-18T14:30:00.000Z,407.84,409.82,405.72,408.56,743058.098494
2026-06-18T14:45:00.000Z,408.54,409.96,408.1,409.335,521178.754611
2026-06-18T15:00:00.000Z,409.38,411.2,408.5541,410.105,1115346.327057
2026-06-18T15:15:00.000Z,410.095,411.65,408.43,408.8,904589.910089
2026-06-18T15:30:00.000Z,408.81,410.09,406.43,406.8801,513163.79064099997
2026-06-18T15:45:00.000Z,406.81,408.4,406.49,408.015,425054.57213499997
2026-06-18T16:00:00.000Z,408.1,409.69,408.09,409.31,660375.9862409999
2026-06-18T16:15:00.000Z,409.29,409.94,408.43,408.59,392140.3912770001
2026-06-18T16:30:00.000Z,408.63,409.09,407.37,408.035,460741.15343199996
2026-06-18T16:45:00.000Z,407.93,408.99,407.55,407.9299,300065.85503599996
2026-06-18T17:00:00.000Z,407.93,407.99,407.02,407.4,298829.395704
2026-06-18T17:15:00.000Z,407.42,408.26,406.77,407.285,499404.524706
2026-06-18T17:30:00.000Z,407.285,408.9,407.07,408.2799,363546.82894999994
2026-06-18T17:45:00.000Z,408.18,408.67,407.7,408.3482,269335.671107
2026-06-18T18:00:00.000Z,408.4,408.55,407.3555,407.51,323634.148822
2026-06-18T18:15:00.000Z,407.56,407.98,406.66,407.42,388192.076462
2026-06-18T18:30:00.000Z,407.34,407.85,406.81,407.05,364874.8873660001
2026-06-18T18:45:00.000Z,407.17,408.49,407.17,408.25,1115850.298942
2026-06-18T19:00:00.000Z,408.34,409.27,407.56,408.06,604045.828804
2026-06-18T19:15:00.000Z,408.09,409.52,407.9,409.2,499293.952456
2026-06-18T19:30:00.000Z,409.22,411.14,408.75,410.95,1501603.374175
2026-06-18T19:45:00.000Z,410.95,412.7,409.81,410.79,3405727.3373729996
2026-06-22T13:30:00.000Z,413.66,414.64,400.955,401.18,2901424.3931150003
2026-06-22T13:45:00.000Z,401.145,403.73,399.0862,400.75,1334463.8767720002
2026-06-22T14:00:00.000Z,400.82,401.14,398.55,399.45,1190039.983163
2026-06-22T14:15:00.000Z,399.5,400.55,396.91,397.08,857787.4890170001
2026-06-22T14:30:00.000Z,397.15,397.3758,394.3901,394.44,966168.1632680001
2026-06-22T14:45:00.000Z,394.44,395.87,392.83,394.85,900034.4023479999
2026-06-22T15:00:00.000Z,394.95,396.24,394.4,394.825,493699.421465
2026-06-22T15:15:00.000Z,394.88,395.39,394.32,394.815,752250.3677950001
2026-06-22T15:30:00.000Z,394.83,397.39,394.775,396.66,525288.1934080002
2026-06-22T15:45:00.000Z,396.665,397.5,395.25,396.74,522210.8678940001
2026-06-22T16:00:00.000Z,396.86,397.05,395.06,396.45,405467.92039
2026-06-22T16:15:00.000Z,396.44,397.76,395.9,397.125,377316.13954000006
2026-06-22T16:30:00.000Z,397.08,397.16,395.33,395.665,329975.81283599994
2026-06-22T16:45:00.000Z,395.655,397.75,395.5,397.3,376197.950835
2026-06-22T17:00:00.000Z,397.3,397.39,396.02,396.37,244153.18983999998
2026-06-22T17:15:00.000Z,396.38,396.8999,396.1601,396.64,265206.7555549999
2026-06-22T17:30:00.000Z,396.64,396.83,395.27,395.73,454797.775556
2026-06-22T17:45:00.000Z,395.725,396.48,395.47,395.83,301457.402718
2026-06-22T18:00:00.000Z,395.85,396.8158,395.6671,396.4,326350.76431
2026-06-22T18:15:00.000Z,396.41,397.4,396.39,396.78,330181.84361400007
2026-06-22T18:30:00.000Z,396.78,397,395.02,395.13,416945.37393999996
2026-06-22T18:45:00.000Z,395.12,396.05,394.6701,394.805,502907.52463599993
2026-06-22T19:00:00.000Z,394.805,395.01,393.59,394.775,463149.944226
2026-06-22T19:15:00.000Z,394.8,395.35,394.52,394.63,380795.418302
2026-06-22T19:30:00.000Z,394.63,395.36,394.58,394.96,418389.73294200003
2026-06-22T19:45:00.000Z,394.96,395.93,391.91,392.04,2654225.4116089996
2026-06-23T13:30:00.000Z,377.865,384.75,376.6637,383.3,2367634.4676550003
2026-06-23T13:45:00.000Z,383.24,389.5899,382.89,389.36,1169090.1879570002
2026-06-23T14:00:00.000Z,389.27,391.02,387.8,389.405,939465.143314
2026-06-23T14:15:00.000Z,389.4,390.1,385.78,387,778965.853064
2026-06-23T14:30:00.000Z,386.81,387.02,384.4,384.4,698623.3711489999
2026-06-23T14:45:00.000Z,384.51,384.58,381.65,382.5,674776.3205740001
2026-06-23T15:00:00.000Z,382.55,382.86,379.79,380.62,648362.876085
2026-06-23T15:15:00.000Z,380.53,380.76,379.23,379.505,605576.885496
2026-06-23T15:30:00.000Z,379.5,380.89,379.3,380.055,395049.199961
2026-06-23T15:45:00.000Z,380.1,381.4299,379.85,380.66,479320.0417490001
2026-06-23T16:00:00.000Z,380.675,383.4051,380.56,383.05,574761.372215
2026-06-23T16:15:00.000Z,383,383.2299,381.62,382.17,527802.254277
2026-06-23T16:30:00.000Z,382.23,383.75,381.65,383.585,449090.4821849999
2026-06-23T16:45:00.000Z,383.5201,383.88,382.66,383.49,525381.375546
2026-06-23T17:00:00.000Z,383.46,385.17,382.9,384.635,373896.07037500007
2026-06-23T17:15:00.000Z,384.7,384.99,383.5901,384.515,306051.673115
2026-06-23T17:30:00.000Z,384.515,384.9,383.26,383.32,339755.117406
2026-06-23T17:45:00.000Z,383.27,383.69,381.11,381.76,1248155.946595
2026-06-23T18:00:00.000Z,381.76,383.02,381.45,382.245,465777.06184099993
2026-06-23T18:15:00.000Z,382.21,383.2,381.7401,382.24,399909.25275000004
2026-06-23T18:30:00.000Z,382.24,382.47,380.44,380.55,550066.5639139999
2026-06-23T18:45:00.000Z,380.58,381.79,379.79,380.25,663038.9520929999
2026-06-23T19:00:00.000Z,380.19,382.44,379.9,381.04,579848.577023
2026-06-23T19:15:00.000Z,380.98,382.44,380.09,382.2506,681431.487687
2026-06-23T19:30:00.000Z,382.3,382.87,380.41,380.82,718040.286487
2026-06-23T19:45:00.000Z,380.785,381.92,379.82,380.36,3086927.654979
2026-06-24T13:30:00.000Z,386.62,388.74,381.46,382.195,1978795.628399
2026-06-24T13:45:00.000Z,382.3,385.22,379.21,382.072,1144245.658762
2026-06-24T14:00:00.000Z,382.1,383.63,381.02,382.84,716782.6973410001
2026-06-24T14:15:00.000Z,382.83,383.4491,379.25,382.1,816720.51123
2026-06-24T14:30:00.000Z,382.02,384.5,382.01,383.58,742526.52504
2026-06-24T14:45:00.000Z,383.66,385.065,383.01,384.87,531388.726334
2026-06-24T15:00:00.000Z,384.91,386.4,384.77,385.9349,625926.0367660001
2026-06-24T15:15:00.000Z,385.83,386.12,383.19,385.63,528074.0125760001
2026-06-24T15:30:00.000Z,385.63,386.11,383.9501,384.49,551717.932088
2026-06-24T15:45:00.000Z,384.485,385.8,383.795,384.26,411038.7349309999
2026-06-24T16:00:00.000Z,384.2,386.2499,383.5405,385.83,626230.304556
2026-06-24T16:15:00.000Z,385.82,386.85,385.5,386.095,471348.83860899997
2026-06-24T16:30:00.000Z,386.095,386.095,383.4,384.16,480420.7798410001
2026-06-24T16:45:00.000Z,384.06,384.73,383.53,383.62,367170.97398500005
2026-06-24T17:00:00.000Z,383.61,385.1,382.75,383.225,347241.5527650001
2026-06-24T17:15:00.000Z,383.215,383.57,380.51,380.77,593067.7614339999
2026-06-24T17:30:00.000Z,380.845,381.36,379.8,380.18,495083.93108199997
2026-06-24T17:45:00.000Z,380.2,381.27,379.65,379.76,430864.53367199993
2026-06-24T18:00:00.000Z,379.75,381.37,379.55,380.21,387594.86118
2026-06-24T18:15:00.000Z,380.165,382.2699,380.165,381.52,439340.727673
2026-06-24T18:30:00.000Z,381.53,381.81,380.15,380.55,418447.503816
2026-06-24T18:45:00.000Z,380.49,380.49,377.45,378.35,588970.310725
2026-06-24T19:00:00.000Z,378.34,379.49,376.96,377.8,649772.8010440001
2026-06-24T19:15:00.000Z,377.865,378.86,377.26,378.415,575408.806682
2026-06-24T19:30:00.000Z,378.48,379.52,378.08,378.595,645459.790131
2026-06-24T19:45:00.000Z,378.67,382.34,377.475,382.11,1892493.4605629998
2026-06-25T13:30:00.000Z,386.575,388.799,381.5,381.97,2459898.299951
2026-06-25T13:45:00.000Z,381.97,383.2,372.7,373.16,1535297.784127
2026-06-25T14:00:00.000Z,373.07,381.31,372.9575,378.555,1091174.652484
2026-06-25T14:15:00.000Z,378.56,380.42,377.22,378.5315,627359.0721079999
2026-06-25T14:30:00.000Z,378.545,380.89,377.86,379.8305,610891.544704
2026-06-25T14:45:00.000Z,379.86,384.63,379.3401,382.48,725758.560794
2026-06-25T15:00:00.000Z,382.53,383.36,379.005,379.33,538983.6284419999
2026-06-25T15:15:00.000Z,379.23,381.572,377.9801,381.11,424732.93766000005
2026-06-25T15:30:00.000Z,381.07,382.91,380.4101,382.88,299867.771657
2026-06-25T15:45:00.000Z,382.82,383.5994,381.97,382.62,359886.3595720001
2026-06-25T16:00:00.000Z,382.67,386,382.093,385.34,359682.286486
2026-06-25T16:15:00.000Z,385.415,386.6799,383.14,383.98,400156.531569
2026-06-25T16:30:00.000Z,384.14,384.2,379.59,379.83,715376.7429459998
2026-06-25T16:45:00.000Z,379.825,380.96,378.87,380.34,362473.621609
2026-06-25T17:00:00.000Z,380.44,381.55,380.05,380.78,747898.5334640001
2026-06-25T17:15:00.000Z,380.78,381.66,379.36,380.27,361936.798968
2026-06-25T17:30:00.000Z,380.33,381.12,379.5603,380.315,284842.346754
2026-06-25T17:45:00.000Z,380.2401,380.8378,379.12,380.6,420710.984254
2026-06-25T18:00:00.000Z,380.63,380.99,378.52,380.375,380399.26529600006
2026-06-25T18:15:00.000Z,380.38,382.5,380.01,381.765,399652.10380999994
2026-06-25T18:30:00.000Z,381.81,381.9,378.97,379.99,499570.71932299994
2026-06-25T18:45:00.000Z,379.97,380.29,378.7,379.695,315544.985594
2026-06-25T19:00:00.000Z,379.82,380.07,378.09,378.465,464092.488122
2026-06-25T19:15:00.000Z,378.465,378.775,377.57,378.33,473003.40565900004
2026-06-25T19:30:00.000Z,378.28,378.96,377.26,378.775,468845.20656600007
2026-06-25T19:45:00.000Z,378.775,379.77,376.61,379.325,1426428.847482
2026-06-26T13:30:00.000Z,370.45,372.26,365.6046,367.33,2340866.6427430003
2026-06-26T13:45:00.000Z,367.26,369.36,365.4,368.8,1125074.255286
2026-06-26T14:00:00.000Z,368.7152,370.82,368.14,370.31,783047.6312500002
2026-06-26T14:15:00.000Z,370.345,371.19,368.22,368.855,706552.8684890002
2026-06-26T14:30:00.000Z,368.93,369.06,365.3,366.05,797235.0119240001
2026-06-26T14:45:00.000Z,366.19,367.48,365.9,366.16,774454.853721
2026-06-26T15:00:00.000Z,366.16,368,365.62,365.9999,1103053.88724
2026-06-26T15:15:00.000Z,365.925,369.79,365.44,369.5899,663596.4430570002
2026-06-26T15:30:00.000Z,369.53,373.55,369.38,373.36,678022.4576920001
2026-06-26T15:45:00.000Z,373.36,373.69,370.26,370.67,673954.2194839999
2026-06-26T16:00:00.000Z,370.67,372.1,369.45,371.98,641727.738576
2026-06-26T16:15:00.000Z,371.92,373.05,370.57,370.945,566221.10161
2026-06-26T16:30:00.000Z,371.02,372.8999,370.8801,372.68,362250.1005340001
2026-06-26T16:45:00.000Z,372.645,372.97,371.27,371.42,327992.595351
2026-06-26T17:00:00.000Z,371.41,373.5,371.25,372.295,407903.18395
2026-06-26T17:15:00.000Z,372.31,372.71,370.9,372.345,268087.05105199997
2026-06-26T17:30:00.000Z,372.3186,373.09,370.7,371.4,312142.95153099997
2026-06-26T17:45:00.000Z,371.49,371.86,370.28,370.67,310170.07353600004
2026-06-26T18:00:00.000Z,370.78,371.11,370.0501,370.62,340260.48635
2026-06-26T18:15:00.000Z,370.575,370.575,368.68,369.11,473409.3633089999
2026-06-26T18:30:00.000Z,369.05,369.94,368.45,368.715,465683.265971
2026-06-26T18:45:00.000Z,368.68,368.68,366.75,366.97,661455.07668
2026-06-26T19:00:00.000Z,367.08,368.129,366.75,367.9,1091966.834793
2026-06-26T19:15:00.000Z,367.9,368.15,367.25,367.715,454735.1764180001
2026-06-26T19:30:00.000Z,367.75,370.5983,366.85,370.4101,742696.6336149999
2026-06-26T19:45:00.000Z,370.5,371.33,363.83,363.94,3487969.911383
2026-06-29T13:30:00.000Z,373.615,375.23,371.06,372.6426,1390816.1161280002
2026-06-29T13:45:00.000Z,372.55,373.98,368.8,369.395,1087287.456646
2026-06-29T14:00:00.000Z,369.4675,370.05,361.4516,361.485,1042121.449514
2026-06-29T14:15:00.000Z,361.5,367.51,360.46,367.51,1010493.9852000001
2026-06-29T14:30:00.000Z,367.52,369.725,367.36,369.09,918203.643889
2026-06-29T14:45:00.000Z,369.065,370.87,367.2225,370.785,680638.9657000002
2026-06-29T15:00:00.000Z,370.85,370.85,368.4,370.44,485378.3915469999
2026-06-29T15:15:00.000Z,370.465,370.92,368.69,370.74,516400.57598399994
2026-06-29T15:30:00.000Z,370.77,371.295,369.8,370.605,504041.717745
2026-06-29T15:45:00.000Z,370.56,371.49,369.945,371.46,475657.82059499994
2026-06-29T16:00:00.000Z,371.49,371.6899,370.2,370.37,403156.47352700005
2026-06-29T16:15:00.000Z,370.44,371.39,370.21,370.265,440476.88084799994
2026-06-29T16:30:00.000Z,370.3,370.72,369.91,370.21,316437.23535100004
2026-06-29T16:45:00.000Z,370.18,371.21,369.93,370.93,449243.44256999996
2026-06-29T17:00:00.000Z,370.93,374.44,370.92,374.1,516541.045235
2026-06-29T17:15:00.000Z,374.13,375.37,373.43,375.285,443251.02661699994
2026-06-29T17:30:00.000Z,375.3,376.2099,374.2,375.765,476425.95996000007
2026-06-29T17:45:00.000Z,375.7764,375.7764,374.592,374.85,303689.88347999996
2026-06-29T18:00:00.000Z,374.875,375.34,374.41,374.5901,283108.625772
2026-06-29T18:15:00.000Z,374.59,375.08,374.01,374.25,273191.311172
2026-06-29T18:30:00.000Z,374.29,375.755,374.115,375.52,293088.459106
2026-06-29T18:45:00.000Z,375.51,376.035,374.12,374.42,924328.7573069999
2026-06-29T19:00:00.000Z,374.39,374.44,372.56,372.695,493256.918241
2026-06-29T19:15:00.000Z,372.695,374.22,372.13,374.03,475511.375563
2026-06-29T19:30:00.000Z,374.06,374.23,373.1247,373.49,674869.4210969999
2026-06-29T19:45:00.000Z,373.43,373.87,371.37,372.44,1747562.011098
2026-06-30T13:30:00.000Z,374.79,377.97,370.64,377.55,1338259.625572
2026-06-30T13:45:00.000Z,377.44,378.06,374.595,376.68,842066.458976
2026-06-30T14:00:00.000Z,376.68,378.3961,373.9,376.8,966485.3822640001
2026-06-30T14:15:00.000Z,376.75,378.6,375.14,377.81,677583.9023150001
2026-06-30T14:30:00.000Z,377.84,378.74,375.86,377.3582,469633.551096
2026-06-30T14:45:00.000Z,377.23,377.28,374.11,374.675,558254.581303
2026-06-30T15:00:00.000Z,374.74,375.45,374.21,375.26,463603.19490699994
2026-06-30T15:15:00.000Z,375.14,375.3999,373.6801,374.7377,445504.171392
2026-06-30T15:30:00.000Z,374.7,375.325,374.24,375.216,447594.86194000003
2026-06-30T15:45:00.000Z,375.23,377.15,374.87,376.32,420247.5002319999
2026-06-30T16:00:00.000Z,376.28,377.1599,375.32,376.59,299718.683692
2026-06-30T16:15:00.000Z,376.61,376.95,375.22,375.25,299783.783761
2026-06-30T16:30:00.000Z,375.2401,375.45,374,375.16,349580.9179
2026-06-30T16:45:00.000Z,375.18,376.2582,375.0501,375.39,279384.219531
2026-06-30T17:00:00.000Z,375.38,375.79,374.5501,374.855,372075.80184200004
2026-06-30T17:15:00.000Z,374.855,375.15,374.35,374.56,334574.18476900004
2026-06-30T17:30:00.000Z,374.55,377.2,374.24,376.54,489831.98794099997
2026-06-30T17:45:00.000Z,376.54,376.56,375.165,375.9,310105.21741099993
2026-06-30T18:00:00.000Z,375.9,376.19,375.2,375.825,382442.346005
2026-06-30T18:15:00.000Z,375.8,377.87,375.77,376.92,559321.5046190001
2026-06-30T18:30:00.000Z,376.92,378.35,376.92,378.265,432991.929155
2026-06-30T18:45:00.000Z,378.2301,378.87,377.82,378.32,366281.768087
2026-06-30T19:00:00.000Z,378.31,379.62,378.04,379.045,481182.721013
2026-06-30T19:15:00.000Z,379.02,379.09,377.96,378.49,515277.3425560001
2026-06-30T19:30:00.000Z,378.49,379.2,377.72,379,647436.822296
2026-06-30T19:45:00.000Z,379,379.3388,377.05,377.07,2603990.072554
2026-07-01T13:30:00.000Z,371.87,373.56,368.57,369.61,1668061.076393
2026-07-01T13:45:00.000Z,369.61,372.475,369.53,371.785,792959.5660490001
2026-07-01T14:00:00.000Z,371.87,373.75,371.18,372.72,500746.4872520001
2026-07-01T14:15:00.000Z,372.87,373.33,371.23,372,411091.65997100004
2026-07-01T14:30:00.000Z,371.9,372.42,370.15,370.44,469520.3779200001
2026-07-01T14:45:00.000Z,370.33,370.55,368.5,370.55,643998.801509
2026-07-01T15:00:00.000Z,370.59,372.5,369.83,371.28,578054.0633960001
2026-07-01T15:15:00.000Z,371.28,372.54,371.01,372.14,464623.051167
2026-07-01T15:30:00.000Z,372.16,372.8,371.7,372.04,391336.908359
2026-07-01T15:45:00.000Z,371.97,372.11,370.18,370.69,348666.75934299995
2026-07-01T16:00:00.000Z,370.71,371.11,369.24,369.5,474138.45851200004
2026-07-01T16:15:00.000Z,369.52,369.77,368.38,368.43,445007.2714830001
2026-07-01T16:30:00.000Z,368.455,369.01,368.03,368.7,394083.99348500004
2026-07-01T16:45:00.000Z,368.7,369.4,368.18,368.575,478187.923757
2026-07-01T17:00:00.000Z,368.5851,370.1997,368.05,369.75,435217.00666
2026-07-01T17:15:00.000Z,369.765,370.2,368.98,369.31,453285.35832699994
2026-07-01T17:30:00.000Z,369.27,370.08,368.74,369.44,421842.982734
2026-07-01T17:45:00.000Z,369.48,370.39,369.25,369.3924,305206.024228
2026-07-01T18:00:00.000Z,369.43,370.49,369.3,369.52,329465.574985
2026-07-01T18:15:00.000Z,369.54,370.625,369.21,370.305,382910.189728
2026-07-01T18:30:00.000Z,370.28,370.94,369.69,369.98,459165.38766800007
2026-07-01T18:45:00.000Z,369.98,370.2,368.96,370.18,401631.31584399997
2026-07-01T19:00:00.000Z,370.16,372.58,370.02,371.69,652235.166391
2026-07-01T19:15:00.000Z,371.69,372.18,371.09,371.47,564797.333451
2026-07-01T19:30:00.000Z,371.505,372.25,370.82,371.095,655593.9042699999
2026-07-01T19:45:00.000Z,371.07,371.8399,369,369.35,2380289.390008
2026-07-02T13:30:00.000Z,365.725,371.42,364.1,369.68,1482658.0294460002
2026-07-02T13:45:00.000Z,369.7,372.09,369.115,371.17,860192.2343299999
2026-07-02T14:00:00.000Z,371.3,374,370.73,373.1,732977.117695
2026-07-02T14:15:00.000Z,373.125,373.27,368.15,369.165,653871.0287750001
2026-07-02T14:30:00.000Z,369.165,370.8,365.94,366.81,869609.0620169999
2026-07-02T14:45:00.000Z,366.84,368.7,366.37,368.19,861596.960302
2026-07-02T15:00:00.000Z,368.25,368.43,364.87,365.295,739846.787675
2026-07-02T15:15:00.000Z,365.29,365.69,362.78,364.795,868686.8636000002
2026-07-02T15:30:00.000Z,364.79,366.8,364.5,364.72,460385.99820999993
2026-07-02T15:45:00.000Z,364.62,365.55,363.48,364.5163,524216.9058639999
2026-07-02T16:00:00.000Z,364.51,364.67,362.28,363.32,464679.840584
2026-07-02T16:15:00.000Z,363.32,363.41,359.72,360.03,710353.3169899998
2026-07-02T16:30:00.000Z,360.07,360.3,358.6,360.03,586157.861722
2026-07-02T16:45:00.000Z,360.035,360.55,358.405,359.005,398557.201108
2026-07-02T17:00:00.000Z,359.005,359.5,357.83,358.52,480004.87073600007
2026-07-02T17:15:00.000Z,358.525,359.5,357.85,359.105,489912.306858
2026-07-02T17:30:00.000Z,359.11,360.59,358.71,359.71,540023.8310850001
2026-07-02T17:45:00.000Z,359.69,359.94,358.2,358.64,556833.973178
2026-07-02T18:00:00.000Z,358.64,361.43,358.41,360.795,462450.26864
2026-07-02T18:15:00.000Z,360.795,360.95,359.03,360.55,431112.794808
2026-07-02T18:30:00.000Z,360.53,360.91,358.95,358.98,718443.634711
2026-07-02T18:45:00.000Z,358.905,359.95,358.16,359.255,370251.74737099995
2026-07-02T19:00:00.000Z,359.3,359.5,356.53,357.97,535642.6245309999
2026-07-02T19:15:00.000Z,357.97,358.95,356.43,358.7,957239.5446870001
2026-07-02T19:30:00.000Z,358.72,360,358.14,358.87,814422.8734129999
2026-07-02T19:45:00.000Z,358.93,361.44,358.57,360.34,2448362.135703
2026-07-06T13:30:00.000Z,373.61,383.16,371.18,380.5991,2684976.336105
2026-07-06T13:45:00.000Z,380.44,381.98,378,380.74,1075802.167213
2026-07-06T14:00:00.000Z,380.6875,381.12,379.0593,380.64,873430.3098960001
2026-07-06T14:15:00.000Z,380.5,380.65,378.8,379.39,649972.7468729999
2026-07-06T14:30:00.000Z,379.43,379.705,377.17,377.88,659112.3407180001
2026-07-06T14:45:00.000Z,377.83,378.38,374.6,375.3,567413.442371
2026-07-06T15:00:00.000Z,375.36,376.1899,373.65,373.94,520273.746323
2026-07-06T15:15:00.000Z,373.92,374.29,372.98,374.29,483324.61442299996
2026-07-06T15:30:00.000Z,374.32,374.5,373.26,373.85,430625.6983599999
2026-07-06T15:45:00.000Z,373.87,374.94,373.82,374.27,498827.93259900005
2026-07-06T16:00:00.000Z,374.17,376.13,373.85,375.57,448932.720089
2026-07-06T16:15:00.000Z,375.6,375.85,374.6,375.15,283694.626298
2026-07-06T16:30:00.000Z,375.1,376.43,374.69,375.67,375508.497394
2026-07-06T16:45:00.000Z,375.665,376.53,375.18,375.71,352614.66348299995
2026-07-06T17:00:00.000Z,375.6973,377.1,375.56,376.385,421116.677769
2026-07-06T17:15:00.000Z,376.38,377.05,375.55,375.775,453386.165235
2026-07-06T17:30:00.000Z,375.785,375.96,373.77,374.52,416552.121499
2026-07-06T17:45:00.000Z,374.4501,376.39,374.21,375.58,351075.48958399997
2026-07-06T18:00:00.000Z,375.58,376.61,374.75,376.36,318356.66279699997
2026-07-06T18:15:00.000Z,376.34,377.25,375.56,375.595,365450.784054
2026-07-06T18:30:00.000Z,375.57,375.73,374.55,375.4,346438.03240799997
2026-07-06T18:45:00.000Z,375.3,376.46,374.93,376.46,373064.6347489999
2026-07-06T19:00:00.000Z,376.46,376.98,375.96,375.98,460205.54700200004
2026-07-06T19:15:00.000Z,375.95,377.38,375.94,376.795,662100.42392
2026-07-06T19:30:00.000Z,376.795,376.93,375.79,376.605,675326.5822109999
2026-07-06T19:45:00.000Z,376.6,377.08,373.5,373.9,1983068.76411
2026-07-07T13:30:00.000Z,366.555,372.5,365.35,368.22,1906878.4228400006
2026-07-07T13:45:00.000Z,368.215,368.62,365.02,366.185,813560.853475
2026-07-07T14:00:00.000Z,366.25,368,364.31,364.59,659666.11435
2026-07-07T14:15:00.000Z,364.59,365.4,363.3901,364.05,665743.15158
2026-07-07T14:30:00.000Z,363.93,365.76,362.01,362.28,774794.9342109999
2026-07-07T14:45:00.000Z,362.3178,365.075,362.1401,363.795,669717.290463
2026-07-07T15:00:00.000Z,363.88,365.1999,363,364.665,456158.433682
2026-07-07T15:15:00.000Z,364.6,364.84,362.77,364.44,505519.98881000007
2026-07-07T15:30:00.000Z,364.5,365.2,363.8,365.08,697584.071471
2026-07-07T15:45:00.000Z,365.085,368.01,365.02,367.88,558013.459785
2026-07-07T16:00:00.000Z,367.945,370.725,367.795,369.855,665625.2686639999
2026-07-07T16:15:00.000Z,369.8,371.42,369.45,371.04,648431.7642000001
2026-07-07T16:30:00.000Z,370.935,371.65,369.94,371.51,424620.11516499997
2026-07-07T16:45:00.000Z,371.65,371.93,370.05,370.855,482241.13169
2026-07-07T17:00:00.000Z,370.855,372.15,370.64,370.96,278238.12821099994
2026-07-07T17:15:00.000Z,370.96,372.05,370.68,371.28,219960.039836
2026-07-07T17:30:00.000Z,371.3,372.9599,371.1301,372.34,359728.739004
2026-07-07T17:45:00.000Z,372.34,372.39,371.54,372.34,202831.630641
2026-07-07T18:00:00.000Z,372.345,372.55,371.225,371.785,244648.22841699998
2026-07-07T18:15:00.000Z,371.73,371.92,370.54,370.54,279234.97854399995
2026-07-07T18:30:00.000Z,370.595,371.1,369.67,370.11,391136.535562
2026-07-07T18:45:00.000Z,370.12,370.56,367.92,368.06,388637.756935
2026-07-07T19:00:00.000Z,368.02,369.82,367.67,368.635,564815.426767
2026-07-07T19:15:00.000Z,368.625,368.625,366.65,368.235,709879.984723
2026-07-07T19:30:00.000Z,368.19,370.26,368.09,368.5875,829238.1041069999
2026-07-07T19:45:00.000Z,368.59,370.845,368.23,370.79,2149109.541909
2026-07-08T13:30:00.000Z,377.52,381.94,376.89,381.62,2928107.7724239994
2026-07-08T13:45:00.000Z,381.67,386.4699,380.67,385,1734235.2938080002
2026-07-08T14:00:00.000Z,385.14,387.77,384.35,387.67,1570023.1770620001
2026-07-08T14:15:00.000Z,387.6155,389.115,385.34,386.775,1193747.467192
2026-07-08T14:30:00.000Z,386.64,389.2399,385.53,389.12,990268.7838889998
2026-07-08T14:45:00.000Z,389.05,390.34,384.65,388.64,1388024.1215889999
2026-07-08T15:00:00.000Z,388.63,390.07,386.48,386.6,799118.311132
2026-07-08T15:15:00.000Z,386.48,387.38,384.42,385.57,998819.8975670001
2026-07-08T15:30:00.000Z,385.54,386.66,385.13,385.675,520337.289086
2026-07-08T15:45:00.000Z,385.76,386.25,383.08,385.56,607621.7319880001
2026-07-08T16:00:00.000Z,385.7399,388.88,385.06,388.58,565918.484976
2026-07-08T16:15:00.000Z,388.52,393.71,387.42,392.37,1169111.905171
2026-07-08T16:30:00.000Z,392.3188,394.07,390.64,392.575,863786.806623
2026-07-08T16:45:00.000Z,392.575,395.09,392.05,394.885,756768.38284
2026-07-08T17:00:00.000Z,394.96,394.98,392.64,392.665,558347.3627400001
2026-07-08T17:15:00.000Z,392.6918,393.59,392.0501,392.5,483219.04371199996
2026-07-08T17:30:00.000Z,392.52,393.38,390.5,391.08,546373.727871
2026-07-08T17:45:00.000Z,391.08,391.14,388.54,389.415,474197.754395
2026-07-08T18:00:00.000Z,389.42,390.57,388.95,389.9001,450084.35086700006
2026-07-08T18:15:00.000Z,389.98,390.23,389.14,389.14,308313.485951
2026-07-08T18:30:00.000Z,389.12,389.97,388.64,389.31,351280.33043599996
2026-07-08T18:45:00.000Z,389.26,390.15,388.8001,389.9205,463722.546226
2026-07-08T19:00:00.000Z,389.91,390.84,389.4,390.59,606419.354701
2026-07-08T19:15:00.000Z,390.6,392.65,390.33,392.445,787652.7596870002
2026-07-08T19:30:00.000Z,392.45,392.53,389.22,390.4025,854227.412005
2026-07-08T19:45:00.000Z,390.4,390.75,388.45,388.67,2247568.510639
2026-07-09T13:30:00.000Z,402.19,403.73,396.85,397.425,2818356.6802490004
2026-07-09T13:45:00.000Z,397.425,398.79,393.31,393.8,1200862.206205
2026-07-09T14:00:00.000Z,393.84,395.62,390.5,391.87,1062396.8344960003
2026-07-09T14:15:00.000Z,391.875,392.52,387.93,392.37,935824.89541
2026-07-09T14:30:00.000Z,392.33,394.66,390.9464,393.635,667451.869584
2026-07-09T14:45:00.000Z,393.68,395,393,394.1,502281.78939200006
2026-07-09T15:00:00.000Z,394.25,398.25,393,397.695,814705.147377
2026-07-09T15:15:00.000Z,397.685,400.36,397.14,399.64,874297.328872
2026-07-09T15:30:00.000Z,399.6825,401.95,399.43,401.47,794032.3801160001
2026-07-09T15:45:00.000Z,401.45,401.7101,399.75,400.57,516918.748717
2026-07-09T16:00:00.000Z,400.59,401.46,400.37,401.3951,423885.17420999997
2026-07-09T16:15:00.000Z,401.4,401.69,400.12,401.22,949134.430229
2026-07-09T16:30:00.000Z,401.14,403.23,400.38,403.115,568265.570005
2026-07-09T16:45:00.000Z,403.115,403.5,402.3101,402.75,570958.8765070001
2026-07-09T17:00:00.000Z,402.75,403.8699,402.1642,403.795,447551.42786000005
2026-07-09T17:15:00.000Z,403.795,405.38,403.28,405.27,735803.0569209999
2026-07-09T17:30:00.000Z,405.235,405.7795,404.375,405.73,508675.598226
2026-07-09T17:45:00.000Z,405.71,407.52,404.86,405.63,755677.1094490001
2026-07-09T18:00:00.000Z,405.51,406.4299,404.97,405.05,452613.408768
2026-07-09T18:15:00.000Z,405.05,405.365,403.63,405.25,558686.1380360001
2026-07-09T18:30:00.000Z,405.21,405.69,404.84,405.56,523144.926104
2026-07-09T18:45:00.000Z,405.45,406.47,404.4201,404.735,799470.67254
2026-07-09T19:00:00.000Z,404.75,404.83,402.4,402.93,593081.812794
2026-07-09T19:15:00.000Z,402.91,403.73,402,402.03,473198.57634
2026-07-09T19:30:00.000Z,402.08,403.06,400.6601,401.82,477807.27605399996
2026-07-09T19:45:00.000Z,401.845,402,399.584,401.11,1809585.6130940001
2026-07-10T13:30:00.000Z,398.5,400.43,395.7,398.528,1353078.027862
2026-07-10T13:45:00.000Z,398.65,402.44,398.4001,399.405,684546.284851
2026-07-10T14:00:00.000Z,399.28,400.56,399.1,399.52,406762.79676899995
2026-07-10T14:15:00.000Z,399.61,400.39,398.14,399.95,375438.56193599995
2026-07-10T14:30:00.000Z,399.95,401.74,397.25,399.21,576720.5718909999
2026-07-10T14:45:00.000Z,399.34,399.75,398.32,398.75,243992.14810000002
2026-07-10T15:00:00.000Z,398.81,399.7,398.1,398.6,282731.754397
2026-07-10T15:15:00.000Z,398.78,401.11,398.77,401.11,282159.583944
2026-07-10T15:30:00.000Z,401.09,401.81,398.68,399.74,244692.32520800002
2026-07-10T15:45:00.000Z,399.645,401.5,399.26,400.925,300424.445613
2026-07-10T16:00:00.000Z,400.98,401.88,400.25,400.37,258486.117965
2026-07-10T16:15:00.000Z,400.46,401.505,400.4176,400.88,202053.89009400003
2026-07-10T16:30:00.000Z,400.95,402.1,400.7,401.135,314987.964005
2026-07-10T16:45:00.000Z,401.15,402.28,400.35,401.23,392322.33841
2026-07-10T17:00:00.000Z,401.23,401.53,400.62,400.99,203692.07741600001
2026-07-10T17:15:00.000Z,400.95,401.75,400.5,401.675,171494.26087499995
2026-07-10T17:30:00.000Z,401.73,402.2395,401.225,401.795,330610.948223
2026-07-10T17:45:00.000Z,401.77,401.93,400.56,400.6575,193083.38781299998
2026-07-10T18:00:00.000Z,400.665,400.87,399.29,399.795,278053.670681
2026-07-10T18:15:00.000Z,399.75,400.45,399.34,400.18,250289.95484299998
2026-07-10T18:30:00.000Z,400.115,400.41,399.81,400.085,184450.90839199998
2026-07-10T18:45:00.000Z,400.04,400.55,399.76,399.8,350130.732855
2026-07-10T19:00:00.000Z,399.845,400.42,399.38,399.66,400643.444152
2026-07-10T19:15:00.000Z,399.66,400.045,399.33,399.62,241211.60878799998
2026-07-10T19:30:00.000Z,399.6,400.65,399.59,399.97,368865.4831799999
2026-07-10T19:45:00.000Z,400.01,400.4,399.36,399.99,947084.225121
2026-07-13T13:30:00.000Z,393.475,395,387.91,388.74,1569345.307974
2026-07-13T13:45:00.000Z,388.82,390.2,386.8,389.98,859766.274445
2026-07-13T14:00:00.000Z,390.1,392.5,389.755,391.9,654935.9575009999
2026-07-13T14:15:00.000Z,391.83,394.9084,389.58,394.665,516602.9711830001
2026-07-13T14:30:00.000Z,394.69,395.745,391.8701,392.14,387719.305682
2026-07-13T14:45:00.000Z,392.22,392.635,390.5501,392.34,350365.815769
2026-07-13T15:00:00.000Z,392.47,392.64,390.6,391.0925,259939.55468900004
2026-07-13T15:15:00.000Z,391.095,391.94,390.53,391.68,335793.62114400003
2026-07-13T15:30:00.000Z,391.65,392.35,390.49,390.58,272588.74384199997
2026-07-13T15:45:00.000Z,390.62,390.65,389.26,389.68,325061.885521
2026-07-13T16:00:00.000Z,389.73,390.23,389.25,389.885,269783.10826899996
2026-07-13T16:15:00.000Z,389.885,389.89,388.52,388.99,218922.442483
2026-07-13T16:30:00.000Z,388.99,388.99,386.42,387.525,391597.760404
2026-07-13T16:45:00.000Z,387.515,387.87,385.8,386.975,269772.983666
2026-07-13T17:00:00.000Z,387.055,388.86,386.86,387.115,261317.23862100003
2026-07-13T17:15:00.000Z,387.04,387.51,385.76,386.3,256314.60596400002
2026-07-13T17:30:00.000Z,386.37,387.23,385.87,386.41,239772.85254599998
2026-07-13T17:45:00.000Z,386.465,386.61,385.42,385.91,255033.846116
2026-07-13T18:00:00.000Z,385.91,387.07,385.53,386.32,200777.349646
2026-07-13T18:15:00.000Z,386.29,387,385.58,385.67,308192.89134
2026-07-13T18:30:00.000Z,385.67,386.6,385.1301,386.065,210529.843725
2026-07-13T18:45:00.000Z,386.11,386.57,385.2,385.45,236457.84631400002
2026-07-13T19:00:00.000Z,385.55,386.72,384.76,385.47,456827.83864800003
2026-07-13T19:15:00.000Z,385.455,385.51,384,384.59,468094.515717
2026-07-13T19:30:00.000Z,384.59,386.2199,384.41,385.62,533798.595302
2026-07-13T19:45:00.000Z,385.67,387.3,383.42,383.86,2176260.224179
2026-07-14T13:30:00.000Z,395.72,395.72,384.6404,385.975,1730356.364156
2026-07-14T13:45:00.000Z,385.84,391.99,385.84,391.645,1148550.491478
2026-07-14T14:00:00.000Z,391.59,391.88,388.61,391.195,667613.7548879999
2026-07-14T14:15:00.000Z,391.26,393.65,389.3,391.31,637160.277656
2026-07-14T14:30:00.000Z,391.32,394.74,390.34,393.265,571096.753763
2026-07-14T14:45:00.000Z,393.2999,396.39,392.98,395.34,682037.286895
2026-07-14T15:00:00.000Z,395.4,396.8499,394.64,395.77,405207.9482819999
2026-07-14T15:15:00.000Z,395.7203,397,394.63,396.895,377257.59569700004
2026-07-14T15:30:00.000Z,396.84,397.33,394.29,395.2795,453212.96274700004
2026-07-14T15:45:00.000Z,395.29,395.63,393.89,394.51,375424.14398700005
2026-07-14T16:00:00.000Z,394.41,394.59,392.3885,392.875,362286.673808
2026-07-14T16:15:00.000Z,392.96,393.64,392.22,393.285,270682.319814
2026-07-14T16:30:00.000Z,393.28,393.76,392.4004,393.24,267187.11212799995
2026-07-14T16:45:00.000Z,393.255,394.4,392.75,394.4,217511.92220099998
2026-07-14T17:00:00.000Z,394.44,395.2,393.6201,393.685,282898.82707000006
2026-07-14T17:15:00.000Z,393.68,394.2,393.23,393.465,187315.630175
2026-07-14T17:30:00.000Z,393.5,393.73,392.2,392.9299,211468.921938
2026-07-14T17:45:00.000Z,392.93,394.14,392.79,394.12,193146.67620500003
2026-07-14T18:00:00.000Z,394.075,394.73,393.7,394.52,213218.69282700002
2026-07-14T18:15:00.000Z,394.56,394.79,393.9527,394.115,237315.153996
2026-07-14T18:30:00.000Z,394.15,394.35,392.88,393.485,236851.979341
2026-07-14T18:45:00.000Z,393.49,394.24,393.25,393.96,260615.11431500004
2026-07-14T19:00:00.000Z,393.93,394,391,391.22,372484.88197100005
2026-07-14T19:15:00.000Z,391.175,391.5499,390,390.59,444007.27670099994
2026-07-14T19:30:00.000Z,390.655,391.49,390.095,390.68,398658.28724199993
2026-07-14T19:45:00.000Z,390.72,391.25,388.93,389.04,1313908.089394
2026-07-15T13:30:00.000Z,396.09,397.99,392.42,397.1,1207300.880718
2026-07-15T13:45:00.000Z,397.18,399,395.09,397.84,855500.8628439999
2026-07-15T14:00:00.000Z,397.85,398.5,392.96,393.05,576806.9443450001
2026-07-15T14:15:00.000Z,393,393.97,390.24,392.285,590345.1860890001
2026-07-15T14:30:00.000Z,392.3799,392.3799,387.88,389.5751,617623.1035389999
2026-07-15T14:45:00.000Z,389.6488,392.34,388.95,391.105,445097.5338990001
2026-07-15T15:00:00.000Z,391.2,391.23,389.16,389.48,302735.874954
2026-07-15T15:15:00.000Z,389.42,390.25,386.9,390.25,494221.112707
2026-07-15T15:30:00.000Z,390.13,390.98,389.24,389.6,281281.18354999996
2026-07-15T15:45:00.000Z,389.6295,389.83,388.1,389.19,225219.35826299997
2026-07-15T16:00:00.000Z,389.04,389.81,387.7001,388.145,405060.913464
2026-07-15T16:15:00.000Z,388.19,388.71,387.13,387.98,302132.45658799994
2026-07-15T16:30:00.000Z,388.035,389,386.74,387.705,389315.6449599999
2026-07-15T16:45:00.000Z,387.76,390.6699,387.4,389.745,382935.29867999995
2026-07-15T17:00:00.000Z,389.78,391.13,389.5,390.52,237506.42619899998
2026-07-15T17:15:00.000Z,390.52,392.88,390.39,391.85,245925.536804
2026-07-15T17:30:00.000Z,391.895,392.69,391.6901,392.155,228591.305384
2026-07-15T17:45:00.000Z,392.155,394.57,392.04,393.9201,295321.843463
2026-07-15T18:00:00.000Z,394.17,395.89,393.91,394.91,273734.938078
2026-07-15T18:15:00.000Z,394.84,394.96,393.71,394.145,229103.925963
2026-07-15T18:30:00.000Z,394.2,394.41,393,393.04,191546.833496
2026-07-15T18:45:00.000Z,393.1499,393.59,391.7,392.09,309483.525433
2026-07-15T19:00:00.000Z,392.15,394.3,391.88,393.515,304134.91946299997
2026-07-15T19:15:00.000Z,393.57,393.8,391.82,393.76,366803.14585599996
2026-07-15T19:30:00.000Z,393.8,395.27,393.4675,394.97,407073.138625
2026-07-15T19:45:00.000Z,394.89,395.2,393.5,394.14,1174358.1966100002
2026-07-16T13:30:00.000Z,384.535,386.74,378.36,379.81,1661492.5781480002
2026-07-16T13:45:00.000Z,379.8,381.684,378.02,381.17,651971.4643339999
2026-07-16T14:00:00.000Z,381.04,386.18,380.65,384.7401,637857.264828
2026-07-16T14:15:00.000Z,384.825,385.55,381.5505,383.65,697692.5780110001
2026-07-16T14:30:00.000Z,383.5867,383.9099,381.71,382.7199,314190.30750900006
2026-07-16T14:45:00.000Z,382.535,383.2799,380.67,381.87,278250.89168
2026-07-16T15:00:00.000Z,381.87,382.48,379.51,380.24,394229.813817
2026-07-16T15:15:00.000Z,380.25,381.91,379.8375,381.5,472218.9484200001
2026-07-16T15:30:00.000Z,381.46,382.77,380.835,381.7001,227915.801087
2026-07-16T15:45:00.000Z,381.625,382.58,381.085,382,248391.583984
2026-07-16T16:00:00.000Z,382,382.03,379.75,380.5,319206.5767600001
2026-07-16T16:15:00.000Z,380.495,380.885,379.535,380.53,382215.756161
2026-07-16T16:30:00.000Z,380.68,381.18,380.07,380.19,225812.71529500003
2026-07-16T16:45:00.000Z,380.23,380.45,378.46,378.6,632092.0563459999
2026-07-16T17:00:00.000Z,378.65,378.8,376.955,377.61,551518.5847570001
2026-07-16T17:15:00.000Z,377.6,378.2,377.1,377.99,378358.01380599994
2026-07-16T17:30:00.000Z,377.955,378.22,376.22,376.57,369673.86226799997
2026-07-16T17:45:00.000Z,376.57,376.815,375.68,376.115,371151.635568
2026-07-16T18:00:00.000Z,376.115,376.72,374.615,375.935,623035.4908939999
2026-07-16T18:15:00.000Z,375.94,377.93,375.63,377.04,399052.866166
2026-07-16T18:30:00.000Z,376.99,377.12,375.8801,376.51,289897.21178199997
2026-07-16T18:45:00.000Z,376.45,376.76,375.63,375.7125,289628.30937699997
2026-07-16T19:00:00.000Z,375.715,376.62,375.46,375.8981,458286.0006180001
2026-07-16T19:15:00.000Z,375.85,376.41,375.07,376.13,523512.202318
2026-07-16T19:30:00.000Z,376.145,376.8,372.77,372.96,880646.4482859999
2026-07-16T19:45:00.000Z,372.92,376.205,371.9,374.46,2541567.4140879996
2026-07-17T13:30:00.000Z,366.045,368.79,357.8,358.47,3213587.777083999
2026-07-17T13:45:00.000Z,358.5,365.75,358.274,365.01,984659.8524909999
2026-07-17T14:00:00.000Z,364.94,372.9,364.79,370.7875,1339571.745201
2026-07-17T14:15:00.000Z,370.805,374.24,370.1,370.315,695757.182835
2026-07-17T14:30:00.000Z,370.42,372.965,369.44,371.0004,1119880.556237
2026-07-17T14:45:00.000Z,370.96,371.86,368.87,368.96,326962.1527899999
2026-07-17T15:00:00.000Z,369.03,369.6699,367.44,368.81,473268.6270239999
2026-07-17T15:15:00.000Z,368.7,369.98,368.13,368.91,576977.983513
2026-07-17T15:30:00.000Z,368.89,370.83,368.35,370.21,447810.277076
2026-07-17T15:45:00.000Z,370.21,373.33,369.8,372.515,402010.602167
2026-07-17T16:00:00.000Z,372.6,373.34,370.57,373.32,359623.99046999996
2026-07-17T16:15:00.000Z,373.34,373.5,371.3,372.495,281060.802491
2026-07-17T16:30:00.000Z,372.455,374.19,371.94,374.14,358531.939197
2026-07-17T16:45:00.000Z,374.145,376.36,374.1,375.365,502907.59842399997
2026-07-17T17:00:00.000Z,375.38,377.35,375.37,376.06,618043.0690189999
2026-07-17T17:15:00.000Z,376.06,376.88,375.1,376.29,233802.090165
2026-07-17T17:30:00.000Z,376.26,376.5,374.99,375.38,276540.45128100005
2026-07-17T17:45:00.000Z,375.375,375.8299,373.8601,373.94,644474.8552689999
2026-07-17T18:00:00.000Z,374,374.68,372.8101,372.9401,452685.0636939999
2026-07-17T18:15:00.000Z,373.035,373.1735,371.97,373.025,248398.82318200002
2026-07-17T18:30:00.000Z,373.025,373.87,371.74,372.06,203155.782474
2026-07-17T18:45:00.000Z,372.01,373.87,371.87,373.4,263647.993731
2026-07-17T19:00:00.000Z,373.52,373.61,370.6,370.74,320491.647467
2026-07-17T19:15:00.000Z,370.74,372.15,369.88,372,423847.039214
2026-07-17T19:30:00.000Z,371.995,373.11,371.31,372.1,529901.414658
2026-07-17T19:45:00.000Z,372.075,372.85,370.41,370.84,1703585.6294550002
2026-07-20T13:30:00.000Z,378.76,382.76,376.89,379.65,1150273.494723
2026-07-20T13:45:00.000Z,379.64,380.25,376.86,377.15,706088.6323090001
2026-07-20T14:00:00.000Z,377.27,379.115,375.96,378.66,516786.97552000004
2026-07-20T14:15:00.000Z,378.66,380.22,377.27,380.15,402080.2760090001
2026-07-20T14:30:00.000Z,380.12,380.79,378.42,378.7,394886.2671050001
2026-07-20T14:45:00.000Z,378.5,380.01,378.16,378.725,347642.737034
2026-07-20T15:00:00.000Z,378.61,379.74,378.03,378.91,326390.951529
2026-07-20T15:15:00.000Z,378.84,381.39,378.54,381.25,326460.496804
2026-07-20T15:30:00.000Z,381.3,381.85,380.29,381.72,385863.000208
2026-07-20T15:45:00.000Z,381.83,382.46,380.38,382.065,264939.40591399994
2026-07-20T16:00:00.000Z,382.1,383.59,381.61,383.055,367265.108834
2026-07-20T16:15:00.000Z,383.06,383.2,381.7105,382.28,238028.81726100005
2026-07-20T16:30:00.000Z,382.29,383.25,380.83,381.5,421102.48737099994
2026-07-20T16:45:00.000Z,381.23,382.21,381.18,381.68,241042.448891
2026-07-20T17:00:00.000Z,381.75,382.25,380.7838,380.855,251688.278183
2026-07-20T17:15:00.000Z,380.9,382.7,380.57,381.41,282170.481064
2026-07-20T17:30:00.000Z,381.42,382,380.66,380.825,177470.415978
2026-07-20T17:45:00.000Z,380.92,382.12,380.87,381.78,161001.40679200002
2026-07-20T18:00:00.000Z,381.83,382.41,381.34,381.8701,141492.690101
2026-07-20T18:15:00.000Z,381.87,381.95,380.57,380.95,209670.66387399996
2026-07-20T18:30:00.000Z,380.94,380.94,379.2,379.22,215564.74232999998
2026-07-20T18:45:00.000Z,379.19,379.7295,378.7307,379,228625.205438
2026-07-20T19:00:00.000Z,379,379.4913,378.08,378.3,341036.239976
2026-07-20T19:15:00.000Z,378.3,379.61,377.65,379.31,274049.518543
2026-07-20T19:30:00.000Z,379.34,379.7948,378.61,379.26,269822.794215
2026-07-20T19:45:00.000Z,379.28,379.535,377.59,378.21,1315528.5841629999
2026-07-21T13:30:00.000Z,390.21,390.5834,382.1,382.44,1404648.801438
2026-07-21T13:45:00.000Z,382.45,383.04,379.22,381.61,801474.8475729999
2026-07-21T14:00:00.000Z,381.55,383.4607,380.58,383.4607,587746.9619489999
2026-07-21T14:15:00.000Z,383.4608,383.93,381.39,383.6,449315.2456390001
2026-07-21T14:30:00.000Z,383.6,384.89,383.28,384.83,449643.520273
2026-07-21T14:45:00.000Z,384.88,385.7,383.45,384.09,340601.901403
2026-07-21T15:00:00.000Z,384.09,386.61,382.5701,386.42,488350.38479300006
2026-07-21T15:15:00.000Z,386.43,386.766,384.75,385.66,447739.00103499996
2026-07-21T15:30:00.000Z,385.635,385.9,384.405,384.84,403013.508372
2026-07-21T15:45:00.000Z,384.84,386.15,384.69,385.56,343923.908463
2026-07-21T16:00:00.000Z,385.61,387.22,385.5,386.1415,343120.36557
2026-07-21T16:15:00.000Z,386.145,387.41,386.11,386.425,294915.541808
2026-07-21T16:30:00.000Z,386.47,386.52,385.31,385.97,236910.265372
2026-07-21T16:45:00.000Z,385.985,387.33,385.94,386.48,274302.3743329999
2026-07-21T17:00:00.000Z,386.48,386.8,386.01,386.075,226084.63054699998
2026-07-21T17:15:00.000Z,386.075,386.83,386.075,386.5,227842.38749199998
2026-07-21T17:30:00.000Z,386.54,386.88,386.17,386.53,240634.70268
2026-07-21T17:45:00.000Z,386.57,386.9,386,386.13,204025.77197399997
2026-07-21T18:00:00.000Z,386.12,386.29,385.51,386.01,253249.48028199997
2026-07-21T18:15:00.000Z,386.01,386.28,385.45,385.9,236024.22249500002
2026-07-21T18:30:00.000Z,385.9,386.49,385.6101,386.48,211044.70644600003
2026-07-21T18:45:00.000Z,386.45,386.87,386.1215,386.62,309804.695766
2026-07-21T19:00:00.000Z,386.62,386.8,385.13,385.45,222066.482774
2026-07-21T19:15:00.000Z,385.42,386.09,385.32,385.42,332466.44912299997
2026-07-21T19:30:00.000Z,385.56,386.63,385.13,386.17,512862.44661600003
2026-07-21T19:45:00.000Z,386.16,387.89,385.5,386.19,1454941.711446
2026-07-22T13:30:00.000Z,380.2,387.72,380,385.94,860631.2530619999
2026-07-22T13:45:00.000Z,385.94,387,384.17,385.905,555169.8664149999
2026-07-22T14:00:00.000Z,385.94,386.1,384.54,385.325,316780.18130900007
2026-07-22T14:15:00.000Z,385.29,386.61,384.52,385.8719,266528.450726
2026-07-22T14:30:00.000Z,385.78,387.5699,385.5,387.425,366431.597403
2026-07-22T14:45:00.000Z,387.4479,390.38,387.43,389.345,553338.186479
2026-07-22T15:00:00.000Z,389.43,392.5,388.8401,392.484,431513.266728
2026-07-22T15:15:00.000Z,392.3801,392.7,391.25,391.7,334378.199419
2026-07-22T15:30:00.000Z,391.71,392,391.0101,391.5399,328115.1971409999
2026-07-22T15:45:00.000Z,391.53,393.9,391.43,393.82,326239.00434
2026-07-22T16:00:00.000Z,393.795,394.4,392.8,394.08,397544.210219
2026-07-22T16:15:00.000Z,394.15,395.09,393.924,394.8,331096.0072870001
2026-07-22T16:30:00.000Z,394.848,395.72,394.26,394.77,349617.150075
2026-07-22T16:45:00.000Z,394.8296,396.8999,394.46,396.13,430635.249764
2026-07-22T17:00:00.000Z,396.1,397.849,396.02,396.35,423302.138649
2026-07-22T17:15:00.000Z,396.3451,396.75,395.83,396.6166,291525.04691800004
2026-07-22T17:30:00.000Z,396.54,397.6599,396.18,396.83,273461.700494
2026-07-22T17:45:00.000Z,396.83,398.16,396.0501,396.195,405003.514063
2026-07-22T18:00:00.000Z,396.195,396.95,395.64,396.355,319779.91127
2026-07-22T18:15:00.000Z,396.355,397.05,396,396.88,265342.31774599996
2026-07-22T18:30:00.000Z,396.88,397.205,396.2601,397.1,278070.72247899993
2026-07-22T18:45:00.000Z,397.1,397.99,397.07,397.4,237954.26759899998
2026-07-22T19:00:00.000Z,397.425,398.44,397.0301,397.0301,344877.17980100005
2026-07-22T19:15:00.000Z,397.1,398.585,396.86,398.13,574113.93816
2026-07-22T19:30:00.000Z,398.12,398.5,397.48,398.2,515707.549889
2026-07-22T19:45:00.000Z,398.21,398.5,396.4,396.69,1489367.662949
2026-07-23T13:30:00.000Z,392.19,397.61,390.2685,396.415,1064784.6751670002
2026-07-23T13:45:00.000Z,396.25,396.43,393.42,394.425,609670.45698
2026-07-23T14:00:00.000Z,394.49,395.94,393.53,395.22,417929.3103320001
2026-07-23T14:15:00.000Z,395.165,396.57,394.4549,395.625,377416.026465
2026-07-23T14:30:00.000Z,395.75,395.9799,391.43,391.47,397761.348051
2026-07-23T14:45:00.000Z,391.47,392.86,389.37,390.44,770954.0795119999
2026-07-23T15:00:00.000Z,390.39,390.81,388.2301,388.524,464372.090081
2026-07-23T15:15:00.000Z,388.49,390.22,387.3001,387.595,357963.10026900005
2026-07-23T15:30:00.000Z,387.53,389.38,386.82,387.61,317760.11654200003
2026-07-23T15:45:00.000Z,387.61,389.34,387.4,389.19,196920.323183
2026-07-23T16:00:00.000Z,389.18,390.4299,388.415,390.26,213248.97338000004
2026-07-23T16:15:00.000Z,390.28,392.04,389.92,391.39,281035.182793
2026-07-23T16:30:00.000Z,391.38,393.5468,391.01,392.08,276437.77179800003
2026-07-23T16:45:00.000Z,392,392.1299,390.29,391.275,162034.25324100006
2026-07-23T17:00:00.000Z,391.225,392.12,389.75,391.81,200752.019316
2026-07-23T17:15:00.000Z,391.82,392.67,391.4,392.215,158413.24461499997
2026-07-23T17:30:00.000Z,392.265,392.42,390.585,391,155381.94495099998
2026-07-23T17:45:00.000Z,390.9,391.94,390.33,390.51,182908.447552
2026-07-23T18:00:00.000Z,390.44,390.77,389.09,389.705,203555.675636
2026-07-23T18:15:00.000Z,389.75,390.37,389.52,390.28,187552.93409000002
2026-07-23T18:30:00.000Z,390.375,390.86,389.63,389.735,166626.03544299997
2026-07-23T18:45:00.000Z,389.81,390.57,389.53,390.1,168701.184538
2026-07-23T19:00:00.000Z,390.17,390.355,388.9,389.96,320502.89875
2026-07-23T19:15:00.000Z,390,391.48,389.5,391.37,489553.8575000001
2026-07-23T19:30:00.000Z,391.44,391.52,389.1601,389.1601,414098.367086
2026-07-23T19:45:00.000Z,389.24,392.95,389.18,392.8,1670282.516138
2026-07-24T13:30:00.000Z,387.68,389.27,381.88,383.81,1038880.4522250001
2026-07-24T13:45:00.000Z,383.76,385.6975,380.15,381.4,535482.5953279999
2026-07-24T14:00:00.000Z,381.42,385.2,380.73,384.46,371803.49256700004
2026-07-24T14:15:00.000Z,384.49,384.64,381.6,383.78,303136.82223900006
2026-07-24T14:30:00.000Z,383.66,383.87,380.7,381.8199,443454.0473
2026-07-24T14:45:00.000Z,381.54,384.13,380.44,383.62,265172.618861
2026-07-24T15:00:00.000Z,383.62,384.77,381.9,384.48,237005.26806399997
2026-07-24T15:15:00.000Z,384.33,385.8,383.65,383.84,367331.4991559999
2026-07-24T15:30:00.000Z,383.78,385.23,383.25,383.27,220390.78901499996
2026-07-24T15:45:00.000Z,383.305,386.13,383.26,386,208047.34141300002
2026-07-24T16:00:00.000Z,386.1,387.47,385.14,386.065,241529.011136
2026-07-24T16:15:00.000Z,386.03,386.72,385.62,386.02,150281.20947400003
2026-07-24T16:30:00.000Z,386.1,386.15,384.85,385.01,161460.71448499997
2026-07-24T16:45:00.000Z,385,385.6,384.33,385.275,220109.15864100002
2026-07-24T17:00:00.000Z,385.25,385.4947,383.52,383.97,199912.889946
2026-07-24T17:15:00.000Z,383.97,385.2199,383.56,385.01,134939.647007
2026-07-24T17:30:00.000Z,384.9525,385.48,383.82,383.82,143873.114917
2026-07-24T17:45:00.000Z,383.83,384.95,383.35,383.84,130759.45175
2026-07-24T18:00:00.000Z,383.84,384.06,382.1101,382.525,200673.02943199998
2026-07-24T18:15:00.000Z,382.5351,382.5351,380.53,380.785,275902.49434399995
2026-07-24T18:30:00.000Z,380.86,380.93,379.12,379.755,793420.9331779999
2026-07-24T18:45:00.000Z,379.755,381.23,379.5,380.515,228538.912861
2026-07-24T19:00:00.000Z,380.6,381.55,378.91,379.17,433992.3924480001
2026-07-24T19:15:00.000Z,379.31,380.59,378.75,380.105,418566.38609199994
2026-07-24T19:30:00.000Z,380.16,381.15,379.67,380.725,519577.883463
2026-07-24T19:45:00.000Z,380.8,382.41,379.14,381.81,1867014.115248
2026-07-27T13:30:00.000Z,389.815,389.9,383.4,385.3627,837442.1605059999
2026-07-27T13:45:00.000Z,385.4455,388.12,381.53,382.18,608549.702601
2026-07-27T14:00:00.000Z,382.25,384.16,380.5729,381.89,595158.758509
2026-07-27T14:15:00.000Z,381.89,382.89,377.205,377.325,757616.1271149999
2026-07-27T14:30:00.000Z,377.34,378,373.5,374.9692,733111.6797239998
2026-07-27T14:45:00.000Z,375.09,383.47,374.975,383.035,683563.274516
2026-07-27T15:00:00.000Z,383.1,383.88,380.9301,381,526662.240036
2026-07-27T15:15:00.000Z,380.9901,381.99,379.24,379.74,377395.96981399995
2026-07-27T15:30:00.000Z,379.74,379.97,376.96,378.67,490077.327758
2026-07-27T15:45:00.000Z,378.79,380.93,377.62,380.41,395038.45204800006
2026-07-27T16:00:00.000Z,380.705,382.6,380.31,380.54,370693.6906599999
2026-07-27T16:15:00.000Z,380.55,382.85,379.19,382.625,433131.308654
2026-07-27T16:30:00.000Z,382.625,383.97,380.985,382.78,300918.81351400004
2026-07-27T16:45:00.000Z,382.79,383.29,380.28,380.96,225928.84410100002
2026-07-27T17:00:00.000Z,381.0822,381.0822,378.92,380.035,267807.45750200003
2026-07-27T17:15:00.000Z,379.97,380.2106,378.26,378.735,216873.3861
2026-07-27T17:30:00.000Z,378.74,380.3,378.665,379.36,217168.035584
2026-07-27T17:45:00.000Z,379.405,380.8,379.02,380.56,200021.137363
2026-07-27T18:00:00.000Z,380.59,381.04,380.01,380.455,196023.248695
2026-07-27T18:15:00.000Z,380.39,380.4812,379.14,379.9,182100.36065499997
2026-07-27T18:30:00.000Z,379.82,380.16,378.74,379.875,264620.04522200004
2026-07-27T18:45:00.000Z,379.935,381.94,379.14,381.83,419194.61030400003
2026-07-27T19:00:00.000Z,381.83,383.84,381.66,382.99,687015.8655269999
2026-07-27T19:15:00.000Z,383.07,384.59,382.99,384.58,308956.892834
2026-07-27T19:30:00.000Z,384.63,384.645,381.82,382.49,447538.521423
2026-07-27T19:45:00.000Z,382.48,383.61,382.23,383.35,1591161.255111
2026-07-28T13:30:00.000Z,374.36,379.31,371.52,372.845,1686997.054463
2026-07-28T13:45:00.000Z,372.85,378.19,371.75,375.23,1043871.5515510001
2026-07-28T14:00:00.000Z,375.15,380.2476,373.52,374.045,908695.8122750001
2026-07-28T14:15:00.000Z,374.045,376.2,373.17,375.95,977307.956797
2026-07-28T14:30:00.000Z,376,377.41,374.72,376.23,740840.0892960001
2026-07-28T14:45:00.000Z,376.44,380.4499,375.2205,377.98,623658.2286050001
2026-07-28T15:00:00.000Z,378.02,379.4605,377.05,378.975,519485.64074999996
2026-07-28T15:15:00.000Z,378.88,382.67,378.29,380.15,667345.1777120001
2026-07-28T15:30:00.000Z,380.15,384.16,379.7901,383.87,435227.591597
2026-07-28T15:45:00.000Z,383.82,385.63,383.08,383.495,443749.712912
2026-07-28T16:00:00.000Z,383.5283,384.66,382.605,382.89,361434.17177600006
2026-07-28T16:15:00.000Z,382.89,383.225,381.2,381.435,400262.77174799994
2026-07-28T16:30:00.000Z,381.375,383.67,379.6,383.015,540289.95756
2026-07-28T16:45:00.000Z,383.025,384.4499,382.4901,383.505,244866.669606
2026-07-28T17:00:00.000Z,383.49,383.78,380.89,381.34,205580.648666
2026-07-28T17:15:00.000Z,381.28,381.94,380.2501,380.65,229463.333863
2026-07-28T17:30:00.000Z,380.61,381.545,379.65,379.74,223965.83575300002
2026-07-28T17:45:00.000Z,379.82,380.1488,378.92,379.41,216137.53591600002
2026-07-28T18:00:00.000Z,379.5,379.93,379.03,379.045,203224.154978
2026-07-28T18:15:00.000Z,379.045,379.85,378.83,379.36,220391.56762199997
2026-07-28T18:30:00.000Z,379.37,380.595,379.23,380.48,244471.594993
2026-07-28T18:45:00.000Z,380.48,381.645,380.281,381.54,234546.55854300002
2026-07-28T19:00:00.000Z,381.54,383.89,381.54,383.44,409314.1343229999
2026-07-28T19:15:00.000Z,383.36,385.14,382.84,384.92,463037.19311800005
2026-07-28T19:30:00.000Z,385,385.35,383,384.1,536018.1875910001
2026-07-28T19:45:00.000Z,384.07,385.8,380.44,380.735,2269207.995154
2026-07-29T13:30:00.000Z,380.635,380.91,376.28,380.75,894299.6546299999
2026-07-29T13:45:00.000Z,380.825,381.33,375.8,377.56,675415.8060459998
2026-07-29T14:00:00.000Z,377.5075,380.91,376.5,376.65,523639.69021699997
2026-07-29T14:15:00.000Z,376.585,378.47,374.6301,375.37,535109.9431029999
2026-07-29T14:30:00.000Z,375.36,377.39,373.33,373.8095,417074.280848
2026-07-29T14:45:00.000Z,373.62,377.12,373.45,376.62,422052.60277199995
2026-07-29T15:00:00.000Z,376.545,378.28,374.59,375.085,504057.96123500005
2026-07-29T15:15:00.000Z,375,375.86,372.29,372.3,402008.79993700003
2026-07-29T15:30:00.000Z,372.3,373.4,371.67,372.22,403629.7418839999
2026-07-29T15:45:00.000Z,372.3396,372.62,370.685,371.86,506684.32560900005
2026-07-29T16:00:00.000Z,371.94,372.8499,369.5101,370.63,506046.26988100004
2026-07-29T16:15:00.000Z,370.63,373.6,370.26,373.6,404479.951748
2026-07-29T16:30:00.000Z,373.51,374.32,372.78,373.5,292092.269582
2026-07-29T16:45:00.000Z,373.5,374.96,373.33,374.815,294740.19835
2026-07-29T17:00:00.000Z,374.815,378.1999,374.42,378.1999,465455.647512
2026-07-29T17:15:00.000Z,377.85,378.1,375.8701,376,289640.14906
2026-07-29T17:30:00.000Z,375.94,376.96,375.57,376.515,295212.847117
2026-07-29T17:45:00.000Z,376.64,377.64,375.9,377.5175,274218.582649
2026-07-29T18:00:00.000Z,377.65,380.96,377.5101,379.07,625031.807814
2026-07-29T18:15:00.000Z,379.125,380.3,376.67,378.21,451259.44231199997
2026-07-29T18:30:00.000Z,378.21,382.78,376.82,382.43,422827.856332
2026-07-29T18:45:00.000Z,382.35,384.6499,381.8,384.46,528637.533014
2026-07-29T19:00:00.000Z,384.405,386.12,381.72,383.045,506681.82217100007
2026-07-29T19:15:00.000Z,383.12,383.78,377.8601,379.71,731500.742739
2026-07-29T19:30:00.000Z,379.79,381.14,375.31,376.47,703162.5785909999
2026-07-29T19:45:00.000Z,376.44,377.44,369.96,370.3,3734812.624294
2026-07-30T13:30:00.000Z,380.35,382.97,377.54,380.54,1328337.467131
2026-07-30T13:45:00.000Z,380.53,386.38,380.53,386.15,1169388.7017209998
2026-07-30T14:00:00.000Z,386.135,387.4699,382.75,384.31,961564.805318
2026-07-30T14:15:00.000Z,384.42,388.29,384.4,387.365,922196.207565
2026-07-30T14:30:00.000Z,387.365,388,385.01,385.24,707665.5631220001
2026-07-30T14:45:00.000Z,385.3,385.52,382,383.34,618137.529234
2026-07-30T15:00:00.000Z,383.43,386.08,382.17,384.2,718682.1386920001
2026-07-30T15:15:00.000Z,384.2,385.19,382.88,383.53,566201.596276
2026-07-30T15:30:00.000Z,383.505,383.83,382.18,382.9,544950.7406390001
2026-07-30T15:45:00.000Z,382.9,384.36,381.885,383.53,412516.0060160002
2026-07-30T16:00:00.000Z,383.53,387.91,382.3501,387.45,416563.1961959999
2026-07-30T16:15:00.000Z,387.44,387.82,386.71,387.005,437909.3005609999
2026-07-30T16:30:00.000Z,387.01,387.26,383.79,383.96,302166.928474
2026-07-30T16:45:00.000Z,383.906,384.92,383.78,384.81,577931.239666
2026-07-30T17:00:00.000Z,384.83,385.7,384.71,385.1384,237966.66548999998
2026-07-30T17:15:00.000Z,385.24,386.8568,385.18,385.8201,212494.895326
2026-07-30T17:30:00.000Z,385.9,386.37,384.68,385.85,384587.7100910001
2026-07-30T17:45:00.000Z,385.81,386.4,385.03,385.49,318105.084202
2026-07-30T18:00:00.000Z,385.445,387.2,385.22,386.32,496408.724975
2026-07-30T18:15:00.000Z,386.365,386.58,385.79,386.495,351514.93332600006
2026-07-30T18:30:00.000Z,386.5,386.5383,385.5401,386.225,284634.950447
2026-07-30T18:45:00.000Z,386.22,386.365,385.23,386.025,265255.99381099996
2026-07-30T19:00:00.000Z,386.08,388.46,385.925,387.71,674561.1422209999
2026-07-30T19:15:00.000Z,387.7,387.98,386.76,387.32,1418846.371688
2026-07-30T19:30:00.000Z,387.23,387.96,386.5,387.81,622861.6539680001
2026-07-30T19:45:00.000Z,387.775,388.68,386.57,388.23,1420281.434437
2026-07-31T13:30:00.000Z,394.83,399.92,384.28,384.28,1953197.479643
2026-07-31T13:45:00.000Z,384.45,387.09,383.2515,386.548,892033.008084
2026-07-31T14:00:00.000Z,386.54,387.09,380.11,381.545,810011.072924
2026-07-31T14:15:00.000Z,381.5,383.1,379.71,382.745,511824.3339
2026-07-31T14:30:00.000Z,382.82,386.97,382.52,386.395,856710.5290049999
2026-07-31T14:45:00.000Z,386.395,389.17,385.01,387.86,469230.53433199995
2026-07-31T15:00:00.000Z,387.93,388.3938,385.3,386.04,430655.28594300005
2026-07-31T15:15:00.000Z,385.86,387.48,382.5,384.11,391558.89430000004
2026-07-31T15:30:00.000Z,384.125,387.85,383.55,385.68,429951.796977
2026-07-31T15:45:00.000Z,385.785,386.41,384.08,385.71,322472.382799
2026-07-31T16:00:00.000Z,385.59,386.53,384.82,385.335,346597.240209
2026-07-31T16:15:00.000Z,385.45,387.97,384.36,387.95,339251.00383700005
2026-07-31T16:30:00.000Z,388,388.44,386.65,386.98,215890.51684300002
2026-07-31T16:45:00.000Z,386.98,388.875,386.44,387.955,263341.97745400004
2026-07-31T17:00:00.000Z,388,389.7,387.56,389.47,346881.99804000003
2026-07-31T17:15:00.000Z,389.49,390.5,388.875,390.215,293281.05114
2026-07-31T17:30:00.000Z,390.215,390.6318,388.56,389.08,336353.914324
2026-07-31T17:45:00.000Z,389.015,389.335,388.04,388.715,232665.68310100003
2026-07-31T18:00:00.000Z,388.77,388.78,387.24,387.385,387792.00996700005
2026-07-31T18:15:00.000Z,387.4,388.8299,387.355,388.53,243016.81716099998
2026-07-31T18:30:00.000Z,388.59,389.37,388.17,388.44,203634.25621999998
2026-07-31T18:45:00.000Z,388.44,389.43,387.86,388.39,191017.86044
2026-07-31T19:00:00.000Z,388.38,388.91,386.82,387.81,283029.443509
2026-07-31T19:15:00.000Z,387.76,389.0995,387.46,388.365,411111.0938239999
2026-07-31T19:30:00.000Z,388.36,388.98,387.62,388.88,377509.987058
2026-07-31T19:45:00.000Z,388.7801,391.2496,388.1,389.27,1996891.392699
2026-08-03T13:30:00.000Z,384.405,385.37,374.61,377.26,1604811.746991
2026-08-03T13:45:00.000Z,377.26,380.01,375.9,379.996,816975.022876
2026-08-03T14:00:00.000Z,379.865,380.43,376.56,379.37,715261.003487
2026-08-03T14:15:00.000Z,379.27,382.9,379.05,381.505,487206.0666239999
2026-08-03T14:30:00.000Z,381.505,383.97,380.82,382.82,560735.5861030001
2026-08-03T14:45:00.000Z,382.84,388.5,382.63,387.88,625128.6697520001
2026-08-03T15:00:00.000Z,387.89,388.86,386.9025,388.06,501590.203691
2026-08-03T15:15:00.000Z,388.11,389.37,386.785,386.96,398588.54162500007
2026-08-03T15:30:00.000Z,386.975,389.16,386.68,387.575,480936.14900100004
2026-08-03T15:45:00.000Z,387.71,388.95,387.675,388.39,336852.00459900004
2026-08-03T16:00:00.000Z,388.35,388.77,387.79,388.1175,234345.81633
2026-08-03T16:15:00.000Z,388.19,389.795,388.03,388.75,493612.06660900003
2026-08-03T16:30:00.000Z,388.85,389.01,387.5,388.39,233254.43431900002
2026-08-03T16:45:00.000Z,388.39,389.025,388.21,388.295,1171014.800047
2026-08-03T17:00:00.000Z,388.22,389.44,388.02,389.2,371481.96603400004
2026-08-03T17:15:00.000Z,389.2,390.21,389.12,389.585,304388.49724899995
2026-08-03T17:30:00.000Z,389.64,389.98,388.87,389.12,220210.21895100002
2026-08-03T17:45:00.000Z,389.12,390.64,388.96,390.475,267267.77576600004
2026-08-03T18:00:00.000Z,390.475,392.47,390.38,391.22,421931.30787
2026-08-03T18:15:00.000Z,391.375,392.05,390.02,390.34,259144.213707
2026-08-03T18:30:00.000Z,390.4499,392.605,390.35,392.375,342667.739935
2026-08-03T18:45:00.000Z,392.38,392.46,390.94,391.26,344412.67864600004
2026-08-03T19:00:00.000Z,391.21,392.29,390.76,391.43,337206.391699
2026-08-03T19:15:00.000Z,391.375,391.895,391.0001,391.23,315798.003908
2026-08-03T19:30:00.000Z,391.195,391.5,390.58,391.01,326430.534446
2026-08-03T19:45:00.000Z,390.97,392.57,390.74,392.27,1028773.179097
2026-08-04T13:30:00.000Z,402.97,411.38,400.68,410.035,2688711.326481
2026-08-04T13:45:00.000Z,410.04,412.385,408.305,409.015,1199217.7422310002
2026-08-04T14:00:00.000Z,409.33,412.21,408.62,409.85,966292.916273
2026-08-04T14:15:00.000Z,409.9,411.88,407.52,411.87,882214.6036700001
2026-08-04T14:30:00.000Z,411.82,412.9,408.945,412.9,960243.3096720001
2026-08-04T14:45:00.000Z,412.85,412.98,409.11,409.985,591703.9428440002
2026-08-04T15:00:00.000Z,409.901,412.77,409.11,412.58,579448.548191
2026-08-04T15:15:00.000Z,412.62,414.17,411.5501,412.5151,858907.3121379999
2026-08-04T15:30:00.000Z,412.52,415.58,412.3003,415.5,693290.266092
2026-08-04T15:45:00.000Z,415.56,416.49,415.21,416.15,625619.731942
2026-08-04T16:00:00.000Z,416.2,416.68,415.19,415.44,534202.39822
2026-08-04T16:15:00.000Z,415.51,416.59,415.41,415.62,463467.7844320001
2026-08-04T16:30:00.000Z,415.63,416.3,415.3909,415.745,473346.18337
2026-08-04T16:45:00.000Z,415.745,416.65,415.69,416.56,417921.081011
2026-08-04T17:00:00.000Z,416.56,418.24,416.56,417.86,574981.1045969998
2026-08-04T17:15:00.000Z,417.89,419.4406,417.58,419.11,473088.83141100005
2026-08-04T17:30:00.000Z,419.16,421.5,418.7,421.45,708570.315898
2026-08-04T17:45:00.000Z,421.455,422.065,420.82,421.43,689080.2830970001
2026-08-04T18:00:00.000Z,421.39,421.62,420.17,421.42,581255.855179
2026-08-04T18:15:00.000Z,421.4,421.72,420.4,421.33,484759.0415109999
2026-08-04T18:30:00.000Z,421.33,421.8,420.37,420.57,378036.02555599995
2026-08-04T18:45:00.000Z,420.53,421.065,419.86,420.06,468033.8456560001
2026-08-04T19:00:00.000Z,420.06,421.8,420.06,421.46,689267.3226109999
2026-08-04T19:15:00.000Z,421.44,421.97,420.2,420.4,606124.3545840001
2026-08-04T19:30:00.000Z,420.42,420.5,419.18,420.5,868544.034877
2026-08-04T19:45:00.000Z,420.54,420.6799,417.74,418.04,2185184.952364
2026-08-05T13:30:00.000Z,421.7,427,420,423.295,1830818.0138509998
2026-08-05T13:45:00.000Z,423.3,424.19,419.47,422.27,763224.8293929999
2026-08-05T14:00:00.000Z,422.17,424.08,420,423.545,520677.508652
2026-08-05T14:15:00.000Z,423.47,424.25,420.8,421.83,575250.702788
2026-08-05T14:30:00.000Z,421.77,421.845,419.22,421.205,520865.63742899994
2026-08-05T14:45:00.000Z,421.22,421.85,418.84,420.4675,507799.092959
2026-08-05T15:00:00.000Z,420.54,421.2,419.81,420.08,316893.9932589999
2026-08-05T15:15:00.000Z,420.26,421.1663,418.86,419.89,379296.358907
2026-08-05T15:30:00.000Z,419.75,422.59,419.62,421.035,359258.965622
2026-08-05T15:45:00.000Z,421.035,421.09,418,418.605,417168.04356300004
2026-08-05T16:00:00.000Z,418.55,419.9432,418.2401,418.85,398628.726897
2026-08-05T16:15:00.000Z,418.82,421.1792,418.59,421.06,224871.788268
2026-08-05T16:30:00.000Z,421.055,422.18,419.7964,421.28,359875.69886299997
2026-08-05T16:45:00.000Z,421.06,421.7399,420.71,421.215,234497.97924099996
2026-08-05T17:00:00.000Z,421.21,421.43,419.7,420.08,292963.85547700006
2026-08-05T17:15:00.000Z,420,420.615,419.5,419.76,191042.18565899998
2026-08-05T17:30:00.000Z,419.86,420.6,419.51,420.31,191522.94236800005
2026-08-05T17:45:00.000Z,420.27,420.984,419.6,420.72,134705.864954
2026-08-05T18:00:00.000Z,420.8,421.68,420.47,420.47,278043.86839200003
2026-08-05T18:15:00.000Z,420.47,421.75,420.33,421.505,175490.41570699998
2026-08-05T18:30:00.000Z,421.535,421.57,420.35,420.9,169598.49349000002
2026-08-05T18:45:00.000Z,420.91,421.79,420.731,421.05,160560.173229
2026-08-05T19:00:00.000Z,421.14,422.22,421.01,422.095,278755.375309
2026-08-05T19:15:00.000Z,422.1,422.79,421.8401,422.425,336245.820837
2026-08-05T19:30:00.000Z,422.395,422.75,420.89,421.265,454183.548016
2026-08-05T19:45:00.000Z,421.23,421.83,416.89,418.54,1876772.807569
2026-08-06T13:30:00.000Z,420.545,420.605,410.76,416.46,1140880.922836
2026-08-06T13:45:00.000Z,416.365,419.66,416.13,419.12,507535.60196
2026-08-06T14:00:00.000Z,419.51,426.85,418.13,426.065,812149.29708
2026-08-06T14:15:00.000Z,425.97,427.58,423.7,423.99,670771.685657
2026-08-06T14:30:00.000Z,424.05,425.69,423.0801,423.525,370189.05236400006
2026-08-06T14:45:00.000Z,423.46,425.5,422.21,425.4,311331.26675300003
2026-08-06T15:00:00.000Z,425.39,425.455,423.145,424.69,370128.816085
2026-08-06T15:15:00.000Z,424.64,424.85,423.04,423.97,295729.46745800006
2026-08-06T15:30:00.000Z,424,424.55,422.7508,422.995,273897.061183
2026-08-06T15:45:00.000Z,422.8848,424.79,422.22,422.515,340290.77377599996
2026-08-06T16:00:00.000Z,422.535,423.93,421.75,422.45,224663.917914
2026-08-06T16:15:00.000Z,422.515,422.89,420.84,421.32,249991.99522199997
2026-08-06T16:30:00.000Z,421.32,423.395,421.14,422.42,185945.32597999997
2026-08-06T16:45:00.000Z,422.4,424.64,422.23,424.59,193101.40032599997
2026-08-06T17:00:00.000Z,424.63,425.235,423.99,424.13,270104.17016000004
2026-08-06T17:15:00.000Z,424.12,424.9,423.751,424.11,132933.844195
2026-08-06T17:30:00.000Z,424.11,424.58,423.13,423.635,217585.57574200004
2026-08-06T17:45:00.000Z,423.74,424.465,423.42,424.29,198595.41516899999
2026-08-06T18:00:00.000Z,424.31,424.5,423.4,424.06,194636.745679
2026-08-06T18:15:00.000Z,424.16,428.03,420.75,424.22,473625.879557
2026-08-06T18:30:00.000Z,424.33,424.33,422.862,423.27,130860.48489599998
2026-08-06T18:45:00.000Z,423.27,423.7,422.31,422.335,171515.723028
2026-08-06T19:00:00.000Z,422.3507,423.895,422.3507,423.15,234912.66476700004
2026-08-06T19:15:00.000Z,423.1415,423.89,421.75,421.83,334097.855814
2026-08-06T19:30:00.000Z,421.9,422.705,421.29,422.64,319831.792413
2026-08-06T19:45:00.000Z,422.66,422.75,420.07,420.61,1276443.079674
2026-08-07T13:30:00.000Z,428.4,430.84,425.85,426.765,1158087.7899830001
2026-08-07T13:45:00.000Z,426.69,427.73,424.11,425.22,457357.124407
2026-08-07T14:00:00.000Z,424.92,425.42,421.61,422.265,477484.33004
2026-08-07T14:15:00.000Z,422.28,427.87,421.69,426.99,603710.513287
2026-08-07T14:30:00.000Z,426.985,427.03,424.33,424.545,388714.807999
2026-08-07T14:45:00.000Z,424.62,426,424.17,425.06,346850.019376
2026-08-07T15:00:00.000Z,424.925,426.09,424.8201,425.08,234221.309965
2026-08-07T15:15:00.000Z,425.11,425.61,424.14,425.285,481622.498381
2026-08-07T15:30:00.000Z,425.34,426.24,424.32,424.86,239918.65165999997
2026-08-07T15:45:00.000Z,424.86,426.25,424.6601,425.59,232972.39620600003
2026-08-07T16:00:00.000Z,425.55,425.73,424.8,424.835,193400.923206
2026-08-07T16:15:00.000Z,424.83,425.29,422.625,423.01,241584.14838600002
2026-08-07T16:30:00.000Z,423.01,424.3,421.93,423.9375,228924.00628699994
2026-08-07T16:45:00.000Z,424.04,424.5999,423.72,424.13,157826.23166
2026-08-07T17:00:00.000Z,424.09,425.1399,423.82,424.6,179191.39215000003
2026-08-07T17:15:00.000Z,424.6,425.7,424.47,424.73,183318.143864
2026-08-07T17:30:00.000Z,424.74,425.06,424.16,424.92,135059.808842
2026-08-07T17:45:00.000Z,424.97,425.1999,424.49,424.72,137321.52974700002
2026-08-07T18:00:00.000Z,424.74,424.979,424.19,424.32,138687.06506100003
2026-08-07T18:15:00.000Z,424.2301,424.98,424.11,424.18,156920.40958600002
2026-08-07T18:30:00.000Z,424.17,424.97,424.07,424.535,190677.38827700002
2026-08-07T18:45:00.000Z,424.525,425.94,424.45,425.7,202555.547378
2026-08-07T19:00:00.000Z,425.66,427.6,425.66,427.04,409798.30109400005
2026-08-07T19:15:00.000Z,427.1,427.44,426.01,426.55,314185.57207999995
2026-08-07T19:30:00.000Z,426.52,426.525,425.3,425.5,335334.80363599997
2026-08-07T19:45:00.000Z,425.44,428.27,425.16,427.49,1633940.339561
2026-08-10T13:30:00.000Z,426.99,432,426.99,427.595,991627.731501
2026-08-10T13:45:00.000Z,427.57,430.1999,427.34,428.5599,613149.5600099999
2026-08-10T14:00:00.000Z,428.44,432.73,428.23,431.9764,780136.9841069998
2026-08-10T14:15:00.000Z,431.96,432.255,429.2365,430.37,570821.3908020002
2026-08-10T14:30:00.000Z,430.37,431.6,429.45,429.525,338345.440743
2026-08-10T14:45:00.000Z,429.51,429.9799,425.86,425.91,360611.143793
2026-08-10T15:00:00.000Z,425.94,427.45,425.12,425.86,435489.779591
2026-08-10T15:15:00.000Z,425.81,426.7599,424.5,425.16,273483.788735
2026-08-10T15:30:00.000Z,425.1,426.62,424.47,426.485,284224.825422
2026-08-10T15:45:00.000Z,426.49,427.48,425.6,427.27,194499.585246
2026-08-10T16:00:00.000Z,427.3,427.4,426,426.15,171979.469614
2026-08-10T16:15:00.000Z,426.14,426.58,425.44,425.44,176285.63515599997
2026-08-10T16:30:00.000Z,425.44,425.465,420.16,420.945,569702.423346
2026-08-10T16:45:00.000Z,420.87,421.91,420.62,421.81,231546.769872
2026-08-10T17:00:00.000Z,421.83,423.44,421.67,423.355,221195.497104
2026-08-10T17:15:00.000Z,423.355,424.1,422.845,423.13,201021.976732
2026-08-10T17:30:00.000Z,423.19,423.81,422.5817,422.7,198918.67435999998
2026-08-10T17:45:00.000Z,422.72,423.687,422.67,423.595,153336.16000300003
2026-08-10T18:00:00.000Z,423.51,424.048,423.0401,423.495,136261.635599
2026-08-10T18:15:00.000Z,423.5,424.3899,423.32,423.83,170264.372643
2026-08-10T18:30:00.000Z,423.83,424.76,423.48,424.155,239177.01857399993
2026-08-10T18:45:00.000Z,424.23,424.5,423.64,424.39,170903.509833
2026-08-10T19:00:00.000Z,424.39,424.8799,424.22,424.23,237523.84619500002
2026-08-10T19:15:00.000Z,424.235,425.1,424.21,424.79,321361.35762499995
2026-08-10T19:30:00.000Z,424.815,425.01,423.65,424.14,293829.74460599996
2026-08-10T19:45:00.000Z,424.21,424.66,421.72,422.25,1537448.5760279999
2026-08-11T13:30:00.000Z,426.07,426.76,418.2901,420.465,773935.1326360002
2026-08-11T13:45:00.000Z,420.465,420.79,418.01,420.32,400555.62865500007
2026-08-11T14:00:00.000Z,420.47,421.8,419.6001,420.465,385092.704789
2026-08-11T14:15:00.000Z,420.51,422.63,420.2,422.5,420577.341387
2026-08-11T14:30:00.000Z,422.535,422.7,421.16,421.5,185443.73304999998
2026-08-11T14:45:00.000Z,421.495,422.9499,421.48,422.4775,260710.421766
2026-08-11T15:00:00.000Z,422.5,422.8237,421.23,421.98,206150.585929
2026-08-11T15:15:00.000Z,421.8,422.01,420.2,420.525,216895.62995899998
2026-08-11T15:30:00.000Z,420.5625,420.84,419.37,419.985,174676.28794
2026-08-11T15:45:00.000Z,419.93,419.9999,418.86,419.355,472461.02825
2026-08-11T16:00:00.000Z,419.3575,420.0799,419.17,419.22,161486.21705200005
2026-08-11T16:15:00.000Z,419.165,419.52,418.6862,419.32,143988.367171
2026-08-11T16:30:00.000Z,419.29,419.63,418.8,418.94,135588.97704
2026-08-11T16:45:00.000Z,418.815,419.06,418.19,418.77,191089.298938
2026-08-11T17:00:00.000Z,418.775,418.9899,417.6892,417.835,174605.55284199998
2026-08-11T17:15:00.000Z,417.835,418.7999,417.72,418.22,218805.110899
2026-08-11T17:30:00.000Z,418.215,418.29,417.58,417.66,255084.578463
2026-08-11T17:45:00.000Z,417.64,418.12,417.36,417.84,243075.229465
2026-08-11T18:00:00.000Z,417.801,418.04,416.34,416.6375,378969.90171400004
2026-08-11T18:15:00.000Z,416.59,416.84,414.34,414.77,549860.4227100001
2026-08-11T18:30:00.000Z,414.73,414.83,413.23,413.45,370720.36493599997
2026-08-11T18:45:00.000Z,413.38,415.03,413.2885,414.22,503886.056766
2026-08-11T19:00:00.000Z,414.22,414.37,413.39,413.67,268051.911905
2026-08-11T19:15:00.000Z,413.7201,414.485,413.32,413.965,245987.25897900003
2026-08-11T19:30:00.000Z,413.965,414.85,413.905,414.28,329607.415956
2026-08-11T19:45:00.000Z,414.27,416.53,413.9,415.86,1107643.615909
2026-08-12T13:30:00.000Z,426.255,426.5,417.7,419.26,912052.5211470003
2026-08-12T13:45:00.000Z,419.39,423.27,419.12,421.53,561603.669936
2026-08-12T14:00:00.000Z,421.46,422.52,420.48,421.13,441522.5635739999
2026-08-12T14:15:00.000Z,421.195,424.5,421.195,422.84,403298.86411499995
2026-08-12T14:30:00.000Z,422.84,422.89,420.22,422.47,474891.049
2026-08-12T14:45:00.000Z,422.47,422.66,420.85,422.22,418351.578191
2026-08-12T15:00:00.000Z,422.29,422.29,420.05,420.2175,216913.832432
2026-08-12T15:15:00.000Z,420.205,420.29,418.49,419.3,298168.47054699995
2026-08-12T15:30:00.000Z,419.41,419.93,418.81,419.125,272831.731051
2026-08-12T15:45:00.000Z,419.05,420.32,419,419.375,187148.84998499998
2026-08-12T16:00:00.000Z,419.57,419.86,419.125,419.41,175966.841348
2026-08-12T16:15:00.000Z,419.43,419.9899,418.63,419.325,367934.7420449999
2026-08-12T16:30:00.000Z,419.335,419.66,418.89,419.2,154082.328366
2026-08-12T16:45:00.000Z,419.23,419.89,419.07,419.18,168806.42424700002
2026-08-12T17:00:00.000Z,419.1661,419.88,419,419.23,187695.47450100002
2026-08-12T17:15:00.000Z,419.23,419.3599,418.5,418.65,177660.666349
2026-08-12T17:30:00.000Z,418.695,419.13,418.6,419.065,221527.84544700003
2026-08-12T17:45:00.000Z,419.065,419.1,418.63,418.675,215611.56760299997
2026-08-12T18:00:00.000Z,418.675,418.7074,417.11,417.825,296203.497218
2026-08-12T18:15:00.000Z,417.78,418.63,417.75,417.946,226732.37690599996
2026-08-12T18:30:00.000Z,417.905,418.29,417.38,417.74,197441.74951899998
2026-08-12T18:45:00.000Z,417.74,417.76,416.69,416.69,292798.96673
2026-08-12T19:00:00.000Z,416.66,417.35,416.32,416.9785,299896.78451
2026-08-12T19:15:00.000Z,416.93,417.948,415.62,415.695,330074.084007
2026-08-12T19:30:00.000Z,415.69,415.9499,414.61,414.94,351803.79433800007
2026-08-12T19:45:00.000Z,414.87,416.09,414.68,416.05,1071582.064732
2026-08-13T13:30:00.000Z,415.805,422.69,411.41,420.86,1231575.6939019999
2026-08-13T13:45:00.000Z,420.76,424.92,420.6401,424.42,991539.786836
2026-08-13T14:00:00.000Z,424.4,424.44,421.54,423.225,600444.761894
2026-08-13T14:15:00.000Z,423.28,423.55,420.83,423.05,393941.1950630001
2026-08-13T14:30:00.000Z,422.98,424.46,422.8001,423.9347,287339.38254300004
2026-08-13T14:45:00.000Z,423.7767,424.5,423.2201,423.6,282144.802209
2026-08-13T15:00:00.000Z,423.59,424.5,423.14,423.92,282312.13775700005
2026-08-13T15:15:00.000Z,423.92,424.21,422.61,422.89,303960.97165099997
2026-08-13T15:30:00.000Z,422.88,423.49,421.02,422.79,315859.2336840001
2026-08-13T15:45:00.000Z,422.69,422.7425,421.23,421.58,258611.43254500002
2026-08-13T16:00:00.000Z,421.55,422.9,421.39,422.05,182674.855689
2026-08-13T16:15:00.000Z,422.06,422.49,421.17,421.9756,204601.91193099998
2026-08-13T16:30:00.000Z,422.09,422.305,421.01,421.575,198920.316009
2026-08-13T16:45:00.000Z,421.54,421.93,420.49,420.82,230063.390842
2026-08-13T17:00:00.000Z,420.83,422.64,420.83,421.88,220774.38698900002
2026-08-13T17:15:00.000Z,421.84,422.475,421.5,421.865,173305.80045500002
2026-08-13T17:30:00.000Z,421.81,422.2199,421,421.205,185762.51045499998
2026-08-13T17:45:00.000Z,421.2161,421.44,420.11,420.27,188021.105018
2026-08-13T18:00:00.000Z,420.25,420.595,419.35,419.71,319433.407832
2026-08-13T18:15:00.000Z,419.705,420.035,419.3075,419.47,186949.40854499998
2026-08-13T18:30:00.000Z,419.575,420.4176,419.5519,420.12,284320.97926600004
2026-08-13T18:45:00.000Z,420.07,422.15,420.07,420.86,306457.21964
2026-08-13T19:00:00.000Z,420.8,421.645,420.42,420.63,223230.783515
2026-08-13T19:15:00.000Z,420.665,420.73,419.48,419.54,323760.193518
2026-08-13T19:30:00.000Z,419.46,419.7499,418.32,418.39,356498.24902
2026-08-13T19:45:00.000Z,418.425,418.81,417.1,417.83,1183211.6031320002
2026-08-14T13:30:00.000Z,411.96,412.5,405.83,406.18,1769992.622279
2026-08-14T13:45:00.000Z,406.11,406.3582,397.75,399.91,2202245.9425930004
2026-08-14T14:00:00.000Z,399.74,401.8,398.2966,400.45,1424502.8530729997
2026-08-14T14:15:00.000Z,400.37,400.52,395.11,397.055,1594822.9185360002
2026-08-14T14:30:00.000Z,397.055,399.4672,396.25,398.6495,902301.8622660001
2026-08-14T14:45:00.000Z,398.6,398.88,396.14,396.215,713508.0691019999
2026-08-14T15:00:00.000Z,396.27,396.43,394.64,394.8,1031309.8034499999
2026-08-14T15:15:00.000Z,394.8,395.56,392.8,393.89,887964.9215309999
2026-08-14T15:30:00.000Z,393.915,394.46,392.85,393.6699,613208.0123800001
2026-08-14T15:45:00.000Z,393.66,394.7824,393.64,394.64,457684.776161
2026-08-14T16:00:00.000Z,394.58,395.68,394.24,394.88,577835.169155
2026-08-14T16:15:00.000Z,394.81,395.89,394.57,394.758,416167.9264739999
2026-08-14T16:30:00.000Z,394.835,394.93,393.2,393.53,484184.035247
2026-08-14T16:45:00.000Z,393.5491,393.8269,392.9,392.955,493466.43586
2026-08-14T17:00:00.000Z,392.99,393.5,392.55,392.55,481907.72437199997
2026-08-14T17:15:00.000Z,392.62,392.7,390.36,390.55,957295.310948
2026-08-14T17:30:00.000Z,390.58,391.74,390.41,391.29,481814.40729099995
2026-08-14T17:45:00.000Z,391.255,391.65,389.01,389.58,960913.3794529998
2026-08-14T18:00:00.000Z,389.558,389.84,388.5,389.18,1027306.7182469999
2026-08-14T18:15:00.000Z,389.115,389.885,388.81,389.17,599042.137831
2026-08-14T18:30:00.000Z,389.145,390.97,389.02,390.85,675199.6868999999
2026-08-14T18:45:00.000Z,390.84,390.8607,389.22,389.67,612262.9574930001
2026-08-14T19:00:00.000Z,389.72,391.25,389.46,390.555,743991.690467
2026-08-14T19:15:00.000Z,390.525,392.6,390.4601,392.45,762635.069557
2026-08-14T19:30:00.000Z,392.455,394,392.17,393.55,1454280.676207
2026-08-14T19:45:00.000Z,393.5018,394.33,391.9,393.08,2690478.2808540002
2026-08-17T13:30:00.000Z,397.26,397.95,392.72,393.21,1730279.24736
2026-08-17T13:45:00.000Z,393.11,394.75,392.0501,393.42,875442.4049210001
2026-08-17T14:00:00.000Z,393.42,394.53,392.45,394.355,818629.0109839999
2026-08-17T14:15:00.000Z,394.3342,395.7,394.0301,395.535,531559.353539
2026-08-17T14:30:00.000Z,395.5902,396.95,394.7201,396.8101,550625.227024
2026-08-17T14:45:00.000Z,396.86,398.1587,396.68,397.52,723859.280389
2026-08-17T15:00:00.000Z,397.61,397.66,394.1,394.495,625473.472974
2026-08-17T15:15:00.000Z,394.495,395.94,394.32,394.64,908772.990908
2026-08-17T15:30:00.000Z,394.64,395.36,394.11,395.315,518898.256968
2026-08-17T15:45:00.000Z,395.27,399.36,395.12,398.5301,807097.0749209999
2026-08-17T16:00:00.000Z,398.62,398.74,396.36,396.45,494264.75434499996
2026-08-17T16:15:00.000Z,396.54,398.13,396,397.12,499614.295019
2026-08-17T16:30:00.000Z,397.145,398.18,396.21,398,334645.67859799997
2026-08-17T16:45:00.000Z,397.95,398.13,397.5,397.77,272496.756537
2026-08-17T17:00:00.000Z,397.75,397.7899,396.93,397.09,266089.839399
2026-08-17T17:15:00.000Z,397.075,397.34,395.8201,396.8,264182.003451
2026-08-17T17:30:00.000Z,396.8395,397.44,396.055,396.08,367456.1866150001
2026-08-17T17:45:00.000Z,396.08,396.58,395.1,395.1,326675.777034
2026-08-17T18:00:00.000Z,395.17,395.295,394.1201,394.78,359043.80094
2026-08-17T18:15:00.000Z,394.818,394.92,393.92,394.267,306589.968252
2026-08-17T18:30:00.000Z,394.245,394.45,393.82,394.22,247374.483813
2026-08-17T18:45:00.000Z,394.23,394.52,393.43,393.935,364239.13719199994
2026-08-17T19:00:00.000Z,393.97,393.99,393.11,393.49,329745.947393
2026-08-17T19:15:00.000Z,393.395,393.63,392.82,392.96,424775.258072
2026-08-17T19:30:00.000Z,392.94,393.69,392.76,393.34,458186.21914099995
2026-08-17T19:45:00.000Z,393.35,393.49,391.31,392.4,1797237.118546
2026-08-18T13:30:00.000Z,384.315,385.7821,381.5,381.53,1568819.4351070002
2026-08-18T13:45:00.000Z,381.5,382.16,378.35,379.56,1349245.7523500002
2026-08-18T14:00:00.000Z,379.42,380.31,377.36,377.49,910634.2947620001
2026-08-18T14:15:00.000Z,377.49,379.15,377.01,378.87,740230.9407570001
2026-08-18T14:30:00.000Z,378.82,380,378.66,379.0795,664759.451244
2026-08-18T14:45:00.000Z,379.0224,379.39,378.15,378.41,588458.799854
2026-08-18T15:00:00.000Z,378.42,379.0319,377.01,378.16,711948.702946
2026-08-18T15:15:00.000Z,378.16,380.05,377.985,379.745,686636.4176709999
2026-08-18T15:30:00.000Z,379.745,380.58,379.5201,380.365,407492.232994
2026-08-18T15:45:00.000Z,380.365,381.8,380.3,381.55,517312.32731599995
2026-08-18T16:00:00.000Z,381.54,381.74,380.4398,380.58,426969.442955
2026-08-18T16:15:00.000Z,380.61,381.51,380.28,380.535,293528.9301
2026-08-18T16:30:00.000Z,380.51,381.57,380.42,381.12,288078.634842
2026-08-18T16:45:00.000Z,381.12,381.57,380.64,381.05,279926.845019
2026-08-18T17:00:00.000Z,381.03,381.425,380.5,381.13,306046.382573
2026-08-18T17:15:00.000Z,381.135,381.5,380.74,381.5,254935.367824
2026-08-18T17:30:00.000Z,381.475,381.76,381.02,381.1225,285840.62354000006
2026-08-18T17:45:00.000Z,381.1,381.33,380.01,380.075,288559.623659
2026-08-18T18:00:00.000Z,380.12,380.87,379.67,380.84,324664.75393199996
2026-08-18T18:15:00.000Z,380.87,381.15,379.7,379.8,594002.357484
2026-08-18T18:30:00.000Z,379.72,380.24,379.13,379.25,350533.50316200004
2026-08-18T18:45:00.000Z,379.21,379.46,378.42,378.775,344162.46868600004
2026-08-18T19:00:00.000Z,378.73,379.46,378.55,379.13,297901.54201800004
2026-08-18T19:15:00.000Z,379.13,379.74,378.8,379.381,459487.87935700006
2026-08-18T19:30:00.000Z,379.38,379.71,378.33,379.22,796064.68689
2026-08-18T19:45:00.000Z,379.23,380.07,378.28,380.01,2271974.5779210003
2026-08-19T13:30:00.000Z,372.4,373.91,362.21,362.635,3324009.8536940003
2026-08-19T13:45:00.000Z,362.65,364,359.685,362.12,2299915.064427
2026-08-19T14:00:00.000Z,362.19,362.27,358.59,358.785,1667164.8539100003
2026-08-19T14:15:00.000Z,358.82,359.9699,357.81,359.745,1482396.589888
2026-08-19T14:30:00.000Z,359.695,360.91,357.6101,360.175,1517482.2954580002
2026-08-19T14:45:00.000Z,360.21,362.2,359.275,361.775,891865.8558620001
2026-08-19T15:00:00.000Z,361.85,361.91,360.16,361.32,877123.692336
2026-08-19T15:15:00.000Z,361.31,362.76,361.275,362.44,1039869.625637
2026-08-19T15:30:00.000Z,362.44,363.3,362,362.93,757588.537701
2026-08-19T15:45:00.000Z,362.8329,363.33,361,363.24,652349.304758
2026-08-19T16:00:00.000Z,363.155,364.28,362.72,363.945,1012187.392917
2026-08-19T16:15:00.000Z,363.9,365.44,363.52,365.11,664486.5891170001
2026-08-19T16:30:00.000Z,365.11,365.35,364.15,364.375,497486.59881299996
2026-08-19T16:45:00.000Z,364.365,364.53,362.88,363.6,666869.198684
2026-08-19T17:00:00.000Z,363.61,365.19,363.41,364.49,494570.906659
2026-08-19T17:15:00.000Z,364.49,365.11,364.13,364.2701,470030.708822
2026-08-19T17:30:00.000Z,364.27,365.05,363.55,364.995,600122.538759
2026-08-19T17:45:00.000Z,364.995,365.07,363.65,363.755,438180.42842499993
2026-08-19T18:00:00.000Z,363.755,364.49,362.26,362.59,641337.3092799999
2026-08-19T18:15:00.000Z,362.62,363.65,362.03,363.4225,673523.3110470001
2026-08-19T18:30:00.000Z,363.415,365.54,363.415,365.19,644978.374445
2026-08-19T18:45:00.000Z,365.19,365.8,363.92,364.128,765131.6519719999
2026-08-19T19:00:00.000Z,364.12,365.3,363.88,364.96,630667.3175260001
2026-08-19T19:15:00.000Z,364.975,365.21,363.7506,363.855,695453.893832
2026-08-19T19:30:00.000Z,363.89,364.56,362.82,363.355,1595035.450068
2026-08-19T19:45:00.000Z,363.3,363.79,361.15,362.525,2825040.886239
2026-08-20T13:30:00.000Z,364.39,367.12,363.4,366.09,1551698.57205
2026-08-20T13:45:00.000Z,366.08,366.5,362.58,363.3,992647.08293
2026-08-20T14:00:00.000Z,363.34,365.159,362.2501,364.36,614690.0156499998
2026-08-20T14:15:00.000Z,364.27,366.2099,362.85,365.79,755440.351078
2026-08-20T14:30:00.000Z,365.74,366.75,365.33,366.3,495914.975766
2026-08-20T14:45:00.000Z,366.28,366.36,365.195,365.83,377212.41256
2026-08-20T15:00:00.000Z,365.95,366.48,363.8,364.57,446961.876359
2026-08-20T15:15:00.000Z,364.48,364.85,363.2,363.75,339179.275684
2026-08-20T15:30:00.000Z,363.75,363.9,363,363.38,301483.865367
2026-08-20T15:45:00.000Z,363.295,364.2,362.87,363.775,430257.74264
2026-08-20T16:00:00.000Z,363.74,364.14,363.22,363.5899,234862.451413
2026-08-20T16:15:00.000Z,363.58,364.4799,363.25,363.815,290923.152286
2026-08-20T16:30:00.000Z,363.76,364.58,362.75,363.8,382247.06520999986
2026-08-20T16:45:00.000Z,363.8,364.23,363.54,363.93,270717.181668
2026-08-20T17:00:00.000Z,363.92,363.95,362.7,363.0509,338102.020587
2026-08-20T17:15:00.000Z,363.12,363.36,362.72,363.06,315986.00116
2026-08-20T17:30:00.000Z,363.035,364.33,362.84,364.3,503275.83505399997
2026-08-20T17:45:00.000Z,364.255,365.5,364.1801,365.24,332069.520347
2026-08-20T18:00:00.000Z,365.2,366.145,364.82,365.045,436832.5960170001
2026-08-20T18:15:00.000Z,365.03,365.65,364.6005,365.36,273407.687815
2026-08-20T18:30:00.000Z,365.32,365.55,363.33,363.53,1372919.244211
2026-08-20T18:45:00.000Z,363.53,364.34,363.37,363.44,403127.676279
2026-08-20T19:00:00.000Z,363.46,364,363.22,363.62,586332.5485599999
2026-08-20T19:15:00.000Z,363.61,365.0908,363.59,364.565,437194.8723800001
2026-08-20T19:30:00.000Z,364.53,365.195,364.26,364.965,803342.019607
2026-08-20T19:45:00.000Z,364.96,364.975,362.5,364.2373,1758665.8618899998
2026-08-21T13:30:00.000Z,370.69,375.13,369.285,372.3,3270990.5810839995
2026-08-21T13:45:00.000Z,372.31,373.4,366.4,366.555,937732.0964810001
2026-08-21T14:00:00.000Z,366.61,367.83,365.24,366.795,731733.43735
2026-08-21T14:15:00.000Z,366.725,369.23,366.4953,368.38,664601.771023
2026-08-21T14:30:00.000Z,368.3754,369.03,367.74,368.2,414557.29602300003
2026-08-21T14:45:00.000Z,368.01,368.565,366.72,367.105,370213.108058
2026-08-21T15:00:00.000Z,367.15,368.23,366.66,367.81,436903.097865
2026-08-21T15:15:00.000Z,367.795,368.6,367.02,368.455,472928.37296500005
2026-08-21T15:30:00.000Z,368.47,369.52,368.2,368.82,404628.37416500004
2026-08-21T15:45:00.000Z,368.7805,368.96,368.02,368.13,263271.341791
2026-08-21T16:00:00.000Z,368.19,368.24,367.0201,367.29,261077.22577000002
2026-08-21T16:15:00.000Z,367.33,368.29,367.05,367.62,294635.19734799996
2026-08-21T16:30:00.000Z,367.5897,367.86,366.45,366.55,273787.937714
2026-08-21T16:45:00.000Z,366.59,366.62,365.8,366.36,291407.420909
2026-08-21T17:00:00.000Z,366.365,366.98,366.295,366.6,317211.33207900013
2026-08-21T17:15:00.000Z,366.555,366.615,365.05,365.645,292237.955448
2026-08-21T17:30:00.000Z,365.62,366.2217,365.31,366.005,311932.40963500005
2026-08-21T17:45:00.000Z,365.97,366.86,365.75,366.71,644824.5820529999
2026-08-21T18:00:00.000Z,366.74,367.11,366.28,366.29,331506.736984
2026-08-21T18:15:00.000Z,366.32,366.47,365.23,365.26,311467.546911
2026-08-21T18:30:00.000Z,365.26,366.19,365.08,366.15,282089.983828
2026-08-21T18:45:00.000Z,366.1797,367.11,366.05,366.875,327415.6340709999
2026-08-21T19:00:00.000Z,366.855,367.5612,366.77,367.4,226147.62963500002
2026-08-21T19:15:00.000Z,367.45,368,367.18,367.7325,295193.020798
2026-08-21T19:30:00.000Z,367.77,368.49,367.745,368.205,526987.3416149999
2026-08-21T19:45:00.000Z,368.205,368.97,366.55,368.45,1560869.234489
2026-08-24T13:30:00.000Z,364.965,366.17,360.57,361.65,1267775.162829
2026-08-24T13:45:00.000Z,361.66,363.97,361.2603,363.2025,751939.0206229999
2026-08-24T14:00:00.000Z,363.269,363.269,361.85,362.68,502654.313863
2026-08-24T14:15:00.000Z,362.6928,363.41,361.42,361.59,427390.49545099994
2026-08-24T14:30:00.000Z,361.54,363.2575,361.37,363.209,358597.585216
2026-08-24T14:45:00.000Z,363.15,363.74,361.415,361.44,421211.9187129999
2026-08-24T15:00:00.000Z,361.475,362.32,361.13,361.42,422717.366033
2026-08-24T15:15:00.000Z,361.42,362.4,361.11,362.17,384942.75643400004
2026-08-24T15:30:00.000Z,362.18,362.8599,361.15,361.6,1312294.884349
2026-08-24T15:45:00.000Z,361.6601,362.38,361.38,361.97,424931.568301
2026-08-24T16:00:00.000Z,361.97,363.16,361.52,363.1344,303047.64591099997
2026-08-24T16:15:00.000Z,363.1599,363.54,362.34,362.41,275184.286702
2026-08-24T16:30:00.000Z,362.35,362.52,361.12,361.4901,349636.60053500003
2026-08-24T16:45:00.000Z,361.52,361.52,360.5,360.7299,367088.425376
2026-08-24T17:00:00.000Z,360.6603,361.965,360.5413,361.87,319136.738087
2026-08-24T17:15:00.000Z,361.87,361.9,360.38,360.49,329152.87514099997
2026-08-24T17:30:00.000Z,360.49,361.19,360.33,360.735,254278.323455
2026-08-24T17:45:00.000Z,360.74,361.115,360.03,360.07,325930.56383700005
2026-08-24T18:00:00.000Z,360.09,361.23,359.54,361.11,536916.479408
2026-08-24T18:15:00.000Z,361.16,361.74,360.8389,361.61,309663.773601
2026-08-24T18:30:00.000Z,361.625,362.15,360.8501,361.151,358181.00341799995
2026-08-24T18:45:00.000Z,361.15,361.45,360.78,360.89,244758.69511100004
2026-08-24T19:00:00.000Z,360.84,361.27,360.61,360.9,322877.37041000003
2026-08-24T19:15:00.000Z,361,361.0999,360.445,360.45,324282.689124
2026-08-24T19:30:00.000Z,360.44,360.8,359.4,359.54,599079.452873
2026-08-24T19:45:00.000Z,359.54,360.03,358.71,358.765,1808016.9385000002
2026-08-25T13:30:00.000Z,361.1,362.99,359.33,360.195,1087212.7038480004
2026-08-25T13:45:00.000Z,360.205,361.69,359.03,359.46,751333.149394
2026-08-25T14:00:00.000Z,359.36,361.17,356.6,358.85,1246409.2924960002
2026-08-25T14:15:00.000Z,358.78,359.88,357.72,357.735,499825.26098900003
2026-08-25T14:30:00.000Z,357.71,359.32,356.09,358.76,684607.923504
2026-08-25T14:45:00.000Z,358.68,360.17,358.33,359.825,512755.462432
2026-08-25T15:00:00.000Z,359.825,360.12,358.79,359.69,433342.707641
2026-08-25T15:15:00.000Z,359.6201,360.79,359.54,360.715,507073.78434300004
2026-08-25T15:30:00.000Z,360.715,361.68,360.55,361.1,624226.420534
2026-08-25T15:45:00.000Z,361.045,361.1799,360.35,360.661,422455.75836399995
2026-08-25T16:00:00.000Z,360.61,361.42,359.5,359.82,377854.662493
2026-08-25T16:15:00.000Z,359.84,360.235,359.61,359.8701,356726.7772860001
2026-08-25T16:30:00.000Z,359.91,359.9223,358.16,358.595,393828.5221989999
2026-08-25T16:45:00.000Z,358.63,359.18,358.5,359.02,277099.14773
2026-08-25T17:00:00.000Z,359.0146,359.15,358.16,358.48,299836.72305699997
2026-08-25T17:15:00.000Z,358.5,358.54,357.3,357.3,306098.309788
2026-08-25T17:30:00.000Z,357.34,357.71,356.85,357.34,416744.54425700003
2026-08-25T17:45:00.000Z,357.37,357.43,356.75,357,443635.44701899996
2026-08-25T18:00:00.000Z,357.025,357.37,356.55,356.845,323981.23863399995
2026-08-25T18:15:00.000Z,356.87,357.06,355.85,355.98,459772.7970200001
2026-08-25T18:30:00.000Z,355.98,357.28,355.97,357.2129,514242.478921
2026-08-25T18:45:00.000Z,357.235,357.7,356.65,356.65,397465.053587
2026-08-25T19:00:00.000Z,356.64,357.15,355.65,355.73,509188.928509
2026-08-25T19:15:00.000Z,355.6974,356.44,355.31,356.39,566757.597034
2026-08-25T19:30:00.000Z,356.36,356.4,355.68,355.9,550202.999272
2026-08-25T19:45:00.000Z,355.925,356.94,355.53,356.69,1737928.565501
2026-08-26T13:30:00.000Z,357.12,359.4699,355.47,357.305,1311496.640336
2026-08-26T13:45:00.000Z,357.28,357.58,353.81,354.6325,1055593.8724890002
2026-08-26T14:00:00.000Z,354.59,354.73,351.9506,352.2673,927651.8106920002
2026-08-26T14:15:00.000Z,352.23,352.5299,350.7,351.58,983559.3770909999
2026-08-26T14:30:00.000Z,351.61,353.43,351.434,351.57,744294.0219719999
2026-08-26T14:45:00.000Z,351.6608,353.19,351.56,352.4999,522403.409486
2026-08-26T15:00:00.000Z,352.48,353.55,351.8701,352.16,640386.8035070001
2026-08-26T15:15:00.000Z,352.2012,352.2012,351.11,351.5278,535836.7994210001
2026-08-26T15:30:00.000Z,351.53,351.97,350.69,351.73,486473.18824399996
2026-08-26T15:45:00.000Z,351.73,352.5999,351.22,351.26,410571.910711
2026-08-26T16:00:00.000Z,351.265,351.51,350.47,350.51,481019.976442
2026-08-26T16:15:00.000Z,350.49,351.2,350.06,350.74,510353.688701
2026-08-26T16:30:00.000Z,350.66,350.9299,350.5,350.795,323393.96605000005
2026-08-26T16:45:00.000Z,350.7669,351.73,350.7669,351.5501,390527.069525
2026-08-26T17:00:00.000Z,351.66,352.41,351.42,352.2402,263872.631269
2026-08-26T17:15:00.000Z,352.3,352.8451,352.16,352.2408,493023.0465510001
2026-08-26T17:30:00.000Z,352.2,353.19,352.1501,352.84,332751.09434099996
2026-08-26T17:45:00.000Z,352.845,353.1793,352.54,352.8,283500.019966
2026-08-26T18:00:00.000Z,352.805,353.95,352.5305,353.52,610600.9753339998
2026-08-26T18:15:00.000Z,353.53,354.22,353.23,353.7,334810.04535000003
2026-08-26T18:30:00.000Z,353.74,354.59,353.65,354.195,296497.145692
2026-08-26T18:45:00.000Z,354.18,354.32,353.755,354.21,285135.47353699995
2026-08-26T19:00:00.000Z,354.21,354.8999,353.96,354.865,362249.42250800005
2026-08-26T19:15:00.000Z,354.87,355.0499,353.69,353.865,425052.955191
2026-08-26T19:30:00.000Z,353.86,353.89,353.0435,353.305,701985.7452609999
2026-08-26T19:45:00.000Z,353.35,356.31,353.345,355.881,1813453.6305200001
2026-08-27T13:30:00.000Z,361.79,366.6,360.61,366.27,2286433.448018
2026-08-27T13:45:00.000Z,366.27,367.29,362.66,365.09,1138503.062381
2026-08-27T14:00:00.000Z,364.985,367.55,364.37,366.96,804103.0262319997
2026-08-27T14:15:00.000Z,366.96,369.59,366.9,368.69,683508.9389420002
2026-08-27T14:30:00.000Z,368.72,368.75,366.23,367.08,563520.2116299999
2026-08-27T14:45:00.000Z,367.07,369.3,366.85,369.1,473975.782805
2026-08-27T15:00:00.000Z,369.17,369.59,368.07,368.3,486760.27232600003
2026-08-27T15:15:00.000Z,368.3,369.56,368.15,369.04,436825.18990899995
2026-08-27T15:30:00.000Z,369.05,369.37,367.19,367.23,436698.244023
2026-08-27T15:45:00.000Z,367.16,368.8,366.88,368.51,290303.88627200003
2026-08-27T16:00:00.000Z,368.51,369.75,367.84,368.245,501420.230212
2026-08-27T16:15:00.000Z,368.245,368.94,367.3901,368.7,313028.344504
2026-08-27T16:30:00.000Z,368.63,369.62,368.6,369.315,403258.2361569999
2026-08-27T16:45:00.000Z,369.315,369.92,369.18,369.75,320949.92944
2026-08-27T17:00:00.000Z,369.75,370.47,369.57,370.15,443505.597768
2026-08-27T17:15:00.000Z,370.2,370.25,368.64,368.89,242104.017057
2026-08-27T17:30:00.000Z,368.85,368.92,368.16,368.49,223776.42913099998
2026-08-27T17:45:00.000Z,368.485,368.66,367.51,367.74,243166.12740199998
2026-08-27T18:00:00.000Z,367.74,368.03,366.96,367.42,208673.803986
2026-08-27T18:15:00.000Z,367.42,367.7599,366.9,367.175,244034.050386
2026-08-27T18:30:00.000Z,367.18,368.6211,367.07,368.43,259764.184442
2026-08-27T18:45:00.000Z,368.38,368.97,368.31,368.81,263581.884151
2026-08-27T19:00:00.000Z,368.8,369.79,368.66,368.94,336200.46101499995
2026-08-27T19:15:00.000Z,368.99,369.35,368.71,368.855,558871.114516
2026-08-27T19:30:00.000Z,368.84,369.66,368.68,369.62,392200.54246300005
2026-08-27T19:45:00.000Z,369.59,371.72,368.75,371.56,1832048.823896
2026-08-28T13:30:00.000Z,373.6,376.59,372.31,375.13,1493366.876727
2026-08-28T13:45:00.000Z,375.18,375.39,373.04,373.39,590379.688868
2026-08-28T14:00:00.000Z,373.37,374.4,370.1901,370.86,649257.0169779999
2026-08-28T14:15:00.000Z,370.86,373.56,370.62,372.125,468136.58129099995
2026-08-28T14:30:00.000Z,372.17,373.27,371.54,372.49,527194.908192
2026-08-28T14:45:00.000Z,372.465,373.648,371.57,372.81,593461.332209
2026-08-28T15:00:00.000Z,372.85,373.7742,371.76,372.14,490290.397146
2026-08-28T15:15:00.000Z,372.18,373.9598,371.99,373.345,342519.846814
2026-08-28T15:30:00.000Z,373.31,374.09,370.92,371.29,340274.723363
2026-08-28T15:45:00.000Z,371.3,371.38,367.1917,367.28,518481.11573399993
2026-08-28T16:00:00.000Z,367.38,368.1999,366.03,367.1999,617759.120175
2026-08-28T16:15:00.000Z,367.035,367.13,365.7101,366.3,403522.0846840001
2026-08-28T16:30:00.000Z,366.22,366.84,365.54,366,301713.17294599995
2026-08-28T16:45:00.000Z,366.05,367.75,365.97,366.615,267118.56143400003
2026-08-28T17:00:00.000Z,366.53,366.6,365.3513,366.48,225117.53259200003
2026-08-28T17:15:00.000Z,366.43,366.95,365.76,366.365,178778.12633199996
2026-08-28T17:30:00.000Z,366.37,367.45,366.29,367.26,203807.44703199997
2026-08-28T17:45:00.000Z,367.265,368.6159,367.1,368.21,246502.335257
2026-08-28T18:00:00.000Z,368.26,368.5,367.71,368.075,289113.935251
2026-08-28T18:15:00.000Z,368.01,368.97,368.01,368.72,189273.918733
2026-08-28T18:30:00.000Z,368.66,368.9599,368.15,368.39,277712.652359
2026-08-28T18:45:00.000Z,368.36,368.5,366.77,367.13,359769.367031
2026-08-28T19:00:00.000Z,367.12,367.94,366.55,367.58,330886.397096
2026-08-28T19:15:00.000Z,367.52,368.88,367.325,368.7885,315664.895476
2026-08-28T19:30:00.000Z,368.75,369.185,368.05,368.58,364950.5615189999
2026-08-28T19:45:00.000Z,368.58,370,368.08,368.69,1343092.298798
2026-08-31T13:30:00.000Z,369.52,372.75,366.3,366.78,1543307.1116550001
2026-08-31T13:45:00.000Z,366.76,369.75,366.76,368.83,553674.017311
2026-08-31T14:00:00.000Z,368.765,369.39,367.99,368.9,397981.2800600001
2026-08-31T14:15:00.000Z,368.81,369.1917,367.53,367.875,414457.53377700003
2026-08-31T14:30:00.000Z,367.91,368.7405,367.53,368.55,349129.80430300004
2026-08-31T14:45:00.000Z,368.53,368.68,367.43,367.995,297821.03496799996
2026-08-31T15:00:00.000Z,367.985,368.415,366.86,367.09,404220.554734
2026-08-31T15:15:00.000Z,367.09,368.49,366.9,368.205,325417.483375
2026-08-31T15:30:00.000Z,368.21,368.64,367.85,368.575,304668.43417
2026-08-31T15:45:00.000Z,368.5564,368.87,368.19,368.39,358768.165445
2026-08-31T16:00:00.000Z,368.42,369.28,367.8006,368.94,313562.31432600005
2026-08-31T16:15:00.000Z,368.98,371.02,368.83,370.93,459342.26094199996
2026-08-31T16:30:00.000Z,370.9,371.04,369.57,370.18,405520.8411300001
2026-08-31T16:45:00.000Z,370.12,371.09,370.09,370.93,358281.9718119999
2026-08-31T17:00:00.000Z,370.86,370.915,369.3,369.435,292217.52129799995
2026-08-31T17:15:00.000Z,369.43,369.81,369.05,369.47,312801.56401400006
2026-08-31T17:30:00.000Z,369.47,370.2325,369.21,370.15,212372.44550499998
2026-08-31T17:45:00.000Z,370.2,370.69,369.91,370.23,229046.279941
2026-08-31T18:00:00.000Z,370.27,371.14,370.21,370.73,284577.28792399995
2026-08-31T18:15:00.000Z,370.7642,371.47,370.62,371.282,356577.296706
2026-08-31T18:30:00.000Z,371.26,371.92,369.8001,370.01,404925.05753900006
2026-08-31T18:45:00.000Z,370.03,370.2201,369.7667,369.81,292772.76025299996
2026-08-31T19:00:00.000Z,369.86,370.15,369.25,370.01,308102.227668
2026-08-31T19:15:00.000Z,370.01,370.19,369.3,369.3,339259.19416199997
2026-08-31T19:30:00.000Z,369.28,369.97,369.17,369.59,310818.88026400004
2026-08-31T19:45:00.000Z,369.59,371.42,369.23,370.82,1823235.4725610001
2026-09-01T13:30:00.000Z,364.25,365.1,362,363.26,1274129.355068
2026-09-01T13:45:00.000Z,363.3001,364.4,363.01,363.08,691362.054129
2026-09-01T14:00:00.000Z,363.085,365.99,362.3,365.22,934633.6983209999
2026-09-01T14:15:00.000Z,365.24,365.57,364,364.215,675745.661981
2026-09-01T14:30:00.000Z,364.19,366.24,364.16,366.23,580861.647635
2026-09-01T14:45:00.000Z,366.21,367.89,365.86,366.75,536723.789699
2026-09-01T15:00:00.000Z,366.75,367.2599,366.35,367.1,586890.6101490001
2026-09-01T15:15:00.000Z,367.06,368.99,366.95,368.89,473654.158956
2026-09-01T15:30:00.000Z,368.89,369.93,368.62,369.89,485239.84600400005
2026-09-01T15:45:00.000Z,369.89,370.42,368.48,368.68,458920.5552040001
2026-09-01T16:00:00.000Z,368.75,369.235,368.3,368.965,374433.888652
2026-09-01T16:15:00.000Z,368.965,369.55,368.44,368.755,601104.9675810001
2026-09-01T16:30:00.000Z,368.755,369.33,367.6796,368.51,441434.180635
2026-09-01T16:45:00.000Z,368.545,371.4,368.33,371.14,627820.787222
2026-09-01T17:00:00.000Z,371.14,371.18,369.08,370.15,549618.272796
2026-09-01T17:15:00.000Z,370.14,370.4,368.506,369.38,280930.457446
2026-09-01T17:30:00.000Z,369.39,369.64,368.81,368.94,200149.455574
2026-09-01T17:45:00.000Z,368.92,369.22,368.4,368.985,250909.402297
2026-09-01T18:00:00.000Z,368.985,369.21,368.41,368.51,208414.238165
2026-09-01T18:15:00.000Z,368.48,369.1968,368.25,368.42,237867.00209999998
2026-09-01T18:30:00.000Z,368.425,368.88,368.12,368.195,303502.33635399997
2026-09-01T18:45:00.000Z,368.08,369.09,367.78,368.92,401153.875677
2026-09-01T19:00:00.000Z,368.95,369.74,368.69,369.715,309253.026838
2026-09-01T19:15:00.000Z,369.715,370.33,369.5601,370.23,384331.075999
2026-09-01T19:30:00.000Z,370.2,370.25,369.15,369.83,400799.69072
2026-09-01T19:45:00.000Z,369.78,370,368.8,369.72,1327019.852181
2026-09-02T13:30:00.000Z,369.68,369.685,364.65,368.38,1677238.984413
2026-09-02T13:45:00.000Z,368.28,369.6,366.26,367.94,811140.085796
2026-09-02T14:00:00.000Z,367.94,369.0899,367.1,368.26,854408.032717
2026-09-02T14:15:00.000Z,368.38,370.05,368,369.932,728664.223793
2026-09-02T14:30:00.000Z,369.9254,370.39,368.31,369.37,665224.6343230001
2026-09-02T14:45:00.000Z,369.36,369.46,367.69,368.19,535411.138306
2026-09-02T15:00:00.000Z,368.205,370.36,367.815,369.905,636668.832861
2026-09-02T15:15:00.000Z,369.905,370.79,369.53,370.74,660619.0901779999
2026-09-02T15:30:00.000Z,370.73,371.09,370.15,370.95,565709.4840919999
2026-09-02T15:45:00.000Z,370.94,371,369.8,370.6,426980.24799099995
2026-09-02T16:00:00.000Z,370.62,370.7492,369.41,369.4791,398151.14471
2026-09-02T16:15:00.000Z,369.49,369.95,368.86,369.06,389358.13858800003
2026-09-02T16:30:00.000Z,369,369.76,368.62,368.775,363166.336436
2026-09-02T16:45:00.000Z,368.775,369.23,368.04,369.015,443051.56540599995
2026-09-02T17:00:00.000Z,369.0175,369.37,366.08,368.23,863150.128095
2026-09-02T17:15:00.000Z,368.21,369.19,367.87,369.19,489514.94677599997
2026-09-02T17:30:00.000Z,369.2,369.42,367.94,368.48,472197.16166100005
2026-09-02T17:45:00.000Z,368.48,368.7399,367.2,367.24,481680.80927599996
2026-09-02T18:00:00.000Z,367.24,368.95,366.7101,368.9005,701001.72211
2026-09-02T18:15:00.000Z,368.9,369.58,368.37,368.615,669606.122639
2026-09-02T18:30:00.000Z,368.615,368.88,368.01,368.485,599506.5780039999
2026-09-02T18:45:00.000Z,368.49,369.35,368.3545,369.055,652596.6798870001
2026-09-02T19:00:00.000Z,369.01,370.66,368.8,369.57,873148.435965
2026-09-02T19:15:00.000Z,369.6,369.7893,367.9047,367.99,840319.4957600001
2026-09-02T19:30:00.000Z,368,368.575,367.326,367.665,1254826.9643889999
2026-09-02T19:45:00.000Z,367.665,368.78,366.84,367.77,3459605.3109999998
2026-09-03T13:30:00.000Z,351.74,353.6499,345.57,346.245,7475195.378802999
2026-09-03T13:45:00.000Z,346.13,346.77,343.45,343.535,4283658.776379
2026-09-03T14:00:00.000Z,343.55,345.2,342.67,343.27,3308974.217074
2026-09-03T14:15:00.000Z,343.27,344.5799,342.88,343.935,2557750.4781750003
2026-09-03T14:30:00.000Z,343.9,344.43,342.44,343.5,2099113.953215
2026-09-03T14:45:00.000Z,343.485,345.98,342.3305,345.8,1888239.9722860001
2026-09-03T15:00:00.000Z,345.83,347.5399,344.82,347.3351,2520286.949614
2026-09-03T15:15:00.000Z,347.3694,349.2,346.8,349.11,2369118.659095
2026-09-03T15:30:00.000Z,349.11,351.15,347.8,350.28,1880518.1105999998
2026-09-03T15:45:00.000Z,350.31,352.5,349.9,351.785,1588109.360707
2026-09-03T16:00:00.000Z,351.82,353.18,351.58,351.925,1805311.190445
2026-09-03T16:15:00.000Z,351.95,353.96,351.52,353.3,1613397.6293700002
2026-09-03T16:30:00.000Z,353.26,356.4,352.17,355.96,1684147.3625779997
2026-09-03T16:45:00.000Z,355.9637,356.81,354.35,356.365,1479121.11669
2026-09-03T17:00:00.000Z,356.365,357.42,354.25,354.555,1510695.963994
2026-09-03T17:15:00.000Z,354.6,355.7099,353.95,354.46,1018790.5056589999
2026-09-03T17:30:00.000Z,354.46,354.96,354.1001,354.235,672572.0510350001
2026-09-03T17:45:00.000Z,354.2,354.76,352.3801,352.6711,1027506.9043769999
2026-09-03T18:00:00.000Z,352.725,355.72,352.51,355.56,1107879.0638599999
2026-09-03T18:15:00.000Z,355.56,356.69,354.7892,355.47,973378.877344
2026-09-03T18:30:00.000Z,355.4401,357.23,355.44,356.325,936166.7932619998
2026-09-03T18:45:00.000Z,356.28,357.555,355.98,357.09,1207430.38245
2026-09-03T19:00:00.000Z,357.09,358,356.35,357.06,1002493.8456190001
2026-09-03T19:15:00.000Z,357.065,359.13,356.8,358.2,1553765.9773740002
2026-09-03T19:30:00.000Z,358.19,359.26,358,358.395,2243304.5274320003
2026-09-03T19:45:00.000Z,358.395,359.4,355.4901,357.24,3053346.182961
2026-09-04T13:30:00.000Z,359.7,360.16,354.51,358.5,2692726.6731950003
2026-09-04T13:45:00.000Z,358.555,359.13,355.82,356.69,1913527.17365
2026-09-04T14:00:00.000Z,356.725,357.94,355,355.71,1491773.6646460001
2026-09-04T14:15:00.000Z,355.65,358.67,354.43,358.67,1451229.935447
2026-09-04T14:30:00.000Z,358.64,358.7216,354.74,355.45,1091570.94505
2026-09-04T14:45:00.000Z,355.49,357.56,355.41,356.3001,818929.6997940002
2026-09-04T15:00:00.000Z,356.345,358.14,355.5,357.405,834646.6984260001
2026-09-04T15:15:00.000Z,357.405,357.49,355.66,356.185,837883.0492610001
2026-09-04T15:30:00.000Z,356.185,357.87,354.66,356.9551,1129887.0868489998
2026-09-04T15:45:00.000Z,356.955,357.4299,355.8217,356.2,678395.871118
2026-09-04T16:00:00.000Z,356.145,356.9,355.71,355.96,482998.25732100004
2026-09-04T16:15:00.000Z,355.955,356.05,354.81,355.31,793270.4188640001
2026-09-04T16:30:00.000Z,355.31,355.5799,355.01,355.37,513538.313211
2026-09-04T16:45:00.000Z,355.39,356.56,355.32,356.31,610080.318018
2026-09-04T17:00:00.000Z,356.32,356.55,355.33,355.495,462966.09084599995
2026-09-04T17:15:00.000Z,355.5,355.645,354.65,354.74,590574.267649
2026-09-04T17:30:00.000Z,354.735,355.63,353.7,354.785,843130.459272
2026-09-04T17:45:00.000Z,354.77,354.92,354.25,354.9,463333.621207
2026-09-04T18:00:00.000Z,354.88,355.66,354.3,355.345,469883.002338
2026-09-04T18:15:00.000Z,355.35,356.4,355.2,355.93,1574860.990115
2026-09-04T18:30:00.000Z,355.91,357.56,355.77,357.4574,696602.9001259999
2026-09-04T18:45:00.000Z,357.45,357.6,356.02,356.17,1957018.244276
2026-09-04T19:00:00.000Z,356.1601,357.1,355.6,355.725,691523.882128
2026-09-04T19:15:00.000Z,355.77,356.47,355.67,356.23,421282.587328
2026-09-04T19:30:00.000Z,356.25,357.19,356,356.795,696988.5908699998
2026-09-04T19:45:00.000Z,356.76,358.46,356.75,357.87,2985652.520327
2026-09-08T13:30:00.000Z,363.675,370.63,362.74,364.8665,3870927.3483100003
2026-09-08T13:45:00.000Z,364.885,368.34,364.105,367.11,1353809.1673929999
2026-09-08T14:00:00.000Z,367.16,368.5995,366.31,367.45,1014225.916232
2026-09-08T14:15:00.000Z,367.5,370.84,367.5,369.577,1151815.717297
2026-09-08T14:30:00.000Z,369.585,369.6753,367.13,368.825,751664.005786
2026-09-08T14:45:00.000Z,368.85,371.9,367.94,371.125,978128.8359160001
2026-09-08T15:00:00.000Z,371.15,371.83,369.5,371.5902,879607.484205
2026-09-08T15:15:00.000Z,371.635,372.6999,371.26,371.645,895560.922075
2026-09-08T15:30:00.000Z,371.645,371.93,369.9,370.88,586011.721159
2026-09-08T15:45:00.000Z,370.88,370.89,368.88,369.4808,499245.801281
2026-09-08T16:00:00.000Z,369.51,370.1995,368.7,368.96,500218.34894199995
2026-09-08T16:15:00.000Z,368.93,368.99,367.33,367.71,486107.506132
2026-09-08T16:30:00.000Z,367.7137,367.73,365.65,365.66,556630.41293
2026-09-08T16:45:00.000Z,365.695,366.77,365.52,366.15,529724.392408
2026-09-08T17:00:00.000Z,366.15,367.18,366.13,367.12,409690.078795
2026-09-08T17:15:00.000Z,367.125,367.46,366.46,367.16,503045.97849899996
2026-09-08T17:30:00.000Z,367.16,367.68,366.82,367.09,433659.87977799994
2026-09-08T17:45:00.000Z,367.005,368.56,366.95,368.45,510739.2652600001
2026-09-08T18:00:00.000Z,368.45,369.4,368.22,368.805,429187.48428599996
2026-09-08T18:15:00.000Z,368.83,369.53,368.62,369.2775,462197.939816
2026-09-08T18:30:00.000Z,369.275,369.67,368.95,369.15,350576.29032699997
2026-09-08T18:45:00.000Z,369.19,369.56,368.07,368.98,439711.067443
2026-09-08T19:00:00.000Z,368.975,369.2131,368.2,369.16,396589.1144070001
2026-09-08T19:15:00.000Z,369.21,369.5,368.97,369.025,409594.67558000004
2026-09-08T19:30:00.000Z,369,369.0178,367.61,368.1432,555801.930315
2026-09-08T19:45:00.000Z,368.16,368.77,365.56,368.57,1689228.908571
2026-09-09T13:30:00.000Z,366.23,368.01,362.4069,362.665,1537130.7477580002
2026-09-09T13:45:00.000Z,362.665,363.0938,361.28,362.195,1019288.0552700001
2026-09-09T14:00:00.000Z,362.195,363.85,361.86,363.3168,979502.1914819999
2026-09-09T14:15:00.000Z,363.3,363.3,361.46,363.175,722270.9354160001
2026-09-09T14:30:00.000Z,363.175,363.91,362.58,363.72,512347.67574
2026-09-09T14:45:00.000Z,363.69,363.69,361.58,362.44,583841.1452060001
2026-09-09T15:00:00.000Z,362.62,362.92,360.49,360.9211,617571.088916
2026-09-09T15:15:00.000Z,360.9501,361.41,359.615,360.32,743976.73823
2026-09-09T15:30:00.000Z,360.35,361.59,360.34,361.28,480528.777119
2026-09-09T15:45:00.000Z,361.2606,362.23,360.5,360.98,481080.21067
2026-09-09T16:00:00.000Z,360.96,360.96,359.6,359.675,477718.758699
2026-09-09T16:15:00.000Z,359.6843,359.88,359.25,359.88,550096.0410290001
2026-09-09T16:30:00.000Z,359.89,361.43,359.69,361.305,571466.3959039999
2026-09-09T16:45:00.000Z,361.33,362.34,361.06,362.13,320558.2631590001
2026-09-09T17:00:00.000Z,362.13,363.39,362.05,363.165,421078.4843260001
2026-09-09T17:15:00.000Z,363.1201,364.16,363.05,364.05,564983.781253
2026-09-09T17:30:00.000Z,364,364.685,363.7,364.25,447481.03894000006
2026-09-09T17:45:00.000Z,364.27,364.69,364.2105,364.245,254872.30068699998
2026-09-09T18:00:00.000Z,364.22,365.35,364.16,364.23,363043.632208
2026-09-09T18:15:00.000Z,364.27,364.52,363.74,363.97,345553.40011000005
2026-09-09T18:30:00.000Z,363.975,363.98,363.45,363.565,398387.6217930001
2026-09-09T18:45:00.000Z,363.58,364,363.28,363.45,401459.82891800004
2026-09-09T19:00:00.000Z,363.48,364.2835,363.255,363.5572,1443437.9946249998
2026-09-09T19:15:00.000Z,363.54,363.96,363.345,363.82,419150.607201
2026-09-09T19:30:00.000Z,363.82,364.625,363.07,363.835,976611.2951389999
2026-09-09T19:45:00.000Z,363.835,364.5499,363.37,364.42,1787724.670158
2026-09-10T13:30:00.000Z,360.03,361.7,357.75,358.665,1214307.6940359997
2026-09-10T13:45:00.000Z,358.52,362.53,358.5,361.22,1099378.368556
2026-09-10T14:00:00.000Z,361.15,363.56,361.03,362.3179,634050.244254
2026-09-10T14:15:00.000Z,362.345,363.93,361.574,363.07,566510.210966
2026-09-10T14:30:00.000Z,363.04,364.58,363.04,363.35,484803.91536600003
2026-09-10T14:45:00.000Z,363.35,363.9,362.73,363.7,331515.844148
2026-09-10T15:00:00.000Z,363.77,365.27,363.16,364.995,410065.60596500005
2026-09-10T15:15:00.000Z,364.9501,365.19,364.195,364.46,360872.57823900005
2026-09-10T15:30:00.000Z,364.44,364.77,363.5788,364.6925,360476.63457500003
2026-09-10T15:45:00.000Z,364.71,364.77,363.266,364.28,371522.2199019999
2026-09-10T16:00:00.000Z,364.23,365.25,363.7,363.76,348078.96761800005
2026-09-10T16:15:00.000Z,363.81,364.15,363.31,363.455,266937.0180670001
2026-09-10T16:30:00.000Z,363.5,363.78,362.59,363.3,333364.26596
2026-09-10T16:45:00.000Z,363.25,363.82,363.13,363.565,212932.46692500004
2026-09-10T17:00:00.000Z,363.6199,364.62,363.315,364.245,250986.70845499999
2026-09-10T17:15:00.000Z,364.245,364.245,363.28,363.41,218561.175826
2026-09-10T17:30:00.000Z,363.4,363.4,362.3001,362.78,285292.254881
2026-09-10T17:45:00.000Z,362.73,362.99,362.43,362.63,216343.804596
2026-09-10T18:00:00.000Z,362.6,362.87,362.1257,362.43,263633.3424
2026-09-10T18:15:00.000Z,362.445,362.71,362.125,362.57,297835.92258600006
2026-09-10T18:30:00.000Z,362.55,362.63,362.12,362.24,294648.30701700004
2026-09-10T18:45:00.000Z,362.24,362.5,361.83,362.27,291501.56895
2026-09-10T19:00:00.000Z,362.26,362.46,361.65,361.7499,304863.20568899997
2026-09-10T19:15:00.000Z,361.7,362.21,361.25,362.2,350454.133431
2026-09-10T19:30:00.000Z,362.17,362.35,361.59,361.63,375939.1182849999
2026-09-10T19:45:00.000Z,361.63,361.99,360.41,360.655,1388824.070724
2026-09-11T13:30:00.000Z,364.85,366.16,362.61,365.85,1106828.195951
2026-09-11T13:45:00.000Z,365.7875,366.78,363.54,364.905,1152858.9143080001
2026-09-11T14:00:00.000Z,364.81,364.81,362.29,362.81,825020.2070800001
2026-09-11T14:15:00.000Z,362.88,366.48,362.81,365.55,619819.2734010001
2026-09-11T14:30:00.000Z,365.61,365.8,363.16,363.4,766808.7882940001
2026-09-11T14:45:00.000Z,363.43,364.2393,362.93,363.56,332121.861624
2026-09-11T15:00:00.000Z,363.51,364.39,363.225,364.26,304446.28692200006
2026-09-11T15:15:00.000Z,364.25,366.19,364.23,365.88,552238.362039
2026-09-11T15:30:00.000Z,365.86,366.2,365.15,365.6335,321607.340913
2026-09-11T15:45:00.000Z,365.63,365.63,364.6,365.03,249986.34966900002
2026-09-11T16:00:00.000Z,365.04,365.61,364.89,365.08,293559.4726989999
2026-09-11T16:15:00.000Z,365.1,365.16,364.595,364.735,253948.28308999998
2026-09-11T16:30:00.000Z,364.7,364.86,363.98,364.5134,312274.339078
2026-09-11T16:45:00.000Z,364.51,365.2,364.15,365.095,258441.102489
2026-09-11T17:00:00.000Z,365.095,365.56,364.9,365,259581.54548599996
2026-09-11T17:15:00.000Z,364.99,365.42,364.95,365.23,203668.99056499996
2026-09-11T17:30:00.000Z,365.26,365.39,364.5,365.065,260459.17160799998
2026-09-11T17:45:00.000Z,365.1,365.56,364.84,364.98,223868.98216200003
2026-09-11T18:00:00.000Z,364.96,365.4,364.74,365.135,527080.7754749999
2026-09-11T18:15:00.000Z,365.15,365.2399,364.76,364.93,228302.946992
2026-09-11T18:30:00.000Z,364.9,365.03,364.29,364.31,261277.459571
2026-09-11T18:45:00.000Z,364.36,364.69,363.68,364.43,318987.02498600003
2026-09-11T19:00:00.000Z,364.415,364.46,363.51,363.58,237059.316117
2026-09-11T19:15:00.000Z,363.57,363.82,363.19,363.25,296054.828337
2026-09-11T19:30:00.000Z,363.26,363.42,362.78,363.075,1045757.403942
2026-09-11T19:45:00.000Z,363.075,363.1,361.64,361.745,1367855.698752
2026-09-14T13:30:00.000Z,349.63,350.25,346.05,347.795,1946963.9555440003
2026-09-14T13:45:00.000Z,347.78,349.3,347.09,347.435,925208.676551
2026-09-14T14:00:00.000Z,347.43,348.5607,346.95,347.385,969568.7637830001
2026-09-14T14:15:00.000Z,347.43,347.556,345.7,345.95,1030956.9647370002
2026-09-14T14:30:00.000Z,345.9925,346.42,344.54,344.98,1186084.8290380002
2026-09-14T14:45:00.000Z,344.99,345.145,343.91,344.3799,994092.4231830001
2026-09-14T15:00:00.000Z,344.3,345.28,343.92,344.5029,821695.8263330001
2026-09-14T15:15:00.000Z,344.448,346.07,344.4,345.59,734313.8669150001
2026-09-14T15:30:00.000Z,345.52,348.17,345.5,347.88,832422.421642
2026-09-14T15:45:00.000Z,347.905,348.2999,346.72,346.95,499117.34987700003
2026-09-14T16:00:00.000Z,346.88,346.99,345.9,346.2133,461919.04163600004
2026-09-14T16:15:00.000Z,346.19,347.23,346.19,346.34,513593.438786
2026-09-14T16:30:00.000Z,346.335,346.845,345.86,346.83,426329.733204
2026-09-14T16:45:00.000Z,346.86,347.72,346.62,346.755,426601.11294699996
2026-09-14T17:00:00.000Z,346.72,347.21,346.62,346.8,369498.852068
2026-09-14T17:15:00.000Z,346.8,347.01,346.54,346.99,338879.56126499997
2026-09-14T17:30:00.000Z,346.975,346.99,346.31,346.35,788997.790197
2026-09-14T17:45:00.000Z,346.3107,346.59,346.11,346.2424,400699.06636699993
2026-09-14T18:00:00.000Z,346.235,346.7999,346.21,346.76,325362.420836
2026-09-14T18:15:00.000Z,346.75,346.92,345.76,345.97,370419.44137099996
2026-09-14T18:30:00.000Z,345.965,346.35,345.93,346.2199,383981.60313100007
2026-09-14T18:45:00.000Z,346.19,346.62,345.9601,346.44,395385.1201860001
2026-09-14T19:00:00.000Z,346.43,346.5,345.8,345.9,445254.83007799997
2026-09-14T19:15:00.000Z,345.95,345.95,345.13,345.37,508074.2320939999
2026-09-14T19:30:00.000Z,345.39,345.65,344.26,344.615,941296.6276920001
2026-09-14T19:45:00.000Z,344.615,345.28,344.34,344.82,2335539.148811
2026-09-15T13:30:00.000Z,346.04,347.2599,344.371,345.9999,1225091.540301
2026-09-15T13:45:00.000Z,345.945,346.06,343.57,344.1225,761979.6594259999
2026-09-15T14:00:00.000Z,344.08,345.24,342.685,342.875,1042567.9339950002
2026-09-15T14:15:00.000Z,342.87,343.05,342.06,342.345,789747.798765
2026-09-15T14:30:00.000Z,342.3699,342.73,341.6,342.045,742178.273947
2026-09-15T14:45:00.000Z,342.045,342.72,340.81,341.11,828505.9009
2026-09-15T15:00:00.000Z,341.15,342.91,340.96,341.87,953404.999092
2026-09-15T15:15:00.000Z,341.865,342.01,341.05,341.215,532533.699363
2026-09-15T15:30:00.000Z,341.215,341.28,339.82,340.15,1070762.0399890002
2026-09-15T15:45:00.000Z,340.1808,340.26,339.19,339.63,705630.0597539999
2026-09-15T16:00:00.000Z,339.655,340.19,339.2,339.46,508164.93354500004
2026-09-15T16:15:00.000Z,339.45,340.2999,339.275,339.96,537743.4974809999
2026-09-15T16:30:00.000Z,339.96,340,339.05,339.29,616476.8363349999
2026-09-15T16:45:00.000Z,339.25,339.73,338.7,338.81,879267.7388119998
2026-09-15T17:00:00.000Z,338.82,338.82,338.071,338.1596,635649.971844
2026-09-15T17:15:00.000Z,338.14,338.43,338.01,338.225,499332.8443589999
2026-09-15T17:30:00.000Z,338.225,339.01,337.9,338.085,617267.295892
2026-09-15T17:45:00.000Z,338.085,339.1099,338,338.95,436030.0165519999
2026-09-15T18:00:00.000Z,338.95,339.47,338.71,339.18,435416.308094
2026-09-15T18:15:00.000Z,339.19,340.28,338.8301,340.2,357525.71870200004
2026-09-15T18:30:00.000Z,340.19,340.19,339.61,340.02,349418.037162
2026-09-15T18:45:00.000Z,340.005,340.48,339.82,340.28,585392.355995
2026-09-15T19:00:00.000Z,340.28,340.42,339.81,339.875,346609.00132
2026-09-15T19:15:00.000Z,339.875,340.06,339.435,339.815,388628.49897700007
2026-09-15T19:30:00.000Z,339.815,339.88,339.42,339.45,471395.278995
2026-09-15T19:45:00.000Z,339.45,340.1,338.65,339.25,1690816.710651
2026-09-16T13:30:00.000Z,342.365,343.25,339.25,340.04,1622327.370107
2026-09-16T13:45:00.000Z,340.04,343,339.81,342.8201,989141.3468699998
2026-09-16T14:00:00.000Z,342.88,343,341.63,342.42,808209.929177
2026-09-16T14:15:00.000Z,342.425,342.74,341.53,342.1787,615506.38795
2026-09-16T14:30:00.000Z,342.08,342.26,341.65,342.25,407657.78500699997
2026-09-16T14:45:00.000Z,342.225,342.66,341.8,342.635,391828.695815
2026-09-16T15:00:00.000Z,342.66,344.15,342.03,342.955,583059.817669
2026-09-16T15:15:00.000Z,342.95,343.28,342.14,342.22,489553.547619
2026-09-16T15:30:00.000Z,342.24,342.84,341.845,342.25,357779.360139
2026-09-16T15:45:00.000Z,342.23,343.08,342.08,342.29,310291.66551600007
2026-09-16T16:00:00.000Z,342.296,342.4,341.45,342.06,321133.8145430001
2026-09-16T16:15:00.000Z,342.065,342.2999,341.47,341.675,231387.883173
2026-09-16T16:30:00.000Z,341.675,341.8198,341.18,341.37,438635.67357600003
2026-09-16T16:45:00.000Z,341.3792,341.73,341.02,341.13,294626.177917
2026-09-16T17:00:00.000Z,341.1317,341.36,340.8601,341.06,374160.271467
2026-09-16T17:15:00.000Z,341.0801,341.14,339.4,339.825,447781.78607000003
2026-09-16T17:30:00.000Z,339.88,340.4,339.5,339.635,363874.606359
2026-09-16T17:45:00.000Z,339.635,341.43,339.635,341.43,431066.1450559999
2026-09-16T18:00:00.000Z,341.374,341.91,339.85,340.82,825946.486928
2026-09-16T18:15:00.000Z,340.88,340.88,339.56,340.3,443013.63381800003
2026-09-16T18:30:00.000Z,340.3,340.44,337.72,339.5027,744176.526821
2026-09-16T18:45:00.000Z,339.55,339.79,336.82,337.085,686408.1644609999
2026-09-16T19:00:00.000Z,337.17,337.9306,335.8147,336.27,743927.0456259999
2026-09-16T19:15:00.000Z,336.29,336.77,335.843,336.745,568853.9042509999
2026-09-16T19:30:00.000Z,336.72,338.88,336.6,338.64,724480.4672909998
2026-09-16T19:45:00.000Z,338.595,339.65,338.27,339.65,1340897.8649910002
2026-09-17T13:30:00.000Z,346.615,348.855,345.31,347.77,1826504.117148
2026-09-17T13:45:00.000Z,347.835,349.53,347.2027,347.92,1248191.828741
2026-09-17T14:00:00.000Z,347.905,349.58,347.545,349.44,681106.981127
2026-09-17T14:15:00.000Z,349.47,349.94,348.87,349.65,738442.249966
2026-09-17T14:30:00.000Z,349.65,350.29,348.71,349.11,687349.127024
2026-09-17T14:45:00.000Z,349.1399,349.78,348.4305,349.2,581627.979145
2026-09-17T15:00:00.000Z,349.2,350.35,349.02,350.345,566047.583846
2026-09-17T15:15:00.000Z,350.34,350.715,349.62,350.4901,632649.195288
2026-09-17T15:30:00.000Z,350.505,350.94,349.54,349.66,419984.85075499996
2026-09-17T15:45:00.000Z,349.69,349.82,349,349.1331,333161.31801999995
2026-09-17T16:00:00.000Z,349.17,349.29,348.2,348.3,406492.448215
2026-09-17T16:15:00.000Z,348.34,348.35,347.9,348.12,335124.40505099995
2026-09-17T16:30:00.000Z,348.1,348.99,347.85,348.9476,323594.019874
2026-09-17T16:45:00.000Z,348.965,349.325,348.68,349.1,312289.648169
2026-09-17T17:00:00.000Z,349.06,349.64,348.76,349.01,305556.0215169999
2026-09-17T17:15:00.000Z,349.025,349.2,348.65,348.78,254521.42485299995
2026-09-17T17:30:00.000Z,348.83,349.445,348.45,349.292,299210.174572
2026-09-17T17:45:00.000Z,349.29,349.53,348.71,349,271109.730821
2026-09-17T18:00:00.000Z,349.02,349.225,348.79,348.87,231385.75580200003
2026-09-17T18:15:00.000Z,348.905,348.91,348.5,348.54,212037.337146
2026-09-17T18:30:00.000Z,348.54,348.75,348,348.09,277964.888094
2026-09-17T18:45:00.000Z,348.1,348.2699,347.9001,348.07,383912.340004
2026-09-17T19:00:00.000Z,348.045,348.95,347.95,348.605,520275.375996
2026-09-17T19:15:00.000Z,348.605,348.79,348.06,348.17,429488.62282000005
2026-09-17T19:30:00.000Z,348.16,348.75,348.01,348.735,495830.776913
2026-09-17T19:45:00.000Z,348.735,349.11,347.22,347.28,1724409.2156739999
2026-09-18T13:30:00.000Z,352.08,361.36,351.33,361.13,5724551.477859999
2026-09-18T13:45:00.000Z,361.08,363.2817,358.85,359.37,1989738.3883170001
2026-09-18T14:00:00.000Z,359.36,361.75,358.3,360.735,1439199.7527320003
2026-09-18T14:15:00.000Z,360.735,360.94,358.66,358.745,809964.3555449999
2026-09-18T14:30:00.000Z,358.745,358.99,357.9,358.17,959297.644571
2026-09-18T14:45:00.000Z,358.1622,359.48,357.2516,357.6599,541838.889685
2026-09-18T15:00:00.000Z,357.625,358.31,357.08,357.395,424718.226697
2026-09-18T15:15:00.000Z,357.4302,357.7,357,357.3,426891.835837
2026-09-18T15:30:00.000Z,357.37,357.59,355.23,355.505,482865.821011
2026-09-18T15:45:00.000Z,355.52,356.4,355.02,355.08,434842.926717
2026-09-18T16:00:00.000Z,355.08,355.72,354.92,355.63,329495.219799
2026-09-18T16:15:00.000Z,355.6,355.92,354.2901,354.65,314054.16957800003
2026-09-18T16:30:00.000Z,354.695,354.9,353.93,353.995,310944.78969099995
2026-09-18T16:45:00.000Z,353.995,354.4499,353.74,354.04,408581.436138
2026-09-18T17:00:00.000Z,354.05,354.93,353.8,354.535,404639.056508
2026-09-18T17:15:00.000Z,354.535,354.8,354.2901,354.335,222755.76348300002
2026-09-18T17:30:00.000Z,354.38,354.66,353.87,354.58,843647.228516
2026-09-18T17:45:00.000Z,354.575,354.79,354.0292,354.635,330264.65915699996
2026-09-18T18:00:00.000Z,354.6,354.67,353.7,353.8492,326113.97389699996
2026-09-18T18:15:00.000Z,353.88,354.32,353.805,354.28,255840.81309300003
2026-09-18T18:30:00.000Z,354.26,354.28,353.56,354.1572,275859.270693
2026-09-18T18:45:00.000Z,354.1501,355.1,354.14,354.83,399298.02758700005
2026-09-18T19:00:00.000Z,354.835,355.78,354.835,355.245,380642.744211
2026-09-18T19:15:00.000Z,355.245,355.89,355.13,355.45,372716.1062719999
2026-09-18T19:30:00.000Z,355.4313,356,355.26,355.8601,439640.711468
2026-09-18T19:45:00.000Z,355.88,358.07,355.84,357.44,2568241.726583
