Date,Open,High,Low,Close,Volume
2025-09-22T13:30:00.000Z,947.375,949.9999,943.32,944.5,254897
2025-09-22T14:00:00.000Z,944.6402,946.47,943.49,944.44,185631
2025-09-22T14:30:00.000Z,944.82,945.3199,943.02,943.29,149214
2025-09-22T15:00:00.000Z,943.44,945.02,941.805,942.805,151399
2025-09-22T15:30:00.000Z,942.78,944.31,941.1,941.56,126225
2025-09-22T16:00:00.000Z,942,942.2999,939.61,940.98,154414
2025-09-22T16:30:00.000Z,940.92,941.35,940.01,941.015,89989
2025-09-22T17:00:00.000Z,941.24,941.95,940.5,941.8365,115258
2025-09-22T17:30:00.000Z,941.95,942.25,940.81,941.065,93766
2025-09-22T18:00:00.000Z,941.1955,942.9016,940.72,942.645,111411
2025-09-22T18:30:00.000Z,942.98,943.7999,941.27,941.555,89651
2025-09-22T19:00:00.000Z,941.5833,943.62,941.5833,942.565,99744
2025-09-22T19:30:00.000Z,942.66,943.81,941.63,943.12,307080
2025-09-23T13:30:00.000Z,942.76,942.76,935.85,937.6187,312490
2025-09-23T14:00:00.000Z,937,938.59,933.8954,935.69,236511
2025-09-23T14:30:00.000Z,935.69,938.075,934.915,936.495,136596
2025-09-23T15:00:00.000Z,936.48,938.28,935.61,936.33,91772
2025-09-23T15:30:00.000Z,935.88,936.12,933.63,934.17,123273
2025-09-23T16:00:00.000Z,934.03,938.08,933.5,937.685,104419
2025-09-23T16:30:00.000Z,937.455,939.3,937.27,938.5,90804
2025-09-23T17:00:00.000Z,938.405,941.58,938.375,940.3225,101837
2025-09-23T17:30:00.000Z,940,944.75,939.5,942.8,117670
2025-09-23T18:00:00.000Z,942.68,944.81,941.8301,944.3661,78390
2025-09-23T18:30:00.000Z,944.02,944.84,942.49,943.335,89956
2025-09-23T19:00:00.000Z,943.335,944.99,942.9254,943.53,110271
2025-09-23T19:30:00.000Z,943.74,944.82,942.79,943.95,326220
2025-09-24T13:30:00.000Z,944.275,953.55,944,950.4,333049
2025-09-24T14:00:00.000Z,949.53,953.6599,949.53,951.33,182727
2025-09-24T14:30:00.000Z,951.44,952.86,950.26,951.39,90813
2025-09-24T15:00:00.000Z,951.57,951.57,948.28,948.28,139656
2025-09-24T15:30:00.000Z,948.02,949.4999,946.02,948.28,92152
2025-09-24T16:00:00.000Z,948.1,950.5,946.435,946.695,91202
2025-09-24T16:30:00.000Z,946.49,947.1853,944.705,945.335,81193
2025-09-24T17:00:00.000Z,945.335,948.1509,944.085,947.52,60985
2025-09-24T17:30:00.000Z,947.985,947.985,944.275,944.83,74520
2025-09-24T18:00:00.000Z,944.43,945.13,943.11,943.13,81489
2025-09-24T18:30:00.000Z,943.3918,944.9999,943.29,944.59,79528
2025-09-24T19:00:00.000Z,944.535,945.96,943.33,945.92,110440
2025-09-24T19:30:00.000Z,946.075,946.53,943.4301,945.03,243828
2025-09-25T13:30:00.000Z,952.45,953,943.74,943.96,268592
2025-09-25T14:00:00.000Z,943.625,946.29,941.65,942.03,174009
2025-09-25T14:30:00.000Z,941.8033,942.14,938,939.565,189032
2025-09-25T15:00:00.000Z,939.565,941.4999,936.4,936.71,183435
2025-09-25T15:30:00.000Z,936.6,938,935.6201,935.9499,136891
2025-09-25T16:00:00.000Z,935.9521,938.6899,935.9521,937.534,90631
2025-09-25T16:30:00.000Z,937.59,939.8499,937.59,938.86,82847
2025-09-25T17:00:00.000Z,938.9807,941.0742,938.83,939.83,116185
2025-09-25T17:30:00.000Z,939.58,940.49,938.48,938.64,132046
2025-09-25T18:00:00.000Z,938.49,940.5,938.39,940.19,107207
2025-09-25T18:30:00.000Z,940.19,940.3499,939.08,940.2131,100564
2025-09-25T19:00:00.000Z,940.2082,941.6099,939.23,941.44,157808
2025-09-25T19:30:00.000Z,941.44,943.7899,940.875,942.85,410285
2025-09-26T13:30:00.000Z,925.55,926.6299,905.0501,916.315,1115388
2025-09-26T14:00:00.000Z,916,921,914.2701,918.17,416139
2025-09-26T14:30:00.000Z,918.9499,924.7,917.37,924.31,300848
2025-09-26T15:00:00.000Z,924,927.63,919.29,926.915,244263
2025-09-26T15:30:00.000Z,926.7,927.2059,922.12,924.42,173140
2025-09-26T16:00:00.000Z,924.31,926.64,923.5001,926,156409
2025-09-26T16:30:00.000Z,926.12,926.85,918.88,918.88,195741
2025-09-26T17:00:00.000Z,919,920.3999,917.86,919.4,186341
2025-09-26T17:30:00.000Z,919.4,919.7,917.18,917.55,146023
2025-09-26T18:00:00.000Z,917.53,919.29,916.32,916.5,160140
2025-09-26T18:30:00.000Z,916.4778,919.2,916.4201,918.62,154092
2025-09-26T19:00:00.000Z,918.765,920.5793,917.5001,919.575,176975
2025-09-26T19:30:00.000Z,919.55,920.18,915.39,915.66,622175
2025-09-29T13:30:00.000Z,916.34,917,908.89,912.93,475237
2025-09-29T14:00:00.000Z,913.09,913.86,910.14,910.48,218615
2025-09-29T14:30:00.000Z,910.1,910.99,907.55,909.74,264998
2025-09-29T15:00:00.000Z,909.74,910.23,907.7113,908,169558
2025-09-29T15:30:00.000Z,907.8,908.31,906.6801,908.04,243942
2025-09-29T16:00:00.000Z,907.825,909.205,904.45,904.931,238150
2025-09-29T16:30:00.000Z,904.95,906.0999,903.29,906.0999,184953
2025-09-29T17:00:00.000Z,905.79,908.3,905.1001,906.305,167856
2025-09-29T17:30:00.000Z,906.25,909.24,905.8501,908.35,117725
2025-09-29T18:00:00.000Z,908.53,911.1686,908.2901,909.545,151586
2025-09-29T18:30:00.000Z,909.76,912.665,909.45,912.52,126729
2025-09-29T19:00:00.000Z,912.36,914.85,912.215,914.11,264987
2025-09-29T19:30:00.000Z,914.13,917.22,913.43,916.89,474287
2025-09-30T13:30:00.000Z,916.25,920.56,913.37,915.71,268541
2025-09-30T14:00:00.000Z,915.71,918.69,915.06,918.405,153476
2025-09-30T14:30:00.000Z,918.45,921,916.01,918.44,157189
2025-09-30T15:00:00.000Z,918.39,923.88,918.39,923.44,194512
2025-09-30T15:30:00.000Z,923.32,924.28,921.63,924.24,120032
2025-09-30T16:00:00.000Z,924.25,926.47,922.41,923.46,122738
2025-09-30T16:30:00.000Z,923.5,926.5,923.155,925.48,343549
2025-09-30T17:00:00.000Z,925.63,927.3147,924.8101,925.2,102804
2025-09-30T17:30:00.000Z,925.18,927.6,925.0271,926.2001,79339
2025-09-30T18:00:00.000Z,926.2063,928.5499,926.0201,927.2815,91799
2025-09-30T18:30:00.000Z,926.865,930.4261,926.865,929.15,101957
2025-09-30T19:00:00.000Z,929.15,930.505,929.15,929.72,137946
2025-09-30T19:30:00.000Z,929.72,930.2,924.6501,925.52,499151
2025-10-01T13:30:00.000Z,923,924,912.0987,912.56,344280
2025-10-01T14:00:00.000Z,912.12,915.9499,911.66,912.74,176937
2025-10-01T14:30:00.000Z,913.25,916.35,911.88,915.01,191493
2025-10-01T15:00:00.000Z,914.905,918.47,914.64,915.5459,126830
2025-10-01T15:30:00.000Z,915.38,915.62,912.2,912.21,230623
2025-10-01T16:00:00.000Z,912.45,914,911.17,913.34,187115
2025-10-01T16:30:00.000Z,913.7224,914.05,912.2601,913.68,100594
2025-10-01T17:00:00.000Z,913.68,913.69,911.68,913.17,82439
2025-10-01T17:30:00.000Z,913.2,916,912.38,915.7964,109327
2025-10-01T18:00:00.000Z,915.92,917.03,915.0001,916.66,100090
2025-10-01T18:30:00.000Z,916.5692,917.77,916.47,917.09,90333
2025-10-01T19:00:00.000Z,917.4,918.87,917.28,918.21,107862
2025-10-01T19:30:00.000Z,918.08,918.65,916.31,917.13,353013
2025-10-02T13:30:00.000Z,912.56,916,910.88,912.36,244358
2025-10-02T14:00:00.000Z,912.08,912.95,910.01,911.3801,190294
2025-10-02T14:30:00.000Z,911.575,913.19,911.01,912.73,119239
2025-10-02T15:00:00.000Z,912.62,916.5,912.31,914.74,152954
2025-10-02T15:30:00.000Z,914.7,916,914.11,915.7706,90362
2025-10-02T16:00:00.000Z,915.64,917.17,914.6,914.925,76004
2025-10-02T16:30:00.000Z,915.12,915.42,914.1001,914.89,57016
2025-10-02T17:00:00.000Z,914.885,915.28,914.21,915.1999,58122
2025-10-02T17:30:00.000Z,915.2,915.9493,915.135,915.47,63380
2025-10-02T18:00:00.000Z,915.3318,916.75,915.14,916.3328,73859
2025-10-02T18:30:00.000Z,916.47,918.21,916.47,917.885,82730
2025-10-02T19:00:00.000Z,917.8751,918.25,916.01,916.1635,114939
2025-10-02T19:30:00.000Z,916.25,918.51,915.35,916.78,252796
2025-10-03T13:30:00.000Z,915.59,918.1,914,915.01,286374
2025-10-03T14:00:00.000Z,915.35,915.405,911.66,911.765,312417
2025-10-03T14:30:00.000Z,911.56,914.23,911.31,913.56,113144
2025-10-03T15:00:00.000Z,913.33,914.27,911.2,912.335,111836
2025-10-03T15:30:00.000Z,912.36,914.66,912.115,914.5,90448
2025-10-03T16:00:00.000Z,914.28,916.53,913.58,914.49,103511
2025-10-03T16:30:00.000Z,914.49,916.2,914.08,915.35,81873
2025-10-03T17:00:00.000Z,915.135,915.835,914.2501,914.425,93696
2025-10-03T17:30:00.000Z,914.425,918.101,914.19,917.15,121432
2025-10-03T18:00:00.000Z,916.785,917.27,915.27,915.62,119676
2025-10-03T18:30:00.000Z,915.865,916.37,915.41,915.65,62343
2025-10-03T19:00:00.000Z,915.65,916.13,914.9035,916.13,82011
2025-10-03T19:30:00.000Z,915.99,916.14,914.98,915.21,298860
2025-10-06T13:30:00.000Z,915.5,915.7799,904.251,908.5,381395
2025-10-06T14:00:00.000Z,909,911.67,908.0301,910.49,179308
2025-10-06T14:30:00.000Z,910.4,910.88,906.85,907.925,145661
2025-10-06T15:00:00.000Z,907.7298,909,904.92,905.855,190637
2025-10-06T15:30:00.000Z,905.8382,906.55,905.21,906.35,135397
2025-10-06T16:00:00.000Z,906.31,907.71,906.09,906.785,101248
2025-10-06T16:30:00.000Z,906.79,907.85,906.0301,907.13,93272
2025-10-06T17:00:00.000Z,907.23,907.46,906.6691,907.355,95332
2025-10-06T17:30:00.000Z,907.295,908.15,906.52,907.68,120111
2025-10-06T18:00:00.000Z,907.69,908.31,907.1602,907.38,98788
2025-10-06T18:30:00.000Z,907.435,907.8,906.69,907.4,127930
2025-10-06T19:00:00.000Z,907.395,907.65,907.1501,907.43,119589
2025-10-06T19:30:00.000Z,907.46,911.52,907.03,910.93,352296
2025-10-07T13:30:00.000Z,908.73,911,903.88,904.9928,305591
2025-10-07T14:00:00.000Z,904.94,908.7799,904.94,908.27,164129
2025-10-07T14:30:00.000Z,908.275,911.68,908.1375,911.38,139790
2025-10-07T15:00:00.000Z,911.1688,916.4707,911,913.91,186127
2025-10-07T15:30:00.000Z,914.335,916.85,914.335,915.23,221120
2025-10-07T16:00:00.000Z,915.01,917.64,912.88,916.952,108968
2025-10-07T16:30:00.000Z,917,917,913.46,914.405,90961
2025-10-07T17:00:00.000Z,914.405,914.5135,912.2801,912.5,98170
2025-10-07T17:30:00.000Z,912.785,913.46,912.0501,912.76,61439
2025-10-07T18:00:00.000Z,912.77,912.77,910.73,911.8,89115
2025-10-07T18:30:00.000Z,911.55,912.62,911.2,911.81,73530
2025-10-07T19:00:00.000Z,911.815,912.5065,911.17,912.265,75613
2025-10-07T19:30:00.000Z,912.265,915.1,912.265,914.76,248535
2025-10-08T13:30:00.000Z,912.535,914.8699,910.96,912.83,236707
2025-10-08T14:00:00.000Z,912.9,916.3795,912.49,913.66,192043
2025-10-08T14:30:00.000Z,913.5319,914.78,912.45,914.03,99245
2025-10-08T15:00:00.000Z,913.83,915.61,913.36,915.055,104674
2025-10-08T15:30:00.000Z,915.287,916.3,914.5599,915.52,91555
2025-10-08T16:00:00.000Z,915.458,915.458,913.67,914.2,69647
2025-10-08T16:30:00.000Z,914.32,914.4,911.7101,912.565,87713
2025-10-08T17:00:00.000Z,912.32,913.4,911.55,912.4482,53016
2025-10-08T17:30:00.000Z,912.41,913.88,911.94,913.435,70795
2025-10-08T18:00:00.000Z,913.16,914,912.9317,913.37,65304
2025-10-08T18:30:00.000Z,913.4276,913.47,912.135,912.7,64558
2025-10-08T19:00:00.000Z,912.84,913.55,912.53,912.915,63558
2025-10-08T19:30:00.000Z,913,914.97,912.5101,914.8,333642
2025-10-09T13:30:00.000Z,932.31,940.45,927.2801,933.63,747373
2025-10-09T14:00:00.000Z,933.7778,940.7099,932.775,939.515,317259
2025-10-09T14:30:00.000Z,939.51,943.7699,939.3113,941.8,308081
2025-10-09T15:00:00.000Z,941.53,942.77,938.0753,940.66,230757
2025-10-09T15:30:00.000Z,940.72,940.72,936.2,937.365,128933
2025-10-09T16:00:00.000Z,937.56,940.92,936.53,940.345,114616
2025-10-09T16:30:00.000Z,940.36,942.9437,940.05,942.4,129036
2025-10-09T17:00:00.000Z,942.3,942.78,938.9101,940.8,143646
2025-10-09T17:30:00.000Z,940.85,941.06,937.01,937.025,134355
2025-10-09T18:00:00.000Z,937.465,937.47,934.0037,936.04,145012
2025-10-09T18:30:00.000Z,936.23,936.87,934.74,936.87,120543
2025-10-09T19:00:00.000Z,936.82,940.14,935,938.65,207025
2025-10-09T19:30:00.000Z,938.94,943,938.44,942.89,473870
2025-10-10T13:30:00.000Z,944.42,945.45,936,938.995,308573
2025-10-10T14:00:00.000Z,939,940.098,934.74,938.78,176617
2025-10-10T14:30:00.000Z,939.23,940.63,936.25,937.805,159671
2025-10-10T15:00:00.000Z,937.645,943.25,936.03,939.96,290192
2025-10-10T15:30:00.000Z,939.87,942.72,932.31,934.79,236097
2025-10-10T16:00:00.000Z,934.51,935.5702,932.55,934,89534
2025-10-10T16:30:00.000Z,934.005,935.9699,933.57,935.58,91893
2025-10-10T17:00:00.000Z,935,936.71,934.2191,935.88,115161
2025-10-10T17:30:00.000Z,935.79,936.66,932.55,935.41,93030
2025-10-10T18:00:00.000Z,935.65,937.62,934.95,935.91,127530
2025-10-10T18:30:00.000Z,935.77,935.77,932.7235,933.375,69640
2025-10-10T19:00:00.000Z,933.32,935.0299,932.6501,933.655,138944
2025-10-10T19:30:00.000Z,933.7,935.79,929,929.93,590990
2025-10-13T13:30:00.000Z,929,931.77,925.25,926.934,256401
2025-10-13T14:00:00.000Z,927.04,930,923,927.77,166215
2025-10-13T14:30:00.000Z,927.8,930.59,927.13,930.075,90454
2025-10-13T15:00:00.000Z,930.4,932,928.7361,931.1,113105
2025-10-13T15:30:00.000Z,931.8,933.29,930.6,930.6,100957
2025-10-13T16:00:00.000Z,930.55,930.9,929.21,929.645,71103
2025-10-13T16:30:00.000Z,929.1,930.0847,927.95,928.85,75666
2025-10-13T17:00:00.000Z,928.84,932.79,927.81,932.6888,80818
2025-10-13T17:30:00.000Z,932.593,933.485,930.51,931.48,61830
2025-10-13T18:00:00.000Z,931.39,933.77,931.39,933.54,68158
2025-10-13T18:30:00.000Z,933.93,934.49,933.0001,934.33,284555
2025-10-13T19:00:00.000Z,934.5,935.39,932.45,935.17,75470
2025-10-13T19:30:00.000Z,935.1,935.98,933.09,935.49,335515
2025-10-14T13:30:00.000Z,940.26,942.205,935.9501,937.71,195662
2025-10-14T14:00:00.000Z,937.7,943.75,937.2325,939.0001,180387
2025-10-14T14:30:00.000Z,940.87,944.02,939.51,942.62,108362
2025-10-14T15:00:00.000Z,941.7901,943.125,938.18,938.53,75530
2025-10-14T15:30:00.000Z,938.87,939.1,937.4601,938.515,50668
2025-10-14T16:00:00.000Z,938.61,942.65,937.991,942.415,60477
2025-10-14T16:30:00.000Z,942.141,944.13,941.17,943.6125,69671
2025-10-14T17:00:00.000Z,943.5,944.0046,942.07,942.105,71163
2025-10-14T17:30:00.000Z,942.47,943.63,941.855,942.275,46295
2025-10-14T18:00:00.000Z,942.65,944.91,942.49,944.638,84775
2025-10-14T18:30:00.000Z,944.61,945.45,944.35,944.9255,102420
2025-10-14T19:00:00.000Z,945.44,947.42,944.1801,945.1,146636
2025-10-14T19:30:00.000Z,945.05,947.07,943.64,946.51,283382
2025-10-15T13:30:00.000Z,946,962.495,945.2601,960.57,312632
2025-10-15T14:00:00.000Z,960.67,962.13,959.38,960.5,167966
2025-10-15T14:30:00.000Z,960.59,964,960.5,961.44,168873
2025-10-15T15:00:00.000Z,961.85,963.7603,961.39,961.39,83682
2025-10-15T15:30:00.000Z,961.5878,962,957.19,957.54,97770
2025-10-15T16:00:00.000Z,957.75,959.1999,956,958.575,92771
2025-10-15T16:30:00.000Z,958.6125,960.09,958.33,958.4269,81865
2025-10-15T17:00:00.000Z,958.28,959.58,953.981,955.36,100680
2025-10-15T17:30:00.000Z,954.98,958.6157,954.97,958.52,70719
2025-10-15T18:00:00.000Z,958.4,960.4899,957.81,958.17,91090
2025-10-15T18:30:00.000Z,957.91,958.4,956.11,956.21,51602
2025-10-15T19:00:00.000Z,956.04,956.2,954.2301,954.62,73119
2025-10-15T19:30:00.000Z,954.48,955.34,953.28,955.26,214497
2025-10-16T13:30:00.000Z,955.54,957.9,944,946.95,199800
2025-10-16T14:00:00.000Z,946.54,946.71,939.28,940.5,197309
2025-10-16T14:30:00.000Z,940.5,942.99,938.5,940.7525,177541
2025-10-16T15:00:00.000Z,941.415,941.96,938,938.975,134178
2025-10-16T15:30:00.000Z,938.08,938.19,929.14,930.255,204478
2025-10-16T16:00:00.000Z,930.58,932.86,928.45,928.73,142615
2025-10-16T16:30:00.000Z,928.42,930.005,925.25,929.853,122727
2025-10-16T17:00:00.000Z,929.85,930.15,926.27,926.795,108798
2025-10-16T17:30:00.000Z,926.8,928.3625,924.7,924.7,128632
2025-10-16T18:00:00.000Z,924.51,924.885,921.16,923.38,111027
2025-10-16T18:30:00.000Z,923.435,924.79,921.4,924.61,124553
2025-10-16T19:00:00.000Z,924.5,924.685,922.77,923.84,117450
2025-10-16T19:30:00.000Z,923.73,926.3,922.67,925.56,399857
2025-10-17T13:30:00.000Z,929.58,934.8347,928.59,932.4901,274456
2025-10-17T14:00:00.000Z,932.49,937.8,930.6301,936.11,205243
2025-10-17T14:30:00.000Z,936.1,937.36,934.8125,936.21,73538
2025-10-17T15:00:00.000Z,936.47,938.8194,934.78,935.685,99652
2025-10-17T15:30:00.000Z,935.38,937.82,934.88,937.445,153378
2025-10-17T16:00:00.000Z,937.48,938.4999,936.7601,937.64,78981
2025-10-17T16:30:00.000Z,937.9,938.16,934.35,934.67,113458
2025-10-17T17:00:00.000Z,934.33,934.5599,929.395,930.05,180127
2025-10-17T17:30:00.000Z,929.89,931.3192,928.15,930.41,72941
2025-10-17T18:00:00.000Z,930.515,935.94,930.33,935.534,76977
2025-10-17T18:30:00.000Z,935.69,936.5,935.4,935.52,86173
2025-10-17T19:00:00.000Z,935.63,936.35,933.7601,934.1,68712
2025-10-17T19:30:00.000Z,934.395,937.02,932.5001,936.11,299580
2025-10-20T13:30:00.000Z,936.185,939.8,935.42,936.82,128577
2025-10-20T14:00:00.000Z,936.88,936.985,933.715,936.28,114081
2025-10-20T14:30:00.000Z,936.51,938.25,935.54,935.54,57773
2025-10-20T15:00:00.000Z,935.915,936.06,931.775,933.498,71185
2025-10-20T15:30:00.000Z,933.68,935.3,933.5001,934.555,56341
2025-10-20T16:00:00.000Z,934.21,934.69,932.77,932.77,63473
2025-10-20T16:30:00.000Z,932.795,935.51,932.345,935.045,57297
2025-10-20T17:00:00.000Z,935.07,935.31,933.28,933.3,38287
2025-10-20T17:30:00.000Z,933.685,933.8467,932.71,933.5905,44762
2025-10-20T18:00:00.000Z,933.81,934.7217,933.5,934.7217,35684
2025-10-20T18:30:00.000Z,934.7735,935.21,933.29,933.7708,43785
2025-10-20T19:00:00.000Z,933.6,934.32,932.82,934.32,63234
2025-10-20T19:30:00.000Z,934.0604,936.49,931.5,936.11,252677
2025-10-21T13:30:00.000Z,936.11,942.63,935,942.37,155457
2025-10-21T14:00:00.000Z,942.3,943.37,940.03,942.7238,86439
2025-10-21T14:30:00.000Z,942.6224,943.01,940.7,941.02,53492
2025-10-21T15:00:00.000Z,940.965,942.5,939,940.12,56827
2025-10-21T15:30:00.000Z,940.3869,941,939.28,939.28,32128
2025-10-21T16:00:00.000Z,939.465,940.415,937.56,937.56,46420
2025-10-21T16:30:00.000Z,937.61,939.275,937.03,938.41,53696
2025-10-21T17:00:00.000Z,938.16,938.38,935.2901,936.36,45402
2025-10-21T17:30:00.000Z,936.4,936.97,935.43,936.9395,38356
2025-10-21T18:00:00.000Z,936.915,938.1,936.14,937.83,45316
2025-10-21T18:30:00.000Z,937.94,938.4,936.91,937.805,38778
2025-10-21T19:00:00.000Z,937.668,938.66,937.43,938.06,41165
2025-10-21T19:30:00.000Z,938.065,938.35,936.78,937.14,158206
2025-10-22T13:30:00.000Z,940,940.22,932.5,935.795,93668
2025-10-22T14:00:00.000Z,935.54,944.99,935.22,944.63,127188
2025-10-22T14:30:00.000Z,944.928,948.3087,943.64,946.8499,141079
2025-10-22T15:00:00.000Z,946.4,952.9999,946.4,949.49,181926
2025-10-22T15:30:00.000Z,949.86,952.67,949.29,951.91,122126
2025-10-22T16:00:00.000Z,951.9,951.969,947.4301,949,69756
2025-10-22T16:30:00.000Z,949.39,950.3899,945.6571,948.78,86054
2025-10-22T17:00:00.000Z,948.55,949.54,947.54,948.14,57195
2025-10-22T17:30:00.000Z,948.445,950,947.72,949.33,59262
2025-10-22T18:00:00.000Z,949.95,950.0985,947.3,947.52,49634
2025-10-22T18:30:00.000Z,947.66,947.66,944.42,945.01,59347
2025-10-22T19:00:00.000Z,944.92,946.985,944.13,946.25,68697
2025-10-22T19:30:00.000Z,946.25,946.755,943.53,944.5,156703
2025-10-23T13:30:00.000Z,945.47,945.47,938.11,939.2699,136361
2025-10-23T14:00:00.000Z,938.685,941.97,937.3101,939.46,85129
2025-10-23T14:30:00.000Z,939.525,939.5368,937.58,938.8,67100
2025-10-23T15:00:00.000Z,938.83,939.94,937,939.93,50667
2025-10-23T15:30:00.000Z,939.35,939.74,935.53,935.9,68017
2025-10-23T16:00:00.000Z,935.9898,937,934.49,936.905,49679
2025-10-23T16:30:00.000Z,936.82,938.26,935.98,937.645,42638
2025-10-23T17:00:00.000Z,937.675,939.4699,937.595,938.73,44185
2025-10-23T17:30:00.000Z,938.66,940.2,938.57,939.62,38207
2025-10-23T18:00:00.000Z,939.46,941.41,939.1801,941.02,54893
2025-10-23T18:30:00.000Z,940.82,941.75,940,941.16,45296
2025-10-23T19:00:00.000Z,941.355,942.67,940.93,942.455,51100
2025-10-23T19:30:00.000Z,942.45,943,940.675,942.29,149712
2025-10-24T13:30:00.000Z,940,943,936.45,937.125,221420
2025-10-24T14:00:00.000Z,937.43,939.61,937.253,939.2675,87046
2025-10-24T14:30:00.000Z,939.14,940.15,936.65,936.65,78817
2025-10-24T15:00:00.000Z,936.5,938.305,935.65,937.205,77797
2025-10-24T15:30:00.000Z,936.73,938.1,935.01,936.44,84702
2025-10-24T16:00:00.000Z,936.78,936.78,935.11,935.85,54506
2025-10-24T16:30:00.000Z,935.905,936.13,933.66,935.529,69279
2025-10-24T17:00:00.000Z,935.5893,936.25,935.2913,935.515,47290
2025-10-24T17:30:00.000Z,935.29,935.72,933.66,933.8,65110
2025-10-24T18:00:00.000Z,933.68,933.87,932.518,933.32,58740
2025-10-24T18:30:00.000Z,933.36,933.52,932,932.25,115255
2025-10-24T19:00:00.000Z,932.15,932.665,931.31,931.6,97600
2025-10-24T19:30:00.000Z,931.5,932.93,930.15,932,257972
2025-10-27T13:30:00.000Z,930.21,933.2,926.7851,928.81,248531
2025-10-27T14:00:00.000Z,928.58,930.7199,927.11,927.555,102188
2025-10-27T14:30:00.000Z,927.555,928.12,925.91,926.915,105192
2025-10-27T15:00:00.000Z,926.92,928.55,925.1201,927.8116,113199
2025-10-27T15:30:00.000Z,927.82,928.56,927,927.0001,57566
2025-10-27T16:00:00.000Z,927.4762,930.2999,927.4762,929.425,78404
2025-10-27T16:30:00.000Z,929.61,930.025,928.33,929.03,53364
2025-10-27T17:00:00.000Z,929.325,929.6712,928,928.1519,46871
2025-10-27T17:30:00.000Z,928.1301,928.46,926.82,927.48,70752
2025-10-27T18:00:00.000Z,927.405,928.2,926.59,928.02,52432
2025-10-27T18:30:00.000Z,928.06,928.9303,927,927.29,65002
2025-10-27T19:00:00.000Z,927.31,928.3615,926.81,928.19,91094
2025-10-27T19:30:00.000Z,928,930.43,926.5,930,308744
2025-10-28T13:30:00.000Z,926.87,930.72,924.5,928.55,186390
2025-10-28T14:00:00.000Z,928.5,930,926,926.655,154669
2025-10-28T14:30:00.000Z,926.99,929.11,924.95,928.56,121047
2025-10-28T15:00:00.000Z,928.555,929.05,926.2433,926.2433,57475
2025-10-28T15:30:00.000Z,926.5456,927.8,924.79,926.935,116866
2025-10-28T16:00:00.000Z,927.405,928,925.5,926.6447,59031
2025-10-28T16:30:00.000Z,926.49,927.01,925.53,925.795,63970
2025-10-28T17:00:00.000Z,925.61,925.95,923.75,925.6,72032
2025-10-28T17:30:00.000Z,925.8,925.9,920.2,922.48,116489
2025-10-28T18:00:00.000Z,922.49,923.92,921.62,922.4362,102278
2025-10-28T18:30:00.000Z,922.31,922.7988,921.242,922.06,68568
2025-10-28T19:00:00.000Z,922.03,923.33,921.365,922.99,105019
2025-10-28T19:30:00.000Z,922.89,924.71,922.27,923.96,239823
2025-10-29T13:30:00.000Z,919,919.47,914.5,918.2427,234191
2025-10-29T14:00:00.000Z,917.4549,919.88,915.31,915.31,122557
2025-10-29T14:30:00.000Z,915.38,916.15,913.43,913.64,160325
2025-10-29T15:00:00.000Z,913.68,914,912.3601,913.025,124687
2025-10-29T15:30:00.000Z,913.19,914.06,911.6,912.4925,147785
2025-10-29T16:00:00.000Z,912.385,917,912.35,914.745,119081
2025-10-29T16:30:00.000Z,915.36,915.36,914.0904,914.81,77168
2025-10-29T17:00:00.000Z,915.215,915.45,913.68,914.845,70665
2025-10-29T17:30:00.000Z,914.84,915.09,913.85,914.6299,69517
2025-10-29T18:00:00.000Z,914.31,914.57,912.5,912.5933,98325
2025-10-29T18:30:00.000Z,912.64,912.65,910.11,911.12,210414
2025-10-29T19:00:00.000Z,910.975,911.595,909.3,910.49,204541
2025-10-29T19:30:00.000Z,910.402,912.69,909.5301,912.57,283557
2025-10-30T13:30:00.000Z,912.69,918.0541,910.37,911.21,206638
2025-10-30T14:00:00.000Z,911.21,914.59,911.21,913.33,142439
2025-10-30T14:30:00.000Z,913.385,915.15,912.8,914.61,139450
2025-10-30T15:00:00.000Z,914.88,916.71,914.51,915.33,116295
2025-10-30T15:30:00.000Z,915.07,919.41,914.43,917.7299,169196
2025-10-30T16:00:00.000Z,917.5492,918.2499,916.8,917.26,102780
2025-10-30T16:30:00.000Z,917.39,918.1,916.4501,917.88,97846
2025-10-30T17:00:00.000Z,917.64,919.5,917.5601,917.6801,139162
2025-10-30T17:30:00.000Z,918.22,918.7,917.43,918.32,77439
2025-10-30T18:00:00.000Z,918.66,921,918.4458,921,117202
2025-10-30T18:30:00.000Z,920.8,921.8,919.82,920.9204,99035
2025-10-30T19:00:00.000Z,921.085,921.97,919.931,921.16,132786
2025-10-30T19:30:00.000Z,921.16,923,918.59,920.13,480839
2025-10-31T13:30:00.000Z,916.21,916.21,910.9111,914.925,208653
2025-10-31T14:00:00.000Z,914.915,917.009,914.5601,916.7,110674
2025-10-31T14:30:00.000Z,916.76,920,916.11,917.63,92834
2025-10-31T15:00:00.000Z,918.23,919.29,917.42,918.675,58033
2025-10-31T15:30:00.000Z,918.83,919.1,915.455,917.56,97726
2025-10-31T16:00:00.000Z,917.49,918.06,915.25,916.42,61901
2025-10-31T16:30:00.000Z,916.9172,917.71,913.24,914.27,62219
2025-10-31T17:00:00.000Z,914.6633,915.14,913.2684,913.2684,59958
2025-10-31T17:30:00.000Z,913.08,913.8,911.4201,911.7,80200
2025-10-31T18:00:00.000Z,911.975,913.67,910.75,910.81,95996
2025-10-31T18:30:00.000Z,910.8568,912,909.68,911.4501,131402
2025-10-31T19:00:00.000Z,911.77,913.695,910.97,913.695,75864
2025-10-31T19:30:00.000Z,913.7452,916.2399,911.3,911.45,356746
2025-11-03T14:30:00.000Z,912.4,913,908.38,911.7,296620
2025-11-03T15:00:00.000Z,911.59,915.39,911.4001,914.607,174299
2025-11-03T15:30:00.000Z,914.361,919.2599,913.18,917.76,196728
2025-11-03T16:00:00.000Z,917.76,917.76,913.8,915.1191,129763
2025-11-03T16:30:00.000Z,915.147,916.21,914.405,914.94,129058
2025-11-03T17:00:00.000Z,915.3,916.015,913.76,914.615,105389
2025-11-03T17:30:00.000Z,914.68,916.2517,914.4,915.98,85186
2025-11-03T18:00:00.000Z,916.125,920.22,915.77,918.7,126446
2025-11-03T18:30:00.000Z,918.89,923.88,918.7101,923.625,131560
2025-11-03T19:00:00.000Z,923.625,925.88,922.98,923.27,174159
2025-11-03T19:30:00.000Z,922.64,927.13,922.64,925.905,125989
2025-11-03T20:00:00.000Z,926.02,928.29,925.56,927.96,152972
2025-11-03T20:30:00.000Z,927.95,929.1899,926.1732,928.28,321413
2025-11-04T14:30:00.000Z,933.21,937.65,928.965,931.29,349086
2025-11-04T15:00:00.000Z,931.52,936.25,931.17,932.07,189131
2025-11-04T15:30:00.000Z,931.73,933.51,930.98,931.18,98459
2025-11-04T16:00:00.000Z,931.4348,934.14,930.95,932.24,76299
2025-11-04T16:30:00.000Z,932.35,934.5,931.6001,934.1869,80989
2025-11-04T17:00:00.000Z,934.36,937.86,934,935.17,174654
2025-11-04T17:30:00.000Z,935.115,935.57,933.63,935.2775,83689
2025-11-04T18:00:00.000Z,935.09,936.67,934.98,935.895,77282
2025-11-04T18:30:00.000Z,935.7333,937.51,934.9,936.0488,94901
2025-11-04T19:00:00.000Z,936.0075,938.0899,935.93,937.23,102404
2025-11-04T19:30:00.000Z,937.23,938.755,936.7,937.65,131557
2025-11-04T20:00:00.000Z,937.79,940.59,937.65,940.38,156594
2025-11-04T20:30:00.000Z,940.3,941.17,937.04,940.91,375142
2025-11-05T14:30:00.000Z,940,942.99,934.75,937.31,204188
2025-11-05T15:00:00.000Z,937.3075,939.48,932.145,934.095,195382
2025-11-05T15:30:00.000Z,933.94,935.06,930.2,930.78,185190
2025-11-05T16:00:00.000Z,930.78,934.0899,927.44,934.0899,158903
2025-11-05T16:30:00.000Z,934.08,941.61,933.21,941.205,104047
2025-11-05T17:00:00.000Z,941.5799,943.83,940.429,941.8,115379
2025-11-05T17:30:00.000Z,941.82,945.28,941.72,943.45,122304
2025-11-05T18:00:00.000Z,943.56,943.84,940.92,940.93,69331
2025-11-05T18:30:00.000Z,940.92,941.94,940.08,941.845,70373
2025-11-05T19:00:00.000Z,941.86,943.56,940.0067,941.185,66597
2025-11-05T19:30:00.000Z,941.14,941.51,937.564,938.62,73429
2025-11-05T20:00:00.000Z,938.78,940.33,938.34,940.05,70891
2025-11-05T20:30:00.000Z,940.05,940.53,934.15,934.97,292025
2025-11-06T14:30:00.000Z,924.36,924.93,910.3,912.63,429570
2025-11-06T15:00:00.000Z,912.98,914.8,908.3,912.1517,277562
2025-11-06T15:30:00.000Z,912.02,919.04,911.07,918.61,327648
2025-11-06T16:00:00.000Z,918.62,919.1599,912.45,913.8699,122930
2025-11-06T16:30:00.000Z,913.6,915.7699,912.56,915.0048,112868
2025-11-06T17:00:00.000Z,914.93,919.14,913.0901,918.9892,132409
2025-11-06T17:30:00.000Z,918.81,918.98,915,918.29,95015
2025-11-06T18:00:00.000Z,918.275,920.79,917.92,919.59,120638
2025-11-06T18:30:00.000Z,919.67,922.23,919.5,922.115,80968
2025-11-06T19:00:00.000Z,922.12,923.31,920.08,920.75,64726
2025-11-06T19:30:00.000Z,920.76,921.9499,920.175,921.435,66028
2025-11-06T20:00:00.000Z,921.435,923.26,920.97,922.055,92034
2025-11-06T20:30:00.000Z,922.15,925,919.36,923.84,626224
2025-11-07T14:30:00.000Z,929.53,935.46,926,933.81,261023
2025-11-07T15:00:00.000Z,933.4,937,928.19,929.93,194023
2025-11-07T15:30:00.000Z,929.82,930.9632,927.36,928.515,111752
2025-11-07T16:00:00.000Z,928.4526,931.34,926.05,927.17,105204
2025-11-07T16:30:00.000Z,926.925,931.49,926.45,930.34,95101
2025-11-07T17:00:00.000Z,930.0373,930.0436,924.745,924.925,90885
2025-11-07T17:30:00.000Z,925,925.545,923.4897,924.8025,78128
2025-11-07T18:00:00.000Z,924.8725,925.2499,921.33,921.615,93623
2025-11-07T18:30:00.000Z,921.45,926.82,921.38,925.555,120306
2025-11-07T19:00:00.000Z,925.38,927.58,925.13,926.37,73518
2025-11-07T19:30:00.000Z,926.63,928.2,925.4056,926.27,92120
2025-11-07T20:00:00.000Z,926.3,926.5,923.6,924.82,104663
2025-11-07T20:30:00.000Z,924.92,925.25,920.79,922.53,294483
2025-11-10T14:30:00.000Z,919,922,912,914.7482,321837
2025-11-10T15:00:00.000Z,914.635,914.9999,910.28,910.985,251219
2025-11-10T15:30:00.000Z,910.985,914.72,909.68,912.4,201309
2025-11-10T16:00:00.000Z,912.57,913.48,910.37,910.7296,106902
2025-11-10T16:30:00.000Z,910.87,911.18,909.42,910.73,106426
2025-11-10T17:00:00.000Z,910.73,911,909.07,909.5,94311
2025-11-10T17:30:00.000Z,909.615,913.1975,909.43,912.97,82098
2025-11-10T18:00:00.000Z,912.93,913.79,912.18,912.7905,70138
2025-11-10T18:30:00.000Z,912.99,915.25,912.8,915.07,77702
2025-11-10T19:00:00.000Z,915.09,915.58,913.75,914.3,67655
2025-11-10T19:30:00.000Z,914.0001,914.95,914,914.515,68488
2025-11-10T20:00:00.000Z,914.515,916.22,914.4,915.53,125001
2025-11-10T20:30:00.000Z,915.435,916.98,915.08,915.43,274539
2025-11-11T14:30:00.000Z,916.5,918.89,914.6,914.61,105167
2025-11-11T15:00:00.000Z,914.635,918.2523,913.01,917,87523
2025-11-11T15:30:00.000Z,916.86,917.65,914.89,915.07,66924
2025-11-11T16:00:00.000Z,915.23,918.6,915.23,917.23,69444
2025-11-11T16:30:00.000Z,917.275,918.21,916.61,917.28,104869
2025-11-11T17:00:00.000Z,917.335,917.61,916.02,916.59,39787
2025-11-11T17:30:00.000Z,916.68,917.61,915.9,916.4001,62245
2025-11-11T18:00:00.000Z,916.53,917.13,916.005,916.335,51139
2025-11-11T18:30:00.000Z,916.24,916.58,914.3,915.96,78569
2025-11-11T19:00:00.000Z,915.83,916.31,914.5001,915.59,57919
2025-11-11T19:30:00.000Z,915.64,915.86,914.435,915.3,49649
2025-11-11T20:00:00.000Z,915.36,916.22,914.78,915.19,72243
2025-11-11T20:30:00.000Z,915.18,915.3034,913,914.24,319502
2025-11-12T14:30:00.000Z,915.465,918.1,911.67,915.1,166112
2025-11-12T15:00:00.000Z,914.95,915.5108,912.2,912.69,100595
2025-11-12T15:30:00.000Z,912.53,915.16,911.75,914.93,71009
2025-11-12T16:00:00.000Z,915.0484,917.17,914.11,915.2925,86411
2025-11-12T16:30:00.000Z,915.21,916,913.56,915.56,61045
2025-11-12T17:00:00.000Z,915.81,916.35,914.25,914.545,57919
2025-11-12T17:30:00.000Z,914.5,915.6991,914.03,914.3,58687
2025-11-12T18:00:00.000Z,914.575,915.25,913.29,913.73,60097
2025-11-12T18:30:00.000Z,913.78,914.45,913.18,913.7249,47594
2025-11-12T19:00:00.000Z,913.61,914.45,913.34,914.19,62492
2025-11-12T19:30:00.000Z,914.19,914.25,913.16,913.32,40554
2025-11-12T20:00:00.000Z,913.41,914.37,913.365,914.07,70635
2025-11-12T20:30:00.000Z,914.17,915.5,913.7,913.7,381779
2025-11-13T14:30:00.000Z,916.35,916.35,911.72,915.805,173739
2025-11-13T15:00:00.000Z,915.66,920.33,915.03,919.56,188468
2025-11-13T15:30:00.000Z,919.625,922.94,919.5397,921.5,142168
2025-11-13T16:00:00.000Z,921.295,923.53,920,921.45,102374
2025-11-13T16:30:00.000Z,921.15,922.3599,919.7201,921.0925,98320
2025-11-13T17:00:00.000Z,921.07,921.729,917,918.84,74859
2025-11-13T17:30:00.000Z,919.09,920.48,919.09,919.45,58209
2025-11-13T18:00:00.000Z,919.54,921.96,919.07,921.82,68642
2025-11-13T18:30:00.000Z,921.725,923.9799,920.7801,922.1665,122357
2025-11-13T19:00:00.000Z,922.11,923.45,920.11,920.36,85258
2025-11-13T19:30:00.000Z,920.27,924.17,919.59,923.78,258256
2025-11-13T20:00:00.000Z,923.8138,926.75,923.43,925.99,111261
2025-11-13T20:30:00.000Z,926.0244,926.5,924.2,925.49,284000
2025-11-14T14:30:00.000Z,927.125,928.89,915.1,916.99,310784
2025-11-14T15:00:00.000Z,916.92,921.98,916.5,920.89,125752
2025-11-14T15:30:00.000Z,920.88,922.42,918.83,920.85,110705
2025-11-14T16:00:00.000Z,920.6,920.91,917.33,919.03,86222
2025-11-14T16:30:00.000Z,919.1,922,918.6,921.5359,61769
2025-11-14T17:00:00.000Z,921.59,922.71,920.47,922.514,58740
2025-11-14T17:30:00.000Z,922.47,925.885,922.35,924.65,65518
2025-11-14T18:00:00.000Z,924.75,925.7999,923.765,925.27,56344
2025-11-14T18:30:00.000Z,925.17,925.48,923.8101,925.3376,57112
2025-11-14T19:00:00.000Z,925.5,927.14,924.4901,926.04,73255
2025-11-14T19:30:00.000Z,926.045,927.8,925.58,926.49,66669
2025-11-14T20:00:00.000Z,926.3061,927.47,923.61,923.98,74793
2025-11-14T20:30:00.000Z,923.8875,925.24,922.265,923.165,217167
2025-11-17T14:30:00.000Z,922.02,924.9,916.68,918.805,177708
2025-11-17T15:00:00.000Z,918.805,921.12,917.31,918.47,119825
2025-11-17T15:30:00.000Z,918.53,919.1,916.3,916.35,64381
2025-11-17T16:00:00.000Z,916.18,916.18,911.14,911.32,187511
2025-11-17T16:30:00.000Z,911.2938,916.555,910.8933,915.14,106681
2025-11-17T17:00:00.000Z,915,915.19,913.78,914.49,47872
2025-11-17T17:30:00.000Z,914.465,914.7795,911.8,912.405,53440
2025-11-17T18:00:00.000Z,912.22,913.425,911.9001,913.12,48004
2025-11-17T18:30:00.000Z,913.091,915.01,912.33,913.3,83526
2025-11-17T19:00:00.000Z,913.31,915.27,913.28,914.8,61847
2025-11-17T19:30:00.000Z,914.59,914.59,912.1001,912.5899,77574
2025-11-17T20:00:00.000Z,912.11,913.19,911.3501,911.3501,125749
2025-11-17T20:30:00.000Z,911.35,914,908.81,912.59,457511
2025-11-18T14:30:00.000Z,912.59,918.91,909.72,914.1,212026
2025-11-18T15:00:00.000Z,914.1,914.48,910.12,910.76,226351
2025-11-18T15:30:00.000Z,910.77,910.8357,904.48,904.575,198701
2025-11-18T16:00:00.000Z,904.5,906,901.88,902.65,188624
2025-11-18T16:30:00.000Z,902.745,905.09,901.7,902.8785,167588
2025-11-18T17:00:00.000Z,902.58,903.9937,901.6,901.81,109211
2025-11-18T17:30:00.000Z,901.67,905.5999,899.01,904.76,193615
2025-11-18T18:00:00.000Z,905,906.26,903.13,904.161,67662
2025-11-18T18:30:00.000Z,904.23,905.09,902.53,902.72,224942
2025-11-18T19:00:00.000Z,902.72,903.13,901.2501,902.13,74822
2025-11-18T19:30:00.000Z,902.48,902.665,901.18,902.5,123252
2025-11-18T20:00:00.000Z,902.48,902.65,897.41,898.49,191162
2025-11-18T20:30:00.000Z,898.2,898.73,894.17,894.92,455906
2025-11-19T14:30:00.000Z,895,895,874.13,874.13,470459
2025-11-19T15:00:00.000Z,874.1,883.81,873.9704,882.95,375515
2025-11-19T15:30:00.000Z,883.03,884.2,877.7,877.755,171855
2025-11-19T16:00:00.000Z,877.7146,877.79,874.33,875.055,201604
2025-11-19T16:30:00.000Z,874.81,878.19,874.615,877.39,117838
2025-11-19T17:00:00.000Z,877.4,881,877.4,880.375,140871
2025-11-19T17:30:00.000Z,880.14,882.28,879.68,880.28,146877
2025-11-19T18:00:00.000Z,880.295,885.129,880.11,883.755,141413
2025-11-19T18:30:00.000Z,883.72,886.66,883.72,886.35,106835
2025-11-19T19:00:00.000Z,886.66,887.19,882.32,882.53,101596
2025-11-19T19:30:00.000Z,882.45,886.52,882.26,885.87,112885
2025-11-19T20:00:00.000Z,885.975,889.27,885.47,887.45,176681
2025-11-19T20:30:00.000Z,887.525,891.175,887.4,890.63,401635
2025-11-20T14:30:00.000Z,893.5,903.135,893,901.87,343146
2025-11-20T15:00:00.000Z,901.98,904.57,898.1854,901.92,187927
2025-11-20T15:30:00.000Z,901.915,902.18,898.245,898.27,119780
2025-11-20T16:00:00.000Z,898.245,898.6625,893.53,895.625,135280
2025-11-20T16:30:00.000Z,895.72,898.71,894.01,894.96,148551
2025-11-20T17:00:00.000Z,894.8,896.7599,892.9,895.0518,122311
2025-11-20T17:30:00.000Z,894.845,895.24,891,891.792,80319
2025-11-20T18:00:00.000Z,891.56,896.075,891.45,896.034,104895
2025-11-20T18:30:00.000Z,895.975,896.005,893.27,895.13,80915
2025-11-20T19:00:00.000Z,895.36,898.03,894.72,897.3993,99834
2025-11-20T19:30:00.000Z,897.16,899.275,896.81,898.82,108124
2025-11-20T20:00:00.000Z,899,900.65,898.0745,899.905,121643
2025-11-20T20:30:00.000Z,899.855,900.12,892.2401,893.3,343977
2025-11-21T14:30:00.000Z,894.515,900.88,893.93,896.415,269672
2025-11-21T15:00:00.000Z,896.415,902.5,895.08,901.32,178662
2025-11-21T15:30:00.000Z,901.065,904,896.27,896.47,187574
2025-11-21T16:00:00.000Z,896.52,896.98,892.13,893.2,156081
2025-11-21T16:30:00.000Z,893.23,899.48,892.405,899.15,162257
2025-11-21T17:00:00.000Z,899.15,899.75,895.38,895.46,97831
2025-11-21T17:30:00.000Z,895.72,897.9,894.295,896.715,97758
2025-11-21T18:00:00.000Z,896.6,899.1,895.0756,898.69,58374
2025-11-21T18:30:00.000Z,898.6,901.14,897.245,899.78,88908
2025-11-21T19:00:00.000Z,900.2,903.5,899.31,903.355,115229
2025-11-21T19:30:00.000Z,903.41,905.32,902.06,904.01,115337
2025-11-21T20:00:00.000Z,904.185,904.48,901.05,901.21,141842
2025-11-21T20:30:00.000Z,901.05,903.12,897.77,899,312368
2025-11-24T14:30:00.000Z,899,901.3599,889,890.47,191933
2025-11-24T15:00:00.000Z,890.325,894.409,888.3536,891.006,151841
2025-11-24T15:30:00.000Z,891.14,892.55,889.75,889.91,94460
2025-11-24T16:00:00.000Z,889.955,891.491,888.35,888.93,111552
2025-11-24T16:30:00.000Z,888.625,889.34,887.75,888.195,110814
2025-11-24T17:00:00.000Z,888.2,888.89,887.21,888.355,106813
2025-11-24T17:30:00.000Z,888.35,888.44,885,885.2,164511
2025-11-24T18:00:00.000Z,885.22,886.3299,883.61,884.45,174995
2025-11-24T18:30:00.000Z,884.3907,884.95,883.88,884.37,100380
2025-11-24T19:00:00.000Z,884.55,885.7299,884.0822,884.4,117852
2025-11-24T19:30:00.000Z,884.39,884.8399,883.323,884,111744
2025-11-24T20:00:00.000Z,883.975,886.5,883.82,884.4806,125998
2025-11-24T20:30:00.000Z,884.51,888.3,881.32,885.83,594519
2025-11-25T14:30:00.000Z,886.66,890.51,886.44,886.75,227169
2025-11-25T15:00:00.000Z,886.76,889.5,885.13,888.065,165165
2025-11-25T15:30:00.000Z,887.811,892.42,887.811,891.3402,130486
2025-11-25T16:00:00.000Z,891.24,893.61,890.21,891.035,96962
2025-11-25T16:30:00.000Z,891.02,892.812,890.63,892.665,73583
2025-11-25T17:00:00.000Z,892.665,895.05,892.4301,894.97,79209
2025-11-25T17:30:00.000Z,894.96,895.72,893,894.83,115839
2025-11-25T18:00:00.000Z,894.845,895.53,893.8866,894.615,58491
2025-11-25T18:30:00.000Z,894.69,894.91,894.04,894.15,51012
2025-11-25T19:00:00.000Z,894.15,894.37,890.17,891.9625,197359
2025-11-25T19:30:00.000Z,891.69,892.94,890.851,892.785,84526
2025-11-25T20:00:00.000Z,892.9,894.53,892.46,894.105,87754
2025-11-25T20:30:00.000Z,894.09,895,893.56,894.359,199269
2025-11-26T14:30:00.000Z,896.02,901.43,895.62,901.102,153179
2025-11-26T15:00:00.000Z,900.75,904.3,899.93,902.865,116965
2025-11-26T15:30:00.000Z,903,907.8,902.84,907.445,117952
2025-11-26T16:00:00.000Z,907.445,911,906.72,909.1759,111403
2025-11-26T16:30:00.000Z,909.2893,911,908.42,908.42,90216
2025-11-26T17:00:00.000Z,908.6,909.45,907.9231,908.04,66140
2025-11-26T17:30:00.000Z,908.245,909.365,907.64,909.21,59159
2025-11-26T18:00:00.000Z,909.285,910.63,907.32,910.515,102045
2025-11-26T18:30:00.000Z,910.51,911.36,909.49,910.36,100290
2025-11-26T19:00:00.000Z,910.31,912,910.06,911.215,89508
2025-11-26T19:30:00.000Z,911.12,911.7,910.36,910.42,79238
2025-11-26T20:00:00.000Z,910.25,910.4,907.92,908.245,95161
2025-11-26T20:30:00.000Z,908.26,909.385,907.14,908.19,250218
2025-11-28T14:30:00.000Z,905.015,909.5613,903,909.275,132361
2025-11-28T15:00:00.000Z,909.47,912.505,908.56,911.43,120259
2025-11-28T15:30:00.000Z,911.19,912,908.96,909.84,67939
2025-11-28T16:00:00.000Z,909.73,911.84,909.73,910.8,77244
2025-11-28T16:30:00.000Z,910.91,912.465,910.51,911.38,70924
2025-11-28T17:00:00.000Z,911.37,912.74,910.05,911.23,80346
2025-11-28T17:30:00.000Z,911.22,914.2,911.22,913.589,208261
2025-11-28T18:00:00.000Z,913.59,913.59,913.59,913.59,174961
2025-12-01T14:30:00.000Z,913.2,913.57,908.89,912.6799,176338
2025-12-01T15:00:00.000Z,912.37,912.5,907.215,908.86,125096
2025-12-01T15:30:00.000Z,908.68,909.11,906.21,907.64,117939
2025-12-01T16:00:00.000Z,907.37,912.5871,907.33,912.5871,111383
2025-12-01T16:30:00.000Z,912.44,918.18,911.56,918.035,114197
2025-12-01T17:00:00.000Z,918.035,918.58,915.15,915.66,109312
2025-12-01T17:30:00.000Z,915.88,915.88,913.31,915.33,79271
2025-12-01T18:00:00.000Z,915.47,916.24,913.78,915.16,73506
2025-12-01T18:30:00.000Z,915.135,916,913.67,913.75,64521
2025-12-01T19:00:00.000Z,914,914,912.29,912.91,62075
2025-12-01T19:30:00.000Z,912.85,914.2099,912.76,913.77,66689
2025-12-01T20:00:00.000Z,913.67,914.95,912.84,913.16,93033
2025-12-01T20:30:00.000Z,913.13,913.98,910.26,912.29,296837
2025-12-02T14:30:00.000Z,911.96,912.41,905,908.03,205687
2025-12-02T15:00:00.000Z,908.04,914.095,907.615,911.39,146303
2025-12-02T15:30:00.000Z,911.39,914.735,910.21,914.7,106772
2025-12-02T16:00:00.000Z,914.43,917.77,912.02,914.89,158676
2025-12-02T16:30:00.000Z,914.73,914.73,911.219,911.219,78184
2025-12-02T17:00:00.000Z,911.42,913.17,911.335,913.0669,56989
2025-12-02T17:30:00.000Z,913.165,914.55,912.775,912.91,61561
2025-12-02T18:00:00.000Z,912.41,914,912.1,913.22,54796
2025-12-02T18:30:00.000Z,913,914.88,912.0001,914.425,60490
2025-12-02T19:00:00.000Z,914.53,915.4098,914.1196,914.935,61543
2025-12-02T19:30:00.000Z,914.8812,917.722,914.53,917.655,61171
2025-12-02T20:00:00.000Z,917.6,920.31,917.44,919.34,118725
2025-12-02T20:30:00.000Z,919.4,923,918.815,922.09,333422
2025-12-03T14:30:00.000Z,920.81,926.32,920.54,921.445,162307
2025-12-03T15:00:00.000Z,921.45,923,916.67,918.515,176738
2025-12-03T15:30:00.000Z,918.45,920.6,916.02,916.68,94208
2025-12-03T16:00:00.000Z,916.64,918.85,916.51,918.61,64603
2025-12-03T16:30:00.000Z,918.5,920.88,917.79,918.89,62599
2025-12-03T17:00:00.000Z,919.13,920,917.35,919.603,47995
2025-12-03T17:30:00.000Z,919.46,920.049,918.57,919.465,50817
2025-12-03T18:00:00.000Z,919.27,921.35,918.58,921.35,59909
2025-12-03T18:30:00.000Z,921.3,921.3785,919.885,920.275,43676
2025-12-03T19:00:00.000Z,920.3,922.67,920.0101,922.47,55853
2025-12-03T19:30:00.000Z,922.4975,923.5899,922.41,922.825,66420
2025-12-03T20:00:00.000Z,922.75,924,922.66,923.53,73900
2025-12-03T20:30:00.000Z,923.57,923.71,919.61,922.4,290277
2025-12-04T14:30:00.000Z,907.025,907.96,895.46,899.5,614794
2025-12-04T15:00:00.000Z,899.67,899.9,893,893,381091
2025-12-04T15:30:00.000Z,893.09,894.97,891.42,893.15,266344
2025-12-04T16:00:00.000Z,893.29,894.5,888.08,889.7088,349791
2025-12-04T16:30:00.000Z,889.53,891.85,889.21,891.01,183936
2025-12-04T17:00:00.000Z,891.25,891.9,890.25,891.49,145451
2025-12-04T17:30:00.000Z,891.52,893,891.2,892.06,148880
2025-12-04T18:00:00.000Z,892.125,894.6,891.4,893.795,149707
2025-12-04T18:30:00.000Z,893.827,893.827,891.31,892.04,129144
2025-12-04T19:00:00.000Z,892,892.8599,889.9001,890.1585,187100
2025-12-04T19:30:00.000Z,890.095,893.71,890.095,893.35,133046
2025-12-04T20:00:00.000Z,893.35,895.1095,892.56,894.666,146540
2025-12-04T20:30:00.000Z,894.6,896.03,893.47,895.899,404913
2025-12-05T14:30:00.000Z,897.25,904.575,896,904.165,304627
2025-12-05T15:00:00.000Z,904.14,905.89,902.3,903.235,205319
2025-12-05T15:30:00.000Z,903.205,903.6,899.1507,899.935,137797
2025-12-05T16:00:00.000Z,900.1499,901.18,899.11,899.44,96690
2025-12-05T16:30:00.000Z,899.39,900.435,898.4,900.1,94841
2025-12-05T17:00:00.000Z,899.975,900.2,897.02,897.5,74216
2025-12-05T17:30:00.000Z,897.545,898.565,897.1901,898.07,59218
2025-12-05T18:00:00.000Z,898.1,898.22,896.77,896.85,68071
2025-12-05T18:30:00.000Z,896.8666,898.1637,896.8666,897.64,61913
2025-12-05T19:00:00.000Z,897.54,898.51,897.1,898.37,72238
2025-12-05T19:30:00.000Z,898.375,899,897.51,897.825,77071
2025-12-05T20:00:00.000Z,897.72,897.74,895.64,895.7601,110530
2025-12-05T20:30:00.000Z,895.77,896.25,893,894.71,398934
2025-12-08T14:30:00.000Z,893.5,894,888.68,890.04,243816
2025-12-08T15:00:00.000Z,889.8,890.4109,885.51,885.74,226370
2025-12-08T15:30:00.000Z,885.77,888.4115,882.9,888.1,221159
2025-12-08T16:00:00.000Z,888.315,889.6217,885.32,886.1599,152870
2025-12-08T16:30:00.000Z,885.62,886,884.05,884.54,95586
2025-12-08T17:00:00.000Z,884.495,885.41,883.01,884.13,128530
2025-12-08T17:30:00.000Z,884.14,886.6199,883.09,886.49,73456
2025-12-08T18:00:00.000Z,886.3495,886.5,884.65,884.83,91849
2025-12-08T18:30:00.000Z,884.93,887.14,884.52,886.85,93611
2025-12-08T19:00:00.000Z,886.99,887.9509,885.92,887.7,84592
2025-12-08T19:30:00.000Z,887.67,888.2511,886.84,888.2,82109
2025-12-08T20:00:00.000Z,888.2,888.47,886.05,886.35,105949
2025-12-08T20:30:00.000Z,886.25,888,886,887.37,273389
2025-12-09T14:30:00.000Z,886.85,888,884.45,885.63,177718
2025-12-09T15:00:00.000Z,885.49,888,884.08,884.24,125138
2025-12-09T15:30:00.000Z,884.39,884.65,881.51,881.935,157844
2025-12-09T16:00:00.000Z,881.78,884.73,881.52,884.27,109310
2025-12-09T16:30:00.000Z,884.35,885.36,883.54,884.81,71095
2025-12-09T17:00:00.000Z,884.875,885.4,883.24,883.2815,71841
2025-12-09T17:30:00.000Z,883.32,883.3989,881.65,882.83,102961
2025-12-09T18:00:00.000Z,882.84,885.46,882.781,885.2575,97362
2025-12-09T18:30:00.000Z,885.36,885.55,884.095,885.25,87520
2025-12-09T19:00:00.000Z,885.23,885.9126,884.55,885.33,65235
2025-12-09T19:30:00.000Z,885.28,885.65,884.6,885.09,59278
2025-12-09T20:00:00.000Z,885.03,886.953,884.75,886.7,77780
2025-12-09T20:30:00.000Z,886.43,889.02,886,888.27,336597
2025-12-10T14:30:00.000Z,887.82,889.58,881.61,886.7,244353
2025-12-10T15:00:00.000Z,886.7,887.06,882.8,885.515,130584
2025-12-10T15:30:00.000Z,885.515,886.19,883.72,883.85,103116
2025-12-10T16:00:00.000Z,883.81,883.81,878.88,879.315,247717
2025-12-10T16:30:00.000Z,879.315,879.6699,876.72,877.28,145363
2025-12-10T17:00:00.000Z,877.25,878.22,876.26,877.7,108585
2025-12-10T17:30:00.000Z,877.68,877.79,875.79,876.37,127135
2025-12-10T18:00:00.000Z,876.3,877.59,875.09,877.315,129248
2025-12-10T18:30:00.000Z,877.32,877.85,875.5,875.768,107070
2025-12-10T19:00:00.000Z,875.69,876.6569,872.55,873.48,266003
2025-12-10T19:30:00.000Z,873.26,875,871.09,873.305,259042
2025-12-10T20:00:00.000Z,873.22,875.88,872.6501,874.36,198880
2025-12-10T20:30:00.000Z,874.25,876.18,872.86,874.23,509009
2025-12-11T14:30:00.000Z,875.86,879.3699,874.46,875,282771
2025-12-11T15:00:00.000Z,874.75,876.96,872.5501,875.245,196762
2025-12-11T15:30:00.000Z,875.215,876.97,873.67,873.67,170514
2025-12-11T16:00:00.000Z,873.71,876.98,873.3665,876.02,137274
2025-12-11T16:30:00.000Z,875.92,878.4,875.92,878.38,168233
2025-12-11T17:00:00.000Z,878.13,881.69,877.2,880.555,166125
2025-12-11T17:30:00.000Z,880.555,881.59,880.0387,881.49,110384
2025-12-11T18:00:00.000Z,881.2,883.9899,881.13,883.53,138946
2025-12-11T18:30:00.000Z,883.53,883.75,880.28,880.7235,131715
2025-12-11T19:00:00.000Z,880.555,882.43,880.33,881.44,137277
2025-12-11T19:30:00.000Z,881.43,883.1999,881.0001,882.78,122741
2025-12-11T20:00:00.000Z,883.09,884.5,881.5,884.46,191761
2025-12-11T20:30:00.000Z,884.5,886,882.33,884.4,447348
2025-12-12T14:30:00.000Z,883.3,888.6199,873.45,879.485,690693
2025-12-12T15:00:00.000Z,879.485,884.05,873.41,876.79,350208
2025-12-12T15:30:00.000Z,876.58,876.86,867.72,868.8025,379176
2025-12-12T16:00:00.000Z,868.79,872.36,867.41,872.0968,319250
2025-12-12T16:30:00.000Z,871.9658,875.4645,871.12,873.4907,206598
2025-12-12T17:00:00.000Z,873.35,874,870.5,870.99,195675
2025-12-12T17:30:00.000Z,870.8623,871.275,868.57,868.79,229711
2025-12-12T18:00:00.000Z,868.77,873.88,867.12,873.48,368854
2025-12-12T18:30:00.000Z,873.21,877.7,871.7532,876.45,254059
2025-12-12T19:00:00.000Z,876.45,881.49,875.9501,879.47,222017
2025-12-12T19:30:00.000Z,879.735,882.4994,879.105,882.13,269526
2025-12-12T20:00:00.000Z,882.3175,885.14,881.85,882.865,246587
2025-12-12T20:30:00.000Z,883.01,884.8,881.3701,884.3,411792
2025-12-15T14:30:00.000Z,882.11,887.49,874.21,876.66,496380
2025-12-15T15:00:00.000Z,876.53,878.865,870.21,870.76,277907
2025-12-15T15:30:00.000Z,870.76,883.5,865.06,869.1,296506
2025-12-15T16:00:00.000Z,869.3,870.3925,867.3593,868.1949,216222
2025-12-15T16:30:00.000Z,868.385,869.7899,864.5,865,250796
2025-12-15T17:00:00.000Z,864.775,866.275,864.37,864.83,191639
2025-12-15T17:30:00.000Z,864.83,865.07,854.72,858.26,470953
2025-12-15T18:00:00.000Z,858.26,858.26,853.89,857.2501,278864
2025-12-15T18:30:00.000Z,857.5,857.62,852.19,854.47,332600
2025-12-15T19:00:00.000Z,854.7048,854.98,851.4,851.56,274612
2025-12-15T19:30:00.000Z,851.68,857,851.57,856.2532,212931
2025-12-15T20:00:00.000Z,856.15,860.98,856.02,859.7561,282405
2025-12-15T20:30:00.000Z,860.06,861.9499,858.73,860.55,467725
2025-12-16T14:30:00.000Z,857.435,859.3,848.7,849.7634,683638
2025-12-16T15:00:00.000Z,849.93,849.93,844.06,849.2,432650
2025-12-16T15:30:00.000Z,849.3385,856.274,848.23,855.6243,217953
2025-12-16T16:00:00.000Z,855.5,855.57,853.23,853.375,154463
2025-12-16T16:30:00.000Z,853.375,856.795,853.375,856.485,135703
2025-12-16T17:00:00.000Z,856.61,857.25,854.77,855.45,142955
2025-12-16T17:30:00.000Z,855.65,855.856,852.15,852.44,121084
2025-12-16T18:00:00.000Z,852.49,856.8,852.2,855.68,107303
2025-12-16T18:30:00.000Z,856.33,857.433,855.9469,856.785,131325
2025-12-16T19:00:00.000Z,856.69,856.72,853.95,855.715,122564
2025-12-16T19:30:00.000Z,855.715,857.27,855.715,856.04,104655
2025-12-16T20:00:00.000Z,855.97,862.62,855.8,862.5,253207
2025-12-16T20:30:00.000Z,862.41,863.59,860.07,860.07,535582
2025-12-17T14:30:00.000Z,858.5,868.58,858.23,861.1401,262576
2025-12-17T15:00:00.000Z,861,864.99,860.0037,863.56,142802
2025-12-17T15:30:00.000Z,863.57,866.9699,862.55,865.28,144737
2025-12-17T16:00:00.000Z,865.345,867,862.39,865.68,109562
2025-12-17T16:30:00.000Z,865.675,866.2,862.7301,863.26,87507
2025-12-17T17:00:00.000Z,863.19,863.65,861.5101,862.495,83573
2025-12-17T17:30:00.000Z,862.4,862.9932,859.5401,861.32,89332
2025-12-17T18:00:00.000Z,861.33,862.615,861.07,861.8475,67403
2025-12-17T18:30:00.000Z,861.84,862.83,860.2701,861.34,88929
2025-12-17T19:00:00.000Z,861.38,864.78,860.77,864.54,94034
2025-12-17T19:30:00.000Z,864.54,865.14,863.192,863.26,84902
2025-12-17T20:00:00.000Z,862.995,863.22,860.89,861.17,84589
2025-12-17T20:30:00.000Z,861.17,863.74,860.4,862.64,314296
2025-12-18T14:30:00.000Z,860.295,862.64,852.51,856.13,329340
2025-12-18T15:00:00.000Z,856.02,861.71,855.36,861.1329,181332
2025-12-18T15:30:00.000Z,861.27,863.15,860.46,861.91,131843
2025-12-18T16:00:00.000Z,861.86,862.21,859.54,860.195,112849
2025-12-18T16:30:00.000Z,860.42,861.865,859.19,859.75,89442
2025-12-18T17:00:00.000Z,859.7,860.2834,857.23,858.82,96589
2025-12-18T17:30:00.000Z,858.69,860.71,858,860.345,87690
2025-12-18T18:00:00.000Z,860.48,860.7,858.5,859.69,82216
2025-12-18T18:30:00.000Z,859.97,860.69,857.75,857.98,83739
2025-12-18T19:00:00.000Z,857.86,857.9,855.69,856.3,102139
2025-12-18T19:30:00.000Z,856.23,857.02,854.59,855.416,96397
2025-12-18T20:00:00.000Z,855.39,856.433,854.38,855.79,115944
2025-12-18T20:30:00.000Z,855.79,858.315,855.79,857.4,345222
2025-12-19T14:30:00.000Z,856.57,858.45,852.6,855.205,729790
2025-12-19T15:00:00.000Z,855.4,856.565,851.8,852.465,193155
2025-12-19T15:30:00.000Z,852.4,853.11,849.32,850.6106,221466
2025-12-19T16:00:00.000Z,850.5825,853.48,849.7051,852.905,185759
2025-12-19T16:30:00.000Z,852.88,852.95,849.84,850.29,137683
2025-12-19T17:00:00.000Z,850.5,852.04,849.8232,851.77,97224
2025-12-19T17:30:00.000Z,851.77,852.28,851.0101,851.84,87570
2025-12-19T18:00:00.000Z,851.77,853.2,851.02,851.38,99687
2025-12-19T18:30:00.000Z,851.6,852.46,851.1811,851.48,92300
2025-12-19T19:00:00.000Z,851.68,854.03,851.68,851.804,89060
2025-12-19T19:30:00.000Z,851.74,853.36,851.23,852.8488,100798
2025-12-19T20:00:00.000Z,852.87,854.99,851.5886,854.79,153825
2025-12-19T20:30:00.000Z,854.88,857.48,850.49,855.87,637983
2025-12-22T14:30:00.000Z,854,855.5,850.675,851.59,287646
2025-12-22T15:00:00.000Z,851.395,853.849,849.5001,850.9,214298
2025-12-22T15:30:00.000Z,851.085,852.26,850.44,851.12,128304
2025-12-22T16:00:00.000Z,851.15,851.92,849.84,850.46,111061
2025-12-22T16:30:00.000Z,850.575,851.07,849.64,850.19,102184
2025-12-22T17:00:00.000Z,850.0395,850.4872,848.12,849.11,139187
2025-12-22T17:30:00.000Z,849.1,851.22,849,850.865,116525
2025-12-22T18:00:00.000Z,850.865,850.97,848.8801,849.1301,84478
2025-12-22T18:30:00.000Z,849.1301,849.51,847.31,847.65,132035
2025-12-22T19:00:00.000Z,847.745,849.78,847.5401,849.555,111150
2025-12-22T19:30:00.000Z,849.49,849.5899,848.675,848.93,78834
2025-12-22T20:00:00.000Z,848.82,849.19,847.81,848.95,123513
2025-12-22T20:30:00.000Z,849.04,850.535,848.46,849.64,273104
2025-12-23T14:30:00.000Z,849.1,854.16,848.5001,851.24,223910
2025-12-23T15:00:00.000Z,851.24,851.89,846.8,848.7,171817
2025-12-23T15:30:00.000Z,848.74,851.55,848.31,851.55,113927
2025-12-23T16:00:00.000Z,851.565,851.99,850.34,851.56,104207
2025-12-23T16:30:00.000Z,851.48,853.197,851.4,852.24,103289
2025-12-23T17:00:00.000Z,852.24,852.98,851.4,852.08,71949
2025-12-23T17:30:00.000Z,852.107,853.75,852.0601,853.4246,68656
2025-12-23T18:00:00.000Z,853.52,854.22,853.28,853.655,80694
2025-12-23T18:30:00.000Z,853.5901,854.88,852.8542,853.05,71528
2025-12-23T19:00:00.000Z,853.05,853.9987,852.5,853.97,61863
2025-12-23T19:30:00.000Z,853.8801,854,852.5,852.75,57743
2025-12-23T20:00:00.000Z,852.77,853.48,852.51,853.455,78718
2025-12-23T20:30:00.000Z,853.4256,854.98,852.6601,854.72,304312
2025-12-24T14:30:00.000Z,858.6,868.68,858.352,868.54,403653
2025-12-24T15:00:00.000Z,868.555,872.49,868.13,871.76,295837
2025-12-24T15:30:00.000Z,871.77,873.9099,870.89,873.13,174216
2025-12-24T16:00:00.000Z,873.13,875.45,872.89,875.205,149431
2025-12-24T16:30:00.000Z,875,876,874.56,875.105,131982
2025-12-24T17:00:00.000Z,875.09,875.48,873.9,874.08,120375
2025-12-24T17:30:00.000Z,874.085,875.5,871.35,871.89,297483
2025-12-24T18:00:00.000Z,871.86,871.86,871.86,871.86,134756
2025-12-26T14:30:00.000Z,870.64,875.75,869,873.888,185536
2025-12-26T15:00:00.000Z,873.855,877.59,873.7875,875.3722,142545
2025-12-26T15:30:00.000Z,875.34,875.9899,873.0275,873.245,85116
2025-12-26T16:00:00.000Z,873.01,873.74,871.37,872.535,66566
2025-12-26T16:30:00.000Z,872.535,873.11,871.67,872.62,42702
2025-12-26T17:00:00.000Z,872.59,873.54,872.42,873.32,43649
2025-12-26T17:30:00.000Z,873.3555,873.52,872.5,872.98,41244
2025-12-26T18:00:00.000Z,872.785,873.64,871.11,871.5,51215
2025-12-26T18:30:00.000Z,871.34,872.29,871.33,871.75,42493
2025-12-26T19:00:00.000Z,871.6,873.17,871.46,872.22,68348
2025-12-26T19:30:00.000Z,872.22,872.64,871.36,872.64,49373
2025-12-26T20:00:00.000Z,872.57,872.87,871.85,872.505,69522
2025-12-26T20:30:00.000Z,872.565,873.98,872.28,873.32,231801
2025-12-29T14:30:00.000Z,873.29,873.55,868.3503,872.59,242415
2025-12-29T15:00:00.000Z,872.7,874.5,871.47,872.47,124622
2025-12-29T15:30:00.000Z,872.12,872.68,870.5,871,108588
2025-12-29T16:00:00.000Z,871,871.15,868.75,869.87,103643
2025-12-29T16:30:00.000Z,869.89,870.69,867.59,867.89,91265
2025-12-29T17:00:00.000Z,867.8484,868.0099,866.1822,867.03,77621
2025-12-29T17:30:00.000Z,866.86,867.448,865.69,867.12,78607
2025-12-29T18:00:00.000Z,867.05,867.67,866.4155,867.5643,65003
2025-12-29T18:30:00.000Z,867.62,868.63,867.1,867.3019,63564
2025-12-29T19:00:00.000Z,867.325,867.48,866.19,866.84,67172
2025-12-29T19:30:00.000Z,866.95,868.3699,866.79,867.5,67967
2025-12-29T20:00:00.000Z,867.4,867.71,866.56,867.29,113348
2025-12-29T20:30:00.000Z,867.51,868.35,867.08,867.84,259686
2025-12-30T14:30:00.000Z,864,866.06,862.57,863.705,191401
2025-12-30T15:00:00.000Z,863.68,864.78,861.43,862.3071,140959
2025-12-30T15:30:00.000Z,862.59,863.26,861.86,862.85,93219
2025-12-30T16:00:00.000Z,862.7,863.8,862.41,863.485,94550
2025-12-30T16:30:00.000Z,863.49,863.68,861.8801,862.63,84101
2025-12-30T17:00:00.000Z,862.8,863.5,862.5,863.5,53522
2025-12-30T17:30:00.000Z,863.5,865.192,863.22,865.1323,90040
2025-12-30T18:00:00.000Z,865.15,865.15,864.275,864.76,45600
2025-12-30T18:30:00.000Z,865,865.66,864.8056,865.05,62732
2025-12-30T19:00:00.000Z,864.98,865.65,864.69,865.475,73667
2025-12-30T19:30:00.000Z,865.63,867.82,865.48,867.165,96740
2025-12-30T20:00:00.000Z,867.29,867.79,866.53,867.185,104459
2025-12-30T20:30:00.000Z,867.24,867.46,865.46,865.6,211817
2025-12-31T14:30:00.000Z,864.58,868,863.12,863.16,109249
2025-12-31T15:00:00.000Z,863.2,865.265,862.53,864.01,87589
2025-12-31T15:30:00.000Z,864.01,864.02,862.73,862.82,58574
2025-12-31T16:00:00.000Z,862.82,863.49,862.1208,863.4196,53251
2025-12-31T16:30:00.000Z,863.38,863.96,862.25,863.795,61780
2025-12-31T17:00:00.000Z,863.65,864.08,862.64,862.8,46895
2025-12-31T17:30:00.000Z,862.74,863.335,862.5601,862.9984,44364
2025-12-31T18:00:00.000Z,863.02,863.44,862.521,863.1,47700
2025-12-31T18:30:00.000Z,863.0741,864.75,862.8,864.35,54915
2025-12-31T19:00:00.000Z,864.01,865.088,864.0001,864.505,49436
2025-12-31T19:30:00.000Z,864.52,864.76,863.9125,864.11,52741
2025-12-31T20:00:00.000Z,863.95,864.01,862.5314,862.74,76188
2025-12-31T20:30:00.000Z,862.6674,863.15,861.34,862.15,266994
2026-01-02T14:30:00.000Z,861.14,863.1,854.551,862,230444
2026-01-02T15:00:00.000Z,862,862.11,856.79,859.015,204895
2026-01-02T15:30:00.000Z,859.015,861,857.11,857.59,101240
2026-01-02T16:00:00.000Z,857.475,859.035,856.36,857.899,136698
2026-01-02T16:30:00.000Z,857.51,859.71,856.9202,859.195,109003
2026-01-02T17:00:00.000Z,859.21,860.72,858.43,858.5465,64125
2026-01-02T17:30:00.000Z,858.75,859.0011,855.205,855.31,107066
2026-01-02T18:00:00.000Z,855.355,856.03,854.25,855.3501,108036
2026-01-02T18:30:00.000Z,855.36,855.72,852.8,853.64,71125
2026-01-02T19:00:00.000Z,853.83,856.36,853.5,855.39,125830
2026-01-02T19:30:00.000Z,855.4518,856.2599,853.6,854.16,101933
2026-01-02T20:00:00.000Z,854,854.4,853.2,853.8,114749
2026-01-02T20:30:00.000Z,853.7,854.81,852.5,854.75,397020
2026-01-05T14:30:00.000Z,863.95,875.65,860.845,875.65,461433
2026-01-05T15:00:00.000Z,876,877.77,869.11,869.385,252877
2026-01-05T15:30:00.000Z,869.38,872.65,868.95,872.29,151685
2026-01-05T16:00:00.000Z,872.5,873.4799,870.54,872.43,127896
2026-01-05T16:30:00.000Z,872.2601,876.5,871.55,876.5,163776
2026-01-05T17:00:00.000Z,876.52,878.77,875.9501,877.445,152273
2026-01-05T17:30:00.000Z,877.65,878.29,875.5,877.3,111677
2026-01-05T18:00:00.000Z,877.48,877.77,874.9,876.195,110722
2026-01-05T18:30:00.000Z,876.205,877.6274,875.47,876.7399,93763
2026-01-05T19:00:00.000Z,876.335,876.61,875.26,875.8857,75640
2026-01-05T19:30:00.000Z,876.08,876.6,875.31,875.31,76299
2026-01-05T20:00:00.000Z,875.28,877.89,874.98,876.75,120851
2026-01-05T20:30:00.000Z,876.75,878.7499,875.24,875.68,360754
2026-01-06T14:30:00.000Z,875.95,886.89,871.3,883.965,390150
2026-01-06T15:00:00.000Z,883.965,886.5,882.55,885.21,200786
2026-01-06T15:30:00.000Z,885.23,885.7,881.38,883.32,130693
2026-01-06T16:00:00.000Z,883.49,887.48,882.9901,885.595,185627
2026-01-06T16:30:00.000Z,885.635,887.63,883.8894,887.515,111440
2026-01-06T17:00:00.000Z,887.6932,888.28,886.62,887.96,122497
2026-01-06T17:30:00.000Z,887.96,890.58,887.8238,890.58,107224
2026-01-06T18:00:00.000Z,890.59,891.77,889.695,890.925,112208
2026-01-06T18:30:00.000Z,890.94,892.49,890.09,890.44,116066
2026-01-06T19:00:00.000Z,890.48,891.74,890.4,891.6315,110018
2026-01-06T19:30:00.000Z,891.59,893.12,891.59,891.94,139665
2026-01-06T20:00:00.000Z,892.198,894.0799,891.35,891.43,137652
2026-01-06T20:30:00.000Z,891.52,892.77,888.62,889.24,401466
2026-01-07T14:30:00.000Z,892,893.595,884.0001,884.325,301625
2026-01-07T15:00:00.000Z,884.325,888.67,881.11,887.865,217517
2026-01-07T15:30:00.000Z,887.87,889.19,886.56,888.37,111574
2026-01-07T16:00:00.000Z,888.37,891.355,887.82,890.5,93478
2026-01-07T16:30:00.000Z,890.24,891.7499,889.1,889.1,99778
2026-01-07T17:00:00.000Z,889.26,889.89,887.61,888.45,110171
2026-01-07T17:30:00.000Z,888.665,890.545,888.4747,889.19,62147
2026-01-07T18:00:00.000Z,889.08,889.6,887.285,887.285,99624
2026-01-07T18:30:00.000Z,887.28,887.48,884.11,884.44,179175
2026-01-07T19:00:00.000Z,884.44,884.49,879.62,879.9,179564
2026-01-07T19:30:00.000Z,879.9,882.04,879.7501,881.57,152000
2026-01-07T20:00:00.000Z,881.605,884.52,881.4,884.065,120971
2026-01-07T20:30:00.000Z,884.11,884.5675,881,882.565,414583
2026-01-08T14:30:00.000Z,901.13,915.27,896,912.83,805318
2026-01-08T15:00:00.000Z,912.69,931,912.23,926.735,955629
2026-01-08T15:30:00.000Z,926.31,930.46,924.4101,927.81,525637
2026-01-08T16:00:00.000Z,927.535,928,924.02,927.305,261782
2026-01-08T16:30:00.000Z,927.31,931.67,927.12,929.29,296914
2026-01-08T17:00:00.000Z,929.23,930.56,926.47,927.36,191823
2026-01-08T17:30:00.000Z,927.55,929.19,926.49,927.255,178621
2026-01-08T18:00:00.000Z,927.03,927.5,923.53,925.25,174612
2026-01-08T18:30:00.000Z,925.27,926.6596,922.55,924.705,154692
2026-01-08T19:00:00.000Z,924.705,925.72,923.02,924.62,130878
2026-01-08T19:30:00.000Z,924.36,924.8291,917.02,917.7928,184628
2026-01-08T20:00:00.000Z,917.62,919.065,914.51,915.09,186350
2026-01-08T20:30:00.000Z,914.93,917.32,913.93,915.31,534356
2026-01-09T14:30:00.000Z,915.97,919.9,911.33,918.85,399858
2026-01-09T15:00:00.000Z,918.76,923.147,913.0001,923.147,285516
2026-01-09T15:30:00.000Z,923.005,924.14,919.92,920.21,182873
2026-01-09T16:00:00.000Z,920.26,923,919.68,922.49,152128
2026-01-09T16:30:00.000Z,922.78,925.84,922.43,924.43,195933
2026-01-09T17:00:00.000Z,924.64,928.295,924.155,927.95,182775
2026-01-09T17:30:00.000Z,927.93,929.8499,927.2301,929.639,129999
2026-01-09T18:00:00.000Z,929.47,929.545,925,926.63,172090
2026-01-09T18:30:00.000Z,926.63,927.81,923.69,925.41,100941
2026-01-09T19:00:00.000Z,925.41,926.8699,924.52,926.108,93380
2026-01-09T19:30:00.000Z,926.1,926.54,925,925.425,109849
2026-01-09T20:00:00.000Z,925.59,926.17,923.68,924.895,121324
2026-01-09T20:30:00.000Z,924.895,926.04,923.89,924.69,356199
2026-01-12T14:30:00.000Z,920.4,935.99,917,934.59,424430
2026-01-12T15:00:00.000Z,934.71,937.25,932.85,935.52,231557
2026-01-12T15:30:00.000Z,935.71,938.19,934.29,937.4301,162245
2026-01-12T16:00:00.000Z,937.53,938.73,935.6901,936.9,151734
2026-01-12T16:30:00.000Z,936.895,939.11,936.1,938.77,126776
2026-01-12T17:00:00.000Z,938.71,939.8799,937.9901,938.985,122591
2026-01-12T17:30:00.000Z,938.985,941.1899,938.985,940.58,139849
2026-01-12T18:00:00.000Z,940.355,943,940.24,942.075,126697
2026-01-12T18:30:00.000Z,942.075,943.38,940.62,943.095,108944
2026-01-12T19:00:00.000Z,943,943.94,942.32,943.42,114161
2026-01-12T19:30:00.000Z,943.27,944.79,942.4263,943.61,148086
2026-01-12T20:00:00.000Z,943.71,944.79,941.715,943.86,170838
2026-01-12T20:30:00.000Z,943.9425,944.825,942.76,943.1,398240
2026-01-13T14:30:00.000Z,938.02,942.28,933.1,934.585,284659
2026-01-13T15:00:00.000Z,934.58,937.47,933,933.65,155754
2026-01-13T15:30:00.000Z,933.5,933.98,929.5975,932.52,151852
2026-01-13T16:00:00.000Z,932.47,938.23,932.35,937.315,109546
2026-01-13T16:30:00.000Z,936.8569,938.86,936.49,938.005,77862
2026-01-13T17:00:00.000Z,937.98,938.5,936.8216,937.9,54980
2026-01-13T17:30:00.000Z,937.76,938.72,936.4365,938.48,72482
2026-01-13T18:00:00.000Z,938.72,941.06,937.795,939.61,99922
2026-01-13T18:30:00.000Z,939.82,942.9,939.0901,939.88,95755
2026-01-13T19:00:00.000Z,939.715,942.16,939.57,941.62,81138
2026-01-13T19:30:00.000Z,941.585,941.93,940.33,940.7,114008
2026-01-13T20:00:00.000Z,940.76,942,939.0001,940.52,131182
2026-01-13T20:30:00.000Z,940.02,942.07,937.425,941.72,347868
2026-01-14T14:30:00.000Z,938.33,955.6109,938.29,945.32,454849
2026-01-14T15:00:00.000Z,945.115,948.38,942.89,946.2,210601
2026-01-14T15:30:00.000Z,946.205,946.205,942.41,942.57,125372
2026-01-14T16:00:00.000Z,942.656,946.435,940.54,946.435,133112
2026-01-14T16:30:00.000Z,946.285,947.8399,944.12,944.75,121695
2026-01-14T17:00:00.000Z,944.75,947.0564,944.05,946.19,132792
2026-01-14T17:30:00.000Z,946.05,946.19,943.37,944,80330
2026-01-14T18:00:00.000Z,943.695,946,943.69,944.855,80212
2026-01-14T18:30:00.000Z,944.855,949.46,943.8,948.89,100023
2026-01-14T19:00:00.000Z,948.87,950.03,948.14,948.655,120721
2026-01-14T19:30:00.000Z,948.69,951.32,948.65,950.675,179619
2026-01-14T20:00:00.000Z,950.58,951.91,949.18,951.63,132458
2026-01-14T20:30:00.000Z,951.7,953,949.73,951.12,385133
2026-01-15T14:30:00.000Z,954.54,958.28,950.0001,953.495,213892
2026-01-15T15:00:00.000Z,953.77,957.34,951.99,955.54,130588
2026-01-15T15:30:00.000Z,955.65,957.0475,954.54,955.38,110604
2026-01-15T16:00:00.000Z,955.08,957.9,955.08,955.761,120218
2026-01-15T16:30:00.000Z,956.0564,956.66,953.25,953.39,87833
2026-01-15T17:00:00.000Z,953.43,954.75,952.31,953.105,89782
2026-01-15T17:30:00.000Z,953.22,956.1,953.12,954.58,78794
2026-01-15T18:00:00.000Z,954.58,956.5967,953.88,954.63,90190
2026-01-15T18:30:00.000Z,954.53,955.32,953.0001,953.3,95809
2026-01-15T19:00:00.000Z,953.62,954.7699,952.55,954.25,110147
2026-01-15T19:30:00.000Z,954,955.51,953.48,954.12,133217
2026-01-15T20:00:00.000Z,954.26,955.75,953.67,955.52,149341
2026-01-15T20:30:00.000Z,955.48,957.11,954.72,956.3,320136
2026-01-16T14:30:00.000Z,962,962,952,954.2,344000
2026-01-16T15:00:00.000Z,954.4,954.9799,951.0001,952.36,129548
2026-01-16T15:30:00.000Z,952.35,953.84,951.0301,953.129,102808
2026-01-16T16:00:00.000Z,952.78,954.5199,952.29,954.09,87612
2026-01-16T16:30:00.000Z,953.965,955.45,953.4601,955.295,85771
2026-01-16T17:00:00.000Z,955.2559,957.399,955,956.52,106977
2026-01-16T17:30:00.000Z,956.445,957.05,955.707,956.061,123728
2026-01-16T18:00:00.000Z,955.92,957.7,955.43,955.59,98186
2026-01-16T18:30:00.000Z,955.46,956.6999,954.5901,955.135,88771
2026-01-16T19:00:00.000Z,955.28,957.035,954.35,955.345,100380
2026-01-16T19:30:00.000Z,955.48,957.55,955.15,957.305,87664
2026-01-16T20:00:00.000Z,957.31,961.45,956.12,959.645,189886
2026-01-16T20:30:00.000Z,959.44,964.98,958.76,963.75,692523
2026-01-20T14:30:00.000Z,958.38,968.51,957.88,960.725,408983
2026-01-20T15:00:00.000Z,960.725,961.8285,954.13,956.03,235605
2026-01-20T15:30:00.000Z,956.27,959,954.22,955.975,139989
2026-01-20T16:00:00.000Z,955.272,960.9821,955.272,960.325,129914
2026-01-20T16:30:00.000Z,960.335,966.48,960.11,966.22,119463
2026-01-20T17:00:00.000Z,966.5,969.9,966.2,968.122,141399
2026-01-20T17:30:00.000Z,968.02,969.74,967.13,967.84,114857
2026-01-20T18:00:00.000Z,967.74,969.2,966.2001,967.19,71950
2026-01-20T18:30:00.000Z,967.19,968.4774,966.01,967.075,106026
2026-01-20T19:00:00.000Z,967.1,968.1899,964.165,965.3,110581
2026-01-20T19:30:00.000Z,965.08,966.57,962.88,963.38,111845
2026-01-20T20:00:00.000Z,963.28,965.51,962.3101,964.675,129825
2026-01-20T20:30:00.000Z,964.55,965.41,963.13,964.241,304900
2026-01-21T14:30:00.000Z,959.6,972.2,959.6,970.63,259309
2026-01-21T15:00:00.000Z,970.67,974.44,970.08,974.09,153936
2026-01-21T15:30:00.000Z,974.115,975.62,972.75,973.845,157350
2026-01-21T16:00:00.000Z,974.31,975.72,972.52,975.575,119878
2026-01-21T16:30:00.000Z,975.41,976.13,973.41,974.045,147769
2026-01-21T17:00:00.000Z,974.045,976.65,973.63,975.38,152004
2026-01-21T17:30:00.000Z,975.38,976.01,974.234,974.43,116110
2026-01-21T18:00:00.000Z,974.545,979.8,973.73,978.93,174348
2026-01-21T18:30:00.000Z,978.89,980.8,978.43,980.38,154630
2026-01-21T19:00:00.000Z,980.55,984.46,979.75,983.6451,211908
2026-01-21T19:30:00.000Z,983.78,988.98,983.35,988.26,241654
2026-01-21T20:00:00.000Z,988.27,989.6358,986.14,986.585,217497
2026-01-21T20:30:00.000Z,986.585,986.96,982.01,982.98,388604
2026-01-22T14:30:00.000Z,977.89,984,977.11,979.99,229123
2026-01-22T15:00:00.000Z,979.956,979.99,972,973.97,228843
2026-01-22T15:30:00.000Z,974.085,975.8,972.82,974.14,147865
2026-01-22T16:00:00.000Z,974.14,975.11,972.43,972.99,98223
2026-01-22T16:30:00.000Z,972.995,974.19,971.72,973.38,109399
2026-01-22T17:00:00.000Z,973.3825,974.69,972,972,89854
2026-01-22T17:30:00.000Z,972,975.845,971.58,974.765,87626
2026-01-22T18:00:00.000Z,974.89,975.1,971.5601,972.74,67947
2026-01-22T18:30:00.000Z,972.735,973.5,971.75,972.025,73517
2026-01-22T19:00:00.000Z,972.025,976.61,972.025,976.395,71760
2026-01-22T19:30:00.000Z,976.19,976.63,973.62,973.62,66212
2026-01-22T20:00:00.000Z,973.59,975.73,973.1301,975.14,89305
2026-01-22T20:30:00.000Z,975.145,976.79,974.26,976.14,189359
2026-01-23T14:30:00.000Z,971.44,977.9,971.01,973.981,161365
2026-01-23T15:00:00.000Z,973.98,979.51,973.74,978.2,108291
2026-01-23T15:30:00.000Z,978.39,984.735,977.5101,983.99,126583
2026-01-23T16:00:00.000Z,983.99,984.75,981.52,981.85,80332
2026-01-23T16:30:00.000Z,981.95,982.995,980.58,982.21,75838
2026-01-23T17:00:00.000Z,981.8601,982.67,980.4101,982.67,53940
2026-01-23T17:30:00.000Z,982.78,983.23,980.5601,980.9,51637
2026-01-23T18:00:00.000Z,980.97,981.97,980.2401,981.76,59514
2026-01-23T18:30:00.000Z,981.74,982.19,979.8,980.775,67928
2026-01-23T19:00:00.000Z,980.845,982.5,980.1,982.18,77636
2026-01-23T19:30:00.000Z,982.03,984.11,981.34,983.9515,76668
2026-01-23T20:00:00.000Z,984.01,984.85,983.42,983.71,99585
2026-01-23T20:30:00.000Z,983.8,984.36,982.17,983.19,268581
2026-01-26T14:30:00.000Z,986.43,993,981.22,982.63,287223
2026-01-26T15:00:00.000Z,982.51,985.05,980.31,985.045,135425
2026-01-26T15:30:00.000Z,985.045,987.61,983.1,983.36,86585
2026-01-26T16:00:00.000Z,983.36,984.515,981.13,982.275,89009
2026-01-26T16:30:00.000Z,982.275,982.44,978.76,979.31,77890
2026-01-26T17:00:00.000Z,979.425,980.18,978.39,979.575,57373
2026-01-26T17:30:00.000Z,979.7499,979.7499,977.46,977.46,56696
2026-01-26T18:00:00.000Z,977.76,979.69,977.2736,979.57,59382
2026-01-26T18:30:00.000Z,979.82,979.82,976.69,978.06,65328
2026-01-26T19:00:00.000Z,978.06,978.29,976.35,977.73,65197
2026-01-26T19:30:00.000Z,977.51,978.71,977.01,978.325,55586
2026-01-26T20:00:00.000Z,978.304,979.7099,977.43,978.64,68854
2026-01-26T20:30:00.000Z,978.61,980.32,977.21,977.69,257768
2026-01-27T14:30:00.000Z,977.68,978,966,968.925,208083
2026-01-27T15:00:00.000Z,968.95,969.92,961.71,962.21,186883
2026-01-27T15:30:00.000Z,962.27,967.82,962.025,966.2344,96086
2026-01-27T16:00:00.000Z,966.32,967.98,964.51,966.135,88793
2026-01-27T16:30:00.000Z,966.1886,966.36,962.665,963.17,68544
2026-01-27T17:00:00.000Z,963.1,965.8569,963,965.69,71025
2026-01-27T17:30:00.000Z,965.695,966.48,964.435,966.11,54301
2026-01-27T18:00:00.000Z,966.11,967.53,965,965.7,74452
2026-01-27T18:30:00.000Z,965.78,966.82,965,966.11,67731
2026-01-27T19:00:00.000Z,966.11,969.04,965.5,969.04,97485
2026-01-27T19:30:00.000Z,968.995,970.24,968.35,968.805,63092
2026-01-27T20:00:00.000Z,968.805,970.3392,968.37,969.74,85338
2026-01-27T20:30:00.000Z,969.75,971.35,969.4001,970.18,222798
2026-01-28T14:30:00.000Z,969.51,970.1,961.05,962.27,169880
2026-01-28T15:00:00.000Z,962.155,965.785,961.68,965.01,121325
2026-01-28T15:30:00.000Z,965.04,966.52,963.19,965.7,78830
2026-01-28T16:00:00.000Z,965.67,965.91,961.5,961.985,70256
2026-01-28T16:30:00.000Z,961.84,962.04,958.651,959.29,89563
2026-01-28T17:00:00.000Z,959.34,959.44,956.48,957.99,81983
2026-01-28T17:30:00.000Z,958.17,959.39,956.725,957.27,66674
2026-01-28T18:00:00.000Z,956.71,959.32,956.71,958.5,62540
2026-01-28T18:30:00.000Z,958.77,962.87,958.61,962.87,83112
2026-01-28T19:00:00.000Z,962.605,962.79,958.4,959.62,66774
2026-01-28T19:30:00.000Z,959.37,961.645,955.61,958.275,110045
2026-01-28T20:00:00.000Z,958.15,961.47,957.75,960.69,134106
2026-01-28T20:30:00.000Z,960.645,962.88,959.5501,960.76,286916
2026-01-29T14:30:00.000Z,957.99,959.21,950.68,958.3725,182623
2026-01-29T15:00:00.000Z,958.4,960.02,954.16,955.017,111457
2026-01-29T15:30:00.000Z,955.06,958.92,954.64,957.865,86400
2026-01-29T16:00:00.000Z,957.6,960.3,955,955,98196
2026-01-29T16:30:00.000Z,954.805,956.99,953.7865,955.89,81494
2026-01-29T17:00:00.000Z,956.06,957.1099,954.1,955.75,69798
2026-01-29T17:30:00.000Z,955.75,956.07,948.51,950.095,91484
2026-01-29T18:00:00.000Z,949.975,953.36,949,952.37,54995
2026-01-29T18:30:00.000Z,952.41,954.3,950.01,950.01,55713
2026-01-29T19:00:00.000Z,950.22,953.84,949.845,951.5941,67754
2026-01-29T19:30:00.000Z,951.795,953.46,950.425,950.4956,98430
2026-01-29T20:00:00.000Z,950.555,952.456,950.555,951.49,76345
2026-01-29T20:30:00.000Z,951.49,953.69,950.53,953.03,224009
2026-01-30T14:30:00.000Z,948.83,951.12,933,936.775,284438
2026-01-30T15:00:00.000Z,936.775,937.6399,934.2,936.71,180505
2026-01-30T15:30:00.000Z,936.53,938.66,936.015,936.93,89462
2026-01-30T16:00:00.000Z,936.45,938.02,934.8025,936.365,90004
2026-01-30T16:30:00.000Z,935.98,937.135,930.92,931.055,172656
2026-01-30T17:00:00.000Z,931.055,935.08,930.3,934.29,121839
2026-01-30T17:30:00.000Z,934.76,936.05,931.82,931.97,80162
2026-01-30T18:00:00.000Z,931.795,938.45,931.65,938.31,86749
2026-01-30T18:30:00.000Z,938.05,938.64,935.83,938,77415
2026-01-30T19:00:00.000Z,938.0641,939.78,937.61,937.96,67061
2026-01-30T19:30:00.000Z,937.67,941.69,937.67,940.43,67598
2026-01-30T20:00:00.000Z,940.67,941.17,937.44,941.07,136001
2026-01-30T20:30:00.000Z,940.875,942.47,938.36,940.26,332206
2026-02-02T14:30:00.000Z,944.23,951.66,931.27,947.16,274437
2026-02-02T15:00:00.000Z,947.45,950.6,946.26,950.185,165482
2026-02-02T15:30:00.000Z,950.45,953.67,949.0701,953.185,114744
2026-02-02T16:00:00.000Z,953.66,955.8299,952.7701,955.45,112017
2026-02-02T16:30:00.000Z,955.7899,963.26,955.17,962.93,138731
2026-02-02T17:00:00.000Z,963.3,964.75,962.861,963.295,107686
2026-02-02T17:30:00.000Z,963.5552,965.41,963.312,963.65,93817
2026-02-02T18:00:00.000Z,963.735,964.34,961.6901,963.5567,79799
2026-02-02T18:30:00.000Z,963.43,964.49,962.05,964.3,65097
2026-02-02T19:00:00.000Z,964.23,966.6499,963.5292,965.69,100216
2026-02-02T19:30:00.000Z,965.87,968.295,965.2807,968,125053
2026-02-02T20:00:00.000Z,968.19,970.32,967.7,968.435,140374
2026-02-02T20:30:00.000Z,968.45,968.97,965.87,968.39,351084
2026-02-03T14:30:00.000Z,964.35,981.88,964.28,979.615,279854
2026-02-03T15:00:00.000Z,979.2,982.38,976.9201,979.565,219912
2026-02-03T15:30:00.000Z,979.445,983.6264,978.2708,979.637,197467
2026-02-03T16:00:00.000Z,979.915,986.12,979.59,984.75,206051
2026-02-03T16:30:00.000Z,984.8,985.88,981.52,982.36,133698
2026-02-03T17:00:00.000Z,982.36,987.58,981.31,987.1,146564
2026-02-03T17:30:00.000Z,987.1,990.6548,986.44,988.26,191839
2026-02-03T18:00:00.000Z,988.25,989.58,983.8394,984.76,144692
2026-02-03T18:30:00.000Z,985.27,986.57,980.073,980.99,100728
2026-02-03T19:00:00.000Z,980.7,981.85,975.65,976.59,121763
2026-02-03T19:30:00.000Z,976.84,979.52,975.83,976.59,84655
2026-02-03T20:00:00.000Z,976.06,977.125,975,976.75,90848
2026-02-03T20:30:00.000Z,976.75,978.64,975.5,977.69,307850
2026-02-04T14:30:00.000Z,983.31,994.5999,982.645,992.04,385279
2026-02-04T15:00:00.000Z,991.64,993.49,985.91,989.21,243824
2026-02-04T15:30:00.000Z,989.125,993.5,983.13,984.935,145679
2026-02-04T16:00:00.000Z,984.37,989,983.28,986.51,123251
2026-02-04T16:30:00.000Z,986.91,990,985.6701,989.55,84950
2026-02-04T17:00:00.000Z,989.555,993.31,989.3101,992.155,104178
2026-02-04T17:30:00.000Z,992.22,993.42,988.525,988.525,102670
2026-02-04T18:00:00.000Z,988.505,991.25,987.5,988.26,88932
2026-02-04T18:30:00.000Z,988.19,991.44,987.26,991.1032,71159
2026-02-04T19:00:00.000Z,991.6599,992.64,988.7247,989.25,98106
2026-02-04T19:30:00.000Z,989.31,989.62,984.15,984.85,117411
2026-02-04T20:00:00.000Z,984.515,987.16,984.3666,985.485,100980
2026-02-04T20:30:00.000Z,985.485,985.63,975.19,978.31,397041
2026-02-05T14:30:00.000Z,995.5,1000.95,987.33,991.857,438784
2026-02-05T15:00:00.000Z,993,999.88,987.75,998.8982,258753
2026-02-05T15:30:00.000Z,998.985,1000.18,993.76,996.63,288593
2026-02-05T16:00:00.000Z,996.75,999.12,994.94,996.61,178089
2026-02-05T16:30:00.000Z,997,997.16,990,993.16,143610
2026-02-05T17:00:00.000Z,992.91,993.3,989.76,991.79,94516
2026-02-05T17:30:00.000Z,992.025,992.81,989.9725,991.4801,81300
2026-02-05T18:00:00.000Z,991.5,992.9399,988.55,992.1,79365
2026-02-05T18:30:00.000Z,991.665,992.8899,988.6295,990.355,85257
2026-02-05T19:00:00.000Z,990.35,992.92,989.5262,992.8,87275
2026-02-05T19:30:00.000Z,992.67,993.09,988.7,992.79,158014
2026-02-05T20:00:00.000Z,992.63,994.595,992.1301,993.16,124413
2026-02-05T20:30:00.000Z,993.22,994.25,987.39,989.29,354144
2026-02-06T14:30:00.000Z,988.15,994.4,983.5001,994.1493,236170
2026-02-06T15:00:00.000Z,993.99,997.84,992.96,994.495,164283
2026-02-06T15:30:00.000Z,994.79,995.31,992.89,993.1675,114467
2026-02-06T16:00:00.000Z,993.2375,997.02,992.6,995.4056,92094
2026-02-06T16:30:00.000Z,995.325,997.09,994.37,995.63,99255
2026-02-06T17:00:00.000Z,995.625,998.79,995.47,995.95,93999
2026-02-06T17:30:00.000Z,996.13,996.2,993.08,993.08,66587
2026-02-06T18:00:00.000Z,993.205,996.835,992.98,996.43,89580
2026-02-06T18:30:00.000Z,996.64,996.74,994.49,995.73,72333
2026-02-06T19:00:00.000Z,995.86,997.2,995.55,996.81,81223
2026-02-06T19:30:00.000Z,996.783,997.74,995.955,997.59,74813
2026-02-06T20:00:00.000Z,997.59,998.88,997.55,998.285,104174
2026-02-06T20:30:00.000Z,998.09,1001.365,998.07,1000.54,446021
2026-02-09T14:30:00.000Z,1001.32,1009.62,994.5,1000.57,250745
2026-02-09T15:00:00.000Z,1000.825,1001.07,998.325,1000.7499,128691
2026-02-09T15:30:00.000Z,1000.92,1007.8,1000.6138,1003.325,132593
2026-02-09T16:00:00.000Z,1003.45,1004.54,1000.17,1001.24,90757
2026-02-09T16:30:00.000Z,1001.255,1001.91,997.99,998.15,95359
2026-02-09T17:00:00.000Z,998.1,998.1,992.68,994.475,112373
2026-02-09T17:30:00.000Z,994.475,995.86,993.4,995.35,63271
2026-02-09T18:00:00.000Z,995.02,999.56,994.12,997.76,73559
2026-02-09T18:30:00.000Z,997.82,999.4,997.2701,997.695,50769
2026-02-09T19:00:00.000Z,997.695,998.61,997.21,998.3,51079
2026-02-09T19:30:00.000Z,998.3,998.89,997.21,997.98,50187
2026-02-09T20:00:00.000Z,998.03,998.72,997.1901,997.845,62510
2026-02-09T20:30:00.000Z,997.845,998.71,996.81,997.27,186151
2026-02-10T14:30:00.000Z,996.01,997.45,986,995.525,148184
2026-02-10T15:00:00.000Z,995.28,995.45,987.12,988.205,104528
2026-02-10T15:30:00.000Z,987.88,987.9,982.99,985.45,82251
2026-02-10T16:00:00.000Z,985.555,985.555,978.65,980.77,105960
2026-02-10T16:30:00.000Z,981.085,981.8299,978.52,979,57104
2026-02-10T17:00:00.000Z,979,979.3299,977.37,979.2892,58469
2026-02-10T17:30:00.000Z,978.65,979.59,977.5,978.46,51540
2026-02-10T18:00:00.000Z,978.54,979.0299,977.36,978.57,43975
2026-02-10T18:30:00.000Z,978.305,978.79,975.84,977.01,62078
2026-02-10T19:00:00.000Z,977.205,977.415,975.75,977,45695
2026-02-10T19:30:00.000Z,976.66,977.2456,974.78,975.39,58770
2026-02-10T20:00:00.000Z,975.365,976.14,974.9,975.36,66492
2026-02-10T20:30:00.000Z,975.19,975.915,969,971.47,296887
2026-02-11T14:30:00.000Z,973.285,976.02,967.1201,974.44,145943
2026-02-11T15:00:00.000Z,973.82,978.88,973.79,976.695,115173
2026-02-11T15:30:00.000Z,976.8,979.64,974.88,978.17,75146
2026-02-11T16:00:00.000Z,977.9466,981,977.8201,981,80564
2026-02-11T16:30:00.000Z,980.99,982.845,979.57,982.2625,95404
2026-02-11T17:00:00.000Z,982.58,986.645,982.515,986.59,137776
2026-02-11T17:30:00.000Z,986.4881,989.565,986.03,988.98,90043
2026-02-11T18:00:00.000Z,988.965,989.32,984.719,984.975,105347
2026-02-11T18:30:00.000Z,984.975,985.65,981.62,982.4775,128319
2026-02-11T19:00:00.000Z,982.65,983.08,978.89,979.3,73256
2026-02-11T19:30:00.000Z,978.87,980.85,978,980.09,66654
2026-02-11T20:00:00.000Z,980.325,980.73,978.78,979.53,60645
2026-02-11T20:30:00.000Z,979.83,980.47,977.56,978.28,211615
2026-02-12T14:30:00.000Z,978.745,993.98,978.14,989.77,167845
2026-02-12T15:00:00.000Z,990.22,992.27,987,990.5,107260
2026-02-12T15:30:00.000Z,990.71,997.44,990,996.11,145099
2026-02-12T16:00:00.000Z,996.47,1001.425,993.7201,1000.82,285388
2026-02-12T16:30:00.000Z,1000.82,1002.6599,995.77,999.01,194150
2026-02-12T17:00:00.000Z,999.01,999.44,995.5967,997.6319,130645
2026-02-12T17:30:00.000Z,997.54,999.3125,997.06,997.8075,136095
2026-02-12T18:00:00.000Z,997.78,1003,997.78,1002.165,189209
2026-02-12T18:30:00.000Z,1002.15,1005.13,1001.16,1003.885,146228
2026-02-12T19:00:00.000Z,1003.49,1005,1002.3,1005,108268
2026-02-12T19:30:00.000Z,1004.961,1009.21,1004.73,1008.68,169990
2026-02-12T20:00:00.000Z,1008.675,1008.68,1005.77,1006.9786,155750
2026-02-12T20:30:00.000Z,1007.265,1008.07,995.93,999.2,446940
2026-02-13T14:30:00.000Z,1000,1012.3999,993.76,1010.5375,365640
2026-02-13T15:00:00.000Z,1010.565,1014.88,1009.629,1013.15,266650
2026-02-13T15:30:00.000Z,1013.53,1019.71,1012.8,1017.745,221056
2026-02-13T16:00:00.000Z,1017.97,1021.27,1017.14,1020.37,166891
2026-02-13T16:30:00.000Z,1020.73,1021.74,1016.01,1017.87,120869
2026-02-13T17:00:00.000Z,1017.88,1020.65,1017.1301,1019.7001,86349
2026-02-13T17:30:00.000Z,1020.39,1022.88,1019.81,1021,129321
2026-02-13T18:00:00.000Z,1020.99,1021.84,1018.645,1019.61,79033
2026-02-13T18:30:00.000Z,1018.9285,1019.74,1016.13,1016.96,65520
2026-02-13T19:00:00.000Z,1016.64,1019.99,1015.31,1019.43,64867
2026-02-13T19:30:00.000Z,1019.62,1019.8599,1014.36,1014.4234,79964
2026-02-13T20:00:00.000Z,1014.86,1019.645,1013.6,1013.72,181535
2026-02-13T20:30:00.000Z,1013.89,1018.96,1013.21,1018.56,314157
2026-02-17T14:30:00.000Z,1022.34,1028.44,1020.0001,1022,197951
2026-02-17T15:00:00.000Z,1021.99,1021.99,1014,1016.885,120633
2026-02-17T15:30:00.000Z,1016.89,1018.21,1011.54,1012.725,72539
2026-02-17T16:00:00.000Z,1012.46,1016.77,1011.793,1014.0544,89798
2026-02-17T16:30:00.000Z,1014.01,1016.08,1011.61,1015.23,73316
2026-02-17T17:00:00.000Z,1015.215,1015.88,1012.6,1014.32,67325
2026-02-17T17:30:00.000Z,1014.32,1017.08,1011.76,1014.43,73486
2026-02-17T18:00:00.000Z,1014.27,1016.98,1013.0001,1016.18,53128
2026-02-17T18:30:00.000Z,1016.67,1018.42,1015,1015.155,61973
2026-02-17T19:00:00.000Z,1015.04,1016.05,1014.1251,1015.53,68990
2026-02-17T19:30:00.000Z,1015.53,1015.9899,1011.89,1012.075,75899
2026-02-17T20:00:00.000Z,1012.21,1013.514,1010.5001,1011.645,93747
2026-02-17T20:30:00.000Z,1011.645,1012.8484,1010.4801,1011.82,235744
2026-02-18T14:30:00.000Z,1010,1012.49,1004.72,1011.63,140306
2026-02-18T15:00:00.000Z,1011.895,1016,1009.84,1011.69,135791
2026-02-18T15:30:00.000Z,1011.7399,1012.505,1010,1010.41,81798
2026-02-18T16:00:00.000Z,1010.485,1014.045,1009.7064,1012.58,80288
2026-02-18T16:30:00.000Z,1012.515,1013.03,1009.52,1009.62,56988
2026-02-18T17:00:00.000Z,1009.6925,1009.875,1007,1007.825,69900
2026-02-18T17:30:00.000Z,1007.985,1008.085,1005.6001,1005.9347,85880
2026-02-18T18:00:00.000Z,1005.8662,1006.41,1001.0301,1002.69,66958
2026-02-18T18:30:00.000Z,1002.69,1002.755,999.19,1000.8851,71841
2026-02-18T19:00:00.000Z,1000.8936,1002.5,998.416,1000.0601,60806
2026-02-18T19:30:00.000Z,999.88,1000.22,995.19,997.34,79309
2026-02-18T20:00:00.000Z,997.335,997.54,993.5,994.7401,103942
2026-02-18T20:30:00.000Z,994.74,998.45,994.17,995.79,311279
2026-02-19T14:30:00.000Z,992.31,1007.86,988.2,1002.66,189570
2026-02-19T15:00:00.000Z,1002.13,1003.41,997.8,1000.56,99421
2026-02-19T15:30:00.000Z,1000.65,1001.37,998.15,999.44,69685
2026-02-19T16:00:00.000Z,999.21,999.21,990.25,990.54,59483
2026-02-19T16:30:00.000Z,990,993.7599,989.66,992.42,70409
2026-02-19T17:00:00.000Z,992.405,993.0999,989.2701,991.61,43402
2026-02-19T17:30:00.000Z,991.71,992.54,987.25,987.77,62698
2026-02-19T18:00:00.000Z,987.75,988.68,985.07,985.96,64638
2026-02-19T18:30:00.000Z,986.025,989.51,985.85,989.38,49409
2026-02-19T19:00:00.000Z,989.375,990.4,987.22,987.6,39318
2026-02-19T19:30:00.000Z,987.34,987.6298,984.11,985.83,66309
2026-02-19T20:00:00.000Z,985.53,988.325,985.53,987.27,52460
2026-02-19T20:30:00.000Z,987.245,988.67,985.655,987.67,232312
2026-02-20T14:30:00.000Z,983.13,986,977.81,982.3,202830
2026-02-20T15:00:00.000Z,981.625,987.37,981.01,984.56,182255
2026-02-20T15:30:00.000Z,984.56,986.69,980.5,983.3312,88013
2026-02-20T16:00:00.000Z,984.15,985.4999,980.13,980.705,73412
2026-02-20T16:30:00.000Z,980.5753,985.14,979.72,982.995,55373
2026-02-20T17:00:00.000Z,982.77,983.15,978.01,978.4,77365
2026-02-20T17:30:00.000Z,978.43,982.28,978.02,981.5,70565
2026-02-20T18:00:00.000Z,980.77,983.32,980,981.485,41454
2026-02-20T18:30:00.000Z,981.52,983.9902,980.96,983.16,43464
2026-02-20T19:00:00.000Z,983.33,985.5,982.91,985.24,57752
2026-02-20T19:30:00.000Z,985.21,986.62,983.51,985.06,55696
2026-02-20T20:00:00.000Z,985.5699,985.86,984.61,985.5818,58957
2026-02-20T20:30:00.000Z,985.64,986.43,984.215,984.991,177628
2026-02-23T14:30:00.000Z,981.8,991.305,981.25,984.1025,146767.92711599998
2026-02-23T15:00:00.000Z,984.12,984.9525,979.891,984.855,106251.152349
2026-02-23T15:30:00.000Z,984.695,990.48,984.05,989.44,87290.81668100001
2026-02-23T16:00:00.000Z,989.075,989.075,982,984,83798.579306
2026-02-23T16:30:00.000Z,983.895,983.895,978.6701,978.945,68983.41031
2026-02-23T17:00:00.000Z,978.7406,982.37,978.06,981.81,59585.73405600001
2026-02-23T17:30:00.000Z,981.615,981.615,979.61,980.4,48821.728833999994
2026-02-23T18:00:00.000Z,980.5,982.18,979.47,982.18,52701.76154100001
2026-02-23T18:30:00.000Z,981.97,987.45,981.97,987.4,77959.85909099998
2026-02-23T19:00:00.000Z,987.14,987.66,985.555,986.28,79999.101706
2026-02-23T19:30:00.000Z,986.35,988.7,986.35,987.355,60213.44164
2026-02-23T20:00:00.000Z,987.6499,987.99,985.435,985.695,69802.253955
2026-02-23T20:30:00.000Z,985.72,986.6199,983,985.99,197061.618611
2026-02-24T14:30:00.000Z,986.38,995.8501,985.04,992.11,111311.10434000002
2026-02-24T15:00:00.000Z,992.97,996.63,990.59,992.45,117904.65736000001
2026-02-24T15:30:00.000Z,992.335,994.5938,991.74,992.7,62796.961566
2026-02-24T16:00:00.000Z,992.455,996.55,991.96,995.165,62144.433927999984
2026-02-24T16:30:00.000Z,995.4,996.77,993.5325,993.88,68996.917665
2026-02-24T17:00:00.000Z,994.22,995.7,993.69,994.8674,46697.657012
2026-02-24T17:30:00.000Z,994.94,996.08,994.46,994.94,51139.898916000006
2026-02-24T18:00:00.000Z,994.94,995.99,993.49,993.92,53933.948752
2026-02-24T18:30:00.000Z,993.92,995.68,993.49,995.21,43350.18281000001
2026-02-24T19:00:00.000Z,995.28,995.8099,993.47,994.165,68816.11568899998
2026-02-24T19:30:00.000Z,994.16,995.6,993.23,995.08,58497.87459
2026-02-24T20:00:00.000Z,995.23,996.45,994.35,995.3808,72660.73042900002
2026-02-24T20:30:00.000Z,995.46,998.88,993.32,998.02,273878.83677200007
2026-02-25T14:30:00.000Z,997.675,1002.5,993.22,994.79,115423.69603700002
2026-02-25T15:00:00.000Z,995,995.43,991.765,993.375,78503.38751500001
2026-02-25T15:30:00.000Z,993.28,994.22,992.5,992.8101,47662.195571
2026-02-25T16:00:00.000Z,993.225,994.75,993.225,993.49,47937.267705
2026-02-25T16:30:00.000Z,993.49,995.2205,993.2,994.2,43564.436349
2026-02-25T17:00:00.000Z,994.2,994.4199,992.1,992.67,65661.571279
2026-02-25T17:30:00.000Z,992.735,996.27,992.18,995.34,36686.70327
2026-02-25T18:00:00.000Z,995.03,995.28,991.56,992.06,51215.020507
2026-02-25T18:30:00.000Z,992.18,993.86,991.44,993.78,40503.05196
2026-02-25T19:00:00.000Z,993.89,996.045,993.2075,995.995,47557.910667
2026-02-25T19:30:00.000Z,995.995,996.04,993.84,993.845,39776.542525
2026-02-25T20:00:00.000Z,993.87,994.32,992.77,993.2,63978.439125
2026-02-25T20:30:00.000Z,993.16,995.73,991.83,994.76,221153.066246
2026-02-26T14:30:00.000Z,996.915,1005.5199,996.915,1000.61,187150.13482199996
2026-02-26T15:00:00.000Z,1000.4,1002.03,994.6201,994.64,91903.09992300002
2026-02-26T15:30:00.000Z,994.57,994.6082,984.785,987.265,133818.504093
2026-02-26T16:00:00.000Z,986.9,987.6,984.8,985.74,83581.195105
2026-02-26T16:30:00.000Z,985.7,989.9,985.01,988.345,76724.28498099999
2026-02-26T17:00:00.000Z,988.61,989.11,987.1801,988.61,70322.825341
2026-02-26T17:30:00.000Z,988.775,989.2499,986.36,987.04,42877.317371
2026-02-26T18:00:00.000Z,987.16,988.6,985.91,985.91,42838.091901
2026-02-26T18:30:00.000Z,985.55,988.4744,984.86,987.25,45952.299879999984
2026-02-26T19:00:00.000Z,987.26,989.77,986.3,989.45,48689.96563199999
2026-02-26T19:30:00.000Z,989.45,989.455,987.1201,987.1201,37668.320645
2026-02-26T20:00:00.000Z,987.74,989.95,985.3401,987.045,82112.81415300001
2026-02-26T20:30:00.000Z,987.095,987.53,983.53,986.68,209239.72026799998
2026-02-27T14:30:00.000Z,990.53,997.6,990.3201,995.2,211837.66448500004
2026-02-27T15:00:00.000Z,994.815,995.415,989.58,993.77,141674.81362300002
2026-02-27T15:30:00.000Z,993.69,995,992.35,993.685,66269.598889
2026-02-27T16:00:00.000Z,993.93,997.465,993.8,995.35,142029.94452399996
2026-02-27T16:30:00.000Z,995.38,1003.57,995.12,1000.62,173858.077773
2026-02-27T17:00:00.000Z,1000.59,1003.63,1000.41,1001.465,57329.57422499999
2026-02-27T17:30:00.000Z,1001.12,1001.49,998.585,1000.05,59423.766105
2026-02-27T18:00:00.000Z,999.98,1002,998.95,1001.79,44850.312569
2026-02-27T18:30:00.000Z,1001.93,1003.33,1000.4754,1002.9575,68241.98534500001
2026-02-27T19:00:00.000Z,1003.05,1003.87,1000.75,1000.91,90371.77705899999
2026-02-27T19:30:00.000Z,1000.755,1000.84,997.826,999.02,61163.38586500001
2026-02-27T20:00:00.000Z,999.25,1002.08,998.71,1001.095,84488.10898200002
2026-02-27T20:30:00.000Z,1001.26,1014.19,998.42,1011.19,782216.875936
2026-03-02T14:30:00.000Z,1010.91,1020.82,1004.3,1007,275010.95806699997
2026-03-02T15:00:00.000Z,1007.16,1012.47,1005.69,1010.99,101001.10923200002
2026-03-02T15:30:00.000Z,1011.175,1012.5399,1007.3875,1008.43,80492.622197
2026-03-02T16:00:00.000Z,1008.93,1009.35,1005.9001,1006.31,81004.21562000002
2026-03-02T16:30:00.000Z,1006.15,1009.98,1005.36,1009.77,98411.27812200002
2026-03-02T17:00:00.000Z,1009.65,1011.135,1008.09,1008.325,50841.129323
2026-03-02T17:30:00.000Z,1008.32,1011.02,1007.7,1010.215,55127.23169800001
2026-03-02T18:00:00.000Z,1010.13,1010.3,1006.09,1007.675,51050.44187700001
2026-03-02T18:30:00.000Z,1007.615,1007.731,1003.76,1004.1269,59975.452636999995
2026-03-02T19:00:00.000Z,1004.01,1007.09,1003.41,1007.085,81518.035011
2026-03-02T19:30:00.000Z,1007.085,1008.35,1006.065,1007.16,45996.340782
2026-03-02T20:00:00.000Z,1007.21,1007.82,1003.775,1004.735,77637.104935
2026-03-02T20:30:00.000Z,1004.735,1006.51,1002.49,1002.5,240217.015206
2026-03-03T14:30:00.000Z,1002.54,1014.38,1002.14,1009.5,268561.776839
2026-03-03T15:00:00.000Z,1009.15,1013.6899,1002.24,1007.61,145195.66848499994
2026-03-03T15:30:00.000Z,1007.595,1008.295,1000.63,1003.995,110775.659939
2026-03-03T16:00:00.000Z,1003.995,1005.765,1001.66,1002.94,79696.992076
2026-03-03T16:30:00.000Z,1002.78,1006.16,1000.63,1004.94,62674.398180000004
2026-03-03T17:00:00.000Z,1004.78,1006.35,1001.9201,1005.78,71345.602114
2026-03-03T17:30:00.000Z,1005.39,1008.665,1003.1,1007.84,73542.720083
2026-03-03T18:00:00.000Z,1008,1009.88,1007.3,1008.74,57968.93185400002
2026-03-03T18:30:00.000Z,1008.73,1015.75,1008.19,1014.48,92125.495935
2026-03-03T19:00:00.000Z,1014.56,1015.46,1010.4801,1011.62,77625.589003
2026-03-03T19:30:00.000Z,1011,1013.776,1008.2001,1013.3,114073.97504100001
2026-03-03T20:00:00.000Z,1013.11,1013.49,1008.37,1009.12,103961.590177
2026-03-03T20:30:00.000Z,1009.015,1010.4699,1006.175,1007.46,196753.69991700002
2026-03-04T14:30:00.000Z,1005,1011.535,997,998.91,150814.64246299997
2026-03-04T15:00:00.000Z,999.23,1004.51,997.4489,1003.68,89325.70605800001
2026-03-04T15:30:00.000Z,1004.525,1006.735,1002.27,1006.58,85633.97503
2026-03-04T16:00:00.000Z,1005.955,1011.3299,1005.955,1010.035,98241.507305
2026-03-04T16:30:00.000Z,1010.03,1012.56,1009.6801,1012.08,73465.369656
2026-03-04T17:00:00.000Z,1011.87,1012.795,1008.9867,1009.97,51873.719401999995
2026-03-04T17:30:00.000Z,1009.965,1011.47,1007.755,1008.7,78156.92194999997
2026-03-04T18:00:00.000Z,1008.19,1012.035,1008.15,1011.55,65055.56131700001
2026-03-04T18:30:00.000Z,1011.54,1014,1010.17,1010.17,99370.92831700001
2026-03-04T19:00:00.000Z,1010.45,1010.8299,1008.075,1008.075,62205.35318400001
2026-03-04T19:30:00.000Z,1008.1,1010.395,1006.7001,1007.15,61962.01397699999
2026-03-04T20:00:00.000Z,1007.43,1008.995,1006.17,1007.71,67595.050317
2026-03-04T20:30:00.000Z,1007.83,1008.08,1005.6,1006.41,237504.887099
2026-03-05T14:30:00.000Z,996.5,999.25,988.01,991.45,220480.093971
2026-03-05T15:00:00.000Z,991.1063,993.5899,983.415,984.315,193766.90418699995
2026-03-05T15:30:00.000Z,984.07,987.7599,982.94,984.31,113791.597911
2026-03-05T16:00:00.000Z,984.54,984.76,980.19,981.385,113286.80786900001
2026-03-05T16:30:00.000Z,981.34,983.75,978.81,982.7799,126003.8998
2026-03-05T17:00:00.000Z,982.49,984.108,979.79,981.75,78574.357319
2026-03-05T17:30:00.000Z,981.8,985,981.44,984.165,85841.902072
2026-03-05T18:00:00.000Z,984.165,984.465,981.3,982.5,73612.05455
2026-03-05T18:30:00.000Z,983.3,984,979.91,981.31,128835.438189
2026-03-05T19:00:00.000Z,981.22,981.57,979.17,979.9425,107551.071034
2026-03-05T19:30:00.000Z,979.81,983.72,978.95,980.96,118510.40247500001
2026-03-05T20:00:00.000Z,980.86,984.54,980.22,982.5675,175630.04522399997
2026-03-05T20:30:00.000Z,982.66,985.45,979.64,982.26,464868.71348999994
2026-03-06T14:30:00.000Z,967.005,990,960.46,988.1354,427438.1697030001
2026-03-06T15:00:00.000Z,988.32,997,983.7,997,218775.87544800004
2026-03-06T15:30:00.000Z,996.67,997.8,991.81,996.69,161009.531887
2026-03-06T16:00:00.000Z,996.6,999.61,995.8,997.93,142771.91377500002
2026-03-06T16:30:00.000Z,997.858,999.6206,995.43,997.3668,111453.81002299998
2026-03-06T17:00:00.000Z,996.84,997.76,993.0001,995.645,91789.52124599999
2026-03-06T17:30:00.000Z,995.64,998.59,994.57,998.39,89026.45382900002
2026-03-06T18:00:00.000Z,998.035,1002.5,998,998.61,131726.753024
2026-03-06T18:30:00.000Z,998.45,1001.265,997.45,999.46,89019.57797000001
2026-03-06T19:00:00.000Z,999.2,999.98,997.795,999.5425,87116.06368399998
2026-03-06T19:30:00.000Z,999.67,1001.74,999.28,1000.7,71455.701262
2026-03-06T20:00:00.000Z,1000.55,1001.43,997.245,997.26,133306.215177
2026-03-06T20:30:00.000Z,997.49,1000.36,996.19,998.62,290533.07835100003
2026-03-09T13:30:00.000Z,999.63,1006,992.69,994.4,223441.81424000007
2026-03-09T14:00:00.000Z,994.22,995.31,987.99,992.07,117247.98025199998
2026-03-09T14:30:00.000Z,992.6599,997.43,989.6,993.61,186107.56953700003
2026-03-09T15:00:00.000Z,993.66,1005.21,993.21,1002.3901,194097.23905399998
2026-03-09T15:30:00.000Z,1002.39,1004.3,998.62,1001.195,134112.745385
2026-03-09T16:00:00.000Z,1001.2,1003.07,999.77,1001.18,85869.001163
2026-03-09T16:30:00.000Z,1000.9,1004.53,1000.6401,1002.37,97741.22797900002
2026-03-09T17:00:00.000Z,1002.72,1004.17,1000.29,1003.155,93888.48379500001
2026-03-09T17:30:00.000Z,1002.85,1003.85,1001.945,1002.4,62975.06033199998
2026-03-09T18:00:00.000Z,1002.75,1003.7459,999.3201,1000.305,99679.40436099996
2026-03-09T18:30:00.000Z,1000.24,1002.32,999.92,1001.415,86511.01996900002
2026-03-09T19:00:00.000Z,1001.43,1005.05,1000.755,1004.5675,147311.828485
2026-03-09T19:30:00.000Z,1004.66,1007.41,1002.93,1005.15,357746.249798
2026-03-10T13:30:00.000Z,1000.5,1002.5108,996,1000.77,134775.594399
2026-03-10T14:00:00.000Z,1000.13,1007.6931,998.87,1003.645,92595.21489899998
2026-03-10T14:30:00.000Z,1003.645,1004.1136,999,1001.72,79970.25885499998
2026-03-10T15:00:00.000Z,1001.77,1005.05,1001.6325,1004.84,84456.37703700003
2026-03-10T15:30:00.000Z,1004.46,1005.3,1002.82,1004.37,52359.30901
2026-03-10T16:00:00.000Z,1004.23,1006.62,1003.1,1005.36,57168.701663
2026-03-10T16:30:00.000Z,1005.365,1008.38,1004.11,1007.18,60524.627618000006
2026-03-10T17:00:00.000Z,1007.18,1010.1,1006.72,1009.01,73684.264702
2026-03-10T17:30:00.000Z,1009.025,1009.025,1005.29,1006.36,59971.696311
2026-03-10T18:00:00.000Z,1006.9099,1006.9099,1001.51,1003.83,51703.03307299999
2026-03-10T18:30:00.000Z,1003.73,1004.43,999.665,999.87,66992.69267799999
2026-03-10T19:00:00.000Z,1000.12,1001.11,998.23,998.23,63424.010931
2026-03-10T19:30:00.000Z,998.26,1000.19,996.27,997.11,230691.05598500004
2026-03-11T13:30:00.000Z,996.32,997.05,991.18,994.93,100496.94117599998
2026-03-11T14:00:00.000Z,994.46,996.5,990.29,991.06,92226.11236300001
2026-03-11T14:30:00.000Z,991.06,992.02,987.89,990.35,75272.459229
2026-03-11T15:00:00.000Z,990.61,992.76,990,990.76,58372.03480100001
2026-03-11T15:30:00.000Z,990.95,993.275,990.49,992.32,47946.572979000004
2026-03-11T16:00:00.000Z,991.98,995,990.01,994.5578,54426.279371000004
2026-03-11T16:30:00.000Z,994.4287,997.39,994.31,995.225,52738.04489099999
2026-03-11T17:00:00.000Z,995.5,996.04,993.61,994,37424.406397000006
2026-03-11T17:30:00.000Z,994.15,994.4,990.83,992.27,51672.922947
2026-03-11T18:00:00.000Z,992.435,994.285,991.56,993.175,43064.59875699999
2026-03-11T18:30:00.000Z,993.41,993.55,989.93,991.11,45195.7827
2026-03-11T19:00:00.000Z,991.12,991.1399,989.5,990.185,44368.67449200001
2026-03-11T19:30:00.000Z,990.09,993.33,989.365,992.23,219396.026607
2026-03-12T13:30:00.000Z,988.61,995.08,984,994.46,121740.25674900002
2026-03-12T14:00:00.000Z,994.24,994.24,987.66,987.66,74826.66517899997
2026-03-12T14:30:00.000Z,987.66,995.38,987.3,994.285,64353.591293
2026-03-12T15:00:00.000Z,994.285,999.5243,993.86,998.375,79729.01994999997
2026-03-12T15:30:00.000Z,998.37,1000.55,997.9401,999.49,86516.19760299996
2026-03-12T16:00:00.000Z,999.81,1003.23,999.5,1000.42,98106.35980500001
2026-03-12T16:30:00.000Z,999.94,1002.05,998.98,1000.2,61694.72132899999
2026-03-12T17:00:00.000Z,1000.2,1001.27,998.01,1001.27,98199.75632399999
2026-03-12T17:30:00.000Z,1001.46,1005.02,1000.98,1005.02,75632.21704900001
2026-03-12T18:00:00.000Z,1005.09,1006.145,1002.75,1003.545,59417.20445
2026-03-12T18:30:00.000Z,1003.38,1005.21,1002.77,1003.26,52092.140279999985
2026-03-12T19:00:00.000Z,1003.44,1006.085,1002.98,1005.675,116710.418944
2026-03-12T19:30:00.000Z,1005.5,1006.21,1002.52,1003.55,255046.251224
2026-03-13T13:30:00.000Z,1005.9,1012,1002,1010.48,164436.24699699995
2026-03-13T14:00:00.000Z,1010.75,1012.79,1007.13,1009.12,104710.71108299997
2026-03-13T14:30:00.000Z,1009.655,1012.83,1009.04,1010.1213,84523.882201
2026-03-13T15:00:00.000Z,1010.525,1012.82,1005.2272,1005.58,75251.30469500001
2026-03-13T15:30:00.000Z,1005.68,1009.95,1005.08,1009.06,63003.030017000005
2026-03-13T16:00:00.000Z,1009.355,1011.2701,1008.4001,1008.775,49415.886173999985
2026-03-13T16:30:00.000Z,1008.77,1009.36,1007.14,1007.27,46656.11145999999
2026-03-13T17:00:00.000Z,1007.71,1008.9,1005.98,1008,55862.732634000015
2026-03-13T17:30:00.000Z,1007.995,1007.995,1005.905,1006.455,45696.755655
2026-03-13T18:00:00.000Z,1006.11,1010,1005.78,1006.495,63159.37856099999
2026-03-13T18:30:00.000Z,1006.495,1009.49,1006.495,1008.675,48115.46255999999
2026-03-13T19:00:00.000Z,1008.6,1008.63,1005.88,1006.665,52240.64229099999
2026-03-13T19:30:00.000Z,1006.6025,1008.82,1004.561,1008.31,226127.19634799997
2026-03-16T13:30:00.000Z,1010.5,1012.65,1003,1004.37,134701.199872
2026-03-16T14:00:00.000Z,1004.37,1006.79,1002.58,1002.66,110425.129633
2026-03-16T14:30:00.000Z,1002.56,1002.65,995.4301,996.8213,100930.12511
2026-03-16T15:00:00.000Z,996.69,999.1199,995.5,997.8185,64171.69165800001
2026-03-16T15:30:00.000Z,997.71,1000.11,997.71,999.105,45027.903211000004
2026-03-16T16:00:00.000Z,999.23,1002.39,998.905,1001.8,57810.569494999996
2026-03-16T16:30:00.000Z,1001.81,1002.16,1000.13,1001.15,32431.799817000006
2026-03-16T17:00:00.000Z,1001.4,1002.89,1000.21,1000.61,33477.723167
2026-03-16T17:30:00.000Z,1000.76,1001.86,1000.24,1001.14,46372.67897899998
2026-03-16T18:00:00.000Z,1001.47,1002.6323,1000.79,1001.625,44660.490437
2026-03-16T18:30:00.000Z,1001.62,1003.6225,1000.67,1002.79,32554.478755999997
2026-03-16T19:00:00.000Z,1003.02,1003.5636,1001.5,1002.64,49565.90074800001
2026-03-16T19:30:00.000Z,1002.76,1003.5,1000.69,1001.75,167015.25462700002
2026-03-17T13:30:00.000Z,1006.49,1006.49,999.8,1005.46,142717.42991299997
2026-03-17T14:00:00.000Z,1005.3,1006.6325,1002.3483,1005.77,110063.27543700002
2026-03-17T14:30:00.000Z,1006.25,1007.28,1005.15,1005.83,50154.61485300001
2026-03-17T15:00:00.000Z,1006.6399,1008.095,1006.0501,1007.58,52161.45662600001
2026-03-17T15:30:00.000Z,1007.68,1007.68,1005.52,1005.816,32634.341535999996
2026-03-17T16:00:00.000Z,1005.6,1005.6,1004.42,1004.52,30718.365854999996
2026-03-17T16:30:00.000Z,1004.25,1005.41,1003.12,1003.12,27774.790883
2026-03-17T17:00:00.000Z,1003.265,1004,1002.21,1002.5989,31832.915445
2026-03-17T17:30:00.000Z,1002.38,1002.38,999.7801,1001.4601,39010.924429000006
2026-03-17T18:00:00.000Z,1001.61,1001.8243,998.465,999.545,41475.223314999996
2026-03-17T18:30:00.000Z,999.54,999.69,996.785,996.875,46616.167619
2026-03-17T19:00:00.000Z,997.09,997.18,995.615,995.82,49280.170182999995
2026-03-17T19:30:00.000Z,995.705,996.85,994.75,996.52,164865.141201
2026-03-18T13:30:00.000Z,990.37,993.9819,988.32,989.8499,84707.64079000002
2026-03-18T14:00:00.000Z,989.155,991,986.955,988.5,77550.897849
2026-03-18T14:30:00.000Z,988.38,989.2399,985.9,989,57148.603835999995
2026-03-18T15:00:00.000Z,988.9,989.515,985.5,986.1752,53186.56033100001
2026-03-18T15:30:00.000Z,986.41,988.8499,986.15,988.34,40480.423646999996
2026-03-18T16:00:00.000Z,988.04,989.2506,987.35,987.35,38001.821585000005
2026-03-18T16:30:00.000Z,987.1,990.45,986.99,987.99,52304.526138999994
2026-03-18T17:00:00.000Z,987.995,988.425,983.54,984.48,59363.362009000004
2026-03-18T17:30:00.000Z,984.3,986.55,983.75,986.475,45443.898809000006
2026-03-18T18:00:00.000Z,986.8199,987.15,984.26,986.18,48100.810399
2026-03-18T18:30:00.000Z,986.49,986.73,983.8,985.56,65166.449118
2026-03-18T19:00:00.000Z,985.87,986.36,983.96,984.125,68800.046146
2026-03-18T19:30:00.000Z,984.185,985.96,978.14,979.92,289163.49814
2026-03-19T13:30:00.000Z,985.84,988.79,980.91,983.21,151383.98310600003
2026-03-19T14:00:00.000Z,983.385,984.24,979.62,979.68,62982.68464100001
2026-03-19T14:30:00.000Z,979.63,981.96,976.345,976.495,59194.00282
2026-03-19T15:00:00.000Z,976.49,977.62,970.41,971.715,83424.71581999998
2026-03-19T15:30:00.000Z,971.83,974.89,970.735,974.73,65270.64548299999
2026-03-19T16:00:00.000Z,974.68,977.16,974.06,975.386,74602.063737
2026-03-19T16:30:00.000Z,975.27,976.64,974.31,976.16,62785.686030000004
2026-03-19T17:00:00.000Z,975.96,979.8199,975.66,979.17,57615.052091
2026-03-19T17:30:00.000Z,979.12,980.1,977.62,978.41,50355.50979299999
2026-03-19T18:00:00.000Z,978.23,978.7599,975.0101,975.0101,51018.40443299999
2026-03-19T18:30:00.000Z,975.15,975.2,972.03,973.81,63583.815142
2026-03-19T19:00:00.000Z,973.8,979.295,973.8,976.46,69621.340456
2026-03-19T19:30:00.000Z,976.52,977.48,974.5,974.7,150834.194768
2026-03-20T13:30:00.000Z,975.08,980.73,974.05,980.37,488058.0966449999
2026-03-20T14:00:00.000Z,980.105,980.2,973.6,974.65,87676.40615300003
2026-03-20T14:30:00.000Z,974.66,975.02,971.69,974.02,79439.30231
2026-03-20T15:00:00.000Z,975,978.36,974.021,977.75,48833.71886699999
2026-03-20T15:30:00.000Z,977.77,978.99,975.5901,977.515,46745.288168
2026-03-20T16:00:00.000Z,977.5,978.7999,975.8101,976.97,58126.909600000006
2026-03-20T16:30:00.000Z,977.23,979.54,976.61,979.12,36550.33965199999
2026-03-20T17:00:00.000Z,979.205,980.58,977.42,979.7975,49072.432228000005
2026-03-20T17:30:00.000Z,979.94,980.76,978.16,979.08,30889.744869
2026-03-20T18:00:00.000Z,979.08,979.46,976.0187,976.395,57061.403857
2026-03-20T18:30:00.000Z,976.435,977.1199,974.635,976.915,82433.07523099998
2026-03-20T19:00:00.000Z,976.915,977.7499,974.08,975.1501,88093.061779
2026-03-20T19:30:00.000Z,975.36,975.56,970.54,972.59,257684.539181
2026-03-23T13:30:00.000Z,985.665,986.64,964.53,971.17,188471.40390699997
2026-03-23T14:00:00.000Z,971.16,973.48,969.385,972.61,117351.302181
2026-03-23T14:30:00.000Z,972.28,975.71,970.2001,971.48,69215.47468799999
2026-03-23T15:00:00.000Z,971.73,974.665,971.16,972.5093,52234.43678800001
2026-03-23T15:30:00.000Z,972.53,974.6,971.6,974.14,42518.476349000004
2026-03-23T16:00:00.000Z,973.455,973.73,969.75,969.86,63296.052674
2026-03-23T16:30:00.000Z,970.09,971.98,969.11,970.17,52149.245273
2026-03-23T17:00:00.000Z,970.18,971.17,965.32,967.17,54428.08231500001
2026-03-23T17:30:00.000Z,967.28,971.58,966.47,971.15,81102.40331000001
2026-03-23T18:00:00.000Z,971.15,971.47,967.63,968.57,44505.875512000006
2026-03-23T18:30:00.000Z,968.835,970.7999,966.41,966.86,56703.438911
2026-03-23T19:00:00.000Z,966.86,968.145,966,967.08,70888.29796
2026-03-23T19:30:00.000Z,967.07,968.63,965.51,965.62,227051.72092700002
2026-03-24T13:30:00.000Z,962.06,971.85,961,971.11,105481.06874300001
2026-03-24T14:00:00.000Z,970.955,977.08,970.95,974.79,78037.076556
2026-03-24T14:30:00.000Z,974.625,978.98,973.85,976.12,67869.759246
2026-03-24T15:00:00.000Z,976.81,979.67,976.3957,979.0299,58022.580051000004
2026-03-24T15:30:00.000Z,979.12,981.28,976.66,977.31,45580.62519499999
2026-03-24T16:00:00.000Z,977.16,979.075,976.01,978.725,40320.716796999994
2026-03-24T16:30:00.000Z,978.6,980.76,978.09,980.5,59027.746187
2026-03-24T17:00:00.000Z,980.7599,980.87,977.28,978.18,45647.241438000005
2026-03-24T17:30:00.000Z,978.19,978.5499,975.08,977,41359.068595
2026-03-24T18:00:00.000Z,977.0201,977.39,974.99,976.585,36562.057966
2026-03-24T18:30:00.000Z,976.78,978.3599,976.353,976.9,35031.271196
2026-03-24T19:00:00.000Z,976.555,977.3599,974.01,974.775,35039.325601
2026-03-24T19:30:00.000Z,974.42,974.89,972.13,974.02,128571.69931
2026-03-25T13:30:00.000Z,978,980.81,972.5,973.1,105825.22764199998
2026-03-25T14:00:00.000Z,973.41,973.7299,968.0504,970.96,91999.18628399998
2026-03-25T14:30:00.000Z,971.035,975.23,970.5,974.1426,58906.99911299999
2026-03-25T15:00:00.000Z,974.78,978.24,974.78,977.64,54583.816562
2026-03-25T15:30:00.000Z,978,978.37,976.8001,977.735,39102.291733
2026-03-25T16:00:00.000Z,977.49,977.61,975.52,976.925,33349.447299
2026-03-25T16:30:00.000Z,976.74,977.99,975.31,976.48,31950.910600999992
2026-03-25T17:00:00.000Z,976.1601,977.44,975.495,977.11,33437.82416800001
2026-03-25T17:30:00.000Z,977.06,978.27,976.42,977.32,35779.999558
2026-03-25T18:00:00.000Z,977.03,977.61,976.24,976.755,82653.47581800004
2026-03-25T18:30:00.000Z,976.71,976.78,973.13,974.985,51543.387133
2026-03-25T19:00:00.000Z,974.88,976.99,973.66,975.72,53052.46991799999
2026-03-25T19:30:00.000Z,975.64,975.92,974.275,974.96,114426.13678599999
2026-03-26T13:30:00.000Z,975.69,986.04,972.7201,985.94,93635.14595400002
2026-03-26T14:00:00.000Z,986.03,986.03,980.79,983.39,64739.524407000004
2026-03-26T14:30:00.000Z,983.39,987.19,981.23,983.455,64939.61574600001
2026-03-26T15:00:00.000Z,984.0001,984.7,981.1419,981.56,49087.69149800001
2026-03-26T15:30:00.000Z,981.245,982.8,979.52,982.2092,39527.096044000005
2026-03-26T16:00:00.000Z,982.67,983.8688,981.0786,982.42,36755.803490000006
2026-03-26T16:30:00.000Z,982.18,986.27,981.03,985.991,44913.541729000004
2026-03-26T17:00:00.000Z,986,986.01,983.35,985.118,49296.76471599999
2026-03-26T17:30:00.000Z,984.99,986,983.62,984.99,51444.985491
2026-03-26T18:00:00.000Z,985.205,985.5,982.35,983.805,65198.836056
2026-03-26T18:30:00.000Z,983.87,983.87,981,981.17,63876.661931
2026-03-26T19:00:00.000Z,981.25,982.19,979,979.69,109785.50461999998
2026-03-26T19:30:00.000Z,979.56,980.64,977.29,979.56,204991.981799
2026-03-27T13:30:00.000Z,982.015,986.23,978.11,985.765,96111.218978
2026-03-27T14:00:00.000Z,985.5,987.11,980.52,981.49,104188.488155
2026-03-27T14:30:00.000Z,981.32,986.015,980.87,984.77,63331.387058
2026-03-27T15:00:00.000Z,984.83,985.5,981.3,984.7,44707.15328099999
2026-03-27T15:30:00.000Z,984.98,985.543,983.83,984.45,43652.753494
2026-03-27T16:00:00.000Z,984.96,984.97,982.91,983.55,38259.136233000005
2026-03-27T16:30:00.000Z,983.22,985.3594,983.18,984.37,42552.396687
2026-03-27T17:00:00.000Z,984.09,986,983.82,984.67,46334.326324
2026-03-27T17:30:00.000Z,984.9,985.36,983.575,984.6173,55572.824650999995
2026-03-27T18:00:00.000Z,984.45,984.5,980.71,981.71,70905.942156
2026-03-27T18:30:00.000Z,981.4,983.57,981.17,983.105,62893.83771099999
2026-03-27T19:00:00.000Z,983.29,984.48,980.48,982.01,105415.266547
2026-03-27T19:30:00.000Z,982.17,984.91,980.67,983.38,281369.084135
2026-03-30T13:30:00.000Z,987.65,995.63,985.01,992.675,168776.552711
2026-03-30T14:00:00.000Z,992.67,995.99,990.6006,994.26,79850.086161
2026-03-30T14:30:00.000Z,994.125,1004.82,994.125,1002.605,160624.51970399995
2026-03-30T15:00:00.000Z,1003.06,1005.54,1000.68,1003.42,155353.77171800006
2026-03-30T15:30:00.000Z,1003.42,1005.11,1000.24,1001.65,83143.814245
2026-03-30T16:00:00.000Z,1001.37,1002.06,999.1534,1001.37,67309.24454999999
2026-03-30T16:30:00.000Z,1001.19,1003.6,1001.19,1003.51,54308.237413999996
2026-03-30T17:00:00.000Z,1003.7999,1003.9799,1001.27,1002.125,68299.550288
2026-03-30T17:30:00.000Z,1002.15,1002.47,997.32,998.12,89590.01841599998
2026-03-30T18:00:00.000Z,998.01,1002,997.18,1000.711,94763.035678
2026-03-30T18:30:00.000Z,1000.87,1001.01,996.98,997.89,67229.98712800001
2026-03-30T19:00:00.000Z,997.765,997.99,993.7,994.58,84756.73189299997
2026-03-30T19:30:00.000Z,994.51,997.57,993.18,996.341,278972.971159
2026-03-31T13:30:00.000Z,997,1008.6,997,999.23,153241.61484400003
2026-03-31T14:00:00.000Z,998.94,999.67,990.55,995.34,136765.222992
2026-03-31T14:30:00.000Z,994.68,995.78,989.51,991.6,99232.271029
2026-03-31T15:00:00.000Z,991.585,996.545,991.585,992.59,67720.75897100002
2026-03-31T15:30:00.000Z,992.28,996.53,992.26,992.995,58993.228214
2026-03-31T16:00:00.000Z,992.9,996.1699,992.9,994.42,39757.08918
2026-03-31T16:30:00.000Z,994.42,997.77,993.54,996.345,73203.13391300001
2026-03-31T17:00:00.000Z,996.76,996.9799,991.3199,991.75,65948.549769
2026-03-31T17:30:00.000Z,991.238,995.35,991.238,994.5275,64161.771962
2026-03-31T18:00:00.000Z,994.14,994.94,990.21,991.44,74970.54171199999
2026-03-31T18:30:00.000Z,991.425,991.425,985.85,987.54,129320.08451100001
2026-03-31T19:00:00.000Z,987.16,989.25,986,988.58,105042.90612099999
2026-03-31T19:30:00.000Z,988.44,999.9,988.26,996.43,451454.415586
2026-04-01T13:30:00.000Z,995.025,1000.99,990.59,999.25,153230.390023
2026-04-01T14:00:00.000Z,998.66,998.7299,992.93,992.93,105811.188426
2026-04-01T14:30:00.000Z,993.405,1003.13,993.405,999.35,93020.854322
2026-04-01T15:00:00.000Z,999.375,999.73,995.85,997.435,96781.47861600001
2026-04-01T15:30:00.000Z,997.26,998.5,993.1,993.97,86160.21198699999
2026-04-01T16:00:00.000Z,994.02,995.1,992.1,992.98,59366.98502099999
2026-04-01T16:30:00.000Z,992.99,996.46,992.71,994.01,46353.521494000015
2026-04-01T17:00:00.000Z,993.79,994.25,992.0001,993.8316,58557.35198500001
2026-04-01T17:30:00.000Z,993.12,994.3399,992.2,993.11,62184.90831399999
2026-04-01T18:00:00.000Z,993.23,996.76,993.03,994.555,65712.22405500001
2026-04-01T18:30:00.000Z,994.555,997.9,994.555,997.24,67834.10549999999
2026-04-01T19:00:00.000Z,996.8,998.51,996.8,998.245,63218.37661
2026-04-01T19:30:00.000Z,997.99,1000.24,995.83,996.77,213906.418905
2026-04-02T13:30:00.000Z,1008,1016,999.21,1008.2,305965.35482000007
2026-04-02T14:00:00.000Z,1008.19,1008.6937,1002.25,1006.67,117283.09344500005
2026-04-02T14:30:00.000Z,1006.74,1008.56,1005,1007.33,83846.64212200003
2026-04-02T15:00:00.000Z,1007.61,1008,1004.32,1007.57,77067.62069099999
2026-04-02T15:30:00.000Z,1007.95,1008.77,1004.83,1005.29,51725.665031
2026-04-02T16:00:00.000Z,1005.3,1008.0499,1004.8201,1007.62,52176.406498000004
2026-04-02T16:30:00.000Z,1007.9975,1010.64,1007.8191,1008.835,66061.303544
2026-04-02T17:00:00.000Z,1008.99,1009.62,1007.875,1007.875,43589.61127399999
2026-04-02T17:30:00.000Z,1008,1008.41,1006.7,1007.69,66669.683591
2026-04-02T18:00:00.000Z,1007.91,1008.89,1006.16,1008.415,137490.179343
2026-04-02T18:30:00.000Z,1008.6,1009.86,1007.83,1009.39,63277.64888699999
2026-04-02T19:00:00.000Z,1009.58,1010.79,1008.64,1010,85774.821295
2026-04-02T19:30:00.000Z,1009.84,1015,1009.67,1014.8,302593.37716599996
2026-04-06T13:30:00.000Z,1014.96,1017.46,1004.01,1012.92,134715.75119099996
2026-04-06T14:00:00.000Z,1013.34,1015.59,1011.8502,1014.44,91935.767458
2026-04-06T14:30:00.000Z,1014.93,1015.06,1010.25,1013.6727,63634.322145999984
2026-04-06T15:00:00.000Z,1013.67,1017,1013.21,1016.41,96033.478225
2026-04-06T15:30:00.000Z,1016.35,1017.14,1014.11,1016.57,68278.459037
2026-04-06T16:00:00.000Z,1016.66,1017,1014.55,1014.72,38677.129577
2026-04-06T16:30:00.000Z,1014.72,1016,1014.55,1015.875,42036.00229
2026-04-06T17:00:00.000Z,1015.93,1017,1014.9701,1016.99,47640.266306
2026-04-06T17:30:00.000Z,1017,1018.72,1016.61,1017.84,43372.894532
2026-04-06T18:00:00.000Z,1017.84,1020.43,1017.09,1020.2,80984.78799400003
2026-04-06T18:30:00.000Z,1020.27,1020.65,1018.28,1020.27,49923.720194999994
2026-04-06T19:00:00.000Z,1020.11,1020.69,1018.86,1019.62,51674.450187999995
2026-04-06T19:30:00.000Z,1019.61,1020.66,1017.37,1018.825,216953.69817
2026-04-07T13:30:00.000Z,1020.26,1020.86,1010.81,1012.5,113449.93676299998
2026-04-07T14:00:00.000Z,1012.595,1014.74,1009.181,1010.81,90114.049512
2026-04-07T14:30:00.000Z,1010.885,1015.72,1010.7401,1013.74,54273.688596
2026-04-07T15:00:00.000Z,1013.805,1014.29,1010.53,1012.345,63680.706036999996
2026-04-07T15:30:00.000Z,1012.42,1013.81,1011.69,1012.11,42852.35740899999
2026-04-07T16:00:00.000Z,1011.51,1013.06,1011.0101,1012.38,46544.793312999995
2026-04-07T16:30:00.000Z,1011.75,1012.44,1009.5,1009.9,39939.59558499999
2026-04-07T17:00:00.000Z,1009.88,1010.24,1007.2,1009.295,49862.709000999996
2026-04-07T17:30:00.000Z,1009.28,1010.74,1007.5,1008.2399,41629.659137
2026-04-07T18:00:00.000Z,1008.19,1008.49,1005.66,1007.7,57489.389242000005
2026-04-07T18:30:00.000Z,1007.71,1007.94,1004.94,1005.4594,51302.27962700001
2026-04-07T19:00:00.000Z,1005.55,1010.96,1004.85,1009.955,134877.97215100002
2026-04-07T19:30:00.000Z,1009.9475,1013.53,1008.96,1013.21,253216.20695000002
2026-04-08T13:30:00.000Z,1004.44,1018,1000,1017.185,251362.80673599997
2026-04-08T14:00:00.000Z,1017.46,1021.47,1014.6,1015.92,169749.68692
2026-04-08T14:30:00.000Z,1016.02,1025.54,1015.19,1024.23,161902.42506900002
2026-04-08T15:00:00.000Z,1024.71,1025.6599,1020.2201,1022.55,91332.193098
2026-04-08T15:30:00.000Z,1022.55,1026,1022.55,1024.12,109757.78230999998
2026-04-08T16:00:00.000Z,1024.18,1025,1022.11,1023.9,59769.74816100001
2026-04-08T16:30:00.000Z,1023.695,1025,1022.86,1024.52,73354.051737
2026-04-08T17:00:00.000Z,1024.52,1026,1023.745,1023.92,58222.979526999996
2026-04-08T17:30:00.000Z,1023.92,1025.75,1022.6675,1024.15,49612.40906099999
2026-04-08T18:00:00.000Z,1024.22,1026.1,1023.41,1024.13,57788.862353
2026-04-08T18:30:00.000Z,1024.54,1026.33,1024.29,1025.08,62626.502369999995
2026-04-08T19:00:00.000Z,1024.78,1026.33,1024.15,1025.8,85476.35829299997
2026-04-08T19:30:00.000Z,1025.68,1030.46,1025.27,1030.36,268462.142505
2026-04-09T13:30:00.000Z,1029.49,1033.78,1025.0569,1033.73,122537.38176099997
2026-04-09T14:00:00.000Z,1033.575,1034.6399,1028.71,1032.245,117362.19593899998
2026-04-09T14:30:00.000Z,1032.62,1035.01,1028.22,1028.3,73590.05532
2026-04-09T15:00:00.000Z,1028.3434,1030.7699,1027.7401,1029.32,57674.813095
2026-04-09T15:30:00.000Z,1029.23,1032,1027.58,1031.48,80462.85743600002
2026-04-09T16:00:00.000Z,1031.46,1033.3299,1029.7801,1032.205,48952.88151400001
2026-04-09T16:30:00.000Z,1032.38,1034.4699,1032.0101,1033.565,48205.69977399999
2026-04-09T17:00:00.000Z,1033.6,1035.51,1033.6,1035.04,46350.107587999984
2026-04-09T17:30:00.000Z,1035.38,1035.78,1034.0001,1035.37,47976.032325
2026-04-09T18:00:00.000Z,1034.95,1035.82,1033.6801,1034.6,51828.406391000004
2026-04-09T18:30:00.000Z,1034.6,1034.86,1032.6,1033.115,46098.593572
2026-04-09T19:00:00.000Z,1033.13,1034.5,1032.251,1033.37,86101.94205000001
2026-04-09T19:30:00.000Z,1033.36,1034.44,1031.72,1032.16,180407.63026799998
2026-04-10T13:30:00.000Z,1026.51,1028.9999,1009,1009.48,198625.49093300002
2026-04-10T14:00:00.000Z,1009.47,1011,1007.11,1009.2199,140442.97044
2026-04-10T14:30:00.000Z,1008.89,1009.22,1002.585,1004.31,135882.09113000002
2026-04-10T15:00:00.000Z,1004.2,1005.18,1000.85,1001.73,102806.16311499999
2026-04-10T15:30:00.000Z,1001.73,1006.4,1001.72,1005.04,92053.130441
2026-04-10T16:00:00.000Z,1005.295,1006.61,1002.5,1002.5,67066.069218
2026-04-10T16:30:00.000Z,1002.52,1004.97,1002.35,1002.92,66129.28559700001
2026-04-10T17:00:00.000Z,1002.33,1002.355,996.04,997.575,152844.17932400003
2026-04-10T17:30:00.000Z,997.355,998.7599,995.5,997.854,149541.338964
2026-04-10T18:00:00.000Z,997.77,998.81,997.05,997.99,54690.427172
2026-04-10T18:30:00.000Z,998.0125,999,997,998.245,64077.03068300001
2026-04-10T19:00:00.000Z,998.45,998.5,996,996.895,108310.55043899998
2026-04-10T19:30:00.000Z,997.06,999.99,995.575,998.79,345767.6781780001
2026-04-13T13:30:00.000Z,998.47,1000.05,991.85,993.58,151475.11195600004
2026-04-13T14:00:00.000Z,994.32,994.545,991.07,992,74790.49450500001
2026-04-13T14:30:00.000Z,992,992.4554,987.5,988.03,100012.11818099998
2026-04-13T15:00:00.000Z,988.025,989.015,981.61,982.955,142490.30767399995
2026-04-13T15:30:00.000Z,982.67,984.275,982.2,983.67,82694.58040299999
2026-04-13T16:00:00.000Z,983.715,984.24,982.41,982.81,67128.39022
2026-04-13T16:30:00.000Z,982.83,984.36,982.55,982.81,73967.21095100002
2026-04-13T17:00:00.000Z,982.55,985.699,982.29,985.26,76920.66043799998
2026-04-13T17:30:00.000Z,985.39,986.9899,985.185,986.9899,78398.99532
2026-04-13T18:00:00.000Z,986.625,988,984.65,984.65,79142.68089199999
2026-04-13T18:30:00.000Z,984.65,984.65,980.04,980.3,109180.46449900002
2026-04-13T19:00:00.000Z,980.215,981.68,979.3601,981.28,136793.479014
2026-04-13T19:30:00.000Z,980.96,982.63,979.41,980.65,341188.779437
2026-04-14T13:30:00.000Z,973.68,976,966,968.715,244644.54142
2026-04-14T14:00:00.000Z,969.06,971.77,966.25,971,144645.71339199998
2026-04-14T14:30:00.000Z,971.025,971.51,969.4711,971.285,123133.94478600001
2026-04-14T15:00:00.000Z,970.96,971.88,969.16,969.9722,88122.00542799999
2026-04-14T15:30:00.000Z,970.075,972.22,968.72,971.89,117160.33524199999
2026-04-14T16:00:00.000Z,971.79,973.6799,970,973.4525,71745.407217
2026-04-14T16:30:00.000Z,973.59,974.54,972.9227,973.705,64434.288023
2026-04-14T17:00:00.000Z,973.7,974.94,972.04,972.49,77019.56311100001
2026-04-14T17:30:00.000Z,972.4,973.66,972.03,973.5,60667.41256
2026-04-14T18:00:00.000Z,973.425,976,973.425,975.45,82558.51089900002
2026-04-14T18:30:00.000Z,975.04,975.4,974.42,974.62,56756.262526000006
2026-04-14T19:00:00.000Z,974.395,977.61,974.395,977.15,88073.595938
2026-04-14T19:30:00.000Z,977.19,977.61,973.75,974.65,255604.470251
2026-04-15T13:30:00.000Z,970.31,978.6999,968.3,974.91,194105.5899639999
2026-04-15T14:00:00.000Z,974.67,975.5,972.7,974.11,107985.063335
2026-04-15T14:30:00.000Z,974.11,975.47,972.27,974.33,81250.13060799999
2026-04-15T15:00:00.000Z,974.36,976.91,974.3401,976.67,66475.585835
2026-04-15T15:30:00.000Z,976.8608,977.96,975.81,976.335,85831.74063199999
2026-04-15T16:00:00.000Z,976.4,977.93,975.56,976.79,65347.924383000005
2026-04-15T16:30:00.000Z,976.51,983.99,976.38,982.115,129334.782358
2026-04-15T17:00:00.000Z,982.175,985.38,981.81,984.28,95236.232856
2026-04-15T17:30:00.000Z,984.41,984.49,982.6,983.57,72189.02027000002
2026-04-15T18:00:00.000Z,983.44,984.1475,982.2,982.86,78899.05184300001
2026-04-15T18:30:00.000Z,982.93,983.5,981.81,983.5,64539.003043
2026-04-15T19:00:00.000Z,983.47,985,983.4037,984.565,72141.00754100001
2026-04-15T19:30:00.000Z,984.56,985.21,982.89,984.78,278351.797317
2026-04-16T13:30:00.000Z,985,995.748,984,992.055,155036.885184
2026-04-16T14:00:00.000Z,992.26,993.355,988.3801,990.28,109353.56138300004
2026-04-16T14:30:00.000Z,990.255,990.99,987.5,988.76,63787.421292999985
2026-04-16T15:00:00.000Z,988.815,989.33,987,987.95,76435.693559
2026-04-16T15:30:00.000Z,988.49,989.5,987.35,988.075,47233.57421
2026-04-16T16:00:00.000Z,988.075,988.4,986.65,987.075,34373.449328999995
2026-04-16T16:30:00.000Z,987.25,988.98,985.37,985.695,41581.028477
2026-04-16T17:00:00.000Z,985.95,986.93,985.615,985.615,33316.194282000004
2026-04-16T17:30:00.000Z,985.605,988.78,985.56,988.625,48620.44163900002
2026-04-16T18:00:00.000Z,988.625,988.625,982.26,982.7,128810.61230699997
2026-04-16T18:30:00.000Z,982.845,983.8,981.61,983.255,65655.14241400002
2026-04-16T19:00:00.000Z,983.37,985.11,983.0601,985.03,59970.78967600001
2026-04-16T19:30:00.000Z,985.03,988.47,984.58,987.21,256133.958165
2026-04-17T13:30:00.000Z,985,990.5794,977,989.7,338747.7651259999
2026-04-17T14:00:00.000Z,989.435,991.21,983.61,984.0301,127408.85457999998
2026-04-17T14:30:00.000Z,984.3,985.5399,982.636,985.22,84184.389501
2026-04-17T15:00:00.000Z,985.22,987,983.83,986.6,84406.153111
2026-04-17T15:30:00.000Z,986.74,988.86,986.48,987.91,62992.22496899998
2026-04-17T16:00:00.000Z,987.9,990.37,987.9,989.64,56910.10959399998
2026-04-17T16:30:00.000Z,989.24,991.06,989.24,990.49,56898.098090999985
2026-04-17T17:00:00.000Z,990.81,992.7,990.46,991.72,179820.101839
2026-04-17T17:30:00.000Z,991.75,993.91,991.215,993.715,57456.97182499999
2026-04-17T18:00:00.000Z,993.725,995.88,992.1801,995.6,95191.71254499999
2026-04-17T18:30:00.000Z,995.95,998.08,995.72,996.91,91900.38747900001
2026-04-17T19:00:00.000Z,996.8,998.47,996.69,997.34,87262.250874
2026-04-17T19:30:00.000Z,997.41,1000.67,997.33,999.63,388449.086238
2026-04-20T13:30:00.000Z,1003.85,1011.3,1002.9,1007.019,194017.27529100003
2026-04-20T14:00:00.000Z,1007.02,1009.13,1003.5101,1004.37,100052.617762
2026-04-20T14:30:00.000Z,1004.65,1004.77,1000,1002.8,65335.207335
2026-04-20T15:00:00.000Z,1002.46,1006.4472,1001.39,1005.6,89013.898036
2026-04-20T15:30:00.000Z,1005.08,1006.36,1003.6301,1004.11,73529.64648899999
2026-04-20T16:00:00.000Z,1003.875,1003.885,1000.54,1001.61,61642.225583
2026-04-20T16:30:00.000Z,1001.48,1002.54,1000.2,1002.26,39967.339603999986
2026-04-20T17:00:00.000Z,1002.5599,1002.5599,1001.1701,1001.685,35891.33444
2026-04-20T17:30:00.000Z,1001.48,1002.571,1000.91,1001.895,46094.568813
2026-04-20T18:00:00.000Z,1001.7,1002.58,1000.5,1000.64,55637.87570699999
2026-04-20T18:30:00.000Z,1000.64,1001.45,998.48,998.86,65769.42588499999
2026-04-20T19:00:00.000Z,998.715,999.2499,995.445,996.7,60808.148662000014
2026-04-20T19:30:00.000Z,996.355,998.22,994.14,997.75,204100.42732900003
2026-04-21T13:30:00.000Z,994.37,998.24,986.7,994.715,162333.99223099998
2026-04-21T14:00:00.000Z,995.29,999.85,994.54,999.15,82105.07417899997
2026-04-21T14:30:00.000Z,998.64,1000.87,996.25,999.83,62893.9911
2026-04-21T15:00:00.000Z,999.66,1001.31,997.85,999.395,52969.92170200001
2026-04-21T15:30:00.000Z,999.15,1000.64,997.97,998.655,59873.934079000006
2026-04-21T16:00:00.000Z,999.1,1002.44,998.5447,1001.5,58286.713494999996
2026-04-21T16:30:00.000Z,1001.72,1003.85,1000.57,1000.82,46622.395499000006
2026-04-21T17:00:00.000Z,1000.835,1004.37,999.86,1003.105,58873.047282999985
2026-04-21T17:30:00.000Z,1003.7399,1005.99,1002.59,1003.58,50763.93513599999
2026-04-21T18:00:00.000Z,1003.47,1004.095,1002.52,1002.56,38133.43846500001
2026-04-21T18:30:00.000Z,1002.25,1004.2099,1002.04,1004.0863,44931.557370999995
2026-04-21T19:00:00.000Z,1004.14,1005,1002.7,1004.2501,56974.05542800001
2026-04-21T19:30:00.000Z,1004.34,1006.5,1003.1201,1005.81,173197.58705200002
2026-04-22T13:30:00.000Z,1004.98,1006.2,998.29,1005.24,121223.881254
2026-04-22T14:00:00.000Z,1005.22,1006.21,1002.4,1003.93,62238.311932
2026-04-22T14:30:00.000Z,1003.93,1007.21,1003.93,1006.65,60586.473010999995
2026-04-22T15:00:00.000Z,1006.68,1008.1,1006.36,1006.975,51584.59652800001
2026-04-22T15:30:00.000Z,1006.975,1008.11,1006.24,1006.8738,43365.84526799998
2026-04-22T16:00:00.000Z,1007.15,1008,1004.215,1004.215,36079.649773000005
2026-04-22T16:30:00.000Z,1004.13,1005.63,1003.5001,1004.2163,35600.547382
2026-04-22T17:00:00.000Z,1004.51,1005.64,1003.73,1005.065,30449.891915
2026-04-22T17:30:00.000Z,1005.41,1006.75,1004.04,1004.56,26905.429777999998
2026-04-22T18:00:00.000Z,1004.23,1004.8,1002.54,1002.6,33379.568404
2026-04-22T18:30:00.000Z,1002.49,1004.58,1001.3501,1001.68,53885.404965
2026-04-22T19:00:00.000Z,1001.56,1004.96,1001.56,1004.53,69048.523049
2026-04-22T19:30:00.000Z,1004.53,1005.3099,1002.315,1003.47,245072.669381
2026-04-23T13:30:00.000Z,1007.575,1013.51,1007.03,1013.41,119234.63460800002
2026-04-23T14:00:00.000Z,1013.4,1015,1011.5,1011.74,78916.93416999998
2026-04-23T14:30:00.000Z,1011.55,1012.2207,1009.69,1010.79,34652.902113000004
2026-04-23T15:00:00.000Z,1011.18,1011.7499,1008.32,1009.845,56288.514019
2026-04-23T15:30:00.000Z,1010.16,1012.12,1009.12,1011.97,41449.596875
2026-04-23T16:00:00.000Z,1011.97,1013.42,1011.25,1013.3,52674.255294999995
2026-04-23T16:30:00.000Z,1012.93,1013.94,1012.59,1013.28,38720.01064399999
2026-04-23T17:00:00.000Z,1013.11,1013.4,1010.7701,1011.5375,76519.896638
2026-04-23T17:30:00.000Z,1011.26,1016.6,1011.26,1014.44,95079.265331
2026-04-23T18:00:00.000Z,1014.17,1014.6499,1012.58,1013.897,52327.83091899999
2026-04-23T18:30:00.000Z,1013.46,1014.12,1012.69,1012.69,46871.258687999994
2026-04-23T19:00:00.000Z,1012.88,1013.92,1011.42,1011.79,56550.555551
2026-04-23T19:30:00.000Z,1011.75,1014.78,1010.66,1014.36,203770.738438
2026-04-24T13:30:00.000Z,1012,1013.105,1002.5,1011.595,110073.36990299998
2026-04-24T14:00:00.000Z,1011.29,1013.45,1009.15,1011.68,74156.716419
2026-04-24T14:30:00.000Z,1011.76,1011.81,1007.35,1007.53,56471.56189
2026-04-24T15:00:00.000Z,1007.88,1011.35,1007.4001,1010.58,80824.749638
2026-04-24T15:30:00.000Z,1010.56,1011.39,1007,1009.74,71567.96617000001
2026-04-24T16:00:00.000Z,1009.94,1011.07,1008.44,1009.21,53723.290349999996
2026-04-24T16:30:00.000Z,1009.04,1009.59,1007.72,1008.835,35610.19966900001
2026-04-24T17:00:00.000Z,1008.43,1009.97,1007.9701,1009.78,49656.630472
2026-04-24T17:30:00.000Z,1009.77,1011.2068,1008.6886,1010.34,43812.030201
2026-04-24T18:00:00.000Z,1010.209,1010.58,1008.22,1008.61,47902.321655999986
2026-04-24T18:30:00.000Z,1008.4,1009.33,1006.25,1009.15,54348.358212
2026-04-24T19:00:00.000Z,1009.3,1011.46,1008.98,1010.82,86820.532581
2026-04-24T19:30:00.000Z,1010.83,1012.77,1009.97,1010.64,263469.219362
2026-04-27T13:30:00.000Z,1008.625,1012,1002,1011.3,140398.85573900002
2026-04-27T14:00:00.000Z,1011.01,1014.41,1010.1,1010.71,82442.794985
2026-04-27T14:30:00.000Z,1010.83,1013.01,1008.61,1010.82,68156.368063
2026-04-27T15:00:00.000Z,1011.69,1012.37,1007.67,1008.34,56848.75018100001
2026-04-27T15:30:00.000Z,1008.435,1010.85,1007.77,1010.25,39340.81544400001
2026-04-27T16:00:00.000Z,1009.86,1010.7199,1006.68,1006.71,46881.724528000006
2026-04-27T16:30:00.000Z,1006.5501,1007,1003.68,1006.02,54254.22753800001
2026-04-27T17:00:00.000Z,1006.17,1007.64,1005.35,1006.02,42767.841531000005
2026-04-27T17:30:00.000Z,1005.8,1006.66,1005.01,1006.33,39439.094642
2026-04-27T18:00:00.000Z,1006.325,1007.8,1005.475,1006.5,59261.034511000005
2026-04-27T18:30:00.000Z,1006.5,1006.5,1003.01,1003.11,65343.248852
2026-04-27T19:00:00.000Z,1003.47,1004.96,1001.21,1003.1,80119.82380099999
2026-04-27T19:30:00.000Z,1003.1,1003.885,996.63,998.039,279082.92650099995
2026-04-28T13:30:00.000Z,1010.475,1012.65,994.96,997.65,122757.220183
2026-04-28T14:00:00.000Z,998.57,998.57,989.55,994.475,88033.09310899998
2026-04-28T14:30:00.000Z,994.16,1000.92,993.59,999.1704,101804.17408200001
2026-04-28T15:00:00.000Z,998.1325,998.94,995.42,997.03,60653.27528300001
2026-04-28T15:30:00.000Z,997.03,997.845,996.17,997.845,34480.045316
2026-04-28T16:00:00.000Z,997.94,998.6,996.975,997.4,33869.696365
2026-04-28T16:30:00.000Z,997.2,997.405,995,995.61,27565.23116
2026-04-28T17:00:00.000Z,995.69,996.98,995.26,996.545,23219.001977000004
2026-04-28T17:30:00.000Z,996.59,996.59,990.15,991.2075,55247.624576
2026-04-28T18:00:00.000Z,991.52,991.52,986,987.67,73578.39301399999
2026-04-28T18:30:00.000Z,987.94,989.4699,986.73,988.765,45535.515527999996
2026-04-28T19:00:00.000Z,988.44,991.8999,987.71,990.49,56644.423345
2026-04-28T19:30:00.000Z,990,994.4799,988.37,994,168976.633122
2026-04-29T13:30:00.000Z,988.37,992.18,985.12,986.04,96743.971712
2026-04-29T14:00:00.000Z,986.805,990.35,986.15,987.66,82844.90479700001
2026-04-29T14:30:00.000Z,987.86,988.7299,986.2871,987.255,55448.06488
2026-04-29T15:00:00.000Z,987.475,990.58,986.88,990.255,43141.43622600001
2026-04-29T15:30:00.000Z,990.22,991.5199,988.3401,991.16,38859.38192199999
2026-04-29T16:00:00.000Z,991.08,995.47,991.0051,994.35,38366.849098000006
2026-04-29T16:30:00.000Z,994.7,996.52,993.4901,996,45895.593963
2026-04-29T17:00:00.000Z,996.0725,996.3,994.05,995.63,31614.703202999997
2026-04-29T17:30:00.000Z,995.58,997.15,995.11,995.44,30333.741189000004
2026-04-29T18:00:00.000Z,995.83,995.83,993.98,994.125,39835.440682
2026-04-29T18:30:00.000Z,994.45,995.095,992.47,992.55,47661.73065500001
2026-04-29T19:00:00.000Z,992.91,995.85,992.73,994.875,52491.926457
2026-04-29T19:30:00.000Z,995.04,998.97,994.1301,998.66,155980.200884
2026-04-30T13:30:00.000Z,996.45,1012.55,996.32,1011.14,149477.78116699998
2026-04-30T14:00:00.000Z,1010.8,1016.61,1010.44,1013.92,152002.538593
2026-04-30T14:30:00.000Z,1014.75,1016.02,1010.33,1010.61,104851.952527
2026-04-30T15:00:00.000Z,1010.4376,1011.3013,1005.85,1008.7,60518.02629
2026-04-30T15:30:00.000Z,1008.26,1011.91,1007.26,1010.955,53211.52820299998
2026-04-30T16:00:00.000Z,1010.9725,1012.5378,1009.7701,1012.37,45404.36302199999
2026-04-30T16:30:00.000Z,1012.255,1014.08,1012.16,1013.57,51972.869941000004
2026-04-30T17:00:00.000Z,1013.8,1013.9999,1011.69,1013.93,53668.927316
2026-04-30T17:30:00.000Z,1013.99,1017.69,1013.8,1014.57,94091.75029399998
2026-04-30T18:00:00.000Z,1014.56,1015.92,1013.1,1013.3575,66145.000891
2026-04-30T18:30:00.000Z,1013.435,1014.35,1012.665,1013.24,70130.94906599999
2026-04-30T19:00:00.000Z,1013.46,1016.76,1012.88,1014.965,94478.072286
2026-04-30T19:30:00.000Z,1014.84,1017.37,1013.5,1014.27,243018.520498
2026-05-01T13:30:00.000Z,1015.375,1026.27,1011.425,1024.85,158963.98791199998
2026-05-01T14:00:00.000Z,1024.5,1029.4,1023.65,1027.59,105705.48968900001
2026-05-01T14:30:00.000Z,1027.66,1031.265,1025.03,1026.99,103711.46193900003
2026-05-01T15:00:00.000Z,1026.98,1028.4299,1022.575,1022.66,57521.905236
2026-05-01T15:30:00.000Z,1022.55,1022.6,1020.16,1021.08,58444.654599
2026-05-01T16:00:00.000Z,1020.975,1021.0225,1015.85,1016.2,58000.88903599999
2026-05-01T16:30:00.000Z,1016.155,1016.21,1013.74,1015,40689.763725
2026-05-01T17:00:00.000Z,1014.65,1015.285,1013.17,1015.26,42445.57190799999
2026-05-01T17:30:00.000Z,1015.26,1016.2,1013.97,1013.97,50389.96963000001
2026-05-01T18:00:00.000Z,1014.07,1014.54,1008.19,1009.36,82916.868492
2026-05-01T18:30:00.000Z,1009.52,1009.88,1006.32,1008.43,68462.100046
2026-05-01T19:00:00.000Z,1008.565,1011.8,1008.0101,1011.27,54661.567661
2026-05-01T19:30:00.000Z,1011.26,1013.35,1010.633,1011.7,182602.32949
2026-05-04T13:30:00.000Z,1007.02,1013,1002.21,1012.84,94996.166506
2026-05-04T14:00:00.000Z,1012.95,1024.72,1012.22,1023.64,134408.77643899998
2026-05-04T14:30:00.000Z,1023.97,1024.09,1016.505,1019.8,75480.32188900001
2026-05-04T15:00:00.000Z,1019.465,1020.72,1016.405,1016.8725,56464.622760999984
2026-05-04T15:30:00.000Z,1017.39,1019.52,1014,1015.12,51383.796137000005
2026-05-04T16:00:00.000Z,1014.95,1018.81,1014.95,1016.22,54446.405337000004
2026-05-04T16:30:00.000Z,1016.335,1017.29,1011.34,1011.71,49247.173704999994
2026-05-04T17:00:00.000Z,1011.73,1013.68,1010.3901,1013.68,46064.612225
2026-05-04T17:30:00.000Z,1013.7,1014.16,1011.4501,1012.14,31647.073607999995
2026-05-04T18:00:00.000Z,1011.96,1012.94,1009.93,1010.03,100369.323617
2026-05-04T18:30:00.000Z,1010.17,1012.62,1009.0301,1010.08,39509.732226
2026-05-04T19:00:00.000Z,1010.0894,1012.95,1009.51,1010.98,52226.46841000001
2026-05-04T19:30:00.000Z,1010.98,1013.27,1009.25,1012.83,171765.731273
2026-05-05T13:30:00.000Z,1010.51,1018.22,1009.07,1018.22,111477.83263700003
2026-05-05T14:00:00.000Z,1018.23,1020.6782,1012.76,1013.245,72363.51328
2026-05-05T14:30:00.000Z,1013.58,1014.6834,1010.82,1011.415,60228.81228699998
2026-05-05T15:00:00.000Z,1011.575,1013.9714,1011.5,1013.85,37655.978465
2026-05-05T15:30:00.000Z,1013.32,1013.89,1011.6401,1013.535,31900.931958999998
2026-05-05T16:00:00.000Z,1014.02,1015.5,1013.3677,1015.17,34164.922443999996
2026-05-05T16:30:00.000Z,1015.5399,1017.49,1013.84,1017.08,39435.86431699999
2026-05-05T17:00:00.000Z,1017.22,1017.42,1015.0101,1015.5,38210.19843100001
2026-05-05T17:30:00.000Z,1015.385,1018.76,1015.07,1018.585,113667.51677399999
2026-05-05T18:00:00.000Z,1018.585,1020.18,1016.84,1016.875,45720.99750399999
2026-05-05T18:30:00.000Z,1016.875,1018.27,1015.53,1017.85,53035.913973999996
2026-05-05T19:00:00.000Z,1017.77,1020.78,1016.905,1019.03,81535.286995
2026-05-05T19:30:00.000Z,1018.67,1019.38,1013.71,1016.47,201076.241875
2026-05-06T13:30:00.000Z,1011.31,1012.23,999.01,1006.6,164688.50744100005
2026-05-06T14:00:00.000Z,1006.68,1010.2,1002.18,1003.65,87298.345639
2026-05-06T14:30:00.000Z,1003.32,1004.4372,995.92,997.085,123063.30625699999
2026-05-06T15:00:00.000Z,997.61,999.56,992.42,994.8,141840.984942
2026-05-06T15:30:00.000Z,994.39,997.8999,993.905,996.7882,95603.36905300002
2026-05-06T16:00:00.000Z,996.2675,997.64,994.1,995.525,85019.15430200001
2026-05-06T16:30:00.000Z,995,998,994.8092,995.585,55114.443741999996
2026-05-06T17:00:00.000Z,995.575,995.94,992.65,992.9,72820.278199
2026-05-06T17:30:00.000Z,993.185,996,992.6101,995.5825,74100.79102700001
2026-05-06T18:00:00.000Z,995.63,996.395,993,994.15,103936.175859
2026-05-06T18:30:00.000Z,994.37,995.9299,993.19,995.32,56923.393793999996
2026-05-06T19:00:00.000Z,995.49,997.84,995.0001,996.55,101938.60307599998
2026-05-06T19:30:00.000Z,996.4725,997.99,995,995.67,278671.30331600003
2026-05-07T13:30:00.000Z,993.5,1002.87,990.66,998.99,161001.646752
2026-05-07T14:00:00.000Z,999.49,1001,991,992.58,115547.55351299999
2026-05-07T14:30:00.000Z,992.9,997.5,992.4,997.5,67217.46762299999
2026-05-07T15:00:00.000Z,997.545,998.735,995.15,996.635,57653.10278500001
2026-05-07T15:30:00.000Z,996.94,998.79,994.45,998.64,43399.695135999995
2026-05-07T16:00:00.000Z,998.27,1002,996.7,999.78,73587.39240200001
2026-05-07T16:30:00.000Z,999.48,1003.44,998.8201,1001.755,55293.095469
2026-05-07T17:00:00.000Z,1001.97,1006.49,1001.01,1004.68,85268.55966500001
2026-05-07T17:30:00.000Z,1004.78,1005.04,1000.9414,1001.995,49015.737881
2026-05-07T18:00:00.000Z,1001.63,1008.3,1001.27,1008.07,64092.630078999995
2026-05-07T18:30:00.000Z,1007.68,1008.27,1006.2,1007.85,51044.50365900001
2026-05-07T19:00:00.000Z,1007.67,1009.23,1006.755,1008.34,74225.366785
2026-05-07T19:30:00.000Z,1008.34,1012.66,1007.1301,1012.05,281816.779035
2026-05-08T13:30:00.000Z,1011.74,1014.42,1008.5,1008.5,105236.40817500002
2026-05-08T14:00:00.000Z,1009.18,1011.03,1007,1010.84,132118.25386399997
2026-05-08T14:30:00.000Z,1011.12,1013.31,1008.575,1009.98,90930.640366
2026-05-08T15:00:00.000Z,1009.31,1014.2,1009.12,1012.2,69857.474382
2026-05-08T15:30:00.000Z,1012.345,1013,1010.28,1012.4,65858.92299600001
2026-05-08T16:00:00.000Z,1012.04,1014.72,1010.8378,1011.295,59688.463171
2026-05-08T16:30:00.000Z,1011.295,1016,1011.08,1012.97,80390.321072
2026-05-08T17:00:00.000Z,1013.02,1014.29,1010.94,1010.945,56897.982712
2026-05-08T17:30:00.000Z,1011.01,1012.22,1010,1011.7,42495.35354
2026-05-08T18:00:00.000Z,1011.51,1011.92,1007.54,1007.79,59345.73827100001
2026-05-08T18:30:00.000Z,1007.79,1010.17,1006.7601,1008.445,69773.692968
2026-05-08T19:00:00.000Z,1008.035,1008.57,1005.11,1007.4725,83792.999695
2026-05-08T19:30:00.000Z,1007.45,1010.02,1005.43,1008.77,343149.96855
2026-05-11T13:30:00.000Z,1005.82,1007,995.01,1001.465,185134.13126899995
2026-05-11T14:00:00.000Z,1001.4275,1001.87,995.85,999.53,110409.62147799999
2026-05-11T14:30:00.000Z,999.49,1000.79,996.21,998.61,95625.092472
2026-05-11T15:00:00.000Z,998.94,999.36,988.21,989.165,169501.100914
2026-05-11T15:30:00.000Z,989.165,990.6899,985.15,990.25,149870.49660500002
2026-05-11T16:00:00.000Z,990.07,993.4999,990.07,990.87,91856.907615
2026-05-11T16:30:00.000Z,990.21,994,989.63,991.87,74779.22248899999
2026-05-11T17:00:00.000Z,991.85,994.08,991.19,993.82,72395.654735
2026-05-11T17:30:00.000Z,993.82,996.005,991.5301,993.175,73394.455844
2026-05-11T18:00:00.000Z,993.18,995.145,991.53,991.83,67048.554221
2026-05-11T18:30:00.000Z,991.54,993.24,990.87,992.27,101682.23260800002
2026-05-11T19:00:00.000Z,992.26,997.3599,990.5201,996.62,100791.68015999999
2026-05-11T19:30:00.000Z,996.73,999.94,994.525,999.39,237142.10041499994
2026-05-12T13:30:00.000Z,1002.535,1013.2,1001.14,1012.0923,180150.131552
2026-05-12T14:00:00.000Z,1011.74,1017,1009.0201,1017,173270.36529999998
2026-05-12T14:30:00.000Z,1016.8136,1017,1009,1016.355,158255.024517
2026-05-12T15:00:00.000Z,1015.51,1024.46,1015.51,1023.36,171367.60188
2026-05-12T15:30:00.000Z,1022.8,1022.8,1017.5101,1021.05,116876.325026
2026-05-12T16:00:00.000Z,1021.31,1021.59,1017.2,1020,65401.47535999998
2026-05-12T16:30:00.000Z,1020.03,1024.89,1019.1,1024.54,114382.334933
2026-05-12T17:00:00.000Z,1024.27,1026,1020.41,1021.715,102869.527944
2026-05-12T17:30:00.000Z,1021.52,1021.91,1019,1020.03,58557.628582
2026-05-12T18:00:00.000Z,1020.145,1021.36,1018.625,1019.5,74548.587502
2026-05-12T18:30:00.000Z,1019.468,1022.47,1017.7188,1022.47,66615.812172
2026-05-12T19:00:00.000Z,1021.36,1021.77,1018.68,1021.31,90632.09849399999
2026-05-12T19:30:00.000Z,1020.91,1023.525,1018.23,1021.75,232534.96280599994
2026-05-13T13:30:00.000Z,1017.94,1042.52,1017.94,1041.06,293672.689783
2026-05-13T14:00:00.000Z,1041.11,1041.3,1029.555,1031,117265.597234
2026-05-13T14:30:00.000Z,1030.5,1030.82,1022.56,1024.42,87951.45596699997
2026-05-13T15:00:00.000Z,1024.32,1026.92,1023.42,1025.25,62502.12897000001
2026-05-13T15:30:00.000Z,1025.1,1028.25,1024.37,1027.5,70194.08036400001
2026-05-13T16:00:00.000Z,1027.28,1027.9,1023.71,1024.08,43869.800996
2026-05-13T16:30:00.000Z,1024.12,1025.0995,1022.66,1024.41,51992.59977100001
2026-05-13T17:00:00.000Z,1024.15,1028.0568,1023.25,1027.205,31063.606383
2026-05-13T17:30:00.000Z,1027.23,1028.05,1025.83,1026.84,43646.39969800001
2026-05-13T18:00:00.000Z,1027.03,1029.8,1026.338,1029.585,44121.944907000005
2026-05-13T18:30:00.000Z,1029.23,1031.65,1029.2001,1031.0801,49877.50081299999
2026-05-13T19:00:00.000Z,1031.29,1033.5,1030.655,1032.825,55963.435569
2026-05-13T19:30:00.000Z,1032.9625,1034,1031.4501,1032.97,176456.565594
2026-05-14T13:30:00.000Z,1034.95,1037,1029.6001,1035.23,115418.30274999999
2026-05-14T14:00:00.000Z,1034.92,1035.27,1030,1032.77,78358.533724
2026-05-14T14:30:00.000Z,1032.77,1034.638,1026.1,1028.215,109166.72387499998
2026-05-14T15:00:00.000Z,1028.235,1032.675,1027.17,1032.24,72840.15395400001
2026-05-14T15:30:00.000Z,1032.245,1035,1030.1301,1034.835,67009.31845700002
2026-05-14T16:00:00.000Z,1034.93,1036,1031.9951,1035.24,37420.970848000004
2026-05-14T16:30:00.000Z,1035.135,1035.3,1033.0101,1033.7901,37341.602704
2026-05-14T17:00:00.000Z,1034.74,1036.84,1034,1035.87,52594.325514
2026-05-14T17:30:00.000Z,1036.01,1039,1034.6801,1037.2,43473.396689999994
2026-05-14T18:00:00.000Z,1037,1038.36,1032.9048,1037.745,65712.47934899999
2026-05-14T18:30:00.000Z,1037.44,1037.61,1034.75,1036.83,56462.510063
2026-05-14T19:00:00.000Z,1036.45,1036.81,1034.805,1035.99,47950.887241
2026-05-14T19:30:00.000Z,1035.98,1041.785,1035.86,1041.3,201817.95946399999
2026-05-15T13:30:00.000Z,1049.36,1057.42,1039.22,1056.77,392838.1001170001
2026-05-15T14:00:00.000Z,1056.53,1057.5,1047.0001,1049.09,193586.19045199998
2026-05-15T14:30:00.000Z,1048.95,1050.49,1045.4,1049.3,82508.21901399997
2026-05-15T15:00:00.000Z,1049.49,1050.69,1044.75,1045.035,82191.848131
2026-05-15T15:30:00.000Z,1044.99,1046.4,1041.76,1043.51,59991.18729100001
2026-05-15T16:00:00.000Z,1043.29,1043.73,1040.16,1040.87,53195.70849100001
2026-05-15T16:30:00.000Z,1040.53,1046.99,1039.47,1046.805,72751.777179
2026-05-15T17:00:00.000Z,1046.81,1048.58,1045.29,1046.745,67337.214447
2026-05-15T17:30:00.000Z,1046.59,1047,1043.83,1043.87,53988.292196999995
2026-05-15T18:00:00.000Z,1044.065,1047.73,1043.65,1047.33,74795.37316900001
2026-05-15T18:30:00.000Z,1047.3145,1048.75,1045.705,1048.63,73855.441114
2026-05-15T19:00:00.000Z,1048.34,1048.63,1046.025,1046.71,70722.505819
2026-05-15T19:30:00.000Z,1046.73,1049.59,1045.93,1049.33,271269.91387600004
2026-05-18T13:30:00.000Z,1050,1064,1045,1060.995,242747.30569699997
2026-05-18T14:00:00.000Z,1061.33,1066.6,1058,1065.7,157853.77592800005
2026-05-18T14:30:00.000Z,1065.725,1070.67,1062.14,1068.1,153846.60013299994
2026-05-18T15:00:00.000Z,1067.6457,1068.55,1061.905,1062.49,96594.219637
2026-05-18T15:30:00.000Z,1062.465,1064.54,1060.1001,1064.54,65025.789959999995
2026-05-18T16:00:00.000Z,1064.53,1066.78,1063.1001,1066.7604,61381.64127900002
2026-05-18T16:30:00.000Z,1066.26,1066.792,1064.17,1064.28,61834.936506000005
2026-05-18T17:00:00.000Z,1064.29,1068,1064.15,1066.86,69062.50737699999
2026-05-18T17:30:00.000Z,1066.925,1071,1066.0253,1069.24,71944.790559
2026-05-18T18:00:00.000Z,1069.24,1070.97,1068.01,1070.34,87174.735853
2026-05-18T18:30:00.000Z,1070.79,1073.96,1069.89,1071.53,105523.27608600001
2026-05-18T19:00:00.000Z,1071.53,1079.8299,1070.705,1079.15,213427.402349
2026-05-18T19:30:00.000Z,1079.36,1079.5,1074.48,1076.93,335534.02556000004
2026-05-19T13:30:00.000Z,1077,1088.879,1072.1,1087.95,231470.30675999995
2026-05-19T14:00:00.000Z,1087.97,1090.99,1084.07,1089.19,256810.971432
2026-05-19T14:30:00.000Z,1089.16,1094.23,1088.52,1092.975,140594.699626
2026-05-19T15:00:00.000Z,1092.99,1095.39,1088.74,1089.88,188550.40308800002
2026-05-19T15:30:00.000Z,1089.88,1096.5,1089.14,1094.11,126619.16986700002
2026-05-19T16:00:00.000Z,1093.95,1095.99,1092,1093,82718.787887
2026-05-19T16:30:00.000Z,1093.15,1095.7,1092,1093.22,62408.776249999995
2026-05-19T17:00:00.000Z,1093.35,1093.35,1086.87,1089.225,93253.76224000003
2026-05-19T17:30:00.000Z,1089.26,1090.63,1087.05,1088.34,59726.81950899999
2026-05-19T18:00:00.000Z,1088.07,1089.53,1085.2601,1088.48,78082.271919
2026-05-19T18:30:00.000Z,1088.125,1091.77,1088.105,1089.96,73036.56718100002
2026-05-19T19:00:00.000Z,1090.1,1093.5699,1089,1092.1485,122865.80959799999
2026-05-19T19:30:00.000Z,1092.46,1095.59,1090.75,1094.82,605434.946129
2026-05-20T13:30:00.000Z,1089.37,1089.74,1077.4001,1078.73,146454.59480900003
2026-05-20T14:00:00.000Z,1078.08,1081.13,1073.6872,1081.13,150742.36630100003
2026-05-20T14:30:00.000Z,1080.665,1084.7216,1080.665,1083.26,103924.05731399998
2026-05-20T15:00:00.000Z,1083.305,1086.44,1082.6401,1084.44,77672.883422
2026-05-20T15:30:00.000Z,1084.86,1089.71,1083.59,1085.3,81001.56207399999
2026-05-20T16:00:00.000Z,1085.125,1088.8,1083.2,1085.66,58924.828941999986
2026-05-20T16:30:00.000Z,1085.07,1086.9512,1083.0201,1083.475,51489.601247
2026-05-20T17:00:00.000Z,1083.11,1084.35,1081.18,1081.92,74655.531108
2026-05-20T17:30:00.000Z,1081.78,1083.015,1078.55,1078.89,63947.263566000016
2026-05-20T18:00:00.000Z,1078.6,1081.59,1077.26,1080.07,64322.69551099999
2026-05-20T18:30:00.000Z,1079.96,1080.4116,1076.58,1077.35,80102.26841599996
2026-05-20T19:00:00.000Z,1077.35,1078.125,1074.54,1075.98,111959.71821400002
2026-05-20T19:30:00.000Z,1076.065,1078.38,1072,1074.01,345314.285298
2026-05-21T13:30:00.000Z,1063.405,1064.73,1039.47,1041.51,450261.787395
2026-05-21T14:00:00.000Z,1041.685,1051.52,1039.01,1046.5501,182706.66060499995
2026-05-21T14:30:00.000Z,1047.04,1052,1046.1066,1049.845,93748.95529299999
2026-05-21T15:00:00.000Z,1050,1050.99,1044.98,1044.98,76056.36046499999
2026-05-21T15:30:00.000Z,1044.71,1046.7599,1041.1,1045.73,77961.36609400003
2026-05-21T16:00:00.000Z,1046.04,1048.6,1045.71,1046.38,53403.13079300001
2026-05-21T16:30:00.000Z,1046.51,1049.45,1044.875,1048.82,50938.200293999995
2026-05-21T17:00:00.000Z,1048.835,1051.4999,1048.19,1049.56,52646.08613399998
2026-05-21T17:30:00.000Z,1049.445,1051.55,1047.23,1049.53,45205.629136999996
2026-05-21T18:00:00.000Z,1049.8325,1052.69,1048.7465,1051.03,51599.325701999995
2026-05-21T18:30:00.000Z,1051.2,1052.5,1046.57,1047.1,69595.17320599999
2026-05-21T19:00:00.000Z,1047.36,1054,1046.47,1052.5701,137337.02522500002
2026-05-21T19:30:00.000Z,1052.93,1052.9948,1048.0779,1050.43,240178.22203
2026-05-22T13:30:00.000Z,1039.99,1045.64,1036.002,1039,227145.45070699995
2026-05-22T14:00:00.000Z,1038.75,1038.95,1025.82,1026.96,192972.771655
2026-05-22T14:30:00.000Z,1027.2,1029.56,1025.54,1029.07,104957.38499400001
2026-05-22T15:00:00.000Z,1029.26,1031.9,1025.19,1029.64,112516.65466500002
2026-05-22T15:30:00.000Z,1029.665,1032.28,1029.09,1031.6,67747.65338099998
2026-05-22T16:00:00.000Z,1031.56,1032.06,1029.655,1030.98,68658.951582
2026-05-22T16:30:00.000Z,1031.06,1031.75,1028.6,1028.77,59927.68598299999
2026-05-22T17:00:00.000Z,1029.2299,1030.9,1028.01,1028.57,66754.38587099999
2026-05-22T17:30:00.000Z,1028.56,1029.66,1026.85,1028.63,73794.59925800002
2026-05-22T18:00:00.000Z,1028.82,1030.98,1027.12,1029.075,145730.73097899996
2026-05-22T18:30:00.000Z,1029.075,1029.59,1026.3625,1026.52,83555.961653
2026-05-22T19:00:00.000Z,1026.41,1029.92,1026.2601,1027.78,119372.06597899999
2026-05-22T19:30:00.000Z,1027.98,1030.72,1026.82,1028.179,341046.0301300001
2026-05-26T13:30:00.000Z,1026.13,1027.5,998,1001.8699,398467.1958370001
2026-05-26T14:00:00.000Z,1000.45,1002.77,996.34,997.42,290266.234984
2026-05-26T14:30:00.000Z,997.12,1000.55,997.075,999.105,167839.42045300003
2026-05-26T15:00:00.000Z,999.43,1000.5,997.5,999.69,151978.01289600003
2026-05-26T15:30:00.000Z,1000,1004.9899,998.635,1003.21,147564.128303
2026-05-26T16:00:00.000Z,1003.325,1003.43,996.16,997.38,146463.365969
2026-05-26T16:30:00.000Z,997.5,1001.97,997.28,999.25,81428.365843
2026-05-26T17:00:00.000Z,999.48,1000.45,998.09,998.22,67504.891242
2026-05-26T17:30:00.000Z,998.36,1000.66,998.1259,999.05,70408.7031
2026-05-26T18:00:00.000Z,998.98,1004.3899,998.92,1002.48,154510.43377700003
2026-05-26T18:30:00.000Z,1002.47,1003.24,1001.4801,1002.14,80104.53910099999
2026-05-26T19:00:00.000Z,1002.02,1004.12,1001.44,1003.47,109764.26769700003
2026-05-26T19:30:00.000Z,1003.505,1006.365,1002.26,1002.79,281739.514908
2026-05-27T13:30:00.000Z,1003.86,1013.51,999.6863,1005.88,231290.18610700002
2026-05-27T14:00:00.000Z,1005.88,1008.91,1002.92,1005.59,172412.509297
2026-05-27T14:30:00.000Z,1005.84,1007.17,1003.3,1006.325,120221.41826399998
2026-05-27T15:00:00.000Z,1006.49,1008.68,1005.4425,1006.8,85494.400447
2026-05-27T15:30:00.000Z,1006.87,1008.68,1005.95,1007.3,76543.637743
2026-05-27T16:00:00.000Z,1007.3,1008.02,1005.1,1006.66,54785.386479000015
2026-05-27T16:30:00.000Z,1006.71,1007.54,1004.92,1006.98,65919.936056
2026-05-27T17:00:00.000Z,1006.75,1008.22,1005.78,1006.4185,68226.756224
2026-05-27T17:30:00.000Z,1006.275,1009,1006.275,1007.14,64569.91374
2026-05-27T18:00:00.000Z,1007.065,1008.78,1006.06,1007.0375,72447.615542
2026-05-27T18:30:00.000Z,1007.035,1008.35,1006.4425,1007.615,60163.73873700001
2026-05-27T19:00:00.000Z,1007.39,1008.08,1005.41,1006.315,81868.057256
2026-05-27T19:30:00.000Z,1006.13,1006.53,1003.51,1003.95,237841.46752200002
2026-05-28T13:30:00.000Z,1011.61,1012,999,1004.6,242885.49191100002
2026-05-28T14:00:00.000Z,1004.475,1007,1001.12,1005.555,140236.47097800003
2026-05-28T14:30:00.000Z,1005.555,1006,1000.25,1000.39,102013.896127
2026-05-28T15:00:00.000Z,1000.28,1000.799,996,996.46,132648.866781
2026-05-28T15:30:00.000Z,996.555,999.715,995.5301,999.635,102293.13162000001
2026-05-28T16:00:00.000Z,999.625,1000.87,999.25,1000.45,62790.158869
2026-05-28T16:30:00.000Z,1000.42,1002.89,999.97,1002.275,84163.17936200001
2026-05-28T17:00:00.000Z,1002.14,1002.285,995.8,999,145945.61796
2026-05-28T17:30:00.000Z,999.105,999.43,996.77,998.73,98364.25447999999
2026-05-28T18:00:00.000Z,999.24,999.2599,997.51,997.8084,105187.481575
2026-05-28T18:30:00.000Z,997.84,999.105,997.5,997.96,125520.533097
2026-05-28T19:00:00.000Z,998.1,1001.2799,996.21,1000.155,185070.76198099996
2026-05-28T19:30:00.000Z,1000.2,1000.93,994.27,995.6,430348.81719100004
2026-05-29T13:30:00.000Z,986.57,998.82,946.11,949.49,990883.759072
2026-05-29T14:00:00.000Z,949.11,960,946.4,957.12,498604.79783600004
2026-05-29T14:30:00.000Z,956.9,958.89,947.88,949.67,392224.73065
2026-05-29T15:00:00.000Z,949.58,951.72,946.16,949.5,347070.409061
2026-05-29T15:30:00.000Z,949.3425,950.23,946.31,949.2929,223478.820283
2026-05-29T16:00:00.000Z,949.07,950.38,945.45,947.01,226847.08776400003
2026-05-29T16:30:00.000Z,947.5,952.4299,947,950.8,166145.823152
2026-05-29T17:00:00.000Z,950.805,954.65,950.34,953.415,216637.59137800004
2026-05-29T17:30:00.000Z,953.415,953.68,948.89,949.93,156074.76165099998
2026-05-29T18:00:00.000Z,949.91,953.4799,949.78,952.48,118539.39447700002
2026-05-29T18:30:00.000Z,952.565,953.87,951.41,952.435,169728.52274899997
2026-05-29T19:00:00.000Z,952.39,955,951.17,951.17,230481.96747200002
2026-05-29T19:30:00.000Z,951.17,965.89,951,956.48,806519.5023449999
2026-06-01T13:30:00.000Z,955,959.21,944.29,950.39,436895.997758
2026-06-01T14:00:00.000Z,950.78,951.09,946.52,947.5435,239664.79522799992
2026-06-01T14:30:00.000Z,947.14,947.93,944.93,945.6,154602.688179
2026-06-01T15:00:00.000Z,945.62,946.45,939.21,940.86,235016.61630000002
2026-06-01T15:30:00.000Z,940.86,942.23,939.75,941.595,173884.019272
2026-06-01T16:00:00.000Z,941.525,942.275,940.675,941.6,107344.19798900001
2026-06-01T16:30:00.000Z,941.36,941.84,936.51,937.155,238137.89090900004
2026-06-01T17:00:00.000Z,937.195,942.15,936.84,941.29,115843.148472
2026-06-01T17:30:00.000Z,941.24,946.895,940.76,946.3799,103972.45260600002
2026-06-01T18:00:00.000Z,946.16,946.9,943.5001,943.865,119990.36650900004
2026-06-01T18:30:00.000Z,943.94,944.99,943.11,943.11,60247.292906
2026-06-01T19:00:00.000Z,943.11,944.38,942.1801,942.905,103801.528771
2026-06-01T19:30:00.000Z,942.905,947.975,942.905,946.04,266929.222532
2026-06-02T13:30:00.000Z,942.29,950.625,939.45,940.19,222525.47587799997
2026-06-02T14:00:00.000Z,940.74,949.8,939.7501,947.8,173469.89916099995
2026-06-02T14:30:00.000Z,947.8,948.12,945,945.405,113814.74846099997
2026-06-02T15:00:00.000Z,945.25,946.99,943.6275,945.27,92163.01097700001
2026-06-02T15:30:00.000Z,945.44,948.075,944.0001,947.36,71838.086206
2026-06-02T16:00:00.000Z,947.53,951.08,946.27,950.785,89376.66465900002
2026-06-02T16:30:00.000Z,950.78,952.94,950.58,951.94,70285.724626
2026-06-02T17:00:00.000Z,951.8012,953.54,950.25,953.24,79569.291225
2026-06-02T17:30:00.000Z,953.16,955.3899,952.96,954.27,90170.25470499998
2026-06-02T18:00:00.000Z,954.22,954.83,953.34,954.195,67232.787312
2026-06-02T18:30:00.000Z,954.2635,955.18,953.165,954.84,92097.67850200002
2026-06-02T19:00:00.000Z,954.835,955.08,951.89,951.89,97858.83717700001
2026-06-02T19:30:00.000Z,952.1,955.33,951.66,954.08,285458.473671
2026-06-03T13:30:00.000Z,952.875,967.49,951.98,964.515,271899.24936499994
2026-06-03T14:00:00.000Z,964.95,966.95,963.11,965.105,172764.52584899997
2026-06-03T14:30:00.000Z,965.1,969.18,964.08,966.39,115379.28020000001
2026-06-03T15:00:00.000Z,965.83,966.49,959.21,959.21,99661.418333
2026-06-03T15:30:00.000Z,959.5,962.65,957.69,960.75,86899.53204300001
2026-06-03T16:00:00.000Z,960.745,963,960.36,962.195,63298.289600000004
2026-06-03T16:30:00.000Z,962.41,965.27,961.415,964.055,59064.29467
2026-06-03T17:00:00.000Z,964.06,967.28,963.63,964.5,67890.336575
2026-06-03T17:30:00.000Z,964.63,964.7,960.56,960.715,50820.766028
2026-06-03T18:00:00.000Z,960.57,961.61,958.3,958.3,53050.84666300001
2026-06-03T18:30:00.000Z,958.3,961.61,958.3,960.67,61976.679893
2026-06-03T19:00:00.000Z,960.35,962.36,960.07,962.36,97796.998451
2026-06-03T19:30:00.000Z,962.28,963.11,959.35,962.175,359541.63000999996
2026-06-04T13:30:00.000Z,986.96,990.01,979.56,983.873,397363.21188399993
2026-06-04T14:00:00.000Z,984.325,989.35,981,986.305,178756.66341
2026-06-04T14:30:00.000Z,986.305,987.77,982.25,982.47,119992.833069
2026-06-04T15:00:00.000Z,982.33,983.05,975.11,976.095,126984.21276499999
2026-06-04T15:30:00.000Z,976.44,981.345,975.75,978.335,90768.61297400002
2026-06-04T16:00:00.000Z,978.27,981.5,978.21,979.66,111751.11369400001
2026-06-04T16:30:00.000Z,979.82,980.63,977.0548,978.4,60400.26375500001
2026-06-04T17:00:00.000Z,978.35,978.5599,975.6,976,83610.22478799999
2026-06-04T17:30:00.000Z,976,976.69,972,972.74,72138.22036699999
2026-06-04T18:00:00.000Z,972.375,973.07,968.21,970.335,87237.119795
2026-06-04T18:30:00.000Z,970.48,973.19,970.365,972.525,65714.25263000002
2026-06-04T19:00:00.000Z,972.525,973.2399,969.995,970.04,95596.955796
2026-06-04T19:30:00.000Z,969.65,972.9,968.5201,972.32,279818.17781100003
2026-06-05T13:30:00.000Z,977.5,997.41,974.15,996.885,399632.964298
2026-06-05T14:00:00.000Z,997.38,997.38,987.831,993.68,265224.64856099995
2026-06-05T14:30:00.000Z,993.33,993.67,985.48,986.73,139697.278975
2026-06-05T15:00:00.000Z,986.315,989.82,985.5401,987.36,125746.51287500001
2026-06-05T15:30:00.000Z,987.36,989.93,983.35,984.01,94369.91564600002
2026-06-05T16:00:00.000Z,983.82,986.62,983.38,984.22,94271.80251599998
2026-06-05T16:30:00.000Z,984.49,988.6,982,982.335,133462.11457200002
2026-06-05T17:00:00.000Z,982.67,985.75,981.281,982.61,80167.64191799998
2026-06-05T17:30:00.000Z,982.48,983.3,980.5142,982.365,83454.3482
2026-06-05T18:00:00.000Z,982.09,985.32,981.42,982.97,291018.729697
2026-06-05T18:30:00.000Z,982.97,987.99,981,981.26,112210.77750600003
2026-06-05T19:00:00.000Z,981.36,982.34,978.5,978.645,131980.420287
2026-06-05T19:30:00.000Z,978.4,979.18,971.6,971.88,502284.903014
2026-06-08T13:30:00.000Z,963.455,978.98,961.002,975.91,188202.56651700003
2026-06-08T14:00:00.000Z,975.96,977.52,971.88,975.35,133830.425617
2026-06-08T14:30:00.000Z,975.34,978.0359,973.88,977.195,85462.3211
2026-06-08T15:00:00.000Z,976.85,978.22,974.91,975.04,69280.84493100001
2026-06-08T15:30:00.000Z,974.15,975.6725,973.445,974.5,53396.547116999995
2026-06-08T16:00:00.000Z,974.435,975.0448,972.25,972.265,63476.90553400001
2026-06-08T16:30:00.000Z,972.51,975,971.81,974.56,44596.160168999995
2026-06-08T17:00:00.000Z,974.47,975.29,973.375,974.71,49745.196791999995
2026-06-08T17:30:00.000Z,974.7,974.87,972.345,972.69,40456.77536399999
2026-06-08T18:00:00.000Z,972.92,975.185,972.8688,975.04,58017.60817800001
2026-06-08T18:30:00.000Z,975.04,975.42,973.0101,973.34,63528.050978
2026-06-08T19:00:00.000Z,973.57,975.33,972.7,974.65,68184.932434
2026-06-08T19:30:00.000Z,974.65,976.71,973.22,974.62,228099.43388599998
2026-06-09T13:30:00.000Z,974.21,978,967.42,967.5,168269.598796
2026-06-09T14:00:00.000Z,967.6,974.4699,967.29,970.695,124747.756373
2026-06-09T14:30:00.000Z,970.695,973.85,967.7001,969.72,89210.95646700003
2026-06-09T15:00:00.000Z,970.25,974.75,969.73,973.58,76715.79415
2026-06-09T15:30:00.000Z,973.58,977.27,972.52,977.27,75946.17453400002
2026-06-09T16:00:00.000Z,977.16,981.9699,975.3,979.745,128430.46241899999
2026-06-09T16:30:00.000Z,979.97,980.79,976,978.4999,114355.31596899999
2026-06-09T17:00:00.000Z,977.8,978.04,968.01,968.65,108949.48827799999
2026-06-09T17:30:00.000Z,969.05,969.57,965.355,968.39,82804.57385799999
2026-06-09T18:00:00.000Z,968.41,970.06,967.735,969.015,55165.80717
2026-06-09T18:30:00.000Z,969.015,969.72,967.38,968.135,62203.27091800002
2026-06-09T19:00:00.000Z,968.22,970.38,967.195,967.195,80035.686897
2026-06-09T19:30:00.000Z,967.19,970.28,964.94,968.29,281829.716517
2026-06-10T13:30:00.000Z,977.444,979,964.31,969.95,158550.36397999997
2026-06-10T14:00:00.000Z,969.96,975.94,968.92,971.62,104486.45085400001
2026-06-10T14:30:00.000Z,971.7,976.4399,970.76,975.39,64273.070580999985
2026-06-10T15:00:00.000Z,975.01,979.65,974.1,978.86,85149.433141
2026-06-10T15:30:00.000Z,978.23,979.27,976.72,977.6,83184.94625
2026-06-10T16:00:00.000Z,978.03,978.92,975.73,976.95,75682.428204
2026-06-10T16:30:00.000Z,976.6,977.97,975.5902,976.21,57327.092584000005
2026-06-10T17:00:00.000Z,976.45,977.58,975.3,977.33,45353.150016
2026-06-10T17:30:00.000Z,977.12,977.35,974.49,976.65,51942.54752099999
2026-06-10T18:00:00.000Z,976.66,980.9,976.1803,980.04,92689.59330200001
2026-06-10T18:30:00.000Z,980.04,981.21,979.4201,981.155,65715.53426
2026-06-10T19:00:00.000Z,981.36,982.71,979.91,982.5,91715.290238
2026-06-10T19:30:00.000Z,982.52,985.255,982.35,983.34,306707.353591
2026-06-11T13:30:00.000Z,986.91,988.58,978.5,981.92,147468.05712800001
2026-06-11T14:00:00.000Z,982.0599,989.12,980,981.88,95163.61239300002
2026-06-11T14:30:00.000Z,981.98,983.5,979.81,980.64,64418.00814600001
2026-06-11T15:00:00.000Z,980.64,983.49,979.88,980.925,57135.40885599998
2026-06-11T15:30:00.000Z,980.88,981.145,978.52,980.22,47051.129767
2026-06-11T16:00:00.000Z,980.21,983.09,979.43,980.45,45103.63603600002
2026-06-11T16:30:00.000Z,980.49,981.455,979.64,979.83,36845.859567
2026-06-11T17:00:00.000Z,979.815,982.02,977.1501,981.96,78404.944048
2026-06-11T17:30:00.000Z,982.06,984.82,977.6,978.665,111826.195863
2026-06-11T18:00:00.000Z,978.765,981,978.0101,978.165,69714.86691099999
2026-06-11T18:30:00.000Z,978.165,980.3409,977,977.03,54913.91004099999
2026-06-11T19:00:00.000Z,977,980.95,977,980.405,92011.82489300001
2026-06-11T19:30:00.000Z,980.78,981.18,973.995,975.13,330664.861551
2026-06-12T13:30:00.000Z,975.52,984.78,970,973.675,197533.86833799997
2026-06-12T14:00:00.000Z,972.35,976.27,970.63,975.19,87664.07631499998
2026-06-12T14:30:00.000Z,975.2,976.63,972.815,973.93,68140.242999
2026-06-12T15:00:00.000Z,974.05,975.585,972.06,973.93,63811.73676500001
2026-06-12T15:30:00.000Z,973.485,979,971.705,975.67,117135.78984299999
2026-06-12T16:00:00.000Z,975.55,976.16,971.51,973.38,66385.585079
2026-06-12T16:30:00.000Z,973.46,975.74,972.3,974.93,84019.14215999999
2026-06-12T17:00:00.000Z,974.465,979,974.465,977.89,71792.90435
2026-06-12T17:30:00.000Z,977.965,978.95,976.01,976.02,27497.361418999997
2026-06-12T18:00:00.000Z,976.89,979.23,976.445,978.11,32334.323578
2026-06-12T18:30:00.000Z,977.85,981.0733,977.85,979.17,64573.206403
2026-06-12T19:00:00.000Z,979.195,982.07,978.41,981.59,61522.545653
2026-06-12T19:30:00.000Z,981.433,982.78,979.72,982.57,215969.55511800002
2026-06-15T13:30:00.000Z,974.19,979.3851,968,975.29,187141.02898600005
2026-06-15T14:00:00.000Z,975.635,981.18,973.51,979.95,126388.28611699998
2026-06-15T14:30:00.000Z,979.79,980.92,978.4,979.49,50326.71532400001
2026-06-15T15:00:00.000Z,979.43,979.69,977.2501,978.285,64658.977799999986
2026-06-15T15:30:00.000Z,978.78,979.5438,975,979.38,128627.069536
2026-06-15T16:00:00.000Z,979.38,979.74,977.745,978.56,59789.620158000005
2026-06-15T16:30:00.000Z,978.545,985.71,978.5358,985.34,98326.585591
2026-06-15T17:00:00.000Z,985.04,986.9999,983.565,983.565,61145.70646300002
2026-06-15T17:30:00.000Z,983.56,984.565,982.32,982.955,52664.40323299998
2026-06-15T18:00:00.000Z,982.955,983.58,981.01,981.5,58679.28474
2026-06-15T18:30:00.000Z,981.53,982.68,980.11,980.99,51348.472195999995
2026-06-15T19:00:00.000Z,980.815,982.8999,980.11,980.85,56329.819062
2026-06-15T19:30:00.000Z,981.081,981.081,978.14,979.59,162281.120585
2026-06-16T13:30:00.000Z,980.39,985.56,973.16,975.5,125536.971353
2026-06-16T14:00:00.000Z,974.86,989.44,974.86,988.54,114614.17783399997
2026-06-16T14:30:00.000Z,988.46,991.4,984.0001,986.635,91841.52012799999
2026-06-16T15:00:00.000Z,986.875,991.5,985.03,990.275,76588.705925
2026-06-16T15:30:00.000Z,989.84,995.38,989.17,991.21,77562.31129200003
2026-06-16T16:00:00.000Z,990.8894,990.8894,985.92,986.238,35308.674135
2026-06-16T16:30:00.000Z,986.3,989.27,985.58,986.185,33535.244550999996
2026-06-16T17:00:00.000Z,986.445,988.03,985.57,985.94,31401.149590000008
2026-06-16T17:30:00.000Z,985.61,986.5209,984.51,984.985,29205.436214999994
2026-06-16T18:00:00.000Z,984.73,984.8575,982.8,983.7389,31447.003665000004
2026-06-16T18:30:00.000Z,983.81,985.5,983.2501,983.88,38906.426100000004
2026-06-16T19:00:00.000Z,983.87,985.91,982.09,982.09,68112.89175600001
2026-06-16T19:30:00.000Z,982.42,988.15,981.095,986.61,211928.510261
2026-06-17T13:30:00.000Z,980,983.7106,975.5,977.21,123112.93783400003
2026-06-17T14:00:00.000Z,977.54,978.73,975.2601,977.5579,79631.00772099997
2026-06-17T14:30:00.000Z,977.56,981,977.07,979.1675,58344.54556800001
2026-06-17T15:00:00.000Z,979.3,980.17,977.5,978.56,81381.588855
2026-06-17T15:30:00.000Z,978.625,979.27,976,976,80288.786949
2026-06-17T16:00:00.000Z,975.96,976.06,972.05,972.51,71171.65950499999
2026-06-17T16:30:00.000Z,972.27,972.76,970.5,970.61,52419.44452399999
2026-06-17T17:00:00.000Z,970.59,970.59,967.74,968.22,73766.522234
2026-06-17T17:30:00.000Z,968.51,970.17,967.67,969,55985.667605
2026-06-17T18:00:00.000Z,968.71,968.71,963.05,963.995,141110.622362
2026-06-17T18:30:00.000Z,963.87,966.02,961.16,961.26,127336.227426
2026-06-17T19:00:00.000Z,961.23,965.3699,961.2,964.37,108571.03360799998
2026-06-17T19:30:00.000Z,964.28,967.58,963.53,965.6,237405.65077399998
2026-06-18T13:30:00.000Z,962.7,964,948.311,950.05,737496.676658
2026-06-18T14:00:00.000Z,950.5,956.56,949.01,952.41,138555.20428600002
2026-06-18T14:30:00.000Z,953.35,956.11,952.1801,954.9819,100098.07335200002
2026-06-18T15:00:00.000Z,955.12,955.2199,952.41,953.9626,88582.07098699998
2026-06-18T15:30:00.000Z,953.655,954.69,952.41,953.34,125872.160467
2026-06-18T16:00:00.000Z,953.53,956.52,952.5,952.775,71986.162308
2026-06-18T16:30:00.000Z,952.8,953.27,951.405,952.065,57421.73701
2026-06-18T17:00:00.000Z,951.85,952.5,949.1,949.4,88023.81165700001
2026-06-18T17:30:00.000Z,949.42,951.21,949,951.0575,80657.56436500001
2026-06-18T18:00:00.000Z,950.92,951.0979,949.55,950.065,65676.101927
2026-06-18T18:30:00.000Z,949.76,950.67,949.11,949.74,68045.448862
2026-06-18T19:00:00.000Z,949.74,949.95,948.311,949.73,108735.09337100001
2026-06-18T19:30:00.000Z,949.55,953.95,949.09,951.27,299183.426683
2026-06-22T13:30:00.000Z,948.565,956.23,942.53,943.47,244801.62776399998
2026-06-22T14:00:00.000Z,943.78,950.89,943,947.555,199730.56003400008
2026-06-22T14:30:00.000Z,947.555,951.02,943.37,948.79,99166.62066300001
2026-06-22T15:00:00.000Z,949.1,952.01,949.1,950.3,71040.29155100002
2026-06-22T15:30:00.000Z,950.485,951.9299,949.27,951.455,102609.97693
2026-06-22T16:00:00.000Z,951.455,951.6809,949.085,949.84,82143.78647100003
2026-06-22T16:30:00.000Z,950,951.555,948,950.05,56116.368582
2026-06-22T17:00:00.000Z,950.37,950.86,949,949.03,51329.794173
2026-06-22T17:30:00.000Z,949.275,950.4899,948.12,948.67,58312.857175
2026-06-22T18:00:00.000Z,948.655,949.1122,946.9,947.7521,90783.93350500001
2026-06-22T18:30:00.000Z,947.625,948.84,947.31,948.61,62378.51478200001
2026-06-22T19:00:00.000Z,948.61,949.29,948.16,948.485,87899.805358
2026-06-22T19:30:00.000Z,948.49,952.98,948.43,950.99,294103.37838
2026-06-23T13:30:00.000Z,964.5,966.38,955.9,958.58,273781.63539199997
2026-06-23T14:00:00.000Z,959,959.09,953.485,956.49,150079.704052
2026-06-23T14:30:00.000Z,956.49,961.99,955.75,961.36,105765.15808200001
2026-06-23T15:00:00.000Z,960.85,966.2,959.82,964.775,161734.937028
2026-06-23T15:30:00.000Z,964.74,966.28,962.76,964.79,81137.499787
2026-06-23T16:00:00.000Z,965.11,965.4,960.51,962.42,74315.71240799999
2026-06-23T16:30:00.000Z,962.415,962.71,960.5151,960.74,53102.62916500001
2026-06-23T17:00:00.000Z,960.92,962.42,960.45,961.68,64046.37855600002
2026-06-23T17:30:00.000Z,961.43,963.01,961.13,962.285,62360.134799000014
2026-06-23T18:00:00.000Z,962.45,962.805,960.2,960.77,64376.877909
2026-06-23T18:30:00.000Z,960.79,961.54,958.62,958.81,99792.25275500001
2026-06-23T19:00:00.000Z,958.58,959.445,956.52,957.61,106868.60101299999
2026-06-23T19:30:00.000Z,957.79,960.29,956.16,957.32,363582.692228
2026-06-24T13:30:00.000Z,962.03,967.94,960.585,962.29,164125.92662800004
2026-06-24T14:00:00.000Z,962.38,964.99,960.15,960.46,93253.74896899998
2026-06-24T14:30:00.000Z,960.4516,962.12,957.32,960.355,95016.80316200001
2026-06-24T15:00:00.000Z,960.51,965.99,960.0001,965.26,103949.82090199999
2026-06-24T15:30:00.000Z,965.26,965.8,960.09,960.225,61791.369647
2026-06-24T16:00:00.000Z,960.23,962.63,959.3427,961.11,70211.366667
2026-06-24T16:30:00.000Z,961.105,961.925,958.46,959.65,53507.137074
2026-06-24T17:00:00.000Z,959.68,962.13,958.9,959.35,54752.98203099999
2026-06-24T17:30:00.000Z,959.425,959.86,957,959.44,56546.68424100001
2026-06-24T18:00:00.000Z,959.25,962.72,959.25,962.7122,70641.016056
2026-06-24T18:30:00.000Z,962.41,965.79,962.41,963.69,74891.718719
2026-06-24T19:00:00.000Z,963.53,965.07,961,961.1707,86791.06149999998
2026-06-24T19:30:00.000Z,960.85,961.95,958.75,961.01,253458.07464500002
2026-06-25T13:30:00.000Z,949.57,954.95,946.02,951.795,198456.29150700005
2026-06-25T14:00:00.000Z,952,955.75,947.37,947.82,164846.05036199998
2026-06-25T14:30:00.000Z,947.82,947.82,941.26,942.36,243420.93624500002
2026-06-25T15:00:00.000Z,942.385,949.8099,942.11,949.8099,125762.229378
2026-06-25T15:30:00.000Z,949.27,950.335,946.59,947.53,74075.52919599999
2026-06-25T16:00:00.000Z,947.82,947.89,942.76,943.16,106141.34168200001
2026-06-25T16:30:00.000Z,943.53,944.2099,938.685,939.975,117965.815133
2026-06-25T17:00:00.000Z,939.85,941.47,938.6,940.9,81007.64521299998
2026-06-25T17:30:00.000Z,941.14,941.9646,939.595,941.8,58104.914729
2026-06-25T18:00:00.000Z,941.52,947.235,941.01,946.77,104850.858346
2026-06-25T18:30:00.000Z,946.71,949.27,946.63,947.52,71249.42687799998
2026-06-25T19:00:00.000Z,947.55,949.8062,947.1663,947.24,73214.69561700002
2026-06-25T19:30:00.000Z,947.11,948.13,941.02,942.48,282847.055312
2026-06-26T13:30:00.000Z,953.25,958.7,950.4568,955.09,232038.19476299992
2026-06-26T14:00:00.000Z,955.896,957.68,950.5,955.675,111048.82769699999
2026-06-26T14:30:00.000Z,956.14,959,955.51,956.5244,107745.768594
2026-06-26T15:00:00.000Z,957.52,960.17,956.5196,959.53,121105.72199999997
2026-06-26T15:30:00.000Z,959.485,961.64,958.21,958.78,155139.309832
2026-06-26T16:00:00.000Z,959.02,959.1,954.77,954.93,67716.89505600001
2026-06-26T16:30:00.000Z,954.93,955.53,953.67,954.86,55956.951317
2026-06-26T17:00:00.000Z,954.86,955.9,952.4801,954.035,101735.79207400001
2026-06-26T17:30:00.000Z,954.25,955.34,953.6,953.875,56549.14748800001
2026-06-26T18:00:00.000Z,953.755,954.98,953.62,953.8,52384.205006000004
2026-06-26T18:30:00.000Z,953.79,956.945,953.22,953.615,105667.66180799999
2026-06-26T19:00:00.000Z,953.615,954.82,952.19,953.73,117075.08737100003
2026-06-26T19:30:00.000Z,953.855,955.36,943,950.2,691788.311681
2026-06-29T13:30:00.000Z,958.55,968.8,953.91,965.27,176779.90974999996
2026-06-29T14:00:00.000Z,965.19,969.86,961.36,961.915,153295.427942
2026-06-29T14:30:00.000Z,961.915,964,957,957.17,120306.91323
2026-06-29T15:00:00.000Z,957.17,960.09,956.53,957.86,88799.181832
2026-06-29T15:30:00.000Z,957.93,958.42,952.81,953.405,100542.18853899998
2026-06-29T16:00:00.000Z,953.405,953.41,947.15,947.925,90186.111428
2026-06-29T16:30:00.000Z,947.925,948.95,945.35,946.0101,88934.016206
2026-06-29T17:00:00.000Z,946.295,947.22,944.75,946.495,88710.386307
2026-06-29T17:30:00.000Z,946.52,948.12,944.1,945.0001,90656.96337900001
2026-06-29T18:00:00.000Z,945.4,945.75,943.28,944.475,81650.400243
2026-06-29T18:30:00.000Z,944.3,945.4622,942.38,945.23,82769.20616899998
2026-06-29T19:00:00.000Z,945.12,947.25,943.36,943.51,91547.753033
2026-06-29T19:30:00.000Z,943.51,947.07,943,946.3,328447.559625
2026-06-30T13:30:00.000Z,942,946,939.5,942.25,128935.16327599999
2026-06-30T14:00:00.000Z,942.545,944.72,940.75,942.2,97674.557563
2026-06-30T14:30:00.000Z,942.36,943.87,939.5,939.855,118227.55220600001
2026-06-30T15:00:00.000Z,939.855,939.86,933.53,936.49,188115.72317900005
2026-06-30T15:30:00.000Z,936.33,938.695,935.63,938.15,100759.71255200001
2026-06-30T16:00:00.000Z,938.112,940.49,937.88,940.125,68389.475276
2026-06-30T16:30:00.000Z,939.86,940.375,938.66,940.215,49897.6826
2026-06-30T17:00:00.000Z,940.22,940.39,938.51,938.895,54374.67183300001
2026-06-30T17:30:00.000Z,938.82,938.87,935.8,936.48,78616.75781899999
2026-06-30T18:00:00.000Z,936.3,938.89,936.2235,937.16,67657.558814
2026-06-30T18:30:00.000Z,937.17,939.165,936.74,938,85314.586925
2026-06-30T19:00:00.000Z,937.8,938.41,936.62,937.19,117648.173168
2026-06-30T19:30:00.000Z,937.0875,937.47,932.41,935.49,453638.746867
2026-07-01T13:30:00.000Z,940.43,940.43,922.52,930.1001,312051.456964
2026-07-01T14:00:00.000Z,930.1,932.47,922.891,927.35,197934.04826499996
2026-07-01T14:30:00.000Z,926.85,930.19,924.8,929.105,173950.52651299996
2026-07-01T15:00:00.000Z,928.98,928.98,923.98,925.37,123852.61812299998
2026-07-01T15:30:00.000Z,925.01,927.5,922.2,926.68,184446.78188400005
2026-07-01T16:00:00.000Z,926.49,931.7599,925.875,931.31,101251.06642900001
2026-07-01T16:30:00.000Z,931.305,931.63,927,927.52,86055.578783
2026-07-01T17:00:00.000Z,927.525,928.17,924.4,924.72,124610.09667500002
2026-07-01T17:30:00.000Z,924.83,926.81,924.34,926.125,94874.28826599999
2026-07-01T18:00:00.000Z,926.37,926.43,922.28,923.2,128622.475903
2026-07-01T18:30:00.000Z,923.21,927.93,923.02,927.35,210653.03758499998
2026-07-01T19:00:00.000Z,927.33,927.63,922.55,922.995,131327.990928
2026-07-01T19:30:00.000Z,922.99,925.315,920.55,924.67,511414.06525399996
2026-07-02T13:30:00.000Z,927,931.1,926.4189,928.95,156150.35530799994
2026-07-02T14:00:00.000Z,930,934,924.84,933.3233,156127.10261000003
2026-07-02T14:30:00.000Z,933.25,942.355,933.185,940.93,149403.49670799996
2026-07-02T15:00:00.000Z,940.7,947.26,940.7,944.685,155786.62628600004
2026-07-02T15:30:00.000Z,944.69,944.69,939.321,942.615,99669.333859
2026-07-02T16:00:00.000Z,942.59,947.79,942.58,947.295,109639.96723799998
2026-07-02T16:30:00.000Z,947.33,949.81,945.93,948.6637,112612.80648300002
2026-07-02T17:00:00.000Z,948.515,950.5,945.331,945.9,120748.944451
2026-07-02T17:30:00.000Z,945.9,949.53,945.87,948.74,74551.77972499999
2026-07-02T18:00:00.000Z,948.34,950.195,946.91,948.69,121578.40183799999
2026-07-02T18:30:00.000Z,948.97,950.89,947.63,947.63,75806.085513
2026-07-02T19:00:00.000Z,947.955,949.99,947.3253,948.725,100243.127709
2026-07-02T19:30:00.000Z,948.55,952.64,946.7,951.29,431544.148072
2026-07-06T13:30:00.000Z,949.1,955.5,943.02,944.485,224708.50697199997
2026-07-06T14:00:00.000Z,944.83,947.6187,942.59,943.035,133563.240618
2026-07-06T14:30:00.000Z,943.035,945.75,942.08,944.845,97349.63685599998
2026-07-06T15:00:00.000Z,944.845,946.448,942.23,942.425,91893.792929
2026-07-06T15:30:00.000Z,942.462,944.24,942.065,942.75,75275.75739600002
2026-07-06T16:00:00.000Z,942.37,943.21,941.4,943.08,84830.47169499999
2026-07-06T16:30:00.000Z,942.985,945.3999,942.37,944.28,81801.36419200001
2026-07-06T17:00:00.000Z,944.415,945.82,943.71,945.5,86247.76309799998
2026-07-06T17:30:00.000Z,945.31,947.805,944.77,947.805,57973.785942999995
2026-07-06T18:00:00.000Z,947.69,947.8232,945.905,946.72,56869.54924300001
2026-07-06T18:30:00.000Z,946.71,949.29,946.0772,948.255,62858.51169
2026-07-06T19:00:00.000Z,948.29,948.98,946.7,947.101,79462.24578200001
2026-07-06T19:30:00.000Z,947.26,952.065,947.2,950.18,239112.77099
2026-07-07T13:30:00.000Z,967.52,969,960,961.16,230143.98361999996
2026-07-07T14:00:00.000Z,961.84,966.27,960.16,960.1686,155814.49366700003
2026-07-07T14:30:00.000Z,960.505,965.41,957.71,958.44,98275.919471
2026-07-07T15:00:00.000Z,958.775,959.47,952.2549,952.37,89955.021656
2026-07-07T15:30:00.000Z,952.25,953.1,950.01,950.305,69906.14383799999
2026-07-07T16:00:00.000Z,950.0656,950.1225,946.6238,947.05,73049.708342
2026-07-07T16:30:00.000Z,947.25,951.35,947.25,949.51,100188.05900999998
2026-07-07T17:00:00.000Z,949.51,950.01,947.29,948.795,52525.49783700001
2026-07-07T17:30:00.000Z,948.88,949.4599,946.45,946.58,105177.773214
2026-07-07T18:00:00.000Z,947.0799,947.165,945.33,947.005,65767.501888
2026-07-07T18:30:00.000Z,947.15,949.51,946.84,949.2,64681.932011000004
2026-07-07T19:00:00.000Z,948.99,950.65,947.13,948.925,92329.78066399998
2026-07-07T19:30:00.000Z,948.965,948.965,946.38,947.26,224035.453841
2026-07-08T13:30:00.000Z,959,959,948,955.045,149701.638821
2026-07-08T14:00:00.000Z,955.46,963.1699,954.23,961.255,127804.44402500002
2026-07-08T14:30:00.000Z,961.125,966.505,958.31,959.01,98013.65965
2026-07-08T15:00:00.000Z,959.3162,961.675,957.76,960.515,81742.13365
2026-07-08T15:30:00.000Z,960.17,962.73,958.28,962.4599,57550.785445999994
2026-07-08T16:00:00.000Z,962,962.14,957.1401,957.26,63769.61252100001
2026-07-08T16:30:00.000Z,957.52,959.28,955.3,955.83,53831.712054
2026-07-08T17:00:00.000Z,955.84,957.09,953.0001,953.45,44808.55031900001
2026-07-08T17:30:00.000Z,953.41,954.5193,952.97,953.8001,54113.694386
2026-07-08T18:00:00.000Z,954.3,955.56,953.2501,954.65,73002.30305500001
2026-07-08T18:30:00.000Z,954.9,956.65,954.5,955.68,52748.49737099999
2026-07-08T19:00:00.000Z,955.4801,956.27,953.76,953.8725,74433.52667400001
2026-07-08T19:30:00.000Z,953.77,955.45,952.18,953.16,258210.001533
2026-07-09T13:30:00.000Z,934.94,935,914.8,916.19,638676.057061
2026-07-09T14:00:00.000Z,916.69,918.63,913.17,913.22,383427.105056
2026-07-09T14:30:00.000Z,913.3,914.63,909.12,909.34,401243.71198400005
2026-07-09T15:00:00.000Z,909.25,912.889,907.68,910.255,321333.342625
2026-07-09T15:30:00.000Z,910,911.5999,909.25,909.86,181551.07996899995
2026-07-09T16:00:00.000Z,910,913.01,909.25,912.84,226776.17075599998
2026-07-09T16:30:00.000Z,912.84,913.95,911.96,913.035,164182.101084
2026-07-09T17:00:00.000Z,912.92,914.25,912.21,913.47,150305.67397700003
2026-07-09T17:30:00.000Z,913.46,913.475,910.5,910.875,178132.702266
2026-07-09T18:00:00.000Z,910.88,911.75,908.58,909.975,244298.369784
2026-07-09T18:30:00.000Z,910.0465,911.55,909.67,910.69,172600.17032700003
2026-07-09T19:00:00.000Z,910.65,915.9,910.265,914.5075,265520.55606499995
2026-07-09T19:30:00.000Z,914.6,915.5,912.29,912.83,565532.730955
2026-07-10T13:30:00.000Z,913.735,915.25,907.21,911.38,277585.52126999997
2026-07-10T14:00:00.000Z,912.22,914.8,911.01,911.34,146965.21394699998
2026-07-10T14:30:00.000Z,911.39,912.7,909.63,912.33,124047.72914000001
2026-07-10T15:00:00.000Z,912.17,912.23,909.15,910.3,109508.426382
2026-07-10T15:30:00.000Z,910.31,913.35,910.1372,911.99,102078.14114600001
2026-07-10T16:00:00.000Z,912.1,913.81,911.905,912.17,65648.86546500001
2026-07-10T16:30:00.000Z,912.33,916.2,911.63,915,111228.699944
2026-07-10T17:00:00.000Z,915.0825,915.85,913.62,913.84,58112.19897500001
2026-07-10T17:30:00.000Z,914.005,914.66,913.41,914.405,40896.881331
2026-07-10T18:00:00.000Z,914.2876,915.47,913.65,914.87,62784.93976300001
2026-07-10T18:30:00.000Z,915,915.47,914.245,915.0019,60334.877504000004
2026-07-10T19:00:00.000Z,915.06,916.49,914.3714,915,88375.978839
2026-07-10T19:30:00.000Z,915.075,916.73,914.77,916.16,316846.984837
2026-07-13T13:30:00.000Z,918.425,924.525,917.2,921.8,217767.39881999997
2026-07-13T14:00:00.000Z,921.595,922.4,916.8803,917.725,157052.818931
2026-07-13T14:30:00.000Z,918.07,922.989,916.995,922.665,103945.81918499999
2026-07-13T15:00:00.000Z,922.66,923.83,920.72,921,70749.80004100001
2026-07-13T15:30:00.000Z,920.88,925.82,920.52,925.09,89065.2837
2026-07-13T16:00:00.000Z,925.1175,925.12,922.41,922.42,73413.318929
2026-07-13T16:30:00.000Z,922.68,925.43,922.26,924.27,138821.86732000002
2026-07-13T17:00:00.000Z,924.5,924.5,921.42,922.12,67031.42733600002
2026-07-13T17:30:00.000Z,922.32,927,922.16,926.13,142397.740831
2026-07-13T18:00:00.000Z,926.045,927,924.83,926.34,86298.14081700002
2026-07-13T18:30:00.000Z,926.45,929.15,925.8601,928.6,96756.742045
2026-07-13T19:00:00.000Z,928.755,930.98,927.84,928.35,119528.05591800001
2026-07-13T19:30:00.000Z,928.32,928.5199,924.24,926,274185.357099
2026-07-14T13:30:00.000Z,921.38,927.58,921.38,924.685,110936.37106999998
2026-07-14T14:00:00.000Z,924.6,929.42,923.69,926.65,100094.48594999997
2026-07-14T14:30:00.000Z,927.02,927.94,923,926.6982,65999.61604800001
2026-07-14T15:00:00.000Z,927.27,927.27,922.27,922.78,69478.349284
2026-07-14T15:30:00.000Z,923.145,925.3769,922.62,924.65,66508.04861499999
2026-07-14T16:00:00.000Z,924.64,925.2846,922,922.03,78076.037385
2026-07-14T16:30:00.000Z,921.87,923.1199,920.9755,921.63,53727.543152
2026-07-14T17:00:00.000Z,921.615,922.7,920.2,920.73,60563.339555
2026-07-14T17:30:00.000Z,920.55,922.1499,920.33,921.16,69311.35568
2026-07-14T18:00:00.000Z,921.16,922.03,919.42,920.05,64159.540961000006
2026-07-14T18:30:00.000Z,920.4108,920.4108,918.75,919.08,63693.60407800001
2026-07-14T19:00:00.000Z,918.82,920.4354,918.5599,920.4354,69970.492273
2026-07-14T19:30:00.000Z,920.24,922.41,919.55,921.53,225536.921469
2026-07-15T13:30:00.000Z,917.75,927.5761,916.44,921.355,148250.440189
2026-07-15T14:00:00.000Z,921.355,924.57,920.86,922.3625,103834.33029900002
2026-07-15T14:30:00.000Z,922.4,925.59,920.86,924.425,69322.331386
2026-07-15T15:00:00.000Z,924.135,924.76,919.61,921.49,83284.70279400003
2026-07-15T15:30:00.000Z,921.495,925.9,920.61,924.1,106470.64158200001
2026-07-15T16:00:00.000Z,924.19,925.99,923.13,924.55,81086.51851800001
2026-07-15T16:30:00.000Z,924.6,927.5,923.46,924.41,85987.23725099998
2026-07-15T17:00:00.000Z,924.6573,924.69,921.34,921.7,51422.199808000005
2026-07-15T17:30:00.000Z,921.5,922.985,921.005,922.455,59680.92123000001
2026-07-15T18:00:00.000Z,922.5,923.76,919.5601,920.04,73995.272692
2026-07-15T18:30:00.000Z,920.07,920.71,918.22,920.62,62985.84282499999
2026-07-15T19:00:00.000Z,920.45,920.655,914.68,914.68,95733.426821
2026-07-15T19:30:00.000Z,914.48,916.54,910.5,916.53,304401.451811
2026-07-16T13:30:00.000Z,924,938.5,921.5,934.31,270002.635639
2026-07-16T14:00:00.000Z,934.49,935.252,927.165,928.22,95526.71967100003
2026-07-16T14:30:00.000Z,928.64,933.6883,927.2,931.01,88186.90142800001
2026-07-16T15:00:00.000Z,930.94,934.94,930.94,933.28,76774.06412000001
2026-07-16T15:30:00.000Z,933.2775,936.13,933.05,935.375,68247.16648000001
2026-07-16T16:00:00.000Z,935.37,937.74,934.79,936.48,85630.984009
2026-07-16T16:30:00.000Z,936.5,939.745,936.26,937.7829,82264.25392399999
2026-07-16T17:00:00.000Z,937.75,939.65,937.1801,939.07,64618.03468799998
2026-07-16T17:30:00.000Z,938.85,941.41,938.3118,940.26,82665.83778300001
2026-07-16T18:00:00.000Z,940.05,942.69,939.89,940.22,82814.44230999998
2026-07-16T18:30:00.000Z,940.165,943.5,940.165,943.13,94809.280051
2026-07-16T19:00:00.000Z,943.14,943.36,939.51,939.66,158555.070277
2026-07-16T19:30:00.000Z,939.665,945.76,939.09,945.47,364971.3529339999
2026-07-17T13:30:00.000Z,961.52,964.33,953,956.28,395252.4184929999
2026-07-17T14:00:00.000Z,955.15,956,944.24,946.8415,145109.96602400002
2026-07-17T14:30:00.000Z,946.68,949.9099,943.65,945.84,80097.26887800002
2026-07-17T15:00:00.000Z,945.935,948.815,945.83,945.87,86249.760592
2026-07-17T15:30:00.000Z,946.215,946.31,940.89,941.035,79833.46796899998
2026-07-17T16:00:00.000Z,941.04,941.06,935.83,936.79,247813.58812800003
2026-07-17T16:30:00.000Z,936.88,937.9,934.3001,934.895,73406.83464199999
2026-07-17T17:00:00.000Z,935.07,936.11,933.76,934.675,75237.608392
2026-07-17T17:30:00.000Z,934.35,938.545,934.225,936.095,64572.603437999984
2026-07-17T18:00:00.000Z,936.095,939.035,935.725,937.09,61110.534974
2026-07-17T18:30:00.000Z,937.29,939.66,936.3101,938.06,57315.30427599999
2026-07-17T19:00:00.000Z,938.18,939.64,937.0601,937.725,122321.080561
2026-07-17T19:30:00.000Z,937.725,941.84,936.251,940.85,280806.534828
2026-07-20T13:30:00.000Z,938.75,945.09,935,943.34,113947.03814099998
2026-07-20T14:00:00.000Z,944.0573,946.9784,940.67,943.055,78472.30755399998
2026-07-20T14:30:00.000Z,942.81,944.74,941.04,944.22,52565.37353
2026-07-20T15:00:00.000Z,944.5499,944.55,939.6,939.705,53292.152865
2026-07-20T15:30:00.000Z,939.705,940.76,938.0001,938.33,50782.277980000006
2026-07-20T16:00:00.000Z,938.27,938.77,937.03,938.465,43326.342589
2026-07-20T16:30:00.000Z,938.4475,938.66,935.2,936.535,56099.484199000006
2026-07-20T17:00:00.000Z,936.535,937.9,935.2001,936.02,51003.87887899998
2026-07-20T17:30:00.000Z,935.91,937.855,934.22,934.85,80093.264218
2026-07-20T18:00:00.000Z,934.5001,935.37,933.23,933.97,70062.877903
2026-07-20T18:30:00.000Z,934.005,934.089,932.0101,933.47,88489.63099399998
2026-07-20T19:00:00.000Z,933.47,935.97,933.1401,934.97,86229.537071
2026-07-20T19:30:00.000Z,935.065,938.59,934.88,935.78,263110.203788
2026-07-21T13:30:00.000Z,930.25,931.6,924.44,926.001,194535.54832799998
2026-07-21T14:00:00.000Z,926.525,931.39,925.51,928.785,78441.384991
2026-07-21T14:30:00.000Z,928.49,930.53,926.2614,930.3,97925.42311999998
2026-07-21T15:00:00.000Z,930.55,931.99,927.65,930.2,84633.78528899999
2026-07-21T15:30:00.000Z,930.57,931.3675,928.0001,929.565,72024.35037400002
2026-07-21T16:00:00.000Z,929.28,930.46,927.7575,929.645,67604.455
2026-07-21T16:30:00.000Z,929.72,930.38,927,927.765,68299.99503700002
2026-07-21T17:00:00.000Z,927.47,928.55,926.39,927.95,52936.738502
2026-07-21T17:30:00.000Z,927.945,929.36,927.83,929.22,52036.142606
2026-07-21T18:00:00.000Z,929.02,931.17,928.9,930.62,53263.538183
2026-07-21T18:30:00.000Z,930.3507,930.8,928.75,930.21,66859.70914300001
2026-07-21T19:00:00.000Z,930.225,931.76,929.19,931.72,67767.102954
2026-07-21T19:30:00.000Z,931.585,931.89,927.825,929.21,249317.23494300002
2026-07-22T13:30:00.000Z,930.88,933.6,923.96,925.7,150546.191226
2026-07-22T14:00:00.000Z,925.74,930,924.75,926.115,79585.700482
2026-07-22T14:30:00.000Z,925.72,927.195,923.8001,925.57,53522.609221
2026-07-22T15:00:00.000Z,925.52,925.52,920.965,921.6,72522.86592699999
2026-07-22T15:30:00.000Z,921.03,923.52,921.03,922.5,84494.832842
2026-07-22T16:00:00.000Z,922.5,923.005,921.82,922.76,40478.8808
2026-07-22T16:30:00.000Z,922.615,923.9183,921.9001,923.9183,46435.495042
2026-07-22T17:00:00.000Z,923.7,925.88,923.47,923.84,43810.91933100001
2026-07-22T17:30:00.000Z,923.655,924.91,923.3,924.785,39920.984252999995
2026-07-22T18:00:00.000Z,924.5,924.9999,923.83,924.66,35001.759129
2026-07-22T18:30:00.000Z,924.615,925,922.69,923.52,46229.79091
2026-07-22T19:00:00.000Z,923.665,924.785,921.62,924.58,79816.90476500001
2026-07-22T19:30:00.000Z,924.62,927.97,923.96,927.14,236800.148893
2026-07-23T13:30:00.000Z,920.505,924,917,921.68,206563.44835200004
2026-07-23T14:00:00.000Z,921.69,923.5999,916.76,917.735,119703.935209
2026-07-23T14:30:00.000Z,917.7375,923.96,917.04,922.45,68640.91451399999
2026-07-23T15:00:00.000Z,922.94,924.18,919.485,920.415,85615.16980600003
2026-07-23T15:30:00.000Z,920.41,922.12,917.32,919.99,81232.63102100001
2026-07-23T16:00:00.000Z,919.93,921.23,917.95,918.16,66096.70551599999
2026-07-23T16:30:00.000Z,918.315,921,918.0001,919.565,47841.48976600001
2026-07-23T17:00:00.000Z,919.4,921.35,918.9,920.105,52198.88312799999
2026-07-23T17:30:00.000Z,920.13,922.475,919.9201,920.165,63310.959627000004
2026-07-23T18:00:00.000Z,920.5,921.64,920.3264,920.68,38112.35915
2026-07-23T18:30:00.000Z,920.905,922.66,920.19,922.33,54829.458046999986
2026-07-23T19:00:00.000Z,922.1,924.125,921.88,922.29,89342.290935
2026-07-23T19:30:00.000Z,922.285,926.53,921.44,926.06,270528.49692
2026-07-24T13:30:00.000Z,925.01,930.49,921.28,928.34,119351.99475799999
2026-07-24T14:00:00.000Z,927.91,933.95,927.2407,931.67,127996.21657899999
2026-07-24T14:30:00.000Z,931.83,935.2725,930.76,931.2401,110739.01013699998
2026-07-24T15:00:00.000Z,931.595,932.76,929.295,931.66,71086.728568
2026-07-24T15:30:00.000Z,931.66,933.68,930.76,932.19,63336.43579299999
2026-07-24T16:00:00.000Z,932.31,933.24,930.83,932.245,42500.196295999995
2026-07-24T16:30:00.000Z,932.4,933.79,931.79,931.79,41806.56844299999
2026-07-24T17:00:00.000Z,931.89,933.75,931.89,932.87,45653.78718899999
2026-07-24T17:30:00.000Z,933.0764,933.29,931.51,931.72,53203.86047299999
2026-07-24T18:00:00.000Z,931.745,933.01,930.8,932.715,55700.17368299999
2026-07-24T18:30:00.000Z,932.72,934.66,932.72,934.27,88115.56706599999
2026-07-24T19:00:00.000Z,934.11,935.27,933.14,933.32,120039.43922800003
2026-07-24T19:30:00.000Z,933.28,936.66,932.3736,935.29,255580.384472
2026-07-27T13:30:00.000Z,938.11,947.065,936.655,944.45,126468.60568500002
2026-07-27T14:00:00.000Z,944.45,950.13,943.14,949.91,227416.767789
2026-07-27T14:30:00.000Z,949.71,956.61,949.26,951.25,184705.24411299996
2026-07-27T15:00:00.000Z,951.31,953.01,949.04,950.25,89297.644489
2026-07-27T15:30:00.000Z,950.235,953.82,949.21,949.235,92438.76721299998
2026-07-27T16:00:00.000Z,949.59,949.59,946.281,947.09,64824.40396400001
2026-07-27T16:30:00.000Z,946.77,948.825,945.5,948.105,62558.64644699999
2026-07-27T17:00:00.000Z,947.965,950.9897,947.94,949.545,71865.631819
2026-07-27T17:30:00.000Z,949.68,951.47,948.9454,950.82,78121.83686799998
2026-07-27T18:00:00.000Z,951.07,952.75,950.795,952.355,53488.42789899999
2026-07-27T18:30:00.000Z,952.59,954.345,951.491,951.491,71981.340037
2026-07-27T19:00:00.000Z,951.53,952.56,949.46,950.485,78073.572806
2026-07-27T19:30:00.000Z,950.2275,952.47,949.06,951.685,257538.24614900004
2026-07-28T13:30:00.000Z,970.55,987.5525,968.095,986.2425,554135.254193
2026-07-28T14:00:00.000Z,986.6,986.6,979.505,984.86,264843.16674099996
2026-07-28T14:30:00.000Z,985.1,986.5725,980.759,983.47,157910.146819
2026-07-28T15:00:00.000Z,983.355,983.38,977.535,979.275,157456.989796
2026-07-28T15:30:00.000Z,979.325,979.6,973.439,973.66,100650.26981
2026-07-28T16:00:00.000Z,973.8,975.665,972.16,972.47,75325.683048
2026-07-28T16:30:00.000Z,972.71,974.419,969.7474,970.335,65308.712576000005
2026-07-28T17:00:00.000Z,970.58,971.25,968.68,969.175,60512.36748000001
2026-07-28T17:30:00.000Z,969.185,971.6599,969.01,969.94,54623.74439600001
2026-07-28T18:00:00.000Z,970.13,972.79,969.0501,970.98,65108.780274
2026-07-28T18:30:00.000Z,971.18,973.68,970.66,972.02,78470.730059
2026-07-28T19:00:00.000Z,971.94,971.94,966.99,967.07,94166.341374
2026-07-28T19:30:00.000Z,966.77,969.9899,965.87,966.54,347598.714455
2026-07-29T13:30:00.000Z,968.07,976.767,963,972.74,150382.556342
2026-07-29T14:00:00.000Z,972,974.38,967.74,972.915,106256.288624
2026-07-29T14:30:00.000Z,972.42,976.5,970.04,970.745,82495.095782
2026-07-29T15:00:00.000Z,970.745,974.22,969.18,974.22,92057.085133
2026-07-29T15:30:00.000Z,974.42,976.34,973.28,974.605,82737.70044799999
2026-07-29T16:00:00.000Z,974.43,978.8,974,977,98958.12234000002
2026-07-29T16:30:00.000Z,976.8,977.78,974.4,975.15,69212.89018599998
2026-07-29T17:00:00.000Z,975.37,976,972.525,973.43,61101.894135
2026-07-29T17:30:00.000Z,972.8275,976.7321,972.61,975.78,78108.16305399999
2026-07-29T18:00:00.000Z,976.45,977.23,970.2108,974.3751,86509.716795
2026-07-29T18:30:00.000Z,973.98,974.79,971.57,972.31,63241.08218599999
2026-07-29T19:00:00.000Z,972.025,973.28,970.5887,970.64,83421.2269
2026-07-29T19:30:00.000Z,970.43,975.3,969.72,973.735,336481.01025399996
2026-07-30T13:30:00.000Z,955.04,960.76,950.51,952.985,207141.72232200002
2026-07-30T14:00:00.000Z,952.86,959.1434,950.335,952.4,345883.02126
2026-07-30T14:30:00.000Z,952.77,957.1575,950.1,955.3,103543.30026900001
2026-07-30T15:00:00.000Z,955.365,955.54,950.59,953.445,87897.34379400001
2026-07-30T15:30:00.000Z,953.445,957.2,953.13,955.3375,72228.15576
2026-07-30T16:00:00.000Z,955.34,955.34,951.74,951.8,65670.99404999998
2026-07-30T16:30:00.000Z,952.02,954.91,951.7,953.35,72673.16295900001
2026-07-30T17:00:00.000Z,953.515,954.4599,950.5801,951.5,71439.029359
2026-07-30T17:30:00.000Z,951.44,951.97,949.68,951.04,83931.873387
2026-07-30T18:00:00.000Z,951.13,952.61,950.81,952.215,70426.00366699998
2026-07-30T18:30:00.000Z,951.83,954.5,951.45,953.96,59611.034434
2026-07-30T19:00:00.000Z,953.76,954.6099,952.32,953.39,85953.637152
2026-07-30T19:30:00.000Z,953.39,955.875,951.27,954.17,310013.857215
2026-07-31T13:30:00.000Z,945.74,948.9899,937.51,948.58,194480.72897300002
2026-07-31T14:00:00.000Z,948.18,955.56,948,948.63,141363.56670899998
2026-07-31T14:30:00.000Z,948.03,950.9099,945.5001,947.38,94258.10734
2026-07-31T15:00:00.000Z,947.09,951.81,945.54,950.185,100810.602319
2026-07-31T15:30:00.000Z,950.05,953.2275,949.68,951.99,65525.233045999994
2026-07-31T16:00:00.000Z,952.4,952.4,950.36,950.545,51678.90317
2026-07-31T16:30:00.000Z,950.55,952.29,949.76,951.71,44813.432728
2026-07-31T17:00:00.000Z,951.345,952.5549,950.04,950.505,48574.439027
2026-07-31T17:30:00.000Z,950.36,952.3975,949.81,950.97,48546.701167
2026-07-31T18:00:00.000Z,951.09,954.67,950.7201,953.855,73488.929569
2026-07-31T18:30:00.000Z,953.84,954.46,952.805,954.255,47099.404417000005
2026-07-31T19:00:00.000Z,954.245,954.68,951.845,951.85,74577.676354
2026-07-31T19:30:00.000Z,951.74,953.44,950.29,951.89,238792.12715399996
2026-08-03T13:30:00.000Z,965.15,967.98,957.85,959.96,151754.62812499996
2026-08-03T14:00:00.000Z,960.2,962.36,952.01,952.02,123117.885223
2026-08-03T14:30:00.000Z,952.29,953,948.954,949.63,124432.96829200002
2026-08-03T15:00:00.000Z,949.62,955.77,949.4611,955.76,77091.43616499999
2026-08-03T15:30:00.000Z,955.47,955.47,950.445,951.03,106130.91194399999
2026-08-03T16:00:00.000Z,951.21,951.41,948.975,950.745,76142.883173
2026-08-03T16:30:00.000Z,950.88,952.21,948.7501,951.96,66146.566607
2026-08-03T17:00:00.000Z,951.965,953.5163,950.57,951.24,64419.29197
2026-08-03T17:30:00.000Z,951.135,951.23,949.4,949.675,202144.65629700004
2026-08-03T18:00:00.000Z,949.67,952.97,949.23,951.96,66336.23414
2026-08-03T18:30:00.000Z,952.045,953,951.5313,952.585,48749.09963800001
2026-08-03T19:00:00.000Z,952.585,952.91,951.1801,951.745,78340.76277499998
2026-08-03T19:30:00.000Z,951.74,955.55,951.6,954.01,252155.65704900003
2026-08-04T13:30:00.000Z,945,946.98,937.01,942.65,192818.97639099997
2026-08-04T14:00:00.000Z,942.19,945.76,940.77,943.195,130029.478526
2026-08-04T14:30:00.000Z,943,945.025,942.82,943.99,94065.81820000001
2026-08-04T15:00:00.000Z,943.885,944.14,941.27,943.04,105572.17539800002
2026-08-04T15:30:00.000Z,942.865,945.235,942.76,944.525,121274.31493800002
2026-08-04T16:00:00.000Z,944.6742,944.73,943.4001,943.605,87646.004562
2026-08-04T16:30:00.000Z,943.61,943.81,941.67,942.48,112373.64784200002
2026-08-04T17:00:00.000Z,942.25,943.5,941.5,943.5,82559.29043900002
2026-08-04T17:30:00.000Z,943.42,946.14,943.26,945.6,73379.339733
2026-08-04T18:00:00.000Z,945.7,947.59,944.915,946.1775,68545.25577
2026-08-04T18:30:00.000Z,946.335,948,945.4,947.37,96421.85440499998
2026-08-04T19:00:00.000Z,947.325,949.1,946.78,948.73,92432.24843300002
2026-08-04T19:30:00.000Z,948.53,950.86,946,947.87,292565.749484
2026-08-05T13:30:00.000Z,956.99,956.99,938.25,941.39,224390.00112600002
2026-08-05T14:00:00.000Z,942.22,944.5,940.5,942.59,108393.62980900003
2026-08-05T14:30:00.000Z,942.555,945.88,940.51,941.8801,129961.90694900001
2026-08-05T15:00:00.000Z,942.18,942.55,935.34,936.05,130364.03836400002
2026-08-05T15:30:00.000Z,936,939.57,935.22,938.64,93661.795298
2026-08-05T16:00:00.000Z,938.52,945.1699,938.5,940.15,70435.30247600001
2026-08-05T16:30:00.000Z,940,942.12,939.76,940.43,40122.18165
2026-08-05T17:00:00.000Z,940.76,942.49,940.76,941.285,68134.30554199999
2026-08-05T17:30:00.000Z,941.32,942.11,939.5,940.57,41749.91214699999
2026-08-05T18:00:00.000Z,940.335,942,939.39,940.02,41955.526775000006
2026-08-05T18:30:00.000Z,940.01,941.18,939.76,940.5,41746.61274799999
2026-08-05T19:00:00.000Z,940.56,940.82,939.36,940.01,71641.97063
2026-08-05T19:30:00.000Z,940.09,943.555,938.32,942.03,282095.42984600004
2026-08-06T13:30:00.000Z,959.55,966.135,948.55,949.52,281563.247743
2026-08-06T14:00:00.000Z,949.52,952,941.78,944.83,114235.28449399999
2026-08-06T14:30:00.000Z,945.35,949.4,942.915,946.94,94531.286998
2026-08-06T15:00:00.000Z,946.93,949,944.27,945.13,70434.35207099999
2026-08-06T15:30:00.000Z,945.13,948.04,944.62,945.955,53897.71043899998
2026-08-06T16:00:00.000Z,945.955,948.85,945.4956,947.9101,66155.677134
2026-08-06T16:30:00.000Z,948.64,948.8,944.18,944.84,65969.750905
2026-08-06T17:00:00.000Z,944.71,945.09,943.02,944.27,54925.340453000004
2026-08-06T17:30:00.000Z,944.35,946.33,944.16,944.915,75042.23646500002
2026-08-06T18:00:00.000Z,944.84,947.14,943.93,944.79,70610.424791
2026-08-06T18:30:00.000Z,944.795,946.8921,944.29,946.74,50716.52953199999
2026-08-06T19:00:00.000Z,946.29,946.52,944.91,945.475,63352.78055700001
2026-08-06T19:30:00.000Z,945.7399,949.45,944.08,949.39,207110.599104
2026-08-07T13:30:00.000Z,943.51,945.22,937.51,944.44,138996.35932300004
2026-08-07T14:00:00.000Z,944.99,949,943.93,945.6251,118903.54314100002
2026-08-07T14:30:00.000Z,946.19,949.79,945.7521,946.96,60453.103175000004
2026-08-07T15:00:00.000Z,946.94,947.0075,944.15,944.71,45464.498076
2026-08-07T15:30:00.000Z,945.02,946.5396,944.69,945.23,41941.946601
2026-08-07T16:00:00.000Z,945.8,946.49,944.87,945.68,36590.95793100001
2026-08-07T16:30:00.000Z,945.68,947.49,945.68,946.78,37471.23214
2026-08-07T17:00:00.000Z,946.66,947.38,945.78,946.94,38391.13920399999
2026-08-07T17:30:00.000Z,946.95,947.5208,946.3001,946.35,37387.23513100001
2026-08-07T18:00:00.000Z,946.29,946.57,945.15,945.521,36390.990184999995
2026-08-07T18:30:00.000Z,945.53,945.54,943.4,943.98,69574.312551
2026-08-07T19:00:00.000Z,944.35,946.97,943.8501,946.25,71467.70377099999
2026-08-07T19:30:00.000Z,946.44,948.58,946.135,947.78,229069.552184
2026-08-10T13:30:00.000Z,942.47,947.59,941.43,944.415,117131.96871599999
2026-08-10T14:00:00.000Z,944.86,946.25,940.56,942.54,118898.30463999999
2026-08-10T14:30:00.000Z,942.505,947.58,941.78,947.58,97925.31074900001
2026-08-10T15:00:00.000Z,947.5647,947.79,942.832,943.065,44591.801766000004
2026-08-10T15:30:00.000Z,943.416,944.61,943,944.61,32262.095315999995
2026-08-10T16:00:00.000Z,944.68,946.42,944.39,946.08,42418.505552
2026-08-10T16:30:00.000Z,946.22,947.89,945.11,947.625,59182.30022099999
2026-08-10T17:00:00.000Z,947.675,947.675,945.88,945.89,30794.224808000003
2026-08-10T17:30:00.000Z,946.055,949.8799,945.93,949.8799,50075.54615199998
2026-08-10T18:00:00.000Z,949.88,950.26,949.39,949.8,43055.586665
2026-08-10T18:30:00.000Z,949.84,950.0656,948.47,948.56,54907.417592000005
2026-08-10T19:00:00.000Z,948.71,949.5,944.75,944.935,78946.669189
2026-08-10T19:30:00.000Z,944.82,952.89,944.815,952.63,212242.293562
2026-08-11T13:30:00.000Z,950.05,954.9,947.76,949.465,86805.08070700002
2026-08-11T14:00:00.000Z,949,949.6947,944.01,945.67,109806.85361200002
2026-08-11T14:30:00.000Z,945.78,946.28,942.345,942.57,83130.66682
2026-08-11T15:00:00.000Z,942.58,942.74,938.09,939.63,162034.924551
2026-08-11T15:30:00.000Z,939.97,942.98,939.6215,941.85,89433.13094199999
2026-08-11T16:00:00.000Z,941.59,941.63,940.2,940.21,57807.721771000004
2026-08-11T16:30:00.000Z,940.305,940.92,939.55,940.295,64308.801305999994
2026-08-11T17:00:00.000Z,940.4736,942.01,940.405,941.3899,52526.076382
2026-08-11T17:30:00.000Z,941.38,942.75,941.1192,941.89,55181.920574
2026-08-11T18:00:00.000Z,941.9,941.93,940.84,940.9,66368.497282
2026-08-11T18:30:00.000Z,940.755,942.74,940.755,942.28,57453.96543200001
2026-08-11T19:00:00.000Z,942.28,943.62,942.07,942.88,82780.07838
2026-08-11T19:30:00.000Z,942.77,945.5,942.38,944.3,261429.71540000004
2026-08-12T13:30:00.000Z,937.4,946.605,935.05,943.85,195699.04964500002
2026-08-12T14:00:00.000Z,944.1,948.8775,943.73,945.1,91977.95200300001
2026-08-12T14:30:00.000Z,946.594,946.85,944.58,946.425,72411.68162200002
2026-08-12T15:00:00.000Z,946.0401,948.26,945.3,947.51,49749.78368500001
2026-08-12T15:30:00.000Z,947.97,948.8,946.64,948,47867.462965
2026-08-12T16:00:00.000Z,948.135,949.46,947.6201,948.06,48855.292553
2026-08-12T16:30:00.000Z,948.195,950.25,948.195,949.8,59514.771723000005
2026-08-12T17:00:00.000Z,949.815,951.3886,949.55,949.85,43437.281879999995
2026-08-12T17:30:00.000Z,949.5,950.99,948.35,950.38,41022.67185300001
2026-08-12T18:00:00.000Z,950.38,951,948.5,948.71,47927.32652400001
2026-08-12T18:30:00.000Z,948.8625,950,948.51,948.51,43933.682908
2026-08-12T19:00:00.000Z,948.4,948.9899,947.5,948.59,50522.826508000006
2026-08-12T19:30:00.000Z,948.59,950.15,947.43,949.76,189344.7722
2026-08-13T13:30:00.000Z,954.245,954.99,950,952.005,113594.44059399996
2026-08-13T14:00:00.000Z,951.64,956,949.59,954.5049,97746.35975399999
2026-08-13T14:30:00.000Z,954.99,956,953,953.84,57142.25725
2026-08-13T15:00:00.000Z,953.76,955.78,949.514,949.795,66620.060245
2026-08-13T15:30:00.000Z,949.79,953.48,949.5274,953.295,37182.825358999995
2026-08-13T16:00:00.000Z,953.57,954.5,951.62,952.27,28230.258090000003
2026-08-13T16:30:00.000Z,951.67,954.3599,951.1401,953.56,35216.195196
2026-08-13T17:00:00.000Z,953.805,954.0799,952.29,953.63,22844.765162999996
2026-08-13T17:30:00.000Z,953.63,954,952.6448,953.725,27494.112226999998
2026-08-13T18:00:00.000Z,953.58,955.58,953.58,955.25,45592.94285199999
2026-08-13T18:30:00.000Z,955.16,956.98,953.81,956.5,53565.52470499999
2026-08-13T19:00:00.000Z,956.43,958.61,955.75,958.33,95674.161769
2026-08-13T19:30:00.000Z,958.33,962.58,958.26,961.65,245984.78615399997
2026-08-14T13:30:00.000Z,959.99,965.36,959.73,962.9901,128194.89606799999
2026-08-14T14:00:00.000Z,962.99,964.19,958.65,962.24,68985.04551000001
2026-08-14T14:30:00.000Z,961.96,962.52,958.11,958.795,40196.157543999994
2026-08-14T15:00:00.000Z,958.94,961.4,957.75,961.14,42784.01308399999
2026-08-14T15:30:00.000Z,961.245,964.2,960.9501,962.73,35532.210795
2026-08-14T16:00:00.000Z,962.635,963.55,962.09,962.37,43299.012528
2026-08-14T16:30:00.000Z,962.37,962.94,961.51,961.54,31784.22892599999
2026-08-14T17:00:00.000Z,961.57,962.2925,961.2201,961.23,25728.950724
2026-08-14T17:30:00.000Z,961.5,962.0516,961,961.6,28787.557539999994
2026-08-14T18:00:00.000Z,961.665,962.37,960.45,962.1,31035.893101
2026-08-14T18:30:00.000Z,961.98,962.19,961.18,961.77,39446.866065
2026-08-14T19:00:00.000Z,961.87,962.2599,961.01,961.63,54553.869300000006
2026-08-14T19:30:00.000Z,961.77,962.1238,959,961.08,167533.11216800002
2026-08-17T13:30:00.000Z,954.835,956.75,950.99,952.05,115046.21095400004
2026-08-17T14:00:00.000Z,952.155,955.49,952.025,952.95,72590.57512699999
2026-08-17T14:30:00.000Z,953.01,955.19,952.91,953.335,49819.731442000004
2026-08-17T15:00:00.000Z,953.3,953.4826,949.66,950.355,64823.125152
2026-08-17T15:30:00.000Z,950.355,951.2,949.42,950.87,38098.206855000004
2026-08-17T16:00:00.000Z,950.785,953.97,950.21,953.97,43849.62763399999
2026-08-17T16:30:00.000Z,953.82,955.22,953.61,954.48,34884.367440999995
2026-08-17T17:00:00.000Z,954.2701,954.47,951.17,952.76,51732.757125000004
2026-08-17T17:30:00.000Z,952.78,952.79,951.21,952.265,55669.18276300001
2026-08-17T18:00:00.000Z,952.09,952.8,951.535,951.792,40543.12680699999
2026-08-17T18:30:00.000Z,951.78,952.3,950.33,950.64,58819.821457
2026-08-17T19:00:00.000Z,950.73,952.9999,950.22,952.5,66954.362012
2026-08-17T19:30:00.000Z,952.45,955.5,951.91,953.49,180695.74471899998
2026-08-18T13:30:00.000Z,966.11,966.11,955.03,960.005,138087.92112500002
2026-08-18T14:00:00.000Z,960.62,964.88,958.99,964.07,97281.25227200001
2026-08-18T14:30:00.000Z,964.08,971.8,963.4,971.8,113961.01460900003
2026-08-18T15:00:00.000Z,971.91,971.9599,968.2201,969.23,99878.553929
2026-08-18T15:30:00.000Z,969.27,969.56,964.575,964.575,88463.37742399998
2026-08-18T16:00:00.000Z,964.81,968.55,964.49,968.08,77231.56708200002
2026-08-18T16:30:00.000Z,968.085,968.97,966.06,967.03,52535.016915
2026-08-18T17:00:00.000Z,967.08,967.54,965.38,966.29,45199.02387600001
2026-08-18T17:30:00.000Z,966.29,967.11,965.14,966.87,48602.946402
2026-08-18T18:00:00.000Z,967,967.42,964.83,965.45,57820.67484999999
2026-08-18T18:30:00.000Z,965.45,966.49,964.12,965.115,58392.947799
2026-08-18T19:00:00.000Z,965.2,966.175,962.17,962.415,81765.920055
2026-08-18T19:30:00.000Z,962.54,963.67,960.53,961.35,231173.745383
2026-08-19T13:30:00.000Z,960.23,977.12,958.0124,974.99,200826.07486500003
2026-08-19T14:00:00.000Z,974.99,978.7,971.65,974.02,128679.90991500003
2026-08-19T14:30:00.000Z,973.69,974.98,970.345,974.305,62086.693627
2026-08-19T15:00:00.000Z,974.52,975.785,971.3,971.9,61410.01513900001
2026-08-19T15:30:00.000Z,971.92,972.005,968.3,969.88,72411.16032
2026-08-19T16:00:00.000Z,970.125,970.36,965.46,966.6001,54057.31088999999
2026-08-19T16:30:00.000Z,967.09,967.48,965.405,967.01,54670.21225999999
2026-08-19T17:00:00.000Z,967.015,967.42,966.015,967.365,60821.09948700001
2026-08-19T17:30:00.000Z,967.375,969.2685,966.765,968.21,51093.082389
2026-08-19T18:00:00.000Z,968.01,969.305,966.75,967.91,53331.28784600001
2026-08-19T18:30:00.000Z,967.94,968.424,964.35,964.35,63789.744138999995
2026-08-19T19:00:00.000Z,964.545,964.59,957.65,957.93,112836.17208
2026-08-19T19:30:00.000Z,958.16,959.56,956,956.86,251757.33967600003
2026-08-20T13:30:00.000Z,931.15,943.5,925.77,939.4104,325943.811108
2026-08-20T14:00:00.000Z,938.56,943.6,937.61,938.3942,143210.026464
2026-08-20T14:30:00.000Z,938.8058,939.52,932.895,935.47,152181.66927
2026-08-20T15:00:00.000Z,935.47,941.95,934.81,941,107636.37150099999
2026-08-20T15:30:00.000Z,941.38,942.37,939.47,939.98,63090.74377300001
2026-08-20T16:00:00.000Z,939.83,944.215,939.745,940.5,68674.816163
2026-08-20T16:30:00.000Z,940.46,941.6032,937.16,940.06,75954.97198799999
2026-08-20T17:00:00.000Z,939.92,940.745,938.145,939.03,85219.51319500004
2026-08-20T17:30:00.000Z,938.4334,939.5,935.23,935.475,64115.62866500001
2026-08-20T18:00:00.000Z,935.545,936.5458,930.6,931.11,126036.66490400002
2026-08-20T18:30:00.000Z,931.0605,931.12,928.01,929.56,150149.86186899996
2026-08-20T19:00:00.000Z,929.75,930.705,928.94,929.71,113594.306131
2026-08-20T19:30:00.000Z,929.71,936,929.71,933.23,357197.446429
2026-08-21T13:30:00.000Z,939.64,944.5,933.82,941.52,299133.03476
2026-08-21T14:00:00.000Z,941.515,948.79,940.05,946.05,150795.40540800002
2026-08-21T14:30:00.000Z,946.01,949.82,945.8301,949.285,108408.105932
2026-08-21T15:00:00.000Z,949.285,949.585,945.36,947.09,96657.98111299999
2026-08-21T15:30:00.000Z,947.1,947.6949,945.935,946.995,59486.659906
2026-08-21T16:00:00.000Z,946.99,949.8999,946.55,948.375,59763.708020000005
2026-08-21T16:30:00.000Z,948.315,949.64,946.76,948.58,42013.856453
2026-08-21T17:00:00.000Z,948.38,949.55,947.78,949.07,55814.876363
2026-08-21T17:30:00.000Z,949.065,949.065,947.67,948.065,49634.64120299999
2026-08-21T18:00:00.000Z,947.9,948.01,945.52,946.48,93643.463271
2026-08-21T18:30:00.000Z,946.215,947.519,946.0142,946.3878,51892.362150999994
2026-08-21T19:00:00.000Z,946.415,947.44,945.011,947.1,88250.33006800002
2026-08-21T19:30:00.000Z,947.26,949.45,946.7225,947.92,289958.09384600003
2026-08-24T13:30:00.000Z,953.01,962.2459,951.385,959.5,165635.85352
2026-08-24T14:00:00.000Z,959.19,963.18,956.96,962.46,109416.91272899997
2026-08-24T14:30:00.000Z,962.415,965.425,961.71,963.06,90477.90159600001
2026-08-24T15:00:00.000Z,962.75,966.21,962.41,964.995,89277.408799
2026-08-24T15:30:00.000Z,964.99,968.56,964.68,966.715,90236.546276
2026-08-24T16:00:00.000Z,966.58,969.49,966.2432,968.57,64503.58401499999
2026-08-24T16:30:00.000Z,968.57,970.08,968.5,969.185,68227.50665400001
2026-08-24T17:00:00.000Z,969.19,970.99,969.0478,969.7,73337.90097199999
2026-08-24T17:30:00.000Z,969.5701,970.4,967.24,967.71,74944.254281
2026-08-24T18:00:00.000Z,967.69,968.15,966.3348,967.9,61155.27379
2026-08-24T18:30:00.000Z,968.22,968.95,967.34,968.535,58143.72359699998
2026-08-24T19:00:00.000Z,968.48,970.51,967.62,970.31,87488.44110800003
2026-08-24T19:30:00.000Z,970.315,974.4947,969.665,971.39,336253.685232
2026-08-25T13:30:00.000Z,965.86,969.05,963.5348,965.355,88619.01747099997
2026-08-25T14:00:00.000Z,965.59,967.76,963.05,964.81,62593.24612899999
2026-08-25T14:30:00.000Z,965.23,965.7499,963.37,963.79,59187.186331000004
2026-08-25T15:00:00.000Z,964.08,965.53,963.5,964.335,30936.36322799999
2026-08-25T15:30:00.000Z,964.19,964.7731,961.7225,963.07,58700.151764999995
2026-08-25T16:00:00.000Z,962.9686,963.78,962.185,963.03,30064.787887000006
2026-08-25T16:30:00.000Z,963.235,964.67,963.235,963.72,23195.582354
2026-08-25T17:00:00.000Z,963.65,963.65,959.89,960.19,56256.904676000006
2026-08-25T17:30:00.000Z,960.07,962.69,960.07,962.41,33831.773497
2026-08-25T18:00:00.000Z,962.57,963.92,961.6701,963.345,31217.174409
2026-08-25T18:30:00.000Z,963.47,963.63,962.54,962.9725,39804.558363000004
2026-08-25T19:00:00.000Z,962.985,963.16,961.24,961.36,46735.065537
2026-08-25T19:30:00.000Z,961.1,962.1096,959.91,960.01,182195.521554
2026-08-26T13:30:00.000Z,960.58,964.45,957,959.805,90357.17118199999
2026-08-26T14:00:00.000Z,959.26,960.97,956.88,957.1,78526.781273
2026-08-26T14:30:00.000Z,956.75,957.39,955.15,955.81,44793.04139599999
2026-08-26T15:00:00.000Z,956.065,957.195,954.5355,956.65,42906.463872
2026-08-26T15:30:00.000Z,956.46,959.82,956.36,958.705,41135.744004
2026-08-26T16:00:00.000Z,958.69,959.39,957.7,958.295,36223.840966
2026-08-26T16:30:00.000Z,958.295,959.65,957.69,958.6599,42974.926369999994
2026-08-26T17:00:00.000Z,958.56,959.04,957.6977,958.41,27552.901031000005
2026-08-26T17:30:00.000Z,957.7201,959.235,957.7201,959.18,19727.964448000002
2026-08-26T18:00:00.000Z,958.99,958.99,956.17,956.96,38931.420951
2026-08-26T18:30:00.000Z,956.91,957.92,956.22,957.62,49025.720679
2026-08-26T19:00:00.000Z,957.555,959.78,957.335,959.42,46404.442645
2026-08-26T19:30:00.000Z,959.5,960,956.03,956.11,188758.249048
2026-08-27T13:30:00.000Z,948.265,948.85,944.29,944.5,141954.673451
2026-08-27T14:00:00.000Z,944.33,945.415,941.31,941.5101,124429.73905799999
2026-08-27T14:30:00.000Z,941.75,943.54,938.5,939.15,114617.34649299999
2026-08-27T15:00:00.000Z,939.2999,944.62,939.2999,940.93,95838.264547
2026-08-27T15:30:00.000Z,940.83,943,940.83,942.13,42566.363167999996
2026-08-27T16:00:00.000Z,941.905,941.905,939.45,939.62,74820.351656
2026-08-27T16:30:00.000Z,939.57,941.28,938.26,940.94,73939.816929
2026-08-27T17:00:00.000Z,941.04,941.22,940,941.17,49664.57413
2026-08-27T17:30:00.000Z,941.19,942.36,940.1,942.275,57822.299711
2026-08-27T18:00:00.000Z,942.45,942.55,939.22,939.69,66857.65726600001
2026-08-27T18:30:00.000Z,939.96,939.96,937.61,938.18,90729.98033399998
2026-08-27T19:00:00.000Z,938.22,939.03,937,937.22,90849.972585
2026-08-27T19:30:00.000Z,937.24,937.42,933.25,934.66,310450.61612099997
2026-08-28T13:30:00.000Z,938.935,947.85,937.11,945.17,183910.40759399993
2026-08-28T14:00:00.000Z,944.43,948.99,943.8001,946.57,109953.84310999999
2026-08-28T14:30:00.000Z,946.57,949.571,946.16,947.12,60945.27269499999
2026-08-28T15:00:00.000Z,947.05,947.59,945.53,946.92,65149.59898200001
2026-08-28T15:30:00.000Z,946.965,950.7,946.4901,950.62,97612.52034300001
2026-08-28T16:00:00.000Z,950.7,953.73,946.87,947.06,106664.64504700001
2026-08-28T16:30:00.000Z,947.025,948.21,945.55,946.05,52789.912431000004
2026-08-28T17:00:00.000Z,945.965,947.15,945.34,945.655,86938.083695
2026-08-28T17:30:00.000Z,945.75,947.3073,945.3,946.54,45458.340016999995
2026-08-28T18:00:00.000Z,946.46,947.73,945.62,946.01,37348.271243
2026-08-28T18:30:00.000Z,946.13,946.21,944.57,945.31,61684.40576500002
2026-08-28T19:00:00.000Z,945.33,945.7431,944.155,944.71,58116.76995600001
2026-08-28T19:30:00.000Z,944.84,947,944.54,945.9,134640.457291
2026-08-31T13:30:00.000Z,945.19,949.3,943.724,946.445,102037.03345399999
2026-08-31T14:00:00.000Z,946.62,946.62,943.71,944.95,58754.686409999995
2026-08-31T14:30:00.000Z,945.19,948.07,944.15,947.0925,54813.561366
2026-08-31T15:00:00.000Z,946.8,947.36,945.8101,946.185,63117.140124
2026-08-31T15:30:00.000Z,946.175,948,945.84,947,45009.76796099999
2026-08-31T16:00:00.000Z,946.96,948.45,944.83,944.965,58882.50296
2026-08-31T16:30:00.000Z,944.965,946.3199,943.6,943.675,52979.47824799999
2026-08-31T17:00:00.000Z,943.665,944,942.34,943.91,54607.594446
2026-08-31T17:30:00.000Z,943.78,944.97,943.64,943.75,33354.80886700001
2026-08-31T18:00:00.000Z,943.745,944.03,940.71,942.38,65829.60865
2026-08-31T18:30:00.000Z,942.2875,943.3,942.02,943.3,51082.00651799999
2026-08-31T19:00:00.000Z,943.3,943.55,941.75,942.25,59165.848707
2026-08-31T19:30:00.000Z,942.25,946,942.08,943.88,281957.266335
2026-09-01T13:30:00.000Z,947.35,949.11,943.5,945.35,124813.91352100001
2026-09-01T14:00:00.000Z,945.3,951.97,944.35,951.6,142165.32636899996
2026-09-01T14:30:00.000Z,951.63,952.095,947.25,947.25,75805.55083400001
2026-09-01T15:00:00.000Z,947.25,948.63,944.01,945.935,63702.22796199999
2026-09-01T15:30:00.000Z,945.57,947.91,945.09,946.86,55038.99904699999
2026-09-01T16:00:00.000Z,946.87,947.99,943.8,944.77,54683.94266200001
2026-09-01T16:30:00.000Z,944.78,946.705,944.1,944.56,44660.88849600001
2026-09-01T17:00:00.000Z,944.6646,945.5499,944.01,945.03,41773.578001999995
2026-09-01T17:30:00.000Z,944.9,945.27,943.086,943.27,49027.079129000005
2026-09-01T18:00:00.000Z,943.19,943.4599,939.45,940.035,73865.50728199999
2026-09-01T18:30:00.000Z,940.22,940.6,937.62,938.445,68038.10307999999
2026-09-01T19:00:00.000Z,938.445,938.62,935.925,936.355,77160.759627
2026-09-01T19:30:00.000Z,936.23,940,936.23,939.82,263483.812501
2026-09-02T13:30:00.000Z,938.49,938.88,928.27,934.715,237477.91567700004
2026-09-02T14:00:00.000Z,934.715,935.6699,930.78,934.74,107485.29172399998
2026-09-02T14:30:00.000Z,934.14,935.765,933.39,934.64,88400.33946599999
2026-09-02T15:00:00.000Z,934.77,935.59,933.4707,934.34,87869.75090099999
2026-09-02T15:30:00.000Z,934.34,934.34,930.56,930.77,76093.95518500001
2026-09-02T16:00:00.000Z,930.69,934.02,930.6154,933.245,80574.48132300003
2026-09-02T16:30:00.000Z,933.1019,933.24,928.58,929.38,108968.80250100001
2026-09-02T17:00:00.000Z,929.38,932.145,929.2246,930.32,104115.94494900003
2026-09-02T17:30:00.000Z,930.3,933.94,930.22,931.945,79234.65967199998
2026-09-02T18:00:00.000Z,931.92,932.38,930.1301,931.06,76950.54389500001
2026-09-02T18:30:00.000Z,930.95,931.4,927.33,927.5,133162.70671899998
2026-09-02T19:00:00.000Z,927.33,927.46,920.72,921.11,264334.443322
2026-09-02T19:30:00.000Z,921.045,929.58,920.3101,928.47,354230.74746
2026-09-03T13:30:00.000Z,927.79,929.77,915.31,917.05,351502.263438
2026-09-03T14:00:00.000Z,917,921.35,916.52,919.68,141717.90015400006
2026-09-03T14:30:00.000Z,919.7064,923.65,918.49,923.455,122677.59535499997
2026-09-03T15:00:00.000Z,923.13,927.62,922.89,926.97,117159.44828800003
2026-09-03T15:30:00.000Z,926.89,929.85,926.765,929.53,92032.975804
2026-09-03T16:00:00.000Z,929.33,930.11,926.14,926.6303,75261.19737800001
2026-09-03T16:30:00.000Z,926.718,929.1,926.5,927.995,56971.163660999984
2026-09-03T17:00:00.000Z,927.995,929.1,927.57,928.95,51179.01490100001
2026-09-03T17:30:00.000Z,928.635,929.635,927.79,929.212,50395.647192
2026-09-03T18:00:00.000Z,929.5,930.76,929.02,929.375,109121.50474099998
2026-09-03T18:30:00.000Z,929.455,929.51,925.8001,926.705,117087.14157300003
2026-09-03T19:00:00.000Z,926.72,928.63,926.1255,926.145,95030.221026
2026-09-03T19:30:00.000Z,926.135,927.8734,924.22,925.35,282202.480888
2026-09-04T13:30:00.000Z,926.09,928.04,923.31,923.92,127849.98859600002
2026-09-04T14:00:00.000Z,923.92,924.21,918.1946,918.325,130893.99245200002
2026-09-04T14:30:00.000Z,918.375,918.98,916.3701,917.04,141542.343957
2026-09-04T15:00:00.000Z,917.03,917.41,916.03,916.42,111141.54567899997
2026-09-04T15:30:00.000Z,916.695,916.8799,914.55,915.02,139601.802012
2026-09-04T16:00:00.000Z,915.06,916.03,914.54,915.35,118900.77604799999
2026-09-04T16:30:00.000Z,915.25,916.95,914.76,916.68,68995.267002
2026-09-04T17:00:00.000Z,916.5,917.8,916.37,916.6501,76655.29980200001
2026-09-04T17:30:00.000Z,916.925,917.5999,915.7701,915.95,65364.97823399999
2026-09-04T18:00:00.000Z,915.88,916.32,915.18,915.875,87471.685352
2026-09-04T18:30:00.000Z,915.775,917.37,915.6,916.78,82906.18987700001
2026-09-04T19:00:00.000Z,916.63,918.13,916.26,917.62,94821.69387300001
2026-09-04T19:30:00.000Z,917.62,917.74,914.69,915.54,340326.539394
2026-09-08T13:30:00.000Z,912.4,915.1,909.09,911.555,232357.859954
2026-09-08T14:00:00.000Z,911.57,915.13,910.35,912.64,173694.431965
2026-09-08T14:30:00.000Z,912.75,914.31,909.91,910.29,131411.947382
2026-09-08T15:00:00.000Z,910.29,910.79,907.24,907.24,200008.658576
2026-09-08T15:30:00.000Z,907.27,909.15,906.7,906.85,114241.82515400002
2026-09-08T16:00:00.000Z,906.7,909.36,906.1,909.36,117810.86321599997
2026-09-08T16:30:00.000Z,909.14,909.26,907.9,908.29,79213.26039700002
2026-09-08T17:00:00.000Z,908.23,909.69,907.6593,909.42,63354.178559
2026-09-08T17:30:00.000Z,909.47,909.96,908.71,909.95,74524.169777
2026-09-08T18:00:00.000Z,909.96,910.69,908.87,909.01,73274.155955
2026-09-08T18:30:00.000Z,909.08,910.4154,908.15,909.23,69995.05775699997
2026-09-08T19:00:00.000Z,909.23,910.6099,908.82,910.2,72657.16244899998
2026-09-08T19:30:00.000Z,910.205,910.73,908.95,910.13,245237.09356599997
2026-09-09T13:30:00.000Z,907,907.965,902.5,906.27,211159.70767899998
2026-09-09T14:00:00.000Z,906.43,909.2299,901.69,903.055,173494.30649999998
2026-09-09T14:30:00.000Z,903.085,904.87,902.6001,904.175,99669.394087
2026-09-09T15:00:00.000Z,904.175,904.32,900.6,901.545,143951.015419
2026-09-09T15:30:00.000Z,901.42,901.68,900.6,901,73381.80688900001
2026-09-09T16:00:00.000Z,900.86,901.74,900.01,900.7599,122437.69393300002
2026-09-09T16:30:00.000Z,900.76,900.92,898.43,898.9,167591.92295600008
2026-09-09T17:00:00.000Z,898.975,900.715,898.975,899.65,70068.189197
2026-09-09T17:30:00.000Z,899.65,900.25,899.31,899.605,71962.020481
2026-09-09T18:00:00.000Z,899.74,900.68,899.47,899.97,69831.298942
2026-09-09T18:30:00.000Z,900,900.5,899.5,900.4,87912.39392100001
2026-09-09T19:00:00.000Z,900.4,901.95,900,901.87,120118.02282000003
2026-09-09T19:30:00.000Z,901.875,902.89,900.745,902.37,231368.179926
2026-09-10T13:30:00.000Z,906.62,912.1,904.55,908.775,232126.332144
2026-09-10T14:00:00.000Z,908.37,908.37,902.1701,903.3599,135228.69709800003
2026-09-10T14:30:00.000Z,903.36,904.027,901.66,901.74,87107.07402600003
2026-09-10T15:00:00.000Z,901.63,903.82,901.2,903.58,91598.822653
2026-09-10T15:30:00.000Z,903.59,903.75,902.11,902.97,65109.225322
2026-09-10T16:00:00.000Z,902.915,904.99,902.5952,904.77,74129.201453
2026-09-10T16:30:00.000Z,904.71,905,903.06,903.75,55600.254439000004
2026-09-10T17:00:00.000Z,903.74,903.82,900.3015,900.3015,91133.19820799999
2026-09-10T17:30:00.000Z,900.25,900.4,899,899.9694,112541.298379
2026-09-10T18:00:00.000Z,900.17,901.59,900.06,900.97,90069.32346900001
2026-09-10T18:30:00.000Z,900.8,902.3,900.56,900.91,69362.151085
2026-09-10T19:00:00.000Z,900.78,902.1,900.21,900.6,69160.80706600001
2026-09-10T19:30:00.000Z,900.53,902.98,900.25,902.38,243166.22611
2026-09-11T13:30:00.000Z,905.17,907.3588,900.75,903.65,149529.94887999998
2026-09-11T14:00:00.000Z,903.515,903.72,900.8,902.765,87742.98824300001
2026-09-11T14:30:00.000Z,902.66,902.9695,901.48,902.865,73994.24052499999
2026-09-11T15:00:00.000Z,902.755,903.5535,901.68,903.07,57025.12347300001
2026-09-11T15:30:00.000Z,903.06,904.09,902.5559,903.37,70015.59257100002
2026-09-11T16:00:00.000Z,903.35,904.8799,903.025,904.6,64474.36689699999
2026-09-11T16:30:00.000Z,904.44,905.33,903.71,904.28,57586.817674000005
2026-09-11T17:00:00.000Z,903.98,905.19,903.71,903.82,57993.497774999996
2026-09-11T17:30:00.000Z,903.895,904.85,903.575,904.07,63250.82629000001
2026-09-11T18:00:00.000Z,904.04,904.94,903.05,903.05,52393.592864
2026-09-11T18:30:00.000Z,903.04,903.66,902.21,903.36,68967.14710700001
2026-09-11T19:00:00.000Z,903.39,905.285,903.21,905.18,83278.95494299999
2026-09-11T19:30:00.000Z,905.1601,905.81,903.49,904.77,230626.83187
2026-09-14T13:30:00.000Z,913.645,921.99,910.79,913.875,258655.42296399997
2026-09-14T14:00:00.000Z,913.59,917.13,912.5001,915.86,115171.16559900003
2026-09-14T14:30:00.000Z,915.83,919.75,914.245,918.73,116601.74229099999
2026-09-14T15:00:00.000Z,918.735,920,915.7468,916.7,105136.07050299998
2026-09-14T15:30:00.000Z,916.42,918.47,915.61,917.73,64012.147574999995
2026-09-14T16:00:00.000Z,917.98,918.99,917.1301,917.61,61844.97194899999
2026-09-14T16:30:00.000Z,917.7,917.99,915.3,916.2,49527.670883
2026-09-14T17:00:00.000Z,916.21,916.84,915.1,916.65,49154.40541400001
2026-09-14T17:30:00.000Z,916.55,918.8,916.53,917.85,76359.76120099999
2026-09-14T18:00:00.000Z,917.9,918.85,916.8,918.85,62763.036191
2026-09-14T18:30:00.000Z,918.8,919.67,918.3701,919.475,66843.35013600001
2026-09-14T19:00:00.000Z,919.3,919.97,918.1849,919.09,86221.81684299998
2026-09-14T19:30:00.000Z,919.09,920.6,917.84,918.81,299560.19905199995
2026-09-15T13:30:00.000Z,916.92,916.92,909.5,910.27,153816.09353199997
2026-09-15T14:00:00.000Z,909.85,910.5768,908.25,909.55,98558.03344400003
2026-09-15T14:30:00.000Z,909.3,910.3399,908.35,908.72,71021.78151800002
2026-09-15T15:00:00.000Z,908.58,908.93,907.0568,908.16,110799.80605599997
2026-09-15T15:30:00.000Z,908.39,909.47,907.18,907.405,57779.747306
2026-09-15T16:00:00.000Z,907.2501,907.41,905.12,905.4978,86114.27411800002
2026-09-15T16:30:00.000Z,905.4432,907.21,905.03,906.94,70395.97420099999
2026-09-15T17:00:00.000Z,907.08,908.6,906.67,907.565,92565.172987
2026-09-15T17:30:00.000Z,907.565,908.75,907.2,907.21,62144.61213599999
2026-09-15T18:00:00.000Z,907.335,909.49,907.18,908.59,76618.667676
2026-09-15T18:30:00.000Z,908.495,908.495,904.8,904.865,92706.348515
2026-09-15T19:00:00.000Z,904.865,905.9031,903.0967,903.69,95285.87125699998
2026-09-15T19:30:00.000Z,903.62,903.7,900.25,900.9,360333.8625139999
2026-09-16T13:30:00.000Z,901.05,901.99,898.12,898.12,186356.65829
2026-09-16T14:00:00.000Z,898.265,899.3,895.87,899.28,158945.42133999997
2026-09-16T14:30:00.000Z,899.35,900.44,898.1,899.43,61682.48991199999
2026-09-16T15:00:00.000Z,899.43,901.32,898.74,900.91,80627.54630599999
2026-09-16T15:30:00.000Z,901.05,902,900.501,901.19,75932.312079
2026-09-16T16:00:00.000Z,901.06,901.3899,899.61,901.25,52483.51696499999
2026-09-16T16:30:00.000Z,901.42,901.42,899.4,900.6501,80222.981844
2026-09-16T17:00:00.000Z,900.765,900.99,899.655,900.155,61357.263681000004
2026-09-16T17:30:00.000Z,900.3,900.34,899.52,899.82,61800.56727899999
2026-09-16T18:00:00.000Z,899.82,900.585,898.1,898.49,94771.35603099999
2026-09-16T18:30:00.000Z,898.615,898.77,893.5,893.9625,156115.56829899998
2026-09-16T19:00:00.000Z,893.96,897.71,893.84,894.52,118205.78798899997
2026-09-16T19:30:00.000Z,894.3,894.79,892.67,893.23,332246.088735
2026-09-17T13:30:00.000Z,895.315,895.9999,888.17,890.51,262332.159725
2026-09-17T14:00:00.000Z,890.24,890.67,888.96,889.49,129451.62143400002
2026-09-17T14:30:00.000Z,889.51,890.2199,888.04,888.88,115588.26522799999
2026-09-17T15:00:00.000Z,889,890.8714,888.6,890.3,92576.06842600001
2026-09-17T15:30:00.000Z,890.2875,891.75,889.8203,891.75,100343.08730499998
2026-09-17T16:00:00.000Z,891.875,892.46,890.11,891.25,59393.857041999996
2026-09-17T16:30:00.000Z,891.255,892.0751,890.89,892,72787.114031
2026-09-17T17:00:00.000Z,892.2283,892.63,891.39,891.83,56811.68865699999
2026-09-17T17:30:00.000Z,892,892.17,891.14,891.49,61602.392598
2026-09-17T18:00:00.000Z,891.365,892.49,890.64,890.8,71854.73872300002
2026-09-17T18:30:00.000Z,890.78,892.48,890.6601,891.83,72668.37262999998
2026-09-17T19:00:00.000Z,891.8199,892.9381,891.3801,892.7,81267.17739699998
2026-09-17T19:30:00.000Z,892.7,894.69,891.44,893.93,321290.547292
2026-09-18T13:30:00.000Z,892.425,897.06,890.55,895.805,660337.2656909998
2026-09-18T14:00:00.000Z,895.805,896.5,893.51,893.8934,152483.206316
2026-09-18T14:30:00.000Z,893.99,897.025,893.2,895.805,101563.553095
2026-09-18T15:00:00.000Z,895.89,895.89,893.7933,895.06,55012.768474
2026-09-18T15:30:00.000Z,895.04,896.805,894.01,895.13,72561.62741600002
2026-09-18T16:00:00.000Z,895.21,896.7916,894.97,896.435,54067.082845
2026-09-18T16:30:00.000Z,896.37,897.94,896.11,897.45,50520.92141200001
2026-09-18T17:00:00.000Z,897.41,897.75,895.335,895.85,45044.07507100001
2026-09-18T17:30:00.000Z,895.85,895.98,894.71,895.645,54483.79126799999
2026-09-18T18:00:00.000Z,895.82,896.1747,894.84,896.0763,36562.26460799999
2026-09-18T18:30:00.000Z,895.88,897.59,895.6,897.44,65828.858359
2026-09-18T19:00:00.000Z,897.37,897.9,896.0867,896.325,99232.76584500002
2026-09-18T19:30:00.000Z,896.26,898.4,895.14,895.15,474885.17107700004
