Date,Open,High,Low,Close,Volume
2025-09-22T13:30:00.000Z,67.86,68,67.55,67.89,1011282
2025-09-22T13:45:00.000Z,67.885,67.94,67.615,67.79,643024
2025-09-22T14:00:00.000Z,67.785,67.815,67.61,67.6375,712749
2025-09-22T14:15:00.000Z,67.6383,67.69,67.54,67.635,651837
2025-09-22T14:30:00.000Z,67.63,67.69,67.53,67.62,547586
2025-09-22T14:45:00.000Z,67.615,67.66,67.56,67.62,372056
2025-09-22T15:00:00.000Z,67.62,67.7,67.52,67.55,410434
2025-09-22T15:15:00.000Z,67.555,67.575,67.5,67.505,354508
2025-09-22T15:30:00.000Z,67.505,67.51,67.3947,67.4435,504355
2025-09-22T15:45:00.000Z,67.445,67.465,67.33,67.375,333796
2025-09-22T16:00:00.000Z,67.38,67.56,67.38,67.44,419931
2025-09-22T16:15:00.000Z,67.435,67.45,67.3,67.345,310722
2025-09-22T16:30:00.000Z,67.34,67.58,67.305,67.4182,593489
2025-09-22T16:45:00.000Z,67.42,67.525,67.415,67.495,322545
2025-09-22T17:00:00.000Z,67.495,67.5,67.3801,67.415,340439
2025-09-22T17:15:00.000Z,67.42,67.525,67.38,67.405,452891
2025-09-22T17:30:00.000Z,67.405,67.545,67.4,67.515,355421
2025-09-22T17:45:00.000Z,67.5199,67.57,67.44,67.445,343576
2025-09-22T18:00:00.000Z,67.4499,67.695,67.41,67.6799,440806
2025-09-22T18:15:00.000Z,67.6798,67.755,67.595,67.625,403381
2025-09-22T18:30:00.000Z,67.6265,67.715,67.6235,67.715,310047
2025-09-22T18:45:00.000Z,67.715,67.785,67.655,67.755,339138
2025-09-22T19:00:00.000Z,67.755,67.8466,67.69,67.82,494757
2025-09-22T19:15:00.000Z,67.81,67.8682,67.76,67.835,383962
2025-09-22T19:30:00.000Z,67.83,67.91,67.76,67.795,529064
2025-09-22T19:45:00.000Z,67.795,67.8,67.675,67.729,2162024
2025-09-23T13:30:00.000Z,67.58,68.16,67.5253,68.11,969303
2025-09-23T13:45:00.000Z,68.1,68.2,68.03,68.13,548714
2025-09-23T14:00:00.000Z,68.13,68.22,67.81,67.845,566114
2025-09-23T14:15:00.000Z,67.85,67.85,67.58,67.7,506739
2025-09-23T14:30:00.000Z,67.7,67.79,67.61,67.645,445785
2025-09-23T14:45:00.000Z,67.65,67.85,67.65,67.805,417792
2025-09-23T15:00:00.000Z,67.805,67.82,67.605,67.615,353022
2025-09-23T15:15:00.000Z,67.62,67.72,67.5,67.57,436584
2025-09-23T15:30:00.000Z,67.575,67.59,67.46,67.515,370986
2025-09-23T15:45:00.000Z,67.52,67.54,67.4018,67.4439,262210
2025-09-23T16:00:00.000Z,67.45,67.47,67.3314,67.3999,283644
2025-09-23T16:15:00.000Z,67.395,67.571,67.39,67.4902,527562
2025-09-23T16:30:00.000Z,67.49,67.49,67.38,67.41,404617
2025-09-23T16:45:00.000Z,67.405,67.47,67.24,67.245,334588
2025-09-23T17:00:00.000Z,67.245,67.27,67.14,67.145,339653
2025-09-23T17:15:00.000Z,67.14,67.2062,67.09,67.095,338021
2025-09-23T17:30:00.000Z,67.095,67.395,67.07,67.375,636010
2025-09-23T17:45:00.000Z,67.38,67.395,67.2117,67.26,388981
2025-09-23T18:00:00.000Z,67.26,67.34,67.2,67.295,265530
2025-09-23T18:15:00.000Z,67.295,67.3665,67.235,67.3499,257942
2025-09-23T18:30:00.000Z,67.35,67.44,67.325,67.335,243550
2025-09-23T18:45:00.000Z,67.33,67.45,67.33,67.415,321726
2025-09-23T19:00:00.000Z,67.415,67.5182,67.415,67.465,352148
2025-09-23T19:15:00.000Z,67.46,67.5268,67.44,67.465,402111
2025-09-23T19:30:00.000Z,67.465,67.57,67.42,67.555,542140
2025-09-23T19:45:00.000Z,67.555,67.61,67.47,67.53,2533226
2025-09-24T13:30:00.000Z,67.7,67.865,67.21,67.365,846961
2025-09-24T13:45:00.000Z,67.36,67.52,67.17,67.31,884929
2025-09-24T14:00:00.000Z,67.305,67.38,67.145,67.31,694185
2025-09-24T14:15:00.000Z,67.305,67.37,67.065,67.18,613923
2025-09-24T14:30:00.000Z,67.18,67.23,67.125,67.225,486407
2025-09-24T14:45:00.000Z,67.225,67.26,67.12,67.17,504679
2025-09-24T15:00:00.000Z,67.175,67.285,67.09,67.095,507012
2025-09-24T15:15:00.000Z,67.095,67.095,66.985,67.025,415852
2025-09-24T15:30:00.000Z,67.02,67.0551,66.915,66.98,385600
2025-09-24T15:45:00.000Z,66.985,67.075,66.91,66.935,470008
2025-09-24T16:00:00.000Z,66.935,67.08,66.89,67.025,392902
2025-09-24T16:15:00.000Z,67.025,67.145,66.9938,67.135,365252
2025-09-24T16:30:00.000Z,67.145,67.24,67.145,67.18,279065
2025-09-24T16:45:00.000Z,67.19,67.19,67.07,67.095,202195
2025-09-24T17:00:00.000Z,67.1,67.205,67.08,67.155,190409
2025-09-24T17:15:00.000Z,67.155,67.23,67.14,67.195,206877
2025-09-24T17:30:00.000Z,67.2,67.285,67.19,67.215,247830
2025-09-24T17:45:00.000Z,67.215,67.22,67.13,67.16,359393
2025-09-24T18:00:00.000Z,67.1634,67.23,67.12,67.185,255879
2025-09-24T18:15:00.000Z,67.19,67.26,67.145,67.165,203602
2025-09-24T18:30:00.000Z,67.165,67.1973,67.13,67.185,170359
2025-09-24T18:45:00.000Z,67.19,67.255,67.175,67.19,242313
2025-09-24T19:00:00.000Z,67.195,67.2199,67.1,67.105,296396
2025-09-24T19:15:00.000Z,67.1099,67.165,67.05,67.075,319430
2025-09-24T19:30:00.000Z,67.075,67.165,67.05,67.14,492114
2025-09-24T19:45:00.000Z,67.145,67.38,67.11,67.32,2103760
2025-09-25T13:30:00.000Z,67.32,67.57,67.1101,67.4,1278863
2025-09-25T13:45:00.000Z,67.41,67.49,67.24,67.375,409775
2025-09-25T14:00:00.000Z,67.37,67.89,67.35,67.87,453837
2025-09-25T14:15:00.000Z,67.88,68.1797,67.835,68.02,566373
2025-09-25T14:30:00.000Z,68.025,68.1399,67.945,68.04,398239
2025-09-25T14:45:00.000Z,68.05,68.17,67.9912,68.045,319542
2025-09-25T15:00:00.000Z,68.04,68.1365,68.02,68.1,428431
2025-09-25T15:15:00.000Z,68.09,68.185,67.95,67.96,468484
2025-09-25T15:30:00.000Z,67.96,68.235,67.96,68.225,393727
2025-09-25T15:45:00.000Z,68.225,68.225,68.03,68.08,259991
2025-09-25T16:00:00.000Z,68.0801,68.0801,67.97,68.03,178707
2025-09-25T16:15:00.000Z,68.0301,68.12,67.99,67.995,318210
2025-09-25T16:30:00.000Z,68,68.05,67.85,67.87,330076
2025-09-25T16:45:00.000Z,67.865,67.9,67.66,67.695,245377
2025-09-25T17:00:00.000Z,67.695,67.91,67.685,67.77,633907
2025-09-25T17:15:00.000Z,67.775,67.855,67.66,67.776,380486
2025-09-25T17:30:00.000Z,67.7737,67.7999,67.66,67.7001,366941
2025-09-25T17:45:00.000Z,67.7,67.705,67.56,67.575,306465
2025-09-25T18:00:00.000Z,67.575,67.6051,67.45,67.565,609549
2025-09-25T18:15:00.000Z,67.565,67.675,67.56,67.645,274606
2025-09-25T18:30:00.000Z,67.64,67.77,67.605,67.73,259979
2025-09-25T18:45:00.000Z,67.73,67.82,67.71,67.785,380118
2025-09-25T19:00:00.000Z,67.78,67.83,67.681,67.69,363432
2025-09-25T19:15:00.000Z,67.695,67.755,67.631,67.755,362343
2025-09-25T19:30:00.000Z,67.755,67.84,67.75,67.835,431124
2025-09-25T19:45:00.000Z,67.835,67.92,67.78,67.84,1644411
2025-09-26T13:30:00.000Z,67.87,67.91,66.96,67.18,985548
2025-09-26T13:45:00.000Z,67.17,67.525,67.17,67.4001,602232
2025-09-26T14:00:00.000Z,67.415,67.47,67.185,67.225,533737
2025-09-26T14:15:00.000Z,67.23,67.23,67.03,67.115,285851
2025-09-26T14:30:00.000Z,67.11,67.14,67,67.125,363996
2025-09-26T14:45:00.000Z,67.125,67.16,66.91,66.925,361008
2025-09-26T15:00:00.000Z,66.93,67.0475,66.85,67.01,501622
2025-09-26T15:15:00.000Z,67.005,67.24,66.985,67.18,273905
2025-09-26T15:30:00.000Z,67.185,67.227,67.063,67.1401,291779
2025-09-26T15:45:00.000Z,67.145,67.16,66.875,66.905,355695
2025-09-26T16:00:00.000Z,66.905,67.11,66.89,67.095,334813
2025-09-26T16:15:00.000Z,67.095,67.19,67.095,67.13,248313
2025-09-26T16:30:00.000Z,67.13,67.275,67.13,67.215,229896
2025-09-26T16:45:00.000Z,67.215,67.265,67.195,67.245,206569
2025-09-26T17:00:00.000Z,67.245,67.315,67.1802,67.285,215879
2025-09-26T17:15:00.000Z,67.285,67.32,67.27,67.2844,171446
2025-09-26T17:30:00.000Z,67.285,67.325,67.225,67.32,228849
2025-09-26T17:45:00.000Z,67.315,67.32,67.165,67.205,138124
2025-09-26T18:00:00.000Z,67.21,67.25,67.15,67.175,176734
2025-09-26T18:15:00.000Z,67.175,67.295,67.175,67.255,708716
2025-09-26T18:30:00.000Z,67.255,67.2862,67.22,67.22,161664
2025-09-26T18:45:00.000Z,67.215,67.32,67.185,67.25,277200
2025-09-26T19:00:00.000Z,67.255,67.26,67.175,67.1871,269199
2025-09-26T19:15:00.000Z,67.19,67.265,67.185,67.195,419652
2025-09-26T19:30:00.000Z,67.195,67.33,67.19,67.265,451726
2025-09-26T19:45:00.000Z,67.265,67.285,67.16,67.22,1546559
2025-09-29T13:30:00.000Z,67.715,67.94,67.44,67.625,829804
2025-09-29T13:45:00.000Z,67.625,67.695,67.535,67.66,385553
2025-09-29T14:00:00.000Z,67.67,67.78,67.55,67.58,475900
2025-09-29T14:15:00.000Z,67.59,67.88,67.58,67.815,398920
2025-09-29T14:30:00.000Z,67.82,67.9499,67.79,67.83,390657
2025-09-29T14:45:00.000Z,67.83,67.905,67.78,67.84,265023
2025-09-29T15:00:00.000Z,67.84,67.95,67.76,67.765,344888
2025-09-29T15:15:00.000Z,67.765,67.92,67.71,67.83,331505
2025-09-29T15:30:00.000Z,67.835,67.8368,67.72,67.745,332275
2025-09-29T15:45:00.000Z,67.745,67.745,67.585,67.6625,211173
2025-09-29T16:00:00.000Z,67.67,67.71,67.49,67.59,203115
2025-09-29T16:15:00.000Z,67.59,67.6275,67.555,67.585,171266
2025-09-29T16:30:00.000Z,67.585,67.695,67.575,67.67,272816
2025-09-29T16:45:00.000Z,67.679,67.68,67.575,67.615,198612
2025-09-29T17:00:00.000Z,67.615,67.615,67.525,67.525,156184
2025-09-29T17:15:00.000Z,67.5274,67.64,67.5238,67.615,256994
2025-09-29T17:30:00.000Z,67.6144,67.645,67.58,67.615,193111
2025-09-29T17:45:00.000Z,67.615,67.735,67.6122,67.66,249399
2025-09-29T18:00:00.000Z,67.665,67.685,67.6,67.665,251265
2025-09-29T18:15:00.000Z,67.665,67.77,67.65,67.745,225119
2025-09-29T18:30:00.000Z,67.74,67.74,67.645,67.675,209897
2025-09-29T18:45:00.000Z,67.675,67.7383,67.675,67.715,247025
2025-09-29T19:00:00.000Z,67.715,67.855,67.7,67.715,406886
2025-09-29T19:15:00.000Z,67.7144,67.72,67.605,67.64,324938
2025-09-29T19:30:00.000Z,67.635,67.72,67.625,67.675,450373
2025-09-29T19:45:00.000Z,67.675,67.74,67.53,67.74,2040710
2025-09-30T13:30:00.000Z,67.705,68.15,67.69,68.115,787577
2025-09-30T13:45:00.000Z,68.11,68.455,68.07,68.39,572513
2025-09-30T14:00:00.000Z,68.39,68.69,68.36,68.655,547913
2025-09-30T14:15:00.000Z,68.655,68.735,68.545,68.665,414098
2025-09-30T14:30:00.000Z,68.67,68.6965,68.53,68.585,387721
2025-09-30T14:45:00.000Z,68.59,68.77,68.56,68.68,559375
2025-09-30T15:00:00.000Z,68.665,68.71,68.42,68.43,340168
2025-09-30T15:15:00.000Z,68.435,68.47,68.245,68.285,414334
2025-09-30T15:30:00.000Z,68.285,68.36,68.185,68.205,669168
2025-09-30T15:45:00.000Z,68.2,68.345,68.185,68.345,317682
2025-09-30T16:00:00.000Z,68.35,68.49,68.305,68.335,446717
2025-09-30T16:15:00.000Z,68.335,68.38,68.195,68.2785,489112
2025-09-30T16:30:00.000Z,68.285,68.31,68.14,68.2653,331080
2025-09-30T16:45:00.000Z,68.265,68.265,68.11,68.1239,451455
2025-09-30T17:00:00.000Z,68.125,68.185,68.1023,68.175,192836
2025-09-30T17:15:00.000Z,68.175,68.195,68.09,68.15,423933
2025-09-30T17:30:00.000Z,68.14,68.24,68.075,68.145,430697
2025-09-30T17:45:00.000Z,68.145,68.2,68.105,68.105,157953
2025-09-30T18:00:00.000Z,68.11,68.3313,68.08,68.28,160782
2025-09-30T18:15:00.000Z,68.285,68.325,68.205,68.275,191138
2025-09-30T18:30:00.000Z,68.28,68.3699,68.265,68.345,192700
2025-09-30T18:45:00.000Z,68.35,68.46,68.33,68.455,264739
2025-09-30T19:00:00.000Z,68.455,68.64,68.445,68.545,464966
2025-09-30T19:15:00.000Z,68.545,68.59,68.52,68.555,531671
2025-09-30T19:30:00.000Z,68.555,68.595,68.415,68.425,608510
2025-09-30T19:45:00.000Z,68.42,68.65,68.31,68.4,2681352
2025-10-01T13:30:00.000Z,67.9,68.0999,67.69,67.93,1043880
2025-10-01T13:45:00.000Z,67.92,67.95,67.805,67.85,413814
2025-10-01T14:00:00.000Z,67.855,68.16,67.81,68.07,451490
2025-10-01T14:15:00.000Z,68.075,68.225,68.02,68.215,294842
2025-10-01T14:30:00.000Z,68.22,68.305,67.995,68.035,347129
2025-10-01T14:45:00.000Z,68.045,68.19,68.04,68.08,286967
2025-10-01T15:00:00.000Z,68.09,68.28,68.08,68.205,324194
2025-10-01T15:15:00.000Z,68.21,68.25,68.12,68.2257,285993
2025-10-01T15:30:00.000Z,68.22,68.29,68.21,68.255,273542
2025-10-01T15:45:00.000Z,68.26,68.34,68.18,68.21,289083
2025-10-01T16:00:00.000Z,68.22,68.26,68.1,68.165,274231
2025-10-01T16:15:00.000Z,68.165,68.2,68.13,68.185,170058
2025-10-01T16:30:00.000Z,68.185,68.185,68.05,68.07,201674
2025-10-01T16:45:00.000Z,68.0766,68.13,68.04,68.12,246409
2025-10-01T17:00:00.000Z,68.13,68.295,68.1,68.245,229260
2025-10-01T17:15:00.000Z,68.245,68.34,68.22,68.29,234434
2025-10-01T17:30:00.000Z,68.3,68.31,68.2,68.295,457199
2025-10-01T17:45:00.000Z,68.295,68.44,68.25,68.425,546264
2025-10-01T18:00:00.000Z,68.425,68.465,68.34,68.34,266446
2025-10-01T18:15:00.000Z,68.345,68.4,68.32,68.38,151310
2025-10-01T18:30:00.000Z,68.385,68.405,68.34,68.35,173638
2025-10-01T18:45:00.000Z,68.35,68.37,68.31,68.325,160041
2025-10-01T19:00:00.000Z,68.3253,68.425,68.32,68.385,168598
2025-10-01T19:15:00.000Z,68.385,68.53,68.37,68.53,343445
2025-10-01T19:30:00.000Z,68.52,68.72,68.5,68.665,504098
2025-10-01T19:45:00.000Z,68.67,68.82,68.58,68.72,1876692
2025-10-02T13:30:00.000Z,69.175,69.49,68.465,68.76,1096976
2025-10-02T13:45:00.000Z,68.76,68.905,68.61,68.69,396426
2025-10-02T14:00:00.000Z,68.68,68.7,68.47,68.53,552353
2025-10-02T14:15:00.000Z,68.53,68.63,68.485,68.575,299011
2025-10-02T14:30:00.000Z,68.575,68.63,68.485,68.54,397938
2025-10-02T14:45:00.000Z,68.54,68.665,68.525,68.665,346963
2025-10-02T15:00:00.000Z,68.665,68.765,68.595,68.625,346669
2025-10-02T15:15:00.000Z,68.625,68.625,68.385,68.52,560872
2025-10-02T15:30:00.000Z,68.52,68.61,68.4,68.52,268228
2025-10-02T15:45:00.000Z,68.51,68.61,68.505,68.545,307137
2025-10-02T16:00:00.000Z,68.54,68.565,68.425,68.4516,339758
2025-10-02T16:15:00.000Z,68.455,68.485,68.275,68.31,273247
2025-10-02T16:30:00.000Z,68.305,68.375,68.29,68.37,189114
2025-10-02T16:45:00.000Z,68.37,68.4,68.305,68.335,221845
2025-10-02T17:00:00.000Z,68.335,68.4669,68.3001,68.445,223395
2025-10-02T17:15:00.000Z,68.45,68.49,68.4024,68.44,176878
2025-10-02T17:30:00.000Z,68.445,68.56,68.4238,68.535,231764
2025-10-02T17:45:00.000Z,68.5342,68.65,68.5342,68.63,250095
2025-10-02T18:00:00.000Z,68.64,68.75,68.6038,68.605,302432
2025-10-02T18:15:00.000Z,68.605,68.735,68.57,68.635,430631
2025-10-02T18:30:00.000Z,68.64,68.68,68.61,68.655,345059
2025-10-02T18:45:00.000Z,68.655,68.695,68.605,68.68,241702
2025-10-02T19:00:00.000Z,68.685,68.725,68.64,68.725,268482
2025-10-02T19:15:00.000Z,68.7262,68.7397,68.66,68.675,277474
2025-10-02T19:30:00.000Z,68.68,68.73,68.66,68.665,376127
2025-10-02T19:45:00.000Z,68.665,68.665,68.255,68.31,2410261
2025-10-03T13:30:00.000Z,67.95,68.365,67.65,68.305,954554
2025-10-03T13:45:00.000Z,68.3,68.43,68.225,68.34,423205
2025-10-03T14:00:00.000Z,68.33,68.43,68.27,68.275,430423
2025-10-03T14:15:00.000Z,68.2714,68.4855,68.2714,68.4098,323539
2025-10-03T14:30:00.000Z,68.405,68.485,68.31,68.35,300500
2025-10-03T14:45:00.000Z,68.355,68.395,68.295,68.355,224224
2025-10-03T15:00:00.000Z,68.35,68.385,68.2935,68.33,211489
2025-10-03T15:15:00.000Z,68.33,68.35,68.26,68.2701,196543
2025-10-03T15:30:00.000Z,68.277,68.47,68.26,68.465,244256
2025-10-03T15:45:00.000Z,68.465,68.585,68.465,68.5325,250797
2025-10-03T16:00:00.000Z,68.535,68.575,68.5,68.515,171775
2025-10-03T16:15:00.000Z,68.515,68.535,68.475,68.4929,139758
2025-10-03T16:30:00.000Z,68.49,68.495,68.315,68.329,207282
2025-10-03T16:45:00.000Z,68.3221,68.39,68.3038,68.3644,302109
2025-10-03T17:00:00.000Z,68.3636,68.4781,68.355,68.465,273131
2025-10-03T17:15:00.000Z,68.465,68.5,68.415,68.455,235313
2025-10-03T17:30:00.000Z,68.45,68.49,68.29,68.345,291245
2025-10-03T17:45:00.000Z,68.345,68.345,68.17,68.239,537293
2025-10-03T18:00:00.000Z,68.23,68.25,68.155,68.165,195748
2025-10-03T18:15:00.000Z,68.165,68.336,68.14,68.3064,195874
2025-10-03T18:30:00.000Z,68.3,68.3093,68.15,68.185,188517
2025-10-03T18:45:00.000Z,68.185,68.21,68.15,68.18,190004
2025-10-03T19:00:00.000Z,68.185,68.19,68.085,68.09,207264
2025-10-03T19:15:00.000Z,68.085,68.11,68.03,68.04,247645
2025-10-03T19:30:00.000Z,68.05,68.13,68.04,68.075,304875
2025-10-03T19:45:00.000Z,68.075,68.105,67.9,67.94,1138124
2025-10-06T13:30:00.000Z,68.435,68.69,68.06,68.405,922005
2025-10-06T13:45:00.000Z,68.4,68.69,68.15,68.187,589125
2025-10-06T14:00:00.000Z,68.185,68.185,67.87,67.9,535768
2025-10-06T14:15:00.000Z,67.89,68.005,67.81,67.9401,502198
2025-10-06T14:30:00.000Z,67.94,67.975,67.85,67.935,310186
2025-10-06T14:45:00.000Z,67.93,68.08,67.9,68,359286
2025-10-06T15:00:00.000Z,68,68.22,67.94,68.08,360642
2025-10-06T15:15:00.000Z,68.075,68.245,68.055,68.215,343279
2025-10-06T15:30:00.000Z,68.22,68.27,68.185,68.2599,228178
2025-10-06T15:45:00.000Z,68.26,68.335,68.25,68.285,214776
2025-10-06T16:00:00.000Z,68.2841,68.345,68.255,68.335,166939
2025-10-06T16:15:00.000Z,68.335,68.345,68.29,68.3201,158882
2025-10-06T16:30:00.000Z,68.32,68.32,68.19,68.26,168614
2025-10-06T16:45:00.000Z,68.26,68.33,68.26,68.305,114980
2025-10-06T17:00:00.000Z,68.3,68.345,68.24,68.2862,158069
2025-10-06T17:15:00.000Z,68.285,68.36,68.24,68.245,441828
2025-10-06T17:30:00.000Z,68.245,68.54,68.215,68.525,365149
2025-10-06T17:45:00.000Z,68.53,68.7499,68.505,68.575,800458
2025-10-06T18:00:00.000Z,68.57,68.59,68.4128,68.4128,264031
2025-10-06T18:15:00.000Z,68.4138,68.5,68.37,68.485,379375
2025-10-06T18:30:00.000Z,68.48,68.49,68.41,68.43,329276
2025-10-06T18:45:00.000Z,68.4378,68.54,68.42,68.495,586078
2025-10-06T19:00:00.000Z,68.495,68.5,68.44,68.485,338713
2025-10-06T19:15:00.000Z,68.485,68.655,68.475,68.625,474991
2025-10-06T19:30:00.000Z,68.625,68.815,68.605,68.81,711647
2025-10-06T19:45:00.000Z,68.81,68.95,68.76,68.92,1953044
2025-10-07T13:30:00.000Z,68.915,69.225,68.56,68.735,1195645
2025-10-07T13:45:00.000Z,68.74,68.895,68.605,68.725,551443
2025-10-07T14:00:00.000Z,68.725,68.855,68.46,68.775,497997
2025-10-07T14:15:00.000Z,68.78,68.9863,68.755,68.91,396936
2025-10-07T14:30:00.000Z,68.91,68.91,68.69,68.755,350593
2025-10-07T14:45:00.000Z,68.755,68.83,68.58,68.785,299009
2025-10-07T15:00:00.000Z,68.785,68.94,68.78,68.83,480788
2025-10-07T15:15:00.000Z,68.82,68.935,68.73,68.835,256889
2025-10-07T15:30:00.000Z,68.835,68.88,68.67,68.785,407705
2025-10-07T15:45:00.000Z,68.785,68.815,68.615,68.69,526679
2025-10-07T16:00:00.000Z,68.685,68.7384,68.525,68.57,464007
2025-10-07T16:15:00.000Z,68.58,68.66,68.54,68.585,286168
2025-10-07T16:30:00.000Z,68.585,68.7,68.58,68.64,253028
2025-10-07T16:45:00.000Z,68.645,68.69,68.525,68.595,446060
2025-10-07T17:00:00.000Z,68.6,68.635,68.535,68.595,294081
2025-10-07T17:15:00.000Z,68.59,68.62,68.499,68.535,219651
2025-10-07T17:30:00.000Z,68.53,68.585,68.49,68.585,163402
2025-10-07T17:45:00.000Z,68.5851,68.61,68.505,68.555,448993
2025-10-07T18:00:00.000Z,68.555,68.58,68.445,68.545,226066
2025-10-07T18:15:00.000Z,68.545,68.705,68.545,68.69,151139
2025-10-07T18:30:00.000Z,68.69,68.78,68.67,68.695,178653
2025-10-07T18:45:00.000Z,68.69,68.74,68.62,68.7199,623598
2025-10-07T19:00:00.000Z,68.715,68.81,68.69,68.81,403705
2025-10-07T19:15:00.000Z,68.8087,68.845,68.78,68.825,281266
2025-10-07T19:30:00.000Z,68.825,68.915,68.76,68.9099,363686
2025-10-07T19:45:00.000Z,68.91,69.04,68.895,68.99,1288236
2025-10-08T13:30:00.000Z,69.81,70.19,69,69.79,3197514
2025-10-08T13:45:00.000Z,69.79,69.795,69.36,69.41,1341172
2025-10-08T14:00:00.000Z,69.405,70.01,69.2989,69.945,1180461
2025-10-08T14:15:00.000Z,69.94,70.14,69.8807,70.055,1289260
2025-10-08T14:30:00.000Z,70.065,70.0851,69.8,69.865,795814
2025-10-08T14:45:00.000Z,69.865,69.945,69.71,69.755,677411
2025-10-08T15:00:00.000Z,69.755,69.95,69.755,69.925,479519
2025-10-08T15:15:00.000Z,69.925,70.135,69.9,70.11,566062
2025-10-08T15:30:00.000Z,70.105,70.335,70.03,70.2,1931571
2025-10-08T15:45:00.000Z,70.2,70.21,70.005,70.035,778432
2025-10-08T16:00:00.000Z,70.03,70.035,69.91,69.945,740373
2025-10-08T16:15:00.000Z,69.945,70.135,69.945,70.11,498118
2025-10-08T16:30:00.000Z,70.11,70.18,70.05,70.075,295661
2025-10-08T16:45:00.000Z,70.075,70.11,69.9942,70.0723,716821
2025-10-08T17:00:00.000Z,70.075,70.14,70.045,70.1299,452425
2025-10-08T17:15:00.000Z,70.125,70.38,70.075,70.375,410567
2025-10-08T17:30:00.000Z,70.38,70.6451,70.365,70.615,635745
2025-10-08T17:45:00.000Z,70.615,70.755,70.58,70.645,655857
2025-10-08T18:00:00.000Z,70.64,70.685,70.51,70.5401,419216
2025-10-08T18:15:00.000Z,70.535,70.56,70.36,70.395,510375
2025-10-08T18:30:00.000Z,70.4,70.48,70.3642,70.4,641413
2025-10-08T18:45:00.000Z,70.395,70.505,70.36,70.4925,380136
2025-10-08T19:00:00.000Z,70.5,70.58,70.485,70.545,730611
2025-10-08T19:15:00.000Z,70.545,70.6,70.5,70.53,539458
2025-10-08T19:30:00.000Z,70.53,70.54,70.36,70.445,752728
2025-10-08T19:45:00.000Z,70.445,70.46,70.25,70.31,2778596
2025-10-09T13:30:00.000Z,70.31,70.62,69.92,70.25,1404900
2025-10-09T13:45:00.000Z,70.25,70.4,69.995,70.09,632832
2025-10-09T14:00:00.000Z,70.095,70.18,69.99,70.06,627406
2025-10-09T14:15:00.000Z,70.055,70.11,69.98,70.0501,582266
2025-10-09T14:30:00.000Z,70.055,70.225,70,70.19,628118
2025-10-09T14:45:00.000Z,70.1999,70.235,70.12,70.21,356050
2025-10-09T15:00:00.000Z,70.21,70.3282,70.21,70.23,407302
2025-10-09T15:15:00.000Z,70.2285,70.24,70.11,70.115,239212
2025-10-09T15:30:00.000Z,70.12,70.315,70.12,70.275,266447
2025-10-09T15:45:00.000Z,70.275,70.4068,70.25,70.325,280152
2025-10-09T16:00:00.000Z,70.325,70.325,70.18,70.245,298048
2025-10-09T16:15:00.000Z,70.245,70.365,69.62,69.855,1779494
2025-10-09T16:30:00.000Z,69.85,70.046,69.03,70.0451,1636870
2025-10-09T16:45:00.000Z,70.05,70.2,69.97,69.97,335312
2025-10-09T17:00:00.000Z,69.97,70.07,69.94,70.02,212105
2025-10-09T17:15:00.000Z,70.03,70.1,69.95,70.075,274847
2025-10-09T17:30:00.000Z,70.07,70.085,69.96,70,393464
2025-10-09T17:45:00.000Z,69.9982,70.06,69.92,69.985,343312
2025-10-09T18:00:00.000Z,69.985,70.06,69.94,69.995,490294
2025-10-09T18:15:00.000Z,69.995,70.17,69.99,70.125,424119
2025-10-09T18:30:00.000Z,70.125,70.1258,70.05,70.06,221151
2025-10-09T18:45:00.000Z,70.06,70.065,69.7938,69.8,256440
2025-10-09T19:00:00.000Z,69.795,69.8,69.45,69.605,418506
2025-10-09T19:15:00.000Z,69.6098,69.77,69.57,69.7501,468829
2025-10-09T19:30:00.000Z,69.755,69.935,69.75,69.893,741191
2025-10-09T19:45:00.000Z,69.893,70.08,69.87,69.98,1809832
2025-10-10T13:30:00.000Z,70.41,70.8093,70.01,70.515,1065818
2025-10-10T13:45:00.000Z,70.52,70.6516,70.15,70.19,788995
2025-10-10T14:00:00.000Z,70.18,70.36,70.03,70.2816,679412
2025-10-10T14:15:00.000Z,70.28,70.28,70.005,70.02,438791
2025-10-10T14:30:00.000Z,70.015,70.18,69.965,70.105,535193
2025-10-10T14:45:00.000Z,70.105,70.195,69.51,69.71,855189
2025-10-10T15:00:00.000Z,69.71,69.76,69.47,69.69,589455
2025-10-10T15:15:00.000Z,69.68,69.75,69.33,69.39,647844
2025-10-10T15:30:00.000Z,69.375,69.41,68.87,69.2,724123
2025-10-10T15:45:00.000Z,69.2,69.39,68.86,68.94,516131
2025-10-10T16:00:00.000Z,68.94,68.94,68.645,68.815,403472
2025-10-10T16:15:00.000Z,68.81,68.9565,68.675,68.84,355770
2025-10-10T16:30:00.000Z,68.845,68.94,68.705,68.76,353065
2025-10-10T16:45:00.000Z,68.76,68.82,68.49,68.52,330617
2025-10-10T17:00:00.000Z,68.52,68.54,68.395,68.48,357723
2025-10-10T17:15:00.000Z,68.48,68.7299,68.46,68.7299,383179
2025-10-10T17:30:00.000Z,68.73,68.87,68.725,68.755,424197
2025-10-10T17:45:00.000Z,68.755,68.79,68.6201,68.66,416095
2025-10-10T18:00:00.000Z,68.66,68.665,68.545,68.62,285436
2025-10-10T18:15:00.000Z,68.625,68.67,68.525,68.55,284325
2025-10-10T18:30:00.000Z,68.545,68.57,68.4,68.41,241276
2025-10-10T18:45:00.000Z,68.41,68.475,68.105,68.11,454037
2025-10-10T19:00:00.000Z,68.115,68.24,68.015,68.205,636009
2025-10-10T19:15:00.000Z,68.205,68.285,68.12,68.135,664095
2025-10-10T19:30:00.000Z,68.135,68.2188,67.945,68.165,1157903
2025-10-10T19:45:00.000Z,68.165,68.255,67.89,67.965,2745930
2025-10-13T13:30:00.000Z,68.55,68.89,68.51,68.545,837208
2025-10-13T13:45:00.000Z,68.55,68.76,68.425,68.5944,424696
2025-10-13T14:00:00.000Z,68.595,68.613,68.275,68.285,404432
2025-10-13T14:15:00.000Z,68.29,68.45,68.0625,68.075,337069
2025-10-13T14:30:00.000Z,68.075,68.305,67.985,68.135,321139
2025-10-13T14:45:00.000Z,68.13,68.195,67.873,67.92,325041
2025-10-13T15:00:00.000Z,67.92,67.97,67.13,67.97,1150166
2025-10-13T15:15:00.000Z,67.97,68.15,67.925,68.095,456921
2025-10-13T15:30:00.000Z,68.095,68.19,67.92,67.93,343692
2025-10-13T15:45:00.000Z,67.94,68.225,67.94,68.175,249683
2025-10-13T16:00:00.000Z,68.17,68.195,68.11,68.165,233126
2025-10-13T16:15:00.000Z,68.16,68.24,68.04,68.1,310919
2025-10-13T16:30:00.000Z,68.095,68.13,67.94,67.955,199153
2025-10-13T16:45:00.000Z,67.955,68.17,67.95,68.16,226780
2025-10-13T17:00:00.000Z,68.165,68.18,67.985,67.985,181173
2025-10-13T17:15:00.000Z,67.985,68.025,67.915,67.985,167117
2025-10-13T17:30:00.000Z,67.9899,68.02,67.915,67.9565,192892
2025-10-13T17:45:00.000Z,67.955,67.99,67.89,67.965,171860
2025-10-13T18:00:00.000Z,67.97,68.01,67.8245,67.825,197324
2025-10-13T18:15:00.000Z,67.825,67.84,67.79,67.815,229547
2025-10-13T18:30:00.000Z,67.8158,67.845,67.64,67.675,229357
2025-10-13T18:45:00.000Z,67.675,67.675,67.44,67.4699,414990
2025-10-13T19:00:00.000Z,67.47,67.485,67.335,67.355,320455
2025-10-13T19:15:00.000Z,67.36,67.54,67.35,67.515,320046
2025-10-13T19:30:00.000Z,67.51,67.575,67.47,67.535,355651
2025-10-13T19:45:00.000Z,67.54,67.605,67.405,67.44,1783550
2025-10-14T13:30:00.000Z,67.11,67.475,66.8131,67.37,1011303
2025-10-14T13:45:00.000Z,67.35,67.535,67.28,67.535,551239
2025-10-14T14:00:00.000Z,67.535,67.89,67.51,67.86,686253
2025-10-14T14:15:00.000Z,67.855,68.14,67.765,68.08,739466
2025-10-14T14:30:00.000Z,68.085,68.52,68.085,68.455,626366
2025-10-14T14:45:00.000Z,68.45,68.58,68.43,68.45,436417
2025-10-14T15:00:00.000Z,68.45,68.525,68.405,68.46,348254
2025-10-14T15:15:00.000Z,68.47,68.54,68.325,68.505,334237
2025-10-14T15:30:00.000Z,68.505,68.665,68.5,68.595,296707
2025-10-14T15:45:00.000Z,68.599,68.795,68.565,68.7447,222106
2025-10-14T16:00:00.000Z,68.745,68.83,68.695,68.75,302308
2025-10-14T16:15:00.000Z,68.75,68.9482,68.745,68.9,236703
2025-10-14T16:30:00.000Z,68.9,68.98,68.86,68.895,215648
2025-10-14T16:45:00.000Z,68.895,69.065,68.895,69.04,259865
2025-10-14T17:00:00.000Z,69.04,69.04,68.87,68.975,192005
2025-10-14T17:15:00.000Z,68.9742,69.025,68.8603,68.89,201425
2025-10-14T17:30:00.000Z,68.89,69.055,68.86,69.04,201864
2025-10-14T17:45:00.000Z,69.045,69.08,69,69.0046,160071
2025-10-14T18:00:00.000Z,69.01,69.05,68.95,68.9652,180804
2025-10-14T18:15:00.000Z,68.965,69.0371,68.905,69.0038,167312
2025-10-14T18:30:00.000Z,69.01,69.06,68.99,69.025,243763
2025-10-14T18:45:00.000Z,69.025,69.125,69.015,69.11,206909
2025-10-14T19:00:00.000Z,69.12,69.16,69.03,69.075,223086
2025-10-14T19:15:00.000Z,69.075,69.075,68.97,68.9878,330548
2025-10-14T19:30:00.000Z,68.9844,69.02,68.545,68.5925,672452
2025-10-14T19:45:00.000Z,68.595,68.71,68.47,68.66,1411727
2025-10-15T13:30:00.000Z,69.305,69.595,68.82,69.445,880472
2025-10-15T13:45:00.000Z,69.44,69.77,69.29,69.68,445195
2025-10-15T14:00:00.000Z,69.68,69.99,69.68,69.915,514884
2025-10-15T14:15:00.000Z,69.915,70.195,69.915,70.15,457973
2025-10-15T14:30:00.000Z,70.155,70.225,70.01,70.06,569516
2025-10-15T14:45:00.000Z,70.06,70.125,69.9,70.0665,432084
2025-10-15T15:00:00.000Z,70.08,70.245,70.065,70.23,371771
2025-10-15T15:15:00.000Z,70.225,70.2999,70.13,70.185,1500705
2025-10-15T15:30:00.000Z,70.18,70.1999,69.785,69.83,410753
2025-10-15T15:45:00.000Z,69.83,69.895,69.72,69.8154,349418
2025-10-15T16:00:00.000Z,69.815,69.91,69.765,69.79,334345
2025-10-15T16:15:00.000Z,69.79,69.84,69.675,69.71,205698
2025-10-15T16:30:00.000Z,69.705,69.79,69.67,69.745,208470
2025-10-15T16:45:00.000Z,69.745,69.755,69.57,69.575,255995
2025-10-15T17:00:00.000Z,69.57,69.57,69.165,69.17,236915
2025-10-15T17:15:00.000Z,69.155,69.245,69.02,69.1,275066
2025-10-15T17:30:00.000Z,69.1,69.315,69.08,69.315,179493
2025-10-15T17:45:00.000Z,69.315,69.43,69.315,69.39,183237
2025-10-15T18:00:00.000Z,69.38,69.435,69.355,69.405,176246
2025-10-15T18:15:00.000Z,69.405,69.49,69.405,69.44,176276
2025-10-15T18:30:00.000Z,69.44,69.545,69.4242,69.52,156604
2025-10-15T18:45:00.000Z,69.52,69.68,69.52,69.65,222315
2025-10-15T19:00:00.000Z,69.655,69.695,69.57,69.605,209647
2025-10-15T19:15:00.000Z,69.61,69.665,69.565,69.595,242747
2025-10-15T19:30:00.000Z,69.6,69.6,69.405,69.4299,360937
2025-10-15T19:45:00.000Z,69.42,69.61,69.285,69.56,1470327
2025-10-16T13:30:00.000Z,69.78,70.07,69.545,69.56,686153
2025-10-16T13:45:00.000Z,69.57,69.66,69.35,69.35,337562
2025-10-16T14:00:00.000Z,69.35,69.55,69.33,69.385,472304
2025-10-16T14:15:00.000Z,69.38,69.69,69.345,69.5706,287341
2025-10-16T14:30:00.000Z,69.575,69.715,69.505,69.67,245629
2025-10-16T14:45:00.000Z,69.67,69.73,69.53,69.59,272693
2025-10-16T15:00:00.000Z,69.59,69.675,69.47,69.66,278810
2025-10-16T15:15:00.000Z,69.655,69.735,69.4242,69.445,331760
2025-10-16T15:30:00.000Z,69.43,69.53,69.25,69.35,315186
2025-10-16T15:45:00.000Z,69.34,69.38,69.1801,69.365,224547
2025-10-16T16:00:00.000Z,69.36,69.4,69.255,69.325,337202
2025-10-16T16:15:00.000Z,69.33,69.34,69.08,69.1,161505
2025-10-16T16:30:00.000Z,69.09,69.09,68.79,68.92,311228
2025-10-16T16:45:00.000Z,68.92,69.27,68.78,69.25,216213
2025-10-16T17:00:00.000Z,69.25,69.27,68.99,69.13,209734
2025-10-16T17:15:00.000Z,69.12,69.365,69.105,69.2452,150985
2025-10-16T17:30:00.000Z,69.25,69.29,69.01,69.05,164077
2025-10-16T17:45:00.000Z,69.05,69.1499,68.965,69.07,199009
2025-10-16T18:00:00.000Z,69.07,69.105,68.65,68.71,383162
2025-10-16T18:15:00.000Z,68.7,68.78,68.6,68.68,234409
2025-10-16T18:30:00.000Z,68.665,68.99,68.57,68.94,217592
2025-10-16T18:45:00.000Z,68.945,69.015,68.885,68.93,167341
2025-10-16T19:00:00.000Z,68.94,68.945,68.805,68.8299,203602
2025-10-16T19:15:00.000Z,68.83,68.845,68.665,68.785,208680
2025-10-16T19:30:00.000Z,68.79,68.875,68.725,68.855,261200
2025-10-16T19:45:00.000Z,68.86,69.12,68.8401,69.08,1246808
2025-10-17T13:30:00.000Z,69.06,69.54,68.95,69.2138,1075682
2025-10-17T13:45:00.000Z,69.24,69.66,69.205,69.36,393599
2025-10-17T14:00:00.000Z,69.36,69.68,69.155,69.645,348548
2025-10-17T14:15:00.000Z,69.65,69.69,69.44,69.505,297411
2025-10-17T14:30:00.000Z,69.504,69.56,69.405,69.47,259021
2025-10-17T14:45:00.000Z,69.49,69.675,69.435,69.5617,285678
2025-10-17T15:00:00.000Z,69.56,69.75,69.505,69.505,374933
2025-10-17T15:15:00.000Z,69.51,69.61,69.4,69.455,452308
2025-10-17T15:30:00.000Z,69.46,69.76,69.365,69.74,498289
2025-10-17T15:45:00.000Z,69.7325,70.025,69.72,69.91,461049
2025-10-17T16:00:00.000Z,69.91,70.14,69.905,70.135,358753
2025-10-17T16:15:00.000Z,70.14,70.275,70.09,70.255,383283
2025-10-17T16:30:00.000Z,70.25,70.315,70.155,70.205,400015
2025-10-17T16:45:00.000Z,70.205,70.24,70.025,70.105,251638
2025-10-17T17:00:00.000Z,70.1002,70.19,70.005,70.095,345084
2025-10-17T17:15:00.000Z,70.095,70.18,70.02,70.125,261234
2025-10-17T17:30:00.000Z,70.1265,70.255,70.07,70.075,310580
2025-10-17T17:45:00.000Z,70.075,70.2407,70.015,70.23,223178
2025-10-17T18:00:00.000Z,70.24,70.45,70.24,70.4425,399863
2025-10-17T18:15:00.000Z,70.45,70.77,70.45,70.57,695929
2025-10-17T18:30:00.000Z,70.58,70.645,70.505,70.535,379761
2025-10-17T18:45:00.000Z,70.54,70.59,70.475,70.49,267195
2025-10-17T19:00:00.000Z,70.495,70.63,70.475,70.58,364404
2025-10-17T19:15:00.000Z,70.59,70.6,70.43,70.435,366767
2025-10-17T19:30:00.000Z,70.435,70.44,70.28,70.285,450727
2025-10-17T19:45:00.000Z,70.29,70.335,70.11,70.121,1388273
2025-10-20T13:30:00.000Z,70.12,70.97,70.12,70.63,668465
2025-10-20T13:45:00.000Z,70.64,70.73,70.43,70.45,269327
2025-10-20T14:00:00.000Z,70.455,70.61,70.405,70.505,331095
2025-10-20T14:15:00.000Z,70.505,70.56,70.33,70.345,337575
2025-10-20T14:30:00.000Z,70.345,70.597,70.255,70.565,282420
2025-10-20T14:45:00.000Z,70.58,70.67,70.5335,70.565,170288
2025-10-20T15:00:00.000Z,70.565,70.595,70.44,70.515,266856
2025-10-20T15:15:00.000Z,70.515,70.575,70.36,70.39,365126
2025-10-20T15:30:00.000Z,70.4,70.4401,70.31,70.385,193488
2025-10-20T15:45:00.000Z,70.38,70.415,70.3079,70.3585,223117
2025-10-20T16:00:00.000Z,70.36,70.3854,70.32,70.365,180009
2025-10-20T16:15:00.000Z,70.3651,70.445,70.36,70.4101,129705
2025-10-20T16:30:00.000Z,70.42,70.44,70.34,70.405,131695
2025-10-20T16:45:00.000Z,70.4044,70.48,70.37,70.425,145990
2025-10-20T17:00:00.000Z,70.425,70.5356,70.425,70.53,124310
2025-10-20T17:15:00.000Z,70.53,70.5356,70.465,70.495,125657
2025-10-20T17:30:00.000Z,70.4981,70.565,70.49,70.535,143043
2025-10-20T17:45:00.000Z,70.535,70.585,70.455,70.585,170204
2025-10-20T18:00:00.000Z,70.585,70.665,70.585,70.615,139281
2025-10-20T18:15:00.000Z,70.6113,70.62,70.5,70.51,164150
2025-10-20T18:30:00.000Z,70.515,70.52,70.315,70.385,147750
2025-10-20T18:45:00.000Z,70.38,70.4499,70.275,70.4499,151150
2025-10-20T19:00:00.000Z,70.4451,70.5,70.415,70.4899,214455
2025-10-20T19:15:00.000Z,70.49,70.525,70.435,70.48,253422
2025-10-20T19:30:00.000Z,70.485,70.585,70.4644,70.575,357695
2025-10-20T19:45:00.000Z,70.575,70.76,70.56,70.61,1444459
2025-10-21T13:30:00.000Z,70.58,70.78,70.38,70.5,513240
2025-10-21T13:45:00.000Z,70.505,70.82,70.445,70.715,378279
2025-10-21T14:00:00.000Z,70.72,70.945,70.59,70.82,490289
2025-10-21T14:15:00.000Z,70.815,70.85,70.705,70.745,268479
2025-10-21T14:30:00.000Z,70.75,71.045,70.695,70.945,575143
2025-10-21T14:45:00.000Z,70.95,71.04,70.845,70.905,297685
2025-10-21T15:00:00.000Z,70.905,71.03,70.87,71.02,210797
2025-10-21T15:15:00.000Z,71.01,71.02,70.915,70.98,169463
2025-10-21T15:30:00.000Z,70.98,71.07,70.9701,71.07,197414
2025-10-21T15:45:00.000Z,71.08,71.1751,71.03,71.065,212265
2025-10-21T16:00:00.000Z,71.065,71.145,71.05,71.065,151839
2025-10-21T16:15:00.000Z,71.065,71.16,71.035,71.125,295869
2025-10-21T16:30:00.000Z,71.13,71.22,71.1019,71.125,265692
2025-10-21T16:45:00.000Z,71.1212,71.2059,71.12,71.19,221301
2025-10-21T17:00:00.000Z,71.185,71.2375,71.08,71.175,311861
2025-10-21T17:15:00.000Z,71.175,71.175,70.9,70.935,226174
2025-10-21T17:30:00.000Z,70.94,70.955,70.86,70.875,243787
2025-10-21T17:45:00.000Z,70.875,70.94,70.8587,70.925,184722
2025-10-21T18:00:00.000Z,70.925,71.02,70.855,71.015,1129982
2025-10-21T18:15:00.000Z,71.015,71.015,70.845,70.845,293965
2025-10-21T18:30:00.000Z,70.845,70.935,70.83,70.835,199495
2025-10-21T18:45:00.000Z,70.83,70.84,70.73,70.77,331984
2025-10-21T19:00:00.000Z,70.76,70.805,70.665,70.695,243328
2025-10-21T19:15:00.000Z,70.695,70.735,70.65,70.6507,210943
2025-10-21T19:30:00.000Z,70.655,70.71,70.545,70.705,490735
2025-10-21T19:45:00.000Z,70.7,70.9,70.63,70.7,2049778
2025-10-22T13:30:00.000Z,70.86,70.97,70.365,70.415,755182
2025-10-22T13:45:00.000Z,70.42,70.5,70.145,70.32,548894
2025-10-22T14:00:00.000Z,70.31,70.41,70.21,70.31,430658
2025-10-22T14:15:00.000Z,70.3,70.415,70.195,70.235,440278
2025-10-22T14:30:00.000Z,70.235,70.32,70.16,70.275,816351
2025-10-22T14:45:00.000Z,70.2754,70.4,70.27,70.395,661091
2025-10-22T15:00:00.000Z,70.39,70.55,70.155,70.18,436766
2025-10-22T15:15:00.000Z,70.19,70.195,69.96,70.1,304289
2025-10-22T15:30:00.000Z,70.1,70.215,70.01,70.16,242343
2025-10-22T15:45:00.000Z,70.1501,70.46,70.145,70.41,417172
2025-10-22T16:00:00.000Z,70.41,70.435,70.285,70.345,219205
2025-10-22T16:15:00.000Z,70.35,70.35,70.17,70.2,213198
2025-10-22T16:30:00.000Z,70.205,70.335,69.89,70.29,516899
2025-10-22T16:45:00.000Z,70.29,70.35,70.15,70.195,209093
2025-10-22T17:00:00.000Z,70.19,70.2714,70.04,70.04,342945
2025-10-22T17:15:00.000Z,70.04,70.085,69.92,70.055,218139
2025-10-22T17:30:00.000Z,70.055,70.19,69.85,69.87,501308
2025-10-22T17:45:00.000Z,69.88,70.08,69.88,70.075,294002
2025-10-22T18:00:00.000Z,70.075,70.26,70.035,70.035,455886
2025-10-22T18:15:00.000Z,70.04,70.225,69.965,70.155,253105
2025-10-22T18:30:00.000Z,70.155,70.2382,70.065,70.21,374265
2025-10-22T18:45:00.000Z,70.22,70.245,70.115,70.23,182093
2025-10-22T19:00:00.000Z,70.235,70.48,70.16,70.27,376641
2025-10-22T19:15:00.000Z,70.27,70.42,70.27,70.395,281457
2025-10-22T19:30:00.000Z,70.4,70.6,70.4,70.545,391064
2025-10-22T19:45:00.000Z,70.54,70.69,70.49,70.65,1240750
2025-10-23T13:30:00.000Z,70.6,70.97,70.515,70.63,1006301
2025-10-23T13:45:00.000Z,70.635,70.98,70.6,70.98,699584
2025-10-23T14:00:00.000Z,70.98,71.215,70.93,71.185,796087
2025-10-23T14:15:00.000Z,71.18,71.195,70.945,70.995,328267
2025-10-23T14:30:00.000Z,71,71.175,71,71.1542,220382
2025-10-23T14:45:00.000Z,71.155,71.235,71.03,71.06,306451
2025-10-23T15:00:00.000Z,71.065,71.065,70.89,70.94,432135
2025-10-23T15:15:00.000Z,70.94,71.125,70.9,71.095,346385
2025-10-23T15:30:00.000Z,71.1,71.15,70.9,70.93,385225
2025-10-23T15:45:00.000Z,70.93,71.085,70.85,70.89,775960
2025-10-23T16:00:00.000Z,70.885,70.91,70.82,70.8798,250382
2025-10-23T16:15:00.000Z,70.8798,70.9,70.75,70.76,249295
2025-10-23T16:30:00.000Z,70.765,70.815,70.75,70.79,262809
2025-10-23T16:45:00.000Z,70.8,70.81,70.66,70.665,221684
2025-10-23T17:00:00.000Z,70.66,70.71,70.58,70.61,296104
2025-10-23T17:15:00.000Z,70.61,70.615,70.5,70.555,361210
2025-10-23T17:30:00.000Z,70.555,70.65,70.53,70.58,384490
2025-10-23T17:45:00.000Z,70.585,70.615,70.56,70.575,225239
2025-10-23T18:00:00.000Z,70.575,70.5778,70.45,70.4548,233451
2025-10-23T18:15:00.000Z,70.455,70.46,70.33,70.34,246881
2025-10-23T18:30:00.000Z,70.345,70.435,70.345,70.425,360381
2025-10-23T18:45:00.000Z,70.435,70.475,70.39,70.4642,258349
2025-10-23T19:00:00.000Z,70.47,70.505,70.345,70.355,463989
2025-10-23T19:15:00.000Z,70.355,70.36,70.2635,70.3001,318728
2025-10-23T19:30:00.000Z,70.295,70.38,70.2537,70.29,358330
2025-10-23T19:45:00.000Z,70.295,70.365,70.23,70.277,1290749
2025-10-24T13:30:00.000Z,70.635,70.8,70.33,70.33,662068
2025-10-24T13:45:00.000Z,70.32,70.47,70.06,70.355,863312
2025-10-24T14:00:00.000Z,70.33,70.49,70.23,70.465,386340
2025-10-24T14:15:00.000Z,70.46,70.57,70.405,70.495,276501
2025-10-24T14:30:00.000Z,70.49,70.665,70.44,70.64,386542
2025-10-24T14:45:00.000Z,70.635,70.72,70.47,70.53,282185
2025-10-24T15:00:00.000Z,70.535,70.66,70.525,70.625,211048
2025-10-24T15:15:00.000Z,70.63,70.65,70.57,70.625,213767
2025-10-24T15:30:00.000Z,70.63,70.665,70.595,70.625,183481
2025-10-24T15:45:00.000Z,70.62,70.66,70.58,70.645,239772
2025-10-24T16:00:00.000Z,70.645,70.65,70.51,70.57,179568
2025-10-24T16:15:00.000Z,70.565,70.62,70.475,70.555,216531
2025-10-24T16:30:00.000Z,70.555,70.565,70.28,70.305,236965
2025-10-24T16:45:00.000Z,70.315,70.48,70.305,70.455,163932
2025-10-24T17:00:00.000Z,70.45,70.4899,70.415,70.43,165769
2025-10-24T17:15:00.000Z,70.425,70.4301,70.36,70.415,213462
2025-10-24T17:30:00.000Z,70.415,70.56,70.405,70.55,227135
2025-10-24T17:45:00.000Z,70.545,70.59,70.435,70.455,230848
2025-10-24T18:00:00.000Z,70.45,70.71,70.445,70.705,397560
2025-10-24T18:15:00.000Z,70.705,70.79,70.705,70.785,283014
2025-10-24T18:30:00.000Z,70.79,70.88,70.74,70.86,308583
2025-10-24T18:45:00.000Z,70.8599,70.905,70.81,70.895,249620
2025-10-24T19:00:00.000Z,70.895,70.94,70.81,70.815,355305
2025-10-24T19:15:00.000Z,70.81,70.8198,70.67,70.7,333195
2025-10-24T19:30:00.000Z,70.71,70.8,70.71,70.721,438375
2025-10-24T19:45:00.000Z,70.72,70.76,70.59,70.63,1462104
2025-10-27T13:30:00.000Z,70.54,71.1,70.52,70.6383,859707
2025-10-27T13:45:00.000Z,70.64,70.74,70.47,70.505,339711
2025-10-27T14:00:00.000Z,70.505,70.79,70.43,70.6965,337395
2025-10-27T14:15:00.000Z,70.695,70.77,70.58,70.7284,350130
2025-10-27T14:30:00.000Z,70.72,70.98,70.7,70.965,359757
2025-10-27T14:45:00.000Z,70.965,71,70.7301,70.815,415952
2025-10-27T15:00:00.000Z,70.815,71.03,70.72,70.9,493670
2025-10-27T15:15:00.000Z,70.89,70.99,70.86,70.985,227766
2025-10-27T15:30:00.000Z,70.985,71.07,70.92,71.045,273027
2025-10-27T15:45:00.000Z,71.045,71.075,70.995,71.07,225244
2025-10-27T16:00:00.000Z,71.06,71.18,71.0401,71.0958,379602
2025-10-27T16:15:00.000Z,71.09,71.3,71.055,71.2662,446135
2025-10-27T16:30:00.000Z,71.265,71.44,71.265,71.405,264578
2025-10-27T16:45:00.000Z,71.405,71.45,71.325,71.425,238164
2025-10-27T17:00:00.000Z,71.425,71.46,71.29,71.3,286238
2025-10-27T17:15:00.000Z,71.295,71.295,71.1,71.13,320384
2025-10-27T17:30:00.000Z,71.135,71.155,71.075,71.125,426905
2025-10-27T17:45:00.000Z,71.115,71.17,70.9801,70.995,456496
2025-10-27T18:00:00.000Z,70.9942,71.23,70.9942,71.2101,271248
2025-10-27T18:15:00.000Z,71.22,71.22,71.115,71.14,195327
2025-10-27T18:30:00.000Z,71.135,71.14,71.035,71.065,227498
2025-10-27T18:45:00.000Z,71.065,71.27,71.065,71.235,298738
2025-10-27T19:00:00.000Z,71.24,71.2501,71.1901,71.21,297702
2025-10-27T19:15:00.000Z,71.2,71.23,71.135,71.215,359296
2025-10-27T19:30:00.000Z,71.211,71.3,71.18,71.225,526429
2025-10-27T19:45:00.000Z,71.225,71.45,71.1801,71.365,1646605
2025-10-28T13:30:00.000Z,71.2,71.66,71.03,71.465,671687
2025-10-28T13:45:00.000Z,71.465,71.53,71.29,71.3,381963
2025-10-28T14:00:00.000Z,71.29,71.52,71.26,71.515,285448
2025-10-28T14:15:00.000Z,71.52,71.745,71.52,71.73,335984
2025-10-28T14:30:00.000Z,71.725,71.86,71.71,71.75,363777
2025-10-28T14:45:00.000Z,71.75,71.775,71.52,71.585,424463
2025-10-28T15:00:00.000Z,71.585,71.605,71.425,71.445,348417
2025-10-28T15:15:00.000Z,71.445,71.5859,71.43,71.525,280808
2025-10-28T15:30:00.000Z,71.52,71.53,71.075,71.325,648832
2025-10-28T15:45:00.000Z,71.33,71.56,71.31,71.5401,491592
2025-10-28T16:00:00.000Z,71.545,71.62,71.49,71.62,238551
2025-10-28T16:15:00.000Z,71.62,71.755,71.545,71.735,221932
2025-10-28T16:30:00.000Z,71.735,71.85,71.625,71.665,362790
2025-10-28T16:45:00.000Z,71.665,71.89,71.665,71.8207,407172
2025-10-28T17:00:00.000Z,71.825,72.01,71.825,71.97,811951
2025-10-28T17:15:00.000Z,71.965,72.23,71.945,72.1801,423983
2025-10-28T17:30:00.000Z,72.19,72.22,72.005,72.039,444010
2025-10-28T17:45:00.000Z,72.04,72.075,71.75,71.905,412825
2025-10-28T18:00:00.000Z,71.905,72.135,71.885,72.075,463856
2025-10-28T18:15:00.000Z,72.075,72.15,71.98,72.14,360582
2025-10-28T18:30:00.000Z,72.14,72.335,72.12,72.315,470153
2025-10-28T18:45:00.000Z,72.32,72.52,72.29,72.51,691848
2025-10-28T19:00:00.000Z,72.505,72.505,72.38,72.425,443686
2025-10-28T19:15:00.000Z,72.4299,72.5,72.38,72.4801,450047
2025-10-28T19:30:00.000Z,72.4893,72.495,72.3,72.365,920830
2025-10-28T19:45:00.000Z,72.365,72.68,72.31,72.63,2850613
2025-10-29T13:30:00.000Z,72.68,72.68,71.8,72.4,1445577
2025-10-29T13:45:00.000Z,72.395,72.4,72.17,72.385,712778
2025-10-29T14:00:00.000Z,72.385,72.82,72.38,72.545,897397
2025-10-29T14:15:00.000Z,72.545,72.57,72.35,72.51,509579
2025-10-29T14:30:00.000Z,72.515,72.6,72.38,72.53,745391
2025-10-29T14:45:00.000Z,72.535,72.7,72.495,72.655,378307
2025-10-29T15:00:00.000Z,72.655,72.675,72.325,72.3633,406301
2025-10-29T15:15:00.000Z,72.37,72.4,72.19,72.215,326923
2025-10-29T15:30:00.000Z,72.215,72.375,72.17,72.2846,374059
2025-10-29T15:45:00.000Z,72.285,72.29,71.995,72.025,360412
2025-10-29T16:00:00.000Z,72.025,72.26,72.01,72.205,263799
2025-10-29T16:15:00.000Z,72.21,72.29,72.12,72.2647,185224
2025-10-29T16:30:00.000Z,72.265,72.34,72.205,72.235,252902
2025-10-29T16:45:00.000Z,72.235,72.27,72.135,72.165,177132
2025-10-29T17:00:00.000Z,72.16,72.195,72.11,72.125,193736
2025-10-29T17:15:00.000Z,72.13,72.1756,71.9,71.905,165607
2025-10-29T17:30:00.000Z,71.9,71.9,71.715,71.77,289482
2025-10-29T17:45:00.000Z,71.775,71.785,71.57,71.6,271240
2025-10-29T18:00:00.000Z,71.61,71.73,71.535,71.665,285784
2025-10-29T18:15:00.000Z,71.6601,71.69,71.535,71.645,256936
2025-10-29T18:30:00.000Z,71.65,71.71,71.2535,71.2535,810749
2025-10-29T18:45:00.000Z,71.25,71.45,71.185,71.34,629968
2025-10-29T19:00:00.000Z,71.36,71.41,71.09,71.105,514634
2025-10-29T19:15:00.000Z,71.11,71.28,71.07,71.0851,485183
2025-10-29T19:30:00.000Z,71.085,71.085,70.915,71.02,660862
2025-10-29T19:45:00.000Z,71.02,71.38,71.02,71.34,1464813
2025-10-30T13:30:00.000Z,71.37,71.99,71.34,71.68,1012343
2025-10-30T13:45:00.000Z,71.67,72.42,71.64,72.38,622954
2025-10-30T14:00:00.000Z,72.37,72.42,71.9501,72.06,371091
2025-10-30T14:15:00.000Z,72.03,72.145,71.955,72.04,243310
2025-10-30T14:30:00.000Z,72.05,72.28,72.045,72.2094,248253
2025-10-30T14:45:00.000Z,72.2,72.26,72.065,72.25,367426
2025-10-30T15:00:00.000Z,72.26,72.36,72.16,72.16,295822
2025-10-30T15:15:00.000Z,72.15,72.34,72.14,72.3097,238341
2025-10-30T15:30:00.000Z,72.305,72.365,72.16,72.245,317127
2025-10-30T15:45:00.000Z,72.245,72.6,72.24,72.51,479568
2025-10-30T16:00:00.000Z,72.515,72.79,72.41,72.775,929483
2025-10-30T16:15:00.000Z,72.78,72.86,72.7,72.704,496020
2025-10-30T16:30:00.000Z,72.7,72.775,72.54,72.58,361866
2025-10-30T16:45:00.000Z,72.585,72.72,72.5625,72.686,218958
2025-10-30T17:00:00.000Z,72.68,72.715,72.59,72.69,248848
2025-10-30T17:15:00.000Z,72.6961,72.75,72.6045,72.7441,179919
2025-10-30T17:30:00.000Z,72.744,72.75,72.66,72.75,156298
2025-10-30T17:45:00.000Z,72.755,72.84,72.74,72.8,294569
2025-10-30T18:00:00.000Z,72.7999,72.8083,72.615,72.63,210727
2025-10-30T18:15:00.000Z,72.63,72.79,72.62,72.745,515795
2025-10-30T18:30:00.000Z,72.75,72.815,72.73,72.809,363659
2025-10-30T18:45:00.000Z,72.8058,72.935,72.8,72.85,322776
2025-10-30T19:00:00.000Z,72.84,72.88,72.715,72.735,467872
2025-10-30T19:15:00.000Z,72.735,72.8,72.655,72.795,555817
2025-10-30T19:30:00.000Z,72.79,72.9155,72.785,72.9,845691
2025-10-30T19:45:00.000Z,72.895,73.11,72.81,72.91,3200101
2025-10-31T13:30:00.000Z,72.72,72.845,72.5343,72.69,1023856
2025-10-31T13:45:00.000Z,72.69,72.74,72.43,72.655,535444
2025-10-31T14:00:00.000Z,72.66,73.175,72.585,73.155,804356
2025-10-31T14:15:00.000Z,73.1591,73.34,73.1,73.27,545055
2025-10-31T14:30:00.000Z,73.27,73.38,73.115,73.165,450613
2025-10-31T14:45:00.000Z,73.1782,73.255,73.095,73.235,341752
2025-10-31T15:00:00.000Z,73.235,73.26,72.955,73.145,425767
2025-10-31T15:15:00.000Z,73.15,73.1651,72.965,72.975,257607
2025-10-31T15:30:00.000Z,72.975,73.09,72.96,73.06,437795
2025-10-31T15:45:00.000Z,73.06,73.16,72.875,73.015,630809
2025-10-31T16:00:00.000Z,73.01,73.01,72.7,72.835,464750
2025-10-31T16:15:00.000Z,72.835,72.975,72.79,72.905,373621
2025-10-31T16:30:00.000Z,72.9,73.05,72.82,72.83,377449
2025-10-31T16:45:00.000Z,72.825,72.925,72.61,72.71,350549
2025-10-31T17:00:00.000Z,72.71,72.82,72.67,72.82,377779
2025-10-31T17:15:00.000Z,72.81,72.885,72.74,72.83,831037
2025-10-31T17:30:00.000Z,72.835,72.905,72.6,72.825,371959
2025-10-31T17:45:00.000Z,72.83,72.885,72.75,72.81,227205
2025-10-31T18:00:00.000Z,72.81,72.995,72.8,72.955,268530
2025-10-31T18:15:00.000Z,72.9599,73.06,72.935,73.035,233283
2025-10-31T18:30:00.000Z,73.035,73.1,72.995,73.06,263218
2025-10-31T18:45:00.000Z,73.065,73.21,73.0445,73.1973,316344
2025-10-31T19:00:00.000Z,73.195,73.195,73.095,73.105,252403
2025-10-31T19:15:00.000Z,73.105,73.385,73.09,73.375,551922
2025-10-31T19:30:00.000Z,73.375,73.42,73.315,73.36,1661377
2025-10-31T19:45:00.000Z,73.36,73.48,72.975,73.09,4333315
2025-11-03T14:30:00.000Z,74.61,74.838,73.6243,74.105,1788808
2025-11-03T14:45:00.000Z,74.095,74.31,73.98,74.28,1036503
2025-11-03T15:00:00.000Z,74.29,74.695,74.13,74.61,873143
2025-11-03T15:15:00.000Z,74.61,74.69,73.98,74.02,1120670
2025-11-03T15:30:00.000Z,74.015,74.1,73.825,74.025,633056
2025-11-03T15:45:00.000Z,74.0241,74.25,73.97,74.245,356079
2025-11-03T16:00:00.000Z,74.245,74.31,73.85,73.93,460175
2025-11-03T16:15:00.000Z,73.925,74.065,73.8501,74.065,370492
2025-11-03T16:30:00.000Z,74.06,74.42,74.055,74.09,754899
2025-11-03T16:45:00.000Z,74.0801,74.29,74.0801,74.275,389670
2025-11-03T17:00:00.000Z,74.275,74.55,74.19,74.53,689564
2025-11-03T17:15:00.000Z,74.525,74.55,74.31,74.365,770737
2025-11-03T17:30:00.000Z,74.365,74.365,74.15,74.245,475326
2025-11-03T17:45:00.000Z,74.25,74.46,74.25,74.44,335743
2025-11-03T18:00:00.000Z,74.45,74.5893,74.41,74.58,539892
2025-11-03T18:15:00.000Z,74.57,74.585,74.47,74.5114,323580
2025-11-03T18:30:00.000Z,74.515,74.525,74.275,74.46,403591
2025-11-03T18:45:00.000Z,74.4699,74.62,74.375,74.485,375277
2025-11-03T19:00:00.000Z,74.485,74.5659,74.435,74.495,375392
2025-11-03T19:15:00.000Z,74.49,74.49,74.34,74.435,308577
2025-11-03T19:30:00.000Z,74.435,74.445,74.29,74.375,316086
2025-11-03T19:45:00.000Z,74.375,74.47,74.295,74.3,516539
2025-11-03T20:00:00.000Z,74.31,74.48,74.275,74.4525,438795
2025-11-03T20:15:00.000Z,74.455,74.525,74.4,74.52,473414
2025-11-03T20:30:00.000Z,74.525,74.61,74.4849,74.595,636412
2025-11-03T20:45:00.000Z,74.595,74.605,74.355,74.47,2120169
2025-11-04T14:30:00.000Z,73.9,73.99,72.36,73.22,2071604
2025-11-04T14:45:00.000Z,73.225,73.56,73.2,73.495,841354
2025-11-04T15:00:00.000Z,73.49,73.64,73.42,73.5701,707553
2025-11-04T15:15:00.000Z,73.57,73.61,73.345,73.465,415153
2025-11-04T15:30:00.000Z,73.47,73.53,73.235,73.275,772421
2025-11-04T15:45:00.000Z,73.275,73.445,73.205,73.24,319784
2025-11-04T16:00:00.000Z,73.245,73.32,73.175,73.29,291449
2025-11-04T16:15:00.000Z,73.29,73.2965,73.155,73.1751,461636
2025-11-04T16:30:00.000Z,73.17,73.22,73.015,73.035,516701
2025-11-04T16:45:00.000Z,73.03,73.16,72.95,73.0551,314085
2025-11-04T17:00:00.000Z,73.05,73.055,72.9042,72.96,246048
2025-11-04T17:15:00.000Z,72.955,73.06,72.86,72.955,296632
2025-11-04T17:30:00.000Z,72.955,73.005,72.85,72.855,244618
2025-11-04T17:45:00.000Z,72.86,72.94,72.795,72.83,285618
2025-11-04T18:00:00.000Z,72.83,72.93,72.785,72.895,315122
2025-11-04T18:15:00.000Z,72.9,72.955,72.77,72.885,336102
2025-11-04T18:30:00.000Z,72.885,72.965,72.85,72.965,368512
2025-11-04T18:45:00.000Z,72.965,72.98,72.73,72.765,390090
2025-11-04T19:00:00.000Z,72.765,72.81,72.66,72.72,307835
2025-11-04T19:15:00.000Z,72.725,72.91,72.725,72.88,326920
2025-11-04T19:30:00.000Z,72.88,72.8999,72.6399,72.65,336718
2025-11-04T19:45:00.000Z,72.65,72.675,72.6,72.625,387866
2025-11-04T20:00:00.000Z,72.63,72.635,72.4,72.52,447684
2025-11-04T20:15:00.000Z,72.525,72.535,72.37,72.465,983279
2025-11-04T20:30:00.000Z,72.4619,72.57,72.42,72.54,455320
2025-11-04T20:45:00.000Z,72.545,72.675,71.98,72.33,3708309
2025-11-05T14:30:00.000Z,72.22,72.22,71.34,71.74,1003967
2025-11-05T14:45:00.000Z,71.74,72.08,71.63,72.005,414476
2025-11-05T15:00:00.000Z,71.99,72.045,71.79,71.81,430286
2025-11-05T15:15:00.000Z,71.805,71.825,71.61,71.7982,462059
2025-11-05T15:30:00.000Z,71.795,71.8624,71.6,71.655,598372
2025-11-05T15:45:00.000Z,71.655,71.76,71.54,71.605,406833
2025-11-05T16:00:00.000Z,71.61,71.91,71.61,71.84,572346
2025-11-05T16:15:00.000Z,71.84,71.9125,71.725,71.81,458000
2025-11-05T16:30:00.000Z,71.81,71.83,71.69,71.765,378403
2025-11-05T16:45:00.000Z,71.76,72.025,71.7,71.95,357488
2025-11-05T17:00:00.000Z,71.955,71.985,71.725,71.74,344297
2025-11-05T17:15:00.000Z,71.7398,72.125,71.715,72.09,287791
2025-11-05T17:30:00.000Z,72.09,72.14,72.04,72.055,294310
2025-11-05T17:45:00.000Z,72.055,72.195,72.04,72.175,303426
2025-11-05T18:00:00.000Z,72.18,72.255,72.095,72.205,261009
2025-11-05T18:15:00.000Z,72.205,72.355,72.205,72.315,341323
2025-11-05T18:30:00.000Z,72.31,72.485,72.305,72.42,317605
2025-11-05T18:45:00.000Z,72.41,72.58,72.41,72.505,435011
2025-11-05T19:00:00.000Z,72.505,72.525,72.375,72.52,339508
2025-11-05T19:15:00.000Z,72.515,72.555,72.385,72.505,325614
2025-11-05T19:30:00.000Z,72.505,72.53,72.37,72.435,472158
2025-11-05T19:45:00.000Z,72.435,72.52,72.4,72.45,456082
2025-11-05T20:00:00.000Z,72.445,72.485,72.405,72.43,296889
2025-11-05T20:15:00.000Z,72.425,72.465,72.305,72.3159,378482
2025-11-05T20:30:00.000Z,72.315,72.37,72.255,72.295,498713
2025-11-05T20:45:00.000Z,72.3,72.345,72.05,72.1,1615113
2025-11-06T14:30:00.000Z,71.71,72.23,71.71,72.05,1071884
2025-11-06T14:45:00.000Z,72.04,72.09,71.59,71.61,598300
2025-11-06T15:00:00.000Z,71.6,71.74,71.13,71.135,678426
2025-11-06T15:15:00.000Z,71.135,71.6688,71.125,71.43,399348
2025-11-06T15:30:00.000Z,71.44,71.565,71.065,71.13,435711
2025-11-06T15:45:00.000Z,71.135,71.28,71.115,71.245,447323
2025-11-06T16:00:00.000Z,71.245,71.53,71.24,71.265,392234
2025-11-06T16:15:00.000Z,71.26,71.308,70.985,71.12,378727
2025-11-06T16:30:00.000Z,71.12,71.135,70.98,71.08,312960
2025-11-06T16:45:00.000Z,71.08,71.145,70.995,71.025,252416
2025-11-06T17:00:00.000Z,71.025,71.085,70.89,70.89,225709
2025-11-06T17:15:00.000Z,70.89,70.9,70.73,70.84,266153
2025-11-06T17:30:00.000Z,70.83,70.8599,70.6903,70.855,377586
2025-11-06T17:45:00.000Z,70.86,71.075,70.84,70.94,242900
2025-11-06T18:00:00.000Z,70.95,71.03,70.835,70.85,187240
2025-11-06T18:15:00.000Z,70.86,71.12,70.845,71.075,241292
2025-11-06T18:30:00.000Z,71.06,71.24,71.06,71.2,226463
2025-11-06T18:45:00.000Z,71.2,71.22,71.09,71.15,273221
2025-11-06T19:00:00.000Z,71.145,71.38,71.135,71.375,219420
2025-11-06T19:15:00.000Z,71.38,71.465,71.35,71.44,237064
2025-11-06T19:30:00.000Z,71.435,71.445,71.31,71.4044,200887
2025-11-06T19:45:00.000Z,71.405,71.47,71.325,71.425,217556
2025-11-06T20:00:00.000Z,71.425,71.45,71.33,71.35,303637
2025-11-06T20:15:00.000Z,71.34,71.375,71.22,71.235,353873
2025-11-06T20:30:00.000Z,71.23,71.337,71.165,71.175,404580
2025-11-06T20:45:00.000Z,71.17,71.22,70.93,71.06,1903525
2025-11-07T14:30:00.000Z,71.385,71.5,70.77,71.22,1295804
2025-11-07T14:45:00.000Z,71.2,71.49,71.12,71.35,474730
2025-11-07T15:00:00.000Z,71.36,71.495,71.12,71.46,777005
2025-11-07T15:15:00.000Z,71.44,71.585,71.2301,71.24,539783
2025-11-07T15:30:00.000Z,71.25,71.28,71.12,71.1259,344722
2025-11-07T15:45:00.000Z,71.13,71.26,71.12,71.18,298890
2025-11-07T16:00:00.000Z,71.1787,71.235,71.03,71.07,510690
2025-11-07T16:15:00.000Z,71.07,71.15,70.935,70.95,687176
2025-11-07T16:30:00.000Z,70.94,71.0201,70.85,71.01,335053
2025-11-07T16:45:00.000Z,71.01,71.03,70.74,70.79,325683
2025-11-07T17:00:00.000Z,70.785,70.84,70.57,70.84,385410
2025-11-07T17:15:00.000Z,70.84,70.96,70.795,70.83,295810
2025-11-07T17:30:00.000Z,70.82,70.87,70.63,70.7,249624
2025-11-07T17:45:00.000Z,70.7,70.74,70.54,70.74,268650
2025-11-07T18:00:00.000Z,70.74,70.75,70.62,70.7,206868
2025-11-07T18:15:00.000Z,70.705,70.86,70.655,70.78,276803
2025-11-07T18:30:00.000Z,70.78,70.91,70.75,70.8342,256757
2025-11-07T18:45:00.000Z,70.84,70.89,70.65,70.81,210392
2025-11-07T19:00:00.000Z,70.825,70.825,70.74,70.775,232437
2025-11-07T19:15:00.000Z,70.77,70.8051,70.655,70.725,195924
2025-11-07T19:30:00.000Z,70.73,70.99,70.73,70.97,244422
2025-11-07T19:45:00.000Z,70.965,71.01,70.87,70.9899,385078
2025-11-07T20:00:00.000Z,70.98,71,70.89,70.955,342647
2025-11-07T20:15:00.000Z,70.9501,71.0084,70.8518,70.91,328208
2025-11-07T20:30:00.000Z,70.91,71.05,70.88,71.0444,455646
2025-11-07T20:45:00.000Z,71.045,71.135,70.885,71.08,1526650
2025-11-10T14:30:00.000Z,71.76,72.49,71.68,72.3,1232987
2025-11-10T14:45:00.000Z,72.32,72.5,72.11,72.1236,692878
2025-11-10T15:00:00.000Z,72.12,72.34,72.02,72.03,662720
2025-11-10T15:15:00.000Z,72.02,72.17,72,72.08,452203
2025-11-10T15:30:00.000Z,72.0718,72.14,71.9417,72.045,528918
2025-11-10T15:45:00.000Z,72.0452,72.105,71.645,71.685,393892
2025-11-10T16:00:00.000Z,71.68,71.91,71.545,71.83,898474
2025-11-10T16:15:00.000Z,71.825,71.845,71.43,71.49,783756
2025-11-10T16:30:00.000Z,71.495,71.58,71.33,71.485,574090
2025-11-10T16:45:00.000Z,71.485,71.49,71.1539,71.4145,649383
2025-11-10T17:00:00.000Z,71.41,71.505,71.3018,71.4137,481450
2025-11-10T17:15:00.000Z,71.4142,71.5199,71.32,71.47,307989
2025-11-10T17:30:00.000Z,71.47,71.59,71.45,71.525,363478
2025-11-10T17:45:00.000Z,71.525,71.73,71.525,71.6858,390465
2025-11-10T18:00:00.000Z,71.685,71.79,71.67,71.71,382195
2025-11-10T18:15:00.000Z,71.715,71.795,71.69,71.745,225909
2025-11-10T18:30:00.000Z,71.745,71.87,71.742,71.84,240940
2025-11-10T18:45:00.000Z,71.845,71.95,71.8148,71.8702,306356
2025-11-10T19:00:00.000Z,71.875,72.01,71.86,71.995,442652
2025-11-10T19:15:00.000Z,72,72.07,71.97,71.995,276290
2025-11-10T19:30:00.000Z,71.995,72.04,71.98,72.005,405647
2025-11-10T19:45:00.000Z,72.005,72.04,71.975,71.99,383109
2025-11-10T20:00:00.000Z,71.99,72.03,71.91,71.985,480141
2025-11-10T20:15:00.000Z,71.985,72.005,71.92,71.945,612379
2025-11-10T20:30:00.000Z,71.945,72.095,71.92,71.9901,707503
2025-11-10T20:45:00.000Z,71.995,72.21,71.86,72.09,2447862
2025-11-11T14:30:00.000Z,71.74,72.25,71.525,71.545,1816499
2025-11-11T14:45:00.000Z,71.55,71.635,71.31,71.41,809873
2025-11-11T15:00:00.000Z,71.41,71.485,71.26,71.285,742219
2025-11-11T15:15:00.000Z,71.285,71.435,71.095,71.395,655741
2025-11-11T15:30:00.000Z,71.39,71.69,71.305,71.55,535018
2025-11-11T15:45:00.000Z,71.555,71.56,71.21,71.3051,522955
2025-11-11T16:00:00.000Z,71.305,71.49,71.2701,71.455,348922
2025-11-11T16:15:00.000Z,71.455,71.56,71.39,71.41,267332
2025-11-11T16:30:00.000Z,71.405,71.415,71.1354,71.175,672114
2025-11-11T16:45:00.000Z,71.18,71.2754,71.11,71.14,312550
2025-11-11T17:00:00.000Z,71.13,71.185,71.1,71.15,380334
2025-11-11T17:15:00.000Z,71.1454,71.44,71.13,71.4301,307649
2025-11-11T17:30:00.000Z,71.44,71.69,71.435,71.68,321433
2025-11-11T17:45:00.000Z,71.67,71.925,71.65,71.88,432033
2025-11-11T18:00:00.000Z,71.88,72.11,71.82,72.05,488488
2025-11-11T18:15:00.000Z,72.05,72.1751,71.85,71.885,589173
2025-11-11T18:30:00.000Z,71.885,71.89,71.705,71.825,850861
2025-11-11T18:45:00.000Z,71.82,71.85,71.765,71.835,367113
2025-11-11T19:00:00.000Z,71.83,71.92,71.705,71.915,486004
2025-11-11T19:15:00.000Z,71.915,71.94,71.83,71.885,494560
2025-11-11T19:30:00.000Z,71.885,71.925,71.69,71.69,432897
2025-11-11T19:45:00.000Z,71.695,71.8,71.67,71.705,356217
2025-11-11T20:00:00.000Z,71.7,71.85,71.675,71.83,320184
2025-11-11T20:15:00.000Z,71.835,71.9,71.78,71.785,479989
2025-11-11T20:30:00.000Z,71.785,71.885,71.68,71.7,1056713
2025-11-11T20:45:00.000Z,71.705,71.99,71.65,71.75,2441511
2025-11-12T14:30:00.000Z,71.905,72.49,71.72,71.95,2409110
2025-11-12T14:45:00.000Z,71.96,72.01,71.735,72.0051,1430847
2025-11-12T15:00:00.000Z,72.005,72.255,71.94,71.98,1378233
2025-11-12T15:15:00.000Z,71.97,72.335,71.92,72.3159,804083
2025-11-12T15:30:00.000Z,72.315,72.539,72.3,72.515,1010821
2025-11-12T15:45:00.000Z,72.515,72.845,72.465,72.77,1214780
2025-11-12T16:00:00.000Z,72.77,72.975,72.73,72.765,1241328
2025-11-12T16:15:00.000Z,72.765,73.13,72.74,73.0901,1228438
2025-11-12T16:30:00.000Z,73.095,73.26,73.025,73.21,1065797
2025-11-12T16:45:00.000Z,73.2197,73.265,72.97,73.09,1068232
2025-11-12T17:00:00.000Z,73.09,73.205,72.9839,73.12,1168964
2025-11-12T17:15:00.000Z,73.125,73.19,72.99,73.155,1186498
2025-11-12T17:30:00.000Z,73.155,73.46,73.125,73.3617,995399
2025-11-12T17:45:00.000Z,73.365,73.48,73.21,73.4639,988934
2025-11-12T18:00:00.000Z,73.465,73.5,73.325,73.465,971102
2025-11-12T18:15:00.000Z,73.47,73.58,73.405,73.575,949487
2025-11-12T18:30:00.000Z,73.575,73.9,73.575,73.64,1111910
2025-11-12T18:45:00.000Z,73.645,73.695,73.47,73.695,2038032
2025-11-12T19:00:00.000Z,73.69,73.86,73.63,73.805,1201995
2025-11-12T19:15:00.000Z,73.8,73.8,73.485,73.73,860506
2025-11-12T19:30:00.000Z,73.72,73.965,73.705,73.76,858025
2025-11-12T19:45:00.000Z,73.765,73.78,73.415,73.515,1468995
2025-11-12T20:00:00.000Z,73.515,73.7,73.415,73.55,1276637
2025-11-12T20:15:00.000Z,73.555,73.63,73.305,73.575,2302533
2025-11-12T20:30:00.000Z,73.57,73.868,73.46,73.655,2581203
2025-11-12T20:45:00.000Z,73.66,74.21,73.315,73.98,7004357
2025-11-13T14:30:00.000Z,77.95,79.5,76.9,77.16,8415076
2025-11-13T14:45:00.000Z,77.1698,77.25,76.65,77.15,3920048
2025-11-13T15:00:00.000Z,77.14,77.57,76.88,77.53,2732244
2025-11-13T15:15:00.000Z,77.54,77.65,77.27,77.455,1865395
2025-11-13T15:30:00.000Z,77.455,77.49,76.7861,77.06,2553909
2025-11-13T15:45:00.000Z,77.0601,77.0999,76.71,76.924,1189573
2025-11-13T16:00:00.000Z,76.93,77.385,76.82,77.3501,1390377
2025-11-13T16:15:00.000Z,77.355,77.36,77.012,77.23,1257064
2025-11-13T16:30:00.000Z,77.22,77.4199,77.185,77.215,1143868
2025-11-13T16:45:00.000Z,77.215,77.4251,77.13,77.415,922397
2025-11-13T17:00:00.000Z,77.415,77.5652,77.309,77.535,1026707
2025-11-13T17:15:00.000Z,77.5325,77.6,77.2,77.2448,802501
2025-11-13T17:30:00.000Z,77.245,77.325,77.1239,77.1248,628347
2025-11-13T17:45:00.000Z,77.125,77.27,76.895,76.95,734601
2025-11-13T18:00:00.000Z,76.95,77.26,76.935,76.9976,1014498
2025-11-13T18:15:00.000Z,77,77.025,76.73,76.735,834789
2025-11-13T18:30:00.000Z,76.75,77.33,76.715,77.3,1298307
2025-11-13T18:45:00.000Z,77.295,77.695,77.13,77.605,1348061
2025-11-13T19:00:00.000Z,77.61,77.65,77.31,77.425,920499
2025-11-13T19:15:00.000Z,77.425,77.665,77.33,77.545,1210610
2025-11-13T19:30:00.000Z,77.55,77.63,77.25,77.31,867866
2025-11-13T19:45:00.000Z,77.315,77.34,76.98,77.08,1087072
2025-11-13T20:00:00.000Z,77.08,77.175,76.8941,77.015,940409
2025-11-13T20:15:00.000Z,77.015,77.215,76.855,77.14,1335196
2025-11-13T20:30:00.000Z,77.13,77.57,77.095,77.465,2094832
2025-11-13T20:45:00.000Z,77.465,77.94,77.235,77.42,5843031
2025-11-14T14:30:00.000Z,76.58,77.5802,75.8401,77.57,3746445
2025-11-14T14:45:00.000Z,77.57,77.57,76.74,76.85,2217023
2025-11-14T15:00:00.000Z,76.84,77.05,76.665,76.92,1426182
2025-11-14T15:15:00.000Z,76.91,77.6,76.905,77.56,1239743
2025-11-14T15:30:00.000Z,77.545,77.58,77.215,77.42,1038374
2025-11-14T15:45:00.000Z,77.43,77.78,77.31,77.765,770359
2025-11-14T16:00:00.000Z,77.77,77.865,77.295,77.4435,923399
2025-11-14T16:15:00.000Z,77.45,78.3151,77.39,78.285,1510504
2025-11-14T16:30:00.000Z,78.285,78.565,78.195,78.335,1521199
2025-11-14T16:45:00.000Z,78.3351,78.375,78.1,78.19,940446
2025-11-14T17:00:00.000Z,78.19,78.2654,77.97,78.2301,792030
2025-11-14T17:15:00.000Z,78.235,78.27,78.08,78.2601,602041
2025-11-14T17:30:00.000Z,78.265,78.45,78.2,78.425,501560
2025-11-14T17:45:00.000Z,78.4222,78.45,78.085,78.1741,587212
2025-11-14T18:00:00.000Z,78.17,78.17,77.87,78.0577,464911
2025-11-14T18:15:00.000Z,78.055,78.055,77.775,77.9239,517188
2025-11-14T18:30:00.000Z,77.925,78.305,77.92,78.075,2056722
2025-11-14T18:45:00.000Z,78.07,78.625,78.045,78.52,909092
2025-11-14T19:00:00.000Z,78.52,78.665,78.25,78.295,1322128
2025-11-14T19:15:00.000Z,78.29,78.4465,78.245,78.36,776687
2025-11-14T19:30:00.000Z,78.37,78.525,78.28,78.5,579250
2025-11-14T19:45:00.000Z,78.48,78.58,78.35,78.565,689952
2025-11-14T20:00:00.000Z,78.57,78.59,78.33,78.34,729764
2025-11-14T20:15:00.000Z,78.34,78.5,78.25,78.345,1235684
2025-11-14T20:30:00.000Z,78.34,78.48,78.24,78.255,1310837
2025-11-14T20:45:00.000Z,78.25,78.39,77.91,78.03,3771458
2025-11-17T14:30:00.000Z,77.885,78.885,77.5,78.745,1738421
2025-11-17T14:45:00.000Z,78.745,78.875,78.435,78.655,1093465
2025-11-17T15:00:00.000Z,78.65,79.18,78.56,78.86,1592233
2025-11-17T15:15:00.000Z,78.87,79.3399,78.82,79.165,1034643
2025-11-17T15:30:00.000Z,79.165,79.245,78.79,79.19,901016
2025-11-17T15:45:00.000Z,79.185,79.26,79.015,79.255,717920
2025-11-17T16:00:00.000Z,79.26,79.37,79.165,79.205,803125
2025-11-17T16:15:00.000Z,79.205,79.209,78.81,79.06,932849
2025-11-17T16:30:00.000Z,79.055,79.355,79.01,79.2951,575811
2025-11-17T16:45:00.000Z,79.3,79.39,79.13,79.185,536301
2025-11-17T17:00:00.000Z,79.19,79.195,79.05,79.135,467787
2025-11-17T17:15:00.000Z,79.135,79.325,79.095,79.3,556774
2025-11-17T17:30:00.000Z,79.295,79.335,78.889,78.935,392509
2025-11-17T17:45:00.000Z,78.935,78.935,78.5,78.5123,421420
2025-11-17T18:00:00.000Z,78.51,78.5699,78.32,78.485,439811
2025-11-17T18:15:00.000Z,78.48,78.55,78.39,78.435,290567
2025-11-17T18:30:00.000Z,78.435,78.74,78.375,78.6417,480683
2025-11-17T18:45:00.000Z,78.65,78.7,78.34,78.34,428636
2025-11-17T19:00:00.000Z,78.33,78.35,78.025,78.105,700356
2025-11-17T19:15:00.000Z,78.1,78.105,77.825,77.9842,534628
2025-11-17T19:30:00.000Z,77.985,78.045,77.735,77.91,511690
2025-11-17T19:45:00.000Z,77.91,77.925,77.615,77.625,485907
2025-11-17T20:00:00.000Z,77.62,77.695,77.49,77.492,588955
2025-11-17T20:15:00.000Z,77.4912,77.635,77.465,77.6,582629
2025-11-17T20:30:00.000Z,77.6,77.665,77.47,77.6,672261
2025-11-17T20:45:00.000Z,77.6,77.92,77.5801,77.8,2594131
2025-11-18T14:30:00.000Z,77.55,77.91,77.05,77.91,1200065
2025-11-18T14:45:00.000Z,77.91,78.2,77.57,77.59,1171349
2025-11-18T15:00:00.000Z,77.58,77.635,76.9865,77.38,1395801
2025-11-18T15:15:00.000Z,77.38,77.51,76.94,77.21,1013140
2025-11-18T15:30:00.000Z,77.22,77.3351,76.825,77.045,1154211
2025-11-18T15:45:00.000Z,77.05,77.07,76.665,76.74,801841
2025-11-18T16:00:00.000Z,76.75,76.76,76.45,76.57,1404480
2025-11-18T16:15:00.000Z,76.57,76.91,76.505,76.83,729009
2025-11-18T16:30:00.000Z,76.84,77.005,76.755,76.99,538498
2025-11-18T16:45:00.000Z,76.99,77.01,76.71,76.83,527143
2025-11-18T17:00:00.000Z,76.825,76.96,76.7,76.825,546550
2025-11-18T17:15:00.000Z,76.825,77.095,76.74,76.7456,315476
2025-11-18T17:30:00.000Z,76.73,77.16,76.59,77.115,437485
2025-11-18T17:45:00.000Z,77.11,77.22,76.88,77.145,500849
2025-11-18T18:00:00.000Z,77.16,77.395,77.11,77.29,433335
2025-11-18T18:15:00.000Z,77.295,77.3,77.135,77.185,320953
2025-11-18T18:30:00.000Z,77.185,77.5,77.185,77.35,438097
2025-11-18T18:45:00.000Z,77.36,77.42,77.26,77.315,455305
2025-11-18T19:00:00.000Z,77.32,77.45,77.185,77.41,412104
2025-11-18T19:15:00.000Z,77.405,77.49,77.26,77.4508,406726
2025-11-18T19:30:00.000Z,77.46,77.705,77.425,77.47,645163
2025-11-18T19:45:00.000Z,77.47,77.675,77.47,77.645,521144
2025-11-18T20:00:00.000Z,77.65,77.71,77.5,77.603,474861
2025-11-18T20:15:00.000Z,77.6,77.67,77.4417,77.57,617950
2025-11-18T20:30:00.000Z,77.575,77.715,77.545,77.655,775822
2025-11-18T20:45:00.000Z,77.66,77.71,77.345,77.38,3160309
2025-11-19T14:30:00.000Z,77.3,78.54,77.16,78.43,1831747
2025-11-19T14:45:00.000Z,78.43,78.615,78.17,78.365,701190
2025-11-19T15:00:00.000Z,78.37,78.435,78.04,78.37,683959
2025-11-19T15:15:00.000Z,78.37,78.665,78.3,78.635,747811
2025-11-19T15:30:00.000Z,78.64,78.84,78.56,78.755,533820
2025-11-19T15:45:00.000Z,78.7534,78.795,78.23,78.295,772863
2025-11-19T16:00:00.000Z,78.295,78.37,77.93,77.995,813636
2025-11-19T16:15:00.000Z,77.99,78.405,77.9,77.996,1206558
2025-11-19T16:30:00.000Z,78,78.225,77.895,78.195,526240
2025-11-19T16:45:00.000Z,78.195,78.535,78.105,78.535,460539
2025-11-19T17:00:00.000Z,78.535,78.5999,78.17,78.19,473959
2025-11-19T17:15:00.000Z,78.18,78.34,78.145,78.265,438810
2025-11-19T17:30:00.000Z,78.255,78.43,78.135,78.39,530671
2025-11-19T17:45:00.000Z,78.4,78.47,78.25,78.26,619649
2025-11-19T18:00:00.000Z,78.255,78.425,78.23,78.42,523848
2025-11-19T18:15:00.000Z,78.43,78.525,78.32,78.34,301100
2025-11-19T18:30:00.000Z,78.345,78.54,78.26,78.42,462640
2025-11-19T18:45:00.000Z,78.425,78.78,78.39,78.745,419944
2025-11-19T19:00:00.000Z,78.76,78.76,78.455,78.505,804075
2025-11-19T19:15:00.000Z,78.5,78.61,78.425,78.45,505345
2025-11-19T19:30:00.000Z,78.46,78.58,78.31,78.475,417740
2025-11-19T19:45:00.000Z,78.475,78.72,78.41,78.58,404605
2025-11-19T20:00:00.000Z,78.575,78.78,78.57,78.715,539260
2025-11-19T20:15:00.000Z,78.715,78.93,78.705,78.755,602056
2025-11-19T20:30:00.000Z,78.755,78.93,78.655,78.705,867599
2025-11-19T20:45:00.000Z,78.71,78.715,78.31,78.38,2735598
2025-11-20T14:30:00.000Z,79.12,79.63,78.78,79.6,1344204
2025-11-20T14:45:00.000Z,79.59,79.855,79.3,79.81,1190832
2025-11-20T15:00:00.000Z,79.81,79.86,79.4165,79.545,818543
2025-11-20T15:15:00.000Z,79.55,79.81,79.52,79.7,674539
2025-11-20T15:30:00.000Z,79.71,79.98,79.63,79.9199,927166
2025-11-20T15:45:00.000Z,79.92,80.055,79.575,79.595,1325560
2025-11-20T16:00:00.000Z,79.595,79.6,79.14,79.2665,907836
2025-11-20T16:15:00.000Z,79.26,79.26,78.89,78.94,868788
2025-11-20T16:30:00.000Z,78.94,79.01,78.41,78.45,991819
2025-11-20T16:45:00.000Z,78.45,78.58,77.87,77.93,862826
2025-11-20T17:00:00.000Z,77.92,78.08,77.49,77.65,913490
2025-11-20T17:15:00.000Z,77.62,77.62,77.0915,77.27,798358
2025-11-20T17:30:00.000Z,77.26,77.37,76.7763,76.7763,641093
2025-11-20T17:45:00.000Z,76.77,76.9,76.56,76.69,644540
2025-11-20T18:00:00.000Z,76.68,77.26,76.64,77.26,465399
2025-11-20T18:15:00.000Z,77.2551,77.26,76.98,77.086,494332
2025-11-20T18:30:00.000Z,77.075,77.122,76.435,76.45,414328
2025-11-20T18:45:00.000Z,76.45,76.525,76.165,76.2501,657070
2025-11-20T19:00:00.000Z,76.25,76.28,75.87,76.08,781996
2025-11-20T19:15:00.000Z,76.09,76.3,75.995,76.21,488687
2025-11-20T19:30:00.000Z,76.2,76.2,75.935,76.16,487905
2025-11-20T19:45:00.000Z,76.16,76.33,75.975,76.31,491380
2025-11-20T20:00:00.000Z,76.305,76.315,76.035,76.235,659059
2025-11-20T20:15:00.000Z,76.25,76.355,76.08,76.15,703808
2025-11-20T20:30:00.000Z,76.145,76.1866,75.53,75.665,1071549
2025-11-20T20:45:00.000Z,75.67,75.72,75.32,75.46,2891644
2025-11-21T14:30:00.000Z,75.64,76.14,75.47,75.895,1969147
2025-11-21T14:45:00.000Z,75.91,76.27,75.64,76.027,1234004
2025-11-21T15:00:00.000Z,76.005,76.55,75.91,76.27,911518
2025-11-21T15:15:00.000Z,76.26,76.445,75.95,76.07,922760
2025-11-21T15:30:00.000Z,76.06,76.2,75.77,76.05,981315
2025-11-21T15:45:00.000Z,76.06,76.35,75.9801,76.06,616996
2025-11-21T16:00:00.000Z,76.05,76.09,75.76,76.04,671180
2025-11-21T16:15:00.000Z,76.035,76.265,75.825,76.255,652910
2025-11-21T16:30:00.000Z,76.26,76.3,76.015,76.08,407408
2025-11-21T16:45:00.000Z,76.08,76.485,75.995,76.465,508425
2025-11-21T17:00:00.000Z,76.47,76.61,76.34,76.5,645072
2025-11-21T17:15:00.000Z,76.5,76.515,76.18,76.365,424810
2025-11-21T17:30:00.000Z,76.37,76.425,76.25,76.38,376926
2025-11-21T17:45:00.000Z,76.38,76.435,76.255,76.3,350022
2025-11-21T18:00:00.000Z,76.3,76.455,76.11,76.137,395550
2025-11-21T18:15:00.000Z,76.13,76.235,76.04,76.155,311134
2025-11-21T18:30:00.000Z,76.155,76.4497,76.08,76.415,328413
2025-11-21T18:45:00.000Z,76.42,76.8,76.34,76.535,438489
2025-11-21T19:00:00.000Z,76.535,76.86,76.52,76.805,493306
2025-11-21T19:15:00.000Z,76.805,76.94,76.755,76.81,425597
2025-11-21T19:30:00.000Z,76.805,76.845,76.56,76.595,386048
2025-11-21T19:45:00.000Z,76.6,76.71,76.46,76.635,482734
2025-11-21T20:00:00.000Z,76.63,76.655,76.485,76.615,510913
2025-11-21T20:15:00.000Z,76.615,76.68,76.33,76.33,592838
2025-11-21T20:30:00.000Z,76.32,76.5,76.175,76.2652,846010
2025-11-21T20:45:00.000Z,76.265,76.53,75.975,76.11,2682783
2025-11-24T14:30:00.000Z,76.49,76.79,76.31,76.475,729815
2025-11-24T14:45:00.000Z,76.475,76.88,76.405,76.585,469050
2025-11-24T15:00:00.000Z,76.585,76.62,76.22,76.44,492004
2025-11-24T15:15:00.000Z,76.43,76.52,76.269,76.39,395174
2025-11-24T15:30:00.000Z,76.38,76.505,76.28,76.4701,277780
2025-11-24T15:45:00.000Z,76.475,76.57,76.41,76.44,354343
2025-11-24T16:00:00.000Z,76.45,76.5482,76.37,76.42,349347
2025-11-24T16:15:00.000Z,76.425,76.535,76.3401,76.455,313748
2025-11-24T16:30:00.000Z,76.44,76.55,76.385,76.525,298299
2025-11-24T16:45:00.000Z,76.52,76.62,76.45,76.47,399558
2025-11-24T17:00:00.000Z,76.475,76.5384,76.34,76.4,230447
2025-11-24T17:15:00.000Z,76.4,76.51,76.39,76.425,240201
2025-11-24T17:30:00.000Z,76.43,76.5,76.365,76.455,219817
2025-11-24T17:45:00.000Z,76.46,76.52,76.405,76.515,286580
2025-11-24T18:00:00.000Z,76.515,76.575,76.475,76.545,246332
2025-11-24T18:15:00.000Z,76.55,76.56,76.38,76.415,231322
2025-11-24T18:30:00.000Z,76.415,76.51,76.35,76.435,318111
2025-11-24T18:45:00.000Z,76.43,76.44,76.285,76.325,482728
2025-11-24T19:00:00.000Z,76.3255,76.335,76.235,76.28,325692
2025-11-24T19:15:00.000Z,76.28,76.31,76.17,76.205,387418
2025-11-24T19:30:00.000Z,76.21,76.22,76.07,76.12,341043
2025-11-24T19:45:00.000Z,76.12,76.185,76.02,76.16,321950
2025-11-24T20:00:00.000Z,76.17,76.32,76.14,76.31,325316
2025-11-24T20:15:00.000Z,76.31,76.36,76.275,76.335,442300
2025-11-24T20:30:00.000Z,76.33,76.49,76.275,76.425,535188
2025-11-24T20:45:00.000Z,76.42,76.475,75.68,76.21,3443144
2025-11-25T14:30:00.000Z,76.49,77.06,76.37,76.49,971981
2025-11-25T14:45:00.000Z,76.485,76.56,76.075,76.46,625765
2025-11-25T15:00:00.000Z,76.44,76.72,76.31,76.37,596344
2025-11-25T15:15:00.000Z,76.38,76.59,76.26,76.57,387616
2025-11-25T15:30:00.000Z,76.57,76.8682,76.55,76.865,412569
2025-11-25T15:45:00.000Z,76.865,76.9,76.465,76.585,305446
2025-11-25T16:00:00.000Z,76.59,76.605,76.365,76.38,841953
2025-11-25T16:15:00.000Z,76.375,76.61,76.325,76.34,435170
2025-11-25T16:30:00.000Z,76.35,76.39,76.205,76.205,367084
2025-11-25T16:45:00.000Z,76.205,76.22,76.09,76.195,358571
2025-11-25T17:00:00.000Z,76.2,76.28,76.085,76.145,341399
2025-11-25T17:15:00.000Z,76.15,76.315,76.085,76.3,257495
2025-11-25T17:30:00.000Z,76.3,76.45,76.295,76.425,300691
2025-11-25T17:45:00.000Z,76.425,76.45,76.26,76.315,365808
2025-11-25T18:00:00.000Z,76.315,76.475,76.2936,76.31,305160
2025-11-25T18:15:00.000Z,76.315,76.42,76.24,76.4,237325
2025-11-25T18:30:00.000Z,76.401,76.57,76.32,76.57,234768
2025-11-25T18:45:00.000Z,76.575,76.77,76.57,76.575,313178
2025-11-25T19:00:00.000Z,76.585,76.64,76.415,76.42,296358
2025-11-25T19:15:00.000Z,76.425,76.465,76.37,76.41,259948
2025-11-25T19:30:00.000Z,76.41,76.4783,76.32,76.36,618802
2025-11-25T19:45:00.000Z,76.355,76.525,76.35,76.405,198692
2025-11-25T20:00:00.000Z,76.405,76.45,76.36,76.375,222410
2025-11-25T20:15:00.000Z,76.37,76.4,76.27,76.28,266440
2025-11-25T20:30:00.000Z,76.285,76.36,76.2683,76.3,361816
2025-11-25T20:45:00.000Z,76.3,76.53,76.27,76.27,1672435
2025-11-26T14:30:00.000Z,76.455,76.6,76.25,76.325,802388
2025-11-26T14:45:00.000Z,76.33,76.39,75.43,75.497,1414414
2025-11-26T15:00:00.000Z,75.48,75.845,75.34,75.6901,829543
2025-11-26T15:15:00.000Z,75.69,75.87,75.615,75.825,434215
2025-11-26T15:30:00.000Z,75.825,76.11,75.825,75.99,496539
2025-11-26T15:45:00.000Z,75.995,76.065,75.805,76.035,476115
2025-11-26T16:00:00.000Z,76.04,76.21,76.03,76.145,276657
2025-11-26T16:15:00.000Z,76.14,76.21,76.135,76.175,279249
2025-11-26T16:30:00.000Z,76.18,76.43,76.115,76.42,369772
2025-11-26T16:45:00.000Z,76.42,76.47,76.34,76.425,310373
2025-11-26T17:00:00.000Z,76.425,76.505,76.36,76.39,255578
2025-11-26T17:15:00.000Z,76.3951,76.48,76.305,76.475,203684
2025-11-26T17:30:00.000Z,76.47,76.6,76.435,76.44,269207
2025-11-26T17:45:00.000Z,76.44,76.445,76.345,76.38,161502
2025-11-26T18:00:00.000Z,76.385,76.425,76.15,76.32,261024
2025-11-26T18:15:00.000Z,76.32,76.4258,76.225,76.4,165188
2025-11-26T18:30:00.000Z,76.405,76.45,76.33,76.345,152838
2025-11-26T18:45:00.000Z,76.345,76.4699,76.34,76.35,220432
2025-11-26T19:00:00.000Z,76.35,76.455,76.23,76.355,365355
2025-11-26T19:15:00.000Z,76.35,76.385,76.2528,76.325,215843
2025-11-26T19:30:00.000Z,76.33,76.3441,76.09,76.095,299854
2025-11-26T19:45:00.000Z,76.095,76.255,76.09,76.195,239432
2025-11-26T20:00:00.000Z,76.19,76.195,76.075,76.165,341689
2025-11-26T20:15:00.000Z,76.165,76.3,76.1601,76.245,446160
2025-11-26T20:30:00.000Z,76.245,76.275,76.185,76.19,504452
2025-11-26T20:45:00.000Z,76.18,76.18,75.98,76.03,1843806
2025-11-28T14:30:00.000Z,76.14,76.22,75.81,76.07,513800
2025-11-28T14:45:00.000Z,76.06,76.123,75.9,76.05,226140
2025-11-28T15:00:00.000Z,76.05,76.2118,76.05,76.185,312433
2025-11-28T15:15:00.000Z,76.185,76.4,76.165,76.39,263372
2025-11-28T15:30:00.000Z,76.39,76.47,76.335,76.37,241633
2025-11-28T15:45:00.000Z,76.38,76.54,76.3601,76.48,245864
2025-11-28T16:00:00.000Z,76.48,76.6,76.465,76.59,208094
2025-11-28T16:15:00.000Z,76.595,76.635,76.42,76.49,272066
2025-11-28T16:30:00.000Z,76.49,76.68,76.47,76.65,185745
2025-11-28T16:45:00.000Z,76.655,76.75,76.6199,76.685,251924
2025-11-28T17:00:00.000Z,76.685,76.845,76.665,76.76,292279
2025-11-28T17:15:00.000Z,76.755,76.77,76.63,76.655,284691
2025-11-28T17:30:00.000Z,76.65,76.775,76.5836,76.595,295482
2025-11-28T17:45:00.000Z,76.595,76.96,76.56,76.93,1350295
2025-11-28T18:00:00.000Z,76.94,76.94,76.94,76.94,1863524
2025-12-01T14:30:00.000Z,76.665,76.818,76.36,76.42,745553
2025-12-01T14:45:00.000Z,76.44,76.735,76.34,76.645,375920
2025-12-01T15:00:00.000Z,76.65,76.67,76.305,76.4301,330251
2025-12-01T15:15:00.000Z,76.44,76.47,76.225,76.36,426937
2025-12-01T15:30:00.000Z,76.355,76.445,76.205,76.24,316083
2025-12-01T15:45:00.000Z,76.24,76.415,76.205,76.38,286681
2025-12-01T16:00:00.000Z,76.37,76.4701,76.16,76.1758,261979
2025-12-01T16:15:00.000Z,76.17,76.18,76.0439,76.075,283427
2025-12-01T16:30:00.000Z,76.075,76.18,76.035,76.135,270104
2025-12-01T16:45:00.000Z,76.14,76.185,76.095,76.165,235531
2025-12-01T17:00:00.000Z,76.16,76.205,76.1142,76.15,241866
2025-12-01T17:15:00.000Z,76.1401,76.2,76.075,76.165,252285
2025-12-01T17:30:00.000Z,76.16,76.465,76.1115,76.465,420783
2025-12-01T17:45:00.000Z,76.465,76.47,76.265,76.31,328183
2025-12-01T18:00:00.000Z,76.3,76.34,76.225,76.3074,243859
2025-12-01T18:15:00.000Z,76.305,76.355,76.26,76.315,221943
2025-12-01T18:30:00.000Z,76.31,76.33,76.2749,76.295,176652
2025-12-01T18:45:00.000Z,76.295,76.41,76.255,76.36,270304
2025-12-01T19:00:00.000Z,76.365,76.365,76.24,76.275,240296
2025-12-01T19:15:00.000Z,76.275,76.285,76.14,76.155,225568
2025-12-01T19:30:00.000Z,76.16,76.305,76.075,76.23,287793
2025-12-01T19:45:00.000Z,76.24,76.295,76.225,76.23,162835
2025-12-01T20:00:00.000Z,76.23,76.34,76.21,76.3,219651
2025-12-01T20:15:00.000Z,76.305,76.3497,76.225,76.245,276935
2025-12-01T20:30:00.000Z,76.245,76.31,76.16,76.285,435959
2025-12-01T20:45:00.000Z,76.29,76.295,75.93,76.075,2224444
2025-12-02T14:30:00.000Z,76.155,76.31,75.94,76.09,614472
2025-12-02T14:45:00.000Z,76.09,76.09,75.855,75.995,317212
2025-12-02T15:00:00.000Z,75.995,76.19,75.97,76.085,464450
2025-12-02T15:15:00.000Z,76.085,76.3585,76.085,76.115,433652
2025-12-02T15:30:00.000Z,76.105,76.125,75.84,76.04,515250
2025-12-02T15:45:00.000Z,76.04,76.24,76.01,76.175,263005
2025-12-02T16:00:00.000Z,76.175,76.175,75.95,76.02,347034
2025-12-02T16:15:00.000Z,76.025,76.075,75.76,75.88,343450
2025-12-02T16:30:00.000Z,75.875,76.145,75.8,76.13,334522
2025-12-02T16:45:00.000Z,76.13,76.195,76.055,76.145,284137
2025-12-02T17:00:00.000Z,76.15,76.255,76.085,76.135,327942
2025-12-02T17:15:00.000Z,76.14,76.325,76.135,76.325,253006
2025-12-02T17:30:00.000Z,76.33,76.52,76.325,76.4627,338769
2025-12-02T17:45:00.000Z,76.465,76.51,76.2,76.2,203451
2025-12-02T18:00:00.000Z,76.19,76.355,76.175,76.23,200729
2025-12-02T18:15:00.000Z,76.225,76.31,76.165,76.2401,188431
2025-12-02T18:30:00.000Z,76.245,76.37,76.215,76.365,206130
2025-12-02T18:45:00.000Z,76.36,76.55,76.34,76.5,302181
2025-12-02T19:00:00.000Z,76.495,76.695,76.495,76.69,308110
2025-12-02T19:15:00.000Z,76.695,76.81,76.65,76.675,317065
2025-12-02T19:30:00.000Z,76.675,76.76,76.67,76.735,187076
2025-12-02T19:45:00.000Z,76.74,76.965,76.7301,76.865,455152
2025-12-02T20:00:00.000Z,76.8643,76.945,76.805,76.885,318159
2025-12-02T20:15:00.000Z,76.885,76.9,76.81,76.835,355371
2025-12-02T20:30:00.000Z,76.835,76.92,76.78,76.8391,548889
2025-12-02T20:45:00.000Z,76.835,77,76.8155,76.85,1564845
2025-12-03T14:30:00.000Z,76.585,76.765,75.83,75.89,889760
2025-12-03T14:45:00.000Z,75.88,76.13,75.65,76.11,453925
2025-12-03T15:00:00.000Z,76.13,76.88,76.1,76.755,907726
2025-12-03T15:15:00.000Z,76.755,77.31,76.72,77.1,1247602
2025-12-03T15:30:00.000Z,77.095,77.385,77.05,77.11,735139
2025-12-03T15:45:00.000Z,77.12,77.29,77.085,77.18,297261
2025-12-03T16:00:00.000Z,77.185,77.325,77.18,77.235,286091
2025-12-03T16:15:00.000Z,77.24,77.4,77.195,77.275,359803
2025-12-03T16:30:00.000Z,77.27,77.4799,77.2645,77.47,356366
2025-12-03T16:45:00.000Z,77.475,77.48,77.16,77.19,386424
2025-12-03T17:00:00.000Z,77.2,77.3,77.15,77.175,366822
2025-12-03T17:15:00.000Z,77.175,77.385,77.17,77.3234,176691
2025-12-03T17:30:00.000Z,77.33,77.355,77.225,77.3145,185438
2025-12-03T17:45:00.000Z,77.32,77.3299,77.215,77.265,172208
2025-12-03T18:00:00.000Z,77.27,77.405,77.255,77.35,181566
2025-12-03T18:15:00.000Z,77.35,77.375,77.2815,77.35,217660
2025-12-03T18:30:00.000Z,77.355,77.39,77.24,77.375,270460
2025-12-03T18:45:00.000Z,77.38,77.45,77.345,77.445,215234
2025-12-03T19:00:00.000Z,77.44,77.51,77.43,77.4917,231621
2025-12-03T19:15:00.000Z,77.495,77.57,77.44,77.545,167370
2025-12-03T19:30:00.000Z,77.545,77.59,77.505,77.53,221485
2025-12-03T19:45:00.000Z,77.525,77.58,77.49,77.5708,152403
2025-12-03T20:00:00.000Z,77.58,77.725,77.575,77.71,260453
2025-12-03T20:15:00.000Z,77.7,77.8165,77.67,77.8001,432219
2025-12-03T20:30:00.000Z,77.805,77.81,77.74,77.77,386831
2025-12-03T20:45:00.000Z,77.775,77.81,77.51,77.775,1778659
2025-12-04T14:30:00.000Z,77.69,77.8,77.285,77.57,740723
2025-12-04T14:45:00.000Z,77.565,77.6,77.3489,77.395,350203
2025-12-04T15:00:00.000Z,77.39,77.68,77.23,77.25,573828
2025-12-04T15:15:00.000Z,77.23,77.57,77.1651,77.54,524668
2025-12-04T15:30:00.000Z,77.53,77.53,77.28,77.28,365278
2025-12-04T15:45:00.000Z,77.285,77.485,77.2115,77.47,488503
2025-12-04T16:00:00.000Z,77.465,77.5103,77.32,77.485,258419
2025-12-04T16:15:00.000Z,77.485,77.53,77.371,77.4518,195075
2025-12-04T16:30:00.000Z,77.45,77.585,77.385,77.395,309195
2025-12-04T16:45:00.000Z,77.405,77.65,77.4,77.61,214340
2025-12-04T17:00:00.000Z,77.61,77.625,77.46,77.525,195896
2025-12-04T17:15:00.000Z,77.525,77.59,77.49,77.555,202033
2025-12-04T17:30:00.000Z,77.555,77.635,77.541,77.595,130098
2025-12-04T17:45:00.000Z,77.5939,77.615,77.5,77.505,168266
2025-12-04T18:00:00.000Z,77.5,77.5045,77.3039,77.335,180466
2025-12-04T18:15:00.000Z,77.34,77.415,77.33,77.415,164530
2025-12-04T18:30:00.000Z,77.415,77.415,77.3,77.3155,159279
2025-12-04T18:45:00.000Z,77.32,77.51,77.315,77.42,199386
2025-12-04T19:00:00.000Z,77.43,77.5,77.39,77.475,283336
2025-12-04T19:15:00.000Z,77.47,77.48,77.26,77.355,264772
2025-12-04T19:30:00.000Z,77.35,77.56,77.33,77.495,232609
2025-12-04T19:45:00.000Z,77.495,77.505,77.445,77.48,198099
2025-12-04T20:00:00.000Z,77.48,77.54,77.341,77.485,233299
2025-12-04T20:15:00.000Z,77.485,77.6199,77.48,77.525,267638
2025-12-04T20:30:00.000Z,77.525,77.63,77.515,77.605,314035
2025-12-04T20:45:00.000Z,77.605,77.86,77.22,77.755,1211650
2025-12-05T14:30:00.000Z,77.97,77.98,77.56,77.77,549966
2025-12-05T14:45:00.000Z,77.76,77.973,77.7,77.915,318555
2025-12-05T15:00:00.000Z,77.915,78.13,77.815,78.1265,376015
2025-12-05T15:15:00.000Z,78.14,78.19,77.931,77.935,458167
2025-12-05T15:30:00.000Z,77.94,78.005,77.855,77.98,362351
2025-12-05T15:45:00.000Z,77.975,77.99,77.54,77.6144,516108
2025-12-05T16:00:00.000Z,77.6,77.67,77.475,77.575,279853
2025-12-05T16:15:00.000Z,77.565,77.6,77.5,77.515,236758
2025-12-05T16:30:00.000Z,77.515,77.52,77.41,77.46,209781
2025-12-05T16:45:00.000Z,77.46,77.68,77.395,77.625,218483
2025-12-05T17:00:00.000Z,77.61,77.73,77.565,77.725,185990
2025-12-05T17:15:00.000Z,77.73,77.8666,77.72,77.83,220287
2025-12-05T17:30:00.000Z,77.8271,77.85,77.75,77.81,221270
2025-12-05T17:45:00.000Z,77.805,78.039,77.785,77.9939,213740
2025-12-05T18:00:00.000Z,78,78.015,77.9,77.93,180968
2025-12-05T18:15:00.000Z,77.93,77.98,77.825,77.975,173117
2025-12-05T18:30:00.000Z,77.97,78.07,77.97,78.0499,189083
2025-12-05T18:45:00.000Z,78.045,78.135,77.96,77.975,314799
2025-12-05T19:00:00.000Z,77.975,78.015,77.93,77.955,255627
2025-12-05T19:15:00.000Z,77.955,77.955,77.815,77.855,209236
2025-12-05T19:30:00.000Z,77.855,77.91,77.785,77.87,236993
2025-12-05T19:45:00.000Z,77.87,77.97,77.84,77.92,302372
2025-12-05T20:00:00.000Z,77.92,77.92,77.81,77.8542,160485
2025-12-05T20:15:00.000Z,77.8551,77.92,77.81,77.815,1093814
2025-12-05T20:30:00.000Z,77.81,77.96,77.75,77.955,413044
2025-12-05T20:45:00.000Z,77.955,78.07,77.845,77.95,1457971
2025-12-08T14:30:00.000Z,78.21,79.2337,78.12,79.085,1261136
2025-12-08T14:45:00.000Z,79.085,79.315,78.94,79.025,803002
2025-12-08T15:00:00.000Z,79.025,79.22,79,79.075,727719
2025-12-08T15:15:00.000Z,79.075,79.35,79.05,79.215,681877
2025-12-08T15:30:00.000Z,79.21,79.38,79.1,79.305,533001
2025-12-08T15:45:00.000Z,79.31,79.34,79.115,79.12,393509
2025-12-08T16:00:00.000Z,79.12,79.25,79.055,79.22,542193
2025-12-08T16:15:00.000Z,79.22,79.27,79.1,79.225,385982
2025-12-08T16:30:00.000Z,79.22,79.29,79.2,79.2801,318242
2025-12-08T16:45:00.000Z,79.28,79.3,79.21,79.245,345776
2025-12-08T17:00:00.000Z,79.245,79.285,79.025,79.155,429966
2025-12-08T17:15:00.000Z,79.155,79.18,78.98,79.12,400993
2025-12-08T17:30:00.000Z,79.125,79.155,79.045,79.125,300066
2025-12-08T17:45:00.000Z,79.125,79.33,79.12,79.305,320627
2025-12-08T18:00:00.000Z,79.305,79.315,78.92,78.935,359308
2025-12-08T18:15:00.000Z,78.935,78.995,78.81,78.865,293033
2025-12-08T18:30:00.000Z,78.86,79.03,78.835,79.01,312934
2025-12-08T18:45:00.000Z,79.01,79.0199,78.69,78.77,344470
2025-12-08T19:00:00.000Z,78.78,78.795,78.565,78.6,320880
2025-12-08T19:15:00.000Z,78.605,78.745,78.605,78.705,402036
2025-12-08T19:30:00.000Z,78.705,78.8599,78.705,78.835,324649
2025-12-08T19:45:00.000Z,78.84,78.935,78.825,78.885,345561
2025-12-08T20:00:00.000Z,78.885,78.915,78.785,78.8242,360956
2025-12-08T20:15:00.000Z,78.82,78.905,78.77,78.875,520391
2025-12-08T20:30:00.000Z,78.875,78.89,78.745,78.875,551949
2025-12-08T20:45:00.000Z,78.875,78.9,78.7,78.88,1592814
2025-12-09T14:30:00.000Z,78.79,79.09,78.685,78.94,1083571
2025-12-09T14:45:00.000Z,78.94,78.94,78.51,78.86,743761
2025-12-09T15:00:00.000Z,78.86,78.96,78.67,78.865,513026
2025-12-09T15:15:00.000Z,78.865,79.045,78.81,78.995,369516
2025-12-09T15:30:00.000Z,78.995,79.15,78.975,79.025,384262
2025-12-09T15:45:00.000Z,79.035,79.18,78.825,79.175,584761
2025-12-09T16:00:00.000Z,79.175,79.42,79.175,79.4,380233
2025-12-09T16:15:00.000Z,79.4,79.7,79.4,79.51,641186
2025-12-09T16:30:00.000Z,79.504,79.74,79.504,79.665,496340
2025-12-09T16:45:00.000Z,79.67,79.72,79.62,79.62,288162
2025-12-09T17:00:00.000Z,79.625,79.665,79.58,79.61,210964
2025-12-09T17:15:00.000Z,79.605,79.675,79.54,79.545,447472
2025-12-09T17:30:00.000Z,79.545,79.74,79.535,79.645,286869
2025-12-09T17:45:00.000Z,79.645,79.745,79.5801,79.745,219589
2025-12-09T18:00:00.000Z,79.75,79.8272,79.74,79.8,340975
2025-12-09T18:15:00.000Z,79.81,79.88,79.735,79.815,365834
2025-12-09T18:30:00.000Z,79.8152,79.83,79.735,79.735,308789
2025-12-09T18:45:00.000Z,79.74,79.86,79.71,79.84,226788
2025-12-09T19:00:00.000Z,79.84,79.85,79.67,79.695,388261
2025-12-09T19:15:00.000Z,79.7,79.83,79.675,79.8,244664
2025-12-09T19:30:00.000Z,79.805,79.805,79.68,79.695,334485
2025-12-09T19:45:00.000Z,79.7,79.77,79.68,79.735,294508
2025-12-09T20:00:00.000Z,79.735,79.805,79.7044,79.7044,365896
2025-12-09T20:15:00.000Z,79.71,79.77,79.6642,79.75,428717
2025-12-09T20:30:00.000Z,79.74,79.84,79.725,79.7935,499959
2025-12-09T20:45:00.000Z,79.795,79.81,79.385,79.52,1805652
2025-12-10T14:30:00.000Z,78.83,79.45,78.8,79.31,1053948
2025-12-10T14:45:00.000Z,79.31,79.56,79.17,79.27,572599
2025-12-10T15:00:00.000Z,79.27,79.38,79.1,79.1,420148
2025-12-10T15:15:00.000Z,79.095,79.3299,79.08,79.21,337228
2025-12-10T15:30:00.000Z,79.2,79.39,79.16,79.3231,484844
2025-12-10T15:45:00.000Z,79.3262,79.47,79.25,79.3,337145
2025-12-10T16:00:00.000Z,79.31,79.58,79.21,79.567,449193
2025-12-10T16:15:00.000Z,79.575,79.775,79.545,79.765,406447
2025-12-10T16:30:00.000Z,79.77,79.89,79.755,79.88,324405
2025-12-10T16:45:00.000Z,79.875,79.915,79.795,79.9015,398665
2025-12-10T17:00:00.000Z,79.9,79.95,79.76,79.86,286527
2025-12-10T17:15:00.000Z,79.865,79.94,79.775,79.785,236383
2025-12-10T17:30:00.000Z,79.7849,79.855,79.74,79.75,237438
2025-12-10T17:45:00.000Z,79.745,79.84,79.63,79.817,306381
2025-12-10T18:00:00.000Z,79.81,79.96,79.8,79.865,224658
2025-12-10T18:15:00.000Z,79.86,79.895,79.75,79.81,224611
2025-12-10T18:30:00.000Z,79.81,79.915,79.765,79.855,250130
2025-12-10T18:45:00.000Z,79.8552,79.99,79.835,79.94,297087
2025-12-10T19:00:00.000Z,79.945,80.2,79.92,80.085,715454
2025-12-10T19:15:00.000Z,80.09,80.235,80.045,80.0948,461605
2025-12-10T19:30:00.000Z,80.1,80.395,79.98,80.15,876981
2025-12-10T19:45:00.000Z,80.14,80.59,80.13,80.5502,615937
2025-12-10T20:00:00.000Z,80.555,80.77,80.53,80.695,796184
2025-12-10T20:15:00.000Z,80.695,80.705,80.59,80.655,577965
2025-12-10T20:30:00.000Z,80.65,80.815,80.605,80.615,785222
2025-12-10T20:45:00.000Z,80.615,80.675,80.205,80.25,1973541
2025-12-11T14:30:00.000Z,80.24,80.37,79.76,80.285,1209668
2025-12-11T14:45:00.000Z,80.26,80.32,79.373,79.45,823813
2025-12-11T15:00:00.000Z,79.44,79.61,79.2,79.55,755686
2025-12-11T15:15:00.000Z,79.54,79.72,79.34,79.68,341459
2025-12-11T15:30:00.000Z,79.65,79.705,79.1815,79.28,343912
2025-12-11T15:45:00.000Z,79.29,79.36,79.035,79.295,436338
2025-12-11T16:00:00.000Z,79.295,79.485,79.125,79.38,452642
2025-12-11T16:15:00.000Z,79.37,79.3758,78.985,79.015,434196
2025-12-11T16:30:00.000Z,79.01,79.35,79.01,79.29,352612
2025-12-11T16:45:00.000Z,79.29,79.415,78.825,78.905,387821
2025-12-11T17:00:00.000Z,78.91,79.15,78.895,79.125,502493
2025-12-11T17:15:00.000Z,79.12,79.28,79.095,79.205,361217
2025-12-11T17:30:00.000Z,79.2,79.34,79.135,79.31,507252
2025-12-11T17:45:00.000Z,79.295,79.44,79.27,79.315,376833
2025-12-11T18:00:00.000Z,79.31,79.495,79.255,79.455,251796
2025-12-11T18:15:00.000Z,79.455,79.645,79.45,79.64,270868
2025-12-11T18:30:00.000Z,79.645,79.805,79.6,79.78,236936
2025-12-11T18:45:00.000Z,79.79,79.81,79.57,79.6142,389460
2025-12-11T19:00:00.000Z,79.61,79.715,79.545,79.705,250583
2025-12-11T19:15:00.000Z,79.705,79.765,79.635,79.74,254361
2025-12-11T19:30:00.000Z,79.73,79.73,79.555,79.575,381438
2025-12-11T19:45:00.000Z,79.575,79.645,79.5,79.545,455212
2025-12-11T20:00:00.000Z,79.54,79.635,79.47,79.495,335202
2025-12-11T20:15:00.000Z,79.495,79.545,79.32,79.365,484054
2025-12-11T20:30:00.000Z,79.37,79.38,79.25,79.27,587692
2025-12-11T20:45:00.000Z,79.26,79.38,79.12,79.27,2104249
2025-12-12T14:30:00.000Z,79.46,79.555,78.83,78.89,799952
2025-12-12T14:45:00.000Z,78.88,79.0468,78.65,78.9065,524205
2025-12-12T15:00:00.000Z,78.9,78.9,78.465,78.62,390239
2025-12-12T15:15:00.000Z,78.615,78.7449,78.355,78.39,486484
2025-12-12T15:30:00.000Z,78.4,78.71,78.3,78.705,488626
2025-12-12T15:45:00.000Z,78.705,78.735,78.36,78.45,399329
2025-12-12T16:00:00.000Z,78.45,78.56,78.135,78.365,552049
2025-12-12T16:15:00.000Z,78.36,78.455,78.17,78.335,559032
2025-12-12T16:30:00.000Z,78.34,78.34,78.01,78.21,495515
2025-12-12T16:45:00.000Z,78.2,78.255,78.0624,78.19,340056
2025-12-12T17:00:00.000Z,78.19,78.35,78.115,78.315,299941
2025-12-12T17:15:00.000Z,78.315,78.415,78.19,78.2,274817
2025-12-12T17:30:00.000Z,78.21,78.31,78.18,78.215,293984
2025-12-12T17:45:00.000Z,78.21,78.27,78.095,78.155,268707
2025-12-12T18:00:00.000Z,78.155,78.495,78.095,78.395,274445
2025-12-12T18:15:00.000Z,78.41,78.495,78.275,78.295,256927
2025-12-12T18:30:00.000Z,78.305,78.37,78.2227,78.2332,252065
2025-12-12T18:45:00.000Z,78.24,78.26,78.011,78.07,203357
2025-12-12T19:00:00.000Z,78.065,78.135,77.925,78.085,293665
2025-12-12T19:15:00.000Z,78.085,78.13,77.875,77.915,252891
2025-12-12T19:30:00.000Z,77.92,78.025,77.91,77.925,232125
2025-12-12T19:45:00.000Z,77.93,78.1198,77.875,78.1198,345679
2025-12-12T20:00:00.000Z,78.12,78.175,77.97,78.04,354638
2025-12-12T20:15:00.000Z,78.04,78.085,77.885,77.89,322450
2025-12-12T20:30:00.000Z,77.895,77.91,77.715,77.83,522985
2025-12-12T20:45:00.000Z,77.84,78.09,77.735,77.82,1971272
2025-12-15T14:30:00.000Z,78.21,78.44,78.1001,78.12,1193717
2025-12-15T14:45:00.000Z,78.12,78.34,78,78.11,710869
2025-12-15T15:00:00.000Z,78.12,78.22,77.92,78.045,557564
2025-12-15T15:15:00.000Z,78.04,78.0544,77.535,77.675,409902
2025-12-15T15:30:00.000Z,77.69,78.285,77.64,78.1,422834
2025-12-15T15:45:00.000Z,78.11,78.17,77.805,77.87,378071
2025-12-15T16:00:00.000Z,77.875,78.11,77.845,78.04,315628
2025-12-15T16:15:00.000Z,78.04,78.29,78.035,78.24,467797
2025-12-15T16:30:00.000Z,78.245,78.265,78.0211,78.05,262789
2025-12-15T16:45:00.000Z,78.06,78.23,77.985,78.125,349979
2025-12-15T17:00:00.000Z,78.12,78.29,78.09,78.125,303998
2025-12-15T17:15:00.000Z,78.125,78.3,78.08,78.2799,260711
2025-12-15T17:30:00.000Z,78.275,78.355,78.23,78.295,374302
2025-12-15T17:45:00.000Z,78.3,78.365,78.21,78.36,266923
2025-12-15T18:00:00.000Z,78.355,78.485,78.3,78.4342,240150
2025-12-15T18:15:00.000Z,78.435,78.475,78.31,78.3672,215550
2025-12-15T18:30:00.000Z,78.365,78.49,78.34,78.465,292530
2025-12-15T18:45:00.000Z,78.465,78.605,78.455,78.575,286277
2025-12-15T19:00:00.000Z,78.575,78.71,78.57,78.585,280703
2025-12-15T19:15:00.000Z,78.585,78.6099,78.425,78.5232,254335
2025-12-15T19:30:00.000Z,78.525,78.6156,78.45,78.535,236372
2025-12-15T19:45:00.000Z,78.535,78.545,78.44,78.4552,275119
2025-12-15T20:00:00.000Z,78.455,78.475,78.375,78.425,304953
2025-12-15T20:15:00.000Z,78.425,78.4889,78.35,78.39,383822
2025-12-15T20:30:00.000Z,78.38,78.51,78.31,78.335,449877
2025-12-15T20:45:00.000Z,78.34,78.44,78.16,78.26,1854590
2025-12-16T14:30:00.000Z,78.105,78.27,77.82,78.07,582223
2025-12-16T14:45:00.000Z,78.08,78.608,78.07,78.55,525116
2025-12-16T15:00:00.000Z,78.55,78.59,78.055,78.145,584851
2025-12-16T15:15:00.000Z,78.14,78.1858,77.895,78.05,355588
2025-12-16T15:30:00.000Z,78.04,78.155,77.96,78.1,366576
2025-12-16T15:45:00.000Z,78.101,78.2099,77.9145,78.07,221692
2025-12-16T16:00:00.000Z,78.08,78.09,77.89,77.93,242906
2025-12-16T16:15:00.000Z,77.93,77.9399,77.66,77.76,314142
2025-12-16T16:30:00.000Z,77.75,77.925,77.67,77.875,324183
2025-12-16T16:45:00.000Z,77.87,77.99,77.835,77.94,291938
2025-12-16T17:00:00.000Z,77.945,78.115,77.925,78.115,309097
2025-12-16T17:15:00.000Z,78.12,78.155,77.78,77.875,219840
2025-12-16T17:30:00.000Z,77.87,77.9751,77.65,77.6801,259193
2025-12-16T17:45:00.000Z,77.69,77.76,77.565,77.61,484976
2025-12-16T18:00:00.000Z,77.61,77.63,77.425,77.53,328411
2025-12-16T18:15:00.000Z,77.535,77.54,77.38,77.42,248498
2025-12-16T18:30:00.000Z,77.4151,77.81,77.41,77.8,557809
2025-12-16T18:45:00.000Z,77.8,77.89,77.75,77.8142,203557
2025-12-16T19:00:00.000Z,77.81,77.8288,77.48,77.5,317748
2025-12-16T19:15:00.000Z,77.5,77.63,77.48,77.605,251633
2025-12-16T19:30:00.000Z,77.61,77.725,77.57,77.59,230586
2025-12-16T19:45:00.000Z,77.59,77.635,77.49,77.495,252816
2025-12-16T20:00:00.000Z,77.49,77.61,77.445,77.475,267711
2025-12-16T20:15:00.000Z,77.475,77.61,77.45,77.595,285597
2025-12-16T20:30:00.000Z,77.59,77.7756,77.585,77.635,1734903
2025-12-16T20:45:00.000Z,77.63,77.9,77.5,77.52,1782894
2025-12-17T14:30:00.000Z,77.9,78.2,77.355,77.59,668510
2025-12-17T14:45:00.000Z,77.59,77.62,77.14,77.37,544167
2025-12-17T15:00:00.000Z,77.37,77.42,77.145,77.265,630986
2025-12-17T15:15:00.000Z,77.26,77.305,76.965,76.9842,670103
2025-12-17T15:30:00.000Z,76.99,77.015,76.38,76.465,503155
2025-12-17T15:45:00.000Z,76.465,76.535,76.125,76.26,566949
2025-12-17T16:00:00.000Z,76.26,76.575,76.24,76.33,355555
2025-12-17T16:15:00.000Z,76.31,76.735,76.3,76.68,379588
2025-12-17T16:30:00.000Z,76.68,76.68,76.44,76.585,535411
2025-12-17T16:45:00.000Z,76.58,76.65,76.33,76.445,421119
2025-12-17T17:00:00.000Z,76.445,76.45,76.23,76.275,463544
2025-12-17T17:15:00.000Z,76.275,76.505,76.23,76.415,375512
2025-12-17T17:30:00.000Z,76.42,76.565,76.28,76.295,339400
2025-12-17T17:45:00.000Z,76.3,76.405,76.21,76.4,311477
2025-12-17T18:00:00.000Z,76.41,76.555,76.315,76.315,226447
2025-12-17T18:15:00.000Z,76.315,76.405,76.245,76.315,306961
2025-12-17T18:30:00.000Z,76.31,76.34,76.15,76.21,235233
2025-12-17T18:45:00.000Z,76.205,76.26,76.08,76.19,273583
2025-12-17T19:00:00.000Z,76.21,76.235,76.1,76.17,275394
2025-12-17T19:15:00.000Z,76.165,76.19,76.045,76.145,204993
2025-12-17T19:30:00.000Z,76.14,76.35,76.095,76.335,323882
2025-12-17T19:45:00.000Z,76.33,76.35,76.155,76.175,302988
2025-12-17T20:00:00.000Z,76.18,76.21,76.065,76.105,368297
2025-12-17T20:15:00.000Z,76.1,76.19,76.075,76.17,313972
2025-12-17T20:30:00.000Z,76.17,76.24,76.1,76.175,563705
2025-12-17T20:45:00.000Z,76.175,76.19,75.92,76.01,2448767
2025-12-18T14:30:00.000Z,76.33,76.98,76.26,76.86,906568
2025-12-18T14:45:00.000Z,76.86,77.225,76.75,77.15,630514
2025-12-18T15:00:00.000Z,77.14,77.17,76.445,76.61,648596
2025-12-18T15:15:00.000Z,76.615,77.03,76.595,76.975,588065
2025-12-18T15:30:00.000Z,76.98,77.365,76.95,77.275,611827
2025-12-18T15:45:00.000Z,77.275,77.465,77.25,77.43,513187
2025-12-18T16:00:00.000Z,77.43,77.8084,77.43,77.515,714602
2025-12-18T16:15:00.000Z,77.52,77.725,77.455,77.55,530737
2025-12-18T16:30:00.000Z,77.545,77.6039,77.475,77.48,259955
2025-12-18T16:45:00.000Z,77.485,77.52,77.405,77.46,271771
2025-12-18T17:00:00.000Z,77.46,77.475,77.07,77.095,504648
2025-12-18T17:15:00.000Z,77.09,77.25,76.985,77.1401,261717
2025-12-18T17:30:00.000Z,77.145,77.405,77.085,77.395,241682
2025-12-18T17:45:00.000Z,77.4,77.47,77.28,77.35,211900
2025-12-18T18:00:00.000Z,77.35,77.47,77.27,77.39,200280
2025-12-18T18:15:00.000Z,77.38,77.49,77.3738,77.475,481847
2025-12-18T18:30:00.000Z,77.47,77.6,77.445,77.445,214208
2025-12-18T18:45:00.000Z,77.45,77.46,77.33,77.35,239388
2025-12-18T19:00:00.000Z,77.345,77.355,77.09,77.245,297539
2025-12-18T19:15:00.000Z,77.235,77.27,77.15,77.1825,288998
2025-12-18T19:30:00.000Z,77.185,77.2,77.05,77.125,270433
2025-12-18T19:45:00.000Z,77.1275,77.305,77,77.035,276015
2025-12-18T20:00:00.000Z,77.04,77.2,76.975,77.175,264859
2025-12-18T20:15:00.000Z,77.18,77.225,77.12,77.2,307157
2025-12-18T20:30:00.000Z,77.2,77.295,77.175,77.255,426735
2025-12-18T20:45:00.000Z,77.26,77.35,76.93,76.95,1796062
2025-12-19T14:30:00.000Z,76.97,77.84,76.785,77.82,5396241
2025-12-19T14:45:00.000Z,77.82,78.11,77.69,78.07,604948
2025-12-19T15:00:00.000Z,78.08,78.205,77.995,78.11,509532
2025-12-19T15:15:00.000Z,78.11,78.315,78.06,78.24,885349
2025-12-19T15:30:00.000Z,78.245,78.415,78.105,78.3,445890
2025-12-19T15:45:00.000Z,78.295,78.3602,78.175,78.215,405038
2025-12-19T16:00:00.000Z,78.215,78.34,78.1,78.155,351415
2025-12-19T16:15:00.000Z,78.16,78.2256,78.11,78.195,267603
2025-12-19T16:30:00.000Z,78.195,78.26,78.13,78.155,268786
2025-12-19T16:45:00.000Z,78.15,78.24,78.055,78.19,315516
2025-12-19T17:00:00.000Z,78.2,78.43,78.19,78.415,269652
2025-12-19T17:15:00.000Z,78.41,78.485,78.36,78.375,418629
2025-12-19T17:30:00.000Z,78.38,78.565,78.365,78.535,254665
2025-12-19T17:45:00.000Z,78.54,78.74,78.48,78.545,426133
2025-12-19T18:00:00.000Z,78.545,78.77,78.53,78.7666,257137
2025-12-19T18:15:00.000Z,78.77,78.775,78.585,78.71,403013
2025-12-19T18:30:00.000Z,78.715,78.7699,78.65,78.73,225921
2025-12-19T18:45:00.000Z,78.735,78.9,78.71,78.78,362431
2025-12-19T19:00:00.000Z,78.78,78.885,78.76,78.82,368491
2025-12-19T19:15:00.000Z,78.81,78.88,78.79,78.84,231303
2025-12-19T19:30:00.000Z,78.8351,78.955,78.83,78.945,397880
2025-12-19T19:45:00.000Z,78.945,78.98,78.85,78.935,354112
2025-12-19T20:00:00.000Z,78.935,78.96,78.83,78.855,403933
2025-12-19T20:15:00.000Z,78.855,79,78.83,78.861,522641
2025-12-19T20:30:00.000Z,78.86,78.935,78.75,78.8399,980264
2025-12-19T20:45:00.000Z,78.835,79.17,78.05,78.4,4592300
2025-12-22T14:30:00.000Z,79.015,79.145,78.43,78.51,818427
2025-12-22T14:45:00.000Z,78.48,78.63,78.2,78.23,612908
2025-12-22T15:00:00.000Z,78.22,78.38,78.02,78.08,367038
2025-12-22T15:15:00.000Z,78.085,78.23,78.01,78.215,368595
2025-12-22T15:30:00.000Z,78.21,78.24,78.01,78.13,297637
2025-12-22T15:45:00.000Z,78.13,78.215,78.105,78.155,219802
2025-12-22T16:00:00.000Z,78.155,78.36,78.105,78.3564,227707
2025-12-22T16:15:00.000Z,78.355,78.41,78.17,78.225,207676
2025-12-22T16:30:00.000Z,78.22,78.355,78.13,78.13,230997
2025-12-22T16:45:00.000Z,78.125,78.185,78.09,78.185,156111
2025-12-22T17:00:00.000Z,78.19,78.236,78.135,78.225,1364964
2025-12-22T17:15:00.000Z,78.22,78.23,78.09,78.125,188713
2025-12-22T17:30:00.000Z,78.12,78.17,78.08,78.145,154861
2025-12-22T17:45:00.000Z,78.14,78.25,78.105,78.245,185286
2025-12-22T18:00:00.000Z,78.245,78.25,78.14,78.14,152746
2025-12-22T18:15:00.000Z,78.145,78.17,78.041,78.08,140658
2025-12-22T18:30:00.000Z,78.08,78.2499,78.075,78.2,148712
2025-12-22T18:45:00.000Z,78.2,78.205,78.113,78.135,111500
2025-12-22T19:00:00.000Z,78.135,78.145,78.005,78.015,145939
2025-12-22T19:15:00.000Z,78.015,78.065,77.98,78.05,121623
2025-12-22T19:30:00.000Z,78.05,78.145,78.043,78.08,164397
2025-12-22T19:45:00.000Z,78.08,78.095,78.03,78.055,151399
2025-12-22T20:00:00.000Z,78.055,78.0844,77.99,78.015,185396
2025-12-22T20:15:00.000Z,78.015,78.1,77.965,77.9901,239911
2025-12-22T20:30:00.000Z,77.995,78.025,77.955,77.975,286838
2025-12-22T20:45:00.000Z,77.975,78.195,77.97,78.11,1162182
2025-12-23T14:30:00.000Z,77.605,78.09,77.59,77.99,588430
2025-12-23T14:45:00.000Z,77.975,78.12,77.93,78.0334,280897
2025-12-23T15:00:00.000Z,78.035,78.06,77.77,77.865,239149
2025-12-23T15:15:00.000Z,77.87,78.0051,77.75,77.805,268285
2025-12-23T15:30:00.000Z,77.8,77.855,77.7236,77.7246,379191
2025-12-23T15:45:00.000Z,77.725,77.77,77.635,77.73,262762
2025-12-23T16:00:00.000Z,77.735,77.855,77.61,77.795,308612
2025-12-23T16:15:00.000Z,77.795,77.905,77.78,77.87,169691
2025-12-23T16:30:00.000Z,77.8764,77.9,77.76,77.84,260257
2025-12-23T16:45:00.000Z,77.84,77.93,77.83,77.865,160239
2025-12-23T17:00:00.000Z,77.865,77.9,77.78,77.8138,150003
2025-12-23T17:15:00.000Z,77.815,77.835,77.77,77.805,118656
2025-12-23T17:30:00.000Z,77.805,77.88,77.75,77.876,150505
2025-12-23T17:45:00.000Z,77.875,77.94,77.865,77.88,216804
2025-12-23T18:00:00.000Z,77.8732,78.025,77.8732,78.015,136653
2025-12-23T18:15:00.000Z,78.015,78.06,77.965,78.0201,161822
2025-12-23T18:30:00.000Z,78.03,78.09,77.96,77.9751,161568
2025-12-23T18:45:00.000Z,77.97,78,77.9145,77.925,131446
2025-12-23T19:00:00.000Z,77.925,77.97,77.88,77.905,163840
2025-12-23T19:15:00.000Z,77.905,78.059,77.905,77.9251,171809
2025-12-23T19:30:00.000Z,77.925,77.93,77.79,77.85,264865
2025-12-23T19:45:00.000Z,77.85,77.87,77.8,77.825,233146
2025-12-23T20:00:00.000Z,77.825,77.825,77.72,77.735,237558
2025-12-23T20:15:00.000Z,77.735,77.785,77.69,77.745,338392
2025-12-23T20:30:00.000Z,77.74,77.85,77.665,77.83,276799
2025-12-23T20:45:00.000Z,77.835,78.085,77.82,77.99,1549707
2025-12-24T14:30:00.000Z,78.02,78.285,77.95,78.111,358233
2025-12-24T14:45:00.000Z,78.105,78.17,78.019,78.035,278830
2025-12-24T15:00:00.000Z,78.04,78.06,77.875,77.9601,237159
2025-12-24T15:15:00.000Z,77.965,78.02,77.885,77.955,194036
2025-12-24T15:30:00.000Z,77.95,77.96,77.845,77.93,239287
2025-12-24T15:45:00.000Z,77.9301,77.9981,77.8807,77.9256,201380
2025-12-24T16:00:00.000Z,77.93,78,77.905,77.965,221237
2025-12-24T16:15:00.000Z,77.965,77.985,77.9,77.935,218999
2025-12-24T16:30:00.000Z,77.93,78.075,77.9,78.0601,192669
2025-12-24T16:45:00.000Z,78.065,78.095,78.01,78.025,141847
2025-12-24T17:00:00.000Z,78.025,78.155,78.02,78.145,1110807
2025-12-24T17:15:00.000Z,78.14,78.17,77.94,78.02,189371
2025-12-24T17:30:00.000Z,78.03,78.055,77.95,78.005,184494
2025-12-24T17:45:00.000Z,78.0001,78.185,77.995,78.03,773530
2025-12-24T18:00:00.000Z,78.02,78.02,78.02,78.02,894150
2025-12-26T14:30:00.000Z,78.095,78.275,77.93,78.24,381527
2025-12-26T14:45:00.000Z,78.24,78.26,77.985,78.045,266395
2025-12-26T15:00:00.000Z,78.045,78.145,78.01,78.0425,256861
2025-12-26T15:15:00.000Z,78.045,78.12,77.945,78.0244,222391
2025-12-26T15:30:00.000Z,78.025,78.035,77.94,77.99,156535
2025-12-26T15:45:00.000Z,77.9865,78.03,77.96,78.03,127517
2025-12-26T16:00:00.000Z,78.035,78.065,77.935,77.945,173275
2025-12-26T16:15:00.000Z,77.945,78.075,77.9301,78.065,143390
2025-12-26T16:30:00.000Z,78.065,78.105,78.025,78.08,107012
2025-12-26T16:45:00.000Z,78.075,78.115,78.05,78.065,85280
2025-12-26T17:00:00.000Z,78.065,78.085,78.02,78.055,84804
2025-12-26T17:15:00.000Z,78.055,78.095,77.99,78.0901,103385
2025-12-26T17:30:00.000Z,78.0901,78.115,77.995,77.995,72226
2025-12-26T17:45:00.000Z,78,78.11,78,78.09,89635
2025-12-26T18:00:00.000Z,78.09,78.115,78.0428,78.058,88521
2025-12-26T18:15:00.000Z,78.065,78.08,78.0137,78.07,88289
2025-12-26T18:30:00.000Z,78.075,78.095,78.005,78.01,67366
2025-12-26T18:45:00.000Z,78.015,78.06,78,78.035,70565
2025-12-26T19:00:00.000Z,78.0325,78.05,77.98,77.99,76651
2025-12-26T19:15:00.000Z,77.995,78.02,77.9518,78,100289
2025-12-26T19:30:00.000Z,77.995,78.105,77.995,78.06,118107
2025-12-26T19:45:00.000Z,78.06,78.1899,78.0501,78.185,123482
2025-12-26T20:00:00.000Z,78.18,78.18,78.13,78.135,135842
2025-12-26T20:15:00.000Z,78.135,78.15,78.055,78.06,147763
2025-12-26T20:30:00.000Z,78.065,78.085,78.02,78.0599,178181
2025-12-26T20:45:00.000Z,78.06,78.1899,78.01,78.18,970751
2025-12-29T14:30:00.000Z,78.03,78.2955,77.84,78.12,770679
2025-12-29T14:45:00.000Z,78.11,78.12,77.79,77.815,316978
2025-12-29T15:00:00.000Z,77.81,77.83,77.57,77.615,286242
2025-12-29T15:15:00.000Z,77.615,77.875,77.61,77.82,214818
2025-12-29T15:30:00.000Z,77.82,77.9101,77.79,77.865,227156
2025-12-29T15:45:00.000Z,77.855,77.875,77.68,77.785,249795
2025-12-29T16:00:00.000Z,77.79,77.855,77.785,77.835,221354
2025-12-29T16:15:00.000Z,77.8346,77.8346,77.73,77.77,289560
2025-12-29T16:30:00.000Z,77.765,77.785,77.635,77.675,177090
2025-12-29T16:45:00.000Z,77.675,77.775,77.67,77.715,138392
2025-12-29T17:00:00.000Z,77.715,77.735,77.575,77.615,182353
2025-12-29T17:15:00.000Z,77.6144,77.66,77.53,77.555,119317
2025-12-29T17:30:00.000Z,77.55,77.635,77.52,77.635,134924
2025-12-29T17:45:00.000Z,77.63,77.67,77.595,77.625,147221
2025-12-29T18:00:00.000Z,77.62,77.6675,77.6,77.6401,181326
2025-12-29T18:15:00.000Z,77.645,77.72,77.63,77.675,127125
2025-12-29T18:30:00.000Z,77.675,77.8312,77.675,77.7936,155057
2025-12-29T18:45:00.000Z,77.8,77.805,77.71,77.72,123383
2025-12-29T19:00:00.000Z,77.72,77.7428,77.635,77.655,141969
2025-12-29T19:15:00.000Z,77.655,77.7,77.65,77.685,109296
2025-12-29T19:30:00.000Z,77.685,77.735,77.65,77.675,223018
2025-12-29T19:45:00.000Z,77.675,77.7171,77.655,77.665,246215
2025-12-29T20:00:00.000Z,77.665,77.707,77.64,77.6899,164271
2025-12-29T20:15:00.000Z,77.68,77.71,77.66,77.675,253637
2025-12-29T20:30:00.000Z,77.675,77.68,77.59,77.595,348206
2025-12-29T20:45:00.000Z,77.595,77.8,77.52,77.8,1245360
2025-12-30T14:30:00.000Z,77.81,77.81,77.24,77.295,466452
2025-12-30T14:45:00.000Z,77.29,77.58,77.21,77.48,384517
2025-12-30T15:00:00.000Z,77.48,77.51,77.22,77.235,340140
2025-12-30T15:15:00.000Z,77.235,77.35,77.235,77.2456,189559
2025-12-30T15:30:00.000Z,77.24,77.29,77.17,77.21,226044
2025-12-30T15:45:00.000Z,77.22,77.42,77.2,77.39,217461
2025-12-30T16:00:00.000Z,77.39,77.46,77.35,77.41,243154
2025-12-30T16:15:00.000Z,77.415,77.545,77.41,77.51,243112
2025-12-30T16:30:00.000Z,77.515,77.525,77.315,77.39,175975
2025-12-30T16:45:00.000Z,77.4,77.4,77.28,77.3,125424
2025-12-30T17:00:00.000Z,77.295,77.31,77.24,77.2418,129529
2025-12-30T17:15:00.000Z,77.245,77.32,77.22,77.3,150156
2025-12-30T17:30:00.000Z,77.3,77.355,77.27,77.275,136403
2025-12-30T17:45:00.000Z,77.275,77.3499,77.275,77.305,117101
2025-12-30T18:00:00.000Z,77.3,77.345,77.255,77.3039,128087
2025-12-30T18:15:00.000Z,77.3,77.48,77.275,77.4744,828555
2025-12-30T18:30:00.000Z,77.475,77.51,77.445,77.45,196714
2025-12-30T18:45:00.000Z,77.455,77.5473,77.35,77.525,397901
2025-12-30T19:00:00.000Z,77.52,77.52,77.44,77.49,138507
2025-12-30T19:15:00.000Z,77.49,77.5173,77.465,77.505,139158
2025-12-30T19:30:00.000Z,77.505,77.53,77.47,77.5,399716
2025-12-30T19:45:00.000Z,77.51,77.54,77.485,77.5399,173567
2025-12-30T20:00:00.000Z,77.53,77.575,77.505,77.51,169675
2025-12-30T20:15:00.000Z,77.515,77.5475,77.47,77.48,179987
2025-12-30T20:30:00.000Z,77.475,77.515,77.3857,77.5,280759
2025-12-30T20:45:00.000Z,77.5,77.59,77.35,77.4,1194633
2025-12-31T14:30:00.000Z,77.34,77.61,77.19,77.2901,286605
2025-12-31T14:45:00.000Z,77.3,77.35,77.04,77.195,221382
2025-12-31T15:00:00.000Z,77.195,77.25,77.045,77.165,211634
2025-12-31T15:15:00.000Z,77.165,77.195,77.095,77.15,206382
2025-12-31T15:30:00.000Z,77.145,77.3,77.13,77.215,137325
2025-12-31T15:45:00.000Z,77.22,77.24,77.135,77.19,150730
2025-12-31T16:00:00.000Z,77.205,77.275,77.185,77.21,136792
2025-12-31T16:15:00.000Z,77.205,77.615,77.185,77.58,458648
2025-12-31T16:30:00.000Z,77.57,77.82,77.51,77.56,1449170
2025-12-31T16:45:00.000Z,77.555,77.675,77.42,77.63,451668
2025-12-31T17:00:00.000Z,77.63,77.6589,77.44,77.45,395374
2025-12-31T17:15:00.000Z,77.455,77.505,77.18,77.325,545001
2025-12-31T17:30:00.000Z,77.33,77.47,77.32,77.43,170718
2025-12-31T17:45:00.000Z,77.435,77.4599,77.325,77.3766,210768
2025-12-31T18:00:00.000Z,77.38,77.455,77.33,77.44,123661
2025-12-31T18:15:00.000Z,77.44,77.47,77.35,77.395,120789
2025-12-31T18:30:00.000Z,77.395,77.5,77.385,77.495,157733
2025-12-31T18:45:00.000Z,77.5,77.54,77.48,77.535,170789
2025-12-31T19:00:00.000Z,77.535,77.585,77.49,77.49,271975
2025-12-31T19:15:00.000Z,77.495,77.495,77.405,77.415,148006
2025-12-31T19:30:00.000Z,77.415,77.42,77.285,77.345,204225
2025-12-31T19:45:00.000Z,77.345,77.38,77.31,77.345,135965
2025-12-31T20:00:00.000Z,77.345,77.39,77.245,77.385,199026
2025-12-31T20:15:00.000Z,77.3894,77.3956,77.21,77.235,245661
2025-12-31T20:30:00.000Z,77.23,77.28,77.175,77.24,341895
2025-12-31T20:45:00.000Z,77.245,77.2677,76.88,77.045,1794340
2026-01-02T14:30:00.000Z,76.645,76.95,75.875,76.212,1643814
2026-01-02T14:45:00.000Z,76.21,76.42,76.14,76.285,522649
2026-01-02T15:00:00.000Z,76.285,76.515,76.2413,76.3453,587732
2026-01-02T15:15:00.000Z,76.3444,76.42,76.145,76.25,446458
2026-01-02T15:30:00.000Z,76.245,76.6,76.03,76.51,437128
2026-01-02T15:45:00.000Z,76.51,76.6151,76.135,76.165,396455
2026-01-02T16:00:00.000Z,76.17,76.28,75.99,76.2245,593044
2026-01-02T16:15:00.000Z,76.23,76.285,76.07,76.07,306730
2026-01-02T16:30:00.000Z,76.07,76.15,75.845,75.875,376465
2026-01-02T16:45:00.000Z,75.865,75.87,75.605,75.7243,380921
2026-01-02T17:00:00.000Z,75.725,75.91,75.655,75.91,309519
2026-01-02T17:15:00.000Z,75.91,75.97,75.805,75.88,200611
2026-01-02T17:30:00.000Z,75.885,75.96,75.835,75.905,258968
2026-01-02T17:45:00.000Z,75.9,75.945,75.69,75.7,330093
2026-01-02T18:00:00.000Z,75.705,75.85,75.705,75.7782,226407
2026-01-02T18:15:00.000Z,75.775,75.9751,75.765,75.915,208156
2026-01-02T18:30:00.000Z,75.9169,76.0059,75.85,75.995,193064
2026-01-02T18:45:00.000Z,76,76.02,75.78,75.875,294043
2026-01-02T19:00:00.000Z,75.88,76.125,75.85,76.1094,264525
2026-01-02T19:15:00.000Z,76.11,76.18,76.07,76.175,310855
2026-01-02T19:30:00.000Z,76.1738,76.315,76.155,76.18,310778
2026-01-02T19:45:00.000Z,76.2,76.245,76.07,76.105,345184
2026-01-02T20:00:00.000Z,76.1,76.195,76.065,76.17,275322
2026-01-02T20:15:00.000Z,76.165,76.2,75.98,76.005,268358
2026-01-02T20:30:00.000Z,76.005,76.09,75.9701,76,491134
2026-01-02T20:45:00.000Z,76,76.21,75.965,76.04,1842827
2026-01-05T14:30:00.000Z,76.45,76.7748,76.1287,76.1799,1034420
2026-01-05T14:45:00.000Z,76.16,76.2,75.39,75.52,755091
2026-01-05T15:00:00.000Z,75.53,75.74,75.205,75.515,779202
2026-01-05T15:15:00.000Z,75.515,75.76,75.355,75.74,499347
2026-01-05T15:30:00.000Z,75.745,75.8599,75.555,75.675,486670
2026-01-05T15:45:00.000Z,75.67,75.915,75.61,75.775,420272
2026-01-05T16:00:00.000Z,75.78,75.87,75.69,75.7865,608159
2026-01-05T16:15:00.000Z,75.785,75.95,75.78,75.805,388511
2026-01-05T16:30:00.000Z,75.805,75.805,75.51,75.58,450459
2026-01-05T16:45:00.000Z,75.585,75.77,75.585,75.615,329179
2026-01-05T17:00:00.000Z,75.62,75.64,75.44,75.555,499307
2026-01-05T17:15:00.000Z,75.554,75.62,75.49,75.585,418287
2026-01-05T17:30:00.000Z,75.5834,75.65,75.475,75.475,278921
2026-01-05T17:45:00.000Z,75.475,75.54,75.405,75.535,357965
2026-01-05T18:00:00.000Z,75.535,75.68,75.535,75.6,273952
2026-01-05T18:15:00.000Z,75.6,75.73,75.55,75.73,232736
2026-01-05T18:30:00.000Z,75.735,75.84,75.68,75.71,259401
2026-01-05T18:45:00.000Z,75.705,75.72,75.4603,75.495,236710
2026-01-05T19:00:00.000Z,75.5,75.515,75.38,75.455,319026
2026-01-05T19:15:00.000Z,75.455,75.52,75.385,75.5,242727
2026-01-05T19:30:00.000Z,75.495,75.68,75.49,75.675,272517
2026-01-05T19:45:00.000Z,75.68,75.73,75.65,75.675,296738
2026-01-05T20:00:00.000Z,75.6756,75.815,75.615,75.73,542737
2026-01-05T20:15:00.000Z,75.74,75.775,75.6221,75.665,337160
2026-01-05T20:30:00.000Z,75.66,75.74,75.625,75.66,466933
2026-01-05T20:45:00.000Z,75.65,75.77,75.49,75.59,1522427
2026-01-06T14:30:00.000Z,75.525,75.66,75.01,75.22,1122757
2026-01-06T14:45:00.000Z,75.21,75.6,75.18,75.4,453057
2026-01-06T15:00:00.000Z,75.405,75.51,75.24,75.455,501141
2026-01-06T15:15:00.000Z,75.46,75.51,75.34,75.395,440056
2026-01-06T15:30:00.000Z,75.38,75.595,75.295,75.405,392262
2026-01-06T15:45:00.000Z,75.405,75.445,75.155,75.18,296641
2026-01-06T16:00:00.000Z,75.17,75.235,75.115,75.15,316126
2026-01-06T16:15:00.000Z,75.145,75.31,75.1318,75.215,313333
2026-01-06T16:30:00.000Z,75.22,75.27,75.125,75.15,295957
2026-01-06T16:45:00.000Z,75.15,75.22,75.06,75.165,455791
2026-01-06T17:00:00.000Z,75.165,75.165,75.02,75.0275,390952
2026-01-06T17:15:00.000Z,75.025,75.025,74.81,74.9,575101
2026-01-06T17:30:00.000Z,74.9,75.175,74.885,75.085,389580
2026-01-06T17:45:00.000Z,75.08,75.145,75.035,75.135,382824
2026-01-06T18:00:00.000Z,75.13,75.15,74.925,75.03,263808
2026-01-06T18:15:00.000Z,75.02,75.245,75.02,75.14,346851
2026-01-06T18:30:00.000Z,75.1409,75.275,75.07,75.26,290161
2026-01-06T18:45:00.000Z,75.27,75.35,75.17,75.345,308647
2026-01-06T19:00:00.000Z,75.345,75.37,75.245,75.29,241620
2026-01-06T19:15:00.000Z,75.29,75.43,75.29,75.405,236301
2026-01-06T19:30:00.000Z,75.4,75.5231,75.36,75.495,271716
2026-01-06T19:45:00.000Z,75.495,75.585,75.495,75.5755,568412
2026-01-06T20:00:00.000Z,75.57,75.725,75.305,75.365,563070
2026-01-06T20:15:00.000Z,75.365,75.485,75.335,75.4,455888
2026-01-06T20:30:00.000Z,75.385,75.405,75.253,75.375,690464
2026-01-06T20:45:00.000Z,75.37,75.395,75.155,75.24,2026401
2026-01-07T14:30:00.000Z,75.12,75.3799,74.55,75.0333,1149919
2026-01-07T14:45:00.000Z,75.02,75.35,74.9499,75.23,758868
2026-01-07T15:00:00.000Z,75.245,75.295,75.04,75.15,517313
2026-01-07T15:15:00.000Z,75.155,75.235,75.025,75.115,455725
2026-01-07T15:30:00.000Z,75.12,75.13,74.58,74.8501,718286
2026-01-07T15:45:00.000Z,74.84,74.9825,74.71,74.73,308796
2026-01-07T16:00:00.000Z,74.725,74.76,74.625,74.64,320811
2026-01-07T16:15:00.000Z,74.64,74.67,74.29,74.29,644612
2026-01-07T16:30:00.000Z,74.295,74.455,74.195,74.42,439918
2026-01-07T16:45:00.000Z,74.4251,74.57,74.3701,74.545,403844
2026-01-07T17:00:00.000Z,74.55,74.675,74.493,74.535,429503
2026-01-07T17:15:00.000Z,74.5351,74.68,74.5,74.545,295410
2026-01-07T17:30:00.000Z,74.535,74.76,74.535,74.745,478655
2026-01-07T17:45:00.000Z,74.74,74.81,74.6401,74.665,280039
2026-01-07T18:00:00.000Z,74.67,74.92,74.665,74.86,389843
2026-01-07T18:15:00.000Z,74.8561,74.965,74.81,74.85,248945
2026-01-07T18:30:00.000Z,74.846,74.96,74.8,74.94,326529
2026-01-07T18:45:00.000Z,74.94,75.15,74.91,75.11,440506
2026-01-07T19:00:00.000Z,75.11,75.235,75.03,75.09,567239
2026-01-07T19:15:00.000Z,75.095,75.19,75.015,75.18,369369
2026-01-07T19:30:00.000Z,75.18,75.19,74.99,75.025,373366
2026-01-07T19:45:00.000Z,75.025,75.11,74.925,74.95,298491
2026-01-07T20:00:00.000Z,74.96,74.97,74.8,74.845,332606
2026-01-07T20:15:00.000Z,74.845,74.895,74.745,74.785,392228
2026-01-07T20:30:00.000Z,74.78,74.78,74.53,74.555,1708512
2026-01-07T20:45:00.000Z,74.555,74.755,74.505,74.72,1502588
2026-01-08T14:30:00.000Z,74.31,74.46,73.98,74.05,1121564
2026-01-08T14:45:00.000Z,74.05,74.115,73.845,73.975,658100
2026-01-08T15:00:00.000Z,73.97,74.175,73.88,74.155,563145
2026-01-08T15:15:00.000Z,74.155,74.305,73.915,74.015,489174
2026-01-08T15:30:00.000Z,74.015,74.08,73.87,74.03,518932
2026-01-08T15:45:00.000Z,74.035,74.15,73.9,74.15,455022
2026-01-08T16:00:00.000Z,74.15,74.215,73.845,73.965,555498
2026-01-08T16:15:00.000Z,73.965,74.01,73.79,73.925,409630
2026-01-08T16:30:00.000Z,73.92,73.93,73.79,73.82,385565
2026-01-08T16:45:00.000Z,73.8188,73.855,73.66,73.7201,465909
2026-01-08T17:00:00.000Z,73.725,73.82,73.655,73.725,275496
2026-01-08T17:15:00.000Z,73.73,73.795,73.605,73.735,443821
2026-01-08T17:30:00.000Z,73.74,73.935,73.66,73.735,352845
2026-01-08T17:45:00.000Z,73.73,73.7778,73.64,73.665,230168
2026-01-08T18:00:00.000Z,73.665,73.665,73.59,73.605,405922
2026-01-08T18:15:00.000Z,73.605,73.65,73.55,73.63,356136
2026-01-08T18:30:00.000Z,73.64,73.6993,73.595,73.675,270657
2026-01-08T18:45:00.000Z,73.6751,73.735,73.5901,73.625,261935
2026-01-08T19:00:00.000Z,73.62,73.745,73.605,73.637,301895
2026-01-08T19:15:00.000Z,73.635,73.79,73.625,73.78,355359
2026-01-08T19:30:00.000Z,73.775,73.865,73.72,73.75,257499
2026-01-08T19:45:00.000Z,73.755,73.81,73.67,73.81,305356
2026-01-08T20:00:00.000Z,73.81,73.96,73.81,73.9555,257202
2026-01-08T20:15:00.000Z,73.955,74.01,73.93,73.975,319276
2026-01-08T20:30:00.000Z,73.98,74.06,73.8601,73.9797,499141
2026-01-08T20:45:00.000Z,73.97,74.025,73.845,73.935,1220248
2026-01-09T14:30:00.000Z,73.45,74.085,73.335,73.81,1521328
2026-01-09T14:45:00.000Z,73.82,74.01,73.68,73.785,732266
2026-01-09T15:00:00.000Z,73.77,73.875,73.55,73.87,878066
2026-01-09T15:15:00.000Z,73.88,74.19,73.72,74.045,624471
2026-01-09T15:30:00.000Z,74.05,74.12,73.93,74,648186
2026-01-09T15:45:00.000Z,74,74.005,73.74,73.7741,579660
2026-01-09T16:00:00.000Z,73.77,73.9,73.755,73.875,369235
2026-01-09T16:15:00.000Z,73.875,73.907,73.69,73.7336,575041
2026-01-09T16:30:00.000Z,73.735,73.855,73.72,73.825,314213
2026-01-09T16:45:00.000Z,73.83,74.005,73.765,73.765,371269
2026-01-09T17:00:00.000Z,73.765,73.815,73.7,73.785,295848
2026-01-09T17:15:00.000Z,73.785,73.79,73.7101,73.715,217390
2026-01-09T17:30:00.000Z,73.7103,73.75,73.635,73.695,274042
2026-01-09T17:45:00.000Z,73.695,73.905,73.685,73.89,368521
2026-01-09T18:00:00.000Z,73.89,73.895,73.7344,73.735,268622
2026-01-09T18:15:00.000Z,73.735,73.805,73.73,73.745,382967
2026-01-09T18:30:00.000Z,73.745,73.86,73.735,73.805,227637
2026-01-09T18:45:00.000Z,73.805,73.995,73.805,73.995,226909
2026-01-09T19:00:00.000Z,73.995,74.065,73.975,74.01,249233
2026-01-09T19:15:00.000Z,74.015,74.145,73.94,74.1238,427459
2026-01-09T19:30:00.000Z,74.12,74.2599,74.09,74.255,237840
2026-01-09T19:45:00.000Z,74.26,74.3281,74.19,74.19,240937
2026-01-09T20:00:00.000Z,74.18,74.24,74.16,74.235,301280
2026-01-09T20:15:00.000Z,74.235,74.2493,74.155,74.18,321896
2026-01-09T20:30:00.000Z,74.175,74.25,74.1,74.105,688537
2026-01-09T20:45:00.000Z,74.13,74.13,73.81,73.867,1634454
2026-01-12T14:30:00.000Z,72.91,73.67,72.8,73.49,1406108
2026-01-12T14:45:00.000Z,73.49,73.72,73.48,73.71,454437
2026-01-12T15:00:00.000Z,73.71,73.845,73.625,73.8351,440590
2026-01-12T15:15:00.000Z,73.83,73.8651,73.48,73.57,501427
2026-01-12T15:30:00.000Z,73.575,73.96,73.52,73.72,690717
2026-01-12T15:45:00.000Z,73.72,73.77,73.58,73.7544,334099
2026-01-12T16:00:00.000Z,73.755,73.755,73.615,73.65,602482
2026-01-12T16:15:00.000Z,73.65,73.72,73.55,73.55,399798
2026-01-12T16:30:00.000Z,73.55,73.6399,73.465,73.635,238591
2026-01-12T16:45:00.000Z,73.635,73.84,73.6,73.835,375108
2026-01-12T17:00:00.000Z,73.835,73.96,73.705,73.72,426374
2026-01-12T17:15:00.000Z,73.73,73.735,73.6,73.655,253851
2026-01-12T17:30:00.000Z,73.655,73.71,73.591,73.695,263376
2026-01-12T17:45:00.000Z,73.695,73.89,73.67,73.8201,559846
2026-01-12T18:00:00.000Z,73.82,73.87,73.795,73.845,292560
2026-01-12T18:15:00.000Z,73.845,73.93,73.8301,73.8499,204086
2026-01-12T18:30:00.000Z,73.8475,73.87,73.71,73.8261,320667
2026-01-12T18:45:00.000Z,73.825,73.95,73.815,73.825,368852
2026-01-12T19:00:00.000Z,73.82,73.92,73.785,73.915,287848
2026-01-12T19:15:00.000Z,73.92,73.935,73.86,73.925,269076
2026-01-12T19:30:00.000Z,73.92,73.95,73.82,73.837,385446
2026-01-12T19:45:00.000Z,73.835,73.89,73.69,73.695,311287
2026-01-12T20:00:00.000Z,73.695,73.695,73.575,73.61,378211
2026-01-12T20:15:00.000Z,73.61,73.73,73.53,73.7234,483823
2026-01-12T20:30:00.000Z,73.72,73.88,73.695,73.85,563305
2026-01-12T20:45:00.000Z,73.845,74.05,73.83,73.99,1455643
2026-01-13T14:30:00.000Z,73.99,74.61,73.86,74.52,904357
2026-01-13T14:45:00.000Z,74.525,74.785,74.48,74.74,502997
2026-01-13T15:00:00.000Z,74.73,74.975,74.71,74.84,520285
2026-01-13T15:15:00.000Z,74.85,74.975,74.61,74.95,407863
2026-01-13T15:30:00.000Z,74.95,75.02,74.71,74.8,453338
2026-01-13T15:45:00.000Z,74.785,75.015,74.785,74.9,527823
2026-01-13T16:00:00.000Z,74.91,74.91,74.63,74.73,407786
2026-01-13T16:15:00.000Z,74.72,74.79,74.57,74.685,333696
2026-01-13T16:30:00.000Z,74.685,74.835,74.61,74.775,467835
2026-01-13T16:45:00.000Z,74.775,74.86,74.675,74.75,380040
2026-01-13T17:00:00.000Z,74.755,74.79,74.615,74.66,295918
2026-01-13T17:15:00.000Z,74.655,74.735,74.53,74.695,245920
2026-01-13T17:30:00.000Z,74.7,74.885,74.67,74.795,437203
2026-01-13T17:45:00.000Z,74.79,74.845,74.61,74.73,425316
2026-01-13T18:00:00.000Z,74.72,74.91,74.65,74.895,623615
2026-01-13T18:15:00.000Z,74.895,74.915,74.705,74.74,488065
2026-01-13T18:30:00.000Z,74.74,75.05,74.695,75,642363
2026-01-13T18:45:00.000Z,75,75.069,74.935,74.965,318271
2026-01-13T19:00:00.000Z,74.97,75.05,74.925,75.05,333070
2026-01-13T19:15:00.000Z,75.0493,75.13,75.005,75.12,875610
2026-01-13T19:30:00.000Z,75.115,75.235,75.1032,75.18,534721
2026-01-13T19:45:00.000Z,75.175,75.28,75.1125,75.175,428213
2026-01-13T20:00:00.000Z,75.175,75.245,75.065,75.205,449362
2026-01-13T20:15:00.000Z,75.205,75.25,75.125,75.16,539335
2026-01-13T20:30:00.000Z,75.165,75.31,75.055,75.285,870420
2026-01-13T20:45:00.000Z,75.285,75.5,75.26,75.48,2147224
2026-01-14T14:30:00.000Z,74.93,75.1099,74.47,74.57,848836
2026-01-14T14:45:00.000Z,74.57,74.76,74.385,74.52,663152
2026-01-14T15:00:00.000Z,74.52,74.875,74.35,74.875,615986
2026-01-14T15:15:00.000Z,74.88,74.93,74.635,74.64,310100
2026-01-14T15:30:00.000Z,74.63,74.69,74.53,74.615,346562
2026-01-14T15:45:00.000Z,74.615,74.625,74.375,74.455,515840
2026-01-14T16:00:00.000Z,74.46,74.62,74.425,74.565,520776
2026-01-14T16:15:00.000Z,74.56,74.765,74.5501,74.75,397972
2026-01-14T16:30:00.000Z,74.7551,74.815,74.52,74.525,317696
2026-01-14T16:45:00.000Z,74.52,74.52,74.0201,74.075,430694
2026-01-14T17:00:00.000Z,74.075,74.205,74,74.205,292592
2026-01-14T17:15:00.000Z,74.2,74.2,74.06,74.155,375570
2026-01-14T17:30:00.000Z,74.15,74.15,73.98,74.07,295122
2026-01-14T17:45:00.000Z,74.07,74.1,73.855,73.91,256997
2026-01-14T18:00:00.000Z,73.905,74.0166,73.855,74,247441
2026-01-14T18:15:00.000Z,74,74.1699,73.91,74.16,265193
2026-01-14T18:30:00.000Z,74.155,74.17,74.02,74.11,381823
2026-01-14T18:45:00.000Z,74.11,74.225,74.1,74.1915,246450
2026-01-14T19:00:00.000Z,74.19,74.19,74.005,74.08,433736
2026-01-14T19:15:00.000Z,74.075,74.125,74.03,74.035,324149
2026-01-14T19:30:00.000Z,74.035,74.115,73.9942,73.995,271443
2026-01-14T19:45:00.000Z,73.995,73.995,73.82,73.83,282968
2026-01-14T20:00:00.000Z,73.83,74.155,73.82,74.085,651045
2026-01-14T20:15:00.000Z,74.085,74.205,73.985,74.205,541836
2026-01-14T20:30:00.000Z,74.205,74.365,74.195,74.255,721023
2026-01-14T20:45:00.000Z,74.255,74.5,74.2301,74.4,2257615
2026-01-15T14:30:00.000Z,75.22,75.91,74.91,75.865,934672
2026-01-15T14:45:00.000Z,75.86,75.99,75.49,75.5,645834
2026-01-15T15:00:00.000Z,75.49,75.755,75.33,75.46,769153
2026-01-15T15:15:00.000Z,75.455,75.61,75.395,75.42,383966
2026-01-15T15:30:00.000Z,75.42,75.67,75.41,75.63,759362
2026-01-15T15:45:00.000Z,75.635,75.78,75.49,75.71,521717
2026-01-15T16:00:00.000Z,75.705,75.79,75.6734,75.74,488519
2026-01-15T16:15:00.000Z,75.74,76.05,75.71,76,637520
2026-01-15T16:30:00.000Z,76.0005,76.02,75.875,75.935,236983
2026-01-15T16:45:00.000Z,75.9341,75.99,75.88,75.915,306360
2026-01-15T17:00:00.000Z,75.915,76.02,75.9,75.92,252751
2026-01-15T17:15:00.000Z,75.915,75.92,75.73,75.745,257985
2026-01-15T17:30:00.000Z,75.74,75.895,75.665,75.895,274850
2026-01-15T17:45:00.000Z,75.8922,75.91,75.69,75.75,225637
2026-01-15T18:00:00.000Z,75.74,75.835,75.685,75.725,216542
2026-01-15T18:15:00.000Z,75.73,75.745,75.605,75.675,246942
2026-01-15T18:30:00.000Z,75.675,75.825,75.665,75.72,275071
2026-01-15T18:45:00.000Z,75.735,75.745,75.61,75.65,289620
2026-01-15T19:00:00.000Z,75.64,75.64,75.415,75.45,346563
2026-01-15T19:15:00.000Z,75.44,75.4499,75.28,75.28,367966
2026-01-15T19:30:00.000Z,75.28,75.28,75.125,75.16,435677
2026-01-15T19:45:00.000Z,75.14,75.205,75.06,75.165,366110
2026-01-15T20:00:00.000Z,75.165,75.455,75.07,75.34,434309
2026-01-15T20:15:00.000Z,75.335,75.385,75.13,75.37,817679
2026-01-15T20:30:00.000Z,75.375,75.375,75.195,75.235,659795
2026-01-15T20:45:00.000Z,75.235,75.39,75.16,75.27,1605403
2026-01-16T14:30:00.000Z,75.64,75.99,75.4,75.43,2123199
2026-01-16T14:45:00.000Z,75.42,75.52,74.98,74.98,438190
2026-01-16T15:00:00.000Z,74.98,75.06,74.75,74.82,431178
2026-01-16T15:15:00.000Z,74.81,74.9,74.7,74.815,472490
2026-01-16T15:30:00.000Z,74.815,74.86,74.6,74.675,374327
2026-01-16T15:45:00.000Z,74.675,74.79,74.615,74.785,296305
2026-01-16T16:00:00.000Z,74.785,74.8,74.67,74.725,337414
2026-01-16T16:15:00.000Z,74.73,75.145,74.73,75.145,351122
2026-01-16T16:30:00.000Z,75.135,75.3,75.13,75.245,405835
2026-01-16T16:45:00.000Z,75.245,75.31,75.09,75.165,246434
2026-01-16T17:00:00.000Z,75.16,75.23,75.125,75.225,233868
2026-01-16T17:15:00.000Z,75.225,75.275,75.17,75.2,275911
2026-01-16T17:30:00.000Z,75.2001,75.315,75.2001,75.2701,283587
2026-01-16T17:45:00.000Z,75.28,75.315,75.17,75.185,385109
2026-01-16T18:00:00.000Z,75.185,75.245,75.1,75.1556,195486
2026-01-16T18:15:00.000Z,75.155,75.32,75.155,75.2777,280240
2026-01-16T18:30:00.000Z,75.27,75.3399,75.21,75.22,144596
2026-01-16T18:45:00.000Z,75.225,75.345,75.205,75.305,244889
2026-01-16T19:00:00.000Z,75.31,75.41,75.225,75.24,826388
2026-01-16T19:15:00.000Z,75.23,75.245,75.12,75.135,961245
2026-01-16T19:30:00.000Z,75.145,75.375,75.145,75.34,272821
2026-01-16T19:45:00.000Z,75.335,75.445,75.33,75.41,247964
2026-01-16T20:00:00.000Z,75.41,75.495,75.37,75.435,415195
2026-01-16T20:15:00.000Z,75.435,75.495,75.305,75.31,332251
2026-01-16T20:30:00.000Z,75.31,75.395,75.265,75.28,416982
2026-01-16T20:45:00.000Z,75.27,75.305,75.13,75.19,1423613
2026-01-20T14:30:00.000Z,74.52,74.87,74.18,74.77,1529485
2026-01-20T14:45:00.000Z,74.76,74.76,74.31,74.35,625285
2026-01-20T15:00:00.000Z,74.34,74.39,73.99,74.07,857021
2026-01-20T15:15:00.000Z,74.065,74.335,73.91,74.335,710724
2026-01-20T15:30:00.000Z,74.33,74.6,74.32,74.44,538016
2026-01-20T15:45:00.000Z,74.445,74.51,74.285,74.51,580796
2026-01-20T16:00:00.000Z,74.515,74.74,74.42,74.635,793359
2026-01-20T16:15:00.000Z,74.625,74.63,74.08,74.34,432089
2026-01-20T16:30:00.000Z,74.33,74.39,74.18,74.21,400218
2026-01-20T16:45:00.000Z,74.21,74.365,74.08,74.3,507314
2026-01-20T17:00:00.000Z,74.295,74.43,74.1812,74.265,409069
2026-01-20T17:15:00.000Z,74.265,74.31,74.1,74.11,304137
2026-01-20T17:30:00.000Z,74.1,74.11,73.99,73.99,346195
2026-01-20T17:45:00.000Z,73.995,74.105,73.93,74.075,347522
2026-01-20T18:00:00.000Z,74.065,74.14,73.985,74.025,242341
2026-01-20T18:15:00.000Z,74.02,74.055,73.87,73.94,268739
2026-01-20T18:30:00.000Z,73.94,73.95,73.83,73.83,366887
2026-01-20T18:45:00.000Z,73.83,73.86,73.61,73.655,419124
2026-01-20T19:00:00.000Z,73.66,74.035,73.63,73.75,1040293
2026-01-20T19:15:00.000Z,73.75,73.95,73.41,73.46,896159
2026-01-20T19:30:00.000Z,73.45,73.515,73.37,73.46,589398
2026-01-20T19:45:00.000Z,73.45,73.49,73.32,73.4,652816
2026-01-20T20:00:00.000Z,73.38,73.38,73.225,73.23,648574
2026-01-20T20:15:00.000Z,73.23,73.6,73.21,73.545,631076
2026-01-20T20:30:00.000Z,73.55,73.6,73.405,73.46,751588
2026-01-20T20:45:00.000Z,73.45,73.455,73.28,73.42,2497510
2026-01-21T14:30:00.000Z,73.945,74.07,73.375,73.55,1272807
2026-01-21T14:45:00.000Z,73.55,73.99,73.52,73.975,504516
2026-01-21T15:00:00.000Z,73.975,74.17,73.97,74.125,652314
2026-01-21T15:15:00.000Z,74.13,74.185,73.87,74.035,587115
2026-01-21T15:30:00.000Z,74.035,74.285,74.025,74.28,582710
2026-01-21T15:45:00.000Z,74.285,74.36,74.1,74.175,304439
2026-01-21T16:00:00.000Z,74.175,74.175,73.91,74.035,314388
2026-01-21T16:15:00.000Z,74.035,74.305,74.035,74.275,380971
2026-01-21T16:30:00.000Z,74.275,74.3,73.92,73.96,428380
2026-01-21T16:45:00.000Z,73.96,74.02,73.7,73.7551,543697
2026-01-21T17:00:00.000Z,73.75,73.79,73.43,73.44,299149
2026-01-21T17:15:00.000Z,73.44,73.605,73.435,73.47,410320
2026-01-21T17:30:00.000Z,73.465,73.465,73.265,73.3,242287
2026-01-21T17:45:00.000Z,73.29,73.4898,73.21,73.445,359284
2026-01-21T18:00:00.000Z,73.44,73.471,73.19,73.403,222149
2026-01-21T18:15:00.000Z,73.4,73.405,73.26,73.3455,224829
2026-01-21T18:30:00.000Z,73.35,73.355,73.205,73.225,192757
2026-01-21T18:45:00.000Z,73.225,73.37,73.195,73.335,187928
2026-01-21T19:00:00.000Z,73.33,73.34,73.075,73.075,588636
2026-01-21T19:15:00.000Z,73.08,73.53,73.005,73.47,814359
2026-01-21T19:30:00.000Z,73.475,73.96,73.47,73.89,410268
2026-01-21T19:45:00.000Z,73.895,74.29,73.895,74.2,492309
2026-01-21T20:00:00.000Z,74.21,74.25,74.055,74.105,286551
2026-01-21T20:15:00.000Z,74.11,74.125,73.865,73.865,382126
2026-01-21T20:30:00.000Z,73.86,73.965,73.735,73.855,495126
2026-01-21T20:45:00.000Z,73.85,73.86,73.605,73.705,1748136
2026-01-22T14:30:00.000Z,74.105,74.78,73.88,74.7292,1038167
2026-01-22T14:45:00.000Z,74.735,74.75,74.17,74.46,565180
2026-01-22T15:00:00.000Z,74.47,74.485,73.895,73.965,521785
2026-01-22T15:15:00.000Z,73.96,74.2089,73.885,74.1579,433969
2026-01-22T15:30:00.000Z,74.16,74.375,74.12,74.35,327431
2026-01-22T15:45:00.000Z,74.355,74.415,74.265,74.27,249904
2026-01-22T16:00:00.000Z,74.28,74.44,74.24,74.31,274788
2026-01-22T16:15:00.000Z,74.3,74.3,74.135,74.235,360050
2026-01-22T16:30:00.000Z,74.235,74.4161,74.21,74.37,250112
2026-01-22T16:45:00.000Z,74.385,74.48,74.36,74.385,253504
2026-01-22T17:00:00.000Z,74.39,74.3999,74.31,74.36,161047
2026-01-22T17:15:00.000Z,74.37,74.3899,74.24,74.275,140611
2026-01-22T17:30:00.000Z,74.28,74.41,74.28,74.3145,157871
2026-01-22T17:45:00.000Z,74.315,74.41,74.295,74.36,126937
2026-01-22T18:00:00.000Z,74.355,74.375,74.18,74.195,193937
2026-01-22T18:15:00.000Z,74.195,74.31,74.195,74.235,166546
2026-01-22T18:30:00.000Z,74.23,74.305,74.22,74.23,157587
2026-01-22T18:45:00.000Z,74.23,74.275,74.11,74.16,202832
2026-01-22T19:00:00.000Z,74.1644,74.35,74.1644,74.325,206505
2026-01-22T19:15:00.000Z,74.3254,74.4,74.315,74.37,155474
2026-01-22T19:30:00.000Z,74.37,74.375,74.2246,74.23,151821
2026-01-22T19:45:00.000Z,74.22,74.355,74.205,74.31,258856
2026-01-22T20:00:00.000Z,74.3,74.375,74.23,74.295,298433
2026-01-22T20:15:00.000Z,74.3,74.36,74.18,74.18,314988
2026-01-22T20:30:00.000Z,74.17,74.21,74.06,74.175,420249
2026-01-22T20:45:00.000Z,74.1799,74.45,74.145,74.32,1161451
2026-01-23T14:30:00.000Z,73.95,74.225,73.71,74.19,1178206
2026-01-23T14:45:00.000Z,74.18,74.4,74.1,74.36,440537
2026-01-23T15:00:00.000Z,74.38,74.475,74.11,74.135,482953
2026-01-23T15:15:00.000Z,74.14,74.565,74.13,74.42,344440
2026-01-23T15:30:00.000Z,74.42,74.605,74.42,74.505,303369
2026-01-23T15:45:00.000Z,74.505,74.61,74.44,74.605,223511
2026-01-23T16:00:00.000Z,74.605,74.735,74.58,74.63,258925
2026-01-23T16:15:00.000Z,74.63,74.665,74.46,74.5534,299358
2026-01-23T16:30:00.000Z,74.56,74.8051,74.54,74.785,301995
2026-01-23T16:45:00.000Z,74.785,75.045,74.7733,75.01,431865
2026-01-23T17:00:00.000Z,75.01,75.07,74.825,75.0225,276833
2026-01-23T17:15:00.000Z,75.04,75.055,74.89,74.925,252933
2026-01-23T17:30:00.000Z,74.925,74.94,74.68,74.705,237334
2026-01-23T17:45:00.000Z,74.705,74.7259,74.435,74.45,288199
2026-01-23T18:00:00.000Z,74.46,74.525,74.32,74.375,299673
2026-01-23T18:15:00.000Z,74.37,74.59,74.35,74.525,199948
2026-01-23T18:30:00.000Z,74.53,74.58,74.45,74.475,241353
2026-01-23T18:45:00.000Z,74.47,74.575,74.39,74.535,195711
2026-01-23T19:00:00.000Z,74.54,74.62,74.525,74.55,239555
2026-01-23T19:15:00.000Z,74.545,74.635,74.535,74.5734,165395
2026-01-23T19:30:00.000Z,74.57,74.59,74.405,74.465,219345
2026-01-23T19:45:00.000Z,74.465,74.53,74.42,74.525,205932
2026-01-23T20:00:00.000Z,74.525,74.565,74.45,74.555,182611
2026-01-23T20:15:00.000Z,74.555,74.655,74.5003,74.505,218953
2026-01-23T20:30:00.000Z,74.5,74.515,74.365,74.48,420322
2026-01-23T20:45:00.000Z,74.475,74.68,74.435,74.58,1184553
2026-01-26T14:30:00.000Z,76.47,76.94,75.64,76.9,1650054
2026-01-26T14:45:00.000Z,76.89,76.935,76.32,76.325,969958
2026-01-26T15:00:00.000Z,76.325,76.69,76.24,76.6244,690576
2026-01-26T15:15:00.000Z,76.625,76.625,76.28,76.315,487233
2026-01-26T15:30:00.000Z,76.32,76.455,76.22,76.295,366568
2026-01-26T15:45:00.000Z,76.3,76.615,76.265,76.455,530405
2026-01-26T16:00:00.000Z,76.455,76.6,76.355,76.54,505834
2026-01-26T16:15:00.000Z,76.535,76.81,76.5,76.745,579598
2026-01-26T16:30:00.000Z,76.745,76.895,76.69,76.737,425595
2026-01-26T16:45:00.000Z,76.735,76.775,76.625,76.708,374083
2026-01-26T17:00:00.000Z,76.705,76.94,76.7,76.865,600032
2026-01-26T17:15:00.000Z,76.8645,76.9251,76.795,76.825,578228
2026-01-26T17:30:00.000Z,76.825,77.03,76.79,76.995,453254
2026-01-26T17:45:00.000Z,77,77.025,76.85,76.9,407218
2026-01-26T18:00:00.000Z,76.905,76.915,76.82,76.895,359963
2026-01-26T18:15:00.000Z,76.895,77.08,76.89,77.0684,396984
2026-01-26T18:30:00.000Z,77.065,77.1669,77.025,77.0558,326529
2026-01-26T18:45:00.000Z,77.055,77.055,76.915,76.95,274454
2026-01-26T19:00:00.000Z,76.955,76.9564,76.9,76.935,276241
2026-01-26T19:15:00.000Z,76.935,76.995,76.805,76.865,488668
2026-01-26T19:30:00.000Z,76.865,77.215,76.845,77.1837,1275536
2026-01-26T19:45:00.000Z,77.185,77.26,77.085,77.165,455688
2026-01-26T20:00:00.000Z,77.165,77.415,77.1421,77.235,553469
2026-01-26T20:15:00.000Z,77.235,77.2798,77.115,77.115,468330
2026-01-26T20:30:00.000Z,77.125,77.165,76.99,77.045,731860
2026-01-26T20:45:00.000Z,77.045,77.12,76.85,77.02,2098293
2026-01-27T14:30:00.000Z,77.19,77.67,77.05,77.4,1088315
2026-01-27T14:45:00.000Z,77.41,77.97,77.41,77.7975,621142
2026-01-27T15:00:00.000Z,77.8,78.175,77.77,78.145,632595
2026-01-27T15:15:00.000Z,78.14,78.19,77.975,78.16,453358
2026-01-27T15:30:00.000Z,78.15,78.37,78.1,78.3446,418645
2026-01-27T15:45:00.000Z,78.345,78.3761,78.195,78.23,274998
2026-01-27T16:00:00.000Z,78.24,78.29,78.065,78.135,296863
2026-01-27T16:15:00.000Z,78.145,78.34,78.135,78.185,374753
2026-01-27T16:30:00.000Z,78.19,78.285,78.185,78.195,246670
2026-01-27T16:45:00.000Z,78.195,78.2654,78.1642,78.2358,256013
2026-01-27T17:00:00.000Z,78.24,78.275,78.1744,78.215,208697
2026-01-27T17:15:00.000Z,78.215,78.35,78.165,78.29,325722
2026-01-27T17:30:00.000Z,78.3,78.36,78.27,78.315,304397
2026-01-27T17:45:00.000Z,78.32,78.325,78.225,78.285,230450
2026-01-27T18:00:00.000Z,78.29,78.455,78.275,78.345,329409
2026-01-27T18:15:00.000Z,78.35,78.365,78.135,78.21,345671
2026-01-27T18:30:00.000Z,78.205,78.435,78.205,78.42,672617
2026-01-27T18:45:00.000Z,78.415,78.48,78.37,78.405,415205
2026-01-27T19:00:00.000Z,78.38,78.6,78.3742,78.575,1706101
2026-01-27T19:15:00.000Z,78.575,78.75,78.53,78.7246,345934
2026-01-27T19:30:00.000Z,78.73,78.78,78.625,78.64,297841
2026-01-27T19:45:00.000Z,78.635,78.79,78.63,78.78,310131
2026-01-27T20:00:00.000Z,78.78,78.85,78.7,78.83,440793
2026-01-27T20:15:00.000Z,78.835,78.865,78.76,78.795,376743
2026-01-27T20:30:00.000Z,78.79,78.91,78.745,78.905,576199
2026-01-27T20:45:00.000Z,78.905,78.905,78.67,78.695,1964005
2026-01-28T14:30:00.000Z,78.93,79.02,78.415,78.56,1014445
2026-01-28T14:45:00.000Z,78.555,78.58,78.21,78.325,442258
2026-01-28T15:00:00.000Z,78.32,78.33,78.015,78.14,439365
2026-01-28T15:15:00.000Z,78.135,78.58,78.125,78.575,472698
2026-01-28T15:30:00.000Z,78.575,78.7199,78.505,78.63,465449
2026-01-28T15:45:00.000Z,78.6202,78.775,78.605,78.685,279327
2026-01-28T16:00:00.000Z,78.68,78.775,78.47,78.5,338385
2026-01-28T16:15:00.000Z,78.49,78.66,78.465,78.65,189540
2026-01-28T16:30:00.000Z,78.645,78.7058,78.55,78.56,395917
2026-01-28T16:45:00.000Z,78.555,78.615,78.5,78.52,271022
2026-01-28T17:00:00.000Z,78.515,78.74,78.5,78.73,258301
2026-01-28T17:15:00.000Z,78.73,78.73,78.545,78.56,303765
2026-01-28T17:30:00.000Z,78.56,78.61,78.405,78.43,266173
2026-01-28T17:45:00.000Z,78.425,78.57,78.38,78.44,152003
2026-01-28T18:00:00.000Z,78.43,78.61,78.3637,78.505,372693
2026-01-28T18:15:00.000Z,78.51,78.625,78.495,78.495,186694
2026-01-28T18:30:00.000Z,78.495,78.5,78.4,78.455,159575
2026-01-28T18:45:00.000Z,78.455,78.59,78.435,78.53,174825
2026-01-28T19:00:00.000Z,78.52,78.59,78.41,78.5809,204410
2026-01-28T19:15:00.000Z,78.585,78.83,78.565,78.71,333599
2026-01-28T19:30:00.000Z,78.72,78.895,78.64,78.805,479975
2026-01-28T19:45:00.000Z,78.8,78.87,78.755,78.765,278273
2026-01-28T20:00:00.000Z,78.76,78.955,78.75,78.805,294943
2026-01-28T20:15:00.000Z,78.805,78.825,78.64,78.66,311887
2026-01-28T20:30:00.000Z,78.665,78.728,78.59,78.695,325420
2026-01-28T20:45:00.000Z,78.695,79.04,78.655,78.965,1521615
2026-01-29T14:30:00.000Z,79.105,79.476,79,79.11,1000097
2026-01-29T14:45:00.000Z,79.11,79.17,78.715,78.752,620679
2026-01-29T15:00:00.000Z,78.76,79.09,78.46,78.5133,690336
2026-01-29T15:15:00.000Z,78.52,78.825,78.48,78.53,536103
2026-01-29T15:30:00.000Z,78.52,78.555,78.06,78.095,597729
2026-01-29T15:45:00.000Z,78.095,78.095,77.695,77.86,638028
2026-01-29T16:00:00.000Z,77.85,77.995,77.625,77.9579,434770
2026-01-29T16:15:00.000Z,77.96,78.125,77.92,78.04,588317
2026-01-29T16:30:00.000Z,78.04,78.116,77.89,77.95,456673
2026-01-29T16:45:00.000Z,77.96,78.05,77.92,77.98,357190
2026-01-29T17:00:00.000Z,77.98,78.225,77.97,78.1901,354667
2026-01-29T17:15:00.000Z,78.19,78.41,78.145,78.345,494239
2026-01-29T17:30:00.000Z,78.33,78.51,78.31,78.4,573691
2026-01-29T17:45:00.000Z,78.401,78.51,78.11,78.12,412942
2026-01-29T18:00:00.000Z,78.125,78.505,78.075,78.445,423510
2026-01-29T18:15:00.000Z,78.445,78.495,78.365,78.445,300638
2026-01-29T18:30:00.000Z,78.44,78.5,78.345,78.36,296211
2026-01-29T18:45:00.000Z,78.36,78.4,78.21,78.21,763948
2026-01-29T19:00:00.000Z,78.21,78.485,78.165,78.435,388814
2026-01-29T19:15:00.000Z,78.4325,78.5,78.345,78.395,528832
2026-01-29T19:30:00.000Z,78.395,78.48,78.27,78.455,316401
2026-01-29T19:45:00.000Z,78.45,78.585,78.435,78.53,434741
2026-01-29T20:00:00.000Z,78.53,78.72,78.52,78.655,371530
2026-01-29T20:15:00.000Z,78.65,78.76,78.6,78.615,457108
2026-01-29T20:30:00.000Z,78.615,78.76,78.58,78.685,574981
2026-01-29T20:45:00.000Z,78.68,78.755,78.35,78.438,2038632
2026-01-30T14:30:00.000Z,78.09,78.49,77.8001,77.995,1041114
2026-01-30T14:45:00.000Z,77.99,78.415,77.83,77.915,460658
2026-01-30T15:00:00.000Z,77.93,78.2,77.79,78.16,924867
2026-01-30T15:15:00.000Z,78.155,78.335,77.89,77.905,517649
2026-01-30T15:30:00.000Z,77.905,78.19,77.72,78.115,572150
2026-01-30T15:45:00.000Z,78.1144,78.25,77.97,78.15,503806
2026-01-30T16:00:00.000Z,78.16,78.355,78.11,78.28,336029
2026-01-30T16:15:00.000Z,78.29,78.39,78.13,78.365,359345
2026-01-30T16:30:00.000Z,78.36,78.69,78.3225,78.66,535549
2026-01-30T16:45:00.000Z,78.65,78.65,78.41,78.5199,378207
2026-01-30T17:00:00.000Z,78.515,78.515,78.185,78.345,925932
2026-01-30T17:15:00.000Z,78.35,78.6763,78.24,78.65,486355
2026-01-30T17:30:00.000Z,78.645,78.795,78.495,78.59,740411
2026-01-30T17:45:00.000Z,78.585,78.62,78.325,78.33,265235
2026-01-30T18:00:00.000Z,78.33,78.465,78.24,78.26,303663
2026-01-30T18:15:00.000Z,78.26,78.29,77.9671,78.25,493141
2026-01-30T18:30:00.000Z,78.245,78.275,77.96,78.15,400575
2026-01-30T18:45:00.000Z,78.14,78.381,78.13,78.27,610139
2026-01-30T19:00:00.000Z,78.27,78.425,78.17,78.255,455858
2026-01-30T19:15:00.000Z,78.255,78.4,78.15,78.155,1194164
2026-01-30T19:30:00.000Z,78.15,78.29,78.09,78.145,269692
2026-01-30T19:45:00.000Z,78.135,78.2,77.975,77.99,260959
2026-01-30T20:00:00.000Z,78,78.21,77.97,78.165,390066
2026-01-30T20:15:00.000Z,78.16,78.205,78.02,78.17,582042
2026-01-30T20:30:00.000Z,78.18,78.38,78.13,78.38,709216
2026-01-30T20:45:00.000Z,78.38,78.605,78.15,78.34,2791930
2026-02-02T14:30:00.000Z,78.12,79.245,77.995,79.18,1493616
2026-02-02T14:45:00.000Z,79.19,79.305,79.01,79.08,599796
2026-02-02T15:00:00.000Z,79.08,79.865,79.04,79.805,1046653
2026-02-02T15:15:00.000Z,79.8,79.94,79.615,79.875,618780
2026-02-02T15:30:00.000Z,79.88,80.16,79.805,80.135,1281505
2026-02-02T15:45:00.000Z,80.135,80.455,80.12,80.4525,964737
2026-02-02T16:00:00.000Z,80.455,80.74,80,80.5551,1321594
2026-02-02T16:15:00.000Z,80.545,81.155,80.51,81.155,990699
2026-02-02T16:30:00.000Z,81.155,81.155,80.79,80.795,815716
2026-02-02T16:45:00.000Z,80.8,80.84,80.55,80.75,538539
2026-02-02T17:00:00.000Z,80.75,80.865,80.7121,80.745,486981
2026-02-02T17:15:00.000Z,80.74,81.085,80.725,81.0828,671670
2026-02-02T17:30:00.000Z,81.09,81.09,80.92,80.945,515937
2026-02-02T17:45:00.000Z,80.945,81.08,80.94,81.035,371188
2026-02-02T18:00:00.000Z,81.045,81.085,80.96,81.03,369545
2026-02-02T18:15:00.000Z,81.025,81.03,80.895,80.985,348011
2026-02-02T18:30:00.000Z,80.9801,81.08,80.935,81.02,445606
2026-02-02T18:45:00.000Z,81.0186,81.02,80.835,80.85,490896
2026-02-02T19:00:00.000Z,80.84,81.01,80.715,80.725,572522
2026-02-02T19:15:00.000Z,80.7299,80.76,80.55,80.55,373695
2026-02-02T19:30:00.000Z,80.54,80.55,80.265,80.445,552569
2026-02-02T19:45:00.000Z,80.443,80.755,80.42,80.45,1122325
2026-02-02T20:00:00.000Z,80.45,81.01,80.385,80.95,968471
2026-02-02T20:15:00.000Z,80.955,81.05,80.85,81.025,939344
2026-02-02T20:30:00.000Z,81.02,81.065,80.875,80.885,1085281
2026-02-02T20:45:00.000Z,80.88,80.935,80.55,80.66,3056554
2026-02-03T14:30:00.000Z,80.81,83.24,80.81,82.485,3758346
2026-02-03T14:45:00.000Z,82.47,82.5,81.7,81.875,979463
2026-02-03T15:00:00.000Z,81.875,82.17,81.595,81.64,1522367
2026-02-03T15:15:00.000Z,81.63,81.86,81.475,81.585,1107934
2026-02-03T15:30:00.000Z,81.585,81.975,81.46,81.745,899502
2026-02-03T15:45:00.000Z,81.74,82.63,81.71,82.62,716306
2026-02-03T16:00:00.000Z,82.62,82.72,82.195,82.325,937175
2026-02-03T16:15:00.000Z,82.32,82.345,81.88,82.005,1001310
2026-02-03T16:30:00.000Z,82.01,82.2499,81.935,82.215,619612
2026-02-03T16:45:00.000Z,82.215,82.31,82.065,82.1001,613211
2026-02-03T17:00:00.000Z,82.105,82.22,81.76,81.805,573417
2026-02-03T17:15:00.000Z,81.8,81.925,81.691,81.795,462570
2026-02-03T17:30:00.000Z,81.79,81.805,81.595,81.745,473773
2026-02-03T17:45:00.000Z,81.745,81.925,81.71,81.85,507050
2026-02-03T18:00:00.000Z,81.85,82.19,81.8425,82.12,1286297
2026-02-03T18:15:00.000Z,82.12,82.425,82.12,82.31,1357675
2026-02-03T18:30:00.000Z,82.305,82.555,82.165,82.4701,610526
2026-02-03T18:45:00.000Z,82.47,82.595,82.34,82.355,1039368
2026-02-03T19:00:00.000Z,82.35,82.8619,82.27,82.77,961998
2026-02-03T19:15:00.000Z,82.77,82.89,82.5899,82.81,831025
2026-02-03T19:30:00.000Z,82.81,82.88,82.64,82.665,812033
2026-02-03T19:45:00.000Z,82.67,82.87,82.39,82.82,816524
2026-02-03T20:00:00.000Z,82.815,83.065,82.775,83.0631,928116
2026-02-03T20:15:00.000Z,83.065,83.13,82.8,82.985,1003329
2026-02-03T20:30:00.000Z,82.985,83.235,82.965,82.9666,960401
2026-02-03T20:45:00.000Z,82.97,83.25,82.955,83.125,2988235
2026-02-04T14:30:00.000Z,83.98,84.24,83.5,83.73,2314383
2026-02-04T14:45:00.000Z,83.7,84.14,83.58,83.64,1455962
2026-02-04T15:00:00.000Z,83.62,83.9,83.105,83.73,2232833
2026-02-04T15:15:00.000Z,83.73,83.805,83.21,83.44,2128171
2026-02-04T15:30:00.000Z,83.445,83.65,82.85,83.07,2011504
2026-02-04T15:45:00.000Z,83.07,83.225,82.74,82.785,1302000
2026-02-04T16:00:00.000Z,82.79,83.055,82.73,82.92,1328901
2026-02-04T16:15:00.000Z,82.92,83.275,82.85,83.0995,1413341
2026-02-04T16:30:00.000Z,83.06,83.095,82.43,82.47,1711777
2026-02-04T16:45:00.000Z,82.46,82.985,82.4599,82.84,1864075
2026-02-04T17:00:00.000Z,82.835,82.9,82.23,82.375,1905782
2026-02-04T17:15:00.000Z,82.375,82.405,81.875,81.95,908906
2026-02-04T17:30:00.000Z,81.96,82.16,81.51,81.58,1212505
2026-02-04T17:45:00.000Z,81.575,81.62,81.185,81.365,1188926
2026-02-04T18:00:00.000Z,81.37,81.6,81.175,81.355,809907
2026-02-04T18:15:00.000Z,81.355,81.84,81.195,81.795,707005
2026-02-04T18:30:00.000Z,81.795,81.84,81.26,81.575,881103
2026-02-04T18:45:00.000Z,81.575,81.645,81.325,81.515,617637
2026-02-04T19:00:00.000Z,81.515,81.68,81.36,81.59,695652
2026-02-04T19:15:00.000Z,81.59,81.69,81.405,81.625,501625
2026-02-04T19:30:00.000Z,81.625,82.03,81.605,81.975,548422
2026-02-04T19:45:00.000Z,81.98,82.155,81.845,82.02,891659
2026-02-04T20:00:00.000Z,82.015,82.069,81.755,81.875,697217
2026-02-04T20:15:00.000Z,81.875,82.095,81.775,81.94,802549
2026-02-04T20:30:00.000Z,81.94,81.985,81.6335,81.635,856117
2026-02-04T20:45:00.000Z,81.635,81.73,81.14,81.16,2935158
2026-02-05T14:30:00.000Z,80.86,82.29,80.81,82.14,1496794
2026-02-05T14:45:00.000Z,82.14,82.41,81.84,82.023,935147
2026-02-05T15:00:00.000Z,82.03,82.07,81.59,81.59,764208
2026-02-05T15:15:00.000Z,81.59,82.04,81.56,82,795716
2026-02-05T15:30:00.000Z,82,82.4901,81.993,82.425,927645
2026-02-05T15:45:00.000Z,82.41,82.45,82.1,82.28,630952
2026-02-05T16:00:00.000Z,82.28,82.405,82.03,82.185,581921
2026-02-05T16:15:00.000Z,82.185,82.795,82.185,82.77,544147
2026-02-05T16:30:00.000Z,82.78,82.93,82.565,82.585,616665
2026-02-05T16:45:00.000Z,82.585,82.68,82.3947,82.63,460977
2026-02-05T17:00:00.000Z,82.63,82.66,82.35,82.415,466969
2026-02-05T17:15:00.000Z,82.42,82.595,82.295,82.445,490747
2026-02-05T17:30:00.000Z,82.45,82.56,82.275,82.505,375807
2026-02-05T17:45:00.000Z,82.51,82.73,82.3,82.31,568472
2026-02-05T18:00:00.000Z,82.3,82.49,82.19,82.365,491281
2026-02-05T18:15:00.000Z,82.37,82.5099,82.32,82.485,418392
2026-02-05T18:30:00.000Z,82.48,82.6664,82.46,82.565,690836
2026-02-05T18:45:00.000Z,82.565,82.705,82.43,82.65,570913
2026-02-05T19:00:00.000Z,82.64,82.98,82.629,82.955,444687
2026-02-05T19:15:00.000Z,82.95,83.235,82.945,83.105,518188
2026-02-05T19:30:00.000Z,83.105,83.11,82.88,82.9102,546883
2026-02-05T19:45:00.000Z,82.91,83.17,82.815,83.17,502357
2026-02-05T20:00:00.000Z,83.165,83.305,83.05,83.07,688554
2026-02-05T20:15:00.000Z,83.07,83.08,82.655,82.685,632711
2026-02-05T20:30:00.000Z,82.685,82.75,82.39,82.39,768838
2026-02-05T20:45:00.000Z,82.39,82.485,82.055,82.36,2071071
2026-02-06T14:30:00.000Z,83.555,84.17,83.01,83.84,1555418
2026-02-06T14:45:00.000Z,83.85,84,83.7001,83.73,937049
2026-02-06T15:00:00.000Z,83.76,83.96,83.41,83.43,821563
2026-02-06T15:15:00.000Z,83.415,83.65,83.275,83.38,762551
2026-02-06T15:30:00.000Z,83.39,83.395,83.2,83.275,466908
2026-02-06T15:45:00.000Z,83.28,83.2959,82.805,83.25,651586
2026-02-06T16:00:00.000Z,83.26,83.58,83.25,83.52,613994
2026-02-06T16:15:00.000Z,83.52,83.77,83.435,83.75,582873
2026-02-06T16:30:00.000Z,83.75,83.925,83.745,83.92,406192
2026-02-06T16:45:00.000Z,83.915,84.045,83.855,83.89,520948
2026-02-06T17:00:00.000Z,83.89,84,83.855,83.9673,344323
2026-02-06T17:15:00.000Z,83.96,84.02,83.87,83.8986,619770
2026-02-06T17:30:00.000Z,83.895,84.02,83.75,83.885,897145
2026-02-06T17:45:00.000Z,83.89,84.06,83.885,84.005,358435
2026-02-06T18:00:00.000Z,84.005,84.1,83.98,84.0131,368891
2026-02-06T18:15:00.000Z,84.015,84.215,83.985,84.2,358988
2026-02-06T18:30:00.000Z,84.2,84.3351,84.18,84.305,371954
2026-02-06T18:45:00.000Z,84.305,84.395,84.2844,84.2937,349219
2026-02-06T19:00:00.000Z,84.3,84.365,84.18,84.28,352800
2026-02-06T19:15:00.000Z,84.285,84.455,84.2846,84.4451,453323
2026-02-06T19:30:00.000Z,84.445,84.515,84.41,84.495,481883
2026-02-06T19:45:00.000Z,84.495,84.675,84.495,84.645,459153
2026-02-06T20:00:00.000Z,84.645,84.705,84.555,84.565,511158
2026-02-06T20:15:00.000Z,84.57,84.72,84.53,84.5401,741736
2026-02-06T20:30:00.000Z,84.545,84.68,84.47,84.645,749964
2026-02-06T20:45:00.000Z,84.645,85,84.59,84.78,3238712
2026-02-09T14:30:00.000Z,84.73,85.795,84.31,85.37,1967957
2026-02-09T14:45:00.000Z,85.365,85.69,85.145,85.575,1239081
2026-02-09T15:00:00.000Z,85.575,86.05,85.54,85.91,870281
2026-02-09T15:15:00.000Z,85.92,86.047,85.5,85.625,610178
2026-02-09T15:30:00.000Z,85.625,86.46,85.625,86.435,658755
2026-02-09T15:45:00.000Z,86.43,86.48,86.22,86.355,922564
2026-02-09T16:00:00.000Z,86.355,86.59,86.32,86.48,842559
2026-02-09T16:15:00.000Z,86.48,86.6797,86.475,86.675,539981
2026-02-09T16:30:00.000Z,86.67,86.725,86.525,86.525,537377
2026-02-09T16:45:00.000Z,86.52,86.81,86.49,86.76,477737
2026-02-09T17:00:00.000Z,86.755,86.905,86.7306,86.9,561828
2026-02-09T17:15:00.000Z,86.899,86.935,86.71,86.725,400992
2026-02-09T17:30:00.000Z,86.73,86.75,86.525,86.65,336981
2026-02-09T17:45:00.000Z,86.66,86.79,86.6123,86.75,407459
2026-02-09T18:00:00.000Z,86.75,86.775,86.69,86.733,312542
2026-02-09T18:15:00.000Z,86.738,86.765,86.46,86.47,354328
2026-02-09T18:30:00.000Z,86.4839,86.74,86.465,86.725,282586
2026-02-09T18:45:00.000Z,86.725,86.98,86.72,86.9143,413210
2026-02-09T19:00:00.000Z,86.915,87.02,86.8401,87,524620
2026-02-09T19:15:00.000Z,86.995,87.06,86.882,87.04,432578
2026-02-09T19:30:00.000Z,87.04,87.18,87.035,87.115,440590
2026-02-09T19:45:00.000Z,87.115,87.1797,87.08,87.115,516089
2026-02-09T20:00:00.000Z,87.12,87.245,86.96,86.97,672427
2026-02-09T20:15:00.000Z,86.975,87.105,86.735,86.81,952018
2026-02-09T20:30:00.000Z,86.8,86.94,86.64,86.875,839775
2026-02-09T20:45:00.000Z,86.88,87.01,86.69,86.75,1977115
2026-02-10T14:30:00.000Z,86.97,87.98,86.65,87.85,2704755
2026-02-10T14:45:00.000Z,87.86,88.185,87.527,87.8,1299337
2026-02-10T15:00:00.000Z,87.8,88.1,87.68,87.805,1192683
2026-02-10T15:15:00.000Z,87.81,88.06,87.6,87.935,943509
2026-02-10T15:30:00.000Z,87.93,88.06,87.8,87.98,591092
2026-02-10T15:45:00.000Z,87.99,88.0099,87.75,87.88,651524
2026-02-10T16:00:00.000Z,87.86,88.125,87.8228,88.085,471215
2026-02-10T16:15:00.000Z,88.085,88.11,87.78,87.78,1813396
2026-02-10T16:30:00.000Z,87.77,87.85,87.365,87.435,904308
2026-02-10T16:45:00.000Z,87.44,87.55,87.235,87.325,807048
2026-02-10T17:00:00.000Z,87.32,87.495,86.87,87.49,1136361
2026-02-10T17:15:00.000Z,87.49,87.62,87.175,87.195,601177
2026-02-10T17:30:00.000Z,87.18,87.29,87.14,87.26,498333
2026-02-10T17:45:00.000Z,87.255,87.32,87.115,87.13,363220
2026-02-10T18:00:00.000Z,87.12,87.14,86.9,87.045,501672
2026-02-10T18:15:00.000Z,87.04,87.12,86.92,87.005,408342
2026-02-10T18:30:00.000Z,87,87.02,86.745,86.8299,667079
2026-02-10T18:45:00.000Z,86.82,87.0699,86.72,87.025,765701
2026-02-10T19:00:00.000Z,87.025,87.065,86.87,86.9098,579052
2026-02-10T19:15:00.000Z,86.9,86.9,86.655,86.8,481515
2026-02-10T19:30:00.000Z,86.79,87.045,86.745,87.005,701919
2026-02-10T19:45:00.000Z,87.005,87.18,87,87.08,640637
2026-02-10T20:00:00.000Z,87.08,87.275,86.79,86.7954,960868
2026-02-10T20:15:00.000Z,86.795,86.88,86.7,86.725,635753
2026-02-10T20:30:00.000Z,86.7203,86.75,86.355,86.37,1041696
2026-02-10T20:45:00.000Z,86.365,86.51,86.13,86.28,2769474
2026-02-11T14:30:00.000Z,86.06,87.14,86.06,86.892,2198716
2026-02-11T14:45:00.000Z,86.88,87.08,86.53,86.57,875643
2026-02-11T15:00:00.000Z,86.565,86.73,85.95,86,941404
2026-02-11T15:15:00.000Z,85.99,86.02,85.54,85.545,1088679
2026-02-11T15:30:00.000Z,85.54,85.69,85.38,85.56,655479
2026-02-11T15:45:00.000Z,85.56,86.26,85.525,86.235,752173
2026-02-11T16:00:00.000Z,86.23,86.405,86.05,86.35,741580
2026-02-11T16:15:00.000Z,86.35,86.365,85.92,85.92,591654
2026-02-11T16:30:00.000Z,85.925,86.23,85.9,86.21,573058
2026-02-11T16:45:00.000Z,86.21,86.245,85.785,85.785,707067
2026-02-11T17:00:00.000Z,85.785,85.945,85.66,85.88,476351
2026-02-11T17:15:00.000Z,85.885,86.155,85.815,86.125,568781
2026-02-11T17:30:00.000Z,86.13,86.185,86.025,86.155,375519
2026-02-11T17:45:00.000Z,86.16,86.26,86.02,86.075,526416
2026-02-11T18:00:00.000Z,86.075,86.19,85.89,85.98,548815
2026-02-11T18:15:00.000Z,85.9712,86.085,85.9,86.03,459531
2026-02-11T18:30:00.000Z,86.025,86.13,85.72,85.77,689410
2026-02-11T18:45:00.000Z,85.765,85.79,85.4301,85.59,1008396
2026-02-11T19:00:00.000Z,85.59,85.905,85.53,85.845,605258
2026-02-11T19:15:00.000Z,85.845,86.065,85.83,85.91,600397
2026-02-11T19:30:00.000Z,85.9,86.0166,85.83,85.93,510452
2026-02-11T19:45:00.000Z,85.92,86.05,85.835,85.96,616355
2026-02-11T20:00:00.000Z,85.95,86.01,85.68,85.77,704492
2026-02-11T20:15:00.000Z,85.7644,85.85,85.685,85.85,808003
2026-02-11T20:30:00.000Z,85.84,85.895,85.42,85.44,1317872
2026-02-11T20:45:00.000Z,85.445,85.7134,85.125,85.45,4660666
2026-02-12T14:30:00.000Z,79.61,80.37,78.27,78.305,8351742
2026-02-12T14:45:00.000Z,78.31,78.34,77.165,77.37,4703963
2026-02-12T15:00:00.000Z,77.35,77.66,77.21,77.25,3331693
2026-02-12T15:15:00.000Z,77.25,77.39,76.91,76.9686,2792703
2026-02-12T15:30:00.000Z,76.96,77.14,76.5,76.525,2594853
2026-02-12T15:45:00.000Z,76.52,76.715,75.8901,75.94,2250473
2026-02-12T16:00:00.000Z,75.935,76.467,75.88,76.27,2033645
2026-02-12T16:15:00.000Z,76.265,76.44,75.915,75.965,1838952
2026-02-12T16:30:00.000Z,75.965,76.45,75.69,75.745,2147614
2026-02-12T16:45:00.000Z,75.74,75.81,75.2925,75.347,2185601
2026-02-12T17:00:00.000Z,75.34,75.645,75.27,75.4935,1698128
2026-02-12T17:15:00.000Z,75.495,75.5,75.08,75.275,1189016
2026-02-12T17:30:00.000Z,75.27,75.81,75.2,75.595,1345467
2026-02-12T17:45:00.000Z,75.5993,76.06,75.55,75.73,1619285
2026-02-12T18:00:00.000Z,75.73,75.8,75.4528,75.46,1039836
2026-02-12T18:15:00.000Z,75.458,75.54,75.3,75.305,1092016
2026-02-12T18:30:00.000Z,75.3,75.545,75.125,75.5102,1019523
2026-02-12T18:45:00.000Z,75.51,75.91,75.385,75.6566,1268947
2026-02-12T19:00:00.000Z,75.66,75.78,75.435,75.605,1341451
2026-02-12T19:15:00.000Z,75.605,75.73,75.15,75.59,1479177
2026-02-12T19:30:00.000Z,75.59,75.66,75.2383,75.36,1362174
2026-02-12T19:45:00.000Z,75.36,75.59,75.1,75.2179,1141429
2026-02-12T20:00:00.000Z,75.22,75.36,74.85,74.86,1424569
2026-02-12T20:15:00.000Z,74.855,74.94,74.54,74.54,1563163
2026-02-12T20:30:00.000Z,74.5401,74.635,74.11,74.245,2954109
2026-02-12T20:45:00.000Z,74.245,75.33,74.085,75,7176830
2026-02-13T14:30:00.000Z,74.375,74.7,73.42,74.25,3336415
2026-02-13T14:45:00.000Z,74.27,74.66,73.82,74.18,1406165
2026-02-13T15:00:00.000Z,74.185,74.44,74.055,74.055,1397003
2026-02-13T15:15:00.000Z,74.06,74.15,73.855,73.965,1238810
2026-02-13T15:30:00.000Z,73.97,75.065,73.965,74.965,1995398
2026-02-13T15:45:00.000Z,74.965,75.645,74.77,75.6,1492796
2026-02-13T16:00:00.000Z,75.61,76.035,75.575,75.97,1276265
2026-02-13T16:15:00.000Z,75.97,76.365,75.84,76.29,1305891
2026-02-13T16:30:00.000Z,76.29,76.64,76.075,76.6383,1418011
2026-02-13T16:45:00.000Z,76.6301,76.975,76.535,76.8,1285189
2026-02-13T17:00:00.000Z,76.8,77.06,76.78,76.895,1139870
2026-02-13T17:15:00.000Z,76.895,77.02,76.75,76.83,1485012
2026-02-13T17:30:00.000Z,76.84,77.0182,76.825,76.925,899410
2026-02-13T17:45:00.000Z,76.9299,76.94,76.74,76.885,815630
2026-02-13T18:00:00.000Z,76.885,76.935,76.75,76.915,768074
2026-02-13T18:15:00.000Z,76.915,77.11,76.825,77.095,958108
2026-02-13T18:30:00.000Z,77.1,77.27,77.05,77.055,839606
2026-02-13T18:45:00.000Z,77.06,77.08,76.79,76.905,1014617
2026-02-13T19:00:00.000Z,76.905,76.93,76.585,76.785,863920
2026-02-13T19:15:00.000Z,76.785,77.04,76.78,76.995,738317
2026-02-13T19:30:00.000Z,77,77.09,76.845,76.895,848849
2026-02-13T19:45:00.000Z,76.895,77.145,76.89,77.075,761421
2026-02-13T20:00:00.000Z,77.075,77.25,77.075,77.185,1197692
2026-02-13T20:15:00.000Z,77.185,77.21,76.95,77.015,1465033
2026-02-13T20:30:00.000Z,77.015,77.18,76.655,76.725,1558859
2026-02-13T20:45:00.000Z,76.725,77.3,76.59,76.88,5850060
2026-02-17T14:30:00.000Z,76.95,77.26,76.475,77.1,1637241
2026-02-17T14:45:00.000Z,77.12,77.36,76.71,76.7394,939339
2026-02-17T15:00:00.000Z,76.73,77.26,76.62,77.105,893273
2026-02-17T15:15:00.000Z,77.105,77.565,77.02,77.195,952288
2026-02-17T15:30:00.000Z,77.195,77.23,77.01,77.195,746612
2026-02-17T15:45:00.000Z,77.195,77.22,76.83,76.915,746435
2026-02-17T16:00:00.000Z,76.92,77.24,76.72,77.24,614494
2026-02-17T16:15:00.000Z,77.25,77.405,77.21,77.24,437659
2026-02-17T16:30:00.000Z,77.24,77.345,77.17,77.235,489599
2026-02-17T16:45:00.000Z,77.23,77.335,77.09,77.19,535236
2026-02-17T17:00:00.000Z,77.185,77.28,76.98,77,487121
2026-02-17T17:15:00.000Z,76.9888,77.13,76.9036,77.045,549942
2026-02-17T17:30:00.000Z,77.05,77.105,76.58,76.72,500090
2026-02-17T17:45:00.000Z,76.72,76.935,76.66,76.93,377438
2026-02-17T18:00:00.000Z,76.93,76.945,76.62,76.855,1033991
2026-02-17T18:15:00.000Z,76.84,77.115,76.7124,76.945,392593
2026-02-17T18:30:00.000Z,76.945,77.1763,76.83,77.095,332612
2026-02-17T18:45:00.000Z,77.0999,77.24,77.065,77.13,393225
2026-02-17T19:00:00.000Z,77.13,77.155,77,77.135,422062
2026-02-17T19:15:00.000Z,77.135,77.205,77.045,77.095,323896
2026-02-17T19:30:00.000Z,77.095,77.225,77.05,77.14,235613
2026-02-17T19:45:00.000Z,77.135,77.18,77.055,77.065,334652
2026-02-17T20:00:00.000Z,77.065,77.155,77.02,77.06,345144
2026-02-17T20:15:00.000Z,77.06,77.115,76.825,76.985,616290
2026-02-17T20:30:00.000Z,76.98,77.045,76.9,76.995,581180
2026-02-17T20:45:00.000Z,76.995,77.075,76.77,76.85,2273170
2026-02-18T14:30:00.000Z,76.55,77.17,76.49,76.99,1275230
2026-02-18T14:45:00.000Z,77,77.155,76.73,77.105,707601
2026-02-18T15:00:00.000Z,77.1,77.535,77.09,77.475,545519
2026-02-18T15:15:00.000Z,77.48,77.62,77.43,77.605,377891
2026-02-18T15:30:00.000Z,77.605,78.08,77.57,78.06,582052
2026-02-18T15:45:00.000Z,78.07,78.28,78.045,78.14,557985
2026-02-18T16:00:00.000Z,78.145,78.185,78.02,78.0845,547369
2026-02-18T16:15:00.000Z,78.085,78.17,78.005,78.085,454439
2026-02-18T16:30:00.000Z,78.08,78.1774,77.915,78.17,359234
2026-02-18T16:45:00.000Z,78.16,78.265,78.095,78.145,457993
2026-02-18T17:00:00.000Z,78.145,78.21,78.09,78.15,330334
2026-02-18T17:15:00.000Z,78.145,78.2399,78.12,78.2399,228585
2026-02-18T17:30:00.000Z,78.23,78.2499,78.17,78.215,189121
2026-02-18T17:45:00.000Z,78.21,78.27,78.08,78.1201,674874
2026-02-18T18:00:00.000Z,78.12,78.19,77.94,78.115,362691
2026-02-18T18:15:00.000Z,78.11,78.25,78.1,78.17,279878
2026-02-18T18:30:00.000Z,78.18,78.2,78.0504,78.1,236563
2026-02-18T18:45:00.000Z,78.09,78.2,78.04,78.16,272822
2026-02-18T19:00:00.000Z,78.165,78.17,77.92,77.925,425814
2026-02-18T19:15:00.000Z,77.92,78.055,77.89,77.975,286984
2026-02-18T19:30:00.000Z,77.975,78.0163,77.8,77.875,359623
2026-02-18T19:45:00.000Z,77.875,77.9925,77.83,77.93,354682
2026-02-18T20:00:00.000Z,77.93,78,77.585,77.605,476869
2026-02-18T20:15:00.000Z,77.6,77.835,77.57,77.835,585915
2026-02-18T20:30:00.000Z,77.83,78.01,77.81,77.9881,409724
2026-02-18T20:45:00.000Z,77.99,78.6,77.96,78.18,3471204
2026-02-19T14:30:00.000Z,77.99,78.45,77.87,78.435,894975
2026-02-19T14:45:00.000Z,78.435,78.62,78.18,78.27,1138931
2026-02-19T15:00:00.000Z,78.28,78.68,78.2,78.3899,777360
2026-02-19T15:15:00.000Z,78.385,78.455,78.3,78.4,713514
2026-02-19T15:30:00.000Z,78.4,78.72,78.375,78.575,365102
2026-02-19T15:45:00.000Z,78.575,78.625,78.365,78.43,714548
2026-02-19T16:00:00.000Z,78.43,78.46,78.285,78.445,411291
2026-02-19T16:15:00.000Z,78.445,78.53,78.1025,78.105,436304
2026-02-19T16:30:00.000Z,78.105,78.38,78.085,78.155,473221
2026-02-19T16:45:00.000Z,78.16,78.31,78.04,78.1923,332698
2026-02-19T17:00:00.000Z,78.2,78.24,78.07,78.213,337801
2026-02-19T17:15:00.000Z,78.22,78.42,78.175,78.4,254590
2026-02-19T17:30:00.000Z,78.395,78.595,78.37,78.52,292521
2026-02-19T17:45:00.000Z,78.515,78.655,78.45,78.59,380723
2026-02-19T18:00:00.000Z,78.585,78.805,78.51,78.785,393155
2026-02-19T18:15:00.000Z,78.785,78.815,78.53,78.6861,390468
2026-02-19T18:30:00.000Z,78.68,78.85,78.65,78.84,464490
2026-02-19T18:45:00.000Z,78.84,79.085,78.84,79.045,415082
2026-02-19T19:00:00.000Z,79.05,79.115,78.995,79.015,426686
2026-02-19T19:15:00.000Z,79.0199,79.155,78.97,79.055,375529
2026-02-19T19:30:00.000Z,79.06,79.13,78.95,79.03,312796
2026-02-19T19:45:00.000Z,79.03,79.105,78.96,79.02,318933
2026-02-19T20:00:00.000Z,79.015,79.09,78.85,78.86,483616
2026-02-19T20:15:00.000Z,78.86,79.065,78.73,79.025,592179
2026-02-19T20:30:00.000Z,79.025,79.06,78.975,79.005,581707
2026-02-19T20:45:00.000Z,79.01,79.035,78.51,78.56,2363531
2026-02-20T14:30:00.000Z,78.13,78.775,78.13,78.355,1495811
2026-02-20T14:45:00.000Z,78.36,78.75,78.36,78.725,603922
2026-02-20T15:00:00.000Z,78.73,79.25,78.57,78.865,1191738
2026-02-20T15:15:00.000Z,78.86,79.21,78.7,79.06,1689306
2026-02-20T15:30:00.000Z,79.055,79.24,78.965,79.23,694982
2026-02-20T15:45:00.000Z,79.23,79.33,79.115,79.125,735582
2026-02-20T16:00:00.000Z,79.13,79.225,78.96,78.965,708877
2026-02-20T16:15:00.000Z,78.97,78.995,78.8,78.82,623962
2026-02-20T16:30:00.000Z,78.82,79.14,78.8,79.1,660886
2026-02-20T16:45:00.000Z,79.095,79.31,79.09,79.1,522099
2026-02-20T17:00:00.000Z,79.1,79.125,78.92,78.95,494865
2026-02-20T17:15:00.000Z,78.935,78.94,78.73,78.825,586406
2026-02-20T17:30:00.000Z,78.825,78.965,78.72,78.9,784732
2026-02-20T17:45:00.000Z,78.91,79.075,78.88,79.055,665512
2026-02-20T18:00:00.000Z,79.05,79.06,78.575,78.58,566481
2026-02-20T18:15:00.000Z,78.585,78.62,78.16,78.495,728905
2026-02-20T18:30:00.000Z,78.5,78.9,78.45,78.895,1190788
2026-02-20T18:45:00.000Z,78.9,79.06,78.855,78.885,650588
2026-02-20T19:00:00.000Z,78.88,79,78.75,78.905,563915
2026-02-20T19:15:00.000Z,78.9,79.09,78.865,79.04,734023
2026-02-20T19:30:00.000Z,79.045,79.09,78.85,78.905,479868
2026-02-20T19:45:00.000Z,78.905,79.025,78.845,79.015,528427
2026-02-20T20:00:00.000Z,79.015,79.16,78.95,79.16,1093768
2026-02-20T20:15:00.000Z,79.155,79.18,78.78,78.885,684899
2026-02-20T20:30:00.000Z,78.885,79.03,78.875,78.975,846380
2026-02-20T20:45:00.000Z,78.97,79.26,78.91,79.23,3203313
2026-02-23T14:30:00.000Z,78.85,79.48,78.845,79.225,1485052.9899810003
2026-02-23T14:45:00.000Z,79.225,79.33,78.91,79.04,763268.9287119999
2026-02-23T15:00:00.000Z,79.04,79.09,78.455,78.495,991481.8848000001
2026-02-23T15:15:00.000Z,78.485,78.66,78.4,78.43,871867.5700130002
2026-02-23T15:30:00.000Z,78.44,78.51,78,78.035,802070.7969959999
2026-02-23T15:45:00.000Z,78.035,78.075,77.595,77.815,937248.766784
2026-02-23T16:00:00.000Z,77.82,77.855,77.435,77.455,728368.928001
2026-02-23T16:15:00.000Z,77.45,77.6,77.415,77.545,591230.271375
2026-02-23T16:30:00.000Z,77.54,77.61,77.43,77.5144,653465.3791060001
2026-02-23T16:45:00.000Z,77.515,77.53,77.28,77.345,447644.0985860001
2026-02-23T17:00:00.000Z,77.345,77.43,77.21,77.245,473841.19820200006
2026-02-23T17:15:00.000Z,77.245,77.355,77.19,77.21,475417.34512500005
2026-02-23T17:30:00.000Z,77.205,77.435,77.205,77.375,534287.582913
2026-02-23T17:45:00.000Z,77.375,77.64,77.375,77.54,453907.1664979999
2026-02-23T18:00:00.000Z,77.54,77.54,77.3925,77.42,552080.514132
2026-02-23T18:15:00.000Z,77.41,77.5,77.265,77.455,596135.452009
2026-02-23T18:30:00.000Z,77.45,77.5,77.3834,77.41,318329.911176
2026-02-23T18:45:00.000Z,77.41,77.41,77.27,77.285,428211.07986500004
2026-02-23T19:00:00.000Z,77.285,77.295,76.94,77.145,496503.26715900004
2026-02-23T19:15:00.000Z,77.145,77.315,77.09,77.3038,634537.338345
2026-02-23T19:30:00.000Z,77.3,77.34,77.2,77.32,512127.94344299997
2026-02-23T19:45:00.000Z,77.325,77.555,77.3,77.555,539055.9872740001
2026-02-23T20:00:00.000Z,77.55,77.73,77.55,77.7055,476131.360796
2026-02-23T20:15:00.000Z,77.71,77.79,77.645,77.765,497096.94967299997
2026-02-23T20:30:00.000Z,77.76,77.875,77.725,77.87,755804.016326
2026-02-23T20:45:00.000Z,77.865,78.04,77.445,77.76,3441378.803274
2026-02-24T14:30:00.000Z,77.74,78.69,77.47,78.29,1436593.689576
2026-02-24T14:45:00.000Z,78.295,78.43,77.775,78.085,854941.636749
2026-02-24T15:00:00.000Z,78.085,78.525,77.955,78.31,830059.429619
2026-02-24T15:15:00.000Z,78.305,78.66,78.075,78.625,538189.805188
2026-02-24T15:30:00.000Z,78.62,78.71,78.275,78.425,614863.536091
2026-02-24T15:45:00.000Z,78.435,78.48,78.1,78.405,739292.1057100003
2026-02-24T16:00:00.000Z,78.405,78.585,78.305,78.505,517031.615012
2026-02-24T16:15:00.000Z,78.505,78.56,78.31,78.395,497455.77586699993
2026-02-24T16:30:00.000Z,78.39,78.49,78.18,78.2,572843.6927619999
2026-02-24T16:45:00.000Z,78.2,78.35,78.15,78.25,629104.323205
2026-02-24T17:00:00.000Z,78.25,78.365,78.25,78.265,333843.578427
2026-02-24T17:15:00.000Z,78.26,78.42,78.255,78.375,222378.152965
2026-02-24T17:30:00.000Z,78.37,78.48,78.355,78.41,278626.58662700007
2026-02-24T17:45:00.000Z,78.405,78.43,78.225,78.23,581438.886271
2026-02-24T18:00:00.000Z,78.23,78.35,78.17,78.245,300339.40134299995
2026-02-24T18:15:00.000Z,78.245,78.305,78.205,78.245,338275.64512299997
2026-02-24T18:30:00.000Z,78.245,78.53,78.225,78.46,360014.694276
2026-02-24T18:45:00.000Z,78.455,78.525,78.4,78.52,295541.68640299997
2026-02-24T19:00:00.000Z,78.515,78.58,78.46,78.56,486868.56084099994
2026-02-24T19:15:00.000Z,78.56,78.56,78.365,78.435,282121.64817400003
2026-02-24T19:30:00.000Z,78.43,78.51,78.38,78.385,254317.382919
2026-02-24T19:45:00.000Z,78.39,78.43,78.285,78.335,293288.494676
2026-02-24T20:00:00.000Z,78.33,78.385,78.19,78.245,329292.085209
2026-02-24T20:15:00.000Z,78.245,78.295,78.2,78.235,524948.888507
2026-02-24T20:30:00.000Z,78.23,78.405,78.225,78.405,656323.1801959999
2026-02-24T20:45:00.000Z,78.405,78.405,78.055,78.15,1891633.593801
2026-02-25T14:30:00.000Z,78.45,78.86,78.26,78.47,768118.640202
2026-02-25T14:45:00.000Z,78.46,78.81,78.43,78.68,606925.858004
2026-02-25T15:00:00.000Z,78.685,78.745,78.52,78.71,1229870.5956930004
2026-02-25T15:15:00.000Z,78.73,78.85,78.43,78.72,939585.9197989999
2026-02-25T15:30:00.000Z,78.72,78.77,78.525,78.595,596765.9650790001
2026-02-25T15:45:00.000Z,78.6,78.835,78.6,78.817,440025.580755
2026-02-25T16:00:00.000Z,78.83,78.89,78.685,78.735,661215.3035599999
2026-02-25T16:15:00.000Z,78.735,78.735,78.3307,78.3742,441989.158661
2026-02-25T16:30:00.000Z,78.38,78.515,78.305,78.475,506753.94796300004
2026-02-25T16:45:00.000Z,78.48,78.845,78.4537,78.81,581695.4651609999
2026-02-25T17:00:00.000Z,78.81,78.84,78.71,78.825,316928.592365
2026-02-25T17:15:00.000Z,78.825,78.91,78.795,78.905,597170.852466
2026-02-25T17:30:00.000Z,78.91,79.11,78.91,79.075,384816.9158260001
2026-02-25T17:45:00.000Z,79.08,79.117,78.89,79.005,312192.52107799996
2026-02-25T18:00:00.000Z,79.01,79.055,78.845,78.865,310955.47604700003
2026-02-25T18:15:00.000Z,78.87,78.875,78.7,78.71,220813.642776
2026-02-25T18:30:00.000Z,78.71,78.78,78.6,78.6,256522.39982899997
2026-02-25T18:45:00.000Z,78.605,78.73,78.6,78.6997,342186.67550899996
2026-02-25T19:00:00.000Z,78.695,78.895,78.68,78.875,464090.257954
2026-02-25T19:15:00.000Z,78.875,78.99,78.795,78.977,347764.319784
2026-02-25T19:30:00.000Z,78.99,79.04,78.925,78.965,424930.722368
2026-02-25T19:45:00.000Z,78.965,79.05,78.92,79.015,320520.8521180001
2026-02-25T20:00:00.000Z,79.02,79.1,78.97,79.1,433586.519981
2026-02-25T20:15:00.000Z,79.095,79.33,79.075,79.23,783537.7148979999
2026-02-25T20:30:00.000Z,79.225,79.42,79.21,79.38,834801.0624279999
2026-02-25T20:45:00.000Z,79.38,79.395,79,79.12,2256416.665071
2026-02-26T14:30:00.000Z,78.94,79.3396,78.85,79.12,1136634.023235
2026-02-26T14:45:00.000Z,79.115,79.17,78.605,78.74,957797.8359800001
2026-02-26T15:00:00.000Z,78.74,78.868,78.485,78.485,777464.1131419999
2026-02-26T15:15:00.000Z,78.48,78.48,77.72,77.89,742365.656761
2026-02-26T15:30:00.000Z,77.885,78.32,77.8,78.19,693300.6507250001
2026-02-26T15:45:00.000Z,78.19,78.31,78.01,78.13,581174.2225230001
2026-02-26T16:00:00.000Z,78.1399,78.18,77.97,78.17,444733.53612799995
2026-02-26T16:15:00.000Z,78.17,78.53,78.16,78.43,815099.799059
2026-02-26T16:30:00.000Z,78.42,78.465,78.23,78.335,589975.695399
2026-02-26T16:45:00.000Z,78.335,78.34,78.075,78.245,424754.0117670001
2026-02-26T17:00:00.000Z,78.24,78.305,78.075,78.105,365700.1969200001
2026-02-26T17:15:00.000Z,78.1,78.1799,78,78.055,440352.529923
2026-02-26T17:30:00.000Z,78.055,78.15,77.995,78,273010.676553
2026-02-26T17:45:00.000Z,78,78,77.775,77.92,288305.918404
2026-02-26T18:00:00.000Z,77.925,78.04,77.885,78.01,232961.792682
2026-02-26T18:15:00.000Z,78,78.18,77.97,78.15,207558.583315
2026-02-26T18:30:00.000Z,78.15,78.34,78.06,78.315,303399.845551
2026-02-26T18:45:00.000Z,78.315,78.375,78.22,78.295,239607.17171799997
2026-02-26T19:00:00.000Z,78.295,78.4197,78.215,78.345,407795.51066200004
2026-02-26T19:15:00.000Z,78.345,78.41,78.21,78.24,253294.087962
2026-02-26T19:30:00.000Z,78.235,78.3665,78.235,78.35,270726.08978900005
2026-02-26T19:45:00.000Z,78.345,78.4099,78.2201,78.27,306595.004806
2026-02-26T20:00:00.000Z,78.26,78.36,78.19,78.285,400206.20531
2026-02-26T20:15:00.000Z,78.28,78.41,78.14,78.15,316974.583503
2026-02-26T20:30:00.000Z,78.16,78.2,77.98,78.065,445284.30189699994
2026-02-26T20:45:00.000Z,78.065,78.19,78,78.14,1440586.545189
2026-02-27T14:30:00.000Z,77.65,78.12,77.07,77.21,1651980.4583339998
2026-02-27T14:45:00.000Z,77.23,77.495,77.13,77.305,725370.317723
2026-02-27T15:00:00.000Z,77.3,78.02,77.25,77.83,622679.591962
2026-02-27T15:15:00.000Z,77.84,77.975,77.765,77.91,503453.918914
2026-02-27T15:30:00.000Z,77.91,78.13,77.79,78.12,413007.14450099994
2026-02-27T15:45:00.000Z,78.13,78.22,77.93,78.135,461734.417065
2026-02-27T16:00:00.000Z,78.135,78.39,78.07,78.375,422412.0408490001
2026-02-27T16:15:00.000Z,78.375,78.46,78.25,78.42,314349.561287
2026-02-27T16:30:00.000Z,78.41,78.52,78.375,78.395,324970.487743
2026-02-27T16:45:00.000Z,78.395,78.72,78.35,78.56,443174.255682
2026-02-27T17:00:00.000Z,78.565,78.78,78.5537,78.6,274941.377065
2026-02-27T17:15:00.000Z,78.6,78.7525,78.515,78.75,367560.851489
2026-02-27T17:30:00.000Z,78.75,78.89,78.67,78.68,343963.49143000005
2026-02-27T17:45:00.000Z,78.685,78.81,78.62,78.805,230812.45974
2026-02-27T18:00:00.000Z,78.81,78.835,78.66,78.67,242360.54174199997
2026-02-27T18:15:00.000Z,78.67,78.88,78.63,78.855,324542.15096999996
2026-02-27T18:30:00.000Z,78.865,79.05,78.83,79.0097,307180.345946
2026-02-27T18:45:00.000Z,79.005,79.05,78.7903,78.815,327804.492691
2026-02-27T19:00:00.000Z,78.81,79,78.745,78.82,618262.536853
2026-02-27T19:15:00.000Z,78.815,78.905,78.755,78.77,364523.674122
2026-02-27T19:30:00.000Z,78.76,78.96,78.715,78.87,479296.741977
2026-02-27T19:45:00.000Z,78.865,78.9,78.69,78.89,517949.435587
2026-02-27T20:00:00.000Z,78.89,79.225,78.89,79.21,548908.918316
2026-02-27T20:15:00.000Z,79.21,79.24,78.995,79.02,512409.924305
2026-02-27T20:30:00.000Z,79.02,79.05,78.83,78.955,574134.305961
2026-02-27T20:45:00.000Z,78.95,79.53,78.93,79.49,3665140.044369
2026-03-02T14:30:00.000Z,78.745,78.925,78.32,78.705,867317.1299600002
2026-03-02T14:45:00.000Z,78.69,78.83,78.24,78.25,624868.710542
2026-03-02T15:00:00.000Z,78.24,78.65,78.03,78.54,843985.8433610002
2026-03-02T15:15:00.000Z,78.545,78.635,77.855,77.895,670528.9621199999
2026-03-02T15:30:00.000Z,77.91,78.15,77.69,78.09,548407.0484900001
2026-03-02T15:45:00.000Z,78.09,78.095,77.875,78.01,639454.0176930001
2026-03-02T16:00:00.000Z,78,78.54,78,78.46,411385.63936399994
2026-03-02T16:15:00.000Z,78.47,78.475,78.02,78.1,413588.45002299995
2026-03-02T16:30:00.000Z,78.1,78.47,77.99,78.455,407025.7127840001
2026-03-02T16:45:00.000Z,78.45,78.47,78.33,78.39,314702.196319
2026-03-02T17:00:00.000Z,78.4,78.58,78.33,78.53,281420.265696
2026-03-02T17:15:00.000Z,78.54,78.595,78.495,78.5068,201556.643349
2026-03-02T17:30:00.000Z,78.51,78.615,78.455,78.61,250531.769452
2026-03-02T17:45:00.000Z,78.615,78.75,78.54,78.73,291835.368669
2026-03-02T18:00:00.000Z,78.73,78.77,78.54,78.75,289361.12793
2026-03-02T18:15:00.000Z,78.745,78.815,78.635,78.78,300857.49824000004
2026-03-02T18:30:00.000Z,78.775,78.87,78.745,78.83,329180.345005
2026-03-02T18:45:00.000Z,78.835,78.84,78.69,78.775,365867.82165199996
2026-03-02T19:00:00.000Z,78.775,79.06,78.76,79.03,523598.6562689999
2026-03-02T19:15:00.000Z,79.02,79.15,78.995,79.065,293406.04189399997
2026-03-02T19:30:00.000Z,79.07,79.24,79.0639,79.15,478705.3658660001
2026-03-02T19:45:00.000Z,79.155,79.3,79.155,79.205,404549.492018
2026-03-02T20:00:00.000Z,79.2044,79.22,78.79,78.9,920759.5047589999
2026-03-02T20:15:00.000Z,78.89,79.02,78.795,78.875,595815.219435
2026-03-02T20:30:00.000Z,78.875,79.1,78.82,79.085,704045.6076430001
2026-03-02T20:45:00.000Z,79.08,79.515,79.06,79.405,2397979.063727
2026-03-03T14:30:00.000Z,78.38,78.87,78.01,78.355,890982.6700210001
2026-03-03T14:45:00.000Z,78.37,78.69,78.2,78.29,633954.3013429998
2026-03-03T15:00:00.000Z,78.28,78.5,78.11,78.325,664059.4678049999
2026-03-03T15:15:00.000Z,78.3223,78.36,77.57,77.625,525018.824145
2026-03-03T15:30:00.000Z,77.625,77.825,77.6,77.78,528339.0882689999
2026-03-03T15:45:00.000Z,77.77,78.12,77.625,78.115,567823.708978
2026-03-03T16:00:00.000Z,78.115,78.47,78.05,78.46,399797.75903300004
2026-03-03T16:15:00.000Z,78.45,78.595,78.32,78.38,407338.24020099995
2026-03-03T16:30:00.000Z,78.37,78.735,78.17,78.7,360174.944549
2026-03-03T16:45:00.000Z,78.695,78.94,78.695,78.8,304527.037284
2026-03-03T17:00:00.000Z,78.795,78.91,78.67,78.745,489869.421854
2026-03-03T17:15:00.000Z,78.745,78.94,78.6401,78.87,296584.70761399996
2026-03-03T17:30:00.000Z,78.86,78.93,78.64,78.925,232345.966196
2026-03-03T17:45:00.000Z,78.92,78.9321,78.75,78.82,219008.75590599998
2026-03-03T18:00:00.000Z,78.83,79.1,78.83,78.98,264842.72395700007
2026-03-03T18:15:00.000Z,78.98,79.25,78.97,79.145,284520.607545
2026-03-03T18:30:00.000Z,79.14,79.35,79.1,79.295,335576.59715200006
2026-03-03T18:45:00.000Z,79.29,79.44,79.1789,79.335,327302.072599
2026-03-03T19:00:00.000Z,79.34,79.42,79.06,79.175,305574.830174
2026-03-03T19:15:00.000Z,79.18,79.36,79.05,79.075,315609.454236
2026-03-03T19:30:00.000Z,79.08,79.33,78.985,79.265,409465.2802990001
2026-03-03T19:45:00.000Z,79.27,79.34,78.97,79.06,331812.31424200005
2026-03-03T20:00:00.000Z,79.065,79.23,79.01,79.105,289615.648274
2026-03-03T20:15:00.000Z,79.105,79.195,79.01,79.16,370534.29387700005
2026-03-03T20:30:00.000Z,79.16,79.175,78.985,79.075,364227.51011399995
2026-03-03T20:45:00.000Z,79.07,79.1,78.85,78.95,1149536.0590569999
2026-03-04T14:30:00.000Z,79.2,80.11,78.53,79.15,996884.0999559999
2026-03-04T14:45:00.000Z,79.1,79.35,79,79.26,362487.18400700006
2026-03-04T15:00:00.000Z,79.24,79.68,79.237,79.67,509602.786039
2026-03-04T15:15:00.000Z,79.67,79.88,79.67,79.83,486583.58991000016
2026-03-04T15:30:00.000Z,79.82,79.95,79.705,79.82,372058.6247590001
2026-03-04T15:45:00.000Z,79.815,79.93,79.665,79.91,441177.11319
2026-03-04T16:00:00.000Z,79.915,80.17,79.62,79.685,441595.375322
2026-03-04T16:15:00.000Z,79.68,79.845,79.53,79.78,368054.47134899994
2026-03-04T16:30:00.000Z,79.78,80.07,79.76,80.035,585580.644993
2026-03-04T16:45:00.000Z,80.04,80.09,79.8379,79.888,319067.62262599997
2026-03-04T17:00:00.000Z,79.88,80.01,79.705,79.83,383891.1439000001
2026-03-04T17:15:00.000Z,79.83,79.945,79.82,79.8962,288392.021098
2026-03-04T17:30:00.000Z,79.895,80.03,79.805,80.025,338630.05977899994
2026-03-04T17:45:00.000Z,80.025,80.22,80.025,80.175,353973.47839
2026-03-04T18:00:00.000Z,80.175,80.325,80.17,80.275,309837.427567
2026-03-04T18:15:00.000Z,80.275,80.495,80.205,80.445,406230.2228670001
2026-03-04T18:30:00.000Z,80.445,80.54,80.4,80.4401,344039.853197
2026-03-04T18:45:00.000Z,80.44,80.615,80.41,80.56,711201.342443
2026-03-04T19:00:00.000Z,80.56,80.66,80.505,80.57,468932.7657949999
2026-03-04T19:15:00.000Z,80.575,80.71,80.555,80.655,479176.724788
2026-03-04T19:30:00.000Z,80.655,80.79,80.52,80.7,528092.407758
2026-03-04T19:45:00.000Z,80.695,80.71,80.565,80.625,390761.96753300005
2026-03-04T20:00:00.000Z,80.62,80.67,80.445,80.53,535832.2830770001
2026-03-04T20:15:00.000Z,80.52,80.645,80.515,80.625,489181.84362900007
2026-03-04T20:30:00.000Z,80.62,80.87,80.57,80.805,727622.179041
2026-03-04T20:45:00.000Z,80.805,80.96,80.75,80.84,2852072.5957110003
2026-03-05T14:30:00.000Z,79.99,80.36,79.97,80.12,1120380.411133
2026-03-05T14:45:00.000Z,80.125,81.03,80.05,81.005,721334.2469710001
2026-03-05T15:00:00.000Z,81.005,81.165,80.81,81.08,996367.182237
2026-03-05T15:15:00.000Z,81.08,81.165,80.5098,80.61,621547.968464
2026-03-05T15:30:00.000Z,80.62,80.75,80.26,80.56,609708.4248979999
2026-03-05T15:45:00.000Z,80.565,80.64,80.44,80.54,653597.8028190001
2026-03-05T16:00:00.000Z,80.535,80.55,79.92,79.92,523709.6539000001
2026-03-05T16:15:00.000Z,79.93,79.94,79.17,79.17,645027.2486389999
2026-03-05T16:30:00.000Z,79.17,79.69,79.06,79.56,931395.382186
2026-03-05T16:45:00.000Z,79.57,79.78,79.3,79.65,578798.744579
2026-03-05T17:00:00.000Z,79.66,79.81,79.455,79.62,724944.758367
2026-03-05T17:15:00.000Z,79.62,79.71,79.37,79.62,530866.510137
2026-03-05T17:30:00.000Z,79.63,79.645,79.165,79.255,595869.4897990001
2026-03-05T17:45:00.000Z,79.25,79.4101,79.23,79.31,544631.7006689999
2026-03-05T18:00:00.000Z,79.31,79.71,79.27,79.65,535322.168638
2026-03-05T18:15:00.000Z,79.64,79.73,79.545,79.655,835308.4417479999
2026-03-05T18:30:00.000Z,79.655,79.74,79.35,79.37,524054.39834200003
2026-03-05T18:45:00.000Z,79.37,79.445,79.12,79.19,481751.049952
2026-03-05T19:00:00.000Z,79.19,79.32,79.15,79.31,408856.888834
2026-03-05T19:15:00.000Z,79.31,79.31,79.08,79.16,519128.92298300005
2026-03-05T19:30:00.000Z,79.15,79.29,79.06,79.275,393049.06684299995
2026-03-05T19:45:00.000Z,79.27,79.27,79.05,79.195,441355.292169
2026-03-05T20:00:00.000Z,79.195,79.415,79.12,79.39,579233.981457
2026-03-05T20:15:00.000Z,79.39,79.675,79.39,79.54,654891.2298830001
2026-03-05T20:30:00.000Z,79.54,79.695,79.5,79.58,459296.5006940001
2026-03-05T20:45:00.000Z,79.59,80.08,79.48,79.979,2314463.629679
2026-03-06T14:30:00.000Z,78.515,79.515,78.515,78.915,1358274.5977299998
2026-03-06T14:45:00.000Z,78.91,79.13,78.63,78.77,518487.534138
2026-03-06T15:00:00.000Z,78.78,79.1,78.67,79.1,514006.318948
2026-03-06T15:15:00.000Z,79.11,79.45,78.98,79.31,415048.672877
2026-03-06T15:30:00.000Z,79.31,79.38,79.13,79.21,442530.6353659999
2026-03-06T15:45:00.000Z,79.21,79.21,78.73,78.98,409151.7507009999
2026-03-06T16:00:00.000Z,78.99,79.305,78.98,79.285,590743.5540420001
2026-03-06T16:15:00.000Z,79.285,79.42,79.02,79.085,1022255.2448850002
2026-03-06T16:30:00.000Z,79.08,79.085,78.79,78.805,1113278.051528
2026-03-06T16:45:00.000Z,78.81,79,78.715,78.9,723050.795131
2026-03-06T17:00:00.000Z,78.9,78.93,78.505,78.59,1190298.4689359998
2026-03-06T17:15:00.000Z,78.605,78.835,78.51,78.585,477778.94276
2026-03-06T17:30:00.000Z,78.58,78.645,78.41,78.585,629285.6019189998
2026-03-06T17:45:00.000Z,78.59,78.915,78.59,78.8,369022.12996099994
2026-03-06T18:00:00.000Z,78.78,79.16,78.74,79.125,223259.30680499997
2026-03-06T18:15:00.000Z,79.12,79.17,79.015,79.095,265929.104305
2026-03-06T18:30:00.000Z,79.1,79.16,78.97,78.995,207489.14573
2026-03-06T18:45:00.000Z,79.0058,79.03,78.765,78.815,287603.632192
2026-03-06T19:00:00.000Z,78.82,78.9708,78.81,78.92,293325.778527
2026-03-06T19:15:00.000Z,78.92,79.045,78.8,78.98,351952.26281099994
2026-03-06T19:30:00.000Z,78.97,79.145,78.885,79,278549.2197
2026-03-06T19:45:00.000Z,78.995,79.02,78.88,78.945,282414.13381
2026-03-06T20:00:00.000Z,78.94,79.005,78.705,78.865,360325.945838
2026-03-06T20:15:00.000Z,78.865,78.865,78.58,78.6199,509865.249107
2026-03-06T20:30:00.000Z,78.615,78.65,78.35,78.5651,905526.8960719998
2026-03-06T20:45:00.000Z,78.565,78.71,78.44,78.64,2284030.914367
2026-03-09T13:30:00.000Z,77.18,77.56,76.215,76.5,2121635.069836
2026-03-09T13:45:00.000Z,76.45,76.61,75.68,75.93,1578955.5617119998
2026-03-09T14:00:00.000Z,75.91,76.195,75.4,75.495,1313673.921768
2026-03-09T14:15:00.000Z,75.495,75.78,75.25,75.41,2206728.234364
2026-03-09T14:30:00.000Z,75.415,75.7,75.2007,75.69,1657763.4735420002
2026-03-09T14:45:00.000Z,75.68,76,75.6,75.745,1273428.792531
2026-03-09T15:00:00.000Z,75.745,75.8,75.45,75.53,816148.129032
2026-03-09T15:15:00.000Z,75.53,75.895,75.505,75.87,989767.417578
2026-03-09T15:30:00.000Z,75.87,75.91,75.54,75.83,567925.143681
2026-03-09T15:45:00.000Z,75.8387,76.025,75.595,75.825,640459.5522159999
2026-03-09T16:00:00.000Z,75.825,75.98,75.66,75.785,745256.401958
2026-03-09T16:15:00.000Z,75.78,76.07,75.615,76.05,714171.9614740001
2026-03-09T16:30:00.000Z,76.055,76.39,75.91,76.33,811788.084103
2026-03-09T16:45:00.000Z,76.33,76.53,76.235,76.3,851982.1780940001
2026-03-09T17:00:00.000Z,76.3,76.37,76.19,76.28,440383.872621
2026-03-09T17:15:00.000Z,76.28,76.28,75.965,76.13,553677.6506669999
2026-03-09T17:30:00.000Z,76.125,76.16,76,76.095,494027.8728390001
2026-03-09T17:45:00.000Z,76.095,76.185,75.845,75.855,403162.275067
2026-03-09T18:00:00.000Z,75.86,75.94,75.75,75.9,434280.33762
2026-03-09T18:15:00.000Z,75.9,76.01,75.665,75.685,467152.6249559999
2026-03-09T18:30:00.000Z,75.685,75.84,75.65,75.695,447652.54428499995
2026-03-09T18:45:00.000Z,75.695,75.71,75.425,75.43,336554.86950699997
2026-03-09T19:00:00.000Z,75.44,75.62,75.405,75.62,372838.904063
2026-03-09T19:15:00.000Z,75.625,76.46,75.625,76.365,1723676.832225
2026-03-09T19:30:00.000Z,76.365,76.7,76.22,76.455,2469973.621728
2026-03-09T19:45:00.000Z,76.45,76.5,76.02,76.2,3009417.323929
2026-03-10T13:30:00.000Z,77.14,78.4922,77.1,78.205,1968293.7158799998
2026-03-10T13:45:00.000Z,78.22,78.33,77.46,77.58,621585.12428
2026-03-10T14:00:00.000Z,77.57,78.15,77.45,78.09,659841.6360580001
2026-03-10T14:15:00.000Z,78.09,78.39,77.97,78.28,618674.638565
2026-03-10T14:30:00.000Z,78.29,78.93,78.29,78.805,682568.53724
2026-03-10T14:45:00.000Z,78.805,78.96,78.7618,78.83,575897.714606
2026-03-10T15:00:00.000Z,78.825,78.895,78.615,78.7,423489.036121
2026-03-10T15:15:00.000Z,78.71,78.995,78.71,78.985,458442.21082200005
2026-03-10T15:30:00.000Z,78.99,79.01,78.78,78.825,333411.044733
2026-03-10T15:45:00.000Z,78.825,78.88,78.72,78.7601,303770.31545600004
2026-03-10T16:00:00.000Z,78.76,78.76,78.405,78.54,298836.64575900004
2026-03-10T16:15:00.000Z,78.54,78.645,78.465,78.51,373526.507217
2026-03-10T16:30:00.000Z,78.51,78.65,78.5,78.585,1830978.4650869998
2026-03-10T16:45:00.000Z,78.585,78.635,78.47,78.5551,387052.4361829999
2026-03-10T17:00:00.000Z,78.55,78.61,78.345,78.45,274733.60393399996
2026-03-10T17:15:00.000Z,78.45,78.63,78.41,78.6,318811.66383499996
2026-03-10T17:30:00.000Z,78.6,78.61,78.255,78.425,378460.67598700005
2026-03-10T17:45:00.000Z,78.43,78.615,78.39,78.55,262437.900614
2026-03-10T18:00:00.000Z,78.55,78.81,78.36,78.36,640470.1453300001
2026-03-10T18:15:00.000Z,78.35,78.5,78.07,78.32,546787.4431099999
2026-03-10T18:30:00.000Z,78.33,78.485,78.18,78.25,300464.36589899997
2026-03-10T18:45:00.000Z,78.25,78.46,78.24,78.285,266303.064346
2026-03-10T19:00:00.000Z,78.285,78.365,78.2,78.29,430564.66079700005
2026-03-10T19:15:00.000Z,78.29,78.445,77.97,77.988,528209.1318259999
2026-03-10T19:30:00.000Z,77.98,78.18,77.9,78.085,682221.9433129999
2026-03-10T19:45:00.000Z,78.085,78.1,77.5,77.72,2551530.150668
2026-03-11T13:30:00.000Z,77.635,77.87,77.25,77.565,706793.8800860001
2026-03-11T13:45:00.000Z,77.55,77.695,77.32,77.51,433776.0467179999
2026-03-11T14:00:00.000Z,77.51,77.89,77.46,77.63,421948.791116
2026-03-11T14:15:00.000Z,77.62,77.64,77.12,77.32,481772.92418900004
2026-03-11T14:30:00.000Z,77.33,77.445,77.125,77.42,383965.97233699996
2026-03-11T14:45:00.000Z,77.405,78.06,77.335,78.06,608682.036139
2026-03-11T15:00:00.000Z,78.06,78.195,77.95,78.18,1205101.8084099998
2026-03-11T15:15:00.000Z,78.1701,78.19,77.92,77.97,445188.73364000005
2026-03-11T15:30:00.000Z,77.96,78.1155,77.9,78.005,402671.65053099993
2026-03-11T15:45:00.000Z,77.99,78.315,77.94,78.2251,358955.669238
2026-03-11T16:00:00.000Z,78.22,78.22,77.84,78.12,424904.9666279999
2026-03-11T16:15:00.000Z,78.1,78.22,78.02,78.15,252166.22688099998
2026-03-11T16:30:00.000Z,78.145,78.4,78.145,78.27,216140.75808200001
2026-03-11T16:45:00.000Z,78.26,78.345,78.195,78.29,320015.951956
2026-03-11T17:00:00.000Z,78.29,78.43,78.1,78.2,353782.592799
2026-03-11T17:15:00.000Z,78.19,78.385,78.11,78.35,254279.009129
2026-03-11T17:30:00.000Z,78.355,78.44,78.0576,78.29,340543.517105
2026-03-11T17:45:00.000Z,78.29,78.495,78.25,78.36,218007.80718699997
2026-03-11T18:00:00.000Z,78.35,78.395,78,78.09,237711.427325
2026-03-11T18:15:00.000Z,78.095,78.235,78.02,78.12,214694.935743
2026-03-11T18:30:00.000Z,78.115,78.17,78.06,78.1,248016.20705000003
2026-03-11T18:45:00.000Z,78.1098,78.27,78.07,78.25,214627.45493599997
2026-03-11T19:00:00.000Z,78.26,78.295,78.12,78.155,284655.605631
2026-03-11T19:15:00.000Z,78.155,78.365,78.09,78.32,437855.872189
2026-03-11T19:30:00.000Z,78.32,78.365,78.2,78.24,433109.83976600005
2026-03-11T19:45:00.000Z,78.25,78.25,78.025,78.09,1310556.1533439998
2026-03-12T13:30:00.000Z,76.95,77.96,76.95,77.705,975885.735277
2026-03-12T13:45:00.000Z,77.69,77.7,77.11,77.155,566560.2435140001
2026-03-12T14:00:00.000Z,77.16,77.55,77.1,77.505,379830.57314899995
2026-03-12T14:15:00.000Z,77.51,77.52,76.98,77.01,438500.95253
2026-03-12T14:30:00.000Z,77.01,77.33,77.01,77.32,270115.75863500003
2026-03-12T14:45:00.000Z,77.315,77.56,77.16,77.21,355380.85520299996
2026-03-12T15:00:00.000Z,77.235,77.34,77.13,77.27,268249.24605099997
2026-03-12T15:15:00.000Z,77.265,77.415,77.08,77.4,700149.955181
2026-03-12T15:30:00.000Z,77.4,77.8,77.2499,77.77,342534.146244
2026-03-12T15:45:00.000Z,77.76,77.83,77.5507,77.79,360053.11659700004
2026-03-12T16:00:00.000Z,77.785,77.98,77.631,77.82,420764.41247400007
2026-03-12T16:15:00.000Z,77.825,78.13,77.76,77.79,364330.778251
2026-03-12T16:30:00.000Z,77.79,77.9199,77.73,77.785,300564.675911
2026-03-12T16:45:00.000Z,77.78,77.78,77.51,77.5402,322397.33497
2026-03-12T17:00:00.000Z,77.545,77.819,77.52,77.62,272998.791565
2026-03-12T17:15:00.000Z,77.615,77.73,77.56,77.635,256292.121396
2026-03-12T17:30:00.000Z,77.635,77.83,77.56,77.76,332523.844742
2026-03-12T17:45:00.000Z,77.765,77.91,77.69,77.825,365451.202639
2026-03-12T18:00:00.000Z,77.83,78.025,77.83,78.005,327689.62382599997
2026-03-12T18:15:00.000Z,78.01,78.055,77.81,77.865,274506.54005
2026-03-12T18:30:00.000Z,77.86,77.87,77.685,77.77,259028.313878
2026-03-12T18:45:00.000Z,77.775,77.785,77.655,77.7,321772.006213
2026-03-12T19:00:00.000Z,77.715,77.805,77.64,77.755,372627.01316699997
2026-03-12T19:15:00.000Z,77.755,77.97,77.72,77.93,382899.60952
2026-03-12T19:30:00.000Z,77.93,77.975,77.77,77.81,451874.600762
2026-03-12T19:45:00.000Z,77.81,77.82,77.615,77.74,1488245.564767
2026-03-13T13:30:00.000Z,78.07,79.18,78.07,79.16,856398.6967699998
2026-03-13T13:45:00.000Z,79.155,79.22,78.96,79.11,501985.3036429999
2026-03-13T14:00:00.000Z,79.12,79.26,78.705,78.705,364889.57547899993
2026-03-13T14:15:00.000Z,78.7,79.015,78.5897,78.99,387527.577542
2026-03-13T14:30:00.000Z,78.99,79.09,78.51,78.52,350686.564565
2026-03-13T14:45:00.000Z,78.52,78.6375,78.22,78.24,435784.31519500003
2026-03-13T15:00:00.000Z,78.255,78.36,78.05,78.31,356085.37327800004
2026-03-13T15:15:00.000Z,78.32,78.33,77.97,77.985,295858.75369299995
2026-03-13T15:30:00.000Z,77.99,78.21,77.935,78.04,557512.256054
2026-03-13T15:45:00.000Z,78.05,78.32,78.04,78.08,488582.54648400005
2026-03-13T16:00:00.000Z,78.075,78.23,78.03,78.13,295433.112553
2026-03-13T16:15:00.000Z,78.13,78.18,78.04,78.115,262194.37584800005
2026-03-13T16:30:00.000Z,78.12,78.4,78.12,78.315,880610.1902519999
2026-03-13T16:45:00.000Z,78.32,78.575,78.275,78.305,484708.25626700005
2026-03-13T17:00:00.000Z,78.32,78.745,78.29,78.745,521189.634084
2026-03-13T17:15:00.000Z,78.75,78.8,78.5,78.625,371276.586308
2026-03-13T17:30:00.000Z,78.625,78.64,78.45,78.5436,331255.60884999996
2026-03-13T17:45:00.000Z,78.555,78.57,78.37,78.53,369407.494732
2026-03-13T18:00:00.000Z,78.54,78.65,78.47,78.63,407712.1830910001
2026-03-13T18:15:00.000Z,78.63,78.75,78.57,78.7,482753.040007
2026-03-13T18:30:00.000Z,78.7,78.895,78.61,78.835,445686.5962860001
2026-03-13T18:45:00.000Z,78.83,78.86,78.615,78.65,366517.27851599996
2026-03-13T19:00:00.000Z,78.645,78.69,78.285,78.305,533153.6890169999
2026-03-13T19:15:00.000Z,78.305,78.335,78.08,78.095,449840.2611630001
2026-03-13T19:30:00.000Z,78.1,78.21,77.97,78.21,809362.9371969999
2026-03-13T19:45:00.000Z,78.21,78.36,78.0899,78.33,3480286.13251
2026-03-16T13:30:00.000Z,78.92,79.05,78.19,78.785,782303.154904
2026-03-16T13:45:00.000Z,78.77,79.08,78.77,79.06,502455.27220600005
2026-03-16T14:00:00.000Z,79.06,79.12,78.91,79.08,514999.6639500001
2026-03-16T14:15:00.000Z,79.08,79.16,78.64,78.64,415446.106854
2026-03-16T14:30:00.000Z,78.635,78.6699,78.395,78.41,406278.49064000003
2026-03-16T14:45:00.000Z,78.41,78.545,78.2401,78.545,358259.39600500005
2026-03-16T15:00:00.000Z,78.545,78.69,78.455,78.685,362154.60206999996
2026-03-16T15:15:00.000Z,78.68,78.905,78.605,78.785,278493.697324
2026-03-16T15:30:00.000Z,78.79,78.85,78.72,78.72,258313.954639
2026-03-16T15:45:00.000Z,78.73,78.9,78.68,78.75,334342.87737000006
2026-03-16T16:00:00.000Z,78.75,78.955,78.705,78.905,346957.586271
2026-03-16T16:15:00.000Z,78.905,78.945,78.47,78.66,396194.69217700005
2026-03-16T16:30:00.000Z,78.67,78.895,78.63,78.8,255174.80233300003
2026-03-16T16:45:00.000Z,78.79,78.81,78.62,78.63,246055.31895199997
2026-03-16T17:00:00.000Z,78.63,79.065,78.63,79.025,324705.27100099996
2026-03-16T17:15:00.000Z,79.025,79.17,78.99,79.1,249477.245851
2026-03-16T17:30:00.000Z,79.095,79.14,78.975,78.975,308186.05563099997
2026-03-16T17:45:00.000Z,78.975,79.085,78.88,79.02,338128.1950859999
2026-03-16T18:00:00.000Z,79.015,79.05,78.9,78.975,351068.699748
2026-03-16T18:15:00.000Z,78.975,79.135,78.975,79.065,374803.640078
2026-03-16T18:30:00.000Z,79.065,79.1199,78.98,79.045,320465.305211
2026-03-16T18:45:00.000Z,79.045,79.09,78.955,78.965,300674.544521
2026-03-16T19:00:00.000Z,78.965,79.11,78.855,78.91,455720.247389
2026-03-16T19:15:00.000Z,78.91,79.045,78.87,79.045,491401.99705999997
2026-03-16T19:30:00.000Z,79.05,79.105,78.86,78.885,653545.2098829999
2026-03-16T19:45:00.000Z,78.885,78.98,78.85,78.91,1815021.4189849999
2026-03-17T13:30:00.000Z,79.18,79.67,78.82,79.59,1064815.150887
2026-03-17T13:45:00.000Z,79.59,79.74,79.21,79.365,547145.2962339999
2026-03-17T14:00:00.000Z,79.365,79.48,79.155,79.2,348932.579711
2026-03-17T14:15:00.000Z,79.19,79.35,79.045,79.21,693003.98595
2026-03-17T14:30:00.000Z,79.215,79.695,79.16,79.685,416760.10138500005
2026-03-17T14:45:00.000Z,79.67,79.905,79.61,79.87,604334.839776
2026-03-17T15:00:00.000Z,79.875,79.89,79.4,79.4377,391352.928892
2026-03-17T15:15:00.000Z,79.44,79.54,79.38,79.405,262019.37665700002
2026-03-17T15:30:00.000Z,79.4,79.45,79.175,79.24,286485.327057
2026-03-17T15:45:00.000Z,79.24,79.57,79.22,79.49,460892.62451800006
2026-03-17T16:00:00.000Z,79.49,79.625,79.24,79.595,331375.809071
2026-03-17T16:15:00.000Z,79.6,79.735,79.53,79.725,322436.61651200004
2026-03-17T16:30:00.000Z,79.725,79.735,79.59,79.69,330113.49243399996
2026-03-17T16:45:00.000Z,79.695,79.8,79.63,79.705,326887.147535
2026-03-17T17:00:00.000Z,79.705,79.775,79.58,79.61,244535.24813500003
2026-03-17T17:15:00.000Z,79.6,79.865,79.55,79.865,306501.7047589999
2026-03-17T17:30:00.000Z,79.86,79.9069,79.75,79.84,256512.29656300004
2026-03-17T17:45:00.000Z,79.84,79.975,79.83,79.945,264274.366966
2026-03-17T18:00:00.000Z,79.95,80.05,79.84,79.975,477082.17090399994
2026-03-17T18:15:00.000Z,79.98,80.005,79.77,79.86,279816.77355499996
2026-03-17T18:30:00.000Z,79.85,79.96,79.7551,79.805,347736.17732099997
2026-03-17T18:45:00.000Z,79.8,79.905,79.735,79.8478,301191.12721
2026-03-17T19:00:00.000Z,79.85,79.855,79.525,79.6,487053.895886
2026-03-17T19:15:00.000Z,79.605,79.645,79.32,79.335,379369.03703199996
2026-03-17T19:30:00.000Z,79.33,79.62,79.21,79.535,999159.600844
2026-03-17T19:45:00.000Z,79.54,79.55,79.215,79.28,1761923.576957
2026-03-18T13:30:00.000Z,79.74,80,79.35,79.65,1372409.3369059998
2026-03-18T13:45:00.000Z,79.65,79.85,79.48,79.83,493764.577737
2026-03-18T14:00:00.000Z,79.83,80.0336,79.695,79.74,539221.9295730001
2026-03-18T14:15:00.000Z,79.725,79.78,78.87,78.88,481916.57668800006
2026-03-18T14:30:00.000Z,78.89,79.24,78.87,79.125,326884.655305
2026-03-18T14:45:00.000Z,79.125,79.355,79.1,79.33,284174.034075
2026-03-18T15:00:00.000Z,79.33,79.4,79.09,79.185,384216.2013850001
2026-03-18T15:15:00.000Z,79.19,79.27,78.88,79.015,276104.420027
2026-03-18T15:30:00.000Z,79.02,79.1199,79.01,79.07,435594.30528300005
2026-03-18T15:45:00.000Z,79.07,79.2578,78.965,79.215,249609.03244200005
2026-03-18T16:00:00.000Z,79.21,79.255,79.08,79.19,213623.06704999998
2026-03-18T16:15:00.000Z,79.18,79.2,79.025,79.111,242861.27837900002
2026-03-18T16:30:00.000Z,79.105,79.15,78.98,79.09,495654.181697
2026-03-18T16:45:00.000Z,79.075,79.09,78.55,78.57,533830.0333380001
2026-03-18T17:00:00.000Z,78.56,78.6,78.235,78.235,544977.751308
2026-03-18T17:15:00.000Z,78.234,78.36,78.1601,78.295,280859.198614
2026-03-18T17:30:00.000Z,78.295,78.455,78.26,78.38,293583.046727
2026-03-18T17:45:00.000Z,78.37,78.475,78.315,78.41,220890.60243600002
2026-03-18T18:00:00.000Z,78.42,78.56,78.18,78.36,361321.86705400003
2026-03-18T18:15:00.000Z,78.36,78.68,78.18,78.6579,779815.1738260001
2026-03-18T18:30:00.000Z,78.66,78.66,78.35,78.46,433821.027877
2026-03-18T18:45:00.000Z,78.44,78.46,78.16,78.165,379290.65161500004
2026-03-18T19:00:00.000Z,78.17,78.305,78.1346,78.215,373951.347697
2026-03-18T19:15:00.000Z,78.21,78.225,78.06,78.145,700433.2894530001
2026-03-18T19:30:00.000Z,78.145,78.17,77.815,77.865,699929.786844
2026-03-18T19:45:00.000Z,77.865,77.87,77.525,77.62,2251756.776838
2026-03-19T13:30:00.000Z,77.55,77.94,76.92,77.79,1091904.527309
2026-03-19T13:45:00.000Z,77.78,78.235,77.58,78.23,1010271.3433390001
2026-03-19T14:00:00.000Z,78.24,78.65,78.16,78.17,868193.4498339999
2026-03-19T14:15:00.000Z,78.19,78.23,77.795,77.84,575478.130983
2026-03-19T14:30:00.000Z,77.845,78.2,77.805,78.04,530084.4327240001
2026-03-19T14:45:00.000Z,78.04,78.34,78.04,78.0753,427655.91759699996
2026-03-19T15:00:00.000Z,78.07,78.43,78.05,78.415,517036.61332
2026-03-19T15:15:00.000Z,78.425,78.55,78.24,78.265,461623.979755
2026-03-19T15:30:00.000Z,78.26,78.27,77.93,78.01,332097.686544
2026-03-19T15:45:00.000Z,78.015,78.295,77.98,78.29,360484.667309
2026-03-19T16:00:00.000Z,78.3,78.43,78.24,78.35,323144.061528
2026-03-19T16:15:00.000Z,78.355,78.41,78.21,78.38,355735.31836499996
2026-03-19T16:30:00.000Z,78.375,78.525,78.335,78.505,325984.361659
2026-03-19T16:45:00.000Z,78.515,78.67,78.475,78.595,441741.9348030001
2026-03-19T17:00:00.000Z,78.59,78.635,78.3562,78.4,303934.167663
2026-03-19T17:15:00.000Z,78.4,78.695,78.39,78.585,284383.05757500004
2026-03-19T17:30:00.000Z,78.585,78.615,78.253,78.34,354707.21480700007
2026-03-19T17:45:00.000Z,78.33,78.58,78.29,78.435,279298.555931
2026-03-19T18:00:00.000Z,78.43,78.47,78.24,78.4,350266.64927600004
2026-03-19T18:15:00.000Z,78.39,78.42,78.12,78.13,317163.862428
2026-03-19T18:30:00.000Z,78.125,78.14,77.935,77.995,367537.29834399995
2026-03-19T18:45:00.000Z,77.99,78.365,77.97,78.32,348313.19143099996
2026-03-19T19:00:00.000Z,78.32,78.88,78.315,78.69,601166.995794
2026-03-19T19:15:00.000Z,78.69,78.77,78.3303,78.38,530174.380865
2026-03-19T19:30:00.000Z,78.395,78.5,78.265,78.43,584659.01373
2026-03-19T19:45:00.000Z,78.42,78.605,78.37,78.497,1711501.5184769998
2026-03-20T13:30:00.000Z,78.445,78.91,78.36,78.865,4300738.473452001
2026-03-20T13:45:00.000Z,78.88,79.04,77.9705,78,686157.392642
2026-03-20T14:00:00.000Z,78,78.17,77.72,77.755,568488.350251
2026-03-20T14:15:00.000Z,77.75,77.93,77.655,77.825,983338.6414350001
2026-03-20T14:30:00.000Z,77.83,78.25,77.8121,78.09,493787.02604799997
2026-03-20T14:45:00.000Z,78.09,78.12,77.69,78.055,528349.298995
2026-03-20T15:00:00.000Z,78.055,78.22,77.84,78.09,669724.709132
2026-03-20T15:15:00.000Z,78.09,78.41,78.02,78.125,581617.5737210001
2026-03-20T15:30:00.000Z,78.13,78.28,78.11,78.26,763008.442471
2026-03-20T15:45:00.000Z,78.26,78.29,78.145,78.235,375512.287972
2026-03-20T16:00:00.000Z,78.24,78.4,78.21,78.25,539000.512044
2026-03-20T16:15:00.000Z,78.25,78.36,78.195,78.205,351350.62409
2026-03-20T16:30:00.000Z,78.205,78.275,78.08,78.21,348743.396522
2026-03-20T16:45:00.000Z,78.205,78.375,78.1601,78.265,298343.42897400004
2026-03-20T17:00:00.000Z,78.27,78.36,78.17,78.265,284522.865993
2026-03-20T17:15:00.000Z,78.265,78.3,78.1,78.135,344019.794766
2026-03-20T17:30:00.000Z,78.13,78.21,77.95,78.125,459559.859953
2026-03-20T17:45:00.000Z,78.135,78.285,78.07,78.265,350321.934183
2026-03-20T18:00:00.000Z,78.27,78.3,78.17,78.2525,317077.653373
2026-03-20T18:15:00.000Z,78.26,78.285,78.04,78.26,1096125.5054489998
2026-03-20T18:30:00.000Z,78.26,78.31,77.955,77.97,883178.151272
2026-03-20T18:45:00.000Z,77.97,78.07,77.825,78.05,406179.47322499997
2026-03-20T19:00:00.000Z,78.06,78.31,78.055,78.275,775231.197738
2026-03-20T19:15:00.000Z,78.27,78.305,77.985,78.04,877764.6275519999
2026-03-20T19:30:00.000Z,78.05,78.065,77.5,77.665,1534962.325547
2026-03-20T19:45:00.000Z,77.665,77.96,76.71,77.665,6007587.97207
2026-03-23T13:30:00.000Z,78.64,79.08,78.42,78.79,1101774.155851
2026-03-23T13:45:00.000Z,78.77,78.95,78.59,78.9,568950.3850660002
2026-03-23T14:00:00.000Z,78.91,78.95,78.44,78.82,548772.156791
2026-03-23T14:15:00.000Z,78.83,79.33,78.83,79.125,470263.39789100003
2026-03-23T14:30:00.000Z,79.12,79.43,79.02,79.26,515687.8776250001
2026-03-23T14:45:00.000Z,79.27,79.43,79.18,79.3051,323950.50335700007
2026-03-23T15:00:00.000Z,79.31,79.51,79.27,79.42,293019.848059
2026-03-23T15:15:00.000Z,79.42,79.43,79.185,79.23,273622.88145
2026-03-23T15:30:00.000Z,79.24,79.325,79.05,79.23,387687.09065300005
2026-03-23T15:45:00.000Z,79.22,79.2851,78.805,78.8101,567622.201689
2026-03-23T16:00:00.000Z,78.81,79,78.7298,78.95,442506.73138599994
2026-03-23T16:15:00.000Z,78.95,78.98,78.55,78.595,335509.412081
2026-03-23T16:30:00.000Z,78.595,78.89,78.585,78.77,310766.0917040001
2026-03-23T16:45:00.000Z,78.76,78.84,78.67,78.75,242935.07377599998
2026-03-23T17:00:00.000Z,78.76,78.835,78.605,78.69,227229.052999
2026-03-23T17:15:00.000Z,78.69,78.74,78.54,78.685,179836.502701
2026-03-23T17:30:00.000Z,78.69,79.105,78.665,78.91,358861.95078700007
2026-03-23T17:45:00.000Z,78.9,78.995,78.745,78.99,215217.993027
2026-03-23T18:00:00.000Z,78.99,78.99,78.685,78.86,330923.47313199996
2026-03-23T18:15:00.000Z,78.855,78.86,78.65,78.755,208674.55518899995
2026-03-23T18:30:00.000Z,78.76,79.06,78.76,78.885,304450.842756
2026-03-23T18:45:00.000Z,78.9,78.98,78.875,78.955,203598.93459900003
2026-03-23T19:00:00.000Z,78.95,79,78.885,78.925,266481.00908300007
2026-03-23T19:15:00.000Z,78.935,78.96,78.815,78.8499,370593.3676280001
2026-03-23T19:30:00.000Z,78.85,79.06,78.85,79.06,447308.82381299994
2026-03-23T19:45:00.000Z,79.05,79.19,78.78,78.78,1530393.216025
2026-03-24T13:30:00.000Z,78.37,78.84,78.13,78.49,689341.395806
2026-03-24T13:45:00.000Z,78.51,79.12,78.5,79.11,456814.84928100003
2026-03-24T14:00:00.000Z,79.105,79.58,79.055,79.51,534469.4385439999
2026-03-24T14:15:00.000Z,79.52,79.78,79.31,79.73,511907.252827
2026-03-24T14:30:00.000Z,79.725,79.82,79.605,79.82,434308.9806159999
2026-03-24T14:45:00.000Z,79.81,80,79.255,79.42,907876.9651830001
2026-03-24T15:00:00.000Z,79.42,80.04,79.41,80.01,540361.065431
2026-03-24T15:15:00.000Z,80.01,80.29,79.96,80.25,375548.783773
2026-03-24T15:30:00.000Z,80.25,80.565,80.22,80.565,312536.97070500004
2026-03-24T15:45:00.000Z,80.565,80.63,80.19,80.41,401138.946946
2026-03-24T16:00:00.000Z,80.41,80.705,80.39,80.68,404438.545123
2026-03-24T16:15:00.000Z,80.68,80.8599,80.67,80.78,451246.17925499997
2026-03-24T16:30:00.000Z,80.77,80.81,80.265,80.3797,447735.10366500006
2026-03-24T16:45:00.000Z,80.38,80.455,80.13,80.205,468482.20317799994
2026-03-24T17:00:00.000Z,80.205,80.37,79.98,80.045,322206.0877699999
2026-03-24T17:15:00.000Z,80.035,80.15,79.97,80.1,204833.22966799999
2026-03-24T17:30:00.000Z,80.095,80.16,79.98,80.025,244252.33851999996
2026-03-24T17:45:00.000Z,80.025,80.37,80.005,80.32,367029.585379
2026-03-24T18:00:00.000Z,80.33,80.41,80.28,80.32,334152.47968
2026-03-24T18:15:00.000Z,80.32,80.515,80.225,80.465,276283.14966500003
2026-03-24T18:30:00.000Z,80.46,80.7,80.41,80.525,370580.37103800004
2026-03-24T18:45:00.000Z,80.53,80.57,80.365,80.445,331154.453548
2026-03-24T19:00:00.000Z,80.445,80.595,80.41,80.595,487478.753843
2026-03-24T19:15:00.000Z,80.6,80.63,80.465,80.485,530336.9751899999
2026-03-24T19:30:00.000Z,80.49,80.815,80.44,80.765,804690.935135
2026-03-24T19:45:00.000Z,80.76,80.935,80.62,80.89,2318284.6615470005
2026-03-25T13:30:00.000Z,81,81.96,80.89,81.96,1335202.638698
2026-03-25T13:45:00.000Z,81.965,82.01,81.44,81.59,957404.975219
2026-03-25T14:00:00.000Z,81.6,82.05,81.25,82.015,751422.7789089999
2026-03-25T14:15:00.000Z,82.02,82.6,81.87,82.51,1376951.0063340003
2026-03-25T14:30:00.000Z,82.52,82.68,82.3,82.32,1296549.707614
2026-03-25T14:45:00.000Z,82.3,82.35,81.95,81.96,544000.5977180001
2026-03-25T15:00:00.000Z,81.96,82.17,81.91,82.065,469089.5580529999
2026-03-25T15:15:00.000Z,82.06,82.29,81.77,82.1836,645566.6724719999
2026-03-25T15:30:00.000Z,82.18,82.295,82.01,82.1,582717.5053600001
2026-03-25T15:45:00.000Z,82.09,82.12,81.6901,81.74,807069.307236
2026-03-25T16:00:00.000Z,81.74,81.74,81.37,81.525,294807.92464000004
2026-03-25T16:15:00.000Z,81.52,81.7079,81.47,81.62,425041.318979
2026-03-25T16:30:00.000Z,81.62,81.81,81.56,81.73,378751.076759
2026-03-25T16:45:00.000Z,81.73,82.09,81.6001,82.085,464959.48059299996
2026-03-25T17:00:00.000Z,82.085,82.175,81.915,81.99,333723.276079
2026-03-25T17:15:00.000Z,81.99,82.075,81.87,81.895,404955.02235899994
2026-03-25T17:30:00.000Z,81.89,82.35,81.78,82.25,537173.9885590001
2026-03-25T17:45:00.000Z,82.26,82.26,81.75,81.785,361006.90235
2026-03-25T18:00:00.000Z,81.78,82.005,81.7,82,269081.922357
2026-03-25T18:15:00.000Z,82.005,82.205,81.98,82.05,361442.06212300004
2026-03-25T18:30:00.000Z,82.035,82.275,82.015,82.24,589131.0777170002
2026-03-25T18:45:00.000Z,82.235,82.285,81.78,81.85,676781.322216
2026-03-25T19:00:00.000Z,81.84,81.9,81.71,81.88,371604.2877219999
2026-03-25T19:15:00.000Z,81.88,81.92,81.52,81.53,487803.171298
2026-03-25T19:30:00.000Z,81.525,81.54,81.315,81.335,625949.4518309999
2026-03-25T19:45:00.000Z,81.335,81.905,81.285,81.86,2620274.410589
2026-03-26T13:30:00.000Z,82.07,82.95,81.81,82.94,1403642.7396269997
2026-03-26T13:45:00.000Z,82.96,83.11,82.43,82.68,1036966.1226430003
2026-03-26T14:00:00.000Z,82.71,82.71,82.385,82.67,658773.127552
2026-03-26T14:15:00.000Z,82.67,82.78,82.51,82.545,448591.86892000004
2026-03-26T14:30:00.000Z,82.545,82.665,82.3,82.37,658168.255742
2026-03-26T14:45:00.000Z,82.37,82.38,81.92,82.135,856638.0122279999
2026-03-26T15:00:00.000Z,82.14,82.27,81.93,81.9846,595889.176459
2026-03-26T15:15:00.000Z,81.98,82.49,81.95,82.295,711715.0103770001
2026-03-26T15:30:00.000Z,82.265,82.34,82.12,82.22,372230.364469
2026-03-26T15:45:00.000Z,82.225,82.66,82.195,82.635,441977.156827
2026-03-26T16:00:00.000Z,82.63,82.86,82.49,82.835,1064804.732182
2026-03-26T16:15:00.000Z,82.835,82.835,82.555,82.665,465360.661672
2026-03-26T16:30:00.000Z,82.66,82.85,82.565,82.565,439344.58602
2026-03-26T16:45:00.000Z,82.56,82.7967,82.42,82.79,377400.5546150001
2026-03-26T17:00:00.000Z,82.785,82.92,82.685,82.685,405699.16095900006
2026-03-26T17:15:00.000Z,82.7,82.77,82.4,82.505,409508.7404890001
2026-03-26T17:30:00.000Z,82.505,82.7951,82.4,82.675,483567.004373
2026-03-26T17:45:00.000Z,82.67,82.7,82.43,82.48,377496.00593100005
2026-03-26T18:00:00.000Z,82.49,82.685,82.48,82.605,330144.20532800007
2026-03-26T18:15:00.000Z,82.61,82.655,82.57,82.615,376126.715143
2026-03-26T18:30:00.000Z,82.62,82.745,82.52,82.635,411353.0228910001
2026-03-26T18:45:00.000Z,82.625,82.765,82.585,82.755,397073.90956599993
2026-03-26T19:00:00.000Z,82.7595,82.77,82.37,82.47,823216.901486
2026-03-26T19:15:00.000Z,82.47,82.6024,82.3,82.415,837555.445236
2026-03-26T19:30:00.000Z,82.41,82.53,82.34,82.48,936501.8409549999
2026-03-26T19:45:00.000Z,82.48,82.49,82.1,82.15,2359961.9627940003
2026-03-27T13:30:00.000Z,81.975,82.12,79.98,80.6,1241274.7408509997
2026-03-27T13:45:00.000Z,80.63,80.94,79.91,80.11,720115.707624
2026-03-27T14:00:00.000Z,80.1,80.25,79.73,79.88,587630.6753639999
2026-03-27T14:15:00.000Z,79.86,79.995,79.64,79.65,733128.613358
2026-03-27T14:30:00.000Z,79.65,79.86,79.4,79.6,953603.9147579999
2026-03-27T14:45:00.000Z,79.61,80.185,79.56,80.125,597480.6695579999
2026-03-27T15:00:00.000Z,80.14,80.29,79.92,79.97,514314.3383189999
2026-03-27T15:15:00.000Z,79.97,80.18,79.815,80.09,497742.98460100003
2026-03-27T15:30:00.000Z,80.09,80.64,80.03,80.07,533870.9236500001
2026-03-27T15:45:00.000Z,80.07,80.22,80.035,80.06,440238.136174
2026-03-27T16:00:00.000Z,80.07,80.0901,79.83,80.065,309759.39001800003
2026-03-27T16:15:00.000Z,80.08,80.405,80.015,80.4,575931.192203
2026-03-27T16:30:00.000Z,80.4,80.59,80.36,80.44,862848.2056819999
2026-03-27T16:45:00.000Z,80.42,80.58,80.3,80.35,343770.648298
2026-03-27T17:00:00.000Z,80.36,80.37,80.04,80.11,371502.28737
2026-03-27T17:15:00.000Z,80.11,80.125,79.8511,79.88,238481.824485
2026-03-27T17:30:00.000Z,79.89,80.155,79.84,79.875,453880.819613
2026-03-27T17:45:00.000Z,79.87,79.935,79.735,79.84,326644.866427
2026-03-27T18:00:00.000Z,79.845,79.915,79.76,79.91,555071.1572169999
2026-03-27T18:15:00.000Z,79.91,80.025,79.785,79.835,397181.445957
2026-03-27T18:30:00.000Z,79.835,80,79.685,79.865,370726.592902
2026-03-27T18:45:00.000Z,79.865,79.95,79.77,79.945,259808.86152900002
2026-03-27T19:00:00.000Z,79.945,79.985,79.765,79.89,379989.97796199995
2026-03-27T19:15:00.000Z,79.885,80.03,79.84,79.94,520795.250903
2026-03-27T19:30:00.000Z,79.935,79.98,79.79,79.905,569671.001523
2026-03-27T19:45:00.000Z,79.905,80.11,79.695,79.93,1939742.379167
2026-03-30T13:30:00.000Z,79.86,80.39,79.17,79.665,1590701.618691
2026-03-30T13:45:00.000Z,79.665,79.755,78.595,78.73,1108239.2751089998
2026-03-30T14:00:00.000Z,78.72,79.113,78.72,79.02,766715.783249
2026-03-30T14:15:00.000Z,79.04,79.045,78.435,78.4901,576372.1479789999
2026-03-30T14:30:00.000Z,78.495,78.63,78.25,78.31,590134.018984
2026-03-30T14:45:00.000Z,78.3,78.58,78.23,78.54,609656.0246959999
2026-03-30T15:00:00.000Z,78.552,78.62,78.24,78.37,647210.697722
2026-03-30T15:15:00.000Z,78.365,78.385,78.1,78.1825,518991.170003
2026-03-30T15:30:00.000Z,78.185,78.55,78.115,78.47,391411.80132800003
2026-03-30T15:45:00.000Z,78.48,78.63,78.455,78.48,422575.3126960001
2026-03-30T16:00:00.000Z,78.485,78.485,78.01,78.035,422121.74387
2026-03-30T16:15:00.000Z,78.035,78.035,77.77,77.8155,435453.758215
2026-03-30T16:30:00.000Z,77.81,77.905,77.73,77.825,413078.139757
2026-03-30T16:45:00.000Z,77.83,77.83,77.685,77.73,322715.726559
2026-03-30T17:00:00.000Z,77.74,77.81,77.66,77.7,307275.77093800006
2026-03-30T17:15:00.000Z,77.69,77.705,77.415,77.42,371541.4991249999
2026-03-30T17:30:00.000Z,77.43,77.54,77.385,77.41,474464.335798
2026-03-30T17:45:00.000Z,77.41,77.56,77.325,77.425,425348.205873
2026-03-30T18:00:00.000Z,77.425,77.45,77.145,77.27,433030.923863
2026-03-30T18:15:00.000Z,77.26,77.275,76.89,77.075,426798.8422080001
2026-03-30T18:30:00.000Z,77.065,77.27,76.923,76.93,637769.3380820001
2026-03-30T18:45:00.000Z,76.93,77.03,76.83,76.9484,506109.22176199994
2026-03-30T19:00:00.000Z,76.95,77.02,76.645,76.71,490946.11780599994
2026-03-30T19:15:00.000Z,76.705,76.75,76.59,76.675,582649.89661
2026-03-30T19:30:00.000Z,76.67,77.0115,76.65,76.93,733755.191475
2026-03-30T19:45:00.000Z,76.92,77.205,76.805,77.02,2662573.767796
2026-03-31T13:30:00.000Z,77.89,78.19,77.18,77.2,798255.969505
2026-03-31T13:45:00.000Z,77.21,77.63,77.21,77.61,515210.378254
2026-03-31T14:00:00.000Z,77.62,77.705,77.21,77.55,673104.422145
2026-03-31T14:15:00.000Z,77.53,77.74,77.44,77.66,364062.05882599996
2026-03-31T14:30:00.000Z,77.665,77.7,77.055,77.11,401104.165035
2026-03-31T14:45:00.000Z,77.12,77.125,76.66,76.77,503413.680488
2026-03-31T15:00:00.000Z,76.775,77.055,76.675,77.03,412873.3085439999
2026-03-31T15:15:00.000Z,77.06,77.08,76.43,76.49,655758.0269230001
2026-03-31T15:30:00.000Z,76.49,76.66,76.465,76.5499,407694.846606
2026-03-31T15:45:00.000Z,76.54,76.62,76.35,76.35,364642.81926699996
2026-03-31T16:00:00.000Z,76.34,76.64,76.31,76.595,327413.2576
2026-03-31T16:15:00.000Z,76.6,76.885,76.6,76.735,266909.078929
2026-03-31T16:30:00.000Z,76.73,77.99,76.665,77.67,754061.9162329999
2026-03-31T16:45:00.000Z,77.67,77.84,77.34,77.57,865783.0234470001
2026-03-31T17:00:00.000Z,77.58,77.74,77.325,77.48,460632.29348399997
2026-03-31T17:15:00.000Z,77.48,77.505,77.21,77.245,374376.39876899996
2026-03-31T17:30:00.000Z,77.245,77.5399,77.065,77.125,511496.446978
2026-03-31T17:45:00.000Z,77.13,77.27,76.76,76.91,687361.0329430001
2026-03-31T18:00:00.000Z,76.91,77.14,76.89,76.998,419301.37519
2026-03-31T18:15:00.000Z,76.995,77.085,76.89,77.02,333972.7729
2026-03-31T18:30:00.000Z,77.02,77.17,76.9218,77.01,401272.19123800006
2026-03-31T18:45:00.000Z,77.01,77.14,76.96,77.06,326403.568763
2026-03-31T19:00:00.000Z,77.0599,77.2,76.855,77.145,640387.322537
2026-03-31T19:15:00.000Z,77.15,77.19,77.025,77.055,726356.470052
2026-03-31T19:30:00.000Z,77.055,77.295,77.005,77.295,781096.1365
2026-03-31T19:45:00.000Z,77.29,77.69,77.215,77.57,3587171.407568
2026-04-01T13:30:00.000Z,78,78.855,77.88,78.65,1541585.4602690001
2026-04-01T13:45:00.000Z,78.65,78.75,78.05,78.145,950679.521883
2026-04-01T14:00:00.000Z,78.15,78.62,78.12,78.57,604002.403897
2026-04-01T14:15:00.000Z,78.56,78.68,78.45,78.6,501600.64991700003
2026-04-01T14:30:00.000Z,78.61,78.88,78.41,78.735,635717.511223
2026-04-01T14:45:00.000Z,78.74,79.04,78.505,78.99,646704.385705
2026-04-01T15:00:00.000Z,79,79.04,78.885,78.925,345597.182476
2026-04-01T15:15:00.000Z,78.925,78.955,78.71,78.8,282367.844095
2026-04-01T15:30:00.000Z,78.791,79.03,78.75,78.945,417155.30950200005
2026-04-01T15:45:00.000Z,78.945,79.12,78.9,78.985,306042.003427
2026-04-01T16:00:00.000Z,78.98,79.015,78.835,78.86,323166.401391
2026-04-01T16:15:00.000Z,78.85,78.99,78.78,78.845,248400.35035599995
2026-04-01T16:30:00.000Z,78.845,78.91,78.7301,78.885,265612.039805
2026-04-01T16:45:00.000Z,78.885,78.96,78.765,78.795,288843.020678
2026-04-01T17:00:00.000Z,78.795,78.81,78.49,78.61,590677.845766
2026-04-01T17:15:00.000Z,78.62,78.65,78.395,78.4,339015.75414699997
2026-04-01T17:30:00.000Z,78.4,78.425,78.225,78.255,343637.070902
2026-04-01T17:45:00.000Z,78.26,78.345,78.22,78.235,304525.99545399996
2026-04-01T18:00:00.000Z,78.23,78.23,78.06,78.115,365752.260627
2026-04-01T18:15:00.000Z,78.11,78.12,77.915,78.02,667689.371502
2026-04-01T18:30:00.000Z,78.03,78.3093,78,78.175,646474.2984639999
2026-04-01T18:45:00.000Z,78.185,78.2099,78.06,78.14,470387.84444300004
2026-04-01T19:00:00.000Z,78.135,78.305,77.975,78.05,583681.211611
2026-04-01T19:15:00.000Z,78.055,78.205,77.92,78.18,635688.46853
2026-04-01T19:30:00.000Z,78.1718,78.235,78.03,78.07,559641.440285
2026-04-01T19:45:00.000Z,78.06,78.075,77.81,77.95,1915576.513336
2026-04-02T13:30:00.000Z,76.73,77.22,76.54,77.02,623083.2426589999
2026-04-02T13:45:00.000Z,77.015,77.4593,76.95,77.43,494598.57025299995
2026-04-02T14:00:00.000Z,77.44,77.84,77.35,77.73,463451.758748
2026-04-02T14:15:00.000Z,77.74,78.1,77.7,78,394408.54800000007
2026-04-02T14:30:00.000Z,78,78.75,77.91,78.74,547629.6037450001
2026-04-02T14:45:00.000Z,78.74,78.85,78.46,78.8,383387.5679500001
2026-04-02T15:00:00.000Z,78.795,78.97,78.58,78.92,311400.02351100004
2026-04-02T15:15:00.000Z,78.94,79.1,78.85,79.01,382492.301026
2026-04-02T15:30:00.000Z,79.02,79.08,78.88,79.07,254240.30549300002
2026-04-02T15:45:00.000Z,79.06,79.07,78.79,78.935,201057.99048600002
2026-04-02T16:00:00.000Z,78.93,79.02,78.55,78.58,178548.944642
2026-04-02T16:15:00.000Z,78.57,78.62,78.41,78.55,172228.687114
2026-04-02T16:30:00.000Z,78.5501,78.81,78.535,78.7468,281936.4124929999
2026-04-02T16:45:00.000Z,78.745,78.79,78.58,78.6,131492.379978
2026-04-02T17:00:00.000Z,78.59,78.8449,78.53,78.815,175159.54373900004
2026-04-02T17:15:00.000Z,78.82,78.9,78.76,78.83,145825.829331
2026-04-02T17:30:00.000Z,78.82,78.83,78.625,78.67,145358.896615
2026-04-02T17:45:00.000Z,78.67,78.67,78.37,78.505,292353.546243
2026-04-02T18:00:00.000Z,78.52,78.72,78.48,78.62,245617.918949
2026-04-02T18:15:00.000Z,78.63,78.715,78.58,78.64,144191.53401
2026-04-02T18:30:00.000Z,78.65,78.78,78.62,78.6999,219120.372218
2026-04-02T18:45:00.000Z,78.69,78.7699,78.68,78.69,173648.62800399997
2026-04-02T19:00:00.000Z,78.7,78.855,78.67,78.77,239479.15498300001
2026-04-02T19:15:00.000Z,78.7701,78.79,78.53,78.59,290810.042242
2026-04-02T19:30:00.000Z,78.58,78.68,78.54,78.565,400643.56450700003
2026-04-02T19:45:00.000Z,78.56,79.065,78.54,79.02,1678148.8598739998
2026-04-06T13:30:00.000Z,79.12,79.43,79.02,79.36,648514.4992789999
2026-04-06T13:45:00.000Z,79.36,79.42,79.14,79.38,327662.59838100005
2026-04-06T14:00:00.000Z,79.38,79.52,79.06,79.49,490546.359482
2026-04-06T14:15:00.000Z,79.5,79.69,79.425,79.6799,473789.779846
2026-04-06T14:30:00.000Z,79.67,79.78,79.53,79.68,404973.669999
2026-04-06T14:45:00.000Z,79.67,79.82,79.625,79.629,336958.992228
2026-04-06T15:00:00.000Z,79.625,79.76,79.585,79.665,318558.934892
2026-04-06T15:15:00.000Z,79.665,79.69,79.46,79.555,337144.720208
2026-04-06T15:30:00.000Z,79.57,79.57,79.37,79.55,321355.753957
2026-04-06T15:45:00.000Z,79.555,79.72,79.535,79.69,198960.45481800003
2026-04-06T16:00:00.000Z,79.685,79.71,79.5,79.61,257088.74308100002
2026-04-06T16:15:00.000Z,79.62,79.645,79.5683,79.62,164475.194096
2026-04-06T16:30:00.000Z,79.615,79.7182,79.58,79.695,171677.54310399998
2026-04-06T16:45:00.000Z,79.695,79.765,79.64,79.675,238166.306705
2026-04-06T17:00:00.000Z,79.68,79.68,79.405,79.47,416120.784631
2026-04-06T17:15:00.000Z,79.47,79.7171,79.46,79.7099,176065.481459
2026-04-06T17:30:00.000Z,79.71,79.79,79.5637,79.57,177108.22123999998
2026-04-06T17:45:00.000Z,79.57,79.615,79.525,79.57,150448.24286100004
2026-04-06T18:00:00.000Z,79.56,79.695,79.465,79.61,268112.361767
2026-04-06T18:15:00.000Z,79.615,79.77,79.615,79.675,194159.32687
2026-04-06T18:30:00.000Z,79.68,79.72,79.59,79.685,215804.51929199998
2026-04-06T18:45:00.000Z,79.69,79.9,79.675,79.86,334876.32135399996
2026-04-06T19:00:00.000Z,79.855,80.09,79.825,80.09,1923322.438667
2026-04-06T19:15:00.000Z,80.1,80.305,80.025,80.245,494855.469882
2026-04-06T19:30:00.000Z,80.245,80.365,80.22,80.295,589133.999391
2026-04-06T19:45:00.000Z,80.295,80.48,80.245,80.435,1842287.4491390004
2026-04-07T13:30:00.000Z,80.02,80.155,79.59,79.97,781191.5152459998
2026-04-07T13:45:00.000Z,79.97,80.21,79.771,79.85,374684.650282
2026-04-07T14:00:00.000Z,79.85,79.85,79.42,79.54,396009.425306
2026-04-07T14:15:00.000Z,79.55,80.29,79.55,80.285,335263.523673
2026-04-07T14:30:00.000Z,80.29,80.39,80.08,80.13,297814.96420000005
2026-04-07T14:45:00.000Z,80.12,80.32,80.11,80.125,324005.03673600004
2026-04-07T15:00:00.000Z,80.13,80.185,79.965,80.1,333706.43950700003
2026-04-07T15:15:00.000Z,80.1,80.36,80.05,80.21,398595.4146929999
2026-04-07T15:30:00.000Z,80.205,80.27,80.12,80.15,251597.589187
2026-04-07T15:45:00.000Z,80.1401,80.555,80.1401,80.4,273297.80346100003
2026-04-07T16:00:00.000Z,80.42,80.86,80.42,80.635,336344.44678800006
2026-04-07T16:15:00.000Z,80.63,80.89,80.59,80.72,373552.559546
2026-04-07T16:30:00.000Z,80.7,80.7,80.49,80.53,203395.56940299994
2026-04-07T16:45:00.000Z,80.535,80.6,80.435,80.515,182442.280551
2026-04-07T17:00:00.000Z,80.51,80.55,80.36,80.38,189138.19360399997
2026-04-07T17:15:00.000Z,80.38,80.575,80.35,80.5531,148721.540929
2026-04-07T17:30:00.000Z,80.56,80.86,80.55,80.61,188899.60987400002
2026-04-07T17:45:00.000Z,80.61,80.615,80.5,80.525,179104.771253
2026-04-07T18:00:00.000Z,80.52,80.585,80.41,80.505,186270.231924
2026-04-07T18:15:00.000Z,80.51,80.565,80.46,80.495,153346.6471
2026-04-07T18:30:00.000Z,80.5,80.505,80.32,80.36,174803.739419
2026-04-07T18:45:00.000Z,80.365,80.4,80.17,80.26,277705.400339
2026-04-07T19:00:00.000Z,80.27,80.39,80.225,80.375,226726.88337700002
2026-04-07T19:15:00.000Z,80.37,80.82,80.36,80.525,412595.46311400004
2026-04-07T19:30:00.000Z,80.52,80.52,80.32,80.42,403610.950802
2026-04-07T19:45:00.000Z,80.425,80.73,80.36,80.7,1330179.188993
2026-04-08T13:30:00.000Z,82.305,82.98,81.5,81.95,1880100.8593290003
2026-04-08T13:45:00.000Z,81.96,82.29,81.89,82.25,577094.9201679999
2026-04-08T14:00:00.000Z,82.25,82.6719,82.225,82.475,981152.2366119999
2026-04-08T14:15:00.000Z,82.475,82.51,82.21,82.22,342057.131387
2026-04-08T14:30:00.000Z,82.23,82.38,82.13,82.1451,401725.546559
2026-04-08T14:45:00.000Z,82.1451,82.25,81.79,81.95,363960.033609
2026-04-08T15:00:00.000Z,81.94,82.225,81.93,82.12,323152.491373
2026-04-08T15:15:00.000Z,82.12,82.195,81.91,82.02,444556.7483059999
2026-04-08T15:30:00.000Z,82.03,82.21,81.98,82.185,724949.997113
2026-04-08T15:45:00.000Z,82.185,82.525,82.185,82.49,518651.13786499994
2026-04-08T16:00:00.000Z,82.47,82.64,82.45,82.455,288972.599829
2026-04-08T16:15:00.000Z,82.455,82.48,82.3,82.365,266230.23227700003
2026-04-08T16:30:00.000Z,82.365,82.43,82.29,82.38,253478.70741700003
2026-04-08T16:45:00.000Z,82.385,82.47,82.37,82.375,207158.06648200002
2026-04-08T17:00:00.000Z,82.37,82.5,82.365,82.42,213243.16919500002
2026-04-08T17:15:00.000Z,82.415,82.46,82.33,82.355,247499.98759
2026-04-08T17:30:00.000Z,82.36,82.83,82.35,82.8299,382030.64058999997
2026-04-08T17:45:00.000Z,82.815,82.95,82.8,82.85,368801.5646819999
2026-04-08T18:00:00.000Z,82.84,82.99,82.82,82.9099,314693.08888799994
2026-04-08T18:15:00.000Z,82.905,82.98,82.7,82.805,285737.46972700005
2026-04-08T18:30:00.000Z,82.805,82.885,82.7,82.785,273894.940048
2026-04-08T18:45:00.000Z,82.79,82.867,82.63,82.66,276256.388073
2026-04-08T19:00:00.000Z,82.655,82.94,82.63,82.915,327111.591846
2026-04-08T19:15:00.000Z,82.915,82.94,82.78,82.87,490448.037602
2026-04-08T19:30:00.000Z,82.86,83.32,82.8,83.31,906958.401433
2026-04-08T19:45:00.000Z,83.305,83.74,83.29,83.71,2343765.508709
2026-04-09T13:30:00.000Z,83.85,84.77,83.68,84.59,990215.823767
2026-04-09T13:45:00.000Z,84.595,84.595,84.34,84.37,565325.498636
2026-04-09T14:00:00.000Z,84.37,84.39,83.5108,83.53,735746.537463
2026-04-09T14:15:00.000Z,83.53,83.53,83.16,83.24,508433.62163499993
2026-04-09T14:30:00.000Z,83.23,83.27,83.08,83.163,314169.355485
2026-04-09T14:45:00.000Z,83.165,83.205,83.03,83.125,248633.673143
2026-04-09T15:00:00.000Z,83.13,83.15,82.7893,82.82,328108.415962
2026-04-09T15:15:00.000Z,82.815,82.93,82.655,82.815,723985.6685909999
2026-04-09T15:30:00.000Z,82.81,83.2978,82.785,83.1,489575.635215
2026-04-09T15:45:00.000Z,83.09,83.26,82.98,83.0591,260865.62083100004
2026-04-09T16:00:00.000Z,83.045,83.26,82.84,82.95,310155.870649
2026-04-09T16:15:00.000Z,82.965,83.23,82.96,83.155,195640.383667
2026-04-09T16:30:00.000Z,83.1501,83.2,82.94,83,320336.29903699993
2026-04-09T16:45:00.000Z,82.995,82.995,82.255,82.2811,779297.3209709999
2026-04-09T17:00:00.000Z,82.29,82.396,82.15,82.275,542293.808178
2026-04-09T17:15:00.000Z,82.28,82.73,82.18,82.65,529682.699717
2026-04-09T17:30:00.000Z,82.65,82.75,82.56,82.62,217250.779626
2026-04-09T17:45:00.000Z,82.615,82.69,82.61,82.67,175918.20203800002
2026-04-09T18:00:00.000Z,82.68,82.7,82.5,82.57,289952.10406700004
2026-04-09T18:15:00.000Z,82.575,83.08,82.57,83.025,608877.414617
2026-04-09T18:30:00.000Z,83.025,83.05,82.9,83.03,288453.925058
2026-04-09T18:45:00.000Z,83.02,83.175,83.005,83.0925,294941.88812
2026-04-09T19:00:00.000Z,83.11,83.375,83.095,83.315,322229.06712200004
2026-04-09T19:15:00.000Z,83.32,83.4,83.26,83.345,530124.1934130001
2026-04-09T19:30:00.000Z,83.345,83.57,83.345,83.51,570243.097291
2026-04-09T19:45:00.000Z,83.515,83.515,83.09,83.18,2079692.443741
2026-04-10T13:30:00.000Z,83.89,84.56,83.31,83.4,1121058.5769970003
2026-04-10T13:45:00.000Z,83.4,83.4,82.92,83.038,465911.615992
2026-04-10T14:00:00.000Z,83.02,83.02,81.74,82,1766021.9203219998
2026-04-10T14:15:00.000Z,82,82.31,81.62,82.25,1038659.707553
2026-04-10T14:30:00.000Z,82.23,82.34,82.06,82.28,545576.938469
2026-04-10T14:45:00.000Z,82.28,82.46,82.2,82.34,500541.84425900003
2026-04-10T15:00:00.000Z,82.34,82.5,82.18,82.47,415140.97428699996
2026-04-10T15:15:00.000Z,82.47,82.575,82.25,82.42,607331.782184
2026-04-10T15:30:00.000Z,82.43,82.81,82.41,82.78,491840.516008
2026-04-10T15:45:00.000Z,82.78,82.8,82.44,82.55,306398.806489
2026-04-10T16:00:00.000Z,82.54,82.65,82.47,82.65,174767.47918100003
2026-04-10T16:15:00.000Z,82.645,82.67,82.3925,82.3925,259886.983051
2026-04-10T16:30:00.000Z,82.39,82.45,82.22,82.27,253067.94830299998
2026-04-10T16:45:00.000Z,82.265,82.41,82.2,82.23,303868.538579
2026-04-10T17:00:00.000Z,82.22,82.22,81.94,81.99,254167.335875
2026-04-10T17:15:00.000Z,81.99,82.14,81.91,82.025,433690.346603
2026-04-10T17:30:00.000Z,82.03,82.18,82.025,82.145,268235.279704
2026-04-10T17:45:00.000Z,82.14,82.27,81.87,81.92,460365.47257300006
2026-04-10T18:00:00.000Z,81.9,81.91,81.665,81.71,317530.43734099995
2026-04-10T18:15:00.000Z,81.715,81.885,81.675,81.815,380310.956546
2026-04-10T18:30:00.000Z,81.815,81.85,81.7,81.79,293562.19246399996
2026-04-10T18:45:00.000Z,81.79,81.92,81.74,81.9,476097.68993799994
2026-04-10T19:00:00.000Z,81.91,82.22,81.87,82.19,379179.95845499996
2026-04-10T19:15:00.000Z,82.19,82.36,82.12,82.345,453595.8801410001
2026-04-10T19:30:00.000Z,82.34,82.34,82.11,82.195,475840.8415899999
2026-04-10T19:45:00.000Z,82.195,82.27,82.115,82.22,1327476.024012
2026-04-13T13:30:00.000Z,82.035,82.18,81.41,81.57,528137.8188560001
2026-04-13T13:45:00.000Z,81.6,81.965,81.53,81.91,277909.61441599997
2026-04-13T14:00:00.000Z,81.9,81.9,81.25,81.6099,320737.638697
2026-04-13T14:15:00.000Z,81.6,81.8,81.535,81.765,258239.18120000002
2026-04-13T14:30:00.000Z,81.77,81.92,81.755,81.89,229393.12727199995
2026-04-13T14:45:00.000Z,81.89,81.905,81.7007,81.745,287626.668888
2026-04-13T15:00:00.000Z,81.745,81.75,81.545,81.62,345913.24775
2026-04-13T15:15:00.000Z,81.615,81.695,81.585,81.595,303683.91283900006
2026-04-13T15:30:00.000Z,81.59,81.6675,81.515,81.64,310925.596456
2026-04-13T15:45:00.000Z,81.635,81.655,81.545,81.57,297356.204711
2026-04-13T16:00:00.000Z,81.575,81.78,81.575,81.685,357887.26794899994
2026-04-13T16:15:00.000Z,81.69,81.83,81.55,81.76,285640.999665
2026-04-13T16:30:00.000Z,81.76,81.99,81.7401,81.87,309249.37878200004
2026-04-13T16:45:00.000Z,81.86,82,81.74,81.77,405488.688199
2026-04-13T17:00:00.000Z,81.775,81.805,81.66,81.675,183599.553426
2026-04-13T17:15:00.000Z,81.68,81.815,81.6778,81.705,201796.63200799996
2026-04-13T17:30:00.000Z,81.705,81.8,81.62,81.7459,385172.149692
2026-04-13T17:45:00.000Z,81.74,81.74,81.52,81.52,283504.81754300004
2026-04-13T18:00:00.000Z,81.52,81.5765,81.425,81.54,337078.3168700001
2026-04-13T18:15:00.000Z,81.54,81.62,81.36,81.39,473160.18447300006
2026-04-13T18:30:00.000Z,81.395,81.485,81.29,81.47,750910.6370019999
2026-04-13T18:45:00.000Z,81.47,81.675,81.4499,81.615,329416.945297
2026-04-13T19:00:00.000Z,81.615,81.715,81.57,81.71,299123.261629
2026-04-13T19:15:00.000Z,81.71,81.72,81.51,81.615,313981.781161
2026-04-13T19:30:00.000Z,81.61,81.82,81.595,81.765,497952.036802
2026-04-13T19:45:00.000Z,81.765,82.39,81.735,82.34,2220699.07463
2026-04-14T13:30:00.000Z,82.03,82.45,81.39,81.64,1110071.978145
2026-04-14T13:45:00.000Z,81.66,81.81,81.36,81.665,642622.0179099998
2026-04-14T14:00:00.000Z,81.65,82.05,81.6,82.03,409724.99437599996
2026-04-14T14:15:00.000Z,82.05,82.07,81.55,81.615,477396.57702200004
2026-04-14T14:30:00.000Z,81.61,81.93,81.585,81.93,454359.41757
2026-04-14T14:45:00.000Z,81.925,82.02,81.84,81.91,294165.382477
2026-04-14T15:00:00.000Z,81.9,81.935,81.745,81.815,232957.30512699997
2026-04-14T15:15:00.000Z,81.82,81.88,81.745,81.82,234806.65575800004
2026-04-14T15:30:00.000Z,81.82,81.85,81.605,81.665,369963.82516799995
2026-04-14T15:45:00.000Z,81.665,81.705,81.515,81.55,304200.27650000004
2026-04-14T16:00:00.000Z,81.54,81.615,81.47,81.485,305048.821233
2026-04-14T16:15:00.000Z,81.4896,81.65,81.485,81.615,238440.789622
2026-04-14T16:30:00.000Z,81.62,81.72,81.585,81.68,181464.179844
2026-04-14T16:45:00.000Z,81.69,81.745,81.48,81.525,188485.763088
2026-04-14T17:00:00.000Z,81.525,81.89,81.525,81.87,214772.26730400004
2026-04-14T17:15:00.000Z,81.87,81.955,81.8601,81.93,191611.95802599998
2026-04-14T17:30:00.000Z,81.925,81.9556,81.855,81.895,175637.89062900003
2026-04-14T17:45:00.000Z,81.895,81.92,81.82,81.885,192918.84429200005
2026-04-14T18:00:00.000Z,81.89,82.11,81.89,82.065,234948.531354
2026-04-14T18:15:00.000Z,82.07,82.145,82.035,82.0851,228362.31837599998
2026-04-14T18:30:00.000Z,82.09,82.32,82.07,82.22,211929.32677699998
2026-04-14T18:45:00.000Z,82.215,82.38,82.205,82.355,187446.26263699998
2026-04-14T19:00:00.000Z,82.355,82.4267,82.32,82.385,239925.92961000002
2026-04-14T19:15:00.000Z,82.385,82.46,82.37,82.45,316373.855722
2026-04-14T19:30:00.000Z,82.45,82.475,82.275,82.3899,358091.23876900005
2026-04-14T19:45:00.000Z,82.385,82.65,82.26,82.61,2130282.86195
2026-04-15T13:30:00.000Z,82.53,82.6451,81.68,81.72,1071462.194958
2026-04-15T13:45:00.000Z,81.725,81.75,80.96,81.51,528500.416909
2026-04-15T14:00:00.000Z,81.49,81.55,81.3,81.5,481947.06496099994
2026-04-15T14:15:00.000Z,81.49,81.54,81.295,81.47,395329.89173399995
2026-04-15T14:30:00.000Z,81.48,81.565,81.33,81.455,354911.24436599994
2026-04-15T14:45:00.000Z,81.455,81.57,81.15,81.19,486811.477159
2026-04-15T15:00:00.000Z,81.19,81.225,81.055,81.205,263458.526188
2026-04-15T15:15:00.000Z,81.2,81.215,80.995,81,454471.5735859999
2026-04-15T15:30:00.000Z,81,81.16,80.98,81.085,346783.444236
2026-04-15T15:45:00.000Z,81.08,81.155,80.875,80.92,336505.4614929999
2026-04-15T16:00:00.000Z,80.93,81.13,80.9,81.105,572108.744297
2026-04-15T16:15:00.000Z,81.105,81.43,81.055,81.08,500998.02625099994
2026-04-15T16:30:00.000Z,81.075,81.49,81.05,81.19,532953.36089
2026-04-15T16:45:00.000Z,81.18,81.62,81.18,81.52,493602.359825
2026-04-15T17:00:00.000Z,81.53,81.87,81.53,81.7767,175735.67025300002
2026-04-15T17:15:00.000Z,81.78,81.82,81.71,81.715,224680.441689
2026-04-15T17:30:00.000Z,81.715,81.75,81.66,81.68,208313.00846900002
2026-04-15T17:45:00.000Z,81.685,81.9699,81.685,81.955,162976.79098000002
2026-04-15T18:00:00.000Z,81.955,82.16,81.9,81.995,233894.889059
2026-04-15T18:15:00.000Z,81.995,82.13,81.975,82.12,263151.06679
2026-04-15T18:30:00.000Z,82.12,82.365,82.12,82.24,270587.02865099994
2026-04-15T18:45:00.000Z,82.24,82.425,82.24,82.405,164717.040311
2026-04-15T19:00:00.000Z,82.405,82.52,82.4,82.455,229825.214267
2026-04-15T19:15:00.000Z,82.455,82.66,82.455,82.625,245207.59193400003
2026-04-15T19:30:00.000Z,82.625,82.64,82.3924,82.47,342491.089589
2026-04-15T19:45:00.000Z,82.46,82.54,82.3,82.3,1321934.798281
2026-04-16T13:30:00.000Z,82.08,82.83,82,82.71,760159.5192020001
2026-04-16T13:45:00.000Z,82.7,83.135,82.68,83.08,544000.591597
2026-04-16T14:00:00.000Z,83.08,83.225,82.79,82.825,320766.800472
2026-04-16T14:15:00.000Z,82.84,82.865,82.7,82.825,243725.44401899993
2026-04-16T14:30:00.000Z,82.82,83.32,82.82,83.31,312499.775086
2026-04-16T14:45:00.000Z,83.305,83.38,83.22,83.315,280367.91183
2026-04-16T15:00:00.000Z,83.32,83.395,83.275,83.345,277673.59271200007
2026-04-16T15:15:00.000Z,83.35,83.41,83.26,83.26,347446.610474
2026-04-16T15:30:00.000Z,83.27,83.41,83.235,83.35,293245.807829
2026-04-16T15:45:00.000Z,83.35,83.585,83.27,83.545,214643.609833
2026-04-16T16:00:00.000Z,83.545,83.63,83.535,83.6,176867.46403499998
2026-04-16T16:15:00.000Z,83.61,83.62,83.515,83.515,156698.29173800003
2026-04-16T16:30:00.000Z,83.52,83.595,83.44,83.515,234209.124403
2026-04-16T16:45:00.000Z,83.515,83.58,83.46,83.525,167281.410179
2026-04-16T17:00:00.000Z,83.525,83.69,83.51,83.625,208844.09206600004
2026-04-16T17:15:00.000Z,83.625,83.795,83.61,83.775,185548.57441499998
2026-04-16T17:30:00.000Z,83.78,83.8599,83.77,83.85,233462.93650399995
2026-04-16T17:45:00.000Z,83.85,83.865,83.6901,83.7551,199047.354083
2026-04-16T18:00:00.000Z,83.7601,83.8899,83.595,83.67,597968.4121279999
2026-04-16T18:15:00.000Z,83.67,83.84,83.66,83.685,278974.695146
2026-04-16T18:30:00.000Z,83.685,83.88,83.645,83.865,312177.29852199997
2026-04-16T18:45:00.000Z,83.86,83.9,83.775,83.895,299392.130224
2026-04-16T19:00:00.000Z,83.895,84,83.83,83.93,337928.846126
2026-04-16T19:15:00.000Z,83.935,84.05,83.935,83.945,416663.53165399993
2026-04-16T19:30:00.000Z,83.945,84.015,83.875,83.91,453083.65606699995
2026-04-16T19:45:00.000Z,83.915,84.53,83.87,84.5,2505247.541849
2026-04-17T13:30:00.000Z,85.19,85.37,84.6,84.9,1828504.3489200003
2026-04-17T13:45:00.000Z,84.91,85.23,84.7,85.16,585245.8780099999
2026-04-17T14:00:00.000Z,85.17,85.31,85.005,85.17,765036.856426
2026-04-17T14:15:00.000Z,85.175,85.28,85.13,85.16,421835.47224199993
2026-04-17T14:30:00.000Z,85.17,85.41,85.065,85.365,760786.229991
2026-04-17T14:45:00.000Z,85.365,85.44,85.13,85.2611,642335.961134
2026-04-17T15:00:00.000Z,85.27,85.4,85.125,85.315,338143.678517
2026-04-17T15:15:00.000Z,85.315,85.43,85.235,85.405,304422.07348
2026-04-17T15:30:00.000Z,85.405,85.54,85.325,85.53,386502.916798
2026-04-17T15:45:00.000Z,85.535,85.6,85.45,85.49,335564.94632999995
2026-04-17T16:00:00.000Z,85.495,85.745,85.46,85.7015,251049.08648600001
2026-04-17T16:15:00.000Z,85.7,85.95,85.7,85.935,266702.972996
2026-04-17T16:30:00.000Z,85.94,86.209,85.94,86.015,449703.91978000005
2026-04-17T16:45:00.000Z,86.015,86.015,85.795,86.015,346797.43013299996
2026-04-17T17:00:00.000Z,86.015,86.145,86.015,86.085,353725.550106
2026-04-17T17:15:00.000Z,86.085,86.1273,85.83,85.955,423604.42160500004
2026-04-17T17:30:00.000Z,85.98,86.11,85.93,86.105,209661.81536
2026-04-17T17:45:00.000Z,86.1,86.2599,86.095,86.175,214105.776861
2026-04-17T18:00:00.000Z,86.18,86.215,86.055,86.0651,231675.104992
2026-04-17T18:15:00.000Z,86.07,86.17,86.02,86.06,308365.76359499997
2026-04-17T18:30:00.000Z,86.065,86.195,86.065,86.15,198101.12879900003
2026-04-17T18:45:00.000Z,86.16,86.375,86.0701,86.325,384376.3051009999
2026-04-17T19:00:00.000Z,86.325,86.355,86.105,86.105,475604.200335
2026-04-17T19:15:00.000Z,86.1,86.21,86.085,86.125,411918.44544100005
2026-04-17T19:30:00.000Z,86.13,86.255,86.1,86.19,555396.15061
2026-04-17T19:45:00.000Z,86.195,86.29,85.87,86.26,2791878.592185
2026-04-20T13:30:00.000Z,86.195,86.86,85.8582,86.81,1176153.0901620002
2026-04-20T13:45:00.000Z,86.8,87.02,86.795,86.855,501232.1413990001
2026-04-20T14:00:00.000Z,86.855,87.26,86.7701,87.24,368123.19123
2026-04-20T14:15:00.000Z,87.24,87.62,87.22,87.31,457538.445103
2026-04-20T14:30:00.000Z,87.32,87.665,87.22,87.64,546945.01755
2026-04-20T14:45:00.000Z,87.63,87.655,87.245,87.515,440041.1277529999
2026-04-20T15:00:00.000Z,87.515,87.56,87.245,87.335,368639.215644
2026-04-20T15:15:00.000Z,87.33,87.59,87.18,87.56,376498.74729699997
2026-04-20T15:30:00.000Z,87.55,87.585,87.42,87.44,288337.65096899995
2026-04-20T15:45:00.000Z,87.44,87.645,87.38,87.64,351549.90253399994
2026-04-20T16:00:00.000Z,87.63,88.07,87.59,88.015,697670.107018
2026-04-20T16:15:00.000Z,88.015,88.215,87.995,87.995,520891.11374799995
2026-04-20T16:30:00.000Z,87.995,88.095,87.76,87.91,520339.85878600006
2026-04-20T16:45:00.000Z,87.915,87.955,87.855,87.935,222660.34153499999
2026-04-20T17:00:00.000Z,87.935,87.975,87.755,87.97,265360.592155
2026-04-20T17:15:00.000Z,87.975,88.35,87.9701,88.21,656762.107995
2026-04-20T17:30:00.000Z,88.21,88.215,88.04,88.075,268307.47790999996
2026-04-20T17:45:00.000Z,88.075,88.115,88.025,88.045,237434.54416100006
2026-04-20T18:00:00.000Z,88.04,88.0651,87.93,87.93,340493.12005399994
2026-04-20T18:15:00.000Z,87.935,88.065,87.885,88.055,298036.555214
2026-04-20T18:30:00.000Z,88.06,88.065,87.875,87.89,284589.969612
2026-04-20T18:45:00.000Z,87.89,88.005,87.855,87.87,276783.678785
2026-04-20T19:00:00.000Z,87.875,88.005,87.84,87.925,422161.203364
2026-04-20T19:15:00.000Z,87.925,87.935,87.785,87.795,356223.12101899995
2026-04-20T19:30:00.000Z,87.79,87.79,87.61,87.625,536515.332043
2026-04-20T19:45:00.000Z,87.63,87.73,87.45,87.72,2042394.525134
2026-04-21T13:30:00.000Z,87.92,88.13,87.16,87.4099,1012101.5613910002
2026-04-21T13:45:00.000Z,87.42,87.84,87.305,87.835,542797.71661
2026-04-21T14:00:00.000Z,87.86,88.3,87.83,88.19,499472.04857600003
2026-04-21T14:15:00.000Z,88.18,88.4,88.1,88.385,340811.23691000004
2026-04-21T14:30:00.000Z,88.39,88.93,88.34,88.82,570762.4635589999
2026-04-21T14:45:00.000Z,88.82,88.86,88.53,88.54,467056.7818839999
2026-04-21T15:00:00.000Z,88.5401,88.76,88.395,88.735,463511.637762
2026-04-21T15:15:00.000Z,88.75,88.985,88.56,88.7,550916.460495
2026-04-21T15:30:00.000Z,88.73,88.83,88.485,88.795,258482.52667199998
2026-04-21T15:45:00.000Z,88.79,89.03,88.76,88.85,524335.6665100001
2026-04-21T16:00:00.000Z,88.86,89.02,88.85,88.96,287462.967436
2026-04-21T16:15:00.000Z,88.96,89.08,88.83,89.065,378578.06657100003
2026-04-21T16:30:00.000Z,89.065,89.155,88.86,88.905,411985.72749799996
2026-04-21T16:45:00.000Z,88.91,89.015,88.775,88.91,346739.58473
2026-04-21T17:00:00.000Z,88.91,88.95,88.65,88.805,409408.88307200006
2026-04-21T17:15:00.000Z,88.815,88.98,88.78,88.975,350250.69831
2026-04-21T17:30:00.000Z,88.975,89.45,88.9651,89.305,556615.9277819999
2026-04-21T17:45:00.000Z,89.2901,89.35,89.2,89.25,259587.24627600002
2026-04-21T18:00:00.000Z,89.25,89.355,89.21,89.325,316982.695831
2026-04-21T18:15:00.000Z,89.32,89.383,89.03,89.21,543432.9659600001
2026-04-21T18:30:00.000Z,89.205,89.25,89.17,89.225,207865.721453
2026-04-21T18:45:00.000Z,89.225,89.31,89.11,89.31,473086.5519719999
2026-04-21T19:00:00.000Z,89.31,89.71,89.3,89.56,520313.45329399995
2026-04-21T19:15:00.000Z,89.58,89.65,89.49,89.625,483146.578863
2026-04-21T19:30:00.000Z,89.62,89.73,89.25,89.31,1150763.86914
2026-04-21T19:45:00.000Z,89.32,89.8,89.3015,89.725,2427110.0487599997
2026-04-22T13:30:00.000Z,89.925,90.19,89.51,89.52,1412941.8596509998
2026-04-22T13:45:00.000Z,89.535,90.09,89.51,90.07,639616.8751989999
2026-04-22T14:00:00.000Z,90.06,90.285,90.04,90.19,733119.7170980001
2026-04-22T14:15:00.000Z,90.18,90.27,90.02,90.04,496857.937438
2026-04-22T14:30:00.000Z,90.03,90.45,89.94,90.1202,720720.8126000001
2026-04-22T14:45:00.000Z,90.12,90.15,89.74,89.85,362887.367624
2026-04-22T15:00:00.000Z,89.85,89.93,89.7,89.76,323178.157737
2026-04-22T15:15:00.000Z,89.76,89.82,89.52,89.53,334592.863662
2026-04-22T15:30:00.000Z,89.52,89.71,89.48,89.69,322544.50253099995
2026-04-22T15:45:00.000Z,89.695,89.8,89.69,89.75,332018.24967199995
2026-04-22T16:00:00.000Z,89.75,89.91,89.75,89.88,278398.64536
2026-04-22T16:15:00.000Z,89.875,89.91,89.765,89.765,264673.794776
2026-04-22T16:30:00.000Z,89.77,90.09,89.695,90.015,490913.155955
2026-04-22T16:45:00.000Z,90.02,90.035,89.84,89.9,369476.37562
2026-04-22T17:00:00.000Z,89.9,90.18,89.9,90.09,534040.358216
2026-04-22T17:15:00.000Z,90.09,90.12,89.915,90.09,191412.37823499998
2026-04-22T17:30:00.000Z,90.085,90.14,90.025,90.05,204272.07703000001
2026-04-22T17:45:00.000Z,90.05,90.09,89.93,90.005,257381.340585
2026-04-22T18:00:00.000Z,90.01,90.02,89.72,89.835,283472.457172
2026-04-22T18:15:00.000Z,89.83,90.03,89.78,89.995,371223.42086899997
2026-04-22T18:30:00.000Z,89.995,90.125,89.995,90.05,244736.74694899993
2026-04-22T18:45:00.000Z,90.035,90.23,90.02,90.03,383000.92752900004
2026-04-22T19:00:00.000Z,90.03,90.335,90.005,90.33,425181.7029000001
2026-04-22T19:15:00.000Z,90.325,90.35,90.03,90.055,499014.68573299993
2026-04-22T19:30:00.000Z,90.0525,90.06,89.85,89.875,634580.108204
2026-04-22T19:45:00.000Z,89.87,90.125,89.755,89.78,2002706.7866930002
2026-04-23T13:30:00.000Z,89.32,89.65,88.67,89.42,1204766.54955
2026-04-23T13:45:00.000Z,89.41,90,89.4,89.89,428042.35471099993
2026-04-23T14:00:00.000Z,89.89,89.92,89.23,89.255,592481.2157799999
2026-04-23T14:15:00.000Z,89.25,89.29,88.87,89.02,379268.25097899995
2026-04-23T14:30:00.000Z,89.04,89.24,88.94,89.07,609834.985231
2026-04-23T14:45:00.000Z,89.07,89.42,88.905,89.295,331953.51133499993
2026-04-23T15:00:00.000Z,89.295,89.47,89.255,89.46,270333.845405
2026-04-23T15:15:00.000Z,89.465,89.595,89.38,89.54,289088.399534
2026-04-23T15:30:00.000Z,89.53,89.73,89.42,89.455,473939.62106300006
2026-04-23T15:45:00.000Z,89.455,89.635,89.405,89.45,363824.32949299994
2026-04-23T16:00:00.000Z,89.445,89.45,89.12,89.425,830110.373815
2026-04-23T16:15:00.000Z,89.425,89.49,89.22,89.45,714451.048965
2026-04-23T16:30:00.000Z,89.45,89.515,89.15,89.3,477500.6368719999
2026-04-23T16:45:00.000Z,89.3,89.48,89.185,89.225,317838.756122
2026-04-23T17:00:00.000Z,89.235,89.29,88.8,88.82,460883.23590900004
2026-04-23T17:15:00.000Z,88.82,88.86,88.61,88.67,484830.92236500006
2026-04-23T17:30:00.000Z,88.68,88.9,88.37,88.42,310666.56631300005
2026-04-23T17:45:00.000Z,88.43,88.75,88.27,88.64,797718.445911
2026-04-23T18:00:00.000Z,88.635,89,88.6,88.86,619286.1454280001
2026-04-23T18:15:00.000Z,88.87,89.01,88.82,89.005,281208.870675
2026-04-23T18:30:00.000Z,89.01,89.08,88.925,88.9554,252368.703088
2026-04-23T18:45:00.000Z,88.94,88.99,88.78,88.855,387353.95105200005
2026-04-23T19:00:00.000Z,88.85,89.145,88.76,89.005,372861.696137
2026-04-23T19:15:00.000Z,89,89.08,88.94,89.04,594586.4786489999
2026-04-23T19:30:00.000Z,89.04,89.14,88.645,88.71,1000443.51599
2026-04-23T19:45:00.000Z,88.705,88.795,88.41,88.6,2316676.61851
2026-04-24T13:30:00.000Z,87.405,88.16,87.405,88,1621418.3818009996
2026-04-24T13:45:00.000Z,87.99,88.3,87.96,88.095,537666.718
2026-04-24T14:00:00.000Z,88.095,88.28,87.965,88.22,385614.339989
2026-04-24T14:15:00.000Z,88.22,88.545,88.165,88.45,269958.18683699996
2026-04-24T14:30:00.000Z,88.47,88.895,88.445,88.885,326305.537253
2026-04-24T14:45:00.000Z,88.89,89.01,88.76,88.78,386554.24682
2026-04-24T15:00:00.000Z,88.765,89.03,88.715,88.87,288550.7125769999
2026-04-24T15:15:00.000Z,88.865,88.87,88.72,88.845,397451.881508
2026-04-24T15:30:00.000Z,88.845,89.02,88.7301,89.02,247491.63494899997
2026-04-24T15:45:00.000Z,89.02,89.24,88.96,89.24,312229.914449
2026-04-24T16:00:00.000Z,89.24,89.39,89.17,89.36,205045.23332300002
2026-04-24T16:15:00.000Z,89.365,89.375,89.18,89.35,376953.182356
2026-04-24T16:30:00.000Z,89.36,89.57,89.36,89.535,293586.18403
2026-04-24T16:45:00.000Z,89.54,89.57,89.44,89.47,227799.464829
2026-04-24T17:00:00.000Z,89.485,89.57,89.43,89.48,376849.75114099996
2026-04-24T17:15:00.000Z,89.48,89.65,89.43,89.55,420661.077594
2026-04-24T17:30:00.000Z,89.55,89.73,89.515,89.7276,194334.575259
2026-04-24T17:45:00.000Z,89.7286,89.73,89.53,89.595,424598.85971199995
2026-04-24T18:00:00.000Z,89.605,89.65,89.525,89.56,372640.8834279999
2026-04-24T18:15:00.000Z,89.561,89.58,89.455,89.495,251315.48046800005
2026-04-24T18:30:00.000Z,89.495,89.57,89.36,89.465,284189.777263
2026-04-24T18:45:00.000Z,89.465,89.47,89.235,89.3,466307.64605900005
2026-04-24T19:00:00.000Z,89.28,89.295,89.015,89.095,712188.255003
2026-04-24T19:15:00.000Z,89.1,89.39,89.095,89.245,405469.78862899996
2026-04-24T19:30:00.000Z,89.249,89.25,88.73,88.865,745337.2926530001
2026-04-24T19:45:00.000Z,88.86,89.18,88.79,88.99,2256247.2076959996
2026-04-27T13:30:00.000Z,89.28,89.5,88.32,88.73,741866.4685000002
2026-04-27T13:45:00.000Z,88.705,88.88,88.36,88.7807,490603.38603999995
2026-04-27T14:00:00.000Z,88.8,89.13,88.61,89.085,331983.620152
2026-04-27T14:15:00.000Z,89.085,89.13,88.94,89.03,209739.281429
2026-04-27T14:30:00.000Z,89.03,89.23,88.905,88.95,302656.926049
2026-04-27T14:45:00.000Z,88.95,88.96,88.5,88.545,222236.49643399997
2026-04-27T15:00:00.000Z,88.55,88.57,88.27,88.35,276605.73110000003
2026-04-27T15:15:00.000Z,88.345,88.36,87.98,87.985,366703.43763599993
2026-04-27T15:30:00.000Z,87.985,88.155,87.865,88.14,214328.73473299996
2026-04-27T15:45:00.000Z,88.145,88.18,88.06,88.095,161055.15336700002
2026-04-27T16:00:00.000Z,88.095,88.095,87.935,88.025,190013.95518
2026-04-27T16:15:00.000Z,88.03,88.05,87.9,87.985,188584.64542000004
2026-04-27T16:30:00.000Z,87.985,88.09,87.935,87.965,151413.36010700001
2026-04-27T16:45:00.000Z,87.965,88.085,87.965,88.075,182179.49188799996
2026-04-27T17:00:00.000Z,88.075,88.14,87.82,87.865,278562.752447
2026-04-27T17:15:00.000Z,87.865,87.93,87.705,87.805,323087.2979
2026-04-27T17:30:00.000Z,87.8,87.91,87.76,87.89,221991.88543899998
2026-04-27T17:45:00.000Z,87.885,87.89,87.64,87.83,587719.694989
2026-04-27T18:00:00.000Z,87.84,87.885,87.785,87.835,324687.81643000006
2026-04-27T18:15:00.000Z,87.85,87.915,87.765,87.815,272255.871159
2026-04-27T18:30:00.000Z,87.82,87.89,87.725,87.785,248989.36831999998
2026-04-27T18:45:00.000Z,87.785,87.87,87.775,87.855,199349.89700400003
2026-04-27T19:00:00.000Z,87.85,87.97,87.795,87.965,250088.46586199995
2026-04-27T19:15:00.000Z,87.97,88.09,87.91,88.035,286401.449366
2026-04-27T19:30:00.000Z,88.035,88.185,88.01,88.12,306489.826753
2026-04-27T19:45:00.000Z,88.12,88.345,88.115,88.27,1085281.25931
2026-04-28T13:30:00.000Z,88.55,88.55,87.029,87.87,1180956.3909109998
2026-04-28T13:45:00.000Z,87.87,88.02,87.76,88.01,326375.44445500005
2026-04-28T14:00:00.000Z,88,88.02,87.48,87.49,346267.515506
2026-04-28T14:15:00.000Z,87.49,87.6482,87.4,87.495,279141.883791
2026-04-28T14:30:00.000Z,87.49,87.51,86.99,87.12,464565.966783
2026-04-28T14:45:00.000Z,87.11,87.34,86.945,87.34,706812.1719470001
2026-04-28T15:00:00.000Z,87.36,87.39,87.11,87.27,408654.957307
2026-04-28T15:15:00.000Z,87.27,87.6,87.14,87.15,678807.8715920001
2026-04-28T15:30:00.000Z,87.155,87.155,86.86,86.875,292799.08342400007
2026-04-28T15:45:00.000Z,86.87,87.01,86.81,86.84,228193.97958599997
2026-04-28T16:00:00.000Z,86.85,86.9693,86.805,86.86,468247.746501
2026-04-28T16:15:00.000Z,86.855,86.86,86.645,86.69,325072.298735
2026-04-28T16:30:00.000Z,86.695,86.74,86.54,86.545,311810.835802
2026-04-28T16:45:00.000Z,86.54,86.62,86.39,86.45,542797.02136
2026-04-28T17:00:00.000Z,86.44,86.55,86.4,86.49,273295.9276
2026-04-28T17:15:00.000Z,86.495,86.495,86.21,86.255,342743.90310099995
2026-04-28T17:30:00.000Z,86.26,86.4975,86.1825,86.465,335446.64712700003
2026-04-28T17:45:00.000Z,86.465,86.5075,86.215,86.3151,328456.112489
2026-04-28T18:00:00.000Z,86.32,86.37,86.11,86.135,307476.17183000006
2026-04-28T18:15:00.000Z,86.135,86.19,85.79,85.82,435298.65044100006
2026-04-28T18:30:00.000Z,85.8299,85.9,85.775,85.86,627393.136021
2026-04-28T18:45:00.000Z,85.86,86.27,85.86,86.27,370943.3666399999
2026-04-28T19:00:00.000Z,86.28,86.58,86.2747,86.44,327651.72014600004
2026-04-28T19:15:00.000Z,86.44,86.569,86.335,86.525,422882.939674
2026-04-28T19:30:00.000Z,86.525,86.545,86.25,86.31,415445.549978
2026-04-28T19:45:00.000Z,86.31,86.96,86.19,86.85,1551608.386619
2026-04-29T13:30:00.000Z,87.32,87.7401,86.835,87.64,631917.0001259999
2026-04-29T13:45:00.000Z,87.65,88.018,87.475,87.96,440016.983321
2026-04-29T14:00:00.000Z,87.97,88.14,87.825,87.85,312329.87162100006
2026-04-29T14:15:00.000Z,87.845,87.845,87.42,87.56,279245.078118
2026-04-29T14:30:00.000Z,87.56,88.39,87.54,88.32,1069109.9538099996
2026-04-29T14:45:00.000Z,88.32,88.47,88.15,88.45,245350.581393
2026-04-29T15:00:00.000Z,88.445,88.49,88.365,88.395,387623.884725
2026-04-29T15:15:00.000Z,88.395,88.67,88.39,88.62,343107.53273499996
2026-04-29T15:30:00.000Z,88.62,88.6755,88.38,88.49,223870.87252399998
2026-04-29T15:45:00.000Z,88.49,88.705,88.45,88.68,348163.00678500003
2026-04-29T16:00:00.000Z,88.67,89.03,88.65,89.02,303583.965753
2026-04-29T16:15:00.000Z,89.015,89.08,88.675,88.805,279721.06611
2026-04-29T16:30:00.000Z,88.8,88.85,88.73,88.825,239976.13442199997
2026-04-29T16:45:00.000Z,88.825,88.975,88.825,88.945,194888.381331
2026-04-29T17:00:00.000Z,88.945,88.95,88.64,88.655,291025.878647
2026-04-29T17:15:00.000Z,88.655,88.745,88.58,88.725,262131.698425
2026-04-29T17:30:00.000Z,88.73,89,88.68,88.805,733645.9383069999
2026-04-29T17:45:00.000Z,88.81,88.825,88.7,88.77,194077.809054
2026-04-29T18:00:00.000Z,88.78,88.78,88.5841,88.755,231967.496468
2026-04-29T18:15:00.000Z,88.75,88.785,88.67,88.7393,157357.970664
2026-04-29T18:30:00.000Z,88.735,88.88,88.68,88.755,385045.721409
2026-04-29T18:45:00.000Z,88.755,88.97,88.71,88.96,556042.5187919999
2026-04-29T19:00:00.000Z,88.97,89.125,88.94,89.105,255215.92346399993
2026-04-29T19:15:00.000Z,89.105,89.22,89.09,89.17,338306.94414800004
2026-04-29T19:30:00.000Z,89.17,89.205,88.945,89.18,460088.598113
2026-04-29T19:45:00.000Z,89.18,89.63,89.16,89.6,1926971.776013
2026-04-30T13:30:00.000Z,89.815,90.189,89.32,90.11,917158.2922170002
2026-04-30T13:45:00.000Z,90.11,90.4,89.74,89.89,707332.993593
2026-04-30T14:00:00.000Z,89.91,89.91,89.4,89.54,555515.759377
2026-04-30T14:15:00.000Z,89.55,89.94,89.41,89.92,411379.316628
2026-04-30T14:30:00.000Z,89.91,90.43,89.87,90.375,664219.6999369999
2026-04-30T14:45:00.000Z,90.375,90.57,90.18,90.45,724724.37045
2026-04-30T15:00:00.000Z,90.45,90.56,90.32,90.45,472727.2698489999
2026-04-30T15:15:00.000Z,90.42,90.57,90.25,90.51,335629.792318
2026-04-30T15:30:00.000Z,90.52,90.73,90.5,90.72,379596.51672699995
2026-04-30T15:45:00.000Z,90.71,90.95,90.58,90.8929,418931.8691049999
2026-04-30T16:00:00.000Z,90.89,90.91,90.735,90.865,233918.78760199997
2026-04-30T16:15:00.000Z,90.86,91.11,90.76,91.09,569053.175974
2026-04-30T16:30:00.000Z,91.1,91.325,90.9329,90.99,1358944.529831
2026-04-30T16:45:00.000Z,91,91.0291,90.76,90.82,498617.47317599994
2026-04-30T17:00:00.000Z,90.815,91,90.72,90.97,292401.542533
2026-04-30T17:15:00.000Z,90.97,91,90.6906,90.965,279521.016393
2026-04-30T17:30:00.000Z,90.97,91.17,90.97,91.075,357385.293769
2026-04-30T17:45:00.000Z,91.08,91.205,91.08,91.09,191231.752792
2026-04-30T18:00:00.000Z,91.095,91.19,91.02,91.035,254193.722999
2026-04-30T18:15:00.000Z,91.0308,91.21,90.88,91.19,568209.636433
2026-04-30T18:30:00.000Z,91.19,91.5,91.18,91.47,417731.35371
2026-04-30T18:45:00.000Z,91.465,91.67,91.33,91.33,593999.753399
2026-04-30T19:00:00.000Z,91.335,91.56,91.31,91.535,349209.36384299997
2026-04-30T19:15:00.000Z,91.54,91.63,91.43,91.605,372975.02111
2026-04-30T19:30:00.000Z,91.61,91.63,91.42,91.535,585695.9544469999
2026-04-30T19:45:00.000Z,91.53,91.63,91.45,91.46,2406596.07499
2026-05-01T13:30:00.000Z,91.75,92.92,91.16,92.75,1314906.4165110001
2026-05-01T13:45:00.000Z,92.74,92.91,92.2347,92.41,468606.00387500005
2026-05-01T14:00:00.000Z,92.42,92.6588,92.24,92.63,315330.669431
2026-05-01T14:15:00.000Z,92.66,92.9092,92.62,92.63,330271.820654
2026-05-01T14:30:00.000Z,92.63,92.77,92.23,92.38,472793.80212500005
2026-05-01T14:45:00.000Z,92.37,92.49,92.31,92.32,260970.65426799995
2026-05-01T15:00:00.000Z,92.32,92.47,92.22,92.41,311647.683697
2026-05-01T15:15:00.000Z,92.415,92.665,92.385,92.665,284840.869104
2026-05-01T15:30:00.000Z,92.66,92.6601,92.48,92.61,276619.143232
2026-05-01T15:45:00.000Z,92.62,92.695,92.385,92.58,295390.51667999994
2026-05-01T16:00:00.000Z,92.57,92.595,92.47,92.525,270048.152304
2026-05-01T16:15:00.000Z,92.53,92.61,92.3217,92.3459,247739.83536799994
2026-05-01T16:30:00.000Z,92.34,92.36,92.195,92.195,235502.765572
2026-05-01T16:45:00.000Z,92.19,92.325,92.18,92.2,180489.97331099998
2026-05-01T17:00:00.000Z,92.195,92.3151,91.96,92.02,218131.169332
2026-05-01T17:15:00.000Z,92.0199,92.22,91.98,92.22,227024.90523299997
2026-05-01T17:30:00.000Z,92.22,92.265,92.145,92.21,228891.40201999998
2026-05-01T17:45:00.000Z,92.21,92.365,92.185,92.185,198210.452884
2026-05-01T18:00:00.000Z,92.18,92.295,92.075,92.095,574944.5666890001
2026-05-01T18:15:00.000Z,92.095,92.195,92.02,92.15,371676.468467
2026-05-01T18:30:00.000Z,92.155,92.17,92.01,92.09,223526.50650699998
2026-05-01T18:45:00.000Z,92.0994,92.215,92.035,92.16,222960.69734300004
2026-05-01T19:00:00.000Z,92.155,92.25,92.14,92.145,237570.142872
2026-05-01T19:15:00.000Z,92.145,92.24,92.06,92.215,337666.898255
2026-05-01T19:30:00.000Z,92.22,92.25,92.03,92.05,362685.23539199994
2026-05-01T19:45:00.000Z,92.04,92.12,91.79,91.86,1307083.7271929998
2026-05-04T13:30:00.000Z,91.85,92.34,91.19,92.3,739172.952295
2026-05-04T13:45:00.000Z,92.305,93.09,92.2,93.08,669766.4090490001
2026-05-04T14:00:00.000Z,93.08,93.1,92.65,92.725,529053.5074289999
2026-05-04T14:15:00.000Z,92.725,92.92,92.58,92.805,382413.015221
2026-05-04T14:30:00.000Z,92.805,93.08,92.8,92.98,312051.39623599994
2026-05-04T14:45:00.000Z,92.98,92.99,92.84,92.86,279070.270456
2026-05-04T15:00:00.000Z,92.87,92.87,92.55,92.67,253480.99382100004
2026-05-04T15:15:00.000Z,92.66,92.74,92.365,92.62,284007.635057
2026-05-04T15:30:00.000Z,92.61,92.86,92.53,92.67,289118.28097699996
2026-05-04T15:45:00.000Z,92.66,92.735,92.6,92.61,209110.06828599997
2026-05-04T16:00:00.000Z,92.6193,92.62,92.29,92.39,287473.518265
2026-05-04T16:15:00.000Z,92.39,92.495,92.3,92.34,378383.79832500004
2026-05-04T16:30:00.000Z,92.34,92.64,92.34,92.37,309458.81869600003
2026-05-04T16:45:00.000Z,92.37,92.68,92.3575,92.66,222452.67183500002
2026-05-04T17:00:00.000Z,92.68,92.88,92.623,92.835,231442.410977
2026-05-04T17:15:00.000Z,92.84,93.09,92.82,93.04,360337.22148199996
2026-05-04T17:30:00.000Z,93.035,93.09,92.77,92.785,235873.684386
2026-05-04T17:45:00.000Z,92.785,92.83,92.695,92.8,361566.870286
2026-05-04T18:00:00.000Z,92.795,92.89,92.77,92.82,145475.41281500002
2026-05-04T18:15:00.000Z,92.82,92.82,92.52,92.55,244321.19589300003
2026-05-04T18:30:00.000Z,92.54,92.595,92.365,92.365,161877.971321
2026-05-04T18:45:00.000Z,92.36,92.49,92.29,92.47,214636.40404399997
2026-05-04T19:00:00.000Z,92.46,92.53,92.3601,92.43,315113.309783
2026-05-04T19:15:00.000Z,92.44,92.63,92.41,92.57,261577.96452000004
2026-05-04T19:30:00.000Z,92.565,92.67,92.53,92.55,285442.27450000006
2026-05-04T19:45:00.000Z,92.53,92.69,92.46,92.66,1204755.123241
2026-05-05T13:30:00.000Z,93.82,94.11,93.42,93.64,980733.37828
2026-05-05T13:45:00.000Z,93.65,94.3,93.62,94.24,467105.9607979999
2026-05-05T14:00:00.000Z,94.22,94.34,93.95,94.02,455246.88438
2026-05-05T14:15:00.000Z,94,94.096,93.68,93.95,508783.199655
2026-05-05T14:30:00.000Z,93.97,94.095,93.565,93.58,325448.12258900004
2026-05-05T14:45:00.000Z,93.57,93.72,93.46,93.65,310971.863281
2026-05-05T15:00:00.000Z,93.66,93.73,93.49,93.53,268183.51161700004
2026-05-05T15:15:00.000Z,93.53,93.715,93.495,93.5193,265612.696774
2026-05-05T15:30:00.000Z,93.5101,93.6353,93.38,93.59,224261.485944
2026-05-05T15:45:00.000Z,93.58,93.755,93.57,93.69,160397.83471
2026-05-05T16:00:00.000Z,93.7,94.1299,93.7,94.11,240600.71761
2026-05-05T16:15:00.000Z,94.14,94.35,94.12,94.345,310076.05757899996
2026-05-05T16:30:00.000Z,94.345,94.36,94.22,94.27,214478.01980399995
2026-05-05T16:45:00.000Z,94.2701,94.45,94.19,94.44,282081.853851
2026-05-05T17:00:00.000Z,94.43,94.555,94.3401,94.4464,175594.70417099996
2026-05-05T17:15:00.000Z,94.45,94.465,94.375,94.4,159004.43664000003
2026-05-05T17:30:00.000Z,94.4,94.5259,94.355,94.36,281587.085998
2026-05-05T17:45:00.000Z,94.36,94.46,94.27,94.34,402832.491141
2026-05-05T18:00:00.000Z,94.35,94.4,94.15,94.38,370119.27348
2026-05-05T18:15:00.000Z,94.385,94.495,94.335,94.41,269380.61589
2026-05-05T18:30:00.000Z,94.42,94.46,94.39,94.44,136685.322723
2026-05-05T18:45:00.000Z,94.44,94.5295,94.42,94.42,205590.690072
2026-05-05T19:00:00.000Z,94.425,94.655,94.397,94.655,222689.42351800003
2026-05-05T19:15:00.000Z,94.65,94.715,94.5601,94.635,377189.41097900004
2026-05-05T19:30:00.000Z,94.63,94.675,94.39,94.495,385705.500524
2026-05-05T19:45:00.000Z,94.49,94.515,94.09,94.31,1529133.7597180002
2026-05-06T13:30:00.000Z,92.64,93.42,92.4,92.4,1708770.0235259999
2026-05-06T13:45:00.000Z,92.39,92.57,91.96,92.09,782604.8423849999
2026-05-06T14:00:00.000Z,92.1,92.475,91.615,91.715,1060044.4200239999
2026-05-06T14:15:00.000Z,91.73,91.78,91.12,91.15,1091039.7025020001
2026-05-06T14:30:00.000Z,91.15,91.62,91,91.425,600291.375016
2026-05-06T14:45:00.000Z,91.425,91.665,91.215,91.56,603083.1098160001
2026-05-06T15:00:00.000Z,91.56,92,91.41,91.99,436860.020419
2026-05-06T15:15:00.000Z,91.9897,92.055,91.35,91.37,424362.32014
2026-05-06T15:30:00.000Z,91.39,91.69,91.15,91.39,662937.921204
2026-05-06T15:45:00.000Z,91.4,91.69,91.24,91.53,488503.844684
2026-05-06T16:00:00.000Z,91.52,91.62,91.29,91.29,340665.725793
2026-05-06T16:15:00.000Z,91.29,91.38,91.22,91.295,385061.626057
2026-05-06T16:30:00.000Z,91.295,91.41,91.27,91.37,259106.525851
2026-05-06T16:45:00.000Z,91.375,91.375,91.185,91.23,330788.48037799995
2026-05-06T17:00:00.000Z,91.23,91.4199,91.17,91.28,273045.67308800004
2026-05-06T17:15:00.000Z,91.275,91.4,91.19,91.355,403867.98941
2026-05-06T17:30:00.000Z,91.355,91.53,91.26,91.335,270405.43763
2026-05-06T17:45:00.000Z,91.34,91.52,91.31,91.505,317922.47051699995
2026-05-06T18:00:00.000Z,91.5,91.56,91.335,91.525,363904.3675850001
2026-05-06T18:15:00.000Z,91.53,91.615,91.33,91.3515,441041.551005
2026-05-06T18:30:00.000Z,91.355,91.53,91.33,91.34,436292.2460970001
2026-05-06T18:45:00.000Z,91.335,91.44,91.16,91.39,513358.917395
2026-05-06T19:00:00.000Z,91.395,91.41,91.085,91.225,532464.382787
2026-05-06T19:15:00.000Z,91.23,91.46,91.075,91.415,542802.764371
2026-05-06T19:30:00.000Z,91.415,91.65,91.323,91.585,686914.089361
2026-05-06T19:45:00.000Z,91.58,91.77,91.46,91.64,2510770.827345
2026-05-07T13:30:00.000Z,92,92.58,91.9425,92.25,1060840.6936809998
2026-05-07T13:45:00.000Z,92.23,92.73,92.07,92.48,710084.9528709999
2026-05-07T14:00:00.000Z,92.47,92.55,92.03,92.05,502386.93847299996
2026-05-07T14:15:00.000Z,92.02,92.18,91.82,91.83,410390.44300299993
2026-05-07T14:30:00.000Z,91.84,92.15,91.79,92.02,394143.51262000005
2026-05-07T14:45:00.000Z,92.015,92.3799,91.925,92.37,388320.66779199993
2026-05-07T15:00:00.000Z,92.37,92.39,92,92.12,309876.5791900001
2026-05-07T15:15:00.000Z,92.125,92.275,91.96,92.11,342331.442239
2026-05-07T15:30:00.000Z,92.12,92.225,91.99,92.16,276001.746515
2026-05-07T15:45:00.000Z,92.15,92.17,91.88,91.925,293740.94823000004
2026-05-07T16:00:00.000Z,91.93,91.975,91.73,91.8051,364578.57636799995
2026-05-07T16:15:00.000Z,91.8,91.83,91.62,91.62,331620.12903499993
2026-05-07T16:30:00.000Z,91.62,91.93,91.61,91.89,258609.59475599998
2026-05-07T16:45:00.000Z,91.9,92.01,91.82,91.95,266028.643556
2026-05-07T17:00:00.000Z,91.96,92.16,91.865,92.12,348310.81585199997
2026-05-07T17:15:00.000Z,92.11,92.16,91.77,91.84,374956.121755
2026-05-07T17:30:00.000Z,91.85,92.08,91.775,91.98,255345.110677
2026-05-07T17:45:00.000Z,91.98,92.16,91.77,92.16,337481.025702
2026-05-07T18:00:00.000Z,92.17,92.25,92.03,92.2,330571.981832
2026-05-07T18:15:00.000Z,92.2,92.25,91.98,92.04,377567.187463
2026-05-07T18:30:00.000Z,92.045,92.19,91.97,92.03,293387.17384400003
2026-05-07T18:45:00.000Z,92.03,92.18,91.95,92.15,327011.73655399994
2026-05-07T19:00:00.000Z,92.16,92.24,92,92.13,322392.181489
2026-05-07T19:15:00.000Z,92.13,92.26,92.07,92.21,458718.3169579999
2026-05-07T19:30:00.000Z,92.2,92.55,92.185,92.3,572599.929799
2026-05-07T19:45:00.000Z,92.3,92.34,91.83,92.16,2383098.5089660003
2026-05-08T13:30:00.000Z,93.3304,94.365,93.14,93.86,1395141.1147489997
2026-05-08T13:45:00.000Z,93.86,95.201,93.78,95.201,1392107.124915
2026-05-08T14:00:00.000Z,95.2,95.45,94.93,95.38,789244.83027
2026-05-08T14:15:00.000Z,95.38,96.01,95.28,95.84,1324180.4148300001
2026-05-08T14:30:00.000Z,95.83,95.965,95.6,95.89,718732.5593150001
2026-05-08T14:45:00.000Z,95.87,95.95,95.34,95.71,561082.203441
2026-05-08T15:00:00.000Z,95.71,95.73,95.16,95.29,484412.866364
2026-05-08T15:15:00.000Z,95.29,95.68,95.275,95.62,481419.09925200004
2026-05-08T15:30:00.000Z,95.615,96.06,95.6,95.88,680280.413998
2026-05-08T15:45:00.000Z,95.89,96.02,95.63,95.8,654281.980394
2026-05-08T16:00:00.000Z,95.8,95.975,95.72,95.8,535230.019742
2026-05-08T16:15:00.000Z,95.8,95.88,95.56,95.88,320325.96256500005
2026-05-08T16:30:00.000Z,95.899,95.99,95.76,95.98,375686.09539400006
2026-05-08T16:45:00.000Z,95.98,96.56,95.97,96.475,1088703.108568
2026-05-08T17:00:00.000Z,96.48,96.97,96.46,96.88,578785.977113
2026-05-08T17:15:00.000Z,96.87,97.02,96.55,96.57,776629.584397
2026-05-08T17:30:00.000Z,96.58,96.73,96.565,96.68,359646.87184000004
2026-05-08T17:45:00.000Z,96.67,96.715,96.33,96.42,491372.317191
2026-05-08T18:00:00.000Z,96.43,96.51,96.1601,96.445,532463.093204
2026-05-08T18:15:00.000Z,96.45,96.61,96.31,96.43,624275.1779340002
2026-05-08T18:30:00.000Z,96.44,96.65,96.36,96.645,353551.590138
2026-05-08T18:45:00.000Z,96.65,96.673,96.27,96.2769,365157.82366399997
2026-05-08T19:00:00.000Z,96.28,96.655,96.275,96.46,402670.36401600007
2026-05-08T19:15:00.000Z,96.45,96.64,96.41,96.45,555720.812112
2026-05-08T19:30:00.000Z,96.445,97,96.4,96.66,859355.748174
2026-05-08T19:45:00.000Z,96.66,96.7,96.39,96.56,2821545.978943
2026-05-11T13:30:00.000Z,96.35,96.77,95.325,96.55,3626355.6247140006
2026-05-11T13:45:00.000Z,96.56,96.93,96.45,96.65,848885.735896
2026-05-11T14:00:00.000Z,96.62,96.95,96.525,96.93,774434.9008540001
2026-05-11T14:15:00.000Z,96.935,97.02,96.65,96.84,775206.8640170001
2026-05-11T14:30:00.000Z,96.84,97.34,96.77,97.335,800659.919155
2026-05-11T14:45:00.000Z,97.335,97.65,97.09,97.62,1251040.2698770002
2026-05-11T15:00:00.000Z,97.63,97.9,97.47,97.5575,628617.000263
2026-05-11T15:15:00.000Z,97.57,97.93,97.475,97.88,1034113.37123
2026-05-11T15:30:00.000Z,97.88,98.3,97.845,98.145,787069.5728680001
2026-05-11T15:45:00.000Z,98.15,98.48,98.05,98.09,642604.2490719999
2026-05-11T16:00:00.000Z,98.08,98.29,97.81,97.8701,758940.9931910001
2026-05-11T16:15:00.000Z,97.89,97.98,97.83,97.92,358719.64883499994
2026-05-11T16:30:00.000Z,97.93,97.95,97.62,97.69,462700.859448
2026-05-11T16:45:00.000Z,97.69,97.94,97.61,97.9,396274.79872200004
2026-05-11T17:00:00.000Z,97.9,97.94,97.52,97.925,797493.913382
2026-05-11T17:15:00.000Z,97.925,98.44,97.84,98.44,634130.4968
2026-05-11T17:30:00.000Z,98.43,98.575,98.25,98.355,511302.428542
2026-05-11T17:45:00.000Z,98.36,98.61,98.23,98.43,390290.963168
2026-05-11T18:00:00.000Z,98.44,98.465,98.26,98.34,501626.40065300005
2026-05-11T18:15:00.000Z,98.33,98.4,97.95,98.03,518789.46367
2026-05-11T18:30:00.000Z,98.04,98.06,97.77,97.815,572382.911893
2026-05-11T18:45:00.000Z,97.82,98.06,97.595,97.77,724007.407493
2026-05-11T19:00:00.000Z,97.78,97.99,97.72,97.955,622316.4769
2026-05-11T19:15:00.000Z,97.9551,98.09,97.865,97.985,699539.242286
2026-05-11T19:30:00.000Z,97.99,98.435,97.95,98.335,1171215.8173409998
2026-05-11T19:45:00.000Z,98.335,98.83,98.205,98.71,3219863.683474
2026-05-12T13:30:00.000Z,99.52,99.93,98.51,99.17,1954638.8450249995
2026-05-12T13:45:00.000Z,99.165,99.22,98.49,98.71,2104338.808891
2026-05-12T14:00:00.000Z,98.72,99.3,98.445,99.27,1820208.8307750004
2026-05-12T14:15:00.000Z,99.29,99.55,98.69,98.7532,979070.5310129999
2026-05-12T14:30:00.000Z,98.75,99.12,98.615,98.95,1026842.9053480001
2026-05-12T14:45:00.000Z,98.95,98.95,98.33,98.68,1252464.314302
2026-05-12T15:00:00.000Z,98.679,98.879,98.44,98.48,834879.1648039998
2026-05-12T15:15:00.000Z,98.48,98.519,98.0706,98.11,725522.3647929999
2026-05-12T15:30:00.000Z,98.1,98.15,97.77,97.96,837060.152459
2026-05-12T15:45:00.000Z,97.96,98.23,97.88,98.105,574826.225072
2026-05-12T16:00:00.000Z,98.12,98.47,97.97,98.33,744575.7964430001
2026-05-12T16:15:00.000Z,98.335,98.44,98.15,98.29,323590.66882600007
2026-05-12T16:30:00.000Z,98.28,98.45,98.11,98.18,630790.133305
2026-05-12T16:45:00.000Z,98.18,98.71,98.14,98.57,672163.8197899999
2026-05-12T17:00:00.000Z,98.58,98.855,98.51,98.8399,469900.00314
2026-05-12T17:15:00.000Z,98.835,99.29,98.79,98.8407,701252.464922
2026-05-12T17:30:00.000Z,98.82,98.83,98.605,98.64,365917.652055
2026-05-12T17:45:00.000Z,98.645,98.7,98.36,98.65,509666.37206799997
2026-05-12T18:00:00.000Z,98.64,98.8682,98.62,98.805,579395.1672039999
2026-05-12T18:15:00.000Z,98.81,99.07,98.78,99.01,424621.21412
2026-05-12T18:30:00.000Z,99.02,99.052,98.6,98.61,774322.3701490001
2026-05-12T18:45:00.000Z,98.6004,98.71,98.32,98.56,713696.143703
2026-05-12T19:00:00.000Z,98.555,98.75,98.445,98.64,755662.433639
2026-05-12T19:15:00.000Z,98.64,98.85,98.515,98.7501,826208.7351389998
2026-05-12T19:30:00.000Z,98.75,99.09,98.71,98.95,1016805.776405
2026-05-12T19:45:00.000Z,98.94,99.44,98.82,99.325,2725528.226566
2026-05-13T13:30:00.000Z,99.4,100.77,99.29,99.895,2183174.6946339994
2026-05-13T13:45:00.000Z,99.875,100.62,99.661,100.57,1258076.2915909998
2026-05-13T14:00:00.000Z,100.6,100.6,99.85,100.17,1211690.614827
2026-05-13T14:15:00.000Z,100.167,100.6799,99.91,100.515,1104807.984746
2026-05-13T14:30:00.000Z,100.52,100.84,100.23,100.43,1071383.679887
2026-05-13T14:45:00.000Z,100.42,100.54,100.185,100.27,798297.302011
2026-05-13T15:00:00.000Z,100.27,100.73,100.24,100.665,601522.27297
2026-05-13T15:15:00.000Z,100.67,100.85,100.36,100.41,781740.3496999999
2026-05-13T15:30:00.000Z,100.42,100.705,100.325,100.63,747251.7657150001
2026-05-13T15:45:00.000Z,100.63,100.65,99.86,100.02,577485.784997
2026-05-13T16:00:00.000Z,100.0225,100.24,99.97,100.22,415845.846831
2026-05-13T16:15:00.000Z,100.215,100.47,100.14,100.4,576496.553161
2026-05-13T16:30:00.000Z,100.4,100.45,100.28,100.38,534579.1988890001
2026-05-13T16:45:00.000Z,100.39,100.435,100.22,100.3899,435324.32613
2026-05-13T17:00:00.000Z,100.38,100.54,100.345,100.52,401089.962638
2026-05-13T17:15:00.000Z,100.52,100.61,100.41,100.535,394658.13836099993
2026-05-13T17:30:00.000Z,100.54,100.65,100.39,100.605,484245.388463
2026-05-13T17:45:00.000Z,100.605,100.7,100.51,100.625,517817.0859810001
2026-05-13T18:00:00.000Z,100.625,101.28,100.59,101.2551,1142854.621063
2026-05-13T18:15:00.000Z,101.26,101.61,101.2,101.5,656212.862065
2026-05-13T18:30:00.000Z,101.51,101.5199,100.86,100.95,740705.366045
2026-05-13T18:45:00.000Z,100.94,101.005,100.53,100.76,698038.54564
2026-05-13T19:00:00.000Z,100.76,100.96,100.675,100.74,889183.343323
2026-05-13T19:15:00.000Z,100.74,101.3204,100.615,101.32,1277674.547062
2026-05-13T19:30:00.000Z,101.315,101.95,101.085,101.69,1963312.122806
2026-05-13T19:45:00.000Z,101.695,102.01,101.23,101.9334,5081075.9836450005
2026-05-14T13:30:00.000Z,117.55,119.36,115.03,117.07,15118984.843160005
2026-05-14T13:45:00.000Z,117.06,118.36,114.5,114.83,7504022.899975
2026-05-14T14:00:00.000Z,114.83,116.39,114.22,115.27,4619340.8087679995
2026-05-14T14:15:00.000Z,115.255,116.87,115.22,116.83,3239763.4156290004
2026-05-14T14:30:00.000Z,116.83,117.1,115.77,116.42,2229394.226921
2026-05-14T14:45:00.000Z,116.42,116.73,115.72,116.5371,1595482.978025
2026-05-14T15:00:00.000Z,116.53,117.15,115.795,117.11,1768486.5149579998
2026-05-14T15:15:00.000Z,117.12,117.5,116.8506,117.35,1482091.070871
2026-05-14T15:30:00.000Z,117.35,117.74,116.93,117.72,1244986.614801
2026-05-14T15:45:00.000Z,117.68,117.73,116.84,116.85,1075609.519014
2026-05-14T16:00:00.000Z,116.87,116.88,116.29,116.59,1198719.736371
2026-05-14T16:15:00.000Z,116.6,116.65,116.22,116.33,829699.484397
2026-05-14T16:30:00.000Z,116.33,116.5,115.1,115.145,1637707.2819189997
2026-05-14T16:45:00.000Z,115.154,115.62,114.82,115.62,1152483.398752
2026-05-14T17:00:00.000Z,115.62,115.8399,114.82,114.88,1324702.4006760002
2026-05-14T17:15:00.000Z,114.885,115.04,113.97,114.1,1172161.834812
2026-05-14T17:30:00.000Z,114.09,114.93,114.05,114.705,1109592.1133100002
2026-05-14T17:45:00.000Z,114.705,115.25,114.61,115.17,746093.0843590001
2026-05-14T18:00:00.000Z,115.16,115.18,114.48,114.5496,1005030.5962030002
2026-05-14T18:15:00.000Z,114.53,115,114.48,114.65,910272.422968
2026-05-14T18:30:00.000Z,114.65,115.1999,114.57,115.07,855422.8156940001
2026-05-14T18:45:00.000Z,115.07,115.57,115.0544,115.16,1280851.26285
2026-05-14T19:00:00.000Z,115.17,115.4,115.102,115.21,842486.372377
2026-05-14T19:15:00.000Z,115.21,115.71,115.21,115.6101,1057314.0741160002
2026-05-14T19:30:00.000Z,115.62,115.84,115.34,115.78,1353686.5211029998
2026-05-14T19:45:00.000Z,115.78,115.78,114.91,115.55,3406552.4434
2026-05-15T13:30:00.000Z,114.61,116.99,114,116.566,4824543.673280002
2026-05-15T13:45:00.000Z,116.555,117.5,115.44,117.015,1848494.4203229998
2026-05-15T14:00:00.000Z,117.04,117.74,116.29,117.32,1726323.60876
2026-05-15T14:15:00.000Z,117.3391,118.34,117.3101,118.03,1423856.5354320002
2026-05-15T14:30:00.000Z,118.03,118.19,116.78,117.11,1497866.739557
2026-05-15T14:45:00.000Z,117.13,117.3,116.31,116.85,1076364.2962330002
2026-05-15T15:00:00.000Z,116.85,117.17,116.5,116.8601,929223.44578
2026-05-15T15:15:00.000Z,116.86,117.205,116.52,116.79,776060.2841490001
2026-05-15T15:30:00.000Z,116.81,117,116.45,116.52,757204.1524690001
2026-05-15T15:45:00.000Z,116.5,117,116.17,116.42,732305.99964
2026-05-15T16:00:00.000Z,116.44,116.92,116.39,116.79,529961.5365190001
2026-05-15T16:15:00.000Z,116.78,117.19,116.6,117.16,571687.515039
2026-05-15T16:30:00.000Z,117.16,117.41,116.91,117.07,538111.654222
2026-05-15T16:45:00.000Z,117.06,117.105,116.67,116.85,428347.21738399996
2026-05-15T17:00:00.000Z,116.86,117.38,116.75,116.885,660152.504202
2026-05-15T17:15:00.000Z,116.88,118.05,116.83,117.85,1337099.034672
2026-05-15T17:30:00.000Z,117.83,117.87,116.96,117.25,669129.785343
2026-05-15T17:45:00.000Z,117.255,117.78,117.22,117.47,530953.143628
2026-05-15T18:00:00.000Z,117.475,118.1,117.36,118.08,911042.2501579999
2026-05-15T18:15:00.000Z,118.085,118.2,117.4228,117.44,693997.8654619999
2026-05-15T18:30:00.000Z,117.44,117.71,117.11,117.67,520116.672116
2026-05-15T18:45:00.000Z,117.67,118.34,117.6,118.31,743557.1716669999
2026-05-15T19:00:00.000Z,118.31,118.35,117.82,118.04,728180.956005
2026-05-15T19:15:00.000Z,118.025,118.17,117.75,117.9,925126.5431199999
2026-05-15T19:30:00.000Z,117.9,118.49,117.765,117.975,1390566.967981
2026-05-15T19:45:00.000Z,117.975,118.83,117.73,118.22,4151754.9417060004
2026-05-18T13:30:00.000Z,118.8,119.39,117.523,117.7,2069155.6317389996
2026-05-18T13:45:00.000Z,117.6968,118,116.64,116.8099,1209818.553403
2026-05-18T14:00:00.000Z,116.78,117.75,116.2,117.71,912110.9636790002
2026-05-18T14:15:00.000Z,117.71,117.75,116.49,116.565,688413.866615
2026-05-18T14:30:00.000Z,116.58,117.24,116.03,116.92,659540.614178
2026-05-18T14:45:00.000Z,116.94,117.22,116.63,116.9,636400.5154210001
2026-05-18T15:00:00.000Z,116.9,117.03,116.43,116.925,676325.817763
2026-05-18T15:15:00.000Z,116.92,116.93,116.54,116.565,487346.90628399997
2026-05-18T15:30:00.000Z,116.565,116.855,116.34,116.75,450523.44598099997
2026-05-18T15:45:00.000Z,116.75,116.89,116.525,116.68,397455.27785899997
2026-05-18T16:00:00.000Z,116.665,117.24,116.48,117.24,306699.21711900004
2026-05-18T16:15:00.000Z,117.23,117.65,116.49,116.575,491227.578391
2026-05-18T16:30:00.000Z,116.5601,117.04,116.45,116.805,468154.367636
2026-05-18T16:45:00.000Z,116.8,117.72,116.66,117.565,440770.96971499996
2026-05-18T17:00:00.000Z,117.56,117.68,117.29,117.675,292425.101394
2026-05-18T17:15:00.000Z,117.675,117.68,117.21,117.52,335246.99051200005
2026-05-18T17:30:00.000Z,117.515,117.74,117.265,117.585,1824110.2201999999
2026-05-18T17:45:00.000Z,117.58,117.93,117.43,117.815,310819.28392200003
2026-05-18T18:00:00.000Z,117.82,117.91,117.54,117.63,346701.07802200003
2026-05-18T18:15:00.000Z,117.63,117.65,117.22,117.62,423711.20022700005
2026-05-18T18:30:00.000Z,117.63,117.8,117.5446,117.73,444766.86316
2026-05-18T18:45:00.000Z,117.73,117.87,117.535,117.63,457863.312836
2026-05-18T19:00:00.000Z,117.63,118.42,117.61,118.025,655506.7070660001
2026-05-18T19:15:00.000Z,118.025,118.04,117.71,117.865,527610.101536
2026-05-18T19:30:00.000Z,117.88,118.96,117.77,118.84,1647726.087197
2026-05-18T19:45:00.000Z,118.82,119.23,118.74,118.93,2344665.145531
2026-05-19T13:30:00.000Z,117.04,118.5,116.81,117.18,1831845.363944
2026-05-19T13:45:00.000Z,117.175,117.73,117.01,117.4,913005.6485239998
2026-05-19T14:00:00.000Z,117.39,117.64,115.415,115.5,1867731.4282469999
2026-05-19T14:15:00.000Z,115.49,115.67,114.79,115.4426,1602401.7639290001
2026-05-19T14:30:00.000Z,115.46,115.84,114.91,115.365,1290371.0283340004
2026-05-19T14:45:00.000Z,115.35,115.83,114.95,115.52,740985.8585160001
2026-05-19T15:00:00.000Z,115.5,115.86,115.26,115.35,704875.6758059999
2026-05-19T15:15:00.000Z,115.38,115.72,115.01,115.265,1103698.844158
2026-05-19T15:30:00.000Z,115.27,115.81,115.18,115.7932,748894.1304569999
2026-05-19T15:45:00.000Z,115.805,115.85,115.38,115.51,504204.28614899993
2026-05-19T16:00:00.000Z,115.53,115.73,115.18,115.38,518981.37498900003
2026-05-19T16:15:00.000Z,115.39,115.7999,115.34,115.69,543630.383429
2026-05-19T16:30:00.000Z,115.68,116.16,115.55,116.1,849801.9305310003
2026-05-19T16:45:00.000Z,116.1,116.57,116.05,116.555,922286.512481
2026-05-19T17:00:00.000Z,116.55,117.06,116.535,116.995,581968.705211
2026-05-19T17:15:00.000Z,117,117.74,117,117.65,1340909.4200910002
2026-05-19T17:30:00.000Z,117.64,117.7859,117.465,117.54,571562.3984599999
2026-05-19T17:45:00.000Z,117.54,117.595,117.05,117.23,550280.3282379999
2026-05-19T18:00:00.000Z,117.23,117.62,117.14,117.49,627380.1492270002
2026-05-19T18:15:00.000Z,117.49,117.55,116.8175,116.85,749779.787169
2026-05-19T18:30:00.000Z,116.84,116.9,116.67,116.71,369977.74837499997
2026-05-19T18:45:00.000Z,116.71,116.9699,116.58,116.63,499322.84990500007
2026-05-19T19:00:00.000Z,116.6,116.92,116.46,116.92,659080.0654140001
2026-05-19T19:15:00.000Z,116.93,116.975,116.26,116.34,536592.552286
2026-05-19T19:30:00.000Z,116.34,116.35,115.96,116.03,595330.198328
2026-05-19T19:45:00.000Z,116.02,116.04,115.11,115.4,3575465.43229
2026-05-20T13:30:00.000Z,115.69,116.85,115.3927,116.65,1367900.166365
2026-05-20T13:45:00.000Z,116.67,116.9195,115.77,115.86,968299.8454190001
2026-05-20T14:00:00.000Z,115.86,116.27,115.17,115.96,1206514.567528
2026-05-20T14:15:00.000Z,115.97,116.36,115.57,116.28,943045.1719600001
2026-05-20T14:30:00.000Z,116.28,116.56,115.57,115.85,765314.7433800001
2026-05-20T14:45:00.000Z,115.86,116.01,115.595,115.72,536063.321563
2026-05-20T15:00:00.000Z,115.7,116,115.43,115.74,895267.5431729999
2026-05-20T15:15:00.000Z,115.735,116.49,115.51,115.54,864038.8685350002
2026-05-20T15:30:00.000Z,115.53,115.98,115.5,115.79,601425.718958
2026-05-20T15:45:00.000Z,115.8,115.84,115.63,115.72,366879.67341399996
2026-05-20T16:00:00.000Z,115.72,116.08,115.49,116.04,531551.079199
2026-05-20T16:15:00.000Z,116.03,116.05,115.48,115.64,514119.804671
2026-05-20T16:30:00.000Z,115.65,115.69,115.26,115.42,387812.231158
2026-05-20T16:45:00.000Z,115.41,115.57,115.21,115.235,543664.188943
2026-05-20T17:00:00.000Z,115.24,115.285,114.75,114.79,609303.85901
2026-05-20T17:15:00.000Z,114.77,114.8,114.55,114.68,474647.002062
2026-05-20T17:30:00.000Z,114.69,114.79,114.58,114.6,381109.939266
2026-05-20T17:45:00.000Z,114.59,114.865,114.55,114.865,466695.74207899993
2026-05-20T18:00:00.000Z,114.85,114.993,114.705,114.745,435603.65084499994
2026-05-20T18:15:00.000Z,114.74,114.88,114.645,114.85,414674.204412
2026-05-20T18:30:00.000Z,114.84,115.02,114.72,114.72,540161.364342
2026-05-20T18:45:00.000Z,114.72,114.78,114.43,114.44,347020.8776579999
2026-05-20T19:00:00.000Z,114.445,114.48,114.19,114.27,530621.257015
2026-05-20T19:15:00.000Z,114.27,114.32,114.12,114.21,589266.3251549999
2026-05-20T19:30:00.000Z,114.2,114.39,113.85,114.075,811799.928829
2026-05-20T19:45:00.000Z,114.07,114.38,113.93,114.33,2315925.792154
2026-05-21T13:30:00.000Z,114.13,115.1,113.57,114.94,1331008.3244939998
2026-05-21T13:45:00.000Z,114.97,115.88,114.935,115.49,1008841.773699
2026-05-21T14:00:00.000Z,115.49,115.725,115.11,115.48,1091322.335292
2026-05-21T14:15:00.000Z,115.48,116.18,115.335,116.09,954610.4294130001
2026-05-21T14:30:00.000Z,116.09,117.215,116.09,117.14,962479.1257319999
2026-05-21T14:45:00.000Z,117.14,117.5399,116.89,117.425,597564.32405
2026-05-21T15:00:00.000Z,117.44,117.47,116.48,116.74,622085.9195689999
2026-05-21T15:15:00.000Z,116.73,116.87,116.56,116.595,456716.766687
2026-05-21T15:30:00.000Z,116.62,116.81,116.42,116.73,454453.805834
2026-05-21T15:45:00.000Z,116.755,117.07,116.65,116.92,426884.024616
2026-05-21T16:00:00.000Z,116.92,117.53,116.82,117.49,436199.73110699997
2026-05-21T16:15:00.000Z,117.4999,117.58,117.2401,117.305,438077.508429
2026-05-21T16:30:00.000Z,117.3,117.44,116.87,117.43,416981.250028
2026-05-21T16:45:00.000Z,117.43,117.54,117.325,117.4601,457905.934388
2026-05-21T17:00:00.000Z,117.47,117.8,117.16,117.7,495784.53302399995
2026-05-21T17:15:00.000Z,117.7,117.79,117.44,117.64,399696.40381600003
2026-05-21T17:30:00.000Z,117.64,118.065,117.61,118.045,437408.93599200004
2026-05-21T17:45:00.000Z,118.04,118.23,117.99,118.05,395969.108171
2026-05-21T18:00:00.000Z,118.03,118.131,117.84,117.98,564074.378441
2026-05-21T18:15:00.000Z,118,118.2,117.8081,117.83,481245.315902
2026-05-21T18:30:00.000Z,117.83,117.99,117.62,117.7722,685642.3069300001
2026-05-21T18:45:00.000Z,117.8,117.85,117.21,117.34,643119.360415
2026-05-21T19:00:00.000Z,117.33,117.96,117.315,117.88,670293.726283
2026-05-21T19:15:00.000Z,117.9,118.1999,117.8546,118.07,716723.8699159998
2026-05-21T19:30:00.000Z,118.08,118.4097,118.045,118.08,933318.494098
2026-05-21T19:45:00.000Z,118.07,118.6,118.02,118.22,2686609.942574
2026-05-22T13:30:00.000Z,118.455,119.94,117.68,119.77,1804035.868173
2026-05-22T13:45:00.000Z,119.775,120.53,119,120.47,1612306.544269
2026-05-22T14:00:00.000Z,120.47,120.54,119.18,119.535,982618.0193309999
2026-05-22T14:15:00.000Z,119.53,119.74,118.95,119.26,716408.5647199999
2026-05-22T14:30:00.000Z,119.27,120.07,119.23,119.986,626052.355523
2026-05-22T14:45:00.000Z,120.01,120.17,119.68,120.035,496068.8504659999
2026-05-22T15:00:00.000Z,120.05,120.105,119.53,119.58,499978.32807999995
2026-05-22T15:15:00.000Z,119.585,120.0899,119.53,120.07,575103.444273
2026-05-22T15:30:00.000Z,120.06,120.235,119.6,120.23,696439.4591720001
2026-05-22T15:45:00.000Z,120.22,120.4723,120.05,120.435,460060.067666
2026-05-22T16:00:00.000Z,120.44,120.44,120.12,120.32,383483.22633700003
2026-05-22T16:15:00.000Z,120.315,120.49,120.14,120.49,352250.353261
2026-05-22T16:30:00.000Z,120.5,120.695,120.4501,120.46,297980.10702199995
2026-05-22T16:45:00.000Z,120.46,120.716,120.45,120.716,376446.72352600005
2026-05-22T17:00:00.000Z,120.705,120.79,120.49,120.65,342977.365792
2026-05-22T17:15:00.000Z,120.65,120.69,120.4,120.5324,601125.4272490001
2026-05-22T17:30:00.000Z,120.58,120.67,120.3,120.37,567693.760823
2026-05-22T17:45:00.000Z,120.37,120.38,120.1,120.17,532279.7595929999
2026-05-22T18:00:00.000Z,120.185,120.195,119.84,120.02,571196.016852
2026-05-22T18:15:00.000Z,120.01,120.015,119.79,119.82,440987.103077
2026-05-22T18:30:00.000Z,119.83,120.03,119.705,119.96,381017.244375
2026-05-22T18:45:00.000Z,119.965,120.22,119.945,120.145,359542.427051
2026-05-22T19:00:00.000Z,120.15,120.42,120.06,120.27,390090.806363
2026-05-22T19:15:00.000Z,120.27,120.58,120.2,120.31,461176.35306500003
2026-05-22T19:30:00.000Z,120.305,120.715,120.29,120.7,640786.069394
2026-05-22T19:45:00.000Z,120.69,120.75,120.1901,120.38,2759133.733047
2026-05-26T13:30:00.000Z,120.54,120.77,117.45,118.71,2365709.1280389996
2026-05-26T13:45:00.000Z,118.71,119.09,118,118.05,1681331.04651
2026-05-26T14:00:00.000Z,118.04,118.1,117.095,117.3592,1277839.9260719998
2026-05-26T14:15:00.000Z,117.36,118.3,117.21,118.01,889281.968776
2026-05-26T14:30:00.000Z,118,118.17,117.42,118,793936.291467
2026-05-26T14:45:00.000Z,117.97,117.97,117.31,117.53,715620.5487679999
2026-05-26T15:00:00.000Z,117.54,118.45,117.515,118.1,672198.4524869999
2026-05-26T15:15:00.000Z,118.1,118.1883,117.61,117.92,954582.8181420001
2026-05-26T15:30:00.000Z,117.92,118.48,117.8,118.38,397434.139888
2026-05-26T15:45:00.000Z,118.38,118.54,117.71,117.875,577569.9262900001
2026-05-26T16:00:00.000Z,117.89,118.2,117.62,117.795,564257.092525
2026-05-26T16:15:00.000Z,117.8,118.0091,117.67,117.74,493392.482189
2026-05-26T16:30:00.000Z,117.75,117.83,117.5,117.57,396838.81715200003
2026-05-26T16:45:00.000Z,117.57,117.64,117.385,117.48,946940.5342529998
2026-05-26T17:00:00.000Z,117.46,117.56,117.34,117.45,324800.29502099997
2026-05-26T17:15:00.000Z,117.45,117.45,117.19,117.3,509446.50734300003
2026-05-26T17:30:00.000Z,117.3,117.58,117.28,117.4,292044.25413
2026-05-26T17:45:00.000Z,117.4,117.77,117.36,117.49,530615.1685060001
2026-05-26T18:00:00.000Z,117.5,117.61,117.42,117.5,330433.574974
2026-05-26T18:15:00.000Z,117.495,117.91,117.31,117.36,614484.235738
2026-05-26T18:30:00.000Z,117.36,117.65,117.31,117.425,592023.43585
2026-05-26T18:45:00.000Z,117.43,117.49,117.19,117.345,695715.111725
2026-05-26T19:00:00.000Z,117.36,117.595,117.23,117.45,826948.2310429999
2026-05-26T19:15:00.000Z,117.44,117.6425,117.26,117.59,864577.1811230001
2026-05-26T19:30:00.000Z,117.57,118.44,117.5,118.34,1109029.550766
2026-05-26T19:45:00.000Z,118.34,118.6,118.26,118.32,1694729.134484
2026-05-27T13:30:00.000Z,117.94,119.15,116.77,118.11,2327228.6040769997
2026-05-27T13:45:00.000Z,118.08,119.84,118.02,119.57,1281025.197286
2026-05-27T14:00:00.000Z,119.55,120.1,119.26,119.92,702532.317929
2026-05-27T14:15:00.000Z,119.92,120.39,119.38,119.95,1001822.2475239999
2026-05-27T14:30:00.000Z,119.94,120.1,119.54,119.96,602058.95422
2026-05-27T14:45:00.000Z,119.98,120.05,119.575,119.73,427195.8597089999
2026-05-27T15:00:00.000Z,119.75,119.79,119.23,119.38,409751.0819229999
2026-05-27T15:15:00.000Z,119.375,119.54,119.23,119.44,280826.618947
2026-05-27T15:30:00.000Z,119.44,119.57,118.94,118.96,341684.1477670001
2026-05-27T15:45:00.000Z,118.96,119.17,118.77,119.14,363902.5172649999
2026-05-27T16:00:00.000Z,119.14,119.61,118.96,119.61,450641.959675
2026-05-27T16:15:00.000Z,119.59,119.605,119.27,119.33,273642.99106300005
2026-05-27T16:30:00.000Z,119.325,119.46,119.22,119.385,239925.930427
2026-05-27T16:45:00.000Z,119.39,119.4,119.2335,119.26,206432.08192599998
2026-05-27T17:00:00.000Z,119.25,119.42,119.12,119.275,265636.76563200005
2026-05-27T17:15:00.000Z,119.28,119.585,119.22,119.51,211691.15386
2026-05-27T17:30:00.000Z,119.515,119.6,119.45,119.51,196151.726809
2026-05-27T17:45:00.000Z,119.515,119.67,119.42,119.4701,257569.72505900002
2026-05-27T18:00:00.000Z,119.47,119.5,119.28,119.46,375329.59745699994
2026-05-27T18:15:00.000Z,119.46,119.635,119.405,119.59,226253.65875999996
2026-05-27T18:30:00.000Z,119.58,119.8,119.5,119.7562,709026.04934
2026-05-27T18:45:00.000Z,119.75,119.83,119.66,119.73,287568.04378500005
2026-05-27T19:00:00.000Z,119.73,119.86,119.6,119.76,369670.691136
2026-05-27T19:15:00.000Z,119.77,119.88,119.64,119.875,449321.35792700003
2026-05-27T19:30:00.000Z,119.875,120,119.74,119.78,469205.377304
2026-05-27T19:45:00.000Z,119.79,119.79,119.6,119.69,1425195.627243
2026-05-28T13:30:00.000Z,120.53,120.72,119.33,119.76,790891.747964
2026-05-28T13:45:00.000Z,119.745,119.85,118.535,118.79,568504.244869
2026-05-28T14:00:00.000Z,118.79,119.2,117.96,118.9644,999317.8367740001
2026-05-28T14:15:00.000Z,118.98,119.21,118.69,118.7,710140.2458029998
2026-05-28T14:30:00.000Z,118.69,119.375,118.4,119.3,384536.14823799994
2026-05-28T14:45:00.000Z,119.3,119.49,119.19,119.255,320991.751185
2026-05-28T15:00:00.000Z,119.26,119.31,118.98,119.2553,365340.23815499997
2026-05-28T15:15:00.000Z,119.25,119.41,119.08,119.21,346926.46816299995
2026-05-28T15:30:00.000Z,119.22,119.23,118.88,119.1,372576.27061300003
2026-05-28T15:45:00.000Z,119.105,119.43,118.97,119.405,242218.79496799997
2026-05-28T16:00:00.000Z,119.4,119.44,119.2001,119.23,249859.53080900002
2026-05-28T16:15:00.000Z,119.235,119.29,119.095,119.21,278150.74111400003
2026-05-28T16:30:00.000Z,119.205,119.26,119.0218,119.08,215702.28538400002
2026-05-28T16:45:00.000Z,119.09,119.435,119.065,119.265,283334.92318100005
2026-05-28T17:00:00.000Z,119.275,119.365,119.1901,119.225,277737.12992399995
2026-05-28T17:15:00.000Z,119.2277,119.36,119.17,119.22,231196.94832599995
2026-05-28T17:30:00.000Z,119.215,119.35,119.01,119.19,273334.17880999995
2026-05-28T17:45:00.000Z,119.16,119.215,118.95,118.965,252300.38764800003
2026-05-28T18:00:00.000Z,118.965,119.005,118.71,118.9706,611284.4119249999
2026-05-28T18:15:00.000Z,118.97,119.27,118.97,119.245,282783.502855
2026-05-28T18:30:00.000Z,119.245,119.26,118.9,118.94,805073.0733640001
2026-05-28T18:45:00.000Z,118.95,118.96,118.715,118.72,277171.587772
2026-05-28T19:00:00.000Z,118.72,118.96,118.72,118.77,339116.6104190001
2026-05-28T19:15:00.000Z,118.7622,119.115,118.68,119.06,440260.54686299997
2026-05-28T19:30:00.000Z,119.05,119.32,119.04,119.26,2229893.3563900003
2026-05-28T19:45:00.000Z,119.25,119.37,118.61,118.645,1767756.188707
2026-05-29T13:30:00.000Z,117.82,118.95,117.0083,117.83,1507065.855269
2026-05-29T13:45:00.000Z,117.82,118.5,117.77,117.95,988966.7775409999
2026-05-29T14:00:00.000Z,117.95,118.25,117.4307,117.782,827530.4111230001
2026-05-29T14:15:00.000Z,117.79,117.94,117.475,117.89,724392.169636
2026-05-29T14:30:00.000Z,117.9,119.03,117.9,118.92,1357955.956329
2026-05-29T14:45:00.000Z,118.92,119.52,118.69,119.275,554279.9924959999
2026-05-29T15:00:00.000Z,119.26,119.41,118.635,118.81,462400.349281
2026-05-29T15:15:00.000Z,118.82,119.13,118.82,119.05,327114.41638
2026-05-29T15:30:00.000Z,119.05,119.36,118.98,119.355,359683.052077
2026-05-29T15:45:00.000Z,119.35,119.91,119.23,119.86,375573.25222599995
2026-05-29T16:00:00.000Z,119.865,120.22,119.79,120.12,368042.22472999996
2026-05-29T16:15:00.000Z,120.11,120.12,119.85,119.89,248373.75967099998
2026-05-29T16:30:00.000Z,119.89,120.1199,119.82,119.83,317958.063958
2026-05-29T16:45:00.000Z,119.83,119.9,119.68,119.81,273518.59244599997
2026-05-29T17:00:00.000Z,119.81,119.885,119.61,119.705,1010929.5281030001
2026-05-29T17:15:00.000Z,119.705,119.795,119.57,119.6699,295253.35873000004
2026-05-29T17:30:00.000Z,119.65,120.24,119.65,120.105,289433.329414
2026-05-29T17:45:00.000Z,120.1,120.13,119.845,119.86,247448.736592
2026-05-29T18:00:00.000Z,119.85,120.53,119.83,120.51,323238.265512
2026-05-29T18:15:00.000Z,120.52,120.75,120.28,120.68,377978.870491
2026-05-29T18:30:00.000Z,120.68,121.23,120.64,121.045,465362.13877300004
2026-05-29T18:45:00.000Z,121.04,121.045,120.8,120.98,369370.878668
2026-05-29T19:00:00.000Z,121.01,121.09,120.82,120.99,1996661.6416089998
2026-05-29T19:15:00.000Z,121,121.43,120.96,121.36,564722.434643
2026-05-29T19:30:00.000Z,121.33,121.39,121.01,121.26,601644.726065
2026-05-29T19:45:00.000Z,121.27,121.38,119.94,120.45,3685766.55562
2026-06-01T13:30:00.000Z,119.8,120.41,118.3,119.455,1671466.905924
2026-06-01T13:45:00.000Z,119.38,119.73,118.61,118.62,909226.3569619999
2026-06-01T14:00:00.000Z,118.58,119.67,118.47,119.38,653928.853111
2026-06-01T14:15:00.000Z,119.39,120.74,119.28,120.72,775526.0810479999
2026-06-01T14:30:00.000Z,120.715,121.39,120.56,120.98,764842.5636819999
2026-06-01T14:45:00.000Z,120.98,121.055,120.49,120.94,505234.12049600005
2026-06-01T15:00:00.000Z,120.95,121.1,120.51,121.045,569332.6667299999
2026-06-01T15:15:00.000Z,121.04,121.1,120.67,120.855,509098.163776
2026-06-01T15:30:00.000Z,120.86,121.05,120.41,120.655,604207.5564509999
2026-06-01T15:45:00.000Z,120.66,120.98,120.62,120.85,343324.2107880001
2026-06-01T16:00:00.000Z,120.86,121,120.22,120.33,454015.2729409999
2026-06-01T16:15:00.000Z,120.32,120.33,119.82,119.94,372441.91183
2026-06-01T16:30:00.000Z,119.96,120.38,119.96,120.175,542786.8324879999
2026-06-01T16:45:00.000Z,120.17,120.295,120.015,120.16,399649.00729499996
2026-06-01T17:00:00.000Z,120.17,120.37,120.1,120.28,324132.3322949999
2026-06-01T17:15:00.000Z,120.28,120.52,120.26,120.46,364258.41664799995
2026-06-01T17:30:00.000Z,120.48,121.17,120.42,121.05,580273.3911029999
2026-06-01T17:45:00.000Z,121.06,121.32,121,121.015,401414.15031999996
2026-06-01T18:00:00.000Z,121.015,121.16,120.75,120.75,440690.2625180001
2026-06-01T18:15:00.000Z,120.76,120.79,120.48,120.565,399721.315359
2026-06-01T18:30:00.000Z,120.56,120.87,120.4601,120.84,929319.826843
2026-06-01T18:45:00.000Z,120.84,120.85,120.645,120.78,287961.26418
2026-06-01T19:00:00.000Z,120.79,121.36,120.5737,121.035,1793955.8830579997
2026-06-01T19:15:00.000Z,121.035,121.4465,120.98,121.215,642943.2494440001
2026-06-01T19:30:00.000Z,121.23,121.95,121.23,121.745,908622.2768139999
2026-06-01T19:45:00.000Z,121.74,121.745,121.19,121.36,2041917.681436
2026-06-02T13:30:00.000Z,122.49,125.625,122.49,125.1,2356706.6110130004
2026-06-02T13:45:00.000Z,125.105,126.315,124.66,126.2,1595236.6609729999
2026-06-02T14:00:00.000Z,126.19,127.07,125.89,127.02,1302338.910501
2026-06-02T14:15:00.000Z,127.03,127.45,126.4,127.17,1437926.025984
2026-06-02T14:30:00.000Z,127.18,127.63,127.065,127.52,1096182.701811
2026-06-02T14:45:00.000Z,127.51,128.05,127.28,127.3258,867553.375318
2026-06-02T15:00:00.000Z,127.36,127.57,127.21,127.5,707691.521824
2026-06-02T15:15:00.000Z,127.505,127.77,127.24,127.25,649543.616573
2026-06-02T15:30:00.000Z,127.275,127.57,127.15,127.2775,863500.469397
2026-06-02T15:45:00.000Z,127.275,127.43,126.8704,127.3,602136.1547319998
2026-06-02T16:00:00.000Z,127.325,127.55,127.18,127.33,443187.13248400006
2026-06-02T16:15:00.000Z,127.32,127.39,127.16,127.19,382474.880157
2026-06-02T16:30:00.000Z,127.19,127.2999,126.99,127.095,446472.37654500006
2026-06-02T16:45:00.000Z,127.095,127.62,127.045,127.45,345562.70774900005
2026-06-02T17:00:00.000Z,127.4599,127.6,127.3852,127.435,315742.69907400006
2026-06-02T17:15:00.000Z,127.435,127.6,127.2,127.33,475906.64854399994
2026-06-02T17:30:00.000Z,127.325,127.57,127.22,127.295,622966.0752469999
2026-06-02T17:45:00.000Z,127.3099,127.62,127.23,127.44,377248.15793799993
2026-06-02T18:00:00.000Z,127.44,127.48,127.295,127.42,471391.590579
2026-06-02T18:15:00.000Z,127.43,127.67,127.2875,127.57,394107.409816
2026-06-02T18:30:00.000Z,127.56,127.665,127.38,127.42,279679.390591
2026-06-02T18:45:00.000Z,127.42,127.59,127.36,127.5106,501594.2043040001
2026-06-02T19:00:00.000Z,127.5198,127.81,127.37,127.75,506707.898888
2026-06-02T19:15:00.000Z,127.755,127.83,127.59,127.81,493641.948015
2026-06-02T19:30:00.000Z,127.819,127.94,127.625,127.735,547844.109955
2026-06-02T19:45:00.000Z,127.735,128.22,127.71,128.005,2743661.712836
2026-06-03T13:30:00.000Z,126.16,126.98,125.22,125.57,2289007.3756430005
2026-06-03T13:45:00.000Z,125.57,126.25,124.915,125.295,2122251.151566
2026-06-03T14:00:00.000Z,125.38,126.8,125.27,126.64,833145.585554
2026-06-03T14:15:00.000Z,126.67,127.31,126.375,127.31,653129.9364829999
2026-06-03T14:30:00.000Z,127.32,127.4,126.99,127.29,520072.3381879999
2026-06-03T14:45:00.000Z,127.29,127.95,127.1525,127.95,615054.067463
2026-06-03T15:00:00.000Z,127.95,128.36,127.91,128.285,451015.885069
2026-06-03T15:15:00.000Z,128.295,128.715,128.22,128.6,580397.430666
2026-06-03T15:30:00.000Z,128.585,128.82,127.87,127.96,652021.256608
2026-06-03T15:45:00.000Z,127.97,127.99,127.54,127.94,361773.661438
2026-06-03T16:00:00.000Z,127.93,128.075,127.64,128.045,257790.09581600002
2026-06-03T16:15:00.000Z,128.02,128.25,127.86,128.03,458235.687916
2026-06-03T16:30:00.000Z,128.02,128.06,127.77,127.89,327616.26406099997
2026-06-03T16:45:00.000Z,127.9,128.44,127.9,128.39,393838.713434
2026-06-03T17:00:00.000Z,128.38,128.55,128.25,128.435,338104.545539
2026-06-03T17:15:00.000Z,128.46,128.745,128.32,128.4135,398852.631396
2026-06-03T17:30:00.000Z,128.42,128.65,128.13,128.59,358250.157182
2026-06-03T17:45:00.000Z,128.59,128.89,128.4901,128.765,560408.8895800001
2026-06-03T18:00:00.000Z,128.765,129.0798,128.65,128.98,486127.598162
2026-06-03T18:15:00.000Z,128.985,129,128.635,128.95,360324.769566
2026-06-03T18:30:00.000Z,128.95,129.05,128.55,128.99,832618.038009
2026-06-03T18:45:00.000Z,128.995,129.21,128.94,129.14,867910.7719369999
2026-06-03T19:00:00.000Z,129.135,129.4155,129.01,129.205,484486.228216
2026-06-03T19:15:00.000Z,129.205,129.35,128.95,129.08,769582.785888
2026-06-03T19:30:00.000Z,129.08,129.25,127.11,127.14,1633098.3126910003
2026-06-03T19:45:00.000Z,127.16,127.485,126.03,126.58,4202211.376499999
2026-06-04T13:30:00.000Z,126.06,126.49,124.144,124.73,1874337.6631300002
2026-06-04T13:45:00.000Z,124.8,125.79,124.54,125.42,853847.3108199998
2026-06-04T14:00:00.000Z,125.43,125.835,125.01,125.795,1070306.8108939999
2026-06-04T14:15:00.000Z,125.803,126.3025,125.795,126.295,638294.9586349999
2026-06-04T14:30:00.000Z,126.29,126.56,125.99,126.31,466847.85553099995
2026-06-04T14:45:00.000Z,126.31,127.1878,126.26,127.115,484509.33691699995
2026-06-04T15:00:00.000Z,127.11,127.73,127.1,127.6001,484416.65188699996
2026-06-04T15:15:00.000Z,127.63,128.17,127.44,127.94,541901.272049
2026-06-04T15:30:00.000Z,127.935,128.22,127.8256,127.9,492267.70150100003
2026-06-04T15:45:00.000Z,127.9,128.74,127.67,128.73,572069.5628630001
2026-06-04T16:00:00.000Z,128.73,128.77,128.02,128.51,491709.02116599993
2026-06-04T16:15:00.000Z,128.515,129.08,128.35,128.9157,482489.5203769999
2026-06-04T16:30:00.000Z,128.91,129.005,128.62,128.67,371966.57505999994
2026-06-04T16:45:00.000Z,128.67,129.01,128.545,128.945,392886.10210600006
2026-06-04T17:00:00.000Z,128.945,129.03,128.605,128.86,377914.88805699995
2026-06-04T17:15:00.000Z,128.86,129.285,128.825,129.15,364867.5094470001
2026-06-04T17:30:00.000Z,129.15,129.67,129.15,129.615,510908.825678
2026-06-04T17:45:00.000Z,129.615,129.73,129.49,129.635,433631.01841200003
2026-06-04T18:00:00.000Z,129.62,129.7166,129.54,129.71,416700.12439600006
2026-06-04T18:15:00.000Z,129.705,129.8,129.45,129.64,477102.0532399999
2026-06-04T18:30:00.000Z,129.63,129.805,129.59,129.66,737484.230716
2026-06-04T18:45:00.000Z,129.66,130.05,129.65,130.005,793833.8585050001
2026-06-04T19:00:00.000Z,130.005,130.3656,129.99,130.02,442975.19077099994
2026-06-04T19:15:00.000Z,130.02,130.33,129.9275,130.225,552045.394093
2026-06-04T19:30:00.000Z,130.22,130.22,129.035,129.45,1252721.3391679998
2026-06-04T19:45:00.000Z,129.44,130.15,129.365,130.015,2295701.2620739997
2026-06-05T13:30:00.000Z,128.66,128.84,124.67,125.01,1424022.508344
2026-06-05T13:45:00.000Z,125,125.84,124.975,125.085,1112135.926144
2026-06-05T14:00:00.000Z,125.09,126,124.885,125.1799,1021365.095874
2026-06-05T14:15:00.000Z,125.17,125.825,124.82,124.9,1033269.9400429999
2026-06-05T14:30:00.000Z,124.88,125.57,124.82,125.45,1015052.410331
2026-06-05T14:45:00.000Z,125.46,125.98,125.251,125.471,520299.54186
2026-06-05T15:00:00.000Z,125.49,125.505,125.0253,125.13,585504.0714659999
2026-06-05T15:15:00.000Z,125.12,125.79,125.12,125.64,613665.5005489999
2026-06-05T15:30:00.000Z,125.62,125.91,124.57,124.86,772198.836179
2026-06-05T15:45:00.000Z,124.86,125.14,124.6504,124.71,559877.469168
2026-06-05T16:00:00.000Z,124.695,124.77,124.22,124.3825,565408.6832069999
2026-06-05T16:15:00.000Z,124.39,124.43,123.92,123.94,580010.4439940001
2026-06-05T16:30:00.000Z,123.95,123.96,123.265,123.38,736283.1562369999
2026-06-05T16:45:00.000Z,123.37,123.835,122.93,123.65,1266857.9931290003
2026-06-05T17:00:00.000Z,123.64,123.7,123.1001,123.615,1179072.339237
2026-06-05T17:15:00.000Z,123.61,124.055,123.12,123.34,1405379.582711
2026-06-05T17:30:00.000Z,123.34,123.47,122.75,123.07,1227667.01911
2026-06-05T17:45:00.000Z,123.11,123.61,122.88,123.6,405048.74958899996
2026-06-05T18:00:00.000Z,123.6,123.61,122.33,122.525,1286241.6950390001
2026-06-05T18:15:00.000Z,122.52,122.915,122.401,122.8,719586.9937489999
2026-06-05T18:30:00.000Z,122.78,122.87,122.34,122.47,645177.4452569999
2026-06-05T18:45:00.000Z,122.46,122.635,122.1,122.59,702762.2647899999
2026-06-05T19:00:00.000Z,122.585,122.61,122.12,122.185,852859.730423
2026-06-05T19:15:00.000Z,122.17,122.42,121.84,122.355,743897.8262799999
2026-06-05T19:30:00.000Z,122.37,122.39,121.56,121.695,922908.0392040001
2026-06-05T19:45:00.000Z,121.68,123,121.55,121.64,3508059.660221
2026-06-08T13:30:00.000Z,123.56,124.49,122,122.88,1457280.8688069999
2026-06-08T13:45:00.000Z,122.905,123.54,122.52,123.3,912767.6064880001
2026-06-08T14:00:00.000Z,123.305,123.91,123.1,123.69,845330.4772199998
2026-06-08T14:15:00.000Z,123.695,125.02,123.47,124.93,758126.572783
2026-06-08T14:30:00.000Z,124.945,125.5,124.91,125.09,766639.663922
2026-06-08T14:45:00.000Z,125.07,126.19,125.07,126.15,803823.4945960001
2026-06-08T15:00:00.000Z,126.12,126.145,125.82,125.94,526217.5030660001
2026-06-08T15:15:00.000Z,125.935,126.205,125.74,125.815,787562.344723
2026-06-08T15:30:00.000Z,125.81,126.27,125.54,126.27,964752.7836879999
2026-06-08T15:45:00.000Z,126.28,126.42,125.925,126.035,420979.6269210001
2026-06-08T16:00:00.000Z,126.04,126.35,125.9,126.31,460655.051427
2026-06-08T16:15:00.000Z,126.32,126.435,125.455,125.455,369113.4905399999
2026-06-08T16:30:00.000Z,125.49,125.645,125.22,125.3751,381244.64991399995
2026-06-08T16:45:00.000Z,125.38,125.41,125.06,125.19,466543.7870949999
2026-06-08T17:00:00.000Z,125.185,125.26,124.77,124.82,1157067.9198689999
2026-06-08T17:15:00.000Z,124.83,125.22,124.74,125.18,467870.49729
2026-06-08T17:30:00.000Z,125.18,125.285,124.94,125.185,386054.540355
2026-06-08T17:45:00.000Z,125.19,125.57,125.12,125.4484,378071.805671
2026-06-08T18:00:00.000Z,125.45,125.67,125.151,125.295,393118.379775
2026-06-08T18:15:00.000Z,125.295,125.91,125.28,125.69,547447.811136
2026-06-08T18:30:00.000Z,125.68,126.08,125.6,125.635,546208.3647430001
2026-06-08T18:45:00.000Z,125.63,125.965,125.4401,125.46,494413.97922100005
2026-06-08T19:00:00.000Z,125.46,125.52,124.725,124.725,514773.81809500005
2026-06-08T19:15:00.000Z,124.73,125.075,124.52,124.87,709784.7948380001
2026-06-08T19:30:00.000Z,124.9083,125.17,124.515,124.54,717971.3140880001
2026-06-08T19:45:00.000Z,124.53,124.95,124.03,124.19,2167085.168941
2026-06-09T13:30:00.000Z,123.26,124.15,122.05,123.2801,1500759.876499
2026-06-09T13:45:00.000Z,123.3,124.22,122.97,123.14,730095.5930649999
2026-06-09T14:00:00.000Z,123.13,123.13,120.975,121.245,808832.218614
2026-06-09T14:15:00.000Z,121.27,122.185,120.725,121.93,731177.008643
2026-06-09T14:30:00.000Z,121.924,122,121.07,121.165,507423.509322
2026-06-09T14:45:00.000Z,121.17,121.24,120.34,120.89,752956.2589879999
2026-06-09T15:00:00.000Z,120.89,121.11,120.23,120.94,523765.378535
2026-06-09T15:15:00.000Z,120.93,121.02,119.75,119.83,552182.5837109999
2026-06-09T15:30:00.000Z,119.83,120.04,119.58,119.75,921115.2343420001
2026-06-09T15:45:00.000Z,119.75,119.77,118.67,118.72,580327.628742
2026-06-09T16:00:00.000Z,118.73,119,118.32,118.635,746648.1840990001
2026-06-09T16:15:00.000Z,118.62,118.65,117.73,118.31,714447.0219270001
2026-06-09T16:30:00.000Z,118.3,118.47,117.1,117.79,782375.1116379999
2026-06-09T16:45:00.000Z,117.78,118.46,117.63,118.38,625219.054041
2026-06-09T17:00:00.000Z,118.42,118.92,118.41,118.75,471461.19045600004
2026-06-09T17:15:00.000Z,118.755,119.17,118.57,118.89,523300.29151900014
2026-06-09T17:30:00.000Z,118.87,119.47,118.68,119.25,347803.642547
2026-06-09T17:45:00.000Z,119.275,119.4,118.69,119.19,397379.39893100003
2026-06-09T18:00:00.000Z,119.205,119.48,119.03,119.22,317209.81840299995
2026-06-09T18:15:00.000Z,119.19,119.56,119.03,119.345,376066.24250500003
2026-06-09T18:30:00.000Z,119.36,119.82,119.36,119.455,401960.59851199994
2026-06-09T18:45:00.000Z,119.44,120.28,119.43,120.165,429876.06592799997
2026-06-09T19:00:00.000Z,120.16,120.45,119.49,119.52,466982.38391399995
2026-06-09T19:15:00.000Z,119.53,119.62,119.113,119.52,533107.983771
2026-06-09T19:30:00.000Z,119.5,119.735,119.31,119.66,624117.251954
2026-06-09T19:45:00.000Z,119.67,120.57,119.47,120.25,2037381.428252
2026-06-10T13:30:00.000Z,119.72,120.15,118.36,119.18,1383089.75241
2026-06-10T13:45:00.000Z,119.18,120.07,118.93,119.165,974770.4668200001
2026-06-10T14:00:00.000Z,119.17,120.58,118.55,120.24,769530.162625
2026-06-10T14:15:00.000Z,120.24,120.95,120.09,120.61,645275.686908
2026-06-10T14:30:00.000Z,120.625,120.88,120.285,120.39,452151.6721760001
2026-06-10T14:45:00.000Z,120.37,120.65,119.48,119.8,525643.002079
2026-06-10T15:00:00.000Z,119.78,119.95,119.3,119.325,556036.562595
2026-06-10T15:15:00.000Z,119.305,120,119.08,119.76,565913.7554639999
2026-06-10T15:30:00.000Z,119.77,119.88,119.28,119.695,583917.847627
2026-06-10T15:45:00.000Z,119.68,119.88,118.92,119.825,569183.6123510001
2026-06-10T16:00:00.000Z,119.85,120,119.38,119.48,360653.401884
2026-06-10T16:15:00.000Z,119.46,119.66,119.335,119.455,307839.45607
2026-06-10T16:30:00.000Z,119.44,119.91,119.32,119.58,311987.121556
2026-06-10T16:45:00.000Z,119.57,119.57,119.11,119.325,306645.13780200004
2026-06-10T17:00:00.000Z,119.34,119.61,118.96,118.97,311303.213938
2026-06-10T17:15:00.000Z,118.97,119.24,118.79,119.21,431354.727526
2026-06-10T17:30:00.000Z,119.23,119.24,118.94,119.115,327815.65505999996
2026-06-10T17:45:00.000Z,119.13,119.95,119.1,119.94,443589.714296
2026-06-10T18:00:00.000Z,119.94,120.215,119.78,119.86,377488.98701599997
2026-06-10T18:15:00.000Z,119.86,119.9729,119.42,119.48,263587.047473
2026-06-10T18:30:00.000Z,119.47,119.505,119.185,119.24,294081.508508
2026-06-10T18:45:00.000Z,119.24,119.3,118.94,119.135,307162.26422700007
2026-06-10T19:00:00.000Z,119.135,119.28,119,119.13,382136.691265
2026-06-10T19:15:00.000Z,119.13,119.16,118.7,118.925,493188.3201600001
2026-06-10T19:30:00.000Z,118.91,119.2699,118.87,119,595234.772114
2026-06-10T19:45:00.000Z,119,119.31,118.63,118.79,1931930.4297479999
2026-06-11T13:30:00.000Z,117.182,118.38,116.5,117.86,2004360.61462
2026-06-11T13:45:00.000Z,117.86,119.09,117.62,118.6,1058702.166088
2026-06-11T14:00:00.000Z,118.61,118.986,117.82,117.93,729180.838214
2026-06-11T14:15:00.000Z,117.92,117.99,117.31,117.84,638165.923372
2026-06-11T14:30:00.000Z,117.8678,118.66,117.64,118.15,855058.89742
2026-06-11T14:45:00.000Z,118.17,118.32,117.5,117.6645,591123.2649390001
2026-06-11T15:00:00.000Z,117.66,118.925,117.35,118.845,515405.38618500007
2026-06-11T15:15:00.000Z,118.845,119.615,118.845,119.21,605976.81199
2026-06-11T15:30:00.000Z,119.21,119.945,119.0948,119.67,476447.705189
2026-06-11T15:45:00.000Z,119.68,120.15,119.535,120.12,813581.6070320001
2026-06-11T16:00:00.000Z,120.12,120.615,120.05,120.49,809616.480414
2026-06-11T16:15:00.000Z,120.5,120.63,120.16,120.16,469091.920258
2026-06-11T16:30:00.000Z,120.155,120.9,120.14,120.6,392567.38412299997
2026-06-11T16:45:00.000Z,120.59,120.825,120.32,120.375,360938.526093
2026-06-11T17:00:00.000Z,120.38,120.58,120.104,120.2051,409922.260966
2026-06-11T17:15:00.000Z,120.18,121.76,119.965,121.7,678662.88488
2026-06-11T17:30:00.000Z,121.705,122.44,121.66,122.14,972626.533539
2026-06-11T17:45:00.000Z,122.1666,122.235,121.43,121.78,407990.08918199997
2026-06-11T18:00:00.000Z,121.77,121.86,121.18,121.445,508969.13168600004
2026-06-11T18:15:00.000Z,121.45,121.68,121.18,121.365,444691.56896600005
2026-06-11T18:30:00.000Z,121.38,121.575,121.3,121.535,378013.721919
2026-06-11T18:45:00.000Z,121.54,121.86,121.52,121.695,371951.90295599995
2026-06-11T19:00:00.000Z,121.695,122.31,121.64,122.13,593312.09154
2026-06-11T19:15:00.000Z,122.13,122.345,121.915,122.12,536959.327033
2026-06-11T19:30:00.000Z,122.12,122.55,122.11,122.17,697180.818527
2026-06-11T19:45:00.000Z,122.16,122.23,121.46,121.81,2717257.541161
2026-06-12T13:30:00.000Z,122.35,122.6042,121.09,121.28,907521.982769
2026-06-12T13:45:00.000Z,121.32,121.9,121.05,121.6048,608639.376378
2026-06-12T14:00:00.000Z,121.63,122.4746,121.55,122.29,505129.744552
2026-06-12T14:15:00.000Z,122.26,122.73,121.79,122.07,488299.56804000004
2026-06-12T14:30:00.000Z,122.06,122.52,121.89,121.99,453005.667856
2026-06-12T14:45:00.000Z,121.99,122.74,121.5,122.57,434075.3392889999
2026-06-12T15:00:00.000Z,122.57,122.79,122.16,122.365,462793.96009499993
2026-06-12T15:15:00.000Z,122.37,122.57,122.225,122.57,286436.69507
2026-06-12T15:30:00.000Z,122.575,122.63,121.57,121.62,725500.4890830002
2026-06-12T15:45:00.000Z,121.62,121.78,121.01,121.11,342572.213727
2026-06-12T16:00:00.000Z,121.125,122,120.98,121.68,510800.200349
2026-06-12T16:15:00.000Z,121.7,121.97,121.125,121.24,445492.755478
2026-06-12T16:30:00.000Z,121.235,121.39,121.11,121.12,269060.34476899996
2026-06-12T16:45:00.000Z,121.12,121.38,121.01,121.35,258244.969559
2026-06-12T17:00:00.000Z,121.36,121.7,121.23,121.57,375290.840363
2026-06-12T17:15:00.000Z,121.56,121.7,121.4,121.43,255068.61677199998
2026-06-12T17:30:00.000Z,121.455,121.695,121.37,121.577,195846.34484399998
2026-06-12T17:45:00.000Z,121.55,121.64,121.28,121.37,226304.16668700002
2026-06-12T18:00:00.000Z,121.36,121.5,121.22,121.33,364976.14070199995
2026-06-12T18:15:00.000Z,121.33,121.35,121.14,121.285,287006.60987100005
2026-06-12T18:30:00.000Z,121.3,121.44,121.22,121.31,281416.79571400007
2026-06-12T18:45:00.000Z,121.32,121.465,121.17,121.26,258011.54496700002
2026-06-12T19:00:00.000Z,121.27,121.5,121.17,121.17,280364.498619
2026-06-12T19:15:00.000Z,121.16,121.33,121.05,121.215,287126.270977
2026-06-12T19:30:00.000Z,121.215,121.275,120.73,120.77,475700.4864120001
2026-06-12T19:45:00.000Z,120.77,121.2775,120.75,121.06,1907966.2393330003
2026-06-15T13:30:00.000Z,122.56,122.59,120.2,120.925,1368174.7741090003
2026-06-15T13:45:00.000Z,120.92,121.59,120.755,121.12,832204.1412999999
2026-06-15T14:00:00.000Z,121.09,121.2923,120.77,121,738960.007235
2026-06-15T14:15:00.000Z,121.02,121.15,120.57,121.02,616390.7272180001
2026-06-15T14:30:00.000Z,121.02,121.07,119.91,119.93,582878.789932
2026-06-15T14:45:00.000Z,119.965,120.39,119.82,120.32,574019.2043310001
2026-06-15T15:00:00.000Z,120.33,120.52,119.99,120.36,608111.3542889998
2026-06-15T15:15:00.000Z,120.375,120.385,120.105,120.14,341461.030878
2026-06-15T15:30:00.000Z,120.14,120.255,119.76,119.79,571540.169355
2026-06-15T15:45:00.000Z,119.795,120.3,119.78,120.05,477207.150167
2026-06-15T16:00:00.000Z,120.05,120.24,119.77,119.7899,528131.9136920001
2026-06-15T16:15:00.000Z,119.79,119.835,119.53,119.6,406754.575249
2026-06-15T16:30:00.000Z,119.595,119.93,119.535,119.88,359408.878132
2026-06-15T16:45:00.000Z,119.87,120.44,119.865,120.315,295392.26953600004
2026-06-15T17:00:00.000Z,120.3,120.465,120.23,120.455,279873.391992
2026-06-15T17:15:00.000Z,120.455,120.545,120.4,120.49,263671.29930199997
2026-06-15T17:30:00.000Z,120.49,120.68,120.39,120.57,264107.451111
2026-06-15T17:45:00.000Z,120.57,120.645,120.4543,120.64,238007.19246700004
2026-06-15T18:00:00.000Z,120.64,120.915,120.54,120.77,343107.610171
2026-06-15T18:15:00.000Z,120.77,120.88,120.665,120.72,360248.4749600001
2026-06-15T18:30:00.000Z,120.72,121.19,120.67,121.16,410755.87235799996
2026-06-15T18:45:00.000Z,121.17,121.2413,120.96,121.06,388921.037649
2026-06-15T19:00:00.000Z,121.05,121.22,121,121.22,325991.596441
2026-06-15T19:15:00.000Z,121.22,121.28,120.87,120.9,420563.120598
2026-06-15T19:30:00.000Z,120.9,121.03,120.86,120.93,482531.1820869999
2026-06-15T19:45:00.000Z,120.92,120.99,119.91,120.2,2183767.188253
2026-06-16T13:30:00.000Z,120.29,120.6,119.67,120.2399,1023857.2497050001
2026-06-16T13:45:00.000Z,120.22,120.46,119.465,120.11,716835.811917
2026-06-16T14:00:00.000Z,120.1,120.55,119.985,120.47,470320.742789
2026-06-16T14:15:00.000Z,120.49,120.77,120.15,120.35,626372.9479700001
2026-06-16T14:30:00.000Z,120.36,120.46,119.97,120.15,451899.6549069999
2026-06-16T14:45:00.000Z,120.15,120.215,119.42,119.4975,420473.75073800003
2026-06-16T15:00:00.000Z,119.51,119.6,119.34,119.43,362724.89711799996
2026-06-16T15:15:00.000Z,119.435,119.64,119.29,119.5704,378732.565417
2026-06-16T15:30:00.000Z,119.59,119.84,119.55,119.7,291532.999695
2026-06-16T15:45:00.000Z,119.72,119.88,119.305,119.749,453972.28431599995
2026-06-16T16:00:00.000Z,119.7401,119.94,119.605,119.605,249905.03377000004
2026-06-16T16:15:00.000Z,119.61,119.9,119.54,119.815,232598.772176
2026-06-16T16:30:00.000Z,119.82,119.87,119.5,119.55,280399.92766800005
2026-06-16T16:45:00.000Z,119.55,119.64,119.22,119.43,298227.18820199993
2026-06-16T17:00:00.000Z,119.43,119.805,119.3401,119.715,277413.20765999996
2026-06-16T17:15:00.000Z,119.7,119.76,119.48,119.64,229450.96913699998
2026-06-16T17:30:00.000Z,119.64,119.78,119.37,119.7232,235928.99011100002
2026-06-16T17:45:00.000Z,119.73,119.86,119.64,119.66,194096.57814800003
2026-06-16T18:00:00.000Z,119.65,119.73,119.55,119.615,188593.04130600003
2026-06-16T18:15:00.000Z,119.615,119.6799,119.53,119.62,193747.93192200002
2026-06-16T18:30:00.000Z,119.63,119.74,119.38,119.7219,313266.631423
2026-06-16T18:45:00.000Z,119.74,119.8,119.54,119.655,372135.12721199996
2026-06-16T19:00:00.000Z,119.67,119.89,119.6,119.87,292233.24142700003
2026-06-16T19:15:00.000Z,119.86,119.94,119.55,119.56,535698.664661
2026-06-16T19:30:00.000Z,119.565,119.6,119.2,119.479,503192.331572
2026-06-16T19:45:00.000Z,119.47,119.85,119.47,119.57,1858623.0653219996
2026-06-17T13:30:00.000Z,118.96,119.66,118.185,118.565,835752.9772740001
2026-06-17T13:45:00.000Z,118.555,118.955,118.24,118.305,459723.49250700005
2026-06-17T14:00:00.000Z,118.28,118.67,118.2,118.52,452892.472722
2026-06-17T14:15:00.000Z,118.53,118.835,118.24,118.79,544400.099196
2026-06-17T14:30:00.000Z,118.795,118.89,118.175,118.33,426943.37344799994
2026-06-17T14:45:00.000Z,118.31,118.63,117.7408,118.32,574370.7857290001
2026-06-17T15:00:00.000Z,118.33,118.9,118.32,118.83,340181.018582
2026-06-17T15:15:00.000Z,118.84,119.05,118.76,118.915,382190.707507
2026-06-17T15:30:00.000Z,118.93,118.955,118.32,118.4001,284742.985829
2026-06-17T15:45:00.000Z,118.41,118.82,118.41,118.65,295547.621819
2026-06-17T16:00:00.000Z,118.66,118.76,118.36,118.38,298637.4907830001
2026-06-17T16:15:00.000Z,118.38,118.72,118.36,118.615,226610.89359999998
2026-06-17T16:30:00.000Z,118.62,118.83,118.58,118.71,218250.52404400005
2026-06-17T16:45:00.000Z,118.7,118.83,118.59,118.59,211054.53009399996
2026-06-17T17:00:00.000Z,118.58,118.615,118.35,118.54,300884.689437
2026-06-17T17:15:00.000Z,118.53,118.71,118.435,118.52,264476.268787
2026-06-17T17:30:00.000Z,118.52,118.65,118.47,118.6,232378.58832799998
2026-06-17T17:45:00.000Z,118.6,118.7,118.395,118.56,187816.37422200004
2026-06-17T18:00:00.000Z,118.55,118.55,117.23,117.815,596506.9936520001
2026-06-17T18:15:00.000Z,117.81,118.12,117.745,118.0022,351237.5485619999
2026-06-17T18:30:00.000Z,118,119.04,117.95,118.96,524397.903411
2026-06-17T18:45:00.000Z,118.95,118.95,117.97,118.18,458151.18641699996
2026-06-17T19:00:00.000Z,118.16,118.49,117.96,118.41,426590.37679599994
2026-06-17T19:15:00.000Z,118.41,118.43,117.6,117.77,542242.31907
2026-06-17T19:30:00.000Z,117.77,117.82,116.94,117.07,778743.4883249998
2026-06-17T19:45:00.000Z,117.09,117.495,117.03,117.41,2311309.753158
2026-06-18T13:30:00.000Z,118.595,119.56,118.08,118.33,4642644.155573
2026-06-18T13:45:00.000Z,118.33,118.78,117.78,118.175,821407.916413
2026-06-18T14:00:00.000Z,118.205,118.62,117.3,117.5299,1642047.593136
2026-06-18T14:15:00.000Z,117.45,118.445,117.3,117.88,508055.834382
2026-06-18T14:30:00.000Z,117.87,118.475,117.75,118.21,458682.50071500003
2026-06-18T14:45:00.000Z,118.22,118.39,118.1401,118.2,307785.259696
2026-06-18T15:00:00.000Z,118.21,118.36,118.02,118.1,308452.085754
2026-06-18T15:15:00.000Z,118.09,118.17,117.87,117.94,440134.80913300003
2026-06-18T15:30:00.000Z,117.98,118.2,117.75,118.06,1533966.368625
2026-06-18T15:45:00.000Z,118.06,118.685,117.79,118.42,730319.8130649999
2026-06-18T16:00:00.000Z,118.42,118.65,118.28,118.58,618488.133012
2026-06-18T16:15:00.000Z,118.575,119.17,118.46,119.04,518065.07471400005
2026-06-18T16:30:00.000Z,119.03,119.03,118.67,118.805,489212.55344399996
2026-06-18T16:45:00.000Z,118.805,119.125,118.7,118.96,502336.720811
2026-06-18T17:00:00.000Z,118.955,119.33,118.88,119.24,260719.15206700002
2026-06-18T17:15:00.000Z,119.24,119.355,118.99,119.22,326134.92999000003
2026-06-18T17:30:00.000Z,119.22,119.57,119.17,119.49,295733.474393
2026-06-18T17:45:00.000Z,119.485,119.715,119.47,119.62,293381.6352019999
2026-06-18T18:00:00.000Z,119.63,119.94,119.56,119.91,434176.637919
2026-06-18T18:15:00.000Z,119.91,119.968,119.73,119.885,254757.070878
2026-06-18T18:30:00.000Z,119.87,119.91,119.51,119.685,288982.006756
2026-06-18T18:45:00.000Z,119.68,119.89,119.665,119.735,295384.60448499996
2026-06-18T19:00:00.000Z,119.73,119.855,119.685,119.82,492537.00654800003
2026-06-18T19:15:00.000Z,119.825,120.125,119.7749,120.01,620224.169164
2026-06-18T19:30:00.000Z,120.01,120.315,119.93,120.11,568245.0126639999
2026-06-18T19:45:00.000Z,120.1,120.27,118.31,119.44,4421008.2501
2026-06-22T13:30:00.000Z,119.6,121.365,119.6,120.54,1215323.806465
2026-06-22T13:45:00.000Z,120.54,121.38,120.44,121.06,527462.983055
2026-06-22T14:00:00.000Z,121.06,121.55,120.51,121.025,540117.9748869999
2026-06-22T14:15:00.000Z,121.04,121.46,120.73,121.11,470590.47961700003
2026-06-22T14:30:00.000Z,121.12,121.1645,120.43,120.535,470864.518443
2026-06-22T14:45:00.000Z,120.54,121.45,120.54,121.345,432603.489224
2026-06-22T15:00:00.000Z,121.35,121.4665,120.61,120.98,523591.49841700005
2026-06-22T15:15:00.000Z,120.98,121,120.5579,120.68,377478.056741
2026-06-22T15:30:00.000Z,120.69,120.925,120.61,120.755,314593.55865599995
2026-06-22T15:45:00.000Z,120.76,120.82,120.41,120.585,329126.247428
2026-06-22T16:00:00.000Z,120.59,120.9,120.37,120.785,536856.797261
2026-06-22T16:15:00.000Z,120.77,121.29,120.73,121.15,226921.884964
2026-06-22T16:30:00.000Z,121.15,121.24,120.96,121.115,217726.78326700002
2026-06-22T16:45:00.000Z,121.1,121.43,120.885,121.3483,311875.77784399997
2026-06-22T17:00:00.000Z,121.35,121.43,121.13,121.21,233640.27099500003
2026-06-22T17:15:00.000Z,121.22,121.68,121.22,121.58,354126.46627000003
2026-06-22T17:30:00.000Z,121.58,121.73,121.5001,121.645,330322.82817699993
2026-06-22T17:45:00.000Z,121.645,122.09,121.53,121.87,343205.571736
2026-06-22T18:00:00.000Z,121.88,121.93,121.61,121.64,285513.16948000004
2026-06-22T18:15:00.000Z,121.64,121.85,121.59,121.65,262359.051213
2026-06-22T18:30:00.000Z,121.66,121.87,121.51,121.72,356946.64936400007
2026-06-22T18:45:00.000Z,121.725,121.74,121.4,121.43,309819.78602000006
2026-06-22T19:00:00.000Z,121.43,121.445,121.115,121.14,436708.652612
2026-06-22T19:15:00.000Z,121.15,121.15,120.86,121.035,416147.917439
2026-06-22T19:30:00.000Z,121.04,121.59,121.035,121.43,640892.702415
2026-06-22T19:45:00.000Z,121.44,121.74,121.34,121.55,1668335.695051
2026-06-23T13:30:00.000Z,118.54,119.0625,117.645,118.38,1162190.294186
2026-06-23T13:45:00.000Z,118.37,119.5,118.33,119.3701,661407.325156
2026-06-23T14:00:00.000Z,119.42,119.9299,119.25,119.39,620860.1306580001
2026-06-23T14:15:00.000Z,119.41,119.74,119.21,119.45,387141.3212580001
2026-06-23T14:30:00.000Z,119.465,119.87,119.11,119.32,349376.813174
2026-06-23T14:45:00.000Z,119.345,119.43,118.9,119.26,429004.70971
2026-06-23T15:00:00.000Z,119.28,119.78,118.9,119.65,533300.7883499999
2026-06-23T15:15:00.000Z,119.65,120.11,119.54,120.08,777434.6948040001
2026-06-23T15:30:00.000Z,120.08,120.35,119.94,120.13,443936.2067280001
2026-06-23T15:45:00.000Z,120.15,120.68,120.11,120.62,324437.71427399997
2026-06-23T16:00:00.000Z,120.6,121.48,120.57,121.43,437510.917861
2026-06-23T16:15:00.000Z,121.435,121.68,121.34,121.65,404303.239236
2026-06-23T16:30:00.000Z,121.65,121.905,121.45,121.84,369020.46054999996
2026-06-23T16:45:00.000Z,121.84,121.96,121.62,121.92,368994.868768
2026-06-23T17:00:00.000Z,121.91,122.08,121.65,121.99,369464.86147899996
2026-06-23T17:15:00.000Z,122,122.34,121.91,122.21,278618.086682
2026-06-23T17:30:00.000Z,122.21,122.29,121.98,122.04,313026.472176
2026-06-23T17:45:00.000Z,122.04,122.2,121.65,121.7,338182.71352
2026-06-23T18:00:00.000Z,121.72,122.005,121.45,121.48,301063.047833
2026-06-23T18:15:00.000Z,121.46,121.5,121.25,121.35,260085.150571
2026-06-23T18:30:00.000Z,121.36,121.39,120.9911,121.02,287383.358297
2026-06-23T18:45:00.000Z,121.04,121.18,120.86,120.975,281011.64887699997
2026-06-23T19:00:00.000Z,120.99,121.27,120.76,120.88,473519.99912099994
2026-06-23T19:15:00.000Z,120.87,121.07,120.59,120.935,480634.44170900004
2026-06-23T19:30:00.000Z,120.95,121.04,120.78,120.835,436908.615298
2026-06-23T19:45:00.000Z,120.85,121.63,120.77,121.15,2548470.876446
2026-06-24T13:30:00.000Z,120.565,121.515,119.57,120.17,906960.7841119998
2026-06-24T13:45:00.000Z,120.16,121.5,120.03,121.31,470080.04157700005
2026-06-24T14:00:00.000Z,121.33,121.515,120.78,120.815,493745.816217
2026-06-24T14:15:00.000Z,120.8,121.31,120.2516,121.31,587909.020565
2026-06-24T14:30:00.000Z,121.31,122.265,121.1866,121.93,414224.5603019999
2026-06-24T14:45:00.000Z,121.97,122.84,121.86,122.84,365788.034641
2026-06-24T15:00:00.000Z,122.82,122.89,121.4602,121.745,425869.14584099996
2026-06-24T15:15:00.000Z,121.745,121.855,120.89,121.145,703273.485779
2026-06-24T15:30:00.000Z,121.145,121.55,121.075,121.17,587612.918936
2026-06-24T15:45:00.000Z,121.17,121.19,120.79,120.805,442057.59145400004
2026-06-24T16:00:00.000Z,120.815,120.94,120.421,120.52,348904.29336199997
2026-06-24T16:15:00.000Z,120.5396,120.64,120.31,120.31,355315.42001299997
2026-06-24T16:30:00.000Z,120.3,120.64,120.085,120.245,473984.18545499997
2026-06-24T16:45:00.000Z,120.24,120.53,120.11,120.39,244117.43279199995
2026-06-24T17:00:00.000Z,120.37,120.525,119.975,120.16,320469.15809399995
2026-06-24T17:15:00.000Z,120.16,120.305,119.75,119.775,462480.01148299995
2026-06-24T17:30:00.000Z,119.77,120.015,119.65,119.88,294833.60360000003
2026-06-24T17:45:00.000Z,119.87,120.06,119.665,119.68,362533.46062200004
2026-06-24T18:00:00.000Z,119.68,119.83,119.43,119.59,358176.17728099995
2026-06-24T18:15:00.000Z,119.6,119.965,119.56,119.88,432269.499112
2026-06-24T18:30:00.000Z,119.89,119.95,119.44,119.59,368307.361702
2026-06-24T18:45:00.000Z,119.58,119.59,119.05,119.17,342610.51589000004
2026-06-24T19:00:00.000Z,119.18,119.485,119.03,119.31,377705.1667160001
2026-06-24T19:15:00.000Z,119.33,119.63,119.23,119.55,421515.091374
2026-06-24T19:30:00.000Z,119.57,119.59,119.12,119.19,426807.451386
2026-06-24T19:45:00.000Z,119.19,119.87,119.18,119.65,1403789.8985159998
2026-06-25T13:30:00.000Z,120.81,121.1375,119.05,119.08,1439684.685852
2026-06-25T13:45:00.000Z,119.09,119.23,117.56,117.69,877777.3535009999
2026-06-25T14:00:00.000Z,117.73,119.05,117.67,118.885,906931.1963279998
2026-06-25T14:15:00.000Z,118.945,120.01,118.72,119.7055,516182.57767400006
2026-06-25T14:30:00.000Z,119.72,120.31,119.69,119.83,406902.55225599994
2026-06-25T14:45:00.000Z,119.85,120.295,119.63,120.01,418362.215415
2026-06-25T15:00:00.000Z,120,120.06,118.9053,118.97,567920.7197
2026-06-25T15:15:00.000Z,118.93,119.15,118.4667,119.01,403624.4757310001
2026-06-25T15:30:00.000Z,119.02,119.34,118.76,119.13,571604.233547
2026-06-25T15:45:00.000Z,119.16,119.37,118.99,119.075,406742.378348
2026-06-25T16:00:00.000Z,119.08,119.51,118.8683,119.35,679022.124562
2026-06-25T16:15:00.000Z,119.355,119.41,119.125,119.2209,369577.900087
2026-06-25T16:30:00.000Z,119.245,119.245,118.64,118.685,453630.427731
2026-06-25T16:45:00.000Z,118.695,118.785,118.49,118.655,492850.336375
2026-06-25T17:00:00.000Z,118.67,118.78,118.34,118.44,323502.925813
2026-06-25T17:15:00.000Z,118.44,118.8,118.38,118.65,377194.18961
2026-06-25T17:30:00.000Z,118.65,118.95,118.65,118.79,239870.18318599998
2026-06-25T17:45:00.000Z,118.82,119.2,118.56,119.145,276185.822777
2026-06-25T18:00:00.000Z,119.145,119.5,118.845,119.41,335417.1451479999
2026-06-25T18:15:00.000Z,119.4176,120.33,119.34,120.28,427158.553111
2026-06-25T18:30:00.000Z,120.3,120.3,119.41,119.42,592300.430217
2026-06-25T18:45:00.000Z,119.42,119.42,119.02,119.17,538867.6745620001
2026-06-25T19:00:00.000Z,119.15,119.165,118.78,118.79,447604.84550099995
2026-06-25T19:15:00.000Z,118.78,118.81,118.43,118.57,460657.070338
2026-06-25T19:30:00.000Z,118.57,118.75,118.37,118.56,562288.512979
2026-06-25T19:45:00.000Z,118.56,118.98,118.17,118.97,2428922.977794
2026-06-26T13:30:00.000Z,117.18,117.18,114.9,115.62,1674935.0708740002
2026-06-26T13:45:00.000Z,115.64,115.76,114.77,115.38,978180.5346149999
2026-06-26T14:00:00.000Z,115.38,116.02,115.29,116.01,1022637.765639
2026-06-26T14:15:00.000Z,116.01,116.31,115.615,115.67,747885.4607909999
2026-06-26T14:30:00.000Z,115.67,115.8,115.04,115.08,1051303.795374
2026-06-26T14:45:00.000Z,115.0775,115.31,114.79,114.935,480612.940993
2026-06-26T15:00:00.000Z,114.965,114.995,114.27,114.3,587693.228851
2026-06-26T15:15:00.000Z,114.305,114.675,114.231,114.65,678076.7349090001
2026-06-26T15:30:00.000Z,114.66,115.37,114.5,115.29,759127.896977
2026-06-26T15:45:00.000Z,115.3,115.39,114.86,115.27,795008.633807
2026-06-26T16:00:00.000Z,115.29,115.46,114.885,114.89,535044.530638
2026-06-26T16:15:00.000Z,114.92,115.12,114.64,114.86,540554.186972
2026-06-26T16:30:00.000Z,114.88,115.35,114.78,115.205,494450.550398
2026-06-26T16:45:00.000Z,115.22,115.365,115.14,115.235,517122.19016600004
2026-06-26T17:00:00.000Z,115.24,115.79,115.18,115.595,507077.05074199993
2026-06-26T17:15:00.000Z,115.595,115.75,115.42,115.72,396332.01144300005
2026-06-26T17:30:00.000Z,115.73,115.89,115.64,115.77,594387.9411729999
2026-06-26T17:45:00.000Z,115.77,115.85,115.52,115.53,358654.261522
2026-06-26T18:00:00.000Z,115.53,116.07,115.45,115.82,425564.47123900003
2026-06-26T18:15:00.000Z,115.83,115.87,115.41,115.46,378271.897469
2026-06-26T18:30:00.000Z,115.45,115.53,115.275,115.47,467976.26324999996
2026-06-26T18:45:00.000Z,115.46,115.625,115.28,115.46,544957.6482770001
2026-06-26T19:00:00.000Z,115.47,115.58,115.18,115.565,543635.6524709999
2026-06-26T19:15:00.000Z,115.57,116,115.47,115.94,636278.4156739999
2026-06-26T19:30:00.000Z,115.94,115.96,115.255,115.45,1103916.273107
2026-06-26T19:45:00.000Z,115.44,115.47,112.858,113.66,9792582.596938
2026-06-29T13:30:00.000Z,114.98,116.695,114.725,116.475,1017306.4906249999
2026-06-29T13:45:00.000Z,116.46,116.91,116.085,116.45,515412.87883
2026-06-29T14:00:00.000Z,116.47,116.475,115.275,115.275,518849.507716
2026-06-29T14:15:00.000Z,115.25,116.07,115.09,115.97,563052.33178
2026-06-29T14:30:00.000Z,115.95,116.21,115.645,116,438871.6109599999
2026-06-29T14:45:00.000Z,116,116.76,115.71,116.71,372016.61742
2026-06-29T15:00:00.000Z,116.725,117.09,116.63,117.0481,353533.1966279999
2026-06-29T15:15:00.000Z,117.085,117.11,116.71,117.035,369139.1862860001
2026-06-29T15:30:00.000Z,117.035,117.51,116.98,117.505,418639.62904300005
2026-06-29T15:45:00.000Z,117.5,117.75,117.32,117.75,346495.8063870001
2026-06-29T16:00:00.000Z,117.75,117.91,117.72,117.82,334201.25187
2026-06-29T16:15:00.000Z,117.84,118.02,117.76,117.94,260619.042162
2026-06-29T16:30:00.000Z,117.94,118.08,117.68,117.835,276719.53076
2026-06-29T16:45:00.000Z,117.83,117.91,117.73,117.8,243652.98581999997
2026-06-29T17:00:00.000Z,117.79,118.02,117.77,117.98,361704.23830100003
2026-06-29T17:15:00.000Z,117.98,118.18,117.9401,118.105,274017.15570199996
2026-06-29T17:30:00.000Z,118.1,118.15,117.86,117.905,234300.14235799998
2026-06-29T17:45:00.000Z,117.9,117.95,117.71,117.73,230700.47133600002
2026-06-29T18:00:00.000Z,117.72,117.98,117.67,117.96,330100.975792
2026-06-29T18:15:00.000Z,117.95,118.125,117.9,117.915,316038.73753499996
2026-06-29T18:30:00.000Z,117.92,117.92,117.7674,117.91,316147.04772
2026-06-29T18:45:00.000Z,117.905,117.945,117.7,117.85,364938.435548
2026-06-29T19:00:00.000Z,117.86,117.9,117.68,117.745,486622.12350499997
2026-06-29T19:15:00.000Z,117.745,117.85,117.57,117.635,567872.520127
2026-06-29T19:30:00.000Z,117.64,117.75,117.505,117.68,578268.928844
2026-06-29T19:45:00.000Z,117.67,117.9,117.1266,117.61,1885846.5959939999
2026-06-30T13:30:00.000Z,116.78,117.74,116.2,117.605,1042680.612905
2026-06-30T13:45:00.000Z,117.66,119.1,117.405,118.921,518302.45704800007
2026-06-30T14:00:00.000Z,118.95,119.1,118.455,118.94,344540.75720700005
2026-06-30T14:15:00.000Z,118.96,119.02,118.63,119.01,255552.26958500003
2026-06-30T14:30:00.000Z,119.005,119.1,118.49,118.61,294316.61998400005
2026-06-30T14:45:00.000Z,118.63,118.83,118.45,118.5,259181.14834
2026-06-30T15:00:00.000Z,118.51,118.51,117.89,117.9,292136.07127799996
2026-06-30T15:15:00.000Z,117.89,118.1,117.53,118.06,302449.893153
2026-06-30T15:30:00.000Z,118.08,118.31,117.89,117.91,254708.393113
2026-06-30T15:45:00.000Z,117.96,118.34,117.91,118.24,207662.33027700003
2026-06-30T16:00:00.000Z,118.235,118.28,117.85,117.98,292791.957657
2026-06-30T16:15:00.000Z,117.99,118.02,117.65,117.86,312653.80868699995
2026-06-30T16:30:00.000Z,117.865,118.115,117.79,117.85,336598.2318099999
2026-06-30T16:45:00.000Z,117.86,117.93,117.675,117.875,289186.51334700006
2026-06-30T17:00:00.000Z,117.88,117.975,117.64,117.7,239325.46819699998
2026-06-30T17:15:00.000Z,117.68,117.935,117.63,117.695,275060.716923
2026-06-30T17:30:00.000Z,117.69,117.69,117.3192,117.33,242477.456825
2026-06-30T17:45:00.000Z,117.335,117.43,117.23,117.38,276616.355018
2026-06-30T18:00:00.000Z,117.39,117.485,117.21,117.465,303132.147121
2026-06-30T18:15:00.000Z,117.46,117.8,117.34,117.665,377124.533534
2026-06-30T18:30:00.000Z,117.665,117.91,117.4,117.85,404774.67815100006
2026-06-30T18:45:00.000Z,117.85,117.9,117.6,117.605,1246534.665521
2026-06-30T19:00:00.000Z,117.605,117.79,117.4,117.745,333195.881479
2026-06-30T19:15:00.000Z,117.75,117.75,117.4801,117.49,455466.634212
2026-06-30T19:30:00.000Z,117.48,117.65,117.335,117.605,528092.6899850001
2026-06-30T19:45:00.000Z,117.61,117.81,117.37,117.37,2453120.0572840003
2026-07-01T13:30:00.000Z,116.54,117.43,115.59,116.97,2517491.2339409995
2026-07-01T13:45:00.000Z,116.97,117.3,116.365,117.1,846745.8898440001
2026-07-01T14:00:00.000Z,117.14,117.23,116.04,116.1,756881.9580009999
2026-07-01T14:15:00.000Z,116.115,116.2,115.46,115.93,668349.4155580001
2026-07-01T14:30:00.000Z,115.925,116.19,115.5114,115.94,525998.76298
2026-07-01T14:45:00.000Z,115.93,115.95,114.99,115.12,630953.5885160001
2026-07-01T15:00:00.000Z,115.11,115.93,115.1,115.93,522555.4540700001
2026-07-01T15:15:00.000Z,115.925,116.47,115.925,116.46,753662.903269
2026-07-01T15:30:00.000Z,116.47,116.59,116.1,116.32,571815.509607
2026-07-01T15:45:00.000Z,116.31,116.69,116.13,116.55,732798.719293
2026-07-01T16:00:00.000Z,116.55,116.82,116.28,116.37,517972.657205
2026-07-01T16:15:00.000Z,116.365,116.64,116.32,116.53,420722.935999
2026-07-01T16:30:00.000Z,116.525,116.6,116.38,116.43,317428.334809
2026-07-01T16:45:00.000Z,116.435,116.44,116.19,116.21,323603.31076599995
2026-07-01T17:00:00.000Z,116.22,116.27,116.07,116.23,401166.996646
2026-07-01T17:15:00.000Z,116.24,116.32,116.01,116.125,419575.45314399997
2026-07-01T17:30:00.000Z,116.125,116.56,116.1,116.405,455324.213828
2026-07-01T17:45:00.000Z,116.4,116.57,116.25,116.47,389090.11563
2026-07-01T18:00:00.000Z,116.48,116.5,116.2247,116.36,373970.926018
2026-07-01T18:15:00.000Z,116.365,116.65,116.32,116.525,416171.253544
2026-07-01T18:30:00.000Z,116.51,116.57,116.26,116.305,398347.619779
2026-07-01T18:45:00.000Z,116.305,116.66,116.3,116.5402,355397.93847799994
2026-07-01T19:00:00.000Z,116.55,116.6999,116.38,116.655,364755.339546
2026-07-01T19:15:00.000Z,116.65,116.86,116.63,116.73,367679.4982350001
2026-07-01T19:30:00.000Z,116.735,116.905,116.425,116.52,547038.2335310001
2026-07-01T19:45:00.000Z,116.52,117.19,116.51,117.05,2362044.535343
2026-07-02T13:30:00.000Z,117.025,117.14,114.74,115.4699,1071156.941024
2026-07-02T13:45:00.000Z,115.47,115.8,114.98,115.54,437678.283292
2026-07-02T14:00:00.000Z,115.59,115.73,114.75,115.27,443947.086871
2026-07-02T14:15:00.000Z,115.3107,115.48,113.96,114.07,520815.9804269999
2026-07-02T14:30:00.000Z,114.085,114.31,113.52,113.595,763548.773766
2026-07-02T14:45:00.000Z,113.61,113.72,113.09,113.445,483989.55546699994
2026-07-02T15:00:00.000Z,113.46,113.6,112.93,113.335,564385.893177
2026-07-02T15:15:00.000Z,113.34,113.39,112.67,112.85,552122.339393
2026-07-02T15:30:00.000Z,112.84,113.04,112.7,112.72,573460.330904
2026-07-02T15:45:00.000Z,112.71,112.8,112.285,112.565,786866.6362050001
2026-07-02T16:00:00.000Z,112.58,112.89,112.39,112.74,815186.597056
2026-07-02T16:15:00.000Z,112.745,112.76,112.43,112.5101,710682.5774439998
2026-07-02T16:30:00.000Z,112.54,112.55,112.29,112.29,567489.960286
2026-07-02T16:45:00.000Z,112.28,112.42,112.16,112.395,688938.0541429999
2026-07-02T17:00:00.000Z,112.4,112.62,112.16,112.6,721340.227452
2026-07-02T17:15:00.000Z,112.6,112.66,112.17,112.265,371839.952851
2026-07-02T17:30:00.000Z,112.27,112.34,111.9,112.32,792746.3623299999
2026-07-02T17:45:00.000Z,112.32,112.415,112.07,112.24,831934.636225
2026-07-02T18:00:00.000Z,112.255,112.51,112.15,112.41,335757.555603
2026-07-02T18:15:00.000Z,112.43,112.55,112.2594,112.43,295061.18531100004
2026-07-02T18:30:00.000Z,112.43,112.51,112.35,112.46,289013.324552
2026-07-02T18:45:00.000Z,112.45,112.53,112.35,112.45,255096.64159900005
2026-07-02T19:00:00.000Z,112.44,112.515,112.1,112.17,492708.301317
2026-07-02T19:15:00.000Z,112.16,112.43,111.925,112.32,912113.3672789999
2026-07-02T19:30:00.000Z,112.33,112.71,112.2801,112.66,621329.971853
2026-07-02T19:45:00.000Z,112.67,112.93,112.39,112.7,2488130.1345820003
2026-07-06T13:30:00.000Z,113.054,113.92,112.68,113.86,898042.0522939998
2026-07-06T13:45:00.000Z,113.86,114.86,113.69,114.76,621544.455822
2026-07-06T14:00:00.000Z,114.77,114.79,114.295,114.57,543034.335822
2026-07-06T14:15:00.000Z,114.57,114.73,114.36,114.65,591235.586629
2026-07-06T14:30:00.000Z,114.66,115.36,114.64,115.23,606684.231852
2026-07-06T14:45:00.000Z,115.22,115.48,114.925,115.055,373871.9367620001
2026-07-06T15:00:00.000Z,115.055,115.25,114.7,114.82,418510.92098099994
2026-07-06T15:15:00.000Z,114.8301,115.06,114.695,114.85,319337.27141
2026-07-06T15:30:00.000Z,114.855,114.985,114.77,114.86,232346.08797400002
2026-07-06T15:45:00.000Z,114.88,115.03,114.765,114.78,253780.28047700002
2026-07-06T16:00:00.000Z,114.78,114.88,114.64,114.655,255743.932417
2026-07-06T16:15:00.000Z,114.67,114.79,114.615,114.65,168617.85330399996
2026-07-06T16:30:00.000Z,114.65,114.68,114.475,114.57,250608.790845
2026-07-06T16:45:00.000Z,114.58,114.65,114.29,114.37,286380.78063099994
2026-07-06T17:00:00.000Z,114.36,114.52,114.28,114.39,198565.78258000003
2026-07-06T17:15:00.000Z,114.39,114.425,114.28,114.3,323017.40660100005
2026-07-06T17:30:00.000Z,114.3,114.31,114.075,114.15,194145.28975999999
2026-07-06T17:45:00.000Z,114.14,114.22,114.02,114.08,181995.50072699998
2026-07-06T18:00:00.000Z,114.08,114.26,113.91,113.995,314250.945058
2026-07-06T18:15:00.000Z,114,114.11,113.82,113.84,316859.07577000005
2026-07-06T18:30:00.000Z,113.85,113.89,113.614,113.865,338242.5870549999
2026-07-06T18:45:00.000Z,113.8601,113.94,113.79,113.8301,398348.927665
2026-07-06T19:00:00.000Z,113.84,113.905,113.525,113.56,497022.01701599994
2026-07-06T19:15:00.000Z,113.555,113.7,113.505,113.665,522031.11948999995
2026-07-06T19:30:00.000Z,113.66,113.965,113.615,113.925,606153.5628000001
2026-07-06T19:45:00.000Z,113.92,114.39,113.61,113.99,2086953.5337790002
2026-07-07T13:30:00.000Z,112.79,114.03,112.32,113.42,1343161.275782
2026-07-07T13:45:00.000Z,113.42,113.71,112.97,113.57,343209.99783899996
2026-07-07T14:00:00.000Z,113.57,113.72,113.22,113.49,388254.002953
2026-07-07T14:15:00.000Z,113.5,113.54,112.52,112.63,557995.585396
2026-07-07T14:30:00.000Z,112.625,112.69,111.82,112.05,685108.7028259999
2026-07-07T14:45:00.000Z,112.06,112.7,112,112.38,409467.143102
2026-07-07T15:00:00.000Z,112.38,112.74,112.29,112.585,408743.2676460001
2026-07-07T15:15:00.000Z,112.57,112.875,112.29,112.8,473993.780211
2026-07-07T15:30:00.000Z,112.845,112.94,112.16,112.52,374629.137625
2026-07-07T15:45:00.000Z,112.52,112.81,112.41,112.765,329712.891433
2026-07-07T16:00:00.000Z,112.75,113.0635,112.71,113.01,222836.85921
2026-07-07T16:15:00.000Z,113,113.14,112.87,113.07,293727.48159000004
2026-07-07T16:30:00.000Z,113.06,113.15,112.84,112.8601,471643.58790900005
2026-07-07T16:45:00.000Z,112.88,113.025,112.8,112.89,179327.21473500002
2026-07-07T17:00:00.000Z,112.9,112.96,112.82,112.9,228683.20710099998
2026-07-07T17:15:00.000Z,112.895,112.92,112.69,112.72,247937.30955000003
2026-07-07T17:30:00.000Z,112.75,112.81,112.68,112.7204,199742.89716299996
2026-07-07T17:45:00.000Z,112.72,112.83,112.63,112.78,184601.90153499998
2026-07-07T18:00:00.000Z,112.79,112.83,112.55,112.62,333298.5315830001
2026-07-07T18:15:00.000Z,112.61,112.855,112.59,112.66,195624.32370799998
2026-07-07T18:30:00.000Z,112.665,112.685,112.44,112.565,230461.90756599995
2026-07-07T18:45:00.000Z,112.55,112.61,112.37,112.42,199445.14941600006
2026-07-07T19:00:00.000Z,112.44,112.4475,112.07,112.3,306871.630807
2026-07-07T19:15:00.000Z,112.305,112.32,112.07,112.1,455441.73523899994
2026-07-07T19:30:00.000Z,112.09,112.16,111.71,111.73,525278.138066
2026-07-07T19:45:00.000Z,111.735,112.125,111.67,111.73,1746838.4161049998
2026-07-08T13:30:00.000Z,111.675,113.28,111.33,112.805,924810.504951
2026-07-08T13:45:00.000Z,112.8,112.96,112,112.85,561937.924039
2026-07-08T14:00:00.000Z,112.84,112.86,111.93,112.19,576128.310642
2026-07-08T14:15:00.000Z,112.2,112.81,112.14,112.46,338923.73953799997
2026-07-08T14:30:00.000Z,112.43,112.615,112.06,112.25,587240.691138
2026-07-08T14:45:00.000Z,112.27,113.03,112,112.43,708278.4104340001
2026-07-08T15:00:00.000Z,112.44,112.72,112.185,112.41,911869.6373950001
2026-07-08T15:15:00.000Z,112.43,112.735,112.21,112.3,681991.741203
2026-07-08T15:30:00.000Z,112.33,112.72,112.31,112.655,297979.997645
2026-07-08T15:45:00.000Z,112.655,112.86,112.55,112.69,248174.943984
2026-07-08T16:00:00.000Z,112.72,113.27,112.64,113.175,235771.33828100003
2026-07-08T16:15:00.000Z,113.19,113.48,113.135,113.43,2172990.112296
2026-07-08T16:30:00.000Z,113.41,113.87,113.4,113.81,277446.91438800003
2026-07-08T16:45:00.000Z,113.82,113.99,113.705,113.88,192555.812191
2026-07-08T17:00:00.000Z,113.87,113.99,113.6,113.63,213589.973806
2026-07-08T17:15:00.000Z,113.63,113.81,113.63,113.77,124990.285513
2026-07-08T17:30:00.000Z,113.78,113.93,113.74,113.79,223565.232115
2026-07-08T17:45:00.000Z,113.78,113.795,113.315,113.52,224982.981567
2026-07-08T18:00:00.000Z,113.5,113.74,113.425,113.685,213031.668582
2026-07-08T18:15:00.000Z,113.68,113.74,113.475,113.54,194519.73408899998
2026-07-08T18:30:00.000Z,113.54,113.57,113.39,113.4999,222515.296722
2026-07-08T18:45:00.000Z,113.49,113.51,113.28,113.31,193622.486854
2026-07-08T19:00:00.000Z,113.32,113.4,113.095,113.17,293308.131313
2026-07-08T19:15:00.000Z,113.17,113.47,113.16,113.43,275724.03018299997
2026-07-08T19:30:00.000Z,113.4201,113.54,113.24,113.53,269226.211121
2026-07-08T19:45:00.000Z,113.53,114.05,113.32,113.76,1406537.821667
2026-07-09T13:30:00.000Z,115.28,116.63,115.275,116.63,1050450.965436
2026-07-09T13:45:00.000Z,116.66,117.58,116.66,117.1392,773616.893929
2026-07-09T14:00:00.000Z,117.149,117.92,117.07,117.885,570380.1226140001
2026-07-09T14:15:00.000Z,117.885,118.01,117.5,117.79,783586.135249
2026-07-09T14:30:00.000Z,117.8,117.935,117.61,117.88,469825.281202
2026-07-09T14:45:00.000Z,117.87,118.11,117.465,117.92,470230.83106899995
2026-07-09T15:00:00.000Z,117.925,118.4,117.914,118.36,450492.557162
2026-07-09T15:15:00.000Z,118.35,118.575,118.3,118.385,338683.668764
2026-07-09T15:30:00.000Z,118.37,118.665,118.13,118.2025,355368.09765799996
2026-07-09T15:45:00.000Z,118.191,118.32,117.855,118.02,430701.310304
2026-07-09T16:00:00.000Z,118.03,118.3,117.935,118.1,475378.782188
2026-07-09T16:15:00.000Z,118.08,118.09,117.65,117.68,453975.109278
2026-07-09T16:30:00.000Z,117.68,117.8,117.345,117.62,348878.922244
2026-07-09T16:45:00.000Z,117.62,117.675,117.43,117.63,283795.70761
2026-07-09T17:00:00.000Z,117.62,118.07,117.605,117.9,299101.784545
2026-07-09T17:15:00.000Z,117.9,118.35,117.89,118.34,493737.57516999997
2026-07-09T17:30:00.000Z,118.355,118.58,118.14,118.53,304892.741356
2026-07-09T17:45:00.000Z,118.55,118.78,118.53,118.695,299540.82657499996
2026-07-09T18:00:00.000Z,118.69,118.88,118.64,118.865,356137.74063699995
2026-07-09T18:15:00.000Z,118.87,118.895,118.53,118.55,330247.804593
2026-07-09T18:30:00.000Z,118.55,118.95,118.485,118.925,342205.64250400005
2026-07-09T18:45:00.000Z,118.91,119.44,118.89,119.395,472158.973848
2026-07-09T19:00:00.000Z,119.4,119.475,119.13,119.19,706748.3039520001
2026-07-09T19:15:00.000Z,119.19,119.241,118.62,118.62,427322.547221
2026-07-09T19:30:00.000Z,118.62,118.64,118.32,118.54,493461.920749
2026-07-09T19:45:00.000Z,118.545,118.62,118.1,118.29,3676706.157513
2026-07-10T13:30:00.000Z,117.625,118.56,117.03,118.15,955224.3474180001
2026-07-10T13:45:00.000Z,118.24,119.04,118.21,118.92,501995.426158
2026-07-10T14:00:00.000Z,118.92,119.75,118.79,119.52,621517.206226
2026-07-10T14:15:00.000Z,119.52,119.72,119.125,119.51,527507.838866
2026-07-10T14:30:00.000Z,119.52,119.75,118.55,119.225,1347783.732808
2026-07-10T14:45:00.000Z,119.22,119.5,118.99,119.08,1625394.6242170003
2026-07-10T15:00:00.000Z,119.08,120.075,118.925,119.86,758824.020884
2026-07-10T15:15:00.000Z,119.9,120.19,119.75,120.185,619188.521272
2026-07-10T15:30:00.000Z,120.19,120.36,119.89,120.12,690360.6774420001
2026-07-10T15:45:00.000Z,120.11,120.39,119.985,120.24,501989.0515339999
2026-07-10T16:00:00.000Z,120.245,120.69,120.18,120.25,502107.33206899994
2026-07-10T16:15:00.000Z,120.26,120.36,120.18,120.205,453544.33999600005
2026-07-10T16:30:00.000Z,120.205,120.26,120.005,120.04,259214.165668
2026-07-10T16:45:00.000Z,120.04,120.19,119.87,120.1,362050.59857
2026-07-10T17:00:00.000Z,120.11,120.135,119.78,119.89,298755.206657
2026-07-10T17:15:00.000Z,119.885,119.94,119.7,119.92,222478.595852
2026-07-10T17:30:00.000Z,119.92,120.02,119.86,119.96,208187.398534
2026-07-10T17:45:00.000Z,119.96,120.22,119.915,120.13,295739.87813100003
2026-07-10T18:00:00.000Z,120.145,120.46,120.1401,120.36,461987.93618100014
2026-07-10T18:15:00.000Z,120.35,120.66,120.28,120.55,452452.72631799994
2026-07-10T18:30:00.000Z,120.54,120.6993,120.49,120.515,354577.269085
2026-07-10T18:45:00.000Z,120.52,120.615,120.29,120.34,299801.5448900001
2026-07-10T19:00:00.000Z,120.34,120.49,120.18,120.47,301249.337652
2026-07-10T19:15:00.000Z,120.46,120.82,120.35,120.81,716835.8184630001
2026-07-10T19:30:00.000Z,120.805,120.91,120.55,120.855,1127159.4220839997
2026-07-10T19:45:00.000Z,120.855,121.61,120.77,121.25,3936522.309513
2026-07-13T13:30:00.000Z,119.965,120.26,117.42,117.87,924830.2594660001
2026-07-13T13:45:00.000Z,117.82,118.43,117.26,117.94,593764.5007519999
2026-07-13T14:00:00.000Z,117.94,118.75,117.63,118.675,425584.047609
2026-07-13T14:15:00.000Z,118.675,120,118.4,119.945,463837.917526
2026-07-13T14:30:00.000Z,119.99,120.34,119.925,120.025,290578.10749699996
2026-07-13T14:45:00.000Z,120.01,120.18,119.67,119.84,258145.91437
2026-07-13T15:00:00.000Z,119.89,120.01,119.65,119.76,298427.44097099995
2026-07-13T15:15:00.000Z,119.75,120.16,119.655,119.72,333465.490794
2026-07-13T15:30:00.000Z,119.74,119.7899,119.41,119.54,316698.880734
2026-07-13T15:45:00.000Z,119.54,119.76,119.5,119.63,446663.95217199996
2026-07-13T16:00:00.000Z,119.64,120.24,119.63,119.935,756348.195765
2026-07-13T16:15:00.000Z,119.935,120.02,119.485,119.59,227539.469215
2026-07-13T16:30:00.000Z,119.57,119.57,119.12,119.43,304268.25431000005
2026-07-13T16:45:00.000Z,119.45,119.55,119.12,119.355,212213.620826
2026-07-13T17:00:00.000Z,119.355,119.4795,119.2,119.345,225895.82037600002
2026-07-13T17:15:00.000Z,119.34,119.645,119.3,119.62,283688.326864
2026-07-13T17:30:00.000Z,119.62,119.92,119.54,119.81,482676.53035600006
2026-07-13T17:45:00.000Z,119.82,120.05,119.655,119.745,457345.7169949999
2026-07-13T18:00:00.000Z,119.755,120.13,119.755,120.08,379143.27664700005
2026-07-13T18:15:00.000Z,120.07,120.2,119.93,119.98,455619.958361
2026-07-13T18:30:00.000Z,119.975,120,119.6,119.61,396540.84931
2026-07-13T18:45:00.000Z,119.62,119.8,119.4,119.43,350961.015698
2026-07-13T19:00:00.000Z,119.44,119.5,119.285,119.345,329412.16025500005
2026-07-13T19:15:00.000Z,119.35,119.4502,118.91,118.92,404186.842262
2026-07-13T19:30:00.000Z,118.9,119.14,118.7,119.09,498574.99512900005
2026-07-13T19:45:00.000Z,119.11,119.44,119.05,119.25,1538654.327009
2026-07-14T13:30:00.000Z,119.75,120.06,118.32,119.105,763854.03729
2026-07-14T13:45:00.000Z,119.115,119.78,118.64,119.07,448903.392972
2026-07-14T14:00:00.000Z,119.12,119.37,118.83,118.935,319522.47339
2026-07-14T14:15:00.000Z,118.93,119.29,118.45,118.905,530206.3553620001
2026-07-14T14:30:00.000Z,118.895,119.26,118.5,118.63,1012061.3125159999
2026-07-14T14:45:00.000Z,118.58,118.705,118.22,118.49,310025.747425
2026-07-14T15:00:00.000Z,118.5,119.32,118.47,119.26,444652.608779
2026-07-14T15:15:00.000Z,119.26,119.55,118.9,118.96,317521.788958
2026-07-14T15:30:00.000Z,118.96,119.24,118.6,118.825,485784.1504420001
2026-07-14T15:45:00.000Z,118.84,119.005,117.95,118.09,456467.64053
2026-07-14T16:00:00.000Z,118.08,118.265,117.7,118.095,465212.44489700004
2026-07-14T16:15:00.000Z,118.08,118.12,117.55,117.63,383257.868065
2026-07-14T16:30:00.000Z,117.64,117.7055,117.4208,117.47,251561.813346
2026-07-14T16:45:00.000Z,117.47,117.61,117.22,117.26,321161.263664
2026-07-14T17:00:00.000Z,117.25,117.45,117.21,117.26,266029.21127
2026-07-14T17:15:00.000Z,117.26,117.61,117.22,117.4,339315.33197199996
2026-07-14T17:30:00.000Z,117.42,117.52,117.06,117.14,738634.9708269999
2026-07-14T17:45:00.000Z,117.145,117.22,117.08,117.165,277864.019549
2026-07-14T18:00:00.000Z,117.17,117.19,116.955,116.985,331588.20651299995
2026-07-14T18:15:00.000Z,116.99,117.1,116.595,116.6551,341810.47491000005
2026-07-14T18:30:00.000Z,116.64,116.91,116.57,116.69,390009.076055
2026-07-14T18:45:00.000Z,116.7,116.77,116.575,116.68,245832.020079
2026-07-14T19:00:00.000Z,116.67,116.82,116.56,116.795,344774.18193200004
2026-07-14T19:15:00.000Z,116.8,116.92,116.71,116.88,432502.713674
2026-07-14T19:30:00.000Z,116.88,117.34,116.79,117.29,678720.7362210001
2026-07-14T19:45:00.000Z,117.29,117.48,116.84,117.08,1846832.1780359999
2026-07-15T13:30:00.000Z,117.2,117.5,114.73,114.76,782910.7872699999
2026-07-15T13:45:00.000Z,114.77,114.908,114.01,114.56,600084.113832
2026-07-15T14:00:00.000Z,114.56,115.29,114.44,114.71,592775.3427830001
2026-07-15T14:15:00.000Z,114.69,114.825,113.08,113.46,636138.382112
2026-07-15T14:30:00.000Z,113.49,113.72,112.38,112.785,647884.07747
2026-07-15T14:45:00.000Z,112.8,112.8,112.03,112.425,593453.3028029999
2026-07-15T15:00:00.000Z,112.43,112.5,111.33,111.385,651315.019854
2026-07-15T15:15:00.000Z,111.375,111.765,111.01,111.14,1014164.9524530002
2026-07-15T15:30:00.000Z,111.16,111.335,110.78,110.815,849846.511937
2026-07-15T15:45:00.000Z,110.8,110.8,110.2162,110.56,751031.965953
2026-07-15T16:00:00.000Z,110.57,110.93,110.47,110.83,1023983.9454379999
2026-07-15T16:15:00.000Z,110.84,111.23,110.81,111.1,795312.0639810001
2026-07-15T16:30:00.000Z,111.11,111.315,110.99,111.175,744366.500854
2026-07-15T16:45:00.000Z,111.16,111.88,111.105,111.77,419609.833048
2026-07-15T17:00:00.000Z,111.77,111.83,111.43,111.53,252394.08043399994
2026-07-15T17:15:00.000Z,111.52,111.9885,111.52,111.7,338522.010035
2026-07-15T17:30:00.000Z,111.72,111.79,111.51,111.73,317294.8794079999
2026-07-15T17:45:00.000Z,111.72,112.24,111.715,112.24,377177.63186200004
2026-07-15T18:00:00.000Z,112.24,112.57,112.2201,112.45,363690.345463
2026-07-15T18:15:00.000Z,112.45,112.48,112.25,112.25,323044.440769
2026-07-15T18:30:00.000Z,112.26,112.28,111.86,111.865,320883.20953099994
2026-07-15T18:45:00.000Z,111.86,111.95,111.77,111.87,487163.999729
2026-07-15T19:00:00.000Z,111.87,112,111.695,111.99,380600.024733
2026-07-15T19:15:00.000Z,111.99,112.05,111.8,111.815,657283.559815
2026-07-15T19:30:00.000Z,111.815,112.03,111.57,111.885,622047.4573330001
2026-07-15T19:45:00.000Z,111.88,111.95,111.65,111.76,2060910.557117
2026-07-16T13:30:00.000Z,110.22,111.24,107.94,108.54,2680612.5840739994
2026-07-16T13:45:00.000Z,108.535,109.35,107.9,108.3675,866909.308566
2026-07-16T14:00:00.000Z,108.35,109.38,108.11,109.255,659910.5301219999
2026-07-16T14:15:00.000Z,109.26,109.33,108.43,109.08,575871.4870210001
2026-07-16T14:30:00.000Z,109.05,109.135,108.5105,108.71,589254.2444650001
2026-07-16T14:45:00.000Z,108.6984,108.9,108.215,108.565,455011.735174
2026-07-16T15:00:00.000Z,108.55,108.67,107.53,107.635,732727.7529029999
2026-07-16T15:15:00.000Z,107.65,108.39,107.56,108.27,476672.069665
2026-07-16T15:30:00.000Z,108.265,108.79,108.155,108.495,490159.55339500005
2026-07-16T15:45:00.000Z,108.495,108.56,108.17,108.38,510316.63514
2026-07-16T16:00:00.000Z,108.4,108.4299,108.015,108.06,720772.406906
2026-07-16T16:15:00.000Z,108.06,108.32,107.93,108.27,498311.795381
2026-07-16T16:30:00.000Z,108.29,108.32,107.975,108.15,317557.851469
2026-07-16T16:45:00.000Z,108.13,108.14,107.78,107.94,420853.9826110001
2026-07-16T17:00:00.000Z,107.95,108.82,107.705,108.82,502818.47170299996
2026-07-16T17:15:00.000Z,108.83,108.945,108.59,108.89,496282.214966
2026-07-16T17:30:00.000Z,108.88,109.02,108.71,108.84,630669.27765
2026-07-16T17:45:00.000Z,108.84,108.87,108.46,108.54,403613.2898159999
2026-07-16T18:00:00.000Z,108.54,109.1199,108.485,108.94,753344.022945
2026-07-16T18:15:00.000Z,108.93,109.24,108.82,108.99,451493.330815
2026-07-16T18:30:00.000Z,108.98,109.03,108.79,108.99,559751.032605
2026-07-16T18:45:00.000Z,108.98,109,108.78,108.89,338885.32860699994
2026-07-16T19:00:00.000Z,108.88,109.35,108.83,109.3,781818.1485639999
2026-07-16T19:15:00.000Z,109.3,109.5095,109.16,109.325,675504.372179
2026-07-16T19:30:00.000Z,109.32,109.61,109.23,109.44,762253.469141
2026-07-16T19:45:00.000Z,109.43,109.82,109.345,109.67,2816275.336951
2026-07-17T13:30:00.000Z,109.15,110.86,108.91,110.0075,2418976.0014569997
2026-07-17T13:45:00.000Z,110.05,111.93,110.02,111.86,1088283.929604
2026-07-17T14:00:00.000Z,111.89,112.12,111.39,111.69,701969.054993
2026-07-17T14:15:00.000Z,111.67,112.36,111.54,112.135,451913.638156
2026-07-17T14:30:00.000Z,112.135,112.58,111.96,112.09,490570.3313090001
2026-07-17T14:45:00.000Z,112.09,112.52,111.845,111.88,451478.338658
2026-07-17T15:00:00.000Z,111.9,111.94,111.46,111.765,494808.8155060001
2026-07-17T15:15:00.000Z,111.77,112.11,111.69,112.03,392725.337819
2026-07-17T15:30:00.000Z,112.02,112.07,111.64,111.92,585945.887093
2026-07-17T15:45:00.000Z,111.92,112.1899,111.76,112.1899,375825.0031359999
2026-07-17T16:00:00.000Z,112.1901,112.42,111.92,112.405,457837.613228
2026-07-17T16:15:00.000Z,112.405,112.55,111.94,112.21,390320.831658
2026-07-17T16:30:00.000Z,112.21,112.32,111.88,112.32,343674.0537820001
2026-07-17T16:45:00.000Z,112.325,112.68,112.14,112.15,1130798.47598
2026-07-17T17:00:00.000Z,112.145,112.61,112.06,112.46,540353.421199
2026-07-17T17:15:00.000Z,112.46,112.86,112.42,112.8,352305.98438999994
2026-07-17T17:30:00.000Z,112.815,113.23,112.745,113.0062,523037.972382
2026-07-17T17:45:00.000Z,113,113.11,112.73,112.775,671453.2683560001
2026-07-17T18:00:00.000Z,112.78,113.12,112.78,112.82,445558.06276599993
2026-07-17T18:15:00.000Z,112.82,112.83,112.3961,112.775,591673.3586340002
2026-07-17T18:30:00.000Z,112.78,112.975,112.44,112.48,443905.58616400004
2026-07-17T18:45:00.000Z,112.48,112.73,112.43,112.46,516463.815058
2026-07-17T19:00:00.000Z,112.455,112.545,112.14,112.145,596874.6580719999
2026-07-17T19:15:00.000Z,112.13,112.55,112.065,112.4,554214.8021749998
2026-07-17T19:30:00.000Z,112.4,112.875,112.4,112.43,855809.7886890001
2026-07-17T19:45:00.000Z,112.45,112.8,111.85,111.94,2210613.321161
2026-07-20T13:30:00.000Z,112.275,113.225,111.93,112.72,875985.7461080002
2026-07-20T13:45:00.000Z,112.72,113.07,112.215,112.57,498434.74826699996
2026-07-20T14:00:00.000Z,112.52,113,112.37,112.78,388205.424218
2026-07-20T14:15:00.000Z,112.79,112.8399,112.28,112.55,512137.935062
2026-07-20T14:30:00.000Z,112.555,112.62,112.29,112.385,456776.73990100005
2026-07-20T14:45:00.000Z,112.385,112.53,111.68,112.01,375270.534185
2026-07-20T15:00:00.000Z,112.03,112.1,111.36,111.65,598935.9444189998
2026-07-20T15:15:00.000Z,111.66,112.09,111.59,111.845,571348.005637
2026-07-20T15:30:00.000Z,111.84,112.07,111.67,111.87,294854.09262600006
2026-07-20T15:45:00.000Z,111.87,112.12,111.77,112.045,261459.13411200003
2026-07-20T16:00:00.000Z,112.04,112.105,111.83,111.895,462556.26972700004
2026-07-20T16:15:00.000Z,111.9,112.065,111.855,111.885,297554.123212
2026-07-20T16:30:00.000Z,111.885,112.0499,111.47,111.74,542691.8807730001
2026-07-20T16:45:00.000Z,111.74,111.92,111.58,111.775,214972.607745
2026-07-20T17:00:00.000Z,111.775,111.83,111.47,111.505,220908.697049
2026-07-20T17:15:00.000Z,111.49,111.65,111.47,111.5,239549.69971800002
2026-07-20T17:30:00.000Z,111.5,111.62,111.42,111.42,253303.187459
2026-07-20T17:45:00.000Z,111.4104,111.65,111.4104,111.56,190635.29275899997
2026-07-20T18:00:00.000Z,111.5601,111.84,111.555,111.725,209686.67287200005
2026-07-20T18:15:00.000Z,111.7275,111.89,111.63,111.82,342988.44380500005
2026-07-20T18:30:00.000Z,111.81,111.935,111.58,111.61,438394.53178699996
2026-07-20T18:45:00.000Z,111.61,111.77,111.4,111.415,300967.753084
2026-07-20T19:00:00.000Z,111.41,111.62,111.2546,111.2546,409515.72451399994
2026-07-20T19:15:00.000Z,111.25,111.425,111.085,111.37,463496.569082
2026-07-20T19:30:00.000Z,111.38,111.469,111.275,111.385,487136.49064800004
2026-07-20T19:45:00.000Z,111.385,111.43,110.65,110.71,2076775.4757949999
2026-07-21T13:30:00.000Z,112.7,113.175,111.82,111.905,706325.8974229998
2026-07-21T13:45:00.000Z,111.91,112.165,111.41,111.715,507436.01415
2026-07-21T14:00:00.000Z,111.68,112,111.42,111.96,365366.75635900005
2026-07-21T14:15:00.000Z,111.96,111.97,111.55,111.955,290819.604063
2026-07-21T14:30:00.000Z,111.94,112.085,111.7,111.77,414968.95869000006
2026-07-21T14:45:00.000Z,111.78,111.86,111.31,111.53,329071.95561799995
2026-07-21T15:00:00.000Z,111.53,111.545,111.24,111.4,324508.81064099993
2026-07-21T15:15:00.000Z,111.39,111.46,111.14,111.33,371059.04502500006
2026-07-21T15:30:00.000Z,111.32,111.47,110.97,111.105,368544.40436999995
2026-07-21T15:45:00.000Z,111.105,111.31,111,111.065,382747.16064099997
2026-07-21T16:00:00.000Z,111.07,111.36,111.07,111.26,355623.142458
2026-07-21T16:15:00.000Z,111.26,111.33,111.07,111.29,397393.126211
2026-07-21T16:30:00.000Z,111.285,111.34,111.195,111.24,346554.166463
2026-07-21T16:45:00.000Z,111.26,111.31,110.98,110.98,321959.81004500005
2026-07-21T17:00:00.000Z,110.98,111.26,110.94,111.165,341751.91670199996
2026-07-21T17:15:00.000Z,111.18,111.25,110.93,111.03,302726.352382
2026-07-21T17:30:00.000Z,111.035,111.23,111.01,111.14,261400.13945699998
2026-07-21T17:45:00.000Z,111.145,111.62,111.13,111.5,505423.834323
2026-07-21T18:00:00.000Z,111.4999,111.56,111.155,111.21,301663.029765
2026-07-21T18:15:00.000Z,111.2,111.41,111.2,111.265,331930.12733399996
2026-07-21T18:30:00.000Z,111.265,111.47,111.22,111.435,242268.86319200002
2026-07-21T18:45:00.000Z,111.43,111.65,111.41,111.56,291054.841122
2026-07-21T19:00:00.000Z,111.56,111.635,111.4092,111.46,369640.9209399999
2026-07-21T19:15:00.000Z,111.47,111.84,111.465,111.78,726764.705354
2026-07-21T19:30:00.000Z,111.775,112.32,111.765,112.2351,542684.379325
2026-07-21T19:45:00.000Z,112.23,112.31,112.01,112.1,2052524.6835359999
2026-07-22T13:30:00.000Z,111.52,113.775,111.36,113.19,798056.0216850002
2026-07-22T13:45:00.000Z,113.19,113.44,113.06,113.3,359141.44070499996
2026-07-22T14:00:00.000Z,113.34,113.57,113.15,113.33,388563.840073
2026-07-22T14:15:00.000Z,113.29,113.29,112.93,113.08,381585.802413
2026-07-22T14:30:00.000Z,113.08,113.26,112.77,112.82,272093.003156
2026-07-22T14:45:00.000Z,112.87,113.09,112.8,112.92,226762.514165
2026-07-22T15:00:00.000Z,112.9,112.995,112.825,112.93,361026.735625
2026-07-22T15:15:00.000Z,112.92,113.2,112.73,113.06,414869.80275299994
2026-07-22T15:30:00.000Z,113.055,113.125,112.835,112.86,342658.604747
2026-07-22T15:45:00.000Z,112.86,113,112.735,112.9004,280131.95682900003
2026-07-22T16:00:00.000Z,112.935,113.02,112.82,112.9476,297278.2222259999
2026-07-22T16:15:00.000Z,112.955,113.05,112.7801,113,221892.52255300002
2026-07-22T16:30:00.000Z,113,113.065,112.665,112.74,200101.36302600004
2026-07-22T16:45:00.000Z,112.74,112.84,112.67,112.695,161029.77691000002
2026-07-22T17:00:00.000Z,112.68,112.94,112.58,112.815,184457.42721
2026-07-22T17:15:00.000Z,112.81,112.87,112.74,112.785,160831.343428
2026-07-22T17:30:00.000Z,112.79,112.84,112.62,112.67,147139.247952
2026-07-22T17:45:00.000Z,112.69,112.7,112.53,112.63,138046.72095600003
2026-07-22T18:00:00.000Z,112.64,112.695,112.5,112.585,245836.85699600002
2026-07-22T18:15:00.000Z,112.57,112.7306,112.56,112.63,213619.101772
2026-07-22T18:30:00.000Z,112.63,112.635,112.51,112.55,149702.941584
2026-07-22T18:45:00.000Z,112.54,112.68,112.43,112.58,202945.833628
2026-07-22T19:00:00.000Z,112.57,112.61,112.4271,112.52,192306.58418699997
2026-07-22T19:15:00.000Z,112.525,112.695,112.36,112.41,268413.747396
2026-07-22T19:30:00.000Z,112.405,112.44,112.26,112.355,383192.917852
2026-07-22T19:45:00.000Z,112.35,112.57,112.17,112.21,1661281.302851
2026-07-23T13:30:00.000Z,112,113.22,111.83,113.145,1149629.3676419999
2026-07-23T13:45:00.000Z,113.14,113.9,112.4,113.075,771247.8121229998
2026-07-23T14:00:00.000Z,113.105,113.3,112.38,112.86,486589.178293
2026-07-23T14:15:00.000Z,112.86,113.35,112.83,113.17,302951.640489
2026-07-23T14:30:00.000Z,113.21,113.265,112.64,112.645,225506.735369
2026-07-23T14:45:00.000Z,112.64,112.9,112.515,112.719,236794.459731
2026-07-23T15:00:00.000Z,112.73,112.77,112.285,112.375,305063.087376
2026-07-23T15:15:00.000Z,112.37,112.5,112.14,112.405,264556.05385799997
2026-07-23T15:30:00.000Z,112.4,112.845,112.255,112.605,259237.30310800002
2026-07-23T15:45:00.000Z,112.62,112.79,112.4714,112.74,236635.022807
2026-07-23T16:00:00.000Z,112.77,113.08,112.6,113.03,211103.550255
2026-07-23T16:15:00.000Z,113.025,113.39,113.02,113.21,247776.00330500002
2026-07-23T16:30:00.000Z,113.18,113.36,112.99,113.19,182730.30920000002
2026-07-23T16:45:00.000Z,113.18,113.18,112.94,112.94,387184.41442000004
2026-07-23T17:00:00.000Z,112.92,112.97,112.66,112.945,181600.698593
2026-07-23T17:15:00.000Z,112.93,113.15,112.83,113.1,172597.13788
2026-07-23T17:30:00.000Z,113.09,113.09,112.9,113,178492.085154
2026-07-23T17:45:00.000Z,112.98,113.23,112.715,112.73,156227.57466300004
2026-07-23T18:00:00.000Z,112.71,112.735,112.49,112.66,171093.27927199999
2026-07-23T18:15:00.000Z,112.66,112.7299,112.58,112.67,195508.293353
2026-07-23T18:30:00.000Z,112.67,112.76,112.44,112.55,190130.909831
2026-07-23T18:45:00.000Z,112.56,112.7,112.46,112.63,198668.49422999998
2026-07-23T19:00:00.000Z,112.64,112.65,112.32,112.34,207651.95063500002
2026-07-23T19:15:00.000Z,112.33,112.63,112.3,112.45,341106.995522
2026-07-23T19:30:00.000Z,112.45,112.4999,112.28,112.34,393194.12469799997
2026-07-23T19:45:00.000Z,112.33,112.89,112.325,112.76,1357948.086607
2026-07-24T13:30:00.000Z,112.365,113.67,112.1994,113.09,482657.8570070001
2026-07-24T13:45:00.000Z,113.105,113.4,112.48,112.5,577699.812972
2026-07-24T14:00:00.000Z,112.495,113.41,112.48,113.0199,592733.742479
2026-07-24T14:15:00.000Z,113.03,113.075,112.4925,112.79,279262.34633
2026-07-24T14:30:00.000Z,112.76,112.81,112.27,112.4799,504515.27175099996
2026-07-24T14:45:00.000Z,112.465,113.08,112.22,112.99,322155.191072
2026-07-24T15:00:00.000Z,113.01,113.08,112.61,112.9,430069.71317400003
2026-07-24T15:15:00.000Z,112.88,113.14,112.71,112.84,409339.0321119999
2026-07-24T15:30:00.000Z,112.84,113.4095,112.79,113.125,308319.774656
2026-07-24T15:45:00.000Z,113.14,114.05,113.11,113.99,565042.5947230001
2026-07-24T16:00:00.000Z,114,114.07,113.75,113.79,500316.095338
2026-07-24T16:15:00.000Z,113.8,114.35,113.74,114.32,447235.04713799997
2026-07-24T16:30:00.000Z,114.33,114.57,114.2,114.29,475447.136195
2026-07-24T16:45:00.000Z,114.3,114.455,114.09,114.23,394496.253108
2026-07-24T17:00:00.000Z,114.24,114.36,113.86,114.085,450707.61815199995
2026-07-24T17:15:00.000Z,114.085,114.43,114.01,114.36,278708.803226
2026-07-24T17:30:00.000Z,114.34,114.422,113.93,114.14,350513.43370099994
2026-07-24T17:45:00.000Z,114.12,114.21,114.0101,114.045,256790.325165
2026-07-24T18:00:00.000Z,114.05,114.145,113.8,113.89,299601.977473
2026-07-24T18:15:00.000Z,113.89,113.91,113.38,113.45,356258.2301570001
2026-07-24T18:30:00.000Z,113.46,113.7,113.36,113.4,342962.518672
2026-07-24T18:45:00.000Z,113.405,113.76,113.365,113.595,299970.77746599994
2026-07-24T19:00:00.000Z,113.62,113.7,113.29,113.34,624755.9250530001
2026-07-24T19:15:00.000Z,113.31,113.905,113.28,113.66,655202.330187
2026-07-24T19:30:00.000Z,113.67,114.16,113.65,113.98,703363.993596
2026-07-24T19:45:00.000Z,113.97,114.33,113.83,114.18,2600120.819524
2026-07-27T13:30:00.000Z,115.155,115.38,114.17,114.48,685507.409685
2026-07-27T13:45:00.000Z,114.475,115.12,113.91,113.98,301078.9467999999
2026-07-27T14:00:00.000Z,114.015,114.14,113.25,113.465,522511.91743699997
2026-07-27T14:15:00.000Z,113.46,113.85,113.225,113.39,598137.86828
2026-07-27T14:30:00.000Z,113.41,113.46,112.78,112.81,725384.147814
2026-07-27T14:45:00.000Z,112.84,113.83,112.735,113.78,365408.42253700003
2026-07-27T15:00:00.000Z,113.77,113.885,113.15,113.205,359283.295416
2026-07-27T15:15:00.000Z,113.195,113.4,112.96,113.38,328233.59262199997
2026-07-27T15:30:00.000Z,113.37,113.37,112.9001,113.31,318090.61773500004
2026-07-27T15:45:00.000Z,113.34,113.655,113.13,113.54,407449.68100300006
2026-07-27T16:00:00.000Z,113.57,113.78,113.39,113.53,205922.47176000001
2026-07-27T16:15:00.000Z,113.535,114.1,113.36,113.935,276465.88458600006
2026-07-27T16:30:00.000Z,113.96,114.155,113.85,113.87,233249.79703300004
2026-07-27T16:45:00.000Z,113.85,113.895,113.31,113.45,247328.13292300003
2026-07-27T17:00:00.000Z,113.45,113.72,113.29,113.69,222584.01809899998
2026-07-27T17:15:00.000Z,113.67,113.91,113.61,113.6105,199234.00423099997
2026-07-27T17:30:00.000Z,113.61,113.92,113.54,113.76,335565.019404
2026-07-27T17:45:00.000Z,113.76,114.195,113.63,114.155,292102.799557
2026-07-27T18:00:00.000Z,114.17,114.26,114.03,114.15,298468.615078
2026-07-27T18:15:00.000Z,114.135,114.16,113.775,113.91,232108.39171099997
2026-07-27T18:30:00.000Z,113.905,114.03,113.72,113.99,328613.479662
2026-07-27T18:45:00.000Z,113.99,114.48,113.96,114.475,258083.39774499997
2026-07-27T19:00:00.000Z,114.49,114.75,114.44,114.7,293228.13975300005
2026-07-27T19:15:00.000Z,114.7,114.78,114.58,114.63,327607.07779799995
2026-07-27T19:30:00.000Z,114.635,114.85,114.595,114.67,369819.4658269999
2026-07-27T19:45:00.000Z,114.67,114.76,114.45,114.63,1562126.14074
2026-07-28T13:30:00.000Z,114.13,114.35,111.7301,113.36,2188947.6564129996
2026-07-28T13:45:00.000Z,113.34,114.41,113.05,113.65,1309231.985088
2026-07-28T14:00:00.000Z,113.64,114.605,113.24,113.325,1296959.941103
2026-07-28T14:15:00.000Z,113.34,114.8099,113.145,114.1,1272127.602547
2026-07-28T14:30:00.000Z,114.08,114.5,113.73,113.88,569271.426556
2026-07-28T14:45:00.000Z,113.88,114.93,113.75,114.72,471703.360483
2026-07-28T15:00:00.000Z,114.71,115.77,114.685,115.43,725941.655972
2026-07-28T15:15:00.000Z,115.41,116.675,115.36,116.5,1246583.887892
2026-07-28T15:30:00.000Z,116.505,116.86,116.13,116.8595,872054.884076
2026-07-28T15:45:00.000Z,116.82,117.04,116.71,116.925,590217.8593
2026-07-28T16:00:00.000Z,116.94,117.03,116.6,116.8,452360.265697
2026-07-28T16:15:00.000Z,116.8,116.85,116.36,116.445,332699.51546500006
2026-07-28T16:30:00.000Z,116.45,116.93,116.27,116.915,486333.069974
2026-07-28T16:45:00.000Z,116.935,117.07,116.755,116.85,310237.70949000004
2026-07-28T17:00:00.000Z,116.84,116.88,116.055,116.24,420358.56395800004
2026-07-28T17:15:00.000Z,116.23,116.46,116.06,116.165,280713.569429
2026-07-28T17:30:00.000Z,116.16,116.35,115.98,116.06,382040.856548
2026-07-28T17:45:00.000Z,116.06,116.19,115.76,115.8,259824.45162700003
2026-07-28T18:00:00.000Z,115.8,116.28,114.61,114.7,1125236.398749
2026-07-28T18:15:00.000Z,114.705,115.125,114.405,115.085,607233.1061979999
2026-07-28T18:30:00.000Z,115.085,115.4799,115.06,115.19,337443.9012939999
2026-07-28T18:45:00.000Z,115.2,115.55,115.16,115.52,284674.71553099994
2026-07-28T19:00:00.000Z,115.53,115.75,115.5,115.685,478172.878596
2026-07-28T19:15:00.000Z,115.685,115.885,115.57,115.755,547314.061383
2026-07-28T19:30:00.000Z,115.76,116.11,115.705,116.08,977488.313415
2026-07-28T19:45:00.000Z,116.08,116.11,115.26,115.66,2829412.510923
2026-07-29T13:30:00.000Z,117.02,117.28,116.01,116.72,1036736.0518489998
2026-07-29T13:45:00.000Z,116.72,117.08,116.55,116.595,762748.2564970003
2026-07-29T14:00:00.000Z,116.595,117.12,116.12,116.49,871145.0545290002
2026-07-29T14:15:00.000Z,116.485,116.98,116,116.455,352886.40996099997
2026-07-29T14:30:00.000Z,116.43,116.65,115.75,115.91,343347.82516
2026-07-29T14:45:00.000Z,115.895,116.19,115.37,115.575,435644.7477049999
2026-07-29T15:00:00.000Z,115.55,115.84,115.33,115.74,543271.039232
2026-07-29T15:15:00.000Z,115.745,116.01,115.515,115.83,357172.59756300005
2026-07-29T15:30:00.000Z,115.83,116.01,115.62,115.78,474393.69524500007
2026-07-29T15:45:00.000Z,115.77,115.82,114.94,115.185,713030.010626
2026-07-29T16:00:00.000Z,115.185,115.25,114.44,114.46,530483.8716920001
2026-07-29T16:15:00.000Z,114.46,114.9898,114.22,114.92,537285.893491
2026-07-29T16:30:00.000Z,114.89,116.0284,114.54,114.695,544999.5308250003
2026-07-29T16:45:00.000Z,114.67,115.1,114.61,115,283281.501078
2026-07-29T17:00:00.000Z,114.995,115.29,114.8,115.28,999242.686928
2026-07-29T17:15:00.000Z,115.26,115.26,114.15,114.18,408850.48558700003
2026-07-29T17:30:00.000Z,114.15,114.52,114.06,114.48,357191.15453099995
2026-07-29T17:45:00.000Z,114.46,114.4873,113.81,114.045,513905.690844
2026-07-29T18:00:00.000Z,114.02,114.68,114.02,114.3,601531.236848
2026-07-29T18:15:00.000Z,114.31,114.529,113.965,114.03,397000.31720000005
2026-07-29T18:30:00.000Z,114.045,115.39,113.875,115.34,755751.743995
2026-07-29T18:45:00.000Z,115.33,116.34,115.28,115.87,869832.235034
2026-07-29T19:00:00.000Z,115.86,116.11,114.96,115.14,828633.3329770002
2026-07-29T19:15:00.000Z,115.135,115.31,114.17,114.37,653408.4762699999
2026-07-29T19:30:00.000Z,114.39,114.405,112.75,112.95,969680.6379959999
2026-07-29T19:45:00.000Z,112.94,113.2,112.345,112.5,2681066.803832
2026-07-30T13:30:00.000Z,112.685,114.09,111.6576,113.8,1457082.5175319999
2026-07-30T13:45:00.000Z,113.8,114.14,113.54,114.1,1010549.9575939999
2026-07-30T14:00:00.000Z,114.0946,114.325,113.24,113.61,848100.4290860001
2026-07-30T14:15:00.000Z,113.595,113.705,113.26,113.54,466920.6297039999
2026-07-30T14:30:00.000Z,113.545,113.6901,113.03,113.13,531720.2122370001
2026-07-30T14:45:00.000Z,113.12,113.315,112.65,112.735,294553.93269200006
2026-07-30T15:00:00.000Z,112.745,113.145,112.32,112.61,530698.578352
2026-07-30T15:15:00.000Z,112.6024,113.09,112.575,112.79,392423.32762199995
2026-07-30T15:30:00.000Z,112.78,113.36,112.675,113.27,407795.40344400005
2026-07-30T15:45:00.000Z,113.27,113.36,112.8101,112.91,349366.47138800006
2026-07-30T16:00:00.000Z,112.92,113.46,112.755,113.31,333309.76823399996
2026-07-30T16:15:00.000Z,113.33,113.58,113.2813,113.44,270247.929275
2026-07-30T16:30:00.000Z,113.45,113.47,112.99,113.13,296612.56624599994
2026-07-30T16:45:00.000Z,113.17,113.46,113.16,113.175,590677.448227
2026-07-30T17:00:00.000Z,113.19,113.41,113.05,113.18,514124.119059
2026-07-30T17:15:00.000Z,113.17,113.43,113.15,113.39,297238.04296899994
2026-07-30T17:30:00.000Z,113.395,113.83,113.26,113.7204,630351.80309
2026-07-30T17:45:00.000Z,113.72,113.83,113.62,113.63,369790.307361
2026-07-30T18:00:00.000Z,113.64,113.96,113.575,113.95,528245.493568
2026-07-30T18:15:00.000Z,113.95,113.95,113.57,113.64,299512.872047
2026-07-30T18:30:00.000Z,113.64,113.6775,113.32,113.505,370127.588582
2026-07-30T18:45:00.000Z,113.5095,113.63,113.4,113.61,419678.54105599987
2026-07-30T19:00:00.000Z,113.605,113.95,113.51,113.9,556000.5160170002
2026-07-30T19:15:00.000Z,113.89,114.01,113.765,113.91,500572.176544
2026-07-30T19:30:00.000Z,113.91,113.9376,113.4901,113.505,624699.7423749999
2026-07-30T19:45:00.000Z,113.48,113.93,113.05,113.54,2646106.037998
2026-07-31T13:30:00.000Z,115.325,117.25,114.77,115.82,1230851.6751330001
2026-07-31T13:45:00.000Z,115.82,116.155,114.8,114.88,576301.936862
2026-07-31T14:00:00.000Z,114.88,115.07,114.1605,114.295,852305.7504919999
2026-07-31T14:15:00.000Z,114.33,114.5499,113.89,114.39,404595.47605600004
2026-07-31T14:30:00.000Z,114.39,114.54,113.99,114.25,387253.32138399995
2026-07-31T14:45:00.000Z,114.23,114.47,114.06,114.18,438427.90188300004
2026-07-31T15:00:00.000Z,114.175,114.41,114.07,114.14,401780.363654
2026-07-31T15:15:00.000Z,114.14,114.46,113.94,114.255,378609.72005000006
2026-07-31T15:30:00.000Z,114.235,114.84,114.09,114.51,269249.169856
2026-07-31T15:45:00.000Z,114.52,115.06,114.25,115.01,589615.6888270001
2026-07-31T16:00:00.000Z,114.99,115.24,114.89,115.11,349711.00254300004
2026-07-31T16:15:00.000Z,115.1,115.52,114.89,115.5,211581.359119
2026-07-31T16:30:00.000Z,115.52,115.67,115.38,115.45,403254.702641
2026-07-31T16:45:00.000Z,115.44,115.63,115.35,115.365,223935.745643
2026-07-31T17:00:00.000Z,115.37,115.82,115.37,115.77,440926.342002
2026-07-31T17:15:00.000Z,115.78,115.97,115.68,115.86,239567.19322699995
2026-07-31T17:30:00.000Z,115.85,116.03,115.7901,115.92,296517.943619
2026-07-31T17:45:00.000Z,115.93,116.01,115.77,115.925,283074.297581
2026-07-31T18:00:00.000Z,115.925,116.025,115.725,115.73,343380.52186100004
2026-07-31T18:15:00.000Z,115.725,115.9199,115.725,115.87,189752.242619
2026-07-31T18:30:00.000Z,115.865,116.06,115.86,116.015,255685.291005
2026-07-31T18:45:00.000Z,116.02,116.1,115.8,115.875,281627.08948500006
2026-07-31T19:00:00.000Z,115.875,116.21,115.84,116.07,381505.62081900006
2026-07-31T19:15:00.000Z,116.07,116.44,116.05,116.22,552437.936326
2026-07-31T19:30:00.000Z,116.215,116.56,116.11,116.54,498218.813363
2026-07-31T19:45:00.000Z,116.54,116.7,115.96,116,1666509.507415
2026-08-03T13:30:00.000Z,114.6,115.38,113.82,114.885,1452509.049068
2026-08-03T13:45:00.000Z,114.89,115.09,114.425,114.845,649233.6546850001
2026-08-03T14:00:00.000Z,114.86,115.5,114.615,115.21,630659.8350650001
2026-08-03T14:15:00.000Z,115.21,115.55,115.0601,115.465,456681.8455369999
2026-08-03T14:30:00.000Z,115.47,115.78,115.355,115.4,549165.931421
2026-08-03T14:45:00.000Z,115.41,115.92,115.29,115.56,588822.889726
2026-08-03T15:00:00.000Z,115.565,115.72,115.31,115.51,533120.6024650001
2026-08-03T15:15:00.000Z,115.51,115.9,115.51,115.76,441849.45223299996
2026-08-03T15:30:00.000Z,115.755,115.77,115.2105,115.23,292001.389852
2026-08-03T15:45:00.000Z,115.22,115.29,115,115.27,323097.88965400006
2026-08-03T16:00:00.000Z,115.28,115.42,115.165,115.34,336238.074383
2026-08-03T16:15:00.000Z,115.375,115.705,115.35,115.655,304702.31357900007
2026-08-03T16:30:00.000Z,115.655,115.655,115.065,115.17,315218.556033
2026-08-03T16:45:00.000Z,115.16,115.24,114.86,114.98,252647.33374600002
2026-08-03T17:00:00.000Z,114.975,115.04,114.84,114.985,257411.61012600004
2026-08-03T17:15:00.000Z,114.99,115.35,114.968,115.13,268211.715048
2026-08-03T17:30:00.000Z,115.12,115.35,115.03,115.325,283856.17743400007
2026-08-03T17:45:00.000Z,115.325,115.665,115.32,115.66,315148.196112
2026-08-03T18:00:00.000Z,115.66,115.79,115.63,115.725,329266.88333
2026-08-03T18:15:00.000Z,115.73,116.06,115.73,115.955,283513.467763
2026-08-03T18:30:00.000Z,115.96,116.04,115.81,115.87,332631.128321
2026-08-03T18:45:00.000Z,115.87,116.16,115.81,116.13,259464.577255
2026-08-03T19:00:00.000Z,116.13,116.27,116.07,116.155,340154.48090900003
2026-08-03T19:15:00.000Z,116.15,116.235,116.0005,116.0475,460225.47381000005
2026-08-03T19:30:00.000Z,116.04,116.055,115.585,115.61,561969.7117669999
2026-08-03T19:45:00.000Z,115.6,116,115.54,115.86,1468127.3349829998
2026-08-04T13:30:00.000Z,119.39,121.025,118.73,120.56,1765075.941063
2026-08-04T13:45:00.000Z,120.58,121.64,120.35,120.43,1152154.1235060003
2026-08-04T14:00:00.000Z,120.43,120.53,120.05,120.28,763453.0244059999
2026-08-04T14:15:00.000Z,120.3,120.305,119.34,119.64,745189.662149
2026-08-04T14:30:00.000Z,119.62,119.83,119.33,119.54,603488.6199320001
2026-08-04T14:45:00.000Z,119.52,119.574,119.31,119.42,620664.1187539999
2026-08-04T15:00:00.000Z,119.428,120.07,119.33,120,610195.215136
2026-08-04T15:15:00.000Z,119.99,120.49,119.88,120.44,489820.48412100004
2026-08-04T15:30:00.000Z,120.43,120.66,120.36,120.5546,456278.11282999994
2026-08-04T15:45:00.000Z,120.57,120.81,120.48,120.58,422413.17093900003
2026-08-04T16:00:00.000Z,120.59,120.69,120.33,120.41,348961.80713500007
2026-08-04T16:15:00.000Z,120.415,120.87,120.38,120.79,312233.411277
2026-08-04T16:30:00.000Z,120.7808,120.875,120.72,120.8,343999.6701359999
2026-08-04T16:45:00.000Z,120.81,120.8371,120.63,120.73,329133.3095740001
2026-08-04T17:00:00.000Z,120.73,120.94,120.71,120.86,372446.2937869999
2026-08-04T17:15:00.000Z,120.8575,120.97,120.67,120.78,381882.64061199996
2026-08-04T17:30:00.000Z,120.78,121.03,120.735,120.9,422647.127862
2026-08-04T17:45:00.000Z,120.9,121,120.71,120.745,322088.08327899995
2026-08-04T18:00:00.000Z,120.75,121.11,120.65,120.975,438392.192819
2026-08-04T18:15:00.000Z,120.97,121.2,120.91,121.16,445689.996175
2026-08-04T18:30:00.000Z,121.19,121.33,120.93,121.02,301178.908395
2026-08-04T18:45:00.000Z,121.025,121.12,120.86,120.93,245634.147711
2026-08-04T19:00:00.000Z,120.93,121.39,120.93,121.165,412613.29770900006
2026-08-04T19:15:00.000Z,121.165,121.22,121.05,121.14,490289.3228300001
2026-08-04T19:30:00.000Z,121.145,121.48,121.02,121.43,648163.0977029998
2026-08-04T19:45:00.000Z,121.42,121.9,121.37,121.73,2250336.610121
2026-08-05T13:30:00.000Z,124,124.21,121.535,122.27,1168252.6347619998
2026-08-05T13:45:00.000Z,122.25,122.56,122.13,122.435,504852.6059540001
2026-08-05T14:00:00.000Z,122.38,122.44,121.66,121.87,504660.397876
2026-08-05T14:15:00.000Z,121.89,121.96,121.56,121.655,475293.359944
2026-08-05T14:30:00.000Z,121.61,121.79,121.33,121.575,489714.491435
2026-08-05T14:45:00.000Z,121.56,121.83,121.395,121.62,402654.317592
2026-08-05T15:00:00.000Z,121.63,121.92,121.36,121.8,501051.266134
2026-08-05T15:15:00.000Z,121.79,121.89,121.15,121.17,696211.9269280001
2026-08-05T15:30:00.000Z,121.155,121.48,121.06,121.4,707964.785119
2026-08-05T15:45:00.000Z,121.4,121.71,121.325,121.54,512793.56666300003
2026-08-05T16:00:00.000Z,121.57,122.12,121.56,121.855,353771.666205
2026-08-05T16:15:00.000Z,121.87,122.4779,121.81,122.4779,307070.95129
2026-08-05T16:30:00.000Z,122.465,122.74,122.3,122.57,258950.937455
2026-08-05T16:45:00.000Z,122.59,122.82,122.55,122.69,189725.107601
2026-08-05T17:00:00.000Z,122.67,122.68,122.37,122.425,268641.59022599994
2026-08-05T17:15:00.000Z,122.43,122.81,122.4,122.71,199161.32277799997
2026-08-05T17:30:00.000Z,122.7,122.91,122.64,122.71,290528.31404699996
2026-08-05T17:45:00.000Z,122.71,122.76,122.56,122.625,205138.30550000002
2026-08-05T18:00:00.000Z,122.61,122.925,122.6028,122.82,241555.69038000001
2026-08-05T18:15:00.000Z,122.81,123.21,122.77,123.17,231901.332672
2026-08-05T18:30:00.000Z,123.16,123.1628,122.82,122.98,322174.976821
2026-08-05T18:45:00.000Z,122.98,123.24,122.97,123.175,231181.40508300005
2026-08-05T19:00:00.000Z,123.16,123.37,123.03,123.04,367476.12827600003
2026-08-05T19:15:00.000Z,123.02,123.18,122.89,122.98,395692.871327
2026-08-05T19:30:00.000Z,122.98,123.09,122.55,122.63,601592.0092800001
2026-08-05T19:45:00.000Z,122.63,122.73,121.41,121.5,2314553.969768
2026-08-06T13:30:00.000Z,121.475,121.77,119.9,121.75,939216.8079270002
2026-08-06T13:45:00.000Z,121.715,121.87,121.27,121.48,475691.80917400005
2026-08-06T14:00:00.000Z,121.48,121.96,121.24,121.83,607649.167753
2026-08-06T14:15:00.000Z,121.83,122.11,121.6,122.035,504230.602484
2026-08-06T14:30:00.000Z,122.03,122.19,121.68,121.725,384266.137873
2026-08-06T14:45:00.000Z,121.7,121.75,121.36,121.49,235881.178219
2026-08-06T15:00:00.000Z,121.5,121.625,121.225,121.425,256621.64487800002
2026-08-06T15:15:00.000Z,121.41,121.44,121.05,121.2,262265.49819199997
2026-08-06T15:30:00.000Z,121.25,121.257,120.84,120.96,191099.31626999995
2026-08-06T15:45:00.000Z,120.98,121.44,120.97,121.235,194295.751009
2026-08-06T16:00:00.000Z,121.24,121.38,120.91,120.93,231370.09204800002
2026-08-06T16:15:00.000Z,120.925,120.96,120.46,120.7,228321.55041199998
2026-08-06T16:30:00.000Z,120.73,121.01,120.705,120.82,141934.806437
2026-08-06T16:45:00.000Z,120.84,121.09,120.685,121.06,149866.56120799997
2026-08-06T17:00:00.000Z,121.07,121.12,120.76,120.77,163069.290826
2026-08-06T17:15:00.000Z,120.7779,121.16,120.71,121.11,129074.32596200002
2026-08-06T17:30:00.000Z,121.1,121.145,120.805,120.9174,279123.315192
2026-08-06T17:45:00.000Z,120.9,121.06,120.82,121.045,144733.61513
2026-08-06T18:00:00.000Z,121.05,121.0875,120.9,121.0875,152839.198041
2026-08-06T18:15:00.000Z,121.1,122.12,119.99,120.97,658017.804572
2026-08-06T18:30:00.000Z,120.975,120.975,120.72,120.93,267191.762792
2026-08-06T18:45:00.000Z,120.96,121.06,120.64,120.645,256203.20943500003
2026-08-06T19:00:00.000Z,120.67,121.11,120.65,120.905,672037.373849
2026-08-06T19:15:00.000Z,120.905,120.97,120.72,120.87,326130.6894159999
2026-08-06T19:30:00.000Z,120.88,121.01,120.66,120.72,327554.420978
2026-08-06T19:45:00.000Z,120.71,120.94,120.07,120.915,1144907.9064409998
2026-08-07T13:30:00.000Z,121.88,122.585,121.23,122.32,730713.3248359999
2026-08-07T13:45:00.000Z,122.3,122.44,120.9,121.35,402513.698391
2026-08-07T14:00:00.000Z,121.325,121.6,120.52,120.85,543112.2463069999
2026-08-07T14:15:00.000Z,120.83,121.265,120.6,120.71,485107.718223
2026-08-07T14:30:00.000Z,120.73,120.775,119.47,119.6,443083.696153
2026-08-07T14:45:00.000Z,119.61,119.95,119.45,119.83,279340.39511199994
2026-08-07T15:00:00.000Z,119.845,120.5187,119.81,120.51,403513.10001099994
2026-08-07T15:15:00.000Z,120.49,121.19,120.4,121.19,398558.952798
2026-08-07T15:30:00.000Z,121.19,121.29,120.71,120.935,313321.912144
2026-08-07T15:45:00.000Z,120.96,121.515,120.89,121.44,253267.139743
2026-08-07T16:00:00.000Z,121.45,121.51,121.15,121.22,216171.668126
2026-08-07T16:15:00.000Z,121.22,121.33,120.96,121.03,273558.77394600003
2026-08-07T16:30:00.000Z,121.035,121.555,120.8553,121.54,295142.87270199996
2026-08-07T16:45:00.000Z,121.56,121.68,121.44,121.4857,244525.38112600002
2026-08-07T17:00:00.000Z,121.49,121.555,121.34,121.47,236367.603305
2026-08-07T17:15:00.000Z,121.46,121.58,121.25,121.345,253234.24057700002
2026-08-07T17:30:00.000Z,121.34,121.39,121.16,121.2101,170458.051749
2026-08-07T17:45:00.000Z,121.23,121.24,120.66,120.77,338013.461645
2026-08-07T18:00:00.000Z,120.76,120.825,120.51,120.6,312703.566576
2026-08-07T18:15:00.000Z,120.6,120.79,120.47,120.735,348936.465055
2026-08-07T18:30:00.000Z,120.745,121.2,120.7,120.97,419301.99407200003
2026-08-07T18:45:00.000Z,120.97,121.14,120.852,121.04,613420.4167909999
2026-08-07T19:00:00.000Z,121.06,121.43,121.02,121.35,425615.73322000005
2026-08-07T19:15:00.000Z,121.34,121.4,121.07,121.255,358550.51583700004
2026-08-07T19:30:00.000Z,121.25,121.265,120.93,120.93,441540.09726500005
2026-08-07T19:45:00.000Z,120.92,121.58,120.91,121.42,1887600.58169
2026-08-10T13:30:00.000Z,123.05,124.21,122.5194,123.36,958248.8639750001
2026-08-10T13:45:00.000Z,123.34,124.33,123.17,124.04,788000.576712
2026-08-10T14:00:00.000Z,124.05,124.7103,123.975,124.08,962427.72528
2026-08-10T14:15:00.000Z,124.095,124.4685,123.955,123.96,341985.92342000006
2026-08-10T14:30:00.000Z,123.94,124.03,123.61,123.75,366946.8605019999
2026-08-10T14:45:00.000Z,123.7351,123.8276,123.14,123.2,362060.034693
2026-08-10T15:00:00.000Z,123.2,123.4862,123.1,123.375,354003.965586
2026-08-10T15:15:00.000Z,123.38,123.73,123.21,123.22,377940.70654700004
2026-08-10T15:30:00.000Z,123.215,123.27,123.05,123.165,260296.11274999997
2026-08-10T15:45:00.000Z,123.18,123.71,123.1505,123.68,270948.034812
2026-08-10T16:00:00.000Z,123.7,123.78,123.355,123.52,482274.55022000003
2026-08-10T16:15:00.000Z,123.53,123.75,123.44,123.65,271710.33807500004
2026-08-10T16:30:00.000Z,123.635,123.94,123.4,123.845,450982.3402120001
2026-08-10T16:45:00.000Z,123.85,124.11,123.8,124.05,556019.005915
2026-08-10T17:00:00.000Z,124.055,124.19,123.92,124.1,332854.046776
2026-08-10T17:15:00.000Z,124.11,124.34,124.11,124.2193,338325.999979
2026-08-10T17:30:00.000Z,124.21,124.31,124.125,124.18,407509.069996
2026-08-10T17:45:00.000Z,124.175,124.41,124.15,124.23,340623.14459499996
2026-08-10T18:00:00.000Z,124.245,124.34,124.175,124.175,308779.828157
2026-08-10T18:15:00.000Z,124.175,124.32,124.15,124.22,247305.74756499994
2026-08-10T18:30:00.000Z,124.22,124.25,123.8,123.82,423769.429304
2026-08-10T18:45:00.000Z,123.81,123.925,123.66,123.71,266736.981365
2026-08-10T19:00:00.000Z,123.72,123.9999,123.635,123.945,444008.162068
2026-08-10T19:15:00.000Z,123.93,124.22,123.89,123.905,299998.79073600005
2026-08-10T19:30:00.000Z,123.91,123.93,123.38,123.4,457189.159826
2026-08-10T19:45:00.000Z,123.39,123.4399,122.27,122.61,2271169.054606
2026-08-11T13:30:00.000Z,123,123.16,120.58,121.19,1337767.9729359997
2026-08-11T13:45:00.000Z,121.17,121.55,120.67,121.475,727623.85342
2026-08-11T14:00:00.000Z,121.485,122.14,121.175,121.83,505387.682042
2026-08-11T14:15:00.000Z,121.86,122.585,121.78,122.44,518668.293321
2026-08-11T14:30:00.000Z,122.45,122.47,121.62,121.74,426530.69646700006
2026-08-11T14:45:00.000Z,121.74,122.0001,121.73,121.835,420731.135388
2026-08-11T15:00:00.000Z,121.86,122.08,121.5701,121.7,315467.04815600003
2026-08-11T15:15:00.000Z,121.705,121.72,120.82,120.9,335333.990689
2026-08-11T15:30:00.000Z,120.905,121.16,120.72,121.15,286220.210909
2026-08-11T15:45:00.000Z,121.14,121.14,120.91,120.95,254847.49591500004
2026-08-11T16:00:00.000Z,120.95,121,120.18,120.18,302629.96817500005
2026-08-11T16:15:00.000Z,120.185,120.59,120.16,120.425,402812.760071
2026-08-11T16:30:00.000Z,120.42,120.5,120.18,120.49,258823.915767
2026-08-11T16:45:00.000Z,120.49,120.89,120.49,120.675,315818.295613
2026-08-11T17:00:00.000Z,120.68,120.855,120.53,120.64,230854.94635800002
2026-08-11T17:15:00.000Z,120.64,121,120.585,120.84,233896.10817599998
2026-08-11T17:30:00.000Z,120.83,121.09,120.705,120.89,311442.950773
2026-08-11T17:45:00.000Z,120.885,120.92,120.78,120.84,141783.809586
2026-08-11T18:00:00.000Z,120.86,120.89,120.36,120.465,291948.603716
2026-08-11T18:15:00.000Z,120.465,120.55,120.2,120.29,205695.47809100003
2026-08-11T18:30:00.000Z,120.3,120.5,120.12,120.14,275678.74638100003
2026-08-11T18:45:00.000Z,120.14,120.43,120.14,120.345,191537.69781699998
2026-08-11T19:00:00.000Z,120.345,120.59,120.31,120.5289,292769.356086
2026-08-11T19:15:00.000Z,120.52,120.69,120.44,120.66,344956.132882
2026-08-11T19:30:00.000Z,120.69,121.0095,120.62,120.9695,530459.614575
2026-08-11T19:45:00.000Z,120.96,121.3,120.37,120.46,1725158.73964
2026-08-12T13:30:00.000Z,122.745,123.7,122.26,123.115,1264806.6082900001
2026-08-12T13:45:00.000Z,123.15,123.7,122.91,123.6,665210.2751060001
2026-08-12T14:00:00.000Z,123.64,123.85,123.325,123.37,594419.641362
2026-08-12T14:15:00.000Z,123.36,123.6,123.0861,123.6,484424.94515800005
2026-08-12T14:30:00.000Z,123.57,123.97,123.0704,123.97,602024.1069479999
2026-08-12T14:45:00.000Z,123.96,124.205,123.5205,123.65,675968.828646
2026-08-12T15:00:00.000Z,123.635,123.635,123.07,123.2946,328156.592278
2026-08-12T15:15:00.000Z,123.29,123.34,122.89,123.17,693971.8724400001
2026-08-12T15:30:00.000Z,123.175,123.3,122.85,122.955,547688.726306
2026-08-12T15:45:00.000Z,122.95,123.09,122.845,122.96,408026.07246200007
2026-08-12T16:00:00.000Z,122.96,123.12,122.645,122.72,547339.1045210001
2026-08-12T16:15:00.000Z,122.72,122.94,122.64,122.86,641658.056152
2026-08-12T16:30:00.000Z,122.86,122.95,122.55,122.565,409214.79255600006
2026-08-12T16:45:00.000Z,122.5758,122.78,122.48,122.64,276615.560546
2026-08-12T17:00:00.000Z,122.65,122.75,122.4,122.45,1543975.5691200003
2026-08-12T17:15:00.000Z,122.45,122.86,122.26,122.825,523236.146738
2026-08-12T17:30:00.000Z,122.82,123.165,122.73,123.0271,836809.048144
2026-08-12T17:45:00.000Z,123.03,123.78,122.99,123.65,751028.674822
2026-08-12T18:00:00.000Z,123.66,123.72,123.34,123.34,529864.2291320001
2026-08-12T18:15:00.000Z,123.35,123.62,123.34,123.515,530035.130346
2026-08-12T18:30:00.000Z,123.5,124.095,123.5,124.05,741149.6298499999
2026-08-12T18:45:00.000Z,124.04,124.45,124.01,124.085,1053045.477665
2026-08-12T19:00:00.000Z,124.085,124.2684,123.68,123.92,906892.2436259999
2026-08-12T19:15:00.000Z,123.93,124.0799,123.7,123.93,1005949.6428879999
2026-08-12T19:30:00.000Z,123.94,124.06,123.17,123.28,1675459.985057
2026-08-12T19:45:00.000Z,123.28,124.045,123.27,123.91,4717761.408356
2026-08-13T13:30:00.000Z,113.925,114.89,111.48,114.365,10354635.103566002
2026-08-13T13:45:00.000Z,114.365,115.47,113.93,114.22,4500515.628043
2026-08-13T14:00:00.000Z,114.22,115.29,113.91,115.1275,2633267.4678990003
2026-08-13T14:15:00.000Z,115.1126,115.949,114.82,115.35,2890876.916203
2026-08-13T14:30:00.000Z,115.34,115.76,114.505,114.65,2207351.124802
2026-08-13T14:45:00.000Z,114.6695,115.09,114.29,114.6,1264892.689594
2026-08-13T15:00:00.000Z,114.6162,114.92,113.75,113.78,1676778.844814
2026-08-13T15:15:00.000Z,113.785,113.785,113.07,113.14,1540440.394597
2026-08-13T15:30:00.000Z,113.13,113.41,113.0201,113.05,1035794.3207799998
2026-08-13T15:45:00.000Z,113.045,113.16,112.24,112.28,1266882.8671729998
2026-08-13T16:00:00.000Z,112.27,112.96,112.27,112.55,1182716.1421999997
2026-08-13T16:15:00.000Z,112.555,112.615,112.095,112.22,1236715.2699629997
2026-08-13T16:30:00.000Z,112.2201,112.73,112.1601,112.65,1105442.726881
2026-08-13T16:45:00.000Z,112.64,112.965,112.32,112.59,1224737.632992
2026-08-13T17:00:00.000Z,112.59,113.15,112.59,113.13,1193252.285083
2026-08-13T17:15:00.000Z,113.13,113.34,112.75,113.04,978939.628478
2026-08-13T17:30:00.000Z,113.035,113.19,112.765,112.94,1048706.8728770001
2026-08-13T17:45:00.000Z,112.93,113.02,112.3205,112.52,1169756.3541589999
2026-08-13T18:00:00.000Z,112.52,112.9461,112.45,112.8399,1034818.44616
2026-08-13T18:15:00.000Z,112.83,112.84,112.045,112.0589,1202632.5190289998
2026-08-13T18:30:00.000Z,112.05,112.21,111.95,112.1,1345488.9305079998
2026-08-13T18:45:00.000Z,112.105,112.175,111.74,111.945,1022636.6294630001
2026-08-13T19:00:00.000Z,111.945,112.74,111.925,112.705,1306403.6432579998
2026-08-13T19:15:00.000Z,112.705,112.749,112.22,112.61,1683067.4211090002
2026-08-13T19:30:00.000Z,112.62,113.11,112.505,112.59,1968673.413675
2026-08-13T19:45:00.000Z,112.59,113.72,112.25,113.5288,5924618.8058670005
2026-08-14T13:30:00.000Z,112.8,113.68,112.01,112.545,2951894.8869720004
2026-08-14T13:45:00.000Z,112.5001,112.9606,111.24,111.49,2177067.12226
2026-08-14T14:00:00.000Z,111.5,111.7494,111.15,111.66,1725526.7891250001
2026-08-14T14:15:00.000Z,111.665,111.8799,111.25,111.64,903055.654352
2026-08-14T14:30:00.000Z,111.66,111.865,111.24,111.285,1036079.3745150001
2026-08-14T14:45:00.000Z,111.305,111.55,110.955,111.19,924228.248358
2026-08-14T15:00:00.000Z,111.19,111.22,110.655,110.865,923519.0833570001
2026-08-14T15:15:00.000Z,110.8601,110.94,110.35,110.4699,994694.2272679999
2026-08-14T15:30:00.000Z,110.46,110.53,110.13,110.33,708847.063183
2026-08-14T15:45:00.000Z,110.3201,110.5,110.055,110.47,610582.599975
2026-08-14T16:00:00.000Z,110.48,111.04,110.435,110.82,787472.4907970001
2026-08-14T16:15:00.000Z,110.815,111.28,110.815,111.165,680905.7666089999
2026-08-14T16:30:00.000Z,111.165,111.25,111.1101,111.15,467334.86564800004
2026-08-14T16:45:00.000Z,111.155,111.25,111.135,111.1923,348407.941225
2026-08-14T17:00:00.000Z,111.2,111.24,111.135,111.23,294935.80172
2026-08-14T17:15:00.000Z,111.24,111.66,111.165,111.6501,453683.4304930001
2026-08-14T17:30:00.000Z,111.6505,111.82,111.47,111.72,770918.53355
2026-08-14T17:45:00.000Z,111.72,112.23,111.71,112.2,678934.7211059999
2026-08-14T18:00:00.000Z,112.2,112.25,111.59,111.7399,625738.7206819999
2026-08-14T18:15:00.000Z,111.745,111.8,111.595,111.655,340351.06981200003
2026-08-14T18:30:00.000Z,111.66,111.68,111.41,111.55,492679.677066
2026-08-14T18:45:00.000Z,111.55,111.94,111.495,111.865,475682.20705400006
2026-08-14T19:00:00.000Z,111.88,111.92,111.58,111.635,619077.691673
2026-08-14T19:15:00.000Z,111.635,111.89,111.48,111.68,768192.8588720001
2026-08-14T19:30:00.000Z,111.68,111.88,111.48,111.71,710446.3126930001
2026-08-14T19:45:00.000Z,111.7,112.06,111.46,111.68,2374110.022616
2026-08-17T13:30:00.000Z,110.96,113.625,110.8101,112.865,1963076.080733
2026-08-17T13:45:00.000Z,112.86,113.61,112.62,113.44,1090011.325765
2026-08-17T14:00:00.000Z,113.44,113.605,112.93,113.045,931660.975705
2026-08-17T14:15:00.000Z,113.065,113.15,112.8,112.875,525254.0582949999
2026-08-17T14:30:00.000Z,112.88,113.73,112.78,113.68,748349.775587
2026-08-17T14:45:00.000Z,113.67,113.85,113.37,113.46,699776.487693
2026-08-17T15:00:00.000Z,113.455,113.455,112.52,112.53,546298.606528
2026-08-17T15:15:00.000Z,112.52,112.6,112.32,112.5,444659.085872
2026-08-17T15:30:00.000Z,112.52,112.61,112.13,112.1703,487869.486755
2026-08-17T15:45:00.000Z,112.17,112.27,111.9,112.16,391753.047269
2026-08-17T16:00:00.000Z,112.16,112.655,112.1,112.51,461846.613118
2026-08-17T16:15:00.000Z,112.5,112.55,112.31,112.34,370490.04808399995
2026-08-17T16:30:00.000Z,112.345,112.5,112.28,112.425,327335.61924599996
2026-08-17T16:45:00.000Z,112.43,112.72,112.3705,112.7,349114.513071
2026-08-17T17:00:00.000Z,112.69,112.89,112.6295,112.83,500512.324617
2026-08-17T17:15:00.000Z,112.82,112.92,112.725,112.88,318119.38717400003
2026-08-17T17:30:00.000Z,112.88,112.95,112.64,112.765,290072.278746
2026-08-17T17:45:00.000Z,112.77,112.92,112.75,112.755,320833.4074009999
2026-08-17T18:00:00.000Z,112.75,112.82,112.58,112.64,410172.500766
2026-08-17T18:15:00.000Z,112.64,112.74,112.445,112.47,280312.207959
2026-08-17T18:30:00.000Z,112.47,112.67,112.35,112.6577,315180.931766
2026-08-17T18:45:00.000Z,112.655,112.71,112.595,112.665,291122.884
2026-08-17T19:00:00.000Z,112.665,112.695,112.57,112.6311,290221.030487
2026-08-17T19:15:00.000Z,112.645,112.97,112.625,112.96,526378.987634
2026-08-17T19:30:00.000Z,112.96,113.08,112.87,112.96,588997.936216
2026-08-17T19:45:00.000Z,112.97,112.985,112.69,112.91,1859889.769913
2026-08-18T13:30:00.000Z,111.75,112.75,111.21,111.67,965555.5206399999
2026-08-18T13:45:00.000Z,111.7,111.9,111.4,111.65,665493.349383
2026-08-18T14:00:00.000Z,111.66,111.8262,111.25,111.27,608840.23551
2026-08-18T14:15:00.000Z,111.265,111.325,111.045,111.19,565851.9967179999
2026-08-18T14:30:00.000Z,111.18,111.28,110.94,111.07,535531.211603
2026-08-18T14:45:00.000Z,111.065,111.1498,110.63,110.6699,569880.314232
2026-08-18T15:00:00.000Z,110.66,110.77,110.36,110.465,667860.231489
2026-08-18T15:15:00.000Z,110.465,110.84,110.4101,110.825,502252.304995
2026-08-18T15:30:00.000Z,110.83,111.06,110.83,111.01,343752.70201899996
2026-08-18T15:45:00.000Z,111.03,111.37,111,111.2399,371330.49457700003
2026-08-18T16:00:00.000Z,111.23,111.38,111.165,111.3075,293047.205942
2026-08-18T16:15:00.000Z,111.3,111.44,111.24,111.435,264787.326323
2026-08-18T16:30:00.000Z,111.43,111.53,111.36,111.48,265125.864598
2026-08-18T16:45:00.000Z,111.485,111.7,111.46,111.675,276555.123688
2026-08-18T17:00:00.000Z,111.67,111.705,111.585,111.65,232368.816963
2026-08-18T17:15:00.000Z,111.65,111.65,111.4,111.53,285694.30738699995
2026-08-18T17:30:00.000Z,111.53,111.53,111.24,111.35,314830.80896
2026-08-18T17:45:00.000Z,111.36,111.45,111.315,111.3301,255755.34371699998
2026-08-18T18:00:00.000Z,111.33,111.79,111.3242,111.72,483994.5121259999
2026-08-18T18:15:00.000Z,111.705,111.97,111.69,111.96,286196.852936
2026-08-18T18:30:00.000Z,111.955,112,111.85,111.97,334901.671641
2026-08-18T18:45:00.000Z,111.97,112.12,111.89,111.89,357161.09381700004
2026-08-18T19:00:00.000Z,111.9,111.9199,111.68,111.765,392144.03756100003
2026-08-18T19:15:00.000Z,111.7695,111.825,111.63,111.655,469335.61283800006
2026-08-18T19:30:00.000Z,111.655,111.74,111.54,111.605,636625.4106700001
2026-08-18T19:45:00.000Z,111.61,111.72,111.39,111.62,1871540.715293
2026-08-19T13:30:00.000Z,112.3,112.3,111.385,111.63,774997.1830000001
2026-08-19T13:45:00.000Z,111.62,111.809,110.83,111.13,737676.2601589998
2026-08-19T14:00:00.000Z,111.16,111.25,110.54,110.64,530392.248704
2026-08-19T14:15:00.000Z,110.63,111.42,110.63,111.42,549908.5860139999
2026-08-19T14:30:00.000Z,111.4,111.78,111.315,111.57,519375.64858499996
2026-08-19T14:45:00.000Z,111.57,111.91,111.44,111.82,359093.42401400005
2026-08-19T15:00:00.000Z,111.83,112.375,111.7907,112.24,441473.70038299996
2026-08-19T15:15:00.000Z,112.24,112.32,111.77,111.91,445105.67815099994
2026-08-19T15:30:00.000Z,111.92,111.95,111.19,111.27,354951.190721
2026-08-19T15:45:00.000Z,111.275,111.38,111.165,111.24,329806.347069
2026-08-19T16:00:00.000Z,111.24,111.865,111.175,111.79,297554.259612
2026-08-19T16:15:00.000Z,111.8,112,111.78,111.8,302809.589784
2026-08-19T16:30:00.000Z,111.775,111.86,111.67,111.77,254578.70959800002
2026-08-19T16:45:00.000Z,111.78,111.86,111.55,111.55,252867.583116
2026-08-19T17:00:00.000Z,111.545,111.8334,111.46,111.83,293126.2462050001
2026-08-19T17:15:00.000Z,111.83,112.04,111.82,111.965,286779.482811
2026-08-19T17:30:00.000Z,111.965,112.06,111.83,111.85,254456.792661
2026-08-19T17:45:00.000Z,111.845,111.895,111.62,111.66,260134.05630399997
2026-08-19T18:00:00.000Z,111.65,111.81,111.48,111.54,316204.568005
2026-08-19T18:15:00.000Z,111.545,111.75,111.535,111.69,220347.99097500002
2026-08-19T18:30:00.000Z,111.7,112,111.7,111.935,348137.08261700004
2026-08-19T18:45:00.000Z,111.92,111.92,111.585,111.665,356843.07521
2026-08-19T19:00:00.000Z,111.66,111.755,111.625,111.6901,255579.647734
2026-08-19T19:15:00.000Z,111.7,111.85,111.5931,111.64,309084.774767
2026-08-19T19:30:00.000Z,111.65,111.71,111.19,111.2,521829.18161300005
2026-08-19T19:45:00.000Z,111.2,111.31,110.51,110.57,2572585.339704
2026-08-20T13:30:00.000Z,110.125,110.62,109.78,110.36,511046.14028
2026-08-20T13:45:00.000Z,110.33,110.49,110.04,110.2051,433354.15716899995
2026-08-20T14:00:00.000Z,110.22,110.91,110.14,110.74,368055.80514799996
2026-08-20T14:15:00.000Z,110.72,111.04,110.64,110.6467,367386.0414469999
2026-08-20T14:30:00.000Z,110.64,111.12,110.55,111.06,311314.29480399995
2026-08-20T14:45:00.000Z,111.08,111.44,111.01,111.43,448766.162906
2026-08-20T15:00:00.000Z,111.44,111.58,110.9829,111.11,476589.99579500005
2026-08-20T15:15:00.000Z,111.12,111.26,110.61,110.675,283810.03412200004
2026-08-20T15:30:00.000Z,110.68,110.8,110.54,110.67,259315.876093
2026-08-20T15:45:00.000Z,110.68,110.73,110.51,110.6,238892.97140999997
2026-08-20T16:00:00.000Z,110.61,110.615,110.27,110.31,230456.70635599998
2026-08-20T16:15:00.000Z,110.315,110.39,110.18,110.21,311139.97415399994
2026-08-20T16:30:00.000Z,110.21,110.53,110.1,110.5,243787.51425499996
2026-08-20T16:45:00.000Z,110.5,110.68,110.43,110.5,283686.97569500003
2026-08-20T17:00:00.000Z,110.5,110.5,110.27,110.31,210804.951732
2026-08-20T17:15:00.000Z,110.3151,110.35,110.115,110.1277,247702.30752300005
2026-08-20T17:30:00.000Z,110.12,110.16,109.82,109.93,332798.87584999995
2026-08-20T17:45:00.000Z,109.92,109.96,109.78,109.78,217542.918072
2026-08-20T18:00:00.000Z,109.77,109.77,109.42,109.45,345879.25489900005
2026-08-20T18:15:00.000Z,109.445,109.46,109.23,109.405,383457.87921200006
2026-08-20T18:30:00.000Z,109.405,109.54,109.35,109.51,303017.183539
2026-08-20T18:45:00.000Z,109.5,109.53,109.39,109.4088,316217.24311499996
2026-08-20T19:00:00.000Z,109.4,109.66,109.38,109.599,321680.460438
2026-08-20T19:15:00.000Z,109.6,109.75,109.455,109.565,429401.99672
2026-08-20T19:30:00.000Z,109.56,109.85,109.52,109.775,494510.7832780001
2026-08-20T19:45:00.000Z,109.775,109.88,109.5,109.58,1359227.8391709998
2026-08-21T13:30:00.000Z,110.85,111.1895,110.54,110.73,2217303.8678489993
2026-08-21T13:45:00.000Z,110.73,112,110.72,111.63,631234.14192
2026-08-21T14:00:00.000Z,111.615,111.88,111.09,111.135,469693.51994900004
2026-08-21T14:15:00.000Z,111.11,111.28,110.61,110.88,443368.039583
2026-08-21T14:30:00.000Z,110.88,111.095,110.7,110.895,730943.154825
2026-08-21T14:45:00.000Z,110.89,111.09,110.45,110.755,744295.2489789999
2026-08-21T15:00:00.000Z,110.77,111.37,110.57,111.36,294135.21256200003
2026-08-21T15:15:00.000Z,111.37,111.56,111.31,111.5,348368.6399499999
2026-08-21T15:30:00.000Z,111.51,112.03,111.51,111.83,377534.347226
2026-08-21T15:45:00.000Z,111.84,111.97,111.73,111.97,261003.23868900002
2026-08-21T16:00:00.000Z,111.955,112.04,111.86,111.92,241292.88958099997
2026-08-21T16:15:00.000Z,111.9,112.19,111.87,111.96,297295.307461
2026-08-21T16:30:00.000Z,111.96,111.97,111.76,111.855,408100.151575
2026-08-21T16:45:00.000Z,111.855,111.915,111.45,111.54,610282.962374
2026-08-21T17:00:00.000Z,111.57,111.71,111.54,111.64,180804.91723799997
2026-08-21T17:15:00.000Z,111.635,111.75,111.555,111.71,226594.874145
2026-08-21T17:30:00.000Z,111.69,111.77,111.585,111.61,226854.347412
2026-08-21T17:45:00.000Z,111.615,111.65,111.4,111.4102,204343.804147
2026-08-21T18:00:00.000Z,111.41,111.6599,111.39,111.625,338541.561816
2026-08-21T18:15:00.000Z,111.635,111.805,111.625,111.66,320470.23026700004
2026-08-21T18:30:00.000Z,111.66,111.68,111.45,111.535,217695.97227600001
2026-08-21T18:45:00.000Z,111.535,111.62,111.495,111.5841,204805.797631
2026-08-21T19:00:00.000Z,111.58,111.63,111.535,111.57,197298.731809
2026-08-21T19:15:00.000Z,111.565,111.665,111.15,111.25,547994.466395
2026-08-21T19:30:00.000Z,111.26,111.58,111.215,111.56,372133.199594
2026-08-21T19:45:00.000Z,111.55,111.65,110.87,111.04,2239418.221008
2026-08-24T13:30:00.000Z,109.97,110.98,109.645,109.655,809376.26514
2026-08-24T13:45:00.000Z,109.655,110.15,109.3,109.75,441470.204543
2026-08-24T14:00:00.000Z,109.765,109.82,109.4,109.635,340835.86796299997
2026-08-24T14:15:00.000Z,109.65,110.06,109.605,110.02,329732.860176
2026-08-24T14:30:00.000Z,110.015,110.6,110,110.19,312334.182618
2026-08-24T14:45:00.000Z,110.2087,110.675,110.2087,110.535,248857.596671
2026-08-24T15:00:00.000Z,110.53,110.55,110.19,110.33,323395.19700399996
2026-08-24T15:15:00.000Z,110.31,110.59,110.17,110.545,263266.229955
2026-08-24T15:30:00.000Z,110.54,111.16,110.47,111.03,381790.78316
2026-08-24T15:45:00.000Z,111.025,111.22,110.72,111.01,253514.25099100004
2026-08-24T16:00:00.000Z,110.9901,111.045,110.59,110.825,188414.41313300002
2026-08-24T16:15:00.000Z,110.82,110.86,110.67,110.68,185140.50449100006
2026-08-24T16:30:00.000Z,110.69,110.85,110.62,110.83,189431.86772100002
2026-08-24T16:45:00.000Z,110.83,110.99,110.8,110.855,233335.819778
2026-08-24T17:00:00.000Z,110.85,111.05,110.77,111.04,241791.620695
2026-08-24T17:15:00.000Z,111.045,111.0599,110.74,110.74,225759.724298
2026-08-24T17:30:00.000Z,110.745,110.84,110.6503,110.722,194868.563236
2026-08-24T17:45:00.000Z,110.7003,110.78,110.67,110.7,197921.991527
2026-08-24T18:00:00.000Z,110.705,111.03,110.705,111.025,217243.79127899997
2026-08-24T18:15:00.000Z,111.03,111.2,111.01,111.13,172371.38687999998
2026-08-24T18:30:00.000Z,111.13,111.21,110.81,110.815,250741.19599899993
2026-08-24T18:45:00.000Z,110.82,110.82,110.645,110.69,168674.738051
2026-08-24T19:00:00.000Z,110.68,110.695,110.565,110.6,190322.28103100002
2026-08-24T19:15:00.000Z,110.6069,110.625,110.24,110.24,286114.631477
2026-08-24T19:30:00.000Z,110.24,110.36,110.2,110.32,332611.79524500004
2026-08-24T19:45:00.000Z,110.32,110.59,110.19,110.25,1354762.646127
2026-08-25T13:30:00.000Z,112.23,112.44,111.79,112.35,708165.6560310001
2026-08-25T13:45:00.000Z,112.34,112.4995,111.45,111.61,549998.246162
2026-08-25T14:00:00.000Z,111.58,111.88,111.23,111.37,490189.655736
2026-08-25T14:15:00.000Z,111.34,111.49,110.8601,110.915,333342.4803270001
2026-08-25T14:30:00.000Z,110.9,111.285,110.73,111.12,356339.05337400007
2026-08-25T14:45:00.000Z,111.12,111.12,110.79,110.95,274678.59222600004
2026-08-25T15:00:00.000Z,110.96,111.07,110.82,111.01,210955.21018800003
2026-08-25T15:15:00.000Z,111.015,111.06,110.82,110.97,298794.414343
2026-08-25T15:30:00.000Z,110.97,111.19,110.95,111.185,339627.62315400003
2026-08-25T15:45:00.000Z,111.18,111.34,111.0746,111.315,216794.46718900002
2026-08-25T16:00:00.000Z,111.33,111.52,111.18,111.2,221168.92890600002
2026-08-25T16:15:00.000Z,111.2,111.23,111.05,111.21,219517.06010999996
2026-08-25T16:30:00.000Z,111.195,111.195,111,111.015,114629.60356200003
2026-08-25T16:45:00.000Z,111.02,111.25,110.94,111.165,248980.54999899998
2026-08-25T17:00:00.000Z,111.1581,111.19,110.96,111.1,162734.990998
2026-08-25T17:15:00.000Z,111.105,111.115,110.9,110.92,129199.79053500001
2026-08-25T17:30:00.000Z,110.93,110.94,110.72,110.72,193747.44056100002
2026-08-25T17:45:00.000Z,110.71,110.795,110.605,110.75,178665.765473
2026-08-25T18:00:00.000Z,110.75,110.87,110.7,110.85,157046.65473500002
2026-08-25T18:15:00.000Z,110.845,110.98,110.84,110.925,193835.969987
2026-08-25T18:30:00.000Z,110.925,111.22,110.91,111.2,216171.11542800002
2026-08-25T18:45:00.000Z,111.2,111.3,111.135,111.135,248743.90075200005
2026-08-25T19:00:00.000Z,111.14,111.155,110.82,110.852,386435.0204389999
2026-08-25T19:15:00.000Z,110.86,110.89,110.73,110.74,244957.437913
2026-08-25T19:30:00.000Z,110.74,110.835,110.63,110.73,492790.294765
2026-08-25T19:45:00.000Z,110.73,111.21,110.69,111.1,1025239.6663229999
2026-08-26T13:30:00.000Z,111.51,112.39,111.34,111.68,573979.7846849998
2026-08-26T13:45:00.000Z,111.635,112.43,111.51,112.2925,327030.257091
2026-08-26T14:00:00.000Z,112.285,112.32,111.95,112.18,303481.983533
2026-08-26T14:15:00.000Z,112.165,112.165,111.19,111.515,372826.131066
2026-08-26T14:30:00.000Z,111.505,111.835,111.505,111.62,168377.205253
2026-08-26T14:45:00.000Z,111.62,111.666,111.4201,111.5783,162991.190369
2026-08-26T15:00:00.000Z,111.6217,111.865,111.6,111.8,174085.081909
2026-08-26T15:15:00.000Z,111.8,111.84,111.6502,111.73,177371.220872
2026-08-26T15:30:00.000Z,111.73,112.01,111.64,112,182728.138788
2026-08-26T15:45:00.000Z,112.01,112.075,111.87,112.05,217604.46563200004
2026-08-26T16:00:00.000Z,112,112.05,111.745,111.745,192877.49849000003
2026-08-26T16:15:00.000Z,111.745,111.86,111.62,111.81,147244.035359
2026-08-26T16:30:00.000Z,111.81,111.9099,111.62,111.665,107095.519836
2026-08-26T16:45:00.000Z,111.67,111.8499,111.63,111.795,172211.37370599998
2026-08-26T17:00:00.000Z,111.79,111.89,111.75,111.805,141596.62586100004
2026-08-26T17:15:00.000Z,111.82,111.9,111.7101,111.73,146326.074184
2026-08-26T17:30:00.000Z,111.7398,111.86,111.69,111.86,135935.557217
2026-08-26T17:45:00.000Z,111.86,111.96,111.83,111.93,165756.03313300002
2026-08-26T18:00:00.000Z,111.94,112.15,111.93,112.11,208850.55808299995
2026-08-26T18:15:00.000Z,112.1,112.2238,112.025,112.2238,172950.96672
2026-08-26T18:30:00.000Z,112.22,112.465,112.19,112.465,190816.577711
2026-08-26T18:45:00.000Z,112.465,112.72,112.465,112.555,279188.892155
2026-08-26T19:00:00.000Z,112.56,112.69,112.54,112.64,238663.94974200003
2026-08-26T19:15:00.000Z,112.6401,112.89,112.63,112.83,304802.6510930001
2026-08-26T19:30:00.000Z,112.835,112.93,112.8,112.84,324824.0136780001
2026-08-26T19:45:00.000Z,112.84,112.95,112.28,112.42,1096396.4151690002
2026-08-27T13:30:00.000Z,112.15,112.57,111.665,112.27,627797.305951
2026-08-27T13:45:00.000Z,112.27,112.57,111.88,112.155,424102.345612
2026-08-27T14:00:00.000Z,112.13,112.3999,111.825,112.26,386527.34354599996
2026-08-27T14:15:00.000Z,112.25,112.32,111.96,112.16,409589.49730499997
2026-08-27T14:30:00.000Z,112.16,112.24,111.91,112.01,302683.65656400006
2026-08-27T14:45:00.000Z,112.01,112.175,111.71,111.8,251100.823611
2026-08-27T15:00:00.000Z,111.8,112.28,111.8,112.24,217356.36198800002
2026-08-27T15:15:00.000Z,112.24,112.3,111.96,112.025,222372.46225100002
2026-08-27T15:30:00.000Z,112.02,112.11,111.66,111.69,181544.50043899997
2026-08-27T15:45:00.000Z,111.7,111.98,111.61,111.96,188516.78778100002
2026-08-27T16:00:00.000Z,111.96,112.04,111.76,111.785,176032.786282
2026-08-27T16:15:00.000Z,111.79,111.885,111.7,111.85,189501.88287699997
2026-08-27T16:30:00.000Z,111.845,111.91,111.76,111.89,190833.461014
2026-08-27T16:45:00.000Z,111.9,112.11,111.86,111.895,213722.947472
2026-08-27T17:00:00.000Z,111.905,112.14,111.885,111.99,176295.23764
2026-08-27T17:15:00.000Z,111.99,112.09,111.95,111.98,195011.08793100002
2026-08-27T17:30:00.000Z,111.99,112.04,111.655,111.66,201129.16868200002
2026-08-27T17:45:00.000Z,111.66,111.96,111.62,111.875,232432.11068
2026-08-27T18:00:00.000Z,111.88,112.1,111.8275,112.07,215816.511829
2026-08-27T18:15:00.000Z,112.075,112.12,111.735,111.76,160689.627144
2026-08-27T18:30:00.000Z,111.76,111.91,111.6775,111.89,197887.90513799997
2026-08-27T18:45:00.000Z,111.89,111.98,111.79,111.885,149030.44639599998
2026-08-27T19:00:00.000Z,111.875,112.09,111.85,112.005,283134.877722
2026-08-27T19:15:00.000Z,112.01,112.02,111.775,111.78,252324.37660500003
2026-08-27T19:30:00.000Z,111.775,111.84,111.68,111.715,271622.553064
2026-08-27T19:45:00.000Z,111.71,112.18,111.63,112.13,1374530.408861
2026-08-28T13:30:00.000Z,112.31,112.5,110.64,111.09,685350.0963630001
2026-08-28T13:45:00.000Z,111.09,111.11,110.62,110.75,404259.29899100005
2026-08-28T14:00:00.000Z,110.7,110.97,110.48,110.655,345650.46619000006
2026-08-28T14:15:00.000Z,110.655,111.09,110.49,110.91,307155.7336
2026-08-28T14:30:00.000Z,110.9,111.22,110.78,111.12,307378.762059
2026-08-28T14:45:00.000Z,111.11,111.28,111.06,111.27,299125.51296100003
2026-08-28T15:00:00.000Z,111.26,111.45,111.12,111.36,287943.903455
2026-08-28T15:15:00.000Z,111.38,111.44,111.2,111.25,240289.707119
2026-08-28T15:30:00.000Z,111.24,111.375,111.01,111.13,283011.735035
2026-08-28T15:45:00.000Z,111.115,111.2399,110.92,111.02,282767.003676
2026-08-28T16:00:00.000Z,111,111.075,110.645,110.655,314357.215902
2026-08-28T16:15:00.000Z,110.655,110.74,110.4,110.42,313157.948695
2026-08-28T16:30:00.000Z,110.42,110.55,110.32,110.345,254030.104794
2026-08-28T16:45:00.000Z,110.35,110.46,110.24,110.29,191752.56288900002
2026-08-28T17:00:00.000Z,110.28,110.28,110.07,110.18,266236.843536
2026-08-28T17:15:00.000Z,110.19,110.19,109.915,109.94,255725.747206
2026-08-28T17:30:00.000Z,109.94,110.2,109.94,110.1,204722.012661
2026-08-28T17:45:00.000Z,110.1,110.365,110.075,110.36,188569.13728599998
2026-08-28T18:00:00.000Z,110.34,110.54,110.265,110.32,162712.358541
2026-08-28T18:15:00.000Z,110.32,110.345,110.155,110.21,133621.942998
2026-08-28T18:30:00.000Z,110.22,110.33,110.19,110.205,177674.490744
2026-08-28T18:45:00.000Z,110.19,110.215,110.04,110.09,499342.17352300003
2026-08-28T19:00:00.000Z,110.1,110.12,109.805,109.805,293514.81085899996
2026-08-28T19:15:00.000Z,109.81,109.96,109.71,109.84,458623.88250799995
2026-08-28T19:30:00.000Z,109.83,109.91,109.72,109.78,440151.50376500003
2026-08-28T19:45:00.000Z,109.78,110.03,109.72,109.93,1273476.737129
2026-08-31T13:30:00.000Z,110.28,111.36,110,110.92,738393.3789910001
2026-08-31T13:45:00.000Z,110.92,111.11,110.35,110.6,428438.335853
2026-08-31T14:00:00.000Z,110.6,110.61,110.16,110.4,282265.345352
2026-08-31T14:15:00.000Z,110.37,110.4,109.61,109.68,407932.74160000007
2026-08-31T14:30:00.000Z,109.67,110.16,109.62,110.05,329831.040811
2026-08-31T14:45:00.000Z,110.075,110.29,109.98,110.18,249253.08849599998
2026-08-31T15:00:00.000Z,110.19,110.22,109.92,110.05,195127.12741899997
2026-08-31T15:15:00.000Z,110.045,110.11,109.97,110.02,261096.941651
2026-08-31T15:30:00.000Z,110.02,110.135,109.93,110.02,156477.98110800004
2026-08-31T15:45:00.000Z,110.0001,110.17,109.97,110.14,190979.678316
2026-08-31T16:00:00.000Z,110.14,110.24,110.09,110.14,149474.12983199998
2026-08-31T16:15:00.000Z,110.14,110.46,110.08,110.45,148968.661398
2026-08-31T16:30:00.000Z,110.46,110.51,110.27,110.34,170403.771142
2026-08-31T16:45:00.000Z,110.34,110.62,110.32,110.61,133402.051465
2026-08-31T17:00:00.000Z,110.585,110.61,110.465,110.5,172532.022039
2026-08-31T17:15:00.000Z,110.5,110.555,110.44,110.46,113894.71200999999
2026-08-31T17:30:00.000Z,110.455,110.63,110.41,110.63,140393.398551
2026-08-31T17:45:00.000Z,110.62,110.67,110.435,110.54,183152.14867400003
2026-08-31T18:00:00.000Z,110.53,110.675,110.52,110.61,146299.18226800003
2026-08-31T18:15:00.000Z,110.61,110.7277,110.59,110.71,151346.188211
2026-08-31T18:30:00.000Z,110.71,110.79,110.52,110.615,158523.25453799998
2026-08-31T18:45:00.000Z,110.62,110.71,110.58,110.615,184427.006182
2026-08-31T19:00:00.000Z,110.62,110.67,110.545,110.615,244912.646233
2026-08-31T19:15:00.000Z,110.62,110.91,110.6,110.85,239239.32477399992
2026-08-31T19:30:00.000Z,110.85,110.93,110.66,110.905,309322.036111
2026-08-31T19:45:00.000Z,110.905,111.38,110.32,110.5,1816949.6734210001
2026-09-01T13:30:00.000Z,110.05,110.72,109.38,109.53,781628.617152
2026-09-01T13:45:00.000Z,109.525,109.9051,109.43,109.455,372871.288705
2026-09-01T14:00:00.000Z,109.48,109.77,109.01,109.04,424660.9463119999
2026-09-01T14:15:00.000Z,109.045,109.29,108.93,109.01,335587.783175
2026-09-01T14:30:00.000Z,109.01,109.415,109.01,109.385,360548.12282199995
2026-09-01T14:45:00.000Z,109.38,109.45,109.07,109.25,286034.80628499994
2026-09-01T15:00:00.000Z,109.25,109.38,109.205,109.305,160547.21311500002
2026-09-01T15:15:00.000Z,109.29,109.31,109.13,109.235,155415.90728500002
2026-09-01T15:30:00.000Z,109.23,109.3,109.15,109.295,115741.561762
2026-09-01T15:45:00.000Z,109.3,109.36,109.07,109.13,121576.807925
2026-09-01T16:00:00.000Z,109.14,109.34,109.13,109.28,181132.86307499997
2026-09-01T16:15:00.000Z,109.285,109.285,109.01,109.075,211542.42789700002
2026-09-01T16:30:00.000Z,109.065,109.22,109.03,109.2,233647.32372800005
2026-09-01T16:45:00.000Z,109.2,109.41,109.16,109.39,149677.38286599997
2026-09-01T17:00:00.000Z,109.4,109.42,109.16,109.19,96892.423541
2026-09-01T17:15:00.000Z,109.2,109.36,109.14,109.35,126417.97824899999
2026-09-01T17:30:00.000Z,109.36,109.475,109.34,109.395,106980.11154900001
2026-09-01T17:45:00.000Z,109.41,109.44,109.205,109.44,133513.904712
2026-09-01T18:00:00.000Z,109.44,109.54,109.35,109.365,143394.299164
2026-09-01T18:15:00.000Z,109.365,109.53,109.32,109.47,144268.546277
2026-09-01T18:30:00.000Z,109.465,109.5,109.215,109.23,284424.70561400003
2026-09-01T18:45:00.000Z,109.21,109.5,109.19,109.46,207147.95294
2026-09-01T19:00:00.000Z,109.46,109.74,109.45,109.6,225239.46227900003
2026-09-01T19:15:00.000Z,109.6,109.625,109.52,109.59,246639.894916
2026-09-01T19:30:00.000Z,109.59,109.815,109.58,109.76,333851.0040480001
2026-09-01T19:45:00.000Z,109.75,109.87,109.535,109.74,1325242.802642
2026-09-02T13:30:00.000Z,110.315,110.51,109.42,109.71,631891.5533760001
2026-09-02T13:45:00.000Z,109.7,109.85,108.63,108.75,404261.895594
2026-09-02T14:00:00.000Z,108.765,109.276,108.57,108.95,346937.644357
2026-09-02T14:15:00.000Z,108.96,109.56,108.95,109.35,272216.189608
2026-09-02T14:30:00.000Z,109.36,109.47,109.11,109.36,306448.159642
2026-09-02T14:45:00.000Z,109.37,109.39,109.055,109.06,265460.51920000004
2026-09-02T15:00:00.000Z,109.075,109.18,108.92,109.05,277503.316759
2026-09-02T15:15:00.000Z,109.06,109.13,108.95,109.105,242285.22041400004
2026-09-02T15:30:00.000Z,109.105,109.39,109.105,109.15,206571.81365899998
2026-09-02T15:45:00.000Z,109.14,109.1845,108.83,108.88,231013.011615
2026-09-02T16:00:00.000Z,108.88,109.025,108.77,108.81,214746.07785900004
2026-09-02T16:15:00.000Z,108.81,108.84,108.6,108.65,206397.46967799994
2026-09-02T16:30:00.000Z,108.64,108.71,108.52,108.6,364745.292474
2026-09-02T16:45:00.000Z,108.6,108.68,108.395,108.51,248917.71898300003
2026-09-02T17:00:00.000Z,108.52,108.87,108.5138,108.835,163251.04263299998
2026-09-02T17:15:00.000Z,108.83,108.95,108.78,108.81,220408.23164400004
2026-09-02T17:30:00.000Z,108.82,108.835,108.645,108.745,191148.116962
2026-09-02T17:45:00.000Z,108.76,108.82,108.68,108.775,170527.850883
2026-09-02T18:00:00.000Z,108.775,109.15,108.695,109.105,210248.15861500002
2026-09-02T18:15:00.000Z,109.1,109.26,109.06,109.24,230359.66113499997
2026-09-02T18:30:00.000Z,109.23,109.27,108.95,109.08,271293.59515099996
2026-09-02T18:45:00.000Z,109.09,109.22,109.08,109.185,221388.73107399995
2026-09-02T19:00:00.000Z,109.19,109.43,109.155,109.31,219592.15170800002
2026-09-02T19:15:00.000Z,109.315,109.5,109.2,109.42,281539.37611799996
2026-09-02T19:30:00.000Z,109.42,109.5927,109.33,109.465,304567.483285
2026-09-02T19:45:00.000Z,109.46,109.55,109.3401,109.44,1054649.390498
2026-09-03T13:30:00.000Z,108.8,109.2,107.83,108.42,820321.8786550001
2026-09-03T13:45:00.000Z,108.42,108.51,107.91,108.28,466273.526103
2026-09-03T14:00:00.000Z,108.26,108.3,107.6,108.0701,503706.5108869999
2026-09-03T14:15:00.000Z,108.08,109.08,108.04,109.025,455992.37257400004
2026-09-03T14:30:00.000Z,109.025,109.08,108.5001,108.52,271366.14199500007
2026-09-03T14:45:00.000Z,108.525,109.09,108.2,109.06,420632.05519399996
2026-09-03T15:00:00.000Z,109.06,109.44,109.06,109.44,308989.248042
2026-09-03T15:15:00.000Z,109.42,109.51,109.235,109.44,321458.03388400003
2026-09-03T15:30:00.000Z,109.455,109.57,109.38,109.45,199508.09266
2026-09-03T15:45:00.000Z,109.455,109.55,109.25,109.33,202019.96499399995
2026-09-03T16:00:00.000Z,109.32,109.48,109.24,109.46,200655.363901
2026-09-03T16:15:00.000Z,109.46,109.505,109.36,109.47,179050.959245
2026-09-03T16:30:00.000Z,109.47,109.67,109.39,109.48,253972.59443
2026-09-03T16:45:00.000Z,109.4734,109.5,109.3201,109.325,143207.60757000002
2026-09-03T17:00:00.000Z,109.33,109.35,109.025,109.035,180070.48380199997
2026-09-03T17:15:00.000Z,109.035,109.06,108.9,109.01,157649.437694
2026-09-03T17:30:00.000Z,109,109.04,108.845,108.855,146876.00568699997
2026-09-03T17:45:00.000Z,108.87,109.03,108.84,109,138886.50827400002
2026-09-03T18:00:00.000Z,109,109.135,108.8401,108.85,219925.768495
2026-09-03T18:15:00.000Z,108.86,108.96,108.77,108.885,179749.30376600003
2026-09-03T18:30:00.000Z,108.89,108.965,108.86,108.965,282717.841421
2026-09-03T18:45:00.000Z,108.965,108.97,108.8,108.91,254608.24271200004
2026-09-03T19:00:00.000Z,108.91,108.92,108.765,108.84,285410.66779899993
2026-09-03T19:15:00.000Z,108.84,108.97,108.66,108.665,356356.23696899996
2026-09-03T19:30:00.000Z,108.66,108.87,108.61,108.76,456944.1776950001
2026-09-03T19:45:00.000Z,108.75,108.75,107.98,108.68,2049431.2493869998
2026-09-04T13:30:00.000Z,109.64,109.93,109.24,109.83,642262.8913379998
2026-09-04T13:45:00.000Z,109.875,110.35,109.8,110.15,572237.813408
2026-09-04T14:00:00.000Z,110.17,110.355,109.53,109.62,378189.984252
2026-09-04T14:15:00.000Z,109.62,109.83,109.51,109.66,365940.50973800005
2026-09-04T14:30:00.000Z,109.655,109.72,109.54,109.5606,184669.89603000003
2026-09-04T14:45:00.000Z,109.56,109.6,109.34,109.41,191830.537777
2026-09-04T15:00:00.000Z,109.39,109.68,109.3,109.66,176414.288465
2026-09-04T15:15:00.000Z,109.65,109.71,109.0901,109.17,268563.623667
2026-09-04T15:30:00.000Z,109.17,109.465,109.1,109.39,205378.456156
2026-09-04T15:45:00.000Z,109.385,109.525,109.32,109.5,162844.30791599996
2026-09-04T16:00:00.000Z,109.5173,109.55,109.43,109.4716,191897.752284
2026-09-04T16:15:00.000Z,109.47,109.54,109.305,109.33,167814.633733
2026-09-04T16:30:00.000Z,109.33,109.42,109.305,109.385,194873.146736
2026-09-04T16:45:00.000Z,109.38,109.55,109.33,109.475,211063.86662400002
2026-09-04T17:00:00.000Z,109.47,109.48,109.335,109.455,214846.509134
2026-09-04T17:15:00.000Z,109.45,109.51,109.3,109.32,261855.06278299997
2026-09-04T17:30:00.000Z,109.325,109.33,109.125,109.165,222017.50758700003
2026-09-04T17:45:00.000Z,109.165,109.29,109.13,109.29,192029.59868799997
2026-09-04T18:00:00.000Z,109.28,109.3,109.14,109.2,188564.55286400003
2026-09-04T18:15:00.000Z,109.21,109.22,109.105,109.175,158539.173083
2026-09-04T18:30:00.000Z,109.18,109.21,109.07,109.105,178406.226853
2026-09-04T18:45:00.000Z,109.105,109.4,109.095,109.255,201175.42030100003
2026-09-04T19:00:00.000Z,109.26,109.33,109.17,109.285,224960.885959
2026-09-04T19:15:00.000Z,109.285,109.365,109.18,109.3197,219768.61095899998
2026-09-04T19:30:00.000Z,109.315,109.39,109.2,109.29,312062.55810100003
2026-09-04T19:45:00.000Z,109.28,109.49,109,109.17,1376353.054532
2026-09-08T13:30:00.000Z,109.37,109.63,108.56,108.61,643848.589033
2026-09-08T13:45:00.000Z,108.64,109.16,108.475,108.77,335303.400449
2026-09-08T14:00:00.000Z,108.77,108.79,108.54,108.77,331897.27060499997
2026-09-08T14:15:00.000Z,108.76,109.22,108.75,109.1207,383647.49230299995
2026-09-08T14:30:00.000Z,109.14,109.5,108.95,108.95,331250.60711000004
2026-09-08T14:45:00.000Z,108.97,109.38,108.91,109.28,305019.9860379999
2026-09-08T15:00:00.000Z,109.27,109.56,109.12,109.545,371902.07533699996
2026-09-08T15:15:00.000Z,109.53,109.64,109.23,109.32,417603.637673
2026-09-08T15:30:00.000Z,109.32,109.48,109.26,109.475,316920.617416
2026-09-08T15:45:00.000Z,109.475,109.49,108.87,108.87,224743.13737200003
2026-09-08T16:00:00.000Z,108.87,109.185,108.73,108.88,322837.825284
2026-09-08T16:15:00.000Z,108.87,108.96,108.74,108.87,234305.92218899998
2026-09-08T16:30:00.000Z,108.88,108.96,108.74,108.755,235734.328089
2026-09-08T16:45:00.000Z,108.76,108.86,108.73,108.82,283139.102708
2026-09-08T17:00:00.000Z,108.815,109.14,108.81,108.96,226692.553567
2026-09-08T17:15:00.000Z,108.96,109.12,108.96,108.99,210625.07729
2026-09-08T17:30:00.000Z,109.005,109.11,108.9061,108.91,250724.66148899996
2026-09-08T17:45:00.000Z,108.91,108.96,108.81,108.82,268125.67269599997
2026-09-08T18:00:00.000Z,108.81,108.87,108.59,108.83,245506.958015
2026-09-08T18:15:00.000Z,108.84,108.85,108.715,108.79,222860.79675299997
2026-09-08T18:30:00.000Z,108.8,109.1,108.775,108.945,509770.61493399995
2026-09-08T18:45:00.000Z,108.96,109.51,108.64,109.34,908367.3910840001
2026-09-08T19:00:00.000Z,109.35,109.36,109.03,109.27,238938.25512099997
2026-09-08T19:15:00.000Z,109.27,109.36,109.11,109.19,204179.79376999996
2026-09-08T19:30:00.000Z,109.185,109.23,109.04,109.13,318800.343475
2026-09-08T19:45:00.000Z,109.13,109.24,108.73,109.13,1594044.7856760002
2026-09-09T13:30:00.000Z,109.275,110.3,108.98,109.475,761499.7640409998
2026-09-09T13:45:00.000Z,109.51,110.275,109.39,110.25,560299.756074
2026-09-09T14:00:00.000Z,110.24,110.43,109.75,109.75,445398.24723299994
2026-09-09T14:15:00.000Z,109.735,109.785,109.305,109.71,311920.527926
2026-09-09T14:30:00.000Z,109.7,109.88,109.49,109.86,228605.05038899998
2026-09-09T14:45:00.000Z,109.87,109.95,109.75,109.91,257619.99470699998
2026-09-09T15:00:00.000Z,109.93,110.11,109.415,109.6,272895.01093700004
2026-09-09T15:15:00.000Z,109.595,109.6625,109.31,109.51,248163.861322
2026-09-09T15:30:00.000Z,109.52,109.67,109.35,109.49,262265.771994
2026-09-09T15:45:00.000Z,109.4851,109.51,109.36,109.48,182501.13165599998
2026-09-09T16:00:00.000Z,109.48,109.54,109.37,109.41,229096.23753
2026-09-09T16:15:00.000Z,109.415,109.42,109.13,109.29,206708.628414
2026-09-09T16:30:00.000Z,109.3,109.6,109.29,109.585,211853.823579
2026-09-09T16:45:00.000Z,109.59,109.94,109.575,109.94,161961.086536
2026-09-09T17:00:00.000Z,109.9394,109.96,109.75,109.79,181121.90577100002
2026-09-09T17:15:00.000Z,109.78,109.78,109.66,109.7,146667.288081
2026-09-09T17:30:00.000Z,109.71,109.805,109.67,109.715,184846.300246
2026-09-09T17:45:00.000Z,109.7,109.8399,109.7,109.73,166665.392006
2026-09-09T18:00:00.000Z,109.73,109.82,109.46,109.46,277547.744477
2026-09-09T18:15:00.000Z,109.45,109.475,109.21,109.3469,293961.68073300004
2026-09-09T18:30:00.000Z,109.345,109.48,109.3,109.315,193734.73894900002
2026-09-09T18:45:00.000Z,109.31,109.325,109.14,109.15,173810.49764200003
2026-09-09T19:00:00.000Z,109.16,109.31,109.16,109.275,216009.452639
2026-09-09T19:15:00.000Z,109.28,109.34,109.21,109.285,211530.599549
2026-09-09T19:30:00.000Z,109.28,109.385,109.23,109.38,253945.60903700005
2026-09-09T19:45:00.000Z,109.37,109.46,109.255,109.44,993533.86439
2026-09-10T13:30:00.000Z,108.74,109.75,108.53,109.51,533266.919423
2026-09-10T13:45:00.000Z,109.535,109.89,108.94,109.09,341444.228764
2026-09-10T14:00:00.000Z,109.07,109.28,108.9,108.91,278460.78112
2026-09-10T14:15:00.000Z,108.92,109.26,108.795,108.9886,289080.230492
2026-09-10T14:30:00.000Z,108.96,109.1199,108.86,109.015,190311.322598
2026-09-10T14:45:00.000Z,108.99,109.05,108.86,108.96,176091.721875
2026-09-10T15:00:00.000Z,108.965,109.12,108.86,108.89,220631.92248300003
2026-09-10T15:15:00.000Z,108.88,108.91,108.78,108.84,227343.511344
2026-09-10T15:30:00.000Z,108.835,109.05,108.835,108.8909,195850.934248
2026-09-10T15:45:00.000Z,108.9,108.93,108.72,108.74,178407.582765
2026-09-10T16:00:00.000Z,108.7448,108.89,108.44,108.48,274122.062791
2026-09-10T16:15:00.000Z,108.47,108.54,108.33,108.42,175365.845158
2026-09-10T16:30:00.000Z,108.42,108.46,108.08,108.225,215829.676399
2026-09-10T16:45:00.000Z,108.2101,108.6,108.195,108.5207,184436.56523599997
2026-09-10T17:00:00.000Z,108.51,108.64,108.35,108.35,155087.637812
2026-09-10T17:15:00.000Z,108.35,108.4,108.2,108.22,127645.13842800002
2026-09-10T17:30:00.000Z,108.2,108.22,108.095,108.145,131645.741274
2026-09-10T17:45:00.000Z,108.15,108.1799,107.99,108.05,140901.867425
2026-09-10T18:00:00.000Z,108.06,108.12,107.94,108.065,205097.688967
2026-09-10T18:15:00.000Z,108.06,108.16,108.03,108.07,129665.02293999998
2026-09-10T18:30:00.000Z,108.065,108.3,108.05,108.245,164250.50451700002
2026-09-10T18:45:00.000Z,108.25,108.32,108.19,108.23,208277.23666200004
2026-09-10T19:00:00.000Z,108.22,108.335,108.1,108.1,218171.72060600002
2026-09-10T19:15:00.000Z,108.1,108.13,108,108.045,254140.28817099996
2026-09-10T19:30:00.000Z,108.04,108.04,107.77,107.9046,489872.97281600005
2026-09-10T19:45:00.000Z,107.91,107.97,107.36,107.45,1406494.374294
2026-09-11T13:30:00.000Z,108.89,110.28,108.36,110.26,743247.334368
2026-09-11T13:45:00.000Z,110.26,110.34,109.77,110.16,560496.461146
2026-09-11T14:00:00.000Z,110.135,110.28,110.01,110.06,467700.694512
2026-09-11T14:15:00.000Z,110.065,110.96,109.89,110.685,563245.9010869999
2026-09-11T14:30:00.000Z,110.7,111.1665,110.605,111.16,430787.059491
2026-09-11T14:45:00.000Z,111.17,111.18,110.7401,111.01,320417.062454
2026-09-11T15:00:00.000Z,111,111.35,110.95,111.1,349521.64626999997
2026-09-11T15:15:00.000Z,111.11,111.55,111.09,111.53,308816.335425
2026-09-11T15:30:00.000Z,111.525,111.93,111.52,111.68,340403.7947149999
2026-09-11T15:45:00.000Z,111.69,111.69,111.1269,111.25,291942.420751
2026-09-11T16:00:00.000Z,111.255,111.49,111.25,111.38,233389.97937100005
2026-09-11T16:15:00.000Z,111.36,111.59,111.3301,111.465,164366.943737
2026-09-11T16:30:00.000Z,111.48,111.61,111.415,111.465,258343.637214
2026-09-11T16:45:00.000Z,111.475,111.6,111.35,111.585,187780.50351
2026-09-11T17:00:00.000Z,111.585,111.7,111.425,111.49,264178.825754
2026-09-11T17:15:00.000Z,111.51,111.74,111.51,111.52,188662.3218
2026-09-11T17:30:00.000Z,111.52,111.715,111.52,111.685,213652.987705
2026-09-11T17:45:00.000Z,111.685,111.74,111.6,111.74,220679.46550900003
2026-09-11T18:00:00.000Z,111.71,111.94,111.6925,111.81,280769.13776600006
2026-09-11T18:15:00.000Z,111.81,111.89,111.69,111.845,316837.70660200005
2026-09-11T18:30:00.000Z,111.85,111.9,111.76,111.89,271756.97086199996
2026-09-11T18:45:00.000Z,111.89,111.955,111.7,111.78,259637.33041400005
2026-09-11T19:00:00.000Z,111.79,111.83,111.52,111.54,494707.4341019999
2026-09-11T19:15:00.000Z,111.54,111.6,111.3618,111.58,230606.962131
2026-09-11T19:30:00.000Z,111.6,111.695,111.52,111.665,423876.09883
2026-09-11T19:45:00.000Z,111.665,112.215,111.63,112.115,1573003.658724
2026-09-14T13:30:00.000Z,109.97,110.5,109.39,110.29,775949.846351
2026-09-14T13:45:00.000Z,110.29,110.48,110.07,110.36,554745.209176
2026-09-14T14:00:00.000Z,110.4,110.72,110.325,110.54,379443.223094
2026-09-14T14:15:00.000Z,110.55,110.9134,110.55,110.845,344043.483603
2026-09-14T14:30:00.000Z,110.849,110.96,110.48,110.64,226717.096861
2026-09-14T14:45:00.000Z,110.64,110.705,110.33,110.41,211872.19376700002
2026-09-14T15:00:00.000Z,110.395,110.52,110.11,110.32,253606.71321200003
2026-09-14T15:15:00.000Z,110.31,111.06,110.28,110.69,206076.316592
2026-09-14T15:30:00.000Z,110.67,111.28,110.67,111.14,248809.482457
2026-09-14T15:45:00.000Z,111.15,111.205,111.01,111.18,150087.74319399998
2026-09-14T16:00:00.000Z,111.18,111.185,111.02,111.185,159457.51647
2026-09-14T16:15:00.000Z,111.185,111.42,110.92,110.97,197784.068233
2026-09-14T16:30:00.000Z,110.99,111.035,110.8585,111.035,152530.58846600002
2026-09-14T16:45:00.000Z,111.03,111.52,110.97,111.5,230355.473741
2026-09-14T17:00:00.000Z,111.51,111.74,111.4901,111.69,218589.44613699996
2026-09-14T17:15:00.000Z,111.675,111.705,111.36,111.46,141719.25814999998
2026-09-14T17:30:00.000Z,111.46,111.5,111.35,111.465,160607.953288
2026-09-14T17:45:00.000Z,111.46,111.46,111.21,111.25,147432.82767200004
2026-09-14T18:00:00.000Z,111.24,111.315,110.7,110.95,234493.94316099997
2026-09-14T18:15:00.000Z,110.96,111.09,110.92,111.045,186957.17913999996
2026-09-14T18:30:00.000Z,111.06,111.27,111.0401,111.24,184901.318891
2026-09-14T18:45:00.000Z,111.24,111.33,111.03,111.073,203456.770559
2026-09-14T19:00:00.000Z,111.08,111.15,110.78,110.855,216799.218989
2026-09-14T19:15:00.000Z,110.8497,110.8497,110.575,110.575,275718.10025300004
2026-09-14T19:30:00.000Z,110.57,110.61,110.19,110.31,466999.3650870001
2026-09-14T19:45:00.000Z,110.31,110.33,109.98,110.05,1525492.089734
2026-09-15T13:30:00.000Z,110.915,111.31,110.625,110.8,631509.999344
2026-09-15T13:45:00.000Z,110.83,111.28,110.5,111.28,313889.55906
2026-09-15T14:00:00.000Z,111.28,111.69,111.15,111.18,388930.730479
2026-09-15T14:15:00.000Z,111.2,111.45,111,111.08,221161.142427
2026-09-15T14:30:00.000Z,111.07,111.23,110.545,110.61,446187.16459500004
2026-09-15T14:45:00.000Z,110.62,110.94,110.48,110.53,294548.163849
2026-09-15T15:00:00.000Z,110.56,110.83,110.535,110.68,630152.759238
2026-09-15T15:15:00.000Z,110.675,111.08,110.65,111.05,316055.484925
2026-09-15T15:30:00.000Z,111.06,111.07,110.715,110.74,453113.54878199997
2026-09-15T15:45:00.000Z,110.74,110.86,110.57,110.6,175186.016507
2026-09-15T16:00:00.000Z,110.595,110.72,110.49,110.53,170033.37683899998
2026-09-15T16:15:00.000Z,110.525,110.57,110.35,110.37,183590.424874
2026-09-15T16:30:00.000Z,110.38,110.385,110.01,110.105,231525.263567
2026-09-15T16:45:00.000Z,110.1,110.25,109.95,110.02,251207.618247
2026-09-15T17:00:00.000Z,110.03,110.12,109.93,109.98,285373.912194
2026-09-15T17:15:00.000Z,109.98,110.26,109.865,110.205,322113.69082500006
2026-09-15T17:30:00.000Z,110.22,110.39,109.83,109.865,250558.31930899995
2026-09-15T17:45:00.000Z,109.865,109.91,109.66,109.67,177789.089723
2026-09-15T18:00:00.000Z,109.665,110.095,109.62,109.995,224489.31295599998
2026-09-15T18:15:00.000Z,110.02,110.0399,109.8675,109.905,165763.06030100002
2026-09-15T18:30:00.000Z,109.91,109.96,109.8,109.94,204793.17778500004
2026-09-15T18:45:00.000Z,109.935,110.05,109.88,110.015,239413.860614
2026-09-15T19:00:00.000Z,110.015,110.14,109.945,110.14,218597.354385
2026-09-15T19:15:00.000Z,110.155,110.26,110.0995,110.16,259550.40267299998
2026-09-15T19:30:00.000Z,110.16,110.18,109.93,109.97,312273.214424
2026-09-15T19:45:00.000Z,109.97,110.13,109.79,110.07,1530899.7449589998
2026-09-16T13:30:00.000Z,110.66,110.99,110.18,110.815,684241.184652
2026-09-16T13:45:00.000Z,110.815,110.975,110.265,110.43,413458.250381
2026-09-16T14:00:00.000Z,110.41,110.99,110.275,110.725,367021.362448
2026-09-16T14:15:00.000Z,110.75,110.899,110.13,110.155,195948.70679
2026-09-16T14:30:00.000Z,110.1699,110.19,109.8801,110.15,256086.74297399996
2026-09-16T14:45:00.000Z,110.14,110.43,110.0801,110.43,205475.55408899998
2026-09-16T15:00:00.000Z,110.43,110.5,110.24,110.47,165562.05156300002
2026-09-16T15:15:00.000Z,110.45,110.5682,110.335,110.5682,204790.36450000003
2026-09-16T15:30:00.000Z,110.56,110.765,110.4401,110.765,251422.278073
2026-09-16T15:45:00.000Z,110.765,110.97,110.64,110.745,229357.15982
2026-09-16T16:00:00.000Z,110.74,110.76,110.56,110.635,140684.64636500002
2026-09-16T16:15:00.000Z,110.635,110.705,110.61,110.65,237511.049952
2026-09-16T16:30:00.000Z,110.66,110.675,110.53,110.64,114720.00322800003
2026-09-16T16:45:00.000Z,110.645,110.685,110.45,110.475,109470.525721
2026-09-16T17:00:00.000Z,110.48,110.55,110.365,110.535,117997.87743699999
2026-09-16T17:15:00.000Z,110.54,110.67,110.3701,110.65,141650.95633599997
2026-09-16T17:30:00.000Z,110.645,110.785,110.54,110.54,197005.831002
2026-09-16T17:45:00.000Z,110.54,110.67,110.44,110.63,249699.81865799997
2026-09-16T18:00:00.000Z,110.615,110.9,110.28,110.405,337694.155002
2026-09-16T18:15:00.000Z,110.38,110.39,109.76,109.975,215432.950366
2026-09-16T18:30:00.000Z,109.96,109.99,109.365,109.715,270757.322713
2026-09-16T18:45:00.000Z,109.715,109.805,109.08,109.18,325883.863494
2026-09-16T19:00:00.000Z,109.17,109.29,108.1,108.185,484304.87499000004
2026-09-16T19:15:00.000Z,108.19,108.35,107.55,107.87,678985.6407
2026-09-16T19:30:00.000Z,107.87,108.05,107.715,107.83,1007587.2034100001
2026-09-16T19:45:00.000Z,107.81,108.02,107.62,107.7,3058752.224974
2026-09-17T13:30:00.000Z,109.72,110.3,109.32,109.75,987678.260864
2026-09-17T13:45:00.000Z,109.72,110.085,109.56,109.67,696114.1695019997
2026-09-17T14:00:00.000Z,109.67,111.025,109.51,110.96,798600.8395740001
2026-09-17T14:15:00.000Z,110.96,111.44,110.81,111.3,537660.4153400001
2026-09-17T14:30:00.000Z,111.305,111.36,111.12,111.255,437250.67815
2026-09-17T14:45:00.000Z,111.26,111.31,110.865,110.9,355315.365737
2026-09-17T15:00:00.000Z,110.895,111.22,110.89,111.08,370261.95911199995
2026-09-17T15:15:00.000Z,111.08,111.18,110.83,111.005,262818.519042
2026-09-17T15:30:00.000Z,111.015,111.05,110.855,110.975,204676.93984899996
2026-09-17T15:45:00.000Z,110.97,110.98,110.8,110.86,151332.60501399997
2026-09-17T16:00:00.000Z,110.88,110.89,110.695,110.84,168951.322097
2026-09-17T16:15:00.000Z,110.84,110.87,110.69,110.81,166278.643111
2026-09-17T16:30:00.000Z,110.8,110.83,110.555,110.745,197246.15380899995
2026-09-17T16:45:00.000Z,110.745,110.82,110.63,110.76,182909.880946
2026-09-17T17:00:00.000Z,110.77,110.86,110.67,110.7,153480.04352300003
2026-09-17T17:15:00.000Z,110.69,110.735,110.47,110.615,124469.73513899998
2026-09-17T17:30:00.000Z,110.62,110.64,110.205,110.22,235022.229045
2026-09-17T17:45:00.000Z,110.22,110.29,110.075,110.11,310701.242607
2026-09-17T18:00:00.000Z,110.12,110.275,110.01,110.22,260570.435902
2026-09-17T18:15:00.000Z,110.22,110.31,110.12,110.25,203454.20062999998
2026-09-17T18:30:00.000Z,110.25,110.2599,110.105,110.24,190183.428737
2026-09-17T18:45:00.000Z,110.23,110.2351,110.085,110.165,194238.788126
2026-09-17T19:00:00.000Z,110.165,110.465,110.12,110.37,405630.481746
2026-09-17T19:15:00.000Z,110.365,110.375,110.16,110.315,346535.282421
2026-09-17T19:30:00.000Z,110.32,110.41,110.01,110.1,451865.488895
2026-09-17T19:45:00.000Z,110.09,110.31,110.02,110.2,1719312.001353
2026-09-18T13:30:00.000Z,110.35,110.8068,110.18,110.505,4815565.536700999
2026-09-18T13:45:00.000Z,110.505,110.52,109.84,109.9,460375.41529399995
2026-09-18T14:00:00.000Z,109.895,109.93,108.99,109.09,524214.210652
2026-09-18T14:15:00.000Z,109.085,109.38,109.03,109.17,270870.07190700003
2026-09-18T14:30:00.000Z,109.17,109.285,108.71,108.81,274572.02750900004
2026-09-18T14:45:00.000Z,108.815,108.99,108.5001,108.56,202694.94566300002
2026-09-18T15:00:00.000Z,108.55,108.766,108.47,108.72,278974.695246
2026-09-18T15:15:00.000Z,108.73,108.73,108.46,108.68,201925.33917
2026-09-18T15:30:00.000Z,108.6775,108.74,108.475,108.53,267620.74696
2026-09-18T15:45:00.000Z,108.55,108.59,108.36,108.51,244706.026185
2026-09-18T16:00:00.000Z,108.51,108.5325,108.38,108.4,145174.32809800003
2026-09-18T16:15:00.000Z,108.385,108.43,108.175,108.2,207447.127409
2026-09-18T16:30:00.000Z,108.19,108.3234,108.09,108.28,186777.656521
2026-09-18T16:45:00.000Z,108.27,108.65,108.27,108.62,521327.55794800003
2026-09-18T17:00:00.000Z,108.62,108.885,108.59,108.7,197104.594528
2026-09-18T17:15:00.000Z,108.7,108.84,108.675,108.74,141875.19449500003
2026-09-18T17:30:00.000Z,108.73,108.91,108.73,108.86,159911.88337600004
2026-09-18T17:45:00.000Z,108.855,108.91,108.8,108.865,113229.99089999999
2026-09-18T18:00:00.000Z,108.87,108.995,108.72,108.99,240964.45819099998
2026-09-18T18:15:00.000Z,108.98,109.05,108.87,108.89,176796.315612
2026-09-18T18:30:00.000Z,108.8926,108.9,108.765,108.835,146070.208407
2026-09-18T18:45:00.000Z,108.835,108.98,108.83,108.94,188737.010704
2026-09-18T19:00:00.000Z,108.94,109.06,108.84,108.845,204679.375669
2026-09-18T19:15:00.000Z,108.85,108.94,108.725,108.86,244062.04197899997
2026-09-18T19:30:00.000Z,108.88,108.92,108.67,108.845,423010.332595
2026-09-18T19:45:00.000Z,108.84,109.88,108.72,109.51,4031329.066337
