Date,Open,High,Low,Close,Volume
2025-09-22T13:30:00.000Z,67.86,68,67.55,67.79,1654306
2025-09-22T14:00:00.000Z,67.785,67.815,67.54,67.635,1364586
2025-09-22T14:30:00.000Z,67.63,67.69,67.53,67.62,919642
2025-09-22T15:00:00.000Z,67.62,67.7,67.5,67.505,764942
2025-09-22T15:30:00.000Z,67.505,67.51,67.33,67.375,838151
2025-09-22T16:00:00.000Z,67.38,67.56,67.3,67.345,730653
2025-09-22T16:30:00.000Z,67.34,67.58,67.305,67.495,916034
2025-09-22T17:00:00.000Z,67.495,67.525,67.38,67.405,793330
2025-09-22T17:30:00.000Z,67.405,67.57,67.4,67.445,698997
2025-09-22T18:00:00.000Z,67.4499,67.755,67.41,67.625,844187
2025-09-22T18:30:00.000Z,67.6265,67.785,67.6235,67.755,649185
2025-09-22T19:00:00.000Z,67.755,67.8682,67.69,67.835,878719
2025-09-22T19:30:00.000Z,67.83,67.91,67.675,67.729,2691088
2025-09-23T13:30:00.000Z,67.58,68.2,67.5253,68.13,1518017
2025-09-23T14:00:00.000Z,68.13,68.22,67.58,67.7,1072853
2025-09-23T14:30:00.000Z,67.7,67.85,67.61,67.805,863577
2025-09-23T15:00:00.000Z,67.805,67.82,67.5,67.57,789606
2025-09-23T15:30:00.000Z,67.575,67.59,67.4018,67.4439,633196
2025-09-23T16:00:00.000Z,67.45,67.571,67.3314,67.4902,811206
2025-09-23T16:30:00.000Z,67.49,67.49,67.24,67.245,739205
2025-09-23T17:00:00.000Z,67.245,67.27,67.09,67.095,677674
2025-09-23T17:30:00.000Z,67.095,67.395,67.07,67.26,1024991
2025-09-23T18:00:00.000Z,67.26,67.3665,67.2,67.3499,523472
2025-09-23T18:30:00.000Z,67.35,67.45,67.325,67.415,565276
2025-09-23T19:00:00.000Z,67.415,67.5268,67.415,67.465,754259
2025-09-23T19:30:00.000Z,67.465,67.61,67.42,67.53,3075366
2025-09-24T13:30:00.000Z,67.7,67.865,67.17,67.31,1731890
2025-09-24T14:00:00.000Z,67.305,67.38,67.065,67.18,1308108
2025-09-24T14:30:00.000Z,67.18,67.26,67.12,67.17,991086
2025-09-24T15:00:00.000Z,67.175,67.285,66.985,67.025,922864
2025-09-24T15:30:00.000Z,67.02,67.075,66.91,66.935,855608
2025-09-24T16:00:00.000Z,66.935,67.145,66.89,67.135,758154
2025-09-24T16:30:00.000Z,67.145,67.24,67.07,67.095,481260
2025-09-24T17:00:00.000Z,67.1,67.23,67.08,67.195,397286
2025-09-24T17:30:00.000Z,67.2,67.285,67.13,67.16,607223
2025-09-24T18:00:00.000Z,67.1634,67.26,67.12,67.165,459481
2025-09-24T18:30:00.000Z,67.165,67.255,67.13,67.19,412672
2025-09-24T19:00:00.000Z,67.195,67.2199,67.05,67.075,615826
2025-09-24T19:30:00.000Z,67.075,67.38,67.05,67.32,2595874
2025-09-25T13:30:00.000Z,67.32,67.57,67.1101,67.375,1688638
2025-09-25T14:00:00.000Z,67.37,68.1797,67.35,68.02,1020210
2025-09-25T14:30:00.000Z,68.025,68.17,67.945,68.045,717781
2025-09-25T15:00:00.000Z,68.04,68.185,67.95,67.96,896915
2025-09-25T15:30:00.000Z,67.96,68.235,67.96,68.08,653718
2025-09-25T16:00:00.000Z,68.0801,68.12,67.97,67.995,496917
2025-09-25T16:30:00.000Z,68,68.05,67.66,67.695,575453
2025-09-25T17:00:00.000Z,67.695,67.91,67.66,67.776,1014393
2025-09-25T17:30:00.000Z,67.7737,67.7999,67.56,67.575,673406
2025-09-25T18:00:00.000Z,67.575,67.675,67.45,67.645,884155
2025-09-25T18:30:00.000Z,67.64,67.82,67.605,67.785,640097
2025-09-25T19:00:00.000Z,67.78,67.83,67.631,67.755,725775
2025-09-25T19:30:00.000Z,67.755,67.92,67.75,67.84,2075535
2025-09-26T13:30:00.000Z,67.87,67.91,66.96,67.4001,1587780
2025-09-26T14:00:00.000Z,67.415,67.47,67.03,67.115,819588
2025-09-26T14:30:00.000Z,67.11,67.16,66.91,66.925,725004
2025-09-26T15:00:00.000Z,66.93,67.24,66.85,67.18,775527
2025-09-26T15:30:00.000Z,67.185,67.227,66.875,66.905,647474
2025-09-26T16:00:00.000Z,66.905,67.19,66.89,67.13,583126
2025-09-26T16:30:00.000Z,67.13,67.275,67.13,67.245,436465
2025-09-26T17:00:00.000Z,67.245,67.32,67.1802,67.2844,387325
2025-09-26T17:30:00.000Z,67.285,67.325,67.165,67.205,366973
2025-09-26T18:00:00.000Z,67.21,67.295,67.15,67.255,885450
2025-09-26T18:30:00.000Z,67.255,67.32,67.185,67.25,438864
2025-09-26T19:00:00.000Z,67.255,67.265,67.175,67.195,688851
2025-09-26T19:30:00.000Z,67.195,67.33,67.16,67.22,1998285
2025-09-29T13:30:00.000Z,67.715,67.94,67.44,67.66,1215357
2025-09-29T14:00:00.000Z,67.67,67.88,67.55,67.815,874820
2025-09-29T14:30:00.000Z,67.82,67.9499,67.78,67.84,655680
2025-09-29T15:00:00.000Z,67.84,67.95,67.71,67.83,676393
2025-09-29T15:30:00.000Z,67.835,67.8368,67.585,67.6625,543448
2025-09-29T16:00:00.000Z,67.67,67.71,67.49,67.585,374381
2025-09-29T16:30:00.000Z,67.585,67.695,67.575,67.615,471428
2025-09-29T17:00:00.000Z,67.615,67.64,67.5238,67.615,413178
2025-09-29T17:30:00.000Z,67.6144,67.735,67.58,67.66,442510
2025-09-29T18:00:00.000Z,67.665,67.77,67.6,67.745,476384
2025-09-29T18:30:00.000Z,67.74,67.74,67.645,67.715,456922
2025-09-29T19:00:00.000Z,67.715,67.855,67.605,67.64,731824
2025-09-29T19:30:00.000Z,67.635,67.74,67.53,67.74,2491083
2025-09-30T13:30:00.000Z,67.705,68.455,67.69,68.39,1360090
2025-09-30T14:00:00.000Z,68.39,68.735,68.36,68.665,962011
2025-09-30T14:30:00.000Z,68.67,68.77,68.53,68.68,947096
2025-09-30T15:00:00.000Z,68.665,68.71,68.245,68.285,754502
2025-09-30T15:30:00.000Z,68.285,68.36,68.185,68.345,986850
2025-09-30T16:00:00.000Z,68.35,68.49,68.195,68.2785,935829
2025-09-30T16:30:00.000Z,68.285,68.31,68.11,68.1239,782535
2025-09-30T17:00:00.000Z,68.125,68.195,68.09,68.15,616769
2025-09-30T17:30:00.000Z,68.14,68.24,68.075,68.105,588650
2025-09-30T18:00:00.000Z,68.11,68.3313,68.08,68.275,351920
2025-09-30T18:30:00.000Z,68.28,68.46,68.265,68.455,457439
2025-09-30T19:00:00.000Z,68.455,68.64,68.445,68.555,996637
2025-09-30T19:30:00.000Z,68.555,68.65,68.31,68.4,3289862
2025-10-01T13:30:00.000Z,67.9,68.0999,67.69,67.85,1457694
2025-10-01T14:00:00.000Z,67.855,68.225,67.81,68.215,746332
2025-10-01T14:30:00.000Z,68.22,68.305,67.995,68.08,634096
2025-10-01T15:00:00.000Z,68.09,68.28,68.08,68.2257,610187
2025-10-01T15:30:00.000Z,68.22,68.34,68.18,68.21,562625
2025-10-01T16:00:00.000Z,68.22,68.26,68.1,68.185,444289
2025-10-01T16:30:00.000Z,68.185,68.185,68.04,68.12,448083
2025-10-01T17:00:00.000Z,68.13,68.34,68.1,68.29,463694
2025-10-01T17:30:00.000Z,68.3,68.44,68.2,68.425,1003463
2025-10-01T18:00:00.000Z,68.425,68.465,68.32,68.38,417756
2025-10-01T18:30:00.000Z,68.385,68.405,68.31,68.325,333679
2025-10-01T19:00:00.000Z,68.3253,68.53,68.32,68.53,512043
2025-10-01T19:30:00.000Z,68.52,68.82,68.5,68.72,2380790
2025-10-02T13:30:00.000Z,69.175,69.49,68.465,68.69,1493402
2025-10-02T14:00:00.000Z,68.68,68.7,68.47,68.575,851364
2025-10-02T14:30:00.000Z,68.575,68.665,68.485,68.665,744901
2025-10-02T15:00:00.000Z,68.665,68.765,68.385,68.52,907541
2025-10-02T15:30:00.000Z,68.52,68.61,68.4,68.545,575365
2025-10-02T16:00:00.000Z,68.54,68.565,68.275,68.31,613005
2025-10-02T16:30:00.000Z,68.305,68.4,68.29,68.335,410959
2025-10-02T17:00:00.000Z,68.335,68.49,68.3001,68.44,400273
2025-10-02T17:30:00.000Z,68.445,68.65,68.4238,68.63,481859
2025-10-02T18:00:00.000Z,68.64,68.75,68.57,68.635,733063
2025-10-02T18:30:00.000Z,68.64,68.695,68.605,68.68,586761
2025-10-02T19:00:00.000Z,68.685,68.7397,68.64,68.675,545956
2025-10-02T19:30:00.000Z,68.68,68.73,68.255,68.31,2786388
2025-10-03T13:30:00.000Z,67.95,68.43,67.65,68.34,1377759
2025-10-03T14:00:00.000Z,68.33,68.4855,68.27,68.4098,753962
2025-10-03T14:30:00.000Z,68.405,68.485,68.295,68.355,524724
2025-10-03T15:00:00.000Z,68.35,68.385,68.26,68.2701,408032
2025-10-03T15:30:00.000Z,68.277,68.585,68.26,68.5325,495053
2025-10-03T16:00:00.000Z,68.535,68.575,68.475,68.4929,311533
2025-10-03T16:30:00.000Z,68.49,68.495,68.3038,68.3644,509391
2025-10-03T17:00:00.000Z,68.3636,68.5,68.355,68.455,508444
2025-10-03T17:30:00.000Z,68.45,68.49,68.17,68.239,828538
2025-10-03T18:00:00.000Z,68.23,68.336,68.14,68.3064,391622
2025-10-03T18:30:00.000Z,68.3,68.3093,68.15,68.18,378521
2025-10-03T19:00:00.000Z,68.185,68.19,68.03,68.04,454909
2025-10-03T19:30:00.000Z,68.05,68.13,67.9,67.94,1442999
2025-10-06T13:30:00.000Z,68.435,68.69,68.06,68.187,1511130
2025-10-06T14:00:00.000Z,68.185,68.185,67.81,67.9401,1037966
2025-10-06T14:30:00.000Z,67.94,68.08,67.85,68,669472
2025-10-06T15:00:00.000Z,68,68.245,67.94,68.215,703921
2025-10-06T15:30:00.000Z,68.22,68.335,68.185,68.285,442954
2025-10-06T16:00:00.000Z,68.2841,68.345,68.255,68.3201,325821
2025-10-06T16:30:00.000Z,68.32,68.33,68.19,68.305,283594
2025-10-06T17:00:00.000Z,68.3,68.36,68.24,68.245,599897
2025-10-06T17:30:00.000Z,68.245,68.7499,68.215,68.575,1165607
2025-10-06T18:00:00.000Z,68.57,68.59,68.37,68.485,643406
2025-10-06T18:30:00.000Z,68.48,68.54,68.41,68.495,915354
2025-10-06T19:00:00.000Z,68.495,68.655,68.44,68.625,813704
2025-10-06T19:30:00.000Z,68.625,68.95,68.605,68.92,2664691
2025-10-07T13:30:00.000Z,68.915,69.225,68.56,68.725,1747088
2025-10-07T14:00:00.000Z,68.725,68.9863,68.46,68.91,894933
2025-10-07T14:30:00.000Z,68.91,68.91,68.58,68.785,649602
2025-10-07T15:00:00.000Z,68.785,68.94,68.73,68.835,737677
2025-10-07T15:30:00.000Z,68.835,68.88,68.615,68.69,934384
2025-10-07T16:00:00.000Z,68.685,68.7384,68.525,68.585,750175
2025-10-07T16:30:00.000Z,68.585,68.7,68.525,68.595,699088
2025-10-07T17:00:00.000Z,68.6,68.635,68.499,68.535,513732
2025-10-07T17:30:00.000Z,68.53,68.61,68.49,68.555,612395
2025-10-07T18:00:00.000Z,68.555,68.705,68.445,68.69,377205
2025-10-07T18:30:00.000Z,68.69,68.78,68.62,68.7199,802251
2025-10-07T19:00:00.000Z,68.715,68.845,68.69,68.825,684971
2025-10-07T19:30:00.000Z,68.825,69.04,68.76,68.99,1651922
2025-10-08T13:30:00.000Z,69.81,70.19,69,69.41,4538686
2025-10-08T14:00:00.000Z,69.405,70.14,69.2989,70.055,2469721
2025-10-08T14:30:00.000Z,70.065,70.0851,69.71,69.755,1473225
2025-10-08T15:00:00.000Z,69.755,70.135,69.755,70.11,1045581
2025-10-08T15:30:00.000Z,70.105,70.335,70.005,70.035,2710003
2025-10-08T16:00:00.000Z,70.03,70.135,69.91,70.11,1238491
2025-10-08T16:30:00.000Z,70.11,70.18,69.9942,70.0723,1012482
2025-10-08T17:00:00.000Z,70.075,70.38,70.045,70.375,862992
2025-10-08T17:30:00.000Z,70.38,70.755,70.365,70.645,1291602
2025-10-08T18:00:00.000Z,70.64,70.685,70.36,70.395,929591
2025-10-08T18:30:00.000Z,70.4,70.505,70.36,70.4925,1021549
2025-10-08T19:00:00.000Z,70.5,70.6,70.485,70.53,1270069
2025-10-08T19:30:00.000Z,70.53,70.54,70.25,70.31,3531324
2025-10-09T13:30:00.000Z,70.31,70.62,69.92,70.09,2037732
2025-10-09T14:00:00.000Z,70.095,70.18,69.98,70.0501,1209672
2025-10-09T14:30:00.000Z,70.055,70.235,70,70.21,984168
2025-10-09T15:00:00.000Z,70.21,70.3282,70.11,70.115,646514
2025-10-09T15:30:00.000Z,70.12,70.4068,70.12,70.325,546599
2025-10-09T16:00:00.000Z,70.325,70.365,69.62,69.855,2077542
2025-10-09T16:30:00.000Z,69.85,70.2,69.03,69.97,1972182
2025-10-09T17:00:00.000Z,69.97,70.1,69.94,70.075,486952
2025-10-09T17:30:00.000Z,70.07,70.085,69.92,69.985,736776
2025-10-09T18:00:00.000Z,69.985,70.17,69.94,70.125,914413
2025-10-09T18:30:00.000Z,70.125,70.1258,69.7938,69.8,477591
2025-10-09T19:00:00.000Z,69.795,69.8,69.45,69.7501,887335
2025-10-09T19:30:00.000Z,69.755,70.08,69.75,69.98,2551023
2025-10-10T13:30:00.000Z,70.41,70.8093,70.01,70.19,1854813
2025-10-10T14:00:00.000Z,70.18,70.36,70.005,70.02,1118203
2025-10-10T14:30:00.000Z,70.015,70.195,69.51,69.71,1390382
2025-10-10T15:00:00.000Z,69.71,69.76,69.33,69.39,1237299
2025-10-10T15:30:00.000Z,69.375,69.41,68.86,68.94,1240254
2025-10-10T16:00:00.000Z,68.94,68.9565,68.645,68.84,759242
2025-10-10T16:30:00.000Z,68.845,68.94,68.49,68.52,683682
2025-10-10T17:00:00.000Z,68.52,68.7299,68.395,68.7299,740902
2025-10-10T17:30:00.000Z,68.73,68.87,68.6201,68.66,840292
2025-10-10T18:00:00.000Z,68.66,68.67,68.525,68.55,569761
2025-10-10T18:30:00.000Z,68.545,68.57,68.105,68.11,695313
2025-10-10T19:00:00.000Z,68.115,68.285,68.015,68.135,1300104
2025-10-10T19:30:00.000Z,68.135,68.255,67.89,67.965,3903833
2025-10-13T13:30:00.000Z,68.55,68.89,68.425,68.5944,1261904
2025-10-13T14:00:00.000Z,68.595,68.613,68.0625,68.075,741501
2025-10-13T14:30:00.000Z,68.075,68.305,67.873,67.92,646180
2025-10-13T15:00:00.000Z,67.92,68.15,67.13,68.095,1607087
2025-10-13T15:30:00.000Z,68.095,68.225,67.92,68.175,593375
2025-10-13T16:00:00.000Z,68.17,68.24,68.04,68.1,544045
2025-10-13T16:30:00.000Z,68.095,68.17,67.94,68.16,425933
2025-10-13T17:00:00.000Z,68.165,68.18,67.915,67.985,348290
2025-10-13T17:30:00.000Z,67.9899,68.02,67.89,67.965,364752
2025-10-13T18:00:00.000Z,67.97,68.01,67.79,67.815,426871
2025-10-13T18:30:00.000Z,67.8158,67.845,67.44,67.4699,644347
2025-10-13T19:00:00.000Z,67.47,67.54,67.335,67.515,640501
2025-10-13T19:30:00.000Z,67.51,67.605,67.405,67.44,2139201
2025-10-14T13:30:00.000Z,67.11,67.535,66.8131,67.535,1562542
2025-10-14T14:00:00.000Z,67.535,68.14,67.51,68.08,1425719
2025-10-14T14:30:00.000Z,68.085,68.58,68.085,68.45,1062783
2025-10-14T15:00:00.000Z,68.45,68.54,68.325,68.505,682491
2025-10-14T15:30:00.000Z,68.505,68.795,68.5,68.7447,518813
2025-10-14T16:00:00.000Z,68.745,68.9482,68.695,68.9,539011
2025-10-14T16:30:00.000Z,68.9,69.065,68.86,69.04,475513
2025-10-14T17:00:00.000Z,69.04,69.04,68.8603,68.89,393430
2025-10-14T17:30:00.000Z,68.89,69.08,68.86,69.0046,361935
2025-10-14T18:00:00.000Z,69.01,69.05,68.905,69.0038,348116
2025-10-14T18:30:00.000Z,69.01,69.125,68.99,69.11,450672
2025-10-14T19:00:00.000Z,69.12,69.16,68.97,68.9878,553634
2025-10-14T19:30:00.000Z,68.9844,69.02,68.47,68.66,2084179
2025-10-15T13:30:00.000Z,69.305,69.77,68.82,69.68,1325667
2025-10-15T14:00:00.000Z,69.68,70.195,69.68,70.15,972857
2025-10-15T14:30:00.000Z,70.155,70.225,69.9,70.0665,1001600
2025-10-15T15:00:00.000Z,70.08,70.2999,70.065,70.185,1872476
2025-10-15T15:30:00.000Z,70.18,70.1999,69.72,69.8154,760171
2025-10-15T16:00:00.000Z,69.815,69.91,69.675,69.71,540043
2025-10-15T16:30:00.000Z,69.705,69.79,69.57,69.575,464465
2025-10-15T17:00:00.000Z,69.57,69.57,69.02,69.1,511981
2025-10-15T17:30:00.000Z,69.1,69.43,69.08,69.39,362730
2025-10-15T18:00:00.000Z,69.38,69.49,69.355,69.44,352522
2025-10-15T18:30:00.000Z,69.44,69.68,69.4242,69.65,378919
2025-10-15T19:00:00.000Z,69.655,69.695,69.565,69.595,452394
2025-10-15T19:30:00.000Z,69.6,69.61,69.285,69.56,1831264
2025-10-16T13:30:00.000Z,69.78,70.07,69.35,69.35,1023715
2025-10-16T14:00:00.000Z,69.35,69.69,69.33,69.5706,759645
2025-10-16T14:30:00.000Z,69.575,69.73,69.505,69.59,518322
2025-10-16T15:00:00.000Z,69.59,69.735,69.4242,69.445,610570
2025-10-16T15:30:00.000Z,69.43,69.53,69.1801,69.365,539733
2025-10-16T16:00:00.000Z,69.36,69.4,69.08,69.1,498707
2025-10-16T16:30:00.000Z,69.09,69.27,68.78,69.25,527441
2025-10-16T17:00:00.000Z,69.25,69.365,68.99,69.2452,360719
2025-10-16T17:30:00.000Z,69.25,69.29,68.965,69.07,363086
2025-10-16T18:00:00.000Z,69.07,69.105,68.6,68.68,617571
2025-10-16T18:30:00.000Z,68.665,69.015,68.57,68.93,384933
2025-10-16T19:00:00.000Z,68.94,68.945,68.665,68.785,412282
2025-10-16T19:30:00.000Z,68.79,69.12,68.725,69.08,1508008
2025-10-17T13:30:00.000Z,69.06,69.66,68.95,69.36,1469281
2025-10-17T14:00:00.000Z,69.36,69.69,69.155,69.505,645959
2025-10-17T14:30:00.000Z,69.504,69.675,69.405,69.5617,544699
2025-10-17T15:00:00.000Z,69.56,69.75,69.4,69.455,827241
2025-10-17T15:30:00.000Z,69.46,70.025,69.365,69.91,959338
2025-10-17T16:00:00.000Z,69.91,70.275,69.905,70.255,742036
2025-10-17T16:30:00.000Z,70.25,70.315,70.025,70.105,651653
2025-10-17T17:00:00.000Z,70.1002,70.19,70.005,70.125,606318
2025-10-17T17:30:00.000Z,70.1265,70.255,70.015,70.23,533758
2025-10-17T18:00:00.000Z,70.24,70.77,70.24,70.57,1095792
2025-10-17T18:30:00.000Z,70.58,70.645,70.475,70.49,646956
2025-10-17T19:00:00.000Z,70.495,70.63,70.43,70.435,731171
2025-10-17T19:30:00.000Z,70.435,70.44,70.11,70.121,1839000
2025-10-20T13:30:00.000Z,70.12,70.97,70.12,70.45,937792
2025-10-20T14:00:00.000Z,70.455,70.61,70.33,70.345,668670
2025-10-20T14:30:00.000Z,70.345,70.67,70.255,70.565,452708
2025-10-20T15:00:00.000Z,70.565,70.595,70.36,70.39,631982
2025-10-20T15:30:00.000Z,70.4,70.4401,70.3079,70.3585,416605
2025-10-20T16:00:00.000Z,70.36,70.445,70.32,70.4101,309714
2025-10-20T16:30:00.000Z,70.42,70.48,70.34,70.425,277685
2025-10-20T17:00:00.000Z,70.425,70.5356,70.425,70.495,249967
2025-10-20T17:30:00.000Z,70.4981,70.585,70.455,70.585,313247
2025-10-20T18:00:00.000Z,70.585,70.665,70.5,70.51,303431
2025-10-20T18:30:00.000Z,70.515,70.52,70.275,70.4499,298900
2025-10-20T19:00:00.000Z,70.4451,70.525,70.415,70.48,467877
2025-10-20T19:30:00.000Z,70.485,70.76,70.4644,70.61,1802154
2025-10-21T13:30:00.000Z,70.58,70.82,70.38,70.715,891519
2025-10-21T14:00:00.000Z,70.72,70.945,70.59,70.745,758768
2025-10-21T14:30:00.000Z,70.75,71.045,70.695,70.905,872828
2025-10-21T15:00:00.000Z,70.905,71.03,70.87,70.98,380260
2025-10-21T15:30:00.000Z,70.98,71.1751,70.9701,71.065,409679
2025-10-21T16:00:00.000Z,71.065,71.16,71.035,71.125,447708
2025-10-21T16:30:00.000Z,71.13,71.22,71.1019,71.19,486993
2025-10-21T17:00:00.000Z,71.185,71.2375,70.9,70.935,538035
2025-10-21T17:30:00.000Z,70.94,70.955,70.8587,70.925,428509
2025-10-21T18:00:00.000Z,70.925,71.02,70.845,70.845,1423947
2025-10-21T18:30:00.000Z,70.845,70.935,70.73,70.77,531479
2025-10-21T19:00:00.000Z,70.76,70.805,70.65,70.6507,454271
2025-10-21T19:30:00.000Z,70.655,70.9,70.545,70.7,2540513
2025-10-22T13:30:00.000Z,70.86,70.97,70.145,70.32,1304076
2025-10-22T14:00:00.000Z,70.31,70.415,70.195,70.235,870936
2025-10-22T14:30:00.000Z,70.235,70.4,70.16,70.395,1477442
2025-10-22T15:00:00.000Z,70.39,70.55,69.96,70.1,741055
2025-10-22T15:30:00.000Z,70.1,70.46,70.01,70.41,659515
2025-10-22T16:00:00.000Z,70.41,70.435,70.17,70.2,432403
2025-10-22T16:30:00.000Z,70.205,70.35,69.89,70.195,725992
2025-10-22T17:00:00.000Z,70.19,70.2714,69.92,70.055,561084
2025-10-22T17:30:00.000Z,70.055,70.19,69.85,70.075,795310
2025-10-22T18:00:00.000Z,70.075,70.26,69.965,70.155,708991
2025-10-22T18:30:00.000Z,70.155,70.245,70.065,70.23,556358
2025-10-22T19:00:00.000Z,70.235,70.48,70.16,70.395,658098
2025-10-22T19:30:00.000Z,70.4,70.69,70.4,70.65,1631814
2025-10-23T13:30:00.000Z,70.6,70.98,70.515,70.98,1705885
2025-10-23T14:00:00.000Z,70.98,71.215,70.93,70.995,1124354
2025-10-23T14:30:00.000Z,71,71.235,71,71.06,526833
2025-10-23T15:00:00.000Z,71.065,71.125,70.89,71.095,778520
2025-10-23T15:30:00.000Z,71.1,71.15,70.85,70.89,1161185
2025-10-23T16:00:00.000Z,70.885,70.91,70.75,70.76,499677
2025-10-23T16:30:00.000Z,70.765,70.815,70.66,70.665,484493
2025-10-23T17:00:00.000Z,70.66,70.71,70.5,70.555,657314
2025-10-23T17:30:00.000Z,70.555,70.65,70.53,70.575,609729
2025-10-23T18:00:00.000Z,70.575,70.5778,70.33,70.34,480332
2025-10-23T18:30:00.000Z,70.345,70.475,70.345,70.4642,618730
2025-10-23T19:00:00.000Z,70.47,70.505,70.2635,70.3001,782717
2025-10-23T19:30:00.000Z,70.295,70.38,70.23,70.277,1649079
2025-10-24T13:30:00.000Z,70.635,70.8,70.06,70.355,1525380
2025-10-24T14:00:00.000Z,70.33,70.57,70.23,70.495,662841
2025-10-24T14:30:00.000Z,70.49,70.72,70.44,70.53,668727
2025-10-24T15:00:00.000Z,70.535,70.66,70.525,70.625,424815
2025-10-24T15:30:00.000Z,70.63,70.665,70.58,70.645,423253
2025-10-24T16:00:00.000Z,70.645,70.65,70.475,70.555,396099
2025-10-24T16:30:00.000Z,70.555,70.565,70.28,70.455,400897
2025-10-24T17:00:00.000Z,70.45,70.4899,70.36,70.415,379231
2025-10-24T17:30:00.000Z,70.415,70.59,70.405,70.455,457983
2025-10-24T18:00:00.000Z,70.45,70.79,70.445,70.785,680574
2025-10-24T18:30:00.000Z,70.79,70.905,70.74,70.895,558203
2025-10-24T19:00:00.000Z,70.895,70.94,70.67,70.7,688500
2025-10-24T19:30:00.000Z,70.71,70.8,70.59,70.63,1900479
2025-10-27T13:30:00.000Z,70.54,71.1,70.47,70.505,1199418
2025-10-27T14:00:00.000Z,70.505,70.79,70.43,70.7284,687525
2025-10-27T14:30:00.000Z,70.72,71,70.7,70.815,775709
2025-10-27T15:00:00.000Z,70.815,71.03,70.72,70.985,721436
2025-10-27T15:30:00.000Z,70.985,71.075,70.92,71.07,498271
2025-10-27T16:00:00.000Z,71.06,71.3,71.0401,71.2662,825737
2025-10-27T16:30:00.000Z,71.265,71.45,71.265,71.425,502742
2025-10-27T17:00:00.000Z,71.425,71.46,71.1,71.13,606622
2025-10-27T17:30:00.000Z,71.135,71.17,70.9801,70.995,883401
2025-10-27T18:00:00.000Z,70.9942,71.23,70.9942,71.14,466575
2025-10-27T18:30:00.000Z,71.135,71.27,71.035,71.235,526236
2025-10-27T19:00:00.000Z,71.24,71.2501,71.135,71.215,656998
2025-10-27T19:30:00.000Z,71.211,71.45,71.18,71.365,2173034
2025-10-28T13:30:00.000Z,71.2,71.66,71.03,71.3,1053650
2025-10-28T14:00:00.000Z,71.29,71.745,71.26,71.73,621432
2025-10-28T14:30:00.000Z,71.725,71.86,71.52,71.585,788240
2025-10-28T15:00:00.000Z,71.585,71.605,71.425,71.525,629225
2025-10-28T15:30:00.000Z,71.52,71.56,71.075,71.5401,1140424
2025-10-28T16:00:00.000Z,71.545,71.755,71.49,71.735,460483
2025-10-28T16:30:00.000Z,71.735,71.89,71.625,71.8207,769962
2025-10-28T17:00:00.000Z,71.825,72.23,71.825,72.1801,1235934
2025-10-28T17:30:00.000Z,72.19,72.22,71.75,71.905,856835
2025-10-28T18:00:00.000Z,71.905,72.15,71.885,72.14,824438
2025-10-28T18:30:00.000Z,72.14,72.52,72.12,72.51,1162001
2025-10-28T19:00:00.000Z,72.505,72.505,72.38,72.4801,893733
2025-10-28T19:30:00.000Z,72.4893,72.68,72.3,72.63,3771443
2025-10-29T13:30:00.000Z,72.68,72.68,71.8,72.385,2158355
2025-10-29T14:00:00.000Z,72.385,72.82,72.35,72.51,1406976
2025-10-29T14:30:00.000Z,72.515,72.7,72.38,72.655,1123698
2025-10-29T15:00:00.000Z,72.655,72.675,72.19,72.215,733224
2025-10-29T15:30:00.000Z,72.215,72.375,71.995,72.025,734471
2025-10-29T16:00:00.000Z,72.025,72.29,72.01,72.2647,449023
2025-10-29T16:30:00.000Z,72.265,72.34,72.135,72.165,430034
2025-10-29T17:00:00.000Z,72.16,72.195,71.9,71.905,359343
2025-10-29T17:30:00.000Z,71.9,71.9,71.57,71.6,560722
2025-10-29T18:00:00.000Z,71.61,71.73,71.535,71.645,542720
2025-10-29T18:30:00.000Z,71.65,71.71,71.185,71.34,1440717
2025-10-29T19:00:00.000Z,71.36,71.41,71.07,71.0851,999817
2025-10-29T19:30:00.000Z,71.085,71.38,70.915,71.34,2125675
2025-10-30T13:30:00.000Z,71.37,72.42,71.34,72.38,1635297
2025-10-30T14:00:00.000Z,72.37,72.42,71.9501,72.04,614401
2025-10-30T14:30:00.000Z,72.05,72.28,72.045,72.25,615679
2025-10-30T15:00:00.000Z,72.26,72.36,72.14,72.3097,534163
2025-10-30T15:30:00.000Z,72.305,72.6,72.16,72.51,796695
2025-10-30T16:00:00.000Z,72.515,72.86,72.41,72.704,1425503
2025-10-30T16:30:00.000Z,72.7,72.775,72.54,72.686,580824
2025-10-30T17:00:00.000Z,72.68,72.75,72.59,72.7441,428767
2025-10-30T17:30:00.000Z,72.744,72.84,72.66,72.8,450867
2025-10-30T18:00:00.000Z,72.7999,72.8083,72.615,72.745,726522
2025-10-30T18:30:00.000Z,72.75,72.935,72.73,72.85,686435
2025-10-30T19:00:00.000Z,72.84,72.88,72.655,72.795,1023689
2025-10-30T19:30:00.000Z,72.79,73.11,72.785,72.91,4045792
2025-10-31T13:30:00.000Z,72.72,72.845,72.43,72.655,1559300
2025-10-31T14:00:00.000Z,72.66,73.34,72.585,73.27,1349411
2025-10-31T14:30:00.000Z,73.27,73.38,73.095,73.235,792365
2025-10-31T15:00:00.000Z,73.235,73.26,72.955,72.975,683374
2025-10-31T15:30:00.000Z,72.975,73.16,72.875,73.015,1068604
2025-10-31T16:00:00.000Z,73.01,73.01,72.7,72.905,838371
2025-10-31T16:30:00.000Z,72.9,73.05,72.61,72.71,727998
2025-10-31T17:00:00.000Z,72.71,72.885,72.67,72.83,1208816
2025-10-31T17:30:00.000Z,72.835,72.905,72.6,72.81,599164
2025-10-31T18:00:00.000Z,72.81,73.06,72.8,73.035,501813
2025-10-31T18:30:00.000Z,73.035,73.21,72.995,73.1973,579562
2025-10-31T19:00:00.000Z,73.195,73.385,73.09,73.375,804325
2025-10-31T19:30:00.000Z,73.375,73.48,72.975,73.09,5994692
2025-11-03T14:30:00.000Z,74.61,74.838,73.6243,74.28,2825311
2025-11-03T15:00:00.000Z,74.29,74.695,73.98,74.02,1993813
2025-11-03T15:30:00.000Z,74.015,74.25,73.825,74.245,989135
2025-11-03T16:00:00.000Z,74.245,74.31,73.85,74.065,830667
2025-11-03T16:30:00.000Z,74.06,74.42,74.055,74.275,1144569
2025-11-03T17:00:00.000Z,74.275,74.55,74.19,74.365,1460301
2025-11-03T17:30:00.000Z,74.365,74.46,74.15,74.44,811069
2025-11-03T18:00:00.000Z,74.45,74.5893,74.41,74.5114,863472
2025-11-03T18:30:00.000Z,74.515,74.62,74.275,74.485,778868
2025-11-03T19:00:00.000Z,74.485,74.5659,74.34,74.435,683969
2025-11-03T19:30:00.000Z,74.435,74.47,74.29,74.3,832625
2025-11-03T20:00:00.000Z,74.31,74.525,74.275,74.52,912209
2025-11-03T20:30:00.000Z,74.525,74.61,74.355,74.47,2756581
2025-11-04T14:30:00.000Z,73.9,73.99,72.36,73.495,2912958
2025-11-04T15:00:00.000Z,73.49,73.64,73.345,73.465,1122706
2025-11-04T15:30:00.000Z,73.47,73.53,73.205,73.24,1092205
2025-11-04T16:00:00.000Z,73.245,73.32,73.155,73.1751,753085
2025-11-04T16:30:00.000Z,73.17,73.22,72.95,73.0551,830786
2025-11-04T17:00:00.000Z,73.05,73.06,72.86,72.955,542680
2025-11-04T17:30:00.000Z,72.955,73.005,72.795,72.83,530236
2025-11-04T18:00:00.000Z,72.83,72.955,72.77,72.885,651224
2025-11-04T18:30:00.000Z,72.885,72.98,72.73,72.765,758602
2025-11-04T19:00:00.000Z,72.765,72.91,72.66,72.88,634755
2025-11-04T19:30:00.000Z,72.88,72.8999,72.6,72.625,724584
2025-11-04T20:00:00.000Z,72.63,72.635,72.37,72.465,1430963
2025-11-04T20:30:00.000Z,72.4619,72.675,71.98,72.33,4163629
2025-11-05T14:30:00.000Z,72.22,72.22,71.34,72.005,1418443
2025-11-05T15:00:00.000Z,71.99,72.045,71.61,71.7982,892345
2025-11-05T15:30:00.000Z,71.795,71.8624,71.54,71.605,1005205
2025-11-05T16:00:00.000Z,71.61,71.9125,71.61,71.81,1030346
2025-11-05T16:30:00.000Z,71.81,72.025,71.69,71.95,735891
2025-11-05T17:00:00.000Z,71.955,72.125,71.715,72.09,632088
2025-11-05T17:30:00.000Z,72.09,72.195,72.04,72.175,597736
2025-11-05T18:00:00.000Z,72.18,72.355,72.095,72.315,602332
2025-11-05T18:30:00.000Z,72.31,72.58,72.305,72.505,752616
2025-11-05T19:00:00.000Z,72.505,72.555,72.375,72.505,665122
2025-11-05T19:30:00.000Z,72.505,72.53,72.37,72.45,928240
2025-11-05T20:00:00.000Z,72.445,72.485,72.305,72.3159,675371
2025-11-05T20:30:00.000Z,72.315,72.37,72.05,72.1,2113826
2025-11-06T14:30:00.000Z,71.71,72.23,71.59,71.61,1670184
2025-11-06T15:00:00.000Z,71.6,71.74,71.125,71.43,1077774
2025-11-06T15:30:00.000Z,71.44,71.565,71.065,71.245,883034
2025-11-06T16:00:00.000Z,71.245,71.53,70.985,71.12,770961
2025-11-06T16:30:00.000Z,71.12,71.145,70.98,71.025,565376
2025-11-06T17:00:00.000Z,71.025,71.085,70.73,70.84,491862
2025-11-06T17:30:00.000Z,70.83,71.075,70.6903,70.94,620486
2025-11-06T18:00:00.000Z,70.95,71.12,70.835,71.075,428532
2025-11-06T18:30:00.000Z,71.06,71.24,71.06,71.15,499684
2025-11-06T19:00:00.000Z,71.145,71.465,71.135,71.44,456484
2025-11-06T19:30:00.000Z,71.435,71.47,71.31,71.425,418443
2025-11-06T20:00:00.000Z,71.425,71.45,71.22,71.235,657510
2025-11-06T20:30:00.000Z,71.23,71.337,70.93,71.06,2308105
2025-11-07T14:30:00.000Z,71.385,71.5,70.77,71.35,1770534
2025-11-07T15:00:00.000Z,71.36,71.585,71.12,71.24,1316788
2025-11-07T15:30:00.000Z,71.25,71.28,71.12,71.18,643612
2025-11-07T16:00:00.000Z,71.1787,71.235,70.935,70.95,1197866
2025-11-07T16:30:00.000Z,70.94,71.03,70.74,70.79,660736
2025-11-07T17:00:00.000Z,70.785,70.96,70.57,70.83,681220
2025-11-07T17:30:00.000Z,70.82,70.87,70.54,70.74,518274
2025-11-07T18:00:00.000Z,70.74,70.86,70.62,70.78,483671
2025-11-07T18:30:00.000Z,70.78,70.91,70.65,70.81,467149
2025-11-07T19:00:00.000Z,70.825,70.825,70.655,70.725,428361
2025-11-07T19:30:00.000Z,70.73,71.01,70.73,70.9899,629500
2025-11-07T20:00:00.000Z,70.98,71.0084,70.8518,70.91,670855
2025-11-07T20:30:00.000Z,70.91,71.135,70.88,71.08,1982296
2025-11-10T14:30:00.000Z,71.76,72.5,71.68,72.1236,1925865
2025-11-10T15:00:00.000Z,72.12,72.34,72,72.08,1114923
2025-11-10T15:30:00.000Z,72.0718,72.14,71.645,71.685,922810
2025-11-10T16:00:00.000Z,71.68,71.91,71.43,71.49,1682230
2025-11-10T16:30:00.000Z,71.495,71.58,71.1539,71.4145,1223473
2025-11-10T17:00:00.000Z,71.41,71.5199,71.3018,71.47,789439
2025-11-10T17:30:00.000Z,71.47,71.73,71.45,71.6858,753943
2025-11-10T18:00:00.000Z,71.685,71.795,71.67,71.745,608104
2025-11-10T18:30:00.000Z,71.745,71.95,71.742,71.8702,547296
2025-11-10T19:00:00.000Z,71.875,72.07,71.86,71.995,718942
2025-11-10T19:30:00.000Z,71.995,72.04,71.975,71.99,788756
2025-11-10T20:00:00.000Z,71.99,72.03,71.91,71.945,1092520
2025-11-10T20:30:00.000Z,71.945,72.21,71.86,72.09,3155365
2025-11-11T14:30:00.000Z,71.74,72.25,71.31,71.41,2626372
2025-11-11T15:00:00.000Z,71.41,71.485,71.095,71.395,1397960
2025-11-11T15:30:00.000Z,71.39,71.69,71.21,71.3051,1057973
2025-11-11T16:00:00.000Z,71.305,71.56,71.2701,71.41,616254
2025-11-11T16:30:00.000Z,71.405,71.415,71.11,71.14,984664
2025-11-11T17:00:00.000Z,71.13,71.44,71.1,71.4301,687983
2025-11-11T17:30:00.000Z,71.44,71.925,71.435,71.88,753466
2025-11-11T18:00:00.000Z,71.88,72.1751,71.82,71.885,1077661
2025-11-11T18:30:00.000Z,71.885,71.89,71.705,71.835,1217974
2025-11-11T19:00:00.000Z,71.83,71.94,71.705,71.885,980564
2025-11-11T19:30:00.000Z,71.885,71.925,71.67,71.705,789114
2025-11-11T20:00:00.000Z,71.7,71.9,71.675,71.785,800173
2025-11-11T20:30:00.000Z,71.785,71.99,71.65,71.75,3498224
2025-11-12T14:30:00.000Z,71.905,72.49,71.72,72.0051,3839957
2025-11-12T15:00:00.000Z,72.005,72.335,71.92,72.3159,2182316
2025-11-12T15:30:00.000Z,72.315,72.845,72.3,72.77,2225601
2025-11-12T16:00:00.000Z,72.77,73.13,72.73,73.0901,2469766
2025-11-12T16:30:00.000Z,73.095,73.265,72.97,73.09,2134029
2025-11-12T17:00:00.000Z,73.09,73.205,72.9839,73.155,2355462
2025-11-12T17:30:00.000Z,73.155,73.48,73.125,73.4639,1984333
2025-11-12T18:00:00.000Z,73.465,73.58,73.325,73.575,1920589
2025-11-12T18:30:00.000Z,73.575,73.9,73.47,73.695,3149942
2025-11-12T19:00:00.000Z,73.69,73.86,73.485,73.73,2062501
2025-11-12T19:30:00.000Z,73.72,73.965,73.415,73.515,2327020
2025-11-12T20:00:00.000Z,73.515,73.7,73.305,73.575,3579170
2025-11-12T20:30:00.000Z,73.57,74.21,73.315,73.98,9585560
2025-11-13T14:30:00.000Z,77.95,79.5,76.65,77.15,12335124
2025-11-13T15:00:00.000Z,77.14,77.65,76.88,77.455,4597639
2025-11-13T15:30:00.000Z,77.455,77.49,76.71,76.924,3743482
2025-11-13T16:00:00.000Z,76.93,77.385,76.82,77.23,2647441
2025-11-13T16:30:00.000Z,77.22,77.4251,77.13,77.415,2066265
2025-11-13T17:00:00.000Z,77.415,77.6,77.2,77.2448,1829208
2025-11-13T17:30:00.000Z,77.245,77.325,76.895,76.95,1362948
2025-11-13T18:00:00.000Z,76.95,77.26,76.73,76.735,1849287
2025-11-13T18:30:00.000Z,76.75,77.695,76.715,77.605,2646368
2025-11-13T19:00:00.000Z,77.61,77.665,77.31,77.545,2131109
2025-11-13T19:30:00.000Z,77.55,77.63,76.98,77.08,1954938
2025-11-13T20:00:00.000Z,77.08,77.215,76.855,77.14,2275605
2025-11-13T20:30:00.000Z,77.13,77.94,77.095,77.42,7937863
2025-11-14T14:30:00.000Z,76.58,77.5802,75.8401,76.85,5963468
2025-11-14T15:00:00.000Z,76.84,77.6,76.665,77.56,2665925
2025-11-14T15:30:00.000Z,77.545,77.78,77.215,77.765,1808733
2025-11-14T16:00:00.000Z,77.77,78.3151,77.295,78.285,2433903
2025-11-14T16:30:00.000Z,78.285,78.565,78.1,78.19,2461645
2025-11-14T17:00:00.000Z,78.19,78.27,77.97,78.2601,1394071
2025-11-14T17:30:00.000Z,78.265,78.45,78.085,78.1741,1088772
2025-11-14T18:00:00.000Z,78.17,78.17,77.775,77.9239,982099
2025-11-14T18:30:00.000Z,77.925,78.625,77.92,78.52,2965814
2025-11-14T19:00:00.000Z,78.52,78.665,78.245,78.36,2098815
2025-11-14T19:30:00.000Z,78.37,78.58,78.28,78.565,1269202
2025-11-14T20:00:00.000Z,78.57,78.59,78.25,78.345,1965448
2025-11-14T20:30:00.000Z,78.34,78.48,77.91,78.03,5082295
2025-11-17T14:30:00.000Z,77.885,78.885,77.5,78.655,2831886
2025-11-17T15:00:00.000Z,78.65,79.3399,78.56,79.165,2626876
2025-11-17T15:30:00.000Z,79.165,79.26,78.79,79.255,1618936
2025-11-17T16:00:00.000Z,79.26,79.37,78.81,79.06,1735974
2025-11-17T16:30:00.000Z,79.055,79.39,79.01,79.185,1112112
2025-11-17T17:00:00.000Z,79.19,79.325,79.05,79.3,1024561
2025-11-17T17:30:00.000Z,79.295,79.335,78.5,78.5123,813929
2025-11-17T18:00:00.000Z,78.51,78.5699,78.32,78.435,730378
2025-11-17T18:30:00.000Z,78.435,78.74,78.34,78.34,909319
2025-11-17T19:00:00.000Z,78.33,78.35,77.825,77.9842,1234984
2025-11-17T19:30:00.000Z,77.985,78.045,77.615,77.625,997597
2025-11-17T20:00:00.000Z,77.62,77.695,77.465,77.6,1171584
2025-11-17T20:30:00.000Z,77.6,77.92,77.47,77.8,3266392
2025-11-18T14:30:00.000Z,77.55,78.2,77.05,77.59,2371414
2025-11-18T15:00:00.000Z,77.58,77.635,76.94,77.21,2408941
2025-11-18T15:30:00.000Z,77.22,77.3351,76.665,76.74,1956052
2025-11-18T16:00:00.000Z,76.75,76.91,76.45,76.83,2133489
2025-11-18T16:30:00.000Z,76.84,77.01,76.71,76.83,1065641
2025-11-18T17:00:00.000Z,76.825,77.095,76.7,76.7456,862026
2025-11-18T17:30:00.000Z,76.73,77.22,76.59,77.145,938334
2025-11-18T18:00:00.000Z,77.16,77.395,77.11,77.185,754288
2025-11-18T18:30:00.000Z,77.185,77.5,77.185,77.315,893402
2025-11-18T19:00:00.000Z,77.32,77.49,77.185,77.4508,818830
2025-11-18T19:30:00.000Z,77.46,77.705,77.425,77.645,1166307
2025-11-18T20:00:00.000Z,77.65,77.71,77.4417,77.57,1092811
2025-11-18T20:30:00.000Z,77.575,77.715,77.345,77.38,3936131
2025-11-19T14:30:00.000Z,77.3,78.615,77.16,78.365,2532937
2025-11-19T15:00:00.000Z,78.37,78.665,78.04,78.635,1431770
2025-11-19T15:30:00.000Z,78.64,78.84,78.23,78.295,1306683
2025-11-19T16:00:00.000Z,78.295,78.405,77.9,77.996,2020194
2025-11-19T16:30:00.000Z,78,78.535,77.895,78.535,986779
2025-11-19T17:00:00.000Z,78.535,78.5999,78.145,78.265,912769
2025-11-19T17:30:00.000Z,78.255,78.47,78.135,78.26,1150320
2025-11-19T18:00:00.000Z,78.255,78.525,78.23,78.34,824948
2025-11-19T18:30:00.000Z,78.345,78.78,78.26,78.745,882584
2025-11-19T19:00:00.000Z,78.76,78.76,78.425,78.45,1309420
2025-11-19T19:30:00.000Z,78.46,78.72,78.31,78.58,822345
2025-11-19T20:00:00.000Z,78.575,78.93,78.57,78.755,1141316
2025-11-19T20:30:00.000Z,78.755,78.93,78.31,78.38,3603197
2025-11-20T14:30:00.000Z,79.12,79.855,78.78,79.81,2535036
2025-11-20T15:00:00.000Z,79.81,79.86,79.4165,79.7,1493082
2025-11-20T15:30:00.000Z,79.71,80.055,79.575,79.595,2252726
2025-11-20T16:00:00.000Z,79.595,79.6,78.89,78.94,1776624
2025-11-20T16:30:00.000Z,78.94,79.01,77.87,77.93,1854645
2025-11-20T17:00:00.000Z,77.92,78.08,77.0915,77.27,1711848
2025-11-20T17:30:00.000Z,77.26,77.37,76.56,76.69,1285633
2025-11-20T18:00:00.000Z,76.68,77.26,76.64,77.086,959731
2025-11-20T18:30:00.000Z,77.075,77.122,76.165,76.2501,1071398
2025-11-20T19:00:00.000Z,76.25,76.3,75.87,76.21,1270683
2025-11-20T19:30:00.000Z,76.2,76.33,75.935,76.31,979285
2025-11-20T20:00:00.000Z,76.305,76.355,76.035,76.15,1362867
2025-11-20T20:30:00.000Z,76.145,76.1866,75.32,75.46,3963193
2025-11-21T14:30:00.000Z,75.64,76.27,75.47,76.027,3203151
2025-11-21T15:00:00.000Z,76.005,76.55,75.91,76.07,1834278
2025-11-21T15:30:00.000Z,76.06,76.35,75.77,76.06,1598311
2025-11-21T16:00:00.000Z,76.05,76.265,75.76,76.255,1324090
2025-11-21T16:30:00.000Z,76.26,76.485,75.995,76.465,915833
2025-11-21T17:00:00.000Z,76.47,76.61,76.18,76.365,1069882
2025-11-21T17:30:00.000Z,76.37,76.435,76.25,76.3,726948
2025-11-21T18:00:00.000Z,76.3,76.455,76.04,76.155,706684
2025-11-21T18:30:00.000Z,76.155,76.8,76.08,76.535,766902
2025-11-21T19:00:00.000Z,76.535,76.94,76.52,76.81,918903
2025-11-21T19:30:00.000Z,76.805,76.845,76.46,76.635,868782
2025-11-21T20:00:00.000Z,76.63,76.68,76.33,76.33,1103751
2025-11-21T20:30:00.000Z,76.32,76.53,75.975,76.11,3528793
2025-11-24T14:30:00.000Z,76.49,76.88,76.31,76.585,1198865
2025-11-24T15:00:00.000Z,76.585,76.62,76.22,76.39,887178
2025-11-24T15:30:00.000Z,76.38,76.57,76.28,76.44,632123
2025-11-24T16:00:00.000Z,76.45,76.5482,76.3401,76.455,663095
2025-11-24T16:30:00.000Z,76.44,76.62,76.385,76.47,697857
2025-11-24T17:00:00.000Z,76.475,76.5384,76.34,76.425,470648
2025-11-24T17:30:00.000Z,76.43,76.52,76.365,76.515,506397
2025-11-24T18:00:00.000Z,76.515,76.575,76.38,76.415,477654
2025-11-24T18:30:00.000Z,76.415,76.51,76.285,76.325,800839
2025-11-24T19:00:00.000Z,76.3255,76.335,76.17,76.205,713110
2025-11-24T19:30:00.000Z,76.21,76.22,76.02,76.16,662993
2025-11-24T20:00:00.000Z,76.17,76.36,76.14,76.335,767616
2025-11-24T20:30:00.000Z,76.33,76.49,75.68,76.21,3978332
2025-11-25T14:30:00.000Z,76.49,77.06,76.075,76.46,1597746
2025-11-25T15:00:00.000Z,76.44,76.72,76.26,76.57,983960
2025-11-25T15:30:00.000Z,76.57,76.9,76.465,76.585,718015
2025-11-25T16:00:00.000Z,76.59,76.61,76.325,76.34,1277123
2025-11-25T16:30:00.000Z,76.35,76.39,76.09,76.195,725655
2025-11-25T17:00:00.000Z,76.2,76.315,76.085,76.3,598894
2025-11-25T17:30:00.000Z,76.3,76.45,76.26,76.315,666499
2025-11-25T18:00:00.000Z,76.315,76.475,76.24,76.4,542485
2025-11-25T18:30:00.000Z,76.401,76.77,76.32,76.575,547946
2025-11-25T19:00:00.000Z,76.585,76.64,76.37,76.41,556306
2025-11-25T19:30:00.000Z,76.41,76.525,76.32,76.405,817494
2025-11-25T20:00:00.000Z,76.405,76.45,76.27,76.28,488850
2025-11-25T20:30:00.000Z,76.285,76.53,76.2683,76.27,2034251
2025-11-26T14:30:00.000Z,76.455,76.6,75.43,75.497,2216802
2025-11-26T15:00:00.000Z,75.48,75.87,75.34,75.825,1263758
2025-11-26T15:30:00.000Z,75.825,76.11,75.805,76.035,972654
2025-11-26T16:00:00.000Z,76.04,76.21,76.03,76.175,555906
2025-11-26T16:30:00.000Z,76.18,76.47,76.115,76.425,680145
2025-11-26T17:00:00.000Z,76.425,76.505,76.305,76.475,459262
2025-11-26T17:30:00.000Z,76.47,76.6,76.345,76.38,430709
2025-11-26T18:00:00.000Z,76.385,76.4258,76.15,76.4,426212
2025-11-26T18:30:00.000Z,76.405,76.4699,76.33,76.35,373270
2025-11-26T19:00:00.000Z,76.35,76.455,76.23,76.325,581198
2025-11-26T19:30:00.000Z,76.33,76.3441,76.09,76.195,539286
2025-11-26T20:00:00.000Z,76.19,76.3,76.075,76.245,787849
2025-11-26T20:30:00.000Z,76.245,76.275,75.98,76.03,2348258
2025-11-28T14:30:00.000Z,76.14,76.22,75.81,76.05,739940
2025-11-28T15:00:00.000Z,76.05,76.4,76.05,76.39,575805
2025-11-28T15:30:00.000Z,76.39,76.54,76.335,76.48,487497
2025-11-28T16:00:00.000Z,76.48,76.635,76.42,76.49,480160
2025-11-28T16:30:00.000Z,76.49,76.75,76.47,76.685,437669
2025-11-28T17:00:00.000Z,76.685,76.845,76.63,76.655,576970
2025-11-28T17:30:00.000Z,76.65,76.96,76.56,76.93,1645777
2025-11-28T18:00:00.000Z,76.94,76.94,76.94,76.94,1863524
2025-12-01T14:30:00.000Z,76.665,76.818,76.34,76.645,1121473
2025-12-01T15:00:00.000Z,76.65,76.67,76.225,76.36,757188
2025-12-01T15:30:00.000Z,76.355,76.445,76.205,76.38,602764
2025-12-01T16:00:00.000Z,76.37,76.4701,76.0439,76.075,545406
2025-12-01T16:30:00.000Z,76.075,76.185,76.035,76.165,505635
2025-12-01T17:00:00.000Z,76.16,76.205,76.075,76.165,494151
2025-12-01T17:30:00.000Z,76.16,76.47,76.1115,76.31,748966
2025-12-01T18:00:00.000Z,76.3,76.355,76.225,76.315,465802
2025-12-01T18:30:00.000Z,76.31,76.41,76.255,76.36,446956
2025-12-01T19:00:00.000Z,76.365,76.365,76.14,76.155,465864
2025-12-01T19:30:00.000Z,76.16,76.305,76.075,76.23,450628
2025-12-01T20:00:00.000Z,76.23,76.3497,76.21,76.245,496586
2025-12-01T20:30:00.000Z,76.245,76.31,75.93,76.075,2660403
2025-12-02T14:30:00.000Z,76.155,76.31,75.855,75.995,931684
2025-12-02T15:00:00.000Z,75.995,76.3585,75.97,76.115,898102
2025-12-02T15:30:00.000Z,76.105,76.24,75.84,76.175,778255
2025-12-02T16:00:00.000Z,76.175,76.175,75.76,75.88,690484
2025-12-02T16:30:00.000Z,75.875,76.195,75.8,76.145,618659
2025-12-02T17:00:00.000Z,76.15,76.325,76.085,76.325,580948
2025-12-02T17:30:00.000Z,76.33,76.52,76.2,76.2,542220
2025-12-02T18:00:00.000Z,76.19,76.355,76.165,76.2401,389160
2025-12-02T18:30:00.000Z,76.245,76.55,76.215,76.5,508311
2025-12-02T19:00:00.000Z,76.495,76.81,76.495,76.675,625175
2025-12-02T19:30:00.000Z,76.675,76.965,76.67,76.865,642228
2025-12-02T20:00:00.000Z,76.8643,76.945,76.805,76.835,673530
2025-12-02T20:30:00.000Z,76.835,77,76.78,76.85,2113734
2025-12-03T14:30:00.000Z,76.585,76.765,75.65,76.11,1343685
2025-12-03T15:00:00.000Z,76.13,77.31,76.1,77.1,2155328
2025-12-03T15:30:00.000Z,77.095,77.385,77.05,77.18,1032400
2025-12-03T16:00:00.000Z,77.185,77.4,77.18,77.275,645894
2025-12-03T16:30:00.000Z,77.27,77.48,77.16,77.19,742790
2025-12-03T17:00:00.000Z,77.2,77.385,77.15,77.3234,543513
2025-12-03T17:30:00.000Z,77.33,77.355,77.215,77.265,357646
2025-12-03T18:00:00.000Z,77.27,77.405,77.255,77.35,399226
2025-12-03T18:30:00.000Z,77.355,77.45,77.24,77.445,485694
2025-12-03T19:00:00.000Z,77.44,77.57,77.43,77.545,398991
2025-12-03T19:30:00.000Z,77.545,77.59,77.49,77.5708,373888
2025-12-03T20:00:00.000Z,77.58,77.8165,77.575,77.8001,692672
2025-12-03T20:30:00.000Z,77.805,77.81,77.51,77.775,2165490
2025-12-04T14:30:00.000Z,77.69,77.8,77.285,77.395,1090926
2025-12-04T15:00:00.000Z,77.39,77.68,77.1651,77.54,1098496
2025-12-04T15:30:00.000Z,77.53,77.53,77.2115,77.47,853781
2025-12-04T16:00:00.000Z,77.465,77.53,77.32,77.4518,453494
2025-12-04T16:30:00.000Z,77.45,77.65,77.385,77.61,523535
2025-12-04T17:00:00.000Z,77.61,77.625,77.46,77.555,397929
2025-12-04T17:30:00.000Z,77.555,77.635,77.5,77.505,298364
2025-12-04T18:00:00.000Z,77.5,77.5045,77.3039,77.415,344996
2025-12-04T18:30:00.000Z,77.415,77.51,77.3,77.42,358665
2025-12-04T19:00:00.000Z,77.43,77.5,77.26,77.355,548108
2025-12-04T19:30:00.000Z,77.35,77.56,77.33,77.48,430708
2025-12-04T20:00:00.000Z,77.48,77.6199,77.341,77.525,500937
2025-12-04T20:30:00.000Z,77.525,77.86,77.22,77.755,1525685
2025-12-05T14:30:00.000Z,77.97,77.98,77.56,77.915,868521
2025-12-05T15:00:00.000Z,77.915,78.19,77.815,77.935,834182
2025-12-05T15:30:00.000Z,77.94,78.005,77.54,77.6144,878459
2025-12-05T16:00:00.000Z,77.6,77.67,77.475,77.515,516611
2025-12-05T16:30:00.000Z,77.515,77.68,77.395,77.625,428264
2025-12-05T17:00:00.000Z,77.61,77.8666,77.565,77.83,406277
2025-12-05T17:30:00.000Z,77.8271,78.039,77.75,77.9939,435010
2025-12-05T18:00:00.000Z,78,78.015,77.825,77.975,354085
2025-12-05T18:30:00.000Z,77.97,78.135,77.96,77.975,503882
2025-12-05T19:00:00.000Z,77.975,78.015,77.815,77.855,464863
2025-12-05T19:30:00.000Z,77.855,77.97,77.785,77.92,539365
2025-12-05T20:00:00.000Z,77.92,77.92,77.81,77.815,1254299
2025-12-05T20:30:00.000Z,77.81,78.07,77.75,77.95,1871015
2025-12-08T14:30:00.000Z,78.21,79.315,78.12,79.025,2064138
2025-12-08T15:00:00.000Z,79.025,79.35,79,79.215,1409596
2025-12-08T15:30:00.000Z,79.21,79.38,79.1,79.12,926510
2025-12-08T16:00:00.000Z,79.12,79.27,79.055,79.225,928175
2025-12-08T16:30:00.000Z,79.22,79.3,79.2,79.245,664018
2025-12-08T17:00:00.000Z,79.245,79.285,78.98,79.12,830959
2025-12-08T17:30:00.000Z,79.125,79.33,79.045,79.305,620693
2025-12-08T18:00:00.000Z,79.305,79.315,78.81,78.865,652341
2025-12-08T18:30:00.000Z,78.86,79.03,78.69,78.77,657404
2025-12-08T19:00:00.000Z,78.78,78.795,78.565,78.705,722916
2025-12-08T19:30:00.000Z,78.705,78.935,78.705,78.885,670210
2025-12-08T20:00:00.000Z,78.885,78.915,78.77,78.875,881347
2025-12-08T20:30:00.000Z,78.875,78.9,78.7,78.88,2144763
2025-12-09T14:30:00.000Z,78.79,79.09,78.51,78.86,1827332
2025-12-09T15:00:00.000Z,78.86,79.045,78.67,78.995,882542
2025-12-09T15:30:00.000Z,78.995,79.18,78.825,79.175,969023
2025-12-09T16:00:00.000Z,79.175,79.7,79.175,79.51,1021419
2025-12-09T16:30:00.000Z,79.504,79.74,79.504,79.62,784502
2025-12-09T17:00:00.000Z,79.625,79.675,79.54,79.545,658436
2025-12-09T17:30:00.000Z,79.545,79.745,79.535,79.745,506458
2025-12-09T18:00:00.000Z,79.75,79.88,79.735,79.815,706809
2025-12-09T18:30:00.000Z,79.8152,79.86,79.71,79.84,535577
2025-12-09T19:00:00.000Z,79.84,79.85,79.67,79.8,632925
2025-12-09T19:30:00.000Z,79.805,79.805,79.68,79.735,628993
2025-12-09T20:00:00.000Z,79.735,79.805,79.6642,79.75,794613
2025-12-09T20:30:00.000Z,79.74,79.84,79.385,79.52,2305611
2025-12-10T14:30:00.000Z,78.83,79.56,78.8,79.27,1626547
2025-12-10T15:00:00.000Z,79.27,79.38,79.08,79.21,757376
2025-12-10T15:30:00.000Z,79.2,79.47,79.16,79.3,821989
2025-12-10T16:00:00.000Z,79.31,79.775,79.21,79.765,855640
2025-12-10T16:30:00.000Z,79.77,79.915,79.755,79.9015,723070
2025-12-10T17:00:00.000Z,79.9,79.95,79.76,79.785,522910
2025-12-10T17:30:00.000Z,79.7849,79.855,79.63,79.817,543819
2025-12-10T18:00:00.000Z,79.81,79.96,79.75,79.81,449269
2025-12-10T18:30:00.000Z,79.81,79.99,79.765,79.94,547217
2025-12-10T19:00:00.000Z,79.945,80.235,79.92,80.0948,1177059
2025-12-10T19:30:00.000Z,80.1,80.59,79.98,80.5502,1492918
2025-12-10T20:00:00.000Z,80.555,80.77,80.53,80.655,1374149
2025-12-10T20:30:00.000Z,80.65,80.815,80.205,80.25,2758763
2025-12-11T14:30:00.000Z,80.24,80.37,79.373,79.45,2033481
2025-12-11T15:00:00.000Z,79.44,79.72,79.2,79.68,1097145
2025-12-11T15:30:00.000Z,79.65,79.705,79.035,79.295,780250
2025-12-11T16:00:00.000Z,79.295,79.485,78.985,79.015,886838
2025-12-11T16:30:00.000Z,79.01,79.415,78.825,78.905,740433
2025-12-11T17:00:00.000Z,78.91,79.28,78.895,79.205,863710
2025-12-11T17:30:00.000Z,79.2,79.44,79.135,79.315,884085
2025-12-11T18:00:00.000Z,79.31,79.645,79.255,79.64,522664
2025-12-11T18:30:00.000Z,79.645,79.81,79.57,79.6142,626396
2025-12-11T19:00:00.000Z,79.61,79.765,79.545,79.74,504944
2025-12-11T19:30:00.000Z,79.73,79.73,79.5,79.545,836650
2025-12-11T20:00:00.000Z,79.54,79.635,79.32,79.365,819256
2025-12-11T20:30:00.000Z,79.37,79.38,79.12,79.27,2691941
2025-12-12T14:30:00.000Z,79.46,79.555,78.65,78.9065,1324157
2025-12-12T15:00:00.000Z,78.9,78.9,78.355,78.39,876723
2025-12-12T15:30:00.000Z,78.4,78.735,78.3,78.45,887955
2025-12-12T16:00:00.000Z,78.45,78.56,78.135,78.335,1111081
2025-12-12T16:30:00.000Z,78.34,78.34,78.01,78.19,835571
2025-12-12T17:00:00.000Z,78.19,78.415,78.115,78.2,574758
2025-12-12T17:30:00.000Z,78.21,78.31,78.095,78.155,562691
2025-12-12T18:00:00.000Z,78.155,78.495,78.095,78.295,531372
2025-12-12T18:30:00.000Z,78.305,78.37,78.011,78.07,455422
2025-12-12T19:00:00.000Z,78.065,78.135,77.875,77.915,546556
2025-12-12T19:30:00.000Z,77.92,78.1198,77.875,78.1198,577804
2025-12-12T20:00:00.000Z,78.12,78.175,77.885,77.89,677088
2025-12-12T20:30:00.000Z,77.895,78.09,77.715,77.82,2494257
2025-12-15T14:30:00.000Z,78.21,78.44,78,78.11,1904586
2025-12-15T15:00:00.000Z,78.12,78.22,77.535,77.675,967466
2025-12-15T15:30:00.000Z,77.69,78.285,77.64,77.87,800905
2025-12-15T16:00:00.000Z,77.875,78.29,77.845,78.24,783425
2025-12-15T16:30:00.000Z,78.245,78.265,77.985,78.125,612768
2025-12-15T17:00:00.000Z,78.12,78.3,78.08,78.2799,564709
2025-12-15T17:30:00.000Z,78.275,78.365,78.21,78.36,641225
2025-12-15T18:00:00.000Z,78.355,78.485,78.3,78.3672,455700
2025-12-15T18:30:00.000Z,78.365,78.605,78.34,78.575,578807
2025-12-15T19:00:00.000Z,78.575,78.71,78.425,78.5232,535038
2025-12-15T19:30:00.000Z,78.525,78.6156,78.44,78.4552,511491
2025-12-15T20:00:00.000Z,78.455,78.4889,78.35,78.39,688775
2025-12-15T20:30:00.000Z,78.38,78.51,78.16,78.26,2304467
2025-12-16T14:30:00.000Z,78.105,78.608,77.82,78.55,1107339
2025-12-16T15:00:00.000Z,78.55,78.59,77.895,78.05,940439
2025-12-16T15:30:00.000Z,78.04,78.2099,77.9145,78.07,588268
2025-12-16T16:00:00.000Z,78.08,78.09,77.66,77.76,557048
2025-12-16T16:30:00.000Z,77.75,77.99,77.67,77.94,616121
2025-12-16T17:00:00.000Z,77.945,78.155,77.78,77.875,528937
2025-12-16T17:30:00.000Z,77.87,77.9751,77.565,77.61,744169
2025-12-16T18:00:00.000Z,77.61,77.63,77.38,77.42,576909
2025-12-16T18:30:00.000Z,77.4151,77.89,77.41,77.8142,761366
2025-12-16T19:00:00.000Z,77.81,77.8288,77.48,77.605,569381
2025-12-16T19:30:00.000Z,77.61,77.725,77.49,77.495,483402
2025-12-16T20:00:00.000Z,77.49,77.61,77.445,77.595,553308
2025-12-16T20:30:00.000Z,77.59,77.9,77.5,77.52,3517797
2025-12-17T14:30:00.000Z,77.9,78.2,77.14,77.37,1212677
2025-12-17T15:00:00.000Z,77.37,77.42,76.965,76.9842,1301089
2025-12-17T15:30:00.000Z,76.99,77.015,76.125,76.26,1070104
2025-12-17T16:00:00.000Z,76.26,76.735,76.24,76.68,735143
2025-12-17T16:30:00.000Z,76.68,76.68,76.33,76.445,956530
2025-12-17T17:00:00.000Z,76.445,76.505,76.23,76.415,839056
2025-12-17T17:30:00.000Z,76.42,76.565,76.21,76.4,650877
2025-12-17T18:00:00.000Z,76.41,76.555,76.245,76.315,533408
2025-12-17T18:30:00.000Z,76.31,76.34,76.08,76.19,508816
2025-12-17T19:00:00.000Z,76.21,76.235,76.045,76.145,480387
2025-12-17T19:30:00.000Z,76.14,76.35,76.095,76.175,626870
2025-12-17T20:00:00.000Z,76.18,76.21,76.065,76.17,682269
2025-12-17T20:30:00.000Z,76.17,76.24,75.92,76.01,3012472
2025-12-18T14:30:00.000Z,76.33,77.225,76.26,77.15,1537082
2025-12-18T15:00:00.000Z,77.14,77.17,76.445,76.975,1236661
2025-12-18T15:30:00.000Z,76.98,77.465,76.95,77.43,1125014
2025-12-18T16:00:00.000Z,77.43,77.8084,77.43,77.55,1245339
2025-12-18T16:30:00.000Z,77.545,77.6039,77.405,77.46,531726
2025-12-18T17:00:00.000Z,77.46,77.475,76.985,77.1401,766365
2025-12-18T17:30:00.000Z,77.145,77.47,77.085,77.35,453582
2025-12-18T18:00:00.000Z,77.35,77.49,77.27,77.475,682127
2025-12-18T18:30:00.000Z,77.47,77.6,77.33,77.35,453596
2025-12-18T19:00:00.000Z,77.345,77.355,77.09,77.1825,586537
2025-12-18T19:30:00.000Z,77.185,77.305,77,77.035,546448
2025-12-18T20:00:00.000Z,77.04,77.225,76.975,77.2,572016
2025-12-18T20:30:00.000Z,77.2,77.35,76.93,76.95,2222797
2025-12-19T14:30:00.000Z,76.97,78.11,76.785,78.07,6001189
2025-12-19T15:00:00.000Z,78.08,78.315,77.995,78.24,1394881
2025-12-19T15:30:00.000Z,78.245,78.415,78.105,78.215,850928
2025-12-19T16:00:00.000Z,78.215,78.34,78.1,78.195,619018
2025-12-19T16:30:00.000Z,78.195,78.26,78.055,78.19,584302
2025-12-19T17:00:00.000Z,78.2,78.485,78.19,78.375,688281
2025-12-19T17:30:00.000Z,78.38,78.74,78.365,78.545,680798
2025-12-19T18:00:00.000Z,78.545,78.775,78.53,78.71,660150
2025-12-19T18:30:00.000Z,78.715,78.9,78.65,78.78,588352
2025-12-19T19:00:00.000Z,78.78,78.885,78.76,78.84,599794
2025-12-19T19:30:00.000Z,78.8351,78.98,78.83,78.935,751992
2025-12-19T20:00:00.000Z,78.935,79,78.83,78.861,926574
2025-12-19T20:30:00.000Z,78.86,79.17,78.05,78.4,5572564
2025-12-22T14:30:00.000Z,79.015,79.145,78.2,78.23,1431335
2025-12-22T15:00:00.000Z,78.22,78.38,78.01,78.215,735633
2025-12-22T15:30:00.000Z,78.21,78.24,78.01,78.155,517439
2025-12-22T16:00:00.000Z,78.155,78.41,78.105,78.225,435383
2025-12-22T16:30:00.000Z,78.22,78.355,78.09,78.185,387108
2025-12-22T17:00:00.000Z,78.19,78.236,78.09,78.125,1553677
2025-12-22T17:30:00.000Z,78.12,78.25,78.08,78.245,340147
2025-12-22T18:00:00.000Z,78.245,78.25,78.041,78.08,293404
2025-12-22T18:30:00.000Z,78.08,78.2499,78.075,78.135,260212
2025-12-22T19:00:00.000Z,78.135,78.145,77.98,78.05,267562
2025-12-22T19:30:00.000Z,78.05,78.145,78.03,78.055,315796
2025-12-22T20:00:00.000Z,78.055,78.1,77.965,77.9901,425307
2025-12-22T20:30:00.000Z,77.995,78.195,77.955,78.11,1449020
2025-12-23T14:30:00.000Z,77.605,78.12,77.59,78.0334,869327
2025-12-23T15:00:00.000Z,78.035,78.06,77.75,77.805,507434
2025-12-23T15:30:00.000Z,77.8,77.855,77.635,77.73,641953
2025-12-23T16:00:00.000Z,77.735,77.905,77.61,77.87,478303
2025-12-23T16:30:00.000Z,77.8764,77.93,77.76,77.865,420496
2025-12-23T17:00:00.000Z,77.865,77.9,77.77,77.805,268659
2025-12-23T17:30:00.000Z,77.805,77.94,77.75,77.88,367309
2025-12-23T18:00:00.000Z,77.8732,78.06,77.8732,78.0201,298475
2025-12-23T18:30:00.000Z,78.03,78.09,77.9145,77.925,293014
2025-12-23T19:00:00.000Z,77.925,78.059,77.88,77.9251,335649
2025-12-23T19:30:00.000Z,77.925,77.93,77.79,77.825,498011
2025-12-23T20:00:00.000Z,77.825,77.825,77.69,77.745,575950
2025-12-23T20:30:00.000Z,77.74,78.085,77.665,77.99,1826506
2025-12-24T14:30:00.000Z,78.02,78.285,77.95,78.035,637063
2025-12-24T15:00:00.000Z,78.04,78.06,77.875,77.955,431195
2025-12-24T15:30:00.000Z,77.95,77.9981,77.845,77.9256,440667
2025-12-24T16:00:00.000Z,77.93,78,77.9,77.935,440236
2025-12-24T16:30:00.000Z,77.93,78.095,77.9,78.025,334516
2025-12-24T17:00:00.000Z,78.025,78.17,77.94,78.02,1300178
2025-12-24T17:30:00.000Z,78.03,78.185,77.95,78.03,958024
2025-12-24T18:00:00.000Z,78.02,78.02,78.02,78.02,894150
2025-12-26T14:30:00.000Z,78.095,78.275,77.93,78.045,647922
2025-12-26T15:00:00.000Z,78.045,78.145,77.945,78.0244,479252
2025-12-26T15:30:00.000Z,78.025,78.035,77.94,78.03,284052
2025-12-26T16:00:00.000Z,78.035,78.075,77.9301,78.065,316665
2025-12-26T16:30:00.000Z,78.065,78.115,78.025,78.065,192292
2025-12-26T17:00:00.000Z,78.065,78.095,77.99,78.0901,188189
2025-12-26T17:30:00.000Z,78.0901,78.115,77.995,78.09,161861
2025-12-26T18:00:00.000Z,78.09,78.115,78.0137,78.07,176810
2025-12-26T18:30:00.000Z,78.075,78.095,78,78.035,137931
2025-12-26T19:00:00.000Z,78.0325,78.05,77.9518,78,176940
2025-12-26T19:30:00.000Z,77.995,78.1899,77.995,78.185,241589
2025-12-26T20:00:00.000Z,78.18,78.18,78.055,78.06,283605
2025-12-26T20:30:00.000Z,78.065,78.1899,78.01,78.18,1148932
2025-12-29T14:30:00.000Z,78.03,78.2955,77.79,77.815,1087657
2025-12-29T15:00:00.000Z,77.81,77.875,77.57,77.82,501060
2025-12-29T15:30:00.000Z,77.82,77.9101,77.68,77.785,476951
2025-12-29T16:00:00.000Z,77.79,77.855,77.73,77.77,510914
2025-12-29T16:30:00.000Z,77.765,77.785,77.635,77.715,315482
2025-12-29T17:00:00.000Z,77.715,77.735,77.53,77.555,301670
2025-12-29T17:30:00.000Z,77.55,77.67,77.52,77.625,282145
2025-12-29T18:00:00.000Z,77.62,77.72,77.6,77.675,308451
2025-12-29T18:30:00.000Z,77.675,77.8312,77.675,77.72,278440
2025-12-29T19:00:00.000Z,77.72,77.7428,77.635,77.685,251265
2025-12-29T19:30:00.000Z,77.685,77.735,77.65,77.665,469233
2025-12-29T20:00:00.000Z,77.665,77.71,77.64,77.675,417908
2025-12-29T20:30:00.000Z,77.675,77.8,77.52,77.8,1593566
2025-12-30T14:30:00.000Z,77.81,77.81,77.21,77.48,850969
2025-12-30T15:00:00.000Z,77.48,77.51,77.22,77.2456,529699
2025-12-30T15:30:00.000Z,77.24,77.42,77.17,77.39,443505
2025-12-30T16:00:00.000Z,77.39,77.545,77.35,77.51,486266
2025-12-30T16:30:00.000Z,77.515,77.525,77.28,77.3,301399
2025-12-30T17:00:00.000Z,77.295,77.32,77.22,77.3,279685
2025-12-30T17:30:00.000Z,77.3,77.355,77.27,77.305,253504
2025-12-30T18:00:00.000Z,77.3,77.48,77.255,77.4744,956642
2025-12-30T18:30:00.000Z,77.475,77.5473,77.35,77.525,594615
2025-12-30T19:00:00.000Z,77.52,77.52,77.44,77.505,277665
2025-12-30T19:30:00.000Z,77.505,77.54,77.47,77.5399,573283
2025-12-30T20:00:00.000Z,77.53,77.575,77.47,77.48,349662
2025-12-30T20:30:00.000Z,77.475,77.59,77.35,77.4,1475392
2025-12-31T14:30:00.000Z,77.34,77.61,77.04,77.195,507987
2025-12-31T15:00:00.000Z,77.195,77.25,77.045,77.15,418016
2025-12-31T15:30:00.000Z,77.145,77.3,77.13,77.19,288055
2025-12-31T16:00:00.000Z,77.205,77.615,77.185,77.58,595440
2025-12-31T16:30:00.000Z,77.57,77.82,77.42,77.63,1900838
2025-12-31T17:00:00.000Z,77.63,77.6589,77.18,77.325,940375
2025-12-31T17:30:00.000Z,77.33,77.47,77.32,77.3766,381486
2025-12-31T18:00:00.000Z,77.38,77.47,77.33,77.395,244450
2025-12-31T18:30:00.000Z,77.395,77.54,77.385,77.535,328522
2025-12-31T19:00:00.000Z,77.535,77.585,77.405,77.415,419981
2025-12-31T19:30:00.000Z,77.415,77.42,77.285,77.345,340190
2025-12-31T20:00:00.000Z,77.345,77.3956,77.21,77.235,444687
2025-12-31T20:30:00.000Z,77.23,77.28,76.88,77.045,2136235
2026-01-02T14:30:00.000Z,76.645,76.95,75.875,76.285,2166463
2026-01-02T15:00:00.000Z,76.285,76.515,76.145,76.25,1034190
2026-01-02T15:30:00.000Z,76.245,76.6151,76.03,76.165,833583
2026-01-02T16:00:00.000Z,76.17,76.285,75.99,76.07,899774
2026-01-02T16:30:00.000Z,76.07,76.15,75.605,75.7243,757386
2026-01-02T17:00:00.000Z,75.725,75.97,75.655,75.88,510130
2026-01-02T17:30:00.000Z,75.885,75.96,75.69,75.7,589061
2026-01-02T18:00:00.000Z,75.705,75.9751,75.705,75.915,434563
2026-01-02T18:30:00.000Z,75.9169,76.02,75.78,75.875,487107
2026-01-02T19:00:00.000Z,75.88,76.18,75.85,76.175,575380
2026-01-02T19:30:00.000Z,76.1738,76.315,76.07,76.105,655962
2026-01-02T20:00:00.000Z,76.1,76.2,75.98,76.005,543680
2026-01-02T20:30:00.000Z,76.005,76.21,75.965,76.04,2333961
2026-01-05T14:30:00.000Z,76.45,76.7748,75.39,75.52,1789511
2026-01-05T15:00:00.000Z,75.53,75.76,75.205,75.74,1278549
2026-01-05T15:30:00.000Z,75.745,75.915,75.555,75.775,906942
2026-01-05T16:00:00.000Z,75.78,75.95,75.69,75.805,996670
2026-01-05T16:30:00.000Z,75.805,75.805,75.51,75.615,779638
2026-01-05T17:00:00.000Z,75.62,75.64,75.44,75.585,917594
2026-01-05T17:30:00.000Z,75.5834,75.65,75.405,75.535,636886
2026-01-05T18:00:00.000Z,75.535,75.73,75.535,75.73,506688
2026-01-05T18:30:00.000Z,75.735,75.84,75.4603,75.495,496111
2026-01-05T19:00:00.000Z,75.5,75.52,75.38,75.5,561753
2026-01-05T19:30:00.000Z,75.495,75.73,75.49,75.675,569255
2026-01-05T20:00:00.000Z,75.6756,75.815,75.615,75.665,879897
2026-01-05T20:30:00.000Z,75.66,75.77,75.49,75.59,1989360
2026-01-06T14:30:00.000Z,75.525,75.66,75.01,75.4,1575814
2026-01-06T15:00:00.000Z,75.405,75.51,75.24,75.395,941197
2026-01-06T15:30:00.000Z,75.38,75.595,75.155,75.18,688903
2026-01-06T16:00:00.000Z,75.17,75.31,75.115,75.215,629459
2026-01-06T16:30:00.000Z,75.22,75.27,75.06,75.165,751748
2026-01-06T17:00:00.000Z,75.165,75.165,74.81,74.9,966053
2026-01-06T17:30:00.000Z,74.9,75.175,74.885,75.135,772404
2026-01-06T18:00:00.000Z,75.13,75.245,74.925,75.14,610659
2026-01-06T18:30:00.000Z,75.1409,75.35,75.07,75.345,598808
2026-01-06T19:00:00.000Z,75.345,75.43,75.245,75.405,477921
2026-01-06T19:30:00.000Z,75.4,75.585,75.36,75.5755,840128
2026-01-06T20:00:00.000Z,75.57,75.725,75.305,75.4,1018958
2026-01-06T20:30:00.000Z,75.385,75.405,75.155,75.24,2716865
2026-01-07T14:30:00.000Z,75.12,75.3799,74.55,75.23,1908787
2026-01-07T15:00:00.000Z,75.245,75.295,75.025,75.115,973038
2026-01-07T15:30:00.000Z,75.12,75.13,74.58,74.73,1027082
2026-01-07T16:00:00.000Z,74.725,74.76,74.29,74.29,965423
2026-01-07T16:30:00.000Z,74.295,74.57,74.195,74.545,843762
2026-01-07T17:00:00.000Z,74.55,74.68,74.493,74.545,724913
2026-01-07T17:30:00.000Z,74.535,74.81,74.535,74.665,758694
2026-01-07T18:00:00.000Z,74.67,74.965,74.665,74.85,638788
2026-01-07T18:30:00.000Z,74.846,75.15,74.8,75.11,767035
2026-01-07T19:00:00.000Z,75.11,75.235,75.015,75.18,936608
2026-01-07T19:30:00.000Z,75.18,75.19,74.925,74.95,671857
2026-01-07T20:00:00.000Z,74.96,74.97,74.745,74.785,724834
2026-01-07T20:30:00.000Z,74.78,74.78,74.505,74.72,3211100
2026-01-08T14:30:00.000Z,74.31,74.46,73.845,73.975,1779664
2026-01-08T15:00:00.000Z,73.97,74.305,73.88,74.015,1052319
2026-01-08T15:30:00.000Z,74.015,74.15,73.87,74.15,973954
2026-01-08T16:00:00.000Z,74.15,74.215,73.79,73.925,965128
2026-01-08T16:30:00.000Z,73.92,73.93,73.66,73.7201,851474
2026-01-08T17:00:00.000Z,73.725,73.82,73.605,73.735,719317
2026-01-08T17:30:00.000Z,73.74,73.935,73.64,73.665,583013
2026-01-08T18:00:00.000Z,73.665,73.665,73.55,73.63,762058
2026-01-08T18:30:00.000Z,73.64,73.735,73.5901,73.625,532592
2026-01-08T19:00:00.000Z,73.62,73.79,73.605,73.78,657254
2026-01-08T19:30:00.000Z,73.775,73.865,73.67,73.81,562855
2026-01-08T20:00:00.000Z,73.81,74.01,73.81,73.975,576478
2026-01-08T20:30:00.000Z,73.98,74.06,73.845,73.935,1719389
2026-01-09T14:30:00.000Z,73.45,74.085,73.335,73.785,2253594
2026-01-09T15:00:00.000Z,73.77,74.19,73.55,74.045,1502537
2026-01-09T15:30:00.000Z,74.05,74.12,73.74,73.7741,1227846
2026-01-09T16:00:00.000Z,73.77,73.907,73.69,73.7336,944276
2026-01-09T16:30:00.000Z,73.735,74.005,73.72,73.765,685482
2026-01-09T17:00:00.000Z,73.765,73.815,73.7,73.715,513238
2026-01-09T17:30:00.000Z,73.7103,73.905,73.635,73.89,642563
2026-01-09T18:00:00.000Z,73.89,73.895,73.73,73.745,651589
2026-01-09T18:30:00.000Z,73.745,73.995,73.735,73.995,454546
2026-01-09T19:00:00.000Z,73.995,74.145,73.94,74.1238,676692
2026-01-09T19:30:00.000Z,74.12,74.3281,74.09,74.19,478777
2026-01-09T20:00:00.000Z,74.18,74.2493,74.155,74.18,623176
2026-01-09T20:30:00.000Z,74.175,74.25,73.81,73.867,2322991
2026-01-12T14:30:00.000Z,72.91,73.72,72.8,73.71,1860545
2026-01-12T15:00:00.000Z,73.71,73.8651,73.48,73.57,942017
2026-01-12T15:30:00.000Z,73.575,73.96,73.52,73.7544,1024816
2026-01-12T16:00:00.000Z,73.755,73.755,73.55,73.55,1002280
2026-01-12T16:30:00.000Z,73.55,73.84,73.465,73.835,613699
2026-01-12T17:00:00.000Z,73.835,73.96,73.6,73.655,680225
2026-01-12T17:30:00.000Z,73.655,73.89,73.591,73.8201,823222
2026-01-12T18:00:00.000Z,73.82,73.93,73.795,73.8499,496646
2026-01-12T18:30:00.000Z,73.8475,73.95,73.71,73.825,689519
2026-01-12T19:00:00.000Z,73.82,73.935,73.785,73.925,556924
2026-01-12T19:30:00.000Z,73.92,73.95,73.69,73.695,696733
2026-01-12T20:00:00.000Z,73.695,73.73,73.53,73.7234,862034
2026-01-12T20:30:00.000Z,73.72,74.05,73.695,73.99,2018948
2026-01-13T14:30:00.000Z,73.99,74.785,73.86,74.74,1407354
2026-01-13T15:00:00.000Z,74.73,74.975,74.61,74.95,928148
2026-01-13T15:30:00.000Z,74.95,75.02,74.71,74.9,981161
2026-01-13T16:00:00.000Z,74.91,74.91,74.57,74.685,741482
2026-01-13T16:30:00.000Z,74.685,74.86,74.61,74.75,847875
2026-01-13T17:00:00.000Z,74.755,74.79,74.53,74.695,541838
2026-01-13T17:30:00.000Z,74.7,74.885,74.61,74.73,862519
2026-01-13T18:00:00.000Z,74.72,74.915,74.65,74.74,1111680
2026-01-13T18:30:00.000Z,74.74,75.069,74.695,74.965,960634
2026-01-13T19:00:00.000Z,74.97,75.13,74.925,75.12,1208680
2026-01-13T19:30:00.000Z,75.115,75.28,75.1032,75.175,962934
2026-01-13T20:00:00.000Z,75.175,75.25,75.065,75.16,988697
2026-01-13T20:30:00.000Z,75.165,75.5,75.055,75.48,3017644
2026-01-14T14:30:00.000Z,74.93,75.1099,74.385,74.52,1511988
2026-01-14T15:00:00.000Z,74.52,74.93,74.35,74.64,926086
2026-01-14T15:30:00.000Z,74.63,74.69,74.375,74.455,862402
2026-01-14T16:00:00.000Z,74.46,74.765,74.425,74.75,918748
2026-01-14T16:30:00.000Z,74.7551,74.815,74.0201,74.075,748390
2026-01-14T17:00:00.000Z,74.075,74.205,74,74.155,668162
2026-01-14T17:30:00.000Z,74.15,74.15,73.855,73.91,552119
2026-01-14T18:00:00.000Z,73.905,74.1699,73.855,74.16,512634
2026-01-14T18:30:00.000Z,74.155,74.225,74.02,74.1915,628273
2026-01-14T19:00:00.000Z,74.19,74.19,74.005,74.035,757885
2026-01-14T19:30:00.000Z,74.035,74.115,73.82,73.83,554411
2026-01-14T20:00:00.000Z,73.83,74.205,73.82,74.205,1192881
2026-01-14T20:30:00.000Z,74.205,74.5,74.195,74.4,2978638
2026-01-15T14:30:00.000Z,75.22,75.99,74.91,75.5,1580506
2026-01-15T15:00:00.000Z,75.49,75.755,75.33,75.42,1153119
2026-01-15T15:30:00.000Z,75.42,75.78,75.41,75.71,1281079
2026-01-15T16:00:00.000Z,75.705,76.05,75.6734,76,1126039
2026-01-15T16:30:00.000Z,76.0005,76.02,75.875,75.915,543343
2026-01-15T17:00:00.000Z,75.915,76.02,75.73,75.745,510736
2026-01-15T17:30:00.000Z,75.74,75.91,75.665,75.75,500487
2026-01-15T18:00:00.000Z,75.74,75.835,75.605,75.675,463484
2026-01-15T18:30:00.000Z,75.675,75.825,75.61,75.65,564691
2026-01-15T19:00:00.000Z,75.64,75.64,75.28,75.28,714529
2026-01-15T19:30:00.000Z,75.28,75.28,75.06,75.165,801787
2026-01-15T20:00:00.000Z,75.165,75.455,75.07,75.37,1251988
2026-01-15T20:30:00.000Z,75.375,75.39,75.16,75.27,2265198
2026-01-16T14:30:00.000Z,75.64,75.99,74.98,74.98,2561389
2026-01-16T15:00:00.000Z,74.98,75.06,74.7,74.815,903668
2026-01-16T15:30:00.000Z,74.815,74.86,74.6,74.785,670632
2026-01-16T16:00:00.000Z,74.785,75.145,74.67,75.145,688536
2026-01-16T16:30:00.000Z,75.135,75.31,75.09,75.165,652269
2026-01-16T17:00:00.000Z,75.16,75.275,75.125,75.2,509779
2026-01-16T17:30:00.000Z,75.2001,75.315,75.17,75.185,668696
2026-01-16T18:00:00.000Z,75.185,75.32,75.1,75.2777,475726
2026-01-16T18:30:00.000Z,75.27,75.345,75.205,75.305,389485
2026-01-16T19:00:00.000Z,75.31,75.41,75.12,75.135,1787633
2026-01-16T19:30:00.000Z,75.145,75.445,75.145,75.41,520785
2026-01-16T20:00:00.000Z,75.41,75.495,75.305,75.31,747446
2026-01-16T20:30:00.000Z,75.31,75.395,75.13,75.19,1840595
2026-01-20T14:30:00.000Z,74.52,74.87,74.18,74.35,2154770
2026-01-20T15:00:00.000Z,74.34,74.39,73.91,74.335,1567745
2026-01-20T15:30:00.000Z,74.33,74.6,74.285,74.51,1118812
2026-01-20T16:00:00.000Z,74.515,74.74,74.08,74.34,1225448
2026-01-20T16:30:00.000Z,74.33,74.39,74.08,74.3,907532
2026-01-20T17:00:00.000Z,74.295,74.43,74.1,74.11,713206
2026-01-20T17:30:00.000Z,74.1,74.11,73.93,74.075,693717
2026-01-20T18:00:00.000Z,74.065,74.14,73.87,73.94,511080
2026-01-20T18:30:00.000Z,73.94,73.95,73.61,73.655,786011
2026-01-20T19:00:00.000Z,73.66,74.035,73.41,73.46,1936452
2026-01-20T19:30:00.000Z,73.45,73.515,73.32,73.4,1242214
2026-01-20T20:00:00.000Z,73.38,73.6,73.21,73.545,1279650
2026-01-20T20:30:00.000Z,73.55,73.6,73.28,73.42,3249098
2026-01-21T14:30:00.000Z,73.945,74.07,73.375,73.975,1777323
2026-01-21T15:00:00.000Z,73.975,74.185,73.87,74.035,1239429
2026-01-21T15:30:00.000Z,74.035,74.36,74.025,74.175,887149
2026-01-21T16:00:00.000Z,74.175,74.305,73.91,74.275,695359
2026-01-21T16:30:00.000Z,74.275,74.3,73.7,73.7551,972077
2026-01-21T17:00:00.000Z,73.75,73.79,73.43,73.47,709469
2026-01-21T17:30:00.000Z,73.465,73.4898,73.21,73.445,601571
2026-01-21T18:00:00.000Z,73.44,73.471,73.19,73.3455,446978
2026-01-21T18:30:00.000Z,73.35,73.37,73.195,73.335,380685
2026-01-21T19:00:00.000Z,73.33,73.53,73.005,73.47,1402995
2026-01-21T19:30:00.000Z,73.475,74.29,73.47,74.2,902577
2026-01-21T20:00:00.000Z,74.21,74.25,73.865,73.865,668677
2026-01-21T20:30:00.000Z,73.86,73.965,73.605,73.705,2243262
2026-01-22T14:30:00.000Z,74.105,74.78,73.88,74.46,1603347
2026-01-22T15:00:00.000Z,74.47,74.485,73.885,74.1579,955754
2026-01-22T15:30:00.000Z,74.16,74.415,74.12,74.27,577335
2026-01-22T16:00:00.000Z,74.28,74.44,74.135,74.235,634838
2026-01-22T16:30:00.000Z,74.235,74.48,74.21,74.385,503616
2026-01-22T17:00:00.000Z,74.39,74.3999,74.24,74.275,301658
2026-01-22T17:30:00.000Z,74.28,74.41,74.28,74.36,284808
2026-01-22T18:00:00.000Z,74.355,74.375,74.18,74.235,360483
2026-01-22T18:30:00.000Z,74.23,74.305,74.11,74.16,360419
2026-01-22T19:00:00.000Z,74.1644,74.4,74.1644,74.37,361979
2026-01-22T19:30:00.000Z,74.37,74.375,74.205,74.31,410677
2026-01-22T20:00:00.000Z,74.3,74.375,74.18,74.18,613421
2026-01-22T20:30:00.000Z,74.17,74.45,74.06,74.32,1581700
2026-01-23T14:30:00.000Z,73.95,74.4,73.71,74.36,1618743
2026-01-23T15:00:00.000Z,74.38,74.565,74.11,74.42,827393
2026-01-23T15:30:00.000Z,74.42,74.61,74.42,74.605,526880
2026-01-23T16:00:00.000Z,74.605,74.735,74.46,74.5534,558283
2026-01-23T16:30:00.000Z,74.56,75.045,74.54,75.01,733860
2026-01-23T17:00:00.000Z,75.01,75.07,74.825,74.925,529766
2026-01-23T17:30:00.000Z,74.925,74.94,74.435,74.45,525533
2026-01-23T18:00:00.000Z,74.46,74.59,74.32,74.525,499621
2026-01-23T18:30:00.000Z,74.53,74.58,74.39,74.535,437064
2026-01-23T19:00:00.000Z,74.54,74.635,74.525,74.5734,404950
2026-01-23T19:30:00.000Z,74.57,74.59,74.405,74.525,425277
2026-01-23T20:00:00.000Z,74.525,74.655,74.45,74.505,401564
2026-01-23T20:30:00.000Z,74.5,74.68,74.365,74.58,1604875
2026-01-26T14:30:00.000Z,76.47,76.94,75.64,76.325,2620012
2026-01-26T15:00:00.000Z,76.325,76.69,76.24,76.315,1177809
2026-01-26T15:30:00.000Z,76.32,76.615,76.22,76.455,896973
2026-01-26T16:00:00.000Z,76.455,76.81,76.355,76.745,1085432
2026-01-26T16:30:00.000Z,76.745,76.895,76.625,76.708,799678
2026-01-26T17:00:00.000Z,76.705,76.94,76.7,76.825,1178260
2026-01-26T17:30:00.000Z,76.825,77.03,76.79,76.9,860472
2026-01-26T18:00:00.000Z,76.905,77.08,76.82,77.0684,756947
2026-01-26T18:30:00.000Z,77.065,77.1669,76.915,76.95,600983
2026-01-26T19:00:00.000Z,76.955,76.995,76.805,76.865,764909
2026-01-26T19:30:00.000Z,76.865,77.26,76.845,77.165,1731224
2026-01-26T20:00:00.000Z,77.165,77.415,77.115,77.115,1021799
2026-01-26T20:30:00.000Z,77.125,77.165,76.85,77.02,2830153
2026-01-27T14:30:00.000Z,77.19,77.97,77.05,77.7975,1709457
2026-01-27T15:00:00.000Z,77.8,78.19,77.77,78.16,1085953
2026-01-27T15:30:00.000Z,78.15,78.3761,78.1,78.23,693643
2026-01-27T16:00:00.000Z,78.24,78.34,78.065,78.185,671616
2026-01-27T16:30:00.000Z,78.19,78.285,78.1642,78.2358,502683
2026-01-27T17:00:00.000Z,78.24,78.35,78.165,78.29,534419
2026-01-27T17:30:00.000Z,78.3,78.36,78.225,78.285,534847
2026-01-27T18:00:00.000Z,78.29,78.455,78.135,78.21,675080
2026-01-27T18:30:00.000Z,78.205,78.48,78.205,78.405,1087822
2026-01-27T19:00:00.000Z,78.38,78.75,78.3742,78.7246,2052035
2026-01-27T19:30:00.000Z,78.73,78.79,78.625,78.78,607972
2026-01-27T20:00:00.000Z,78.78,78.865,78.7,78.795,817536
2026-01-27T20:30:00.000Z,78.79,78.91,78.67,78.695,2540204
2026-01-28T14:30:00.000Z,78.93,79.02,78.21,78.325,1456703
2026-01-28T15:00:00.000Z,78.32,78.58,78.015,78.575,912063
2026-01-28T15:30:00.000Z,78.575,78.775,78.505,78.685,744776
2026-01-28T16:00:00.000Z,78.68,78.775,78.465,78.65,527925
2026-01-28T16:30:00.000Z,78.645,78.7058,78.5,78.52,666939
2026-01-28T17:00:00.000Z,78.515,78.74,78.5,78.56,562066
2026-01-28T17:30:00.000Z,78.56,78.61,78.38,78.44,418176
2026-01-28T18:00:00.000Z,78.43,78.625,78.3637,78.495,559387
2026-01-28T18:30:00.000Z,78.495,78.59,78.4,78.53,334400
2026-01-28T19:00:00.000Z,78.52,78.83,78.41,78.71,538009
2026-01-28T19:30:00.000Z,78.72,78.895,78.64,78.765,758248
2026-01-28T20:00:00.000Z,78.76,78.955,78.64,78.66,606830
2026-01-28T20:30:00.000Z,78.665,79.04,78.59,78.965,1847035
2026-01-29T14:30:00.000Z,79.105,79.476,78.715,78.752,1620776
2026-01-29T15:00:00.000Z,78.76,79.09,78.46,78.53,1226439
2026-01-29T15:30:00.000Z,78.52,78.555,77.695,77.86,1235757
2026-01-29T16:00:00.000Z,77.85,78.125,77.625,78.04,1023087
2026-01-29T16:30:00.000Z,78.04,78.116,77.89,77.98,813863
2026-01-29T17:00:00.000Z,77.98,78.41,77.97,78.345,848906
2026-01-29T17:30:00.000Z,78.33,78.51,78.11,78.12,986633
2026-01-29T18:00:00.000Z,78.125,78.505,78.075,78.445,724148
2026-01-29T18:30:00.000Z,78.44,78.5,78.21,78.21,1060159
2026-01-29T19:00:00.000Z,78.21,78.5,78.165,78.395,917646
2026-01-29T19:30:00.000Z,78.395,78.585,78.27,78.53,751142
2026-01-29T20:00:00.000Z,78.53,78.76,78.52,78.615,828638
2026-01-29T20:30:00.000Z,78.615,78.76,78.35,78.438,2613613
2026-01-30T14:30:00.000Z,78.09,78.49,77.8001,77.915,1501772
2026-01-30T15:00:00.000Z,77.93,78.335,77.79,77.905,1442516
2026-01-30T15:30:00.000Z,77.905,78.25,77.72,78.15,1075956
2026-01-30T16:00:00.000Z,78.16,78.39,78.11,78.365,695374
2026-01-30T16:30:00.000Z,78.36,78.69,78.3225,78.5199,913756
2026-01-30T17:00:00.000Z,78.515,78.6763,78.185,78.65,1412287
2026-01-30T17:30:00.000Z,78.645,78.795,78.325,78.33,1005646
2026-01-30T18:00:00.000Z,78.33,78.465,77.9671,78.25,796804
2026-01-30T18:30:00.000Z,78.245,78.381,77.96,78.27,1010714
2026-01-30T19:00:00.000Z,78.27,78.425,78.15,78.155,1650022
2026-01-30T19:30:00.000Z,78.15,78.29,77.975,77.99,530651
2026-01-30T20:00:00.000Z,78,78.21,77.97,78.17,972108
2026-01-30T20:30:00.000Z,78.18,78.605,78.13,78.34,3501146
2026-02-02T14:30:00.000Z,78.12,79.305,77.995,79.08,2093412
2026-02-02T15:00:00.000Z,79.08,79.94,79.04,79.875,1665433
2026-02-02T15:30:00.000Z,79.88,80.455,79.805,80.4525,2246242
2026-02-02T16:00:00.000Z,80.455,81.155,80,81.155,2312293
2026-02-02T16:30:00.000Z,81.155,81.155,80.55,80.75,1354255
2026-02-02T17:00:00.000Z,80.75,81.085,80.7121,81.0828,1158651
2026-02-02T17:30:00.000Z,81.09,81.09,80.92,81.035,887125
2026-02-02T18:00:00.000Z,81.045,81.085,80.895,80.985,717556
2026-02-02T18:30:00.000Z,80.9801,81.08,80.835,80.85,936502
2026-02-02T19:00:00.000Z,80.84,81.01,80.55,80.55,946217
2026-02-02T19:30:00.000Z,80.54,80.755,80.265,80.45,1674894
2026-02-02T20:00:00.000Z,80.45,81.05,80.385,81.025,1907815
2026-02-02T20:30:00.000Z,81.02,81.065,80.55,80.66,4141835
2026-02-03T14:30:00.000Z,80.81,83.24,80.81,81.875,4737809
2026-02-03T15:00:00.000Z,81.875,82.17,81.475,81.585,2630301
2026-02-03T15:30:00.000Z,81.585,82.63,81.46,82.62,1615808
2026-02-03T16:00:00.000Z,82.62,82.72,81.88,82.005,1938485
2026-02-03T16:30:00.000Z,82.01,82.31,81.935,82.1001,1232823
2026-02-03T17:00:00.000Z,82.105,82.22,81.691,81.795,1035987
2026-02-03T17:30:00.000Z,81.79,81.925,81.595,81.85,980823
2026-02-03T18:00:00.000Z,81.85,82.425,81.8425,82.31,2643972
2026-02-03T18:30:00.000Z,82.305,82.595,82.165,82.355,1649894
2026-02-03T19:00:00.000Z,82.35,82.89,82.27,82.81,1793023
2026-02-03T19:30:00.000Z,82.81,82.88,82.39,82.82,1628557
2026-02-03T20:00:00.000Z,82.815,83.13,82.775,82.985,1931445
2026-02-03T20:30:00.000Z,82.985,83.25,82.955,83.125,3948636
2026-02-04T14:30:00.000Z,83.98,84.24,83.5,83.64,3770345
2026-02-04T15:00:00.000Z,83.62,83.9,83.105,83.44,4361004
2026-02-04T15:30:00.000Z,83.445,83.65,82.74,82.785,3313504
2026-02-04T16:00:00.000Z,82.79,83.275,82.73,83.0995,2742242
2026-02-04T16:30:00.000Z,83.06,83.095,82.43,82.84,3575852
2026-02-04T17:00:00.000Z,82.835,82.9,81.875,81.95,2814688
2026-02-04T17:30:00.000Z,81.96,82.16,81.185,81.365,2401431
2026-02-04T18:00:00.000Z,81.37,81.84,81.175,81.795,1516912
2026-02-04T18:30:00.000Z,81.795,81.84,81.26,81.515,1498740
2026-02-04T19:00:00.000Z,81.515,81.69,81.36,81.625,1197277
2026-02-04T19:30:00.000Z,81.625,82.155,81.605,82.02,1440081
2026-02-04T20:00:00.000Z,82.015,82.095,81.755,81.94,1499766
2026-02-04T20:30:00.000Z,81.94,81.985,81.14,81.16,3791275
2026-02-05T14:30:00.000Z,80.86,82.41,80.81,82.023,2431941
2026-02-05T15:00:00.000Z,82.03,82.07,81.56,82,1559924
2026-02-05T15:30:00.000Z,82,82.4901,81.993,82.28,1558597
2026-02-05T16:00:00.000Z,82.28,82.795,82.03,82.77,1126068
2026-02-05T16:30:00.000Z,82.78,82.93,82.3947,82.63,1077642
2026-02-05T17:00:00.000Z,82.63,82.66,82.295,82.445,957716
2026-02-05T17:30:00.000Z,82.45,82.73,82.275,82.31,944279
2026-02-05T18:00:00.000Z,82.3,82.5099,82.19,82.485,909673
2026-02-05T18:30:00.000Z,82.48,82.705,82.43,82.65,1261749
2026-02-05T19:00:00.000Z,82.64,83.235,82.629,83.105,962875
2026-02-05T19:30:00.000Z,83.105,83.17,82.815,83.17,1049240
2026-02-05T20:00:00.000Z,83.165,83.305,82.655,82.685,1321265
2026-02-05T20:30:00.000Z,82.685,82.75,82.055,82.36,2839909
2026-02-06T14:30:00.000Z,83.555,84.17,83.01,83.73,2492467
2026-02-06T15:00:00.000Z,83.76,83.96,83.275,83.38,1584114
2026-02-06T15:30:00.000Z,83.39,83.395,82.805,83.25,1118494
2026-02-06T16:00:00.000Z,83.26,83.77,83.25,83.75,1196867
2026-02-06T16:30:00.000Z,83.75,84.045,83.745,83.89,927140
2026-02-06T17:00:00.000Z,83.89,84.02,83.855,83.8986,964093
2026-02-06T17:30:00.000Z,83.895,84.06,83.75,84.005,1255580
2026-02-06T18:00:00.000Z,84.005,84.215,83.98,84.2,727879
2026-02-06T18:30:00.000Z,84.2,84.395,84.18,84.2937,721173
2026-02-06T19:00:00.000Z,84.3,84.455,84.18,84.4451,806123
2026-02-06T19:30:00.000Z,84.445,84.675,84.41,84.645,941036
2026-02-06T20:00:00.000Z,84.645,84.72,84.53,84.5401,1252894
2026-02-06T20:30:00.000Z,84.545,85,84.47,84.78,3988676
2026-02-09T14:30:00.000Z,84.73,85.795,84.31,85.575,3207038
2026-02-09T15:00:00.000Z,85.575,86.05,85.5,85.625,1480459
2026-02-09T15:30:00.000Z,85.625,86.48,85.625,86.355,1581319
2026-02-09T16:00:00.000Z,86.355,86.6797,86.32,86.675,1382540
2026-02-09T16:30:00.000Z,86.67,86.81,86.49,86.76,1015114
2026-02-09T17:00:00.000Z,86.755,86.935,86.71,86.725,962820
2026-02-09T17:30:00.000Z,86.73,86.79,86.525,86.75,744440
2026-02-09T18:00:00.000Z,86.75,86.775,86.46,86.47,666870
2026-02-09T18:30:00.000Z,86.4839,86.98,86.465,86.9143,695796
2026-02-09T19:00:00.000Z,86.915,87.06,86.8401,87.04,957198
2026-02-09T19:30:00.000Z,87.04,87.18,87.035,87.115,956679
2026-02-09T20:00:00.000Z,87.12,87.245,86.735,86.81,1624445
2026-02-09T20:30:00.000Z,86.8,87.01,86.64,86.75,2816890
2026-02-10T14:30:00.000Z,86.97,88.185,86.65,87.8,4004092
2026-02-10T15:00:00.000Z,87.8,88.1,87.6,87.935,2136192
2026-02-10T15:30:00.000Z,87.93,88.06,87.75,87.88,1242616
2026-02-10T16:00:00.000Z,87.86,88.125,87.78,87.78,2284611
2026-02-10T16:30:00.000Z,87.77,87.85,87.235,87.325,1711356
2026-02-10T17:00:00.000Z,87.32,87.62,86.87,87.195,1737538
2026-02-10T17:30:00.000Z,87.18,87.32,87.115,87.13,861553
2026-02-10T18:00:00.000Z,87.12,87.14,86.9,87.005,910014
2026-02-10T18:30:00.000Z,87,87.0699,86.72,87.025,1432780
2026-02-10T19:00:00.000Z,87.025,87.065,86.655,86.8,1060567
2026-02-10T19:30:00.000Z,86.79,87.18,86.745,87.08,1342556
2026-02-10T20:00:00.000Z,87.08,87.275,86.7,86.725,1596621
2026-02-10T20:30:00.000Z,86.7203,86.75,86.13,86.28,3811170
2026-02-11T14:30:00.000Z,86.06,87.14,86.06,86.57,3074359
2026-02-11T15:00:00.000Z,86.565,86.73,85.54,85.545,2030083
2026-02-11T15:30:00.000Z,85.54,86.26,85.38,86.235,1407652
2026-02-11T16:00:00.000Z,86.23,86.405,85.92,85.92,1333234
2026-02-11T16:30:00.000Z,85.925,86.245,85.785,85.785,1280125
2026-02-11T17:00:00.000Z,85.785,86.155,85.66,86.125,1045132
2026-02-11T17:30:00.000Z,86.13,86.26,86.02,86.075,901935
2026-02-11T18:00:00.000Z,86.075,86.19,85.89,86.03,1008346
2026-02-11T18:30:00.000Z,86.025,86.13,85.4301,85.59,1697806
2026-02-11T19:00:00.000Z,85.59,86.065,85.53,85.91,1205655
2026-02-11T19:30:00.000Z,85.9,86.05,85.83,85.96,1126807
2026-02-11T20:00:00.000Z,85.95,86.01,85.68,85.85,1512495
2026-02-11T20:30:00.000Z,85.84,85.895,85.125,85.45,5978538
2026-02-12T14:30:00.000Z,79.61,80.37,77.165,77.37,13055705
2026-02-12T15:00:00.000Z,77.35,77.66,76.91,76.9686,6124396
2026-02-12T15:30:00.000Z,76.96,77.14,75.8901,75.94,4845326
2026-02-12T16:00:00.000Z,75.935,76.467,75.88,75.965,3872597
2026-02-12T16:30:00.000Z,75.965,76.45,75.2925,75.347,4333215
2026-02-12T17:00:00.000Z,75.34,75.645,75.08,75.275,2887144
2026-02-12T17:30:00.000Z,75.27,76.06,75.2,75.73,2964752
2026-02-12T18:00:00.000Z,75.73,75.8,75.3,75.305,2131852
2026-02-12T18:30:00.000Z,75.3,75.91,75.125,75.6566,2288470
2026-02-12T19:00:00.000Z,75.66,75.78,75.15,75.59,2820628
2026-02-12T19:30:00.000Z,75.59,75.66,75.1,75.2179,2503603
2026-02-12T20:00:00.000Z,75.22,75.36,74.54,74.54,2987732
2026-02-12T20:30:00.000Z,74.5401,75.33,74.085,75,10130939
2026-02-13T14:30:00.000Z,74.375,74.7,73.42,74.18,4742580
2026-02-13T15:00:00.000Z,74.185,74.44,73.855,73.965,2635813
2026-02-13T15:30:00.000Z,73.97,75.645,73.965,75.6,3488194
2026-02-13T16:00:00.000Z,75.61,76.365,75.575,76.29,2582156
2026-02-13T16:30:00.000Z,76.29,76.975,76.075,76.8,2703200
2026-02-13T17:00:00.000Z,76.8,77.06,76.75,76.83,2624882
2026-02-13T17:30:00.000Z,76.84,77.0182,76.74,76.885,1715040
2026-02-13T18:00:00.000Z,76.885,77.11,76.75,77.095,1726182
2026-02-13T18:30:00.000Z,77.1,77.27,76.79,76.905,1854223
2026-02-13T19:00:00.000Z,76.905,77.04,76.585,76.995,1602237
2026-02-13T19:30:00.000Z,77,77.145,76.845,77.075,1610270
2026-02-13T20:00:00.000Z,77.075,77.25,76.95,77.015,2662725
2026-02-13T20:30:00.000Z,77.015,77.3,76.59,76.88,7408919
2026-02-17T14:30:00.000Z,76.95,77.36,76.475,76.7394,2576580
2026-02-17T15:00:00.000Z,76.73,77.565,76.62,77.195,1845561
2026-02-17T15:30:00.000Z,77.195,77.23,76.83,76.915,1493047
2026-02-17T16:00:00.000Z,76.92,77.405,76.72,77.24,1052153
2026-02-17T16:30:00.000Z,77.24,77.345,77.09,77.19,1024835
2026-02-17T17:00:00.000Z,77.185,77.28,76.9036,77.045,1037063
2026-02-17T17:30:00.000Z,77.05,77.105,76.58,76.93,877528
2026-02-17T18:00:00.000Z,76.93,77.115,76.62,76.945,1426584
2026-02-17T18:30:00.000Z,76.945,77.24,76.83,77.13,725837
2026-02-17T19:00:00.000Z,77.13,77.205,77,77.095,745958
2026-02-17T19:30:00.000Z,77.095,77.225,77.05,77.065,570265
2026-02-17T20:00:00.000Z,77.065,77.155,76.825,76.985,961434
2026-02-17T20:30:00.000Z,76.98,77.075,76.77,76.85,2854350
2026-02-18T14:30:00.000Z,76.55,77.17,76.49,77.105,1982831
2026-02-18T15:00:00.000Z,77.1,77.62,77.09,77.605,923410
2026-02-18T15:30:00.000Z,77.605,78.28,77.57,78.14,1140037
2026-02-18T16:00:00.000Z,78.145,78.185,78.005,78.085,1001808
2026-02-18T16:30:00.000Z,78.08,78.265,77.915,78.145,817227
2026-02-18T17:00:00.000Z,78.145,78.2399,78.09,78.2399,558919
2026-02-18T17:30:00.000Z,78.23,78.27,78.08,78.1201,863995
2026-02-18T18:00:00.000Z,78.12,78.25,77.94,78.17,642569
2026-02-18T18:30:00.000Z,78.18,78.2,78.04,78.16,509385
2026-02-18T19:00:00.000Z,78.165,78.17,77.89,77.975,712798
2026-02-18T19:30:00.000Z,77.975,78.0163,77.8,77.93,714305
2026-02-18T20:00:00.000Z,77.93,78,77.57,77.835,1062784
2026-02-18T20:30:00.000Z,77.83,78.6,77.81,78.18,3880928
2026-02-19T14:30:00.000Z,77.99,78.62,77.87,78.27,2033906
2026-02-19T15:00:00.000Z,78.28,78.68,78.2,78.4,1490874
2026-02-19T15:30:00.000Z,78.4,78.72,78.365,78.43,1079650
2026-02-19T16:00:00.000Z,78.43,78.53,78.1025,78.105,847595
2026-02-19T16:30:00.000Z,78.105,78.38,78.04,78.1923,805919
2026-02-19T17:00:00.000Z,78.2,78.42,78.07,78.4,592391
2026-02-19T17:30:00.000Z,78.395,78.655,78.37,78.59,673244
2026-02-19T18:00:00.000Z,78.585,78.815,78.51,78.6861,783623
2026-02-19T18:30:00.000Z,78.68,79.085,78.65,79.045,879572
2026-02-19T19:00:00.000Z,79.05,79.155,78.97,79.055,802215
2026-02-19T19:30:00.000Z,79.06,79.13,78.95,79.02,631729
2026-02-19T20:00:00.000Z,79.015,79.09,78.73,79.025,1075795
2026-02-19T20:30:00.000Z,79.025,79.06,78.51,78.56,2945238
2026-02-20T14:30:00.000Z,78.13,78.775,78.13,78.725,2099733
2026-02-20T15:00:00.000Z,78.73,79.25,78.57,79.06,2881044
2026-02-20T15:30:00.000Z,79.055,79.33,78.965,79.125,1430564
2026-02-20T16:00:00.000Z,79.13,79.225,78.8,78.82,1332839
2026-02-20T16:30:00.000Z,78.82,79.31,78.8,79.1,1182985
2026-02-20T17:00:00.000Z,79.1,79.125,78.73,78.825,1081271
2026-02-20T17:30:00.000Z,78.825,79.075,78.72,79.055,1450244
2026-02-20T18:00:00.000Z,79.05,79.06,78.16,78.495,1295386
2026-02-20T18:30:00.000Z,78.5,79.06,78.45,78.885,1841376
2026-02-20T19:00:00.000Z,78.88,79.09,78.75,79.04,1297938
2026-02-20T19:30:00.000Z,79.045,79.09,78.845,79.015,1008295
2026-02-20T20:00:00.000Z,79.015,79.18,78.78,78.885,1778667
2026-02-20T20:30:00.000Z,78.885,79.26,78.875,79.23,4049693
2026-02-23T14:30:00.000Z,78.85,79.48,78.845,79.04,2248321.918693
2026-02-23T15:00:00.000Z,79.04,79.09,78.4,78.43,1863349.454813
2026-02-23T15:30:00.000Z,78.44,78.51,77.595,77.815,1739319.5637799995
2026-02-23T16:00:00.000Z,77.82,77.855,77.415,77.545,1319599.1993759999
2026-02-23T16:30:00.000Z,77.54,77.61,77.28,77.345,1101109.477692
2026-02-23T17:00:00.000Z,77.345,77.43,77.19,77.21,949258.5433270001
2026-02-23T17:30:00.000Z,77.205,77.64,77.205,77.54,988194.7494109999
2026-02-23T18:00:00.000Z,77.54,77.54,77.265,77.455,1148215.9661410002
2026-02-23T18:30:00.000Z,77.45,77.5,77.27,77.285,746540.991041
2026-02-23T19:00:00.000Z,77.285,77.315,76.94,77.3038,1131040.6055039999
2026-02-23T19:30:00.000Z,77.3,77.555,77.2,77.555,1051183.9307169998
2026-02-23T20:00:00.000Z,77.55,77.79,77.55,77.765,973228.3104689999
2026-02-23T20:30:00.000Z,77.76,78.04,77.445,77.76,4197182.8196
2026-02-24T14:30:00.000Z,77.74,78.69,77.47,78.085,2291535.326325
2026-02-24T15:00:00.000Z,78.085,78.66,77.955,78.625,1368249.234807
2026-02-24T15:30:00.000Z,78.62,78.71,78.1,78.405,1354155.6418009999
2026-02-24T16:00:00.000Z,78.405,78.585,78.305,78.395,1014487.3908790003
2026-02-24T16:30:00.000Z,78.39,78.49,78.15,78.25,1201948.015967
2026-02-24T17:00:00.000Z,78.25,78.42,78.25,78.375,556221.731392
2026-02-24T17:30:00.000Z,78.37,78.48,78.225,78.23,860065.4728980002
2026-02-24T18:00:00.000Z,78.23,78.35,78.17,78.245,638615.046466
2026-02-24T18:30:00.000Z,78.245,78.53,78.225,78.52,655556.380679
2026-02-24T19:00:00.000Z,78.515,78.58,78.365,78.435,768990.2090149998
2026-02-24T19:30:00.000Z,78.43,78.51,78.285,78.335,547605.8775950001
2026-02-24T20:00:00.000Z,78.33,78.385,78.19,78.235,854240.973716
2026-02-24T20:30:00.000Z,78.23,78.405,78.055,78.15,2547956.7739969995
2026-02-25T14:30:00.000Z,78.45,78.86,78.26,78.68,1375044.4982059998
2026-02-25T15:00:00.000Z,78.685,78.85,78.43,78.72,2169456.5154920006
2026-02-25T15:30:00.000Z,78.72,78.835,78.525,78.817,1036791.5458340001
2026-02-25T16:00:00.000Z,78.83,78.89,78.3307,78.3742,1103204.4622209999
2026-02-25T16:30:00.000Z,78.38,78.845,78.305,78.81,1088449.413124
2026-02-25T17:00:00.000Z,78.81,78.91,78.71,78.905,914099.4448310001
2026-02-25T17:30:00.000Z,78.91,79.117,78.89,79.005,697009.4369040001
2026-02-25T18:00:00.000Z,79.01,79.055,78.7,78.71,531769.118823
2026-02-25T18:30:00.000Z,78.71,78.78,78.6,78.6997,598709.0753380001
2026-02-25T19:00:00.000Z,78.695,78.99,78.68,78.977,811854.5777379998
2026-02-25T19:30:00.000Z,78.99,79.05,78.92,79.015,745451.574486
2026-02-25T20:00:00.000Z,79.02,79.33,78.97,79.23,1217124.234879
2026-02-25T20:30:00.000Z,79.225,79.42,79,79.12,3091217.727499
2026-02-26T14:30:00.000Z,78.94,79.3396,78.605,78.74,2094431.8592150002
2026-02-26T15:00:00.000Z,78.74,78.868,77.72,77.89,1519829.769903
2026-02-26T15:30:00.000Z,77.885,78.32,77.8,78.13,1274474.8732480002
2026-02-26T16:00:00.000Z,78.1399,78.53,77.97,78.43,1259833.3351869998
2026-02-26T16:30:00.000Z,78.42,78.465,78.075,78.245,1014729.7071659999
2026-02-26T17:00:00.000Z,78.24,78.305,78,78.055,806052.7268430002
2026-02-26T17:30:00.000Z,78.055,78.15,77.775,77.92,561316.594957
2026-02-26T18:00:00.000Z,77.925,78.18,77.885,78.15,440520.37599699997
2026-02-26T18:30:00.000Z,78.15,78.375,78.06,78.295,543007.0172690001
2026-02-26T19:00:00.000Z,78.295,78.4197,78.21,78.24,661089.598624
2026-02-26T19:30:00.000Z,78.235,78.4099,78.2201,78.27,577321.0945950001
2026-02-26T20:00:00.000Z,78.26,78.41,78.14,78.15,717180.788813
2026-02-26T20:30:00.000Z,78.16,78.2,77.98,78.14,1885870.8470859998
2026-02-27T14:30:00.000Z,77.65,78.12,77.07,77.305,2377350.776057
2026-02-27T15:00:00.000Z,77.3,78.02,77.25,77.91,1126133.510876
2026-02-27T15:30:00.000Z,77.91,78.22,77.79,78.135,874741.5615659999
2026-02-27T16:00:00.000Z,78.135,78.46,78.07,78.42,736761.6021360001
2026-02-27T16:30:00.000Z,78.41,78.72,78.35,78.56,768144.743425
2026-02-27T17:00:00.000Z,78.565,78.78,78.515,78.75,642502.2285539999
2026-02-27T17:30:00.000Z,78.75,78.89,78.62,78.805,574775.95117
2026-02-27T18:00:00.000Z,78.81,78.88,78.63,78.855,566902.692712
2026-02-27T18:30:00.000Z,78.865,79.05,78.7903,78.815,634984.8386370001
2026-02-27T19:00:00.000Z,78.81,79,78.745,78.77,982786.2109750002
2026-02-27T19:30:00.000Z,78.76,78.96,78.69,78.89,997246.177564
2026-02-27T20:00:00.000Z,78.89,79.24,78.89,79.02,1061318.8426210003
2026-02-27T20:30:00.000Z,79.02,79.53,78.83,79.49,4239274.35033
2026-03-02T14:30:00.000Z,78.745,78.925,78.24,78.25,1492185.840502
2026-03-02T15:00:00.000Z,78.24,78.65,77.855,77.895,1514514.805481
2026-03-02T15:30:00.000Z,77.91,78.15,77.69,78.01,1187861.066183
2026-03-02T16:00:00.000Z,78,78.54,78,78.1,824974.0893870001
2026-03-02T16:30:00.000Z,78.1,78.47,77.99,78.39,721727.9091030002
2026-03-02T17:00:00.000Z,78.4,78.595,78.33,78.5068,482976.90904500004
2026-03-02T17:30:00.000Z,78.51,78.75,78.455,78.73,542367.138121
2026-03-02T18:00:00.000Z,78.73,78.815,78.54,78.78,590218.6261700001
2026-03-02T18:30:00.000Z,78.775,78.87,78.69,78.775,695048.1666570001
2026-03-02T19:00:00.000Z,78.775,79.15,78.76,79.065,817004.6981629998
2026-03-02T19:30:00.000Z,79.07,79.3,79.0639,79.205,883254.8578840002
2026-03-02T20:00:00.000Z,79.2044,79.22,78.79,78.875,1516574.724194
2026-03-02T20:30:00.000Z,78.875,79.515,78.82,79.405,3102024.6713700006
2026-03-03T14:30:00.000Z,78.38,78.87,78.01,78.29,1524936.971364
2026-03-03T15:00:00.000Z,78.28,78.5,77.57,77.625,1189078.29195
2026-03-03T15:30:00.000Z,77.625,78.12,77.6,78.115,1096162.797247
2026-03-03T16:00:00.000Z,78.115,78.595,78.05,78.38,807135.999234
2026-03-03T16:30:00.000Z,78.37,78.94,78.17,78.8,664701.9818330001
2026-03-03T17:00:00.000Z,78.795,78.94,78.6401,78.87,786454.1294680003
2026-03-03T17:30:00.000Z,78.86,78.9321,78.64,78.82,451354.722102
2026-03-03T18:00:00.000Z,78.83,79.25,78.83,79.145,549363.3315020001
2026-03-03T18:30:00.000Z,79.14,79.44,79.1,79.335,662878.669751
2026-03-03T19:00:00.000Z,79.34,79.42,79.05,79.075,621184.28441
2026-03-03T19:30:00.000Z,79.08,79.34,78.97,79.06,741277.5945410001
2026-03-03T20:00:00.000Z,79.065,79.23,79.01,79.16,660149.9421509999
2026-03-03T20:30:00.000Z,79.16,79.175,78.85,78.95,1513763.569171
2026-03-04T14:30:00.000Z,79.2,80.11,78.53,79.26,1359371.2839629997
2026-03-04T15:00:00.000Z,79.24,79.88,79.237,79.83,996186.3759489999
2026-03-04T15:30:00.000Z,79.82,79.95,79.665,79.91,813235.737949
2026-03-04T16:00:00.000Z,79.915,80.17,79.53,79.78,809649.8466709999
2026-03-04T16:30:00.000Z,79.78,80.09,79.76,79.888,904648.267619
2026-03-04T17:00:00.000Z,79.88,80.01,79.705,79.8962,672283.164998
2026-03-04T17:30:00.000Z,79.895,80.22,79.805,80.175,692603.538169
2026-03-04T18:00:00.000Z,80.175,80.495,80.17,80.445,716067.650434
2026-03-04T18:30:00.000Z,80.445,80.615,80.4,80.56,1055241.1956399998
2026-03-04T19:00:00.000Z,80.56,80.71,80.505,80.655,948109.4905829999
2026-03-04T19:30:00.000Z,80.655,80.79,80.52,80.625,918854.3752910001
2026-03-04T20:00:00.000Z,80.62,80.67,80.445,80.625,1025014.126706
2026-03-04T20:30:00.000Z,80.62,80.96,80.57,80.84,3579694.774752
2026-03-05T14:30:00.000Z,79.99,81.03,79.97,81.005,1841714.6581040001
2026-03-05T15:00:00.000Z,81.005,81.165,80.5098,80.61,1617915.1507010001
2026-03-05T15:30:00.000Z,80.62,80.75,80.26,80.54,1263306.2277169994
2026-03-05T16:00:00.000Z,80.535,80.55,79.17,79.17,1168736.902539
2026-03-05T16:30:00.000Z,79.17,79.78,79.06,79.65,1510194.126765
2026-03-05T17:00:00.000Z,79.66,79.81,79.37,79.62,1255811.2685039998
2026-03-05T17:30:00.000Z,79.63,79.645,79.165,79.31,1140501.190468
2026-03-05T18:00:00.000Z,79.31,79.73,79.27,79.655,1370630.6103859998
2026-03-05T18:30:00.000Z,79.655,79.74,79.12,79.19,1005805.4482939999
2026-03-05T19:00:00.000Z,79.19,79.32,79.08,79.16,927985.8118169998
2026-03-05T19:30:00.000Z,79.15,79.29,79.05,79.195,834404.3590120003
2026-03-05T20:00:00.000Z,79.195,79.675,79.12,79.54,1234125.2113399997
2026-03-05T20:30:00.000Z,79.54,80.08,79.48,79.979,2773760.130373
2026-03-06T14:30:00.000Z,78.515,79.515,78.515,78.77,1876762.131868
2026-03-06T15:00:00.000Z,78.78,79.45,78.67,79.31,929054.9918249999
2026-03-06T15:30:00.000Z,79.31,79.38,78.73,78.98,851682.3860670001
2026-03-06T16:00:00.000Z,78.99,79.42,78.98,79.085,1612998.7989270003
2026-03-06T16:30:00.000Z,79.08,79.085,78.715,78.9,1836328.846659
2026-03-06T17:00:00.000Z,78.9,78.93,78.505,78.585,1668077.411696
2026-03-06T17:30:00.000Z,78.58,78.915,78.41,78.8,998307.7318799996
2026-03-06T18:00:00.000Z,78.78,79.17,78.74,79.095,489188.41110999987
2026-03-06T18:30:00.000Z,79.1,79.16,78.765,78.815,495092.77792200004
2026-03-06T19:00:00.000Z,78.82,79.045,78.8,78.98,645278.041338
2026-03-06T19:30:00.000Z,78.97,79.145,78.88,78.945,560963.35351
2026-03-06T20:00:00.000Z,78.94,79.005,78.58,78.6199,870191.1949449999
2026-03-06T20:30:00.000Z,78.615,78.71,78.35,78.64,3189557.810439
2026-03-09T13:30:00.000Z,77.18,77.56,75.68,75.93,3700590.631548
2026-03-09T14:00:00.000Z,75.91,76.195,75.25,75.41,3520402.1561319996
2026-03-09T14:30:00.000Z,75.415,76,75.2007,75.745,2931192.266073
2026-03-09T15:00:00.000Z,75.745,75.895,75.45,75.87,1805915.5466099998
2026-03-09T15:30:00.000Z,75.87,76.025,75.54,75.825,1208384.6958970004
2026-03-09T16:00:00.000Z,75.825,76.07,75.615,76.05,1459428.363432
2026-03-09T16:30:00.000Z,76.055,76.53,75.91,76.3,1663770.2621969997
2026-03-09T17:00:00.000Z,76.3,76.37,75.965,76.13,994061.5232879999
2026-03-09T17:30:00.000Z,76.125,76.185,75.845,75.855,897190.1479059999
2026-03-09T18:00:00.000Z,75.86,76.01,75.665,75.685,901432.9625759999
2026-03-09T18:30:00.000Z,75.685,75.84,75.425,75.43,784207.4137919999
2026-03-09T19:00:00.000Z,75.44,76.46,75.405,76.365,2096515.7362879994
2026-03-09T19:30:00.000Z,76.365,76.7,76.02,76.2,5479390.945657
2026-03-10T13:30:00.000Z,77.14,78.4922,77.1,77.58,2589878.8401599997
2026-03-10T14:00:00.000Z,77.57,78.39,77.45,78.28,1278516.274623
2026-03-10T14:30:00.000Z,78.29,78.96,78.29,78.83,1258466.251846
2026-03-10T15:00:00.000Z,78.825,78.995,78.615,78.985,881931.2469429999
2026-03-10T15:30:00.000Z,78.99,79.01,78.72,78.7601,637181.360189
2026-03-10T16:00:00.000Z,78.76,78.76,78.405,78.51,672363.1529760001
2026-03-10T16:30:00.000Z,78.51,78.65,78.47,78.5551,2218030.9012699993
2026-03-10T17:00:00.000Z,78.55,78.63,78.345,78.6,593545.267769
2026-03-10T17:30:00.000Z,78.6,78.615,78.255,78.55,640898.576601
2026-03-10T18:00:00.000Z,78.55,78.81,78.07,78.32,1187257.58844
2026-03-10T18:30:00.000Z,78.33,78.485,78.18,78.285,566767.430245
2026-03-10T19:00:00.000Z,78.285,78.445,77.97,77.988,958773.792623
2026-03-10T19:30:00.000Z,77.98,78.18,77.5,77.72,3233752.093981
2026-03-11T13:30:00.000Z,77.635,77.87,77.25,77.51,1140569.9268040003
2026-03-11T14:00:00.000Z,77.51,77.89,77.12,77.32,903721.7153049998
2026-03-11T14:30:00.000Z,77.33,78.06,77.125,78.06,992648.0084759999
2026-03-11T15:00:00.000Z,78.06,78.195,77.92,77.97,1650290.5420499993
2026-03-11T15:30:00.000Z,77.96,78.315,77.9,78.2251,761627.3197689999
2026-03-11T16:00:00.000Z,78.22,78.22,77.84,78.15,677071.1935089999
2026-03-11T16:30:00.000Z,78.145,78.4,78.145,78.29,536156.710038
2026-03-11T17:00:00.000Z,78.29,78.43,78.1,78.35,608061.6019279999
2026-03-11T17:30:00.000Z,78.355,78.495,78.0576,78.36,558551.3242919999
2026-03-11T18:00:00.000Z,78.35,78.395,78,78.12,452406.36306799995
2026-03-11T18:30:00.000Z,78.115,78.27,78.06,78.25,462643.6619860001
2026-03-11T19:00:00.000Z,78.26,78.365,78.09,78.32,722511.47782
2026-03-11T19:30:00.000Z,78.32,78.365,78.025,78.09,1743665.9931099997
2026-03-12T13:30:00.000Z,76.95,77.96,76.95,77.155,1542445.9787909999
2026-03-12T14:00:00.000Z,77.16,77.55,76.98,77.01,818331.5256790002
2026-03-12T14:30:00.000Z,77.01,77.56,77.01,77.21,625496.6138380001
2026-03-12T15:00:00.000Z,77.235,77.415,77.08,77.4,968399.201232
2026-03-12T15:30:00.000Z,77.4,77.83,77.2499,77.79,702587.2628410002
2026-03-12T16:00:00.000Z,77.785,78.13,77.631,77.79,785095.1907250001
2026-03-12T16:30:00.000Z,77.79,77.9199,77.51,77.5402,622962.010881
2026-03-12T17:00:00.000Z,77.545,77.819,77.52,77.635,529290.912961
2026-03-12T17:30:00.000Z,77.635,77.91,77.56,77.825,697975.0473809999
2026-03-12T18:00:00.000Z,77.83,78.055,77.81,77.865,602196.1638760001
2026-03-12T18:30:00.000Z,77.86,77.87,77.655,77.7,580800.3200909998
2026-03-12T19:00:00.000Z,77.715,77.97,77.64,77.93,755526.622687
2026-03-12T19:30:00.000Z,77.93,77.975,77.615,77.74,1940120.165529
2026-03-13T13:30:00.000Z,78.07,79.22,78.07,79.11,1358384.0004130001
2026-03-13T14:00:00.000Z,79.12,79.26,78.5897,78.99,752417.153021
2026-03-13T14:30:00.000Z,78.99,79.09,78.22,78.24,786470.87976
2026-03-13T15:00:00.000Z,78.255,78.36,77.97,77.985,651944.126971
2026-03-13T15:30:00.000Z,77.99,78.32,77.935,78.08,1046094.8025380002
2026-03-13T16:00:00.000Z,78.075,78.23,78.03,78.115,557627.488401
2026-03-13T16:30:00.000Z,78.12,78.575,78.12,78.305,1365318.4465189998
2026-03-13T17:00:00.000Z,78.32,78.8,78.29,78.625,892466.2203919999
2026-03-13T17:30:00.000Z,78.625,78.64,78.37,78.53,700663.103582
2026-03-13T18:00:00.000Z,78.54,78.75,78.47,78.7,890465.2230980003
2026-03-13T18:30:00.000Z,78.7,78.895,78.61,78.65,812203.8748020001
2026-03-13T19:00:00.000Z,78.645,78.69,78.08,78.095,982993.9501799999
2026-03-13T19:30:00.000Z,78.1,78.36,77.97,78.33,4289649.069707
2026-03-16T13:30:00.000Z,78.92,79.08,78.19,79.06,1284758.4271099998
2026-03-16T14:00:00.000Z,79.06,79.16,78.64,78.64,930445.7708040001
2026-03-16T14:30:00.000Z,78.635,78.6699,78.2401,78.545,764537.886645
2026-03-16T15:00:00.000Z,78.545,78.905,78.455,78.785,640648.2993940002
2026-03-16T15:30:00.000Z,78.79,78.9,78.68,78.75,592656.832009
2026-03-16T16:00:00.000Z,78.75,78.955,78.47,78.66,743152.278448
2026-03-16T16:30:00.000Z,78.67,78.895,78.62,78.63,501230.121285
2026-03-16T17:00:00.000Z,78.63,79.17,78.63,79.1,574182.5168519999
2026-03-16T17:30:00.000Z,79.095,79.14,78.88,79.02,646314.2507170001
2026-03-16T18:00:00.000Z,79.015,79.135,78.9,79.065,725872.339826
2026-03-16T18:30:00.000Z,79.065,79.1199,78.955,78.965,621139.8497320001
2026-03-16T19:00:00.000Z,78.965,79.11,78.855,79.045,947122.2444490002
2026-03-16T19:30:00.000Z,79.05,79.105,78.85,78.91,2468566.6288679997
2026-03-17T13:30:00.000Z,79.18,79.74,78.82,79.365,1611960.4471209997
2026-03-17T14:00:00.000Z,79.365,79.48,79.045,79.21,1041936.5656610001
2026-03-17T14:30:00.000Z,79.215,79.905,79.16,79.87,1021094.9411610002
2026-03-17T15:00:00.000Z,79.875,79.89,79.38,79.405,653372.3055489998
2026-03-17T15:30:00.000Z,79.4,79.57,79.175,79.49,747377.9515750002
2026-03-17T16:00:00.000Z,79.49,79.735,79.24,79.725,653812.425583
2026-03-17T16:30:00.000Z,79.725,79.8,79.59,79.705,657000.6399689999
2026-03-17T17:00:00.000Z,79.705,79.865,79.55,79.865,551036.9528940001
2026-03-17T17:30:00.000Z,79.86,79.975,79.75,79.945,520786.6635290001
2026-03-17T18:00:00.000Z,79.95,80.05,79.77,79.86,756898.9444590001
2026-03-17T18:30:00.000Z,79.85,79.96,79.735,79.8478,648927.304531
2026-03-17T19:00:00.000Z,79.85,79.855,79.32,79.335,866422.9329179999
2026-03-17T19:30:00.000Z,79.33,79.62,79.21,79.28,2761083.1778010004
2026-03-18T13:30:00.000Z,79.74,80,79.35,79.83,1866173.9146429999
2026-03-18T14:00:00.000Z,79.83,80.0336,78.87,78.88,1021138.5062610001
2026-03-18T14:30:00.000Z,78.89,79.355,78.87,79.33,611058.6893799999
2026-03-18T15:00:00.000Z,79.33,79.4,78.88,79.015,660320.6214119998
2026-03-18T15:30:00.000Z,79.02,79.2578,78.965,79.215,685203.3377250001
2026-03-18T16:00:00.000Z,79.21,79.255,79.025,79.111,456484.345429
2026-03-18T16:30:00.000Z,79.105,79.15,78.55,78.57,1029484.215035
2026-03-18T17:00:00.000Z,78.56,78.6,78.1601,78.295,825836.9499219999
2026-03-18T17:30:00.000Z,78.295,78.475,78.26,78.41,514473.64916299994
2026-03-18T18:00:00.000Z,78.42,78.68,78.18,78.6579,1141137.0408800002
2026-03-18T18:30:00.000Z,78.66,78.66,78.16,78.165,813111.6794919999
2026-03-18T19:00:00.000Z,78.17,78.305,78.06,78.145,1074384.63715
2026-03-18T19:30:00.000Z,78.145,78.17,77.525,77.62,2951686.5636819997
2026-03-19T13:30:00.000Z,77.55,78.235,76.92,78.23,2102175.8706480004
2026-03-19T14:00:00.000Z,78.24,78.65,77.795,77.84,1443671.580817
2026-03-19T14:30:00.000Z,77.845,78.34,77.805,78.0753,957740.3503210001
2026-03-19T15:00:00.000Z,78.07,78.55,78.05,78.265,978660.5930749999
2026-03-19T15:30:00.000Z,78.26,78.295,77.93,78.29,692582.353853
2026-03-19T16:00:00.000Z,78.3,78.43,78.21,78.38,678879.379893
2026-03-19T16:30:00.000Z,78.375,78.67,78.335,78.595,767726.2964619999
2026-03-19T17:00:00.000Z,78.59,78.695,78.3562,78.585,588317.225238
2026-03-19T17:30:00.000Z,78.585,78.615,78.253,78.435,634005.7707380002
2026-03-19T18:00:00.000Z,78.43,78.47,78.12,78.13,667430.5117040001
2026-03-19T18:30:00.000Z,78.125,78.365,77.935,78.32,715850.489775
2026-03-19T19:00:00.000Z,78.32,78.88,78.315,78.38,1131341.3766590003
2026-03-19T19:30:00.000Z,78.395,78.605,78.265,78.497,2296160.5322069996
2026-03-20T13:30:00.000Z,78.445,79.04,77.9705,78,4986895.866094
2026-03-20T14:00:00.000Z,78,78.17,77.655,77.825,1551826.991686
2026-03-20T14:30:00.000Z,77.83,78.25,77.69,78.055,1022136.325043
2026-03-20T15:00:00.000Z,78.055,78.41,77.84,78.125,1251342.2828529999
2026-03-20T15:30:00.000Z,78.13,78.29,78.11,78.235,1138520.7304429999
2026-03-20T16:00:00.000Z,78.24,78.4,78.195,78.205,890351.136134
2026-03-20T16:30:00.000Z,78.205,78.375,78.08,78.265,647086.8254959999
2026-03-20T17:00:00.000Z,78.27,78.36,78.1,78.135,628542.6607590001
2026-03-20T17:30:00.000Z,78.13,78.285,77.95,78.265,809881.7941360001
2026-03-20T18:00:00.000Z,78.27,78.3,78.04,78.26,1413203.158822
2026-03-20T18:30:00.000Z,78.26,78.31,77.825,78.05,1289357.624497
2026-03-20T19:00:00.000Z,78.06,78.31,77.985,78.04,1652995.8252899998
2026-03-20T19:30:00.000Z,78.05,78.065,76.71,77.665,7542550.2976170005
2026-03-23T13:30:00.000Z,78.64,79.08,78.42,78.9,1670724.5409169993
2026-03-23T14:00:00.000Z,78.91,79.33,78.44,79.125,1019035.5546820001
2026-03-23T14:30:00.000Z,79.12,79.43,79.02,79.3051,839638.3809820001
2026-03-23T15:00:00.000Z,79.31,79.51,79.185,79.23,566642.729509
2026-03-23T15:30:00.000Z,79.24,79.325,78.805,78.8101,955309.2923420001
2026-03-23T16:00:00.000Z,78.81,79,78.55,78.595,778016.1434669999
2026-03-23T16:30:00.000Z,78.595,78.89,78.585,78.75,553701.1654800002
2026-03-23T17:00:00.000Z,78.76,78.835,78.54,78.685,407065.5557000001
2026-03-23T17:30:00.000Z,78.69,79.105,78.665,78.99,574079.9438140002
2026-03-23T18:00:00.000Z,78.99,78.99,78.65,78.755,539598.0283209999
2026-03-23T18:30:00.000Z,78.76,79.06,78.76,78.955,508049.777355
2026-03-23T19:00:00.000Z,78.95,79,78.815,78.8499,637074.3767110001
2026-03-23T19:30:00.000Z,78.85,79.19,78.78,78.78,1977702.039838
2026-03-24T13:30:00.000Z,78.37,79.12,78.13,79.11,1146156.2450869998
2026-03-24T14:00:00.000Z,79.105,79.78,79.055,79.73,1046376.6913709999
2026-03-24T14:30:00.000Z,79.725,80,79.255,79.42,1342185.9457989999
2026-03-24T15:00:00.000Z,79.42,80.29,79.41,80.25,915909.8492039999
2026-03-24T15:30:00.000Z,80.25,80.63,80.19,80.41,713675.9176510001
2026-03-24T16:00:00.000Z,80.41,80.8599,80.39,80.78,855684.724378
2026-03-24T16:30:00.000Z,80.77,80.81,80.13,80.205,916217.3068430001
2026-03-24T17:00:00.000Z,80.205,80.37,79.97,80.1,527039.3174379999
2026-03-24T17:30:00.000Z,80.095,80.37,79.98,80.32,611281.9238989999
2026-03-24T18:00:00.000Z,80.33,80.515,80.225,80.465,610435.629345
2026-03-24T18:30:00.000Z,80.46,80.7,80.365,80.445,701734.8245860001
2026-03-24T19:00:00.000Z,80.445,80.63,80.41,80.485,1017815.729033
2026-03-24T19:30:00.000Z,80.49,80.935,80.44,80.89,3122975.596682
2026-03-25T13:30:00.000Z,81,82.01,80.89,81.59,2292607.6139169997
2026-03-25T14:00:00.000Z,81.6,82.6,81.25,82.51,2128373.7852429994
2026-03-25T14:30:00.000Z,82.52,82.68,81.95,81.96,1840550.3053320001
2026-03-25T15:00:00.000Z,81.96,82.29,81.77,82.1836,1114656.230525
2026-03-25T15:30:00.000Z,82.18,82.295,81.6901,81.74,1389786.8125960003
2026-03-25T16:00:00.000Z,81.74,81.74,81.37,81.62,719849.2436190001
2026-03-25T16:30:00.000Z,81.62,82.09,81.56,82.085,843710.5573520001
2026-03-25T17:00:00.000Z,82.085,82.175,81.87,81.895,738678.2984380001
2026-03-25T17:30:00.000Z,81.89,82.35,81.75,81.785,898180.8909090001
2026-03-25T18:00:00.000Z,81.78,82.205,81.7,82.05,630523.9844800001
2026-03-25T18:30:00.000Z,82.035,82.285,81.78,81.85,1265912.3999330003
2026-03-25T19:00:00.000Z,81.84,81.92,81.52,81.53,859407.4590200001
2026-03-25T19:30:00.000Z,81.525,81.905,81.285,81.86,3246223.8624199997
2026-03-26T13:30:00.000Z,82.07,83.11,81.81,82.68,2440608.8622699995
2026-03-26T14:00:00.000Z,82.71,82.78,82.385,82.545,1107364.9964720001
2026-03-26T14:30:00.000Z,82.545,82.665,81.92,82.135,1514806.26797
2026-03-26T15:00:00.000Z,82.14,82.49,81.93,82.295,1307604.186836
2026-03-26T15:30:00.000Z,82.265,82.66,82.12,82.635,814207.5212959999
2026-03-26T16:00:00.000Z,82.63,82.86,82.49,82.665,1530165.393854
2026-03-26T16:30:00.000Z,82.66,82.85,82.42,82.79,816745.140635
2026-03-26T17:00:00.000Z,82.785,82.92,82.4,82.505,815207.9014479999
2026-03-26T17:30:00.000Z,82.505,82.7951,82.4,82.48,861063.0103040002
2026-03-26T18:00:00.000Z,82.49,82.685,82.48,82.615,706270.920471
2026-03-26T18:30:00.000Z,82.62,82.765,82.52,82.755,808426.9324570005
2026-03-26T19:00:00.000Z,82.7595,82.77,82.3,82.415,1660772.346722
2026-03-26T19:30:00.000Z,82.41,82.53,82.1,82.15,3296463.8037489997
2026-03-27T13:30:00.000Z,81.975,82.12,79.91,80.11,1961390.448475
2026-03-27T14:00:00.000Z,80.1,80.25,79.64,79.65,1320759.288722
2026-03-27T14:30:00.000Z,79.65,80.185,79.4,80.125,1551084.5843160003
2026-03-27T15:00:00.000Z,80.14,80.29,79.815,80.09,1012057.3229199997
2026-03-27T15:30:00.000Z,80.09,80.64,80.03,80.06,974109.0598240001
2026-03-27T16:00:00.000Z,80.07,80.405,79.83,80.4,885690.5822210001
2026-03-27T16:30:00.000Z,80.4,80.59,80.3,80.35,1206618.85398
2026-03-27T17:00:00.000Z,80.36,80.37,79.8511,79.88,609984.1118549999
2026-03-27T17:30:00.000Z,79.89,80.155,79.735,79.84,780525.6860400003
2026-03-27T18:00:00.000Z,79.845,80.025,79.76,79.835,952252.6031739997
2026-03-27T18:30:00.000Z,79.835,80,79.685,79.945,630535.4544310002
2026-03-27T19:00:00.000Z,79.945,80.03,79.765,79.94,900785.2288649998
2026-03-27T19:30:00.000Z,79.935,80.11,79.695,79.93,2509413.38069
2026-03-30T13:30:00.000Z,79.86,80.39,78.595,78.73,2698940.8938000007
2026-03-30T14:00:00.000Z,78.72,79.113,78.435,78.4901,1343087.931228
2026-03-30T14:30:00.000Z,78.495,78.63,78.23,78.54,1199790.04368
2026-03-30T15:00:00.000Z,78.552,78.62,78.1,78.1825,1166201.8677250003
2026-03-30T15:30:00.000Z,78.185,78.63,78.115,78.48,813987.114024
2026-03-30T16:00:00.000Z,78.485,78.485,77.77,77.8155,857575.5020849998
2026-03-30T16:30:00.000Z,77.81,77.905,77.685,77.73,735793.866316
2026-03-30T17:00:00.000Z,77.74,77.81,77.415,77.42,678817.2700630001
2026-03-30T17:30:00.000Z,77.43,77.56,77.325,77.425,899812.541671
2026-03-30T18:00:00.000Z,77.425,77.45,76.89,77.075,859829.7660709999
2026-03-30T18:30:00.000Z,77.065,77.27,76.83,76.9484,1143878.559844
2026-03-30T19:00:00.000Z,76.95,77.02,76.59,76.675,1073596.0144159999
2026-03-30T19:30:00.000Z,76.67,77.205,76.65,77.02,3396328.959271
2026-03-31T13:30:00.000Z,77.89,78.19,77.18,77.61,1313466.347759
2026-03-31T14:00:00.000Z,77.62,77.74,77.21,77.66,1037166.4809709999
2026-03-31T14:30:00.000Z,77.665,77.7,76.66,76.77,904517.8455230001
2026-03-31T15:00:00.000Z,76.775,77.08,76.43,76.49,1068631.335467
2026-03-31T15:30:00.000Z,76.49,76.66,76.35,76.35,772337.6658729999
2026-03-31T16:00:00.000Z,76.34,76.885,76.31,76.735,594322.336529
2026-03-31T16:30:00.000Z,76.73,77.99,76.665,77.57,1619844.9396799996
2026-03-31T17:00:00.000Z,77.58,77.74,77.21,77.245,835008.6922529999
2026-03-31T17:30:00.000Z,77.245,77.5399,76.76,76.91,1198857.479921
2026-03-31T18:00:00.000Z,76.91,77.14,76.89,77.02,753274.1480900001
2026-03-31T18:30:00.000Z,77.02,77.17,76.9218,77.06,727675.7600010001
2026-03-31T19:00:00.000Z,77.0599,77.2,76.855,77.055,1366743.7925889995
2026-03-31T19:30:00.000Z,77.055,77.69,77.005,77.57,4368267.544067999
2026-04-01T13:30:00.000Z,78,78.855,77.88,78.145,2492264.982152001
2026-04-01T14:00:00.000Z,78.15,78.68,78.12,78.6,1105603.0538139998
2026-04-01T14:30:00.000Z,78.61,79.04,78.41,78.99,1282421.896928
2026-04-01T15:00:00.000Z,79,79.04,78.71,78.8,627965.0265710001
2026-04-01T15:30:00.000Z,78.791,79.12,78.75,78.985,723197.3129289999
2026-04-01T16:00:00.000Z,78.98,79.015,78.78,78.845,571566.7517470001
2026-04-01T16:30:00.000Z,78.845,78.96,78.7301,78.795,554455.0604830001
2026-04-01T17:00:00.000Z,78.795,78.81,78.395,78.4,929693.5999129999
2026-04-01T17:30:00.000Z,78.4,78.425,78.22,78.235,648163.0663560001
2026-04-01T18:00:00.000Z,78.23,78.23,77.915,78.02,1033441.6321290003
2026-04-01T18:30:00.000Z,78.03,78.3093,78,78.14,1116862.142907
2026-04-01T19:00:00.000Z,78.135,78.305,77.92,78.18,1219369.680141
2026-04-01T19:30:00.000Z,78.1718,78.235,77.81,77.95,2475217.953621
2026-04-02T13:30:00.000Z,76.73,77.4593,76.54,77.43,1117681.8129119999
2026-04-02T14:00:00.000Z,77.44,78.1,77.35,78,857860.3067479999
2026-04-02T14:30:00.000Z,78,78.85,77.91,78.8,931017.1716950003
2026-04-02T15:00:00.000Z,78.795,79.1,78.58,79.01,693892.3245369999
2026-04-02T15:30:00.000Z,79.02,79.08,78.79,78.935,455298.2959790001
2026-04-02T16:00:00.000Z,78.93,79.02,78.41,78.55,350777.631756
2026-04-02T16:30:00.000Z,78.5501,78.81,78.535,78.6,413428.7924709999
2026-04-02T17:00:00.000Z,78.59,78.9,78.53,78.83,320985.3730700001
2026-04-02T17:30:00.000Z,78.82,78.83,78.37,78.505,437712.44285800005
2026-04-02T18:00:00.000Z,78.52,78.72,78.48,78.64,389809.4529590002
2026-04-02T18:30:00.000Z,78.65,78.78,78.62,78.69,392769.00022199994
2026-04-02T19:00:00.000Z,78.7,78.855,78.53,78.59,530289.197225
2026-04-02T19:30:00.000Z,78.58,79.065,78.54,79.02,2078792.424381
2026-04-06T13:30:00.000Z,79.12,79.43,79.02,79.38,976177.0976599999
2026-04-06T14:00:00.000Z,79.38,79.69,79.06,79.6799,964336.139328
2026-04-06T14:30:00.000Z,79.67,79.82,79.53,79.629,741932.6622269999
2026-04-06T15:00:00.000Z,79.625,79.76,79.46,79.555,655703.6551000001
2026-04-06T15:30:00.000Z,79.57,79.72,79.37,79.69,520316.20877499995
2026-04-06T16:00:00.000Z,79.685,79.71,79.5,79.62,421563.9371770001
2026-04-06T16:30:00.000Z,79.615,79.765,79.58,79.675,409843.84980900004
2026-04-06T17:00:00.000Z,79.68,79.7171,79.405,79.7099,592186.26609
2026-04-06T17:30:00.000Z,79.71,79.79,79.525,79.57,327556.46410099993
2026-04-06T18:00:00.000Z,79.56,79.77,79.465,79.675,462271.688637
2026-04-06T18:30:00.000Z,79.68,79.9,79.59,79.86,550680.840646
2026-04-06T19:00:00.000Z,79.855,80.305,79.825,80.245,2418177.908549
2026-04-06T19:30:00.000Z,80.245,80.48,80.22,80.435,2431421.44853
2026-04-07T13:30:00.000Z,80.02,80.21,79.59,79.85,1155876.1655279999
2026-04-07T14:00:00.000Z,79.85,80.29,79.42,80.285,731272.9489790002
2026-04-07T14:30:00.000Z,80.29,80.39,80.08,80.125,621820.0009359999
2026-04-07T15:00:00.000Z,80.13,80.36,79.965,80.21,732301.8542000002
2026-04-07T15:30:00.000Z,80.205,80.555,80.12,80.4,524895.392648
2026-04-07T16:00:00.000Z,80.42,80.89,80.42,80.72,709897.0063339999
2026-04-07T16:30:00.000Z,80.7,80.7,80.435,80.515,385837.84995399986
2026-04-07T17:00:00.000Z,80.51,80.575,80.35,80.5531,337859.73453300004
2026-04-07T17:30:00.000Z,80.56,80.86,80.5,80.525,368004.38112700003
2026-04-07T18:00:00.000Z,80.52,80.585,80.41,80.495,339616.8790240001
2026-04-07T18:30:00.000Z,80.5,80.505,80.17,80.26,452509.1397579999
2026-04-07T19:00:00.000Z,80.27,80.82,80.225,80.525,639322.3464909999
2026-04-07T19:30:00.000Z,80.52,80.73,80.32,80.7,1733790.139795
2026-04-08T13:30:00.000Z,82.305,82.98,81.5,82.25,2457195.779497
2026-04-08T14:00:00.000Z,82.25,82.6719,82.21,82.22,1323209.3679990002
2026-04-08T14:30:00.000Z,82.23,82.38,81.79,81.95,765685.5801680002
2026-04-08T15:00:00.000Z,81.94,82.225,81.91,82.02,767709.2396790002
2026-04-08T15:30:00.000Z,82.03,82.525,81.98,82.49,1243601.1349779998
2026-04-08T16:00:00.000Z,82.47,82.64,82.3,82.365,555202.832106
2026-04-08T16:30:00.000Z,82.365,82.47,82.29,82.375,460636.77389899996
2026-04-08T17:00:00.000Z,82.37,82.5,82.33,82.355,460743.15678499994
2026-04-08T17:30:00.000Z,82.36,82.95,82.35,82.85,750832.2052720002
2026-04-08T18:00:00.000Z,82.84,82.99,82.7,82.805,600430.558615
2026-04-08T18:30:00.000Z,82.805,82.885,82.63,82.66,550151.3281210001
2026-04-08T19:00:00.000Z,82.655,82.94,82.63,82.87,817559.6294479999
2026-04-08T19:30:00.000Z,82.86,83.74,82.8,83.71,3250723.910142
2026-04-09T13:30:00.000Z,83.85,84.77,83.68,84.37,1555541.3224030002
2026-04-09T14:00:00.000Z,84.37,84.39,83.16,83.24,1244180.1590979998
2026-04-09T14:30:00.000Z,83.23,83.27,83.03,83.125,562803.0286280001
2026-04-09T15:00:00.000Z,83.13,83.15,82.655,82.815,1052094.084553
2026-04-09T15:30:00.000Z,82.81,83.2978,82.785,83.0591,750441.2560460002
2026-04-09T16:00:00.000Z,83.045,83.26,82.84,83.155,505796.254316
2026-04-09T16:30:00.000Z,83.1501,83.2,82.255,82.2811,1099633.620008
2026-04-09T17:00:00.000Z,82.29,82.73,82.15,82.65,1071976.507895
2026-04-09T17:30:00.000Z,82.65,82.75,82.56,82.67,393168.98166399996
2026-04-09T18:00:00.000Z,82.68,83.08,82.5,83.025,898829.518684
2026-04-09T18:30:00.000Z,83.025,83.175,82.9,83.0925,583395.813178
2026-04-09T19:00:00.000Z,83.11,83.4,83.095,83.345,852353.260535
2026-04-09T19:30:00.000Z,83.345,83.57,83.09,83.18,2649935.541032
2026-04-10T13:30:00.000Z,83.89,84.56,82.92,83.038,1586970.1929890008
2026-04-10T14:00:00.000Z,83.02,83.02,81.62,82.25,2804681.6278750002
2026-04-10T14:30:00.000Z,82.23,82.46,82.06,82.34,1046118.7827280001
2026-04-10T15:00:00.000Z,82.34,82.575,82.18,82.42,1022472.7564709998
2026-04-10T15:30:00.000Z,82.43,82.81,82.41,82.55,798239.322497
2026-04-10T16:00:00.000Z,82.54,82.67,82.3925,82.3925,434654.4622320001
2026-04-10T16:30:00.000Z,82.39,82.45,82.2,82.23,556936.486882
2026-04-10T17:00:00.000Z,82.22,82.22,81.91,82.025,687857.6824779998
2026-04-10T17:30:00.000Z,82.03,82.27,81.87,81.92,728600.752277
2026-04-10T18:00:00.000Z,81.9,81.91,81.665,81.815,697841.393887
2026-04-10T18:30:00.000Z,81.815,81.92,81.7,81.9,769659.882402
2026-04-10T19:00:00.000Z,81.91,82.36,81.87,82.345,832775.8385959999
2026-04-10T19:30:00.000Z,82.34,82.34,82.11,82.22,1803316.8656019997
2026-04-13T13:30:00.000Z,82.035,82.18,81.41,81.91,806047.433272
2026-04-13T14:00:00.000Z,81.9,81.9,81.25,81.765,578976.8198969999
2026-04-13T14:30:00.000Z,81.77,81.92,81.7007,81.745,517019.79615999997
2026-04-13T15:00:00.000Z,81.745,81.75,81.545,81.595,649597.1605890001
2026-04-13T15:30:00.000Z,81.59,81.6675,81.515,81.57,608281.8011670002
2026-04-13T16:00:00.000Z,81.575,81.83,81.55,81.76,643528.267614
2026-04-13T16:30:00.000Z,81.76,82,81.74,81.77,714738.066981
2026-04-13T17:00:00.000Z,81.775,81.815,81.66,81.705,385396.18543400004
2026-04-13T17:30:00.000Z,81.705,81.8,81.52,81.52,668676.9672350001
2026-04-13T18:00:00.000Z,81.52,81.62,81.36,81.39,810238.5013430002
2026-04-13T18:30:00.000Z,81.395,81.675,81.29,81.615,1080327.582299
2026-04-13T19:00:00.000Z,81.615,81.72,81.51,81.615,613105.04279
2026-04-13T19:30:00.000Z,81.61,82.39,81.595,82.34,2718651.111432
2026-04-14T13:30:00.000Z,82.03,82.45,81.36,81.665,1752693.996055
2026-04-14T14:00:00.000Z,81.65,82.07,81.55,81.615,887121.5713979999
2026-04-14T14:30:00.000Z,81.61,82.02,81.585,81.91,748524.8000469999
2026-04-14T15:00:00.000Z,81.9,81.935,81.745,81.82,467763.96088499995
2026-04-14T15:30:00.000Z,81.82,81.85,81.515,81.55,674164.101668
2026-04-14T16:00:00.000Z,81.54,81.65,81.47,81.615,543489.610855
2026-04-14T16:30:00.000Z,81.62,81.745,81.48,81.525,369949.942932
2026-04-14T17:00:00.000Z,81.525,81.955,81.525,81.93,406384.22533000016
2026-04-14T17:30:00.000Z,81.925,81.9556,81.82,81.885,368556.7349210001
2026-04-14T18:00:00.000Z,81.89,82.145,81.89,82.0851,463310.8497300001
2026-04-14T18:30:00.000Z,82.09,82.38,82.07,82.355,399375.589414
2026-04-14T19:00:00.000Z,82.355,82.46,82.32,82.45,556299.785332
2026-04-14T19:30:00.000Z,82.45,82.65,82.26,82.61,2488374.100719
2026-04-15T13:30:00.000Z,82.53,82.6451,80.96,81.51,1599962.6118669999
2026-04-15T14:00:00.000Z,81.49,81.55,81.295,81.47,877276.9566949998
2026-04-15T14:30:00.000Z,81.48,81.57,81.15,81.19,841722.721525
2026-04-15T15:00:00.000Z,81.19,81.225,80.995,81,717930.099774
2026-04-15T15:30:00.000Z,81,81.16,80.875,80.92,683288.905729
2026-04-15T16:00:00.000Z,80.93,81.43,80.9,81.08,1073106.770548
2026-04-15T16:30:00.000Z,81.075,81.62,81.05,81.52,1026555.7207149998
2026-04-15T17:00:00.000Z,81.53,81.87,81.53,81.715,400416.111942
2026-04-15T17:30:00.000Z,81.715,81.9699,81.66,81.955,371289.799449
2026-04-15T18:00:00.000Z,81.955,82.16,81.9,82.12,497045.9558489999
2026-04-15T18:30:00.000Z,82.12,82.425,82.12,82.405,435304.068962
2026-04-15T19:00:00.000Z,82.405,82.66,82.4,82.625,475032.80620100006
2026-04-15T19:30:00.000Z,82.625,82.64,82.3,82.3,1664425.88787
2026-04-16T13:30:00.000Z,82.08,83.135,82,83.08,1304160.110799
2026-04-16T14:00:00.000Z,83.08,83.225,82.7,82.825,564492.2444910001
2026-04-16T14:30:00.000Z,82.82,83.38,82.82,83.315,592867.6869160001
2026-04-16T15:00:00.000Z,83.32,83.41,83.26,83.26,625120.2031860001
2026-04-16T15:30:00.000Z,83.27,83.585,83.235,83.545,507889.417662
2026-04-16T16:00:00.000Z,83.545,83.63,83.515,83.515,333565.755773
2026-04-16T16:30:00.000Z,83.52,83.595,83.44,83.525,401490.53458199993
2026-04-16T17:00:00.000Z,83.525,83.795,83.51,83.775,394392.66648099996
2026-04-16T17:30:00.000Z,83.78,83.865,83.6901,83.7551,432510.2905869999
2026-04-16T18:00:00.000Z,83.7601,83.8899,83.595,83.685,876943.1072739997
2026-04-16T18:30:00.000Z,83.685,83.9,83.645,83.895,611569.4287460002
2026-04-16T19:00:00.000Z,83.895,84.05,83.83,83.945,754592.37778
2026-04-16T19:30:00.000Z,83.945,84.53,83.87,84.5,2958331.197916
2026-04-17T13:30:00.000Z,85.19,85.37,84.6,85.16,2413750.22693
2026-04-17T14:00:00.000Z,85.17,85.31,85.005,85.16,1186872.328668
2026-04-17T14:30:00.000Z,85.17,85.44,85.065,85.2611,1403122.1911250001
2026-04-17T15:00:00.000Z,85.27,85.43,85.125,85.405,642565.7519970002
2026-04-17T15:30:00.000Z,85.405,85.6,85.325,85.49,722067.8631279999
2026-04-17T16:00:00.000Z,85.495,85.95,85.46,85.935,517752.05948200007
2026-04-17T16:30:00.000Z,85.94,86.209,85.795,86.015,796501.349913
2026-04-17T17:00:00.000Z,86.015,86.145,85.83,85.955,777329.9717109998
2026-04-17T17:30:00.000Z,85.98,86.2599,85.93,86.175,423767.59222100006
2026-04-17T18:00:00.000Z,86.18,86.215,86.02,86.06,540040.8685870001
2026-04-17T18:30:00.000Z,86.065,86.375,86.065,86.325,582477.4339000001
2026-04-17T19:00:00.000Z,86.325,86.355,86.085,86.125,887522.6457759999
2026-04-17T19:30:00.000Z,86.13,86.29,85.87,86.26,3347274.742795
2026-04-20T13:30:00.000Z,86.195,87.02,85.8582,86.855,1677385.2315609998
2026-04-20T14:00:00.000Z,86.855,87.62,86.7701,87.31,825661.6363330001
2026-04-20T14:30:00.000Z,87.32,87.665,87.22,87.515,986986.1453029999
2026-04-20T15:00:00.000Z,87.515,87.59,87.18,87.56,745137.9629410001
2026-04-20T15:30:00.000Z,87.55,87.645,87.38,87.64,639887.5535029998
2026-04-20T16:00:00.000Z,87.63,88.215,87.59,87.995,1218561.2207660002
2026-04-20T16:30:00.000Z,87.995,88.095,87.76,87.935,743000.2003210003
2026-04-20T17:00:00.000Z,87.935,88.35,87.755,88.21,922122.70015
2026-04-20T17:30:00.000Z,88.21,88.215,88.025,88.045,505742.02207099996
2026-04-20T18:00:00.000Z,88.04,88.0651,87.885,88.055,638529.675268
2026-04-20T18:30:00.000Z,88.06,88.065,87.855,87.87,561373.6483969999
2026-04-20T19:00:00.000Z,87.875,88.005,87.785,87.795,778384.3243829998
2026-04-20T19:30:00.000Z,87.79,87.79,87.45,87.72,2578909.857177
2026-04-21T13:30:00.000Z,87.92,88.13,87.16,87.835,1554899.2780010002
2026-04-21T14:00:00.000Z,87.86,88.4,87.83,88.385,840283.2854860001
2026-04-21T14:30:00.000Z,88.39,88.93,88.34,88.54,1037819.2454429999
2026-04-21T15:00:00.000Z,88.5401,88.985,88.395,88.7,1014428.0982570001
2026-04-21T15:30:00.000Z,88.73,89.03,88.485,88.85,782818.193182
2026-04-21T16:00:00.000Z,88.86,89.08,88.83,89.065,666041.034007
2026-04-21T16:30:00.000Z,89.065,89.155,88.775,88.91,758725.3122279997
2026-04-21T17:00:00.000Z,88.91,88.98,88.65,88.975,759659.5813820001
2026-04-21T17:30:00.000Z,88.975,89.45,88.9651,89.25,816203.174058
2026-04-21T18:00:00.000Z,89.25,89.383,89.03,89.21,860415.6617909999
2026-04-21T18:30:00.000Z,89.205,89.31,89.11,89.31,680952.2734249999
2026-04-21T19:00:00.000Z,89.31,89.71,89.3,89.625,1003460.0321569999
2026-04-21T19:30:00.000Z,89.62,89.8,89.25,89.725,3577873.9179000002
2026-04-22T13:30:00.000Z,89.925,90.19,89.51,90.07,2052558.7348500001
2026-04-22T14:00:00.000Z,90.06,90.285,90.02,90.04,1229977.6545360002
2026-04-22T14:30:00.000Z,90.03,90.45,89.74,89.85,1083608.180224
2026-04-22T15:00:00.000Z,89.85,89.93,89.52,89.53,657771.021399
2026-04-22T15:30:00.000Z,89.52,89.8,89.48,89.75,654562.7522029999
2026-04-22T16:00:00.000Z,89.75,89.91,89.75,89.765,543072.440136
2026-04-22T16:30:00.000Z,89.77,90.09,89.695,89.9,860389.5315749998
2026-04-22T17:00:00.000Z,89.9,90.18,89.9,90.09,725452.7364510001
2026-04-22T17:30:00.000Z,90.085,90.14,89.93,90.005,461653.417615
2026-04-22T18:00:00.000Z,90.01,90.03,89.72,89.995,654695.878041
2026-04-22T18:30:00.000Z,89.995,90.23,89.995,90.03,627737.6744779999
2026-04-22T19:00:00.000Z,90.03,90.35,90.005,90.055,924196.3886330001
2026-04-22T19:30:00.000Z,90.0525,90.125,89.755,89.78,2637286.894897
2026-04-23T13:30:00.000Z,89.32,90,88.67,89.89,1632808.9042610002
2026-04-23T14:00:00.000Z,89.89,89.92,88.87,89.02,971749.4667589997
2026-04-23T14:30:00.000Z,89.04,89.42,88.905,89.295,941788.496566
2026-04-23T15:00:00.000Z,89.295,89.595,89.255,89.54,559422.244939
2026-04-23T15:30:00.000Z,89.53,89.73,89.405,89.45,837763.9505559999
2026-04-23T16:00:00.000Z,89.445,89.49,89.12,89.45,1544561.4227800001
2026-04-23T16:30:00.000Z,89.45,89.515,89.15,89.225,795339.3929939998
2026-04-23T17:00:00.000Z,89.235,89.29,88.61,88.67,945714.1582739999
2026-04-23T17:30:00.000Z,88.68,88.9,88.27,88.64,1108385.012224
2026-04-23T18:00:00.000Z,88.635,89.01,88.6,89.005,900495.0161030003
2026-04-23T18:30:00.000Z,89.01,89.08,88.78,88.855,639722.65414
2026-04-23T19:00:00.000Z,88.85,89.145,88.76,89.04,967448.174786
2026-04-23T19:30:00.000Z,89.04,89.14,88.41,88.6,3317120.1345
2026-04-24T13:30:00.000Z,87.405,88.3,87.405,88.095,2159085.0998009993
2026-04-24T14:00:00.000Z,88.095,88.545,87.965,88.45,655572.526826
2026-04-24T14:30:00.000Z,88.47,89.01,88.445,88.78,712859.7840730001
2026-04-24T15:00:00.000Z,88.765,89.03,88.715,88.845,686002.5940849999
2026-04-24T15:30:00.000Z,88.845,89.24,88.7301,89.24,559721.549398
2026-04-24T16:00:00.000Z,89.24,89.39,89.17,89.35,581998.4156790001
2026-04-24T16:30:00.000Z,89.36,89.57,89.36,89.47,521385.648859
2026-04-24T17:00:00.000Z,89.485,89.65,89.43,89.55,797510.828735
2026-04-24T17:30:00.000Z,89.55,89.73,89.515,89.595,618933.4349710001
2026-04-24T18:00:00.000Z,89.605,89.65,89.455,89.495,623956.3638960001
2026-04-24T18:30:00.000Z,89.495,89.57,89.235,89.3,750497.4233220001
2026-04-24T19:00:00.000Z,89.28,89.39,89.015,89.245,1117658.043632
2026-04-24T19:30:00.000Z,89.249,89.25,88.73,88.99,3001584.500349
2026-04-27T13:30:00.000Z,89.28,89.5,88.32,88.7807,1232469.8545400004
2026-04-27T14:00:00.000Z,88.8,89.13,88.61,89.03,541722.901581
2026-04-27T14:30:00.000Z,89.03,89.23,88.5,88.545,524893.422483
2026-04-27T15:00:00.000Z,88.55,88.57,87.98,87.985,643309.168736
2026-04-27T15:30:00.000Z,87.985,88.18,87.865,88.095,375383.8881
2026-04-27T16:00:00.000Z,88.095,88.095,87.9,87.985,378598.6006
2026-04-27T16:30:00.000Z,87.985,88.09,87.935,88.075,333592.85199500015
2026-04-27T17:00:00.000Z,88.075,88.14,87.705,87.805,601650.0503469998
2026-04-27T17:30:00.000Z,87.8,87.91,87.64,87.83,809711.5804279998
2026-04-27T18:00:00.000Z,87.84,87.915,87.765,87.815,596943.6875890001
2026-04-27T18:30:00.000Z,87.82,87.89,87.725,87.855,448339.265324
2026-04-27T19:00:00.000Z,87.85,88.09,87.795,88.035,536489.9152279999
2026-04-27T19:30:00.000Z,88.035,88.345,88.01,88.27,1391771.0860630001
2026-04-28T13:30:00.000Z,88.55,88.55,87.029,88.01,1507331.8353659997
2026-04-28T14:00:00.000Z,88,88.02,87.4,87.495,625409.399297
2026-04-28T14:30:00.000Z,87.49,87.51,86.945,87.34,1171378.1387300002
2026-04-28T15:00:00.000Z,87.36,87.6,87.11,87.15,1087462.828899
2026-04-28T15:30:00.000Z,87.155,87.155,86.81,86.84,520993.06301000004
2026-04-28T16:00:00.000Z,86.85,86.9693,86.645,86.69,793320.0452360001
2026-04-28T16:30:00.000Z,86.695,86.74,86.39,86.45,854607.8571620001
2026-04-28T17:00:00.000Z,86.44,86.55,86.21,86.255,616039.830701
2026-04-28T17:30:00.000Z,86.26,86.5075,86.1825,86.3151,663902.7596159999
2026-04-28T18:00:00.000Z,86.32,86.37,85.79,85.82,742774.8222710001
2026-04-28T18:30:00.000Z,85.8299,86.27,85.775,86.27,998336.502661
2026-04-28T19:00:00.000Z,86.28,86.58,86.2747,86.525,750534.6598200001
2026-04-28T19:30:00.000Z,86.525,86.96,86.19,86.85,1967053.9365969999
2026-04-29T13:30:00.000Z,87.32,88.018,86.835,87.96,1071933.983447
2026-04-29T14:00:00.000Z,87.97,88.14,87.42,87.56,591574.9497390002
2026-04-29T14:30:00.000Z,87.56,88.47,87.54,88.45,1314460.5352029998
2026-04-29T15:00:00.000Z,88.445,88.67,88.365,88.62,730731.41746
2026-04-29T15:30:00.000Z,88.62,88.705,88.38,88.68,572033.8793090001
2026-04-29T16:00:00.000Z,88.67,89.08,88.65,88.805,583305.031863
2026-04-29T16:30:00.000Z,88.8,88.975,88.73,88.945,434864.5157529999
2026-04-29T17:00:00.000Z,88.945,88.95,88.58,88.725,553157.577072
2026-04-29T17:30:00.000Z,88.73,89,88.68,88.77,927723.7473609997
2026-04-29T18:00:00.000Z,88.78,88.785,88.5841,88.7393,389325.467132
2026-04-29T18:30:00.000Z,88.735,88.97,88.68,88.96,941088.240201
2026-04-29T19:00:00.000Z,88.97,89.22,88.94,89.17,593522.8676119999
2026-04-29T19:30:00.000Z,89.17,89.63,88.945,89.6,2387060.374126
2026-04-30T13:30:00.000Z,89.815,90.4,89.32,89.89,1624491.2858100005
2026-04-30T14:00:00.000Z,89.91,89.94,89.4,89.92,966895.0760049999
2026-04-30T14:30:00.000Z,89.91,90.57,89.87,90.45,1388944.070387
2026-04-30T15:00:00.000Z,90.45,90.57,90.25,90.51,808357.062167
2026-04-30T15:30:00.000Z,90.52,90.95,90.5,90.8929,798528.385832
2026-04-30T16:00:00.000Z,90.89,91.11,90.735,91.09,802971.9635760001
2026-04-30T16:30:00.000Z,91.1,91.325,90.76,90.82,1857562.0030069994
2026-04-30T17:00:00.000Z,90.815,91,90.6906,90.965,571922.5589259999
2026-04-30T17:30:00.000Z,90.97,91.205,90.97,91.09,548617.0465609999
2026-04-30T18:00:00.000Z,91.095,91.21,90.88,91.19,822403.359432
2026-04-30T18:30:00.000Z,91.19,91.67,91.18,91.33,1011731.1071090001
2026-04-30T19:00:00.000Z,91.335,91.63,91.31,91.605,722184.3849530001
2026-04-30T19:30:00.000Z,91.61,91.63,91.42,91.46,2992292.0294370004
2026-05-01T13:30:00.000Z,91.75,92.92,91.16,92.41,1783512.420386
2026-05-01T14:00:00.000Z,92.42,92.9092,92.24,92.63,645602.490085
2026-05-01T14:30:00.000Z,92.63,92.77,92.23,92.32,733764.456393
2026-05-01T15:00:00.000Z,92.32,92.665,92.22,92.665,596488.552801
2026-05-01T15:30:00.000Z,92.66,92.695,92.385,92.58,572009.659912
2026-05-01T16:00:00.000Z,92.57,92.61,92.3217,92.3459,517787.9876720001
2026-05-01T16:30:00.000Z,92.34,92.36,92.18,92.2,415992.73888300004
2026-05-01T17:00:00.000Z,92.195,92.3151,91.96,92.22,445156.074565
2026-05-01T17:30:00.000Z,92.22,92.365,92.145,92.185,427101.85490399995
2026-05-01T18:00:00.000Z,92.18,92.295,92.02,92.15,946621.035156
2026-05-01T18:30:00.000Z,92.155,92.215,92.01,92.16,446487.20384999993
2026-05-01T19:00:00.000Z,92.155,92.25,92.06,92.215,575237.041127
2026-05-01T19:30:00.000Z,92.22,92.25,91.79,91.86,1669768.962585
2026-05-04T13:30:00.000Z,91.85,93.09,91.19,93.08,1408939.3613439999
2026-05-04T14:00:00.000Z,93.08,93.1,92.58,92.805,911466.5226499998
2026-05-04T14:30:00.000Z,92.805,93.08,92.8,92.86,591121.666692
2026-05-04T15:00:00.000Z,92.87,92.87,92.365,92.62,537488.628878
2026-05-04T15:30:00.000Z,92.61,92.86,92.53,92.61,498228.34926300007
2026-05-04T16:00:00.000Z,92.6193,92.62,92.29,92.34,665857.3165900002
2026-05-04T16:30:00.000Z,92.34,92.68,92.34,92.66,531911.4905310001
2026-05-04T17:00:00.000Z,92.68,93.09,92.623,93.04,591779.632459
2026-05-04T17:30:00.000Z,93.035,93.09,92.695,92.8,597440.554672
2026-05-04T18:00:00.000Z,92.795,92.89,92.52,92.55,389796.608708
2026-05-04T18:30:00.000Z,92.54,92.595,92.29,92.47,376514.37536500004
2026-05-04T19:00:00.000Z,92.46,92.63,92.3601,92.57,576691.274303
2026-05-04T19:30:00.000Z,92.565,92.69,92.46,92.66,1490197.397741
2026-05-05T13:30:00.000Z,93.82,94.3,93.42,94.24,1447839.3390780003
2026-05-05T14:00:00.000Z,94.22,94.34,93.68,93.95,964030.0840350002
2026-05-05T14:30:00.000Z,93.97,94.095,93.46,93.65,636419.98587
2026-05-05T15:00:00.000Z,93.66,93.73,93.49,93.5193,533796.2083910002
2026-05-05T15:30:00.000Z,93.5101,93.755,93.38,93.69,384659.320654
2026-05-05T16:00:00.000Z,93.7,94.35,93.7,94.345,550676.7751890002
2026-05-05T16:30:00.000Z,94.345,94.45,94.19,94.44,496559.8736549999
2026-05-05T17:00:00.000Z,94.43,94.555,94.3401,94.4,334599.14081099996
2026-05-05T17:30:00.000Z,94.4,94.5259,94.27,94.34,684419.577139
2026-05-05T18:00:00.000Z,94.35,94.495,94.15,94.41,639499.88937
2026-05-05T18:30:00.000Z,94.42,94.5295,94.39,94.42,342276.01279499993
2026-05-05T19:00:00.000Z,94.425,94.715,94.397,94.635,599878.834497
2026-05-05T19:30:00.000Z,94.63,94.675,94.09,94.31,1914839.260242
2026-05-06T13:30:00.000Z,92.64,93.42,91.96,92.09,2491374.8659109995
2026-05-06T14:00:00.000Z,92.1,92.475,91.12,91.15,2151084.122526
2026-05-06T14:30:00.000Z,91.15,91.665,91,91.56,1203374.4848320002
2026-05-06T15:00:00.000Z,91.56,92.055,91.35,91.37,861222.3405589999
2026-05-06T15:30:00.000Z,91.39,91.69,91.15,91.53,1151441.765888
2026-05-06T16:00:00.000Z,91.52,91.62,91.22,91.295,725727.35185
2026-05-06T16:30:00.000Z,91.295,91.41,91.185,91.23,589895.006229
2026-05-06T17:00:00.000Z,91.23,91.4199,91.17,91.355,676913.6624980001
2026-05-06T17:30:00.000Z,91.355,91.53,91.26,91.505,588327.908147
2026-05-06T18:00:00.000Z,91.5,91.615,91.33,91.3515,804945.9185900004
2026-05-06T18:30:00.000Z,91.355,91.53,91.16,91.39,949651.1634920002
2026-05-06T19:00:00.000Z,91.395,91.46,91.075,91.415,1075267.147158
2026-05-06T19:30:00.000Z,91.415,91.77,91.323,91.64,3197684.9167059995
2026-05-07T13:30:00.000Z,92,92.73,91.9425,92.48,1770925.6465520002
2026-05-07T14:00:00.000Z,92.47,92.55,91.82,91.83,912777.3814760001
2026-05-07T14:30:00.000Z,91.84,92.3799,91.79,92.37,782464.180412
2026-05-07T15:00:00.000Z,92.37,92.39,91.96,92.11,652208.0214290001
2026-05-07T15:30:00.000Z,92.12,92.225,91.88,91.925,569742.694745
2026-05-07T16:00:00.000Z,91.93,91.975,91.62,91.62,696198.7054030001
2026-05-07T16:30:00.000Z,91.62,92.01,91.61,91.95,524638.238312
2026-05-07T17:00:00.000Z,91.96,92.16,91.77,91.84,723266.937607
2026-05-07T17:30:00.000Z,91.85,92.16,91.77,92.16,592826.136379
2026-05-07T18:00:00.000Z,92.17,92.25,91.98,92.04,708139.169295
2026-05-07T18:30:00.000Z,92.045,92.19,91.95,92.15,620398.9103980002
2026-05-07T19:00:00.000Z,92.16,92.26,92,92.21,781110.4984469999
2026-05-07T19:30:00.000Z,92.2,92.55,91.83,92.16,2955698.438765
2026-05-08T13:30:00.000Z,93.3304,95.201,93.14,95.201,2787248.2396639995
2026-05-08T14:00:00.000Z,95.2,96.01,94.93,95.84,2113425.2451000004
2026-05-08T14:30:00.000Z,95.83,95.965,95.34,95.71,1279814.762756
2026-05-08T15:00:00.000Z,95.71,95.73,95.16,95.62,965831.965616
2026-05-08T15:30:00.000Z,95.615,96.06,95.6,95.8,1334562.3943919998
2026-05-08T16:00:00.000Z,95.8,95.975,95.56,95.88,855555.9823070002
2026-05-08T16:30:00.000Z,95.899,96.56,95.76,96.475,1464389.2039619996
2026-05-08T17:00:00.000Z,96.48,97.02,96.46,96.57,1355415.5615099997
2026-05-08T17:30:00.000Z,96.58,96.73,96.33,96.42,851019.189031
2026-05-08T18:00:00.000Z,96.43,96.61,96.1601,96.43,1156738.2711379998
2026-05-08T18:30:00.000Z,96.44,96.673,96.27,96.2769,718709.4138020001
2026-05-08T19:00:00.000Z,96.28,96.655,96.275,96.45,958391.1761280003
2026-05-08T19:30:00.000Z,96.445,97,96.39,96.56,3680901.727117
2026-05-11T13:30:00.000Z,96.35,96.93,95.325,96.65,4475241.360610001
2026-05-11T14:00:00.000Z,96.62,97.02,96.525,96.84,1549641.7648709998
2026-05-11T14:30:00.000Z,96.84,97.65,96.77,97.62,2051700.189032
2026-05-11T15:00:00.000Z,97.63,97.93,97.47,97.88,1662730.3714929996
2026-05-11T15:30:00.000Z,97.88,98.48,97.845,98.09,1429673.8219400002
2026-05-11T16:00:00.000Z,98.08,98.29,97.81,97.92,1117660.6420260002
2026-05-11T16:30:00.000Z,97.93,97.95,97.61,97.9,858975.6581699998
2026-05-11T17:00:00.000Z,97.9,98.44,97.52,98.44,1431624.4101819997
2026-05-11T17:30:00.000Z,98.43,98.61,98.23,98.43,901593.3917099999
2026-05-11T18:00:00.000Z,98.44,98.465,97.95,98.03,1020415.8643230002
2026-05-11T18:30:00.000Z,98.04,98.06,97.595,97.77,1296390.3193859998
2026-05-11T19:00:00.000Z,97.78,98.09,97.72,97.985,1321855.7191859998
2026-05-11T19:30:00.000Z,97.99,98.83,97.95,98.71,4391079.500815
2026-05-12T13:30:00.000Z,99.52,99.93,98.49,98.71,4058977.653916
2026-05-12T14:00:00.000Z,98.72,99.55,98.445,98.7532,2799279.361788
2026-05-12T14:30:00.000Z,98.75,99.12,98.33,98.68,2279307.21965
2026-05-12T15:00:00.000Z,98.679,98.879,98.0706,98.11,1560401.529597
2026-05-12T15:30:00.000Z,98.1,98.23,97.77,98.105,1411886.377531
2026-05-12T16:00:00.000Z,98.12,98.47,97.97,98.29,1068166.4652690003
2026-05-12T16:30:00.000Z,98.28,98.71,98.11,98.57,1302953.953095
2026-05-12T17:00:00.000Z,98.58,99.29,98.51,98.8407,1171152.468062
2026-05-12T17:30:00.000Z,98.82,98.83,98.36,98.65,875584.024123
2026-05-12T18:00:00.000Z,98.64,99.07,98.62,99.01,1004016.3813239998
2026-05-12T18:30:00.000Z,99.02,99.052,98.32,98.56,1488018.5138519998
2026-05-12T19:00:00.000Z,98.555,98.85,98.445,98.7501,1581871.1687780002
2026-05-12T19:30:00.000Z,98.75,99.44,98.71,99.325,3742334.002971
2026-05-13T13:30:00.000Z,99.4,100.77,99.29,100.57,3441250.9862249997
2026-05-13T14:00:00.000Z,100.6,100.6799,99.85,100.515,2316498.5995730003
2026-05-13T14:30:00.000Z,100.52,100.84,100.185,100.27,1869680.9818980002
2026-05-13T15:00:00.000Z,100.27,100.85,100.24,100.41,1383262.6226700002
2026-05-13T15:30:00.000Z,100.42,100.705,99.86,100.02,1324737.5507119999
2026-05-13T16:00:00.000Z,100.0225,100.47,99.97,100.4,992342.3999920001
2026-05-13T16:30:00.000Z,100.4,100.45,100.22,100.3899,969903.5250190003
2026-05-13T17:00:00.000Z,100.38,100.61,100.345,100.535,795748.1009990002
2026-05-13T17:30:00.000Z,100.54,100.7,100.39,100.625,1002062.4744439999
2026-05-13T18:00:00.000Z,100.625,101.61,100.59,101.5,1799067.4831280003
2026-05-13T18:30:00.000Z,101.51,101.5199,100.53,100.76,1438743.9116850002
2026-05-13T19:00:00.000Z,100.76,101.3204,100.615,101.32,2166857.8903850005
2026-05-13T19:30:00.000Z,101.315,102.01,101.085,101.9334,7044388.106450998
2026-05-14T13:30:00.000Z,117.55,119.36,114.5,114.83,22623007.743135005
2026-05-14T14:00:00.000Z,114.83,116.87,114.22,116.83,7859104.224397
2026-05-14T14:30:00.000Z,116.83,117.1,115.72,116.5371,3824877.2049459997
2026-05-14T15:00:00.000Z,116.53,117.5,115.795,117.35,3250577.585829
2026-05-14T15:30:00.000Z,117.35,117.74,116.84,116.85,2320596.1338150003
2026-05-14T16:00:00.000Z,116.87,116.88,116.22,116.33,2028419.2207679998
2026-05-14T16:30:00.000Z,116.33,116.5,114.82,115.62,2790190.6806709995
2026-05-14T17:00:00.000Z,115.62,115.8399,113.97,114.1,2496864.2354880003
2026-05-14T17:30:00.000Z,114.09,115.25,114.05,115.17,1855685.197669
2026-05-14T18:00:00.000Z,115.16,115.18,114.48,114.65,1915303.019171
2026-05-14T18:30:00.000Z,114.65,115.57,114.57,115.16,2136274.078544
2026-05-14T19:00:00.000Z,115.17,115.71,115.102,115.6101,1899800.446493
2026-05-14T19:30:00.000Z,115.62,115.84,114.91,115.55,4760238.964503
2026-05-15T13:30:00.000Z,114.61,117.5,114,117.015,6673038.093603003
2026-05-15T14:00:00.000Z,117.04,118.34,116.29,118.03,3150180.1441920004
2026-05-15T14:30:00.000Z,118.03,118.19,116.31,116.85,2574231.0357900006
2026-05-15T15:00:00.000Z,116.85,117.205,116.5,116.79,1705283.7299290001
2026-05-15T15:30:00.000Z,116.81,117,116.17,116.42,1489510.152109
2026-05-15T16:00:00.000Z,116.44,117.19,116.39,117.16,1101649.051558
2026-05-15T16:30:00.000Z,117.16,117.41,116.67,116.85,966458.8716060001
2026-05-15T17:00:00.000Z,116.86,118.05,116.75,117.85,1997251.5388739998
2026-05-15T17:30:00.000Z,117.83,117.87,116.96,117.47,1200082.9289709998
2026-05-15T18:00:00.000Z,117.475,118.2,117.36,117.44,1605040.1156200003
2026-05-15T18:30:00.000Z,117.44,118.34,117.11,118.31,1263673.843783
2026-05-15T19:00:00.000Z,118.31,118.35,117.75,117.9,1653307.4991250003
2026-05-15T19:30:00.000Z,117.9,118.83,117.73,118.22,5542321.909687
2026-05-18T13:30:00.000Z,118.8,119.39,116.64,116.8099,3278974.1851420007
2026-05-18T14:00:00.000Z,116.78,117.75,116.2,116.565,1600524.8302940005
2026-05-18T14:30:00.000Z,116.58,117.24,116.03,116.9,1295941.129599
2026-05-18T15:00:00.000Z,116.9,117.03,116.43,116.565,1163672.7240470003
2026-05-18T15:30:00.000Z,116.565,116.89,116.34,116.68,847978.72384
2026-05-18T16:00:00.000Z,116.665,117.65,116.48,116.575,797926.7955100001
2026-05-18T16:30:00.000Z,116.5601,117.72,116.45,117.565,908925.337351
2026-05-18T17:00:00.000Z,117.56,117.68,117.21,117.52,627672.0919059998
2026-05-18T17:30:00.000Z,117.515,117.93,117.265,117.815,2134929.504122
2026-05-18T18:00:00.000Z,117.82,117.91,117.22,117.62,770412.2782490001
2026-05-18T18:30:00.000Z,117.63,117.87,117.535,117.63,902630.1759959998
2026-05-18T19:00:00.000Z,117.63,118.42,117.61,117.865,1183116.8086020001
2026-05-18T19:30:00.000Z,117.88,119.23,117.77,118.93,3992391.232728
2026-05-19T13:30:00.000Z,117.04,118.5,116.81,117.4,2744851.012468
2026-05-19T14:00:00.000Z,117.39,117.64,114.79,115.4426,3470133.192175999
2026-05-19T14:30:00.000Z,115.46,115.84,114.91,115.52,2031356.8868500006
2026-05-19T15:00:00.000Z,115.5,115.86,115.01,115.265,1808574.5199640002
2026-05-19T15:30:00.000Z,115.27,115.85,115.18,115.51,1253098.416606
2026-05-19T16:00:00.000Z,115.53,115.7999,115.18,115.69,1062611.758418
2026-05-19T16:30:00.000Z,115.68,116.57,115.55,116.555,1772088.4430120003
2026-05-19T17:00:00.000Z,116.55,117.74,116.535,117.65,1922878.125302
2026-05-19T17:30:00.000Z,117.64,117.7859,117.05,117.23,1121842.7266979998
2026-05-19T18:00:00.000Z,117.23,117.62,116.8175,116.85,1377159.9363960002
2026-05-19T18:30:00.000Z,116.84,116.9699,116.58,116.63,869300.59828
2026-05-19T19:00:00.000Z,116.6,116.975,116.26,116.34,1195672.6177
2026-05-19T19:30:00.000Z,116.34,116.35,115.11,115.4,4170795.6306180004
2026-05-20T13:30:00.000Z,115.69,116.9195,115.3927,115.86,2336200.0117839994
2026-05-20T14:00:00.000Z,115.86,116.36,115.17,116.28,2149559.7394879996
2026-05-20T14:30:00.000Z,116.28,116.56,115.57,115.72,1301378.0649430002
2026-05-20T15:00:00.000Z,115.7,116.49,115.43,115.54,1759306.4117079994
2026-05-20T15:30:00.000Z,115.53,115.98,115.5,115.72,968305.3923719999
2026-05-20T16:00:00.000Z,115.72,116.08,115.48,115.64,1045670.8838699999
2026-05-20T16:30:00.000Z,115.65,115.69,115.21,115.235,931476.4201010001
2026-05-20T17:00:00.000Z,115.24,115.285,114.55,114.68,1083950.861072
2026-05-20T17:30:00.000Z,114.69,114.865,114.55,114.865,847805.6813449999
2026-05-20T18:00:00.000Z,114.85,114.993,114.645,114.85,850277.8552569998
2026-05-20T18:30:00.000Z,114.84,115.02,114.43,114.44,887182.242
2026-05-20T19:00:00.000Z,114.445,114.48,114.12,114.21,1119887.58217
2026-05-20T19:30:00.000Z,114.2,114.39,113.85,114.33,3127725.720983
2026-05-21T13:30:00.000Z,114.13,115.88,113.57,115.49,2339850.098192999
2026-05-21T14:00:00.000Z,115.49,116.18,115.11,116.09,2045932.764705
2026-05-21T14:30:00.000Z,116.09,117.5399,116.09,117.425,1560043.4497819997
2026-05-21T15:00:00.000Z,117.44,117.47,116.48,116.595,1078802.686256
2026-05-21T15:30:00.000Z,116.62,117.07,116.42,116.92,881337.8304499999
2026-05-21T16:00:00.000Z,116.92,117.58,116.82,117.305,874277.239536
2026-05-21T16:30:00.000Z,117.3,117.54,116.87,117.4601,874887.184416
2026-05-21T17:00:00.000Z,117.47,117.8,117.16,117.64,895480.9368399999
2026-05-21T17:30:00.000Z,117.64,118.23,117.61,118.05,833378.0441630001
2026-05-21T18:00:00.000Z,118.03,118.2,117.8081,117.83,1045319.6943430002
2026-05-21T18:30:00.000Z,117.83,117.99,117.21,117.34,1328761.667345
2026-05-21T19:00:00.000Z,117.33,118.1999,117.315,118.07,1387017.596199
2026-05-21T19:30:00.000Z,118.08,118.6,118.02,118.22,3619928.436672
2026-05-22T13:30:00.000Z,118.455,120.53,117.68,120.47,3416342.412442
2026-05-22T14:00:00.000Z,120.47,120.54,118.95,119.26,1699026.5840510002
2026-05-22T14:30:00.000Z,119.27,120.17,119.23,120.035,1122121.205989
2026-05-22T15:00:00.000Z,120.05,120.105,119.53,120.07,1075081.7723529998
2026-05-22T15:30:00.000Z,120.06,120.4723,119.6,120.435,1156499.526838
2026-05-22T16:00:00.000Z,120.44,120.49,120.12,120.49,735733.579598
2026-05-22T16:30:00.000Z,120.5,120.716,120.45,120.716,674426.830548
2026-05-22T17:00:00.000Z,120.705,120.79,120.4,120.5324,944102.7930410003
2026-05-22T17:30:00.000Z,120.58,120.67,120.1,120.17,1099973.520416
2026-05-22T18:00:00.000Z,120.185,120.195,119.79,119.82,1012183.1199290003
2026-05-22T18:30:00.000Z,119.83,120.22,119.705,120.145,740559.6714260001
2026-05-22T19:00:00.000Z,120.15,120.58,120.06,120.31,851267.1594280001
2026-05-22T19:30:00.000Z,120.305,120.75,120.1901,120.38,3399919.802441
2026-05-26T13:30:00.000Z,120.54,120.77,117.45,118.05,4047040.1745489994
2026-05-26T14:00:00.000Z,118.04,118.3,117.095,118.01,2167121.894848
2026-05-26T14:30:00.000Z,118,118.17,117.31,117.53,1509556.840235
2026-05-26T15:00:00.000Z,117.54,118.45,117.515,117.92,1626781.2706289997
2026-05-26T15:30:00.000Z,117.92,118.54,117.71,117.875,975004.0661779998
2026-05-26T16:00:00.000Z,117.89,118.2,117.62,117.74,1057649.5747139999
2026-05-26T16:30:00.000Z,117.75,117.83,117.385,117.48,1343779.3514049998
2026-05-26T17:00:00.000Z,117.46,117.56,117.19,117.3,834246.8023639998
2026-05-26T17:30:00.000Z,117.3,117.77,117.28,117.49,822659.4226360001
2026-05-26T18:00:00.000Z,117.5,117.91,117.31,117.36,944917.810712
2026-05-26T18:30:00.000Z,117.36,117.65,117.19,117.345,1287738.547575
2026-05-26T19:00:00.000Z,117.36,117.6425,117.23,117.59,1691525.4121659999
2026-05-26T19:30:00.000Z,117.57,118.6,117.5,118.32,2803758.6852499996
2026-05-27T13:30:00.000Z,117.94,119.84,116.77,119.57,3608253.8013629992
2026-05-27T14:00:00.000Z,119.55,120.39,119.26,119.95,1704354.5654530001
2026-05-27T14:30:00.000Z,119.94,120.1,119.54,119.73,1029254.8139289996
2026-05-27T15:00:00.000Z,119.75,119.79,119.23,119.44,690577.70087
2026-05-27T15:30:00.000Z,119.44,119.57,118.77,119.14,705586.665032
2026-05-27T16:00:00.000Z,119.14,119.61,118.96,119.33,724284.9507379999
2026-05-27T16:30:00.000Z,119.325,119.46,119.22,119.26,446358.01235299994
2026-05-27T17:00:00.000Z,119.25,119.585,119.12,119.51,477327.9194920001
2026-05-27T17:30:00.000Z,119.515,119.67,119.42,119.4701,453721.45186800003
2026-05-27T18:00:00.000Z,119.47,119.635,119.28,119.59,601583.256217
2026-05-27T18:30:00.000Z,119.58,119.83,119.5,119.73,996594.093125
2026-05-27T19:00:00.000Z,119.73,119.88,119.6,119.875,818992.0490629997
2026-05-27T19:30:00.000Z,119.875,120,119.6,119.69,1894401.0045470004
2026-05-28T13:30:00.000Z,120.53,120.72,118.535,118.79,1359395.9928330004
2026-05-28T14:00:00.000Z,118.79,119.21,117.96,118.7,1709458.0825770006
2026-05-28T14:30:00.000Z,118.69,119.49,118.4,119.255,705527.8994230002
2026-05-28T15:00:00.000Z,119.26,119.41,118.98,119.21,712266.7063180001
2026-05-28T15:30:00.000Z,119.22,119.43,118.88,119.405,614795.065581
2026-05-28T16:00:00.000Z,119.4,119.44,119.095,119.21,528010.2719230001
2026-05-28T16:30:00.000Z,119.205,119.435,119.0218,119.265,499037.20856500004
2026-05-28T17:00:00.000Z,119.275,119.365,119.17,119.22,508934.0782499999
2026-05-28T17:30:00.000Z,119.215,119.35,118.95,118.965,525634.5664580001
2026-05-28T18:00:00.000Z,118.965,119.27,118.71,119.245,894067.9147800001
2026-05-28T18:30:00.000Z,119.245,119.26,118.715,118.72,1082244.6611360002
2026-05-28T19:00:00.000Z,118.72,119.115,118.68,119.06,779377.1572820002
2026-05-28T19:30:00.000Z,119.05,119.37,118.61,118.645,3997649.545097
2026-05-29T13:30:00.000Z,117.82,118.95,117.0083,117.95,2496032.6328100003
2026-05-29T14:00:00.000Z,117.95,118.25,117.4307,117.89,1551922.580759
2026-05-29T14:30:00.000Z,117.9,119.52,117.9,119.275,1912235.9488249999
2026-05-29T15:00:00.000Z,119.26,119.41,118.635,119.05,789514.7656609999
2026-05-29T15:30:00.000Z,119.05,119.91,118.98,119.86,735256.304303
2026-05-29T16:00:00.000Z,119.865,120.22,119.79,119.89,616415.984401
2026-05-29T16:30:00.000Z,119.89,120.1199,119.68,119.81,591476.6564040001
2026-05-29T17:00:00.000Z,119.81,119.885,119.57,119.6699,1306182.8868330005
2026-05-29T17:30:00.000Z,119.65,120.24,119.65,119.86,536882.066006
2026-05-29T18:00:00.000Z,119.85,120.75,119.83,120.68,701217.1360030001
2026-05-29T18:30:00.000Z,120.68,121.23,120.64,120.98,834733.017441
2026-05-29T19:00:00.000Z,121.01,121.43,120.82,121.36,2561384.0762519995
2026-05-29T19:30:00.000Z,121.33,121.39,119.94,120.45,4287411.281685
2026-06-01T13:30:00.000Z,119.8,120.41,118.3,118.62,2580693.262886
2026-06-01T14:00:00.000Z,118.58,120.74,118.47,120.72,1429454.9341590004
2026-06-01T14:30:00.000Z,120.715,121.39,120.49,120.94,1270076.6841779999
2026-06-01T15:00:00.000Z,120.95,121.1,120.51,120.855,1078430.8305059997
2026-06-01T15:30:00.000Z,120.86,121.05,120.41,120.85,947531.767239
2026-06-01T16:00:00.000Z,120.86,121,119.82,119.94,826457.1847709998
2026-06-01T16:30:00.000Z,119.96,120.38,119.96,120.16,942435.839783
2026-06-01T17:00:00.000Z,120.17,120.52,120.1,120.46,688390.748943
2026-06-01T17:30:00.000Z,120.48,121.32,120.42,121.015,981687.5414229997
2026-06-01T18:00:00.000Z,121.015,121.16,120.48,120.565,840411.5778770001
2026-06-01T18:30:00.000Z,120.56,120.87,120.4601,120.78,1217281.091023
2026-06-01T19:00:00.000Z,120.79,121.4465,120.5737,121.215,2436899.1325019994
2026-06-01T19:30:00.000Z,121.23,121.95,121.19,121.36,2950539.9582499997
2026-06-02T13:30:00.000Z,122.49,126.315,122.49,126.2,3951943.2719860007
2026-06-02T14:00:00.000Z,126.19,127.45,125.89,127.17,2740264.9364849995
2026-06-02T14:30:00.000Z,127.18,128.05,127.065,127.3258,1963736.077129
2026-06-02T15:00:00.000Z,127.36,127.77,127.21,127.25,1357235.1383970003
2026-06-02T15:30:00.000Z,127.275,127.57,126.8704,127.3,1465636.6241290001
2026-06-02T16:00:00.000Z,127.325,127.55,127.16,127.19,825662.0126410001
2026-06-02T16:30:00.000Z,127.19,127.62,126.99,127.45,792035.0842940002
2026-06-02T17:00:00.000Z,127.4599,127.6,127.2,127.33,791649.3476180001
2026-06-02T17:30:00.000Z,127.325,127.62,127.22,127.44,1000214.2331849998
2026-06-02T18:00:00.000Z,127.44,127.67,127.2875,127.57,865499.0003949999
2026-06-02T18:30:00.000Z,127.56,127.665,127.36,127.5106,781273.5948949999
2026-06-02T19:00:00.000Z,127.5198,127.83,127.37,127.81,1000349.8469030001
2026-06-02T19:30:00.000Z,127.819,128.22,127.625,128.005,3291505.822791
2026-06-03T13:30:00.000Z,126.16,126.98,124.915,125.295,4411258.527209001
2026-06-03T14:00:00.000Z,125.38,127.31,125.27,127.31,1486275.5220370002
2026-06-03T14:30:00.000Z,127.32,127.95,126.99,127.95,1135126.4056509999
2026-06-03T15:00:00.000Z,127.95,128.715,127.91,128.6,1031413.3157349998
2026-06-03T15:30:00.000Z,128.585,128.82,127.54,127.94,1013794.9180460001
2026-06-03T16:00:00.000Z,127.93,128.25,127.64,128.03,716025.7837319999
2026-06-03T16:30:00.000Z,128.02,128.44,127.77,128.39,721454.9774950001
2026-06-03T17:00:00.000Z,128.38,128.745,128.25,128.4135,736957.1769349999
2026-06-03T17:30:00.000Z,128.42,128.89,128.13,128.765,918659.0467620001
2026-06-03T18:00:00.000Z,128.765,129.0798,128.635,128.95,846452.367728
2026-06-03T18:30:00.000Z,128.95,129.21,128.55,129.14,1700528.8099460006
2026-06-03T19:00:00.000Z,129.135,129.4155,128.95,129.08,1254069.0141040003
2026-06-03T19:30:00.000Z,129.08,129.25,126.03,126.58,5835309.689191001
2026-06-04T13:30:00.000Z,126.06,126.49,124.144,125.42,2728184.973950001
2026-06-04T14:00:00.000Z,125.43,126.3025,125.01,126.295,1708601.769529
2026-06-04T14:30:00.000Z,126.29,127.1878,125.99,127.115,951357.192448
2026-06-04T15:00:00.000Z,127.11,128.17,127.1,127.94,1026317.923936
2026-06-04T15:30:00.000Z,127.935,128.74,127.67,128.73,1064337.264364
2026-06-04T16:00:00.000Z,128.73,129.08,128.02,128.9157,974198.541543
2026-06-04T16:30:00.000Z,128.91,129.01,128.545,128.945,764852.6771659999
2026-06-04T17:00:00.000Z,128.945,129.285,128.605,129.15,742782.397504
2026-06-04T17:30:00.000Z,129.15,129.73,129.15,129.635,944539.8440900003
2026-06-04T18:00:00.000Z,129.62,129.8,129.45,129.64,893802.1776360001
2026-06-04T18:30:00.000Z,129.63,130.05,129.59,130.005,1531318.0892210002
2026-06-04T19:00:00.000Z,130.005,130.3656,129.9275,130.225,995020.5848639999
2026-06-04T19:30:00.000Z,130.22,130.22,129.035,130.015,3548422.6012420002
2026-06-05T13:30:00.000Z,128.66,128.84,124.67,125.085,2536158.434488
2026-06-05T14:00:00.000Z,125.09,126,124.82,124.9,2054635.0359170001
2026-06-05T14:30:00.000Z,124.88,125.98,124.82,125.471,1535351.9521909996
2026-06-05T15:00:00.000Z,125.49,125.79,125.0253,125.64,1199169.5720149998
2026-06-05T15:30:00.000Z,125.62,125.91,124.57,124.71,1332076.305347
2026-06-05T16:00:00.000Z,124.695,124.77,123.92,123.94,1145419.1272009998
2026-06-05T16:30:00.000Z,123.95,123.96,122.93,123.65,2003141.1493660002
2026-06-05T17:00:00.000Z,123.64,124.055,123.1001,123.34,2584451.921948
2026-06-05T17:30:00.000Z,123.34,123.61,122.75,123.6,1632715.7686989997
2026-06-05T18:00:00.000Z,123.6,123.61,122.33,122.8,2005828.688788
2026-06-05T18:30:00.000Z,122.78,122.87,122.1,122.59,1347939.710047
2026-06-05T19:00:00.000Z,122.585,122.61,121.84,122.355,1596757.5567029996
2026-06-05T19:30:00.000Z,122.37,123,121.55,121.64,4430967.699425001
2026-06-08T13:30:00.000Z,123.56,124.49,122,123.3,2370048.475295
2026-06-08T14:00:00.000Z,123.305,125.02,123.1,124.93,1603457.0500029998
2026-06-08T14:30:00.000Z,124.945,126.19,124.91,126.15,1570463.158518
2026-06-08T15:00:00.000Z,126.12,126.205,125.74,125.815,1313779.8477890003
2026-06-08T15:30:00.000Z,125.81,126.42,125.54,126.035,1385732.4106089997
2026-06-08T16:00:00.000Z,126.04,126.435,125.455,125.455,829768.5419669999
2026-06-08T16:30:00.000Z,125.49,125.645,125.06,125.19,847788.4370090001
2026-06-08T17:00:00.000Z,125.185,125.26,124.74,125.18,1624938.4171589997
2026-06-08T17:30:00.000Z,125.18,125.57,124.94,125.4484,764126.3460259999
2026-06-08T18:00:00.000Z,125.45,125.91,125.151,125.69,940566.1909109999
2026-06-08T18:30:00.000Z,125.68,126.08,125.4401,125.46,1040622.3439640001
2026-06-08T19:00:00.000Z,125.46,125.52,124.52,124.87,1224558.6129329999
2026-06-08T19:30:00.000Z,124.9083,125.17,124.03,124.19,2885056.4830290005
2026-06-09T13:30:00.000Z,123.26,124.22,122.05,123.14,2230855.469564
2026-06-09T14:00:00.000Z,123.13,123.13,120.725,121.93,1540009.227257
2026-06-09T14:30:00.000Z,121.924,122,120.34,120.89,1260379.7683100002
2026-06-09T15:00:00.000Z,120.89,121.11,119.75,119.83,1075947.962246
2026-06-09T15:30:00.000Z,119.83,120.04,118.67,118.72,1501442.863084
2026-06-09T16:00:00.000Z,118.73,119,117.73,118.31,1461095.206026
2026-06-09T16:30:00.000Z,118.3,118.47,117.1,118.38,1407594.1656790003
2026-06-09T17:00:00.000Z,118.42,119.17,118.41,118.89,994761.4819749999
2026-06-09T17:30:00.000Z,118.87,119.47,118.68,119.19,745183.041478
2026-06-09T18:00:00.000Z,119.205,119.56,119.03,119.345,693276.060908
2026-06-09T18:30:00.000Z,119.36,120.28,119.36,120.165,831836.66444
2026-06-09T19:00:00.000Z,120.16,120.45,119.113,119.52,1000090.367685
2026-06-09T19:30:00.000Z,119.5,120.57,119.31,120.25,2661498.680206
2026-06-10T13:30:00.000Z,119.72,120.15,118.36,119.165,2357860.2192300004
2026-06-10T14:00:00.000Z,119.17,120.95,118.55,120.61,1414805.849533
2026-06-10T14:30:00.000Z,120.625,120.88,119.48,119.8,977794.674255
2026-06-10T15:00:00.000Z,119.78,120,119.08,119.76,1121950.3180590004
2026-06-10T15:30:00.000Z,119.77,119.88,118.92,119.825,1153101.4599779998
2026-06-10T16:00:00.000Z,119.85,120,119.335,119.455,668492.857954
2026-06-10T16:30:00.000Z,119.44,119.91,119.11,119.325,618632.259358
2026-06-10T17:00:00.000Z,119.34,119.61,118.79,119.21,742657.941464
2026-06-10T17:30:00.000Z,119.23,119.95,118.94,119.94,771405.3693559999
2026-06-10T18:00:00.000Z,119.94,120.215,119.42,119.48,641076.034489
2026-06-10T18:30:00.000Z,119.47,119.505,118.94,119.135,601243.7727349999
2026-06-10T19:00:00.000Z,119.135,119.28,118.7,118.925,875325.0114250001
2026-06-10T19:30:00.000Z,118.91,119.31,118.63,118.79,2527165.2018620004
2026-06-11T13:30:00.000Z,117.182,119.09,116.5,118.6,3063062.780707999
2026-06-11T14:00:00.000Z,118.61,118.986,117.31,117.84,1367346.7615859997
2026-06-11T14:30:00.000Z,117.8678,118.66,117.5,117.6645,1446182.162359
2026-06-11T15:00:00.000Z,117.66,119.615,117.35,119.21,1121382.1981750003
2026-06-11T15:30:00.000Z,119.21,120.15,119.0948,120.12,1290029.3122209997
2026-06-11T16:00:00.000Z,120.12,120.63,120.05,120.16,1278708.4006720001
2026-06-11T16:30:00.000Z,120.155,120.9,120.14,120.375,753505.9102160003
2026-06-11T17:00:00.000Z,120.38,121.76,119.965,121.7,1088585.1458459997
2026-06-11T17:30:00.000Z,121.705,122.44,121.43,121.78,1380616.6227209999
2026-06-11T18:00:00.000Z,121.77,121.86,121.18,121.365,953660.700652
2026-06-11T18:30:00.000Z,121.38,121.86,121.3,121.695,749965.6248750001
2026-06-11T19:00:00.000Z,121.695,122.345,121.64,122.12,1130271.4185730002
2026-06-11T19:30:00.000Z,122.12,122.55,121.46,121.81,3414438.359688
2026-06-12T13:30:00.000Z,122.35,122.6042,121.05,121.6048,1516161.3591469997
2026-06-12T14:00:00.000Z,121.63,122.73,121.55,122.07,993429.3125919999
2026-06-12T14:30:00.000Z,122.06,122.74,121.5,122.57,887081.0071449999
2026-06-12T15:00:00.000Z,122.57,122.79,122.16,122.57,749230.655165
2026-06-12T15:30:00.000Z,122.575,122.63,121.01,121.11,1068072.7028100004
2026-06-12T16:00:00.000Z,121.125,122,120.98,121.24,956292.955827
2026-06-12T16:30:00.000Z,121.235,121.39,121.01,121.35,527305.314328
2026-06-12T17:00:00.000Z,121.36,121.7,121.23,121.43,630359.457135
2026-06-12T17:30:00.000Z,121.455,121.695,121.28,121.37,422150.5115309999
2026-06-12T18:00:00.000Z,121.36,121.5,121.14,121.285,651982.7505729998
2026-06-12T18:30:00.000Z,121.3,121.465,121.17,121.26,539428.3406810001
2026-06-12T19:00:00.000Z,121.27,121.5,121.05,121.215,567490.769596
2026-06-12T19:30:00.000Z,121.215,121.2775,120.73,121.06,2383666.7257450004
2026-06-15T13:30:00.000Z,122.56,122.59,120.2,121.12,2200378.915409
2026-06-15T14:00:00.000Z,121.09,121.2923,120.57,121.02,1355350.7344530001
2026-06-15T14:30:00.000Z,121.02,121.07,119.82,120.32,1156897.994263
2026-06-15T15:00:00.000Z,120.33,120.52,119.99,120.14,949572.3851669998
2026-06-15T15:30:00.000Z,120.14,120.3,119.76,120.05,1048747.3195220002
2026-06-15T16:00:00.000Z,120.05,120.24,119.53,119.6,934886.4889409998
2026-06-15T16:30:00.000Z,119.595,120.44,119.535,120.315,654801.147668
2026-06-15T17:00:00.000Z,120.3,120.545,120.23,120.49,543544.6912939999
2026-06-15T17:30:00.000Z,120.49,120.68,120.39,120.64,502114.6435780001
2026-06-15T18:00:00.000Z,120.64,120.915,120.54,120.72,703356.0851309999
2026-06-15T18:30:00.000Z,120.72,121.2413,120.67,121.06,799676.910007
2026-06-15T19:00:00.000Z,121.05,121.28,120.87,120.9,746554.7170389998
2026-06-15T19:30:00.000Z,120.9,121.03,119.91,120.2,2666298.37034
2026-06-16T13:30:00.000Z,120.29,120.6,119.465,120.11,1740693.061622
2026-06-16T14:00:00.000Z,120.1,120.77,119.985,120.35,1096693.690759
2026-06-16T14:30:00.000Z,120.36,120.46,119.42,119.4975,872373.4056449999
2026-06-16T15:00:00.000Z,119.51,119.64,119.29,119.5704,741457.4625349998
2026-06-16T15:30:00.000Z,119.59,119.88,119.305,119.749,745505.2840110001
2026-06-16T16:00:00.000Z,119.7401,119.94,119.54,119.815,482503.805946
2026-06-16T16:30:00.000Z,119.82,119.87,119.22,119.43,578627.11587
2026-06-16T17:00:00.000Z,119.43,119.805,119.3401,119.64,506864.17679700005
2026-06-16T17:30:00.000Z,119.64,119.86,119.37,119.66,430025.56825899996
2026-06-16T18:00:00.000Z,119.65,119.73,119.53,119.62,382340.97322800005
2026-06-16T18:30:00.000Z,119.63,119.8,119.38,119.655,685401.7586349999
2026-06-16T19:00:00.000Z,119.67,119.94,119.55,119.56,827931.906088
2026-06-16T19:30:00.000Z,119.565,119.85,119.2,119.57,2361815.3968939995
2026-06-17T13:30:00.000Z,118.96,119.66,118.185,118.305,1295476.4697810002
2026-06-17T14:00:00.000Z,118.28,118.835,118.2,118.79,997292.5719180002
2026-06-17T14:30:00.000Z,118.795,118.89,117.7408,118.32,1001314.1591769998
2026-06-17T15:00:00.000Z,118.33,119.05,118.32,118.915,722371.726089
2026-06-17T15:30:00.000Z,118.93,118.955,118.32,118.65,580290.6076480001
2026-06-17T16:00:00.000Z,118.66,118.76,118.36,118.615,525248.3843830002
2026-06-17T16:30:00.000Z,118.62,118.83,118.58,118.59,429305.054138
2026-06-17T17:00:00.000Z,118.58,118.71,118.35,118.52,565360.9582240001
2026-06-17T17:30:00.000Z,118.52,118.7,118.395,118.56,420194.9625500001
2026-06-17T18:00:00.000Z,118.55,118.55,117.23,118.0022,947744.5422140001
2026-06-17T18:30:00.000Z,118,119.04,117.95,118.18,982549.0898280003
2026-06-17T19:00:00.000Z,118.16,118.49,117.6,117.77,968832.6958659999
2026-06-17T19:30:00.000Z,117.77,117.82,116.94,117.41,3090053.2414829996
2026-06-18T13:30:00.000Z,118.595,119.56,117.78,118.175,5464052.071985998
2026-06-18T14:00:00.000Z,118.205,118.62,117.3,117.88,2150103.427518
2026-06-18T14:30:00.000Z,117.87,118.475,117.75,118.2,766467.760411
2026-06-18T15:00:00.000Z,118.21,118.36,117.87,117.94,748586.8948870001
2026-06-18T15:30:00.000Z,117.98,118.685,117.75,118.42,2264286.18169
2026-06-18T16:00:00.000Z,118.42,119.17,118.28,119.04,1136553.2077259996
2026-06-18T16:30:00.000Z,119.03,119.125,118.67,118.96,991549.2742549998
2026-06-18T17:00:00.000Z,118.955,119.355,118.88,119.22,586854.082057
2026-06-18T17:30:00.000Z,119.22,119.715,119.17,119.62,589115.1095949999
2026-06-18T18:00:00.000Z,119.63,119.968,119.56,119.885,688933.7087970002
2026-06-18T18:30:00.000Z,119.87,119.91,119.51,119.735,584366.611241
2026-06-18T19:00:00.000Z,119.73,120.125,119.685,120.01,1112761.1757120003
2026-06-18T19:30:00.000Z,120.01,120.315,118.31,119.44,4989253.262764
2026-06-22T13:30:00.000Z,119.6,121.38,119.6,121.06,1742786.7895199996
2026-06-22T14:00:00.000Z,121.06,121.55,120.51,121.11,1010708.4545039999
2026-06-22T14:30:00.000Z,121.12,121.45,120.43,121.345,903468.007667
2026-06-22T15:00:00.000Z,121.35,121.4665,120.5579,120.68,901069.5551580001
2026-06-22T15:30:00.000Z,120.69,120.925,120.41,120.585,643719.8060839999
2026-06-22T16:00:00.000Z,120.59,121.29,120.37,121.15,763778.6822250002
2026-06-22T16:30:00.000Z,121.15,121.43,120.885,121.3483,529602.5611109999
2026-06-22T17:00:00.000Z,121.35,121.68,121.13,121.58,587766.737265
2026-06-22T17:30:00.000Z,121.58,122.09,121.5001,121.87,673528.3999129998
2026-06-22T18:00:00.000Z,121.88,121.93,121.59,121.65,547872.220693
2026-06-22T18:30:00.000Z,121.66,121.87,121.4,121.43,666766.4353840002
2026-06-22T19:00:00.000Z,121.43,121.445,120.86,121.035,852856.5700509999
2026-06-22T19:30:00.000Z,121.04,121.74,121.035,121.55,2309228.397466
2026-06-23T13:30:00.000Z,118.54,119.5,117.645,119.3701,1823597.6193419995
2026-06-23T14:00:00.000Z,119.42,119.9299,119.21,119.45,1008001.451916
2026-06-23T14:30:00.000Z,119.465,119.87,118.9,119.26,778381.522884
2026-06-23T15:00:00.000Z,119.28,120.11,118.9,120.08,1310735.4831539998
2026-06-23T15:30:00.000Z,120.08,120.68,119.94,120.62,768373.9210019999
2026-06-23T16:00:00.000Z,120.6,121.68,120.57,121.65,841814.1570969999
2026-06-23T16:30:00.000Z,121.65,121.96,121.45,121.92,738015.3293179999
2026-06-23T17:00:00.000Z,121.91,122.34,121.65,122.21,648082.948161
2026-06-23T17:30:00.000Z,122.21,122.29,121.65,121.7,651209.1856959999
2026-06-23T18:00:00.000Z,121.72,122.005,121.25,121.35,561148.1984040001
2026-06-23T18:30:00.000Z,121.36,121.39,120.86,120.975,568395.007174
2026-06-23T19:00:00.000Z,120.99,121.27,120.59,120.935,954154.4408299999
2026-06-23T19:30:00.000Z,120.95,121.63,120.77,121.15,2985379.491744
2026-06-24T13:30:00.000Z,120.565,121.515,119.57,121.31,1377040.8256889998
2026-06-24T14:00:00.000Z,121.33,121.515,120.2516,121.31,1081654.8367819998
2026-06-24T14:30:00.000Z,121.31,122.84,121.1866,122.84,780012.5949429999
2026-06-24T15:00:00.000Z,122.82,122.89,120.89,121.145,1129142.6316199997
2026-06-24T15:30:00.000Z,121.145,121.55,120.79,120.805,1029670.5103899998
2026-06-24T16:00:00.000Z,120.815,120.94,120.31,120.31,704219.7133749999
2026-06-24T16:30:00.000Z,120.3,120.64,120.085,120.39,718101.618247
2026-06-24T17:00:00.000Z,120.37,120.525,119.75,119.775,782949.169577
2026-06-24T17:30:00.000Z,119.77,120.06,119.65,119.68,657367.064222
2026-06-24T18:00:00.000Z,119.68,119.965,119.43,119.88,790445.6763929998
2026-06-24T18:30:00.000Z,119.89,119.95,119.05,119.17,710917.877592
2026-06-24T19:00:00.000Z,119.18,119.63,119.03,119.55,799220.25809
2026-06-24T19:30:00.000Z,119.57,119.87,119.12,119.65,1830597.3499019998
2026-06-25T13:30:00.000Z,120.81,121.1375,117.56,117.69,2317462.0393529995
2026-06-25T14:00:00.000Z,117.73,120.01,117.67,119.7055,1423113.774002
2026-06-25T14:30:00.000Z,119.72,120.31,119.63,120.01,825264.7676709997
2026-06-25T15:00:00.000Z,120,120.06,118.4667,119.01,971545.195431
2026-06-25T15:30:00.000Z,119.02,119.37,118.76,119.075,978346.611895
2026-06-25T16:00:00.000Z,119.08,119.51,118.8683,119.2209,1048600.024649
2026-06-25T16:30:00.000Z,119.245,119.245,118.49,118.655,946480.7641060001
2026-06-25T17:00:00.000Z,118.67,118.8,118.34,118.65,700697.1154230001
2026-06-25T17:30:00.000Z,118.65,119.2,118.56,119.145,516056.00596300006
2026-06-25T18:00:00.000Z,119.145,120.33,118.845,120.28,762575.698259
2026-06-25T18:30:00.000Z,120.3,120.3,119.02,119.17,1131168.1047790002
2026-06-25T19:00:00.000Z,119.15,119.165,118.43,118.57,908261.9158389999
2026-06-25T19:30:00.000Z,118.57,118.98,118.17,118.97,2991211.490773
2026-06-26T13:30:00.000Z,117.18,117.18,114.77,115.38,2653115.6054889997
2026-06-26T14:00:00.000Z,115.38,116.31,115.29,115.67,1770523.2264300005
2026-06-26T14:30:00.000Z,115.67,115.8,114.79,114.935,1531916.7363669996
2026-06-26T15:00:00.000Z,114.965,114.995,114.231,114.65,1265769.9637599997
2026-06-26T15:30:00.000Z,114.66,115.39,114.5,115.27,1554136.5307840002
2026-06-26T16:00:00.000Z,115.29,115.46,114.64,114.86,1075598.7176100002
2026-06-26T16:30:00.000Z,114.88,115.365,114.78,115.235,1011572.7405639997
2026-06-26T17:00:00.000Z,115.24,115.79,115.18,115.72,903409.0621849998
2026-06-26T17:30:00.000Z,115.73,115.89,115.52,115.53,953042.2026949996
2026-06-26T18:00:00.000Z,115.53,116.07,115.41,115.46,803836.368708
2026-06-26T18:30:00.000Z,115.45,115.625,115.275,115.46,1012933.9115269998
2026-06-26T19:00:00.000Z,115.47,116,115.18,115.94,1179914.068145
2026-06-26T19:30:00.000Z,115.94,115.96,112.858,113.66,10896498.870044999
2026-06-29T13:30:00.000Z,114.98,116.91,114.725,116.45,1532719.369455
2026-06-29T14:00:00.000Z,116.47,116.475,115.09,115.97,1081901.8394959997
2026-06-29T14:30:00.000Z,115.95,116.76,115.645,116.71,810888.2283800001
2026-06-29T15:00:00.000Z,116.725,117.11,116.63,117.035,722672.382914
2026-06-29T15:30:00.000Z,117.035,117.75,116.98,117.75,765135.4354300002
2026-06-29T16:00:00.000Z,117.75,118.02,117.72,117.94,594820.294032
2026-06-29T16:30:00.000Z,117.94,118.08,117.68,117.8,520372.51658000005
2026-06-29T17:00:00.000Z,117.79,118.18,117.77,118.105,635721.394003
2026-06-29T17:30:00.000Z,118.1,118.15,117.71,117.73,465000.613694
2026-06-29T18:00:00.000Z,117.72,118.125,117.67,117.915,646139.713327
2026-06-29T18:30:00.000Z,117.92,117.945,117.7,117.85,681085.4832679998
2026-06-29T19:00:00.000Z,117.86,117.9,117.57,117.635,1054494.6436319998
2026-06-29T19:30:00.000Z,117.64,117.9,117.1266,117.61,2464115.5248379996
2026-06-30T13:30:00.000Z,116.78,119.1,116.2,118.921,1560983.0699529997
2026-06-30T14:00:00.000Z,118.95,119.1,118.455,119.01,600093.0267919998
2026-06-30T14:30:00.000Z,119.005,119.1,118.45,118.5,553497.768324
2026-06-30T15:00:00.000Z,118.51,118.51,117.53,118.06,594585.964431
2026-06-30T15:30:00.000Z,118.08,118.34,117.89,118.24,462370.72339
2026-06-30T16:00:00.000Z,118.235,118.28,117.65,117.86,605445.766344
2026-06-30T16:30:00.000Z,117.865,118.115,117.675,117.875,625784.7451569998
2026-06-30T17:00:00.000Z,117.88,117.975,117.63,117.695,514386.18512
2026-06-30T17:30:00.000Z,117.69,117.69,117.23,117.38,519093.811843
2026-06-30T18:00:00.000Z,117.39,117.8,117.21,117.665,680256.680655
2026-06-30T18:30:00.000Z,117.665,117.91,117.4,117.605,1651309.343672
2026-06-30T19:00:00.000Z,117.605,117.79,117.4,117.49,788662.515691
2026-06-30T19:30:00.000Z,117.48,117.81,117.335,117.37,2981212.7472690004
2026-07-01T13:30:00.000Z,116.54,117.43,115.59,117.1,3364237.1237849994
2026-07-01T14:00:00.000Z,117.14,117.23,115.46,115.93,1425231.373559
2026-07-01T14:30:00.000Z,115.925,116.19,114.99,115.12,1156952.3514959998
2026-07-01T15:00:00.000Z,115.11,116.47,115.1,116.46,1276218.3573390003
2026-07-01T15:30:00.000Z,116.47,116.69,116.1,116.55,1304614.2289
2026-07-01T16:00:00.000Z,116.55,116.82,116.28,116.53,938695.5932039999
2026-07-01T16:30:00.000Z,116.525,116.6,116.19,116.21,641031.6455750001
2026-07-01T17:00:00.000Z,116.22,116.32,116.01,116.125,820742.44979
2026-07-01T17:30:00.000Z,116.125,116.57,116.1,116.47,844414.3294580001
2026-07-01T18:00:00.000Z,116.48,116.65,116.2247,116.525,790142.1795620001
2026-07-01T18:30:00.000Z,116.51,116.66,116.26,116.5402,753745.5582570002
2026-07-01T19:00:00.000Z,116.55,116.86,116.38,116.73,732434.8377810001
2026-07-01T19:30:00.000Z,116.735,117.19,116.425,117.05,2909082.7688740003
2026-07-02T13:30:00.000Z,117.025,117.14,114.74,115.54,1508835.2243159998
2026-07-02T14:00:00.000Z,115.59,115.73,113.96,114.07,964763.0672980001
2026-07-02T14:30:00.000Z,114.085,114.31,113.09,113.445,1247538.329233
2026-07-02T15:00:00.000Z,113.46,113.6,112.67,112.85,1116508.2325699998
2026-07-02T15:30:00.000Z,112.84,113.04,112.285,112.565,1360326.967109
2026-07-02T16:00:00.000Z,112.58,112.89,112.39,112.5101,1525869.1745000002
2026-07-02T16:30:00.000Z,112.54,112.55,112.16,112.395,1256428.0144290002
2026-07-02T17:00:00.000Z,112.4,112.66,112.16,112.265,1093180.1803030004
2026-07-02T17:30:00.000Z,112.27,112.415,111.9,112.24,1624680.9985549997
2026-07-02T18:00:00.000Z,112.255,112.55,112.15,112.43,630818.7409139998
2026-07-02T18:30:00.000Z,112.43,112.53,112.35,112.45,544109.9661509999
2026-07-02T19:00:00.000Z,112.44,112.515,111.925,112.32,1404821.6685959997
2026-07-02T19:30:00.000Z,112.33,112.93,112.2801,112.7,3109460.1064350004
2026-07-06T13:30:00.000Z,113.054,114.86,112.68,114.76,1519586.5081159999
2026-07-06T14:00:00.000Z,114.77,114.79,114.295,114.65,1134269.922451
2026-07-06T14:30:00.000Z,114.66,115.48,114.64,115.055,980556.1686140001
2026-07-06T15:00:00.000Z,115.055,115.25,114.695,114.85,737848.1923910001
2026-07-06T15:30:00.000Z,114.855,115.03,114.765,114.78,486126.3684510001
2026-07-06T16:00:00.000Z,114.78,114.88,114.615,114.65,424361.78572100005
2026-07-06T16:30:00.000Z,114.65,114.68,114.29,114.37,536989.5714759999
2026-07-06T17:00:00.000Z,114.36,114.52,114.28,114.3,521583.18918100005
2026-07-06T17:30:00.000Z,114.3,114.31,114.02,114.08,376140.79048699996
2026-07-06T18:00:00.000Z,114.08,114.26,113.82,113.84,631110.020828
2026-07-06T18:30:00.000Z,113.85,113.94,113.614,113.8301,736591.5147199999
2026-07-06T19:00:00.000Z,113.84,113.905,113.505,113.665,1019053.136506
2026-07-06T19:30:00.000Z,113.66,114.39,113.61,113.99,2693107.096579
2026-07-07T13:30:00.000Z,112.79,114.03,112.32,113.57,1686371.273621
2026-07-07T14:00:00.000Z,113.57,113.72,112.52,112.63,946249.5883490001
2026-07-07T14:30:00.000Z,112.625,112.7,111.82,112.38,1094575.845928
2026-07-07T15:00:00.000Z,112.38,112.875,112.29,112.8,882737.0478570001
2026-07-07T15:30:00.000Z,112.845,112.94,112.16,112.765,704342.029058
2026-07-07T16:00:00.000Z,112.75,113.14,112.71,113.07,516564.3408
2026-07-07T16:30:00.000Z,113.06,113.15,112.8,112.89,650970.802644
2026-07-07T17:00:00.000Z,112.9,112.96,112.69,112.72,476620.51665099995
2026-07-07T17:30:00.000Z,112.75,112.83,112.63,112.78,384344.79869799997
2026-07-07T18:00:00.000Z,112.79,112.855,112.55,112.66,528922.8552910001
2026-07-07T18:30:00.000Z,112.665,112.685,112.37,112.42,429907.056982
2026-07-07T19:00:00.000Z,112.44,112.4475,112.07,112.1,762313.366046
2026-07-07T19:30:00.000Z,112.09,112.16,111.67,111.73,2272116.5541709997
2026-07-08T13:30:00.000Z,111.675,113.28,111.33,112.85,1486748.4289900004
2026-07-08T14:00:00.000Z,112.84,112.86,111.93,112.46,915052.0501800001
2026-07-08T14:30:00.000Z,112.43,113.03,112,112.43,1295519.1015720002
2026-07-08T15:00:00.000Z,112.44,112.735,112.185,112.3,1593861.3785980004
2026-07-08T15:30:00.000Z,112.33,112.86,112.31,112.69,546154.941629
2026-07-08T16:00:00.000Z,112.72,113.48,112.64,113.43,2408761.450577
2026-07-08T16:30:00.000Z,113.41,113.99,113.4,113.88,470002.72657900007
2026-07-08T17:00:00.000Z,113.87,113.99,113.6,113.77,338580.25931899995
2026-07-08T17:30:00.000Z,113.78,113.93,113.315,113.52,448548.213682
2026-07-08T18:00:00.000Z,113.5,113.74,113.425,113.54,407551.4026710001
2026-07-08T18:30:00.000Z,113.54,113.57,113.28,113.31,416137.783576
2026-07-08T19:00:00.000Z,113.32,113.47,113.095,113.43,569032.1614959999
2026-07-08T19:30:00.000Z,113.4201,114.05,113.24,113.76,1675764.0327879998
2026-07-09T13:30:00.000Z,115.28,117.58,115.275,117.1392,1824067.859365
2026-07-09T14:00:00.000Z,117.149,118.01,117.07,117.79,1353966.2578629998
2026-07-09T14:30:00.000Z,117.8,118.11,117.465,117.92,940056.1122709999
2026-07-09T15:00:00.000Z,117.925,118.575,117.914,118.385,789176.2259259999
2026-07-09T15:30:00.000Z,118.37,118.665,117.855,118.02,786069.4079620001
2026-07-09T16:00:00.000Z,118.03,118.3,117.65,117.68,929353.8914659999
2026-07-09T16:30:00.000Z,117.68,117.8,117.345,117.63,632674.629854
2026-07-09T17:00:00.000Z,117.62,118.35,117.605,118.34,792839.359715
2026-07-09T17:30:00.000Z,118.355,118.78,118.14,118.695,604433.5679310001
2026-07-09T18:00:00.000Z,118.69,118.895,118.53,118.55,686385.5452299998
2026-07-09T18:30:00.000Z,118.55,119.44,118.485,119.395,814364.616352
2026-07-09T19:00:00.000Z,119.4,119.475,118.62,118.62,1134070.8511730002
2026-07-09T19:30:00.000Z,118.62,118.64,118.1,118.29,4170168.0782620003
2026-07-10T13:30:00.000Z,117.625,119.04,117.03,118.92,1457219.773576
2026-07-10T14:00:00.000Z,118.92,119.75,118.79,119.51,1149025.045092
2026-07-10T14:30:00.000Z,119.52,119.75,118.55,119.08,2973178.3570249993
2026-07-10T15:00:00.000Z,119.08,120.19,118.925,120.185,1378012.542156
2026-07-10T15:30:00.000Z,120.19,120.39,119.89,120.24,1192349.728976
2026-07-10T16:00:00.000Z,120.245,120.69,120.18,120.205,955651.6720649999
2026-07-10T16:30:00.000Z,120.205,120.26,119.87,120.1,621264.7642379999
2026-07-10T17:00:00.000Z,120.11,120.135,119.7,119.92,521233.80250900006
2026-07-10T17:30:00.000Z,119.92,120.22,119.86,120.13,503927.276665
2026-07-10T18:00:00.000Z,120.145,120.66,120.1401,120.55,914440.6624990002
2026-07-10T18:30:00.000Z,120.54,120.6993,120.29,120.34,654378.8139749999
2026-07-10T19:00:00.000Z,120.34,120.82,120.18,120.81,1018085.1561149999
2026-07-10T19:30:00.000Z,120.805,121.61,120.55,121.25,5063681.731597001
2026-07-13T13:30:00.000Z,119.965,120.26,117.26,117.94,1518594.7602180003
2026-07-13T14:00:00.000Z,117.94,120,117.63,119.945,889421.965135
2026-07-13T14:30:00.000Z,119.99,120.34,119.67,119.84,548724.021867
2026-07-13T15:00:00.000Z,119.89,120.16,119.65,119.72,631892.9317649999
2026-07-13T15:30:00.000Z,119.74,119.7899,119.41,119.63,763362.8329060002
2026-07-13T16:00:00.000Z,119.64,120.24,119.485,119.59,983887.66498
2026-07-13T16:30:00.000Z,119.57,119.57,119.12,119.355,516481.875136
2026-07-13T17:00:00.000Z,119.355,119.645,119.2,119.62,509584.14723999996
2026-07-13T17:30:00.000Z,119.62,120.05,119.54,119.745,940022.247351
2026-07-13T18:00:00.000Z,119.755,120.2,119.755,119.98,834763.2350079999
2026-07-13T18:30:00.000Z,119.975,120,119.4,119.43,747501.865008
2026-07-13T19:00:00.000Z,119.44,119.5,118.91,118.92,733599.0025170002
2026-07-13T19:30:00.000Z,118.9,119.44,118.7,119.25,2037229.3221379998
2026-07-14T13:30:00.000Z,119.75,120.06,118.32,119.07,1212757.4302619998
2026-07-14T14:00:00.000Z,119.12,119.37,118.45,118.905,849728.8287520001
2026-07-14T14:30:00.000Z,118.895,119.26,118.22,118.49,1322087.0599410003
2026-07-14T15:00:00.000Z,118.5,119.55,118.47,118.96,762174.3977370001
2026-07-14T15:30:00.000Z,118.96,119.24,117.95,118.09,942251.7909720002
2026-07-14T16:00:00.000Z,118.08,118.265,117.55,117.63,848470.312962
2026-07-14T16:30:00.000Z,117.64,117.7055,117.22,117.26,572723.0770099999
2026-07-14T17:00:00.000Z,117.25,117.61,117.21,117.4,605344.543242
2026-07-14T17:30:00.000Z,117.42,117.52,117.06,117.165,1016498.9903760001
2026-07-14T18:00:00.000Z,117.17,117.19,116.595,116.6551,673398.681423
2026-07-14T18:30:00.000Z,116.64,116.91,116.57,116.68,635841.0961340001
2026-07-14T19:00:00.000Z,116.67,116.92,116.56,116.88,777276.8956060002
2026-07-14T19:30:00.000Z,116.88,117.48,116.79,117.08,2525552.914257
2026-07-15T13:30:00.000Z,117.2,117.5,114.01,114.56,1382994.9011019997
2026-07-15T14:00:00.000Z,114.56,115.29,113.08,113.46,1228913.724895
2026-07-15T14:30:00.000Z,113.49,113.72,112.03,112.425,1241337.3802729996
2026-07-15T15:00:00.000Z,112.43,112.5,111.01,111.14,1665479.9723069998
2026-07-15T15:30:00.000Z,111.16,111.335,110.2162,110.56,1600878.4778900002
2026-07-15T16:00:00.000Z,110.57,111.23,110.47,111.1,1819296.0094190002
2026-07-15T16:30:00.000Z,111.11,111.88,110.99,111.77,1163976.333902
2026-07-15T17:00:00.000Z,111.77,111.9885,111.43,111.7,590916.0904690002
2026-07-15T17:30:00.000Z,111.72,112.24,111.51,112.24,694472.5112699998
2026-07-15T18:00:00.000Z,112.24,112.57,112.2201,112.25,686734.7862320001
2026-07-15T18:30:00.000Z,112.26,112.28,111.77,111.87,808047.2092600001
2026-07-15T19:00:00.000Z,111.87,112.05,111.695,111.815,1037883.5845479998
2026-07-15T19:30:00.000Z,111.815,112.03,111.57,111.76,2682958.0144499997
2026-07-16T13:30:00.000Z,110.22,111.24,107.9,108.3675,3547521.8926399993
2026-07-16T14:00:00.000Z,108.35,109.38,108.11,109.08,1235782.0171430002
2026-07-16T14:30:00.000Z,109.05,109.135,108.215,108.565,1044265.9796390003
2026-07-16T15:00:00.000Z,108.55,108.67,107.53,108.27,1209399.8225679998
2026-07-16T15:30:00.000Z,108.265,108.79,108.155,108.38,1000476.1885349998
2026-07-16T16:00:00.000Z,108.4,108.4299,107.93,108.27,1219084.202287
2026-07-16T16:30:00.000Z,108.29,108.32,107.78,107.94,738411.83408
2026-07-16T17:00:00.000Z,107.95,108.945,107.705,108.89,999100.686669
2026-07-16T17:30:00.000Z,108.88,109.02,108.46,108.54,1034282.567466
2026-07-16T18:00:00.000Z,108.54,109.24,108.485,108.99,1204837.35376
2026-07-16T18:30:00.000Z,108.98,109.03,108.78,108.89,898636.3612119999
2026-07-16T19:00:00.000Z,108.88,109.5095,108.83,109.325,1457322.520743
2026-07-16T19:30:00.000Z,109.32,109.82,109.23,109.67,3578528.8060920006
2026-07-17T13:30:00.000Z,109.15,111.93,108.91,111.86,3507259.9310609996
2026-07-17T14:00:00.000Z,111.89,112.36,111.39,112.135,1153882.693149
2026-07-17T14:30:00.000Z,112.135,112.58,111.845,111.88,942048.6699669999
2026-07-17T15:00:00.000Z,111.9,112.11,111.46,112.03,887534.1533250001
2026-07-17T15:30:00.000Z,112.02,112.1899,111.64,112.1899,961770.890229
2026-07-17T16:00:00.000Z,112.1901,112.55,111.92,112.21,848158.4448859998
2026-07-17T16:30:00.000Z,112.21,112.68,111.88,112.15,1474472.529762
2026-07-17T17:00:00.000Z,112.145,112.86,112.06,112.8,892659.405589
2026-07-17T17:30:00.000Z,112.815,113.23,112.73,112.775,1194491.2407379996
2026-07-17T18:00:00.000Z,112.78,113.12,112.3961,112.775,1037231.4213999999
2026-07-17T18:30:00.000Z,112.78,112.975,112.43,112.46,960369.4012219998
2026-07-17T19:00:00.000Z,112.455,112.55,112.065,112.4,1151089.460247
2026-07-17T19:30:00.000Z,112.4,112.875,111.85,111.94,3066423.1098499997
2026-07-20T13:30:00.000Z,112.275,113.225,111.93,112.57,1374420.494375
2026-07-20T14:00:00.000Z,112.52,113,112.28,112.55,900343.3592800001
2026-07-20T14:30:00.000Z,112.555,112.62,111.68,112.01,832047.2740860002
2026-07-20T15:00:00.000Z,112.03,112.1,111.36,111.845,1170283.950056
2026-07-20T15:30:00.000Z,111.84,112.12,111.67,112.045,556313.2267380002
2026-07-20T16:00:00.000Z,112.04,112.105,111.83,111.885,760110.3929390003
2026-07-20T16:30:00.000Z,111.885,112.0499,111.47,111.775,757664.4885180002
2026-07-20T17:00:00.000Z,111.775,111.83,111.47,111.5,460458.3967670001
2026-07-20T17:30:00.000Z,111.5,111.65,111.4104,111.56,443938.48021800007
2026-07-20T18:00:00.000Z,111.5601,111.89,111.555,111.82,552675.1166770001
2026-07-20T18:30:00.000Z,111.81,111.935,111.4,111.415,739362.2848710001
2026-07-20T19:00:00.000Z,111.41,111.62,111.085,111.37,873012.293596
2026-07-20T19:30:00.000Z,111.38,111.469,110.65,110.71,2563911.9664430004
2026-07-21T13:30:00.000Z,112.7,113.175,111.41,111.715,1213761.9115730003
2026-07-21T14:00:00.000Z,111.68,112,111.42,111.955,656186.360422
2026-07-21T14:30:00.000Z,111.94,112.085,111.31,111.53,744040.9143080001
2026-07-21T15:00:00.000Z,111.53,111.545,111.14,111.33,695567.8556659998
2026-07-21T15:30:00.000Z,111.32,111.47,110.97,111.065,751291.5650109998
2026-07-21T16:00:00.000Z,111.07,111.36,111.07,111.29,753016.268669
2026-07-21T16:30:00.000Z,111.285,111.34,110.98,110.98,668513.9765079999
2026-07-21T17:00:00.000Z,110.98,111.26,110.93,111.03,644478.2690839999
2026-07-21T17:30:00.000Z,111.035,111.62,111.01,111.5,766823.97378
2026-07-21T18:00:00.000Z,111.4999,111.56,111.155,111.265,633593.157099
2026-07-21T18:30:00.000Z,111.265,111.65,111.22,111.56,533323.7043140001
2026-07-21T19:00:00.000Z,111.56,111.84,111.4092,111.78,1096405.6262939998
2026-07-21T19:30:00.000Z,111.775,112.32,111.765,112.1,2595209.062861
2026-07-22T13:30:00.000Z,111.52,113.775,111.36,113.3,1157197.46239
2026-07-22T14:00:00.000Z,113.34,113.57,112.93,113.08,770149.642486
2026-07-22T14:30:00.000Z,113.08,113.26,112.77,112.92,498855.51732099993
2026-07-22T15:00:00.000Z,112.9,113.2,112.73,113.06,775896.538378
2026-07-22T15:30:00.000Z,113.055,113.125,112.735,112.9004,622790.561576
2026-07-22T16:00:00.000Z,112.935,113.05,112.7801,113,519170.74477899994
2026-07-22T16:30:00.000Z,113,113.065,112.665,112.695,361131.1399360001
2026-07-22T17:00:00.000Z,112.68,112.94,112.58,112.785,345288.770638
2026-07-22T17:30:00.000Z,112.79,112.84,112.53,112.63,285185.968908
2026-07-22T18:00:00.000Z,112.64,112.7306,112.5,112.63,459455.95876800007
2026-07-22T18:30:00.000Z,112.63,112.68,112.43,112.58,352648.77521200007
2026-07-22T19:00:00.000Z,112.57,112.695,112.36,112.41,460720.3315829999
2026-07-22T19:30:00.000Z,112.405,112.57,112.17,112.21,2044474.220703
2026-07-23T13:30:00.000Z,112,113.9,111.83,113.075,1920877.179765
2026-07-23T14:00:00.000Z,113.105,113.35,112.38,113.17,789540.818782
2026-07-23T14:30:00.000Z,113.21,113.265,112.515,112.719,462301.1951
2026-07-23T15:00:00.000Z,112.73,112.77,112.14,112.405,569619.1412340001
2026-07-23T15:30:00.000Z,112.4,112.845,112.255,112.74,495872.32591500005
2026-07-23T16:00:00.000Z,112.77,113.39,112.6,113.21,458879.55356
2026-07-23T16:30:00.000Z,113.18,113.36,112.94,112.94,569914.7236200001
2026-07-23T17:00:00.000Z,112.92,113.15,112.66,113.1,354197.836473
2026-07-23T17:30:00.000Z,113.09,113.23,112.715,112.73,334719.659817
2026-07-23T18:00:00.000Z,112.71,112.735,112.49,112.67,366601.5726249999
2026-07-23T18:30:00.000Z,112.67,112.76,112.44,112.63,388799.404061
2026-07-23T19:00:00.000Z,112.64,112.65,112.3,112.45,548758.9461569999
2026-07-23T19:30:00.000Z,112.45,112.89,112.28,112.76,1751142.211305
2026-07-24T13:30:00.000Z,112.365,113.67,112.1994,112.5,1060357.6699790002
2026-07-24T14:00:00.000Z,112.495,113.41,112.48,112.79,871996.088809
2026-07-24T14:30:00.000Z,112.76,113.08,112.22,112.99,826670.4628229998
2026-07-24T15:00:00.000Z,113.01,113.14,112.61,112.84,839408.745286
2026-07-24T15:30:00.000Z,112.84,114.05,112.79,113.99,873362.3693789999
2026-07-24T16:00:00.000Z,114,114.35,113.74,114.32,947551.142476
2026-07-24T16:30:00.000Z,114.33,114.57,114.09,114.23,869943.3893029998
2026-07-24T17:00:00.000Z,114.24,114.43,113.86,114.36,729416.421378
2026-07-24T17:30:00.000Z,114.34,114.422,113.93,114.045,607303.758866
2026-07-24T18:00:00.000Z,114.05,114.145,113.38,113.45,655860.2076299998
2026-07-24T18:30:00.000Z,113.46,113.76,113.36,113.595,642933.2961380001
2026-07-24T19:00:00.000Z,113.62,113.905,113.28,113.66,1279958.2552400003
2026-07-24T19:30:00.000Z,113.67,114.33,113.65,114.18,3303484.8131200005
2026-07-27T13:30:00.000Z,115.155,115.38,113.91,113.98,986586.3564850001
2026-07-27T14:00:00.000Z,114.015,114.14,113.225,113.39,1120649.785717
2026-07-27T14:30:00.000Z,113.41,113.83,112.735,113.78,1090792.5703510002
2026-07-27T15:00:00.000Z,113.77,113.885,112.96,113.38,687516.888038
2026-07-27T15:30:00.000Z,113.37,113.655,112.9001,113.54,725540.298738
2026-07-27T16:00:00.000Z,113.57,114.1,113.36,113.935,482388.35634600004
2026-07-27T16:30:00.000Z,113.96,114.155,113.31,113.45,480577.929956
2026-07-27T17:00:00.000Z,113.45,113.91,113.29,113.6105,421818.02233
2026-07-27T17:30:00.000Z,113.61,114.195,113.54,114.155,627667.818961
2026-07-27T18:00:00.000Z,114.17,114.26,113.775,113.91,530577.006789
2026-07-27T18:30:00.000Z,113.905,114.48,113.72,114.475,586696.877407
2026-07-27T19:00:00.000Z,114.49,114.78,114.44,114.63,620835.217551
2026-07-27T19:30:00.000Z,114.635,114.85,114.45,114.63,1931945.6065669998
2026-07-28T13:30:00.000Z,114.13,114.41,111.7301,113.65,3498179.6415009997
2026-07-28T14:00:00.000Z,113.64,114.8099,113.145,114.1,2569087.54365
2026-07-28T14:30:00.000Z,114.08,114.93,113.73,114.72,1040974.7870390002
2026-07-28T15:00:00.000Z,114.71,116.675,114.685,116.5,1972525.5438640001
2026-07-28T15:30:00.000Z,116.505,117.04,116.13,116.925,1462272.743376
2026-07-28T16:00:00.000Z,116.94,117.03,116.36,116.445,785059.7811619999
2026-07-28T16:30:00.000Z,116.45,117.07,116.27,116.85,796570.7794639999
2026-07-28T17:00:00.000Z,116.84,116.88,116.055,116.165,701072.1333870001
2026-07-28T17:30:00.000Z,116.16,116.35,115.76,115.8,641865.308175
2026-07-28T18:00:00.000Z,115.8,116.28,114.405,115.085,1732469.504947
2026-07-28T18:30:00.000Z,115.085,115.55,115.06,115.52,622118.6168249999
2026-07-28T19:00:00.000Z,115.53,115.885,115.5,115.755,1025486.9399789999
2026-07-28T19:30:00.000Z,115.76,116.11,115.26,115.66,3806900.8243380003
2026-07-29T13:30:00.000Z,117.02,117.28,116.01,116.595,1799484.308346
2026-07-29T14:00:00.000Z,116.595,117.12,116,116.455,1224031.4644900002
2026-07-29T14:30:00.000Z,116.43,116.65,115.37,115.575,778992.5728650001
2026-07-29T15:00:00.000Z,115.55,116.01,115.33,115.83,900443.6367949999
2026-07-29T15:30:00.000Z,115.83,116.01,114.94,115.185,1187423.7058710004
2026-07-29T16:00:00.000Z,115.185,115.25,114.22,114.92,1067769.765183
2026-07-29T16:30:00.000Z,114.89,116.0284,114.54,115,828281.0319030003
2026-07-29T17:00:00.000Z,114.995,115.29,114.15,114.18,1408093.1725149998
2026-07-29T17:30:00.000Z,114.15,114.52,113.81,114.045,871096.8453749998
2026-07-29T18:00:00.000Z,114.02,114.68,113.965,114.03,998531.5540479999
2026-07-29T18:30:00.000Z,114.045,116.34,113.875,115.87,1625583.979029
2026-07-29T19:00:00.000Z,115.86,116.11,114.17,114.37,1482041.8092470001
2026-07-29T19:30:00.000Z,114.39,114.405,112.345,112.5,3650747.4418280004
2026-07-30T13:30:00.000Z,112.685,114.14,111.6576,114.1,2467632.4751259997
2026-07-30T14:00:00.000Z,114.0946,114.325,113.24,113.54,1315021.0587900002
2026-07-30T14:30:00.000Z,113.545,113.6901,112.65,112.735,826274.144929
2026-07-30T15:00:00.000Z,112.745,113.145,112.32,112.79,923121.9059739998
2026-07-30T15:30:00.000Z,112.78,113.36,112.675,112.91,757161.8748320002
2026-07-30T16:00:00.000Z,112.92,113.58,112.755,113.44,603557.697509
2026-07-30T16:30:00.000Z,113.45,113.47,112.99,113.175,887290.0144730001
2026-07-30T17:00:00.000Z,113.19,113.43,113.05,113.39,811362.1620279999
2026-07-30T17:30:00.000Z,113.395,113.83,113.26,113.63,1000142.1104509998
2026-07-30T18:00:00.000Z,113.64,113.96,113.57,113.64,827758.3656150001
2026-07-30T18:30:00.000Z,113.64,113.6775,113.32,113.61,789806.1296379999
2026-07-30T19:00:00.000Z,113.605,114.01,113.51,113.91,1056572.6925610001
2026-07-30T19:30:00.000Z,113.91,113.9376,113.05,113.54,3270805.7803729996
2026-07-31T13:30:00.000Z,115.325,117.25,114.77,114.88,1807153.6119950004
2026-07-31T14:00:00.000Z,114.88,115.07,113.89,114.39,1256901.2265479998
2026-07-31T14:30:00.000Z,114.39,114.54,113.99,114.18,825681.2232669999
2026-07-31T15:00:00.000Z,114.175,114.46,113.94,114.255,780390.0837039999
2026-07-31T15:30:00.000Z,114.235,115.06,114.09,115.01,858864.8586830001
2026-07-31T16:00:00.000Z,114.99,115.52,114.89,115.5,561292.361662
2026-07-31T16:30:00.000Z,115.52,115.67,115.35,115.365,627190.448284
2026-07-31T17:00:00.000Z,115.37,115.97,115.37,115.86,680493.5352289999
2026-07-31T17:30:00.000Z,115.85,116.03,115.77,115.925,579592.2411999999
2026-07-31T18:00:00.000Z,115.925,116.025,115.725,115.87,533132.76448
2026-07-31T18:30:00.000Z,115.865,116.1,115.8,115.875,537312.3804900001
2026-07-31T19:00:00.000Z,115.875,116.44,115.84,116.22,933943.557145
2026-07-31T19:30:00.000Z,116.215,116.7,115.96,116,2164728.3207779997
2026-08-03T13:30:00.000Z,114.6,115.38,113.82,114.845,2101742.703753
2026-08-03T14:00:00.000Z,114.86,115.55,114.615,115.465,1087341.6806020003
2026-08-03T14:30:00.000Z,115.47,115.92,115.29,115.56,1137988.8211470004
2026-08-03T15:00:00.000Z,115.565,115.9,115.31,115.76,974970.0546980003
2026-08-03T15:30:00.000Z,115.755,115.77,115,115.27,615099.279506
2026-08-03T16:00:00.000Z,115.28,115.705,115.165,115.655,640940.387962
2026-08-03T16:30:00.000Z,115.655,115.655,114.86,114.98,567865.889779
2026-08-03T17:00:00.000Z,114.975,115.35,114.84,115.13,525623.3251740001
2026-08-03T17:30:00.000Z,115.12,115.665,115.03,115.66,599004.3735460001
2026-08-03T18:00:00.000Z,115.66,116.06,115.63,115.955,612780.351093
2026-08-03T18:30:00.000Z,115.96,116.16,115.81,116.13,592095.7055759999
2026-08-03T19:00:00.000Z,116.13,116.27,116.0005,116.0475,800379.954719
2026-08-03T19:30:00.000Z,116.04,116.055,115.54,115.86,2030097.0467499997
2026-08-04T13:30:00.000Z,119.39,121.64,118.73,120.43,2917230.064569
2026-08-04T14:00:00.000Z,120.43,120.53,119.34,119.64,1508642.686555
2026-08-04T14:30:00.000Z,119.62,119.83,119.31,119.42,1224152.7386859998
2026-08-04T15:00:00.000Z,119.428,120.49,119.33,120.44,1100015.699257
2026-08-04T15:30:00.000Z,120.43,120.81,120.36,120.58,878691.2837689999
2026-08-04T16:00:00.000Z,120.59,120.87,120.33,120.79,661195.218412
2026-08-04T16:30:00.000Z,120.7808,120.875,120.63,120.73,673132.97971
2026-08-04T17:00:00.000Z,120.73,120.97,120.67,120.78,754328.9343989999
2026-08-04T17:30:00.000Z,120.78,121.03,120.71,120.745,744735.211141
2026-08-04T18:00:00.000Z,120.75,121.2,120.65,121.16,884082.1889939997
2026-08-04T18:30:00.000Z,121.19,121.33,120.86,120.93,546813.056106
2026-08-04T19:00:00.000Z,120.93,121.39,120.93,121.14,902902.6205389999
2026-08-04T19:30:00.000Z,121.145,121.9,121.02,121.73,2898499.707824
2026-08-05T13:30:00.000Z,124,124.21,121.535,122.435,1673105.2407159996
2026-08-05T14:00:00.000Z,122.38,122.44,121.56,121.655,979953.7578199999
2026-08-05T14:30:00.000Z,121.61,121.83,121.33,121.62,892368.8090269999
2026-08-05T15:00:00.000Z,121.63,121.92,121.15,121.17,1197263.1930619997
2026-08-05T15:30:00.000Z,121.155,121.71,121.06,121.54,1220758.351782
2026-08-05T16:00:00.000Z,121.57,122.4779,121.56,122.4779,660842.617495
2026-08-05T16:30:00.000Z,122.465,122.82,122.3,122.69,448676.04505600006
2026-08-05T17:00:00.000Z,122.67,122.81,122.37,122.71,467802.91300400003
2026-08-05T17:30:00.000Z,122.7,122.91,122.56,122.625,495666.6195469999
2026-08-05T18:00:00.000Z,122.61,123.21,122.6028,123.17,473457.02305200003
2026-08-05T18:30:00.000Z,123.16,123.24,122.82,123.175,553356.3819039998
2026-08-05T19:00:00.000Z,123.16,123.37,122.89,122.98,763168.999603
2026-08-05T19:30:00.000Z,122.98,123.09,121.41,121.5,2916145.979048
2026-08-06T13:30:00.000Z,121.475,121.87,119.9,121.48,1414908.6171010002
2026-08-06T14:00:00.000Z,121.48,122.11,121.24,122.035,1111879.770237
2026-08-06T14:30:00.000Z,122.03,122.19,121.36,121.49,620147.316092
2026-08-06T15:00:00.000Z,121.5,121.625,121.05,121.2,518887.14307
2026-08-06T15:30:00.000Z,121.25,121.44,120.84,121.235,385395.06727899995
2026-08-06T16:00:00.000Z,121.24,121.38,120.46,120.7,459691.64245999994
2026-08-06T16:30:00.000Z,120.73,121.09,120.685,121.06,291801.367645
2026-08-06T17:00:00.000Z,121.07,121.16,120.71,121.11,292143.61678800004
2026-08-06T17:30:00.000Z,121.1,121.145,120.805,121.045,423856.93032200006
2026-08-06T18:00:00.000Z,121.05,122.12,119.99,120.97,810857.002613
2026-08-06T18:30:00.000Z,120.975,121.06,120.64,120.645,523394.97222700005
2026-08-06T19:00:00.000Z,120.67,121.11,120.65,120.87,998168.0632650002
2026-08-06T19:30:00.000Z,120.88,121.01,120.07,120.915,1472462.3274190002
2026-08-07T13:30:00.000Z,121.88,122.585,120.9,121.35,1133227.0232270001
2026-08-07T14:00:00.000Z,121.325,121.6,120.52,120.71,1028219.9645299998
2026-08-07T14:30:00.000Z,120.73,120.775,119.45,119.83,722424.0912650002
2026-08-07T15:00:00.000Z,119.845,121.19,119.81,121.19,802072.052809
2026-08-07T15:30:00.000Z,121.19,121.515,120.71,121.44,566589.051887
2026-08-07T16:00:00.000Z,121.45,121.51,120.96,121.03,489730.4420720001
2026-08-07T16:30:00.000Z,121.035,121.68,120.8553,121.4857,539668.253828
2026-08-07T17:00:00.000Z,121.49,121.58,121.25,121.345,489601.843882
2026-08-07T17:30:00.000Z,121.34,121.39,120.66,120.77,508471.513394
2026-08-07T18:00:00.000Z,120.76,120.825,120.47,120.735,661640.0316310001
2026-08-07T18:30:00.000Z,120.745,121.2,120.7,121.04,1032722.410863
2026-08-07T19:00:00.000Z,121.06,121.43,121.02,121.255,784166.2490569999
2026-08-07T19:30:00.000Z,121.25,121.58,120.91,121.42,2329140.678955
2026-08-10T13:30:00.000Z,123.05,124.33,122.5194,124.04,1746249.440687
2026-08-10T14:00:00.000Z,124.05,124.7103,123.955,123.96,1304413.6487000005
2026-08-10T14:30:00.000Z,123.94,124.03,123.14,123.2,729006.895195
2026-08-10T15:00:00.000Z,123.2,123.73,123.1,123.22,731944.6721329999
2026-08-10T15:30:00.000Z,123.215,123.71,123.05,123.68,531244.1475619999
2026-08-10T16:00:00.000Z,123.7,123.78,123.355,123.65,753984.8882950002
2026-08-10T16:30:00.000Z,123.635,124.11,123.4,124.05,1007001.3461269999
2026-08-10T17:00:00.000Z,124.055,124.34,123.92,124.2193,671180.046755
2026-08-10T17:30:00.000Z,124.21,124.41,124.125,124.23,748132.214591
2026-08-10T18:00:00.000Z,124.245,124.34,124.15,124.22,556085.5757220001
2026-08-10T18:30:00.000Z,124.22,124.25,123.66,123.71,690506.4106689999
2026-08-10T19:00:00.000Z,123.72,124.22,123.635,123.905,744006.952804
2026-08-10T19:30:00.000Z,123.91,123.93,122.27,122.61,2728358.2144320006
2026-08-11T13:30:00.000Z,123,123.16,120.58,121.475,2065391.826356
2026-08-11T14:00:00.000Z,121.485,122.585,121.175,122.44,1024055.9753629998
2026-08-11T14:30:00.000Z,122.45,122.47,121.62,121.835,847261.8318550002
2026-08-11T15:00:00.000Z,121.86,122.08,120.82,120.9,650801.0388450001
2026-08-11T15:30:00.000Z,120.905,121.16,120.72,120.95,541067.7068240001
2026-08-11T16:00:00.000Z,120.95,121,120.16,120.425,705442.728246
2026-08-11T16:30:00.000Z,120.42,120.89,120.18,120.675,574642.2113799999
2026-08-11T17:00:00.000Z,120.68,121,120.53,120.84,464751.05453400005
2026-08-11T17:30:00.000Z,120.83,121.09,120.705,120.84,453226.760359
2026-08-11T18:00:00.000Z,120.86,120.89,120.2,120.29,497644.081807
2026-08-11T18:30:00.000Z,120.3,120.5,120.12,120.345,467216.444198
2026-08-11T19:00:00.000Z,120.345,120.69,120.31,120.66,637725.4889679999
2026-08-11T19:30:00.000Z,120.69,121.3,120.37,120.46,2255618.354215
2026-08-12T13:30:00.000Z,122.745,123.7,122.26,123.6,1930016.8833960006
2026-08-12T14:00:00.000Z,123.64,123.85,123.0861,123.6,1078844.5865200001
2026-08-12T14:30:00.000Z,123.57,124.205,123.0704,123.65,1277992.935594
2026-08-12T15:00:00.000Z,123.635,123.635,122.89,123.17,1022128.464718
2026-08-12T15:30:00.000Z,123.175,123.3,122.845,122.96,955714.798768
2026-08-12T16:00:00.000Z,122.96,123.12,122.64,122.86,1188997.160673
2026-08-12T16:30:00.000Z,122.86,122.95,122.48,122.64,685830.353102
2026-08-12T17:00:00.000Z,122.65,122.86,122.26,122.825,2067211.7158580003
2026-08-12T17:30:00.000Z,122.82,123.78,122.73,123.65,1587837.722966
2026-08-12T18:00:00.000Z,123.66,123.72,123.34,123.515,1059899.3594780003
2026-08-12T18:30:00.000Z,123.5,124.45,123.5,124.085,1794195.1075149996
2026-08-12T19:00:00.000Z,124.085,124.2684,123.68,123.93,1912841.8865139997
2026-08-12T19:30:00.000Z,123.94,124.06,123.17,123.91,6393221.393413
2026-08-13T13:30:00.000Z,113.925,115.47,111.48,114.22,14855150.731608998
2026-08-13T14:00:00.000Z,114.22,115.949,113.91,115.35,5524144.384101999
2026-08-13T14:30:00.000Z,115.34,115.76,114.29,114.6,3472243.814395999
2026-08-13T15:00:00.000Z,114.6162,114.92,113.07,113.14,3217219.2394109997
2026-08-13T15:30:00.000Z,113.13,113.41,112.24,112.28,2302677.187953
2026-08-13T16:00:00.000Z,112.27,112.96,112.095,112.22,2419431.412162999
2026-08-13T16:30:00.000Z,112.2201,112.965,112.1601,112.59,2330180.359873
2026-08-13T17:00:00.000Z,112.59,113.34,112.59,113.04,2172191.913561
2026-08-13T17:30:00.000Z,113.035,113.19,112.3205,112.52,2218463.2270360007
2026-08-13T18:00:00.000Z,112.52,112.9461,112.045,112.0589,2237450.9651890006
2026-08-13T18:30:00.000Z,112.05,112.21,111.74,111.945,2368125.559971
2026-08-13T19:00:00.000Z,111.945,112.749,111.925,112.61,2989471.064366999
2026-08-13T19:30:00.000Z,112.62,113.72,112.25,113.5288,7893292.2195419995
2026-08-14T13:30:00.000Z,112.8,113.68,111.24,111.49,5128962.0092319995
2026-08-14T14:00:00.000Z,111.5,111.8799,111.15,111.64,2628582.443477
2026-08-14T14:30:00.000Z,111.66,111.865,110.955,111.19,1960307.6228729996
2026-08-14T15:00:00.000Z,111.19,111.22,110.35,110.4699,1918213.3106250002
2026-08-14T15:30:00.000Z,110.46,110.53,110.055,110.47,1319429.663158
2026-08-14T16:00:00.000Z,110.48,111.28,110.435,111.165,1468378.257406
2026-08-14T16:30:00.000Z,111.165,111.25,111.1101,111.1923,815742.8068730002
2026-08-14T17:00:00.000Z,111.2,111.66,111.135,111.6501,748619.2322130001
2026-08-14T17:30:00.000Z,111.6505,112.23,111.47,112.2,1449853.2546559998
2026-08-14T18:00:00.000Z,112.2,112.25,111.59,111.655,966089.7904940001
2026-08-14T18:30:00.000Z,111.66,111.94,111.41,111.865,968361.8841200001
2026-08-14T19:00:00.000Z,111.88,111.92,111.48,111.68,1387270.5505450002
2026-08-14T19:30:00.000Z,111.68,112.06,111.46,111.68,3084556.3353090007
2026-08-17T13:30:00.000Z,110.96,113.625,110.8101,113.44,3053087.4064979996
2026-08-17T14:00:00.000Z,113.44,113.605,112.8,112.875,1456915.034
2026-08-17T14:30:00.000Z,112.88,113.85,112.78,113.46,1448126.2632799998
2026-08-17T15:00:00.000Z,113.455,113.455,112.32,112.5,990957.6923999999
2026-08-17T15:30:00.000Z,112.52,112.61,111.9,112.16,879622.5340240002
2026-08-17T16:00:00.000Z,112.16,112.655,112.1,112.34,832336.6612019998
2026-08-17T16:30:00.000Z,112.345,112.72,112.28,112.7,676450.1323169997
2026-08-17T17:00:00.000Z,112.69,112.92,112.6295,112.88,818631.711791
2026-08-17T17:30:00.000Z,112.88,112.95,112.64,112.755,610905.686147
2026-08-17T18:00:00.000Z,112.75,112.82,112.445,112.47,690484.7087250001
2026-08-17T18:30:00.000Z,112.47,112.71,112.35,112.665,606303.815766
2026-08-17T19:00:00.000Z,112.665,112.97,112.57,112.96,816600.018121
2026-08-17T19:30:00.000Z,112.96,113.08,112.69,112.91,2448887.7061289996
2026-08-18T13:30:00.000Z,111.75,112.75,111.21,111.65,1631048.8700229998
2026-08-18T14:00:00.000Z,111.66,111.8262,111.045,111.19,1174692.2322279997
2026-08-18T14:30:00.000Z,111.18,111.28,110.63,110.6699,1105411.5258350002
2026-08-18T15:00:00.000Z,110.66,110.84,110.36,110.825,1170112.536484
2026-08-18T15:30:00.000Z,110.83,111.37,110.83,111.2399,715083.196596
2026-08-18T16:00:00.000Z,111.23,111.44,111.165,111.435,557834.532265
2026-08-18T16:30:00.000Z,111.43,111.7,111.36,111.675,541680.988286
2026-08-18T17:00:00.000Z,111.67,111.705,111.4,111.53,518063.12434999994
2026-08-18T17:30:00.000Z,111.53,111.53,111.24,111.3301,570586.152677
2026-08-18T18:00:00.000Z,111.33,111.97,111.3242,111.96,770191.3650619999
2026-08-18T18:30:00.000Z,111.955,112.12,111.85,111.89,692062.7654579999
2026-08-18T19:00:00.000Z,111.9,111.9199,111.63,111.655,861479.650399
2026-08-18T19:30:00.000Z,111.655,111.74,111.39,111.62,2508166.125963
2026-08-19T13:30:00.000Z,112.3,112.3,110.83,111.13,1512673.4431590002
2026-08-19T14:00:00.000Z,111.16,111.42,110.54,111.42,1080300.8347180001
2026-08-19T14:30:00.000Z,111.4,111.91,111.315,111.82,878469.0725989998
2026-08-19T15:00:00.000Z,111.83,112.375,111.77,111.91,886579.378534
2026-08-19T15:30:00.000Z,111.92,111.95,111.165,111.24,684757.53779
2026-08-19T16:00:00.000Z,111.24,112,111.175,111.8,600363.849396
2026-08-19T16:30:00.000Z,111.775,111.86,111.55,111.55,507446.292714
2026-08-19T17:00:00.000Z,111.545,112.04,111.46,111.965,579905.729016
2026-08-19T17:30:00.000Z,111.965,112.06,111.62,111.66,514590.84896500007
2026-08-19T18:00:00.000Z,111.65,111.81,111.48,111.69,536552.5589799999
2026-08-19T18:30:00.000Z,111.7,112,111.585,111.665,704980.157827
2026-08-19T19:00:00.000Z,111.66,111.85,111.5931,111.64,564664.422501
2026-08-19T19:30:00.000Z,111.65,111.71,110.51,110.57,3094414.521317
2026-08-20T13:30:00.000Z,110.125,110.62,109.78,110.2051,944400.2974490001
2026-08-20T14:00:00.000Z,110.22,111.04,110.14,110.6467,735441.8465949999
2026-08-20T14:30:00.000Z,110.64,111.44,110.55,111.43,760080.4577100001
2026-08-20T15:00:00.000Z,111.44,111.58,110.61,110.675,760400.029917
2026-08-20T15:30:00.000Z,110.68,110.8,110.51,110.6,498208.8475030001
2026-08-20T16:00:00.000Z,110.61,110.615,110.18,110.21,541596.68051
2026-08-20T16:30:00.000Z,110.21,110.68,110.1,110.5,527474.48995
2026-08-20T17:00:00.000Z,110.5,110.5,110.115,110.1277,458507.259255
2026-08-20T17:30:00.000Z,110.12,110.16,109.78,109.78,550341.793922
2026-08-20T18:00:00.000Z,109.77,109.77,109.23,109.405,729337.1341110002
2026-08-20T18:30:00.000Z,109.405,109.54,109.35,109.4088,619234.426654
2026-08-20T19:00:00.000Z,109.4,109.75,109.38,109.565,751082.4571580001
2026-08-20T19:30:00.000Z,109.56,109.88,109.5,109.58,1853738.6224490004
2026-08-21T13:30:00.000Z,110.85,112,110.54,111.63,2848538.0097689996
2026-08-21T14:00:00.000Z,111.615,111.88,110.61,110.88,913061.559532
2026-08-21T14:30:00.000Z,110.88,111.095,110.45,110.755,1475238.4038039998
2026-08-21T15:00:00.000Z,110.77,111.56,110.57,111.5,642503.852512
2026-08-21T15:30:00.000Z,111.51,112.03,111.51,111.97,638537.5859150001
2026-08-21T16:00:00.000Z,111.955,112.19,111.86,111.96,538588.1970419999
2026-08-21T16:30:00.000Z,111.96,111.97,111.45,111.54,1018383.1139490004
2026-08-21T17:00:00.000Z,111.57,111.75,111.54,111.71,407399.791383
2026-08-21T17:30:00.000Z,111.69,111.77,111.4,111.4102,431198.1515590001
2026-08-21T18:00:00.000Z,111.41,111.805,111.39,111.66,659011.7920829998
2026-08-21T18:30:00.000Z,111.66,111.68,111.45,111.5841,422501.76990699995
2026-08-21T19:00:00.000Z,111.58,111.665,111.15,111.25,745293.198204
2026-08-21T19:30:00.000Z,111.26,111.65,110.87,111.04,2611551.4206020003
2026-08-24T13:30:00.000Z,109.97,110.98,109.3,109.75,1250846.4696830001
2026-08-24T14:00:00.000Z,109.765,110.06,109.4,110.02,670568.728139
2026-08-24T14:30:00.000Z,110.015,110.675,110,110.535,561191.7792889999
2026-08-24T15:00:00.000Z,110.53,110.59,110.17,110.545,586661.426959
2026-08-24T15:30:00.000Z,110.54,111.22,110.47,111.01,635305.034151
2026-08-24T16:00:00.000Z,110.9901,111.045,110.59,110.68,373554.91762399994
2026-08-24T16:30:00.000Z,110.69,110.99,110.62,110.855,422767.68749900005
2026-08-24T17:00:00.000Z,110.85,111.0599,110.74,110.74,467551.3449929999
2026-08-24T17:30:00.000Z,110.745,110.84,110.6503,110.7,392790.554763
2026-08-24T18:00:00.000Z,110.705,111.2,110.705,111.13,389615.178159
2026-08-24T18:30:00.000Z,111.13,111.21,110.645,110.69,419415.9340499999
2026-08-24T19:00:00.000Z,110.68,110.695,110.24,110.24,476436.91250800004
2026-08-24T19:30:00.000Z,110.24,110.59,110.19,110.25,1687374.441372
2026-08-25T13:30:00.000Z,112.23,112.4995,111.45,111.61,1258163.9021929996
2026-08-25T14:00:00.000Z,111.58,111.88,110.8601,110.915,823532.1360630001
2026-08-25T14:30:00.000Z,110.9,111.285,110.73,110.95,631017.6456
2026-08-25T15:00:00.000Z,110.96,111.07,110.82,110.97,509749.62453100015
2026-08-25T15:30:00.000Z,110.97,111.34,110.95,111.315,556422.090343
2026-08-25T16:00:00.000Z,111.33,111.52,111.05,111.21,440685.98901599995
2026-08-25T16:30:00.000Z,111.195,111.25,110.94,111.165,363610.153561
2026-08-25T17:00:00.000Z,111.1581,111.19,110.9,110.92,291934.781533
2026-08-25T17:30:00.000Z,110.93,110.94,110.605,110.75,372413.2060340001
2026-08-25T18:00:00.000Z,110.75,110.98,110.7,110.925,350882.6247219999
2026-08-25T18:30:00.000Z,110.925,111.3,110.91,111.135,464915.01618
2026-08-25T19:00:00.000Z,111.14,111.155,110.73,110.74,631392.458352
2026-08-25T19:30:00.000Z,110.74,111.21,110.63,111.1,1518029.9610879999
2026-08-26T13:30:00.000Z,111.51,112.43,111.34,112.2925,901010.0417759999
2026-08-26T14:00:00.000Z,112.285,112.32,111.19,111.515,676308.1145990001
2026-08-26T14:30:00.000Z,111.505,111.835,111.4201,111.5783,331368.395622
2026-08-26T15:00:00.000Z,111.6217,111.865,111.6,111.73,351456.302781
2026-08-26T15:30:00.000Z,111.73,112.075,111.64,112.05,400332.60442000005
2026-08-26T16:00:00.000Z,112,112.05,111.62,111.81,340121.533849
2026-08-26T16:30:00.000Z,111.81,111.9099,111.62,111.795,279306.893542
2026-08-26T17:00:00.000Z,111.79,111.9,111.7101,111.73,287922.70004500006
2026-08-26T17:30:00.000Z,111.7398,111.96,111.69,111.93,301691.59034999995
2026-08-26T18:00:00.000Z,111.94,112.2238,111.93,112.2238,381801.524803
2026-08-26T18:30:00.000Z,112.22,112.72,112.19,112.555,470005.46986599994
2026-08-26T19:00:00.000Z,112.56,112.89,112.54,112.83,543466.6008349999
2026-08-26T19:30:00.000Z,112.835,112.95,112.28,112.42,1421220.428847
2026-08-27T13:30:00.000Z,112.15,112.57,111.665,112.155,1051899.6515630002
2026-08-27T14:00:00.000Z,112.13,112.3999,111.825,112.16,796116.8408510002
2026-08-27T14:30:00.000Z,112.16,112.24,111.71,111.8,553784.4801750001
2026-08-27T15:00:00.000Z,111.8,112.3,111.8,112.025,439728.8242389999
2026-08-27T15:30:00.000Z,112.02,112.11,111.61,111.96,370061.28822000005
2026-08-27T16:00:00.000Z,111.96,112.04,111.7,111.85,365534.6691589999
2026-08-27T16:30:00.000Z,111.845,112.11,111.76,111.895,404556.4084860001
2026-08-27T17:00:00.000Z,111.905,112.14,111.885,111.98,371306.325571
2026-08-27T17:30:00.000Z,111.99,112.04,111.62,111.875,433561.27936199994
2026-08-27T18:00:00.000Z,111.88,112.12,111.735,111.76,376506.13897300005
2026-08-27T18:30:00.000Z,111.76,111.98,111.6775,111.885,346918.3515339999
2026-08-27T19:00:00.000Z,111.875,112.09,111.775,111.78,535459.254327
2026-08-27T19:30:00.000Z,111.775,112.18,111.63,112.13,1646152.961925
2026-08-28T13:30:00.000Z,112.31,112.5,110.62,110.75,1089609.395354
2026-08-28T14:00:00.000Z,110.7,111.09,110.48,110.91,652806.1997900001
2026-08-28T14:30:00.000Z,110.9,111.28,110.78,111.27,606504.2750200001
2026-08-28T15:00:00.000Z,111.26,111.45,111.12,111.25,528233.610574
2026-08-28T15:30:00.000Z,111.24,111.375,110.92,111.02,565778.738711
2026-08-28T16:00:00.000Z,111,111.075,110.4,110.42,627515.1645970001
2026-08-28T16:30:00.000Z,110.42,110.55,110.24,110.29,445782.66768300004
2026-08-28T17:00:00.000Z,110.28,110.28,109.915,109.94,521962.59074200003
2026-08-28T17:30:00.000Z,109.94,110.365,109.94,110.36,393291.14994699997
2026-08-28T18:00:00.000Z,110.34,110.54,110.155,110.21,296334.30153900007
2026-08-28T18:30:00.000Z,110.22,110.33,110.04,110.09,677016.664267
2026-08-28T19:00:00.000Z,110.1,110.12,109.71,109.84,752138.6933669999
2026-08-28T19:30:00.000Z,109.83,110.03,109.72,109.93,1713628.2408939998
2026-08-31T13:30:00.000Z,110.28,111.36,110,110.6,1166831.7148439998
2026-08-31T14:00:00.000Z,110.6,110.61,109.61,109.68,690198.0869519999
2026-08-31T14:30:00.000Z,109.67,110.29,109.62,110.18,579084.129307
2026-08-31T15:00:00.000Z,110.19,110.22,109.92,110.02,456224.06906999997
2026-08-31T15:30:00.000Z,110.02,110.17,109.93,110.14,347457.659424
2026-08-31T16:00:00.000Z,110.14,110.46,110.08,110.45,298442.79123
2026-08-31T16:30:00.000Z,110.46,110.62,110.27,110.61,303805.822607
2026-08-31T17:00:00.000Z,110.585,110.61,110.44,110.46,286426.7340490001
2026-08-31T17:30:00.000Z,110.455,110.67,110.41,110.54,323545.547225
2026-08-31T18:00:00.000Z,110.53,110.7277,110.52,110.71,297645.37047900003
2026-08-31T18:30:00.000Z,110.71,110.79,110.52,110.615,342950.2607199999
2026-08-31T19:00:00.000Z,110.62,110.91,110.545,110.85,484151.9710070001
2026-08-31T19:30:00.000Z,110.85,111.38,110.32,110.5,2126271.709532
2026-09-01T13:30:00.000Z,110.05,110.72,109.38,109.455,1154499.905857
2026-09-01T14:00:00.000Z,109.48,109.77,108.93,109.01,760248.7294869999
2026-09-01T14:30:00.000Z,109.01,109.45,109.01,109.25,646582.9291069999
2026-09-01T15:00:00.000Z,109.25,109.38,109.13,109.235,315963.12039999996
2026-09-01T15:30:00.000Z,109.23,109.36,109.07,109.13,237318.369687
2026-09-01T16:00:00.000Z,109.14,109.34,109.01,109.075,392675.290972
2026-09-01T16:30:00.000Z,109.065,109.41,109.03,109.39,383324.70659399993
2026-09-01T17:00:00.000Z,109.4,109.42,109.14,109.35,223310.40179000003
2026-09-01T17:30:00.000Z,109.36,109.475,109.205,109.44,240494.016261
2026-09-01T18:00:00.000Z,109.44,109.54,109.32,109.47,287662.84544099995
2026-09-01T18:30:00.000Z,109.465,109.5,109.19,109.46,491572.658554
2026-09-01T19:00:00.000Z,109.46,109.74,109.45,109.59,471879.35719500005
2026-09-01T19:30:00.000Z,109.59,109.87,109.535,109.74,1659093.8066900002
2026-09-02T13:30:00.000Z,110.315,110.51,108.63,108.75,1036153.44897
2026-09-02T14:00:00.000Z,108.765,109.56,108.57,109.35,619153.8339650001
2026-09-02T14:30:00.000Z,109.36,109.47,109.055,109.06,571908.678842
2026-09-02T15:00:00.000Z,109.075,109.18,108.92,109.105,519788.53717299993
2026-09-02T15:30:00.000Z,109.105,109.39,108.83,108.88,437584.8252739999
2026-09-02T16:00:00.000Z,108.88,109.025,108.6,108.65,421143.547537
2026-09-02T16:30:00.000Z,108.64,108.71,108.395,108.51,613663.011457
2026-09-02T17:00:00.000Z,108.52,108.95,108.5138,108.81,383659.27427699993
2026-09-02T17:30:00.000Z,108.82,108.835,108.645,108.775,361675.9678449999
2026-09-02T18:00:00.000Z,108.775,109.26,108.695,109.24,440607.81975
2026-09-02T18:30:00.000Z,109.23,109.27,108.95,109.185,492682.32622499997
2026-09-02T19:00:00.000Z,109.19,109.5,109.155,109.42,501131.52782599995
2026-09-02T19:30:00.000Z,109.42,109.5927,109.33,109.44,1359216.8737830003
2026-09-03T13:30:00.000Z,108.8,109.2,107.83,108.28,1286595.4047580005
2026-09-03T14:00:00.000Z,108.26,109.08,107.6,109.025,959698.8834609998
2026-09-03T14:30:00.000Z,109.025,109.09,108.2,109.06,691998.1971890001
2026-09-03T15:00:00.000Z,109.06,109.51,109.06,109.44,630447.2819260001
2026-09-03T15:30:00.000Z,109.455,109.57,109.25,109.33,401528.05765400006
2026-09-03T16:00:00.000Z,109.32,109.505,109.24,109.47,379706.32314600004
2026-09-03T16:30:00.000Z,109.47,109.67,109.3201,109.325,397180.202
2026-09-03T17:00:00.000Z,109.33,109.35,108.9,109.01,337719.921496
2026-09-03T17:30:00.000Z,109,109.04,108.84,109,285762.51396099996
2026-09-03T18:00:00.000Z,109,109.135,108.77,108.885,399675.072261
2026-09-03T18:30:00.000Z,108.89,108.97,108.8,108.91,537326.084133
2026-09-03T19:00:00.000Z,108.91,108.97,108.66,108.665,641766.904768
2026-09-03T19:30:00.000Z,108.66,108.87,107.98,108.68,2506375.427082
2026-09-04T13:30:00.000Z,109.64,110.35,109.24,110.15,1214500.704746
2026-09-04T14:00:00.000Z,110.17,110.355,109.51,109.66,744130.49399
2026-09-04T14:30:00.000Z,109.655,109.72,109.34,109.41,376500.433807
2026-09-04T15:00:00.000Z,109.39,109.71,109.0901,109.17,444977.91213199997
2026-09-04T15:30:00.000Z,109.17,109.525,109.1,109.5,368222.7640720001
2026-09-04T16:00:00.000Z,109.5173,109.55,109.305,109.33,359712.38601699995
2026-09-04T16:30:00.000Z,109.33,109.55,109.305,109.475,405937.01336
2026-09-04T17:00:00.000Z,109.47,109.51,109.3,109.32,476701.57191699994
2026-09-04T17:30:00.000Z,109.325,109.33,109.125,109.29,414047.10627499997
2026-09-04T18:00:00.000Z,109.28,109.3,109.105,109.175,347103.725947
2026-09-04T18:30:00.000Z,109.18,109.4,109.07,109.255,379581.64715399995
2026-09-04T19:00:00.000Z,109.26,109.365,109.17,109.3197,444729.496918
2026-09-04T19:30:00.000Z,109.315,109.49,109,109.17,1688415.6126330001
2026-09-08T13:30:00.000Z,109.37,109.63,108.475,108.77,979151.9894819998
2026-09-08T14:00:00.000Z,108.77,109.22,108.54,109.1207,715544.762908
2026-09-08T14:30:00.000Z,109.14,109.5,108.91,109.28,636270.5931480001
2026-09-08T15:00:00.000Z,109.27,109.64,109.12,109.32,789505.71301
2026-09-08T15:30:00.000Z,109.32,109.49,108.87,108.87,541663.754788
2026-09-08T16:00:00.000Z,108.87,109.185,108.73,108.87,557143.7474730001
2026-09-08T16:30:00.000Z,108.88,108.96,108.73,108.82,518873.43079699995
2026-09-08T17:00:00.000Z,108.815,109.14,108.81,108.99,437317.63085699995
2026-09-08T17:30:00.000Z,109.005,109.11,108.81,108.82,518850.334185
2026-09-08T18:00:00.000Z,108.81,108.87,108.59,108.79,468367.75476800016
2026-09-08T18:30:00.000Z,108.8,109.51,108.64,109.34,1418138.006018
2026-09-08T19:00:00.000Z,109.35,109.36,109.03,109.19,443118.0488909999
2026-09-08T19:30:00.000Z,109.185,109.24,108.73,109.13,1912845.1291510002
2026-09-09T13:30:00.000Z,109.275,110.3,108.98,110.25,1321799.5201149997
2026-09-09T14:00:00.000Z,110.24,110.43,109.305,109.71,757318.775159
2026-09-09T14:30:00.000Z,109.7,109.95,109.49,109.91,486225.045096
2026-09-09T15:00:00.000Z,109.93,110.11,109.31,109.51,521058.872259
2026-09-09T15:30:00.000Z,109.52,109.67,109.35,109.48,444766.90365
2026-09-09T16:00:00.000Z,109.48,109.54,109.13,109.29,435804.8659439999
2026-09-09T16:30:00.000Z,109.3,109.94,109.29,109.94,373814.91011500004
2026-09-09T17:00:00.000Z,109.9394,109.96,109.66,109.7,327789.19385200005
2026-09-09T17:30:00.000Z,109.71,109.8399,109.67,109.73,351511.69225200004
2026-09-09T18:00:00.000Z,109.73,109.82,109.21,109.3469,571509.4252099999
2026-09-09T18:30:00.000Z,109.345,109.48,109.14,109.15,367545.236591
2026-09-09T19:00:00.000Z,109.16,109.34,109.16,109.285,427540.052188
2026-09-09T19:30:00.000Z,109.28,109.46,109.23,109.44,1247479.473427
2026-09-10T13:30:00.000Z,108.74,109.89,108.53,109.09,874711.1481869998
2026-09-10T14:00:00.000Z,109.07,109.28,108.795,108.9886,567541.011612
2026-09-10T14:30:00.000Z,108.96,109.1199,108.86,108.96,366403.04447300005
2026-09-10T15:00:00.000Z,108.965,109.12,108.78,108.84,447975.43382700003
2026-09-10T15:30:00.000Z,108.835,109.05,108.72,108.74,374258.517013
2026-09-10T16:00:00.000Z,108.7448,108.89,108.33,108.42,449487.9079490001
2026-09-10T16:30:00.000Z,108.42,108.6,108.08,108.5207,400266.24163500016
2026-09-10T17:00:00.000Z,108.51,108.64,108.2,108.22,282732.77624000004
2026-09-10T17:30:00.000Z,108.2,108.22,107.99,108.05,272547.608699
2026-09-10T18:00:00.000Z,108.06,108.16,107.94,108.07,334762.71190700005
2026-09-10T18:30:00.000Z,108.065,108.32,108.05,108.23,372527.74117899995
2026-09-10T19:00:00.000Z,108.22,108.335,108,108.045,472312.00877700007
2026-09-10T19:30:00.000Z,108.04,108.04,107.36,107.45,1896367.34711
2026-09-11T13:30:00.000Z,108.89,110.34,108.36,110.16,1303743.795514
2026-09-11T14:00:00.000Z,110.135,110.96,109.89,110.685,1030946.595599
2026-09-11T14:30:00.000Z,110.7,111.18,110.605,111.01,751204.1219450003
2026-09-11T15:00:00.000Z,111,111.55,110.95,111.53,658337.981695
2026-09-11T15:30:00.000Z,111.525,111.93,111.1269,111.25,632346.215466
2026-09-11T16:00:00.000Z,111.255,111.59,111.25,111.465,397756.9231080001
2026-09-11T16:30:00.000Z,111.48,111.61,111.35,111.585,446124.14072399994
2026-09-11T17:00:00.000Z,111.585,111.74,111.425,111.52,452841.1475540001
2026-09-11T17:30:00.000Z,111.52,111.74,111.52,111.74,434332.45321400004
2026-09-11T18:00:00.000Z,111.71,111.94,111.69,111.845,597606.844368
2026-09-11T18:30:00.000Z,111.85,111.955,111.7,111.78,531394.3012759999
2026-09-11T19:00:00.000Z,111.79,111.83,111.3618,111.58,725314.3962329996
2026-09-11T19:30:00.000Z,111.6,112.215,111.52,112.115,1996879.757554
2026-09-14T13:30:00.000Z,109.97,110.5,109.39,110.36,1330695.0555270002
2026-09-14T14:00:00.000Z,110.4,110.9134,110.325,110.845,723486.7066969998
2026-09-14T14:30:00.000Z,110.849,110.96,110.33,110.41,438589.29062799993
2026-09-14T15:00:00.000Z,110.395,111.06,110.11,110.69,459683.0298040001
2026-09-14T15:30:00.000Z,110.67,111.28,110.67,111.18,398897.225651
2026-09-14T16:00:00.000Z,111.18,111.42,110.92,110.97,357241.584703
2026-09-14T16:30:00.000Z,110.99,111.52,110.8585,111.5,382886.062207
2026-09-14T17:00:00.000Z,111.51,111.74,111.36,111.46,360308.704287
2026-09-14T17:30:00.000Z,111.46,111.5,111.21,111.25,308040.78096
2026-09-14T18:00:00.000Z,111.24,111.315,110.7,111.045,421451.1223010001
2026-09-14T18:30:00.000Z,111.06,111.33,111.03,111.073,388358.0894500001
2026-09-14T19:00:00.000Z,111.08,111.15,110.575,110.575,492517.31924199994
2026-09-14T19:30:00.000Z,110.57,110.61,109.98,110.05,1992491.454821
2026-09-15T13:30:00.000Z,110.915,111.31,110.5,111.28,945399.558404
2026-09-15T14:00:00.000Z,111.28,111.69,111,111.08,610091.8729060001
2026-09-15T14:30:00.000Z,111.07,111.23,110.48,110.53,740735.328444
2026-09-15T15:00:00.000Z,110.56,111.08,110.535,111.05,946208.2441630001
2026-09-15T15:30:00.000Z,111.06,111.07,110.57,110.6,628299.5652889999
2026-09-15T16:00:00.000Z,110.595,110.72,110.35,110.37,353623.801713
2026-09-15T16:30:00.000Z,110.38,110.385,109.95,110.02,482732.88181399996
2026-09-15T17:00:00.000Z,110.03,110.26,109.865,110.205,607487.603019
2026-09-15T17:30:00.000Z,110.22,110.39,109.66,109.67,428347.4090319999
2026-09-15T18:00:00.000Z,109.665,110.095,109.62,109.905,390252.3732569999
2026-09-15T18:30:00.000Z,109.91,110.05,109.8,110.015,444207.038399
2026-09-15T19:00:00.000Z,110.015,110.26,109.945,110.16,478147.7570580001
2026-09-15T19:30:00.000Z,110.16,110.18,109.79,110.07,1843172.9593829997
2026-09-16T13:30:00.000Z,110.66,110.99,110.18,110.43,1097699.435033
2026-09-16T14:00:00.000Z,110.41,110.99,110.13,110.155,562970.069238
2026-09-16T14:30:00.000Z,110.1699,110.43,109.8801,110.43,461562.2970629999
2026-09-16T15:00:00.000Z,110.43,110.5682,110.24,110.5682,370352.41606300004
2026-09-16T15:30:00.000Z,110.56,110.97,110.4401,110.745,480779.437893
2026-09-16T16:00:00.000Z,110.74,110.76,110.56,110.65,378195.696317
2026-09-16T16:30:00.000Z,110.66,110.685,110.45,110.475,224190.52894900003
2026-09-16T17:00:00.000Z,110.48,110.67,110.365,110.65,259648.83377299996
2026-09-16T17:30:00.000Z,110.645,110.785,110.44,110.63,446705.64966
2026-09-16T18:00:00.000Z,110.615,110.9,109.76,109.975,553127.105368
2026-09-16T18:30:00.000Z,109.96,109.99,109.08,109.18,596641.1862069999
2026-09-16T19:00:00.000Z,109.17,109.29,107.55,107.87,1163290.5156900003
2026-09-16T19:30:00.000Z,107.87,108.05,107.62,107.7,4066339.428384
2026-09-17T13:30:00.000Z,109.72,110.3,109.32,109.67,1683792.430366
2026-09-17T14:00:00.000Z,109.67,111.44,109.51,111.3,1336261.2549140002
2026-09-17T14:30:00.000Z,111.305,111.36,110.865,110.9,792566.0438870001
2026-09-17T15:00:00.000Z,110.895,111.22,110.83,111.005,633080.4781539998
2026-09-17T15:30:00.000Z,111.015,111.05,110.8,110.86,356009.54486300005
2026-09-17T16:00:00.000Z,110.88,110.89,110.69,110.81,335229.9652079999
2026-09-17T16:30:00.000Z,110.8,110.83,110.555,110.76,380156.03475499986
2026-09-17T17:00:00.000Z,110.77,110.86,110.47,110.615,277949.778662
2026-09-17T17:30:00.000Z,110.62,110.64,110.075,110.11,545723.471652
2026-09-17T18:00:00.000Z,110.12,110.31,110.01,110.25,464024.636532
2026-09-17T18:30:00.000Z,110.25,110.2599,110.085,110.165,384422.21686300007
2026-09-17T19:00:00.000Z,110.165,110.465,110.12,110.315,752165.7641670001
2026-09-17T19:30:00.000Z,110.32,110.41,110.01,110.2,2171177.4902480002
2026-09-18T13:30:00.000Z,110.35,110.8068,109.84,109.9,5275940.951995
2026-09-18T14:00:00.000Z,109.895,109.93,108.99,109.17,795084.2825590001
2026-09-18T14:30:00.000Z,109.17,109.285,108.5001,108.56,477266.9731719999
2026-09-18T15:00:00.000Z,108.55,108.766,108.46,108.68,480900.03441599995
2026-09-18T15:30:00.000Z,108.6775,108.74,108.36,108.51,512326.7731449999
2026-09-18T16:00:00.000Z,108.51,108.5325,108.175,108.2,352621.45550700004
2026-09-18T16:30:00.000Z,108.19,108.65,108.09,108.62,708105.2144689999
2026-09-18T17:00:00.000Z,108.62,108.885,108.59,108.74,338979.7890230001
2026-09-18T17:30:00.000Z,108.73,108.91,108.73,108.865,273141.874276
2026-09-18T18:00:00.000Z,108.87,109.05,108.72,108.89,417760.77380299993
2026-09-18T18:30:00.000Z,108.8926,108.98,108.765,108.94,334807.21911099995
2026-09-18T19:00:00.000Z,108.94,109.06,108.725,108.86,448741.41764799994
2026-09-18T19:30:00.000Z,108.88,109.88,108.67,109.51,4454339.398932001
