Date,Open,High,Low,Close,Volume
2025-09-22T13:30:00.000Z,781.845,785.73,778.5,780.27,1569933
2025-09-22T14:00:00.000Z,780.6199,782.6899,778.75,779.885,764803
2025-09-22T14:30:00.000Z,779.885,781.01,778.09,779.915,626235
2025-09-22T15:00:00.000Z,779.74,780.1706,777.19,778.075,559870
2025-09-22T15:30:00.000Z,777.96,778.19,774.74,774.74,511103
2025-09-22T16:00:00.000Z,774.86,775.2,772.1,772.53,688007
2025-09-22T16:30:00.000Z,772.43,773.45,770.71,770.825,641709
2025-09-22T17:00:00.000Z,770.75,772.645,770.1,772.3575,456828
2025-09-22T17:30:00.000Z,772.2859,773.45,771.09,772.1232,473841
2025-09-22T18:00:00.000Z,772.1799,772.1801,769.5414,770.11,609939
2025-09-22T18:30:00.000Z,770.25,770.25,768.1746,768.71,368939
2025-09-22T19:00:00.000Z,768.595,769.8,767.848,768.06,445780
2025-09-22T19:30:00.000Z,768.04,769.5,764.47,765.1,1604614
2025-09-23T13:30:00.000Z,769.25,769.5,759,759.66,1293390
2025-09-23T14:00:00.000Z,759.58,765.95,759.05,765.495,914838
2025-09-23T14:30:00.000Z,765.515,770.6,765.2301,768.63,629700
2025-09-23T15:00:00.000Z,768.75,770.5,767.4708,768.01,395207
2025-09-23T15:30:00.000Z,768.005,768.62,766.05,767.065,357692
2025-09-23T16:00:00.000Z,767.12,767.6113,763.8885,764.1125,427333
2025-09-23T16:30:00.000Z,764.132,764.91,762.65,763.52,348886
2025-09-23T17:00:00.000Z,763.56,764.264,760.34,760.635,361909
2025-09-23T17:30:00.000Z,760.5,761.5,758.39,761.28,627302
2025-09-23T18:00:00.000Z,761.41,762.1478,754.82,756,522165
2025-09-23T18:30:00.000Z,755.9,756.1299,751.51,751.7692,645955
2025-09-23T19:00:00.000Z,751.66,754.94,751.07,754.8625,802300
2025-09-23T19:30:00.000Z,754.93,756.885,751.77,755.231,1252926
2025-09-24T13:30:00.000Z,757.5,760.49,754,755.3575,1230470
2025-09-24T14:00:00.000Z,755.16,757.7386,753.4198,757.18,462314
2025-09-24T14:30:00.000Z,757.05,758.7,755.74,755.98,637152
2025-09-24T15:00:00.000Z,755.72,759.94,755.2,757.74,478022
2025-09-24T15:30:00.000Z,757.5,758.75,755.4,755.54,354318
2025-09-24T16:00:00.000Z,755.545,757.6,752.5251,757.11,492465
2025-09-24T16:30:00.000Z,757.17,757.37,752.53,752.9001,377210
2025-09-24T17:00:00.000Z,752.9,754.95,752.68,754.8999,266209
2025-09-24T17:30:00.000Z,754.89,756,753.6701,754.4,270181
2025-09-24T18:00:00.000Z,754.3389,755.5,753.745,755.3449,284837
2025-09-24T18:30:00.000Z,755.5,758.1999,755.434,758.1,326233
2025-09-24T19:00:00.000Z,758.2,759.63,757.7101,759.43,385579
2025-09-24T19:30:00.000Z,759.295,761.11,757.81,760.59,1074875
2025-09-25T13:30:00.000Z,753.45,756.08,744.55,746.43,2203399
2025-09-25T14:00:00.000Z,746.44,749.961,745,747.115,1275819
2025-09-25T14:30:00.000Z,747.13,750.5,746.92,749.01,684342
2025-09-25T15:00:00.000Z,748.93,753.1,747.8052,752.41,561426
2025-09-25T15:30:00.000Z,752.41,756.48,752.16,754.3499,459541
2025-09-25T16:00:00.000Z,754.1875,756.765,753.89,754.13,324039
2025-09-25T16:30:00.000Z,754.21,755.02,749.58,750.14,372317
2025-09-25T17:00:00.000Z,750.07,751.79,749.3,749.46,284359
2025-09-25T17:30:00.000Z,749.46,749.96,746.22,747.31,442058
2025-09-25T18:00:00.000Z,747.62,750.528,746.39,749.61,372860
2025-09-25T18:30:00.000Z,749.61,751.39,749.1301,750.025,286834
2025-09-25T19:00:00.000Z,750.04,750.8,748.53,749.52,315081
2025-09-25T19:30:00.000Z,749.57,749.9649,748.65,748.91,798743
2025-09-26T13:30:00.000Z,750,751.9299,746.77,748.7775,1108973
2025-09-26T14:00:00.000Z,748.71,749.82,739.76,741.17,1016701
2025-09-26T14:30:00.000Z,741.13,744,739.9,741.13,1024552
2025-09-26T15:00:00.000Z,741.32,742.6662,739.11,742.175,647132
2025-09-26T15:30:00.000Z,742.07,742.29,737.81,738.455,475459
2025-09-26T16:00:00.000Z,738.455,742.1634,737.3532,741.625,568011
2025-09-26T16:30:00.000Z,741.65,742.75,740,742.09,490686
2025-09-26T17:00:00.000Z,742.334,745.76,741.61,745.06,397083
2025-09-26T17:30:00.000Z,745.02,745.1,743.185,743.6805,280966
2025-09-26T18:00:00.000Z,743.67,745.28,742.29,743.48,290655
2025-09-26T18:30:00.000Z,743.56,744.83,742.47,742.89,288336
2025-09-26T19:00:00.000Z,742.83,742.83,741,741.67,415690
2025-09-26T19:30:00.000Z,741.78,744.16,739.7,743.85,1191223
2025-09-29T13:30:00.000Z,748.72,750.78,745.26,749.33,1346902
2025-09-29T14:00:00.000Z,749.4,750.36,745.72,747.1566,672854
2025-09-29T14:30:00.000Z,747.2073,748.51,745.73,747.905,482520
2025-09-29T15:00:00.000Z,747.81,748.97,745.61,746.45,377401
2025-09-29T15:30:00.000Z,746.32,746.48,744.64,745.33,351948
2025-09-29T16:00:00.000Z,745.33,749.6033,745.0001,747.29,352270
2025-09-29T16:30:00.000Z,747.24,748.23,745.74,746.3199,174936
2025-09-29T17:00:00.000Z,746.06,746.06,743.88,744.145,426234
2025-09-29T17:30:00.000Z,744.18,744.65,743.1563,743.91,493469
2025-09-29T18:00:00.000Z,744.06,744.1841,742.75,743.85,375990
2025-09-29T18:30:00.000Z,743.815,744.06,742.57,743.875,277006
2025-09-29T19:00:00.000Z,743.875,743.94,742.08,742.89,346352
2025-09-29T19:30:00.000Z,742.84,744.59,739.15,743.4,1543935
2025-09-30T13:30:00.000Z,742.25,742.97,729.22,729.58,2148177
2025-09-30T14:00:00.000Z,729.44,731.4319,726.3,729.185,1390443
2025-09-30T14:30:00.000Z,729.19,734.73,728.21,734.37,1082457
2025-09-30T15:00:00.000Z,734.28,735.4099,731.655,732.61,698127
2025-09-30T15:30:00.000Z,732.44,735.68,732.4004,735.27,577868
2025-09-30T16:00:00.000Z,735.4,735.48,732.54,734.19,753782
2025-09-30T16:30:00.000Z,734.21,734.435,730.71,731.5,419928
2025-09-30T17:00:00.000Z,731.515,731.56,727.56,728.35,741745
2025-09-30T17:30:00.000Z,728.22,731.08,727.81,730.23,474107
2025-09-30T18:00:00.000Z,730.26,732.77,729.55,731,443542
2025-09-30T18:30:00.000Z,731.04,732.18,730.58,731.505,322118
2025-09-30T19:00:00.000Z,731.5,733.61,730.6937,733.39,568152
2025-09-30T19:30:00.000Z,733.33,737.12,731.67,734.39,2162046
2025-10-01T13:30:00.000Z,721.49,721.8499,711.6,712.16,4236942
2025-10-01T14:00:00.000Z,712.1945,717.4799,710.2,715.52,2559135
2025-10-01T14:30:00.000Z,715.58,717.24,713.6529,716.445,1403661
2025-10-01T15:00:00.000Z,716.31,716.6,713.06,715.36,1121157
2025-10-01T15:30:00.000Z,715.395,717.52,715.11,715.22,1254960
2025-10-01T16:00:00.000Z,715.3068,718.24,712.7,717.875,1251948
2025-10-01T16:30:00.000Z,717.87,719.5,717.075,719,714596
2025-10-01T17:00:00.000Z,719.0201,721.25,718,721.12,789554
2025-10-01T17:30:00.000Z,721.06,721.4,717.18,718.01,749349
2025-10-01T18:00:00.000Z,718.01,719.15,716.83,718.79,597165
2025-10-01T18:30:00.000Z,718.72,721.275,718.6551,719.335,765842
2025-10-01T19:00:00.000Z,719.325,719.8,717.65,719.3,662351
2025-10-01T19:30:00.000Z,719.3163,719.54,716.3801,717.33,1643640
2025-10-02T13:30:00.000Z,722.58,727.77,720.15,723.385,2117275
2025-10-02T14:00:00.000Z,723.4,724.22,720.65,721.91,989639
2025-10-02T14:30:00.000Z,722,722.9499,719.4,720.48,682930
2025-10-02T15:00:00.000Z,720.445,721.93,718.96,719.9,636540
2025-10-02T15:30:00.000Z,719.775,721.12,718.14,721,484517
2025-10-02T16:00:00.000Z,720.855,721,719.31,720.71,549084
2025-10-02T16:30:00.000Z,720.81,723.2999,720.2296,723.1,387624
2025-10-02T17:00:00.000Z,723.085,724.69,721.925,724.57,477177
2025-10-02T17:30:00.000Z,724.5,726.9,724.2285,726.5,713027
2025-10-02T18:00:00.000Z,726.55,726.59,724.8257,725.949,440871
2025-10-02T18:30:00.000Z,725.86,726.89,725.39,726.38,430077
2025-10-02T19:00:00.000Z,726.32,726.85,724.42,725.18,559808
2025-10-02T19:30:00.000Z,725.17,727.2,724.7301,727.06,1146714
2025-10-03T13:30:00.000Z,729.625,731,715.85,718.7,2852714
2025-10-03T14:00:00.000Z,718.67,719.69,717.12,718.51,1246977
2025-10-03T14:30:00.000Z,718.5,720.69,718.08,719.295,997021
2025-10-03T15:00:00.000Z,719.38,720.5,718.4,719.82,593643
2025-10-03T15:30:00.000Z,719.71,719.8003,715.04,719.38,1417038
2025-10-03T16:00:00.000Z,719.68,720.19,718.7001,719.819,589394
2025-10-03T16:30:00.000Z,719.85,720.09,717.6059,718.93,530787
2025-10-03T17:00:00.000Z,719,719,714.42,714.88,1010978
2025-10-03T17:30:00.000Z,714.88,716,712.5,714.9599,971152
2025-10-03T18:00:00.000Z,714.86,715.72,713.53,714.3,546237
2025-10-03T18:30:00.000Z,714.28,715.5,713.18,715.435,632080
2025-10-03T19:00:00.000Z,715.49,716.04,713.8,714.105,737416
2025-10-03T19:30:00.000Z,714.135,715.25,710.18,710.41,2032077
2025-10-06T13:30:00.000Z,705.185,705.37,690.51,699.7001,5453538
2025-10-06T14:00:00.000Z,700,706.62,699.5142,700.9336,2028375
2025-10-06T14:30:00.000Z,701.26,705.9856,699,705.29,1542583
2025-10-06T15:00:00.000Z,705.235,706.1167,701.11,703.59,1110582
2025-10-06T15:30:00.000Z,703.66,708.03,703.15,707.5499,1019034
2025-10-06T16:00:00.000Z,707.42,707.99,705.5,705.8,658404
2025-10-06T16:30:00.000Z,705.7856,709.2099,705.52,709.025,668358
2025-10-06T17:00:00.000Z,709.02,709.95,707.84,708.5651,821427
2025-10-06T17:30:00.000Z,708.5374,714.44,707.32,712.61,957908
2025-10-06T18:00:00.000Z,712.64,716.69,712.075,715.12,1112324
2025-10-06T18:30:00.000Z,715.0612,716.88,714.71,715.205,927364
2025-10-06T19:00:00.000Z,715.17,716.2,711.03,711.2,944755
2025-10-06T19:30:00.000Z,711.205,715.86,711.09,715.86,1913662
2025-10-07T13:30:00.000Z,717.72,718.4999,709.77,709.91,1866490
2025-10-07T14:00:00.000Z,710.025,713.07,708.26,711.95,1051822
2025-10-07T14:30:00.000Z,711.87,715.65,710.8361,713.3475,1087371
2025-10-07T15:00:00.000Z,713.3475,714.1,709.7301,711.1,1074134
2025-10-07T15:30:00.000Z,711.1883,711.3,707.71,709.15,756388
2025-10-07T16:00:00.000Z,709.15,710.7399,708.5001,709,454149
2025-10-07T16:30:00.000Z,709,710.4265,705.88,706.15,708657
2025-10-07T17:00:00.000Z,706.145,708.84,705.75,708.14,831420
2025-10-07T17:30:00.000Z,708.13,708.69,707.02,707.73,274656
2025-10-07T18:00:00.000Z,707.645,708.82,707.135,707.9542,493661
2025-10-07T18:30:00.000Z,707.905,710.14,707.75,709.755,326434
2025-10-07T19:00:00.000Z,709.755,710.36,709.11,709.2,332341
2025-10-07T19:30:00.000Z,709.21,714,709.21,712.92,1253129
2025-10-08T13:30:00.000Z,713.45,715.18,707.81,713.4,1660295
2025-10-08T14:00:00.000Z,713.4,716.33,712,713.375,1108587
2025-10-08T14:30:00.000Z,713.25,716.2,713.25,716,647864
2025-10-08T15:00:00.000Z,715.9148,718.28,715.9148,717.43,654055
2025-10-08T15:30:00.000Z,717.395,717.95,715,717.9,446012
2025-10-08T16:00:00.000Z,717.865,718.37,715.62,716.2322,460071
2025-10-08T16:30:00.000Z,716.08,716.225,714.62,715.42,330419
2025-10-08T17:00:00.000Z,715.5,717.6099,714.46,717.4349,534161
2025-10-08T17:30:00.000Z,717.62,719.65,717.43,718.58,797456
2025-10-08T18:00:00.000Z,718.58,719.486,717.21,717.84,410642
2025-10-08T18:30:00.000Z,717.76,718.45,716.71,718.01,375254
2025-10-08T19:00:00.000Z,718.01,719.44,717.85,719.09,495592
2025-10-08T19:30:00.000Z,719.155,719.4099,716.63,717.83,1026638
2025-10-09T13:30:00.000Z,718.275,722.36,712.44,717.6,1773139
2025-10-09T14:00:00.000Z,717.58,720.5,716.64,718.975,873022
2025-10-09T14:30:00.000Z,718.9644,720.65,716.89,720.15,732380
2025-10-09T15:00:00.000Z,720.14,723.91,719.18,723.785,788273
2025-10-09T15:30:00.000Z,723.74,727.3694,722.53,725.78,949873
2025-10-09T16:00:00.000Z,725.8,729.2492,725.7,726.5601,977978
2025-10-09T16:30:00.000Z,726.69,727.7,724.9001,725.74,553624
2025-10-09T17:00:00.000Z,725.64,727.43,725.25,726,465659
2025-10-09T17:30:00.000Z,725.84,729.4499,725.54,729.234,560903
2025-10-09T18:00:00.000Z,729.12,731.34,727.88,729,729599
2025-10-09T18:30:00.000Z,728.925,731.341,728.84,731.34,408581
2025-10-09T19:00:00.000Z,731.37,732.46,730.56,731.89,616363
2025-10-09T19:30:00.000Z,731.84,733.51,731.5501,733.51,1405054
2025-10-10T13:30:00.000Z,730.92,735.27,727.7,731,1512073
2025-10-10T14:00:00.000Z,730.57,733.915,730.57,732.2,743560
2025-10-10T14:30:00.000Z,732.17,732.593,724.6001,725.65,818300
2025-10-10T15:00:00.000Z,725.665,725.665,712.9801,713.625,1823634
2025-10-10T15:30:00.000Z,713.361,717.19,709.6101,715.2,1604055
2025-10-10T16:00:00.000Z,715,717.09,713.5685,716.265,792476
2025-10-10T16:30:00.000Z,716.15,717.6721,710.36,710.87,691223
2025-10-10T17:00:00.000Z,710.82,712.4699,708.88,712.15,828226
2025-10-10T17:30:00.000Z,712.06,714.41,711.15,712.56,548978
2025-10-10T18:00:00.000Z,712.46,712.69,709.69,710.7975,817848
2025-10-10T18:30:00.000Z,711,712.65,709.7,711.265,559096
2025-10-10T19:00:00.000Z,711.3,712.97,708.92,709.47,683687
2025-10-10T19:30:00.000Z,709.49,710.56,704.51,705.43,2353628
2025-10-13T13:30:00.000Z,713.01,717.5099,707.6413,717.22,1655282
2025-10-13T14:00:00.000Z,716.91,719.94,715.21,716.65,1321497
2025-10-13T14:30:00.000Z,716.645,718.415,708.68,708.79,897626
2025-10-13T15:00:00.000Z,708.78,714.37,708.07,713.9,526656
2025-10-13T15:30:00.000Z,714,714.75,711.71,712.145,304750
2025-10-13T16:00:00.000Z,712.22,714.421,711.8,714.1,318093
2025-10-13T16:30:00.000Z,714.21,714.25,712.4201,714.03,259364
2025-10-13T17:00:00.000Z,714.06,714.9,712.1,713.135,219072
2025-10-13T17:30:00.000Z,713.03,713.72,712.1,713.53,236314
2025-10-13T18:00:00.000Z,713.58,715.49,713.2733,714.99,262403
2025-10-13T18:30:00.000Z,714.9,715.47,713.01,713.28,265789
2025-10-13T19:00:00.000Z,713.25,715.2,712.84,714.67,294222
2025-10-13T19:30:00.000Z,714.56,716,713.9,715.481,1022509
2025-10-14T13:30:00.000Z,707.78,708,699.33,708,1592439
2025-10-14T14:00:00.000Z,708.135,710.99,707.5401,709.898,754070
2025-10-14T14:30:00.000Z,709.81,711.3714,707.85,710.075,391915
2025-10-14T15:00:00.000Z,710.075,712.1373,709.78,710.89,353410
2025-10-14T15:30:00.000Z,710.795,715.55,710.795,714.72,438716
2025-10-14T16:00:00.000Z,715,715.0763,711.32,712.87,449489
2025-10-14T16:30:00.000Z,712.86,714.945,711.74,713.47,399963
2025-10-14T17:00:00.000Z,713.7,714.141,712.83,714.05,243296
2025-10-14T17:30:00.000Z,714.06,714.06,711.3,712.73,263480
2025-10-14T18:00:00.000Z,712.9899,712.9899,710.3,711.21,243801
2025-10-14T18:30:00.000Z,711.39,711.62,710.4,711.3475,253037
2025-10-14T19:00:00.000Z,711.42,712.7399,711.2046,711.52,278289
2025-10-14T19:30:00.000Z,711.62,711.777,704.86,708.77,1297969
2025-10-15T13:30:00.000Z,717.06,720.015,713.24,719.2,1508712
2025-10-15T14:00:00.000Z,719.46,723.05,718.7201,721.175,923886
2025-10-15T14:30:00.000Z,721.24,723.9,720.55,723.205,730121
2025-10-15T15:00:00.000Z,723.29,723.74,717.6,719.27,656484
2025-10-15T15:30:00.000Z,719.3,719.94,713.55,715.5,533072
2025-10-15T16:00:00.000Z,715.45,718.75,715.4,717.62,380949
2025-10-15T16:30:00.000Z,717.43,718.41,714.58,714.99,306809
2025-10-15T17:00:00.000Z,714.88,714.925,709.51,712.35,493749
2025-10-15T17:30:00.000Z,712.555,716.75,712.12,716.15,291529
2025-10-15T18:00:00.000Z,716.15,717.14,714.9,716.37,262097
2025-10-15T18:30:00.000Z,716.42,718.65,716.11,717.72,264180
2025-10-15T19:00:00.000Z,717.8074,718.2,716.61,716.68,256176
2025-10-15T19:30:00.000Z,716.68,717.78,714.73,717.78,958880
2025-10-16T13:30:00.000Z,717.55,725.49,717.49,722.25,1253503
2025-10-16T14:00:00.000Z,722.3,724.59,719.23,719.9301,625531
2025-10-16T14:30:00.000Z,719.835,722,719.01,721.1,390655
2025-10-16T15:00:00.000Z,721.3,722.21,718.61,719.125,396433
2025-10-16T15:30:00.000Z,719.07,720.399,717.03,718.01,450342
2025-10-16T16:00:00.000Z,717.73,717.9999,712.8001,713.15,417469
2025-10-16T16:30:00.000Z,712.52,713.38,709.54,713.38,517137
2025-10-16T17:00:00.000Z,713.34,713.78,710.07,711.92,463492
2025-10-16T17:30:00.000Z,711.82,712.73,708.36,709.8,432631
2025-10-16T18:00:00.000Z,709.73,709.785,703.88,705.435,579894
2025-10-16T18:30:00.000Z,705.435,709.75,704.36,709.04,445478
2025-10-16T19:00:00.000Z,708.695,710.5,706.9101,708.56,425618
2025-10-16T19:30:00.000Z,708.68,713,707.69,712.06,959840
2025-10-17T13:30:00.000Z,707.075,714.95,706.12,710.28,1822557
2025-10-17T14:00:00.000Z,710.319,715.74,708.51,713.82,818759
2025-10-17T14:30:00.000Z,713.705,714,707.94,708.9085,552331
2025-10-17T15:00:00.000Z,708.81,711.47,707.36,708.9604,753006
2025-10-17T15:30:00.000Z,708.8948,710,706.81,709.22,503205
2025-10-17T16:00:00.000Z,709.22,713.59,709.18,712.69,617799
2025-10-17T16:30:00.000Z,712.9,713.69,710.1408,711.745,252570
2025-10-17T17:00:00.000Z,711.635,712.53,710.45,711.85,391928
2025-10-17T17:30:00.000Z,711.7001,714.95,711.1501,714.595,917931
2025-10-17T18:00:00.000Z,714.595,716.83,713.8,716.53,748841
2025-10-17T18:30:00.000Z,716.58,717.3096,715.81,716,468099
2025-10-17T19:00:00.000Z,716,717.54,715.41,717.165,514535
2025-10-17T19:30:00.000Z,717.07,718.54,716.01,716.67,1405458
2025-10-20T13:30:00.000Z,721.19,731.2299,720.18,729.488,1455391
2025-10-20T14:00:00.000Z,729.2884,732.27,728.5,731.73,1042257
2025-10-20T14:30:00.000Z,731.77,732.37,730.2801,731.35,662130
2025-10-20T15:00:00.000Z,731.35,731.39,728.81,729.93,431742
2025-10-20T15:30:00.000Z,730.1,731.39,728.6,730.1,445313
2025-10-20T16:00:00.000Z,730.22,731.7088,728.5,731.13,418522
2025-10-20T16:30:00.000Z,731.19,731.23,729.83,730.1887,275993
2025-10-20T17:00:00.000Z,730.2,732.55,730.13,732,351653
2025-10-20T17:30:00.000Z,732.125,733.35,731.88,733.24,413028
2025-10-20T18:00:00.000Z,733.18,733.5599,732.48,733.13,330168
2025-10-20T18:30:00.000Z,733.14,733.77,731.32,732.28,384108
2025-10-20T19:00:00.000Z,732.32,733.77,731.8801,733.08,353487
2025-10-20T19:30:00.000Z,733.105,733.105,731.52,732.39,950111
2025-10-21T13:30:00.000Z,736.015,738.5,732.51,734.18,1272519
2025-10-21T14:00:00.000Z,734.1823,734.45,731.12,732.795,552257
2025-10-21T14:30:00.000Z,732.78,733.8,731,731.1,430377
2025-10-21T15:00:00.000Z,731.205,732.64,728.75,730.3101,626151
2025-10-21T15:30:00.000Z,730.41,731.93,729.22,731.45,414992
2025-10-21T16:00:00.000Z,731.51,734.49,731.45,733.79,422310
2025-10-21T16:30:00.000Z,733.87,734.75,731.69,731.95,525706
2025-10-21T17:00:00.000Z,732,733,729.78,732.6835,365334
2025-10-21T17:30:00.000Z,732.81,733.285,731.696,733.1934,204166
2025-10-21T18:00:00.000Z,733.16,733.33,732.06,732.99,216534
2025-10-21T18:30:00.000Z,732.91,733.02,732.01,732.47,154284
2025-10-21T19:00:00.000Z,732.405,734.19,732.405,733.885,433193
2025-10-21T19:30:00.000Z,733.63,734.25,732.51,733.249,649246
2025-10-22T13:30:00.000Z,733.83,738.98,731.059,736.64,1091137
2025-10-22T14:00:00.000Z,736.95,740.6,731.72,732.34,881052
2025-10-22T14:30:00.000Z,732.55,736.6335,729.95,736.39,751076
2025-10-22T15:00:00.000Z,736.21,736.55,729.59,729.59,637106
2025-10-22T15:30:00.000Z,729.53,733.51,728.28,732.91,413112
2025-10-22T16:00:00.000Z,733.125,733.16,729.44,730.02,233313
2025-10-22T16:30:00.000Z,730.51,730.71,724.81,728.505,365669
2025-10-22T17:00:00.000Z,728.41,729.44,725.612,727.17,317020
2025-10-22T17:30:00.000Z,726.64,727.2,724.03,726.32,313389
2025-10-22T18:00:00.000Z,726.41,729.18,725.76,728.9277,316133
2025-10-22T18:30:00.000Z,728.945,730.47,728.5,730.3,471276
2025-10-22T19:00:00.000Z,730.12,732.85,729.25,732.51,378355
2025-10-22T19:30:00.000Z,732.51,733.7,732.2001,733.3,717543
2025-10-23T13:30:00.000Z,734.7,742.41,733.48,740.1,1427508
2025-10-23T14:00:00.000Z,740.23,741.88,739.23,739.84,636102
2025-10-23T14:30:00.000Z,739.77,740.785,737.77,738.49,517703
2025-10-23T15:00:00.000Z,738.61,740.99,738.3101,740.59,427030
2025-10-23T15:30:00.000Z,740.76,741.52,739.12,741.05,396459
2025-10-23T16:00:00.000Z,741.02,742.08,737.7175,738.52,494958
2025-10-23T16:30:00.000Z,738.395,739.2426,737.27,737.97,325741
2025-10-23T17:00:00.000Z,738.06,738.53,735.88,736.2,334217
2025-10-23T17:30:00.000Z,736.1,738.14,735.84,737.1,1138093
2025-10-23T18:00:00.000Z,737.12,737.28,734.74,735.23,416641
2025-10-23T18:30:00.000Z,735.29,735.38,733.1,734.06,365813
2025-10-23T19:00:00.000Z,734.125,735.85,733.8,734.525,483127
2025-10-23T19:30:00.000Z,734.545,735.36,733.5,734,1026646
2025-10-24T13:30:00.000Z,736.79,739.28,732.2,733.7,1390947
2025-10-24T14:00:00.000Z,733.77,737.6,732.9,736.295,735778
2025-10-24T14:30:00.000Z,736.1,737.27,733.01,733.02,544897
2025-10-24T15:00:00.000Z,733.1933,733.8199,731.15,733.65,699096
2025-10-24T15:30:00.000Z,733.79,733.897,731.52,732.13,369375
2025-10-24T16:00:00.000Z,732.205,734.8087,732.1601,734.29,718097
2025-10-24T16:30:00.000Z,734.3512,737.4,734.3512,737.1375,412442
2025-10-24T17:00:00.000Z,737.16,737.7,736.1701,737.3423,328250
2025-10-24T17:30:00.000Z,737.45,738.345,736.69,737.06,308726
2025-10-24T18:00:00.000Z,736.9471,738.91,736.8594,738.531,405399
2025-10-24T18:30:00.000Z,738.585,741.21,738.2966,738.745,731934
2025-10-24T19:00:00.000Z,738.75,739.74,738.28,739.33,321110
2025-10-24T19:30:00.000Z,739.2,739.605,736.66,738.51,922466
2025-10-27T13:30:00.000Z,749.73,755.65,748.53,755.2765,1812620
2025-10-27T14:00:00.000Z,755.37,755.75,752.19,753.2778,751876
2025-10-27T14:30:00.000Z,753.2801,755,752.16,752.705,767637
2025-10-27T15:00:00.000Z,752.56,752.91,748.76,750.45,799308
2025-10-27T15:30:00.000Z,750.5082,752.4,750.2,751.86,579916
2025-10-27T16:00:00.000Z,751.8975,752.97,750.12,750.81,459287
2025-10-27T16:30:00.000Z,750.76,751.08,749.3982,749.91,508872
2025-10-27T17:00:00.000Z,749.95,750.4299,748.15,748.655,707401
2025-10-27T17:30:00.000Z,748.77,751.4799,748.01,751.0195,404243
2025-10-27T18:00:00.000Z,751.08,751.52,749.83,750.9,306974
2025-10-27T18:30:00.000Z,750.92,751.25,750,751.095,318308
2025-10-27T19:00:00.000Z,751.095,751.6,750.2101,750.73,376172
2025-10-27T19:30:00.000Z,750.73,754.36,750.4977,750.96,1269282
2025-10-28T13:30:00.000Z,752.63,758.4,752.343,756.75,1545417
2025-10-28T14:00:00.000Z,756.75,757,747.0001,747.35,1348175
2025-10-28T14:30:00.000Z,747.34,750.82,745.5201,750.49,1039532
2025-10-28T15:00:00.000Z,750.6,754.7,750.43,754.35,745953
2025-10-28T15:30:00.000Z,754.375,754.7,750.56,751.24,705995
2025-10-28T16:00:00.000Z,751.29,752.57,750.7667,751.965,584692
2025-10-28T16:30:00.000Z,752.07,755.38,750.745,753.6236,809769
2025-10-28T17:00:00.000Z,753.49,756.23,753.4001,756.11,495339
2025-10-28T17:30:00.000Z,756.08,756.65,754.2,755.16,451669
2025-10-28T18:00:00.000Z,755.0348,756.65,754.54,754.803,377252
2025-10-28T18:30:00.000Z,754.9,755.6799,754.0104,754.28,368416
2025-10-28T19:00:00.000Z,754.2,754.27,752,753.72,615097
2025-10-28T19:30:00.000Z,753.6953,753.6953,750.8,751.37,1428442
2025-10-29T13:30:00.000Z,754.75,759.155,746.06,748.675,2446789
2025-10-29T14:00:00.000Z,748.89,750.27,745.14,750.14,1442741
2025-10-29T14:30:00.000Z,750.15,750.77,746.89,746.89,830364
2025-10-29T15:00:00.000Z,746.79,749.99,746.5,748.5,826212
2025-10-29T15:30:00.000Z,748.41,751.28,747.51,751.145,656060
2025-10-29T16:00:00.000Z,751.145,751.94,750.0897,750.47,554606
2025-10-29T16:30:00.000Z,750.3,750.9199,747.98,748.34,473365
2025-10-29T17:00:00.000Z,748.44,751,747.75,749.57,621858
2025-10-29T17:30:00.000Z,749.4,749.81,747.75,748.34,554985
2025-10-29T18:00:00.000Z,748.51,748.8926,746.96,748.455,523115
2025-10-29T18:30:00.000Z,748.45,750.2,742.51,744.815,1304872
2025-10-29T19:00:00.000Z,745.02,749.33,743.2801,747.6,1064857
2025-10-29T19:30:00.000Z,747.785,755.6,746.18,752,2625626
2025-10-30T13:30:00.000Z,669.15,672,650.17,665.88,20721973
2025-10-30T14:00:00.000Z,665.85,669.49,660.1201,661.51,8293018
2025-10-30T14:30:00.000Z,661.415,665.47,652.48,654.23,7974248
2025-10-30T15:00:00.000Z,654.29,663.588,653.92,662.93,5654953
2025-10-30T15:30:00.000Z,662.94,668.42,661.53,668.09,4172506
2025-10-30T16:00:00.000Z,668.09,679.86,667.71,677.95,5697989
2025-10-30T16:30:00.000Z,677.96,680.9599,673.2601,675.261,4404232
2025-10-30T17:00:00.000Z,675.18,678.5399,673.12,678.2,2740200
2025-10-30T17:30:00.000Z,678.17,678.582,673.02,674.38,2076437
2025-10-30T18:00:00.000Z,674.35,675,666.04,668.95,2957623
2025-10-30T18:30:00.000Z,668.98,669.99,664.37,665.47,2974383
2025-10-30T19:00:00.000Z,665.43,669.15,664.05,667.64,3495486
2025-10-30T19:30:00.000Z,667.75,671.55,665.22,666.08,5516946
2025-10-31T13:30:00.000Z,674.51,674.89,654.27,661.17,10027279
2025-10-31T14:00:00.000Z,661.3,662.2,656.5,657.995,4869709
2025-10-31T14:30:00.000Z,658.11,660.4,653.155,659.88,3884362
2025-10-31T15:00:00.000Z,659.91,660.05,655.8037,656.48,2439944
2025-10-31T15:30:00.000Z,656.49,658.085,653.21,653.21,2538100
2025-10-31T16:00:00.000Z,653.22,655.07,650,652,3737925
2025-10-31T16:30:00.000Z,651.93,655,651.5425,652.8999,2025149
2025-10-31T17:00:00.000Z,652.82,653.66,650.73,652.98,2386029
2025-10-31T17:30:00.000Z,652.99,654.98,651.77,652.91,2640566
2025-10-31T18:00:00.000Z,652.94,653.5399,647.1,648.273,3720577
2025-10-31T18:30:00.000Z,648.145,649.1199,645.57,648.725,3496896
2025-10-31T19:00:00.000Z,648.68,652.4,648.27,652.3,2898971
2025-10-31T19:30:00.000Z,652.29,652.348,647.5901,648.34,4928696
2025-11-03T14:30:00.000Z,656,657.65,652,656.19,4487154
2025-11-03T15:00:00.000Z,656.27,659.3299,647.2,648.5066,3479306
2025-11-03T15:30:00.000Z,648.505,652.58,646.01,651.63,2186721
2025-11-03T16:00:00.000Z,651.67,651.93,648.3746,649.875,1248321
2025-11-03T16:30:00.000Z,649.85,653.0245,649.3801,651.77,1174912
2025-11-03T17:00:00.000Z,651.7,653,649.27,650.17,1121841
2025-11-03T17:30:00.000Z,650.17,650.93,647.3135,648.52,1365502
2025-11-03T18:00:00.000Z,648.52,648.52,643,644.14,2836271
2025-11-03T18:30:00.000Z,644.0501,646.01,642.16,642.54,1533451
2025-11-03T19:00:00.000Z,642.55,644.75,641.56,644.46,1765875
2025-11-03T19:30:00.000Z,644.46,646.12,643.6,645.35,1005988
2025-11-03T20:00:00.000Z,645.37,646.28,641.77,642.37,1608612
2025-11-03T20:30:00.000Z,642.37,642.76,636.18,637.84,3966928
2025-11-04T14:30:00.000Z,628.035,641.7399,626.33,638.6945,4634783
2025-11-04T15:00:00.000Z,638.78,641.1,635.06,635.3558,2023757
2025-11-04T15:30:00.000Z,635.27,638.8,634,634.245,1221900
2025-11-04T16:00:00.000Z,634.215,634.9799,628.3901,631.98,2625579
2025-11-04T16:30:00.000Z,631.992,633.45,630.5,631.75,1418587
2025-11-04T17:00:00.000Z,631.78,632.6999,630.33,631.545,931334
2025-11-04T17:30:00.000Z,631.525,631.745,628.7,629.862,1254041
2025-11-04T18:00:00.000Z,629.89,630.05,627.6,629.4317,1075736
2025-11-04T18:30:00.000Z,629.41,632.79,629.35,631.665,961026
2025-11-04T19:00:00.000Z,631.61,632.1601,630.0603,630.21,874443
2025-11-04T19:30:00.000Z,630.3,630.44,627.3001,627.83,1314639
2025-11-04T20:00:00.000Z,627.895,630.8672,627.23,629.52,1188852
2025-11-04T20:30:00.000Z,629.47,630.39,626.01,627.42,2980233
2025-11-05T14:30:00.000Z,632.31,633.36,626.5375,632.89,3372767
2025-11-05T15:00:00.000Z,632.72,637.95,631.23,637.405,2035798
2025-11-05T15:30:00.000Z,637.405,639.2245,635.0401,635.38,1893972
2025-11-05T16:00:00.000Z,635.4051,637.84,634.1704,637.53,1097216
2025-11-05T16:30:00.000Z,637.5445,639.57,636.45,639.4,945183
2025-11-05T17:00:00.000Z,639.35,640.95,637.01,637.335,894566
2025-11-05T17:30:00.000Z,637.25,641.07,637.08,639.3,730801
2025-11-05T18:00:00.000Z,639.3609,642.04,638.7,641.41,683087
2025-11-05T18:30:00.000Z,641.4202,642.23,639.25,640.14,627148
2025-11-05T19:00:00.000Z,640.2338,640.8356,637.83,638.02,671676
2025-11-05T19:30:00.000Z,638,640.54,637.84,639.8,615401
2025-11-05T20:00:00.000Z,639.76,640.1,638.3,639.085,528991
2025-11-05T20:30:00.000Z,639.15,639.78,635.92,636,1613745
2025-11-06T14:30:00.000Z,635.85,636,624.12,627.04,3520719
2025-11-06T15:00:00.000Z,627,627.35,622.24,625.06,2315264
2025-11-06T15:30:00.000Z,625.17,625.21,619.18,622.21,2262407
2025-11-06T16:00:00.000Z,622.34,623.98,620.78,622.16,1139009
2025-11-06T16:30:00.000Z,622.2564,622.55,618.8,619.1057,1204562
2025-11-06T17:00:00.000Z,619.28,624.6299,619.25,624.39,978791
2025-11-06T17:30:00.000Z,624.34,626,623.69,624.29,1068221
2025-11-06T18:00:00.000Z,624.36,624.7535,622.11,623.44,726050
2025-11-06T18:30:00.000Z,623.41,623.97,621.7537,622.7,750921
2025-11-06T19:00:00.000Z,622.61,625.79,622.56,624.755,726120
2025-11-06T19:30:00.000Z,624.7751,625.79,623.13,625.23,652507
2025-11-06T20:00:00.000Z,625.23,625.3799,621.3001,621.4,700036
2025-11-06T20:30:00.000Z,621.33,621.86,618,619.1,3830722
2025-11-07T14:30:00.000Z,616.485,617.44,606.5,608.527,4142746
2025-11-07T15:00:00.000Z,608.59,610.22,603.6901,606.5929,2933040
2025-11-07T15:30:00.000Z,606.74,607.5,603.11,603.25,1906871
2025-11-07T16:00:00.000Z,603.21,605.6097,601.2,604.44,2103959
2025-11-07T16:30:00.000Z,604.44,606.33,602.56,606.21,1490771
2025-11-07T17:00:00.000Z,606.175,609.11,605.04,608.2,1864714
2025-11-07T17:30:00.000Z,608.11,609.16,606.54,608.2,1243803
2025-11-07T18:00:00.000Z,608.2355,613.2,608.18,612.8027,2049239
2025-11-07T18:30:00.000Z,612.845,615.03,611.23,613.09,1216120
2025-11-07T19:00:00.000Z,613.08,615.3899,612.66,614.908,835330
2025-11-07T19:30:00.000Z,614.92,619.6,614.7001,619.465,1286363
2025-11-07T20:00:00.000Z,619.48,620.5,616.7,618.35,1317238
2025-11-07T20:30:00.000Z,618.345,622.1348,617.59,621.6984,2043408
2025-11-10T14:30:00.000Z,631.09,631.81,623.23,630.7,3237012
2025-11-10T15:00:00.000Z,630.7,634.96,630.6,633.8374,1591811
2025-11-10T15:30:00.000Z,633.63,633.88,627.81,627.9,1051684
2025-11-10T16:00:00.000Z,627.93,630.97,626.47,630.41,972768
2025-11-10T16:30:00.000Z,630.41,632.57,630.3,632.515,681537
2025-11-10T17:00:00.000Z,632.47,634.46,632.23,633.865,751526
2025-11-10T17:30:00.000Z,633.87,635,633.27,633.901,715158
2025-11-10T18:00:00.000Z,633.885,634.49,632.33,632.84,528488
2025-11-10T18:30:00.000Z,632.84,634.67,632.56,632.9,534866
2025-11-10T19:00:00.000Z,632.885,633.77,632.01,632.78,493567
2025-11-10T19:30:00.000Z,632.765,634.2,631.99,633.73,549606
2025-11-10T20:00:00.000Z,633.7,634.28,632.5,632.632,652819
2025-11-10T20:30:00.000Z,632.62,634.73,631.25,631.78,3090678
2025-11-11T14:30:00.000Z,628,629.56,623.49,625.825,1935461
2025-11-11T15:00:00.000Z,625.86,626.18,621.8101,622.37,1076510
2025-11-11T15:30:00.000Z,622.3651,622.46,619.39,622.3063,1202074
2025-11-11T16:00:00.000Z,622.45,623.96,622.15,622.4,706653
2025-11-11T16:30:00.000Z,622.4,624.49,621.7322,623.435,526821
2025-11-11T17:00:00.000Z,623.41,625.65,622.81,623.38,686693
2025-11-11T17:30:00.000Z,623.37,624.65,623.2801,623.99,440180
2025-11-11T18:00:00.000Z,624,624.6491,623.3001,624.13,469546
2025-11-11T18:30:00.000Z,624.13,625.78,623.4,625.51,1083050
2025-11-11T19:00:00.000Z,625.42,626.16,624.03,625.02,563971
2025-11-11T19:30:00.000Z,625.15,626.84,625,625.721,453070
2025-11-11T20:00:00.000Z,625.85,626.71,625.1755,626.65,501636
2025-11-11T20:30:00.000Z,626.56,628.01,626.1801,627.13,1473148
2025-11-12T14:30:00.000Z,628.13,628.99,618.35,618.73,2753684
2025-11-12T15:00:00.000Z,618.73,620.3699,614,614.59,3006219
2025-11-12T15:30:00.000Z,614.58,616.3999,608.52,609.19,2966509
2025-11-12T16:00:00.000Z,609.145,611.3,607.77,610.81,2317789
2025-11-12T16:30:00.000Z,610.81,612,608.1501,610.9701,1402755
2025-11-12T17:00:00.000Z,611.06,613.8,610.7,613.735,1041777
2025-11-12T17:30:00.000Z,613.82,616.0899,613.41,615.08,961718
2025-11-12T18:00:00.000Z,615.13,615.3,611.42,611.7,759779
2025-11-12T18:30:00.000Z,611.7,613.2499,610.55,612.95,957138
2025-11-12T19:00:00.000Z,612.95,613.98,612.12,612.76,724053
2025-11-12T19:30:00.000Z,612.73,614.07,611.09,611.94,704114
2025-11-12T20:00:00.000Z,611.9,612.37,609.61,611.29,1517081
2025-11-12T20:30:00.000Z,611.3,612.07,607.77,608.87,3036322
2025-11-13T14:30:00.000Z,613.07,615.6699,609.64,614.1539,3367132
2025-11-13T15:00:00.000Z,613.89,617.65,612.24,614.54,1548945
2025-11-13T15:30:00.000Z,614.53,615.1994,609.21,610.8214,1666781
2025-11-13T16:00:00.000Z,610.75,611.239,606.3301,606.95,1615971
2025-11-13T16:30:00.000Z,606.9,610.1,606.8,609.905,1049095
2025-11-13T17:00:00.000Z,609.81,610.5,607.4301,608.795,852889
2025-11-13T17:30:00.000Z,608.76,609.34,605.8,606.69,879941
2025-11-13T18:00:00.000Z,606.76,607.14,604.37,604.91,954758
2025-11-13T18:30:00.000Z,604.8816,605.7,603,604.56,1135494
2025-11-13T19:00:00.000Z,604.55,607.62,604.1285,607.085,1062891
2025-11-13T19:30:00.000Z,607.085,607.8,605.2598,606.8053,1063684
2025-11-13T20:00:00.000Z,606.67,607.0475,604.56,605.93,948040
2025-11-13T20:30:00.000Z,605.97,610,605.9241,609.9375,1964878
2025-11-14T14:30:00.000Z,601.79,604.65,595.2,604.26,3749450
2025-11-14T15:00:00.000Z,604.255,609.38,601.0101,609.115,1823284
2025-11-14T15:30:00.000Z,609.12,612,607.9,610.41,1499867
2025-11-14T16:00:00.000Z,610.329,612,606.94,611.32,1309033
2025-11-14T16:30:00.000Z,611.38,612,607.79,609.08,1594997
2025-11-14T17:00:00.000Z,609.11,612.94,608.38,611.2612,989494
2025-11-14T17:30:00.000Z,611.2,611.75,608.55,610.3,688535
2025-11-14T18:00:00.000Z,610.28,611.18,607.82,610.605,708609
2025-11-14T18:30:00.000Z,610.54,612.09,608.5,611.975,900728
2025-11-14T19:00:00.000Z,611.92,613.02,610.625,612.9899,823714
2025-11-14T19:30:00.000Z,612.84,613.68,611.8,612.595,894904
2025-11-14T20:00:00.000Z,612.62,612.85,608.83,610,850324
2025-11-14T20:30:00.000Z,609.99,610.7258,607.8,609.81,1677619
2025-11-17T14:30:00.000Z,609.035,611.69,603.14,609.725,2122017
2025-11-17T15:00:00.000Z,609.83,610.4,604.32,607.4,1194209
2025-11-17T15:30:00.000Z,607.3001,608.4799,605.5401,607.525,658214
2025-11-17T16:00:00.000Z,607.455,607.95,603.66,606.3,943613
2025-11-17T16:30:00.000Z,606.25,608.82,605.875,608.325,627837
2025-11-17T17:00:00.000Z,608.32,608.35,605.77,606.85,531245
2025-11-17T17:30:00.000Z,606.8,607.33,603.7404,603.8025,747398
2025-11-17T18:00:00.000Z,603.86,605.3906,602.84,604.45,705094
2025-11-17T18:30:00.000Z,604.5,606.42,600.56,601.07,738803
2025-11-17T19:00:00.000Z,601.05,602.03,599.043,600.15,927533
2025-11-17T19:30:00.000Z,600.165,600.61,596.4101,596.6263,1040099
2025-11-17T20:00:00.000Z,596.66,597.89,595.4,596.9488,1301592
2025-11-17T20:30:00.000Z,597,602.05,596.27,601.91,2120384
2025-11-18T14:30:00.000Z,591.6,597.6919,586.731,586.91,3776673
2025-11-18T15:00:00.000Z,586.91,588.47,583.78,586.8176,2638693
2025-11-18T15:30:00.000Z,586.77,589.08,585.54,586.6799,1669947
2025-11-18T16:00:00.000Z,586.625,594.3623,584.87,592.771,1688674
2025-11-18T16:30:00.000Z,592.8,594.3999,592.1,593.36,1216987
2025-11-18T17:00:00.000Z,593.2956,593.8,588.32,588.5646,1207064
2025-11-18T17:30:00.000Z,588.52,599.43,587.24,597.78,2139610
2025-11-18T18:00:00.000Z,597.87,598.73,594.7901,594.7901,974503
2025-11-18T18:30:00.000Z,594.84,600.36,594.78,597.63,1116719
2025-11-18T19:00:00.000Z,597.82,601,597.51,599.29,816979
2025-11-18T19:30:00.000Z,599.22,603.66,598.591,602,1135478
2025-11-18T20:00:00.000Z,601.925,602.23,599.4901,601.48,1088969
2025-11-18T20:30:00.000Z,601.5599,601.73,597.5,597.69,2362194
2025-11-19T14:30:00.000Z,593.715,593.715,587.42,592.24,3019007
2025-11-19T15:00:00.000Z,592.22,595.33,591.87,592.805,1612031
2025-11-19T15:30:00.000Z,592.795,593.12,587.71,588.01,1488375
2025-11-19T16:00:00.000Z,587.95,588.45,586.33,587.45,1649775
2025-11-19T16:30:00.000Z,587.49,589.55,586.01,587.28,1381531
2025-11-19T17:00:00.000Z,587.28,587.95,582.58,584.0801,1861010
2025-11-19T17:30:00.000Z,584.11,584.97,581.25,583.735,1718162
2025-11-19T18:00:00.000Z,583.62,584.99,582.24,583.17,1000180
2025-11-19T18:30:00.000Z,583.21,586.75,583.03,586.39,980112
2025-11-19T19:00:00.000Z,586.43,586.75,583.71,584.1161,850995
2025-11-19T19:30:00.000Z,584.0301,585.73,582.95,585.1,918563
2025-11-19T20:00:00.000Z,585.09,587.66,584.29,586.6,1912371
2025-11-19T20:30:00.000Z,586.67,590.69,585.86,590.34,2543581
2025-11-20T14:30:00.000Z,603.5,606.72,599.195,602.65,3334278
2025-11-20T15:00:00.000Z,602.49,603.3999,596.89,602.34,2065272
2025-11-20T15:30:00.000Z,602.33,603.26,599.0173,599.385,1186266
2025-11-20T16:00:00.000Z,599.49,599.49,592.83,593.7,1411146
2025-11-20T16:30:00.000Z,593.66,594.9649,586.82,587.61,1255015
2025-11-20T17:00:00.000Z,587.54,590.1484,585.1237,587.426,1219663
2025-11-20T17:30:00.000Z,587.27,588.7625,583.42,586.7128,1121326
2025-11-20T18:00:00.000Z,586.49,590.4999,585.88,589.36,898659
2025-11-20T18:30:00.000Z,589.295,589.87,584.3,585.16,755715
2025-11-20T19:00:00.000Z,585.16,587.5,583.35,586.5781,727799
2025-11-20T19:30:00.000Z,586.43,589.35,584.36,589.35,706190
2025-11-20T20:00:00.000Z,589.12,590.68,586.75,588.6,988119
2025-11-20T20:30:00.000Z,588.6,589.86,584.3,589.23,2424588
2025-11-21T14:30:00.000Z,588.5,596.01,587.28,588.685,3189583
2025-11-21T15:00:00.000Z,588.85,590,584.93,585.12,1546092
2025-11-21T15:30:00.000Z,585.12,587.755,581.86,583.21,1725173
2025-11-21T16:00:00.000Z,583.2,587.91,581.92,587.7427,1263954
2025-11-21T16:30:00.000Z,587.8,591.97,586.4131,591.66,1118933
2025-11-21T17:00:00.000Z,591.75,593.91,590.19,592.98,989924
2025-11-21T17:30:00.000Z,593.01,595,592.09,592.39,807895
2025-11-21T18:00:00.000Z,592.47,592.69,589.07,591.625,692328
2025-11-21T18:30:00.000Z,591.53,596.94,591.18,594.64,1353014
2025-11-21T19:00:00.000Z,594.4901,598.12,594.4901,597.5486,885709
2025-11-21T19:30:00.000Z,597.535,597.76,594.01,594.93,772639
2025-11-21T20:00:00.000Z,594.87,596.8325,594.06,594.07,1382448
2025-11-21T20:30:00.000Z,594.07,596.09,593.26,594.38,1849424
2025-11-24T14:30:00.000Z,598.72,609.66,597.6301,609.48,3130169
2025-11-24T15:00:00.000Z,609.36,611.8799,607.2601,611.35,1834896
2025-11-24T15:30:00.000Z,611.3,614.82,610.5,611.3015,1652251
2025-11-24T16:00:00.000Z,611.22,614.11,611.1094,611.6529,991557
2025-11-24T16:30:00.000Z,611.6,612.61,610.11,611.63,859007
2025-11-24T17:00:00.000Z,611.7,615.4,611.27,614.255,1187791
2025-11-24T17:30:00.000Z,614.25,615.92,613.81,615.4,1040335
2025-11-24T18:00:00.000Z,615.39,615.5075,613.4,613.94,935824
2025-11-24T18:30:00.000Z,613.94,614.39,613.09,613.54,570076
2025-11-24T19:00:00.000Z,613.53,616.26,613.53,614.58,728538
2025-11-24T19:30:00.000Z,614.6,615.66,613.76,615.17,710549
2025-11-24T20:00:00.000Z,615.21,615.6,614.635,615.005,734601
2025-11-24T20:30:00.000Z,615.015,616.7,612.94,612.99,2280063
2025-11-25T14:30:00.000Z,624,629.18,618.3,628.56,4612203
2025-11-25T15:00:00.000Z,628.585,628.585,623.3,626.695,2260630
2025-11-25T15:30:00.000Z,626.56,629.8,626.01,628.03,1726783
2025-11-25T16:00:00.000Z,628.06,629.3,626.11,626.77,1318043
2025-11-25T16:30:00.000Z,626.74,627.555,624.43,627.125,906477
2025-11-25T17:00:00.000Z,627.0098,629.96,627,629.165,847804
2025-11-25T17:30:00.000Z,629.17,631.3,629.17,629.682,1127882
2025-11-25T18:00:00.000Z,629.72,630.71,628.44,630.105,945038
2025-11-25T18:30:00.000Z,630.105,631.57,630.01,631.33,791972
2025-11-25T19:00:00.000Z,631.36,633.27,631.2,632.8004,1198259
2025-11-25T19:30:00.000Z,632.765,633.61,630.89,632.8861,949025
2025-11-25T20:00:00.000Z,632.865,633.93,632.6047,633.65,913602
2025-11-25T20:30:00.000Z,633.62,637.045,633.6,636.22,2821847
2025-11-26T14:30:00.000Z,637.69,638.36,632.88,633.42,2726748
2025-11-26T15:00:00.000Z,633.4,637,631.63,635.4,1287411
2025-11-26T15:30:00.000Z,635.4,637,634.51,636.57,716608
2025-11-26T16:00:00.000Z,636.542,638.22,635.99,637.19,806276
2025-11-26T16:30:00.000Z,637.29,638.33,636.19,637.72,686402
2025-11-26T17:00:00.000Z,637.76,637.86,635.07,636.74,625844
2025-11-26T17:30:00.000Z,636.74,637.03,635.5526,635.6794,414013
2025-11-26T18:00:00.000Z,635.68,636.35,633.8,635.6,898299
2025-11-26T18:30:00.000Z,635.55,635.55,633.22,633.815,508661
2025-11-26T19:00:00.000Z,633.9048,634.82,633.8,633.93,419150
2025-11-26T19:30:00.000Z,633.92,634.47,633.46,633.95,642200
2025-11-26T20:00:00.000Z,633.92,634.75,633.6,634.205,491606
2025-11-26T20:30:00.000Z,634.205,634.86,633,633.699,1091580
2025-11-28T14:30:00.000Z,636.075,643.11,635.5,642.39,2070965
2025-11-28T15:00:00.000Z,642.37,642.75,640.06,641.385,1452285
2025-11-28T15:30:00.000Z,641.3401,643.93,641,643.7,1030530
2025-11-28T16:00:00.000Z,643.73,645.45,643.0345,644.495,1916007
2025-11-28T16:30:00.000Z,644.37,645.55,643.33,645.4018,692252
2025-11-28T17:00:00.000Z,645.3952,646.25,644.68,645.3,832225
2025-11-28T17:30:00.000Z,645.285,648.04,644.08,648.02,1610675
2025-11-28T18:00:00.000Z,648.05,648.05,647.755,647.95,910845
2025-12-01T14:30:00.000Z,639.55,645.09,637.76,644.695,2034681
2025-12-01T15:00:00.000Z,644.81,645.32,639.37,639.495,895773
2025-12-01T15:30:00.000Z,639.44,642.689,638.4,642.4601,1079202
2025-12-01T16:00:00.000Z,642.4833,642.7695,640.12,642.63,575572
2025-12-01T16:30:00.000Z,642.67,644.86,642.67,643.175,403986
2025-12-01T17:00:00.000Z,643.18,643.77,642.61,643.51,303621
2025-12-01T17:30:00.000Z,643.53,644.02,642.75,643.62,302383
2025-12-01T18:00:00.000Z,643.64,644.24,641.44,641.675,415129
2025-12-01T18:30:00.000Z,641.68,642.87,641.2,642.7187,407416
2025-12-01T19:00:00.000Z,642.7,643.15,641.3,642.338,461956
2025-12-01T19:30:00.000Z,642.3,642.38,640.05,640.365,427657
2025-12-01T20:00:00.000Z,640.37,641.45,639.26,641.235,535545
2025-12-01T20:30:00.000Z,641.235,642.4,639.59,640.89,1393136
2025-12-02T14:30:00.000Z,642.34,643.8791,638.07,642.09,1540850
2025-12-02T15:00:00.000Z,642.115,643.7659,641.58,642.2525,777449
2025-12-02T15:30:00.000Z,642.32,645.8,641.06,645.03,864172
2025-12-02T16:00:00.000Z,645.07,645.85,638.75,639.469,820798
2025-12-02T16:30:00.000Z,639.25,642.75,638.2,642.03,550210
2025-12-02T17:00:00.000Z,642.1,645.62,641.935,644.84,599338
2025-12-02T17:30:00.000Z,644.864,645.22,643.17,643.17,440383
2025-12-02T18:00:00.000Z,643.1,646.89,642.9,645.89,527119
2025-12-02T18:30:00.000Z,645.83,646.3516,644.51,646.3185,357746
2025-12-02T19:00:00.000Z,646.305,647.67,645.44,646.24,538451
2025-12-02T19:30:00.000Z,646.1,647.3599,645.51,646.65,407849
2025-12-02T20:00:00.000Z,646.73,647.18,646.08,647.005,441524
2025-12-02T20:30:00.000Z,647.04,647.87,646,647.26,1203851
2025-12-03T14:30:00.000Z,644.41,647.95,641.6119,647.22,1182036
2025-12-03T15:00:00.000Z,647.115,648.8499,642.75,643.4042,861325
2025-12-03T15:30:00.000Z,643.23,644.8399,642.55,643.825,786626
2025-12-03T16:00:00.000Z,643.77,644.345,641.82,642.58,584242
2025-12-03T16:30:00.000Z,642.55,643.645,642.495,643.29,420530
2025-12-03T17:00:00.000Z,643.29,645.83,643.1,645.8233,552803
2025-12-03T17:30:00.000Z,645.77,645.9,644.831,645.3015,243312
2025-12-03T18:00:00.000Z,645.35,645.92,644.27,644.7,456003
2025-12-03T18:30:00.000Z,644.615,645.3,643.3,643.3,326118
2025-12-03T19:00:00.000Z,643.28,644.52,643.1839,644.185,452419
2025-12-03T19:30:00.000Z,644.23,645.36,644,644.81,403774
2025-12-03T20:00:00.000Z,644.86,645.01,643.88,644.1181,494078
2025-12-03T20:30:00.000Z,644.06,644.27,637.55,639.74,1914573
2025-12-04T14:30:00.000Z,676,676.1,660.11,664.715,8350289
2025-12-04T15:00:00.000Z,664.7,669.22,662.03,665.73,2783988
2025-12-04T15:30:00.000Z,665.65,667.59,663.37,663.559,1605789
2025-12-04T16:00:00.000Z,663.52,666.45,662.08,664.85,1795436
2025-12-04T16:30:00.000Z,664.74,666.81,664.46,666.35,979469
2025-12-04T17:00:00.000Z,666.3,669.67,665.87,668.19,1344883
2025-12-04T17:30:00.000Z,668.205,668.34,663.4,664.925,1014972
2025-12-04T18:00:00.000Z,664.88,665.06,661.87,664.79,1028697
2025-12-04T18:30:00.000Z,664.72,665.5,664.02,664.84,521673
2025-12-04T19:00:00.000Z,664.7565,664.85,662.25,662.715,698817
2025-12-04T19:30:00.000Z,662.63,664.205,661.5,662.3164,649343
2025-12-04T20:00:00.000Z,662.2,662.99,660.05,660.6344,993239
2025-12-04T20:30:00.000Z,660.66,662.84,660.13,661.73,1673800
2025-12-05T14:30:00.000Z,664,669.72,662.3947,664.38,2348671
2025-12-05T15:00:00.000Z,664.37,673.5,664.21,670.985,2133591
2025-12-05T15:30:00.000Z,670.985,673,668.2507,668.82,1050689
2025-12-05T16:00:00.000Z,668.805,669.8179,667.65,668.65,705625
2025-12-05T16:30:00.000Z,668.65,673.19,667.84,672.1298,1153660
2025-12-05T17:00:00.000Z,672.145,674.69,671.0101,673.638,1699723
2025-12-05T17:30:00.000Z,673.72,674.03,672.27,673.52,1013496
2025-12-05T18:00:00.000Z,673.49,673.76,670.67,672.0499,672967
2025-12-05T18:30:00.000Z,672.05,673.4762,671.5,671.96,601724
2025-12-05T19:00:00.000Z,671.9769,672.84,670.01,672.54,681505
2025-12-05T19:30:00.000Z,672.59,673.8199,672.48,673.1,804518
2025-12-05T20:00:00.000Z,673.1,673.42,670.79,672.68,865882
2025-12-05T20:30:00.000Z,672.7,673.8,671.72,673.46,2066569
2025-12-08T14:30:00.000Z,669.34,676.71,665.07,667.68,2425900
2025-12-08T15:00:00.000Z,667.79,669.48,666.006,668.7735,1020317
2025-12-08T15:30:00.000Z,668.7,669.83,667.52,669,891806
2025-12-08T16:00:00.000Z,669.06,670.77,668.01,669.825,626384
2025-12-08T16:30:00.000Z,669.88,670.9,668.07,669.53,491165
2025-12-08T17:00:00.000Z,669.53,670.65,668.41,669.43,530510
2025-12-08T17:30:00.000Z,669.43,670.2099,668.75,668.95,422468
2025-12-08T18:00:00.000Z,669.04,669.63,667.65,667.86,385844
2025-12-08T18:30:00.000Z,667.75,668.3599,666.35,667.05,370054
2025-12-08T19:00:00.000Z,667.03,667.29,666.02,666.485,379884
2025-12-08T19:30:00.000Z,666.49,667.5,666.23,667.285,321077
2025-12-08T20:00:00.000Z,667.36,668.34,666.59,668.21,359249
2025-12-08T20:30:00.000Z,668.245,668.35,666.25,667.03,1166879
2025-12-09T14:30:00.000Z,663.765,664.48,653.34,656.97,2260250
2025-12-09T15:00:00.000Z,657,658.9299,656.05,656.71,875368
2025-12-09T15:30:00.000Z,656.715,658.2958,654,656.745,887037
2025-12-09T16:00:00.000Z,656.725,657.48,654.6,655.5,1014293
2025-12-09T16:30:00.000Z,655.42,657.4236,655.36,657.25,522785
2025-12-09T17:00:00.000Z,657.14,657.21,654.26,655.335,613233
2025-12-09T17:30:00.000Z,655.34,655.9375,653.77,655.7,612772
2025-12-09T18:00:00.000Z,655.69,657.65,655.445,657.485,483941
2025-12-09T18:30:00.000Z,657.53,660.09,657.3,659.12,660463
2025-12-09T19:00:00.000Z,659.205,659.42,657.78,657.98,373215
2025-12-09T19:30:00.000Z,657.96,658.5,657.255,657.755,377338
2025-12-09T20:00:00.000Z,657.72,658.17,656.29,656.35,427724
2025-12-09T20:30:00.000Z,656.4,658.13,655.38,656.82,1148362
2025-12-10T14:30:00.000Z,649.95,654.51,647.31,650.7,1717610
2025-12-10T15:00:00.000Z,650.67,652.495,649.77,651.3175,688010
2025-12-10T15:30:00.000Z,651.09,652.2,648.08,649.23,1038090
2025-12-10T16:00:00.000Z,649.23,652.95,648.24,652.81,569128
2025-12-10T16:30:00.000Z,652.79,653.3115,651.701,652.8087,459729
2025-12-10T17:00:00.000Z,652.74,652.8699,649.88,650.25,403041
2025-12-10T17:30:00.000Z,650.25,651,648.8,649.03,694014
2025-12-10T18:00:00.000Z,648.96,649.1,644.03,644.8438,1144518
2025-12-10T18:30:00.000Z,644.8,646,644.225,644.8,756177
2025-12-10T19:00:00.000Z,644.97,649.17,644.1,645.49,1013811
2025-12-10T19:30:00.000Z,645.49,649.99,643.3976,649.25,1285160
2025-12-10T20:00:00.000Z,649.32,650.13,647.77,647.92,922260
2025-12-10T20:30:00.000Z,648.04,650.88,647.905,649.93,1466064
2025-12-11T14:30:00.000Z,643.29,650.81,640.795,648.75,1688405
2025-12-11T15:00:00.000Z,648.77,655.28,648.27,652.47,1455820
2025-12-11T15:30:00.000Z,652.54,653.185,647.7274,648.9,776145
2025-12-11T16:00:00.000Z,648.88,649.532,646.0301,646.61,680298
2025-12-11T16:30:00.000Z,646.71,649.36,645.29,646.1886,591784
2025-12-11T17:00:00.000Z,646.09,649.72,646.085,648.84,379237
2025-12-11T17:30:00.000Z,648.835,650.45,647.95,648.2501,381836
2025-12-11T18:00:00.000Z,648.36,649.86,648.06,649.39,533282
2025-12-11T18:30:00.000Z,649.39,653.415,649.23,651.01,635416
2025-12-11T19:00:00.000Z,651.04,652.5,650.87,651.92,359403
2025-12-11T19:30:00.000Z,651.99,653.28,651.31,651.31,638204
2025-12-11T20:00:00.000Z,651.28,651.605,650.2,650.57,678860
2025-12-11T20:30:00.000Z,650.52,652.88,650.15,652.78,993294
2025-12-12T14:30:00.000Z,649.8,652.01,646.5,650.2,1723660
2025-12-12T15:00:00.000Z,650.21,650.4,643.85,644.01,944069
2025-12-12T15:30:00.000Z,643.93,647.2,643.06,644.0094,854047
2025-12-12T16:00:00.000Z,643.96,644.82,639.01,641.37,1272103
2025-12-12T16:30:00.000Z,641.37,641.5347,638.61,640.915,759347
2025-12-12T17:00:00.000Z,640.83,643.86,640.56,643.22,821299
2025-12-12T17:30:00.000Z,643.37,646.1999,642.25,645.815,546741
2025-12-12T18:00:00.000Z,645.815,648.5,645.77,647.5001,758019
2025-12-12T18:30:00.000Z,647.68,648.5,646.34,646.44,441715
2025-12-12T19:00:00.000Z,646.615,647.34,645.095,645.31,462281
2025-12-12T19:30:00.000Z,645.3,646.025,644.525,645.59,489354
2025-12-12T20:00:00.000Z,645.675,646.21,644.4801,645.35,607406
2025-12-12T20:30:00.000Z,645.46,645.82,642.6,644.36,1553477
2025-12-15T14:30:00.000Z,645.7,649.65,641.3801,643.225,1803617
2025-12-15T15:00:00.000Z,643.34,644.5655,638.7001,641.055,1183826
2025-12-15T15:30:00.000Z,640.93,645.66,640.745,645.4,976904
2025-12-15T16:00:00.000Z,645.4,650.76,644.6301,650.5451,910546
2025-12-15T16:30:00.000Z,650.62,650.9599,648.67,649.98,623153
2025-12-15T17:00:00.000Z,649.95,651.39,648.9001,650.31,597897
2025-12-15T17:30:00.000Z,650.36,652,649.24,650.51,516535
2025-12-15T18:00:00.000Z,650.5,652.33,649.45,650.22,455389
2025-12-15T18:30:00.000Z,650.1,651.4799,649.25,651.05,383000
2025-12-15T19:00:00.000Z,651.1,652.2,650.79,651.22,406290
2025-12-15T19:30:00.000Z,651.31,651.62,650.59,651.145,451811
2025-12-15T20:00:00.000Z,651.1,651.5599,649.905,650.995,1066156
2025-12-15T20:30:00.000Z,651.05,653,647.125,647.5,2104476
2025-12-16T14:30:00.000Z,643.5,653.9,643.2,653.6518,1289898
2025-12-16T15:00:00.000Z,653.74,654.6,648.34,649.31,853420
2025-12-16T15:30:00.000Z,649.24,653.68,648.599,653.1125,706881
2025-12-16T16:00:00.000Z,653.23,653.75,649.44,650.37,547316
2025-12-16T16:30:00.000Z,650.24,652.62,648.22,652.38,588809
2025-12-16T17:00:00.000Z,652.29,652.8,650.6,651.37,402613
2025-12-16T17:30:00.000Z,651.37,652.68,649.49,649.6999,467594
2025-12-16T18:00:00.000Z,649.51,650.9987,649.25,650.265,363000
2025-12-16T18:30:00.000Z,650.33,654.28,650.33,653.68,647995
2025-12-16T19:00:00.000Z,653.6,655.23,653,655.08,834488
2025-12-16T19:30:00.000Z,655.05,658.59,655.0399,658.12,838680
2025-12-16T20:00:00.000Z,658.09,659.2,657.28,658.86,805607
2025-12-16T20:30:00.000Z,658.845,662.54,657.1,657.15,2156640
2025-12-17T14:30:00.000Z,655.61,659.49,653.99,657.301,1372910
2025-12-17T15:00:00.000Z,657.41,660.2,656.0001,659.42,773705
2025-12-17T15:30:00.000Z,659.4,660.15,655.825,656.65,844397
2025-12-17T16:00:00.000Z,656.61,659.35,655.13,658.8,744006
2025-12-17T16:30:00.000Z,658.69,659.5977,656.38,656.8025,730052
2025-12-17T17:00:00.000Z,656.92,660.4,655.9,659.47,553922
2025-12-17T17:30:00.000Z,659.4323,661.23,657.86,658.31,697372
2025-12-17T18:00:00.000Z,658.44,659.86,656.78,657.415,414934
2025-12-17T18:30:00.000Z,657.39,657.91,653.3201,653.61,595362
2025-12-17T19:00:00.000Z,653.5677,654.01,652.07,653.035,643035
2025-12-17T19:30:00.000Z,653.12,654.96,652.5,653.94,518274
2025-12-17T20:00:00.000Z,654.02,654.42,652.41,653.58,490811
2025-12-17T20:30:00.000Z,653.55,654.7,649.2,649.435,1757306
2025-12-18T14:30:00.000Z,657.025,663.95,656.46,662.89,1935509
2025-12-18T15:00:00.000Z,662.84,666.72,660.66,666.34,1323253
2025-12-18T15:30:00.000Z,666.3,670.56,665.77,667.23,1361699
2025-12-18T16:00:00.000Z,667.12,668.92,666.33,667.03,756695
2025-12-18T16:30:00.000Z,667,668.75,666.52,667.915,903245
2025-12-18T17:00:00.000Z,667.87,667.89,662.22,663.9104,892212
2025-12-18T17:30:00.000Z,663.81,666.5399,663.38,666.39,572812
2025-12-18T18:00:00.000Z,666.28,667.22,665.28,666.62,541206
2025-12-18T18:30:00.000Z,666.62,667.55,665.55,665.735,480736
2025-12-18T19:00:00.000Z,665.76,666.13,663.155,663.94,420778
2025-12-18T19:30:00.000Z,663.93,664.72,662.07,662.34,478229
2025-12-18T20:00:00.000Z,662.38,664.94,661.7719,664.54,2143803
2025-12-18T20:30:00.000Z,664.48,666.54,663.88,664.38,1807684
2025-12-19T14:30:00.000Z,666.42,667.77,661.09,663.315,3581270
2025-12-19T15:00:00.000Z,663.315,664.225,659.62,660.47,1258632
2025-12-19T15:30:00.000Z,660.37,664.05,660.09,663.73,857130
2025-12-19T16:00:00.000Z,663.8,666.85,663.5,666.71,1061057
2025-12-19T16:30:00.000Z,666.71,667.3421,665.89,666.81,786500
2025-12-19T17:00:00.000Z,666.7872,669.2,666.73,668.07,881254
2025-12-19T17:30:00.000Z,668.07,668.47,667,668.225,596972
2025-12-19T18:00:00.000Z,668.22,669,666.99,667.55,487468
2025-12-19T18:30:00.000Z,667.59,668.5899,667.12,668.105,816058
2025-12-19T19:00:00.000Z,668.08,670.18,666.74,667.205,1025064
2025-12-19T19:30:00.000Z,667.28,667.5,666.05,666.7,560493
2025-12-19T20:00:00.000Z,666.7,666.93,664.14,666.4118,947005
2025-12-19T20:30:00.000Z,666.4,671,658.18,658.79,3781031
2025-12-22T14:30:00.000Z,661.645,673.58,660.29,671.42,2680160
2025-12-22T15:00:00.000Z,671.29,671.7,663.38,663.77,1210646
2025-12-22T15:30:00.000Z,663.86,664.28,658.71,658.755,1188027
2025-12-22T16:00:00.000Z,658.8,661.08,658.7,660.3343,908831
2025-12-22T16:30:00.000Z,660.34,660.59,657.33,660.385,1287214
2025-12-22T17:00:00.000Z,660.47,660.49,656.65,659,1280523
2025-12-22T17:30:00.000Z,659.09,660.63,658.63,660.3652,561622
2025-12-22T18:00:00.000Z,660.27,660.35,658.19,658.76,371496
2025-12-22T18:30:00.000Z,658.75,661.6,658.59,660.95,534918
2025-12-22T19:00:00.000Z,660.92,661.27,660.05,660.325,334169
2025-12-22T19:30:00.000Z,660.39,660.52,658.61,658.63,424209
2025-12-22T20:00:00.000Z,658.61,668.035,657.46,660.9787,792961
2025-12-22T20:30:00.000Z,661.03,662.1,660.68,661.3,1160599
2025-12-23T14:30:00.000Z,660.05,665.14,658.25,663.41,1144723
2025-12-23T15:00:00.000Z,663.305,663.85,660.31,662.6,522654
2025-12-23T15:30:00.000Z,662.67,663.98,662.33,663.22,404332
2025-12-23T16:00:00.000Z,663.13,664.6,662.73,664.15,350177
2025-12-23T16:30:00.000Z,664.16,665.15,663.3,664.375,469291
2025-12-23T17:00:00.000Z,664.31,665.74,663.67,664.24,393938
2025-12-23T17:30:00.000Z,664.23,664.89,663.425,663.7837,276796
2025-12-23T18:00:00.000Z,663.83,664.76,663.41,664.2346,337948
2025-12-23T18:30:00.000Z,664.2375,664.73,663.7,664.06,276818
2025-12-23T19:00:00.000Z,664.1,665.26,664.03,665.09,320904
2025-12-23T19:30:00.000Z,665.1,665.65,664.38,664.93,374074
2025-12-23T20:00:00.000Z,664.93,666,664.885,665.47,367111
2025-12-23T20:30:00.000Z,665.44,665.88,663.5,664.84,1037043
2025-12-24T14:30:00.000Z,662.53,667.07,662.2,666.6,788252
2025-12-24T15:00:00.000Z,666.6,667.3,665,665.1526,444809
2025-12-24T15:30:00.000Z,665.2,666.45,665,665.615,1147085
2025-12-24T16:00:00.000Z,665.675,666.779,665.15,666.515,571902
2025-12-24T16:30:00.000Z,666.58,667.6,665.96,667.3,460336
2025-12-24T17:00:00.000Z,667.39,667.75,666.8,667.24,348751
2025-12-24T17:30:00.000Z,667.22,668.18,666.75,667.79,737773
2025-12-24T18:00:00.000Z,667.55,667.55,667.55,667.55,411628
2025-12-26T14:30:00.000Z,668.06,668.9499,665.73,667.185,620769
2025-12-26T15:00:00.000Z,667.3,667.46,664.81,665.14,515871
2025-12-26T15:30:00.000Z,665.12,665.55,663.75,665.3968,628870
2025-12-26T16:00:00.000Z,665.435,665.91,663.8132,664.515,456962
2025-12-26T16:30:00.000Z,664.55,664.7099,664.04,664.235,420873
2025-12-26T17:00:00.000Z,664.26,664.26,662.65,663.6196,631008
2025-12-26T17:30:00.000Z,663.655,663.7699,661.86,662.06,368093
2025-12-26T18:00:00.000Z,662.1,662.48,661.7,662.14,305055
2025-12-26T18:30:00.000Z,662.13,662.98,661.3201,662.805,600362
2025-12-26T19:00:00.000Z,662.8365,663.15,662.415,662.6515,202372
2025-12-26T19:30:00.000Z,662.655,663.85,662.655,663.51,305576
2025-12-26T20:00:00.000Z,663.49,663.67,662.14,662.17,304567
2025-12-26T20:30:00.000Z,662.17,663.99,662.12,663.21,852496
2025-12-29T14:30:00.000Z,658.01,660.25,655.5,657.98,1382894
2025-12-29T15:00:00.000Z,657.98,659.24,656.3,658.445,574315
2025-12-29T15:30:00.000Z,658.3701,659.38,657.5901,657.87,381485
2025-12-29T16:00:00.000Z,657.945,658.17,657.13,657.71,451155
2025-12-29T16:30:00.000Z,657.75,658,655.56,655.96,607223
2025-12-29T17:00:00.000Z,655.9601,656.73,655.04,655.49,381650
2025-12-29T17:30:00.000Z,655.425,656.6,654.39,656.26,427939
2025-12-29T18:00:00.000Z,656.21,656.82,655.69,656.64,241733
2025-12-29T18:30:00.000Z,656.685,657.55,656.39,656.905,304771
2025-12-29T19:00:00.000Z,656.97,657.68,656.63,657.435,342355
2025-12-29T19:30:00.000Z,657.435,659.5199,657.39,659.254,330067
2025-12-29T20:00:00.000Z,659.17,659.96,658.31,659.59,515959
2025-12-29T20:30:00.000Z,659.51,659.84,658.32,658.55,729078
2025-12-30T14:30:00.000Z,658.69,671.63,657.84,671.61,2156961
2025-12-30T15:00:00.000Z,671.59,672.22,666.22,666.8065,1171342
2025-12-30T15:30:00.000Z,666.75,667.2,664.81,666.755,598899
2025-12-30T16:00:00.000Z,666.7174,667.6699,666.18,666.89,441004
2025-12-30T16:30:00.000Z,666.8916,667.05,665.52,666,349128
2025-12-30T17:00:00.000Z,665.95,666.9499,665.24,666.0101,287590
2025-12-30T17:30:00.000Z,666.1,667.07,665.54,666.81,259529
2025-12-30T18:00:00.000Z,666.8303,667.07,666.0713,667,241098
2025-12-30T18:30:00.000Z,666.92,667.4,666.43,666.995,234270
2025-12-30T19:00:00.000Z,666.94,667.62,666.32,667.24,325064
2025-12-30T19:30:00.000Z,667.215,667.8,666.601,666.97,320367
2025-12-30T20:00:00.000Z,666.8996,667.7187,666.47,666.97,345014
2025-12-30T20:30:00.000Z,666.99,667.12,665.55,665.91,1078330
2025-12-31T14:30:00.000Z,664.75,665,660.75,661.69,984987
2025-12-31T15:00:00.000Z,661.76,663.93,661.36,663.335,397616
2025-12-31T15:30:00.000Z,663.34,663.46,661.3,661.865,698046
2025-12-31T16:00:00.000Z,661.84,663.8,661.83,663.69,385225
2025-12-31T16:30:00.000Z,663.66,663.98,662.8,663.85,319379
2025-12-31T17:00:00.000Z,663.85,663.86,662.47,662.8,234449
2025-12-31T17:30:00.000Z,662.8,663.18,662.45,662.7799,204031
2025-12-31T18:00:00.000Z,662.71,663.02,662.04,662.9698,251287
2025-12-31T18:30:00.000Z,663,663.98,662.9201,663.74,332097
2025-12-31T19:00:00.000Z,663.75,663.82,662.175,662.365,252029
2025-12-31T19:30:00.000Z,662.365,662.68,661.56,661.662,260591
2025-12-31T20:00:00.000Z,661.67,661.75,659.87,660.14,433389
2025-12-31T20:30:00.000Z,660.12,661.28,659.44,659.9,1053389
2026-01-02T14:30:00.000Z,662.725,664.39,655.7,661.54,1677633
2026-01-02T15:00:00.000Z,661.55,663.19,653.64,654.546,1010520
2026-01-02T15:30:00.000Z,654.46,657.07,648.22,648.67,1037065
2026-01-02T16:00:00.000Z,648.61,648.7399,643.5,646.49,1941388
2026-01-02T16:30:00.000Z,646.41,648.53,645.66,647.605,957399
2026-01-02T17:00:00.000Z,647.58,651.48,647.31,651.46,716347
2026-01-02T17:30:00.000Z,651.43,651.78,649.8701,650.95,662456
2026-01-02T18:00:00.000Z,651.005,652.17,650.57,650.72,491831
2026-01-02T18:30:00.000Z,650.6401,651.015,648.42,649.28,449242
2026-01-02T19:00:00.000Z,649.32,652.61,649.145,652.316,420636
2026-01-02T19:30:00.000Z,652.32,653.56,650.92,651.135,396901
2026-01-02T20:00:00.000Z,651.1073,651.915,650.8,651.39,458574
2026-01-02T20:30:00.000Z,651.37,651.9,649.66,650.74,1184413
2026-01-05T14:30:00.000Z,651.01,660.4,647.7512,659,1950446
2026-01-05T15:00:00.000Z,658.98,664.54,658.98,662.475,1420570
2026-01-05T15:30:00.000Z,662.515,663.63,659.07,660.78,769283
2026-01-05T16:00:00.000Z,660.79,662.73,660.5,662.345,730063
2026-01-05T16:30:00.000Z,662.43,663.4,661.63,662.04,513629
2026-01-05T17:00:00.000Z,662.15,663.88,661.93,662.07,583287
2026-01-05T17:30:00.000Z,662.05,662.23,661,661.51,427053
2026-01-05T18:00:00.000Z,661.51,662.2199,659.49,660.94,578818
2026-01-05T18:30:00.000Z,660.9,661.7,660.42,661.43,371024
2026-01-05T19:00:00.000Z,661.41,662.98,661.33,662.09,430959
2026-01-05T19:30:00.000Z,662.11,662.15,659.41,660.2084,390331
2026-01-05T20:00:00.000Z,660.14,661.2899,659.88,660.53,340685
2026-01-05T20:30:00.000Z,660.53,661.2599,658.11,658.8,1096508
2026-01-06T14:30:00.000Z,659.57,661.7399,653.22,656.37,1434084
2026-01-06T15:00:00.000Z,656.45,658.4999,654.6,658,668406
2026-01-06T15:30:00.000Z,658.2,659.61,655.95,656.62,560457
2026-01-06T16:00:00.000Z,656.51,657.32,653.77,653.77,445515
2026-01-06T16:30:00.000Z,653.805,654.04,651.9,653.85,817002
2026-01-06T17:00:00.000Z,653.85,656.23,653.84,655.49,708788
2026-01-06T17:30:00.000Z,655.53,657.35,655.25,657.05,583335
2026-01-06T18:00:00.000Z,657.14,659.32,657.14,659.075,506145
2026-01-06T18:30:00.000Z,659.13,662.43,658.41,662.42,546858
2026-01-06T19:00:00.000Z,662.33,665.52,660.29,660.7499,727121
2026-01-06T19:30:00.000Z,660.67,661.36,659.93,660.573,371244
2026-01-06T20:00:00.000Z,660.6,661.4264,659.73,659.8,424617
2026-01-06T20:30:00.000Z,659.7,661.2,658.77,660.46,1170945
2026-01-07T14:30:00.000Z,655.64,659.15,651.34,651.82,1470024
2026-01-07T15:00:00.000Z,651.67,652.1,644.81,645.19,1900362
2026-01-07T15:30:00.000Z,645.27,649.61,644.92,649.6,1022907
2026-01-07T16:00:00.000Z,649.6,651.2199,648.0001,648.36,933808
2026-01-07T16:30:00.000Z,648.43,652.93,647.93,652.795,647831
2026-01-07T17:00:00.000Z,652.83,654.7,652.51,652.5872,618344
2026-01-07T17:30:00.000Z,652.61,653.65,650.2,653.23,685110
2026-01-07T18:00:00.000Z,653.35,653.41,651.53,652.18,395583
2026-01-07T18:30:00.000Z,652.24,654.6,651.17,652.465,486642
2026-01-07T19:00:00.000Z,652.465,652.47,649.45,649.99,468790
2026-01-07T19:30:00.000Z,649.97,651.34,649.9,650.53,374551
2026-01-07T20:00:00.000Z,650.61,651.39,648.94,649.29,505125
2026-01-07T20:30:00.000Z,649.33,649.82,648,648.66,1260514
2026-01-08T14:30:00.000Z,645.88,645.96,635.72,636.615,2354573
2026-01-08T15:00:00.000Z,636.62,642.7599,636.1,642.01,1005490
2026-01-08T15:30:00.000Z,641.85,644.81,640.8,644.295,830825
2026-01-08T16:00:00.000Z,644.3943,645.03,642.89,642.89,511543
2026-01-08T16:30:00.000Z,642.8,644.6399,641.08,644.15,473035
2026-01-08T17:00:00.000Z,644.18,644.3,643.14,643.2701,449787
2026-01-08T17:30:00.000Z,643.3,644.57,642.45,642.55,366637
2026-01-08T18:00:00.000Z,642.57,642.85,640.79,641.205,375981
2026-01-08T18:30:00.000Z,641.215,642.55,640.8,641.75,425774
2026-01-08T19:00:00.000Z,641.7,644.33,641.42,643.53,509209
2026-01-08T19:30:00.000Z,643.55,644.6044,643.53,644.13,419310
2026-01-08T20:00:00.000Z,644.2025,645.2,643.8001,644.84,576778
2026-01-08T20:30:00.000Z,644.87,647.102,644.84,646.01,1045009
2026-01-09T14:30:00.000Z,645.435,651,643.64,647.56,1568813
2026-01-09T15:00:00.000Z,647.45,649.76,642.85,649.26,1081382
2026-01-09T15:30:00.000Z,649.25,651.96,648.645,650.38,1062593
2026-01-09T16:00:00.000Z,650.505,654.95,650.505,654.515,1005497
2026-01-09T16:30:00.000Z,654.4609,654.515,651.34,652.14,595335
2026-01-09T17:00:00.000Z,652.13,652.82,650.61,651.4,489084
2026-01-09T17:30:00.000Z,651.3,652.79,651,652.505,410241
2026-01-09T18:00:00.000Z,652.42,652.635,650.6987,651.32,410473
2026-01-09T18:30:00.000Z,651.24,652.55,650.94,652.14,372762
2026-01-09T19:00:00.000Z,652.14,653.7,652,652.69,593012
2026-01-09T19:30:00.000Z,652.74,653.09,651.315,651.32,521230
2026-01-09T20:00:00.000Z,651.4,652.47,650.675,651.8864,552730
2026-01-09T20:30:00.000Z,651.8835,654.3,651.71,653.01,1182210
2026-01-12T14:30:00.000Z,652.525,653.97,647.55,648.045,1452125
2026-01-12T15:00:00.000Z,647.83,649.35,646.66,647.675,785037
2026-01-12T15:30:00.000Z,647.6921,648.08,645.43,647.25,1213842
2026-01-12T16:00:00.000Z,647.33,649.25,646.83,648.02,484280
2026-01-12T16:30:00.000Z,648.045,650.0999,647.4201,649.7,704680
2026-01-12T17:00:00.000Z,649.605,650.97,648.22,649.43,628185
2026-01-12T17:30:00.000Z,649.32,649.7042,647.8631,648.32,363099
2026-01-12T18:00:00.000Z,648.35,648.62,646.62,647.41,414430
2026-01-12T18:30:00.000Z,647.53,647.7199,646.12,646.7174,603741
2026-01-12T19:00:00.000Z,646.74,647.93,646.35,647.57,434261
2026-01-12T19:30:00.000Z,647.62,647.83,646.67,647.535,460989
2026-01-12T20:00:00.000Z,647.5,648.54,646.9,647.075,463745
2026-01-12T20:30:00.000Z,647.01,648.25,641.225,641.93,2648969
2026-01-13T14:30:00.000Z,642.27,642.27,629.26,629.51,3052568
2026-01-13T15:00:00.000Z,629.51,630.76,625.0801,625.9301,2686029
2026-01-13T15:30:00.000Z,626.03,627.8,625.22,626.9,1682608
2026-01-13T16:00:00.000Z,626.845,627.655,624.1,626.88,1525964
2026-01-13T16:30:00.000Z,626.88,630.49,626.57,630.245,1258765
2026-01-13T17:00:00.000Z,630.23,630.35,626.33,628.72,932112
2026-01-13T17:30:00.000Z,628.74,628.94,627.01,627.91,619728
2026-01-13T18:00:00.000Z,627.8,630,627.5501,629.3815,522535
2026-01-13T18:30:00.000Z,629.31,629.44,626.55,627.79,546167
2026-01-13T19:00:00.000Z,627.83,628.83,627.26,628.23,433866
2026-01-13T19:30:00.000Z,628.23,629.37,627.63,628.71,505005
2026-01-13T20:00:00.000Z,628.61,628.78,627.5801,628.065,610476
2026-01-13T20:30:00.000Z,628.05,631.17,627.96,631.09,1541217
2026-01-14T14:30:00.000Z,626.5,628.45,620.91,621.08,2000502
2026-01-14T15:00:00.000Z,621.08,623.4,619.6,620.285,1352542
2026-01-14T15:30:00.000Z,620.38,621.02,617.7101,619,1042290
2026-01-14T16:00:00.000Z,618.93,622.1199,618.93,621.585,717921
2026-01-14T16:30:00.000Z,621.52,621.68,617.9,618.6499,680941
2026-01-14T17:00:00.000Z,618.54,618.55,615.75,616.27,920088
2026-01-14T17:30:00.000Z,616.33,617.4009,615.03,615.87,622123
2026-01-14T18:00:00.000Z,615.8,617.16,615,616.915,690227
2026-01-14T18:30:00.000Z,616.92,617.59,615.15,617.26,522166
2026-01-14T19:00:00.000Z,617.214,617.46,616,617.035,420024
2026-01-14T19:30:00.000Z,617.11,618.2,616.435,617.5,471157
2026-01-14T20:00:00.000Z,617.53,619.645,616.66,617.88,645196
2026-01-14T20:30:00.000Z,617.89,618.92,614.815,615.35,2029010
2026-01-15T14:30:00.000Z,618.48,620.55,614.23,617.47,2259707
2026-01-15T15:00:00.000Z,617.37,619.92,616.14,619.59,841964
2026-01-15T15:30:00.000Z,619.71,622.08,617.72,619.755,1064207
2026-01-15T16:00:00.000Z,619.72,622.19,619.4901,621.515,659677
2026-01-15T16:30:00.000Z,621.44,623.32,621.0201,623.21,565193
2026-01-15T17:00:00.000Z,623.3,623.69,621.44,621.595,415072
2026-01-15T17:30:00.000Z,621.55,623.32,621.154,622.655,376323
2026-01-15T18:00:00.000Z,622.59,623.6499,621.8001,623.09,435714
2026-01-15T18:30:00.000Z,623.08,624.17,622.1001,623.74,594030
2026-01-15T19:00:00.000Z,623.7275,623.97,620.45,620.6791,650845
2026-01-15T19:30:00.000Z,620.6008,620.675,618.89,619.26,492534
2026-01-15T20:00:00.000Z,619.14,619.2997,616.9001,618.45,622608
2026-01-15T20:30:00.000Z,618.44,622.65,618.1701,620.93,1328741
2026-01-16T14:30:00.000Z,624.1762,627.71,621.24,626.35,2697169
2026-01-16T15:00:00.000Z,626.24,629.08,624.34,624.34,1142450
2026-01-16T15:30:00.000Z,624.43,624.59,621.59,622.49,576793
2026-01-16T16:00:00.000Z,622.46,625.5999,621.85,625.57,595559
2026-01-16T16:30:00.000Z,625.515,625.75,622.65,623.3353,520805
2026-01-16T17:00:00.000Z,623.23,624.65,622.68,623.93,390984
2026-01-16T17:30:00.000Z,623.93,626.53,623.26,624.3,661746
2026-01-16T18:00:00.000Z,624.41,626.525,624.41,626.235,439276
2026-01-16T18:30:00.000Z,626.26,627.5575,626.255,627.09,449010
2026-01-16T19:00:00.000Z,627.09,627.35,622.8301,623.29,679983
2026-01-16T19:30:00.000Z,623.17,624.2,622.61,623.825,467757
2026-01-16T20:00:00.000Z,623.74,623.96,622.48,622.935,1041052
2026-01-16T20:30:00.000Z,622.91,622.91,620.08,620.25,1509105
2026-01-20T14:30:00.000Z,607.88,610.33,600,607.235,2642548
2026-01-20T15:00:00.000Z,607,611.4,606.4624,611.31,990784
2026-01-20T15:30:00.000Z,611.31,611.31,608.17,609.17,853815
2026-01-20T16:00:00.000Z,609.1,611.17,608.6127,610.32,623994
2026-01-20T16:30:00.000Z,610.22,610.68,606.67,608.61,687817
2026-01-20T17:00:00.000Z,608.56,608.95,607.1,607.5,511288
2026-01-20T17:30:00.000Z,607.52,607.55,605.56,606.7,539683
2026-01-20T18:00:00.000Z,606.45,607.22,605.76,606.71,408767
2026-01-20T18:30:00.000Z,606.74,606.89,604.83,605.48,487699
2026-01-20T19:00:00.000Z,605.44,606.23,603.91,604.51,788477
2026-01-20T19:30:00.000Z,604.5,605.9,603.9,604.71,550682
2026-01-20T20:00:00.000Z,604.7,604.91,602.84,604.24,674409
2026-01-20T20:30:00.000Z,604.24,604.97,602.42,604.67,1786926
2026-01-21T14:30:00.000Z,606.74,606.83,600.08,605.12,2075992
2026-01-21T15:00:00.000Z,605.11,608.5,602.77,608.1218,1156596
2026-01-21T15:30:00.000Z,608.115,613.83,607.54,613.1325,940902
2026-01-21T16:00:00.000Z,613.06,615.65,612.7739,613.66,826945
2026-01-21T16:30:00.000Z,613.66,613.78,608.04,608.66,623523
2026-01-21T17:00:00.000Z,608.49,610.77,607.85,610.4151,463994
2026-01-21T17:30:00.000Z,610.42,611.37,609.76,610,544361
2026-01-21T18:00:00.000Z,610.02,610.13,606.41,607.635,734082
2026-01-21T18:30:00.000Z,607.76,609.92,607.52,609.215,424166
2026-01-21T19:00:00.000Z,609.1001,614.68,607.65,613.79,480635
2026-01-21T19:30:00.000Z,614.17,618.27,613.195,617.86,890265
2026-01-21T20:00:00.000Z,617.93,618.08,613.41,613.46,586280
2026-01-21T20:30:00.000Z,613.4397,616,611.7,613.05,1361555
2026-01-22T14:30:00.000Z,629.35,637.48,626.55,630.159,4071334
2026-01-22T15:00:00.000Z,630.45,636.12,629.42,635.8999,1681165
2026-01-22T15:30:00.000Z,635.87,638.5,635.3001,635.53,1489660
2026-01-22T16:00:00.000Z,635.63,639.56,635.2,638.2181,892506
2026-01-22T16:30:00.000Z,638.33,640.71,637.65,639.64,909552
2026-01-22T17:00:00.000Z,639.64,644.13,639.5969,643.9501,1216293
2026-01-22T17:30:00.000Z,644.04,647.36,643.87,645.87,1870623
2026-01-22T18:00:00.000Z,645.8,647.1,645.6601,646.82,784123
2026-01-22T18:30:00.000Z,646.8,647.1,643.93,643.935,779742
2026-01-22T19:00:00.000Z,643.94,647.44,643.82,646.815,982957
2026-01-22T19:30:00.000Z,646.82,647.23,645.11,646.125,925180
2026-01-22T20:00:00.000Z,646.08,647.25,645.7061,646.05,1102245
2026-01-22T20:30:00.000Z,646.03,660.57,644.48,647.81,2246446
2026-01-23T14:30:00.000Z,644.77,656.5,644.445,655.765,3149463
2026-01-23T15:00:00.000Z,655.9,661,655.7901,658.3007,2981667
2026-01-23T15:30:00.000Z,658.21,661.78,656.42,661.28,1623475
2026-01-23T16:00:00.000Z,661.2808,663.2,660.2,661.785,1381662
2026-01-23T16:30:00.000Z,661.85,663.65,661.3501,661.985,969973
2026-01-23T17:00:00.000Z,661.985,662.6,660.36,662.365,1101737
2026-01-23T17:30:00.000Z,662.28,662.789,659.91,662.4,1077618
2026-01-23T18:00:00.000Z,662.44,665.65,662.2,665.555,1906210
2026-01-23T18:30:00.000Z,665.59,666.25,663.45,663.61,871615
2026-01-23T19:00:00.000Z,663.6,666.4899,663.43,664.28,948472
2026-01-23T19:30:00.000Z,664.28,664.75,663.1,663.21,628510
2026-01-23T20:00:00.000Z,663.21,663.21,661.44,662.1,656284
2026-01-23T20:30:00.000Z,662.047,662.19,657.5,658.75,2318886
2026-01-26T14:30:00.000Z,665.125,669.84,661.2855,667.03,2285138
2026-01-26T15:00:00.000Z,667.08,670.91,666.13,670.77,1439420
2026-01-26T15:30:00.000Z,670.76,671.94,668.11,671.8113,1002907
2026-01-26T16:00:00.000Z,671.909,674.98,670.2,672.1,1242641
2026-01-26T16:30:00.000Z,672.29,674.1,671.28,672.39,731531
2026-01-26T17:00:00.000Z,672.38,674.83,671.92,674.15,752847
2026-01-26T17:30:00.000Z,674.1,674.62,673.33,673.6951,622781
2026-01-26T18:00:00.000Z,673.695,674.739,672.55,672.815,633918
2026-01-26T18:30:00.000Z,672.785,674.19,671.88,673.585,533069
2026-01-26T19:00:00.000Z,673.56,675.28,673.1215,674.873,759946
2026-01-26T19:30:00.000Z,674.8743,675.28,673.5,673.79,617279
2026-01-26T20:00:00.000Z,673.77,674.26,672.014,673.99,722397
2026-01-26T20:30:00.000Z,674.03,674.24,671.9,672.32,1518097
2026-01-27T14:30:00.000Z,674.59,676.815,667.311,671.05,2310147
2026-01-27T15:00:00.000Z,671.17,671.835,664.66,671.095,1106276
2026-01-27T15:30:00.000Z,671.05,672.85,669.589,670.495,871783
2026-01-27T16:00:00.000Z,670.41,672.75,669.8,669.96,616502
2026-01-27T16:30:00.000Z,669.945,670.51,669.0255,669.215,467473
2026-01-27T17:00:00.000Z,669.18,670.22,667.03,668.07,577555
2026-01-27T17:30:00.000Z,668.055,668.58,666.86,667.5,471896
2026-01-27T18:00:00.000Z,667.465,668.255,665.89,668.1,804091
2026-01-27T18:30:00.000Z,668.17,671.19,667.76,670.31,560227
2026-01-27T19:00:00.000Z,670.33,671.53,669.62,671.48,390577
2026-01-27T19:30:00.000Z,671.49,672.72,670.34,672.5525,486154
2026-01-27T20:00:00.000Z,672.59,675.72,671.85,675.59,991457
2026-01-27T20:30:00.000Z,675.45,676.53,672.53,673.02,1554361
2026-01-28T14:30:00.000Z,674.5,676.25,670.71,675.37,1884060
2026-01-28T15:00:00.000Z,675.335,677.6775,673.81,675.4175,1312330
2026-01-28T15:30:00.000Z,675.44,675.85,670.49,671.91,872042
2026-01-28T16:00:00.000Z,671.905,672.78,669.1,669.925,731727
2026-01-28T16:30:00.000Z,669.99,669.99,667.98,668.955,581353
2026-01-28T17:00:00.000Z,668.97,671.5,668.67,669.2,768136
2026-01-28T17:30:00.000Z,669.11,671.67,668.82,669.8,494596
2026-01-28T18:00:00.000Z,669.8,671.45,669.02,671.41,355866
2026-01-28T18:30:00.000Z,671.46,671.68,670.1924,670.2501,403300
2026-01-28T19:00:00.000Z,670.25,672.6,669.34,671.39,547954
2026-01-28T19:30:00.000Z,671.27,673.1,670.2,671.09,785491
2026-01-28T20:00:00.000Z,671,672.57,669.99,671.105,867160
2026-01-28T20:30:00.000Z,671.105,672.86,666.1,668.86,2532657
2026-01-29T14:30:00.000Z,737.43,744,716.4001,724.3603,15905755
2026-01-29T15:00:00.000Z,724.24,725.8,718.5,720.52,5354400
2026-01-29T15:30:00.000Z,720.52,721.3,712.55,717.355,4096891
2026-01-29T16:00:00.000Z,717.35,721.295,714.93,719.93,2449925
2026-01-29T16:30:00.000Z,719.78,728.7,719.36,725.3,3287464
2026-01-29T17:00:00.000Z,725.29,734.67,725,733.19,3902854
2026-01-29T17:30:00.000Z,733.1627,733.6,729.05,731.37,1593490
2026-01-29T18:00:00.000Z,731.2,738,731.13,735.13,2401280
2026-01-29T18:30:00.000Z,735.1851,738.885,734.37,736.363,2900049
2026-01-29T19:00:00.000Z,736.38,738.98,735.39,736.199,2211145
2026-01-29T19:30:00.000Z,736.13,737.5,733.68,736.38,2356416
2026-01-29T20:00:00.000Z,736.43,737.9,734.87,737.03,1651050
2026-01-29T20:30:00.000Z,736.99,741.13,735.11,738.58,4399573
2026-01-30T14:30:00.000Z,727.5,732.17,720.5001,722.275,3625314
2026-01-30T15:00:00.000Z,722.275,728.6499,720.29,720.4583,1928243
2026-01-30T15:30:00.000Z,720.43,724,715.96,716.95,1884927
2026-01-30T16:00:00.000Z,716.93,719.94,716.5401,718.95,1634110
2026-01-30T16:30:00.000Z,718.945,720.49,716.07,716.5025,1018367
2026-01-30T17:00:00.000Z,716.5492,720.63,714.78,720.62,1428849
2026-01-30T17:30:00.000Z,720.56,721.06,717.2301,717.765,702516
2026-01-30T18:00:00.000Z,717.58,718.59,714.49,717.38,834645
2026-01-30T18:30:00.000Z,717.62,718.27,715.65,717.79,674436
2026-01-30T19:00:00.000Z,717.7,718.9,716.3856,717.19,651923
2026-01-30T19:30:00.000Z,717.26,719.32,716.28,716.43,636275
2026-01-30T20:00:00.000Z,716.465,717.36,713.59,715.49,1562996
2026-01-30T20:30:00.000Z,715.46,718.83,714.5,716.44,3461020
2026-02-02T14:30:00.000Z,714.6,721.3,704.74,705.53,2598508
2026-02-02T15:00:00.000Z,705.33,711.18,703.5201,709.09,1422030
2026-02-02T15:30:00.000Z,709.12,710.5999,707.92,709.375,790296
2026-02-02T16:00:00.000Z,709.45,712.06,706.415,709.94,907991
2026-02-02T16:30:00.000Z,709.88,710,705.69,706.6288,572439
2026-02-02T17:00:00.000Z,706.72,707.61,705.52,705.56,556967
2026-02-02T17:30:00.000Z,705.6366,707.825,705.19,707.2698,498216
2026-02-02T18:00:00.000Z,707.295,712.33,707.2339,711.69,662328
2026-02-02T18:30:00.000Z,711.69,713.48,710.92,712.97,562725
2026-02-02T19:00:00.000Z,712.975,715.65,712.53,712.825,631813
2026-02-02T19:30:00.000Z,712.785,713.4899,708.93,710.4001,621082
2026-02-02T20:00:00.000Z,710.4,712.58,709.61,710.045,505855
2026-02-02T20:30:00.000Z,709.95,710.075,706.22,706.4,1391537
2026-02-03T14:30:00.000Z,707.37,717,702.88,704.2825,1948688
2026-02-03T15:00:00.000Z,704.29,705.16,695.74,696,1435946
2026-02-03T15:30:00.000Z,695.865,701.2,694.15,700.315,976308
2026-02-03T16:00:00.000Z,700.195,701.4,696.77,696.995,599049
2026-02-03T16:30:00.000Z,697.07,699.93,696.5999,698.41,392409
2026-02-03T17:00:00.000Z,698.41,699.64,696.231,697.15,980521
2026-02-03T17:30:00.000Z,696.81,698.48,694.05,694.185,679402
2026-02-03T18:00:00.000Z,694.175,694.78,689.98,691.745,777934
2026-02-03T18:30:00.000Z,691.76,691.76,686.41,688.29,701688
2026-02-03T19:00:00.000Z,688.2,691.6,687.63,688.1,606929
2026-02-03T19:30:00.000Z,688.345,689.6299,686.41,689.29,505942
2026-02-03T20:00:00.000Z,689.26,689.793,686.585,687.43,599490
2026-02-03T20:30:00.000Z,687.48,692.16,687.38,691.75,1511126
2026-02-04T14:30:00.000Z,687.73,688.83,672.11,672.54,2304576
2026-02-04T15:00:00.000Z,672.37,680.8099,668.57,678.905,2591316
2026-02-04T15:30:00.000Z,678.73,680.08,674.85,676.56,952420
2026-02-04T16:00:00.000Z,676.7299,677.26,672.41,676.3456,775854
2026-02-04T16:30:00.000Z,676.42,676.74,669.54,674.31,775551
2026-02-04T17:00:00.000Z,674.2,675.42,669.74,669.92,530261
2026-02-04T17:30:00.000Z,669.81,671.853,667.46,669.955,851755
2026-02-04T18:00:00.000Z,669.92,671.65,667.6,671.335,711350
2026-02-04T18:30:00.000Z,671.287,673.4299,668.63,672.17,557416
2026-02-04T19:00:00.000Z,672.33,672.89,669.7,671.81,601677
2026-02-04T19:30:00.000Z,671.97,674.95,670.7533,674.525,645858
2026-02-04T20:00:00.000Z,674.47,674.9,671.14,673.52,733518
2026-02-04T20:30:00.000Z,673.53,674.42,667.99,668.99,1504163
2026-02-05T14:30:00.000Z,663.58,672.3,653.5,668.915,2502489
2026-02-05T15:00:00.000Z,668.91,669.5299,657.63,657.98,1449864
2026-02-05T15:30:00.000Z,658,667.93,658,667.68,1064384
2026-02-05T16:00:00.000Z,667.91,676.22,664.78,675.09,1369092
2026-02-05T16:30:00.000Z,675.09,680.28,674.2401,678.507,1340682
2026-02-05T17:00:00.000Z,678.47,679.3,674.12,678.35,613878
2026-02-05T17:30:00.000Z,678.11,680.69,676.5,678.24,754797
2026-02-05T18:00:00.000Z,678.255,681.5,676.57,677.255,667056
2026-02-05T18:30:00.000Z,677.2801,679.9,674.1842,675.32,545322
2026-02-05T19:00:00.000Z,675.26,680.9,674.85,677.19,594201
2026-02-05T19:30:00.000Z,677.229,677.295,673.69,675.7652,468096
2026-02-05T20:00:00.000Z,675.6865,679.56,671.44,671.49,695549
2026-02-05T20:30:00.000Z,671.6,674.54,668.39,670.07,1620579
2026-02-06T14:30:00.000Z,665.49,671.9899,655,655.4699,2368411
2026-02-06T15:00:00.000Z,655.4,656.15,646.5001,655.75,2427122
2026-02-06T15:30:00.000Z,655.77,658.6999,653.3,654.5825,1219712
2026-02-06T16:00:00.000Z,654.73,659.53,654.17,657.5337,834372
2026-02-06T16:30:00.000Z,657.605,660.16,654.49,655.28,1267988
2026-02-06T17:00:00.000Z,655.2111,663.78,655.03,662.085,917404
2026-02-06T17:30:00.000Z,662.245,664.22,660.36,663.08,874361
2026-02-06T18:00:00.000Z,663.1125,663.94,659.89,660.45,655754
2026-02-06T18:30:00.000Z,660.45,661.385,658.16,658.2907,1207937
2026-02-06T19:00:00.000Z,658.1851,661.83,657.82,661.76,459111
2026-02-06T19:30:00.000Z,661.7,662,655.2801,655.2801,676098
2026-02-06T20:00:00.000Z,655.25,661.38,654.73,660.6,1043814
2026-02-06T20:30:00.000Z,660.595,663.6499,659.16,661.34,1749135
2026-02-09T14:30:00.000Z,663.18,670.82,659.48,660.21,1749359
2026-02-09T15:00:00.000Z,660.09,663.7799,658.78,661.14,915770
2026-02-09T15:30:00.000Z,661.135,667.09,660.98,666.24,712755
2026-02-09T16:00:00.000Z,666.135,672.19,665.5,671.69,1086699
2026-02-09T16:30:00.000Z,671.61,683.2199,670.85,679,1906399
2026-02-09T17:00:00.000Z,678.95,683.3099,678.15,680.44,1190580
2026-02-09T17:30:00.000Z,680.511,681.3299,679.5,680.01,544842
2026-02-09T18:00:00.000Z,680.05,680.765,678,678.9,484221
2026-02-09T18:30:00.000Z,678.84,681.58,678.82,680.5,649552
2026-02-09T19:00:00.000Z,680.5,681.98,678.71,681.81,612883
2026-02-09T19:30:00.000Z,681.81,682.9,680.77,682.5701,621447
2026-02-09T20:00:00.000Z,682.555,682.96,679.2401,679.39,674707
2026-02-09T20:30:00.000Z,679.38,680.4,676.31,677.24,1508430
2026-02-10T14:30:00.000Z,677.6,680.65,671.33,675.07,1288370
2026-02-10T15:00:00.000Z,675.085,676.41,671.07,672.39,562711
2026-02-10T15:30:00.000Z,672.3,675.9799,670.6,671.9112,795011
2026-02-10T16:00:00.000Z,671.93,672.4999,669.81,670.825,579139
2026-02-10T16:30:00.000Z,670.66,672.22,670,670.93,404020
2026-02-10T17:00:00.000Z,670.895,674.86,670.55,674.025,439328
2026-02-10T17:30:00.000Z,674.25,677.4299,674,675.24,453554
2026-02-10T18:00:00.000Z,675.275,676.305,672.61,673.3,326021
2026-02-10T18:30:00.000Z,673.21,674,672.28,673.0448,255352
2026-02-10T19:00:00.000Z,672.96,673.16,671.37,673.13,287087
2026-02-10T19:30:00.000Z,673.16,673.66,671.7,673.62,323270
2026-02-10T20:00:00.000Z,673.55,673.82,670.8501,672.3901,403509
2026-02-10T20:30:00.000Z,672.455,674.92,669.79,671.05,1588118
2026-02-11T14:30:00.000Z,674,679.2675,666,668.685,1803060
2026-02-11T15:00:00.000Z,668.65,669.89,660.95,662.11,1289090
2026-02-11T15:30:00.000Z,662.11,675.59,661.62,672.71,1510245
2026-02-11T16:00:00.000Z,672.715,672.92,668.02,668.98,862136
2026-02-11T16:30:00.000Z,668.92,669.27,663.685,663.825,536721
2026-02-11T17:00:00.000Z,663.885,666.19,662.35,665.09,503931
2026-02-11T17:30:00.000Z,665.17,666.005,658.78,660.465,1192277
2026-02-11T18:00:00.000Z,660.32,668.24,657.1,667.245,1017009
2026-02-11T18:30:00.000Z,667.245,668.68,665.4901,668.06,695824
2026-02-11T19:00:00.000Z,667.95,669.0599,665.9,667.64,656212
2026-02-11T19:30:00.000Z,667.64,669.64,667.07,669.3484,452341
2026-02-11T20:00:00.000Z,669.34,671,668.54,668.62,608687
2026-02-11T20:30:00.000Z,668.61,672.5,668.14,668.7123,1485621
2026-02-12T14:30:00.000Z,669.97,676,662.62,663.5,1502436
2026-02-12T15:00:00.000Z,663.32,663.6699,660.11,662.9,999897
2026-02-12T15:30:00.000Z,662.9,662.9,652.66,652.77,1270983
2026-02-12T16:00:00.000Z,652.75,652.81,645.28,645.4298,1567673
2026-02-12T16:30:00.000Z,645.37,653.35,645.31,652.3901,1264396
2026-02-12T17:00:00.000Z,652.6025,655.2099,651.1,652.26,900462
2026-02-12T17:30:00.000Z,652.13,657.64,652.13,654.19,776449
2026-02-12T18:00:00.000Z,654.185,657.2,652.49,653.7,690482
2026-02-12T18:30:00.000Z,653.66,654.1,651.41,653.63,387176
2026-02-12T19:00:00.000Z,653.49,654.73,651.51,651.59,369127
2026-02-12T19:30:00.000Z,651.68,653.87,651.35,652.12,405706
2026-02-12T20:00:00.000Z,652.27,653.34,649.88,650.63,610353
2026-02-12T20:30:00.000Z,650.63,652.95,647.44,649.715,1643404
2026-02-13T14:30:00.000Z,645.1,646.29,634.57,643.06,2295393
2026-02-13T15:00:00.000Z,642.975,649.42,641.46,648.77,1013024
2026-02-13T15:30:00.000Z,648.71,650.4755,642.06,647.18,672337
2026-02-13T16:00:00.000Z,647.37,649.41,646.08,648.34,603737
2026-02-13T16:30:00.000Z,648.66,651.34,647.45,649.21,521124
2026-02-13T17:00:00.000Z,649.34,651.3,649,650.715,417525
2026-02-13T17:30:00.000Z,650.72,651.4299,648.05,649.18,379066
2026-02-13T18:00:00.000Z,649.23,650.67,647.75,649.4121,310781
2026-02-13T18:30:00.000Z,649.2,650.44,647.63,649.4999,278950
2026-02-13T19:00:00.000Z,649.17,649.54,645.8,646.135,362825
2026-02-13T19:30:00.000Z,646.14,647.2,643.78,643.81,406482
2026-02-13T20:00:00.000Z,643.9,644.6,640.45,641.255,809749
2026-02-13T20:30:00.000Z,641.19,641.99,638.82,639.76,1530725
2026-02-17T14:30:00.000Z,639.495,642.21,630.01,631.335,1930307
2026-02-17T15:00:00.000Z,631.16,635.96,630.5,631.01,862621
2026-02-17T15:30:00.000Z,630.86,635.39,628.8,634.59,857347
2026-02-17T16:00:00.000Z,634.77,639.2999,634.29,636.85,564923
2026-02-17T16:30:00.000Z,636.8,638.77,635.79,638.05,399254
2026-02-17T17:00:00.000Z,638.035,638.375,634.91,638.375,407996
2026-02-17T17:30:00.000Z,638.4,638.7,631.8,636.405,555085
2026-02-17T18:00:00.000Z,636.5,641.28,635.45,639.8601,524264
2026-02-17T18:30:00.000Z,639.98,642.49,638.94,641.605,507120
2026-02-17T19:00:00.000Z,641.7,641.79,639.57,639.7,346167
2026-02-17T19:30:00.000Z,639.86,642.6,639.67,640.175,413823
2026-02-17T20:00:00.000Z,640.18,641.54,639.955,641.215,498155
2026-02-17T20:30:00.000Z,641.12,641.16,637.72,639.27,1179730
2026-02-18T14:30:00.000Z,633.8,636.8,628.145,635.6553,2806304
2026-02-18T15:00:00.000Z,635.695,640.3,634.72,639.12,1469899
2026-02-18T15:30:00.000Z,639.11,641.64,637.26,640.51,1036544
2026-02-18T16:00:00.000Z,640.61,640.7999,638.8,638.86,715216
2026-02-18T16:30:00.000Z,638.99,640.4999,637.61,637.79,602683
2026-02-18T17:00:00.000Z,637.88,641.57,637.7001,639.38,729120
2026-02-18T17:30:00.000Z,639.3,641.99,639.12,641.6,500441
2026-02-18T18:00:00.000Z,641.55,642.93,640.58,641.07,512809
2026-02-18T18:30:00.000Z,641.22,641.59,638.46,640.075,432533
2026-02-18T19:00:00.000Z,640.01,640.69,639.01,639.23,437009
2026-02-18T19:30:00.000Z,639.1501,639.96,636.2001,636.8,564859
2026-02-18T20:00:00.000Z,636.78,639.99,636.72,638.9999,739536
2026-02-18T20:30:00.000Z,638.87,645,638.87,643.26,2023810
2026-02-19T14:30:00.000Z,638.57,644.2099,636.72,641.46,1278539
2026-02-19T15:00:00.000Z,641.31,644.89,640.27,642.785,720578
2026-02-19T15:30:00.000Z,642.78,645.37,641.4,643.735,681788
2026-02-19T16:00:00.000Z,643.735,646.71,642.61,645.01,843955
2026-02-19T16:30:00.000Z,645.115,646.39,642.5,644.0775,545080
2026-02-19T17:00:00.000Z,644.075,647.19,643.1201,645.315,404424
2026-02-19T17:30:00.000Z,645.29,646.18,643.32,643.685,347813
2026-02-19T18:00:00.000Z,643.6601,645.54,643.19,645.17,454283
2026-02-19T18:30:00.000Z,645.05,645.565,643.3601,645.07,265953
2026-02-19T19:00:00.000Z,645.105,645.37,643.78,644.225,305790
2026-02-19T19:30:00.000Z,644.21,644.5,642.0501,643.67,429625
2026-02-19T20:00:00.000Z,643.665,644.32,641.21,643.3519,419489
2026-02-19T20:30:00.000Z,643.35,645.54,642.8,644.62,1105647
2026-02-20T14:30:00.000Z,639.685,651.5499,638.78,649.37,1810873
2026-02-20T15:00:00.000Z,649.485,656.4999,649.15,654.45,2344574
2026-02-20T15:30:00.000Z,654.44,661.44,652.5101,661.26,1852845
2026-02-20T16:00:00.000Z,661.34,663.3499,655.68,655.68,1736163
2026-02-20T16:30:00.000Z,655.62,662.32,655.44,660.255,725912
2026-02-20T17:00:00.000Z,660.35,660.76,653.35,654.6962,621920
2026-02-20T17:30:00.000Z,654.7,658.53,654.32,658.33,490161
2026-02-20T18:00:00.000Z,658.32,658.44,654.5,655.265,440224
2026-02-20T18:30:00.000Z,655.27,658.66,654.28,658,453538
2026-02-20T19:00:00.000Z,658.09,658.37,655.66,655.8,331467
2026-02-20T19:30:00.000Z,655.83,657.26,654.75,654.85,430435
2026-02-20T20:00:00.000Z,654.85,656.8799,654.18,654.3,444116
2026-02-20T20:30:00.000Z,654.27,655.9799,654.23,655.82,995825
2026-02-23T14:30:00.000Z,652.54,657.7,647.79,649.3,1289311.640369
2026-02-23T15:00:00.000Z,649.22,650.47,646.515,649.12,607626.2644999999
2026-02-23T15:30:00.000Z,649.115,649.65,643.75,644.095,518054.6768649999
2026-02-23T16:00:00.000Z,644.17,645,642.05,644.38,522665.56059199985
2026-02-23T16:30:00.000Z,644.48,644.85,641.6122,641.9634,371777.81301100005
2026-02-23T17:00:00.000Z,641.91,643.74,641.72,643.16,343249.247689
2026-02-23T17:30:00.000Z,643.0825,643.44,641.2518,642.67,379640.647909
2026-02-23T18:00:00.000Z,642.71,644.4,642.07,643.59,325252.31411700003
2026-02-23T18:30:00.000Z,643.55,644.11,640.04,640.125,373004.19637500006
2026-02-23T19:00:00.000Z,640.1999,640.78,638.8,639.105,428801.707697
2026-02-23T19:30:00.000Z,639.16,640.3,637.7,637.73,471028.182322
2026-02-23T20:00:00.000Z,637.66,637.99,636,637.5,486139.77163399995
2026-02-23T20:30:00.000Z,637.44,638.52,636.15,637.31,1037737.0391790001
2026-02-24T14:30:00.000Z,633.08,638.55,629.35,630.89,1513868.629686
2026-02-24T15:00:00.000Z,631.05,636.1499,628.98,635.47,877110.1755309999
2026-02-24T15:30:00.000Z,635.565,637.39,634.99,636.84,464575.316002
2026-02-24T16:00:00.000Z,636.67,638.7,636.19,638.03,540156.4163539999
2026-02-24T16:30:00.000Z,637.96,639.34,636.36,638.94,710974.1670579999
2026-02-24T17:00:00.000Z,638.986,640.415,638.15,639.94,359140.962522
2026-02-24T17:30:00.000Z,639.89,641,639.38,640.0574,322717.78567599994
2026-02-24T18:00:00.000Z,639.99,641.11,638.66,638.95,267599.138647
2026-02-24T18:30:00.000Z,638.985,641.09,638.57,640.345,289473.39138
2026-02-24T19:00:00.000Z,640.33,640.57,637.88,638.125,429543.47650299995
2026-02-24T19:30:00.000Z,638.18,639.67,637.96,638.78,373786.3709430001
2026-02-24T20:00:00.000Z,638.83,639.25,637.88,638.045,306645.41240100004
2026-02-24T20:30:00.000Z,638.03,640.63,637.56,639.05,1375299.0384340002
2026-02-25T14:30:00.000Z,642.53,651.5,642.14,650.95,1316677.4942090001
2026-02-25T15:00:00.000Z,650.97,651.61,648.61,649.69,663120.1609280002
2026-02-25T15:30:00.000Z,649.69,650.25,647.16,648.68,467227.468262
2026-02-25T16:00:00.000Z,648.745,649.9699,646.49,649.775,500879.11085700005
2026-02-25T16:30:00.000Z,649.835,652,649.3301,650.725,494230.21874900005
2026-02-25T17:00:00.000Z,650.63,652.65,650.2,651.255,412678.37597399997
2026-02-25T17:30:00.000Z,651.17,651.34,649.19,649.58,449286.990236
2026-02-25T18:00:00.000Z,649.725,649.82,648.595,649.47,266540.217176
2026-02-25T18:30:00.000Z,649.47,650.39,649.09,650.13,333463.372522
2026-02-25T19:00:00.000Z,650.08,651.43,649.77,651.43,327803.20761599997
2026-02-25T19:30:00.000Z,651.444,652.48,651.0388,652.3,414687.2487060001
2026-02-25T20:00:00.000Z,652.29,653.08,651.2004,651.2136,545738.703105
2026-02-25T20:30:00.000Z,651.29,653.88,649.91,653.8,1221074.036008
2026-02-26T14:30:00.000Z,650.55,661,647.665,658.66,1600704.66983
2026-02-26T15:00:00.000Z,658.66,658.9722,649.67,650.97,1019656.4624369999
2026-02-26T15:30:00.000Z,650.81,652.78,647.5,652.17,522411.8587979998
2026-02-26T16:00:00.000Z,652.195,657.1567,651.64,655.38,529438.43001
2026-02-26T16:30:00.000Z,655.35,655.81,653.66,653.86,390621.633988
2026-02-26T17:00:00.000Z,653.8375,654.74,652.91,653.97,347124.78820000007
2026-02-26T17:30:00.000Z,653.91,655.425,653.6,654.84,310320.79401
2026-02-26T18:00:00.000Z,654.82,655.13,652.78,653.66,372449.11975199997
2026-02-26T18:30:00.000Z,653.725,657.35,653.58,655.9899,392568.989876
2026-02-26T19:00:00.000Z,655.83,658.55,655.38,657.345,388656.244537
2026-02-26T19:30:00.000Z,657.41,659.2,656.97,657.14,376705.345867
2026-02-26T20:00:00.000Z,657.12,657.93,655.89,656.85,386571.65420999995
2026-02-26T20:30:00.000Z,656.85,658.13,655.72,657.009,885426.827125
2026-02-27T14:30:00.000Z,643.45,649.44,639.6101,647.31,1669476.2835620001
2026-02-27T15:00:00.000Z,647.51,648.425,645.4,646.64,511437.2731219999
2026-02-27T15:30:00.000Z,646.68,648.12,643.68,646.05,452387.513487
2026-02-27T16:00:00.000Z,645.91,646.58,643.67,644.165,379670.33839000005
2026-02-27T16:30:00.000Z,644.22,645.65,643.46,644.795,326877.3901749999
2026-02-27T17:00:00.000Z,644.92,646.1,642.3101,643.23,409958.431387
2026-02-27T17:30:00.000Z,643.31,644.3,640.67,641.2518,430120.834332
2026-02-27T18:00:00.000Z,641.27,641.52,638.37,639.88,529660.354255
2026-02-27T18:30:00.000Z,639.87,641.28,639.33,640.785,357552.26149799995
2026-02-27T19:00:00.000Z,640.785,642.15,639.87,640.215,451160.2560729999
2026-02-27T19:30:00.000Z,640.215,640.48,638.28,638.51,431609.99785200006
2026-02-27T20:00:00.000Z,638.47,642,638.12,641.095,549262.093549
2026-02-27T20:30:00.000Z,641.15,649.105,639.65,647.99,2730156.228599
2026-03-02T14:30:00.000Z,637.16,651.33,634.5,648.535,1342368.2391020006
2026-03-02T15:00:00.000Z,648.27,654.32,645.81,651.83,802361.5341129999
2026-03-02T15:30:00.000Z,651.895,655.32,649.215,654.86,513474.424304
2026-03-02T16:00:00.000Z,654.86,655.9,650.07,650.45,462414.5650470001
2026-03-02T16:30:00.000Z,650.4421,659.94,650.41,659.55,590526.3620920001
2026-03-02T17:00:00.000Z,659.535,659.5973,655.84,656.12,373918.43125200004
2026-03-02T17:30:00.000Z,656.05,657.35,655.34,655.87,309993.47246499994
2026-03-02T18:00:00.000Z,655.9,656.44,654.41,655.72,288287.09227400005
2026-03-02T18:30:00.000Z,655.7,657,654.0001,654.31,354147.40561799996
2026-03-02T19:00:00.000Z,654.3017,657.38,654.17,655.315,317367.9976669999
2026-03-02T19:30:00.000Z,655.3151,656.26,654.47,655.4,258060.22880499996
2026-03-02T20:00:00.000Z,655.47,655.69,650.66,651.195,419737.4743300001
2026-03-02T20:30:00.000Z,651.15,655.12,650.605,653.56,1177150.108233
2026-03-03T14:30:00.000Z,648.29,655.9,645.25,645.25,1379817.5012879998
2026-03-03T15:00:00.000Z,645.33,647.59,638.84,639.56,896497.5305770002
2026-03-03T15:30:00.000Z,639.51,645.56,639.28,644.67,681400.832925
2026-03-03T16:00:00.000Z,644.69,654.27,644.55,652.35,657325.154019
2026-03-03T16:30:00.000Z,652.4,654.85,650.17,652.26,446616.98994100007
2026-03-03T17:00:00.000Z,652.295,654.1,650.331,651.85,297476.02637299994
2026-03-03T17:30:00.000Z,652,652,648.1101,649.16,445056.1152279999
2026-03-03T18:00:00.000Z,649.15,655.2799,649.15,654.93,436129.58703099994
2026-03-03T18:30:00.000Z,655.05,659.04,654.52,657.63,615201.7401520001
2026-03-03T19:00:00.000Z,657.67,657.99,654.52,654.95,336430.99179900007
2026-03-03T19:30:00.000Z,655.26,659,653.4701,656.775,424788.600737
2026-03-03T20:00:00.000Z,656.85,657.48,653.756,655.11,393743.6009079999
2026-03-03T20:30:00.000Z,655.005,655.65,653.3,654.971,1001786.415083
2026-03-04T14:30:00.000Z,657.96,667,657.6711,666.72,1614791.6490869997
2026-03-04T15:00:00.000Z,666.89,672,665.518,671.92,1035138.745644
2026-03-04T15:30:00.000Z,672,672.12,667.45,670.88,738682.3205290001
2026-03-04T16:00:00.000Z,670.985,672.77,669.3001,670.85,635674.446094
2026-03-04T16:30:00.000Z,670.85,671.9599,669.59,669.9,337061.255061
2026-03-04T17:00:00.000Z,669.87,671,667.89,668.185,354991.663085
2026-03-04T17:30:00.000Z,668.185,668.37,665.8,667.365,355573.089401
2026-03-04T18:00:00.000Z,667.3,668.73,666.3801,668.395,270674.61450300005
2026-03-04T18:30:00.000Z,668.46,669.31,666.8601,667.575,333167.51150900003
2026-03-04T19:00:00.000Z,667.64,671.13,667.12,670.01,397835.202286
2026-03-04T19:30:00.000Z,670.01,670.58,667.62,668.615,315045.2785920001
2026-03-04T20:00:00.000Z,668.66,669.1799,665.5,666.95,474292.71486499987
2026-03-04T20:30:00.000Z,666.82,669.42,666.72,667.45,1288422.1708129998
2026-03-05T14:30:00.000Z,661.93,668.675,661.35,668.645,1431475.832306
2026-03-05T15:00:00.000Z,668.72,670.7,661.765,662.095,936122.8128919998
2026-03-05T15:30:00.000Z,662.13,662.84,659.2101,661.245,745039.218065
2026-03-05T16:00:00.000Z,661.35,661.77,656.32,657.0575,566446.5090899998
2026-03-05T16:30:00.000Z,657.0475,660.4999,657,659.1,448095.2240669999
2026-03-05T17:00:00.000Z,659.1,661.63,655.76,655.925,472827.35724700004
2026-03-05T17:30:00.000Z,655.925,656.3,652.13,652.51,562120.7565819998
2026-03-05T18:00:00.000Z,652.525,655.92,651.94,653.02,490174.88264500006
2026-03-05T18:30:00.000Z,653.18,653.95,650.31,651.84,656490.5733899998
2026-03-05T19:00:00.000Z,651.925,654.115,651.51,652.46,380713.49981600005
2026-03-05T19:30:00.000Z,652.36,656.57,651.17,655.55,477211.8828120001
2026-03-05T20:00:00.000Z,655.55,659.39,654.97,657.42,591656.72579
2026-03-05T20:30:00.000Z,657.51,661.33,656.21,660.28,1483427.635259
2026-03-06T14:30:00.000Z,647.9,648.38,636.11,640.49,2184083.9347770005
2026-03-06T15:00:00.000Z,640.51,644.46,639.77,644.2,918668.7335340001
2026-03-06T15:30:00.000Z,644.2651,649.47,644.1849,648.37,808960.1459580001
2026-03-06T16:00:00.000Z,648.475,649.2547,645.58,647.54,486425.1034870001
2026-03-06T16:30:00.000Z,647.56,648.8,646.0888,647.82,356712.079579
2026-03-06T17:00:00.000Z,647.95,648.9771,645.12,645.85,381422.55948899995
2026-03-06T17:30:00.000Z,645.85,645.93,643.76,644.43,647075.646918
2026-03-06T18:00:00.000Z,644.39,647.545,644.26,645.48,338023.870918
2026-03-06T18:30:00.000Z,645.46,646.4042,644.4482,644.57,284694.46069599997
2026-03-06T19:00:00.000Z,644.6,646.51,644.575,645.62,260505.79279700003
2026-03-06T19:30:00.000Z,645.62,646.26,643.93,644.18,332237.28393199993
2026-03-06T20:00:00.000Z,644.18,646.9,642.7797,643.48,937256.074543
2026-03-06T20:30:00.000Z,643.34,646.2,641.52,644.83,1711659.8776809995
2026-03-09T13:30:00.000Z,634.78,637.689,626.78,629.12,2052821.8739119999
2026-03-09T14:00:00.000Z,628.995,632.7499,627.37,631.08,1198503.0323199998
2026-03-09T14:30:00.000Z,630.82,636,630.82,634.805,675536.4293889999
2026-03-09T15:00:00.000Z,634.805,637.58,634.03,636.61,613577.4165059999
2026-03-09T15:30:00.000Z,636.615,637.54,635.21,636.47,416160.05022900004
2026-03-09T16:00:00.000Z,636.685,638.25,635.6,636.72,492050.65738600004
2026-03-09T16:30:00.000Z,636.805,637.82,635.71,635.71,337745.388163
2026-03-09T17:00:00.000Z,635.71,636.37,633.63,633.995,343032.37716
2026-03-09T17:30:00.000Z,634,635.4099,633.34,635.29,381944.93831299996
2026-03-09T18:00:00.000Z,635.32,635.7,633.01,634.335,445098.090137
2026-03-09T18:30:00.000Z,634.26,637.99,634.26,635.12,515633.1666989999
2026-03-09T19:00:00.000Z,635.155,644.38,634.62,644.33,680549.234525
2026-03-09T19:30:00.000Z,644.3523,647.75,642.761,647.34,1694991.226219
2026-03-10T13:30:00.000Z,653.56,659.7,652.3901,653.59,1405432.766003
2026-03-10T14:00:00.000Z,653.465,655.34,649,652.505,821389.4181890001
2026-03-10T14:30:00.000Z,652.65,660.3,652.56,659.055,844323.9783639999
2026-03-10T15:00:00.000Z,659.055,659.315,656.74,657.415,511713.573649
2026-03-10T15:30:00.000Z,657.335,657.47,655.75,657.035,325518.440853
2026-03-10T16:00:00.000Z,657.03,658.86,654.95,657.66,366744.084547
2026-03-10T16:30:00.000Z,657.705,659.18,657.21,658.1775,331150.10832400003
2026-03-10T17:00:00.000Z,658.175,659.88,657.37,659.1999,326879.7456300001
2026-03-10T17:30:00.000Z,659.095,659.3,656.25,659.2,330963.431978
2026-03-10T18:00:00.000Z,659.095,659.23,655.05,657.015,430670.570081
2026-03-10T18:30:00.000Z,657.21,657.97,655.32,655.83,316868.92083599995
2026-03-10T19:00:00.000Z,655.7,656.56,652.78,653.085,445089.0861789999
2026-03-10T19:30:00.000Z,653.125,654.66,651.94,654.08,1107989.985648
2026-03-11T13:30:00.000Z,654.76,658.9,654.41,657.28,1062684.313859
2026-03-11T14:00:00.000Z,657.15,659.12,651.35,652.7201,809526.8768959999
2026-03-11T14:30:00.000Z,652.82,654.29,651.52,652.46,468087.130292
2026-03-11T15:00:00.000Z,652.64,652.915,648.5145,648.92,610802.339496
2026-03-11T15:30:00.000Z,649.08,651.33,648.36,649.815,474672.230689
2026-03-11T16:00:00.000Z,649.6001,651.44,648.41,651.215,312050.75612700003
2026-03-11T16:30:00.000Z,651.4,654.17,651.278,653.61,381308.270061
2026-03-11T17:00:00.000Z,653.63,654.44,652.95,653.46,312092.195721
2026-03-11T17:30:00.000Z,653.49,654.46,651.17,652.12,361532.99218600005
2026-03-11T18:00:00.000Z,652.12,652.475,650.51,651.835,181672.985414
2026-03-11T18:30:00.000Z,651.835,653.45,651.835,653.23,310030.410225
2026-03-11T19:00:00.000Z,653.34,653.88,652.21,652.42,290905.877143
2026-03-11T19:30:00.000Z,652.515,655.61,652.46,654.7,898971.8135300002
2026-03-12T13:30:00.000Z,648.75,653.5,643.33,644.19,1080876.2382419996
2026-03-12T14:00:00.000Z,644.35,647.3997,643.9368,644.79,440095.066631
2026-03-12T14:30:00.000Z,644.75,646.63,643.03,643.6625,445692.9160239999
2026-03-12T15:00:00.000Z,643.715,644.02,639.4,640.465,617784.338915
2026-03-12T15:30:00.000Z,640.47,643.3999,639.363,641.615,479006.98529900005
2026-03-12T16:00:00.000Z,641.68,642.71,638.455,639.55,548408.4933219999
2026-03-12T16:30:00.000Z,639.45,641.63,638.78,640.0501,474000.0439650001
2026-03-12T17:00:00.000Z,640.39,641.98,639.13,639.55,342327.04514299997
2026-03-12T17:30:00.000Z,639.525,641.57,636.9,638.145,520988.422291
2026-03-12T18:00:00.000Z,638.135,639.95,638.04,639.36,349384.23700399994
2026-03-12T18:30:00.000Z,639.24,639.62,638.21,638.54,409814.4652170001
2026-03-12T19:00:00.000Z,638.54,639.5,637.79,639.04,505143.07853100006
2026-03-12T19:30:00.000Z,639.14,639.7399,637.52,637.84,1624233.481592
2026-03-13T13:30:00.000Z,623.89,626.49,617.67,625.5299,3839447.7153910003
2026-03-13T14:00:00.000Z,625.53,627.33,624.8701,626.8,972338.767645
2026-03-13T14:30:00.000Z,626.725,629.1699,619.36,619.49,1245758.397565
2026-03-13T15:00:00.000Z,619.59,621.28,617.32,618.41,1197058.3758379999
2026-03-13T15:30:00.000Z,618.41,618.8,615.1581,617.37,1139819.057338
2026-03-13T16:00:00.000Z,617.39,619.6699,616.73,617.84,703055.2951669999
2026-03-13T16:30:00.000Z,617.78,618.76,613.56,613.77,965659.612985
2026-03-13T17:00:00.000Z,613.825,616.48,613.26,615.67,851141.315677
2026-03-13T17:30:00.000Z,615.72,615.93,609.55,611.3,1101548.0425560002
2026-03-13T18:00:00.000Z,611.35,613.3699,610.43,613.21,796013.3586879998
2026-03-13T18:30:00.000Z,613.2757,614.28,613,613.545,635727.1498520001
2026-03-13T19:00:00.000Z,613.49,613.94,611.725,611.785,824217.0184820001
2026-03-13T19:30:00.000Z,611.785,614.83,611.785,613.62,2168941.0710509997
2026-03-16T13:30:00.000Z,632,634.5,625.8,631.365,3275006.153741999
2026-03-16T14:00:00.000Z,631.44,634.75,629.02,632.15,1310736.3516769998
2026-03-16T14:30:00.000Z,632.09,632.09,627.5,629.6,905843.0325890001
2026-03-16T15:00:00.000Z,629.48,629.64,627.09,629.18,583558.9114470002
2026-03-16T15:30:00.000Z,629.15,630,626.98,627.01,573326.520214
2026-03-16T16:00:00.000Z,626.98,627.51,623.1004,623.72,884940.1611980001
2026-03-16T16:30:00.000Z,623.785,626.53,623.25,625.99,472739.45398000005
2026-03-16T17:00:00.000Z,625.68,627.03,624.5501,625.5,470747.3052279999
2026-03-16T17:30:00.000Z,625.52,625.65,623.4,623.6,556145.8542510001
2026-03-16T18:00:00.000Z,623.66,626.9,623.5,626.865,601209.2600649999
2026-03-16T18:30:00.000Z,626.85,628.15,626.01,627.7399,605197.5066500002
2026-03-16T19:00:00.000Z,627.74,628.64,625.651,627.515,711516.4877589998
2026-03-16T19:30:00.000Z,627.43,628.23,626.655,627.63,1393424.866306
2026-03-17T13:30:00.000Z,627.985,636.55,627.985,632.465,1913594.739066
2026-03-17T14:00:00.000Z,632.455,632.7299,629,629.81,711793.543392
2026-03-17T14:30:00.000Z,629.834,631,628.4501,629.625,550453.958027
2026-03-17T15:00:00.000Z,629.61,629.78,625.2,625.39,596032.407924
2026-03-17T15:30:00.000Z,625.17,627.03,624.53,626.79,480940.14987900003
2026-03-17T16:00:00.000Z,626.77,626.999,624.91,625.52,400292.2374989999
2026-03-17T16:30:00.000Z,625.44,625.8,623.66,623.935,477881.6393459999
2026-03-17T17:00:00.000Z,623.89,625.98,623.89,624.54,559979.341705
2026-03-17T17:30:00.000Z,624.51,626.44,624.25,626.01,280806.33051299996
2026-03-17T18:00:00.000Z,626.04,626.09,623.3,623.37,322379.59432400006
2026-03-17T18:30:00.000Z,623.37,623.8799,622.3371,623.0125,761597.0594050001
2026-03-17T19:00:00.000Z,623,623.41,621.7,622.965,466039.72714800003
2026-03-17T19:30:00.000Z,622.94,623.7564,621.74,622.64,1108606.757029
2026-03-18T13:30:00.000Z,616.34,621.7899,615.31,620.45,1273176.8767590004
2026-03-18T14:00:00.000Z,620.46,621.39,615.76,615.84,849422.356501
2026-03-18T14:30:00.000Z,615.99,621.45,615.5,621.055,753946.38479
2026-03-18T15:00:00.000Z,621.11,622.4499,619.6,621.66,526394.662606
2026-03-18T15:30:00.000Z,621.7206,622.65,619.31,620.4501,453139.99347299995
2026-03-18T16:00:00.000Z,620.45,621.18,619.25,619.355,416016.30616900005
2026-03-18T16:30:00.000Z,619.3,619.54,617.15,618.08,372502.506996
2026-03-18T17:00:00.000Z,618.08,618.18,616.72,617.7,495689.46933099994
2026-03-18T17:30:00.000Z,617.7,620.17,616.75,619.78,430347.534562
2026-03-18T18:00:00.000Z,619.81,621.16,618.1501,618.6055,511859.90522300004
2026-03-18T18:30:00.000Z,618.56,619.5,615.31,615.41,582007.2646290001
2026-03-18T19:00:00.000Z,615.31,618.22,615.02,616.77,657087.2713070001
2026-03-18T19:30:00.000Z,616.77,617.05,614.61,615.72,2308672.156309999
2026-03-19T13:30:00.000Z,612.15,613,608.1,612.58,1525875.7141170003
2026-03-19T14:00:00.000Z,612.5,612.99,606.58,607.015,895156.393825
2026-03-19T14:30:00.000Z,606.94,609.28,606.88,608.115,658383.2565060002
2026-03-19T15:00:00.000Z,608.11,610.33,606.01,606.63,668156.109652
2026-03-19T15:30:00.000Z,606.6,606.93,605.07,606.74,631520.064683
2026-03-19T16:00:00.000Z,606.65,608.45,605.73,607.04,575283.139135
2026-03-19T16:30:00.000Z,606.8416,607.1,605.02,606.67,536629.8066120001
2026-03-19T17:00:00.000Z,606.76,606.76,604.6,605.18,482160.9340499999
2026-03-19T17:30:00.000Z,605.34,605.94,603.61,604.2425,681987.4733670001
2026-03-19T18:00:00.000Z,604.2,605.43,603.22,603.79,529722.2110570001
2026-03-19T18:30:00.000Z,603.79,605.16,602.26,604.7801,652405.245476
2026-03-19T19:00:00.000Z,604.87,609.1,604.5,606.13,925277.3242160002
2026-03-19T19:30:00.000Z,606.1,606.95,604.81,606.8359,1123304.552557
2026-03-20T13:30:00.000Z,603.53,603.955,593.8,593.8,3566448.701313001
2026-03-20T14:00:00.000Z,593.855,596.39,593.22,595.8,1085114.287086
2026-03-20T14:30:00.000Z,595.85,596.72,594.32,594.57,720402.7005500001
2026-03-20T15:00:00.000Z,594.57,595.79,591.7286,592.3799,1004825.1633420002
2026-03-20T15:30:00.000Z,592.275,594.76,591.89,594.58,687303.1168509999
2026-03-20T16:00:00.000Z,594.5601,596.55,594.5601,595.44,528250.4939490001
2026-03-20T16:30:00.000Z,595.325,595.56,593.68,594.15,424755.39003199997
2026-03-20T17:00:00.000Z,594.165,594.99,592.23,594.475,633666.3900370001
2026-03-20T17:30:00.000Z,594.475,594.6,591.8937,594.19,649283.670251
2026-03-20T18:00:00.000Z,594.2,594.51,591.79,592.565,798297.286572
2026-03-20T18:30:00.000Z,592.565,592.7,590.66,591,590789.557754
2026-03-20T19:00:00.000Z,591,591.18,588.72,590.25,1055592.068757
2026-03-20T19:30:00.000Z,590.27,594,587.25,593.72,2061038.543629
2026-03-23T13:30:00.000Z,605.787,605.88,599.01,604.12,1934161.537605
2026-03-23T14:00:00.000Z,604.12,606.39,601.13,605.48,1018320.8942410002
2026-03-23T14:30:00.000Z,605.49,605.8699,603.062,605.54,576814.697331
2026-03-23T15:00:00.000Z,605.59,608.64,605.34,607.9136,932870.523977
2026-03-23T15:30:00.000Z,607.91,608.3499,604.24,604.54,829066.667351
2026-03-23T16:00:00.000Z,604.53,607.79,600.8001,601.0651,635825.992491
2026-03-23T16:30:00.000Z,601.06,603.5,600.91,602.53,418182.44400500006
2026-03-23T17:00:00.000Z,602.74,603.1999,600.26,601.965,259285.63250500005
2026-03-23T17:30:00.000Z,601.95,604.48,601.62,603.08,389672.4768810001
2026-03-23T18:00:00.000Z,603.08,603.62,601.88,602.985,398630.5926789999
2026-03-23T18:30:00.000Z,603,607.7007,602.93,607.465,681661.9228939998
2026-03-23T19:00:00.000Z,607.45,607.8699,606.02,606.7851,536564.7273840001
2026-03-23T19:30:00.000Z,606.795,607.5,602.881,603.94,1483630.908276
2026-03-24T13:30:00.000Z,599.1,601,594.64,595.28,1117793.921488
2026-03-24T14:00:00.000Z,595.285,596.24,592.04,593.76,806037.464767
2026-03-24T14:30:00.000Z,593.76,598.1,593.34,595.015,789044.537964
2026-03-24T15:00:00.000Z,595.155,597.24,594.97,595.43,436230.82763
2026-03-24T15:30:00.000Z,595.43,597.25,593.75,594.02,390879.01338099997
2026-03-24T16:00:00.000Z,594.01,597.72,593.5501,596.62,466036.41939900006
2026-03-24T16:30:00.000Z,596.59,596.87,593.91,595.355,364159.0517990001
2026-03-24T17:00:00.000Z,595.47,595.79,591,592.255,666212.664748
2026-03-24T17:30:00.000Z,592.28,595.22,592.19,593.78,707593.5383599998
2026-03-24T18:00:00.000Z,593.755,595.3,593.755,594.515,582556.744851
2026-03-24T18:30:00.000Z,594.525,596.45,594.15,595.07,398642.439841
2026-03-24T19:00:00.000Z,595.04,596.36,595.04,595.42,372871.24284099997
2026-03-24T19:30:00.000Z,595.37,595.655,592.27,593.1,1204771.032601
2026-03-25T13:30:00.000Z,598.74,603.67,595.9,597.528,1725207.7649679997
2026-03-25T14:00:00.000Z,597.52,600.4,595.2,599.78,955933.755343
2026-03-25T14:30:00.000Z,599.83,600.7,597.2,598.2325,901842.8210580001
2026-03-25T15:00:00.000Z,598.32,599.6,593.63,598.12,931957.9815339999
2026-03-25T15:30:00.000Z,598.125,599.93,597.11,599.325,635364.8399049998
2026-03-25T16:00:00.000Z,599.4162,600,597.04,598.6899,610551.9875539999
2026-03-25T16:30:00.000Z,598.57,599.82,598.03,598.64,248933.63931600004
2026-03-25T17:00:00.000Z,598.64,602.56,596.87,601.425,641925.024506
2026-03-25T17:30:00.000Z,601.48,601.71,598.85,599.36,689492.8840769997
2026-03-25T18:00:00.000Z,599.3,599.58,596.3807,596.575,522706.4509719998
2026-03-25T18:30:00.000Z,596.61,598.95,595.31,595.67,796055.964683
2026-03-25T19:00:00.000Z,595.745,596.47,593.75,595.93,735235.4733559999
2026-03-25T19:30:00.000Z,595.88,595.91,593.4,594.95,1394457.817729
2026-03-26T13:30:00.000Z,582.49,583,574.47,575.88,3480555.792328
2026-03-26T14:00:00.000Z,576,579.49,568.65,568.79,2502628.7085909997
2026-03-26T14:30:00.000Z,568.79,570.53,560.87,561.5399,3455313.969875001
2026-03-26T15:00:00.000Z,561.46,564.29,560.54,560.905,2152842.8227750002
2026-03-26T15:30:00.000Z,560.8725,560.9099,556,556.58,2559077.0031
2026-03-26T16:00:00.000Z,556.53,557.37,553.54,554.525,2166815.4595840005
2026-03-26T16:30:00.000Z,554.52,555.88,551.2,551.7042,2011546.9410080004
2026-03-26T17:00:00.000Z,551.68,553.49,550.31,551.2255,1774326.3252299998
2026-03-26T17:30:00.000Z,551.175,553.08,545.25,546.095,2751107.892311999
2026-03-26T18:00:00.000Z,546.095,548,543.35,544.13,1822164.666941
2026-03-26T18:30:00.000Z,544.14,548.16,543.7301,547.3972,1740761.8322329996
2026-03-26T19:00:00.000Z,547.38,550.01,545.55,549.795,1957818.2018509996
2026-03-26T19:30:00.000Z,549.795,549.97,546.16,547.15,3198768.280888
2026-03-27T13:30:00.000Z,540.1,543.5999,533.86,533.99,3329715.696787
2026-03-27T14:00:00.000Z,533.87,534.62,529.83,530.91,2939387.1735659996
2026-03-27T14:30:00.000Z,530.91,533.15,529.24,530.2201,1794422.817232
2026-03-27T15:00:00.000Z,530.29,531.23,526.53,529.335,2245885.230642
2026-03-27T15:30:00.000Z,529.31,530.82,528.09,529.71,1633676.0581440006
2026-03-27T16:00:00.000Z,529.71,530.16,526.11,527.065,1551856.568612
2026-03-27T16:30:00.000Z,527.065,530.49,526.96,527.97,1483320.9092940001
2026-03-27T17:00:00.000Z,528,529.77,523.58,524.34,1656457.6173270005
2026-03-27T17:30:00.000Z,524.27,524.49,521.05,521.13,1865301.338869
2026-03-27T18:00:00.000Z,521.095,524.41,520.26,524.115,1851059.9277319994
2026-03-27T18:30:00.000Z,524.02,525.48,523.41,524.555,1494969.8430919996
2026-03-27T19:00:00.000Z,524.59,526.7,523.43,526.405,1412514.330869
2026-03-27T19:30:00.000Z,526.42,527.2,524,525.71,2524913.0626999997
2026-03-30T13:30:00.000Z,536.38,537.2,529.6,531.5206,3200072.2637619996
2026-03-30T14:00:00.000Z,531.46,533.85,528.54,532.675,1773676.3056140002
2026-03-30T14:30:00.000Z,532.655,535,530.475,534.875,1521985.1796809998
2026-03-30T15:00:00.000Z,534.97,536.7158,531.75,534.3,1827760.4014119995
2026-03-30T15:30:00.000Z,534.33,539.55,534.07,537.97,1460198.0946849997
2026-03-30T16:00:00.000Z,538,538.96,536.67,536.7,846566.857335
2026-03-30T16:30:00.000Z,536.7,538.4599,535.35,537.12,851957.646904
2026-03-30T17:00:00.000Z,537.12,538.17,535.51,535.97,871100.458371
2026-03-30T17:30:00.000Z,536.05,537.93,535.2,537.84,827441.441603
2026-03-30T18:00:00.000Z,537.9,539.55,536.94,537.4,1097180.790392
2026-03-30T18:30:00.000Z,537.405,538.22,535.8,536.12,1004642.539235
2026-03-30T19:00:00.000Z,536.06,537.27,534.2746,534.96,1191136.093321
2026-03-30T19:30:00.000Z,534.99,537.3,533.23,536.38,2447689.851284
2026-03-31T13:30:00.000Z,549.98,559.06,546.77,557.39,3972895.300407
2026-03-31T14:00:00.000Z,557.48,558.73,555.01,555.7308,1768718.8899130004
2026-03-31T14:30:00.000Z,555.78,557.91,551.56,552.155,2518669.5741629996
2026-03-31T15:00:00.000Z,552.19,557.88,551.55,557.48,1239174.458309
2026-03-31T15:30:00.000Z,557.62,558.78,555.85,556.53,949705.0031330001
2026-03-31T16:00:00.000Z,556.645,561.04,556.39,560.06,1195482.5619879998
2026-03-31T16:30:00.000Z,560.09,567.42,559.8,566.48,1978965.9627989994
2026-03-31T17:00:00.000Z,566.6,573.69,566.43,570.28,2230971.7399599995
2026-03-31T17:30:00.000Z,570.21,572.07,568.15,568.81,1454762.701102
2026-03-31T18:00:00.000Z,568.92,571.6,568.56,571.23,966832.5104699997
2026-03-31T18:30:00.000Z,571.315,572.12,570.347,570.43,1056967.946131
2026-03-31T19:00:00.000Z,570.34,570.77,568.69,570.08,1184140.006259
2026-03-31T19:30:00.000Z,570.1,572.28,568.6,572.02,3461862.817534
2026-04-01T13:30:00.000Z,580.13,585,573.82,577.65,3629875.809299999
2026-04-01T14:00:00.000Z,577.66,580.3099,576.11,579.43,1426615.7402629997
2026-04-01T14:30:00.000Z,579.27,582.26,576.29,581.936,1199504.1168199999
2026-04-01T15:00:00.000Z,581.905,583.81,580.8,583.2799,1142217.982211
2026-04-01T15:30:00.000Z,583.126,584.45,581.96,583.57,931648.33303
2026-04-01T16:00:00.000Z,583.49,588.12,583.49,587.22,1715174.1760939998
2026-04-01T16:30:00.000Z,587.205,589.87,586.71,589.61,1216581.811281
2026-04-01T17:00:00.000Z,589.63,592.5465,589.475,590.59,1476960.5879430003
2026-04-01T17:30:00.000Z,590.585,590.8199,586.09,586.22,1174043.678269
2026-04-01T18:00:00.000Z,586.185,586.36,579.22,579.52,1607528.4803260001
2026-04-01T18:30:00.000Z,579.6,580,576.3837,577.06,1254207.6667720003
2026-04-01T19:00:00.000Z,577.1599,580.96,577.07,580.8,1171874.7751289997
2026-04-01T19:30:00.000Z,580.805,582.7699,578.01,579.19,2211796.0527339997
2026-04-02T13:30:00.000Z,566.035,569.41,559.7,567.4025,2431247.4407510003
2026-04-02T14:00:00.000Z,567.31,570,566.661,569.15,1254635.7774579995
2026-04-02T14:30:00.000Z,569.155,578.5,568.79,572.365,1653667.7983010001
2026-04-02T15:00:00.000Z,572.33,573.0957,569.55,572.42,788943.775024
2026-04-02T15:30:00.000Z,572.305,574.11,569.8172,570.77,683295.2522270002
2026-04-02T16:00:00.000Z,570.9,572,569.877,570.39,550512.1817089998
2026-04-02T16:30:00.000Z,570.405,573.34,570.21,571.46,417220.17779900006
2026-04-02T17:00:00.000Z,571.33,573.35,570.2,572.385,492904.722359
2026-04-02T17:30:00.000Z,572.3825,572.7,569.5,570.41,501775.25418200006
2026-04-02T18:00:00.000Z,570.24,573.56,570.24,572.4422,486798.912245
2026-04-02T18:30:00.000Z,572.5,573.9399,572.475,572.93,387434.47082900006
2026-04-02T19:00:00.000Z,572.95,574.7999,572.69,573.89,614321.8268810001
2026-04-02T19:30:00.000Z,573.84,575.13,573.56,574.61,1076732.707405
2026-04-06T13:30:00.000Z,577.69,582.79,576.6,581.16,911492.5649349998
2026-04-06T14:00:00.000Z,580.87,582.29,576.4801,577.13,703421.1697910003
2026-04-06T14:30:00.000Z,577.36,577.8699,573.56,575.95,644688.3766249999
2026-04-06T15:00:00.000Z,575.96,578.99,575.96,576.83,600342.298697
2026-04-06T15:30:00.000Z,576.85,578.66,576.02,578.31,337210.582978
2026-04-06T16:00:00.000Z,578.35,579.3099,577.91,579.12,338638.96632599994
2026-04-06T16:30:00.000Z,579.125,580.2399,577.52,577.61,461356.809229
2026-04-06T17:00:00.000Z,577.71,577.83,575.21,577,374292.786649
2026-04-06T17:30:00.000Z,577.04,577.88,575.5233,575.76,279881.611055
2026-04-06T18:00:00.000Z,575.6638,578.78,575.0701,578.07,359158.347742
2026-04-06T18:30:00.000Z,578.14,578.61,577.22,577.49,249626.25555800003
2026-04-06T19:00:00.000Z,577.52,577.94,576.63,576.83,287614.98995400005
2026-04-06T19:30:00.000Z,576.845,577.08,572,573.02,1677347.3246730003
2026-04-07T13:30:00.000Z,572.48,572.96,568.41,569.205,1098718.631105
2026-04-07T14:00:00.000Z,569.205,570.22,565.61,569.935,853940.9853480001
2026-04-07T14:30:00.000Z,569.99,570.44,566.37,566.48,445737.58712200006
2026-04-07T15:00:00.000Z,566.43,568.29,564.76,566.68,581975.286282
2026-04-07T15:30:00.000Z,566.91,567.5984,565.76,567.16,395641.622331
2026-04-07T16:00:00.000Z,567.25,570.18,566.98,569.005,412410.32472400006
2026-04-07T16:30:00.000Z,569.005,570.5,568.5501,568.97,370723.121459
2026-04-07T17:00:00.000Z,568.97,569.82,567.5501,568.3,360821.094413
2026-04-07T17:30:00.000Z,568.37,571.69,568.22,569.64,423659.9009800001
2026-04-07T18:00:00.000Z,569.56,569.91,568.23,568.79,299558.198443
2026-04-07T18:30:00.000Z,568.8,568.85,565.84,566.1,261646.37162099997
2026-04-07T19:00:00.000Z,566.16,571.245,565.5,569.27,656260.7125290001
2026-04-07T19:30:00.000Z,569.15,575.225,568.2201,574.91,1262016.254789
2026-04-08T13:30:00.000Z,606,608.96,599.1,600.29,3451229.3327489994
2026-04-08T14:00:00.000Z,600.16,600.48,596.11,596.48,1239103.977957
2026-04-08T14:30:00.000Z,596.48,598.64,592.7001,593.9299,1201564.83629
2026-04-08T15:00:00.000Z,593.835,594.49,592.45,593.18,715172.9918140001
2026-04-08T15:30:00.000Z,593.1,597.46,591.83,596.755,959261.3294489998
2026-04-08T16:00:00.000Z,596.755,622.87,596.755,621.34,6175773.046716001
2026-04-08T16:30:00.000Z,621.19,629.95,618.88,627.66,4188591.1505380003
2026-04-08T17:00:00.000Z,627.68,629.48,621.25,622.41,2680858.540081999
2026-04-08T17:30:00.000Z,622.485,625.25,617.76,618.52,1766114.2066549999
2026-04-08T18:00:00.000Z,618.5116,620.1442,616.4,616.6141,1173983.699589
2026-04-08T18:30:00.000Z,616.665,616.94,611.21,611.28,1279832.929678
2026-04-08T19:00:00.000Z,611.24,612.98,609.94,610.19,1204479.307679
2026-04-08T19:30:00.000Z,610.185,613.4999,609.6,612.69,2571016.62449
2026-04-09T13:30:00.000Z,626.97,632.7,623,625.192,3843433.5705950004
2026-04-09T14:00:00.000Z,625.4935,626.75,623.17,625.5475,1584627.0651580002
2026-04-09T14:30:00.000Z,625.595,631.26,624.55,630.815,1444853.0489279998
2026-04-09T15:00:00.000Z,630.815,632,628.4,629.6,1204835.807473
2026-04-09T15:30:00.000Z,629.585,635.145,628.9,634.18,1256052.55866
2026-04-09T16:00:00.000Z,634.22,637.5,634.13,634.995,1136769.616717
2026-04-09T16:30:00.000Z,635.08,635.4999,631.4,633.035,875970.9712380001
2026-04-09T17:00:00.000Z,633.045,633.9674,631.021,631.1,686018.497469
2026-04-09T17:30:00.000Z,631.16,632.72,630.36,630.9,593633.4996979999
2026-04-09T18:00:00.000Z,630.89,631.14,627.3228,628.13,687894.0046969999
2026-04-09T18:30:00.000Z,628.105,628.78,627.221,627.805,692736.7123999998
2026-04-09T19:00:00.000Z,627.81,629.73,627.4,629.1,553195.0431260001
2026-04-09T19:30:00.000Z,629.17,630.16,626,628.25,1664511.8469059998
2026-04-10T13:30:00.000Z,634.47,638.58,629.6101,632.175,2037528.4374889997
2026-04-10T14:00:00.000Z,632.14,636.8899,629.02,635.29,1243183.083379
2026-04-10T14:30:00.000Z,635.25,635.87,631.44,632.11,816684.2601919997
2026-04-10T15:00:00.000Z,632.07,632.66,630.38,630.38,850678.829053
2026-04-10T15:30:00.000Z,630.38,630.73,625.355,625.995,865492.3815410001
2026-04-10T16:00:00.000Z,626.05,628.6399,624.95,627.94,731153.971698
2026-04-10T16:30:00.000Z,627.89,628.55,625.92,628,533533.455325
2026-04-10T17:00:00.000Z,627.99,628.0699,626.44,627.01,472958.4688070001
2026-04-10T17:30:00.000Z,626.9,627.9599,626.6,627.23,372613.269599
2026-04-10T18:00:00.000Z,627.23,627.23,624.9,625.135,480363.970097
2026-04-10T18:30:00.000Z,625.14,625.6901,624.33,625.615,476674.045238
2026-04-10T19:00:00.000Z,625.57,628.63,625.53,627.61,694024.9660419999
2026-04-10T19:30:00.000Z,627.67,629.95,627.3,629.89,1291489.101406
2026-04-13T13:30:00.000Z,629.5,630.4,624.4,630.21,1345772.4093690002
2026-04-13T14:00:00.000Z,630.105,633.7,625.5,626.965,954617.5133359999
2026-04-13T14:30:00.000Z,626.97,627.8899,625.5502,627.695,591725.7534200001
2026-04-13T15:00:00.000Z,627.635,627.72,625.15,625.945,506005.8091390001
2026-04-13T15:30:00.000Z,625.82,629.01,625.72,627.36,432575.5857880001
2026-04-13T16:00:00.000Z,627.42,629.46,626.095,629.33,340204.4963440001
2026-04-13T16:30:00.000Z,629.318,630.96,628.2901,629.915,369508.53867399995
2026-04-13T17:00:00.000Z,629.86,630.5,629.17,629.98,320677.11317
2026-04-13T17:30:00.000Z,629.98,630.51,629.2001,630.295,330906.1926
2026-04-13T18:00:00.000Z,630.34,631.72,630.31,631.265,505946.2068489999
2026-04-13T18:30:00.000Z,631.265,633.08,631.265,632.64,457082.69862000004
2026-04-13T19:00:00.000Z,632.645,633.13,631.9,632.25,457268.26358900004
2026-04-13T19:30:00.000Z,632.25,635,631.83,634.52,1027108.3554179999
2026-04-14T13:30:00.000Z,643.22,652.4539,639.3705,649.07,2605436.1096589994
2026-04-14T14:00:00.000Z,649.07,654.08,648.3901,653.6456,1126380.218255
2026-04-14T14:30:00.000Z,653.8221,658.52,653,658.045,1569632.275799
2026-04-14T15:00:00.000Z,657.93,661.5,655.84,660.265,1304792.726982
2026-04-14T15:30:00.000Z,660.24,664.88,660.05,663.38,1472530.3873819993
2026-04-14T16:00:00.000Z,663.36,665.5991,662.28,664.93,818539.6029099999
2026-04-14T16:30:00.000Z,664.93,665.29,661.9012,662.12,672232.8762079999
2026-04-14T17:00:00.000Z,662.19,662.9144,661.36,661.855,480860.8857069999
2026-04-14T17:30:00.000Z,661.9,666.26,661.82,665.67,745944.48641
2026-04-14T18:00:00.000Z,665.67,665.9399,659.91,660.18,779520.1631729999
2026-04-14T18:30:00.000Z,660.12,661.54,660.01,660.92,572569.894928
2026-04-14T19:00:00.000Z,660.925,662.56,660.72,661.435,585930.6455580001
2026-04-14T19:30:00.000Z,661.4,662.78,659.69,662.55,1663031.6313589998
2026-04-15T13:30:00.000Z,667,671.5,664.22,671.5,2207572.166202
2026-04-15T14:00:00.000Z,671.58,675.39,670,674.755,1523385.1274319997
2026-04-15T14:30:00.000Z,674.755,676.155,672.54,674.025,995369.6617980001
2026-04-15T15:00:00.000Z,674.075,674.66,672.1442,673.63,733524.667078
2026-04-15T15:30:00.000Z,673.62,676.09,672.67,674.87,698177.855135
2026-04-15T16:00:00.000Z,674.87,678.5,674.49,676.71,907305.209232
2026-04-15T16:30:00.000Z,676.77,676.87,672.42,673.71,794171.4003730001
2026-04-15T17:00:00.000Z,673.775,674.7429,673,674.29,389568.59216099995
2026-04-15T17:30:00.000Z,674.19,675,670.9,671.14,478424.1677659999
2026-04-15T18:00:00.000Z,671.195,673.6899,671.09,672.6,396489.5941909999
2026-04-15T18:30:00.000Z,672.67,675.15,672.67,674.685,421749.4724250001
2026-04-15T19:00:00.000Z,674.685,674.74,672.0601,672.59,519872.891245
2026-04-15T19:30:00.000Z,672.59,674.61,670.05,671.56,1595738.505079
2026-04-16T13:30:00.000Z,675.99,676.9,668.79,670.25,1341169.606459
2026-04-16T14:00:00.000Z,670.21,672.88,667.75,670.02,727669.351031
2026-04-16T14:30:00.000Z,670.1,674.13,670,671.925,532327.0566619999
2026-04-16T15:00:00.000Z,671.925,675.29,671.02,673.23,618240.0857820001
2026-04-16T15:30:00.000Z,673.24,676.0899,672.88,676.05,410503.25246300007
2026-04-16T16:00:00.000Z,676,677.41,675.7701,675.94,444559.178608
2026-04-16T16:30:00.000Z,675.89,676.03,673.245,674.4,301212.77738999994
2026-04-16T17:00:00.000Z,674.37,675,673.01,674.49,307894.6621559999
2026-04-16T17:30:00.000Z,674.49,677.055,673.88,674.7514,370281.3290689999
2026-04-16T18:00:00.000Z,674.725,675.265,671.8701,672.59,361298.98732899997
2026-04-16T18:30:00.000Z,672.64,674.93,672.58,674.405,334339.39959100005
2026-04-16T19:00:00.000Z,674.47,674.9399,673.07,673.5,368484.44029299996
2026-04-16T19:30:00.000Z,673.465,677.58,673.25,676.81,1330253.752119
2026-04-17T13:30:00.000Z,678.6,687.79,675.13,684.855,2642514.850896
2026-04-17T14:00:00.000Z,684.795,687.2799,682.27,682.51,917947.2883230004
2026-04-17T14:30:00.000Z,682.49,687.77,682.49,686.22,981663.6372940001
2026-04-17T15:00:00.000Z,686.22,686.23,681.9,683.7,1013934.0935290002
2026-04-17T15:30:00.000Z,683.675,685.59,682.9511,683.2838,561571.352623
2026-04-17T16:00:00.000Z,683.28,685.38,682.7801,684.4499,928613.1698869995
2026-04-17T16:30:00.000Z,684.44,686.55,684.385,686.24,481390.0631119999
2026-04-17T17:00:00.000Z,686.195,686.47,682.21,683.25,437126.96840700007
2026-04-17T17:30:00.000Z,683.15,686.11,683.15,684.275,495114.75106400007
2026-04-17T18:00:00.000Z,684.33,684.91,682.03,683.39,481756.212063
2026-04-17T18:30:00.000Z,683.5,684.99,683.5,684.11,463125.636911
2026-04-17T19:00:00.000Z,684.22,684.95,683.39,684.371,441203.501162
2026-04-17T19:30:00.000Z,684.41,691.52,684.41,688.66,2473953.614599
2026-04-20T13:30:00.000Z,681.36,683.38,672.05,677.52,2179274.531266
2026-04-20T14:00:00.000Z,677.59,678.58,675.3783,676.0824,897190.6640740001
2026-04-20T14:30:00.000Z,676.13,676.7,669.38,670.21,1225616.605628
2026-04-20T15:00:00.000Z,670.25,673.8,668,673.57,935408.8278160003
2026-04-20T15:30:00.000Z,673.34,674.72,671.8,672.84,1078709.825963
2026-04-20T16:00:00.000Z,672.99,673.97,672.05,672.825,322087.92016700003
2026-04-20T16:30:00.000Z,672.91,673.52,671.23,671.785,326522.923618
2026-04-20T17:00:00.000Z,671.7362,673.5999,671.251,672.65,334150.424976
2026-04-20T17:30:00.000Z,672.715,673,671.0501,671.2,333258.516808
2026-04-20T18:00:00.000Z,671.21,673.14,670.91,672.645,432797.97800799995
2026-04-20T18:30:00.000Z,672.74,672.96,670.62,670.82,381583.77768299996
2026-04-20T19:00:00.000Z,670.785,671.37,669.8,670.7075,460468.01896400005
2026-04-20T19:30:00.000Z,670.75,672.13,669.45,670.95,1258826.9603149998
2026-04-21T13:30:00.000Z,671,674.9399,667.75,674.112,1006834.4271829998
2026-04-21T14:00:00.000Z,674.5,676.2,672.4,674.6755,572697.448331
2026-04-21T14:30:00.000Z,674.785,675.46,671.66,671.98,436516.8588390001
2026-04-21T15:00:00.000Z,672.06,673.38,670,672.345,549259.0940960001
2026-04-21T15:30:00.000Z,672.28,673.1246,670.29,671.192,318813.90675100003
2026-04-21T16:00:00.000Z,671.3,672.42,670.1,670.5786,290330.56583399995
2026-04-21T16:30:00.000Z,670.59,672.23,670,670.15,259899.47692199997
2026-04-21T17:00:00.000Z,670.1551,671.71,668.5001,669.19,481594.5237940001
2026-04-21T17:30:00.000Z,669.23,674.14,669.2,672.82,415611.5168620001
2026-04-21T18:00:00.000Z,672.86,673.7,670.5343,670.87,332151.590052
2026-04-21T18:30:00.000Z,670.91,673,670.48,672.86,287475.7383549999
2026-04-21T19:00:00.000Z,672.625,674.2,672.165,674.01,457957.056944
2026-04-21T19:30:00.000Z,674,674.6,667.33,668.9,1209423.295166
2026-04-22T13:30:00.000Z,674.355,676,669.75,672.78,957576.7905950001
2026-04-22T14:00:00.000Z,672.78,675.89,671.79,675.76,916249.251932
2026-04-22T14:30:00.000Z,675.83,676.13,672.87,674.35,504256.9061930001
2026-04-22T15:00:00.000Z,674.21,676.3,673.41,675.0699,359140.853317
2026-04-22T15:30:00.000Z,675.05,676.04,674.14,674.905,327814.5690979999
2026-04-22T16:00:00.000Z,674.95,675.55,673.8,674.005,306403.45482600003
2026-04-22T16:30:00.000Z,673.94,675.2,673.48,674.675,280006.56658600003
2026-04-22T17:00:00.000Z,674.675,676.21,674.6462,675.18,314457.229702
2026-04-22T17:30:00.000Z,675.2,677.87,674.92,676.49,497503.1495319999
2026-04-22T18:00:00.000Z,676.485,677.74,675.6001,675.765,377784.4023880001
2026-04-22T18:30:00.000Z,675.82,677.17,675.6,675.89,297622.212138
2026-04-22T19:00:00.000Z,675.86,676.44,674.87,675.865,429592.020041
2026-04-22T19:30:00.000Z,675.865,678.38,674.4,674.67,1334159.364412
2026-04-23T13:30:00.000Z,663.7,665.84,659.77,660.8,1519032.9111830003
2026-04-23T14:00:00.000Z,660.97,664.57,658.25,663.87,704891.4827539998
2026-04-23T14:30:00.000Z,664.08,665.95,662.85,665.515,482606.26022500003
2026-04-23T15:00:00.000Z,665.515,669.56,665.51,668.225,631123.1325780002
2026-04-23T15:30:00.000Z,668.225,669.01,665.5,666.18,451965.81247400003
2026-04-23T16:00:00.000Z,666.17,666.59,664.78,665.17,290748.77480799996
2026-04-23T16:30:00.000Z,665.12,666,665,665.44,182870.65843600003
2026-04-23T17:00:00.000Z,665.44,666.02,657.99,658.305,728363.9975080001
2026-04-23T17:30:00.000Z,658.24,669,653.05,658.135,1427067.4891979997
2026-04-23T18:00:00.000Z,657.99,660.03,657.155,658.41,613569.8614189998
2026-04-23T18:30:00.000Z,658.65,659.753,657.04,657.58,509261.11428300006
2026-04-23T19:00:00.000Z,657.58,659.88,657.19,659.66,474136.1139039999
2026-04-23T19:30:00.000Z,659.66,660.65,657.83,659.33,1159626.149941
2026-04-24T13:30:00.000Z,660.32,665.4699,653.8401,663.99,1634928.8922829998
2026-04-24T14:00:00.000Z,663.94,669.21,662.97,665.08,964689.461455
2026-04-24T14:30:00.000Z,665.16,667.96,664,667.335,540250.4466989998
2026-04-24T15:00:00.000Z,667.45,672.75,666.34,672.45,766439.378798
2026-04-24T15:30:00.000Z,672.45,676.53,671.8,675.5,984551.2913650002
2026-04-24T16:00:00.000Z,675.47,676.93,673.96,675.27,797106.3769190002
2026-04-24T16:30:00.000Z,675.26,679.7,675.11,679.15,705174.8574939999
2026-04-24T17:00:00.000Z,679.185,680.67,677.21,677.21,854160.7074529999
2026-04-24T17:30:00.000Z,677.2,678.3995,676.41,677.16,605804.603834
2026-04-24T18:00:00.000Z,677.06,677.45,674.13,674.925,427014.061124
2026-04-24T18:30:00.000Z,674.9795,676.18,674.2,676.125,433202.69572899997
2026-04-24T19:00:00.000Z,676.19,678.4799,675.8001,677.3801,664229.507663
2026-04-24T19:30:00.000Z,677.435,677.44,674.88,674.89,1320130.783303
2026-04-27T13:30:00.000Z,670.995,678.77,670.84,672.415,1796311.9447010003
2026-04-27T14:00:00.000Z,672.415,676.7,671.31,676.16,968201.0425249999
2026-04-27T14:30:00.000Z,676.2575,681.7199,675.1,681.402,1101046.479787
2026-04-27T15:00:00.000Z,681.4,682.5,675.29,676.51,826916.1616139999
2026-04-27T15:30:00.000Z,676.58,676.89,672.99,674.7,702207.9621240001
2026-04-27T16:00:00.000Z,674.76,675.76,674.03,675.265,759436.5623339999
2026-04-27T16:30:00.000Z,675.25,678.14,675.25,677.67,528487.289026
2026-04-27T17:00:00.000Z,677.655,680.08,677.17,680.045,435374.61341100006
2026-04-27T17:30:00.000Z,680.0125,680.58,678.5,679.275,495617.12409
2026-04-27T18:00:00.000Z,679.26,679.6,678.45,678.91,358747.7791329999
2026-04-27T18:30:00.000Z,678.89,679.95,677.52,678.41,473976.56216
2026-04-27T19:00:00.000Z,678.41,678.7,676.635,678.64,516653.3401050002
2026-04-27T19:30:00.000Z,678.64,680,677.14,678.46,1132384.037351
2026-04-28T13:30:00.000Z,674.24,678.18,669.89,672.22,1465896.106455
2026-04-28T14:00:00.000Z,672.22,675.16,671.3301,672.76,811505.7284319998
2026-04-28T14:30:00.000Z,672.75,672.75,666.6333,668.35,1038500.5320670004
2026-04-28T15:00:00.000Z,668.37,669.4999,665.625,667.415,678088.271009
2026-04-28T15:30:00.000Z,667.44,669.86,667,668.82,613773.2247799999
2026-04-28T16:00:00.000Z,668.8055,669.6299,666.3001,669.36,435766.89831899997
2026-04-28T16:30:00.000Z,669.29,670.62,668.22,670.24,295583.82598400005
2026-04-28T17:00:00.000Z,670.28,670.52,669,670.26,249610.71379299997
2026-04-28T17:30:00.000Z,670.24,671.095,668.585,670.37,317893.944405
2026-04-28T18:00:00.000Z,670.37,671.83,670.1173,671.748,349584.15416399995
2026-04-28T18:30:00.000Z,671.76,672.82,671.024,671.31,429182.2720950001
2026-04-28T19:00:00.000Z,671.27,671.36,669.53,670.48,572938.4229400001
2026-04-28T19:30:00.000Z,670.5201,671.58,669.3,671.18,884043.0421780001
2026-04-29T13:30:00.000Z,668.91,670,663.8084,669.585,1313719.4738310003
2026-04-29T14:00:00.000Z,669.6,673.22,668.5,671.97,1106453.648002
2026-04-29T14:30:00.000Z,671.87,673.94,670.38,672.085,695747.65199
2026-04-29T15:00:00.000Z,672.09,674,668.68,671.785,801399.3055050002
2026-04-29T15:30:00.000Z,671.785,672.22,667.87,669.22,684852.5315209999
2026-04-29T16:00:00.000Z,669.01,672.17,668.74,669.12,616332.5369830001
2026-04-29T16:30:00.000Z,669.11,669.11,666.59,667.685,472884.869682
2026-04-29T17:00:00.000Z,667.69,671.055,667.465,670.67,539936.422613
2026-04-29T17:30:00.000Z,670.76,671.88,669.23,671.8099,661286.309049
2026-04-29T18:00:00.000Z,671.74,672.66,669,670.655,650759.9850969999
2026-04-29T18:30:00.000Z,670.65,673.73,670.35,673.29,727210.2570340001
2026-04-29T19:00:00.000Z,673.32,674.25,671.39,673.4,1194626.2941059999
2026-04-29T19:30:00.000Z,673.35,673.54,667.84,669.91,2271749.4894540003
2026-04-30T13:30:00.000Z,619.32,620.85,601.18,603.9,11213171.948589
2026-04-30T14:00:00.000Z,603.98,606.31,600,602.2899,5283677.28744
2026-04-30T14:30:00.000Z,602.21,608.4,601,608.35,3210016.3720140005
2026-04-30T15:00:00.000Z,608.35,609.6,604.65,606.44,2931809.458411001
2026-04-30T15:30:00.000Z,606.45,609.54,606,608.01,2825352.148495
2026-04-30T16:00:00.000Z,608.01,612,606.48,608.8101,2304328.8310929993
2026-04-30T16:30:00.000Z,608.85,609.9681,605.5524,608.09,2028978.2335780002
2026-04-30T17:00:00.000Z,608.16,610.35,606.2,607.545,1618456.215195
2026-04-30T17:30:00.000Z,607.68,613.6657,607.63,613.3,1909843.0530949999
2026-04-30T18:00:00.000Z,613.2998,618.4,612.71,616.07,2527788.9257950005
2026-04-30T18:30:00.000Z,616.07,618.09,614.4707,616.155,1850059.134382
2026-04-30T19:00:00.000Z,616.16,618,614.7,617.04,1980092.7523400004
2026-04-30T19:30:00.000Z,617.07,619.92,611.2,612.075,4472838.684258999
2026-05-01T13:30:00.000Z,614.69,618.88,610.18,613.1501,2773078.2192859994
2026-05-01T14:00:00.000Z,613.295,614.3799,610.98,611.315,1869153.9172719999
2026-05-01T14:30:00.000Z,611.32,612.38,606.11,611.52,2305964.674601
2026-05-01T15:00:00.000Z,611.43,615,610.55,614.4256,1324965.4598320005
2026-05-01T15:30:00.000Z,614.45,614.84,609.96,611.93,1268068.517534
2026-05-01T16:00:00.000Z,611.86,612.83,610,612.1625,1165137.2723190002
2026-05-01T16:30:00.000Z,612.13,613.79,610.8,612.51,710469.4620899999
2026-05-01T17:00:00.000Z,612.49,615.67,611.52,615.615,1336746.247424
2026-05-01T17:30:00.000Z,615.62,615.98,611.85,612.03,884449.9872460003
2026-05-01T18:00:00.000Z,612.03,612.15,610.37,611.85,815533.2388060003
2026-05-01T18:30:00.000Z,611.835,613.5,610.75,611.255,1018213.7337900001
2026-05-01T19:00:00.000Z,611.1801,611.77,609.5,611.275,1237204.1174030001
2026-05-01T19:30:00.000Z,611.26,612.7,608.38,608.745,2440870.861504
2026-05-04T13:30:00.000Z,607.935,608.4,604.08,604.2,2334425.0963700004
2026-05-04T14:00:00.000Z,604.13,607.6,602.7501,605.59,1538245.572978
2026-05-04T14:30:00.000Z,605.64,613.4999,605.382,612.66,1728831.6318780002
2026-05-04T15:00:00.000Z,612.82,613.7499,607,608.2718,1363283.9683770002
2026-05-04T15:30:00.000Z,608.2401,610.78,606.3516,608.4301,647794.3949649999
2026-05-04T16:00:00.000Z,608.5633,612.14,607.02,611.16,762948.74872
2026-05-04T16:30:00.000Z,611.1,612.36,609.59,610.77,595291.420489
2026-05-04T17:00:00.000Z,610.81,612.87,610.48,611.81,485907.38165299996
2026-05-04T17:30:00.000Z,611.76,614,611.26,613.16,590936.898584
2026-05-04T18:00:00.000Z,613.2025,613.98,611.14,612.156,516523.860666
2026-05-04T18:30:00.000Z,612.12,612.93,610.55,611.73,851598.701035
2026-05-04T19:00:00.000Z,611.84,612.49,610.21,612.39,902323.3781969998
2026-05-04T19:30:00.000Z,612.48,613.22,610.01,610.54,1516026.772126
2026-05-05T13:30:00.000Z,613.31,614.35,605.87,606.89,2178711.008136
2026-05-05T14:00:00.000Z,606.77,607.88,603.5801,604.5,1363744.951448
2026-05-05T14:30:00.000Z,604.42,606.1,602,602.905,1230726.8683930002
2026-05-05T15:00:00.000Z,602.89,604.72,601.43,604.59,1080427.3684240002
2026-05-05T15:30:00.000Z,604.6,605.15,602.095,602.16,689310.9032399999
2026-05-05T16:00:00.000Z,602.29,602.787,600.36,601.555,1036318.15601
2026-05-05T16:30:00.000Z,601.485,602.11,600.771,601.72,678670.5227969999
2026-05-05T17:00:00.000Z,601.77,602.39,601.16,602.08,948547.2733550001
2026-05-05T17:30:00.000Z,602.08,604.5,602.08,603.48,793526.1162010002
2026-05-05T18:00:00.000Z,603.5,605.105,602.76,602.805,607750.502954
2026-05-05T18:30:00.000Z,602.81,603.21,600.7201,601.115,707124.936447
2026-05-05T19:00:00.000Z,601.05,605.93,600.55,605.795,1580132.4542180004
2026-05-05T19:30:00.000Z,605.76,606.8,603.88,605.08,1877357.5267210002
2026-05-06T13:30:00.000Z,601.05,605.48,598.1,603.91,3097693.588058
2026-05-06T14:00:00.000Z,603.91,618.73,603.79,614.505,3488895.098911
2026-05-06T14:30:00.000Z,614.68,619.95,613.18,617.16,1584731.2463419999
2026-05-06T15:00:00.000Z,617.195,618.46,612.1201,612.785,969429.5302159997
2026-05-06T15:30:00.000Z,612.79,614.92,612.5405,613.25,1139129.361415
2026-05-06T16:00:00.000Z,613.26,613.3599,611.76,612.5801,739491.138432
2026-05-06T16:30:00.000Z,612.74,612.89,610.59,612.1,630056.3121160001
2026-05-06T17:00:00.000Z,612.02,613.98,611.72,613.3816,448662.0012900001
2026-05-06T17:30:00.000Z,613.27,613.4599,611.49,613.02,448616.91823599994
2026-05-06T18:00:00.000Z,613,614.22,612.05,614.19,621912.376418
2026-05-06T18:30:00.000Z,614.22,615.38,613.89,614.76,593088.8438810002
2026-05-06T19:00:00.000Z,614.69,615.3,612.17,612.61,586004.992579
2026-05-06T19:30:00.000Z,612.6,613.72,612.01,612.54,1295313.994517
2026-05-07T13:30:00.000Z,614.72,623.07,613.95,622.66,1981175.706157
2026-05-07T14:00:00.000Z,622.7,624.98,620.29,620.86,1050066.1902859998
2026-05-07T14:30:00.000Z,620.8315,624.95,619.61,622.8945,841138.9261840001
2026-05-07T15:00:00.000Z,622.89,624.25,621.24,621.27,783599.73746
2026-05-07T15:30:00.000Z,621.38,623.39,620.5,622.24,751222.1172480001
2026-05-07T16:00:00.000Z,622.28,622.33,616.2601,619.86,849668.8546799999
2026-05-07T16:30:00.000Z,619.855,619.98,616.05,616.97,545613.30027
2026-05-07T17:00:00.000Z,616.97,618.075,613.6301,614.96,897924.611661
2026-05-07T17:30:00.000Z,614.96,616.2229,613.5401,616.03,373888.039027
2026-05-07T18:00:00.000Z,616.05,617.1599,614.54,616.6801,347180.091512
2026-05-07T18:30:00.000Z,616.68,617.2999,615.5,617.165,397596.8702739999
2026-05-07T19:00:00.000Z,617.21,617.21,615.03,615.81,322355.396015
2026-05-07T19:30:00.000Z,615.805,617.99,615.27,616.91,895166.04833
2026-05-08T13:30:00.000Z,615.2,616.77,612.75,614.115,1257780.5773959998
2026-05-08T14:00:00.000Z,613.93,616.52,612.31,612.85,1043707.284229
2026-05-08T14:30:00.000Z,612.87,613.52,611.01,611.61,873136.8658660002
2026-05-08T15:00:00.000Z,611.5,611.61,608.1,608.9,1241585.447554
2026-05-08T15:30:00.000Z,608.89,609.1494,606.0601,607.315,1106936.7270209999
2026-05-08T16:00:00.000Z,607.35,610.3,607.26,608.1,793114.975487
2026-05-08T16:30:00.000Z,608.2181,609.325,607.5,608.88,483766.7037489999
2026-05-08T17:00:00.000Z,608.845,610.25,608.55,609.915,457334.339137
2026-05-08T17:30:00.000Z,609.87,610.85,608.7,610.38,415188.15856699995
2026-05-08T18:00:00.000Z,610.5,611.5,610,611.355,438524.173292
2026-05-08T18:30:00.000Z,611.4,611.5,608.73,609.41,455959.03075900004
2026-05-08T19:00:00.000Z,609.57,610.45,609.035,610.24,825657.502267
2026-05-08T19:30:00.000Z,610.25,611,609.33,609.66,1473763.1015179998
2026-05-11T13:30:00.000Z,604.57,604.9069,599.8001,601.185,2547577.213183
2026-05-11T14:00:00.000Z,601.21,603.68,600.7,602.62,1038753.1444529999
2026-05-11T14:30:00.000Z,602.605,603.19,600.1,601.69,1120665.173241
2026-05-11T15:00:00.000Z,601.64,602.72,600.15,602.3972,1037175.7365980002
2026-05-11T15:30:00.000Z,602.435,604.61,602.0242,603.21,725421.054492
2026-05-11T16:00:00.000Z,603.2751,603.83,601.78,602.705,544714.2343390001
2026-05-11T16:30:00.000Z,602.705,604.39,602.13,602.425,512034.29391000007
2026-05-11T17:00:00.000Z,602.445,602.4988,599.88,601.31,1029755.4006500002
2026-05-11T17:30:00.000Z,601.31,603.15,601.31,602.97,454434.961762
2026-05-11T18:00:00.000Z,602.915,603.4395,600.1,600.55,680807.5422959999
2026-05-11T18:30:00.000Z,600.55,600.7,598.66,599.26,969863.1781400002
2026-05-11T19:00:00.000Z,599.29,599.83,598.64,599.5,797485.5054429999
2026-05-11T19:30:00.000Z,599.49,599.9,598.0801,598.85,1512130.462664
2026-05-12T13:30:00.000Z,594.815,601,592.6,600.18,1851357.047834
2026-05-12T14:00:00.000Z,600.19,603.745,597.7,602.02,1233397.9136770002
2026-05-12T14:30:00.000Z,602.13,603.5,600,601.06,689939.370481
2026-05-12T15:00:00.000Z,601.06,601.89,600.0201,601.89,571260.5437
2026-05-12T15:30:00.000Z,601.83,601.88,599.5,600.475,434567.30961
2026-05-12T16:00:00.000Z,600.53,600.969,599.29,600.04,363034.7916669999
2026-05-12T16:30:00.000Z,600.2,601.54,599.43,599.93,503449.848071
2026-05-12T17:00:00.000Z,600,600.3,596.5271,598.79,681587.193614
2026-05-12T17:30:00.000Z,598.74,600.529,598.35,600.45,403830.66266999993
2026-05-12T18:00:00.000Z,600.36,600.86,599.03,600.425,355002.676611
2026-05-12T18:30:00.000Z,600.37,600.5,599,599.75,401713.82309500006
2026-05-12T19:00:00.000Z,599.825,602.44,598.93,602.4394,576741.519754
2026-05-12T19:30:00.000Z,602.44,603.4,601.1401,603.1,1111984.2800679998
2026-05-13T13:30:00.000Z,598.83,606.1499,596.6601,605.71,1692260.0401600003
2026-05-13T14:00:00.000Z,605.8299,609.375,604.59,606.35,1309346.0788959998
2026-05-13T14:30:00.000Z,606.35,606.385,602.93,604.575,718594.3404440002
2026-05-13T15:00:00.000Z,604.45,606.97,603.69,606.4896,619018.954344
2026-05-13T15:30:00.000Z,606.44,609.27,605.5101,608.51,794038.199572
2026-05-13T16:00:00.000Z,608.485,612.62,608.0612,612.55,916757.364834
2026-05-13T16:30:00.000Z,612.5,615.6,611.46,615.555,1016210.876194
2026-05-13T17:00:00.000Z,615.6,616.66,614.4,615.51,875836.9878359998
2026-05-13T17:30:00.000Z,615.44,616.75,614.66,615.1,564967.3140049999
2026-05-13T18:00:00.000Z,615.1,618.5,614.85,617.88,732608.7593439999
2026-05-13T18:30:00.000Z,617.87,619.9,617.07,617.145,936488.086415
2026-05-13T19:00:00.000Z,617.145,618.36,616.24,616.6001,686078.6314820001
2026-05-13T19:30:00.000Z,616.6,617.78,615.315,616.63,1242760.975272
2026-05-14T13:30:00.000Z,616,619.46,615,617.5,1263039.961942
2026-05-14T14:00:00.000Z,617.505,623.19,617.46,621.91,1436242.4290860002
2026-05-14T14:30:00.000Z,622.13,622.4,617.9201,620.32,816357.077401
2026-05-14T15:00:00.000Z,620.32,622.85,620.24,622.025,594694.8739989998
2026-05-14T15:30:00.000Z,621.92,622.88,620.68,621.5,512729.783751
2026-05-14T16:00:00.000Z,621.515,623.73,620.61,620.88,498228.02856000006
2026-05-14T16:30:00.000Z,621.04,621.2103,618.86,619.39,650910.2684150002
2026-05-14T17:00:00.000Z,619.43,619.84,618.06,619.14,405555.77693899994
2026-05-14T17:30:00.000Z,619.15,619.9,618.38,618.825,298717.653797
2026-05-14T18:00:00.000Z,618.78,618.825,615.75,615.88,522596.7321989999
2026-05-14T18:30:00.000Z,615.83,617.2,615.4,616.67,590767.3644760001
2026-05-14T19:00:00.000Z,616.71,617.9989,616.511,617.18,395234.89640300005
2026-05-14T19:30:00.000Z,617.21,618.75,617.14,618.43,972048.6120379999
2026-05-15T13:30:00.000Z,613.99,615,609.31,610.2624,1714616.8812820008
2026-05-15T14:00:00.000Z,610.21,613.96,609.77,612.44,695472.6902480001
2026-05-15T14:30:00.000Z,612.49,615.18,612.48,614.84,1436837.7383849998
2026-05-15T15:00:00.000Z,614.9,616,613.13,614.9227,808090.12575
2026-05-15T15:30:00.000Z,615.07,615.99,611.73,613.27,402715.27310200006
2026-05-15T16:00:00.000Z,613.4,615.74,613,615.395,346883.5630930001
2026-05-15T16:30:00.000Z,615.395,617.03,614.58,615.85,354378.89891999995
2026-05-15T17:00:00.000Z,615.82,618.37,615.38,618.055,398874.28109199996
2026-05-15T17:30:00.000Z,618.05,620.45,617.64,620.14,684934.3421950002
2026-05-15T18:00:00.000Z,620.14,621.1999,618.8128,619.06,481787.9523880001
2026-05-15T18:30:00.000Z,619.065,619.22,616.46,616.86,487582.97392200003
2026-05-15T19:00:00.000Z,616.9,617.28,615.59,616.375,789399.1411349999
2026-05-15T19:30:00.000Z,616.32,616.53,613.08,614.29,1646414.37505
2026-05-18T13:30:00.000Z,609.105,612,603.69,611.855,2416845.1078159995
2026-05-18T14:00:00.000Z,611.855,612.22,609.05,611.47,1043887.08164
2026-05-18T14:30:00.000Z,611.57,611.98,605.71,609.32,932947.5166460001
2026-05-18T15:00:00.000Z,609.4,609.51,605.99,607.75,743288.1258000002
2026-05-18T15:30:00.000Z,607.59,610,606.86,607.49,541131.15886
2026-05-18T16:00:00.000Z,607.5,610.515,606.67,608.06,670772.9519640001
2026-05-18T16:30:00.000Z,608.06,610.85,607.47,609.79,588861.867366
2026-05-18T17:00:00.000Z,609.79,613.6189,609.0001,613.05,562399.1720290001
2026-05-18T17:30:00.000Z,613.05,615.59,612.38,614.5251,638321.299977
2026-05-18T18:00:00.000Z,614.5251,614.75,609.7527,610.4,599305.1770779999
2026-05-18T18:30:00.000Z,610.48,611.25,607.3887,607.425,525956.145681
2026-05-18T19:00:00.000Z,607.51,612.74,607.42,611.745,659617.6328740001
2026-05-18T19:30:00.000Z,611.765,612.46,610.06,611.33,993432.2905860002
2026-05-19T13:30:00.000Z,608.92,613.93,605.11,612.61,1422257.0839909997
2026-05-19T14:00:00.000Z,612.73,613.5,607.6037,608.8151,880489.6851140001
2026-05-19T14:30:00.000Z,608.99,609.23,604.8,606.85,644280.2061579999
2026-05-19T15:00:00.000Z,606.77,607.61,604.09,604.22,750983.242613
2026-05-19T15:30:00.000Z,604.2,605.24,602.02,602.845,889278.3693430003
2026-05-19T16:00:00.000Z,602.95,604.15,601.79,602.3,484488.39818899997
2026-05-19T16:30:00.000Z,602.23,604.47,600.55,603.9,656823.23535
2026-05-19T17:00:00.000Z,603.86,604.48,602.8001,603.795,319693.58262899995
2026-05-19T17:30:00.000Z,603.74,604.43,601.9624,602.6899,405175.907862
2026-05-19T18:00:00.000Z,602.68,602.81,601.6,602.48,347742.782707
2026-05-19T18:30:00.000Z,602.485,603.31,600.75,601.12,355392.76465299993
2026-05-19T19:00:00.000Z,601.12,602.96,600.62,602.47,482229.3489480002
2026-05-19T19:30:00.000Z,602.54,603.38,601.45,602.75,1187398.692146
2026-05-20T13:30:00.000Z,600.755,602.72,599,600.13,1463045.9855040002
2026-05-20T14:00:00.000Z,600.145,603.17,597.81,601.8,1291793.8482669997
2026-05-20T14:30:00.000Z,601.73,605.365,600.465,604.9097,810071.5465540001
2026-05-20T15:00:00.000Z,604.74,608,603.62,605.575,1196622.4475139999
2026-05-20T15:30:00.000Z,605.65,606.72,605.02,606.265,655143.8385089999
2026-05-20T16:00:00.000Z,606.265,606.46,603.99,604.09,358510.80617
2026-05-20T16:30:00.000Z,604.1881,605.22,603.34,604.685,276756.86686499993
2026-05-20T17:00:00.000Z,604.72,605.48,603.86,605.265,327371.538483
2026-05-20T17:30:00.000Z,605.27,605.74,604.42,604.9101,258993.93190500006
2026-05-20T18:00:00.000Z,604.92,605.4,604.2,605.16,287515.50615800003
2026-05-20T18:30:00.000Z,605.1101,607.01,605.1101,605.51,419498.34976799996
2026-05-20T19:00:00.000Z,605.58,605.9,602.68,603.48,595614.779829
2026-05-20T19:30:00.000Z,603.48,605.51,603.09,604.87,1080187.952132
2026-05-21T13:30:00.000Z,600,602,595.2,595.24,1792043.831677
2026-05-21T14:00:00.000Z,595.24,598.51,594.8083,596.9,1515034.3979969998
2026-05-21T14:30:00.000Z,596.9,600.2099,596.25,599.51,704886.9066319998
2026-05-21T15:00:00.000Z,599.6,602.29,599.435,602.04,844085.429244
2026-05-21T15:30:00.000Z,602.13,604.05,601.0593,603.63,541488.6216359999
2026-05-21T16:00:00.000Z,603.635,604.13,601.02,601.15,368347.77068700007
2026-05-21T16:30:00.000Z,601.1,602,600.4002,601.805,330292.43259200006
2026-05-21T17:00:00.000Z,601.89,607.88,601.8,607.01,787725.1658190002
2026-05-21T17:30:00.000Z,606.98,609.6,606.2008,608.97,650512.8679980001
2026-05-21T18:00:00.000Z,608.89,609.45,607.7901,607.985,407161.96324299986
2026-05-21T18:30:00.000Z,607.98,608.5,604.87,605.775,482966.416464
2026-05-21T19:00:00.000Z,605.7775,607.565,605.31,606.85,413890.20954300003
2026-05-21T19:30:00.000Z,606.85,607.65,605.59,607.65,975888.3909610001
2026-05-22T13:30:00.000Z,607.88,614.81,607.41,610.1,1813960.8613569997
2026-05-22T14:00:00.000Z,609.865,610.1,606.95,608.62,1268350.0984450001
2026-05-22T14:30:00.000Z,608.59,610.5,607.93,610.3,506196.520809
2026-05-22T15:00:00.000Z,610.37,611.65,609.52,610.285,395242.108777
2026-05-22T15:30:00.000Z,610.245,610.49,609,609.4702,300932.9307099999
2026-05-22T16:00:00.000Z,609.42,609.44,607.67,608.65,369074.3507400001
2026-05-22T16:30:00.000Z,608.73,609.1601,607.3,608.06,436687.8931579999
2026-05-22T17:00:00.000Z,608.1,610.05,607.92,610,499929.4900579999
2026-05-22T17:30:00.000Z,609.99,611.2,608.57,608.795,496021.14778600005
2026-05-22T18:00:00.000Z,608.7951,611.25,608.601,610.655,379103.506577
2026-05-22T18:30:00.000Z,610.655,612.035,610.09,610.105,462343.788814
2026-05-22T19:00:00.000Z,610.09,610.55,608.6814,608.805,484672.7850269999
2026-05-22T19:30:00.000Z,608.72,610.97,608.51,610.29,1005970.3052400001
2026-05-26T13:30:00.000Z,608.89,614.47,605.585,609.635,1478554.1156769998
2026-05-26T14:00:00.000Z,609.85,611.27,608.5,608.94,773658.5203510001
2026-05-26T14:30:00.000Z,608.7,608.94,606.4801,606.4801,813643.9891270001
2026-05-26T15:00:00.000Z,606.55,607.5,605.6,607.14,689743.9681240002
2026-05-26T15:30:00.000Z,607.09,609.58,605.3001,607.345,740263.265166
2026-05-26T16:00:00.000Z,607.2436,609.99,607.22,609.94,460239.14756
2026-05-26T16:30:00.000Z,609.94,610.97,609.38,610.1,418763.7255410001
2026-05-26T17:00:00.000Z,610.02,610.38,608.725,609.09,368793.489368
2026-05-26T17:30:00.000Z,609.165,609.94,608.31,608.9251,341848.209233
2026-05-26T18:00:00.000Z,608.8101,610.6,608.72,610.115,373061.90161500004
2026-05-26T18:30:00.000Z,610.12,610.8899,608.885,609.24,431444.22146400006
2026-05-26T19:00:00.000Z,609.28,610.08,608.75,609.1,369219.93565500004
2026-05-26T19:30:00.000Z,609.1,612.45,608.92,612.34,930775.9949630001
2026-05-27T13:30:00.000Z,609.395,613.655,609,610.98,1313363.432666
2026-05-27T14:00:00.000Z,611.13,616.1,610.28,615,1181258.868633
2026-05-27T14:30:00.000Z,615.01,616.8,612.07,612.595,804847.6066729999
2026-05-27T15:00:00.000Z,612.545,615,612.22,613.435,499090.146679
2026-05-27T15:30:00.000Z,613.435,614.63,611.5501,611.7,661021.879216
2026-05-27T16:00:00.000Z,611.68,613.025,610.91,612.36,486693.8639590001
2026-05-27T16:30:00.000Z,612.31,614.19,611.61,611.9251,500526.0450899999
2026-05-27T17:00:00.000Z,611.925,612,609.21,609.7999,523436.85828700004
2026-05-27T17:30:00.000Z,609.76,611.45,609.38,610.675,353963.54480399995
2026-05-27T18:00:00.000Z,610.58,629.78,610.45,628.66,4636109.304329
2026-05-27T18:30:00.000Z,628.5738,633.1,627.33,631.76,3015399.795071
2026-05-27T19:00:00.000Z,631.81,638.4999,630.88,632.5775,2654495.360969
2026-05-27T19:30:00.000Z,632.58,637.26,632.13,635.255,2940481.0672929995
2026-05-28T13:30:00.000Z,639.495,643,629.31,639.56,3340201.0188300004
2026-05-28T14:00:00.000Z,639.51,641.87,633.0001,638.89,1744565.8888440004
2026-05-28T14:30:00.000Z,639.13,639.75,634.17,634.52,762881.456744
2026-05-28T15:00:00.000Z,634.615,635.25,632.71,633.51,670982.499198
2026-05-28T15:30:00.000Z,633.69,633.99,631.24,632.47,670812.638646
2026-05-28T16:00:00.000Z,632.445,635,630.8649,634.615,746344.7567719999
2026-05-28T16:30:00.000Z,634.5913,634.69,629.7101,630.035,811375.5252140001
2026-05-28T17:00:00.000Z,629.9403,631.76,629.9,631.215,592100.5144130001
2026-05-28T17:30:00.000Z,631.22,632.63,630.701,631.085,556036.513703
2026-05-28T18:00:00.000Z,631.09,633.39,630.88,632.86,506924.231409
2026-05-28T18:30:00.000Z,632.86,634.15,631.87,632.12,593422.076071
2026-05-28T19:00:00.000Z,632.12,633.98,631.48,633.86,519381.9485789999
2026-05-28T19:30:00.000Z,633.86,635.7,633.28,635.17,1300098.640133
2026-05-29T13:30:00.000Z,633.5,634.46,626.62,628.14,1737644.008732
2026-05-29T14:00:00.000Z,628.04,629.14,623.9001,624.95,1118647.030614
2026-05-29T14:30:00.000Z,624.95,626.3,623.35,625.3,996973.6345150003
2026-05-29T15:00:00.000Z,625.355,629.55,624.925,628.3,866448.005616
2026-05-29T15:30:00.000Z,628.49,629.17,626.88,627.715,430674.63340500003
2026-05-29T16:00:00.000Z,627.715,628.91,625.53,625.8,564586.971237
2026-05-29T16:30:00.000Z,625.83,627.08,624.03,624.77,780279.50841
2026-05-29T17:00:00.000Z,624.74,626,623.821,624.07,746472.1512379998
2026-05-29T17:30:00.000Z,624.07,627.2,624.01,625.84,670626.4220230001
2026-05-29T18:00:00.000Z,625.855,627.82,625.5,627.43,542327.0744859999
2026-05-29T18:30:00.000Z,627.48,628.17,625.1926,626.065,538348.107073
2026-05-29T19:00:00.000Z,626.1,630.02,625.58,629.375,866007.811663
2026-05-29T19:30:00.000Z,629.41,634.5,628.9401,632.53,2714289.320972
2026-06-01T13:30:00.000Z,630.4,635.7499,614.59,616.35,3612084.9580899994
2026-06-01T14:00:00.000Z,616.58,618.29,609.85,610.2058,2219434.421466
2026-06-01T14:30:00.000Z,610.07,616.04,609.03,615.1399,2352367.2346019996
2026-06-01T15:00:00.000Z,615.075,615.31,611.15,613.37,1048009.7132459998
2026-06-01T15:30:00.000Z,613.4,616.57,612.28,616.08,1118790.6628710001
2026-06-01T16:00:00.000Z,616.21,616.8,610.4,611.755,1167893.623084
2026-06-01T16:30:00.000Z,611.77,612.36,610.2,611.4212,969394.6608500001
2026-06-01T17:00:00.000Z,611.39,612.035,607.77,610.35,1191088.8034939996
2026-06-01T17:30:00.000Z,610.31,611.67,606.27,607.84,2089504.009355
2026-06-01T18:00:00.000Z,607.84,609.4,607.19,607.659,1203648.1812249995
2026-06-01T18:30:00.000Z,607.73,607.98,605.15,605.45,1585204.149929
2026-06-01T19:00:00.000Z,605.49,608.4,604.86,605.48,1877901.6852899997
2026-06-01T19:30:00.000Z,605.45,605.92,599.53,600.37,4399039.751986
2026-06-02T13:30:00.000Z,603.24,605.77,596.68,605,3131532.3273199997
2026-06-02T14:00:00.000Z,605.2,605.64,600.32,603.225,1362386.439327
2026-06-02T14:30:00.000Z,603.15,607.3,602.805,606.37,1182743.9241300004
2026-06-02T15:00:00.000Z,606.37,608.88,605.9,607.37,949550.1942839999
2026-06-02T15:30:00.000Z,607.3051,608.37,606.5,607.09,563925.2512350001
2026-06-02T16:00:00.000Z,607.27,607.85,605.4,607.41,1144432.902974
2026-06-02T16:30:00.000Z,607.435,608.3,606.87,606.99,369494.61819500005
2026-06-02T17:00:00.000Z,607.0092,607.95,605.43,606.23,447225.228407
2026-06-02T17:30:00.000Z,606.155,606.39,604.5,605.37,416336.1369810001
2026-06-02T18:00:00.000Z,605.46,605.86,604.61,604.7,421917.25390499993
2026-06-02T18:30:00.000Z,604.685,604.98,601.3,601.84,725389.580042
2026-06-02T19:00:00.000Z,601.835,602.02,600.21,600.645,750260.4892530001
2026-06-02T19:30:00.000Z,600.645,600.87,597.26,597.64,2316036.4373990004
2026-06-03T13:30:00.000Z,603,614.3,600.27,612.1,3508500.846202999
2026-06-03T14:00:00.000Z,612.21,619.38,609.65,616.255,2653472.422794
2026-06-03T14:30:00.000Z,616.46,619.8,613.955,617.06,1376191.9648260002
2026-06-03T15:00:00.000Z,617.12,619,614.8401,616.2501,1049379.541242
2026-06-03T15:30:00.000Z,616.38,616.58,613.11,613.2548,716742.893815
2026-06-03T16:00:00.000Z,613.27,614.31,611.6,613.205,664824.549512
2026-06-03T16:30:00.000Z,613.27,619.78,612.63,619.6538,771158.711447
2026-06-03T17:00:00.000Z,619.56,620.31,615.3101,617.86,882888.3259539999
2026-06-03T17:30:00.000Z,617.82,622.82,617.13,622.5301,963936.4812290003
2026-06-03T18:00:00.000Z,622.53,624,620.2801,621.93,1140086.0332230004
2026-06-03T18:30:00.000Z,621.905,623.78,621.64,622.675,745978.520736
2026-06-03T19:00:00.000Z,622.6,622.94,620.3901,621.03,824767.9917529998
2026-06-03T19:30:00.000Z,621.03,624.15,620.2848,622.96,2793280.3295
2026-06-04T13:30:00.000Z,623.67,639.19,622.43,638.8,3466293.976984999
2026-06-04T14:00:00.000Z,638.65,640.4,631,638.005,2135140.9041239996
2026-06-04T14:30:00.000Z,638.18,640.2,634.6001,639.94,1274299.720854
2026-06-04T15:00:00.000Z,640.125,640.5,637.77,638.495,901050.9823060002
2026-06-04T15:30:00.000Z,638.495,639.9799,635.62,637.38,1005705.346799
2026-06-04T16:00:00.000Z,637.38,642.4,632.9801,633.6,1349389.3227579999
2026-06-04T16:30:00.000Z,633.59,633.76,628.08,628.415,949308.534987
2026-06-04T17:00:00.000Z,628.415,630.6,627.61,630.02,670838.5536069999
2026-06-04T17:30:00.000Z,630.06,630.2999,628.64,629.125,459222.73516499985
2026-06-04T18:00:00.000Z,629.07,629.1,625.92,626.28,554799.261309
2026-06-04T18:30:00.000Z,626.24,627.1,625.51,625.88,450566.9609450001
2026-06-04T19:00:00.000Z,625.95,626.99,624.33,624.465,529761.403334
2026-06-04T19:30:00.000Z,624.47,627.715,622.8,627.58,1491381.97721
2026-06-05T13:30:00.000Z,623.46,629.145,619.16,619.7998,1601209.2966439996
2026-06-05T14:00:00.000Z,619.391,620.21,614.69,618.565,1723928.5265839999
2026-06-05T14:30:00.000Z,618.5743,618.9,614.15,615.3,706418.7362380001
2026-06-05T15:00:00.000Z,615.48,616.46,612.73,613.465,751146.7260889998
2026-06-05T15:30:00.000Z,613.475,614.13,611.37,612.91,952109.346122
2026-06-05T16:00:00.000Z,612.94,612.94,609.79,609.88,1040975.8300899998
2026-06-05T16:30:00.000Z,609.81,609.96,608.25,609.76,776903.5690559997
2026-06-05T17:00:00.000Z,609.7,610.47,607.33,608.71,995226.6672909999
2026-06-05T17:30:00.000Z,608.7,609.23,607.9,608.795,538144.5699719999
2026-06-05T18:00:00.000Z,608.89,611.6,582.91,586.61,5596897.625621
2026-06-05T18:30:00.000Z,586.84,595.82,584.2,594.81,2963010.5898720007
2026-06-05T19:00:00.000Z,594.78,596.7,588.54,592.315,3342694.5746430005
2026-06-05T19:30:00.000Z,592.315,595,589.2,592.64,3132519.6627700003
2026-06-08T13:30:00.000Z,592,592,579.22,588.815,3000570.143373
2026-06-08T14:00:00.000Z,588.82,591.44,587.73,588.235,920173.0857990005
2026-06-08T14:30:00.000Z,588.405,590.89,586.7,590.38,983134.477834
2026-06-08T15:00:00.000Z,590.2601,591.82,587.51,587.65,666441.1697399999
2026-06-08T15:30:00.000Z,587.645,589.355,586.52,587.645,560464.4959989999
2026-06-08T16:00:00.000Z,587.56,589.12,586.9311,587.94,760837.6791379999
2026-06-08T16:30:00.000Z,588.1047,588.7199,586.61,586.6701,426452.687838
2026-06-08T17:00:00.000Z,586.87,588.3,584.83,588.26,571527.2692939999
2026-06-08T17:30:00.000Z,588.1,588.88,585.9,586.805,444638.68760999996
2026-06-08T18:00:00.000Z,586.844,588.63,586.66,588.555,431784.63202699996
2026-06-08T18:30:00.000Z,588.555,588.94,587.24,587.6,426813.82025399996
2026-06-08T19:00:00.000Z,587.62,587.87,585.23,587.79,640118.171033
2026-06-08T19:30:00.000Z,587.81,590,584.855,585.27,1366113.674929
2026-06-09T13:30:00.000Z,591,597.63,587.72,596.015,1643745.1541150005
2026-06-09T14:00:00.000Z,595.9,597.3,592.19,594.55,1005009.6509480001
2026-06-09T14:30:00.000Z,594.39,596.74,590.25,593.28,810652.2465009999
2026-06-09T15:00:00.000Z,593.3,594.99,588.09,588.3501,781288.309986
2026-06-09T15:30:00.000Z,588.48,590.36,587.12,587.26,774829.2922889999
2026-06-09T16:00:00.000Z,587.31,588.56,583.33,586.155,1000388.019739
2026-06-09T16:30:00.000Z,586.155,587.67,581.01,584.01,814431.7556670001
2026-06-09T17:00:00.000Z,584.17,587.12,583.5891,586.7275,577649.509187
2026-06-09T17:30:00.000Z,586.55,589.88,586.55,588.73,504524.35612799996
2026-06-09T18:00:00.000Z,588.6,590.7,587.61,589.59,891466.413138
2026-06-09T18:30:00.000Z,589.59,591.38,589.07,590.98,411539.818603
2026-06-09T19:00:00.000Z,590.98,591.53,587.87,588.33,597221.295334
2026-06-09T19:30:00.000Z,588.26,588.5,584.49,584.695,1624717.9182769998
2026-06-10T13:30:00.000Z,580.73,591.32,579.27,587.795,1764188.5389000003
2026-06-10T14:00:00.000Z,587.8675,590.0199,583.04,583.505,785262.3352320002
2026-06-10T14:30:00.000Z,583.505,583.8,578.29,578.975,891638.2682170001
2026-06-10T15:00:00.000Z,579.1738,580.78,575.02,577.75,1140779.0350309997
2026-06-10T15:30:00.000Z,577.82,580.1599,576.25,579.51,633756.1541770002
2026-06-10T16:00:00.000Z,579.52,579.74,576.54,577.105,408999.13218099996
2026-06-10T16:30:00.000Z,577.02,578.23,576.2072,577.34,314779.356775
2026-06-10T17:00:00.000Z,577.475,578.01,575.205,576.085,419928.187714
2026-06-10T17:30:00.000Z,576.085,576.16,573.88,575.35,627432.6625
2026-06-10T18:00:00.000Z,575.38,577.01,575.01,575.505,451022.8290410001
2026-06-10T18:30:00.000Z,575.44,575.525,572.35,572.47,1646519.656953999
2026-06-10T19:00:00.000Z,572.44,573.23,570.6,570.97,807019.4327890001
2026-06-10T19:30:00.000Z,570.925,573.699,570.68,570.79,1609120.176995
2026-06-11T13:30:00.000Z,565.83,567.99,561,563.31,2085594.0415859995
2026-06-11T14:00:00.000Z,563.35,565.09,558.15,560.88,1541845.5377579995
2026-06-11T14:30:00.000Z,560.85,563.93,557.6,558.1891,1083760.6915619997
2026-06-11T15:00:00.000Z,558.275,562.66,557.01,560.66,806907.7811529998
2026-06-11T15:30:00.000Z,560.64,562.59,559.6,560.91,576879.922534
2026-06-11T16:00:00.000Z,560.795,564.9,560.59,563.54,524765.313038
2026-06-11T16:30:00.000Z,563.46,565.08,560.14,560.495,540006.023046
2026-06-11T17:00:00.000Z,560.495,565.99,557.76,565.7675,846016.5373040001
2026-06-11T17:30:00.000Z,565.8,569.23,564.66,568.64,1114352.2579249998
2026-06-11T18:00:00.000Z,568.56,568.9,565.3,567.1,686906.0867770002
2026-06-11T18:30:00.000Z,567.19,568.3899,566.145,567.31,693827.2465679998
2026-06-11T19:00:00.000Z,567.315,569.98,567.05,569.715,734563.742372
2026-06-11T19:30:00.000Z,569.8,572.17,566.99,568.39,2059887.2776240003
2026-06-12T13:30:00.000Z,572.95,576.07,560.9,563.98,1808650.941248
2026-06-12T14:00:00.000Z,563.9,566.19,563.3101,565.955,850500.6712889997
2026-06-12T14:30:00.000Z,565.74,570.97,563.11,570.41,918758.3488100003
2026-06-12T15:00:00.000Z,570.53,574.61,569.82,572.12,1111494.9414369997
2026-06-12T15:30:00.000Z,572,572.3,568.71,569.2463,683756.6552719999
2026-06-12T16:00:00.000Z,569.3,572.3999,567.99,571.28,496892.08936499996
2026-06-12T16:30:00.000Z,571.3,571.52,569.6,570.295,469212.358727
2026-06-12T17:00:00.000Z,570.32,572.785,567.33,567.68,1032541.884449
2026-06-12T17:30:00.000Z,567.75,567.78,565.68,566.43,550514.78873
2026-06-12T18:00:00.000Z,566.43,567.07,564.8301,565.3755,496921.0319200001
2026-06-12T18:30:00.000Z,565.395,567.39,565.395,566.04,466426.72007200005
2026-06-12T19:00:00.000Z,566.02,567.54,565.69,566.62,699655.985755
2026-06-12T19:30:00.000Z,566.705,567.8681,563,566.8,2129708.981354
2026-06-15T13:30:00.000Z,579.9,592.31,579.2975,591.875,3053763.4004349993
2026-06-15T14:00:00.000Z,591.875,593.71,588.52,590.34,1449267.1325459997
2026-06-15T14:30:00.000Z,590.44,594.7,590.1276,594.235,916499.5222240002
2026-06-15T15:00:00.000Z,594.16,597.6,593.25,596.705,901517.4943700001
2026-06-15T15:30:00.000Z,596.705,600.6,595.93,599.82,1092490.521766
2026-06-15T16:00:00.000Z,599.755,601.27,598.69,598.895,765046.6989579999
2026-06-15T16:30:00.000Z,598.93,598.99,596,596.995,944512.342914
2026-06-15T17:00:00.000Z,596.995,597.32,594.71,594.71,520694.70137200004
2026-06-15T17:30:00.000Z,594.88,596.72,594.18,595.1401,457080.91651
2026-06-15T18:00:00.000Z,595.21,596.07,594.3598,595.535,504455.41587900004
2026-06-15T18:30:00.000Z,595.535,595.55,594.05,594.7,536498.69137
2026-06-15T19:00:00.000Z,594.7,594.76,591.12,591.25,798941.2280909998
2026-06-15T19:30:00.000Z,591.26,593.92,590.7,593.52,1816125.9530039998
2026-06-16T13:30:00.000Z,593.65,605.81,593.32,602.535,1854821.9486920002
2026-06-16T14:00:00.000Z,602.43,605.5,593.39,593.44,1141057.7534659998
2026-06-16T14:30:00.000Z,593.54,597.58,592,595.88,925448.5891530003
2026-06-16T15:00:00.000Z,595.925,598.66,595.925,596.885,597152.290071
2026-06-16T15:30:00.000Z,596.83,597.1199,594.39,595.2,514902.165194
2026-06-16T16:00:00.000Z,595.3,596.79,594.68,596.355,338013.031023
2026-06-16T16:30:00.000Z,596.33,597.68,595.7,597.36,321624.810351
2026-06-16T17:00:00.000Z,597.3533,597.8,595.96,596.17,288145.80096100003
2026-06-16T17:30:00.000Z,596.3,596.59,595.0801,595.905,241788.55175999991
2026-06-16T18:00:00.000Z,596,598.75,595.85,598.22,336978.894333
2026-06-16T18:30:00.000Z,598.14,600.36,598.14,599.79,537727.946582
2026-06-16T19:00:00.000Z,599.79,599.98,598.14,598.8001,503839.904903
2026-06-16T19:30:00.000Z,598.85,601.24,596.93,600.18,1527926.281246
2026-06-17T13:30:00.000Z,592.002,593.81,584.68,585.0399,1982012.2027729996
2026-06-17T14:00:00.000Z,584.99,587.3999,583.89,585.22,984894.9463699998
2026-06-17T14:30:00.000Z,585.05,585.65,580.95,582.145,1040499.4573130001
2026-06-17T15:00:00.000Z,582.145,582.4599,579.6,580.55,1021523.886044
2026-06-17T15:30:00.000Z,580.55,581.3899,580.11,580.665,636477.032378
2026-06-17T16:00:00.000Z,580.62,581.45,579.74,580.3,740159.4517110001
2026-06-17T16:30:00.000Z,580.3,580.63,577.42,578.32,821243.0417840001
2026-06-17T17:00:00.000Z,578.3,579.5,576.8,579.445,679735.6538270001
2026-06-17T17:30:00.000Z,579.46,580.8,579.12,580.48,585083.613341
2026-06-17T18:00:00.000Z,580.23,580.5,574.6,575.8451,1229532.999849
2026-06-17T18:30:00.000Z,575.91,576,572.31,572.69,1123079.537935
2026-06-17T19:00:00.000Z,572.69,573.86,569.57,569.83,1385040.5847990003
2026-06-17T19:30:00.000Z,569.83,570.84,566.19,567.485,3085302.188838
2026-06-18T13:30:00.000Z,572.82,576.6,563.1,565.93,3866457.6617189995
2026-06-18T14:00:00.000Z,565.855,573.42,565.7224,569.9001,1370875.986794
2026-06-18T14:30:00.000Z,569.96,572.4342,568.9,571.5801,1205267.9909819998
2026-06-18T15:00:00.000Z,571.695,573.4192,570.6801,573.1,1020853.0982729999
2026-06-18T15:30:00.000Z,573.07,578.69,572.61,576.96,930797.731888
2026-06-18T16:00:00.000Z,576.96,577.35,574.41,576.03,796310.6498129999
2026-06-18T16:30:00.000Z,576.1,577.96,575.67,577.29,517201.63148099993
2026-06-18T17:00:00.000Z,577.29,578.64,576.92,577.9,450254.72089199995
2026-06-18T17:30:00.000Z,577.94,578.88,576.09,576.325,682001.4566090002
2026-06-18T18:00:00.000Z,576.35,576.42,573.32,573.53,516468.35466199997
2026-06-18T18:30:00.000Z,573.46,576.63,573.0201,576.25,747831.2356390002
2026-06-18T19:00:00.000Z,576.27,576.3,573.06,574.685,632350.7417399999
2026-06-18T19:30:00.000Z,574.717,580.215,573.35,577.3,2875379.2791680004
2026-06-22T13:30:00.000Z,572.02,575.81,567.2501,574.95,1897993.5916150005
2026-06-22T14:00:00.000Z,574.985,575.48,567,567.645,974207.5606569999
2026-06-22T14:30:00.000Z,567.51,568.63,561.47,562.69,1642415.765289
2026-06-22T15:00:00.000Z,562.74,563.9,560.02,560.5525,1056019.1953709999
2026-06-22T15:30:00.000Z,560.61,564.6399,559.81,562.64,1100218.4419530001
2026-06-22T16:00:00.000Z,562.76,563.11,560.71,560.86,578707.3617490001
2026-06-22T16:30:00.000Z,560.85,562.565,560.38,562.08,464786.88500600006
2026-06-22T17:00:00.000Z,562.08,563.76,561.86,562.55,624544.8623459999
2026-06-22T17:30:00.000Z,562.55,564.52,561.39,563.92,649992.1732170001
2026-06-22T18:00:00.000Z,563.945,566.15,563.45,565.525,522657.465575
2026-06-22T18:30:00.000Z,565.525,566.06,565.03,565.06,443872.0406330001
2026-06-22T19:00:00.000Z,565.1,566.05,561.5,564.63,675586.5272870001
2026-06-22T19:30:00.000Z,564.66,566,563.48,563.85,1426887.080536
2026-06-23T13:30:00.000Z,562.245,572.2,561.02,571.645,1756438.2017810002
2026-06-23T14:00:00.000Z,571.615,571.82,567.51,568.71,822397.3075570001
2026-06-23T14:30:00.000Z,568.62,569.15,565.31,565.64,492925.206371
2026-06-23T15:00:00.000Z,565.65,565.972,562,563.34,551560.86468
2026-06-23T15:30:00.000Z,563.27,564.59,562.211,564.17,507768.205657
2026-06-23T16:00:00.000Z,564.23,564.65,563.01,563.83,387839.359046
2026-06-23T16:30:00.000Z,563.83,568.88,563.54,566.19,821653.3481809999
2026-06-23T17:00:00.000Z,566.35,566.46,564,565.69,484754.1369200001
2026-06-23T17:30:00.000Z,565.65,567.7,564.5,564.845,451738.33034299995
2026-06-23T18:00:00.000Z,564.76,564.94,562.34,562.66,475614.01021
2026-06-23T18:30:00.000Z,562.655,563.43,561.66,562.81,606351.7970010001
2026-06-23T19:00:00.000Z,562.86,564.49,562.56,562.76,695895.5509429999
2026-06-23T19:30:00.000Z,562.76,564,562.03,562.22,1557916.990321
2026-06-24T13:30:00.000Z,561.89,569.04,557.47,562.62,1446544.1949430003
2026-06-24T14:00:00.000Z,562.55,563.89,560.5,562.8,837110.2409389999
2026-06-24T14:30:00.000Z,562.79,566.28,559.8,566.23,713168.121321
2026-06-24T15:00:00.000Z,566.28,568.03,564.7923,566.5073,713871.338945
2026-06-24T15:30:00.000Z,566.51,566.73,562.51,563,560275.2233119999
2026-06-24T16:00:00.000Z,562.985,564.5,562.5,563.53,501840.3067540001
2026-06-24T16:30:00.000Z,563.55,563.57,558.945,559.05,1340604.0942729998
2026-06-24T17:00:00.000Z,559.045,560.05,555.55,556.865,677332.000706
2026-06-24T17:30:00.000Z,556.91,557.4,555.83,556.275,679133.6449310001
2026-06-24T18:00:00.000Z,556.275,560.5599,556.275,560.1168,541370.9709969999
2026-06-24T18:30:00.000Z,560,560.97,557.75,558.235,481077.603093
2026-06-24T19:00:00.000Z,558.3,559.41,556.64,557.7,656169.09962
2026-06-24T19:30:00.000Z,557.73,559.5,557.03,557.73,1196267.6178289999
2026-06-25T13:30:00.000Z,555.553,555.553,540.18,547.545,2662674.611283
2026-06-25T14:00:00.000Z,547.67,553.7933,546.71,553.51,1042028.7853909999
2026-06-25T14:30:00.000Z,553.8499,556.34,552.27,552.6901,693932.5912970002
2026-06-25T15:00:00.000Z,552.93,553.46,549.1101,552.9069,604186.97184
2026-06-25T15:30:00.000Z,553,554.655,549.26,549.935,635041.361674
2026-06-25T16:00:00.000Z,549.96,550,546.93,547.42,628443.807462
2026-06-25T16:30:00.000Z,547.2711,547.4599,545.5,546.65,650509.3899530001
2026-06-25T17:00:00.000Z,546.765,546.95,543.74,544.3301,633204.2430799999
2026-06-25T17:30:00.000Z,544.51,545.5973,543.01,545.335,544555.0471469999
2026-06-25T18:00:00.000Z,545.345,548.48,543.26,548.39,601347.0287309999
2026-06-25T18:30:00.000Z,548.35,548.45,545.4,546.625,566295.4147350001
2026-06-25T19:00:00.000Z,546.68,546.7963,545.58,545.76,686447.618704
2026-06-25T19:30:00.000Z,545.75,546.59,542.39,542.83,2000574.3727680002
2026-06-26T13:30:00.000Z,543.34,545.745,540.4,542.875,1813243.993576
2026-06-26T14:00:00.000Z,542.66,551.83,542.3,550.89,1008655.216607
2026-06-26T14:30:00.000Z,550.97,553.515,550.3301,552.42,805664.0803939999
2026-06-26T15:00:00.000Z,552.5,555.76,552.16,555.675,633880.360211
2026-06-26T15:30:00.000Z,555.645,556.75,554.8,555.92,733520.9083699998
2026-06-26T16:00:00.000Z,556,556.85,554.4,554.44,565375.9434569998
2026-06-26T16:30:00.000Z,554.4464,556.25,553,553.42,565621.8192919999
2026-06-26T17:00:00.000Z,553.395,554.91,553.0001,554.77,438059.062649
2026-06-26T17:30:00.000Z,554.755,555.37,553.385,554.885,413006.28728600004
2026-06-26T18:00:00.000Z,554.92,555.9276,553.44,553.47,707194.4686189998
2026-06-26T18:30:00.000Z,553.47,553.86,549.79,550.295,894051.6998079999
2026-06-26T19:00:00.000Z,550.25,551,549.93,550.05,687284.703626
2026-06-26T19:30:00.000Z,550.11,552.02,548.97,549.43,2241097.968279
2026-06-29T13:30:00.000Z,560,570.9,558,566.545,2377733.822975001
2026-06-29T14:00:00.000Z,566.71,569.54,564.5,567.9399,1029822.4514869999
2026-06-29T14:30:00.000Z,567.655,569.34,564.97,565.53,892272.1504879998
2026-06-29T15:00:00.000Z,565.57,567.07,562.49,566.705,579184.6882549999
2026-06-29T15:30:00.000Z,566.77,566.92,564.25,564.745,490559.20062799996
2026-06-29T16:00:00.000Z,564.81,565.63,563.36,564.49,827688.3435959999
2026-06-29T16:30:00.000Z,564.5,565.87,563.09,565.07,547592.869757
2026-06-29T17:00:00.000Z,564.985,565.88,564.34,564.62,411531.852082
2026-06-29T17:30:00.000Z,564.67,566.24,564.08,565.365,361467.990146
2026-06-29T18:00:00.000Z,565.26,565.905,564.6,565.165,350555.41006599995
2026-06-29T18:30:00.000Z,565.0501,566.7,564.48,565.54,475192.015851
2026-06-29T19:00:00.000Z,565.5525,566.09,563.94,564.05,526084.828886
2026-06-29T19:30:00.000Z,564.09,567.43,562.05,562.33,1561833.3758379999
2026-06-30T13:30:00.000Z,560.94,561.51,554.85,556.3,1552413.7398230003
2026-06-30T14:00:00.000Z,556.3,557.15,554.145,556.355,975118.759788
2026-06-30T14:30:00.000Z,556.44,557.5,551.43,552.31,978183.8582380002
2026-06-30T15:00:00.000Z,552.32,556.6,552.2001,556.005,752575.6911970001
2026-06-30T15:30:00.000Z,556.1099,557.4,555.14,557.21,810439.9415399999
2026-06-30T16:00:00.000Z,557.27,557.51,555.23,556,417371.61772299994
2026-06-30T16:30:00.000Z,556,559.08,555.9,559.01,567728.8283850001
2026-06-30T17:00:00.000Z,559.08,560.32,558.185,559.04,575209.27318
2026-06-30T17:30:00.000Z,559.1,560.55,558.77,559.875,515677.62369799986
2026-06-30T18:00:00.000Z,559.875,561.75,559.66,560.66,485221.56406400003
2026-06-30T18:30:00.000Z,560.68,561.3,558.96,560.69,731182.0807349999
2026-06-30T19:00:00.000Z,560.63,561.7499,560.48,561.5,786955.283727
2026-06-30T19:30:00.000Z,561.5,565.535,560.48,562.94,2556716.8855459997
2026-07-01T13:30:00.000Z,607.91,610.48,595.1,606.45,7450793.207647002
2026-07-01T14:00:00.000Z,606.5,616.96,606.345,612.455,4930035.882576
2026-07-01T14:30:00.000Z,612.52,625.22,611.7,622.88,5458657.647991
2026-07-01T15:00:00.000Z,622.88,628.28,621.12,627.5,3446937.5901719998
2026-07-01T15:30:00.000Z,627.5899,627.77,615.775,617.63,2920537.989994
2026-07-01T16:00:00.000Z,617.655,620.99,616.54,618.08,1627358.097766
2026-07-01T16:30:00.000Z,618.175,620.36,615.63,617,1225712.474103
2026-07-01T17:00:00.000Z,616.915,619.56,616.8263,617.865,941468.4273409998
2026-07-01T17:30:00.000Z,617.98,622.87,617,621.375,1579642.1166369999
2026-07-01T18:00:00.000Z,621.37,621.99,617.71,621.34,1308802.9367819997
2026-07-01T18:30:00.000Z,621.394,621.44,618,618.63,1242069.0786980002
2026-07-01T19:00:00.000Z,618.575,619.13,614.25,615.01,1541248.482281
2026-07-01T19:30:00.000Z,614.9,616.99,611.4,612.92,3243684.0061569996
2026-07-02T13:30:00.000Z,607.895,610,591.3,592.16,3880458.775877
2026-07-02T14:00:00.000Z,592.16,594.2699,588.8,590.92,2242671.783413
2026-07-02T14:30:00.000Z,591,592.85,588.2,590.026,1338946.4762809996
2026-07-02T15:00:00.000Z,590.12,590.66,585.88,587.865,1144066.2447269997
2026-07-02T15:30:00.000Z,587.875,590,586.67,587.28,851923.085799
2026-07-02T16:00:00.000Z,587.19,587.54,584.2966,587.0899,997457.043744
2026-07-02T16:30:00.000Z,587.01,587.45,584.51,584.84,628140.619442
2026-07-02T17:00:00.000Z,584.84,586.2499,584.15,584.99,564482.1455559998
2026-07-02T17:30:00.000Z,584.965,585.46,583.76,584.47,482302.7728270001
2026-07-02T18:00:00.000Z,584.47,586.81,584.03,586.48,700634.41103
2026-07-02T18:30:00.000Z,586.345,586.66,580.42,584.81,1039831.7016050001
2026-07-02T19:00:00.000Z,585,587.69,583.125,586.25,1114558.1309180001
2026-07-02T19:30:00.000Z,586.255,586.8,582.55,582.64,2297426.393379
2026-07-06T13:30:00.000Z,594.84,597.68,582.1,582.6,2078468.9103550003
2026-07-06T14:00:00.000Z,582.6,588.695,581.76,587.4,902568.4976679999
2026-07-06T14:30:00.000Z,587.265,589.975,586.49,588.52,765370.2569599998
2026-07-06T15:00:00.000Z,588.66,591.895,588.1401,591.62,600468.146749
2026-07-06T15:30:00.000Z,591.85,592.85,590.78,592.74,480122.58212199993
2026-07-06T16:00:00.000Z,592.78,598.2,591.87,592.44,984368.9870229999
2026-07-06T16:30:00.000Z,592.47,593.05,591.62,592.16,356554.174775
2026-07-06T17:00:00.000Z,592.17,595.14,592.11,594.64,531230.943955
2026-07-06T17:30:00.000Z,594.64,594.75,592.54,593.795,470559.9273839999
2026-07-06T18:00:00.000Z,593.86,601.83,593.73,599.92,1130762.1073059998
2026-07-06T18:30:00.000Z,600,602.5,599,599.83,993466.2046819999
2026-07-06T19:00:00.000Z,599.845,601.48,599.2,600.419,852676.8655679999
2026-07-06T19:30:00.000Z,600.41,603.58,599.65,600.43,1964853.152037
2026-07-07T13:30:00.000Z,607.59,614.25,604.15,612.85,2129147.335105
2026-07-07T14:00:00.000Z,612.855,615.9899,608.78,611.0873,1961187.114338
2026-07-07T14:30:00.000Z,610.97,611.77,604.71,605.53,1114906.5377520001
2026-07-07T15:00:00.000Z,605.535,607,604.01,606.84,695338.749697
2026-07-07T15:30:00.000Z,606.63,606.96,604.46,605.37,450099.2103999999
2026-07-07T16:00:00.000Z,605.385,606.605,603.66,606.23,438770.095707
2026-07-07T16:30:00.000Z,606.25,609.39,606.02,607.35,489830.908739
2026-07-07T17:00:00.000Z,607.25,607.96,604.64,607.565,392559.4453389999
2026-07-07T17:30:00.000Z,607.47,609.9,607.2701,609.64,302162.26433100004
2026-07-07T18:00:00.000Z,609.55,625.37,609.55,622.415,2954986.7113339994
2026-07-07T18:30:00.000Z,622.415,623.5,617,619.73,1567794.2852689999
2026-07-07T19:00:00.000Z,619.86,621.3,615.81,616.34,1746641.4006279998
2026-07-07T19:30:00.000Z,616.43,618.475,614.15,615.57,1602768.501828
2026-07-08T13:30:00.000Z,614.385,616,600.64,602.62,1698787.5960509998
2026-07-08T14:00:00.000Z,602.63,606.89,601.96,604.335,733144.3105480004
2026-07-08T14:30:00.000Z,604.4,604.9999,600.24,601.355,655092.494895
2026-07-08T15:00:00.000Z,601.53,603.68,600.9001,602.16,522408.53240299993
2026-07-08T15:30:00.000Z,602.175,604.49,601.08,603.92,449847.915656
2026-07-08T16:00:00.000Z,603.785,605.43,603.23,604.27,300995.46195400006
2026-07-08T16:30:00.000Z,604.28,605.35,602.511,604.12,345726.45507799997
2026-07-08T17:00:00.000Z,604.1,605.54,603.5,605.385,310418.17676699994
2026-07-08T17:30:00.000Z,605.49,606.66,604.5,605.055,632579.4490540001
2026-07-08T18:00:00.000Z,605.045,606.33,604.83,605.065,259631.42056800006
2026-07-08T18:30:00.000Z,605.04,607.39,604.58,607.119,375473.19987300003
2026-07-08T19:00:00.000Z,607.045,607.75,598.0105,599.7688,1397474.6066870003
2026-07-08T19:30:00.000Z,599.64,604.7145,598.56,603.03,2027968.6520479997
2026-07-09T13:30:00.000Z,583.99,592.2,577.07,590.5,3039114.6787430006
2026-07-09T14:00:00.000Z,590.5,600.9,590.15,594.075,2229282.847317
2026-07-09T14:30:00.000Z,594.15,599.9599,591.51,599.54,1026378.9066019999
2026-07-09T15:00:00.000Z,599.54,604.45,599.3501,604.32,1120588.7248970002
2026-07-09T15:30:00.000Z,604.3274,608.66,603.8001,608.27,1022024.2818969999
2026-07-09T16:00:00.000Z,608.211,616.32,607.96,614.3,1690802.518665
2026-07-09T16:30:00.000Z,614.21,615.84,612.61,613.03,791922.5965340001
2026-07-09T17:00:00.000Z,613.015,613.8,611.33,612.6,663227.129738
2026-07-09T17:30:00.000Z,612.61,613.38,610.21,611.3001,692838.2191769999
2026-07-09T18:00:00.000Z,611.3,616.9,611.15,615.98,1249862.0072749997
2026-07-09T18:30:00.000Z,615.88,616.95,614.3201,615.6101,695961.5649199999
2026-07-09T19:00:00.000Z,615.74,624.68,615.445,624.215,1611774.428656
2026-07-09T19:30:00.000Z,624.215,633.27,624.12,631.31,4976591.196642
2026-07-10T13:30:00.000Z,660.335,677.11,658.01,673.04,9881863.913522001
2026-07-10T14:00:00.000Z,673.035,677.86,662.12,667.15,4477152.712466001
2026-07-10T14:30:00.000Z,667.2121,673.72,662.48,669.77,2661910.5993219996
2026-07-10T15:00:00.000Z,669.87,675.2,667.2101,674.715,2726658.629463
2026-07-10T15:30:00.000Z,674.7336,675.47,669.44,669.825,1820858.842094
2026-07-10T16:00:00.000Z,669.98,671.9,666.25,668.55,1558765.562848
2026-07-10T16:30:00.000Z,668.62,669.88,667.04,668.23,1045562.9475249999
2026-07-10T17:00:00.000Z,668.325,668.42,662.62,662.97,1203127.556221
2026-07-10T17:30:00.000Z,663.04,665.87,662,665.5,1159510.477178
2026-07-10T18:00:00.000Z,665.47,670.72,665.28,668.775,1473538.4414560003
2026-07-10T18:30:00.000Z,668.845,670.68,667.51,668.85,1047206.102819
2026-07-10T19:00:00.000Z,668.93,670.64,665.9334,666.06,1274873.1694140004
2026-07-10T19:30:00.000Z,665.98,671.2,663.89,669.31,3765363.206971
2026-07-13T13:30:00.000Z,661.38,676.62,659.18,664.1875,3321179.1222059997
2026-07-13T14:00:00.000Z,664.08,664.605,654.2,657,1542521.5470849997
2026-07-13T14:30:00.000Z,657.12,663.99,656.35,661.365,1181644.249389
2026-07-13T15:00:00.000Z,661.37,664.56,658.12,659.51,954349.2217060002
2026-07-13T15:30:00.000Z,659.5,663.965,659.16,660.2015,805955.286672
2026-07-13T16:00:00.000Z,660.31,661.15,659.12,660.525,603359.2965849999
2026-07-13T16:30:00.000Z,660.525,664.49,658.58,658.58,777582.8532809997
2026-07-13T17:00:00.000Z,658.54,662.99,657.66,660.825,846037.4801459999
2026-07-13T17:30:00.000Z,661.14,662,659.27,660.55,818336.298892
2026-07-13T18:00:00.000Z,660.54,663.1499,659.64,663.02,691722.7308230001
2026-07-13T18:30:00.000Z,662.96,663.59,660.07,662,769906.695974
2026-07-13T19:00:00.000Z,662.01,662.7,658.36,658.77,795763.0857990001
2026-07-13T19:30:00.000Z,658.77,659.03,654.81,656.73,2136199.4559819996
2026-07-14T13:30:00.000Z,652,662.65,649.05,661.075,1717993.0057580003
2026-07-14T14:00:00.000Z,660.81,662.44,655.5,657.815,1069536.095408
2026-07-14T14:30:00.000Z,657.805,664.28,657.61,662.465,990235.9123320001
2026-07-14T15:00:00.000Z,662.24,663.7,660.18,660.635,639556.73753
2026-07-14T15:30:00.000Z,660.685,660.87,655.63,656.71,656294.4921299998
2026-07-14T16:00:00.000Z,656.71,659.25,655.19,658.435,373133.722823
2026-07-14T16:30:00.000Z,658.475,666.5,658.475,664.43,870238.985493
2026-07-14T17:00:00.000Z,664.3,664.75,661,663.09,440807.14084400004
2026-07-14T17:30:00.000Z,663.21,664.7,661,661.39,348095.799995
2026-07-14T18:00:00.000Z,661.49,663.6,659.7,661.235,525952.155651
2026-07-14T18:30:00.000Z,661.2,661.92,658.21,658.635,406007.4999510001
2026-07-14T19:00:00.000Z,658.71,662.86,657.655,660.31,712665.996881
2026-07-14T19:30:00.000Z,660.45,661.51,657.44,661.08,2281591.990882
2026-07-15T13:30:00.000Z,663.6,665.15,656.6601,659.97,1273708.2539719997
2026-07-15T14:00:00.000Z,659.87,672.32,659.6,671.4,1612143.1870580001
2026-07-15T14:30:00.000Z,671.48,676.34,669.11,671.269,1628613.0969180004
2026-07-15T15:00:00.000Z,671.305,685.07,670.56,678.49,2602244.797598
2026-07-15T15:30:00.000Z,678.5,683.95,676.361,683.68,1238085.0971529998
2026-07-15T16:00:00.000Z,683.67,686.08,680,683.5399,1546923.793317
2026-07-15T16:30:00.000Z,683.33,683.8,674.365,675.9,1483876.836714
2026-07-15T17:00:00.000Z,675.89,676.69,673.42,674.9,556965.7452489999
2026-07-15T17:30:00.000Z,674.905,677.18,673.37,676.84,510049.013927
2026-07-15T18:00:00.000Z,676.81,678.26,674.5,677.35,489873.900727
2026-07-15T18:30:00.000Z,677.42,677.6899,673.39,676.25,506955.686171
2026-07-15T19:00:00.000Z,676.13,678.42,675.7,676.37,678357.475357
2026-07-15T19:30:00.000Z,676.475,682.04,675.6,681.3,1707412.5273509999
2026-07-16T13:30:00.000Z,677.275,680.65,665,671.045,1972423.6019699995
2026-07-16T14:00:00.000Z,670.6801,677.53,670,676.63,936239.2614590001
2026-07-16T14:30:00.000Z,676.72,681.9,676.405,680.27,953786.0172799998
2026-07-16T15:00:00.000Z,680.43,680.69,674.62,675.105,625935.2556009998
2026-07-16T15:30:00.000Z,675.1388,677.66,674.32,674.62,632892.3325859999
2026-07-16T16:00:00.000Z,674.65,674.65,668.24,670.02,760880.144768
2026-07-16T16:30:00.000Z,670.2,671.9999,668,670.235,656740.467068
2026-07-16T17:00:00.000Z,670.04,670.52,668.39,669.9699,655114.0614409999
2026-07-16T17:30:00.000Z,669.74,670.16,667.52,668.7476,539079.5746840001
2026-07-16T18:00:00.000Z,668.58,674.31,666.72,668.125,792752.1962039999
2026-07-16T18:30:00.000Z,668.3,669.34,667.1,668.1131,552521.327541
2026-07-16T19:00:00.000Z,668.085,668.6,662.045,662.75,959064.691163
2026-07-16T19:30:00.000Z,662.85,664.6,660.16,664.54,1921064.2514029997
2026-07-17T13:30:00.000Z,647.7,649.22,636.51,641.94,2499434.3657120005
2026-07-17T14:00:00.000Z,642.01,642.15,632.01,634.57,1965928.0522640003
2026-07-17T14:30:00.000Z,634.6,636.33,626.135,626.66,1005105.9322049997
2026-07-17T15:00:00.000Z,626.75,630.635,626,629.92,880311.9738660002
2026-07-17T15:30:00.000Z,629.99,632.86,628.19,632.86,804475.5200329999
2026-07-17T16:00:00.000Z,632.795,648.65,630.32,643.53,3120439.646285
2026-07-17T16:30:00.000Z,643.84,650.45,638.35,649.61,1901679.14406
2026-07-17T17:00:00.000Z,649.61,652.17,646.75,651.9,1239540.4666489998
2026-07-17T17:30:00.000Z,651.9,652.2,645.81,649.51,764106.5081539999
2026-07-17T18:00:00.000Z,649.465,650,645.73,647.02,711823.338104
2026-07-17T18:30:00.000Z,646.99,648.34,645.33,645.94,831870.809659
2026-07-17T19:00:00.000Z,645.84,646.06,641.1101,643.885,1372974.1005470003
2026-07-17T19:30:00.000Z,643.885,648.15,641.08,646.01,1882797.8267940003
2026-07-20T13:30:00.000Z,646.7,646.79,636.0105,637.86,1329288.9592990002
2026-07-20T14:00:00.000Z,637.625,645.48,636.27,641.9899,737944.2450999998
2026-07-20T14:30:00.000Z,642.17,646.14,641.91,645.01,567797.62335
2026-07-20T15:00:00.000Z,645,648.97,644.27,648,539234.5471049999
2026-07-20T15:30:00.000Z,648.0625,649.7699,646.7205,647.29,555605.380519
2026-07-20T16:00:00.000Z,647.22,652.15,646.86,652.075,583776.9542629999
2026-07-20T16:30:00.000Z,652.075,653.3,650.47,651.6725,568351.8830010002
2026-07-20T17:00:00.000Z,651.81,651.91,648.328,649.775,351827.6968160001
2026-07-20T17:30:00.000Z,649.79,650.15,647.36,648.2,323130.4368229999
2026-07-20T18:00:00.000Z,648.25,649.655,647.3651,648.26,350727.669069
2026-07-20T18:30:00.000Z,648.315,648.96,645.8101,648.31,666021.34976
2026-07-20T19:00:00.000Z,648.31,649.8099,647.81,648.76,401980.576593
2026-07-20T19:30:00.000Z,648.87,651.035,645.26,645.86,1054194.3320850001
2026-07-21T13:30:00.000Z,654.18,655.88,643.2,648.5,1124392.1582410003
2026-07-21T14:00:00.000Z,648.47,649.88,644.73,646.8,405118.477749
2026-07-21T14:30:00.000Z,646.59,649.6599,646.09,647.475,344788.705524
2026-07-21T15:00:00.000Z,647.475,648.3422,645.5,647.88,370889.57662000007
2026-07-21T15:30:00.000Z,647.87,648.88,647.17,647.3,264385.66974399996
2026-07-21T16:00:00.000Z,647.345,647.95,645.911,647.445,294828.088593
2026-07-21T16:30:00.000Z,647.43,650.78,646.73,648.03,437303.26985800004
2026-07-21T17:00:00.000Z,647.86,648.6299,645.395,646.685,412928.186618
2026-07-21T17:30:00.000Z,646.685,648.82,644.69,647.455,392890.955431
2026-07-21T18:00:00.000Z,647.455,647.69,646.258,647.59,285994.99820499995
2026-07-21T18:30:00.000Z,647.69,647.82,646.22,646.96,430089.708189
2026-07-21T19:00:00.000Z,647.07,650,646.42,649.29,371051.9755810001
2026-07-21T19:30:00.000Z,649.495,649.8499,643.39,643.44,1091381.95056
2026-07-22T13:30:00.000Z,647.7,648.998,630.32,633.27,1401750.493908
2026-07-22T14:00:00.000Z,633.21,636.48,628.09,629.8986,924566.5580839999
2026-07-22T14:30:00.000Z,629.7,631.6,628.86,629.68,614497.2420670001
2026-07-22T15:00:00.000Z,629.57,630,627.8,629.64,675970.2131309999
2026-07-22T15:30:00.000Z,629.64,630.96,628.525,628.95,613135.9240130001
2026-07-22T16:00:00.000Z,628.82,630.38,628.13,629.255,345263.90439599997
2026-07-22T16:30:00.000Z,629.255,630.25,628.165,630.16,316556.340242
2026-07-22T17:00:00.000Z,630.1355,630.7,628.11,628.2,340308.45334099996
2026-07-22T17:30:00.000Z,628.2,628.32,625.0401,625.5,471968.3280270001
2026-07-22T18:00:00.000Z,625.53,626.8999,625.1105,626.6,365912.3958950001
2026-07-22T18:30:00.000Z,626.6,626.64,625.5,626.455,339122.25512099994
2026-07-22T19:00:00.000Z,626.45,627.95,625.94,627.195,547681.117632
2026-07-22T19:30:00.000Z,627.08,628.87,624,627.07,1491381.3596149997
2026-07-23T13:30:00.000Z,608.41,614.65,605.35,610.55,1786612.2938010008
2026-07-23T14:00:00.000Z,610.74,611,604.35,607.68,923726.6829790002
2026-07-23T14:30:00.000Z,607.61,607.995,602.03,602.03,856887.5424499998
2026-07-23T15:00:00.000Z,602.03,602.8,598.19,599.28,1409385.5702250001
2026-07-23T15:30:00.000Z,599.08,602.44,597.22,601.5216,916705.4942199999
2026-07-23T16:00:00.000Z,601.38,604.79,601.05,604.4,657992.360873
2026-07-23T16:30:00.000Z,604.38,606.3199,601.34,605.26,818796.9524569998
2026-07-23T17:00:00.000Z,605.455,607.22,604.68,605.92,551775.5768580001
2026-07-23T17:30:00.000Z,605.8401,607.88,604.165,606.37,505144.20058300014
2026-07-23T18:00:00.000Z,606.23,606.9799,605.281,606.14,395198.1318059999
2026-07-23T18:30:00.000Z,606.14,607.66,605.1,606.495,870999.0268460001
2026-07-23T19:00:00.000Z,606.495,608.135,604.8175,607.3001,627935.3064239998
2026-07-23T19:30:00.000Z,607.43,607.69,603.04,606.03,1860155.5445220002
2026-07-24T13:30:00.000Z,605.3,607.62,601.56,601.99,1128454.162484
2026-07-24T14:00:00.000Z,601.83,606.4,600.75,604.9,941737.6560820001
2026-07-24T14:30:00.000Z,605,606.91,603.79,606.835,495682.43029999995
2026-07-24T15:00:00.000Z,606.98,609.38,605.46,608.86,585145.0115680001
2026-07-24T15:30:00.000Z,608.755,609.98,604.76,605.63,725944.271063
2026-07-24T16:00:00.000Z,605.53,605.99,603.02,603.155,482099.80323
2026-07-24T16:30:00.000Z,603.06,604,600.07,600.56,565996.5067489999
2026-07-24T17:00:00.000Z,600.67,604.91,600.595,602.99,467529.97767700005
2026-07-24T17:30:00.000Z,603,603.78,599.13,601.835,503274.688426
2026-07-24T18:00:00.000Z,601.72,602.97,601.1,601.48,395542.377343
2026-07-24T18:30:00.000Z,601.52,601.819,599.06,599.88,582444.8708619999
2026-07-24T19:00:00.000Z,599.885,601.33,599.76,600.055,508904.4025089999
2026-07-24T19:30:00.000Z,600.055,601.18,594.45,595.2,1792558.003711
2026-07-27T13:30:00.000Z,607.22,611.26,600.18,605.73,1288572.3775439998
2026-07-27T14:00:00.000Z,605.57,609.5795,604.59,605.325,953415.614202
2026-07-27T14:30:00.000Z,605.2,605.9152,598.98,603.0673,950129.156879
2026-07-27T15:00:00.000Z,602.93,607.01,602.31,605.535,648592.9124270001
2026-07-27T15:30:00.000Z,605.535,605.7,600.7125,600.98,459848.211415
2026-07-27T16:00:00.000Z,601.1,601.74,597.3905,599.02,614283.4813880002
2026-07-27T16:30:00.000Z,599.02,600.37,597,597.535,439251.02507199993
2026-07-27T17:00:00.000Z,597.51,597.97,596.325,596.85,384383.56124399987
2026-07-27T17:30:00.000Z,596.83,597.35,594.44,594.83,515421.36924699997
2026-07-27T18:00:00.000Z,594.83,595.33,593.505,594.85,475996.7180910001
2026-07-27T18:30:00.000Z,594.855,598.04,593.81,596.86,436600.18825899996
2026-07-27T19:00:00.000Z,596.81,596.93,595.41,595.71,407680.79608100007
2026-07-27T19:30:00.000Z,595.77,596.5,593.13,593.93,1137360.4131760001
2026-07-28T13:30:00.000Z,596.82,601,591,593.19,1388484.8966849996
2026-07-28T14:00:00.000Z,593.095,595.11,591.49,594.56,647962.2410050001
2026-07-28T14:30:00.000Z,594.57,594.58,589.4,589.55,704821.311666
2026-07-28T15:00:00.000Z,589.54,594.74,587,593.7566,874191.298836
2026-07-28T15:30:00.000Z,594.03,595.6,593.31,595.38,384109.6712680001
2026-07-28T16:00:00.000Z,595.51,598,595,596.365,470214.281421
2026-07-28T16:30:00.000Z,596.365,597,593.78,594.3562,442642.0797739998
2026-07-28T17:00:00.000Z,594.43,594.685,592.24,593.55,709948.1905869999
2026-07-28T17:30:00.000Z,593.5,595,592.5,594.445,395860.72953
2026-07-28T18:00:00.000Z,594.54,595.22,593.0601,594.48,286360.15815299994
2026-07-28T18:30:00.000Z,594.49,594.6099,591.69,594.5195,320462.16760700004
2026-07-28T19:00:00.000Z,594.48,595.3897,593.13,593.505,387040.51944
2026-07-28T19:30:00.000Z,593.43,594.49,592.7,593.66,1826705.7230729996
2026-07-29T13:30:00.000Z,593.25,594.55,587.05,589.38,1348981.516989
2026-07-29T14:00:00.000Z,589.55,591.51,586.39,588.37,911397.7769240001
2026-07-29T14:30:00.000Z,588.49,591.24,587.98,588.91,646754.282863
2026-07-29T15:00:00.000Z,588.91,592.97,588.15,591.45,799119.134969
2026-07-29T15:30:00.000Z,591.4401,592.6,585.25,586.715,646602.49869
2026-07-29T16:00:00.000Z,586.76,591.19,585.27,590.82,754456.1201080001
2026-07-29T16:30:00.000Z,590.83,593.38,589.82,593.045,659523.44373
2026-07-29T17:00:00.000Z,593.045,595.4495,592.55,593.03,728866.471467
2026-07-29T17:30:00.000Z,592.93,593.88,592.04,593.165,504189.366055
2026-07-29T18:00:00.000Z,593.165,598.23,592.735,593.655,879615.0812529998
2026-07-29T18:30:00.000Z,593.6475,599.97,593.45,597.82,927474.323143
2026-07-29T19:00:00.000Z,597.99,598.01,588.07,589.1294,902393.3741520002
2026-07-29T19:30:00.000Z,589.13,590.2,582.22,587,3229405.0881799995
2026-07-30T13:30:00.000Z,526,537.5,524.49,532.27,8824247.965885999
2026-07-30T14:00:00.000Z,532.28,534.8541,527.5,531.3615,4136121.961426
2026-07-30T14:30:00.000Z,531.4,535.94,529.67,534.08,2542885.7333110003
2026-07-30T15:00:00.000Z,534.07,538.94,532.0901,533.005,2871016.727992999
2026-07-30T15:30:00.000Z,532.95,534.75,532.09,532.1402,2029775.021971
2026-07-30T16:00:00.000Z,532.09,536.99,531.32,531.53,1936206.7151269997
2026-07-30T16:30:00.000Z,531.475,531.96,529.77,530.751,1846685.18924
2026-07-30T17:00:00.000Z,530.75,533.25,530.48,532.77,1321909.0902469999
2026-07-30T17:30:00.000Z,532.695,534.94,531.52,532.86,1306062.848773
2026-07-30T18:00:00.000Z,532.86,534.18,531.64,532.96,1255413.6313409996
2026-07-30T18:30:00.000Z,532.97,534.8799,532,534.52,1277211.3775850001
2026-07-30T19:00:00.000Z,534.5327,535.98,532,534.475,1714953.7310400002
2026-07-30T19:30:00.000Z,534.5,539.88,533.21,539.06,4456678.813154001
2026-07-31T13:30:00.000Z,543.6,557.99,542.7,546.2501,4222705.268599999
2026-07-31T14:00:00.000Z,546.375,550.8,542.76,547.23,1842678.6190010004
2026-07-31T14:30:00.000Z,547.3795,552.41,544,551.08,1661393.257868
2026-07-31T15:00:00.000Z,551.01,553.07,540.72,540.88,1617841.6385099997
2026-07-31T15:30:00.000Z,540.78,547.2489,540.22,545.8,989225.6845019996
2026-07-31T16:00:00.000Z,545.84,549.57,545.44,549.23,800130.0898489999
2026-07-31T16:30:00.000Z,549.33,552.16,548.58,548.76,1112393.371646
2026-07-31T17:00:00.000Z,548.7,549.83,546.4008,549.325,747095.3851059998
2026-07-31T17:30:00.000Z,549.335,549.97,548,548.725,798522.712437
2026-07-31T18:00:00.000Z,548.75,551.64,547.5,550.15,969151.0955279998
2026-07-31T18:30:00.000Z,550.135,551.85,549.18,550.69,913264.5762349999
2026-07-31T19:00:00.000Z,550.61,553.74,550.6,552.61,1659167.8611539998
2026-07-31T19:30:00.000Z,552.54,558.33,551.0101,556.5,3069598.8432960003
2026-08-03T13:30:00.000Z,562.24,593.9,559.36,590.229,5193206.521063002
2026-08-03T14:00:00.000Z,590.2,594.6,586.51,586.795,2970401.6529739997
2026-08-03T14:30:00.000Z,586.79,588.95,582.64,588.625,1958066.747276
2026-08-03T15:00:00.000Z,589,594.78,588.86,594.24,1527781.701877
2026-08-03T15:30:00.000Z,594.18,594.99,592.33,592.75,1232104.6951729998
2026-08-03T16:00:00.000Z,592.8,596.93,591.5706,595.595,1082730.794351
2026-08-03T16:30:00.000Z,595.66,597.52,593.05,593.34,889423.7844789999
2026-08-03T17:00:00.000Z,593.325,594.41,590.8,593.845,797778.925307
2026-08-03T17:30:00.000Z,593.8813,593.8813,589.86,590.31,778267.8406849997
2026-08-03T18:00:00.000Z,590.25,591.89,589.02,590.59,672089.5809180002
2026-08-03T18:30:00.000Z,590.585,594.1,589.72,593.46,752697.886763
2026-08-03T19:00:00.000Z,593.5,594.2,592.25,593.685,701735.856054
2026-08-03T19:30:00.000Z,593.69,594.17,589.83,590.53,2038738.476903
2026-08-04T13:30:00.000Z,581.5,586.37,579.95,585.405,2073839.6814789998
2026-08-04T14:00:00.000Z,585.34,585.7,581.38,583.66,1323018.9555350002
2026-08-04T14:30:00.000Z,583.62,584.75,581.3,581.52,1085303.856034
2026-08-04T15:00:00.000Z,581.63,584.03,581.05,583.225,938111.2928279999
2026-08-04T15:30:00.000Z,583.255,584.37,582.0049,583.845,791908.990725
2026-08-04T16:00:00.000Z,583.7251,584.3358,581.38,581.53,643724.6462009999
2026-08-04T16:30:00.000Z,581.61,582.09,578.25,580.83,1330052.1001169998
2026-08-04T17:00:00.000Z,580.805,588.8,580.73,588.365,1100556.857993
2026-08-04T17:30:00.000Z,588.365,589.62,587.5657,587.6,609020.9302599998
2026-08-04T18:00:00.000Z,587.645,589.67,587.08,589.205,545557.896857
2026-08-04T18:30:00.000Z,589.205,589.8,588,588.4,606194.690632
2026-08-04T19:00:00.000Z,588.37,591,588.13,590.545,764872.1276769999
2026-08-04T19:30:00.000Z,590.54,592.787,587.65,587.71,2048127.187052
2026-08-05T13:30:00.000Z,600.455,601,591.5001,594.615,1904659.6922320004
2026-08-05T14:00:00.000Z,594.48,596.3999,591.1801,591.81,838446.2085299998
2026-08-05T14:30:00.000Z,591.81,593.06,590.01,590.91,630442.780013
2026-08-05T15:00:00.000Z,591.09,592.5,585.9624,585.9624,721203.7059969999
2026-08-05T15:30:00.000Z,585.9,587.4698,582,582,771813.1320150001
2026-08-05T16:00:00.000Z,582,585.2899,580.12,583.04,992279.693342
2026-08-05T16:30:00.000Z,582.98,585.5,581,585.05,883029.559397
2026-08-05T17:00:00.000Z,585.1745,585.1745,583.29,583.81,392285.6611799999
2026-08-05T17:30:00.000Z,583.89,584.16,582.53,583.38,489111.956797
2026-08-05T18:00:00.000Z,583.44,584.2192,582.65,582.93,401881.54696799995
2026-08-05T18:30:00.000Z,582.88,583.98,582.28,582.32,682686.6390149998
2026-08-05T19:00:00.000Z,582.3072,588.8648,580.27,588.42,1605713.758724
2026-08-05T19:30:00.000Z,588.48,590.18,586.38,588.8,1592149.675036
2026-08-06T13:30:00.000Z,586.95,595.31,585.995,593.345,1978270.405836
2026-08-06T14:00:00.000Z,593.34,593.78,588.11,589.98,932952.807753
2026-08-06T14:30:00.000Z,589.98,594,589.2,592.83,867903.1617750004
2026-08-06T15:00:00.000Z,592.835,592.9,588.675,589.9,757333.673248
2026-08-06T15:30:00.000Z,589.83,589.8399,587.35,588.2599,461888.78919100005
2026-08-06T16:00:00.000Z,588.13,589.98,587.4,589.3099,653169.031282
2026-08-06T16:30:00.000Z,589.375,590.65,588.14,590,1072403.5808139998
2026-08-06T17:00:00.000Z,589.99,591.29,587.8301,587.91,409879.637464
2026-08-06T17:30:00.000Z,587.92,589.7199,587.14,589.52,333815.950484
2026-08-06T18:00:00.000Z,589.52,590.37,588.03,590.21,465582.1260369999
2026-08-06T18:30:00.000Z,590.17,591.5,589.1502,589.7093,441958.336642
2026-08-06T19:00:00.000Z,589.72,591.06,589.09,589.245,462046.77288799995
2026-08-06T19:30:00.000Z,589.18,590.11,587.3,589.86,1158851.905357
2026-08-07T13:30:00.000Z,585.64,597,585.62,589.34,1404083.376375
2026-08-07T14:00:00.000Z,589.33,594.2467,588.46,592.81,887847.2458110001
2026-08-07T14:30:00.000Z,592.81,598.7399,592.41,598.5,947308.9902040001
2026-08-07T15:00:00.000Z,598.4,598.65,595.6305,596.28,1025404.8415020002
2026-08-07T15:30:00.000Z,596.61,596.83,594.53,594.53,1013144.9190370003
2026-08-07T16:00:00.000Z,594.62,595.16,592.62,593.37,367029.04224400007
2026-08-07T16:30:00.000Z,593.363,594.5899,592.34,592.44,277277.09474699997
2026-08-07T17:00:00.000Z,592.5,592.83,590.81,591.82,305879.48711000005
2026-08-07T17:30:00.000Z,591.7,592.65,591.4,592.4,313039.32851599995
2026-08-07T18:00:00.000Z,592.43,592.69,591.57,592.29,326224.0711049999
2026-08-07T18:30:00.000Z,592.28,592.38,590.18,591.542,262650.477912
2026-08-07T19:00:00.000Z,591.55,593.595,591.0001,592.49,429090.298606
2026-08-07T19:30:00.000Z,592.55,595.59,591.64,592.08,1152704.997523
2026-08-10T13:30:00.000Z,599.13,604.4699,593.6501,596.83,1923597.0096539997
2026-08-10T14:00:00.000Z,597,603.77,595.2,603.62,1150428.697974
2026-08-10T14:30:00.000Z,603.62,608.21,602.43,602.9,1488892.2680729998
2026-08-10T15:00:00.000Z,602.9,603.09,598.3,599.34,842249.456848
2026-08-10T15:30:00.000Z,599.26,600.3149,598.485,599.6,582050.6358309998
2026-08-10T16:00:00.000Z,599.72,600.36,596.61,597.39,751792.3802489999
2026-08-10T16:30:00.000Z,597.345,597.46,592.33,593.89,733073.501687
2026-08-10T17:00:00.000Z,593.89,594.66,592.56,594.62,412485.62374899996
2026-08-10T17:30:00.000Z,594.605,594.85,592.78,593.6,420824.3658069999
2026-08-10T18:00:00.000Z,593.7,593.86,592.69,592.87,365772.19473300007
2026-08-10T18:30:00.000Z,592.77,595.19,592.5,594.79,333095.6668270001
2026-08-10T19:00:00.000Z,594.83,595.2,592.0301,592.3824,475152.5479480001
2026-08-10T19:30:00.000Z,592.34,595.35,592.2122,595.02,1060900.843589
2026-08-11T13:30:00.000Z,598,603.47,593.4,602.67,1206205.9328840002
2026-08-11T14:00:00.000Z,602.67,612.43,602.67,609.21,2467454.0874020006
2026-08-11T14:30:00.000Z,609.3,611.44,608.4,609.64,971981.7930960001
2026-08-11T15:00:00.000Z,609.645,610.97,606.16,609.495,948360.4026840001
2026-08-11T15:30:00.000Z,609.495,609.69,604.82,605.3501,732424.597222
2026-08-11T16:00:00.000Z,605.56,606.85,603.96,604.71,422816.0094240001
2026-08-11T16:30:00.000Z,604.758,604.758,603.1,603.919,402454.92115300003
2026-08-11T17:00:00.000Z,603.9194,604.6185,603,604.6185,368345.75497
2026-08-11T17:30:00.000Z,604.565,605.77,604.12,604.31,289786.220825
2026-08-11T18:00:00.000Z,604.315,604.9799,602.52,602.6,347105.0167349999
2026-08-11T18:30:00.000Z,602.76,603.6,602.54,602.81,251233.60595899995
2026-08-11T19:00:00.000Z,602.82,602.83,600.455,601.36,568110.8567580001
2026-08-11T19:30:00.000Z,601.45,602.67,598.47,599.21,1142536.4999600002
2026-08-12T13:30:00.000Z,601.065,604.499,589.12,590.3,1600757.4218420004
2026-08-12T14:00:00.000Z,590.2,590.87,586.116,587.61,1270289.5649519998
2026-08-12T14:30:00.000Z,587.67,587.9,584.09,585.835,872590.4606439999
2026-08-12T15:00:00.000Z,585.85,586.7,583.53,584.32,840071.6249550002
2026-08-12T15:30:00.000Z,584.081,584.29,581.15,581.37,954851.9788480002
2026-08-12T16:00:00.000Z,581.438,582.64,580.72,582.23,943876.6023289999
2026-08-12T16:30:00.000Z,582.23,582.99,581.1,582.12,696817.0798389998
2026-08-12T17:00:00.000Z,582.12,582.57,581.27,581.61,529181.6602879999
2026-08-12T17:30:00.000Z,581.61,581.9799,578.21,578.735,1314848.6754289996
2026-08-12T18:00:00.000Z,578.79,581.35,578.51,581.33,1061717.2166310002
2026-08-12T18:30:00.000Z,581.27,583.6783,579.46,579.88,1021712.446805
2026-08-12T19:00:00.000Z,579.825,581.155,579,580.6,877745.5470909998
2026-08-12T19:30:00.000Z,580.65,582.24,578.5525,578.85,2016306.8008810002
2026-08-13T13:30:00.000Z,580.71,589.75,579.39,588.395,1800269.495285
2026-08-13T14:00:00.000Z,588.39,590.5,587.3,587.8,1032571.6254749999
2026-08-13T14:30:00.000Z,587.84,590.91,587.8,590.7,671346.5847899999
2026-08-13T15:00:00.000Z,590.8,591.039,585.65,586.295,668391.940758
2026-08-13T15:30:00.000Z,586.295,586.9451,584.82,586.45,468865.8608140001
2026-08-13T16:00:00.000Z,586.45,587.26,585.5,587.08,358529.59727400006
2026-08-13T16:30:00.000Z,587.04,588.74,586.79,587.795,353127.03994499997
2026-08-13T17:00:00.000Z,587.7729,589.23,587.75,588.48,360974.05210599984
2026-08-13T17:30:00.000Z,588.48,589.54,587.66,588.37,304241.59665900003
2026-08-13T18:00:00.000Z,588.37,590.2599,588.045,589.67,361525.6938570001
2026-08-13T18:30:00.000Z,589.67,593.25,589.23,592.81,658444.7088780002
2026-08-13T19:00:00.000Z,592.71,595.58,592.03,595.23,783317.5722320001
2026-08-13T19:30:00.000Z,595.27,595.85,593.64,594.73,1311623.474187
2026-08-14T13:30:00.000Z,596.98,601.86,595.01,598.1705,1201809.458066
2026-08-14T14:00:00.000Z,597.95,599.9,595.73,595.84,560895.2260489999
2026-08-14T14:30:00.000Z,595.825,596.87,593.05,593.11,595142.9146559999
2026-08-14T15:00:00.000Z,593.21,594.44,591.9,592.99,624278.879937
2026-08-14T15:30:00.000Z,592.995,595.09,592.8101,594.61,357927.657289
2026-08-14T16:00:00.000Z,594.64,594.72,591.7,592.26,391814.98550899996
2026-08-14T16:30:00.000Z,592.295,592.5,590.8,591.83,340014.59380100004
2026-08-14T17:00:00.000Z,591.72,592.6,591.0801,591.33,257131.501268
2026-08-14T17:30:00.000Z,591.34,591.625,590.67,591.59,299403.92986000003
2026-08-14T18:00:00.000Z,591.6226,592.0495,591.091,591.4912,335859.89701099996
2026-08-14T18:30:00.000Z,591.56,592.125,590.9597,591.79,252135.44901300003
2026-08-14T19:00:00.000Z,591.79,591.82,590.554,591.22,660755.422504
2026-08-14T19:30:00.000Z,591.23,591.7,589.29,589.75,1001278.752124
2026-08-17T13:30:00.000Z,589.75,590.24,578.11,580.37,1684226.3424609997
2026-08-17T14:00:00.000Z,580.21,580.7699,577.61,578.115,1050155.300207
2026-08-17T14:30:00.000Z,578.1,578.1899,573.33,574.175,1347281.3712430003
2026-08-17T15:00:00.000Z,574.22,575.12,572.851,575.06,914233.220705
2026-08-17T15:30:00.000Z,575.07,575.12,572.8,573.8349,832235.3378919999
2026-08-17T16:00:00.000Z,573.77,573.87,569.05,569.575,1285619.2976719998
2026-08-17T16:30:00.000Z,569.575,569.82,566.6,568.925,1447215.457025
2026-08-17T17:00:00.000Z,568.86,568.86,566.1605,566.43,843707.5047830001
2026-08-17T17:30:00.000Z,566.43,566.9426,564.75,565.64,1043579.403463
2026-08-17T18:00:00.000Z,565.5324,567.82,565.51,567.14,900879.358151
2026-08-17T18:30:00.000Z,567.18,567.82,566.8405,567.265,670298.7637159998
2026-08-17T19:00:00.000Z,567.2,569.98,566.8101,569.315,789282.891641
2026-08-17T19:30:00.000Z,569.28,569.61,567.7235,568.96,1810238.4776220005
2026-08-18T13:30:00.000Z,557.48,560.66,546.61,547.8,4742316.766034
2026-08-18T14:00:00.000Z,547.9,549.65,546.7,547.8316,2255011.728256
2026-08-18T14:30:00.000Z,547.885,550.17,545.47,550.0425,2127460.527964
2026-08-18T15:00:00.000Z,550.15,553.5582,549.95,552.22,1606269.406863
2026-08-18T15:30:00.000Z,552.22,555.8,551.36,554.68,1321391.4544130003
2026-08-18T16:00:00.000Z,554.68,555.29,551.68,551.69,800818.9675450001
2026-08-18T16:30:00.000Z,551.68,552.28,550.18,550.4433,1110236.8183580001
2026-08-18T17:00:00.000Z,550.38,551.3,548.2501,548.9577,1063916.1986560002
2026-08-18T17:30:00.000Z,548.9577,549.13,546.43,547.25,1254356.2339759998
2026-08-18T18:00:00.000Z,547.28,549.36,546.73,547.24,946966.821939
2026-08-18T18:30:00.000Z,547.23,547.4,545.03,545.265,1106340.6682719998
2026-08-18T19:00:00.000Z,545.35,545.85,543.9,545.23,1368949.3188550002
2026-08-18T19:30:00.000Z,545.28,546.26,543.21,543.67,2844927.7976469994
2026-08-19T13:30:00.000Z,541.34,546.3906,537.27,545,2796298.5825970005
2026-08-19T14:00:00.000Z,544.94,548.1,544.41,547.4199,1432114.50515
2026-08-19T14:30:00.000Z,547.4172,549.92,546.75,549.18,1241144.911087
2026-08-19T15:00:00.000Z,549.26,550.59,546.8006,550.36,956688.9705350001
2026-08-19T15:30:00.000Z,550.36,553.487,550.14,552.055,936418.7356939998
2026-08-19T16:00:00.000Z,552.105,554.07,551.6601,552.3101,848636.7978450002
2026-08-19T16:30:00.000Z,552.2601,553.1,551.03,552.925,567909.404013
2026-08-19T17:00:00.000Z,552.95,553.68,551.65,553.28,501676.369421
2026-08-19T17:30:00.000Z,553.235,553.44,551.6501,552.105,377580.821306
2026-08-19T18:00:00.000Z,552.105,552.9,549.67,550.205,627090.331686
2026-08-19T18:30:00.000Z,550.29,551.645,549.81,551.29,408343.502693
2026-08-19T19:00:00.000Z,551.285,551.85,548.1675,548.695,804335.439871
2026-08-19T19:30:00.000Z,548.6,548.79,545.33,546.19,2780498.0005559996
2026-08-20T13:30:00.000Z,546.95,549.988,543.69,547.67,1602841.0769159996
2026-08-20T14:00:00.000Z,547.67,547.75,543.06,544.44,923254.3791000001
2026-08-20T14:30:00.000Z,544.345,547.175,544.2501,545.21,683784.048759
2026-08-20T15:00:00.000Z,545.185,545.3,541.83,543.83,1006091.460336
2026-08-20T15:30:00.000Z,543.871,544,542.23,542.78,687632.1932750001
2026-08-20T16:00:00.000Z,542.85,543.38,541.61,543.09,440151.8743190001
2026-08-20T16:30:00.000Z,543.195,545.8,543.1,543.4106,690761.4521790001
2026-08-20T17:00:00.000Z,543.4599,543.7651,541.34,542.12,496300.8635829999
2026-08-20T17:30:00.000Z,542.14,543.32,540.24,540.55,630929.255526
2026-08-20T18:00:00.000Z,540.54,540.99,539.31,540.9125,684824.411128
2026-08-20T18:30:00.000Z,540.86,541.1,540.2201,540.29,420311.04199799994
2026-08-20T19:00:00.000Z,540.29,542.79,540.29,542.6868,624410.0412480001
2026-08-20T19:30:00.000Z,542.7,548.01,542.59,545.885,1896191.5623849994
2026-08-21T13:30:00.000Z,546.885,552.69,543.23,550.14,2577821.7577909995
2026-08-21T14:00:00.000Z,550.14,551.78,549.11,549.3,1049198.8380159999
2026-08-21T14:30:00.000Z,549.3,552.85,549.26,552.78,625058.5584209999
2026-08-21T15:00:00.000Z,552.72,553.8733,548.81,549.63,743999.9447499999
2026-08-21T15:30:00.000Z,549.635,550.7999,547.93,549.875,684127.8135599999
2026-08-21T16:00:00.000Z,549.875,551.04,548.7615,550.675,552580.398933
2026-08-21T16:30:00.000Z,550.7851,553.1,550.389,552.18,474867.6342429999
2026-08-21T17:00:00.000Z,552.2,553.46,552.02,552.16,441774.3966530001
2026-08-21T17:30:00.000Z,552.1,552.22,549.385,549.75,508233.93429
2026-08-21T18:00:00.000Z,549.77,550.03,548.965,549.12,494876.121222
2026-08-21T18:30:00.000Z,549.0201,551.65,548.95,551.18,513460.22303999995
2026-08-21T19:00:00.000Z,551.195,551.32,549.22,550.63,1527054.4424869998
2026-08-21T19:30:00.000Z,550.565,551.16,549.4355,549.91,1151990.097539
2026-08-24T13:30:00.000Z,550.2,553.38,546.3,551.92,1550192.1301079998
2026-08-24T14:00:00.000Z,551.88,554.2797,550.1,551.87,911461.148881
2026-08-24T14:30:00.000Z,551.74,553.95,549.66,553.105,798779.6088380001
2026-08-24T15:00:00.000Z,553.12,556.54,552.11,556.09,626150.994069
2026-08-24T15:30:00.000Z,556.165,557.5,554.71,555.51,751395.52525
2026-08-24T16:00:00.000Z,555.5,556.5899,554.89,555.4591,552391.34449
2026-08-24T16:30:00.000Z,555.415,558.1399,554.7005,557.6944,599214.952092
2026-08-24T17:00:00.000Z,557.76,559,556.8405,557.705,669378.044994
2026-08-24T17:30:00.000Z,557.72,558.73,556,556.185,585593.168548
2026-08-24T18:00:00.000Z,556.185,560.9,556.11,560.185,687159.266138
2026-08-24T18:30:00.000Z,560.25,560.95,559.935,560.085,614345.3145240002
2026-08-24T19:00:00.000Z,560.08,560.5,558.79,559.67,655699.9210939999
2026-08-24T19:30:00.000Z,559.695,561.42,558.99,559.18,1796968.260254
2026-08-25T13:30:00.000Z,563.88,568.64,563.3,565.35,1258583.187249
2026-08-25T14:00:00.000Z,565.26,565.4448,562.2,563.0534,588537.7611890001
2026-08-25T14:30:00.000Z,562.94,565.87,561.82,564.16,553022.5359180002
2026-08-25T15:00:00.000Z,564.06,564.27,561.4001,563.395,428285.4576669999
2026-08-25T15:30:00.000Z,563.3845,566.25,563.12,565.59,511261.33811700006
2026-08-25T16:00:00.000Z,565.595,566.21,564.69,565.74,303388.220704
2026-08-25T16:30:00.000Z,565.74,567.55,564,567.365,386858.574337
2026-08-25T17:00:00.000Z,567.4359,567.48,565.1272,565.32,310950.1695249999
2026-08-25T17:30:00.000Z,565.3419,565.88,563.87,565.28,298272.40616699995
2026-08-25T18:00:00.000Z,565.3,565.96,564.3519,565.0336,270929.78703699994
2026-08-25T18:30:00.000Z,565.2899,566.61,564.71,566.455,566774.22126
2026-08-25T19:00:00.000Z,566.52,566.86,565.54,566.4,273030.61198499997
2026-08-25T19:30:00.000Z,566.3848,570.8,566.38,569.865,1761321.8064700002
2026-08-26T13:30:00.000Z,590.31,593.34,561.88,572.4,8420129.388810001
2026-08-26T14:00:00.000Z,572.385,575.96,564.3101,574.0924,3249508.71729
2026-08-26T14:30:00.000Z,574.075,587.46,570.75,584.89,3407011.219577
2026-08-26T15:00:00.000Z,584.89,588.77,581.51,582.62,2771596.13562
2026-08-26T15:30:00.000Z,582.5,582.84,575.15,576.09,1719357.9359099998
2026-08-26T16:00:00.000Z,576,579.16,574.21,576.755,1066249.1343760001
2026-08-26T16:30:00.000Z,576.81,577.9,574.8,575.89,701374.026491
2026-08-26T17:00:00.000Z,575.78,579.16,574.7719,578.29,797627.1087629999
2026-08-26T17:30:00.000Z,578.28,578.92,577,578.0496,732139.899299
2026-08-26T18:00:00.000Z,578.32,579.08,576.41,577.865,691966.053125
2026-08-26T18:30:00.000Z,577.805,580.9235,577.765,578.825,879706.648858
2026-08-26T19:00:00.000Z,578.75,580.84,576.81,577.0217,784227.0407100001
2026-08-26T19:30:00.000Z,577.07,578.65,575.81,576.11,1733086.5925780004
2026-08-27T13:30:00.000Z,576.48,583.05,567.62,582.43,2640068.033649
2026-08-27T14:00:00.000Z,582.43,588.39,578.2642,578.34,1825328.770724
2026-08-27T14:30:00.000Z,578.34,578.79,570.5,573.61,1550196.5454900002
2026-08-27T15:00:00.000Z,573.79,573.89,570.63,571.485,772356.706167
2026-08-27T15:30:00.000Z,571.5,573.6336,570.31,573.11,585910.4717379999
2026-08-27T16:00:00.000Z,573.195,574.2992,572.71,572.9508,529565.983941
2026-08-27T16:30:00.000Z,572.84,572.9552,569.72,571.03,822047.7988230003
2026-08-27T17:00:00.000Z,570.94,571.9,570.41,571.22,606589.180948
2026-08-27T17:30:00.000Z,571.135,571.8351,569.51,570.15,525046.465152
2026-08-27T18:00:00.000Z,570.2,570.47,568.02,569.16,446381.38479399995
2026-08-27T18:30:00.000Z,569.16,569.97,568.81,569.485,397654.89290199993
2026-08-27T19:00:00.000Z,569.44,570.7985,568.7,569.43,474501.009024
2026-08-27T19:30:00.000Z,569.38,572.19,568.73,571.07,1283958.7464390001
2026-08-28T13:30:00.000Z,571.55,584.17,571,581,2283234.989522
2026-08-28T14:00:00.000Z,580.69,583.5,576.11,577.01,1250412.8722849998
2026-08-28T14:30:00.000Z,577.21,589.19,574.36,584.805,1998615.834965
2026-08-28T15:00:00.000Z,584.805,587.65,583.3271,584.64,1154333.638738
2026-08-28T15:30:00.000Z,584.75,585.21,575.01,575.475,948522.503589
2026-08-28T16:00:00.000Z,575.5747,576.91,573.3001,575.18,818133.586272
2026-08-28T16:30:00.000Z,575.24,576.46,574.63,575.0677,429972.57177000004
2026-08-28T17:00:00.000Z,575.03,576.8809,574.3501,575.84,416056.877417
2026-08-28T17:30:00.000Z,575.9656,576.87,575.0021,575.8,310327.83810399997
2026-08-28T18:00:00.000Z,575.67,577.29,574.2804,574.505,827985.7151780002
2026-08-28T18:30:00.000Z,574.54,577.49,573.88,573.975,529598.866759
2026-08-28T19:00:00.000Z,574.0351,577.7,573.99,577.35,558177.3639899999
2026-08-28T19:30:00.000Z,577.35,578.98,575.41,578.02,1713973.171856
2026-08-31T13:30:00.000Z,577.63,578.675,571.02,572.42,1374532.8974839998
2026-08-31T14:00:00.000Z,572.42,572.4899,569.1386,570.15,982441.5482660003
2026-08-31T14:30:00.000Z,570.165,571.81,569.3,571.646,602660.209485
2026-08-31T15:00:00.000Z,571.79,573.16,570.98,571.65,640482.274829
2026-08-31T15:30:00.000Z,571.6,572.29,570.6,571.085,356798.1516909999
2026-08-31T16:00:00.000Z,571.085,571.635,570.3,570.75,358424.96424600005
2026-08-31T16:30:00.000Z,570.773,571.75,570.51,571.39,342039.06119000004
2026-08-31T17:00:00.000Z,571.39,571.97,570.42,571.06,411321.542682
2026-08-31T17:30:00.000Z,570.8608,572.32,570.8608,571.8099,444334.44103899994
2026-08-31T18:00:00.000Z,571.71,574.105,571,571.6,600158.0641400001
2026-08-31T18:30:00.000Z,571.5753,571.97,570.68,571.545,433891.575818
2026-08-31T19:00:00.000Z,571.64,576.18,571.56,572.755,1064755.299626
2026-08-31T19:30:00.000Z,572.82,575.16,571.44,572.485,1683144.030862
2026-09-01T13:30:00.000Z,558.345,568.25,556.1,566.895,1892830.6329909996
2026-09-01T14:00:00.000Z,566.895,570.22,565.5,569.76,776687.4143749998
2026-09-01T14:30:00.000Z,569.71,579.52,569.71,578.1225,1368749.487865
2026-09-01T15:00:00.000Z,578.13,581.23,575.9,578.85,1364905.353045
2026-09-01T15:30:00.000Z,578.76,583.24,578.28,582.695,1731885.2548210004
2026-09-01T16:00:00.000Z,582.695,583.4383,578,580.4,744058.0883370002
2026-09-01T16:30:00.000Z,580.5,581.4388,578.6212,580.8,570626.763991
2026-09-01T17:00:00.000Z,580.8001,582.72,579.4,580.305,477452.58910100005
2026-09-01T17:30:00.000Z,580.47,584.4,580.1436,584.305,544113.67171
2026-09-01T18:00:00.000Z,584.42,584.95,580.76,581.455,682061.5175360002
2026-09-01T18:30:00.000Z,581.455,581.84,576.2,577.66,713515.784829
2026-09-01T19:00:00.000Z,577.56,580.94,576.23,580.77,613164.547125
2026-09-01T19:30:00.000Z,580.77,580.99,577.4,578.53,1171058.952984
2026-09-02T13:30:00.000Z,578.785,594.1183,577,593.745,2727008.299109
2026-09-02T14:00:00.000Z,593.93,600.38,592.56,595.08,2808008.114659
2026-09-02T14:30:00.000Z,594.97,598.95,594.51,596,1271635.890027
2026-09-02T15:00:00.000Z,595.91,597.2099,593.28,597,741868.9350999999
2026-09-02T15:30:00.000Z,596.91,597,591.85,592.525,595096.635992
2026-09-02T16:00:00.000Z,592.41,594.19,591.25,592.2101,507032.653751
2026-09-02T16:30:00.000Z,592.321,595.84,592.285,594.865,414867.90466600005
2026-09-02T17:00:00.000Z,594.875,595.49,591.85,592.6601,497563.69542700006
2026-09-02T17:30:00.000Z,592.76,593.19,591.59,592.4711,332624.9015739999
2026-09-02T18:00:00.000Z,592.42,594.75,591.4,592.965,455885.01422400004
2026-09-02T18:30:00.000Z,592.96,593.2,590.8401,591.135,362919.39258900005
2026-09-02T19:00:00.000Z,591.19,596.64,591.19,594.3224,1151262.0783229999
2026-09-02T19:30:00.000Z,594.28,594.42,591.46,592.9,1234032.4211749998
2026-09-03T13:30:00.000Z,604.49,619.42,604.35,613.63,4013407.8082789993
2026-09-03T14:00:00.000Z,613.49,615.07,610,612.25,1406380.229965
2026-09-03T14:30:00.000Z,612.255,613.115,607.2,608.965,1308624.1506919998
2026-09-03T15:00:00.000Z,608.965,619.46,608.23,617.515,1709835.0852239998
2026-09-03T15:30:00.000Z,617.57,619.38,616.1,616.8,890042.6298999998
2026-09-03T16:00:00.000Z,616.75,617.86,614.26,614.995,571908.7818279999
2026-09-03T16:30:00.000Z,614.99,615.36,613.2545,614.065,545353.331345
2026-09-03T17:00:00.000Z,614.0248,614.2977,611.89,613.01,509478.41598000005
2026-09-03T17:30:00.000Z,613.01,615.315,613.01,614.875,533517.514664
2026-09-03T18:00:00.000Z,614.98,615.48,614.1,614.4858,544219.278615
2026-09-03T18:30:00.000Z,614.55,616,612.72,613.85,998086.6672400001
2026-09-03T19:00:00.000Z,613.96,614.688,612.3201,612.78,758711.5708250001
2026-09-03T19:30:00.000Z,612.7,613.81,609.6,610.68,1406457.657181
2026-09-04T13:30:00.000Z,612.35,616.33,605.27,608.91,1911614.920323
2026-09-04T14:00:00.000Z,608.97,613.35,608.25,609.3,1554591.5724099998
2026-09-04T14:30:00.000Z,609.28,613.4,608.16,608.965,896705.1470819998
2026-09-04T15:00:00.000Z,609.13,613.38,608.5,612.01,914277.3948519998
2026-09-04T15:30:00.000Z,612.02,613.1,609.73,611.6735,432957.9154240001
2026-09-04T16:00:00.000Z,611.7055,614.34,611.43,612.885,735277.0016230003
2026-09-04T16:30:00.000Z,612.9,613.3413,610.39,610.585,340115.73622699996
2026-09-04T17:00:00.000Z,610.605,610.7669,608.72,609.5,406957.2251909998
2026-09-04T17:30:00.000Z,609.5,610,608.6,609,383417.38739800005
2026-09-04T18:00:00.000Z,608.98,612.63,608.1024,610.865,640007.3679849999
2026-09-04T18:30:00.000Z,610.86,614.99,610.0401,614.88,630641.6769239999
2026-09-04T19:00:00.000Z,614.88,617.26,613.46,617.0184,1008938.8831489998
2026-09-04T19:30:00.000Z,617.07,617.46,615.4,616.75,1392117.903884
2026-09-08T13:30:00.000Z,616.205,623.22,615.0505,617.1,1793846.690924
2026-09-08T14:00:00.000Z,617.1,620.93,615.28,616.21,1178411.1746539997
2026-09-08T14:30:00.000Z,616.24,616.93,613.63,614.36,742192.82997
2026-09-08T15:00:00.000Z,614.3899,618.62,613.47,617.12,782327.535289
2026-09-08T15:30:00.000Z,617.14,617.9,615.5,616.2801,487973.048153
2026-09-08T16:00:00.000Z,616.5999,617.14,615.1701,616.41,416157.73333399993
2026-09-08T16:30:00.000Z,616.33,620.03,616.31,617.025,727870.1062099999
2026-09-08T17:00:00.000Z,616.98,619.25,616.66,617.83,371212.1381229999
2026-09-08T17:30:00.000Z,617.89,618.6299,617.143,617.235,316238.526815
2026-09-08T18:00:00.000Z,617.235,617.54,616,616.56,615333.145548
2026-09-08T18:30:00.000Z,616.57,619.76,613.6,617.975,997347.4327769999
2026-09-08T19:00:00.000Z,617.975,624.8,609.74,613.365,3023646.264081
2026-09-08T19:30:00.000Z,613.42,617.49,612.71,613.31,1840296.0181190001
2026-09-09T13:30:00.000Z,648.64,651.93,638.56,645.23,6733041.650210999
2026-09-09T14:00:00.000Z,645.35,648.2,640.44,643.78,2746269.5274380003
2026-09-09T14:30:00.000Z,643.745,656.18,640.69,654.125,2999505.654041
2026-09-09T15:00:00.000Z,654.18,657.86,651.3,652.4099,3420884.0459849997
2026-09-09T15:30:00.000Z,652.29,654.9199,649.5,651.635,1437102.5999009998
2026-09-09T16:00:00.000Z,651.635,654.54,650.81,651.05,1249456.653105
2026-09-09T16:30:00.000Z,651.09,651.66,649.27,650.85,1035444.6499300001
2026-09-09T17:00:00.000Z,650.71,654.7699,649.68,653.585,1345181.8919680002
2026-09-09T17:30:00.000Z,653.53,655.5,651.15,652.07,1306559.6438629997
2026-09-09T18:00:00.000Z,652.04,653.5988,649.84,653.49,1003709.1269950002
2026-09-09T18:30:00.000Z,653.46,655.02,652.3,653.55,1233276.8796990006
2026-09-09T19:00:00.000Z,653.59,656.025,652.42,655.7,1485200.2546340001
2026-09-09T19:30:00.000Z,655.71,656.99,652.01,653.3926,3253122.8174600005
2026-09-10T13:30:00.000Z,653.705,663.5,643.09,643.95,4039788.8946310007
2026-09-10T14:00:00.000Z,643.98,655.5163,643.6882,653.45,1713258.9012350005
2026-09-10T14:30:00.000Z,653.445,658.75,653.03,657.87,1642513.2635330004
2026-09-10T15:00:00.000Z,657.98,658.88,651.55,652.2,961024.861913
2026-09-10T15:30:00.000Z,651.975,656.78,650.5001,652.5,974055.8131560002
2026-09-10T16:00:00.000Z,652.565,654.449,650.25,650.65,559033.1705819999
2026-09-10T16:30:00.000Z,650.65,652.73,648.9,651.94,610076.1428699999
2026-09-10T17:00:00.000Z,651.955,653.17,648.5,648.94,593241.7996310001
2026-09-10T17:30:00.000Z,648.9,650.4937,647.95,648.29,456093.725323
2026-09-10T18:00:00.000Z,648.32,649.37,646.625,647.23,533520.5524950001
2026-09-10T18:30:00.000Z,647.25,647.5199,645.57,645.77,686630.416788
2026-09-10T19:00:00.000Z,645.81,646.5199,643.19,643.7299,821668.584747
2026-09-10T19:30:00.000Z,643.61,645.11,642.14,644.37,1568735.6371059997
2026-09-11T13:30:00.000Z,653.51,664.24,648.51,655.75,3196646.357527
2026-09-11T14:00:00.000Z,655.51,656.43,651.51,651.9,952475.2891739999
2026-09-11T14:30:00.000Z,651.98,654.3795,648.91,649.6399,922806.4396669999
2026-09-11T15:00:00.000Z,649.5701,654.25,649.223,652.28,598159.1769800002
2026-09-11T15:30:00.000Z,652.29,654.7,650.6,651.96,542174.6353030001
2026-09-11T16:00:00.000Z,651.99,653.1,648.881,648.99,500634.19469399995
2026-09-11T16:30:00.000Z,648.985,649.97,647.4,647.75,672347.0080909999
2026-09-11T17:00:00.000Z,647.81,650.69,647.54,650.244,547155.362081
2026-09-11T17:30:00.000Z,650.315,651.19,648.55,649.74,496837.85945399996
2026-09-11T18:00:00.000Z,649.69,650.75,648.2,649.34,372045.74564399995
2026-09-11T18:30:00.000Z,649.34,650.6,648.6741,650.18,515302.6328459999
2026-09-11T19:00:00.000Z,650.18,651.27,649.88,651.075,582299.0854249999
2026-09-11T19:30:00.000Z,651.075,651.17,646.2,648.23,1646674.280065
2026-09-14T13:30:00.000Z,657.83,663.9,649.22,662.57,3488534.961092001
2026-09-14T14:00:00.000Z,662.3125,662.47,651.965,653.1501,1500116.3573849997
2026-09-14T14:30:00.000Z,653.15,655.9999,650.5001,654.64,1098924.7029660002
2026-09-14T15:00:00.000Z,654.5,657.54,652.46,656.03,872765.254176
2026-09-14T15:30:00.000Z,656.02,661.7,655.65,660.426,1128285.5173749998
2026-09-14T16:00:00.000Z,660.535,661.99,657.97,660.6,812876.1468329999
2026-09-14T16:30:00.000Z,660.6,663.705,660.47,663.5,648002.3935
2026-09-14T17:00:00.000Z,663.47,666.22,662.64,665.46,929837.306671
2026-09-14T17:30:00.000Z,665.63,666.5797,663.88,665.33,598460.6540570001
2026-09-14T18:00:00.000Z,665.245,668.6,665,667.84,1307023.0593830002
2026-09-14T18:30:00.000Z,667.81,668.19,664.98,665.59,564480.910244
2026-09-14T19:00:00.000Z,665.59,666.11,664.09,665.76,640522.051762
2026-09-14T19:30:00.000Z,665.76,668.51,664.6,665.71,1779258.8443439999
2026-09-15T13:30:00.000Z,659.3,675.5,656.2,672.77,2408122.3302950007
2026-09-15T14:00:00.000Z,672.645,678.87,664.79,668.215,2952775.305103998
2026-09-15T14:30:00.000Z,668.0001,668.18,663.38,665.49,899084.6885870001
2026-09-15T15:00:00.000Z,665.53,673.5,665.31,666.7,1685616.921628
2026-09-15T15:30:00.000Z,666.71,669.14,665.57,669.04,868445.002658
2026-09-15T16:00:00.000Z,669.085,669.6,664.76,665.18,741794.3330639999
2026-09-15T16:30:00.000Z,665.083,667.11,664.61,665.59,527053.099237
2026-09-15T17:00:00.000Z,665.59,666.71,664.33,665.12,478675.02914199996
2026-09-15T17:30:00.000Z,665.2,668.05,664.88,666.57,549922.003277
2026-09-15T18:00:00.000Z,666.5699,671.3,666.46,670.64,887725.162732
2026-09-15T18:30:00.000Z,670.52,671.45,668.09,671.1593,619169.6613709999
2026-09-15T19:00:00.000Z,671.24,672.48,670.1,671.47,969926.5358090003
2026-09-15T19:30:00.000Z,671.41,672.14,668.67,670.44,1604960.2914049998
2026-09-16T13:30:00.000Z,679.905,685.31,674.2901,681.32,3017313.58873
2026-09-16T14:00:00.000Z,681.135,681.22,678.16,679.82,941133.7523269999
2026-09-16T14:30:00.000Z,679.735,680.5,677.26,679.335,764503.6189379999
2026-09-16T15:00:00.000Z,679.2,679.98,676.06,676.36,711979.045404
2026-09-16T15:30:00.000Z,676.36,679.1,675.18,677.45,593230.4645850002
2026-09-16T16:00:00.000Z,677.41,677.75,675.33,676.4,465418.0663309999
2026-09-16T16:30:00.000Z,676.465,677.51,675.34,676.5,690167.9704360001
2026-09-16T17:00:00.000Z,676.515,677.297,675.8,676.345,907166.954739
2026-09-16T17:30:00.000Z,676.35,677,673.28,676.4,605401.069552
2026-09-16T18:00:00.000Z,676.06,682,675.4501,678.575,995013.8946219999
2026-09-16T18:30:00.000Z,678.525,684.87,676,678.155,1846030.4332440004
2026-09-16T19:00:00.000Z,678.2221,680.61,671.9142,672.94,1322863.0204520002
2026-09-16T19:30:00.000Z,673.14,677.43,672.155,673.33,1659622.985792
2026-09-17T13:30:00.000Z,682.44,683.2,667.05,670.485,2348124.3985
2026-09-17T14:00:00.000Z,670.78,675.6597,669.2,672.01,1069981.4325559998
2026-09-17T14:30:00.000Z,672,675.0899,671.8455,673.11,852240.3102090001
2026-09-17T15:00:00.000Z,673.075,675.99,671.5841,674.28,741710.1233709999
2026-09-17T15:30:00.000Z,674.37,679.5,673.8974,679.17,858708.509504
2026-09-17T16:00:00.000Z,679.14,679.49,677.04,679.36,683574.1384680001
2026-09-17T16:30:00.000Z,679.265,679.75,677.1,677.36,562402.8256670001
2026-09-17T17:00:00.000Z,677.2929,679.04,677.05,678,436034.47557
2026-09-17T17:30:00.000Z,678.09,678.74,676.84,677.2,375937.972599
2026-09-17T18:00:00.000Z,677.2204,678.29,675.82,677.9795,548090.305046
2026-09-17T18:30:00.000Z,677.925,678.08,675.83,675.96,589061.6993600001
2026-09-17T19:00:00.000Z,675.97,678.1,675.86,677.42,529684.005714
2026-09-17T19:30:00.000Z,677.42,683.2,677.195,682.7,2191335.6540570003
2026-09-18T13:30:00.000Z,688.62,690.15,668.4906,674.67,4931771.842027001
2026-09-18T14:00:00.000Z,674.75,676.3,669.9,673.62,1403774.6664810001
2026-09-18T14:30:00.000Z,673.78,680.1,673.07,679.84,1237623.6516019998
2026-09-18T15:00:00.000Z,679.805,681.89,673.5483,673.68,1108963.18133
2026-09-18T15:30:00.000Z,673.78,674.02,671.243,672.0699,1388244.0618079999
2026-09-18T16:00:00.000Z,672.07,672.2,669.43,670.89,958311.813262
2026-09-18T16:30:00.000Z,670.9061,672.5,669.59,669.82,1416130.0441729997
2026-09-18T17:00:00.000Z,669.795,672.59,669.27,670.6,991876.5741520002
2026-09-18T17:30:00.000Z,670.65,671.82,670.13,670.63,512337.31061300007
2026-09-18T18:00:00.000Z,670.745,672.49,670.45,671.3,397622.804899
2026-09-18T18:30:00.000Z,671.23,674.3,670.7365,672.76,882607.8206089998
2026-09-18T19:00:00.000Z,672.76,673.2,670.15,670.5086,519822.22650000005
2026-09-18T19:30:00.000Z,670.495,670.6395,660.8,665.38,2510367.4428979997
