Date,Open,High,Low,Close,Volume
2025-09-22T13:30:00.000Z,515.59,517.74,514.3,515.57,1702317
2025-09-22T13:45:00.000Z,515.575,515.84,514.4,514.53,786545
2025-09-22T14:00:00.000Z,514.49,514.61,512.545,512.9499,948673
2025-09-22T14:15:00.000Z,512.935,514.88,512.7,514.57,621221
2025-09-22T14:30:00.000Z,514.59,516.3,514.54,516.225,619850
2025-09-22T14:45:00.000Z,516.2,516.6,515.71,515.925,446264
2025-09-22T15:00:00.000Z,515.9,516.26,514.945,515.345,558266
2025-09-22T15:15:00.000Z,515.315,515.5679,514.66,515.035,298531
2025-09-22T15:30:00.000Z,515.12,515.5,514.03,514.1,393632
2025-09-22T15:45:00.000Z,514.15,514.49,513.75,513.87,248820
2025-09-22T16:00:00.000Z,513.87,514.07,512.58,513.69,700706
2025-09-22T16:15:00.000Z,513.63,514.6852,513.4,514.5741,432270
2025-09-22T16:30:00.000Z,514.6,515.955,514.54,515.34,445466
2025-09-22T16:45:00.000Z,515.2988,515.42,514.44,515.005,353367
2025-09-22T17:00:00.000Z,514.89,515.24,514.5101,514.7,260809
2025-09-22T17:15:00.000Z,514.7,515.34,514.7,515.14,293819
2025-09-22T17:30:00.000Z,515.11,515.24,514.89,515.1601,263595
2025-09-22T17:45:00.000Z,515.14,515.275,514.41,514.535,246191
2025-09-22T18:00:00.000Z,514.54,514.81,514.48,514.79,235989
2025-09-22T18:15:00.000Z,514.78,515.1899,514.53,515.04,257889
2025-09-22T18:30:00.000Z,515.05,515.565,515.05,515.135,324046
2025-09-22T18:45:00.000Z,515.15,515.255,513.65,513.95,459528
2025-09-22T19:00:00.000Z,513.98,514.01,513.19,513.27,548740
2025-09-22T19:15:00.000Z,513.26,514.47,513.2,514.435,611129
2025-09-22T19:30:00.000Z,514.42,514.6,513.895,514.07,630187
2025-09-22T19:45:00.000Z,514.09,514.78,513.78,514.37,1562743
2025-09-23T13:30:00.000Z,513.8,514.5899,510.905,511.025,1349601
2025-09-23T13:45:00.000Z,511.07,511.9226,510.375,511.75,634269
2025-09-23T14:00:00.000Z,511.68,513.0632,511.41,512.94,708074
2025-09-23T14:15:00.000Z,512.9,513.01,511.555,511.555,467344
2025-09-23T14:30:00.000Z,511.6,511.75,510.96,511.205,390730
2025-09-23T14:45:00.000Z,511.24,511.71,510.85,511.07,348767
2025-09-23T15:00:00.000Z,511.12,511.3681,510.84,511.275,370162
2025-09-23T15:15:00.000Z,511.3,511.425,510.87,510.91,360484
2025-09-23T15:30:00.000Z,510.925,511.19,510.54,511.02,381592
2025-09-23T15:45:00.000Z,511.04,511.09,509.84,510.37,534652
2025-09-23T16:00:00.000Z,510.37,510.73,510.0654,510.27,271601
2025-09-23T16:15:00.000Z,510.29,510.86,510.17,510.3792,272225
2025-09-23T16:30:00.000Z,510.31,511.1299,510.1,511.08,258647
2025-09-23T16:45:00.000Z,511.08,511.37,510.4,510.43,236573
2025-09-23T17:00:00.000Z,510.43,510.54,509.33,509.3583,448076
2025-09-23T17:15:00.000Z,509.335,510.12,509.07,509.94,450742
2025-09-23T17:30:00.000Z,509.9,510.174,508.8901,509.1851,593544
2025-09-23T17:45:00.000Z,509.2285,510.05,509.08,509.8701,370250
2025-09-23T18:00:00.000Z,509.9,510.07,509.54,509.82,299791
2025-09-23T18:15:00.000Z,509.82,510.2718,509.645,509.99,492671
2025-09-23T18:30:00.000Z,509.95,510.5899,509.85,510.06,288214
2025-09-23T18:45:00.000Z,510.0798,510.19,508.58,508.765,708214
2025-09-23T19:00:00.000Z,508.765,508.92,507.31,508.37,699088
2025-09-23T19:15:00.000Z,508.37,508.91,508.25,508.75,469289
2025-09-23T19:30:00.000Z,508.78,509.335,508.65,509.14,583137
2025-09-23T19:45:00.000Z,509.14,509.9,508.6,509.62,1595296
2025-09-24T13:30:00.000Z,510.38,512.48,507.2,509.17,1484791
2025-09-24T13:45:00.000Z,509.17,509.71,508.35,508.62,661258
2025-09-24T14:00:00.000Z,508.74,509.449,508.03,508.72,471907
2025-09-24T14:15:00.000Z,508.72,510.11,508.39,510.05,337753
2025-09-24T14:30:00.000Z,510.03,510.8,509.41,510.145,324909
2025-09-24T14:45:00.000Z,510.14,510.49,509.04,509.37,259504
2025-09-24T15:00:00.000Z,509.39,510.69,509.39,509.82,338286
2025-09-24T15:15:00.000Z,509.85,510.89,509.5,509.585,265215
2025-09-24T15:30:00.000Z,509.63,509.76,509.15,509.3516,266862
2025-09-24T15:45:00.000Z,509.35,509.365,508.2,508.27,337734
2025-09-24T16:00:00.000Z,508.275,508.68,507.84,508.23,381024
2025-09-24T16:15:00.000Z,508.18,508.86,507.62,508.0784,270617
2025-09-24T16:30:00.000Z,508.1041,508.49,507.865,508.49,231412
2025-09-24T16:45:00.000Z,508.49,508.4999,507.4301,507.51,187072
2025-09-24T17:00:00.000Z,507.51,508.2,506.92,507.94,353596
2025-09-24T17:15:00.000Z,507.89,508.17,507.65,508.01,127500
2025-09-24T17:30:00.000Z,508.07,508.32,507.35,507.5086,189122
2025-09-24T17:45:00.000Z,507.48,507.75,507.1,507.63,140948
2025-09-24T18:00:00.000Z,507.65,508.1,507.52,507.96,170956
2025-09-24T18:15:00.000Z,507.94,508.2,507.9201,508.125,137058
2025-09-24T18:30:00.000Z,508.125,508.844,507.99,508.82,183854
2025-09-24T18:45:00.000Z,508.84,509.71,508.5301,509.68,222152
2025-09-24T19:00:00.000Z,509.63,510.17,509.51,509.8737,339184
2025-09-24T19:15:00.000Z,509.85,509.93,509.12,509.24,321774
2025-09-24T19:30:00.000Z,509.235,509.636,509.09,509.3131,363920
2025-09-24T19:45:00.000Z,509.315,510.525,509.0201,509.98,1341540
2025-09-25T13:30:00.000Z,508.3,509.1399,506.54,508.795,1776564
2025-09-25T13:45:00.000Z,508.85,509.27,505.5,506.265,925539
2025-09-25T14:00:00.000Z,506.23,506.99,505.04,506.2,914295
2025-09-25T14:15:00.000Z,506.23,508.22,506.07,508.16,762459
2025-09-25T14:30:00.000Z,508.2,509.89,507.9801,509.21,443774
2025-09-25T14:45:00.000Z,509.355,510.01,509.1605,509.69,346011
2025-09-25T15:00:00.000Z,509.7366,509.785,507.678,509.0933,435027
2025-09-25T15:15:00.000Z,509.1,509.2975,507.73,507.985,338672
2025-09-25T15:30:00.000Z,508.07,509.01,507.9401,508.655,288038
2025-09-25T15:45:00.000Z,508.66,508.95,508.22,508.64,255912
2025-09-25T16:00:00.000Z,508.69,509.06,508.495,508.725,197178
2025-09-25T16:15:00.000Z,508.77,508.97,508,508.08,209308
2025-09-25T16:30:00.000Z,508.08,508.72,507.62,507.72,236897
2025-09-25T16:45:00.000Z,507.73,508.217,507.5501,508.0611,199379
2025-09-25T17:00:00.000Z,508.04,508.23,507.6,507.74,225588
2025-09-25T17:15:00.000Z,507.77,508.1,507.2,507.97,204749
2025-09-25T17:30:00.000Z,507.95,508.08,507.43,507.74,178101
2025-09-25T17:45:00.000Z,507.795,507.89,507.1625,507.23,183189
2025-09-25T18:00:00.000Z,507.19,507.215,506.5,507.14,284936
2025-09-25T18:15:00.000Z,507.13,507.4,506.76,506.82,227119
2025-09-25T18:30:00.000Z,506.8,507.6899,506.45,507.225,302853
2025-09-25T18:45:00.000Z,507.25,507.5999,506.75,507.1873,310435
2025-09-25T19:00:00.000Z,507.175,507.75,507.1,507.4,318049
2025-09-25T19:15:00.000Z,507.41,507.4299,506.42,506.52,389485
2025-09-25T19:30:00.000Z,506.51,506.9999,506.34,506.63,564039
2025-09-25T19:45:00.000Z,506.59,507.3,506.175,507.03,1142331
2025-09-26T13:30:00.000Z,510.06,513.7299,508,513.385,1991799
2025-09-26T13:45:00.000Z,513.405,513.94,511.7501,512.67,880641
2025-09-26T14:00:00.000Z,512.75,512.9245,509.06,509.62,638061
2025-09-26T14:15:00.000Z,509.58,509.58,507.18,508.335,580622
2025-09-26T14:30:00.000Z,508.335,508.82,507.21,508.42,472903
2025-09-26T14:45:00.000Z,508.44,508.585,506.89,507.69,418506
2025-09-26T15:00:00.000Z,507.705,508.2,506.62,507.2,275896
2025-09-26T15:15:00.000Z,507.18,508.13,506.99,508.07,309567
2025-09-26T15:30:00.000Z,508.13,508.24,507.1,507.37,249450
2025-09-26T15:45:00.000Z,507.42,507.5628,506.75,506.86,245981
2025-09-26T16:00:00.000Z,506.8,507.35,506.67,507.26,205391
2025-09-26T16:15:00.000Z,507.3,508.74,507.26,508.27,544547
2025-09-26T16:30:00.000Z,508.27,508.95,508.1401,508.8,172699
2025-09-26T16:45:00.000Z,508.795,509.21,508.56,509.025,256493
2025-09-26T17:00:00.000Z,509.0432,509.797,508.85,509.7564,209427
2025-09-26T17:15:00.000Z,509.78,509.78,509.27,509.46,141348
2025-09-26T17:30:00.000Z,509.52,509.58,508.75,508.8929,159447
2025-09-26T17:45:00.000Z,508.86,508.946,508.25,508.57,149729
2025-09-26T18:00:00.000Z,508.54,509.54,508.53,509.54,404185
2025-09-26T18:15:00.000Z,509.5,510.3892,509.43,509.84,227019
2025-09-26T18:30:00.000Z,509.89,511.13,509.835,510.77,270115
2025-09-26T18:45:00.000Z,510.79,511.35,510.51,511.27,331914
2025-09-26T19:00:00.000Z,511.3,511.8716,511.23,511.2866,381184
2025-09-26T19:15:00.000Z,511.28,511.83,511.13,511.655,398811
2025-09-26T19:30:00.000Z,511.67,512.12,511.2301,511.73,500958
2025-09-26T19:45:00.000Z,511.76,511.99,510.53,511.548,1439633
2025-09-29T13:30:00.000Z,511.5,513.87,508.88,513.705,1267534
2025-09-29T13:45:00.000Z,513.8,515.84,513.77,515.395,974648
2025-09-29T14:00:00.000Z,515.395,516.7,515.05,515.9,877092
2025-09-29T14:15:00.000Z,515.945,516.845,515.55,515.735,978334
2025-09-29T14:30:00.000Z,515.7,515.7,514.42,515.105,425467
2025-09-29T14:45:00.000Z,515.105,515.34,514.21,514.25,372066
2025-09-29T15:00:00.000Z,514.29,514.595,513.1,513.22,362536
2025-09-29T15:15:00.000Z,513.19,513.19,512.4,512.97,305648
2025-09-29T15:30:00.000Z,512.97,513.57,512.92,513.28,290880
2025-09-29T15:45:00.000Z,513.25,513.99,512.9468,513.55,263543
2025-09-29T16:00:00.000Z,513.63,515.11,513.52,515.055,269424
2025-09-29T16:15:00.000Z,515.065,515.46,514.1801,515.26,286424
2025-09-29T16:30:00.000Z,515.25,515.7299,515.1781,515.28,246347
2025-09-29T16:45:00.000Z,515.27,515.3,514.46,514.83,279242
2025-09-29T17:00:00.000Z,514.82,515.4499,514.395,514.88,261769
2025-09-29T17:15:00.000Z,514.87,515.44,514.8501,515.015,216736
2025-09-29T17:30:00.000Z,515,515,514.355,514.62,241171
2025-09-29T17:45:00.000Z,514.59,514.83,514.3616,514.4,191819
2025-09-29T18:00:00.000Z,514.39,514.785,513.98,514.69,253808
2025-09-29T18:15:00.000Z,514.69,514.99,514.47,514.88,235104
2025-09-29T18:30:00.000Z,514.85,515.02,514.45,514.675,270687
2025-09-29T18:45:00.000Z,514.66,514.82,514.45,514.71,200524
2025-09-29T19:00:00.000Z,514.71,514.75,514.1,514.36,308032
2025-09-29T19:15:00.000Z,514.38,515,513.865,514.74,411954
2025-09-29T19:30:00.000Z,514.72,514.92,514.3,514.455,453019
2025-09-29T19:45:00.000Z,514.46,514.8,513.775,514.6,1269167
2025-09-30T13:30:00.000Z,513.24,513.48,509.66,511.6,1239967
2025-09-30T13:45:00.000Z,511.65,512.89,511.36,512.73,638863
2025-09-30T14:00:00.000Z,512.68,513.8,512.4,512.875,523910
2025-09-30T14:15:00.000Z,512.86,513.17,512.33,513.0547,361890
2025-09-30T14:30:00.000Z,513.05,514.5237,512.91,514.38,390408
2025-09-30T14:45:00.000Z,514.372,516.84,514.372,516.709,818331
2025-09-30T15:00:00.000Z,516.66,517.63,515.87,515.89,687505
2025-09-30T15:15:00.000Z,515.885,516.24,514.65,514.65,574991
2025-09-30T15:30:00.000Z,514.66,515.69,514.6111,515.1,492154
2025-09-30T15:45:00.000Z,515.1,515.96,514.53,515.94,372386
2025-09-30T16:00:00.000Z,515.9,516.18,515.13,515.305,227117
2025-09-30T16:15:00.000Z,515.33,516.8,515.23,515.865,260121
2025-09-30T16:30:00.000Z,515.95,516.01,515.4,515.74,217964
2025-09-30T16:45:00.000Z,515.76,515.8826,515.08,515.48,282509
2025-09-30T17:00:00.000Z,515.48,515.48,514.575,515.16,266130
2025-09-30T17:15:00.000Z,515.16,515.73,514.7,514.96,308909
2025-09-30T17:30:00.000Z,514.94,515.25,514.695,514.97,236279
2025-09-30T17:45:00.000Z,515.03,515.585,514.975,515.13,306512
2025-09-30T18:00:00.000Z,515.11,515.91,514.19,515.87,229972
2025-09-30T18:15:00.000Z,515.9,516.98,515.71,516.953,608560
2025-09-30T18:30:00.000Z,516.945,517.04,516.25,516.9402,303954
2025-09-30T18:45:00.000Z,516.9,517.92,516.89,517.75,470147
2025-09-30T19:00:00.000Z,517.745,518.03,516.37,516.56,477649
2025-09-30T19:15:00.000Z,516.53,517.02,516.3601,517.02,392293
2025-09-30T19:30:00.000Z,517.01,517.7,516.42,516.48,546524
2025-09-30T19:45:00.000Z,516.485,518.16,516.42,517.94,1922524
2025-10-01T13:30:00.000Z,514.8,517.25,512.3,513.49,1671464
2025-10-01T13:45:00.000Z,513.51,514.199,512.1001,512.63,1017591
2025-10-01T14:00:00.000Z,512.67,513.15,511.69,512.825,640214
2025-10-01T14:15:00.000Z,512.87,514.17,512.59,512.59,648408
2025-10-01T14:30:00.000Z,512.66,513.055,512.29,512.72,557222
2025-10-01T14:45:00.000Z,512.815,514.25,512.72,514.22,613668
2025-10-01T15:00:00.000Z,514.25,515.4,513.36,514.18,719498
2025-10-01T15:15:00.000Z,514.17,514.67,513.37,514.55,380307
2025-10-01T15:30:00.000Z,514.58,515.21,514.3254,514.42,289843
2025-10-01T15:45:00.000Z,514.39,514.48,513.65,513.905,347853
2025-10-01T16:00:00.000Z,513.91,515.4692,513.81,514.92,455349
2025-10-01T16:15:00.000Z,514.965,516.12,514.87,516.11,513681
2025-10-01T16:30:00.000Z,516.105,516.2,515.63,515.88,320726
2025-10-01T16:45:00.000Z,515.9,517.06,515.78,517.005,407174
2025-10-01T17:00:00.000Z,517,517.3582,516.635,516.73,308683
2025-10-01T17:15:00.000Z,516.7,518.9,516.7,518.725,436731
2025-10-01T17:30:00.000Z,518.725,519.51,518.417,518.985,845033
2025-10-01T17:45:00.000Z,518.96,518.98,517.21,517.66,382435
2025-10-01T18:00:00.000Z,517.61,518.3698,517.46,518.184,347775
2025-10-01T18:15:00.000Z,518.21,518.96,518.12,518.805,321012
2025-10-01T18:30:00.000Z,518.92,519.53,518.59,519.1153,361308
2025-10-01T18:45:00.000Z,519.14,519.87,519.0707,519.36,310826
2025-10-01T19:00:00.000Z,519.34,519.799,519.035,519.31,394658
2025-10-01T19:15:00.000Z,519.31,519.47,518.26,518.745,481319
2025-10-01T19:30:00.000Z,518.73,519.24,518.51,518.53,450924
2025-10-01T19:45:00.000Z,518.5,520.505,518.34,519.6,2130459
2025-10-02T13:30:00.000Z,517.64,521.6,516.5,517.88,1620661
2025-10-02T13:45:00.000Z,517.805,519.2,516.7382,518.47,697074
2025-10-02T14:00:00.000Z,518.445,518.83,516.8701,517.29,541820
2025-10-02T14:15:00.000Z,517.29,518.51,516.9,516.9301,683392
2025-10-02T14:30:00.000Z,516.93,519.1,516.93,518.63,1590212
2025-10-02T14:45:00.000Z,518.66,518.68,514.9169,515.03,1030967
2025-10-02T15:00:00.000Z,515.0551,515.085,510.6791,511.36,2117067
2025-10-02T15:15:00.000Z,511.34,513.1,510.93,511.535,894661
2025-10-02T15:30:00.000Z,511.5,512.7,510.73,512.44,634272
2025-10-02T15:45:00.000Z,512.425,514.28,512.425,514.195,488677
2025-10-02T16:00:00.000Z,514.195,514.56,513.75,514.24,388186
2025-10-02T16:15:00.000Z,514.18,514.365,513.58,513.86,320007
2025-10-02T16:30:00.000Z,513.86,514.97,513.74,514.02,369662
2025-10-02T16:45:00.000Z,514.02,515.576,513.98,515.5,316642
2025-10-02T17:00:00.000Z,515.5,516.2,515.09,515.72,325601
2025-10-02T17:15:00.000Z,515.675,516.18,515.3278,515.76,309444
2025-10-02T17:30:00.000Z,515.765,516.541,515.66,516.4799,300821
2025-10-02T17:45:00.000Z,516.4728,517.23,516.04,517.1699,283193
2025-10-02T18:00:00.000Z,517.1699,517.4199,516.53,517.115,353392
2025-10-02T18:15:00.000Z,517.13,517.56,516.9351,517.42,283416
2025-10-02T18:30:00.000Z,517.415,517.455,516.7,516.93,289868
2025-10-02T18:45:00.000Z,516.92,517.2,516.66,517.065,264603
2025-10-02T19:00:00.000Z,517.03,517.35,516.68,516.87,313484
2025-10-02T19:15:00.000Z,516.87,517.18,516.58,517.041,338024
2025-10-02T19:30:00.000Z,517.05,517.0739,516.36,516.385,539155
2025-10-02T19:45:00.000Z,516.385,516.715,515.06,515.61,1821335
2025-10-03T13:30:00.000Z,517.1,517.69,515,515.495,951819
2025-10-03T13:45:00.000Z,515.57,519.12,515.49,518.77,842234
2025-10-03T14:00:00.000Z,518.82,519.13,516.11,517.86,696345
2025-10-03T14:15:00.000Z,517.88,518.83,517.87,518.315,393493
2025-10-03T14:30:00.000Z,518.26,519.7699,518.18,519.64,399385
2025-10-03T14:45:00.000Z,519.65,519.8,519.26,519.78,315995
2025-10-03T15:00:00.000Z,519.73,519.74,518.8801,519.6,322486
2025-10-03T15:15:00.000Z,519.6399,520.05,519.31,519.63,424518
2025-10-03T15:30:00.000Z,519.595,519.86,519.275,519.625,280002
2025-10-03T15:45:00.000Z,519.59,520.03,519.415,519.645,241659
2025-10-03T16:00:00.000Z,519.6921,520.43,519.62,519.665,348570
2025-10-03T16:15:00.000Z,519.71,520.28,519.6,520.145,205992
2025-10-03T16:30:00.000Z,520.145,520.49,519.58,519.935,446897
2025-10-03T16:45:00.000Z,519.95,520.12,519.05,519.19,348085
2025-10-03T17:00:00.000Z,519.12,519.15,518.3,518.985,673190
2025-10-03T17:15:00.000Z,518.95,519.48,518.03,518.055,265675
2025-10-03T17:30:00.000Z,518.03,518.7,517.67,518.165,263813
2025-10-03T17:45:00.000Z,518.2,518.29,517.3,517.6,442641
2025-10-03T18:00:00.000Z,517.63,518.0875,516.675,517.88,327458
2025-10-03T18:15:00.000Z,517.88,518.95,517.85,518.37,374362
2025-10-03T18:30:00.000Z,518.375,518.4126,517.465,517.56,227772
2025-10-03T18:45:00.000Z,517.55,517.69,516.88,517.32,239049
2025-10-03T19:00:00.000Z,517.31,518.3195,517.2,518.06,287773
2025-10-03T19:15:00.000Z,518.05,518.2,517.61,517.72,806668
2025-10-03T19:30:00.000Z,517.69,517.82,517.3868,517.4,408904
2025-10-03T19:45:00.000Z,517.395,517.7605,516.765,517.35,1052541
2025-10-06T13:30:00.000Z,518.61,523.15,518.2,521.665,1560007
2025-10-06T13:45:00.000Z,521.72,524.25,521.14,523.01,847594
2025-10-06T14:00:00.000Z,523.02,523.57,521.17,522.74,555122
2025-10-06T14:15:00.000Z,522.79,523.6,522.16,522.53,481098
2025-10-06T14:30:00.000Z,522.52,524.05,522.45,523.39,545040
2025-10-06T14:45:00.000Z,523.46,524.57,523.12,524.25,535499
2025-10-06T15:00:00.000Z,524.2,524.5,523.59,524.075,365432
2025-10-06T15:15:00.000Z,524.1,524.22,523.5601,523.7421,345042
2025-10-06T15:30:00.000Z,523.75,524.51,523.3801,524.0414,315961
2025-10-06T15:45:00.000Z,524.04,525.22,524.0374,525.19,560118
2025-10-06T16:00:00.000Z,525.21,525.39,523.97,524.02,349925
2025-10-06T16:15:00.000Z,524.06,524.33,523.31,523.42,331431
2025-10-06T16:30:00.000Z,523.425,524.03,523.34,523.84,278464
2025-10-06T16:45:00.000Z,523.86,524.05,523.55,523.83,262999
2025-10-06T17:00:00.000Z,523.81,524.37,523.7,524.28,269608
2025-10-06T17:15:00.000Z,524.3,525.35,524.16,524.8675,348355
2025-10-06T17:30:00.000Z,524.89,527.05,524.76,526.1804,690164
2025-10-06T17:45:00.000Z,526.18,529.05,526.13,528.6,861365
2025-10-06T18:00:00.000Z,528.6019,528.935,527.33,528.89,608341
2025-10-06T18:15:00.000Z,528.9261,530.07,528.35,529.945,701768
2025-10-06T18:30:00.000Z,529.93,530.69,529.1201,529.55,996314
2025-10-06T18:45:00.000Z,529.52,529.7399,529.01,529.6396,540870
2025-10-06T19:00:00.000Z,529.6,530.07,529.395,529.62,586505
2025-10-06T19:15:00.000Z,529.6314,529.95,528.57,528.76,571186
2025-10-06T19:30:00.000Z,528.77,530.41,528.7,530.36,713923
2025-10-06T19:45:00.000Z,530.345,531.03,528.13,528.52,2179297
2025-10-07T13:30:00.000Z,528.285,529.8,525.41,525.6199,1366842
2025-10-07T13:45:00.000Z,525.6,526.44,524.06,525.0485,836745
2025-10-07T14:00:00.000Z,525.075,526.71,524.95,525.77,573741
2025-10-07T14:15:00.000Z,525.78,527.2755,525.53,526.325,432801
2025-10-07T14:30:00.000Z,526.269,527.5,526.19,527.36,399200
2025-10-07T14:45:00.000Z,527.32,527.415,524.92,526.01,380399
2025-10-07T15:00:00.000Z,526.1,526.2399,524.05,525.21,795754
2025-10-07T15:15:00.000Z,525.23,525.62,524.32,524.7872,447551
2025-10-07T15:30:00.000Z,524.7,524.8343,523.95,524.07,573473
2025-10-07T15:45:00.000Z,524.18,524.3,522.4701,522.855,740011
2025-10-07T16:00:00.000Z,522.81,523.51,522.3,522.72,384330
2025-10-07T16:15:00.000Z,522.62,523.3778,522.32,523.295,270156
2025-10-07T16:30:00.000Z,523.33,524.45,522.975,523.38,491256
2025-10-07T16:45:00.000Z,523.35,523.44,521.92,522.46,379289
2025-10-07T17:00:00.000Z,522.478,522.97,521.85,522.6315,266443
2025-10-07T17:15:00.000Z,522.7618,522.95,522.185,522.4097,193970
2025-10-07T17:30:00.000Z,522.41,522.63,522.07,522.51,200589
2025-10-07T17:45:00.000Z,522.5425,522.75,522.01,522.041,167901
2025-10-07T18:00:00.000Z,522.09,522.49,521.44,522.23,234111
2025-10-07T18:15:00.000Z,522.3,522.56,522.1,522.35,163418
2025-10-07T18:30:00.000Z,522.32,523.1,522.26,522.943,155479
2025-10-07T18:45:00.000Z,522.95,523.13,522.71,523.05,142671
2025-10-07T19:00:00.000Z,522.99,523.37,522.53,523.34,268416
2025-10-07T19:15:00.000Z,523.32,524.26,523.315,523.78,318724
2025-10-07T19:30:00.000Z,523.765,524.01,523.62,523.91,319438
2025-10-07T19:45:00.000Z,523.9,524.54,523.5001,523.97,941831
2025-10-08T13:30:00.000Z,523.28,526.95,523.09,525.67,1369591
2025-10-08T13:45:00.000Z,525.74,526.86,525.5,525.73,476497
2025-10-08T14:00:00.000Z,525.81,526.95,525.07,525.29,478888
2025-10-08T14:15:00.000Z,525.275,525.6899,524.11,525.14,406756
2025-10-08T14:30:00.000Z,525.17,526.13,524.73,525.225,348106
2025-10-08T14:45:00.000Z,525.25,525.46,524.27,524.42,281534
2025-10-08T15:00:00.000Z,524.42,525.7,524.41,524.995,299691
2025-10-08T15:15:00.000Z,524.99,525.24,524.51,525.0301,288806
2025-10-08T15:30:00.000Z,525.03,525.07,524.42,524.695,224186
2025-10-08T15:45:00.000Z,524.695,525.16,524.6,524.84,268382
2025-10-08T16:00:00.000Z,524.79,524.945,523.84,524.06,270584
2025-10-08T16:15:00.000Z,524.06,524.37,523.96,524.1401,213111
2025-10-08T16:30:00.000Z,524.19,524.19,523.79,524.155,161501
2025-10-08T16:45:00.000Z,524.155,524.3,523.65,524.2994,206745
2025-10-08T17:00:00.000Z,524.3,524.85,524.25,524.34,257995
2025-10-08T17:15:00.000Z,524.365,524.75,524.1501,524.29,190396
2025-10-08T17:30:00.000Z,524.3166,524.495,523.57,523.65,212500
2025-10-08T17:45:00.000Z,523.66,524.25,523.56,524.05,250803
2025-10-08T18:00:00.000Z,524.08,525.27,524.08,524.745,411047
2025-10-08T18:15:00.000Z,524.73,525.02,524.44,524.57,182779
2025-10-08T18:30:00.000Z,524.585,524.585,523.3,523.38,243863
2025-10-08T18:45:00.000Z,523.37,524.18,523.2701,523.9255,217437
2025-10-08T19:00:00.000Z,523.955,524.23,523.76,524.095,182773
2025-10-08T19:15:00.000Z,524.0725,524.25,523.59,524.1305,266850
2025-10-08T19:30:00.000Z,524.11,525.1999,524.11,524.95,559430
2025-10-08T19:45:00.000Z,524.96,525.31,523.885,524.83,1295057
2025-10-09T13:30:00.000Z,522.335,524.325,521.8,522.205,1073001
2025-10-09T13:45:00.000Z,522.2,522.205,519.85,521.77,1019347
2025-10-09T14:00:00.000Z,521.81,522.6,521.62,522,668629
2025-10-09T14:15:00.000Z,521.99,522.49,521.2815,522.36,365819
2025-10-09T14:30:00.000Z,522.3,522.67,521.23,522.1682,494944
2025-10-09T14:45:00.000Z,522.18,522.19,521.16,521.705,446778
2025-10-09T15:00:00.000Z,521.735,521.96,520.75,520.95,416209
2025-10-09T15:15:00.000Z,520.935,521.1,519.4,519.765,713640
2025-10-09T15:30:00.000Z,519.76,519.76,518.125,518.54,710109
2025-10-09T15:45:00.000Z,518.59,520.1099,518.13,519.59,507182
2025-10-09T16:00:00.000Z,519.65,520.25,519.63,519.655,357856
2025-10-09T16:15:00.000Z,519.57,520.145,519.214,519.515,532883
2025-10-09T16:30:00.000Z,519.51,519.75,517.94,518.5,479720
2025-10-09T16:45:00.000Z,518.5,519.28,517.66,518.08,355790
2025-10-09T17:00:00.000Z,518.06,518.948,518.05,518.84,258221
2025-10-09T17:15:00.000Z,518.86,519.056,518.31,518.93,271871
2025-10-09T17:30:00.000Z,518.895,519.36,518.43,519.18,246710
2025-10-09T17:45:00.000Z,519.18,519.64,519.1,519.5389,213066
2025-10-09T18:00:00.000Z,519.54,520.015,519.25,519.82,246409
2025-10-09T18:15:00.000Z,519.77,520.365,519.55,519.565,263979
2025-10-09T18:30:00.000Z,519.565,519.9499,519.5001,519.735,183548
2025-10-09T18:45:00.000Z,519.75,520.32,519.63,520.18,247925
2025-10-09T19:00:00.000Z,520.19,520.305,519.79,519.83,355939
2025-10-09T19:15:00.000Z,519.84,521.535,517.4,521.52,1825950
2025-10-09T19:30:00.000Z,521.535,521.78,520.35,520.67,620845
2025-10-09T19:45:00.000Z,520.68,522.48,520.63,522.24,1608061
2025-10-10T13:30:00.000Z,519.64,523.4,519.6,522.2828,1083468
2025-10-10T13:45:00.000Z,522.295,523.58,522,522.555,608552
2025-10-10T14:00:00.000Z,522.55,522.86,521.475,521.96,538722
2025-10-10T14:15:00.000Z,521.905,522.34,520.8835,521.34,396847
2025-10-10T14:30:00.000Z,521.26,521.4,520.52,520.845,361683
2025-10-10T14:45:00.000Z,520.845,521.5599,518.44,519.41,518098
2025-10-10T15:00:00.000Z,519.25,519.25,515.88,518.395,1028023
2025-10-10T15:15:00.000Z,518.42,518.85,515.75,516.555,1063473
2025-10-10T15:30:00.000Z,516.47,517.31,514.0501,517.096,1165832
2025-10-10T15:45:00.000Z,517.09,518.06,515.72,516.33,553181
2025-10-10T16:00:00.000Z,516.3,516.62,515.1738,515.92,370148
2025-10-10T16:15:00.000Z,515.91,516.445,515.05,515.69,335341
2025-10-10T16:30:00.000Z,515.68,516.5,514.52,514.85,338791
2025-10-10T16:45:00.000Z,514.8,515.74,513.92,514.3488,344373
2025-10-10T17:00:00.000Z,514.22,514.58,513.41,513.865,399113
2025-10-10T17:15:00.000Z,513.96,514.67,513.26,514.515,351443
2025-10-10T17:30:00.000Z,514.518,514.965,514.06,514.102,300604
2025-10-10T17:45:00.000Z,514.09,514.5,513.55,514.44,1171737
2025-10-10T18:00:00.000Z,514.49,515.43,513.83,515.04,356471
2025-10-10T18:15:00.000Z,515.14,515.88,514.23,515.07,334341
2025-10-10T18:30:00.000Z,515.09,515.65,514.75,514.88,575777
2025-10-10T18:45:00.000Z,514.87,515.39,514,514.54,348336
2025-10-10T19:00:00.000Z,514.54,515.255,513.6866,513.9766,480274
2025-10-10T19:15:00.000Z,513.93,514.27,512.38,513.06,452009
2025-10-10T19:30:00.000Z,513.12,513.49,511.93,513.235,683764
2025-10-10T19:45:00.000Z,513.27,513.55,509.63,511.38,2825523
2025-10-13T13:30:00.000Z,516.41,516.41,512.7,515.16,1327697
2025-10-13T13:45:00.000Z,515.15,515.34,513.245,514.93,599743
2025-10-13T14:00:00.000Z,514.86,515.78,514.22,514.67,609465
2025-10-13T14:15:00.000Z,514.6602,515.65,514,515.07,520763
2025-10-13T14:30:00.000Z,515,515.5,513.63,513.85,442919
2025-10-13T14:45:00.000Z,513.82,513.95,512.61,513.48,606110
2025-10-13T15:00:00.000Z,513.46,513.62,511.68,511.89,563229
2025-10-13T15:15:00.000Z,511.91,513.16,511.68,512.84,385138
2025-10-13T15:30:00.000Z,513,514,512.3,512.475,377319
2025-10-13T15:45:00.000Z,512.49,513.3999,512.3074,513.075,210509
2025-10-13T16:00:00.000Z,513.035,513.72,512.7,513.5199,290447
2025-10-13T16:15:00.000Z,513.45,514.36,513.25,513.7901,233064
2025-10-13T16:30:00.000Z,513.87,514.3,513.4,513.6062,247750
2025-10-13T16:45:00.000Z,513.59,514.484,512.9521,514.245,531318
2025-10-13T17:00:00.000Z,514.245,514.63,513.56,513.77,201839
2025-10-13T17:15:00.000Z,513.8,513.9,513.1,513.21,185700
2025-10-13T17:30:00.000Z,513.22,513.32,512.52,512.6,214224
2025-10-13T17:45:00.000Z,512.6,513.39,512.18,513.38,216274
2025-10-13T18:00:00.000Z,513.38,514.48,513.29,514.19,220457
2025-10-13T18:15:00.000Z,514.21,514.6,514.05,514.15,209728
2025-10-13T18:30:00.000Z,514.1483,514.77,513.53,513.67,242837
2025-10-13T18:45:00.000Z,513.67,513.745,513.0523,513.4,195743
2025-10-13T19:00:00.000Z,513.51,513.5999,513.055,513.3785,225947
2025-10-13T19:15:00.000Z,513.4,514.32,513.3427,514,252830
2025-10-13T19:30:00.000Z,513.95,514.67,513.8,514.2,338251
2025-10-13T19:45:00.000Z,514.17,515,513.43,513.97,1421308
2025-10-14T13:30:00.000Z,510.225,510.225,506,506.61,1498419
2025-10-14T13:45:00.000Z,506.61,510,506.26,509.92,729542
2025-10-14T14:00:00.000Z,509.94,510.01,508.9501,509.8,469125
2025-10-14T14:15:00.000Z,509.78,510.7,508.96,510.69,387082
2025-10-14T14:30:00.000Z,510.7,510.85,509.2,509.73,337298
2025-10-14T14:45:00.000Z,509.765,510.19,509.29,509.95,305920
2025-10-14T15:00:00.000Z,509.97,511.375,509.97,510.55,344466
2025-10-14T15:15:00.000Z,510.49,510.78,509.71,510.6784,234864
2025-10-14T15:30:00.000Z,510.61,511.53,510.25,511.163,359039
2025-10-14T15:45:00.000Z,511.255,512.06,510.91,511.26,249563
2025-10-14T16:00:00.000Z,511.34,511.5999,510.92,511.27,221961
2025-10-14T16:15:00.000Z,511.19,512.83,511.14,512.6025,285789
2025-10-14T16:30:00.000Z,512.6,513.24,512.38,513.09,302898
2025-10-14T16:45:00.000Z,513.1,513.63,513,513.241,195418
2025-10-14T17:00:00.000Z,513.16,513.97,512.56,513.64,209112
2025-10-14T17:15:00.000Z,513.6365,514.3583,513.5718,514.03,224726
2025-10-14T17:30:00.000Z,514,514.55,513.87,514.5182,284915
2025-10-14T17:45:00.000Z,514.52,515.02,514.3501,514.48,258860
2025-10-14T18:00:00.000Z,514.505,514.77,514.184,514.605,244246
2025-10-14T18:15:00.000Z,514.605,514.78,514.18,514.56,241087
2025-10-14T18:30:00.000Z,514.56,514.75,514.381,514.695,211122
2025-10-14T18:45:00.000Z,514.67,515.282,514.63,515.105,264852
2025-10-14T19:00:00.000Z,515.105,515.28,514.08,514.115,276330
2025-10-14T19:15:00.000Z,514.115,514.22,513.46,513.52,410967
2025-10-14T19:30:00.000Z,513.46,513.58,511.04,511.25,617239
2025-10-14T19:45:00.000Z,511.27,514.01,510.88,513.71,1349001
2025-10-15T13:30:00.000Z,514.955,516.2,513.81,514.46,1134824
2025-10-15T13:45:00.000Z,514.5368,515.1999,513.67,515.1,603973
2025-10-15T14:00:00.000Z,515.05,517.19,514.955,516.26,637423
2025-10-15T14:15:00.000Z,516.29,516.54,515.6301,515.9,572397
2025-10-15T14:30:00.000Z,515.91,516.23,514.91,515.73,477342
2025-10-15T14:45:00.000Z,515.77,516.5225,515.47,516.485,361938
2025-10-15T15:00:00.000Z,516.53,517.13,516.13,516.86,387182
2025-10-15T15:15:00.000Z,516.9,517.11,515.68,515.95,600313
2025-10-15T15:30:00.000Z,515.915,516.37,514,514.595,425965
2025-10-15T15:45:00.000Z,514.59,515.0566,513.75,514.72,392280
2025-10-15T16:00:00.000Z,514.705,515.435,514.34,514.81,266569
2025-10-15T16:15:00.000Z,514.81,514.94,514.05,514.1714,212728
2025-10-15T16:30:00.000Z,514.18,514.49,513.72,514.28,201382
2025-10-15T16:45:00.000Z,514.31,514.31,513.13,513.24,180845
2025-10-15T17:00:00.000Z,513.25,513.25,510.6,510.7699,415998
2025-10-15T17:15:00.000Z,510.63,511.8,510,511.0503,286528
2025-10-15T17:30:00.000Z,511.01,512.1499,510.91,512.13,259397
2025-10-15T17:45:00.000Z,512.14,513.45,511.91,513.21,180992
2025-10-15T18:00:00.000Z,513.16,513.21,512.42,512.77,169655
2025-10-15T18:15:00.000Z,512.71,513.51,512.7,513.13,143038
2025-10-15T18:30:00.000Z,513.04,513.92,512.985,513.6088,180394
2025-10-15T18:45:00.000Z,513.615,514.22,513.41,513.97,181074
2025-10-15T19:00:00.000Z,513.92,514.0084,513.1829,513.68,171433
2025-10-15T19:15:00.000Z,513.64,514.39,513.61,514.23,179339
2025-10-15T19:30:00.000Z,514.2,514.24,512.3801,512.71,302246
2025-10-15T19:45:00.000Z,512.74,513.74,511.11,513.74,1660279
2025-10-16T13:30:00.000Z,512.58,514.245,511.65,513.88,1080679
2025-10-16T13:45:00.000Z,513.95,515.59,513.62,514.335,487969
2025-10-16T14:00:00.000Z,514.355,514.71,513,513.65,448864
2025-10-16T14:15:00.000Z,513.6005,515.5,513.49,514.88,376621
2025-10-16T14:30:00.000Z,514.98,516.85,514.6,516.64,329180
2025-10-16T14:45:00.000Z,516.62,516.75,514.7601,514.995,316336
2025-10-16T15:00:00.000Z,514.94,516.04,514.47,515.885,283635
2025-10-16T15:15:00.000Z,515.885,516.3,514.2,514.34,314002
2025-10-16T15:30:00.000Z,514.29,515,513.48,514.105,259836
2025-10-16T15:45:00.000Z,514.05,514.6082,513.4,513.74,271443
2025-10-16T16:00:00.000Z,513.65,514.2,513.2501,513.6851,232271
2025-10-16T16:15:00.000Z,513.63,513.9,512.1994,512.245,285863
2025-10-16T16:30:00.000Z,512.3,512.32,510.36,510.9,463741
2025-10-16T16:45:00.000Z,510.84,513.18,509.89,513.18,378102
2025-10-16T17:00:00.000Z,513.01,513.22,511.0531,512.12,293767
2025-10-16T17:15:00.000Z,511.98,513.195,511.05,511.645,279004
2025-10-16T17:30:00.000Z,511.68,512.13,510.8,511.13,241149
2025-10-16T17:45:00.000Z,511.14,511.49,510.55,511.05,231894
2025-10-16T18:00:00.000Z,511.03,511.07,508.32,508.85,355637
2025-10-16T18:15:00.000Z,508.74,509.5,508.13,508.8,834599
2025-10-16T18:30:00.000Z,508.78,510.33,508.2,510.05,264121
2025-10-16T18:45:00.000Z,510.07,510.55,509.65,510.485,195836
2025-10-16T19:00:00.000Z,510.54,510.8,509.65,509.75,615885
2025-10-16T19:15:00.000Z,509.82,509.91,508.66,509.49,338258
2025-10-16T19:30:00.000Z,509.5,510.35,509.04,510.2,388293
2025-10-16T19:45:00.000Z,510.185,512.1,509.91,511.55,1373999
2025-10-17T13:30:00.000Z,509.04,510.9,507.31,507.5375,2749815
2025-10-17T13:45:00.000Z,507.54,511.89,507.37,510,923250
2025-10-17T14:00:00.000Z,509.94,512.39,509.49,512.09,782164
2025-10-17T14:15:00.000Z,512.09,512.655,511.0301,511.25,917891
2025-10-17T14:30:00.000Z,511.41,511.537,509.95,510.3414,597852
2025-10-17T14:45:00.000Z,510.295,510.8633,509.025,509.5,303629
2025-10-17T15:00:00.000Z,509.55,511.2,509.525,510,310202
2025-10-17T15:15:00.000Z,510.05,510.89,509.59,509.755,595770
2025-10-17T15:30:00.000Z,509.84,510.51,508.68,510.33,431181
2025-10-17T15:45:00.000Z,510.27,511.59,510.115,511.06,315178
2025-10-17T16:00:00.000Z,511.12,512.8099,511.109,512.61,326012
2025-10-17T16:15:00.000Z,512.615,513.8,512.2301,513.53,980336
2025-10-17T16:30:00.000Z,513.49,514.1,512.83,513.14,261869
2025-10-17T16:45:00.000Z,513.16,514.3655,512.58,513.16,551472
2025-10-17T17:00:00.000Z,513.14,513.3299,511.98,512.455,200584
2025-10-17T17:15:00.000Z,512.455,512.46,511.45,511.78,164432
2025-10-17T17:30:00.000Z,511.75,512.84,511.5533,511.725,150835
2025-10-17T17:45:00.000Z,511.645,513.26,511.25,513.15,619098
2025-10-17T18:00:00.000Z,513.19,514.36,513.19,514.24,236484
2025-10-17T18:15:00.000Z,514.23,515.298,514.205,514.98,453833
2025-10-17T18:30:00.000Z,514.9675,515.1,514.3809,514.47,418386
2025-10-17T18:45:00.000Z,514.49,514.82,514.08,514.341,190360
2025-10-17T19:00:00.000Z,514.37,515.33,514.32,515.19,268213
2025-10-17T19:15:00.000Z,515.2299,515.48,514.74,515.21,330825
2025-10-17T19:30:00.000Z,515.15,515.15,514.2401,514.32,524645
2025-10-17T19:45:00.000Z,514.32,514.61,513.27,513.51,1401432
2025-10-20T13:30:00.000Z,514.61,516.04,513.66,515.3186,910115
2025-10-20T13:45:00.000Z,515.35,515.58,513.43,514.476,492001
2025-10-20T14:00:00.000Z,514.47,516.685,514.25,516.18,615820
2025-10-20T14:15:00.000Z,516.11,516.91,515.85,516.48,507330
2025-10-20T14:30:00.000Z,516.47,518.08,515.98,518.08,474255
2025-10-20T14:45:00.000Z,518.04,518.7,517.5515,518.085,536305
2025-10-20T15:00:00.000Z,518.09,518.4355,516.76,516.8625,285818
2025-10-20T15:15:00.000Z,516.8,517.77,516.76,517.2424,318534
2025-10-20T15:30:00.000Z,517.26,517.8036,516.974,517.355,304783
2025-10-20T15:45:00.000Z,517.385,517.77,516.81,517.3599,273482
2025-10-20T16:00:00.000Z,517.29,517.37,516.5701,516.67,209184
2025-10-20T16:15:00.000Z,516.68,517.12,516.3,516.63,220407
2025-10-20T16:30:00.000Z,516.655,516.72,516.04,516.45,168224
2025-10-20T16:45:00.000Z,516.48,516.73,516.4,516.49,267077
2025-10-20T17:00:00.000Z,516.4525,517.35,516.42,517.32,183536
2025-10-20T17:15:00.000Z,517.355,517.79,517.175,517.59,198395
2025-10-20T17:30:00.000Z,517.57,518.0899,517.5212,517.8046,218867
2025-10-20T17:45:00.000Z,517.87,517.9299,517.55,517.675,204418
2025-10-20T18:00:00.000Z,517.71,518.0873,517.6464,517.94,243071
2025-10-20T18:15:00.000Z,517.94,518.005,517.43,517.64,216794
2025-10-20T18:30:00.000Z,517.58,517.66,517.25,517.33,207293
2025-10-20T18:45:00.000Z,517.3345,517.3345,516.5201,516.64,355775
2025-10-20T19:00:00.000Z,516.6699,516.87,516.125,516.255,277543
2025-10-20T19:15:00.000Z,516.21,516.42,515.7,516.345,358499
2025-10-20T19:30:00.000Z,516.36,516.54,516.14,516.42,368557
2025-10-20T19:45:00.000Z,516.44,517.11,516.0077,516.83,1034675
2025-10-21T13:30:00.000Z,517.5,518.69,516.23,517.25,981956
2025-10-21T13:45:00.000Z,517.12,518.43,516.49,517.88,574278
2025-10-21T14:00:00.000Z,517.99,518.28,515.12,515.98,644882
2025-10-21T14:15:00.000Z,515.96,516.176,514.75,514.855,701222
2025-10-21T14:30:00.000Z,514.855,515.58,514.1,515.22,446322
2025-10-21T14:45:00.000Z,515.28,516.58,514.84,516.5125,422239
2025-10-21T15:00:00.000Z,516.515,517.56,516.35,516.69,445753
2025-10-21T15:15:00.000Z,516.715,516.74,515.9,516.05,336178
2025-10-21T15:30:00.000Z,516.076,516.21,515.6,515.745,262434
2025-10-21T15:45:00.000Z,515.77,516.1699,515.66,515.7646,235350
2025-10-21T16:00:00.000Z,515.765,516.14,515.55,515.7,258932
2025-10-21T16:15:00.000Z,515.7199,516.0299,515.55,515.73,258805
2025-10-21T16:30:00.000Z,515.73,515.8899,515.2,515.43,243207
2025-10-21T16:45:00.000Z,515.43,515.64,514.34,514.45,395492
2025-10-21T17:00:00.000Z,514.4,514.95,513.04,514.95,666809
2025-10-21T17:15:00.000Z,514.94,514.94,513.77,514.21,422046
2025-10-21T17:30:00.000Z,514.235,514.5499,513.84,514.38,320644
2025-10-21T17:45:00.000Z,514.365,515.01,513.64,514.9,378608
2025-10-21T18:00:00.000Z,514.9,516.44,514.895,515.865,394281
2025-10-21T18:15:00.000Z,515.9,516.1555,515.57,516.015,291461
2025-10-21T18:30:00.000Z,516.04,516.48,515.91,516.07,348970
2025-10-21T18:45:00.000Z,516.12,517.19,515.88,517.1027,342710
2025-10-21T19:00:00.000Z,517.05,517.15,516.41,517,481739
2025-10-21T19:15:00.000Z,517,517.63,516.68,517.195,835427
2025-10-21T19:30:00.000Z,517.16,517.48,516.98,517.34,328645
2025-10-21T19:45:00.000Z,517.37,518.35,517.23,517.77,1257597
2025-10-22T13:30:00.000Z,521.15,523.54,519.07,523.225,1498237
2025-10-22T13:45:00.000Z,523.27,523.46,521.7,522.44,865945
2025-10-22T14:00:00.000Z,522.4,524.21,522.3,522.33,883143
2025-10-22T14:15:00.000Z,522.355,524.01,521.8,523.465,692418
2025-10-22T14:30:00.000Z,523.51,523.95,521.2,522.65,773379
2025-10-22T14:45:00.000Z,522.58,524.91,522,524.91,851241
2025-10-22T15:00:00.000Z,524.91,525.23,522.95,523.4,765859
2025-10-22T15:15:00.000Z,523.4,523.91,522.02,522.75,545308
2025-10-22T15:30:00.000Z,522.692,523.565,522.5,522.555,490214
2025-10-22T15:45:00.000Z,522.49,523.87,522.49,523.65,342602
2025-10-22T16:00:00.000Z,523.6145,524.17,522.79,522.79,345684
2025-10-22T16:15:00.000Z,522.8348,523.61,522.08,523.005,419416
2025-10-22T16:30:00.000Z,523.06,523.47,520.9866,522.49,864723
2025-10-22T16:45:00.000Z,522.41,523.2599,521.74,522.91,484862
2025-10-22T17:00:00.000Z,522.89,523.1,520.73,520.73,236771
2025-10-22T17:15:00.000Z,520.8026,521.35,520.1,520.5546,319531
2025-10-22T17:30:00.000Z,520.45,520.46,518.1901,518.55,349112
2025-10-22T17:45:00.000Z,518.57,518.947,517.71,518.805,324619
2025-10-22T18:00:00.000Z,518.77,519.79,518.77,519.15,337832
2025-10-22T18:15:00.000Z,519.05,520.295,518.62,519.33,267471
2025-10-22T18:30:00.000Z,519.33,520.09,519.05,519.9,264762
2025-10-22T18:45:00.000Z,519.8526,520.05,519.08,519.49,216556
2025-10-22T19:00:00.000Z,519.505,520.1795,518.955,519.71,354049
2025-10-22T19:15:00.000Z,519.68,520.18,519.2101,520.01,335168
2025-10-22T19:30:00.000Z,520.03,520.9754,520,520.21,423554
2025-10-22T19:45:00.000Z,520.18,520.96,519.6,520.48,1025846
2025-10-23T13:30:00.000Z,522.46,523.2,518.61,520.575,1064736
2025-10-23T13:45:00.000Z,520.575,523.1,520.575,521.9,695667
2025-10-23T14:00:00.000Z,521.68,522.44,520.8,521.6,465071
2025-10-23T14:15:00.000Z,521.6,521.97,520.7,521.4051,477726
2025-10-23T14:30:00.000Z,521.35,522.75,521.2,521.935,343470
2025-10-23T14:45:00.000Z,522.045,523.235,521.71,522.6335,413201
2025-10-23T15:00:00.000Z,522.705,523,522.34,522.65,304982
2025-10-23T15:15:00.000Z,522.59,523.23,521.58,523.1582,327348
2025-10-23T15:30:00.000Z,523.17,523.63,521.525,521.55,372476
2025-10-23T15:45:00.000Z,521.5,523.1685,521.45,522.4672,274409
2025-10-23T16:00:00.000Z,522.51,523.95,522.46,523.52,243403
2025-10-23T16:15:00.000Z,523.525,523.525,522.075,522.49,238862
2025-10-23T16:30:00.000Z,522.51,523.11,522.28,522.82,243684
2025-10-23T16:45:00.000Z,522.84,522.915,522.02,522.41,191745
2025-10-23T17:00:00.000Z,522.34,522.5,521.63,522.4301,244764
2025-10-23T17:15:00.000Z,522.43,522.61,521.8795,522.06,176225
2025-10-23T17:30:00.000Z,522.09,523.12,522.01,522.68,263827
2025-10-23T17:45:00.000Z,522.75,523.1,522.75,522.855,186171
2025-10-23T18:00:00.000Z,522.855,523.175,522.75,523.175,233897
2025-10-23T18:15:00.000Z,523.19,523.315,522.71,523.19,182221
2025-10-23T18:30:00.000Z,523.16,523.475,523.11,523.375,242409
2025-10-23T18:45:00.000Z,523.365,523.62,522.94,523.13,256929
2025-10-23T19:00:00.000Z,523.15,523.21,522.4214,522.71,339627
2025-10-23T19:15:00.000Z,522.69,522.935,522.35,522.52,320519
2025-10-23T19:30:00.000Z,522.49,522.93,522.04,522.145,387553
2025-10-23T19:45:00.000Z,522.145,522.33,520.1,520.59,1476642
2025-10-24T13:30:00.000Z,522.79,524.5758,520.71,524.46,1317735
2025-10-24T13:45:00.000Z,524.6,525.05,521.885,523,796624
2025-10-24T14:00:00.000Z,523.02,523.6,522.12,523.49,465825
2025-10-24T14:15:00.000Z,523.48,523.6,522.71,523.11,277902
2025-10-24T14:30:00.000Z,523.105,523.78,522.43,523.535,295649
2025-10-24T14:45:00.000Z,523.48,523.77,522,522.975,375041
2025-10-24T15:00:00.000Z,523.01,523.1414,522.07,522.915,249866
2025-10-24T15:15:00.000Z,522.92,523.52,522.7,523.205,535655
2025-10-24T15:30:00.000Z,523.2,523.8,522.42,522.495,256618
2025-10-24T15:45:00.000Z,522.5,522.92,522.14,522.305,221152
2025-10-24T16:00:00.000Z,522.34,522.97,522.3201,522.915,240174
2025-10-24T16:15:00.000Z,522.94,523.94,522.77,523.94,312071
2025-10-24T16:30:00.000Z,523.88,524.99,523.7,524.8,351353
2025-10-24T16:45:00.000Z,524.725,525.02,524.16,524.45,304237
2025-10-24T17:00:00.000Z,524.4,524.89,524.0525,524.0525,263306
2025-10-24T17:15:00.000Z,524,524.0447,523.35,523.785,250229
2025-10-24T17:30:00.000Z,523.77,524.82,523.67,524.65,233814
2025-10-24T17:45:00.000Z,524.6564,524.78,523.83,524.36,292362
2025-10-24T18:00:00.000Z,524.32,524.91,523.8306,524.9,279163
2025-10-24T18:15:00.000Z,524.885,525.1,524.7,524.82,292111
2025-10-24T18:30:00.000Z,524.84,525.1999,524.74,525.06,252459
2025-10-24T18:45:00.000Z,525.085,525.34,524.83,525.04,301600
2025-10-24T19:00:00.000Z,525.05,525.345,524.6711,525.14,398784
2025-10-24T19:15:00.000Z,525.1,525.1,524.73,524.855,252508
2025-10-24T19:30:00.000Z,524.82,525.25,524.615,524.86,513400
2025-10-24T19:45:00.000Z,524.875,525.26,522.95,523.5,2166694
2025-10-27T13:30:00.000Z,531.78,532.286,529.01,530.09,1729487
2025-10-27T13:45:00.000Z,530.16,531.8,529.654,531.565,993473
2025-10-27T14:00:00.000Z,531.55,533.7999,531.52,533.16,943427
2025-10-27T14:15:00.000Z,533.16,533.49,531.93,533.27,809485
2025-10-27T14:30:00.000Z,533.26,534.58,532.95,533.92,797079
2025-10-27T14:45:00.000Z,533.92,534.1753,532.71,532.72,523471
2025-10-27T15:00:00.000Z,532.745,533.44,532.3501,532.94,488993
2025-10-27T15:15:00.000Z,532.89,532.99,532.24,532.6651,425748
2025-10-27T15:30:00.000Z,532.6475,533.1,531.92,533.1,442608
2025-10-27T15:45:00.000Z,533.08,533.38,532.37,532.53,314408
2025-10-27T16:00:00.000Z,532.5,532.78,532.15,532.16,302422
2025-10-27T16:15:00.000Z,532.15,532.22,531.6,531.72,282075
2025-10-27T16:30:00.000Z,531.745,531.83,531,531.125,284513
2025-10-27T16:45:00.000Z,531.15,531.7499,530.9101,531.37,292412
2025-10-27T17:00:00.000Z,531.35,531.5599,531.14,531.44,195821
2025-10-27T17:15:00.000Z,531.48,531.68,530.445,530.795,347287
2025-10-27T17:30:00.000Z,530.82,531.569,530.7012,531.4982,257073
2025-10-27T17:45:00.000Z,531.48,531.95,531.42,531.885,296734
2025-10-27T18:00:00.000Z,531.86,532,531.1001,531.785,358876
2025-10-27T18:15:00.000Z,531.81,532.571,531.65,532.54,290866
2025-10-27T18:30:00.000Z,532.5,532.96,532.2,532.58,307612
2025-10-27T18:45:00.000Z,532.62,533.63,532.56,533.57,390492
2025-10-27T19:00:00.000Z,533.52,533.62,532.935,532.96,358082
2025-10-27T19:15:00.000Z,532.94,533.18,532.61,532.83,367669
2025-10-27T19:30:00.000Z,532.8101,533.09,532.37,532.53,520044
2025-10-27T19:45:00.000Z,532.53,533.44,531.17,531.41,1626568
2025-10-28T13:30:00.000Z,550,553.72,542.46,546.42,4477771
2025-10-28T13:45:00.000Z,546.48,548.68,545.59,546.32,1886379
2025-10-28T14:00:00.000Z,546.335,547.5899,545.33,546.48,1211821
2025-10-28T14:15:00.000Z,546.48,546.55,544.29,545.61,991477
2025-10-28T14:30:00.000Z,545.6017,545.99,542.69,543.48,1043234
2025-10-28T14:45:00.000Z,543.52,544.37,542.18,542.47,773407
2025-10-28T15:00:00.000Z,542.45,544.85,542.39,543.805,634836
2025-10-28T15:15:00.000Z,543.81,543.82,542.84,543.391,575075
2025-10-28T15:30:00.000Z,543.37,544.54,541.82,541.94,812175
2025-10-28T15:45:00.000Z,541.97,542.37,540.77,541.3051,682376
2025-10-28T16:00:00.000Z,541.3151,542.8,541.08,541.9,802810
2025-10-28T16:15:00.000Z,541.82,542.8,541.488,542.54,522372
2025-10-28T16:30:00.000Z,542.7,543.514,541.8,543.294,597762
2025-10-28T16:45:00.000Z,543.34,543.37,542.3101,542.5311,449494
2025-10-28T17:00:00.000Z,542.55,543.1,542.11,542.505,415528
2025-10-28T17:15:00.000Z,542.56,543.28,542.5501,542.93,346680
2025-10-28T17:30:00.000Z,542.9695,543.48,542.03,542.1,424268
2025-10-28T17:45:00.000Z,542.09,542.8968,541.93,542.4495,394592
2025-10-28T18:00:00.000Z,542.46,543.56,542,543.23,454891
2025-10-28T18:15:00.000Z,543.235,544.85,543.2325,543.7709,819444
2025-10-28T18:30:00.000Z,543.744,544.09,543.17,544.04,402307
2025-10-28T18:45:00.000Z,544.03,545.5,543.95,545.1483,653287
2025-10-28T19:00:00.000Z,545.13,545.36,543.8197,543.85,551407
2025-10-28T19:15:00.000Z,543.81,544.82,543.54,544.61,1178454
2025-10-28T19:30:00.000Z,544.6,544.6597,543.1,543.9,703759
2025-10-28T19:45:00.000Z,543.92,544.21,541.31,542.01,1923760
2025-10-29T13:30:00.000Z,544.94,546.27,539.4,540.72,2491806
2025-10-29T13:45:00.000Z,540.61,541.209,538.23,538.74,1161157
2025-10-29T14:00:00.000Z,538.74,539.11,537.1701,538.49,947083
2025-10-29T14:15:00.000Z,538.46,538.9206,537.25,538.195,739989
2025-10-29T14:30:00.000Z,538.17,538.75,537.8043,538.07,681034
2025-10-29T14:45:00.000Z,538.08,538.58,537.64,537.92,736907
2025-10-29T15:00:00.000Z,537.935,539.57,537.84,538.465,815756
2025-10-29T15:15:00.000Z,538.495,538.54,537.5,537.63,669687
2025-10-29T15:30:00.000Z,537.6,537.78,536.7287,537.475,817105
2025-10-29T15:45:00.000Z,537.478,539,537.31,538.655,645068
2025-10-29T16:00:00.000Z,538.64,539.42,538.3605,539.11,684106
2025-10-29T16:15:00.000Z,539.02,539.1809,538.235,538.405,405700
2025-10-29T16:30:00.000Z,538.405,539.39,538.11,538.79,438965
2025-10-29T16:45:00.000Z,538.79,538.98,538.3,538.83,404193
2025-10-29T17:00:00.000Z,538.8,539.5799,538.6,538.6758,504393
2025-10-29T17:15:00.000Z,538.67,539.09,538.37,538.83,412241
2025-10-29T17:30:00.000Z,538.68,539.4782,538.62,539.26,422265
2025-10-29T17:45:00.000Z,539.25,539.3,537.9,538.92,690506
2025-10-29T18:00:00.000Z,538.92,539.26,538.26,538.5101,601971
2025-10-29T18:15:00.000Z,538.63,539.92,538.4,539.8228,448515
2025-10-29T18:30:00.000Z,539.84,540.55,536.91,537.355,1113314
2025-10-29T18:45:00.000Z,537.355,539.6,537.25,538.815,951170
2025-10-29T19:00:00.000Z,538.89,539.94,538.13,539.03,720702
2025-10-29T19:15:00.000Z,539.03,539.61,538.67,538.85,727689
2025-10-29T19:30:00.000Z,538.81,539.44,538.18,539.44,902356
2025-10-29T19:45:00.000Z,539.38,543.15,539,542.56,2732937
2025-10-30T13:30:00.000Z,530.48,534.97,527.91,532.71,5445499
2025-10-30T13:45:00.000Z,532.78,532.78,527.87,527.88,2357350
2025-10-30T14:00:00.000Z,528.005,531.59,524.11,527.7458,2582941
2025-10-30T14:15:00.000Z,527.663,529.44,526.4,528.39,2318057
2025-10-30T14:30:00.000Z,528.5,530.19,528.25,529.88,1248813
2025-10-30T14:45:00.000Z,529.9,530.99,528.01,528.14,1449083
2025-10-30T15:00:00.000Z,528.22,528.3599,526.204,526.58,1123265
2025-10-30T15:15:00.000Z,526.64,526.8699,524.12,525.27,1448189
2025-10-30T15:30:00.000Z,525.345,525.59,522.6,522.84,1414249
2025-10-30T15:45:00.000Z,522.77,523.72,522.16,522.81,1013369
2025-10-30T16:00:00.000Z,522.8,527.4742,522.68,526.665,1525867
2025-10-30T16:15:00.000Z,526.65,527.78,525.82,526.655,1153365
2025-10-30T16:30:00.000Z,526.65,526.685,524.57,525.45,579499
2025-10-30T16:45:00.000Z,525.395,526.49,524.82,526.17,565464
2025-10-30T17:00:00.000Z,526.16,527.14,525.8994,526.1525,543195
2025-10-30T17:15:00.000Z,526.21,527.5,525.951,526.8726,505416
2025-10-30T17:30:00.000Z,526.87,527.08,525.43,525.6,514396
2025-10-30T17:45:00.000Z,525.6,527.72,525.47,526.66,604317
2025-10-30T18:00:00.000Z,526.66,527,523.77,523.892,623043
2025-10-30T18:15:00.000Z,523.85,524.37,522.89,523.685,689458
2025-10-30T18:30:00.000Z,523.71,524.08,522.31,523.26,644372
2025-10-30T18:45:00.000Z,523.29,524.45,523.2492,523.54,464715
2025-10-30T19:00:00.000Z,523.511,523.7525,522.864,522.88,507561
2025-10-30T19:15:00.000Z,522.92,523.9499,522.12,523.82,969687
2025-10-30T19:30:00.000Z,523.85,524.4399,523.4701,523.84,751950
2025-10-30T19:45:00.000Z,523.82,526.6486,523.27,525.78,2704638
2025-10-31T13:30:00.000Z,528.875,529.32,520.1,521.745,2329574
2025-10-31T13:45:00.000Z,521.75,522.29,517.82,519.24,2057353
2025-10-31T14:00:00.000Z,519.27,519.575,515.1,515.6,2316966
2025-10-31T14:15:00.000Z,515.58,518.0999,515.4,518,1580046
2025-10-31T14:30:00.000Z,517.92,519.18,517.5,519.14,1113002
2025-10-31T14:45:00.000Z,519.14,521,519.04,520.94,966071
2025-10-31T15:00:00.000Z,520.9175,521.97,520.2001,520.28,821364
2025-10-31T15:15:00.000Z,520.255,522,519.06,519.395,776299
2025-10-31T15:30:00.000Z,519.47,520.44,516.845,517.375,1009663
2025-10-31T15:45:00.000Z,517.3,518.38,516.46,516.644,927738
2025-10-31T16:00:00.000Z,516.59,517.842,515.9,517.09,740231
2025-10-31T16:15:00.000Z,517.14,517.84,516,517.6899,554015
2025-10-31T16:30:00.000Z,517.625,518.6395,517.5,517.58,536772
2025-10-31T16:45:00.000Z,517.54,517.84,517,517.265,362150
2025-10-31T17:00:00.000Z,517.29,517.5,516.54,516.87,430975
2025-10-31T17:15:00.000Z,516.85,516.85,515.9201,516.51,460451
2025-10-31T17:30:00.000Z,516.525,517.19,515.94,516.48,469026
2025-10-31T17:45:00.000Z,516.465,517.205,516.3,516.685,441398
2025-10-31T18:00:00.000Z,516.67,518.42,516.64,518.16,469365
2025-10-31T18:15:00.000Z,518.1964,518.2299,517,517.1227,442200
2025-10-31T18:30:00.000Z,517.1,517.17,516.585,516.7,397085
2025-10-31T18:45:00.000Z,516.735,517.315,516.08,517.29,588049
2025-10-31T19:00:00.000Z,517.26,518.15,517.11,517.43,526736
2025-10-31T19:15:00.000Z,517.39,518.7999,516.995,518.71,595889
2025-10-31T19:30:00.000Z,518.67,519.62,518.155,518.94,885213
2025-10-31T19:45:00.000Z,518.85,519.43,516.87,517.82,3309449
2025-11-03T14:30:00.000Z,519.805,524.21,519.69,523.825,2201552
2025-11-03T14:45:00.000Z,523.79,524.96,521.99,522.35,1293392
2025-11-03T15:00:00.000Z,522.46,522.88,519.7307,520.77,1094942
2025-11-03T15:15:00.000Z,520.82,520.99,519.31,519.46,585965
2025-11-03T15:30:00.000Z,519.41,520.25,518.7011,519.962,538454
2025-11-03T15:45:00.000Z,519.98,520.41,519.392,519.9709,435403
2025-11-03T16:00:00.000Z,519.96,520.0389,519.08,519.33,937356
2025-11-03T16:15:00.000Z,519.34,519.54,518.39,518.67,706670
2025-11-03T16:30:00.000Z,518.65,519.599,518.62,518.7385,375776
2025-11-03T16:45:00.000Z,518.77,519.316,517.77,519.23,480097
2025-11-03T17:00:00.000Z,519.26,519.95,518.69,519.87,326985
2025-11-03T17:15:00.000Z,519.914,520.44,518.52,518.64,470260
2025-11-03T17:30:00.000Z,518.6401,519.8,518.64,519.045,431059
2025-11-03T17:45:00.000Z,519.06,519.48,518.3601,518.4,265334
2025-11-03T18:00:00.000Z,518.3705,518.5,517.51,517.87,408392
2025-11-03T18:15:00.000Z,517.85,518.05,517.2617,517.445,369063
2025-11-03T18:30:00.000Z,517.46,517.77,517.09,517.5199,360239
2025-11-03T18:45:00.000Z,517.515,517.89,516.69,516.81,423902
2025-11-03T19:00:00.000Z,516.82,517.3,516.59,516.71,416489
2025-11-03T19:15:00.000Z,516.735,516.95,516,516.215,437031
2025-11-03T19:30:00.000Z,516.2,516.52,515.79,516.1,476688
2025-11-03T19:45:00.000Z,516.08,516.58,515.77,516.4927,744875
2025-11-03T20:00:00.000Z,516.48,516.88,516.08,516.46,564822
2025-11-03T20:15:00.000Z,516.47,516.59,515.42,515.44,516693
2025-11-03T20:30:00.000Z,515.44,515.46,514.59,515.241,853591
2025-11-03T20:45:00.000Z,515.27,517.18,515.22,517.04,1635353
2025-11-04T14:30:00.000Z,511.76,512.035,507.84,511.7707,2239179
2025-11-04T14:45:00.000Z,511.82,513.6722,510.21,512.5825,806785
2025-11-04T15:00:00.000Z,512.645,513.51,512.06,512.63,730650
2025-11-04T15:15:00.000Z,512.63,515.09,512.63,514.63,622216
2025-11-04T15:30:00.000Z,514.585,515.55,514.08,515,726319
2025-11-04T15:45:00.000Z,515,515.25,513.6,514.01,464833
2025-11-04T16:00:00.000Z,514.04,514.77,513.57,514.21,349165
2025-11-04T16:15:00.000Z,514.21,514.21,513.23,513.32,363622
2025-11-04T16:30:00.000Z,513.28,513.8,512.785,513.5095,355859
2025-11-04T16:45:00.000Z,513.5,513.94,512.96,513.42,547088
2025-11-04T17:00:00.000Z,513.4,513.43,512.81,513.04,373024
2025-11-04T17:15:00.000Z,513.02,513.31,511.75,512.47,386625
2025-11-04T17:30:00.000Z,512.4401,512.73,511.56,511.83,304368
2025-11-04T17:45:00.000Z,511.84,513.07,511.31,511.5377,353990
2025-11-04T18:00:00.000Z,511.495,511.58,510.82,511.0786,321427
2025-11-04T18:15:00.000Z,511.0799,511.27,509.93,510.24,417869
2025-11-04T18:30:00.000Z,510.23,511.46,510.22,511.46,380712
2025-11-04T18:45:00.000Z,511.46,512.36,511.08,512.21,386499
2025-11-04T19:00:00.000Z,512.2,513.02,512.09,512.8192,349119
2025-11-04T19:15:00.000Z,512.74,512.98,512.2501,512.34,250924
2025-11-04T19:30:00.000Z,512.34,513,511.41,512.94,385339
2025-11-04T19:45:00.000Z,512.93,513.75,512.6948,513.69,375953
2025-11-04T20:00:00.000Z,513.69,514.02,513.14,513.54,474200
2025-11-04T20:15:00.000Z,513.5,513.885,513.17,513.755,408673
2025-11-04T20:30:00.000Z,513.77,514.48,513.4,514.3642,528931
2025-11-04T20:45:00.000Z,514.36,515.01,513.21,514.79,2501365
2025-11-05T14:30:00.000Z,513.3,513.55,511.11,511.21,1273801
2025-11-05T14:45:00.000Z,511.27,512.48,511.1,512.07,699822
2025-11-05T15:00:00.000Z,511.85,513.2,511.25,512.7,739685
2025-11-05T15:15:00.000Z,512.69,514.83,512.22,514.25,642798
2025-11-05T15:30:00.000Z,514.28,514.315,512.26,512.36,566568
2025-11-05T15:45:00.000Z,512.395,512.74,510.47,510.515,641479
2025-11-05T16:00:00.000Z,510.5,511.09,509.6,510.0775,716773
2025-11-05T16:15:00.000Z,510.08,510.29,508.75,510.09,726288
2025-11-05T16:30:00.000Z,510.06,510.1,508.33,508.915,741752
2025-11-05T16:45:00.000Z,508.92,509.243,508.22,509.055,694883
2025-11-05T17:00:00.000Z,509.08,509.23,508.3,509.23,505202
2025-11-05T17:15:00.000Z,509.1851,509.56,508.38,508.74,431304
2025-11-05T17:30:00.000Z,508.7599,509.5699,508.75,509.0275,590358
2025-11-05T17:45:00.000Z,509.025,509.2,508.49,508.76,580484
2025-11-05T18:00:00.000Z,508.75,509.21,508.59,509.2,377895
2025-11-05T18:15:00.000Z,509.18,509.63,508.2682,508.845,444067
2025-11-05T18:30:00.000Z,508.84,509.56,508.56,509.5,342181
2025-11-05T18:45:00.000Z,509.52,509.56,508.82,509.41,453323
2025-11-05T19:00:00.000Z,509.4,509.4,507.7794,508.68,503918
2025-11-05T19:15:00.000Z,508.69,508.8801,508.03,508.43,466006
2025-11-05T19:30:00.000Z,508.4117,508.465,508.1205,508.39,393633
2025-11-05T19:45:00.000Z,508.381,508.44,507.93,508.285,525525
2025-11-05T20:00:00.000Z,508.29,508.385,507.69,508.1,549813
2025-11-05T20:15:00.000Z,508.095,508.26,507.54,507.805,545741
2025-11-05T20:30:00.000Z,507.82,508.0684,506.93,507.455,893552
2025-11-05T20:45:00.000Z,507.455,508.2,506.575,506.99,2633877
2025-11-06T14:30:00.000Z,505.66,505.7,501.54,502.21,2041595
2025-11-06T14:45:00.000Z,502.18,502.76,498.5,499.2005,1782964
2025-11-06T15:00:00.000Z,499.15,501.25,498.66,500.22,1201459
2025-11-06T15:15:00.000Z,500.225,501.945,499.86,501.265,770102
2025-11-06T15:30:00.000Z,501.36,501.44,497.2201,497.37,1133317
2025-11-06T15:45:00.000Z,497.46,498.4086,495.81,496.23,1165630
2025-11-06T16:00:00.000Z,496.295,497.61,496.05,497.4,746495
2025-11-06T16:15:00.000Z,497.36,498.35,496.45,498.1951,637830
2025-11-06T16:30:00.000Z,498.2,498.25,497,497.565,570134
2025-11-06T16:45:00.000Z,497.56,498.55,496.85,497.93,456025
2025-11-06T17:00:00.000Z,497.94,498.53,496.92,497.93,472105
2025-11-06T17:15:00.000Z,497.89,498.26,497.12,497.67,415321
2025-11-06T17:30:00.000Z,497.6964,498.04,497.26,497.63,377073
2025-11-06T17:45:00.000Z,497.62,498.35,497.34,498.02,404242
2025-11-06T18:00:00.000Z,498.01,498.05,496.45,497.12,493298
2025-11-06T18:15:00.000Z,497.07,497.8,496.47,497.6,422746
2025-11-06T18:30:00.000Z,497.58,499.4792,497.58,499.37,414216
2025-11-06T18:45:00.000Z,499.38,499.47,498.31,498.62,344743
2025-11-06T19:00:00.000Z,498.61,499.26,498.11,499.1,403353
2025-11-06T19:15:00.000Z,499.125,500,498.8409,499.71,341060
2025-11-06T19:30:00.000Z,499.695,500.58,499.4,500.29,598904
2025-11-06T19:45:00.000Z,500.26,500.68,499.8745,500.17,418841
2025-11-06T20:00:00.000Z,500.17,500.32,499.36,499.5,366965
2025-11-06T20:15:00.000Z,499.5509,500,498.585,498.83,511145
2025-11-06T20:30:00.000Z,498.81,499.115,497.57,497.7,880884
2025-11-06T20:45:00.000Z,497.72,498.03,496.15,497.36,5133993
2025-11-07T14:30:00.000Z,496.945,499.377,494.77,495.2988,2189817
2025-11-07T14:45:00.000Z,495.27,496.4172,494.41,495.63,1093891
2025-11-07T15:00:00.000Z,495.49,495.6,493.25,495.46,1044597
2025-11-07T15:15:00.000Z,495.5,496.98,495.3662,496.0284,599109
2025-11-07T15:30:00.000Z,496.06,496.82,494.97,495.6,726740
2025-11-07T15:45:00.000Z,495.65,496.45,494.88,495.175,501483
2025-11-07T16:00:00.000Z,495.1112,495.85,493.95,494.43,570440
2025-11-07T16:15:00.000Z,494.41,495.415,493.87,495.19,554813
2025-11-07T16:30:00.000Z,495.19,495.44,494.36,495.15,431675
2025-11-07T16:45:00.000Z,495.145,495.386,494.48,495.02,791178
2025-11-07T17:00:00.000Z,495.04,495.35,494.37,494.47,371409
2025-11-07T17:15:00.000Z,494.46,495.69,494.18,494.855,516157
2025-11-07T17:30:00.000Z,494.8,495.03,494.2,494.485,341430
2025-11-07T17:45:00.000Z,494.485,494.81,493.61,494.71,344950
2025-11-07T18:00:00.000Z,494.725,495.11,494.13,494.67,279536
2025-11-07T18:15:00.000Z,494.6899,495.58,494.48,495.575,359428
2025-11-07T18:30:00.000Z,495.575,496.64,495.13,495.275,459435
2025-11-07T18:45:00.000Z,495.2871,495.56,494.56,494.915,356002
2025-11-07T19:00:00.000Z,494.96,495.97,494.68,495.74,341090
2025-11-07T19:15:00.000Z,495.785,495.9799,495.3,495.77,328572
2025-11-07T19:30:00.000Z,495.79,497.46,495.79,497.23,505155
2025-11-07T19:45:00.000Z,497.22,497.234,495.52,495.97,876574
2025-11-07T20:00:00.000Z,495.98,496.84,495.15,496.69,552391
2025-11-07T20:15:00.000Z,496.725,496.97,496.27,496.7025,597350
2025-11-07T20:30:00.000Z,496.73,497.27,496.1601,496.615,596033
2025-11-07T20:45:00.000Z,496.6,498.3,495.58,496.92,2753130
2025-11-10T14:30:00.000Z,500.035,503.06,498.8,502.6755,2056335
2025-11-10T14:45:00.000Z,502.67,504.42,502.35,503.2,1061459
2025-11-10T15:00:00.000Z,503.2,506.49,502.42,504.73,1171314
2025-11-10T15:15:00.000Z,504.74,505.595,504.28,504.5,507148
2025-11-10T15:30:00.000Z,504.5,504.67,503.44,503.665,406981
2025-11-10T15:45:00.000Z,503.65,504.02,502.04,502.36,400304
2025-11-10T16:00:00.000Z,502.29,502.99,501.58,502.58,576484
2025-11-10T16:15:00.000Z,502.6,502.8,501.58,502.075,398222
2025-11-10T16:30:00.000Z,502.075,502.2098,500.22,500.5067,410307
2025-11-10T16:45:00.000Z,500.52,500.98,499.99,500.88,526304
2025-11-10T17:00:00.000Z,500.88,501.16,500.27,500.2799,390937
2025-11-10T17:15:00.000Z,500.35,501.49,500.21,501.335,386995
2025-11-10T17:30:00.000Z,501.3715,503.04,501.3,502.495,387887
2025-11-10T17:45:00.000Z,502.52,503.2384,502.5159,503.085,829017
2025-11-10T18:00:00.000Z,503.1,504.24,503,504,306156
2025-11-10T18:15:00.000Z,504.0098,504.74,503.87,504.472,319178
2025-11-10T18:30:00.000Z,504.47,505.86,504.4663,505.82,414776
2025-11-10T18:45:00.000Z,505.83,505.93,504.87,504.91,362833
2025-11-10T19:00:00.000Z,504.94,505.6,504.33,504.385,343792
2025-11-10T19:15:00.000Z,504.3955,505,503.95,504.8001,308830
2025-11-10T19:30:00.000Z,504.85,506.1,504.83,505.965,355135
2025-11-10T19:45:00.000Z,505.95,506.61,505.87,506.14,433924
2025-11-10T20:00:00.000Z,506.13,506.78,506.06,506.547,375868
2025-11-10T20:15:00.000Z,506.58,506.58,505.52,505.81,432288
2025-11-10T20:30:00.000Z,505.81,506.2448,505.02,506.03,463987
2025-11-10T20:45:00.000Z,506.04,506.85,505.88,506.15,2414873
2025-11-11T14:30:00.000Z,504.8,505.19,502.6,505.1899,900439
2025-11-11T14:45:00.000Z,505.125,505.5,504.2,504.66,521639
2025-11-11T15:00:00.000Z,504.75,505.93,503.75,505.88,368621
2025-11-11T15:15:00.000Z,505.92,506.2,504.68,504.7295,403644
2025-11-11T15:30:00.000Z,504.72,504.82,503.35,503.76,423651
2025-11-11T15:45:00.000Z,503.765,503.8,502.89,503.065,365137
2025-11-11T16:00:00.000Z,503,503.44,502.3488,502.6,364279
2025-11-11T16:15:00.000Z,502.6392,504.28,502.5245,503.45,343220
2025-11-11T16:30:00.000Z,503.45,504.08,502.95,503.42,219026
2025-11-11T16:45:00.000Z,503.39,504.31,503.16,504.175,179904
2025-11-11T17:00:00.000Z,504.12,505.16,504.06,505.105,278489
2025-11-11T17:15:00.000Z,505.05,505.44,504.41,504.7,248519
2025-11-11T17:30:00.000Z,504.705,505.25,504.34,505.09,198631
2025-11-11T17:45:00.000Z,505.14,505.68,504.85,505.265,185826
2025-11-11T18:00:00.000Z,505.23,505.57,504.55,505.355,256972
2025-11-11T18:15:00.000Z,505.4,506.79,505.3101,506.63,278969
2025-11-11T18:30:00.000Z,506.6795,507.27,506.61,506.865,287280
2025-11-11T18:45:00.000Z,506.9,508.35,506.88,508.33,344602
2025-11-11T19:00:00.000Z,508.31,508.74,507.98,508.64,393646
2025-11-11T19:15:00.000Z,508.6001,509.22,508.46,509.12,406428
2025-11-11T19:30:00.000Z,509.15,509.4,508.73,508.85,290738
2025-11-11T19:45:00.000Z,508.81,509.34,508.64,509.095,292441
2025-11-11T20:00:00.000Z,509.09,509.56,508.99,509.1401,330736
2025-11-11T20:15:00.000Z,509.17,509.2755,508.67,508.92,368273
2025-11-11T20:30:00.000Z,508.91,509.25,508.55,509.19,387547
2025-11-11T20:45:00.000Z,509.17,509.6,506.7,508.82,1735473
2025-11-12T14:30:00.000Z,509.355,509.355,507.1,507.46,1024874
2025-11-12T14:45:00.000Z,507.46,507.9,506.4,507.175,535809
2025-11-12T15:00:00.000Z,507.165,507.29,505.33,505.775,590560
2025-11-12T15:15:00.000Z,505.775,506.1,504.75,505.695,485542
2025-11-12T15:30:00.000Z,505.68,505.76,503.895,505.005,706693
2025-11-12T15:45:00.000Z,504.98,505.07,503.34,503.8,516272
2025-11-12T16:00:00.000Z,503.81,504,501,501.92,844402
2025-11-12T16:15:00.000Z,501.98,502,499.75,501.705,862756
2025-11-12T16:30:00.000Z,501.69,502.53,500.63,500.63,483963
2025-11-12T16:45:00.000Z,500.64,500.71,499.1201,499.69,676512
2025-11-12T17:00:00.000Z,499.71,501.29,499.66,501.115,548767
2025-11-12T17:15:00.000Z,501.15,501.94,500.6,501.91,390343
2025-11-12T17:30:00.000Z,501.91,505.3,501.75,503.89,772006
2025-11-12T17:45:00.000Z,503.85,505.5,503.6451,505.45,539732
2025-11-12T18:00:00.000Z,505.48,505.59,504.34,505.46,480436
2025-11-12T18:15:00.000Z,505.46,508.5,505.34,508.23,1074853
2025-11-12T18:30:00.000Z,508.205,509.726,507.85,508.704,656433
2025-11-12T18:45:00.000Z,508.7,509.34,508.06,508.76,428554
2025-11-12T19:00:00.000Z,508.77,510.07,508.09,508.97,439671
2025-11-12T19:15:00.000Z,509,510,508.615,509.51,454979
2025-11-12T19:30:00.000Z,509.54,511.17,509.44,510.83,604722
2025-11-12T19:45:00.000Z,510.84,511.47,510.1,510.4097,711351
2025-11-12T20:00:00.000Z,510.415,510.98,509.81,510.0546,587040
2025-11-12T20:15:00.000Z,510.0397,510.93,509.695,510.805,504566
2025-11-12T20:30:00.000Z,510.805,511.57,510.77,511.06,690803
2025-11-12T20:45:00.000Z,511.06,511.67,510.22,511.409,2272931
2025-11-13T14:30:00.000Z,510.31,511.6,506.7,507.61,1284953
2025-11-13T14:45:00.000Z,507.585,509.79,505.45,509.535,704729
2025-11-13T15:00:00.000Z,509.5,513.24,509.47,512.8758,667648
2025-11-13T15:15:00.000Z,512.91,513.5,510.5,511.6536,661422
2025-11-13T15:30:00.000Z,511.65,512.94,511.0445,511.2,618071
2025-11-13T15:45:00.000Z,511.21,511.61,509.9,511.3,711838
2025-11-13T16:00:00.000Z,511.25,512.1499,510.41,510.56,549259
2025-11-13T16:15:00.000Z,510.61,511.1,509.27,509.915,482024
2025-11-13T16:30:00.000Z,509.97,510.45,508.35,508.5,387196
2025-11-13T16:45:00.000Z,508.515,509.3,508.32,508.62,367934
2025-11-13T17:00:00.000Z,508.62,509.17,508.01,508.5,335060
2025-11-13T17:15:00.000Z,508.48,509.79,508.295,509.705,375529
2025-11-13T17:30:00.000Z,509.74,510.0373,508.67,508.68,257478
2025-11-13T17:45:00.000Z,508.7,508.73,507.12,507.37,314173
2025-11-13T18:00:00.000Z,507.35,507.91,506.89,507.81,268482
2025-11-13T18:15:00.000Z,507.85,507.94,506.76,506.93,392073
2025-11-13T18:30:00.000Z,506.93,506.94,506,506.2,458007
2025-11-13T18:45:00.000Z,506.235,506.3799,505.28,505.715,459085
2025-11-13T19:00:00.000Z,505.74,505.88,503.31,503.53,634250
2025-11-13T19:15:00.000Z,503.53,504.71,502.94,504.64,734727
2025-11-13T19:30:00.000Z,504.64,504.91,503.62,504.3273,452194
2025-11-13T19:45:00.000Z,504.32,504.465,502.18,502.67,517812
2025-11-13T20:00:00.000Z,502.63,503.01,501.29,502.62,658094
2025-11-13T20:15:00.000Z,502.645,502.83,501.37,502.79,730288
2025-11-13T20:30:00.000Z,502.79,504.145,502.7,503.09,768573
2025-11-13T20:45:00.000Z,503.09,503.51,501.8309,503.276,2134119
2025-11-14T14:30:00.000Z,498.23,502.29,497.44,501.335,2460750
2025-11-14T14:45:00.000Z,501.33,503.06,500.71,502.4,956566
2025-11-14T15:00:00.000Z,502.42,505.391,501.7,504.285,927990
2025-11-14T15:15:00.000Z,504.2,506.225,504.04,505.4173,675865
2025-11-14T15:30:00.000Z,505.37,507.46,504.9,506.74,648574
2025-11-14T15:45:00.000Z,506.69,507.29,506.22,506.8826,576961
2025-11-14T16:00:00.000Z,506.94,508.22,505.63,507.325,615208
2025-11-14T16:15:00.000Z,507.2801,509.5,507.15,509.5,488817
2025-11-14T16:30:00.000Z,509.51,509.88,508.12,509.67,540409
2025-11-14T16:45:00.000Z,509.67,510.59,508.87,510.46,1060253
2025-11-14T17:00:00.000Z,510.43,511.41,509.97,511.065,511530
2025-11-14T17:15:00.000Z,511.065,511.1,509.25,509.64,358014
2025-11-14T17:30:00.000Z,509.65,509.8999,508.95,509.14,346461
2025-11-14T17:45:00.000Z,509.12,509.54,508.06,508.35,279377
2025-11-14T18:00:00.000Z,508.3,508.42,507.41,508.3725,379352
2025-11-14T18:15:00.000Z,508.4,508.4,507.44,508.0101,1074428
2025-11-14T18:30:00.000Z,508.01,508.44,507.62,507.8289,414989
2025-11-14T18:45:00.000Z,507.79,509.69,507.79,509.44,2055705
2025-11-14T19:00:00.000Z,509.4,509.88,509.271,509.75,487121
2025-11-14T19:15:00.000Z,509.71,510.78,509.64,510.43,395598
2025-11-14T19:30:00.000Z,510.46,510.9,510.13,510.61,579314
2025-11-14T19:45:00.000Z,510.61,511.35,510.5448,510.9288,413195
2025-11-14T20:00:00.000Z,510.91,511.6,510.33,510.575,494578
2025-11-14T20:15:00.000Z,510.5677,510.65,509.6,510.06,949900
2025-11-14T20:30:00.000Z,510.04,510.42,509.64,509.7206,532722
2025-11-14T20:45:00.000Z,509.72,510.47,508.61,510.4,1607036
2025-11-17T14:30:00.000Z,508.45,512.12,506.05,511.12,1679306
2025-11-17T14:45:00.000Z,511.23,511.4,508.5,508.96,725899
2025-11-17T15:00:00.000Z,508.92,509.39,506.9,508.3,632232
2025-11-17T15:15:00.000Z,508.32,508.56,506.66,507.48,400399
2025-11-17T15:30:00.000Z,507.4994,508.19,506.5845,507.56,388229
2025-11-17T15:45:00.000Z,507.56,508.37,507.34,507.625,296313
2025-11-17T16:00:00.000Z,507.57,507.96,506.16,506.5459,336222
2025-11-17T16:15:00.000Z,506.51,507.39,505.6,507.33,314489
2025-11-17T16:30:00.000Z,507.32,509.38,507.23,508.92,371251
2025-11-17T16:45:00.000Z,508.985,510.25,508.89,510.185,259560
2025-11-17T17:00:00.000Z,510.24,510.55,509.79,510.385,321829
2025-11-17T17:15:00.000Z,510.385,510.82,509.98,510.315,279726
2025-11-17T17:30:00.000Z,510.33,510.53,508.96,509.05,264668
2025-11-17T17:45:00.000Z,509,509.51,508.17,508.235,184503
2025-11-17T18:00:00.000Z,508.235,508.52,507.285,508.105,235228
2025-11-17T18:15:00.000Z,508.05,508.5,507.6901,507.99,157552
2025-11-17T18:30:00.000Z,507.99,508.49,507.72,508.3,133722
2025-11-17T18:45:00.000Z,508.33,509.2,506.53,506.56,230216
2025-11-17T19:00:00.000Z,506.55,507.25,506.11,506.88,282870
2025-11-17T19:15:00.000Z,506.9,507.25,506.35,506.89,284184
2025-11-17T19:30:00.000Z,506.87,507.26,505.68,506.28,331795
2025-11-17T19:45:00.000Z,506.26,506.4,505.26,505.315,294952
2025-11-17T20:00:00.000Z,505.26,506.01,504.91,505.38,445722
2025-11-17T20:15:00.000Z,505.41,506.66,505.15,506.33,418222
2025-11-17T20:30:00.000Z,506.37,507.1555,505.33,506.762,450094
2025-11-17T20:45:00.000Z,506.79,507.75,506.1501,507.49,1624611
2025-11-18T14:30:00.000Z,495.365,501.01,495.09,497.37,2567869
2025-11-18T14:45:00.000Z,497.35,498.085,493.06,493.99,1586652
2025-11-18T15:00:00.000Z,493.93,502.98,492.5,496.03,2762623
2025-11-18T15:15:00.000Z,496.03,496.4089,493.3,493.54,1025060
2025-11-18T15:30:00.000Z,493.54,494.01,489.31,490.78,1739766
2025-11-18T15:45:00.000Z,490.75,491.19,489,489.4,1074002
2025-11-18T16:00:00.000Z,489.395,489.7,486.78,488.94,1282141
2025-11-18T16:15:00.000Z,488.91,492.66,488.22,492.24,987041
2025-11-18T16:30:00.000Z,492.205,494.44,491.3901,493.17,1280377
2025-11-18T16:45:00.000Z,493.185,493.37,490.67,491.4395,673693
2025-11-18T17:00:00.000Z,491.48,492.16,489.95,489.995,609355
2025-11-18T17:15:00.000Z,490.04,490.43,488.63,488.8499,552602
2025-11-18T17:30:00.000Z,488.805,492.21,487.9,491.94,629205
2025-11-18T17:45:00.000Z,491.945,492.7648,491.39,492.55,632247
2025-11-18T18:00:00.000Z,492.6,493.33,492.18,492.53,526808
2025-11-18T18:15:00.000Z,492.58,493.0399,491.89,492.13,361462
2025-11-18T18:30:00.000Z,492.16,493.0199,491.605,491.835,392963
2025-11-18T18:45:00.000Z,491.9,493.05,491.69,492.12,367275
2025-11-18T19:00:00.000Z,492.19,493.33,491.99,492.91,354800
2025-11-18T19:15:00.000Z,492.95,493.48,492.45,493.08,397850
2025-11-18T19:30:00.000Z,493.13,495.25,492.8101,494.21,474503
2025-11-18T19:45:00.000Z,494.27,495.23,493.71,494.825,610788
2025-11-18T20:00:00.000Z,494.79,495.14,493.57,494.1855,528939
2025-11-18T20:15:00.000Z,494.16,495.27,493.6,495.26,619904
2025-11-18T20:30:00.000Z,495.26,495.7399,494.3,494.495,583914
2025-11-18T20:45:00.000Z,494.5,495.51,492.95,493.79,2505541
2025-11-19T14:30:00.000Z,490.1,493.73,488.95,493.61,1702536
2025-11-19T14:45:00.000Z,493.635,494.87,492.05,494.67,867128
2025-11-19T15:00:00.000Z,494.73,495.1872,493.46,494.29,701259
2025-11-19T15:15:00.000Z,494.3899,495.13,494.04,494.7,584992
2025-11-19T15:30:00.000Z,494.685,494.85,492.45,492.872,521932
2025-11-19T15:45:00.000Z,492.88,492.89,487.83,488.25,874190
2025-11-19T16:00:00.000Z,488.23,489.54,487.93,488.7074,630458
2025-11-19T16:15:00.000Z,488.61,489.73,488.2,489.1951,410950
2025-11-19T16:30:00.000Z,489.11,489.61,488.33,488.8301,334389
2025-11-19T16:45:00.000Z,488.85,489.06,487.625,488.85,415431
2025-11-19T17:00:00.000Z,488.82,489.1613,486.43,486.79,680450
2025-11-19T17:15:00.000Z,486.795,487.64,486.125,487.3713,553652
2025-11-19T17:30:00.000Z,487.37,487.4,484.3572,485.0855,833665
2025-11-19T17:45:00.000Z,485.05,486.68,484.18,485.755,613961
2025-11-19T18:00:00.000Z,485.72,487.37,485.23,486.98,484808
2025-11-19T18:15:00.000Z,487.02,487.04,485.88,486.201,430687
2025-11-19T18:30:00.000Z,486.15,487.37,485.6,485.76,403232
2025-11-19T18:45:00.000Z,485.74,486.38,485.28,486.1875,618286
2025-11-19T19:00:00.000Z,486.1875,486.27,485.17,485.77,351983
2025-11-19T19:15:00.000Z,485.8299,485.935,484.2801,484.34,412602
2025-11-19T19:30:00.000Z,484.32,484.83,482.83,483.545,706562
2025-11-19T19:45:00.000Z,483.545,485.66,483.19,485.09,519760
2025-11-19T20:00:00.000Z,485.09,486.07,484.96,486.07,454563
2025-11-19T20:15:00.000Z,486.0946,487.853,486.0889,487.53,610189
2025-11-19T20:30:00.000Z,487.51,488.63,487.16,487.85,740980
2025-11-19T20:45:00.000Z,487.83,487.855,485.77,486.979,2183098
2025-11-20T14:30:00.000Z,492.71,493.28,489.8,492.11,2228023
2025-11-20T14:45:00.000Z,492.05,493.04,490.44,492.93,947460
2025-11-20T15:00:00.000Z,492.93,493.57,491.5,491.66,818819
2025-11-20T15:15:00.000Z,491.66,493.15,491.44,492.81,580671
2025-11-20T15:30:00.000Z,492.82,493.11,491.38,493.06,618987
2025-11-20T15:45:00.000Z,493.06,493.08,490.52,490.72,475216
2025-11-20T16:00:00.000Z,490.73,490.78,487.76,487.889,773953
2025-11-20T16:15:00.000Z,487.94,487.94,485.96,486.67,837118
2025-11-20T16:30:00.000Z,486.6,487.2,485.07,485.4,504946
2025-11-20T16:45:00.000Z,485.36,486,482.22,482.415,693831
2025-11-20T17:00:00.000Z,482.36,483.3029,480.31,481.6703,1129714
2025-11-20T17:15:00.000Z,481.69,482.17,480.46,481.77,803609
2025-11-20T17:30:00.000Z,481.79,482.6134,479.57,479.91,835863
2025-11-20T17:45:00.000Z,479.99,481.04,479.19,480.445,640693
2025-11-20T18:00:00.000Z,480.42,483.26,480.1,483.225,648155
2025-11-20T18:15:00.000Z,483.2599,483.37,481.06,481.97,397896
2025-11-20T18:30:00.000Z,481.9,482.35,479.8,479.9,373784
2025-11-20T18:45:00.000Z,479.85,480.15,478.28,479.25,643391
2025-11-20T19:00:00.000Z,479.295,480.11,478.67,479.695,510483
2025-11-20T19:15:00.000Z,479.695,480.48,478.96,479.945,448549
2025-11-20T19:30:00.000Z,479.91,479.98,478.52,479.5501,423137
2025-11-20T19:45:00.000Z,479.55,480.34,478.71,480.1924,654696
2025-11-20T20:00:00.000Z,480.18,480.2,478.41,479.635,570908
2025-11-20T20:15:00.000Z,479.595,480.6,478.33,478.98,775422
2025-11-20T20:30:00.000Z,478.99,479.43,476.32,476.845,1030105
2025-11-20T20:45:00.000Z,476.86,479.03,475.5,478.26,2343520
2025-11-21T14:30:00.000Z,478.5,478.92,475.84,477.48,2873927
2025-11-21T14:45:00.000Z,477.48,477.62,473,474.305,1728377
2025-11-21T15:00:00.000Z,474.46,475,469.35,470.86,2520199
2025-11-21T15:15:00.000Z,470.9,475.12,470.62,473.27,884966
2025-11-21T15:30:00.000Z,473.28,474.08,471.07,473.1085,1152322
2025-11-21T15:45:00.000Z,473.13,473.41,470.57,470.6301,703700
2025-11-21T16:00:00.000Z,470.63,471.125,468.33,469.555,969814
2025-11-21T16:15:00.000Z,469.61,471.09,468.27,471.045,946043
2025-11-21T16:30:00.000Z,471.064,472.83,469.93,472.47,705194
2025-11-21T16:45:00.000Z,472.465,473.815,472.01,473.69,571649
2025-11-21T17:00:00.000Z,473.69,475.78,472.95,474.845,800465
2025-11-21T17:15:00.000Z,474.88,475.46,474.07,474.25,472192
2025-11-21T17:30:00.000Z,474.38,475.46,473.89,474.96,464894
2025-11-21T17:45:00.000Z,474.99,475.11,473.4001,473.795,398563
2025-11-21T18:00:00.000Z,473.82,474.01,471.68,471.725,425345
2025-11-21T18:15:00.000Z,471.73,472.89,471,472.82,455073
2025-11-21T18:30:00.000Z,472.82,474.01,472.61,473.635,355679
2025-11-21T18:45:00.000Z,473.655,476.7,473.655,474.64,697873
2025-11-21T19:00:00.000Z,474.6,475.93,474.1849,475.2289,400530
2025-11-21T19:15:00.000Z,475.225,476.9,475.12,476.57,412577
2025-11-21T19:30:00.000Z,476.63,476.82,475.4444,475.73,494141
2025-11-21T19:45:00.000Z,475.83,476.05,474.15,474.7522,437133
2025-11-21T20:00:00.000Z,474.69,475.41,474.46,474.815,799724
2025-11-21T20:15:00.000Z,474.79,475.01,473.385,473.39,530926
2025-11-21T20:30:00.000Z,473.39,474.19,472.71,473.35,630627
2025-11-21T20:45:00.000Z,473.35,474.18,470.7075,472.24,2329683
2025-11-24T14:30:00.000Z,475,476.18,471.82,472.01,2101075
2025-11-24T14:45:00.000Z,472,472.51,468.02,470.66,2137829
2025-11-24T15:00:00.000Z,470.625,473.2079,470.515,472.1,1299675
2025-11-24T15:15:00.000Z,472.175,473.33,471.47,472.41,827490
2025-11-24T15:30:00.000Z,472.46,475.12,472,474.8,776199
2025-11-24T15:45:00.000Z,474.835,475.13,473.78,473.83,543672
2025-11-24T16:00:00.000Z,473.86,475.075,473.26,474.39,711107
2025-11-24T16:15:00.000Z,474.39,475.75,474.2945,475.33,639582
2025-11-24T16:30:00.000Z,475.375,476.5,474.95,475.99,888862
2025-11-24T16:45:00.000Z,475.99,476.9,475.73,475.97,576618
2025-11-24T17:00:00.000Z,475.9601,476.32,474.63,474.8061,1140652
2025-11-24T17:15:00.000Z,474.78,475.91,474.7201,475.79,818881
2025-11-24T17:30:00.000Z,475.8451,476.32,475.55,475.795,401629
2025-11-24T17:45:00.000Z,475.795,476.38,475.53,475.8339,396327
2025-11-24T18:00:00.000Z,475.82,476.0983,475.28,475.755,486889
2025-11-24T18:15:00.000Z,475.75,475.86,474.89,475.32,338474
2025-11-24T18:30:00.000Z,475.28,475.31,474.28,474.43,403242
2025-11-24T18:45:00.000Z,474.48,475.34,474.2,475.21,343741
2025-11-24T19:00:00.000Z,475.19,475.4,474.9101,475.06,281834
2025-11-24T19:15:00.000Z,475.065,475.11,473.87,474.12,425755
2025-11-24T19:30:00.000Z,474.144,474.6,473.83,474.13,397161
2025-11-24T19:45:00.000Z,474.1001,474.815,473.9,474.62,355334
2025-11-24T20:00:00.000Z,474.63,475.05,474.41,474.56,500143
2025-11-24T20:15:00.000Z,474.56,474.94,474.15,474.295,463074
2025-11-24T20:30:00.000Z,474.28,474.47,473.9,474.35,633798
2025-11-24T20:45:00.000Z,474.35,476.51,473.53,473.79,2867594
2025-11-25T14:30:00.000Z,474.07,474.59,467,467.88,2037949
2025-11-25T14:45:00.000Z,467.82,469.7,464.89,469.69,2019078
2025-11-25T15:00:00.000Z,469.61,469.68,465.31,469.27,1087358
2025-11-25T15:15:00.000Z,469.33,469.82,468.08,468.38,736537
2025-11-25T15:30:00.000Z,468.38,470.57,468.337,470.54,836080
2025-11-25T15:45:00.000Z,470.54,472.0699,470.31,471.63,723928
2025-11-25T16:00:00.000Z,471.57,472.36,470.945,470.975,558787
2025-11-25T16:15:00.000Z,470.89,472.25,470.74,472.15,460528
2025-11-25T16:30:00.000Z,472.2,473.35,472.19,473.1377,652916
2025-11-25T16:45:00.000Z,473.135,474.43,472.89,473.83,557691
2025-11-25T17:00:00.000Z,473.85,475.75,473.45,475.44,564681
2025-11-25T17:15:00.000Z,475.46,477.06,475.12,475.99,741855
2025-11-25T17:30:00.000Z,475.985,476.85,475.9693,476.805,379266
2025-11-25T17:45:00.000Z,476.81,477.2099,475.42,475.68,424142
2025-11-25T18:00:00.000Z,475.69,476.79,475.63,476.72,373785
2025-11-25T18:15:00.000Z,476.7899,476.7899,476.1701,476.745,350058
2025-11-25T18:30:00.000Z,476.75,477.22,476.36,476.53,361656
2025-11-25T18:45:00.000Z,476.53,477.27,476.48,476.91,324845
2025-11-25T19:00:00.000Z,476.91,477.76,476.74,477.179,475182
2025-11-25T19:15:00.000Z,477.1501,477.27,476.185,476.38,319075
2025-11-25T19:30:00.000Z,476.384,476.5,475,475.93,325984
2025-11-25T19:45:00.000Z,475.89,476.73,475.395,476.2401,427234
2025-11-25T20:00:00.000Z,476.28,477,476.23,476.65,481979
2025-11-25T20:15:00.000Z,476.66,477.3799,476.555,477.0885,562176
2025-11-25T20:30:00.000Z,477.12,478.34,477.1,478.08,740227
2025-11-25T20:45:00.000Z,478.1,479.15,476.71,476.94,2298873
2025-11-26T14:30:00.000Z,486.31,486.5,481.5501,484.0623,2497060
2025-11-26T14:45:00.000Z,484.01,484.9,482.24,482.825,1082836
2025-11-26T15:00:00.000Z,482.835,487.97,482.08,482.445,1059379
2025-11-26T15:15:00.000Z,482.49,483.48,481.2,483.24,697234
2025-11-26T15:30:00.000Z,483.31,485.55,483.3,485.23,845535
2025-11-26T15:45:00.000Z,485.25,485.9,483.985,484.97,723054
2025-11-26T16:00:00.000Z,484.97,486.08,484.745,485.59,527332
2025-11-26T16:15:00.000Z,485.6,487.005,485.59,486.7855,519344
2025-11-26T16:30:00.000Z,486.775,487.94,486.435,487.48,673673
2025-11-26T16:45:00.000Z,487.49,488.295,487.33,487.95,555348
2025-11-26T17:00:00.000Z,487.995,488.31,486.7656,486.9936,497740
2025-11-26T17:15:00.000Z,487.01,487.3582,486.33,486.8,395872
2025-11-26T17:30:00.000Z,486.81,487.11,486.41,486.9673,437130
2025-11-26T17:45:00.000Z,486.97,487.82,486.67,487.61,471972
2025-11-26T18:00:00.000Z,487.59,487.66,485.91,486.41,480823
2025-11-26T18:15:00.000Z,486.43,487.32,485.63,486.8316,469783
2025-11-26T18:30:00.000Z,486.83,487.185,486.1413,486.52,426515
2025-11-26T18:45:00.000Z,486.49,487.07,486.24,486.33,296266
2025-11-26T19:00:00.000Z,486.31,486.78,485.85,486.75,377714
2025-11-26T19:15:00.000Z,486.73,487.11,486.6,486.92,535105
2025-11-26T19:30:00.000Z,486.86,487.03,485.59,485.97,447379
2025-11-26T19:45:00.000Z,485.965,486.73,485.965,486.53,318637
2025-11-26T20:00:00.000Z,486.54,486.94,486.1125,486.905,379041
2025-11-26T20:15:00.000Z,486.92,487.68,486.92,487.25,561946
2025-11-26T20:30:00.000Z,487.25,487.63,487.12,487.38,536641
2025-11-26T20:45:00.000Z,487.41,487.46,485,485.49,2239395
2025-11-28T14:30:00.000Z,487.595,489.26,486.65,488.735,1388491
2025-11-28T14:45:00.000Z,488.73,491.8,488.64,491.29,989515
2025-11-28T15:00:00.000Z,491.34,491.3892,489.83,490.49,605225
2025-11-28T15:15:00.000Z,490.49,491.29,490.21,490.57,981523
2025-11-28T15:30:00.000Z,490.59,491.66,490.55,491.06,435141
2025-11-28T15:45:00.000Z,491.06,491.79,490.58,491.64,448071
2025-11-28T16:00:00.000Z,491.66,492.63,491.59,492.41,485769
2025-11-28T16:15:00.000Z,492.385,492.385,490.96,491.3,418774
2025-11-28T16:30:00.000Z,491.33,492.05,491.1616,491.81,340180
2025-11-28T16:45:00.000Z,491.83,492.42,491.74,492.39,1815738
2025-11-28T17:00:00.000Z,492.37,492.39,491.32,491.335,380098
2025-11-28T17:15:00.000Z,491.35,491.54,490.89,491.145,351888
2025-11-28T17:30:00.000Z,491.13,491.42,490.666,490.83,403528
2025-11-28T17:45:00.000Z,490.845,492.23,490.78,492.01,1218528
2025-11-28T18:00:00.000Z,492.05,492.06,491.92,491.92,1923301
2025-12-01T14:30:00.000Z,488.435,488.7592,484.6475,485.73,1843289
2025-12-01T14:45:00.000Z,485.78,488.43,485.6759,487.96,903634
2025-12-01T15:00:00.000Z,487.9,488.455,486.93,487.4,548307
2025-12-01T15:15:00.000Z,487.41,487.835,486.63,486.82,447110
2025-12-01T15:30:00.000Z,486.79,486.98,485.7001,486.81,541711
2025-12-01T15:45:00.000Z,486.79,488.7282,486.43,488.58,405295
2025-12-01T16:00:00.000Z,488.55,489.02,487.46,487.655,372433
2025-12-01T16:15:00.000Z,487.65,488.5098,487.4,488.305,404728
2025-12-01T16:30:00.000Z,488.315,489.8599,488.28,489.53,321403
2025-12-01T16:45:00.000Z,489.55,489.74,488.7849,488.875,254392
2025-12-01T17:00:00.000Z,488.89,489.04,488.0804,488.085,232521
2025-12-01T17:15:00.000Z,488.1,488.94,487.66,488.91,239763
2025-12-01T17:30:00.000Z,488.89,489.18,488.62,489.18,278382
2025-12-01T17:45:00.000Z,489.195,489.39,488.655,488.94,255959
2025-12-01T18:00:00.000Z,488.96,489.39,488.7925,488.8901,288118
2025-12-01T18:15:00.000Z,488.92,489.01,488.49,488.67,238963
2025-12-01T18:30:00.000Z,488.68,488.79,488.38,488.72,566555
2025-12-01T18:45:00.000Z,488.72,489.06,488.68,488.85,250474
2025-12-01T19:00:00.000Z,488.84,488.99,488.47,488.895,252218
2025-12-01T19:15:00.000Z,488.88,488.89,487.77,487.86,265163
2025-12-01T19:30:00.000Z,487.86,487.9499,487.07,487.095,325330
2025-12-01T19:45:00.000Z,487.12,487.37,486.76,486.955,268857
2025-12-01T20:00:00.000Z,486.94,487.68,486.78,487.6,285451
2025-12-01T20:15:00.000Z,487.59,487.82,487.005,487.81,334959
2025-12-01T20:30:00.000Z,487.81,488.13,487.55,487.93,403767
2025-12-01T20:45:00.000Z,487.93,487.9693,485.67,486.83,2412740
2025-12-02T14:30:00.000Z,486.715,489.0587,486.32,488.57,1281503
2025-12-02T14:45:00.000Z,488.68,489.15,487.22,488.99,614973
2025-12-02T15:00:00.000Z,488.98,490.26,488.9,490.26,642125
2025-12-02T15:15:00.000Z,490.24,491.51,489.83,490.525,588621
2025-12-02T15:30:00.000Z,490.55,491.72,489.67,491.57,512891
2025-12-02T15:45:00.000Z,491.59,491.96,490.81,491.725,478223
2025-12-02T16:00:00.000Z,491.73,492.28,491.14,491.41,513926
2025-12-02T16:15:00.000Z,491.4,491.735,489.4513,489.6,533540
2025-12-02T16:30:00.000Z,489.58,490.38,489.04,490.08,357358
2025-12-02T16:45:00.000Z,490.06,490.8099,489.98,490.25,274866
2025-12-02T17:00:00.000Z,490.245,491.53,490.21,491.53,269797
2025-12-02T17:15:00.000Z,491.51,493.4999,491.4,493.21,628862
2025-12-02T17:30:00.000Z,493.215,493.45,492.31,492.375,335008
2025-12-02T17:45:00.000Z,492.4,492.704,490.53,490.53,446667
2025-12-02T18:00:00.000Z,490.51,491.27,490.11,490.245,492613
2025-12-02T18:15:00.000Z,490.23,490.5861,489.66,490.09,280296
2025-12-02T18:30:00.000Z,490.07,490.3446,489.7101,489.99,255796
2025-12-02T18:45:00.000Z,489.96,490.38,489.74,490.11,207737
2025-12-02T19:00:00.000Z,490.11,490.6799,489.88,490.25,240849
2025-12-02T19:15:00.000Z,490.25,490.3263,489.145,489.8485,331005
2025-12-02T19:30:00.000Z,489.81,490.0981,489.64,489.76,187165
2025-12-02T19:45:00.000Z,489.78,490.48,489.6,490.16,246368
2025-12-02T20:00:00.000Z,490.175,490.24,489.695,489.81,297134
2025-12-02T20:15:00.000Z,489.81,490.34,489.58,490.245,307233
2025-12-02T20:30:00.000Z,490.23,490.47,489.66,489.92,355135
2025-12-02T20:45:00.000Z,489.94,490.82,488.53,490.06,1122202
2025-12-03T14:30:00.000Z,476.32,479.9599,475.41,476.43,3573153
2025-12-03T14:45:00.000Z,476.47,477.65,475.2,477.005,2086073
2025-12-03T15:00:00.000Z,477.07,478.39,475.21,476.76,1656588
2025-12-03T15:15:00.000Z,476.7675,478.89,476.705,478.32,1207133
2025-12-03T15:30:00.000Z,478.32,484.24,478.1811,482.56,3687164
2025-12-03T15:45:00.000Z,482.56,482.66,480.33,481.4499,959475
2025-12-03T16:00:00.000Z,481.37,481.94,479,479.211,865458
2025-12-03T16:15:00.000Z,479.26,480.36,478.9,480.16,710225
2025-12-03T16:30:00.000Z,480.13,481.37,480.02,480.265,572932
2025-12-03T16:45:00.000Z,480.27,480.91,479.47,480.22,475681
2025-12-03T17:00:00.000Z,480.23,481.49,479.99,481.24,615514
2025-12-03T17:15:00.000Z,481.23,482.43,481.13,482.405,720802
2025-12-03T17:30:00.000Z,482.4,482.55,481.94,482.408,363701
2025-12-03T17:45:00.000Z,482.405,483.26,481.9701,483.19,398583
2025-12-03T18:00:00.000Z,483.185,483.8299,482.32,482.62,481264
2025-12-03T18:15:00.000Z,482.6,482.65,481.45,481.7,386824
2025-12-03T18:30:00.000Z,481.77,481.96,480.6,481.1,414808
2025-12-03T18:45:00.000Z,481.12,481.45,480.24,480.66,412853
2025-12-03T19:00:00.000Z,480.66,481.7999,480.51,481.66,353275
2025-12-03T19:15:00.000Z,481.67,481.83,481.44,481.73,292325
2025-12-03T19:30:00.000Z,481.73,482.39,481.635,482.33,297490
2025-12-03T19:45:00.000Z,482.3,483.07,482.1,483.03,353960
2025-12-03T20:00:00.000Z,483.03,483.19,482.65,482.835,407686
2025-12-03T20:15:00.000Z,482.85,483.1,482.11,482.33,523556
2025-12-03T20:30:00.000Z,482.335,482.485,480.4,480.92,835033
2025-12-03T20:45:00.000Z,480.91,481.2,477.51,477.74,3532370
2025-12-04T14:30:00.000Z,479.76,481.322,477.0313,477.48,1860837
2025-12-04T14:45:00.000Z,477.37,478.6,476.6616,477.985,1066600
2025-12-04T15:00:00.000Z,478.03,479.36,477.8,478.87,834811
2025-12-04T15:15:00.000Z,478.865,478.98,476.77,478.045,641566
2025-12-04T15:30:00.000Z,478.045,478.99,477.88,478.915,464694
2025-12-04T15:45:00.000Z,478.93,478.9899,477.7,477.99,414367
2025-12-04T16:00:00.000Z,477.99,478.17,476.49,476.96,461748
2025-12-04T16:15:00.000Z,476.96,478.2,476.7,478.135,465756
2025-12-04T16:30:00.000Z,478.125,478.2,477.53,477.59,383826
2025-12-04T16:45:00.000Z,477.5707,479,477.5707,478.6027,437087
2025-12-04T17:00:00.000Z,478.635,478.95,478.01,478.93,338852
2025-12-04T17:15:00.000Z,478.95,478.9694,478.2,478.28,292743
2025-12-04T17:30:00.000Z,478.28,478.8994,477.97,478.71,284950
2025-12-04T17:45:00.000Z,478.715,478.97,478.5,478.8699,273077
2025-12-04T18:00:00.000Z,478.855,478.94,477.36,477.85,364762
2025-12-04T18:15:00.000Z,477.95,480.13,477.55,478.95,1021847
2025-12-04T18:30:00.000Z,478.99,479.14,478.19,478.438,493184
2025-12-04T18:45:00.000Z,478.37,478.8,478.23,478.535,231709
2025-12-04T19:00:00.000Z,478.53,478.74,478.11,478.61,456344
2025-12-04T19:15:00.000Z,478.595,478.63,476.68,477.27,674539
2025-12-04T19:30:00.000Z,477.28,478.6196,477.13,478.58,725147
2025-12-04T19:45:00.000Z,478.59,479.3,478.59,478.865,426575
2025-12-04T20:00:00.000Z,478.86,479.97,478.41,479.88,375115
2025-12-04T20:15:00.000Z,479.88,479.91,479.11,479.508,691589
2025-12-04T20:30:00.000Z,479.5,479.79,479.28,479.33,430024
2025-12-04T20:45:00.000Z,479.33,480.98,479.33,480.82,1669083
2025-12-05T14:30:00.000Z,482.515,483.22,480.35,480.62,1443401
2025-12-05T14:45:00.000Z,480.6,482.41,480.54,481.58,784013
2025-12-05T15:00:00.000Z,481.59,482.9588,480.95,481.935,943599
2025-12-05T15:15:00.000Z,481.95,483.26,481.85,483.125,607335
2025-12-05T15:30:00.000Z,483.13,483.4,481.61,481.81,625567
2025-12-05T15:45:00.000Z,481.79,482.55,481.37,481.73,524955
2025-12-05T16:00:00.000Z,481.7,482.09,480.34,480.34,483130
2025-12-05T16:15:00.000Z,480.3,480.55,478.95,479.2764,1220910
2025-12-05T16:30:00.000Z,479.28,479.76,478.8801,479.22,439357
2025-12-05T16:45:00.000Z,479.24,480.5612,479.13,480.01,474458
2025-12-05T17:00:00.000Z,479.97,480.385,479.71,480.24,684164
2025-12-05T17:15:00.000Z,480.22,480.56,480.07,480.33,276865
2025-12-05T17:30:00.000Z,480.325,480.4,479.86,480.35,249498
2025-12-05T17:45:00.000Z,480.344,480.87,480.08,480.76,239189
2025-12-05T18:00:00.000Z,480.755,481.2,480.315,480.6822,285978
2025-12-05T18:15:00.000Z,480.69,481.42,480.35,481.36,271839
2025-12-05T18:30:00.000Z,481.39,481.85,481.1001,481.5,314325
2025-12-05T18:45:00.000Z,481.48,481.68,481.32,481.525,208587
2025-12-05T19:00:00.000Z,481.53,482.07,481.4454,482.04,327139
2025-12-05T19:15:00.000Z,482.04,482.0699,481.24,481.83,319763
2025-12-05T19:30:00.000Z,481.83,482.03,481.425,481.615,297123
2025-12-05T19:45:00.000Z,481.61,482.175,481.42,481.895,254649
2025-12-05T20:00:00.000Z,481.88,481.98,481.49,481.73,280178
2025-12-05T20:15:00.000Z,481.74,482.1,481.65,481.945,319289
2025-12-05T20:30:00.000Z,481.95,482.48,481.75,482.32,512045
2025-12-05T20:45:00.000Z,482.32,483.34,481.51,483.03,2033727
2025-12-08T14:30:00.000Z,484.885,489.81,484.38,489.47,1793262
2025-12-08T14:45:00.000Z,489.48,489.69,487.62,489.1,840094
2025-12-08T15:00:00.000Z,489.05,490.62,488.6001,488.905,820753
2025-12-08T15:15:00.000Z,488.905,489.77,488.36,489.0772,610056
2025-12-08T15:30:00.000Z,489.075,489.81,488.4,488.56,491919
2025-12-08T15:45:00.000Z,488.6,490.13,488.37,489.7,590890
2025-12-08T16:00:00.000Z,489.705,491.75,489.5,491.0772,621854
2025-12-08T16:15:00.000Z,491.046,492.3,490.26,491.48,555234
2025-12-08T16:30:00.000Z,491.53,491.6399,490.601,491.1,371375
2025-12-08T16:45:00.000Z,491.095,491.64,490.89,491.2044,361558
2025-12-08T17:00:00.000Z,491.19,491.62,490.7,490.72,399348
2025-12-08T17:15:00.000Z,490.77,491.25,490.52,490.65,347429
2025-12-08T17:30:00.000Z,490.656,491,490.3201,490.6351,337710
2025-12-08T17:45:00.000Z,490.63,492.06,490.555,491.19,381364
2025-12-08T18:00:00.000Z,491.16,491.28,490.09,490.78,412880
2025-12-08T18:15:00.000Z,490.71,491.69,490.7,490.88,404139
2025-12-08T18:30:00.000Z,490.83,491.0475,490.12,490.385,299836
2025-12-08T18:45:00.000Z,490.3348,490.7,489.3801,489.87,335459
2025-12-08T19:00:00.000Z,489.85,490.29,489.59,489.94,274504
2025-12-08T19:15:00.000Z,489.94,490.8152,489.94,490.39,283096
2025-12-08T19:30:00.000Z,490.36,490.36,489.42,489.585,387612
2025-12-08T19:45:00.000Z,489.625,490.3,489.55,489.73,500425
2025-12-08T20:00:00.000Z,489.725,489.89,489.3117,489.81,395309
2025-12-08T20:15:00.000Z,489.81,489.98,489.33,489.895,372032
2025-12-08T20:30:00.000Z,489.89,490.2912,489.75,490.27,408701
2025-12-08T20:45:00.000Z,490.24,491.2,488.96,491.12,1671673
2025-12-09T14:30:00.000Z,489.1,490.3,488.5001,489.18,1127440
2025-12-09T14:45:00.000Z,489.23,491.26,489.23,491.2,519192
2025-12-09T15:00:00.000Z,491.22,491.95,490.22,490.574,437087
2025-12-09T15:15:00.000Z,490.57,490.79,490.07,490.44,444972
2025-12-09T15:30:00.000Z,490.45,490.87,489.95,490.715,358226
2025-12-09T15:45:00.000Z,490.715,491.13,489.65,491.03,234184
2025-12-09T16:00:00.000Z,490.99,491.09,489.84,490.26,312246
2025-12-09T16:15:00.000Z,490.25,490.9,490.12,490.72,243652
2025-12-09T16:30:00.000Z,490.725,491.49,490.7,490.825,213539
2025-12-09T16:45:00.000Z,490.85,491.94,490.84,491.835,224148
2025-12-09T17:00:00.000Z,491.81,492.1,491.43,491.495,218506
2025-12-09T17:15:00.000Z,491.5199,491.55,489.95,489.95,353879
2025-12-09T17:30:00.000Z,489.98,490.38,489.63,490.115,259206
2025-12-09T17:45:00.000Z,490.12,490.15,489.5,489.77,271429
2025-12-09T18:00:00.000Z,489.77,490.41,489.68,490.13,499735
2025-12-09T18:15:00.000Z,490.16,490.49,490.01,490.415,366878
2025-12-09T18:30:00.000Z,490.39,490.77,490.22,490.57,182588
2025-12-09T18:45:00.000Z,490.57,491.2,490.37,491.0217,167815
2025-12-09T19:00:00.000Z,491.02,491.09,490.52,490.74,197178
2025-12-09T19:15:00.000Z,490.74,490.97,490.5601,490.89,171559
2025-12-09T19:30:00.000Z,490.89,491.04,489.98,490.225,198724
2025-12-09T19:45:00.000Z,490.225,490.85,490.144,490.74,177586
2025-12-09T20:00:00.000Z,490.76,491.03,490.63,490.865,251635
2025-12-09T20:15:00.000Z,490.87,491.5,490.72,490.95,318969
2025-12-09T20:30:00.000Z,490.9699,491.4325,490.82,491.23,285570
2025-12-09T20:45:00.000Z,491.25,492.12,490.82,492.06,1183579
2025-12-10T14:30:00.000Z,484.03,484.25,478.61,480.26,2838538
2025-12-10T14:45:00.000Z,480.23,481.7,479.75,480.492,1294570
2025-12-10T15:00:00.000Z,480.385,481.06,479.855,480.455,965505
2025-12-10T15:15:00.000Z,480.4475,481.11,480.03,480.39,677448
2025-12-10T15:30:00.000Z,480.4,480.6,478.36,479.27,1178038
2025-12-10T15:45:00.000Z,479.3,479.86,478.41,478.71,804549
2025-12-10T16:00:00.000Z,478.73,479.82,478.09,479.78,667407
2025-12-10T16:15:00.000Z,479.81,480.48,479.2334,480.365,590554
2025-12-10T16:30:00.000Z,480.4,480.75,480.11,480.54,462188
2025-12-10T16:45:00.000Z,480.54,481.32,480.22,480.925,449326
2025-12-10T17:00:00.000Z,480.92,481.3499,480.2,480.25,364115
2025-12-10T17:15:00.000Z,480.2538,481.77,480.24,481.6,303772
2025-12-10T17:30:00.000Z,481.6,482.4121,481.28,481.8,347532
2025-12-10T17:45:00.000Z,481.78,482.01,480.6,480.725,833905
2025-12-10T18:00:00.000Z,480.7224,480.78,478.845,478.95,698889
2025-12-10T18:15:00.000Z,478.9623,479.03,476.85,477.29,1169820
2025-12-10T18:30:00.000Z,477.29,477.97,476.67,476.74,800915
2025-12-10T18:45:00.000Z,476.745,477.91,476.73,477.75,667555
2025-12-10T19:00:00.000Z,477.7275,479.19,477.315,477.425,841742
2025-12-10T19:15:00.000Z,477.4275,478.235,476.04,476.47,793531
2025-12-10T19:30:00.000Z,476.465,478.14,475.08,476.18,1335256
2025-12-10T19:45:00.000Z,476.19,478.62,476.11,478.3097,908730
2025-12-10T20:00:00.000Z,478.31,479.1,477.15,478.46,1268227
2025-12-10T20:15:00.000Z,478.48,479.65,477.8,478.06,1098739
2025-12-10T20:30:00.000Z,478.1,479.06,477.7,478.0927,1067598
2025-12-10T20:45:00.000Z,478.1,479.44,476.65,478.5215,3509935
2025-12-11T14:30:00.000Z,476.63,481.17,475.86,480.1,1863545
2025-12-11T14:45:00.000Z,480.11,480.62,477.16,478.32,1003478
2025-12-11T15:00:00.000Z,478.335,482.15,477.67,481.7005,1305520
2025-12-11T15:15:00.000Z,481.71,481.9399,480.35,480.35,646218
2025-12-11T15:30:00.000Z,480.41,480.72,479.34,480.18,588885
2025-12-11T15:45:00.000Z,480.145,480.81,479.77,480.78,406830
2025-12-11T16:00:00.000Z,480.75,481.22,479.5,479.74,488327
2025-12-11T16:15:00.000Z,479.69,480.23,478.93,478.9519,374256
2025-12-11T16:30:00.000Z,478.95,481.38,478.92,481.31,444856
2025-12-11T16:45:00.000Z,481.3318,481.55,479.085,479.39,352934
2025-12-11T17:00:00.000Z,479.375,480.76,479.29,480.49,271192
2025-12-11T17:15:00.000Z,480.455,481.36,480.3918,480.6668,302950
2025-12-11T17:30:00.000Z,480.69,480.97,480.46,480.725,285742
2025-12-11T17:45:00.000Z,480.77,481.04,479.8,480.3201,334855
2025-12-11T18:00:00.000Z,480.32,481.335,480.1601,480.61,378839
2025-12-11T18:15:00.000Z,480.64,484.33,480.22,482.01,1179861
2025-12-11T18:30:00.000Z,482.035,483.7506,481.5301,483.585,676047
2025-12-11T18:45:00.000Z,483.6,485.95,483.6,484.88,1094451
2025-12-11T19:00:00.000Z,484.88,485.77,484.17,485.4332,534976
2025-12-11T19:15:00.000Z,485.4152,486.03,485.15,485.45,349352
2025-12-11T19:30:00.000Z,485.465,485.7499,485.03,485.36,373312
2025-12-11T19:45:00.000Z,485.35,485.605,484.42,484.42,580341
2025-12-11T20:00:00.000Z,484.42,484.94,484.3,484.8,347153
2025-12-11T20:15:00.000Z,484.805,485.1,484.365,484.38,708223
2025-12-11T20:30:00.000Z,484.395,484.395,482.6201,483.42,600780
2025-12-11T20:45:00.000Z,483.39,484.18,482.3236,483.69,1710758
2025-12-12T14:30:00.000Z,479.82,482.45,478.42,479.055,1490127
2025-12-12T14:45:00.000Z,479.01,481,478.47,480.9401,816547
2025-12-12T15:00:00.000Z,480.94,481.2221,480.06,480.28,597160
2025-12-12T15:15:00.000Z,480.325,480.47,478.33,478.445,499903
2025-12-12T15:30:00.000Z,478.44,480.6,478.2,480.22,540655
2025-12-12T15:45:00.000Z,480.2,480.56,476.34,477.73,807149
2025-12-12T16:00:00.000Z,477.7,478.35,476.58,477.35,881410
2025-12-12T16:15:00.000Z,477.27,478.26,476.4,477.7685,669536
2025-12-12T16:30:00.000Z,477.69,478.54,477.035,478.41,472331
2025-12-12T16:45:00.000Z,478.355,478.46,476.82,477.155,1173087
2025-12-12T17:00:00.000Z,477.03,480,476.85,477.82,566418
2025-12-12T17:15:00.000Z,477.82,478.72,477.64,477.77,338856
2025-12-12T17:30:00.000Z,477.76,478.9361,477.17,478.325,335104
2025-12-12T17:45:00.000Z,478.29,479.235,478.2,478.46,319255
2025-12-12T18:00:00.000Z,478.45,479.19,478.41,478.69,410348
2025-12-12T18:15:00.000Z,478.665,479.42,478.29,478.83,410707
2025-12-12T18:30:00.000Z,478.85,479.13,478.21,478.71,213806
2025-12-12T18:45:00.000Z,478.81,479.28,478.65,479.08,191572
2025-12-12T19:00:00.000Z,479.1,479.42,478.605,478.835,280294
2025-12-12T19:15:00.000Z,478.83,479.1,478.555,478.9501,275865
2025-12-12T19:30:00.000Z,478.98,479.29,478.61,478.81,248656
2025-12-12T19:45:00.000Z,478.785,478.91,478.245,478.54,239917
2025-12-12T20:00:00.000Z,478.54,478.74,477.77,478.2374,333267
2025-12-12T20:15:00.000Z,478.255,478.55,477.99,478.255,438594
2025-12-12T20:30:00.000Z,478.25,478.47,477.5,478.01,606926
2025-12-12T20:45:00.000Z,478.01,478.95,477.345,478.35,1573008
2025-12-15T14:30:00.000Z,480.1,480.7205,477.04,477.485,1335511
2025-12-15T14:45:00.000Z,477.47,477.59,475.41,475.59,1094297
2025-12-15T15:00:00.000Z,475.59,475.92,474.21,475.13,1114523
2025-12-15T15:15:00.000Z,475.08,475.17,472.52,473,714353
2025-12-15T15:30:00.000Z,472.995,477.12,472.795,474.55,512311
2025-12-15T15:45:00.000Z,474.55,474.9695,473.85,474.12,482992
2025-12-15T16:00:00.000Z,474.13,474.44,473.14,473.585,613188
2025-12-15T16:15:00.000Z,473.56,475.55,473.525,475.29,420766
2025-12-15T16:30:00.000Z,475.3,475.52,473.5,473.52,423590
2025-12-15T16:45:00.000Z,473.55,474.69,473.5,474.04,366010
2025-12-15T17:00:00.000Z,474.03,475,473.9,474.41,452025
2025-12-15T17:15:00.000Z,474.405,474.67,473.92,474.4,266289
2025-12-15T17:30:00.000Z,474.415,475.16,474.13,474.89,298551
2025-12-15T17:45:00.000Z,474.85,475.125,473.71,474.21,353113
2025-12-15T18:00:00.000Z,474.21,474.85,473.99,474.65,222501
2025-12-15T18:15:00.000Z,474.66,474.84,473.2,473.62,293893
2025-12-15T18:30:00.000Z,473.62,473.96,473.25,473.685,266225
2025-12-15T18:45:00.000Z,473.685,474.38,473.585,474,352925
2025-12-15T19:00:00.000Z,473.98,474.9323,473.96,474.51,318020
2025-12-15T19:15:00.000Z,474.49,474.7201,474,474.1,358243
2025-12-15T19:30:00.000Z,474.1,474.22,473.7,473.76,431555
2025-12-15T19:45:00.000Z,473.76,474.39,473.58,474.26,546376
2025-12-15T20:00:00.000Z,474.26,474.52,473.65,474.3,349062
2025-12-15T20:15:00.000Z,474.275,474.69,474.03,474.6175,859315
2025-12-15T20:30:00.000Z,474.66,475.43,474.4,475.235,473823
2025-12-15T20:45:00.000Z,475.25,476.5,473.94,474.81,2230208
2025-12-16T14:30:00.000Z,471.905,473.92,470.88,472.39,1491121
2025-12-16T14:45:00.000Z,472.48,475.19,471.81,474.8076,803193
2025-12-16T15:00:00.000Z,474.84,475.165,473.62,474.35,607258
2025-12-16T15:15:00.000Z,474.38,474.62,473.04,474.05,505687
2025-12-16T15:30:00.000Z,474.01,474.59,472.06,473.6,542621
2025-12-16T15:45:00.000Z,473.58,475.12,473.55,474.675,437577
2025-12-16T16:00:00.000Z,474.675,475.04,473.5,473.65,393636
2025-12-16T16:15:00.000Z,473.61,474.07,473.19,473.555,406465
2025-12-16T16:30:00.000Z,473.54,474,472.96,473.94,321751
2025-12-16T16:45:00.000Z,473.96,475.12,473.58,475.07,323977
2025-12-16T17:00:00.000Z,475.08,475.38,474.17,474.805,377423
2025-12-16T17:15:00.000Z,474.805,475.1293,474.105,474.32,295770
2025-12-16T17:30:00.000Z,474.32,474.9,472.761,473.15,443773
2025-12-16T17:45:00.000Z,473.13,473.35,472.28,472.615,296779
2025-12-16T18:00:00.000Z,472.59,473.54,472.25,473.43,292631
2025-12-16T18:15:00.000Z,473.41,473.6599,473,473.06,251094
2025-12-16T18:30:00.000Z,473.03,475.17,473.03,475.04,430493
2025-12-16T18:45:00.000Z,475.06,476.01,475.04,475.845,308568
2025-12-16T19:00:00.000Z,475.845,475.92,474.3101,474.405,262130
2025-12-16T19:15:00.000Z,474.36,475.25,473.9401,475.23,311241
2025-12-16T19:30:00.000Z,475.21,476.22,475.0785,476.11,460016
2025-12-16T19:45:00.000Z,476.095,476.63,475.895,476.19,425245
2025-12-16T20:00:00.000Z,476.235,477.32,476.11,476.32,656636
2025-12-16T20:15:00.000Z,476.31,477,476.28,476.5365,445777
2025-12-16T20:30:00.000Z,476.55,477.27,476.18,476.43,424420
2025-12-16T20:45:00.000Z,476.41,477.89,476.0575,476.24,1645048
2025-12-17T14:30:00.000Z,476.905,478.53,476.06,477.24,1094200
2025-12-17T14:45:00.000Z,477.16,477.5706,475.3213,476.8,684705
2025-12-17T15:00:00.000Z,476.66,477.86,475.9,477.3,599839
2025-12-17T15:15:00.000Z,477.3,478.26,476.804,477.74,420385
2025-12-17T15:30:00.000Z,477.67,478.03,476.2009,476.46,579283
2025-12-17T15:45:00.000Z,476.3808,476.76,475.43,476.41,537560
2025-12-17T16:00:00.000Z,476.39,477.42,475.95,476.13,485024
2025-12-17T16:15:00.000Z,476.1,477.32,475.76,477.1,421594
2025-12-17T16:30:00.000Z,477.07,477.08,476.08,476.3108,443203
2025-12-17T16:45:00.000Z,476.275,476.4,475.22,476.04,456153
2025-12-17T17:00:00.000Z,476.08,477.7599,475.74,476.74,514626
2025-12-17T17:15:00.000Z,476.74,477.74,476.61,477.255,319233
2025-12-17T17:30:00.000Z,477.25,478.05,477,477.2,443197
2025-12-17T17:45:00.000Z,477.185,478.12,476.71,477.95,367900
2025-12-17T18:00:00.000Z,477.955,478.77,477.865,478.01,508640
2025-12-17T18:15:00.000Z,478.0001,478.96,477.6,478.55,448882
2025-12-17T18:30:00.000Z,478.5316,478.75,477.7,478.07,331758
2025-12-17T18:45:00.000Z,478.04,478.81,477.58,478.78,357882
2025-12-17T19:00:00.000Z,478.8,479,478.37,478.6147,321731
2025-12-17T19:15:00.000Z,478.6145,479.23,478.55,478.835,336080
2025-12-17T19:30:00.000Z,478.825,479.79,478.5,479.415,400879
2025-12-17T19:45:00.000Z,479.39,480,479.05,479.15,466480
2025-12-17T20:00:00.000Z,479.17,479.5,478.12,478.635,401810
2025-12-17T20:15:00.000Z,478.62,478.78,478.04,478.19,502056
2025-12-17T20:30:00.000Z,478.23,478.84,477.91,478.74,518316
2025-12-17T20:45:00.000Z,478.745,478.745,475,476.06,2911878
2025-12-18T14:30:00.000Z,478.19,480.95,477.89,480.21,1338180
2025-12-18T14:45:00.000Z,480.21,483.83,480.21,483.45,1027024
2025-12-18T15:00:00.000Z,483.445,485.395,483.26,483.72,1209119
2025-12-18T15:15:00.000Z,483.715,485.25,482.94,484.74,1038156
2025-12-18T15:30:00.000Z,484.71,486.92,484.2906,486.73,884682
2025-12-18T15:45:00.000Z,486.77,487.58,486.4,487.58,1020786
2025-12-18T16:00:00.000Z,487.555,488.04,487.06,487.26,501728
2025-12-18T16:15:00.000Z,487.25,488.08,487.1,487.65,597064
2025-12-18T16:30:00.000Z,487.635,489.6,487.6,488.815,761252
2025-12-18T16:45:00.000Z,488.8,488.95,487.16,487.19,434756
2025-12-18T17:00:00.000Z,487.17,487.34,484.55,485.175,481302
2025-12-18T17:15:00.000Z,485.08,485.67,484.19,484.95,458865
2025-12-18T17:30:00.000Z,484.96,486.58,484.7723,486.5403,964536
2025-12-18T17:45:00.000Z,486.58,487.15,485.95,486.83,388603
2025-12-18T18:00:00.000Z,486.83,487.01,485.96,486.86,352352
2025-12-18T18:15:00.000Z,486.86,487.139,486.36,486.4801,232985
2025-12-18T18:30:00.000Z,486.57,487.4355,486.57,486.89,313509
2025-12-18T18:45:00.000Z,486.89,487.03,486.24,486.385,254849
2025-12-18T19:00:00.000Z,486.35,486.38,484.97,485.78,387606
2025-12-18T19:15:00.000Z,485.78,485.78,485.075,485.56,356767
2025-12-18T19:30:00.000Z,485.5601,485.66,484.24,484.545,263406
2025-12-18T19:45:00.000Z,484.56,485.31,483.855,484.08,332781
2025-12-18T20:00:00.000Z,484.08,484.77,483.871,484.28,1351637
2025-12-18T20:15:00.000Z,484.28,484.73,483.39,484.5985,490833
2025-12-18T20:30:00.000Z,484.61,485.62,484.215,485.48,523432
2025-12-18T20:45:00.000Z,485.48,486.02,483.85,483.88,1655174
2025-12-19T14:30:00.000Z,487.36,487.85,482.95,485.945,7429866
2025-12-19T14:45:00.000Z,486,487.85,485.86,486.4721,778745
2025-12-19T15:00:00.000Z,486.575,487.4699,485.88,486.085,495444
2025-12-19T15:15:00.000Z,486.11,486.77,484.97,485.5303,378617
2025-12-19T15:30:00.000Z,485.51,486.8,484.85,485.835,454712
2025-12-19T15:45:00.000Z,485.835,485.89,484.11,484.46,625968
2025-12-19T16:00:00.000Z,484.49,485.5699,484.2,484.95,629506
2025-12-19T16:15:00.000Z,484.945,485.2999,484.52,485.1685,325321
2025-12-19T16:30:00.000Z,485.15,485.76,484.94,485,275445
2025-12-19T16:45:00.000Z,484.98,485.12,484.2,484.41,348866
2025-12-19T17:00:00.000Z,484.38,485.29,484.23,485.105,501041
2025-12-19T17:15:00.000Z,485.105,486.1299,484.94,485.875,423979
2025-12-19T17:30:00.000Z,485.875,485.875,484.99,485.05,240213
2025-12-19T17:45:00.000Z,485.05,485.43,484.99,485.0005,247537
2025-12-19T18:00:00.000Z,485,485.3,484.65,485.265,276958
2025-12-19T18:15:00.000Z,485.29,485.37,485.1,485.25,330039
2025-12-19T18:30:00.000Z,485.245,485.33,485,485.225,347565
2025-12-19T18:45:00.000Z,485.21,485.24,484.5,484.7,232447
2025-12-19T19:00:00.000Z,484.67,484.89,484.35,484.725,308919
2025-12-19T19:15:00.000Z,484.7161,484.725,484.04,484.2455,342142
2025-12-19T19:30:00.000Z,484.255,484.56,484.11,484.32,282159
2025-12-19T19:45:00.000Z,484.34,484.5,483.91,483.92,357933
2025-12-19T20:00:00.000Z,483.92,484.09,483.45,483.66,384018
2025-12-19T20:15:00.000Z,483.665,483.88,482.59,482.93,605917
2025-12-19T20:30:00.000Z,482.91,483.51,482.49,482.84,674037
2025-12-19T20:45:00.000Z,482.84,487.15,482.5,485.89,4155554
2025-12-22T14:30:00.000Z,486.12,488.73,482.75,483.425,1887035
2025-12-22T14:45:00.000Z,483.43,485.31,482.69,484.945,928805
2025-12-22T15:00:00.000Z,484.945,485.25,483.7801,484.01,601156
2025-12-22T15:15:00.000Z,484.04,485.1,483.94,484.605,537686
2025-12-22T15:30:00.000Z,484.62,484.92,484.0475,484.61,416878
2025-12-22T15:45:00.000Z,484.58,485.17,484.48,484.79,386937
2025-12-22T16:00:00.000Z,484.8,485.898,484.74,485.72,491546
2025-12-22T16:15:00.000Z,485.6801,486.09,485.515,485.6495,379886
2025-12-22T16:30:00.000Z,485.645,486.08,484.935,485.09,342370
2025-12-22T16:45:00.000Z,485.08,486.3517,484.93,486.33,362078
2025-12-22T17:00:00.000Z,486.32,486.5148,485.74,486.095,296001
2025-12-22T17:15:00.000Z,486.08,486.25,485.64,485.85,226623
2025-12-22T17:30:00.000Z,485.84,486.1499,485.74,486.0523,241117
2025-12-22T17:45:00.000Z,486.07,486.33,485.93,486.091,221956
2025-12-22T18:00:00.000Z,486.0511,486.32,485.78,485.93,170176
2025-12-22T18:15:00.000Z,485.95,486.215,485.5825,485.75,211532
2025-12-22T18:30:00.000Z,485.74,486.29,485.62,486.095,218235
2025-12-22T18:45:00.000Z,486.07,486.15,485.58,485.8,191431
2025-12-22T19:00:00.000Z,485.8,485.99,485.425,485.55,276642
2025-12-22T19:15:00.000Z,485.56,485.95,485.52,485.875,207396
2025-12-22T19:30:00.000Z,485.87,486,485.03,485.265,397895
2025-12-22T19:45:00.000Z,485.24,485.37,484.77,484.92,330167
2025-12-22T20:00:00.000Z,484.925,485.1087,484.66,484.99,290734
2025-12-22T20:15:00.000Z,484.98,485.545,484.8,484.97,435217
2025-12-22T20:30:00.000Z,484.97,485.08,484.55,484.64,487717
2025-12-22T20:45:00.000Z,484.61,485.38,484.37,484.85,1196737
2025-12-23T14:30:00.000Z,484.98,487.83,484.74,486.19,1392106
2025-12-23T14:45:00.000Z,486.28,486.89,485.38,485.84,526871
2025-12-23T15:00:00.000Z,485.8,486.455,485.52,486.12,631471
2025-12-23T15:15:00.000Z,486.125,486.45,485.75,485.895,361339
2025-12-23T15:30:00.000Z,485.88,486.3616,485.73,486.36,413399
2025-12-23T15:45:00.000Z,486.37,486.39,485.78,485.815,327501
2025-12-23T16:00:00.000Z,485.85,486.34,485.81,486.08,328477
2025-12-23T16:15:00.000Z,486.05,487.11,486.04,486.81,393736
2025-12-23T16:30:00.000Z,486.81,487.29,486.725,486.805,376079
2025-12-23T16:45:00.000Z,486.8,486.895,486.26,486.485,229689
2025-12-23T17:00:00.000Z,486.485,487.28,486.45,486.63,262592
2025-12-23T17:15:00.000Z,486.66,487,486.61,486.67,191450
2025-12-23T17:30:00.000Z,486.66,486.82,486.39,486.585,188664
2025-12-23T17:45:00.000Z,486.585,486.69,486.0301,486.235,183847
2025-12-23T18:00:00.000Z,486.25,486.535,486.11,486.26,215962
2025-12-23T18:15:00.000Z,486.26,486.59,486.12,486.48,250581
2025-12-23T18:30:00.000Z,486.48,486.73,486.25,486.56,196697
2025-12-23T18:45:00.000Z,486.55,487.21,486.51,486.91,238785
2025-12-23T19:00:00.000Z,486.93,487.279,486.8826,487.19,230961
2025-12-23T19:15:00.000Z,487.19,487.24,486.92,487.09,249117
2025-12-23T19:30:00.000Z,487.085,487.37,486.99,487.19,336918
2025-12-23T19:45:00.000Z,487.205,487.46,487.05,487.31,740524
2025-12-23T20:00:00.000Z,487.28,487.47,487.1,487.175,297238
2025-12-23T20:15:00.000Z,487.19,487.41,487.09,487.27,258452
2025-12-23T20:30:00.000Z,487.265,487.45,487.01,487.075,320738
2025-12-23T20:45:00.000Z,487.07,487.5,486.45,486.5,1189725
2025-12-24T14:30:00.000Z,485.68,486.64,484.83,486.11,717859
2025-12-24T14:45:00.000Z,486.19,486.73,485.8501,486.63,312429
2025-12-24T15:00:00.000Z,486.63,487.5,486.45,487.09,280266
2025-12-24T15:15:00.000Z,487.09,487.98,487.065,487.7988,222065
2025-12-24T15:30:00.000Z,487.81,488.04,487.27,487.99,318032
2025-12-24T15:45:00.000Z,487.975,488.02,487.65,487.965,215391
2025-12-24T16:00:00.000Z,487.965,488.53,487.82,488.47,247374
2025-12-24T16:15:00.000Z,488.48,488.5348,487.9062,488.44,188379
2025-12-24T16:30:00.000Z,488.45,489.1625,488.34,488.74,293339
2025-12-24T16:45:00.000Z,488.73,489.14,488.6,488.76,420850
2025-12-24T17:00:00.000Z,488.81,488.92,488.4805,488.78,202430
2025-12-24T17:15:00.000Z,488.76,488.7792,488.25,488.61,209464
2025-12-24T17:30:00.000Z,488.59,488.68,488.0719,488.21,273485
2025-12-24T17:45:00.000Z,488.195,488.78,487.695,488.02,592322
2025-12-24T18:00:00.000Z,488.02,488.02,488.02,488.02,991538
2025-12-26T14:30:00.000Z,486.705,488.12,486.38,487.77,678336
2025-12-26T14:45:00.000Z,487.8,488.09,486.495,486.9,354884
2025-12-26T15:00:00.000Z,486.9,487.08,486.22,486.385,276687
2025-12-26T15:15:00.000Z,486.3851,486.78,485.96,486.62,323936
2025-12-26T15:30:00.000Z,486.62,487,486.402,486.4104,204383
2025-12-26T15:45:00.000Z,486.45,487.03,486.34,486.94,183831
2025-12-26T16:00:00.000Z,486.9253,487.2,486.57,486.64,247582
2025-12-26T16:15:00.000Z,486.68,487.37,486.58,487.3426,195493
2025-12-26T16:30:00.000Z,487.34,487.815,487.288,487.47,190348
2025-12-26T16:45:00.000Z,487.45,487.57,487.06,487.3,176112
2025-12-26T17:00:00.000Z,487.3,487.37,486.9,487.345,172671
2025-12-26T17:15:00.000Z,487.365,488.11,487.155,487.935,236001
2025-12-26T17:30:00.000Z,487.89,487.925,487.37,487.4383,137098
2025-12-26T17:45:00.000Z,487.45,487.68,486.71,487.2,251196
2025-12-26T18:00:00.000Z,487.17,487.2,486.49,486.57,213053
2025-12-26T18:15:00.000Z,486.55,486.92,486.21,486.8,200397
2025-12-26T18:30:00.000Z,486.8,487.49,486.79,487.355,127919
2025-12-26T18:45:00.000Z,487.355,487.65,487.19,487.546,106705
2025-12-26T19:00:00.000Z,487.5425,487.89,487.4501,487.54,159382
2025-12-26T19:15:00.000Z,487.53,487.625,487.36,487.45,123503
2025-12-26T19:30:00.000Z,487.45,487.47,487.22,487.36,125726
2025-12-26T19:45:00.000Z,487.36,487.6,487.18,487.455,147733
2025-12-26T20:00:00.000Z,487.45,487.56,487.1725,487.218,609723
2025-12-26T20:15:00.000Z,487.23,487.28,486.9,487.245,196067
2025-12-26T20:30:00.000Z,487.23,487.45,487.11,487.355,209893
2025-12-26T20:45:00.000Z,487.36,487.89,487.24,487.785,741236
2025-12-29T14:30:00.000Z,484.855,487.8,484.18,487.67,891437
2025-12-29T14:45:00.000Z,487.69,488.35,487.05,487.47,452095
2025-12-29T15:00:00.000Z,487.515,487.7,486.575,486.9,323106
2025-12-29T15:15:00.000Z,486.79,487.5899,486.79,487.36,277859
2025-12-29T15:30:00.000Z,487.385,488,486.94,487.815,240414
2025-12-29T15:45:00.000Z,487.8379,487.89,486.65,487.1,245010
2025-12-29T16:00:00.000Z,487.13,487.32,485.8885,486.195,331373
2025-12-29T16:15:00.000Z,486.18,486.1892,485.4,485.745,328347
2025-12-29T16:30:00.000Z,485.7,485.86,485.01,485.1501,258897
2025-12-29T16:45:00.000Z,485.15,485.84,485.112,485.61,222946
2025-12-29T17:00:00.000Z,485.63,485.8998,485.3,485.52,194828
2025-12-29T17:15:00.000Z,485.525,485.525,484.73,484.94,199485
2025-12-29T17:30:00.000Z,484.94,485.25,484.74,485.23,190706
2025-12-29T17:45:00.000Z,485.24,485.61,485.125,485.45,183967
2025-12-29T18:00:00.000Z,485.42,485.54,485.15,485.185,147058
2025-12-29T18:15:00.000Z,485.2,485.695,485.1101,485.625,165354
2025-12-29T18:30:00.000Z,485.61,486,485.55,485.61,173058
2025-12-29T18:45:00.000Z,485.61,485.94,485.56,485.6387,239467
2025-12-29T19:00:00.000Z,485.66,485.71,485.12,485.57,190335
2025-12-29T19:15:00.000Z,485.5601,486.36,485.4888,486.33,179873
2025-12-29T19:30:00.000Z,486.35,486.9083,486.27,486.66,185068
2025-12-29T19:45:00.000Z,486.68,487.61,486.67,487.3938,211048
2025-12-29T20:00:00.000Z,487.39,487.49,487.14,487.375,202864
2025-12-29T20:15:00.000Z,487.36,487.39,486.9,487.07,221625
2025-12-29T20:30:00.000Z,487.07,487.315,486.84,486.9,223503
2025-12-29T20:45:00.000Z,486.87,487.22,486.4,487.101,797054
2025-12-30T14:30:00.000Z,485.93,487.99,485.5,487.21,816105
2025-12-30T14:45:00.000Z,487.26,489.14,486.75,488.235,1148050
2025-12-30T15:00:00.000Z,488.28,488.5,487.44,487.655,478124
2025-12-30T15:15:00.000Z,487.66,488.04,487.15,487.38,438815
2025-12-30T15:30:00.000Z,487.35,487.515,487.09,487.485,346418
2025-12-30T15:45:00.000Z,487.485,488.86,487.3357,488.7999,336115
2025-12-30T16:00:00.000Z,488.74,489.67,488.655,489.33,359731
2025-12-30T16:15:00.000Z,489.3015,489.68,488.54,488.58,311170
2025-12-30T16:30:00.000Z,488.575,488.8599,488.27,488.3304,281020
2025-12-30T16:45:00.000Z,488.36,488.485,488,488.12,237219
2025-12-30T17:00:00.000Z,488.12,488.25,487.87,488.045,723614
2025-12-30T17:15:00.000Z,488.055,488.1847,487.82,488.08,191091
2025-12-30T17:30:00.000Z,488.08,488.3538,488.01,488.1,190651
2025-12-30T17:45:00.000Z,488.08,488.57,487.99,488.4088,230709
2025-12-30T18:00:00.000Z,488.38,488.39,487.94,488.28,169530
2025-12-30T18:15:00.000Z,488.28,488.45,488.015,488.21,211912
2025-12-30T18:30:00.000Z,488.18,488.7,488.17,488.53,190459
2025-12-30T18:45:00.000Z,488.53,488.86,488.4495,488.6943,318412
2025-12-30T19:00:00.000Z,488.6406,488.8,488.37,488.515,144680
2025-12-30T19:15:00.000Z,488.55,488.63,488.395,488.5499,152757
2025-12-30T19:30:00.000Z,488.54,488.665,488.13,488.47,246689
2025-12-30T19:45:00.000Z,488.4865,488.49,487.67,487.758,202146
2025-12-30T20:00:00.000Z,487.76,487.8,487.39,487.65,224361
2025-12-30T20:15:00.000Z,487.62,487.93,487.56,487.805,253076
2025-12-30T20:30:00.000Z,487.805,488.49,487.77,488.45,323933
2025-12-30T20:45:00.000Z,488.45,488.67,487.36,487.55,1337781
2025-12-31T14:30:00.000Z,487.84,488.14,485.66,485.93,679769
2025-12-31T14:45:00.000Z,485.865,486.92,485.23,486.08,803067
2025-12-31T15:00:00.000Z,486.02,486.3,485.56,485.9,448046
2025-12-31T15:15:00.000Z,485.88,486.14,485.32,485.655,382382
2025-12-31T15:30:00.000Z,485.63,485.7,484.86,485.22,353149
2025-12-31T15:45:00.000Z,485.27,485.4,484.52,484.69,313661
2025-12-31T16:00:00.000Z,484.685,485.05,484.29,484.34,372004
2025-12-31T16:15:00.000Z,484.335,485.39,484.335,485.27,317967
2025-12-31T16:30:00.000Z,485.28,485.335,484.795,485.19,233692
2025-12-31T16:45:00.000Z,485.155,485.9,485.02,485.805,250150
2025-12-31T17:00:00.000Z,485.8,485.89,485.26,485.39,173627
2025-12-31T17:15:00.000Z,485.394,485.394,484.92,485.096,186543
2025-12-31T17:30:00.000Z,485.0764,485.74,484.98,485.72,161584
2025-12-31T17:45:00.000Z,485.715,485.82,485.35,485.495,166321
2025-12-31T18:00:00.000Z,485.4828,485.872,485.4098,485.86,146050
2025-12-31T18:15:00.000Z,485.86,485.89,485.5,485.8785,159693
2025-12-31T18:30:00.000Z,485.885,486.3,485.78,486.13,221822
2025-12-31T18:45:00.000Z,486.16,486.57,486.02,486.3197,241461
2025-12-31T19:00:00.000Z,486.31,486.7,486.31,486.35,175362
2025-12-31T19:15:00.000Z,486.35,486.37,485.71,485.73,172848
2025-12-31T19:30:00.000Z,485.76,485.82,485.085,485.43,193319
2025-12-31T19:45:00.000Z,485.43,485.62,485.02,485.06,164630
2025-12-31T20:00:00.000Z,485.06,485.08,483.89,484.0296,264954
2025-12-31T20:15:00.000Z,483.99,484.315,483.3001,483.52,316870
2025-12-31T20:30:00.000Z,483.47,484.27,483.3,483.92,297155
2025-12-31T20:45:00.000Z,483.94,484.44,483.33,483.65,2427334
2026-01-02T14:30:00.000Z,484.385,484.66,479.47,480.15,1483304
2026-01-02T14:45:00.000Z,480.1131,481.4,479.75,480.385,1597172
2026-01-02T15:00:00.000Z,480.415,481.015,476.12,476.365,1624732
2026-01-02T15:15:00.000Z,476.35,476.48,474.88,475.365,1007793
2026-01-02T15:30:00.000Z,475.32,476.8,474.75,476.365,897682
2026-01-02T15:45:00.000Z,476.36,476.6965,473.55,474.06,945906
2026-01-02T16:00:00.000Z,474,474.14,472.52,473.325,899909
2026-01-02T16:15:00.000Z,473.3,473.68,472.4,473.153,1033549
2026-01-02T16:30:00.000Z,473.11,473.94,472.93,473.425,760335
2026-01-02T16:45:00.000Z,473.395,473.77,472.72,473.25,469739
2026-01-02T17:00:00.000Z,473.2,473.8,472.71,473.51,505760
2026-01-02T17:15:00.000Z,473.5193,473.92,472.92,473.885,548409
2026-01-02T17:30:00.000Z,473.905,474.09,472.83,472.88,460806
2026-01-02T17:45:00.000Z,472.95,473.15,472.08,472.31,474728
2026-01-02T18:00:00.000Z,472.325,472.69,471.79,471.91,442581
2026-01-02T18:15:00.000Z,471.9,472.59,471.78,471.86,384827
2026-01-02T18:30:00.000Z,471.85,471.92,470.91,471.195,520903
2026-01-02T18:45:00.000Z,471.22,471.4599,470.16,470.54,571892
2026-01-02T19:00:00.000Z,470.54,472.16,470.41,471.699,587293
2026-01-02T19:15:00.000Z,471.6946,472.82,471.66,472.572,504731
2026-01-02T19:30:00.000Z,472.58,473.34,472.4564,472.47,633471
2026-01-02T19:45:00.000Z,472.445,472.66,471.75,471.98,400607
2026-01-02T20:00:00.000Z,471.94,472.6,471.8,472.105,407243
2026-01-02T20:15:00.000Z,472.12,472.6,471.96,472.525,574982
2026-01-02T20:30:00.000Z,472.5,472.88,471.45,471.5028,665974
2026-01-02T20:45:00.000Z,471.53,473,471.23,472.93,2293948
2026-01-05T14:30:00.000Z,474.055,474.3,469.5,472.8233,2222849
2026-01-05T14:45:00.000Z,472.77,473.13,471.27,472.54,914483
2026-01-05T15:00:00.000Z,472.54,473.445,472,472.96,1016869
2026-01-05T15:15:00.000Z,472.98,473.35,472.41,473.0699,874015
2026-01-05T15:30:00.000Z,473.07,473.33,471.93,472.05,713822
2026-01-05T15:45:00.000Z,472.01,472.51,471.8,472.4,644143
2026-01-05T16:00:00.000Z,472.4,474.3,472.25,473.86,810208
2026-01-05T16:15:00.000Z,473.86,474.3,473.42,474.18,546209
2026-01-05T16:30:00.000Z,474.17,475.51,474.1269,475.05,726327
2026-01-05T16:45:00.000Z,475.0525,475.31,474.57,475.08,392418
2026-01-05T17:00:00.000Z,475.08,476.07,474.97,475.91,552147
2026-01-05T17:15:00.000Z,475.91,475.94,474.96,475.4,488439
2026-01-05T17:30:00.000Z,475.405,475.8425,474,475.71,413445
2026-01-05T17:45:00.000Z,475.72,475.96,474.71,474.74,475719
2026-01-05T18:00:00.000Z,474.74,474.85,473.74,474.285,597152
2026-01-05T18:15:00.000Z,474.2626,474.845,473.9,474.825,382199
2026-01-05T18:30:00.000Z,474.83,475.29,474.74,475.045,363965
2026-01-05T18:45:00.000Z,475.06,475.4,474.74,475.03,409846
2026-01-05T19:00:00.000Z,475.05,475.93,474.88,475.745,427576
2026-01-05T19:15:00.000Z,475.7443,475.77,474.57,474.72,435783
2026-01-05T19:30:00.000Z,474.69,474.85,473.535,474.055,458847
2026-01-05T19:45:00.000Z,474.055,474.28,473.475,473.97,414142
2026-01-05T20:00:00.000Z,473.95,474.17,473.645,473.82,563010
2026-01-05T20:15:00.000Z,473.83,473.9499,473.39,473.705,511751
2026-01-05T20:30:00.000Z,473.7125,474.5,473.3401,473.38,808535
2026-01-05T20:45:00.000Z,473.38,473.56,472.04,472.92,1778174
2026-01-06T14:30:00.000Z,473.8,474.25,470.86,471.5,1317370
2026-01-06T14:45:00.000Z,471.49,473.43,471.3,471.605,833521
2026-01-06T15:00:00.000Z,471.57,471.65,469.75,470.36,1183312
2026-01-06T15:15:00.000Z,470.32,472.0697,470.23,471.695,614021
2026-01-06T15:30:00.000Z,471.67,472.65,471.58,471.72,648958
2026-01-06T15:45:00.000Z,471.695,472.577,471.59,472.185,466880
2026-01-06T16:00:00.000Z,472.17,472.418,471.35,472.165,415435
2026-01-06T16:15:00.000Z,472.15,472.5,471.82,472.215,375836
2026-01-06T16:30:00.000Z,472.215,472.26,471.36,471.38,317855
2026-01-06T16:45:00.000Z,471.38,471.9999,471.12,471.32,267819
2026-01-06T17:00:00.000Z,471.31,472.1408,471.12,472.04,304405
2026-01-06T17:15:00.000Z,472.04,473.14,471.99,472.72,397911
2026-01-06T17:30:00.000Z,472.75,475.57,472.73,475.0006,771197
2026-01-06T17:45:00.000Z,475.01,475.81,474.81,475.6009,492483
2026-01-06T18:00:00.000Z,475.62,475.66,474.49,474.59,356514
2026-01-06T18:15:00.000Z,474.625,475.09,474.03,474.055,301588
2026-01-06T18:30:00.000Z,474.04,475.23,473.93,475.19,330137
2026-01-06T18:45:00.000Z,475.23,477.6,475.2,476.2,424604
2026-01-06T19:00:00.000Z,476.26,476.7,475.5,476.64,401578
2026-01-06T19:15:00.000Z,476.6464,476.99,476.41,476.72,321713
2026-01-06T19:30:00.000Z,476.72,476.74,476.0401,476.455,297777
2026-01-06T19:45:00.000Z,476.46,477.13,476.38,476.83,400047
2026-01-06T20:00:00.000Z,476.84,477.11,476.28,477.045,355819
2026-01-06T20:15:00.000Z,477.05,477.84,476.98,477.2,579293
2026-01-06T20:30:00.000Z,477.18,477.815,476.86,477.65,483295
2026-01-06T20:45:00.000Z,477.625,478.7367,477.1,478.51,1690430
2026-01-07T14:30:00.000Z,479.755,485.12,477.95,483.956,2525832
2026-01-07T14:45:00.000Z,483.955,484.78,483.2,483.62,916765
2026-01-07T15:00:00.000Z,483.68,484.11,482.4201,483.78,814123
2026-01-07T15:15:00.000Z,483.805,484.18,482.75,483.4,716385
2026-01-07T15:30:00.000Z,483.38,486.9,483.35,486.385,1245116
2026-01-07T15:45:00.000Z,486.39,487.73,486.27,487.715,2487496
2026-01-07T16:00:00.000Z,487.74,489.7,487.7377,488.645,1077034
2026-01-07T16:15:00.000Z,488.645,489.02,487.58,487.71,721607
2026-01-07T16:30:00.000Z,487.71,487.81,486.8,487.47,740550
2026-01-07T16:45:00.000Z,487.46,488.3899,487.31,487.88,461742
2026-01-07T17:00:00.000Z,487.85,488.75,487.62,488.4632,509129
2026-01-07T17:15:00.000Z,488.4457,488.81,487.57,488.23,534602
2026-01-07T17:30:00.000Z,488.19,488.935,487.66,488.8749,435725
2026-01-07T17:45:00.000Z,488.91,489.165,488.19,488.87,775809
2026-01-07T18:00:00.000Z,488.87,488.94,488,488.35,347835
2026-01-07T18:15:00.000Z,488.355,488.71,487.93,488.3201,337224
2026-01-07T18:30:00.000Z,488.36,488.58,488.21,488.41,333338
2026-01-07T18:45:00.000Z,488.42,488.85,487.54,487.58,405672
2026-01-07T19:00:00.000Z,487.6067,487.6067,485.79,485.93,446884
2026-01-07T19:15:00.000Z,485.92,485.97,485.2,485.49,366967
2026-01-07T19:30:00.000Z,485.51,485.52,484.91,485.18,321435
2026-01-07T19:45:00.000Z,485.1899,485.48,484.96,484.985,283757
2026-01-07T20:00:00.000Z,485,485.2151,484.135,484.35,326448
2026-01-07T20:15:00.000Z,484.35,484.9099,484.195,484.55,515735
2026-01-07T20:30:00.000Z,484.53,484.56,483.52,483.945,602695
2026-01-07T20:45:00.000Z,483.945,484.08,483.02,483.5,1428325
2026-01-08T14:30:00.000Z,481.24,482.66,476.11,476.56,1355620
2026-01-08T14:45:00.000Z,476.53,479.09,475.86,477.96,921755
2026-01-08T15:00:00.000Z,477.89,479.49,477.44,478.41,696219
2026-01-08T15:15:00.000Z,478.4,479.0799,478.23,478.6,584571
2026-01-08T15:30:00.000Z,478.54,478.73,477.31,478.31,558927
2026-01-08T15:45:00.000Z,478.29,478.42,477.33,478.05,555190
2026-01-08T16:00:00.000Z,478.025,478.53,477.35,477.445,421834
2026-01-08T16:15:00.000Z,477.45,478.31,477.01,477.59,375929
2026-01-08T16:30:00.000Z,477.59,477.77,476.475,477.55,418474
2026-01-08T16:45:00.000Z,477.57,478.7125,477.5,478.685,422269
2026-01-08T17:00:00.000Z,478.71,478.81,477.93,478.36,231704
2026-01-08T17:15:00.000Z,478.31,478.95,477.56,477.605,279820
2026-01-08T17:30:00.000Z,477.59,478.26,477.54,477.65,250207
2026-01-08T17:45:00.000Z,477.67,478.82,477.59,478.19,291403
2026-01-08T18:00:00.000Z,478.21,478.34,477.1,477.175,283949
2026-01-08T18:15:00.000Z,477.175,477.78,477.06,477.585,255347
2026-01-08T18:30:00.000Z,477.56,477.98,477.4351,477.57,216214
2026-01-08T18:45:00.000Z,477.59,477.95,477.13,477.136,241454
2026-01-08T19:00:00.000Z,477.12,477.37,476.37,476.49,279162
2026-01-08T19:15:00.000Z,476.49,477.275,476.11,476.795,331362
2026-01-08T19:30:00.000Z,476.77,476.89,476.16,476.28,327259
2026-01-08T19:45:00.000Z,476.28,476.6099,476.08,476.555,295765
2026-01-08T20:00:00.000Z,476.55,477.82,476.46,477.655,429483
2026-01-08T20:15:00.000Z,477.66,478.34,477.37,478.26,412007
2026-01-08T20:30:00.000Z,478.26,478.86,477.5,477.9,449838
2026-01-08T20:45:00.000Z,477.9,478.84,477.69,478.14,1426142
2026-01-09T14:30:00.000Z,474.06,476.7,473.99,475.4603,1642104
2026-01-09T14:45:00.000Z,475.405,475.68,472.2001,472.895,1130761
2026-01-09T15:00:00.000Z,472.84,474.52,472.22,474.46,847188
2026-01-09T15:15:00.000Z,474.4809,476.17,474.12,475.78,692075
2026-01-09T15:30:00.000Z,475.78,476.6486,474.51,474.62,872372
2026-01-09T15:45:00.000Z,474.64,475.1362,473.6301,473.95,508824
2026-01-09T16:00:00.000Z,473.98,476.2399,473.93,476,553033
2026-01-09T16:15:00.000Z,476.04,476.75,475.86,476.47,387179
2026-01-09T16:30:00.000Z,476.48,477.185,476.12,476.9,397837
2026-01-09T16:45:00.000Z,476.92,478.02,476.87,477.865,564844
2026-01-09T17:00:00.000Z,477.865,478.1,477.33,477.74,374460
2026-01-09T17:15:00.000Z,477.7476,477.7476,477,477.55,293681
2026-01-09T17:30:00.000Z,477.54,477.83,476.82,476.96,312592
2026-01-09T17:45:00.000Z,476.95,477.5225,476.92,476.95,279643
2026-01-09T18:00:00.000Z,476.96,477.125,476.025,476.13,372975
2026-01-09T18:15:00.000Z,476.12,476.89,475.875,476.84,253010
2026-01-09T18:30:00.000Z,476.81,478.08,476.78,477.69,319345
2026-01-09T18:45:00.000Z,477.69,479.26,477.54,478.96,462717
2026-01-09T19:00:00.000Z,478.97,479.04,478.4,478.4,271462
2026-01-09T19:15:00.000Z,478.4,478.665,478.35,478.445,219719
2026-01-09T19:30:00.000Z,478.48,478.95,478.26,478.67,273265
2026-01-09T19:45:00.000Z,478.68,479.255,478.57,478.795,361366
2026-01-09T20:00:00.000Z,478.78,479.15,478.53,479.07,250258
2026-01-09T20:15:00.000Z,479.0515,479.69,479.03,479.58,357540
2026-01-09T20:30:00.000Z,479.56,479.82,479.35,479.655,481940
2026-01-09T20:45:00.000Z,479.64,479.79,478.89,479.25,941728
2026-01-12T14:30:00.000Z,476.67,480.88,475.6803,479.37,1447446
2026-01-12T14:45:00.000Z,479.39,480.99,478.935,479.98,564491
2026-01-12T15:00:00.000Z,479.92,480.07,478.78,479.84,450418
2026-01-12T15:15:00.000Z,479.8,479.85,478.26,478.59,465103
2026-01-12T15:30:00.000Z,478.5814,479.486,478.44,478.5775,413522
2026-01-12T15:45:00.000Z,478.56,479.19,478.05,479.14,349994
2026-01-12T16:00:00.000Z,479.13,479.48,478.8175,479.46,391476
2026-01-12T16:15:00.000Z,479.43,479.72,478.68,478.7856,371902
2026-01-12T16:30:00.000Z,478.78,479.1697,478.7,478.76,247551
2026-01-12T16:45:00.000Z,478.765,479.2,478.42,478.865,478742
2026-01-12T17:00:00.000Z,478.8725,479.85,478.7,479.505,457233
2026-01-12T17:15:00.000Z,479.48,479.6,478.12,478.46,361527
2026-01-12T17:30:00.000Z,478.46,478.562,477.97,478.5,291274
2026-01-12T17:45:00.000Z,478.52,478.65,478.12,478.21,283676
2026-01-12T18:00:00.000Z,478.21,478.56,478.08,478.49,250268
2026-01-12T18:15:00.000Z,478.48,478.8875,478.4468,478.54,244643
2026-01-12T18:30:00.000Z,478.51,478.565,477.96,478.02,263673
2026-01-12T18:45:00.000Z,478.04,478.4,477.87,478.1,302596
2026-01-12T19:00:00.000Z,478.11,478.6663,477.88,478.56,307877
2026-01-12T19:15:00.000Z,478.5716,479.29,478.55,479.14,317504
2026-01-12T19:30:00.000Z,479.15,479.68,479.05,479.4202,285641
2026-01-12T19:45:00.000Z,479.44,479.87,479.3802,479.8,309704
2026-01-12T20:00:00.000Z,479.8,480.66,479.485,480.23,543108
2026-01-12T20:15:00.000Z,480.24,480.32,479.2,479.24,482380
2026-01-12T20:30:00.000Z,479.23,479.23,478.36,478.4,620075
2026-01-12T20:45:00.000Z,478.41,478.6699,476.7,477.19,1772063
2026-01-13T14:30:00.000Z,474.675,475.7799,473.06,473.595,1742212
2026-01-13T14:45:00.000Z,473.595,473.96,472,472.965,1070422
2026-01-13T15:00:00.000Z,472.94,473.6524,471.93,472.035,1052394
2026-01-13T15:15:00.000Z,472.05,472.06,467.61,468.24,1739145
2026-01-13T15:30:00.000Z,468.24,468.27,465.95,466.43,1602033
2026-01-13T15:45:00.000Z,466.41,468.78,466.32,468.37,1151860
2026-01-13T16:00:00.000Z,468.39,468.7,467.94,468.54,661452
2026-01-13T16:15:00.000Z,468.555,468.97,468.05,468.74,802116
2026-01-13T16:30:00.000Z,468.74,470.4,468.39,469.9,594205
2026-01-13T16:45:00.000Z,469.92,470.885,469.51,470.55,608371
2026-01-13T17:00:00.000Z,470.56,471.22,469.82,469.85,532821
2026-01-13T17:15:00.000Z,469.8325,469.935,468.65,469.73,456386
2026-01-13T17:30:00.000Z,469.74,470.0899,468.575,468.69,399040
2026-01-13T17:45:00.000Z,468.68,469.16,467.62,467.69,530611
2026-01-13T18:00:00.000Z,467.7036,468.7,467.3,468.7,515130
2026-01-13T18:15:00.000Z,468.72,468.79,467.88,468.71,466593
2026-01-13T18:30:00.000Z,468.69,468.98,467.72,467.7799,360510
2026-01-13T18:45:00.000Z,467.75,467.92,467.2,467.35,365320
2026-01-13T19:00:00.000Z,467.35,467.56,465.99,466.225,898972
2026-01-13T19:15:00.000Z,466.25,466.99,466.19,466.82,650789
2026-01-13T19:30:00.000Z,466.8,467.45,466.75,466.95,596221
2026-01-13T19:45:00.000Z,466.96,467.42,466.4,467.1781,451708
2026-01-13T20:00:00.000Z,467.19,468.2825,467.13,467.585,978550
2026-01-13T20:15:00.000Z,467.56,468.4,467.56,468.24,685589
2026-01-13T20:30:00.000Z,468.24,468.32,467.425,468.28,525457
2026-01-13T20:45:00.000Z,468.29,471.03,468.05,470.72,2596348
2026-01-14T14:30:00.000Z,466.46,468.2,463.92,464.205,2191635
2026-01-14T14:45:00.000Z,464.25,465.47,464.05,464.43,1019033
2026-01-14T15:00:00.000Z,464.445,465.29,463.19,465.163,1090103
2026-01-14T15:15:00.000Z,465.1,466.1597,464.65,464.66,603537
2026-01-14T15:30:00.000Z,464.68,465.18,463.03,463.205,720531
2026-01-14T15:45:00.000Z,463.17,463.49,461.19,461.79,889825
2026-01-14T16:00:00.000Z,461.8,462.7,461.68,462.075,675856
2026-01-14T16:15:00.000Z,462.1099,464.21,462,463.905,645424
2026-01-14T16:30:00.000Z,463.93,464.2917,462.4101,462.805,537626
2026-01-14T16:45:00.000Z,462.81,462.81,461.25,461.625,620116
2026-01-14T17:00:00.000Z,461.63,462.1,461.26,461.995,490291
2026-01-14T17:15:00.000Z,461.97,462.02,460.73,461.64,664834
2026-01-14T17:30:00.000Z,461.59,461.76,460.8201,461.71,490105
2026-01-14T17:45:00.000Z,461.68,462.515,460.75,460.8,616367
2026-01-14T18:00:00.000Z,460.77,461.39,460.68,460.68,551082
2026-01-14T18:15:00.000Z,460.71,461.14,460.25,460.58,590741
2026-01-14T18:30:00.000Z,460.5908,460.7399,458.1,459.35,1069685
2026-01-14T18:45:00.000Z,459.388,459.93,458.75,459.79,509738
2026-01-14T19:00:00.000Z,459.77,460.03,459.25,459.465,583593
2026-01-14T19:15:00.000Z,459.465,459.65,458.6,458.83,519387
2026-01-14T19:30:00.000Z,458.87,459.02,458.23,458.4799,655428
2026-01-14T19:45:00.000Z,458.44,458.6,457.64,457.77,721938
2026-01-14T20:00:00.000Z,457.76,458.97,457.1701,457.7098,1020670
2026-01-14T20:15:00.000Z,457.715,458.46,457.43,458.305,722136
2026-01-14T20:30:00.000Z,458.29,459.4899,458.16,458.34,1168625
2026-01-14T20:45:00.000Z,458.36,459.86,457.75,459.38,3189058
2026-01-15T14:30:00.000Z,464.12,464.25,459.08,459.92,2526307
2026-01-15T14:45:00.000Z,459.89,460.44,457.89,458.91,1582426
2026-01-15T15:00:00.000Z,458.93,459.4775,458.05,458.9501,870193
2026-01-15T15:15:00.000Z,458.95,459.75,458.5,458.84,779223
2026-01-15T15:30:00.000Z,458.835,460.52,458.74,458.8,725943
2026-01-15T15:45:00.000Z,458.8,459.5,457.53,459.46,976743
2026-01-15T16:00:00.000Z,459.44,460.57,459.16,460.44,611723
2026-01-15T16:15:00.000Z,460.45,460.935,459.95,460.05,575402
2026-01-15T16:30:00.000Z,460.02,460.63,459.66,460.6,408455
2026-01-15T16:45:00.000Z,460.55,460.955,460.29,460.625,398538
2026-01-15T17:00:00.000Z,460.65,461.38,460.47,461.12,323746
2026-01-15T17:15:00.000Z,461.16,461.18,459.81,459.98,296089
2026-01-15T17:30:00.000Z,459.9543,460.04,459.51,459.59,547461
2026-01-15T17:45:00.000Z,459.54,460.1599,459.15,459.1749,411634
2026-01-15T18:00:00.000Z,459.15,460.2,459.07,459.535,333455
2026-01-15T18:15:00.000Z,459.53,459.81,459.21,459.47,310606
2026-01-15T18:30:00.000Z,459.45,459.55,458.55,458.775,404447
2026-01-15T18:45:00.000Z,458.775,458.79,457.81,458.01,524645
2026-01-15T19:00:00.000Z,457.99,458.27,457.15,457.22,661194
2026-01-15T19:15:00.000Z,457.23,457.24,456.7,456.81,600689
2026-01-15T19:30:00.000Z,456.81,457.76,456.1,457.71,755415
2026-01-15T19:45:00.000Z,457.71,457.93,456.8101,456.91,470784
2026-01-15T20:00:00.000Z,456.88,457.16,456.45,456.53,521503
2026-01-15T20:15:00.000Z,456.54,456.68,455.9,456.64,796017
2026-01-15T20:30:00.000Z,456.66,456.66,456.03,456.4784,618649
2026-01-15T20:45:00.000Z,456.465,456.95,456.17,456.91,1602696
2026-01-16T14:30:00.000Z,457.83,460.36,456.48,458.245,3913965
2026-01-16T14:45:00.000Z,458.245,459.7898,458,459.05,1121466
2026-01-16T15:00:00.000Z,459.05,459.58,458.49,458.806,723965
2026-01-16T15:15:00.000Z,458.8699,460.24,458.795,459.76,811840
2026-01-16T15:30:00.000Z,459.756,459.77,458.01,458.29,573765
2026-01-16T15:45:00.000Z,458.26,459.52,457.98,459.47,541863
2026-01-16T16:00:00.000Z,459.42,460.03,459.08,459.49,531891
2026-01-16T16:15:00.000Z,459.53,459.88,459.32,459.82,415823
2026-01-16T16:30:00.000Z,459.85,461.32,459.68,461.0548,698466
2026-01-16T16:45:00.000Z,461.06,462.3,460.91,461.142,717508
2026-01-16T17:00:00.000Z,461.14,461.7,460.9301,461.19,382751
2026-01-16T17:15:00.000Z,461.195,461.23,460.08,460.61,397526
2026-01-16T17:30:00.000Z,460.61,461.24,460.12,461.125,309758
2026-01-16T17:45:00.000Z,461.125,461.26,460.77,461.15,348466
2026-01-16T18:00:00.000Z,461.16,462.05,461.0301,461.645,437730
2026-01-16T18:15:00.000Z,461.62,462.92,461.57,462.53,507569
2026-01-16T18:30:00.000Z,462.49,463.19,462.095,462.38,438779
2026-01-16T18:45:00.000Z,462.3971,462.6166,462.11,462.4408,266742
2026-01-16T19:00:00.000Z,462.43,462.95,461.96,462.145,401482
2026-01-16T19:15:00.000Z,462.145,462.2,461.37,461.96,447938
2026-01-16T19:30:00.000Z,461.96,462.61,461.94,462.19,1765221
2026-01-16T19:45:00.000Z,462.22,462.73,461.98,462.185,716106
2026-01-16T20:00:00.000Z,462.185,462.4,461.48,461.72,471886
2026-01-16T20:15:00.000Z,461.6925,461.7443,461.075,461.2101,522654
2026-01-16T20:30:00.000Z,461.19,461.5599,460.86,460.91,489140
2026-01-16T20:45:00.000Z,460.89,461.06,459.42,459.87,2006002
2026-01-20T14:30:00.000Z,451.215,454.6,449.28,454.495,2923501
2026-01-20T14:45:00.000Z,454.49,454.6,452.56,453.54,1168329
2026-01-20T15:00:00.000Z,453.48,453.77,451.9843,452.79,966596
2026-01-20T15:15:00.000Z,452.75,454,452.1,453.25,940848
2026-01-20T15:30:00.000Z,453.23,454.78,453.05,454.6628,842781
2026-01-20T15:45:00.000Z,454.71,454.72,453.6,454.19,888862
2026-01-20T16:00:00.000Z,454.19,455.5,453.89,455.01,576823
2026-01-20T16:15:00.000Z,455,455.55,454.11,455.5,519970
2026-01-20T16:30:00.000Z,455.5,456.8,455.14,455.34,457904
2026-01-20T16:45:00.000Z,455.31,456.15,454.0301,455.35,716821
2026-01-20T17:00:00.000Z,455.33,455.56,454.23,454.2301,393757
2026-01-20T17:15:00.000Z,454.25,454.52,453.96,454.47,330301
2026-01-20T17:30:00.000Z,454.44,454.44,453.34,453.52,395620
2026-01-20T17:45:00.000Z,453.48,453.83,453.05,453.7,383749
2026-01-20T18:00:00.000Z,453.67,454.25,453.46,453.925,276631
2026-01-20T18:15:00.000Z,453.92,454.25,453.33,453.565,376885
2026-01-20T18:30:00.000Z,453.55,453.69,452.71,452.975,450847
2026-01-20T18:45:00.000Z,452.975,453.58,452.49,452.845,379179
2026-01-20T19:00:00.000Z,452.87,453.3199,452.65,452.93,420691
2026-01-20T19:15:00.000Z,452.91,453.5,452.75,453.1,435313
2026-01-20T19:30:00.000Z,453.07,454.23,452.68,454.045,455273
2026-01-20T19:45:00.000Z,454.03,454.72,453.68,454.49,504641
2026-01-20T20:00:00.000Z,454.495,454.495,453.8716,453.911,563646
2026-01-20T20:15:00.000Z,453.95,455.12,453.75,454.765,589092
2026-01-20T20:30:00.000Z,454.77,455.07,454.38,455.01,562279
2026-01-20T20:45:00.000Z,455,455.335,453.61,454.66,1647986
2026-01-21T14:30:00.000Z,452.595,452.69,448.021,449.35,2676337
2026-01-21T14:45:00.000Z,449.36,452.01,448.8,451.5025,1541982
2026-01-21T15:00:00.000Z,451.4,451.93,449.73,450.75,1144494
2026-01-21T15:15:00.000Z,450.715,451.59,449.64,450.2,878569
2026-01-21T15:30:00.000Z,450.2,451.19,449.84,450.33,802796
2026-01-21T15:45:00.000Z,450.33,451.89,450.33,451.03,664135
2026-01-21T16:00:00.000Z,451.04,451.12,449.3,449.4292,802014
2026-01-21T16:15:00.000Z,449.425,449.515,448.51,448.545,793367
2026-01-21T16:30:00.000Z,448.51,448.7999,445.57,445.64,1217787
2026-01-21T16:45:00.000Z,445.63,445.69,443.78,443.95,1273442
2026-01-21T17:00:00.000Z,443.93,444.74,443.53,443.62,805445
2026-01-21T17:15:00.000Z,443.69,444.45,443.5,444.335,664904
2026-01-21T17:30:00.000Z,444.3,444.34,443,443.285,670462
2026-01-21T17:45:00.000Z,443.24,443.42,441.79,442.41,1361923
2026-01-21T18:00:00.000Z,442.41,442.48,439.2291,441.07,1732159
2026-01-21T18:15:00.000Z,441.08,441.48,440,440.77,831751
2026-01-21T18:30:00.000Z,440.73,440.8799,439.43,439.4883,786325
2026-01-21T18:45:00.000Z,439.475,441.23,439.0145,441.115,798678
2026-01-21T19:00:00.000Z,441.14,441.31,438.72,439.055,1048765
2026-01-21T19:15:00.000Z,439.055,442.1,438.68,441.59,1352604
2026-01-21T19:30:00.000Z,441.6025,445.11,441.59,445.0799,1408336
2026-01-21T19:45:00.000Z,445.04,447.59,445.04,446.79,1434807
2026-01-21T20:00:00.000Z,446.81,447.08,444.73,445.15,1529201
2026-01-21T20:15:00.000Z,445.17,445.4,443.54,443.64,856551
2026-01-21T20:30:00.000Z,443.6038,444.36,442.54,442.6125,1123972
2026-01-21T20:45:00.000Z,442.57,444.36,442.26,444.2,2390346
2026-01-22T14:30:00.000Z,447.62,449.5299,446,449.275,2223211
2026-01-22T14:45:00.000Z,449.29,449.94,445.02,446.03,1721398
2026-01-22T15:00:00.000Z,446.09,446.7,444.97,444.97,987452
2026-01-22T15:15:00.000Z,444.99,446.9396,444.7,446.79,920439
2026-01-22T15:30:00.000Z,446.79,447.56,446.1927,446.955,823266
2026-01-22T15:45:00.000Z,446.945,447.5,446.4801,446.57,604450
2026-01-22T16:00:00.000Z,446.57,447.19,446.475,447.131,694669
2026-01-22T16:15:00.000Z,447.125,449.19,447.01,449.16,785457
2026-01-22T16:30:00.000Z,449.165,449.49,448.5,449.155,645519
2026-01-22T16:45:00.000Z,449.18,449.87,449,449.495,500410
2026-01-22T17:00:00.000Z,449.495,450.2185,449.295,449.79,626288
2026-01-22T17:15:00.000Z,449.79,450.21,449.51,449.915,385494
2026-01-22T17:30:00.000Z,449.91,451.16,449.89,450.9,503699
2026-01-22T17:45:00.000Z,450.9,451.75,450.8945,451.56,416312
2026-01-22T18:00:00.000Z,451.535,452.84,451.25,451.3275,647544
2026-01-22T18:15:00.000Z,451.33,452.06,451.1824,451.89,462299
2026-01-22T18:30:00.000Z,451.86,452.32,451.295,451.3101,451603
2026-01-22T18:45:00.000Z,451.35,451.8147,450.93,450.94,477896
2026-01-22T19:00:00.000Z,450.94,451.84,450.84,451.56,435233
2026-01-22T19:15:00.000Z,451.545,451.95,451.3304,451.73,333368
2026-01-22T19:30:00.000Z,451.71,451.79,451.03,451.03,1148414
2026-01-22T19:45:00.000Z,451,451.075,449.98,449.995,457447
2026-01-22T20:00:00.000Z,450.02,451.02,449.94,450.9801,575706
2026-01-22T20:15:00.000Z,451.01,451.13,450.34,450.395,514846
2026-01-22T20:30:00.000Z,450.39,450.69,449.66,450.085,695075
2026-01-22T20:45:00.000Z,450.12,451.49,450.12,451.15,1509400
2026-01-23T14:30:00.000Z,451.87,455.2,450.53,454.63,2381732
2026-01-23T14:45:00.000Z,454.7,457.67,453.6031,457.28,1751081
2026-01-23T15:00:00.000Z,457.28,462.49,457.28,461.34,2215956
2026-01-23T15:15:00.000Z,461.35,463.71,461.32,463.15,1538551
2026-01-23T15:30:00.000Z,463.13,465.82,463.13,464.8399,1557139
2026-01-23T15:45:00.000Z,464.79,467.79,464.48,467.73,1594317
2026-01-23T16:00:00.000Z,467.75,469.28,467.314,468.94,1449420
2026-01-23T16:15:00.000Z,468.94,469.25,466.5984,466.6932,2216552
2026-01-23T16:30:00.000Z,466.65,468.6699,465.5801,468.51,1645715
2026-01-23T16:45:00.000Z,468.525,469.55,467.52,467.66,1244206
2026-01-23T17:00:00.000Z,467.675,469.31,466.91,469.3004,825886
2026-01-23T17:15:00.000Z,469.3,470.169,468.3495,469.83,1001754
2026-01-23T17:30:00.000Z,469.83,470.25,468.33,468.64,860625
2026-01-23T17:45:00.000Z,468.57,469.13,467.7,468.34,652727
2026-01-23T18:00:00.000Z,468.36,470.25,468.1601,469.925,777197
2026-01-23T18:15:00.000Z,469.91,470.89,469.7585,470.705,1180905
2026-01-23T18:30:00.000Z,470.74,471.1,468.88,469.01,754893
2026-01-23T18:45:00.000Z,469.01,469.2,468.07,468.1199,1003238
2026-01-23T19:00:00.000Z,468.1,469.51,467.92,469.305,516453
2026-01-23T19:15:00.000Z,469.3,469.95,469.11,469.52,549301
2026-01-23T19:30:00.000Z,469.535,469.86,468.69,469.1782,516284
2026-01-23T19:45:00.000Z,469.2,469.49,468.4498,468.58,430474
2026-01-23T20:00:00.000Z,468.58,468.67,467.13,467.588,636695
2026-01-23T20:15:00.000Z,467.57,467.82,467.04,467.7,586926
2026-01-23T20:30:00.000Z,467.69,468.6799,467.18,468.58,814013
2026-01-23T20:45:00.000Z,468.553,468.6,465.65,465.81,3602213
2026-01-26T14:30:00.000Z,465.305,467.68,462,466.98,2724053
2026-01-26T14:45:00.000Z,467.01,470.3475,466.12,468.905,1454177
2026-01-26T15:00:00.000Z,468.93,469.98,468.04,469.085,1076078
2026-01-26T15:15:00.000Z,469.08,470.69,468.8201,470.0932,966338
2026-01-26T15:30:00.000Z,470.085,470.81,469.64,470.02,664600
2026-01-26T15:45:00.000Z,470.0299,470.76,469.48,469.885,558398
2026-01-26T16:00:00.000Z,469.88,472.44,469.8201,472.2,1472603
2026-01-26T16:15:00.000Z,472.23,472.7,471.32,472.23,767561
2026-01-26T16:30:00.000Z,472.2,473.57,471.81,473.4,711050
2026-01-26T16:45:00.000Z,473.4,473.54,472.5701,472.94,825438
2026-01-26T17:00:00.000Z,472.94,473.905,472.72,472.885,908002
2026-01-26T17:15:00.000Z,472.89,474.09,472.75,473.53,451989
2026-01-26T17:30:00.000Z,473.51,473.68,472.49,473.565,472890
2026-01-26T17:45:00.000Z,473.565,473.565,472.5,473.315,495807
2026-01-26T18:00:00.000Z,473.305,473.68,472.995,473.25,361462
2026-01-26T18:15:00.000Z,473.21,473.98,472.95,473.89,338037
2026-01-26T18:30:00.000Z,473.86,474.25,472.64,472.765,450123
2026-01-26T18:45:00.000Z,472.76,472.97,472.13,472.732,361124
2026-01-26T19:00:00.000Z,472.73,473.05,472.385,472.595,427152
2026-01-26T19:15:00.000Z,472.595,472.88,472.3,472.66,318899
2026-01-26T19:30:00.000Z,472.68,473.55,472.38,472.97,517992
2026-01-26T19:45:00.000Z,472.97,473.107,472.41,472.45,428592
2026-01-26T20:00:00.000Z,472.43,472.75,472.1601,472.45,341738
2026-01-26T20:15:00.000Z,472.43,472.445,471.67,471.9,471521
2026-01-26T20:30:00.000Z,471.89,472.6,471.83,472.47,491981
2026-01-26T20:45:00.000Z,472.47,472.94,469.95,470.36,2456915
2026-01-27T14:30:00.000Z,473.7,477.99,473.16,477.6299,2982047
2026-01-27T14:45:00.000Z,477.623,478.1799,475.69,477.69,1643089
2026-01-27T15:00:00.000Z,477.7,478.72,476.67,477.03,1148563
2026-01-27T15:15:00.000Z,477.005,477.894,475.98,476.11,864266
2026-01-27T15:30:00.000Z,476.09,478.41,475.85,477.8299,854190
2026-01-27T15:45:00.000Z,477.785,478.86,477.55,478.01,833624
2026-01-27T16:00:00.000Z,478.027,479.5099,477.96,479.12,927108
2026-01-27T16:15:00.000Z,479.16,479.8,478.87,479.19,781418
2026-01-27T16:30:00.000Z,479.17,479.81,479.02,479.62,509416
2026-01-27T16:45:00.000Z,479.63,480.89,479.54,480.54,882079
2026-01-27T17:00:00.000Z,480.56,480.8,478.925,479.28,934972
2026-01-27T17:15:00.000Z,479.29,479.9399,478.36,479.8,543175
2026-01-27T17:30:00.000Z,479.8,481.06,479.74,480.715,590153
2026-01-27T17:45:00.000Z,480.7,481.17,480.42,480.705,567784
2026-01-27T18:00:00.000Z,480.705,481.34,480.075,481.15,974040
2026-01-27T18:15:00.000Z,481.14,481.45,480.75,481.215,612772
2026-01-27T18:30:00.000Z,481.21,481.32,480.75,481.09,458127
2026-01-27T18:45:00.000Z,481.1199,482.87,481.07,482.7,611555
2026-01-27T19:00:00.000Z,482.73,482.73,481.23,481.84,570869
2026-01-27T19:15:00.000Z,481.815,482.1,481.58,482.08,479509
2026-01-27T19:30:00.000Z,482.0898,482.23,481.08,481.5,509660
2026-01-27T19:45:00.000Z,481.52,482.11,480.8,481.81,636956
2026-01-27T20:00:00.000Z,481.81,482,481.12,481.39,674957
2026-01-27T20:15:00.000Z,481.39,481.55,480.52,480.6,737931
2026-01-27T20:30:00.000Z,480.58,481.245,480.2,480.91,722949
2026-01-27T20:45:00.000Z,480.91,481.38,480.43,480.585,1871289
2026-01-28T14:30:00.000Z,483.21,483.74,479.29,480.06,1920529
2026-01-28T14:45:00.000Z,480.11,481.9,479.79,480.85,934353
2026-01-28T15:00:00.000Z,480.83,481.11,480.1,480.57,850485
2026-01-28T15:15:00.000Z,480.54,481.3985,480.02,481.02,739938
2026-01-28T15:30:00.000Z,481,481.13,479.32,479.3701,815996
2026-01-28T15:45:00.000Z,479.37,479.84,478.8905,479.15,591595
2026-01-28T16:00:00.000Z,479.1,480.31,478.85,480.05,605678
2026-01-28T16:15:00.000Z,480.04,480.09,479.06,479.4432,634334
2026-01-28T16:30:00.000Z,479.43,479.43,478.12,478.51,657970
2026-01-28T16:45:00.000Z,478.44,479.25,478,478.99,596736
2026-01-28T17:00:00.000Z,479.0199,479.96,478.77,479.6471,517741
2026-01-28T17:15:00.000Z,479.68,480.165,478.66,478.68,487845
2026-01-28T17:30:00.000Z,478.65,478.9699,478.05,478.6,402712
2026-01-28T17:45:00.000Z,478.59,479.3,478.4,479.18,369692
2026-01-28T18:00:00.000Z,479.16,479.18,478.35,479.08,364332
2026-01-28T18:15:00.000Z,479.02,479.45,478.69,478.835,328821
2026-01-28T18:30:00.000Z,478.86,480.0599,478.82,479.75,622034
2026-01-28T18:45:00.000Z,479.7825,481.0499,479.69,480.71,618105
2026-01-28T19:00:00.000Z,480.7399,481.45,479.61,480.99,832756
2026-01-28T19:15:00.000Z,480.97,481.67,480.57,480.61,652894
2026-01-28T19:30:00.000Z,480.655,481.37,479.9,480.9875,765862
2026-01-28T19:45:00.000Z,480.96,481.47,480.52,480.575,726436
2026-01-28T20:00:00.000Z,480.54,481.06,479.7,479.75,671141
2026-01-28T20:15:00.000Z,479.72,480.46,479.5,479.79,722412
2026-01-28T20:30:00.000Z,479.78,480.42,479,479.78,1026962
2026-01-28T20:45:00.000Z,479.76,483.33,479.51,481.72,3267180
2026-01-29T14:30:00.000Z,439.99,442.5,429.24,433.81,18821838
2026-01-29T14:45:00.000Z,433.8341,433.8341,428.01,428.52,9244951
2026-01-29T15:00:00.000Z,428.556,429.43,423.93,426.6,8700803
2026-01-29T15:15:00.000Z,426.6,429.4999,425.87,426.33,5559789
2026-01-29T15:30:00.000Z,426.37,426.72,424.02,424.8334,5099474
2026-01-29T15:45:00.000Z,424.84,426.02,423.35,423.4,4335631
2026-01-29T16:00:00.000Z,423.41,424.39,421.02,422.8,4624514
2026-01-29T16:15:00.000Z,422.805,423.53,421.83,422.65,3785932
2026-01-29T16:30:00.000Z,422.66,425.25,422.55,424.24,3530975
2026-01-29T16:45:00.000Z,424.24,424.4899,422.66,423.82,2777171
2026-01-29T17:00:00.000Z,423.84,425.25,423.6201,424.81,2954050
2026-01-29T17:15:00.000Z,424.81,425.4,423.6,424.7812,2679998
2026-01-29T17:30:00.000Z,424.77,425.39,423.61,424.335,2252496
2026-01-29T17:45:00.000Z,424.32,424.79,423,424.475,2265108
2026-01-29T18:00:00.000Z,424.5025,425.67,424.32,425.165,2215747
2026-01-29T18:15:00.000Z,425.14,425.16,423.38,423.9497,2177526
2026-01-29T18:30:00.000Z,423.9496,424.25,423.03,423.86,1679600
2026-01-29T18:45:00.000Z,423.8792,424.83,423.25,423.4099,1847110
2026-01-29T19:00:00.000Z,423.38,424.05,423.01,423.75,1800282
2026-01-29T19:15:00.000Z,423.74,424.35,423.57,423.8599,1915618
2026-01-29T19:30:00.000Z,423.8,424.32,423.12,423.404,1801101
2026-01-29T19:45:00.000Z,423.395,423.98,423.204,423.7525,1639732
2026-01-29T20:00:00.000Z,423.76,424.76,423.39,424.335,1944770
2026-01-29T20:15:00.000Z,424.33,427.53,424.33,427.3167,3431202
2026-01-29T20:30:00.000Z,427.345,431.78,427.2,431.4599,4927341
2026-01-29T20:45:00.000Z,431.45,433.49,428.26,433.47,10798927
2026-01-30T14:30:00.000Z,439.17,439.6,432.83,433.3,5266253
2026-01-30T14:45:00.000Z,433.3,436.41,432.41,435.56,3092776
2026-01-30T15:00:00.000Z,435.525,437.2999,435.36,436.5,2150288
2026-01-30T15:15:00.000Z,436.455,437.07,432.7001,432.875,2453608
2026-01-30T15:30:00.000Z,432.85,434.46,432.6,433.6382,1599403
2026-01-30T15:45:00.000Z,433.63,434.53,430.8706,431.0398,1820635
2026-01-30T16:00:00.000Z,431.105,431.28,429.65,430.79,2477647
2026-01-30T16:15:00.000Z,430.8199,431.629,429.55,431.2501,1771751
2026-01-30T16:30:00.000Z,431.22,432.65,430.3,431.125,1757557
2026-01-30T16:45:00.000Z,431.11,431.57,430.08,430.6588,1534215
2026-01-30T17:00:00.000Z,430.6,430.89,429.36,429.94,1700576
2026-01-30T17:15:00.000Z,429.93,432.45,429.76,432.07,1643388
2026-01-30T17:30:00.000Z,432.05,432.594,430.9701,432.52,837702
2026-01-30T17:45:00.000Z,432.52,432.63,431.74,431.74,794809
2026-01-30T18:00:00.000Z,431.74,432.48,431.55,432.27,709396
2026-01-30T18:15:00.000Z,432.25,432.35,430.39,431.1,905731
2026-01-30T18:30:00.000Z,431.1,431.385,429.51,429.7101,1431311
2026-01-30T18:45:00.000Z,429.73,431.54,429.73,430.82,952004
2026-01-30T19:00:00.000Z,430.8385,431.89,430.45,431.15,874480
2026-01-30T19:15:00.000Z,431.15,431.21,430.5,431.07,719401
2026-01-30T19:30:00.000Z,431.05,431.19,430.2,430.3831,833267
2026-01-30T19:45:00.000Z,430.38,430.985,429.59,429.75,1810357
2026-01-30T20:00:00.000Z,429.76,429.795,427.3,427.43,1997277
2026-01-30T20:15:00.000Z,427.4,427.68,426.45,427.26,2486560
2026-01-30T20:30:00.000Z,427.27,428.77,427.19,428.46,1581064
2026-01-30T20:45:00.000Z,428.4413,430.5,427.53,430.36,3962368
2026-02-02T14:30:00.000Z,430.235,430.5,424.51,428.64,4587417
2026-02-02T14:45:00.000Z,428.615,429.7,427.6,429.5,1478210
2026-02-02T15:00:00.000Z,429.62,430.24,428.39,430.0264,1339915
2026-02-02T15:15:00.000Z,430.04,430.736,427.57,427.76,1284456
2026-02-02T15:30:00.000Z,427.77,427.85,426.81,427.195,1185229
2026-02-02T15:45:00.000Z,427.22,428.19,426.81,427.05,1596040
2026-02-02T16:00:00.000Z,427.06,427.6,426.7412,426.77,847010
2026-02-02T16:15:00.000Z,426.77,426.83,425.74,425.82,1133473
2026-02-02T16:30:00.000Z,425.79,426.25,424.77,425.24,1262735
2026-02-02T16:45:00.000Z,425.22,425.2299,424.2,424.7006,1239050
2026-02-02T17:00:00.000Z,424.705,425.62,424.33,424.97,1215565
2026-02-02T17:15:00.000Z,424.965,425.17,424.3,424.9,895203
2026-02-02T17:30:00.000Z,424.9,425.1299,424.58,424.74,719696
2026-02-02T17:45:00.000Z,424.745,425,424.38,424.94,823153
2026-02-02T18:00:00.000Z,424.96,425.7,424.64,424.95,787378
2026-02-02T18:15:00.000Z,424.97,425.3289,424.58,424.89,746771
2026-02-02T18:30:00.000Z,424.87,425.08,424.05,424.95,762650
2026-02-02T18:45:00.000Z,424.95,425.04,424.2101,424.46,786300
2026-02-02T19:00:00.000Z,424.44,424.5,423.78,423.965,1011757
2026-02-02T19:15:00.000Z,423.95,424.51,423.2,423.95,811575
2026-02-02T19:30:00.000Z,423.93,424.25,423.52,423.78,779615
2026-02-02T19:45:00.000Z,423.765,423.775,422.25,423.06,1474006
2026-02-02T20:00:00.000Z,423.04,424.33,422.72,424.325,874408
2026-02-02T20:15:00.000Z,424.3,424.92,423.85,424.22,1190919
2026-02-02T20:30:00.000Z,424.215,424.8,424.05,424.235,1022318
2026-02-02T20:45:00.000Z,424.235,425.58,423.14,423.31,2747545
2026-02-03T14:30:00.000Z,422.01,422.05,415.6,416.241,5214669
2026-02-03T14:45:00.000Z,416.1813,417.2,414.7,415.38,2912812
2026-02-03T15:00:00.000Z,415.44,415.97,413.69,414.59,2690132
2026-02-03T15:15:00.000Z,414.585,415.09,412.11,412.31,2119042
2026-02-03T15:30:00.000Z,412.28,413.05,411.32,413.0199,1912704
2026-02-03T15:45:00.000Z,412.98,413.98,412.45,413.415,1763063
2026-02-03T16:00:00.000Z,413.415,413.98,412.82,413.695,1728768
2026-02-03T16:15:00.000Z,413.695,414.68,413.01,413.24,1483650
2026-02-03T16:30:00.000Z,413.25,413.56,412.12,412.2,1369502
2026-02-03T16:45:00.000Z,412.19,413.1,411.24,412.605,1414245
2026-02-03T17:00:00.000Z,412.58,412.88,411.2312,411.34,1103744
2026-02-03T17:15:00.000Z,411.355,411.96,411.06,411.1375,1142793
2026-02-03T17:30:00.000Z,411.12,411.14,409.3701,409.52,2228953
2026-02-03T17:45:00.000Z,409.5,411.706,409.37,411.17,1695233
2026-02-03T18:00:00.000Z,411.17,412.81,411.16,411.78,1654169
2026-02-03T18:15:00.000Z,411.8,412.49,411.18,412.32,1023045
2026-02-03T18:30:00.000Z,412.33,412.37,410.12,410.36,1067723
2026-02-03T18:45:00.000Z,410.39,410.73,409.57,409.82,1143241
2026-02-03T19:00:00.000Z,409.84,411.4699,409.42,411.381,1507138
2026-02-03T19:15:00.000Z,411.32,411.5,410.26,410.925,1338440
2026-02-03T19:30:00.000Z,410.96,411.0799,409.21,409.27,1356408
2026-02-03T19:45:00.000Z,409.27,410.22,408.56,410.13,1852255
2026-02-03T20:00:00.000Z,410.11,410.77,409.2,410.73,1187327
2026-02-03T20:15:00.000Z,410.73,410.81,409.1,409.71,1959670
2026-02-03T20:30:00.000Z,409.65,410.84,409.54,409.68,1854439
2026-02-03T20:45:00.000Z,409.67,411.35,409.01,411.33,3766008
2026-02-04T14:30:00.000Z,411,415.35,410.1,413.1725,3680138
2026-02-04T14:45:00.000Z,413.15,413.4745,409.54,410.26,2168502
2026-02-04T15:00:00.000Z,410.255,416.64,409.24,414.49,3209032
2026-02-04T15:15:00.000Z,414.5,418.09,412.82,417.975,2912605
2026-02-04T15:30:00.000Z,418.01,418.1,415.45,416.29,1933260
2026-02-04T15:45:00.000Z,416.3135,416.76,414.44,415.44,1297792
2026-02-04T16:00:00.000Z,415.445,416.855,414.03,416.218,1087820
2026-02-04T16:15:00.000Z,416.16,416.75,415.35,416.5101,963267
2026-02-04T16:30:00.000Z,416.49,416.5399,414.0235,414.1949,1002521
2026-02-04T16:45:00.000Z,414.18,416.378,413.7,415.43,927813
2026-02-04T17:00:00.000Z,415.43,415.755,413.895,413.945,719462
2026-02-04T17:15:00.000Z,413.99,414.5,413.11,413.3,733875
2026-02-04T17:30:00.000Z,413.29,414.345,412.45,414.2276,1028360
2026-02-04T17:45:00.000Z,414.24,414.8,413.4148,414.355,809598
2026-02-04T18:00:00.000Z,414.37,414.53,413.44,414.34,633739
2026-02-04T18:15:00.000Z,414.3655,415.75,414.12,415.43,583128
2026-02-04T18:30:00.000Z,415.42,416.71,414.87,416.29,627815
2026-02-04T18:45:00.000Z,416.27,418.32,416.18,417.52,1014213
2026-02-04T19:00:00.000Z,417.53,417.64,416.01,416.7529,728447
2026-02-04T19:15:00.000Z,416.795,417.49,416.38,417.41,686645
2026-02-04T19:30:00.000Z,417.43,418.18,417.18,417.9395,861179
2026-02-04T19:45:00.000Z,417.945,419.8,417.43,417.735,1217539
2026-02-04T20:00:00.000Z,417.71,417.82,415.7,415.88,759757
2026-02-04T20:15:00.000Z,415.9298,416.05,415.14,415.16,844073
2026-02-04T20:30:00.000Z,415.14,415.88,414.86,415.69,1169721
2026-02-04T20:45:00.000Z,415.65,415.8,412.63,414.2,3249540
2026-02-05T14:30:00.000Z,407.44,408.3,401.58,403.8,5855243
2026-02-05T14:45:00.000Z,403.77,405.1,400.18,400.74,3093518
2026-02-05T15:00:00.000Z,400.74,401.24,398.11,398.1501,4598595
2026-02-05T15:15:00.000Z,398.1575,401.77,397.7,401.7105,2763781
2026-02-05T15:30:00.000Z,401.68,403.29,399.83,402.19,1858644
2026-02-05T15:45:00.000Z,402.17,402.195,399.15,400.29,1768084
2026-02-05T16:00:00.000Z,400.33,400.95,399.5,400.32,1432965
2026-02-05T16:15:00.000Z,400.32,404.7,400.2501,404.33,1997589
2026-02-05T16:30:00.000Z,404.38,404.98,403.6401,403.985,1351428
2026-02-05T16:45:00.000Z,404.02,405.96,403.46,405.64,1231946
2026-02-05T17:00:00.000Z,405.64,405.655,404.11,404.97,763369
2026-02-05T17:15:00.000Z,404.99,406.1699,404.51,405.69,943164
2026-02-05T17:30:00.000Z,405.76,406.31,404.98,405.5901,793839
2026-02-05T17:45:00.000Z,405.64,405.9199,402.68,402.71,1505878
2026-02-05T18:00:00.000Z,402.7101,403.64,401.68,401.87,1045545
2026-02-05T18:15:00.000Z,401.82,401.89,400.73,401.31,1083716
2026-02-05T18:30:00.000Z,401.32,402.23,400.69,401.14,876462
2026-02-05T18:45:00.000Z,401.115,401.39,400.05,400.23,929989
2026-02-05T19:00:00.000Z,400.235,400.74,399.6,399.94,1672012
2026-02-05T19:15:00.000Z,399.9334,400.1,397.81,397.83,1561081
2026-02-05T19:30:00.000Z,397.83,398.2,397.12,398.09,1592903
2026-02-05T19:45:00.000Z,398.11,398.4,395.74,396.08,2224724
2026-02-05T20:00:00.000Z,396.05,396.95,394.69,394.71,2714047
2026-02-05T20:15:00.000Z,394.68,395.05,392.91,393.42,2434027
2026-02-05T20:30:00.000Z,393.42,394.5,393.08,393.095,2640167
2026-02-05T20:45:00.000Z,393.095,394,392.32,393.66,5028917
2026-02-06T14:30:00.000Z,399.165,400.4299,393.75,399.7,5928343
2026-02-06T14:45:00.000Z,399.69,400.06,395.57,395.6075,2757413
2026-02-06T15:00:00.000Z,395.765,397.1,394.55,395.05,2445739
2026-02-06T15:15:00.000Z,395.055,396.84,394.04,395.615,2327382
2026-02-06T15:30:00.000Z,395.58,396.49,394.6001,395.025,1791945
2026-02-06T15:45:00.000Z,395.07,395.8,392.92,394.045,1828263
2026-02-06T16:00:00.000Z,394.01,397.03,394.01,396.145,1573357
2026-02-06T16:15:00.000Z,396.145,398.25,395.74,397.435,1429461
2026-02-06T16:30:00.000Z,397.4,398.38,396.69,396.95,1767297
2026-02-06T16:45:00.000Z,396.988,397.3,395.51,396.47,924877
2026-02-06T17:00:00.000Z,396.465,397.73,396.04,396.76,824709
2026-02-06T17:15:00.000Z,396.745,397.97,396.6784,397.95,1641436
2026-02-06T17:30:00.000Z,397.95,398.9399,397.09,397.475,2792150
2026-02-06T17:45:00.000Z,397.5,399.21,397.46,398.9,1210193
2026-02-06T18:00:00.000Z,398.91,401.31,398.9,399.28,2252807
2026-02-06T18:15:00.000Z,399.27,399.93,398.98,399.475,932885
2026-02-06T18:30:00.000Z,399.5263,400.09,399.155,399.475,827026
2026-02-06T18:45:00.000Z,399.4961,399.6,397.065,397.7375,1104227
2026-02-06T19:00:00.000Z,397.77,398.55,397.5,398.14,822548
2026-02-06T19:15:00.000Z,398.16,399.45,397.99,399.14,1094285
2026-02-06T19:30:00.000Z,399.16,399.86,398.965,399.3,910181
2026-02-06T19:45:00.000Z,399.2983,399.83,399.17,399.4866,821777
2026-02-06T20:00:00.000Z,399.47,400.03,399.25,399.825,890681
2026-02-06T20:15:00.000Z,399.82,400.09,399.42,399.66,1034263
2026-02-06T20:30:00.000Z,399.63,400.63,399.28,400.32,1195480
2026-02-06T20:45:00.000Z,400.335,401.79,400.32,400.82,3560035
2026-02-09T14:30:00.000Z,404.85,409.89,400.87,409.085,4627682
2026-02-09T14:45:00.000Z,409.085,409.48,405.89,407.57,2128464
2026-02-09T15:00:00.000Z,407.54,410.5,407.0725,410.3205,2048799
2026-02-09T15:15:00.000Z,410.301,410.88,409.36,409.92,2265107
2026-02-09T15:30:00.000Z,409.925,410.81,409.61,410.1951,1325465
2026-02-09T15:45:00.000Z,410.195,411.88,410,411.78,1268447
2026-02-09T16:00:00.000Z,411.79,412.1,411.34,411.72,1050367
2026-02-09T16:15:00.000Z,411.7,412.17,410.63,412.015,1141476
2026-02-09T16:30:00.000Z,412,412.17,411.45,411.88,842560
2026-02-09T16:45:00.000Z,411.88,412.78,411.6191,412.12,829573
2026-02-09T17:00:00.000Z,412.1,412.7,411.84,412.09,769296
2026-02-09T17:15:00.000Z,412.07,412.9,411.89,412.27,901692
2026-02-09T17:30:00.000Z,412.29,412.92,411.98,412.555,585846
2026-02-09T17:45:00.000Z,412.54,412.76,411.83,411.95,647631
2026-02-09T18:00:00.000Z,411.96,412.73,411.75,412.7018,689886
2026-02-09T18:15:00.000Z,412.68,412.74,411.9,411.985,613973
2026-02-09T18:30:00.000Z,411.99,413.1654,411.88,413.01,611611
2026-02-09T18:45:00.000Z,413,413.34,412.66,413.085,741407
2026-02-09T19:00:00.000Z,413.11,414.29,412.77,414.29,992992
2026-02-09T19:15:00.000Z,414.29,414.56,413.7,414.495,802883
2026-02-09T19:30:00.000Z,414.495,414.89,414.2,414.77,874044
2026-02-09T19:45:00.000Z,414.7601,414.87,413.76,413.85,770048
2026-02-09T20:00:00.000Z,413.85,414.32,413.68,414.14,714986
2026-02-09T20:15:00.000Z,414.14,414.16,412.65,412.98,1034017
2026-02-09T20:30:00.000Z,412.96,413.81,412.45,413.78,1018146
2026-02-09T20:45:00.000Z,413.78,414.49,413.19,413.625,2755315
2026-02-10T14:30:00.000Z,419.62,419.9,414.71,417.4582,3618128
2026-02-10T14:45:00.000Z,417.546,421.33,417.39,421.28,2413057
2026-02-10T15:00:00.000Z,421.28,423.68,420.79,421.14,2832686
2026-02-10T15:15:00.000Z,421.15,421.2099,419.87,420.825,1568380
2026-02-10T15:30:00.000Z,420.77,422.12,420.51,422.055,1110618
2026-02-10T15:45:00.000Z,422.055,422.34,420.97,421.795,1944925
2026-02-10T16:00:00.000Z,421.795,422.67,421.25,422.04,922985
2026-02-10T16:15:00.000Z,422.085,422.085,419.44,420.275,1148517
2026-02-10T16:30:00.000Z,420.28,420.78,419.82,420.26,808221
2026-02-10T16:45:00.000Z,420.27,420.63,419.8,420.37,608296
2026-02-10T17:00:00.000Z,420.365,420.4899,419.71,420.15,658711
2026-02-10T17:15:00.000Z,420.14,420.645,419.86,420.2199,652807
2026-02-10T17:30:00.000Z,420.2,420.44,419.22,419.3213,676453
2026-02-10T17:45:00.000Z,419.33,419.5283,418.26,418.53,786612
2026-02-10T18:00:00.000Z,418.52,418.81,417.39,417.62,677476
2026-02-10T18:15:00.000Z,417.5924,417.67,416.06,416.1,881814
2026-02-10T18:30:00.000Z,416.07,417.29,415.958,416.7499,622041
2026-02-10T18:45:00.000Z,416.725,417.4394,416.1101,417.29,733500
2026-02-10T19:00:00.000Z,417.32,417.6201,416.35,416.59,702116
2026-02-10T19:15:00.000Z,416.57,416.82,416.216,416.685,346463
2026-02-10T19:30:00.000Z,416.73,417.07,415,415.15,714163
2026-02-10T19:45:00.000Z,415.2,416.05,415.08,415.48,521657
2026-02-10T20:00:00.000Z,415.49,415.51,413.38,413.525,1234065
2026-02-10T20:15:00.000Z,413.535,414.59,413.5,414.5136,969313
2026-02-10T20:30:00.000Z,414.48,414.969,413.5,413.85,1148312
2026-02-10T20:45:00.000Z,413.85,414.18,412.7,413.34,2105282
2026-02-11T14:30:00.000Z,416.175,416.46,408.01,408.8,3257127
2026-02-11T14:45:00.000Z,408.83,410.11,405.66,405.891,2197689
2026-02-11T15:00:00.000Z,405.95,407.63,404.5086,405.2565,1860131
2026-02-11T15:15:00.000Z,405.22,405.34,402.82,403.8,2021253
2026-02-11T15:30:00.000Z,403.8216,405.67,403.63,404.8,1353144
2026-02-11T15:45:00.000Z,404.85,405.4,403.75,404.435,1308306
2026-02-11T16:00:00.000Z,404.43,404.665,402.62,403.88,1337820
2026-02-11T16:15:00.000Z,403.885,404.7,402.38,402.3969,1162782
2026-02-11T16:30:00.000Z,402.3545,403.79,401.79,403.435,1378230
2026-02-11T16:45:00.000Z,403.44,403.47,401.62,401.815,1103805
2026-02-11T17:00:00.000Z,401.79,403.17,401.01,403.0901,1005159
2026-02-11T17:15:00.000Z,403.11,404.1,402.3832,403.58,2108476
2026-02-11T17:30:00.000Z,403.57,404.3,403.05,404.14,1346004
2026-02-11T17:45:00.000Z,404.13,404.5,403.16,403.32,674363
2026-02-11T18:00:00.000Z,403.32,403.3599,402.51,402.655,664250
2026-02-11T18:15:00.000Z,402.615,404.25,402.32,404.065,664370
2026-02-11T18:30:00.000Z,404.065,404.83,403.74,404.415,807084
2026-02-11T18:45:00.000Z,404.415,405.225,404.2,405.1961,730622
2026-02-11T19:00:00.000Z,405.18,405.61,404.465,405.48,690718
2026-02-11T19:15:00.000Z,405.49,405.62,404.95,405.27,775432
2026-02-11T19:30:00.000Z,405.275,405.32,404.59,405,737153
2026-02-11T19:45:00.000Z,405,405,404.17,404.59,718732
2026-02-11T20:00:00.000Z,404.57,404.7506,403.64,404.53,815620
2026-02-11T20:15:00.000Z,404.55,404.69,403.81,403.9795,787063
2026-02-11T20:30:00.000Z,403.96,404.25,403.45,403.735,993464
2026-02-11T20:45:00.000Z,403.735,405.89,403.028,404.2,2619533
2026-02-12T14:30:00.000Z,405,405.34,401.16,401.3785,2823806
2026-02-12T14:45:00.000Z,401.32,403.48,400.23,401.5,1895275
2026-02-12T15:00:00.000Z,401.49,402.2,400.56,402.14,1658631
2026-02-12T15:15:00.000Z,402.14,403.97,401.48,402.435,976148
2026-02-12T15:30:00.000Z,402.44,402.85,400.95,401.07,936864
2026-02-12T15:45:00.000Z,401.06,402.26,399.69,399.935,1370495
2026-02-12T16:00:00.000Z,399.93,400.05,398.51,398.895,1468425
2026-02-12T16:15:00.000Z,398.89,399.76,398.01,399.54,1287389
2026-02-12T16:30:00.000Z,399.56,400.69,398.83,398.95,1118585
2026-02-12T16:45:00.000Z,398.91,400.49,398.47,400.355,872408
2026-02-12T17:00:00.000Z,400.32,401.53,400.15,401.1213,744134
2026-02-12T17:15:00.000Z,401.125,402.94,400.68,402.43,862593
2026-02-12T17:30:00.000Z,402.41,403.94,402.35,403.68,839540
2026-02-12T17:45:00.000Z,403.64,403.96,402.6,403.22,822670
2026-02-12T18:00:00.000Z,403.26,404.329,402.33,404.28,1021710
2026-02-12T18:15:00.000Z,404.275,404.6,403.21,404.27,1147463
2026-02-12T18:30:00.000Z,404.295,405.12,403.62,405.09,1028393
2026-02-12T18:45:00.000Z,405.05,406.2,404.49,405.64,1410511
2026-02-12T19:00:00.000Z,405.64,405.93,404.11,404.55,793291
2026-02-12T19:15:00.000Z,404.58,405.8999,404.4,405.265,640456
2026-02-12T19:30:00.000Z,405.265,405.95,405.0201,405.0495,733686
2026-02-12T19:45:00.000Z,405.02,406.15,404.94,405.44,780943
2026-02-12T20:00:00.000Z,405.47,405.76,404.46,405.25,883571
2026-02-12T20:15:00.000Z,405.275,405.3,403.33,403.485,737276
2026-02-12T20:30:00.000Z,403.515,404.15,402.69,402.91,860596
2026-02-12T20:45:00.000Z,402.91,403,400.69,401.88,2469036
2026-02-13T14:30:00.000Z,404.45,404.59,400.01,403.17,2849662
2026-02-13T14:45:00.000Z,403.245,405.54,402.1,402.695,1802494
2026-02-13T15:00:00.000Z,402.59,403.69,402.0203,402.0792,1171056
2026-02-13T15:15:00.000Z,402.11,404.65,400.69,403.895,2056652
2026-02-13T15:30:00.000Z,403.85,404.94,399.9,400.03,1735675
2026-02-13T15:45:00.000Z,400.14,401.17,398.6,400.15,1529304
2026-02-13T16:00:00.000Z,400.18,400.99,399.575,400.25,1096553
2026-02-13T16:15:00.000Z,400.265,400.35,398.05,399.66,1117275
2026-02-13T16:30:00.000Z,399.65,401.05,399.25,401.04,999133
2026-02-13T16:45:00.000Z,401.03,402.98,401.03,402.225,857726
2026-02-13T17:00:00.000Z,402.215,404.035,402.18,403.75,1018475
2026-02-13T17:15:00.000Z,403.7551,403.95,402.655,403.85,704559
2026-02-13T17:30:00.000Z,403.89,404.39,403.23,403.38,728675
2026-02-13T17:45:00.000Z,403.385,403.43,402.86,403.2416,508477
2026-02-13T18:00:00.000Z,403.25,403.87,402.89,403.04,476465
2026-02-13T18:15:00.000Z,403.045,404.9,402.88,404.58,1031540
2026-02-13T18:30:00.000Z,404.58,404.875,403.16,403.165,457202
2026-02-13T18:45:00.000Z,403.165,404,403.12,403.495,403854
2026-02-13T19:00:00.000Z,403.5,404.15,403.2,403.74,363216
2026-02-13T19:15:00.000Z,403.77,404.03,402.91,403.03,428009
2026-02-13T19:30:00.000Z,402.995,403.67,402.73,402.9682,429862
2026-02-13T19:45:00.000Z,402.94,403.05,401.53,401.61,579973
2026-02-13T20:00:00.000Z,401.62,402.25,401.47,401.5057,614363
2026-02-13T20:15:00.000Z,401.515,402.1999,400.54,400.7305,670435
2026-02-13T20:30:00.000Z,400.72,401.44,400.08,400.25,829977
2026-02-13T20:45:00.000Z,400.26,401.93,400.2,401.16,1925838
2026-02-17T14:30:00.000Z,399.22,400.06,396.22,397.625,2669081
2026-02-17T14:45:00.000Z,397.6,397.8999,394.525,395.19,1956062
2026-02-17T15:00:00.000Z,395.19,397.68,394.73,396.505,1244546
2026-02-17T15:15:00.000Z,396.5,398.3,396.4,396.9,932285
2026-02-17T15:30:00.000Z,396.92,397.12,395.51,396.76,1012344
2026-02-17T15:45:00.000Z,396.77,398.37,396.685,397.74,719914
2026-02-17T16:00:00.000Z,397.81,400.3,397.72,399.84,954730
2026-02-17T16:15:00.000Z,399.84,400.52,398.74,398.89,803760
2026-02-17T16:30:00.000Z,398.86,399.48,398.4,398.605,701542
2026-02-17T16:45:00.000Z,398.61,399.025,398.08,398.64,509891
2026-02-17T17:00:00.000Z,398.64,398.73,396.94,397.265,599746
2026-02-17T17:15:00.000Z,397.265,397.61,396.16,397.59,580377
2026-02-17T17:30:00.000Z,397.58,397.69,395.7,395.95,563208
2026-02-17T17:45:00.000Z,395.95,396.03,394.701,395.85,1021569
2026-02-17T18:00:00.000Z,395.8101,396.02,395.28,395.8,578806
2026-02-17T18:15:00.000Z,395.79,397.11,395.47,396.92,772984
2026-02-17T18:30:00.000Z,396.92,398.14,396.83,397.64,511095
2026-02-17T18:45:00.000Z,397.66,397.8699,396.96,397.24,471550
2026-02-17T19:00:00.000Z,397.24,397.39,396.59,397.2927,1050275
2026-02-17T19:15:00.000Z,397.29,397.31,396.34,396.51,483972
2026-02-17T19:30:00.000Z,396.515,397.79,396.48,397.335,527383
2026-02-17T19:45:00.000Z,397.32,397.475,396.6,396.795,587144
2026-02-17T20:00:00.000Z,396.795,397.34,396.72,397.17,569931
2026-02-17T20:15:00.000Z,397.17,397.18,396.37,396.395,531324
2026-02-17T20:30:00.000Z,396.39,397.02,396,396.72,762664
2026-02-17T20:45:00.000Z,396.7,398,396.11,396.71,2310444
2026-02-18T14:30:00.000Z,398.13,399.44,396.32,399.06,1983232
2026-02-18T14:45:00.000Z,399.06,399.3799,397.12,398.86,935478
2026-02-18T15:00:00.000Z,398.855,400.85,398.76,400.575,1202086
2026-02-18T15:15:00.000Z,400.6,400.93,399.65,399.87,821887
2026-02-18T15:30:00.000Z,399.89,401.32,399.4,401.3,867787
2026-02-18T15:45:00.000Z,401.285,401.94,400.97,401.9,776874
2026-02-18T16:00:00.000Z,401.88,402.56,401.45,401.7538,943721
2026-02-18T16:15:00.000Z,401.76,401.84,400.67,401.38,596524
2026-02-18T16:30:00.000Z,401.36,402.07,401,401.4799,540996
2026-02-18T16:45:00.000Z,401.46,401.75,400.96,400.98,482669
2026-02-18T17:00:00.000Z,400.98,402.15,400.95,401.41,450835
2026-02-18T17:15:00.000Z,401.435,401.72,400.775,401.12,374927
2026-02-18T17:30:00.000Z,401.11,401.33,400.8496,401.17,314265
2026-02-18T17:45:00.000Z,401.175,401.67,401.02,401.11,386944
2026-02-18T18:00:00.000Z,401.09,401.92,401.05,401.34,355422
2026-02-18T18:15:00.000Z,401.3309,401.4,400.96,401.22,335158
2026-02-18T18:30:00.000Z,401.21,401.43,400.16,400.4996,440729
2026-02-18T18:45:00.000Z,400.48,400.54,399.73,400.44,501532
2026-02-18T19:00:00.000Z,400.445,400.6,399.95,400.3036,393652
2026-02-18T19:15:00.000Z,400.28,401.1,400.13,400.57,425067
2026-02-18T19:30:00.000Z,400.61,400.8,399.46,399.74,626905
2026-02-18T19:45:00.000Z,399.77,400.21,398.8622,399.01,593334
2026-02-18T20:00:00.000Z,398.99,400.13,398.98,399.73,572809
2026-02-18T20:15:00.000Z,399.73,399.79,399.24,399.37,417424
2026-02-18T20:30:00.000Z,399.34,400.24,399.33,400.125,655017
2026-02-18T20:45:00.000Z,400.13,400.58,399.3,399.5,2211345
2026-02-19T14:30:00.000Z,400.69,400.89,397.88,400.795,2004804
2026-02-19T14:45:00.000Z,400.795,402.9797,400.02,401.88,1386924
2026-02-19T15:00:00.000Z,401.93,404.43,401.56,402.33,1548436
2026-02-19T15:15:00.000Z,402.34,402.8,400.56,400.6,876120
2026-02-19T15:30:00.000Z,400.62,401.605,400.08,401.12,914422
2026-02-19T15:45:00.000Z,401.1,401.53,399.8,400.735,909963
2026-02-19T16:00:00.000Z,400.75,401.07,399.8,400.865,1602212
2026-02-19T16:15:00.000Z,400.875,401.08,399.92,400.09,782016
2026-02-19T16:30:00.000Z,400.08,400.24,398.52,398.555,1006387
2026-02-19T16:45:00.000Z,398.555,399.43,398.35,398.82,1044298
2026-02-19T17:00:00.000Z,398.835,399.37,398.5301,399.08,520292
2026-02-19T17:15:00.000Z,399.08,399.79,398.79,399.07,590938
2026-02-19T17:30:00.000Z,399.075,399.33,398.71,398.74,495874
2026-02-19T17:45:00.000Z,398.8,398.8,397.71,397.87,611774
2026-02-19T18:00:00.000Z,397.855,398.19,397.31,398.1154,620260
2026-02-19T18:15:00.000Z,398.0801,398.3999,397.1,398.2023,680422
2026-02-19T18:30:00.000Z,398.185,398.29,397.31,397.388,530533
2026-02-19T18:45:00.000Z,397.37,398.28,397.36,398.13,459911
2026-02-19T19:00:00.000Z,398.13,398.33,397.57,397.815,488314
2026-02-19T19:15:00.000Z,397.815,398.49,397.635,397.68,477162
2026-02-19T19:30:00.000Z,397.6767,397.82,396.78,397.05,721504
2026-02-19T19:45:00.000Z,397.05,397.1876,396.67,396.94,644956
2026-02-19T20:00:00.000Z,396.92,397.5,396.86,397.01,616641
2026-02-19T20:15:00.000Z,397.02,397.4299,396.76,397.26,748407
2026-02-19T20:30:00.000Z,397.24,397.5,396.9,397.36,776759
2026-02-19T20:45:00.000Z,397.365,398.68,397.23,398.41,1874681
2026-02-20T14:30:00.000Z,396.11,398.6,395.16,397.93,3309832
2026-02-20T14:45:00.000Z,397.91,397.9892,396.18,396.45,1452709
2026-02-20T15:00:00.000Z,396.55,399.27,395.9,397.4301,1941597
2026-02-20T15:15:00.000Z,397.49,398.12,396.13,396.81,1070197
2026-02-20T15:30:00.000Z,396.8,397.97,396.15,397.925,1220954
2026-02-20T15:45:00.000Z,397.92,399.705,397.59,399.66,1103318
2026-02-20T16:00:00.000Z,399.62,400.1159,397.66,397.7,1167259
2026-02-20T16:15:00.000Z,397.725,397.97,397.05,397.56,961051
2026-02-20T16:30:00.000Z,397.5206,398.9,397.3309,398.745,644883
2026-02-20T16:45:00.000Z,398.742,399.76,398.715,399.12,727991
2026-02-20T17:00:00.000Z,399.08,399.58,397.3903,397.465,683178
2026-02-20T17:15:00.000Z,397.465,397.465,395.97,396.865,1047610
2026-02-20T17:30:00.000Z,396.88,397.29,396.29,396.65,606379
2026-02-20T17:45:00.000Z,396.66,397.83,396.4,397.565,639238
2026-02-20T18:00:00.000Z,397.53,397.84,396.79,396.93,539980
2026-02-20T18:15:00.000Z,396.95,397.44,396.21,396.985,1352599
2026-02-20T18:30:00.000Z,396.95,398.5,396.51,398.335,695912
2026-02-20T18:45:00.000Z,398.3799,399.01,398.07,398.6501,637595
2026-02-20T19:00:00.000Z,398.7,398.82,397.495,397.575,457421
2026-02-20T19:15:00.000Z,397.6,397.67,396.81,396.89,735034
2026-02-20T19:30:00.000Z,396.91,397.87,396.8322,397.65,698026
2026-02-20T19:45:00.000Z,397.65,397.75,396.76,396.89,624013
2026-02-20T20:00:00.000Z,396.895,397.88,396.88,397.62,674546
2026-02-20T20:15:00.000Z,397.62,397.78,396.75,396.82,841350
2026-02-20T20:30:00.000Z,396.81,397.69,396.52,397.66,976183
2026-02-20T20:45:00.000Z,397.63,397.87,396.65,397.21,1931392
2026-02-23T14:30:00.000Z,395,395.36,387.88,387.88,4493231.148459
2026-02-23T14:45:00.000Z,387.87,389.51,387.27,388.75,2863724.6992599997
2026-02-23T15:00:00.000Z,388.68,389.75,387.91,387.98,1893745.692291
2026-02-23T15:15:00.000Z,387.98,389.76,387.09,388.43,2134651.950908
2026-02-23T15:30:00.000Z,388.3901,389.24,388.05,388.545,1474724.440831
2026-02-23T15:45:00.000Z,388.56,388.78,385.524,385.635,2205282.941362
2026-02-23T16:00:00.000Z,385.64,386.01,385.09,385.84,1388395.6600549999
2026-02-23T16:15:00.000Z,385.83,386.84,385.61,386.561,1159394.830114
2026-02-23T16:30:00.000Z,386.54,386.95,386.12,386.59,1218984.116631
2026-02-23T16:45:00.000Z,386.61,386.89,385.43,385.765,939318.955378
2026-02-23T17:00:00.000Z,385.74,386.1,385.2,385.6829,895573.2198930001
2026-02-23T17:15:00.000Z,385.6932,386.57,385.68,386.44,689408.558989
2026-02-23T17:30:00.000Z,386.43,387.31,385.92,387.0849,827806.0603399999
2026-02-23T17:45:00.000Z,387.09,387.98,386.83,387.47,625424.7194460001
2026-02-23T18:00:00.000Z,387.46,387.76,386.67,387.14,632567.85821
2026-02-23T18:15:00.000Z,387.14,387.16,386.56,386.785,728200.5495599998
2026-02-23T18:30:00.000Z,386.79,387.5,386.4101,386.965,529408.850594
2026-02-23T18:45:00.000Z,386.94,387.53,386.26,386.3504,526168.824456
2026-02-23T19:00:00.000Z,386.355,386.73,386,386.53,730168.9828529998
2026-02-23T19:15:00.000Z,386.52,386.63,386.1101,386.17,438734.8377089999
2026-02-23T19:30:00.000Z,386.181,386.47,384.44,384.47,1390503.962874
2026-02-23T19:45:00.000Z,384.4685,384.7,383.6,384.045,1530873.275788
2026-02-23T20:00:00.000Z,384.0352,384.28,383.3,383.495,1167088.5271070001
2026-02-23T20:15:00.000Z,383.5199,383.92,383.21,383.2731,1030136.7489359998
2026-02-23T20:30:00.000Z,383.26,383.97,383.1,383.47,1368691.6902600003
2026-02-23T20:45:00.000Z,383.47,384.64,383.28,384.589,3080883.4508689996
2026-02-24T14:30:00.000Z,384.14,389.1,381.71,388.835,3941975.834845001
2026-02-24T14:45:00.000Z,388.86,389.36,385,385,2177559.4373339997
2026-02-24T15:00:00.000Z,385,387.095,383.93,386.33,1540302.338906
2026-02-24T15:15:00.000Z,386.36,388.38,386.065,388.225,1279810.0212420002
2026-02-24T15:30:00.000Z,388.2138,388.26,385.88,387.6318,1050375.2308810002
2026-02-24T15:45:00.000Z,387.71,387.7299,386,386.865,748163.4056009998
2026-02-24T16:00:00.000Z,386.87,387.57,386.5,386.7501,726922.962656
2026-02-24T16:15:00.000Z,386.76,386.8399,385.95,386.685,678917.4178579999
2026-02-24T16:30:00.000Z,386.685,386.71,385.69,386.122,734721.363923
2026-02-24T16:45:00.000Z,386.08,386.89,385.87,386.25,803101.387504
2026-02-24T17:00:00.000Z,386.25,386.79,386.0321,386.43,530116.6150560001
2026-02-24T17:15:00.000Z,386.43,387.13,385.6,386.445,813571.796177
2026-02-24T17:30:00.000Z,386.42,386.71,385.99,386.26,565830.184818
2026-02-24T17:45:00.000Z,386.21,387.1299,386.04,386.94,702255.9940249999
2026-02-24T18:00:00.000Z,386.95,387.7099,386.54,386.59,658000.030366
2026-02-24T18:15:00.000Z,386.62,386.71,386.15,386.4,568393.9676900001
2026-02-24T18:30:00.000Z,386.41,387.4575,386.17,387.3401,579340.169457
2026-02-24T18:45:00.000Z,387.36,388.265,387.25,387.6418,659666.2021490001
2026-02-24T19:00:00.000Z,387.61,388.61,387.31,387.885,707930.1758379999
2026-02-24T19:15:00.000Z,387.86,387.91,387.12,387.505,458876.256012
2026-02-24T19:30:00.000Z,387.48,387.88,387.16,387.62,420101.5668290001
2026-02-24T19:45:00.000Z,387.615,388.52,387.53,387.8715,609237.8723449999
2026-02-24T20:00:00.000Z,387.89,388.23,387.325,388.01,661128.3049040001
2026-02-24T20:15:00.000Z,388.045,388.31,387.865,388.1599,758604.419324
2026-02-24T20:30:00.000Z,388.14,388.44,387.92,388.425,700070.051311
2026-02-24T20:45:00.000Z,388.425,389.23,388.3,389,2276253.0144929998
2026-02-25T14:30:00.000Z,390.525,393.89,390.16,393.035,3884343.478504
2026-02-25T14:45:00.000Z,393.03,398.12,392.9,398.015,2434169.000265
2026-02-25T15:00:00.000Z,398.025,399.11,396.54,397.44,2425320.3482850003
2026-02-25T15:15:00.000Z,397.445,399.4,396.915,398.94,1385583.691791
2026-02-25T15:30:00.000Z,398.935,400.09,397.87,399.76,1669980.872205
2026-02-25T15:45:00.000Z,399.79,400.25,397.8,398.8,1212329.383671
2026-02-25T16:00:00.000Z,398.76,398.76,396.81,396.89,933419.3936
2026-02-25T16:15:00.000Z,396.89,397.72,396.59,397.49,897639.2491299999
2026-02-25T16:30:00.000Z,397.5,398.12,396.975,397.48,889897.931221
2026-02-25T16:45:00.000Z,397.48,398,396.66,396.7,655310.0605470001
2026-02-25T17:00:00.000Z,396.7,397.66,396.44,397.6201,2123202.344067
2026-02-25T17:15:00.000Z,397.66,397.94,396,397.33,514291.022122
2026-02-25T17:30:00.000Z,397.36,398.15,397.05,397.8301,513525.78681399993
2026-02-25T17:45:00.000Z,397.84,398.67,397.77,398.6,573824.692108
2026-02-25T18:00:00.000Z,398.6117,399.1,398.42,398.9999,556954.969751
2026-02-25T18:15:00.000Z,399,399.04,398.39,398.76,473765.882049
2026-02-25T18:30:00.000Z,398.76,399.16,398.39,399.11,439087.649689
2026-02-25T18:45:00.000Z,399.12,399.3,398.44,399.29,489922.086669
2026-02-25T19:00:00.000Z,399.2401,399.95,398.94,398.965,645571.919385
2026-02-25T19:15:00.000Z,398.965,399.6299,398.62,398.695,819299.3399679998
2026-02-25T19:30:00.000Z,398.7214,399,398.1175,398.14,844616.348019
2026-02-25T19:45:00.000Z,398.135,398.52,397.94,398.405,644296.8306189999
2026-02-25T20:00:00.000Z,398.4,399.21,398.25,399.111,1115240.650872
2026-02-25T20:15:00.000Z,399.11,400.98,399.04,400.96,1380427.34668
2026-02-25T20:30:00.000Z,400.96,401.12,400.01,400.265,1628222.5369660002
2026-02-25T20:45:00.000Z,400.265,401.47,399.72,400.49,3140910.8462819997
2026-02-26T14:30:00.000Z,404.71,405.95,401.17,404.64,3553619.607803
2026-02-26T14:45:00.000Z,404.625,407.49,403.29,405.79,2046510.555898
2026-02-26T15:00:00.000Z,405.79,406.32,404.3822,404.575,1599715.3472209997
2026-02-26T15:15:00.000Z,404.56,404.59,400.3663,401.67,1843452.67853
2026-02-26T15:30:00.000Z,401.69,402.5615,399.69,402.3901,1546671.342742
2026-02-26T15:45:00.000Z,402.38,403,401.32,402.085,857131.6922289999
2026-02-26T16:00:00.000Z,402.085,403.4,401.39,403.4,738731.3190210002
2026-02-26T16:15:00.000Z,403.38,404.1799,400.85,400.98,1048962.360309
2026-02-26T16:30:00.000Z,400.96,401.08,399.83,400.0301,1003412.76245
2026-02-26T16:45:00.000Z,400.01,400.33,398.74,399.11,1077762.4359970002
2026-02-26T17:00:00.000Z,399.105,401.72,399.05,400.135,1117242.9636950002
2026-02-26T17:15:00.000Z,400.16,401.03,399.99,400.9,472871.228644
2026-02-26T17:30:00.000Z,400.89,401.4499,400,400.73,588500.2213300001
2026-02-26T17:45:00.000Z,400.765,400.9857,400,400.158,398618.915411
2026-02-26T18:00:00.000Z,400.16,400.55,399.43,399.73,895659.8128959999
2026-02-26T18:15:00.000Z,399.77,400.82,399.085,400.17,810408.8175810002
2026-02-26T18:30:00.000Z,400.11,401.55,400.07,401.095,516500.26591899997
2026-02-26T18:45:00.000Z,401.095,401.67,400.9,400.935,441497.02460600005
2026-02-26T19:00:00.000Z,400.91,402.14,400.712,401.9,441477.46892500005
2026-02-26T19:15:00.000Z,401.895,402.7399,401.22,401.28,649481.299486
2026-02-26T19:30:00.000Z,401.29,402.12,400.94,401.6277,412655.300341
2026-02-26T19:45:00.000Z,401.63,402.9,401.54,402.22,623448.718885
2026-02-26T20:00:00.000Z,402.22,402.45,401.6208,401.875,513726.7416609999
2026-02-26T20:15:00.000Z,401.86,402,401.03,401.31,601492.88912
2026-02-26T20:30:00.000Z,401.29,402,401.26,401.73,609571.4686639999
2026-02-26T20:45:00.000Z,401.75,401.96,401.06,401.81,1627312.243691
2026-02-27T14:30:00.000Z,390.88,394.29,389.88,391.87,3440500.5793080004
2026-02-27T14:45:00.000Z,391.9,394.77,391.11,394.325,1588646.1522080002
2026-02-27T15:00:00.000Z,394.325,395.27,393.43,393.49,1405978.650916
2026-02-27T15:15:00.000Z,393.49,394.89,393.16,394.15,1044946.1120209999
2026-02-27T15:30:00.000Z,394.08,395.99,393.66,395.4829,1358391.141634
2026-02-27T15:45:00.000Z,395.46,395.9643,394.28,395.93,736840.131325
2026-02-27T16:00:00.000Z,395.91,396.82,394.77,395.29,905681.1278650002
2026-02-27T16:15:00.000Z,395.27,395.7124,393.62,393.87,947723.344469
2026-02-27T16:30:00.000Z,393.87,394.73,393.87,394.125,708686.042895
2026-02-27T16:45:00.000Z,394.15,395.46,393.96,394.95,744749.9997390001
2026-02-27T17:00:00.000Z,394.95,395.8078,394.21,394.295,709000.924688
2026-02-27T17:15:00.000Z,394.305,395.25,393.77,394.84,616082.440684
2026-02-27T17:30:00.000Z,394.84,395.43,394.2,394.255,472165.188814
2026-02-27T17:45:00.000Z,394.23,394.84,393.3701,394.74,976097.2669660001
2026-02-27T18:00:00.000Z,394.79,395.09,393.57,393.6,615994.1746229999
2026-02-27T18:15:00.000Z,393.595,394.21,393.4648,394.13,603032.298465
2026-02-27T18:30:00.000Z,394.1,394.25,393.44,393.51,636545.704047
2026-02-27T18:45:00.000Z,393.4802,393.68,392.76,393.1501,635148.561978
2026-02-27T19:00:00.000Z,393.155,393.425,392.78,392.94,638022.1174799999
2026-02-27T19:15:00.000Z,392.935,393.6386,392.69,393.045,498670.474097
2026-02-27T19:30:00.000Z,393.06,393.63,392.58,392.86,653590.6660730001
2026-02-27T19:45:00.000Z,392.86,393.28,392.42,393.24,591086.186962
2026-02-27T20:00:00.000Z,393.25,394.4,393.05,394.2,749988.102339
2026-02-27T20:15:00.000Z,394.1758,394.97,393.75,393.82,969093.6967749998
2026-02-27T20:30:00.000Z,393.8,393.87,392.42,393.18,1057578.537559
2026-02-27T20:45:00.000Z,393.205,394.12,390.15,392.73,4640012.197570999
2026-03-02T14:30:00.000Z,392.855,396.82,390.63,395.52,2820729.085635
2026-03-02T14:45:00.000Z,395.47,398.4,394.4,398.075,1838966.8831569997
2026-03-02T15:00:00.000Z,398.075,399.58,396.2,399.09,1437487.829554
2026-03-02T15:15:00.000Z,399.0801,399.7,398.13,398.57,1281643.2053029998
2026-03-02T15:30:00.000Z,398.58,399.75,397.41,399.365,828418.006253
2026-03-02T15:45:00.000Z,399.35,399.75,398.27,399.445,903520.5320029999
2026-03-02T16:00:00.000Z,399.445,400.13,398.32,399.41,1010246.4357990001
2026-03-02T16:15:00.000Z,399.39,399.505,396.87,397.086,680869.7018390001
2026-03-02T16:30:00.000Z,397.1,399.905,396.3101,399.642,770523.919932
2026-03-02T16:45:00.000Z,399.65,401.14,399.04,400.84,749232.2102249998
2026-03-02T17:00:00.000Z,400.89,401.1499,400.01,400.62,796341.6246519999
2026-03-02T17:15:00.000Z,400.54,401.19,400.14,400.2,510189.61383099994
2026-03-02T17:30:00.000Z,400.2,400.79,399.42,400.57,466490.6676269999
2026-03-02T17:45:00.000Z,400.58,400.69,399.44,399.5,473400.0280549999
2026-03-02T18:00:00.000Z,399.49,400.65,399.41,400.455,470486.3002489999
2026-03-02T18:15:00.000Z,400.49,400.7,399.95,400.29,414094.462667
2026-03-02T18:30:00.000Z,400.31,400.6195,399.5601,399.8101,392249.89013600006
2026-03-02T18:45:00.000Z,399.8999,399.8999,398.49,398.685,512892.12448899995
2026-03-02T19:00:00.000Z,398.75,399.85,398.62,399.68,412205.50388200005
2026-03-02T19:15:00.000Z,399.65,400.69,399.64,399.85,438022.18732200004
2026-03-02T19:30:00.000Z,399.88,399.92,399.31,399.545,471464.849437
2026-03-02T19:45:00.000Z,399.57,399.98,399.13,399.5001,410760.0176129999
2026-03-02T20:00:00.000Z,399.6199,399.6199,397.58,397.87,724451.9598269998
2026-03-02T20:15:00.000Z,397.8893,398.7,397.2,397.24,618671.47045
2026-03-02T20:30:00.000Z,397.26,397.94,396.62,397.4,907113.21449
2026-03-02T20:45:00.000Z,397.4,398.88,397.175,398.37,2469744.546203
2026-03-03T14:30:00.000Z,393.14,399.18,392.74,395.559,2735746.4956259998
2026-03-03T14:45:00.000Z,395.5,397.1,393.66,394.465,1465934.15254
2026-03-03T15:00:00.000Z,394.376,395.32,392.67,394.225,1176319.2000700003
2026-03-03T15:15:00.000Z,394.225,394.9,393.36,393.77,876341.5934699998
2026-03-03T15:30:00.000Z,393.76,398.17,393.735,396.285,1374225.934654
2026-03-03T15:45:00.000Z,396.38,397.3299,395.3,396.18,900799.8320499999
2026-03-03T16:00:00.000Z,396.16,399.625,395.83,398.38,1109689.3186239998
2026-03-03T16:15:00.000Z,398.3996,400.43,398.33,400.1282,1325959.6610939999
2026-03-03T16:30:00.000Z,400.085,400.62,399.14,399.8201,926089.5796
2026-03-03T16:45:00.000Z,399.89,401.66,399.83,401,1015052.353874
2026-03-03T17:00:00.000Z,400.93,402.33,400.41,401.0301,912000.3890659999
2026-03-03T17:15:00.000Z,401.07,402.14,400.29,401.915,1332804.9428980001
2026-03-03T17:30:00.000Z,401.915,402.5,400.655,402.36,782231.8216520001
2026-03-03T17:45:00.000Z,402.32,402.66,401.48,401.7,647356.5981950001
2026-03-03T18:00:00.000Z,401.73,403.1699,401.66,402.775,693160.9066290001
2026-03-03T18:15:00.000Z,402.765,405.28,402.613,404.59,940866.562605
2026-03-03T18:30:00.000Z,404.5899,406.7,404.4,405.61,1216004.6950059999
2026-03-03T18:45:00.000Z,405.61,406.24,405.11,405.5,798446.635732
2026-03-03T19:00:00.000Z,405.47,405.75,404.15,404.615,636768.5817960001
2026-03-03T19:15:00.000Z,404.6,405.92,404.6,405.765,860026.807243
2026-03-03T19:30:00.000Z,405.78,406.42,404.48,405.57,1211047.614039
2026-03-03T19:45:00.000Z,405.62,406,404.15,404.18,890303.5014320002
2026-03-03T20:00:00.000Z,404.2,406.05,404.14,404.82,808811.1772830001
2026-03-03T20:15:00.000Z,404.8,404.87,403.14,403.725,916571.706615
2026-03-03T20:30:00.000Z,403.77,403.95,402.72,403.82,730946.663439
2026-03-03T20:45:00.000Z,403.835,404.56,402.87,403.78,2185206.40726
2026-03-04T14:30:00.000Z,401.265,405.68,400.31,403.37,2857936.0787319997
2026-03-04T14:45:00.000Z,403.36,406.2,402.66,405.72,1347572.298484
2026-03-04T15:00:00.000Z,405.72,406.5834,403.3,403.525,1390011.8216920001
2026-03-04T15:15:00.000Z,403.525,405.55,403.05,405.3214,1003380.690311
2026-03-04T15:30:00.000Z,405.375,405.49,403.13,403.4501,993981.8865129999
2026-03-04T15:45:00.000Z,403.485,405.2327,403.22,405.12,885476.45805
2026-03-04T16:00:00.000Z,405.15,405.4,404.31,404.49,675123.562705
2026-03-04T16:15:00.000Z,404.49,405.73,404.17,405.63,794420.684019
2026-03-04T16:30:00.000Z,405.63,406.97,405.54,406.46,783353.8566240001
2026-03-04T16:45:00.000Z,406.44,406.92,405.0263,405.14,669771.102506
2026-03-04T17:00:00.000Z,405.1514,408.3412,404.73,407.815,1805969.6084379999
2026-03-04T17:15:00.000Z,407.8,408.96,407.205,407.25,1123520.877109
2026-03-04T17:30:00.000Z,407.31,409.17,406.93,408.32,684732.420071
2026-03-04T17:45:00.000Z,408.3413,408.78,406.11,407.98,863687.566824
2026-03-04T18:00:00.000Z,407.9138,410.49,407.87,409.97,1534256.460072
2026-03-04T18:15:00.000Z,409.95,410.2233,409.5,410.07,995345.454898
2026-03-04T18:30:00.000Z,410.045,411.0326,410.04,410.26,812404.0456590002
2026-03-04T18:45:00.000Z,410.26,410.68,409.01,409.2,590601.0349399999
2026-03-04T19:00:00.000Z,409.23,410.17,409.19,409.36,456249.747347
2026-03-04T19:15:00.000Z,409.385,409.47,408.67,409.02,485143.57899699995
2026-03-04T19:30:00.000Z,408.987,409.73,408.85,409.69,414009.13788
2026-03-04T19:45:00.000Z,409.695,409.93,409.19,409.29,474979.037168
2026-03-04T20:00:00.000Z,409.29,409.4486,408.13,408.5,610750.844336
2026-03-04T20:15:00.000Z,408.49,408.535,407,407.9832,723218.7637669999
2026-03-04T20:30:00.000Z,407.97,408.18,406.8,406.9,991573.829848
2026-03-04T20:45:00.000Z,406.91,407.2399,405,405,3051384.228026
2026-03-05T14:30:00.000Z,404.42,409.3939,404.4,408.965,2228249.556893
2026-03-05T14:45:00.000Z,408.9999,411.09,408.57,410.85,1964209.8819709998
2026-03-05T15:00:00.000Z,410.84,411.61,409.88,411.11,1567984.470642
2026-03-05T15:15:00.000Z,411.09,411.23,406.98,407.36,1510526.9074330004
2026-03-05T15:30:00.000Z,407.41,408.4,405.88,407.69,1209535.7909579999
2026-03-05T15:45:00.000Z,407.62,408.68,406.685,407.13,775203.9721069998
2026-03-05T16:00:00.000Z,407.1562,407.57,405.49,405.92,889239.3387040001
2026-03-05T16:15:00.000Z,405.9,407.51,405.54,406.62,884033.6928669999
2026-03-05T16:30:00.000Z,406.64,409.27,406.42,407.76,884764.054707
2026-03-05T16:45:00.000Z,407.785,410.65,407.7057,410.43,704255.2686619998
2026-03-05T17:00:00.000Z,410.43,411.6,409.92,410.76,1092961.445998
2026-03-05T17:15:00.000Z,410.76,410.79,409,409.29,968703.0313329999
2026-03-05T17:30:00.000Z,409.28,411.21,408.8,409.98,1154919.920668
2026-03-05T17:45:00.000Z,410.01,410.56,408.45,408.73,1270259.091597
2026-03-05T18:00:00.000Z,408.7,410.28,408.12,410.1,662976.7531430001
2026-03-05T18:15:00.000Z,410.05,410.24,408.15,408.54,706824.4499949999
2026-03-05T18:30:00.000Z,408.5,409.63,407.6,409.48,630276.6956000001
2026-03-05T18:45:00.000Z,409.48,409.74,407.78,408.18,562027.2161559999
2026-03-05T19:00:00.000Z,408.2,409.55,407.96,409.305,536271.347855
2026-03-05T19:15:00.000Z,409.325,409.5,408.25,409.25,586862.3246200001
2026-03-05T19:30:00.000Z,409.17,409.21,407.833,409.18,850927.1728960001
2026-03-05T19:45:00.000Z,409.2,410.07,408.82,409.62,819598.7779689999
2026-03-05T20:00:00.000Z,409.6,410.58,408.72,409.235,1076541.8947059999
2026-03-05T20:15:00.000Z,409.24,410.4,408.8001,409.9,931220.2911379999
2026-03-05T20:30:00.000Z,409.905,410.5464,409.48,409.7,1111310.529606
2026-03-05T20:45:00.000Z,409.7,411.31,409.0779,410.6,3618584.402029
2026-03-06T14:30:00.000Z,409.2,413.05,408.95,411.175,2786593.8970459998
2026-03-06T14:45:00.000Z,411.13,411.2,409.3,410.615,1241518.1226479998
2026-03-06T15:00:00.000Z,410.62,411.75,409.12,411.38,1173687.840276
2026-03-06T15:15:00.000Z,411.345,411.46,410.18,411.35,722936.44589
2026-03-06T15:30:00.000Z,411.32,412.98,410.58,411.395,1065442.6433099997
2026-03-06T15:45:00.000Z,411.386,411.67,409.42,411.105,649695.719582
2026-03-06T16:00:00.000Z,411.13,412.85,410.93,412.249,751022.2768779999
2026-03-06T16:15:00.000Z,412.21,412.84,411.48,412.07,679720.1512909998
2026-03-06T16:30:00.000Z,412.1,412.5699,411.04,411.07,479386.376514
2026-03-06T16:45:00.000Z,411.1215,412.87,411.12,411.9,547827.437377
2026-03-06T17:00:00.000Z,411.87,412.7,410.7,410.9001,567805.3157099999
2026-03-06T17:15:00.000Z,410.88,411.45,410.2,410.69,460640.133446
2026-03-06T17:30:00.000Z,410.69,410.87,408.77,409.32,768719.6657370002
2026-03-06T17:45:00.000Z,409.35,410.2,408.87,409.74,518415.05879599997
2026-03-06T18:00:00.000Z,409.76,411.09,409.45,410.92,535355.0228690001
2026-03-06T18:15:00.000Z,410.95,411.1619,409.53,409.79,468669.06613500003
2026-03-06T18:30:00.000Z,409.83,410.5593,409.68,410.43,851715.190206
2026-03-06T18:45:00.000Z,410.43,410.69,409.65,409.79,793725.870122
2026-03-06T19:00:00.000Z,409.82,411.36,409.8,411.1,523458.817452
2026-03-06T19:15:00.000Z,411.09,411.3087,409.675,409.9305,636212.630511
2026-03-06T19:30:00.000Z,409.9,410.83,409.7,409.905,510887.64305700007
2026-03-06T19:45:00.000Z,409.88,410.59,409.36,410.39,574851.031245
2026-03-06T20:00:00.000Z,410.38,411.58,410.185,410.722,742376.705845
2026-03-06T20:15:00.000Z,410.69,411,409.24,409.35,1327935.291799
2026-03-06T20:30:00.000Z,409.3201,410.15,408.5101,409.79,1525746.908725
2026-03-06T20:45:00.000Z,409.76,409.82,408.58,408.62,2964706.8617020003
2026-03-09T13:30:00.000Z,404.915,408.5,403.62,404.69,2498885.063976
2026-03-09T13:45:00.000Z,404.725,406.01,403.5,405.53,1288649.2489959998
2026-03-09T14:00:00.000Z,405.45,407.7299,404.245,405.0545,1048139.5775499999
2026-03-09T14:15:00.000Z,405.0899,406.38,404.04,405.07,936694.7476580001
2026-03-09T14:30:00.000Z,405.055,406.85,404.63,406.655,870355.620316
2026-03-09T14:45:00.000Z,406.7,408.64,406.52,407.495,937569.630651
2026-03-09T15:00:00.000Z,407.495,408.32,406.68,408.31,1073633.015972
2026-03-09T15:15:00.000Z,408.34,409.17,408.03,408.5575,786492.0146630001
2026-03-09T15:30:00.000Z,408.565,409.0449,408.07,408.655,697575.4398439999
2026-03-09T15:45:00.000Z,408.65,408.96,407.77,408.14,733653.4544159999
2026-03-09T16:00:00.000Z,408.16,408.66,407.5,407.645,733983.560852
2026-03-09T16:15:00.000Z,407.6401,408.26,406.81,406.8824,590398.343008
2026-03-09T16:30:00.000Z,406.94,407.8,406,407.28,689489.4009809999
2026-03-09T16:45:00.000Z,407.27,407.8,406.88,407.138,463566.684253
2026-03-09T17:00:00.000Z,407.18,407.2055,406.51,406.95,342889.51613700006
2026-03-09T17:15:00.000Z,406.88,407.05,405.05,405.175,505350.161421
2026-03-09T17:30:00.000Z,405.15,405.34,404.45,404.76,575555.9366349999
2026-03-09T17:45:00.000Z,404.75,405.35,404.625,404.86,549249.0169159999
2026-03-09T18:00:00.000Z,404.89,405.49,404.65,405.05,576705.535072
2026-03-09T18:15:00.000Z,405.06,405.4,404.73,405.01,534859.28835
2026-03-09T18:30:00.000Z,404.97,406.0115,404.945,405.32,870250.4773210001
2026-03-09T18:45:00.000Z,405.3,405.67,404.83,404.95,396844.72578599997
2026-03-09T19:00:00.000Z,404.98,405.18,404.4,404.92,464310.02302
2026-03-09T19:15:00.000Z,404.905,407.927,404.68,407.89,954486.6858620001
2026-03-09T19:30:00.000Z,407.885,409.63,406.83,408.7,948637.528687
2026-03-09T19:45:00.000Z,408.73,410.21,408.49,409.45,2300936.585798
2026-03-10T13:30:00.000Z,410.03,410.2,404.24,406.0396,2413377.0111749996
2026-03-10T13:45:00.000Z,406,406.54,404.54,404.89,1128137.9849989999
2026-03-10T14:00:00.000Z,404.9,404.985,403,404.12,1473131.67575
2026-03-10T14:15:00.000Z,404.08,404.7,402.93,404.41,1459112.1098149999
2026-03-10T14:30:00.000Z,404.43,406.1,404.03,405.6045,1129114.4633819999
2026-03-10T14:45:00.000Z,405.63,406.19,405.21,406.05,742528.5654810001
2026-03-10T15:00:00.000Z,406.055,406.63,404.93,405.76,984873.4772199999
2026-03-10T15:15:00.000Z,405.76,406.66,405.55,406.06,684075.665965
2026-03-10T15:30:00.000Z,406.05,406.88,405.2,406.28,730407.381793
2026-03-10T15:45:00.000Z,406.29,406.72,405.9,406.525,641632.2034900001
2026-03-10T16:00:00.000Z,406.525,406.77,405.2,405.81,647822.818869
2026-03-10T16:15:00.000Z,405.81,407.38,405.57,407.26,788140.7690259999
2026-03-10T16:30:00.000Z,407.3,407.94,407.14,407.6,721856.5322950002
2026-03-10T16:45:00.000Z,407.6,407.66,406,406.0472,521964.66879100003
2026-03-10T17:00:00.000Z,406.03,406.63,405.83,406.02,552308.35222
2026-03-10T17:15:00.000Z,406.02,406.69,405.92,406.38,579618.7814480001
2026-03-10T17:30:00.000Z,406.365,406.37,404.61,405.3,792170.4120669999
2026-03-10T17:45:00.000Z,405.305,406.12,405.24,405.85,551798.239989
2026-03-10T18:00:00.000Z,405.855,406.16,404.38,404.4493,667036.6053160001
2026-03-10T18:15:00.000Z,404.45,405.93,404.11,405.66,802921.3955659999
2026-03-10T18:30:00.000Z,405.64,405.96,404.575,404.6807,893776.9519279998
2026-03-10T18:45:00.000Z,404.675,405.11,404.275,404.59,661922.1324989999
2026-03-10T19:00:00.000Z,404.595,404.7,403.89,404.66,784292.437073
2026-03-10T19:15:00.000Z,404.66,405.15,403.88,404.72,813908.2450029998
2026-03-10T19:30:00.000Z,404.7,405.12,404.26,404.81,806441.4192010001
2026-03-10T19:45:00.000Z,404.81,405.95,404.39,405.76,2008938.2343549998
2026-03-11T13:30:00.000Z,405.57,409.01,405.57,407.74,2060946.938505
2026-03-11T13:45:00.000Z,407.67,408.48,406.22,407.2799,791848.8491829999
2026-03-11T14:00:00.000Z,407.28,408.3299,405.85,406.06,961142.515731
2026-03-11T14:15:00.000Z,406.1383,406.32,403.305,404.45,995375.8960179999
2026-03-11T14:30:00.000Z,404.45,405,403.24,404.7296,904118.431721
2026-03-11T14:45:00.000Z,404.6674,404.7,403.74,404.26,673865.850334
2026-03-11T15:00:00.000Z,404.3,404.6,401.59,401.96,1514142.929997
2026-03-11T15:15:00.000Z,401.96,403.45,401.64,402.73,689029.318998
2026-03-11T15:30:00.000Z,402.84,403.615,402.34,402.68,784201.3699359999
2026-03-11T15:45:00.000Z,402.71,403.455,402.14,403.08,526811.019035
2026-03-11T16:00:00.000Z,403.055,403.2,401.88,403.16,524864.647031
2026-03-11T16:15:00.000Z,403.19,403.33,402.46,403.28,395091.396617
2026-03-11T16:30:00.000Z,403.25,403.84,403.18,403.34,388447.929859
2026-03-11T16:45:00.000Z,403.34,403.98,403,403.74,374403.630901
2026-03-11T17:00:00.000Z,403.83,404.18,403.65,404,362718.065148
2026-03-11T17:15:00.000Z,404.04,404.5,403.56,404.25,272032.91098499997
2026-03-11T17:30:00.000Z,404.24,404.4,402.085,402.8301,630805.450065
2026-03-11T17:45:00.000Z,402.86,404.01,402.67,403.56,336365.81392
2026-03-11T18:00:00.000Z,403.525,403.77,402.81,403.46,389178.52482999995
2026-03-11T18:15:00.000Z,403.475,403.9,403.23,403.635,336691.568699
2026-03-11T18:30:00.000Z,403.6497,404.13,403.5335,403.64,334112.871511
2026-03-11T18:45:00.000Z,403.64,404.39,403.27,404.335,394489.51964899997
2026-03-11T19:00:00.000Z,404.3351,404.5,403.67,403.74,399561.09948400006
2026-03-11T19:15:00.000Z,403.72,403.905,403.34,403.8,465576.413887
2026-03-11T19:30:00.000Z,403.825,404.5,403.75,404.415,484573.80048399995
2026-03-11T19:45:00.000Z,404.415,405.155,404.09,404.89,1626859.1470030001
2026-03-12T13:30:00.000Z,404.63,405.77,403.8501,404.42,1712741.193241
2026-03-12T13:45:00.000Z,404.42,404.73,401.815,402.71,937697.5844019998
2026-03-12T14:00:00.000Z,402.72,404.55,402.6,404.4,1032816.2923159999
2026-03-12T14:15:00.000Z,404.41,404.66,403.1501,403.52,611413.818117
2026-03-12T14:30:00.000Z,403.485,404.73,402.83,404.71,845363.00201
2026-03-12T14:45:00.000Z,404.695,405.81,404.5,405.105,808420.096712
2026-03-12T15:00:00.000Z,405.12,405.49,402.73,403.0199,764421.150145
2026-03-12T15:15:00.000Z,402.985,404.09,402.4,403.65,818712.5347240001
2026-03-12T15:30:00.000Z,403.64,404.36,402.9101,403.91,581528.081206
2026-03-12T15:45:00.000Z,403.91,404.14,402.8801,403.875,412790.576997
2026-03-12T16:00:00.000Z,403.875,404.24,402.67,403.78,554955.040767
2026-03-12T16:15:00.000Z,403.88,405.25,403.8,404.915,1026553.867013
2026-03-12T16:30:00.000Z,404.86,406.075,404.5801,405.23,805820.6204240001
2026-03-12T16:45:00.000Z,405.2,405.45,404.09,405,648027.4329490002
2026-03-12T17:00:00.000Z,404.995,406.12,404.85,404.9017,787181.497744
2026-03-12T17:15:00.000Z,404.9,405.115,404.05,404.32,714561.7668870001
2026-03-12T17:30:00.000Z,404.35,404.85,404.12,404.32,390768.143453
2026-03-12T17:45:00.000Z,404.32,404.62,403.08,403.74,482034.80530499987
2026-03-12T18:00:00.000Z,403.745,404.2,403.05,403.38,419241.341098
2026-03-12T18:15:00.000Z,403.41,403.7485,402.6301,403.06,502031.925988
2026-03-12T18:30:00.000Z,403.03,403.24,402.65,402.7101,404366.97280999995
2026-03-12T18:45:00.000Z,402.72,403.66,402.595,403.27,551817.87752
2026-03-12T19:00:00.000Z,403.22,403.77,402.85,403.01,550431.883685
2026-03-12T19:15:00.000Z,403.015,404.07,402.8501,403.84,675025.761041
2026-03-12T19:30:00.000Z,403.84,403.96,402.93,403.08,641219.827881
2026-03-12T19:45:00.000Z,403.06,403.1,401.71,401.88,1835263.2844399996
2026-03-13T13:30:00.000Z,401,404.14,399.9,403.99,2009869.026501
2026-03-13T13:45:00.000Z,403.95,404.8,401,401.2,1042538.4008199999
2026-03-13T14:00:00.000Z,401.28,401.65,399.63,400.575,1319034.95568
2026-03-13T14:15:00.000Z,400.55,401.7,400.28,401.02,765761.3760480002
2026-03-13T14:30:00.000Z,401.13,402.54,401.07,401.31,857584.319868
2026-03-13T14:45:00.000Z,401.3,401.3,398.8,398.92,776072.1705509999
2026-03-13T15:00:00.000Z,398.89,399.24,397.8,398.8,823954.8680380001
2026-03-13T15:15:00.000Z,398.9399,399.02,397.53,397.8419,635297.304219
2026-03-13T15:30:00.000Z,397.84,398.19,396.25,396.445,842338.180295
2026-03-13T15:45:00.000Z,396.4599,397.07,395.4,395.5,1062505.525627
2026-03-13T16:00:00.000Z,395.48,396.44,395.42,396.11,602828.730652
2026-03-13T16:15:00.000Z,396.12,396.79,395.67,396.465,462707.619568
2026-03-13T16:30:00.000Z,396.45,396.71,395.55,395.6999,808580.968205
2026-03-13T16:45:00.000Z,395.68,396.53,394.9,395.07,789430.459437
2026-03-13T17:00:00.000Z,395.045,396,395.045,396,485298.329577
2026-03-13T17:15:00.000Z,396.0156,396.79,395.7283,396.58,527708.0416229999
2026-03-13T17:30:00.000Z,396.55,396.771,396.12,396.4056,355248.8926600001
2026-03-13T17:45:00.000Z,396.415,396.58,395.15,396.565,775281.3705099999
2026-03-13T18:00:00.000Z,396.57,397.38,396.15,396.9999,763806.6853309999
2026-03-13T18:15:00.000Z,396.93,396.94,395.5,396.07,532355.266394
2026-03-13T18:30:00.000Z,396.07,396.58,395.62,395.84,491341.49060300004
2026-03-13T18:45:00.000Z,395.82,396.27,395.6,395.7595,520339.262697
2026-03-13T19:00:00.000Z,395.77,395.83,394.95,395.27,616166.071243
2026-03-13T19:15:00.000Z,395.27,395.705,394.51,394.56,827979.892518
2026-03-13T19:30:00.000Z,394.5725,395.1899,394.5725,394.88,858538.789664
2026-03-13T19:45:00.000Z,394.88,395.76,394.25,395.62,1904686.791637
2026-03-16T13:30:00.000Z,398.07,398.17,395.35,395.69,2166709.788517
2026-03-16T13:45:00.000Z,395.655,396.83,394.79,395.26,1312921.213916
2026-03-16T14:00:00.000Z,395.3,397.4,394.83,397.14,1171415.200796
2026-03-16T14:15:00.000Z,397.22,398.03,396.7001,397.32,797343.851762
2026-03-16T14:30:00.000Z,397.33,397.81,396.53,397.26,759956.2404129999
2026-03-16T14:45:00.000Z,397.24,397.89,396.15,397.865,840733.337786
2026-03-16T15:00:00.000Z,397.86,398.0799,396.28,397.62,637415.223278
2026-03-16T15:15:00.000Z,397.62,398.03,397.16,397.7099,548965.8535989999
2026-03-16T15:30:00.000Z,397.695,398.58,397.66,398.29,502007.627942
2026-03-16T15:45:00.000Z,398.23,398.69,398.04,398.27,590271.503726
2026-03-16T16:00:00.000Z,398.245,399.34,398.16,399.24,643294.478461
2026-03-16T16:15:00.000Z,399.23,399.61,397.83,397.94,560928.199086
2026-03-16T16:30:00.000Z,397.92,399.32,397.62,399.12,424468.457943
2026-03-16T16:45:00.000Z,399.12,399.44,398.86,398.99,596511.901894
2026-03-16T17:00:00.000Z,399.01,399.515,398.8,399.255,739429.1804319998
2026-03-16T17:15:00.000Z,399.265,399.46,398.73,398.815,509871.98560400004
2026-03-16T17:30:00.000Z,398.815,398.84,398.335,398.48,495883.60793299996
2026-03-16T17:45:00.000Z,398.5,398.765,397.66,398.2363,506321.50658700004
2026-03-16T18:00:00.000Z,398.22,399.19,398.11,399.07,504268.076367
2026-03-16T18:15:00.000Z,399.12,399.51,398.86,398.9,503464.27992
2026-03-16T18:30:00.000Z,398.92,400.63,398.69,400.47,876422.2019480001
2026-03-16T18:45:00.000Z,400.44,400.47,399.9,400.1388,478831.152362
2026-03-16T19:00:00.000Z,400.14,400.28,399.25,399.81,889328.09568
2026-03-16T19:15:00.000Z,399.815,400.255,398.9601,399.845,859731.5486650001
2026-03-16T19:30:00.000Z,399.81,400.05,398.75,399.061,733344.070781
2026-03-16T19:45:00.000Z,399.05,400,399.03,399.96,2025835.566564
2026-03-17T13:30:00.000Z,400.27,402.6099,399.15,401.58,1793101.5588409998
2026-03-17T13:45:00.000Z,401.53,404.4,401.5,401.82,1243002.6210060003
2026-03-17T14:00:00.000Z,401.88,402,399.5401,399.585,935309.4278200001
2026-03-17T14:15:00.000Z,399.585,400.6999,398.78,400.35,884140.7932739999
2026-03-17T14:30:00.000Z,400.36,400.55,399.11,399.625,732123.5487550001
2026-03-17T14:45:00.000Z,399.57,400.17,399.19,399.815,680378.9304000001
2026-03-17T15:00:00.000Z,399.81,400.3,398.46,398.67,902737.653362
2026-03-17T15:15:00.000Z,398.67,399.66,398.6317,399.07,584222.3990499999
2026-03-17T15:30:00.000Z,399.065,399.5913,397.745,398.57,913758.5473550002
2026-03-17T15:45:00.000Z,398.615,399.19,398.375,398.85,904258.8855689999
2026-03-17T16:00:00.000Z,398.85,399.03,398.09,398.13,651757.4502380001
2026-03-17T16:15:00.000Z,398.16,399.115,398.125,398.565,563433.7702890001
2026-03-17T16:30:00.000Z,398.565,400.01,398.565,399.95,639521.741393
2026-03-17T16:45:00.000Z,399.95,400.04,399.35,399.659,529745.107461
2026-03-17T17:00:00.000Z,399.65,400.36,399.53,399.715,441657.93640099996
2026-03-17T17:15:00.000Z,399.715,399.93,399.21,399.81,358148.419665
2026-03-17T17:30:00.000Z,399.82,399.96,399.3,399.32,265881.30754400004
2026-03-17T17:45:00.000Z,399.35,399.52,398.85,399.33,267230.183273
2026-03-17T18:00:00.000Z,399.35,399.38,398.8,398.83,312303.20188199996
2026-03-17T18:15:00.000Z,398.85,399.22,398.65,398.7994,356448.9415169999
2026-03-17T18:30:00.000Z,398.77,399.17,398.46,398.68,372275.0467010001
2026-03-17T18:45:00.000Z,398.71,399.15,398.68,398.805,609140.302383
2026-03-17T19:00:00.000Z,398.805,399.09,398.5101,399.075,462100.40463799995
2026-03-17T19:15:00.000Z,399.0801,399.36,398.65,398.8137,414624.30214000004
2026-03-17T19:30:00.000Z,398.82,399.1899,398.7003,398.9499,464095.550405
2026-03-17T19:45:00.000Z,398.95,399.74,398.93,399.5,1418464.821407
2026-03-18T13:30:00.000Z,397.125,397.9,395.1201,397.15,1617474.4781639997
2026-03-18T13:45:00.000Z,397.14,398,396.89,397.95,820128.754593
2026-03-18T14:00:00.000Z,397.95,398,396.35,396.36,615781.685815
2026-03-18T14:15:00.000Z,396.3505,396.7,394.42,394.615,881614.0887770001
2026-03-18T14:30:00.000Z,394.5967,395.57,394.51,394.92,597159.631289
2026-03-18T14:45:00.000Z,394.9,395.4,394.33,395.23,619018.184205
2026-03-18T15:00:00.000Z,395.23,395.93,395.04,395.47,632283.7079269999
2026-03-18T15:15:00.000Z,395.47,396.04,395.0801,395.75,532917.869888
2026-03-18T15:30:00.000Z,395.75,396.16,395,395.355,486786.95169099997
2026-03-18T15:45:00.000Z,395.33,395.555,394.89,394.97,723588.4847670002
2026-03-18T16:00:00.000Z,395.01,395.14,394.58,394.975,432091.766133
2026-03-18T16:15:00.000Z,394.975,394.975,393.66,393.83,681759.0255740001
2026-03-18T16:30:00.000Z,393.8,393.97,392.92,393.26,639087.965413
2026-03-18T16:45:00.000Z,393.25,393.79,393.12,393.425,399802.24517099996
2026-03-18T17:00:00.000Z,393.415,393.45,392.55,392.645,627164.141225
2026-03-18T17:15:00.000Z,392.65,393.02,392.42,392.74,593268.208627
2026-03-18T17:30:00.000Z,392.76,393.78,392.535,393.658,477912.08990099997
2026-03-18T17:45:00.000Z,393.67,394.77,393.62,394.37,711973.3093679999
2026-03-18T18:00:00.000Z,394.37,395.01,393.34,393.6,562243.9374520001
2026-03-18T18:15:00.000Z,393.59,393.78,393.0344,393.725,315548.15416299994
2026-03-18T18:30:00.000Z,393.71,393.81,392.66,392.965,583657.8093450001
2026-03-18T18:45:00.000Z,393,393.07,391.72,391.9,715733.91422
2026-03-18T19:00:00.000Z,391.92,392.84,391.82,392.405,815394.765887
2026-03-18T19:15:00.000Z,392.41,392.74,392.05,392.32,667995.9423710001
2026-03-18T19:30:00.000Z,392.3156,392.46,391.11,391.185,860344.237233
2026-03-18T19:45:00.000Z,391.19,392.21,391,391.67,2486230.074821
2026-03-19T13:30:00.000Z,390.1,392.49,388.01,391.96,2526914.903703
2026-03-19T13:45:00.000Z,391.9,391.9,390.08,390.32,1111831.696858
2026-03-19T14:00:00.000Z,390.4,391.09,389.08,389.23,943487.4823680001
2026-03-19T14:15:00.000Z,389.21,389.25,388.3,388.775,726537.787805
2026-03-19T14:30:00.000Z,388.785,390.42,388.675,389.43,791169.6234759999
2026-03-19T14:45:00.000Z,389.422,390.38,389.2569,390.045,497653.770201
2026-03-19T15:00:00.000Z,390.01,391.22,389.76,391.1,566872.461821
2026-03-19T15:15:00.000Z,391.1,391.15,388.95,389.31,590771.655682
2026-03-19T15:30:00.000Z,389.305,389.62,388.83,388.86,516078.7702010001
2026-03-19T15:45:00.000Z,388.865,389.67,388.7,389.61,466312.693287
2026-03-19T16:00:00.000Z,389.5901,390.12,389.2,389.31,609271.2992629999
2026-03-19T16:15:00.000Z,389.34,389.52,388.88,388.95,449067.45626
2026-03-19T16:30:00.000Z,389,389.22,388.51,389.04,463990.669564
2026-03-19T16:45:00.000Z,389.06,389.0675,388.23,388.44,477734.65667199995
2026-03-19T17:00:00.000Z,388.46,388.59,387.51,387.845,528613.0707739999
2026-03-19T17:15:00.000Z,387.87,388.27,387.61,387.93,532926.017769
2026-03-19T17:30:00.000Z,387.95,388.325,387.57,387.61,456028.094709
2026-03-19T17:45:00.000Z,387.6,388.19,387.5,387.87,439744.42668900004
2026-03-19T18:00:00.000Z,387.84,388.47,387.55,388.22,561335.4545620001
2026-03-19T18:15:00.000Z,388.22,388.35,387.63,387.63,495969.4042900001
2026-03-19T18:30:00.000Z,387.61,387.97,387.06,387.84,587539.57048
2026-03-19T18:45:00.000Z,387.86,388.71,387.3,388.24,749132.372636
2026-03-19T19:00:00.000Z,388.28,390.37,388.27,389.535,1009068.6201499999
2026-03-19T19:15:00.000Z,389.47,390.03,388.0906,388.43,647121.442461
2026-03-19T19:30:00.000Z,388.48,388.88,387.78,388.67,720883.163137
2026-03-19T19:45:00.000Z,388.67,389.45,388.06,388.878,1983786.9758900001
2026-03-20T13:30:00.000Z,386.79,387,383.44,384.04,6395025.163986001
2026-03-20T13:45:00.000Z,384.01,384.64,382.4,382.8,2205241.396924
2026-03-20T14:00:00.000Z,382.8,384.32,382.26,384.175,1327364.1395359999
2026-03-20T14:15:00.000Z,384.17,385.74,384.03,385.68,1088502.53786
2026-03-20T14:30:00.000Z,385.67,385.865,384.06,384.22,1035647.681635
2026-03-20T14:45:00.000Z,384.19,385.0751,384.05,384.25,824162.3065870001
2026-03-20T15:00:00.000Z,384.25,384.9099,383.52,383.96,826448.218098
2026-03-20T15:15:00.000Z,383.95,384.08,382.63,383.41,868141.1763990001
2026-03-20T15:30:00.000Z,383.4,384.49,383.2001,384.38,759415.773103
2026-03-20T15:45:00.000Z,384.37,384.45,383.69,384.24,549650.447893
2026-03-20T16:00:00.000Z,384.25,385.35,384.13,385.135,723853.559811
2026-03-20T16:15:00.000Z,385.135,385.3,384.57,384.6,701473.9833909998
2026-03-20T16:30:00.000Z,384.58,384.68,383.245,383.55,747800.4422630001
2026-03-20T16:45:00.000Z,383.5,384.125,383.13,383.48,653787.056694
2026-03-20T17:00:00.000Z,383.54,383.77,382.85,383.465,551955.0801759999
2026-03-20T17:15:00.000Z,383.465,383.86,383.16,383.37,460262.045602
2026-03-20T17:30:00.000Z,383.3,383.57,382.33,383.02,576536.2183259999
2026-03-20T17:45:00.000Z,383.08,383.44,382.955,383.12,504099.03153100004
2026-03-20T18:00:00.000Z,383.14,383.55,382.74,382.79,972323.5265429998
2026-03-20T18:15:00.000Z,382.775,383.02,382.0388,382.4398,706714.986195
2026-03-20T18:30:00.000Z,382.46,382.51,381.6601,381.845,1062055.8835250002
2026-03-20T18:45:00.000Z,381.84,381.99,381.4,381.87,671927.811538
2026-03-20T19:00:00.000Z,381.87,382.1,381.465,381.59,718161.6083569999
2026-03-20T19:15:00.000Z,381.57,382.25,381.32,382.095,844689.365601
2026-03-20T19:30:00.000Z,382.11,382.37,380.12,380.83,1441010.1083759998
2026-03-20T19:45:00.000Z,380.82,381.94,380.45,381.87,2744969.637857
2026-03-23T13:30:00.000Z,383.9,387.21,383.52,384.39,2275575.5789030003
2026-03-23T13:45:00.000Z,384.34,386.425,384,385.99,1217459.7258519998
2026-03-23T14:00:00.000Z,385.98,386.61,384.7,386.6,1038736.051909
2026-03-23T14:15:00.000Z,386.62,387.21,385.03,385.49,981844.5644769999
2026-03-23T14:30:00.000Z,385.49,385.92,385.08,385.36,585224.454319
2026-03-23T14:45:00.000Z,385.36,385.98,384.95,385.63,594911.830195
2026-03-23T15:00:00.000Z,385.63,387.13,385.29,386.9001,729156.4246690001
2026-03-23T15:15:00.000Z,386.88,387.16,385.6,386.725,652135.0974199999
2026-03-23T15:30:00.000Z,386.75,386.9299,384.55,384.895,762480.6198199999
2026-03-23T15:45:00.000Z,384.895,384.92,382.54,383.51,787220.2218950001
2026-03-23T16:00:00.000Z,383.43,385.05,383.34,384.8,649251.315454
2026-03-23T16:15:00.000Z,384.75,384.8399,382.35,382.54,778701.1547630001
2026-03-23T16:30:00.000Z,382.5,383.38,382.41,383.09,530107.566696
2026-03-23T16:45:00.000Z,383.08,383.6499,382.29,382.55,514366.933092
2026-03-23T17:00:00.000Z,382.58,383.23,382.16,382.16,515557.989427
2026-03-23T17:15:00.000Z,382.19,382.61,381.68,382.32,540467.284693
2026-03-23T17:30:00.000Z,382.34,384.03,382.22,382.915,581286.604449
2026-03-23T17:45:00.000Z,382.915,383.35,382.58,383.17,489092.5458469999
2026-03-23T18:00:00.000Z,383.14,383.49,382.28,383.13,613012.780802
2026-03-23T18:15:00.000Z,383.14,383.25,382.3,382.4651,598138.226182
2026-03-23T18:30:00.000Z,382.465,383.64,382.36,382.76,995477.8459900001
2026-03-23T18:45:00.000Z,382.775,383.54,382.58,383.33,524040.60882500006
2026-03-23T19:00:00.000Z,383.33,383.435,382.6,382.86,701729.035629
2026-03-23T19:15:00.000Z,382.86,383.49,382.76,382.95,627866.044226
2026-03-23T19:30:00.000Z,382.95,383.77,382.89,383.76,643556.5119379999
2026-03-23T19:45:00.000Z,383.75,384.075,382.83,382.98,1992192.896279
2026-03-24T13:30:00.000Z,382.36,382.47,375.62,376.1,2869275.7461119997
2026-03-24T13:45:00.000Z,376.15,377.62,375.22,375.5,1516959.6284969999
2026-03-24T14:00:00.000Z,375.49,376.22,372.72,373.039,2616945.340513
2026-03-24T14:15:00.000Z,373.03,373.54,372.4,372.81,2279322.5050170003
2026-03-24T14:30:00.000Z,372.805,374.99,372.28,374.74,1992370.1004059997
2026-03-24T14:45:00.000Z,374.72,376.17,372.53,373.125,1774141.4993650003
2026-03-24T15:00:00.000Z,373.12,374.42,373.08,373.79,1350830.2291850003
2026-03-24T15:15:00.000Z,373.84,374.06,373.01,373.5366,1386359.3931559997
2026-03-24T15:30:00.000Z,373.54,374.26,373.33,373.69,904988.153866
2026-03-24T15:45:00.000Z,373.63,374.205,372.64,372.665,895702.821047
2026-03-24T16:00:00.000Z,372.64,372.88,372.15,372.74,1027362.0514039999
2026-03-24T16:15:00.000Z,372.74,374.1,372.72,373.95,860581.924786
2026-03-24T16:30:00.000Z,373.915,374.23,372.7,373.42,718275.9647720001
2026-03-24T16:45:00.000Z,373.46,373.96,373.16,373.59,638173.525455
2026-03-24T17:00:00.000Z,373.615,373.79,372.03,372.72,1393746.8253440002
2026-03-24T17:15:00.000Z,372.72,372.88,371.85,372.83,1388047.8513980003
2026-03-24T17:30:00.000Z,372.83,373.29,372.41,372.635,692352.263181
2026-03-24T17:45:00.000Z,372.635,373.61,372.45,373.18,812726.51041
2026-03-24T18:00:00.000Z,373.19,374.0599,373.14,373.89,675185.342737
2026-03-24T18:15:00.000Z,373.915,374.2455,373.34,373.91,763384.6480380001
2026-03-24T18:30:00.000Z,373.91,375.44,373.745,374.27,987931.7690509998
2026-03-24T18:45:00.000Z,374.29,374.3199,373.19,373.444,668832.8857770002
2026-03-24T19:00:00.000Z,373.445,374.41,373.445,374.37,788197.5450650001
2026-03-24T19:15:00.000Z,374.38,374.59,373.76,373.97,757341.069521
2026-03-24T19:30:00.000Z,373.98,374.26,373.19,373.63,904156.9145060001
2026-03-24T19:45:00.000Z,373.61,373.61,372,372.75,2585381.5200489997
2026-03-25T13:30:00.000Z,376.92,377.06,373.51,373.7,2544835.8967850003
2026-03-25T13:45:00.000Z,373.705,374.54,373.16,373.395,1545679.0919270006
2026-03-25T14:00:00.000Z,373.4112,374.25,372.62,374.16,1526216.852104
2026-03-25T14:15:00.000Z,374.15,374.38,373.17,373.74,903316.2032049999
2026-03-25T14:30:00.000Z,373.75,374.1988,373.24,373.26,800675.3940999998
2026-03-25T14:45:00.000Z,373.33,373.8,372.7,373.2525,1067080.968281
2026-03-25T15:00:00.000Z,373.235,373.45,370.46,370.485,1289672.2943830001
2026-03-25T15:15:00.000Z,370.4712,371.42,369.74,371.415,1542941.7361019999
2026-03-25T15:30:00.000Z,371.415,371.58,370.05,370.31,929868.151789
2026-03-25T15:45:00.000Z,370.31,370.734,369.98,370.4155,900831.9344530001
2026-03-25T16:00:00.000Z,370.39,370.5686,369.97,370.295,631005.5044220001
2026-03-25T16:15:00.000Z,370.29,371.1399,370.25,370.875,898806.077692
2026-03-25T16:30:00.000Z,370.875,371.56,370.67,371.355,558240.203521
2026-03-25T16:45:00.000Z,371.36,371.39,370.72,371,473060.612603
2026-03-25T17:00:00.000Z,371.005,371.1999,370.42,370.8401,643492.7792689999
2026-03-25T17:15:00.000Z,370.84,371.66,370.57,371.39,670262.252098
2026-03-25T17:30:00.000Z,371.4,371.55,370.86,371.0701,767698.408855
2026-03-25T17:45:00.000Z,371.1,371.46,370.51,370.995,538521.29725
2026-03-25T18:00:00.000Z,370.99,371.1,370.42,370.74,894229.8183810001
2026-03-25T18:15:00.000Z,370.74,370.81,369.99,370.03,651816.666811
2026-03-25T18:30:00.000Z,370.04,370.55,369.99,370.42,554624.037447
2026-03-25T18:45:00.000Z,370.39,370.51,369.63,370.3,801284.926141
2026-03-25T19:00:00.000Z,370.3,370.3,369.64,370.04,839341.2849560002
2026-03-25T19:15:00.000Z,370.02,370.73,369.96,370.39,912154.883627
2026-03-25T19:30:00.000Z,370.38,370.65,370.05,370.51,1157753.6317470002
2026-03-25T19:45:00.000Z,370.5,371.36,370.41,371.03,2023917.584239
2026-03-26T13:30:00.000Z,370.815,372.65,369.28,372.175,2744578.7318080002
2026-03-26T13:45:00.000Z,372.16,373.8299,371.45,373.735,1946152.5640780001
2026-03-26T14:00:00.000Z,373.77,374.7199,372.3,372.56,1599826.2561090002
2026-03-26T14:15:00.000Z,372.56,372.66,371.7201,371.94,1067618.0381949998
2026-03-26T14:30:00.000Z,371.95,372.4,370.7,371.04,1106589.1956140003
2026-03-26T14:45:00.000Z,371.05,371.77,370.5,371.36,1048379.6793840001
2026-03-26T15:00:00.000Z,371.42,371.57,369.99,370.14,1107318.6037080002
2026-03-26T15:15:00.000Z,370.1525,370.52,369.55,369.98,1111010.962359
2026-03-26T15:30:00.000Z,369.98,370.08,368.04,368.271,1789523.4597069998
2026-03-26T15:45:00.000Z,368.31,369.2,367.74,367.99,1115023.7508359998
2026-03-26T16:00:00.000Z,367.98,368.355,367.72,367.8623,638742.034478
2026-03-26T16:15:00.000Z,367.82,368.01,367.05,367.42,1158318.6253260002
2026-03-26T16:30:00.000Z,367.42,368.05,367.03,368.03,755116.8974969999
2026-03-26T16:45:00.000Z,368.04,368.56,367.92,368.14,779409.646463
2026-03-26T17:00:00.000Z,368.15,368.37,367.79,367.89,599365.8814489999
2026-03-26T17:15:00.000Z,367.885,368.55,367.71,368.44,809321.87362
2026-03-26T17:30:00.000Z,368.42,368.65,367.04,367.235,869460.272777
2026-03-26T17:45:00.000Z,367.23,367.41,366.56,366.905,817781.4853389999
2026-03-26T18:00:00.000Z,366.92,367.44,366.77,367.395,628293.596741
2026-03-26T18:15:00.000Z,367.395,367.44,366.38,366.39,667877.7791540001
2026-03-26T18:30:00.000Z,366.42,366.6,366,366.18,813743.2820489999
2026-03-26T18:45:00.000Z,366.17,366.72,366.06,366.645,1271259.932066
2026-03-26T19:00:00.000Z,366.66,366.77,365.73,365.81,965913.318684
2026-03-26T19:15:00.000Z,365.81,365.94,365.21,365.55,1157151.6151310003
2026-03-26T19:30:00.000Z,365.56,366.12,365.19,365.93,1080159.317431
2026-03-26T19:45:00.000Z,365.93,366.37,365.27,365.75,2550578.353975
2026-03-27T13:30:00.000Z,361.9,362.45,358.85,359.07,3523777.2688879995
2026-03-27T13:45:00.000Z,359.1,359.99,357.44,357.46,2003029.3626720002
2026-03-27T14:00:00.000Z,357.49,358.26,356.58,357.5786,2006894.6792620001
2026-03-27T14:15:00.000Z,357.57,358.57,357.5373,358.36,1504457.413217
2026-03-27T14:30:00.000Z,358.35,359.99,358.29,359.99,1308886.5125419998
2026-03-27T14:45:00.000Z,359.975,360.45,359.25,359.8645,1281794.4952749999
2026-03-27T15:00:00.000Z,359.9,360.45,359.69,360.36,849026.129505
2026-03-27T15:15:00.000Z,360.35,360.84,359.28,360.445,955066.6881
2026-03-27T15:30:00.000Z,360.445,360.96,359.105,359.62,922851.075875
2026-03-27T15:45:00.000Z,359.6001,360.54,359.55,360.22,734589.5617780001
2026-03-27T16:00:00.000Z,360.25,360.71,359.71,360.08,694539.0321110002
2026-03-27T16:15:00.000Z,360.09,360.59,359.76,359.97,845045.151003
2026-03-27T16:30:00.000Z,360,360.14,359.2,359.65,694556.909307
2026-03-27T16:45:00.000Z,359.65,360.1,359.35,359.7,695726.3206490001
2026-03-27T17:00:00.000Z,359.72,360.1,359.1,359.33,748653.508265
2026-03-27T17:15:00.000Z,359.33,359.35,358.7,358.9368,1246000.2525210003
2026-03-27T17:30:00.000Z,358.93,359.4399,358.82,358.9609,617855.8588939998
2026-03-27T17:45:00.000Z,358.9601,359.21,358.46,358.85,628805.261832
2026-03-27T18:00:00.000Z,358.845,359.04,358.2,358.69,682363.044245
2026-03-27T18:15:00.000Z,358.7,358.97,358.33,358.8126,683119.2653620001
2026-03-27T18:30:00.000Z,358.805,359.33,358.65,358.73,699750.495982
2026-03-27T18:45:00.000Z,358.72,358.7201,357.57,357.81,910841.0855779999
2026-03-27T19:00:00.000Z,357.81,358.04,356.9,357.09,1037611.078689
2026-03-27T19:15:00.000Z,357.07,357.9,356.99,357.5,1126639.1860220002
2026-03-27T19:30:00.000Z,357.51,357.82,356.63,357.09,1234548.427506
2026-03-27T19:45:00.000Z,357.09,357.6683,356.51,356.65,2895160.9524150006
2026-03-30T13:30:00.000Z,361.895,362,358.37,359.92,2561360.5115529997
2026-03-30T13:45:00.000Z,359.9,361.33,359.5,360.54,1300728.8662319998
2026-03-30T14:00:00.000Z,360.56,361.2999,359.76,360.8,1088464.62812
2026-03-30T14:15:00.000Z,360.77,362.66,360.44,362.49,1416362.49776
2026-03-30T14:30:00.000Z,362.47,364.16,362.39,363.7,1567622.61419
2026-03-30T14:45:00.000Z,363.74,365.335,363.41,364.95,1714889.8236960003
2026-03-30T15:00:00.000Z,364.94,365.36,362.7475,362.945,1778073.5856809998
2026-03-30T15:15:00.000Z,362.95,363.55,362.6401,362.97,1446803.721155
2026-03-30T15:30:00.000Z,362.97,364.55,362.745,364.365,1281510.1771349998
2026-03-30T15:45:00.000Z,364.3825,365.19,363.45,363.7,1061760.56039
2026-03-30T16:00:00.000Z,363.72,363.78,362.85,363.235,778772.7897759998
2026-03-30T16:15:00.000Z,363.235,363.26,361.97,362,685358.3586329999
2026-03-30T16:30:00.000Z,362,362.1,360.97,360.9801,1278139.3966919999
2026-03-30T16:45:00.000Z,361,362.31,360.88,361.36,729688.008701
2026-03-30T17:00:00.000Z,361.36,361.78,360.23,360.25,812145.0215520001
2026-03-30T17:15:00.000Z,360.2498,360.57,359.13,359.78,1375922.9542170002
2026-03-30T17:30:00.000Z,359.785,359.91,358.1,359.86,1783854.3858440001
2026-03-30T17:45:00.000Z,359.855,360.03,358.74,359.1439,834134.1016759999
2026-03-30T18:00:00.000Z,359.12,359.27,357.83,357.9999,904080.152859
2026-03-30T18:15:00.000Z,357.99,359.4625,357.81,357.89,1023189.996134
2026-03-30T18:30:00.000Z,357.89,360.24,357.82,359.6001,1038540.8117749998
2026-03-30T18:45:00.000Z,359.6,359.845,356.85,357.36,1704401.684729
2026-03-30T19:00:00.000Z,357.38,357.51,356.28,356.395,1035739.3457190001
2026-03-30T19:15:00.000Z,356.41,357.36,356.41,356.975,1674498.2532950002
2026-03-30T19:30:00.000Z,356.99,358.65,356.83,358.475,1105916.0827279997
2026-03-30T19:45:00.000Z,358.47,359.61,358.44,358.76,2978529.600236
2026-03-31T13:30:00.000Z,364.55,367.4,364.37,366.04,2872354.9371009995
2026-03-31T13:45:00.000Z,366.07,368.15,366.07,367.1,1370653.342595
2026-03-31T14:00:00.000Z,367.11,367.55,366.46,367.06,1076473.914359
2026-03-31T14:15:00.000Z,367.095,367.18,365.37,365.46,1067656.992993
2026-03-31T14:30:00.000Z,365.4601,365.56,364.38,364.9101,1343134.9380029996
2026-03-31T14:45:00.000Z,364.97,365.185,363.07,363.52,2038776.1776899998
2026-03-31T15:00:00.000Z,363.5,364.52,363.1,364.33,887436.665092
2026-03-31T15:15:00.000Z,364.33,364.9,363.84,364.2498,737999.2333240001
2026-03-31T15:30:00.000Z,364.2,364.7446,363.65,364.01,558904.089091
2026-03-31T15:45:00.000Z,364,364.7999,363.87,363.93,451895.965475
2026-03-31T16:00:00.000Z,363.9,364.99,363.67,364.71,491234.26115499996
2026-03-31T16:15:00.000Z,364.7205,365.1499,364.18,365.05,599837.9250670001
2026-03-31T16:30:00.000Z,365.045,367.99,364.29,366.81,1350969.3502099998
2026-03-31T16:45:00.000Z,366.79,368.09,366.2,367.965,1018696.2687670001
2026-03-31T17:00:00.000Z,368.0098,369.63,367.91,369.545,1973516.6882509997
2026-03-31T17:15:00.000Z,369.57,370.57,368.665,368.88,1382785.543994
2026-03-31T17:30:00.000Z,368.86,370.15,368.11,368.44,1012825.003927
2026-03-31T17:45:00.000Z,368.48,369.06,368.04,368.34,562995.9330340001
2026-03-31T18:00:00.000Z,368.34,369.79,368.32,369.55,691727.0083169999
2026-03-31T18:15:00.000Z,369.52,370.1,369.24,369.83,724646.8995729999
2026-03-31T18:30:00.000Z,369.81,370.53,369.43,370.49,874965.3375210001
2026-03-31T18:45:00.000Z,370.5,370.795,370.09,370.53,1087622.2924080002
2026-03-31T19:00:00.000Z,370.51,371.3,370.25,371.18,1286708.507529
2026-03-31T19:15:00.000Z,371.16,371.7,370.73,371.09,1194112.485927
2026-03-31T19:30:00.000Z,371.14,371.7,370.86,371.65,1495673.9920050001
2026-03-31T19:45:00.000Z,371.62,372.9,369.74,370.16,3904934.72722
2026-04-01T13:30:00.000Z,373.49,373.99,369.04,369.334,3301888.840991999
2026-04-01T13:45:00.000Z,369.39,370.32,368.2,369.63,1666863.7409779998
2026-04-01T14:00:00.000Z,369.595,371.39,369.45,371.175,1169635.493911
2026-04-01T14:15:00.000Z,371.17,372.09,371.06,371.51,989456.722863
2026-04-01T14:30:00.000Z,371.53,372.049,370.17,371.35,1037894.391211
2026-04-01T14:45:00.000Z,371.32,372.2,371.0819,371.8007,788337.4722090001
2026-04-01T15:00:00.000Z,371.78,372.58,371.3501,371.905,878043.580356
2026-04-01T15:15:00.000Z,371.94,372.15,371,371.235,716407.610171
2026-04-01T15:30:00.000Z,371.27,372.2999,370.75,372.125,615268.6157959999
2026-04-01T15:45:00.000Z,372.13,372.47,372,372.185,557437.5284170001
2026-04-01T16:00:00.000Z,372.17,372.62,372.07,372.11,559317.830582
2026-04-01T16:15:00.000Z,372.095,372.84,371.96,372.61,469858.47028300003
2026-04-01T16:30:00.000Z,372.64,372.81,372.01,372.72,464743.353178
2026-04-01T16:45:00.000Z,372.72,372.89,372.1,372.522,530986.26557
2026-04-01T17:00:00.000Z,372.53,372.83,372.245,372.465,506093.595056
2026-04-01T17:15:00.000Z,372.48,372.63,371.88,371.9,451660.08200100006
2026-04-01T17:30:00.000Z,371.9,372.02,371.1101,371.285,573650.6633909999
2026-04-01T17:45:00.000Z,371.27,371.5,370.7,370.7856,438581.1529609999
2026-04-01T18:00:00.000Z,370.76,370.88,370.1,370.37,599241.706491
2026-04-01T18:15:00.000Z,370.36,370.38,368.94,369.06,873471.932842
2026-04-01T18:30:00.000Z,369.075,369.7,368.725,369.36,631415.522065
2026-04-01T18:45:00.000Z,369.36,369.6,368.87,369.29,518341.27315
2026-04-01T19:00:00.000Z,369.29,369.6936,368.9,368.9,580235.064097
2026-04-01T19:15:00.000Z,368.905,369.91,368.87,369.285,885620.829107
2026-04-01T19:30:00.000Z,369.285,369.77,368.87,369.18,858198.5015840002
2026-04-01T19:45:00.000Z,369.19,369.7495,368.8,369.45,1935372.842973
2026-04-02T13:30:00.000Z,367.205,367.61,364.15,364.86,1854631.813827
2026-04-02T13:45:00.000Z,364.855,366.18,364.61,365.93,884264.070079
2026-04-02T14:00:00.000Z,365.98,366.9,365.04,366.82,788619.441291
2026-04-02T14:15:00.000Z,366.83,367.2,366.03,366.705,1099651.333445
2026-04-02T14:30:00.000Z,366.63,371.0586,366.5366,370.0401,1262455.9230349998
2026-04-02T14:45:00.000Z,370.04,370.58,368.52,369.9993,662401.697008
2026-04-02T15:00:00.000Z,369.92,371.22,369.3901,370.7,521871.901643
2026-04-02T15:15:00.000Z,370.72,371.07,369.76,370.81,574167.1299089999
2026-04-02T15:30:00.000Z,370.85,371.3,370.31,371.145,703533.72269
2026-04-02T15:45:00.000Z,371.145,371.1801,369.54,370.3,415211.7986820001
2026-04-02T16:00:00.000Z,370.33,370.5,369.41,369.9014,296283.19986
2026-04-02T16:15:00.000Z,369.87,370.12,369.395,369.7471,362389.3843509999
2026-04-02T16:30:00.000Z,369.735,371.39,369.465,371.15,383386.21895000007
2026-04-02T16:45:00.000Z,371.18,371.68,370.96,371.02,382009.53175100003
2026-04-02T17:00:00.000Z,371.04,371.3499,370.485,371.3187,649460.03317
2026-04-02T17:15:00.000Z,371.3,371.89,371.2801,371.58,389086.585429
2026-04-02T17:30:00.000Z,371.6,371.84,371.3,371.54,373290.36706300004
2026-04-02T17:45:00.000Z,371.55,371.61,370.51,370.8599,406647.924411
2026-04-02T18:00:00.000Z,370.875,371.679,370.83,371.31,373237.45945
2026-04-02T18:15:00.000Z,371.31,371.545,370.94,371.0494,324639.207602
2026-04-02T18:30:00.000Z,371.02,371.61,370.92,371.6097,430934.537951
2026-04-02T18:45:00.000Z,371.59,371.69,371.08,371.36,405434.08333
2026-04-02T19:00:00.000Z,371.38,371.54,370.85,371.2,517841.609624
2026-04-02T19:15:00.000Z,371.195,373.2,370.725,372.5799,1429418.401529
2026-04-02T19:30:00.000Z,372.58,373.16,372.08,372.27,1187168.043241
2026-04-02T19:45:00.000Z,372.25,373.64,372.0101,373.5,1701329.563027
2026-04-06T13:30:00.000Z,373.49,373.73,369.5014,371.06,1606376.731458
2026-04-06T13:45:00.000Z,371.055,373.28,370.97,373.235,864026.8881910001
2026-04-06T14:00:00.000Z,373.19,373.53,371.69,372.75,745728.431247
2026-04-06T14:15:00.000Z,372.73,373.07,372.41,372.65,488049.85028500005
2026-04-06T14:30:00.000Z,372.69,372.99,371.5,371.86,504984.324378
2026-04-06T14:45:00.000Z,371.84,372.3115,371.14,371.98,446489.364554
2026-04-06T15:00:00.000Z,372,372.67,371.56,372.33,558294.101418
2026-04-06T15:15:00.000Z,372.32,372.43,371.3001,371.37,389896.972284
2026-04-06T15:30:00.000Z,371.4,371.59,370.83,371.41,372357.82708700007
2026-04-06T15:45:00.000Z,371.41,371.82,371.28,371.6099,326956.40680500004
2026-04-06T16:00:00.000Z,371.59,371.66,371.24,371.5,538430.9078619999
2026-04-06T16:15:00.000Z,371.52,372.09,371.36,372.005,410788.10531899997
2026-04-06T16:30:00.000Z,372.005,373,371.82,372.6377,401846.543179
2026-04-06T16:45:00.000Z,372.62,372.72,371.83,372.17,405069.7453850001
2026-04-06T17:00:00.000Z,372.2,372.2093,370.6901,371.0451,467263.23560899997
2026-04-06T17:15:00.000Z,371.02,372.33,370.82,372.265,341741.51312400005
2026-04-06T17:30:00.000Z,372.25,372.67,371.8001,372.635,397208.95017599995
2026-04-06T17:45:00.000Z,372.63,372.66,371.61,371.64,273692.14483
2026-04-06T18:00:00.000Z,371.66,372.75,371.48,372.6621,499858.08838100004
2026-04-06T18:15:00.000Z,372.68,373.66,372.675,372.93,417223.04328600003
2026-04-06T18:30:00.000Z,372.92,373.32,372.3061,372.465,252103.26257500006
2026-04-06T18:45:00.000Z,372.48,372.71,372.26,372.546,300925.33149699995
2026-04-06T19:00:00.000Z,372.56,372.8,372.12,372.63,355189.35274900007
2026-04-06T19:15:00.000Z,372.64,372.74,372.2,372.41,327768.10130899993
2026-04-06T19:30:00.000Z,372.41,372.54,371.77,372.52,396137.41192900005
2026-04-06T19:45:00.000Z,372.5,373.15,372.27,372.861,1055081.684041
2026-04-07T13:30:00.000Z,370.34,371.48,369.77,370.565,1299189.8527650002
2026-04-07T13:45:00.000Z,370.57,371.45,369.6403,369.66,687674.529048
2026-04-07T14:00:00.000Z,369.65,369.86,367.88,368.45,876026.415784
2026-04-07T14:15:00.000Z,368.47,369.8,368.31,369.735,600459.890195
2026-04-07T14:30:00.000Z,369.735,370.03,368.73,369.08,414662.176966
2026-04-07T14:45:00.000Z,369.055,369.38,367.35,367.375,607232.62354
2026-04-07T15:00:00.000Z,367.35,367.64,366.56,367.59,624681.388339
2026-04-07T15:15:00.000Z,367.56,368.74,367.49,368.115,580440.853028
2026-04-07T15:30:00.000Z,368.115,368.5,367.885,368.25,616332.055319
2026-04-07T15:45:00.000Z,368.25,369.47,368.225,369.2301,351266.61317400006
2026-04-07T16:00:00.000Z,369.28,370.86,369.2,369.8,592630.393038
2026-04-07T16:15:00.000Z,369.77,370.84,369.59,370.71,1631652.066294
2026-04-07T16:30:00.000Z,370.68,370.82,370.2,370.59,290270.98031600006
2026-04-07T16:45:00.000Z,370.62,371.165,370.615,370.719,523454.95003999997
2026-04-07T17:00:00.000Z,370.67,371.18,370.27,370.33,322801.00018900004
2026-04-07T17:15:00.000Z,370.32,370.56,370.08,370.3173,351086.66410500003
2026-04-07T17:30:00.000Z,370.33,371.78,370.3,370.91,335522.35430600005
2026-04-07T17:45:00.000Z,370.929,371.08,370.56,370.82,219851.769262
2026-04-07T18:00:00.000Z,370.82,371.26,370.61,370.6801,297305.002981
2026-04-07T18:15:00.000Z,370.705,370.77,370.04,370.2495,394463.047166
2026-04-07T18:30:00.000Z,370.24,370.45,369.6,369.79,421880.84070100007
2026-04-07T18:45:00.000Z,369.79,370.045,368.65,368.92,472925.9982619999
2026-04-07T19:00:00.000Z,368.9,369.48,368.725,369.275,492600.099894
2026-04-07T19:15:00.000Z,369.275,371.61,369.18,370.85,781036.0545450001
2026-04-07T19:30:00.000Z,370.85,371.25,370.23,371.06,516679.19858400006
2026-04-07T19:45:00.000Z,371,372.45,370.75,372.27,1648971.367144
2026-04-08T13:30:00.000Z,384.98,385,378.54,378.56,3583507.6450670008
2026-04-08T13:45:00.000Z,378.57,380.22,378.25,379.05,1277243.2068179997
2026-04-08T14:00:00.000Z,379.11,379.49,378.3,378.58,1056378.736772
2026-04-08T14:15:00.000Z,378.58,379.56,378.42,378.695,1031374.864202
2026-04-08T14:30:00.000Z,378.71,379.4199,378.3,378.84,992309.058787
2026-04-08T14:45:00.000Z,378.83,379.11,376.95,378.21,1158468.8431580001
2026-04-08T15:00:00.000Z,378.24,378.57,377.53,377.7697,654711.8636810002
2026-04-08T15:15:00.000Z,377.752,377.752,376.99,377.43,586165.000226
2026-04-08T15:30:00.000Z,377.48,378.19,377.11,378.17,555525.106043
2026-04-08T15:45:00.000Z,378.17,378.8,377.94,378.52,1148361.809292
2026-04-08T16:00:00.000Z,378.52,379,378.31,378.34,716614.356743
2026-04-08T16:15:00.000Z,378.355,378.64,377.675,378.03,522515.94813499996
2026-04-08T16:30:00.000Z,378.04,378.66,377.87,378.51,693868.180246
2026-04-08T16:45:00.000Z,378.5,378.7993,378.2,378.43,496748.08653000003
2026-04-08T17:00:00.000Z,378.4457,378.69,377.88,377.9,417712.28783499997
2026-04-08T17:15:00.000Z,377.92,378,376.45,376.76,571223.520041
2026-04-08T17:30:00.000Z,376.785,376.97,375.11,375.475,861968.0683660001
2026-04-08T17:45:00.000Z,375.475,376.03,375.15,375.73,631747.981849
2026-04-08T18:00:00.000Z,375.77,376.22,375.33,375.35,615026.83004
2026-04-08T18:15:00.000Z,375.35,375.49,373.88,374.4,925603.235999
2026-04-08T18:30:00.000Z,374.4,374.5,373.15,373.2,688363.5022410001
2026-04-08T18:45:00.000Z,373.2039,373.4312,372.12,372.33,912492.1744429999
2026-04-08T19:00:00.000Z,372.31,372.69,371.91,372.543,942743.225261
2026-04-08T19:15:00.000Z,372.54,372.56,371.41,371.47,1027518.06713
2026-04-08T19:30:00.000Z,371.46,372.52,371.43,372.23,1077581.3127059997
2026-04-08T19:45:00.000Z,372.235,374.48,372.18,374.3,2619913.724578
2026-04-09T13:30:00.000Z,372.5,372.96,368.31,369.785,2295709.098131
2026-04-09T13:45:00.000Z,369.82,370.1001,367.6401,368.35,1605532.8966950001
2026-04-09T14:00:00.000Z,368.35,368.59,367.05,368.255,1418197.3487499997
2026-04-09T14:15:00.000Z,368.26,368.39,367.12,367.56,1262699.0795139999
2026-04-09T14:30:00.000Z,367.51,367.94,367.06,367.27,842461.953319
2026-04-09T14:45:00.000Z,367.25,368.13,367.13,368.13,957159.123705
2026-04-09T15:00:00.000Z,368.13,368.74,367.7,368.73,949351.9293999999
2026-04-09T15:15:00.000Z,368.715,369.865,368.66,368.87,929294.876001
2026-04-09T15:30:00.000Z,368.885,369.86,368.4,369.02,845267.4235410001
2026-04-09T15:45:00.000Z,369.03,370.45,368.7201,370.24,815104.3064840001
2026-04-09T16:00:00.000Z,370.2351,372.01,370.16,371.075,822818.4888409999
2026-04-09T16:15:00.000Z,371.1,371.7,370.99,371.31,534687.35703
2026-04-09T16:30:00.000Z,371.3,371.555,371.045,371.54,592044.9983129998
2026-04-09T16:45:00.000Z,371.52,372.3,371.27,371.9699,671626.743944
2026-04-09T17:00:00.000Z,371.955,372.91,371.8401,372.63,734879.4481869999
2026-04-09T17:15:00.000Z,372.64,372.93,371.82,371.875,682068.9329039999
2026-04-09T17:30:00.000Z,371.87,372.8099,371.17,372.3661,810886.9186079999
2026-04-09T17:45:00.000Z,372.39,372.4799,371.77,371.8897,556465.08618
2026-04-09T18:00:00.000Z,371.9,371.99,369.6,369.735,894263.1744559999
2026-04-09T18:15:00.000Z,369.72,369.78,368.85,369.58,925292.6027249999
2026-04-09T18:30:00.000Z,369.5894,370.5,369.42,370.21,532043.8538660001
2026-04-09T18:45:00.000Z,370.21,370.57,370.02,370.49,481266.463061
2026-04-09T19:00:00.000Z,370.495,371.44,370.36,371.42,609913.5736070002
2026-04-09T19:15:00.000Z,371.44,372.44,371.23,372.27,831039.6168660001
2026-04-09T19:30:00.000Z,372.27,372.6299,372.01,372.55,912367.6179119999
2026-04-09T19:45:00.000Z,372.54,373.5,372.4101,373.01,2007461.816329
2026-04-10T13:30:00.000Z,372.98,375.64,371.59,373.89,2259937.6130489996
2026-04-10T13:45:00.000Z,373.89,374.3699,371.1,372.981,1853213.1886760003
2026-04-10T14:00:00.000Z,372.9,373.86,371.65,373.86,1159257.911425
2026-04-10T14:15:00.000Z,373.835,374.17,372.88,372.95,893873.8554720001
2026-04-10T14:30:00.000Z,372.975,374.3,372.9,373.205,764330.464646
2026-04-10T14:45:00.000Z,373.2075,373.6,371.6612,372.255,949495.8508279999
2026-04-10T15:00:00.000Z,372.26,372.96,371.945,372.68,814946.5822670001
2026-04-10T15:15:00.000Z,372.655,373.28,372.1,372.18,790963.3041439999
2026-04-10T15:30:00.000Z,372.17,372.24,370.63,371.0053,1093564.61849
2026-04-10T15:45:00.000Z,371.0042,371.045,370.15,370.74,831119.614366
2026-04-10T16:00:00.000Z,370.74,371.94,370.5,371.7506,608479.546193
2026-04-10T16:15:00.000Z,371.75,372.42,371.7,372.19,520287.493565
2026-04-10T16:30:00.000Z,372.21,372.2399,370.92,371.05,534648.070536
2026-04-10T16:45:00.000Z,371.0699,371.4864,370.9,371.44,492919.055
2026-04-10T17:00:00.000Z,371.439,371.51,370.9501,371.35,367349.927146
2026-04-10T17:15:00.000Z,371.36,371.47,370.872,370.92,491719.79768699995
2026-04-10T17:30:00.000Z,370.89,371.11,370.32,371.0201,1423323.376248
2026-04-10T17:45:00.000Z,371.02,371.16,370.44,371.16,429714.61749200005
2026-04-10T18:00:00.000Z,371.178,371.2,370.03,370.4551,569835.801776
2026-04-10T18:15:00.000Z,370.4567,370.84,370.12,370.36,514196.025571
2026-04-10T18:30:00.000Z,370.38,370.6,370.06,370.35,469795.84641600004
2026-04-10T18:45:00.000Z,370.3502,371.0199,370.2,371.01,465009.23066800006
2026-04-10T19:00:00.000Z,371.01,371.58,370.95,371.54,653529.276946
2026-04-10T19:15:00.000Z,371.55,371.76,371.23,371.48,599575.37482
2026-04-10T19:30:00.000Z,371.48,371.53,370.9218,371.3194,780518.5226789999
2026-04-10T19:45:00.000Z,371.3,371.7,370.59,370.87,1932276.3521299998
2026-04-13T13:30:00.000Z,373.605,373.84,371.02,371.53,2225268.053873
2026-04-13T13:45:00.000Z,371.53,374.56,371.26,374.46,1404016.7881929995
2026-04-13T14:00:00.000Z,374.5,377.91,374.42,375.775,2716314.4962649997
2026-04-13T14:15:00.000Z,375.765,377.5,374.53,377.48,1265732.0987609997
2026-04-13T14:30:00.000Z,377.48,377.56,375.97,376.81,946564.7814109998
2026-04-13T14:45:00.000Z,376.7767,379.63,376.59,379.32,1321384.908822
2026-04-13T15:00:00.000Z,379.37,379.47,378.18,378.45,1025488.9872259999
2026-04-13T15:15:00.000Z,378.45,380.56,378.42,380.39,1024239.087595
2026-04-13T15:30:00.000Z,380.39,381.1299,379.7801,380.525,971614.1301380001
2026-04-13T15:45:00.000Z,380.525,380.66,379.8,379.875,758959.071721
2026-04-13T16:00:00.000Z,379.88,380.25,379.285,380.135,815426.3359409999
2026-04-13T16:15:00.000Z,380.135,381.57,379.96,381.41,911193.566348
2026-04-13T16:30:00.000Z,381.43,381.88,380.045,380.56,788760.3142729998
2026-04-13T16:45:00.000Z,380.555,381.185,380.19,381.095,674831.301548
2026-04-13T17:00:00.000Z,381.12,381.62,380.77,381.58,630520.306918
2026-04-13T17:15:00.000Z,381.585,381.8299,381.2901,381.69,585847.302763
2026-04-13T17:30:00.000Z,381.698,381.94,381.45,381.57,591738.3806820001
2026-04-13T17:45:00.000Z,381.58,381.99,381.21,381.965,710135.870736
2026-04-13T18:00:00.000Z,381.98,382.32,381.7594,382.14,750988.0146620001
2026-04-13T18:15:00.000Z,382.14,382.25,381.58,381.815,649580.8051179999
2026-04-13T18:30:00.000Z,381.815,382.235,381.77,381.94,645387.020449
2026-04-13T18:45:00.000Z,381.9347,382.58,381.9347,382.53,668313.7844489999
2026-04-13T19:00:00.000Z,382.54,382.67,381.94,381.98,1186067.548125
2026-04-13T19:15:00.000Z,381.98,382.45,381.5901,382.35,835513.6209219999
2026-04-13T19:30:00.000Z,382.35,382.94,382.25,382.64,963110.135186
2026-04-13T19:45:00.000Z,382.64,384.54,382.61,384.37,2854706.413044
2026-04-14T13:30:00.000Z,387.915,394.4699,386.52,392.73,4333973.780066
2026-04-14T13:45:00.000Z,392.77,393.56,389.79,390.015,2034168.322571
2026-04-14T14:00:00.000Z,390.03,391.65,389.75,390.965,1540117.625343
2026-04-14T14:15:00.000Z,390.965,392.8699,390.16,392.5538,1516099.5207560002
2026-04-14T14:30:00.000Z,392.5351,393.59,391.85,392.06,1182551.886187
2026-04-14T14:45:00.000Z,392.06,392.36,391.3001,391.66,976600.028483
2026-04-14T15:00:00.000Z,391.65,392.07,390.41,390.45,945346.4522340001
2026-04-14T15:15:00.000Z,390.41,392.0435,390.4,391.6401,906402.690932
2026-04-14T15:30:00.000Z,391.68,393.09,391.66,393.07,905382.018404
2026-04-14T15:45:00.000Z,393.07,393.88,393.01,393.6,917048.9565930002
2026-04-14T16:00:00.000Z,393.6,393.94,393.44,393.725,674146.3278419999
2026-04-14T16:15:00.000Z,393.73,394.62,393.65,394.33,840240.2082
2026-04-14T16:30:00.000Z,394.32,394.525,393.41,393.75,706724.7753420001
2026-04-14T16:45:00.000Z,393.76,394.3788,393.75,394.35,649790.203742
2026-04-14T17:00:00.000Z,394.36,394.63,393.88,394.09,616324.9388129999
2026-04-14T17:15:00.000Z,394.1,394.4,393.84,394.155,609291.329932
2026-04-14T17:30:00.000Z,394.16,394.63,394.035,394.5788,576541.049756
2026-04-14T17:45:00.000Z,394.59,394.69,392.5,392.875,697769.813485
2026-04-14T18:00:00.000Z,392.86,392.99,390.84,391.36,1110171.1363829998
2026-04-14T18:15:00.000Z,391.36,391.4,390.3141,391.27,889647.3060140001
2026-04-14T18:30:00.000Z,391.2751,392.31,391.24,391.54,774843.038581
2026-04-14T18:45:00.000Z,391.53,391.61,390.93,391.24,1072395.231447
2026-04-14T19:00:00.000Z,391.24,392.2199,391.1485,392.03,732198.761701
2026-04-14T19:15:00.000Z,392.025,392.43,391.86,392.285,686381.763004
2026-04-14T19:30:00.000Z,392.28,392.77,392.1404,392.51,1874708.965291
2026-04-14T19:45:00.000Z,392.52,393.85,392.36,393.11,2502550.588152
2026-04-15T13:30:00.000Z,398,403.48,396.73,402.07,4156784.637375
2026-04-15T13:45:00.000Z,402.12,403.9,401.65,402.67,1873781.1883500002
2026-04-15T14:00:00.000Z,402.67,405.84,402.58,405.7777,2322417.4433320006
2026-04-15T14:15:00.000Z,405.8294,406.88,405.25,406.09,1906604.2329829999
2026-04-15T14:30:00.000Z,406.095,406.9,405.43,405.77,1365298.730995
2026-04-15T14:45:00.000Z,405.78,407.9,405.68,407.69,1443754.690584
2026-04-15T15:00:00.000Z,407.665,408.89,406.6301,407.28,1680844.0630869996
2026-04-15T15:15:00.000Z,407.28,408.52,407.18,407.91,1290590.0054350002
2026-04-15T15:30:00.000Z,407.93,407.95,406.6175,406.835,993551.7587930002
2026-04-15T15:45:00.000Z,406.835,407.67,406.73,407.2,743825.1836910001
2026-04-15T16:00:00.000Z,407.15,407.985,406.825,407.965,785248.7361539999
2026-04-15T16:15:00.000Z,407.96,409.45,407.95,409.18,1015512.1156789998
2026-04-15T16:30:00.000Z,409.18,409.28,407.66,407.885,952715.601745
2026-04-15T16:45:00.000Z,407.885,408.83,407.46,407.995,948566.895717
2026-04-15T17:00:00.000Z,408.03,408.93,407.91,408.33,569591.722025
2026-04-15T17:15:00.000Z,408.31,409.94,408.31,409.735,835408.467635
2026-04-15T17:30:00.000Z,409.735,410.42,409.22,409.785,1023777.0559190001
2026-04-15T17:45:00.000Z,409.8,410.3,409.4605,410.035,705529.97019
2026-04-15T18:00:00.000Z,410.035,411.605,409.78,411.575,1039151.2919950001
2026-04-15T18:15:00.000Z,411.59,412.67,411.24,412.42,1485315.6327089998
2026-04-15T18:30:00.000Z,412.43,414.3699,412.43,412.85,1821516.490826
2026-04-15T18:45:00.000Z,412.88,414.05,412.88,413.81,1505583.124254
2026-04-15T19:00:00.000Z,413.775,413.82,412.9701,413.32,1373455.4049690003
2026-04-15T19:15:00.000Z,413.33,413.67,412.6216,413.22,1244422.433142
2026-04-15T19:30:00.000Z,413.215,413.215,411.36,412.245,1603527.026776
2026-04-15T19:45:00.000Z,412.23,412.3,410.72,411.2728,2943142.350532
2026-04-16T13:30:00.000Z,419.86,420,415.68,417.35,4854792.855987001
2026-04-16T13:45:00.000Z,417.35,417.84,412.2808,413.32,2490261.804592
2026-04-16T14:00:00.000Z,413.31,415.09,412.14,413.91,1762914.9470560004
2026-04-16T14:15:00.000Z,413.915,415.0599,413.13,414.89,1230282.3520160003
2026-04-16T14:30:00.000Z,414.875,415.9,414.6,415.37,1075891.966268
2026-04-16T14:45:00.000Z,415.38,415.65,414.45,414.88,948080.069863
2026-04-16T15:00:00.000Z,414.9,416.11,413.87,416.09,1079872.805645
2026-04-16T15:15:00.000Z,416.11,418.12,416,416.57,1330145.940017
2026-04-16T15:30:00.000Z,416.5,418.39,416.29,417.74,1000066.3030070001
2026-04-16T15:45:00.000Z,417.735,419.54,417.7,419.43,1244122.06745
2026-04-16T16:00:00.000Z,419.43,420.56,419.2894,419.83,1415121.038521
2026-04-16T16:15:00.000Z,419.8,419.905,419.0484,419.32,821370.0520560001
2026-04-16T16:30:00.000Z,419.33,419.64,417.77,419.56,927699.369675
2026-04-16T16:45:00.000Z,419.56,420.03,418.7,418.745,845928.933588
2026-04-16T17:00:00.000Z,418.77,419.18,418,418.085,701855.0410790001
2026-04-16T17:15:00.000Z,418.09,419.39,417.77,419.085,734203.252011
2026-04-16T17:30:00.000Z,419.11,420.015,418.84,419.953,632324.551948
2026-04-16T17:45:00.000Z,419.97,420.08,419.22,419.52,631145.2495210001
2026-04-16T18:00:00.000Z,419.5,419.73,417.87,418.21,730632.3543959999
2026-04-16T18:15:00.000Z,418.21,418.24,417.01,417.5,669200.581332
2026-04-16T18:30:00.000Z,417.49,419.59,417.45,419.35,854749.6525670002
2026-04-16T18:45:00.000Z,419.34,419.6899,418.94,419.1953,631271.9693719998
2026-04-16T19:00:00.000Z,419.22,419.43,417.73,418.03,832099.381911
2026-04-16T19:15:00.000Z,418.02,418.9,417.75,418.35,965870.831547
2026-04-16T19:30:00.000Z,418.34,420.2,418.07,420.0325,1107610.308032
2026-04-16T19:45:00.000Z,420.03,420.82,419.44,420.045,3165107.2709720004
2026-04-17T13:30:00.000Z,424.82,426.17,422.95,425.86,5318632.189828001
2026-04-17T13:45:00.000Z,425.895,426.21,423.95,424.73,1977672.248148
2026-04-17T14:00:00.000Z,424.7136,425.15,423.645,424.69,1656059.1568190001
2026-04-17T14:15:00.000Z,424.62,426.19,424.11,425.845,1873416.9649960003
2026-04-17T14:30:00.000Z,425.87,428.5,425.87,428.13,1971207.516819
2026-04-17T14:45:00.000Z,428.13,430.36,427.54,430.05,1745255.347584
2026-04-17T15:00:00.000Z,430.06,431.2,429.62,429.77,2139249.4531489997
2026-04-17T15:15:00.000Z,429.745,431.58,429.71,430.32,1527600.282748
2026-04-17T15:30:00.000Z,430.34,430.75,428.4,428.42,1791416.9275299998
2026-04-17T15:45:00.000Z,428.42,429.13,427.65,428.18,1475689.7885299998
2026-04-17T16:00:00.000Z,428.225,428.92,427.96,428.4657,767661.307371
2026-04-17T16:15:00.000Z,428.485,428.68,427.12,428.61,952215.8065030002
2026-04-17T16:30:00.000Z,428.62,429.4799,428.5,428.81,725062.8163640001
2026-04-17T16:45:00.000Z,428.805,428.92,426.86,427.05,836571.135486
2026-04-17T17:00:00.000Z,427.08,427.15,425.35,425.6,1171146.8330110002
2026-04-17T17:15:00.000Z,425.6,425.635,423.31,423.86,1353140.9077160002
2026-04-17T17:30:00.000Z,423.87,424.98,423.68,424.83,983678.6939889998
2026-04-17T17:45:00.000Z,424.815,425.24,424.4401,424.55,827824.4500559999
2026-04-17T18:00:00.000Z,424.565,424.7601,423.01,423.1099,895461.047388
2026-04-17T18:15:00.000Z,423.13,423.38,420.69,420.93,1613191.0370550002
2026-04-17T18:30:00.000Z,420.94,422.64,420.94,421.985,1229045.905986
2026-04-17T18:45:00.000Z,422,422.18,421.4,421.67,669467.00806
2026-04-17T19:00:00.000Z,421.68,422,421.3381,421.615,794845.641546
2026-04-17T19:15:00.000Z,421.6,422.99,421.57,422.645,1218239.827109
2026-04-17T19:30:00.000Z,422.645,423.4,422.3,422.96,935291.936821
2026-04-17T19:45:00.000Z,422.94,423.75,422.13,422.65,2592651.261434
2026-04-20T13:30:00.000Z,421.145,423.33,417.11,417.36,2487402.019684001
2026-04-20T13:45:00.000Z,417.36,420.61,417.2,420.53,1116803.5705670002
2026-04-20T14:00:00.000Z,420.53,422.765,420.53,421.0701,1323736.9662060002
2026-04-20T14:15:00.000Z,421.07,421.2,419.33,419.5,1073534.7218050002
2026-04-20T14:30:00.000Z,419.47,419.686,418.36,418.36,706445.4861399999
2026-04-20T14:45:00.000Z,418.35,419.32,417.78,418.1,948787.9522589999
2026-04-20T15:00:00.000Z,418.12,418.64,416.3,417.5,1171296.212388
2026-04-20T15:15:00.000Z,417.49,418.22,416.89,418.15,717999.1501409999
2026-04-20T15:30:00.000Z,418,418,416.6,417.17,772991.7927170001
2026-04-20T15:45:00.000Z,417.16,417.886,416.75,417.475,781856.750431
2026-04-20T16:00:00.000Z,417.48,418.3397,417.415,418.28,517580.30072
2026-04-20T16:15:00.000Z,418.28,418.93,417.81,418.85,660824.9081600001
2026-04-20T16:30:00.000Z,418.92,419.54,418.6101,419.335,464707.61071200005
2026-04-20T16:45:00.000Z,419.3,419.5,418.59,418.8,379201.10893900006
2026-04-20T17:00:00.000Z,418.8,419.45,418.51,419.38,463190.9644
2026-04-20T17:15:00.000Z,419.38,420.17,418.971,419.1601,911448.566802
2026-04-20T17:30:00.000Z,419.14,419.1799,418.22,418.67,531366.112822
2026-04-20T17:45:00.000Z,418.65,419.129,418.31,418.37,346092.534941
2026-04-20T18:00:00.000Z,418.38,418.52,417.81,418.37,512101.64491400006
2026-04-20T18:15:00.000Z,418.3899,419.06,418.151,418.62,546993.01144
2026-04-20T18:30:00.000Z,418.62,418.68,417.3,417.51,676475.8792669998
2026-04-20T18:45:00.000Z,417.52,417.74,416.73,416.99,655402.265104
2026-04-20T19:00:00.000Z,416.98,417.71,416.97,417.33,533412.436015
2026-04-20T19:15:00.000Z,417.34,417.96,417.16,417.33,528150.058191
2026-04-20T19:30:00.000Z,417.33,417.8667,416.98,417.1,648586.721289
2026-04-20T19:45:00.000Z,417.1,418.17,416.8,418.08,2632378.997691
2026-04-21T13:30:00.000Z,420.24,421.6499,417.2,421.005,1920721.4167569997
2026-04-21T13:45:00.000Z,421.05,424,420.0501,423.875,1442425.102794
2026-04-21T14:00:00.000Z,423.91,425,422.78,424.09,1355102.8427330002
2026-04-21T14:15:00.000Z,424.14,425.39,423.62,425.125,1115860.5333729996
2026-04-21T14:30:00.000Z,425.1483,427.18,425.01,426.43,1491852.614764
2026-04-21T14:45:00.000Z,426.43,426.4899,424.2,424.24,1196570.4870640002
2026-04-21T15:00:00.000Z,424.26,425.2,422.92,424.605,1373844.3694449998
2026-04-21T15:15:00.000Z,424.605,426.39,424.2,424.695,969539.6553020003
2026-04-21T15:30:00.000Z,424.66,425.37,424.44,425.2,569914.5595290001
2026-04-21T15:45:00.000Z,425.25,426.16,424.7,426.15,704298.8562229999
2026-04-21T16:00:00.000Z,426.18,426.92,425,425.58,872311.505887
2026-04-21T16:15:00.000Z,425.56,425.835,424.54,424.95,663716.3180520001
2026-04-21T16:30:00.000Z,424.93,426.48,424.8515,425.4,655506.9200099999
2026-04-21T16:45:00.000Z,425.4,425.835,424.79,424.96,530446.883319
2026-04-21T17:00:00.000Z,424.97,425.78,424.18,424.55,1162021.6000029999
2026-04-21T17:15:00.000Z,424.52,424.865,423.41,424.76,786142.2473749999
2026-04-21T17:30:00.000Z,424.8,426.83,424.71,426.37,758563.7786889999
2026-04-21T17:45:00.000Z,426.3401,426.75,425.6533,426.1603,634817.223287
2026-04-21T18:00:00.000Z,426.2,426.9,425.6,426.02,710916.029843
2026-04-21T18:15:00.000Z,426.06,426.25,425.13,425.79,568162.390099
2026-04-21T18:30:00.000Z,425.78,426.28,425.54,425.92,515371.208878
2026-04-21T18:45:00.000Z,425.9,426.72,425.29,426.445,631148.8465159999
2026-04-21T19:00:00.000Z,426.48,427.18,426.11,426.4,826220.2881679999
2026-04-21T19:15:00.000Z,426.41,426.68,426.04,426.475,576216.198601
2026-04-21T19:30:00.000Z,426.5,426.56,423.31,423.88,1422128.091008
2026-04-21T19:45:00.000Z,423.88,424.44,423.59,424.3,2525550.359226
2026-04-22T13:30:00.000Z,426.185,428.56,423.67,428.203,2494859.5726840002
2026-04-22T13:45:00.000Z,428.21,429.2,427.51,428.1,1203170.3846289997
2026-04-22T14:00:00.000Z,428.15,430.6,428.08,429.74,1405526.784449
2026-04-22T14:15:00.000Z,429.78,431.29,429.17,431.125,1373289.1109230001
2026-04-22T14:30:00.000Z,431.135,431.76,430.025,430.0665,1298623.6319330002
2026-04-22T14:45:00.000Z,430.0845,431.03,429.53,430.44,826540.625635
2026-04-22T15:00:00.000Z,430.41,431.69,429.78,431.28,788576.8520229999
2026-04-22T15:15:00.000Z,431.26,432.32,431.1001,432.135,909916.006779
2026-04-22T15:30:00.000Z,432.135,433.19,431.84,432.175,878274.915228
2026-04-22T15:45:00.000Z,432.175,432.88,431.5715,431.62,699461.848984
2026-04-22T16:00:00.000Z,431.63,432.53,431.39,431.87,516704.59573199996
2026-04-22T16:15:00.000Z,431.9,432.07,431.5,431.71,562496.27255
2026-04-22T16:30:00.000Z,431.73,432.28,431.1,431.26,579077.650693
2026-04-22T16:45:00.000Z,431.24,431.335,430.33,430.61,462278.94599399995
2026-04-22T17:00:00.000Z,430.6299,431.8,430.5635,431.555,515752.159608
2026-04-22T17:15:00.000Z,431.6,432.0924,431.1601,431.31,477412.23293799994
2026-04-22T17:30:00.000Z,431.32,431.8183,431.2,431.3403,312792.77385899995
2026-04-22T17:45:00.000Z,431.35,431.97,430.95,431.1875,399730.579689
2026-04-22T18:00:00.000Z,431.18,431.62,430.97,431.37,445885.772855
2026-04-22T18:15:00.000Z,431.35,431.38,430.62,430.78,826457.8785930001
2026-04-22T18:30:00.000Z,430.78,431.275,430.635,430.7999,434504.652813
2026-04-22T18:45:00.000Z,430.77,432.19,430.7004,431.265,617398.434056
2026-04-22T19:00:00.000Z,431.28,431.8,431.22,431.245,477265.16563799995
2026-04-22T19:15:00.000Z,431.245,432.09,431.23,431.905,526570.113616
2026-04-22T19:30:00.000Z,431.905,432.8,431.79,432.415,771871.25941
2026-04-22T19:45:00.000Z,432.39,433.7,432.23,432.68,3102354.224898
2026-04-23T13:30:00.000Z,419.885,423.1,418.07,420.46,3788343.947318
2026-04-23T13:45:00.000Z,420.47,421.6762,417.23,417.44,2670540.861391
2026-04-23T14:00:00.000Z,417.4,417.81,415.8,417.18,2101345.258182
2026-04-23T14:15:00.000Z,417.15,419.69,417.13,418.815,1553419.696807
2026-04-23T14:30:00.000Z,418.85,420.155,418.3201,419.975,987561.0771979999
2026-04-23T14:45:00.000Z,419.975,421.8299,419.9,421.6,1057991.1541930002
2026-04-23T15:00:00.000Z,421.56,422,420.95,421,857575.708898
2026-04-23T15:15:00.000Z,421.02,423.36,420.8,422.5,1052447.142676
2026-04-23T15:30:00.000Z,422.47,423.66,421.05,421.39,738586.7669790001
2026-04-23T15:45:00.000Z,421.39,421.39,418.45,419.26,1148083.951481
2026-04-23T16:00:00.000Z,419.19,419.67,418.15,418.91,732521.000455
2026-04-23T16:15:00.000Z,418.91,419.03,417.81,417.93,841884.775748
2026-04-23T16:30:00.000Z,417.91,417.91,416.94,417.25,799771.1739100001
2026-04-23T16:45:00.000Z,417.25,418.08,416.79,417.7399,727792.2514169997
2026-04-23T17:00:00.000Z,417.67,417.935,415.2145,415.5,1096597.5818490002
2026-04-23T17:15:00.000Z,415.5,415.71,414.495,415.2,1258943.1102059998
2026-04-23T17:30:00.000Z,415.2,415.79,411.68,412.0501,1457836.8089560003
2026-04-23T17:45:00.000Z,412.0501,414.84,411.4101,414.51,1232484.909734
2026-04-23T18:00:00.000Z,414.51,415.41,414.27,414.895,806143.543215
2026-04-23T18:15:00.000Z,414.895,415.37,414.63,415.0901,628831.700511
2026-04-23T18:30:00.000Z,415.095,416.02,414.75,414.95,1451323.6898709997
2026-04-23T18:45:00.000Z,414.95,415.03,414.15,414.55,587230.18489
2026-04-23T19:00:00.000Z,414.5,416.085,414.35,416.0787,581856.49616
2026-04-23T19:15:00.000Z,416.08,416.7299,415.75,416.3363,707222.122962
2026-04-23T19:30:00.000Z,416.355,416.66,415.11,415.25,769709.933599
2026-04-23T19:45:00.000Z,415.21,416.7,415.01,415.75,2142896.393264
2026-04-24T13:30:00.000Z,416.97,420.45,415.8,419.78,2165105.7239969997
2026-04-24T13:45:00.000Z,419.835,421.62,419.23,419.57,1233954.4642750002
2026-04-24T14:00:00.000Z,419.55,419.71,418.26,418.72,986348.1377369999
2026-04-24T14:15:00.000Z,418.73,419,417.3,417.55,802271.200029
2026-04-24T14:30:00.000Z,417.65,418.79,417.22,418.79,700353.5865919999
2026-04-24T14:45:00.000Z,418.77,419.06,418.03,418.32,601322.3793230001
2026-04-24T15:00:00.000Z,418.32,419.71,418.27,419.61,720070.7496539999
2026-04-24T15:15:00.000Z,419.63,420.0171,419.2,419.89,519392.266949
2026-04-24T15:30:00.000Z,419.88,421.57,419.88,421.45,738294.844894
2026-04-24T15:45:00.000Z,421.46,421.95,419.55,419.665,783713.512952
2026-04-24T16:00:00.000Z,419.665,419.6886,418.255,418.935,1019113.274048
2026-04-24T16:15:00.000Z,418.9,419.33,418.42,418.77,520683.03555500007
2026-04-24T16:30:00.000Z,418.76,419.61,418.75,419.39,410965.27934
2026-04-24T16:45:00.000Z,419.43,419.79,419.24,419.77,451856.391316
2026-04-24T17:00:00.000Z,419.76,419.95,419.3001,419.81,756847.375422
2026-04-24T17:15:00.000Z,419.77,419.8,418.8,418.82,440065.62213100004
2026-04-24T17:30:00.000Z,418.835,419.92,418.64,419.92,388352.160708
2026-04-24T17:45:00.000Z,419.94,421.16,419.85,420.835,597555.866955
2026-04-24T18:00:00.000Z,420.835,421.605,420.57,421.6,482916.31239799986
2026-04-24T18:15:00.000Z,421.5901,422.07,421.21,422,552448.0031420001
2026-04-24T18:30:00.000Z,422,422.79,421.8465,422.35,686107.2394310002
2026-04-24T18:45:00.000Z,422.31,422.75,422.19,422.4,536748.015702
2026-04-24T19:00:00.000Z,422.385,424.16,422.385,424.12,985670.5004020002
2026-04-24T19:15:00.000Z,424.11,424.47,423.46,423.6175,850244.9609140002
2026-04-24T19:30:00.000Z,423.65,424.23,423.17,424.161,702233.7119969999
2026-04-24T19:45:00.000Z,424.15,424.95,423.86,424.63,2377784.647059
2026-04-27T13:30:00.000Z,422.375,423.4,417.0701,420.65,2888071.085544
2026-04-27T13:45:00.000Z,420.6,421.63,419.2798,419.99,1412174.3749030004
2026-04-27T14:00:00.000Z,420.04,420.77,419.67,420.58,907363.425751
2026-04-27T14:15:00.000Z,420.58,424.68,420.5201,424.6183,1173644.0685140002
2026-04-27T14:30:00.000Z,424.585,424.64,422.51,423.4173,954528.6458360001
2026-04-27T14:45:00.000Z,423.41,423.9599,422.7,423.745,758954.6352210001
2026-04-27T15:00:00.000Z,423.76,424.04,421.37,421.9,936791.4253840001
2026-04-27T15:15:00.000Z,421.87,422.94,421.41,422.89,745638.481522
2026-04-27T15:30:00.000Z,422.925,422.98,422.01,422.51,583467.5982799999
2026-04-27T15:45:00.000Z,422.5,423.12,421.58,422.35,605314.07661
2026-04-27T16:00:00.000Z,422.31,423.545,422.19,423.45,477243.66443400003
2026-04-27T16:15:00.000Z,423.43,424.02,423.41,423.62,474314.86668599996
2026-04-27T16:30:00.000Z,423.6,424.17,423.2,423.83,361191.94909499993
2026-04-27T16:45:00.000Z,423.885,424.419,423.6,424.395,496236.9295600001
2026-04-27T17:00:00.000Z,424.3975,424.8695,423.93,424.8695,408988.7186029999
2026-04-27T17:15:00.000Z,424.855,425.18,424.25,425.08,552910.891238
2026-04-27T17:30:00.000Z,425.08,425.84,425.03,425.74,538895.957839
2026-04-27T17:45:00.000Z,425.725,425.92,425.51,425.7101,485324.03341599996
2026-04-27T18:00:00.000Z,425.71,426.62,425.54,426.54,686745.786065
2026-04-27T18:15:00.000Z,426.53,426.8499,425.88,426.64,480158.2994409999
2026-04-27T18:30:00.000Z,426.6382,427.11,426.1202,426.74,664728.0100049999
2026-04-27T18:45:00.000Z,426.72,426.72,425.53,425.895,566669.1442160001
2026-04-27T19:00:00.000Z,425.88,426.03,424.28,424.45,634530.9943870001
2026-04-27T19:15:00.000Z,424.48,425.1674,424.34,424.66,609158.310783
2026-04-27T19:30:00.000Z,424.655,426.18,424.58,425.83,952028.6853919998
2026-04-27T19:45:00.000Z,425.83,426.03,424.12,425.06,2047699.010884
2026-04-28T13:30:00.000Z,424.57,424.72,421.9,423.85,2000375.3413459999
2026-04-28T13:45:00.000Z,423.87,428.08,423.51,426.68,1740879.3436589998
2026-04-28T14:00:00.000Z,426.68,427.13,425.43,425.495,933149.1555410001
2026-04-28T14:15:00.000Z,425.495,426.91,424.95,426.3901,1210152.5207510001
2026-04-28T14:30:00.000Z,426.42,426.98,425,425.5615,780804.324088
2026-04-28T14:45:00.000Z,425.6,426.38,424.87,425.85,987862.969379
2026-04-28T15:00:00.000Z,425.85,426.77,425.32,426.6125,825430.456785
2026-04-28T15:15:00.000Z,426.64,426.7,425.35,425.8002,540151.3192990001
2026-04-28T15:30:00.000Z,425.79,426.645,425.5501,426.275,717189.1387420002
2026-04-28T15:45:00.000Z,426.3,427.69,426.07,427.6855,1285468.148348
2026-04-28T16:00:00.000Z,427.68,428.505,426.75,427.77,1511716.3079660002
2026-04-28T16:15:00.000Z,427.7625,428.58,427.4528,428.495,572787.343528
2026-04-28T16:30:00.000Z,428.48,428.65,427.385,427.88,559016.315092
2026-04-28T16:45:00.000Z,427.9,429.06,427.81,428.525,554859.193967
2026-04-28T17:00:00.000Z,428.52,429.19,427.57,427.97,552727.951584
2026-04-28T17:15:00.000Z,427.99,429.03,427.76,428.73,520841.868209
2026-04-28T17:30:00.000Z,428.73,429.03,427.66,427.8,577685.444614
2026-04-28T17:45:00.000Z,427.815,428.35,427.56,427.865,462019.441447
2026-04-28T18:00:00.000Z,427.87,427.9,426.71,426.8,529423.9085889999
2026-04-28T18:15:00.000Z,426.79,426.9302,426.31,426.61,549849.966315
2026-04-28T18:30:00.000Z,426.59,426.77,426.08,426.69,646070.483108
2026-04-28T18:45:00.000Z,426.6744,427.7058,426.44,427.6437,784124.618219
2026-04-28T19:00:00.000Z,427.625,428.06,427.03,427.68,635179.5008700001
2026-04-28T19:15:00.000Z,427.6574,429.06,427.37,428.995,1540266.884822
2026-04-28T19:30:00.000Z,429.0099,429.6,428.775,429.15,1229476.9608639998
2026-04-28T19:45:00.000Z,429.165,429.92,428.6,429.36,1992273.648311
2026-04-29T13:30:00.000Z,424.575,425.33,421.78,424.49,2637733.7872290006
2026-04-29T13:45:00.000Z,424.49,426.82,423.6201,425.545,1736716.136664
2026-04-29T14:00:00.000Z,425.5,425.55,423.785,423.995,1192198.16668
2026-04-29T14:15:00.000Z,423.98,425.23,423.2525,425.21,1022513.8983560001
2026-04-29T14:30:00.000Z,425.23,425.78,424.57,425.51,849358.8288569999
2026-04-29T14:45:00.000Z,425.575,425.6,424.6,425.33,640940.524521
2026-04-29T15:00:00.000Z,425.335,425.83,424.17,424.2,686066.3900710001
2026-04-29T15:15:00.000Z,424.19,424.91,424.04,424.3583,680111.3701340001
2026-04-29T15:30:00.000Z,424.38,425.2951,424.22,424.59,676819.8485249999
2026-04-29T15:45:00.000Z,424.595,425.19,423.64,424.335,633336.2568150001
2026-04-29T16:00:00.000Z,424.36,424.8,424.1,424.2,405601.146708
2026-04-29T16:15:00.000Z,424.2,424.41,421.74,422.02,1006025.5453979999
2026-04-29T16:30:00.000Z,422,422.2033,420.29,422.185,930610.097248
2026-04-29T16:45:00.000Z,422.17,422.8726,421.86,422.44,492441.62589900004
2026-04-29T17:00:00.000Z,422.46,422.78,421.9,422.175,771080.1843150001
2026-04-29T17:15:00.000Z,422.175,423.19,422.0103,423.16,419669.7632879999
2026-04-29T17:30:00.000Z,423.145,423.95,423,423.95,636853.803335
2026-04-29T17:45:00.000Z,423.94,424.14,423.15,423.35,503752.849382
2026-04-29T18:00:00.000Z,423.35,423.4,422.5,423.09,552238.15613
2026-04-29T18:15:00.000Z,423.07,424.225,422.94,423.655,582712.09966
2026-04-29T18:30:00.000Z,423.655,423.85,422.98,423.6,947459.462667
2026-04-29T18:45:00.000Z,423.6,425.1799,423.32,424.99,943481.355766
2026-04-29T19:00:00.000Z,425,425.43,424.15,424.71,751185.9436400001
2026-04-29T19:15:00.000Z,424.74,425.28,424.47,424.98,779946.4779590002
2026-04-29T19:30:00.000Z,424.98,425.2,423.29,423.385,1030514.5519330001
2026-04-29T19:45:00.000Z,423.38,424.83,423.17,424.64,3109841.119053
2026-04-30T13:30:00.000Z,410.81,414.42,408.3,409.8,6031497.428779001
2026-04-30T13:45:00.000Z,409.77,410.44,403.72,404.945,4092004.8623790005
2026-04-30T14:00:00.000Z,404.945,405.67,400.71,403.93,4456075.779108
2026-04-30T14:15:00.000Z,403.96,403.96,400.13,401.65,3047410.707964
2026-04-30T14:30:00.000Z,401.62,404.27,401.12,404.06,2487735.703319
2026-04-30T14:45:00.000Z,404.05,406.42,404.05,406.22,2276022.7391310004
2026-04-30T15:00:00.000Z,406.25,406.98,404.56,404.56,1523023.7962500001
2026-04-30T15:15:00.000Z,404.55,405.15,402.87,403.05,1531511.2832180003
2026-04-30T15:30:00.000Z,403.085,403.89,401.6,403.045,1562998.5859389997
2026-04-30T15:45:00.000Z,403.045,403.52,402.57,402.805,1105109.143339
2026-04-30T16:00:00.000Z,402.79,403.54,402.05,402.8269,994391.580658
2026-04-30T16:15:00.000Z,402.8121,403.07,400.8501,400.935,1530574.5846509999
2026-04-30T16:30:00.000Z,400.92,401.67,399.64,400.21,2049154.53381
2026-04-30T16:45:00.000Z,400.21,400.32,398.01,399.06,1935693.603065
2026-04-30T17:00:00.000Z,399.04,400.79,399,400.27,1169879.376179
2026-04-30T17:15:00.000Z,400.27,401.03,399.53,401.0048,1065010.743792
2026-04-30T17:30:00.000Z,400.98,401.92,400.9301,401.35,1094530.677286
2026-04-30T17:45:00.000Z,401.36,402.99,401.22,402.67,951451.5927280001
2026-04-30T18:00:00.000Z,402.58,404.9,402.54,404.55,2165100.182635
2026-04-30T18:15:00.000Z,404.565,406.1718,404.48,406.155,1076280.7991729998
2026-04-30T18:30:00.000Z,406.155,407.8,406.1,407.2,1366117.3152090001
2026-04-30T18:45:00.000Z,407.215,408.1126,406.42,407.46,1402827.3077030003
2026-04-30T19:00:00.000Z,407.445,407.8,406.65,407.135,1310374.4252420003
2026-04-30T19:15:00.000Z,407.135,408.94,406.8,408.34,1454374.024805
2026-04-30T19:30:00.000Z,408.35,409.3999,408.02,409.3,1895383.3892609999
2026-04-30T19:45:00.000Z,409.295,410.15,407.47,407.81,4915517.764343999
2026-05-01T13:30:00.000Z,412.8,416.27,410.57,413.605,3203932.304301
2026-05-01T13:45:00.000Z,413.605,416.16,411.975,412.18,1604897.4818839997
2026-05-01T14:00:00.000Z,412.23,413.2499,410.435,412.82,1477930.7546050001
2026-05-01T14:15:00.000Z,412.78,413.11,410.53,412.295,1665433.727012
2026-05-01T14:30:00.000Z,412.37,414.02,411.08,412.002,1595529.4117920003
2026-05-01T14:45:00.000Z,411.978,414.14,411.74,414.06,1522070.904511
2026-05-01T15:00:00.000Z,414.08,414.41,413.04,414.28,830746.1875920001
2026-05-01T15:15:00.000Z,414.32,414.7499,413.49,414.6,853109.146746
2026-05-01T15:30:00.000Z,414.57,416.48,414.3601,415.704,931211.837496
2026-05-01T15:45:00.000Z,415.74,417.11,415.5,415.8209,1077051.58276
2026-05-01T16:00:00.000Z,415.88,416.2986,413.65,413.81,1364383.5335670002
2026-05-01T16:15:00.000Z,413.84,414.3699,413,414.33,652270.142079
2026-05-01T16:30:00.000Z,414.31,414.5198,413.48,413.625,407625.84902399994
2026-05-01T16:45:00.000Z,413.55,413.8,412.76,413.21,660742.2391090001
2026-05-01T17:00:00.000Z,413.17,414.2104,413.15,414,419639.52018800005
2026-05-01T17:15:00.000Z,414.01,414.62,413.73,414.5077,456768.659606
2026-05-01T17:30:00.000Z,414.5,414.98,413.91,414.665,408292.57515199995
2026-05-01T17:45:00.000Z,414.62,415.35,414.36,415.205,449840.772873
2026-05-01T18:00:00.000Z,415.19,416,415.02,415.36,736205.187618
2026-05-01T18:15:00.000Z,415.355,415.99,415.24,415.5868,616556.8443870001
2026-05-01T18:30:00.000Z,415.55,415.58,414.77,414.932,540903.264413
2026-05-01T18:45:00.000Z,414.94,415.25,414.41,414.9,486639.554941
2026-05-01T19:00:00.000Z,414.9,415.68,414.6901,415.58,527030.131426
2026-05-01T19:15:00.000Z,415.57,416.31,415.11,416.25,674787.9811900001
2026-05-01T19:30:00.000Z,416.27,417.1,415.77,416.2,1076744.940511
2026-05-01T19:45:00.000Z,416.19,416.41,413.45,414.51,2384531.971362
2026-05-04T13:30:00.000Z,411.54,417.5,410.8,416.41,2404479.5662279995
2026-05-04T13:45:00.000Z,416.42,420.415,415.54,415.9,1826087.8178749995
2026-05-04T14:00:00.000Z,415.94,417.09,414.8,416.75,1375163.703443
2026-05-04T14:15:00.000Z,416.75,420.78,416.4301,419.88,1332178.9984390002
2026-05-04T14:30:00.000Z,419.895,420.5,417.42,417.68,905963.355065
2026-05-04T14:45:00.000Z,417.68,418.93,417,417.305,792925.3156109999
2026-05-04T15:00:00.000Z,417.305,418.36,416.8,417.695,829633.6488639999
2026-05-04T15:15:00.000Z,417.7,418.15,415.485,415.9,767053.4010360001
2026-05-04T15:30:00.000Z,415.93,416.09,413.56,414.7505,808180.392772
2026-05-04T15:45:00.000Z,414.73,415.2,414.1208,414.975,703017.3645879999
2026-05-04T16:00:00.000Z,414.965,415.3,413,414.97,748880.27129
2026-05-04T16:15:00.000Z,414.94,416.48,414.445,415.6992,572382.7516600001
2026-05-04T16:30:00.000Z,415.72,416.29,415.26,415.6,592473.3790710001
2026-05-04T16:45:00.000Z,415.54,415.61,413.94,414.04,610767.8138290001
2026-05-04T17:00:00.000Z,414.09,414.62,413.73,413.97,516820.6817869999
2026-05-04T17:15:00.000Z,413.995,415.18,413.995,414.575,500598.68022800004
2026-05-04T17:30:00.000Z,414.575,414.92,414.28,414.805,391808.59279500006
2026-05-04T17:45:00.000Z,414.82,415.1999,414.54,414.54,355922.1300950001
2026-05-04T18:00:00.000Z,414.55,415.54,414.53,414.71,407698.4916479999
2026-05-04T18:15:00.000Z,414.75,414.8,414.18,414.68,354196.78657500003
2026-05-04T18:30:00.000Z,414.69,414.77,413.75,413.775,414335.45230899996
2026-05-04T18:45:00.000Z,413.75,414.065,413.2,413.375,512780.57276400004
2026-05-04T19:00:00.000Z,413.41,413.48,412.0532,412.8641,851937.0411499998
2026-05-04T19:15:00.000Z,412.9,413.26,412.54,413.17,603554.070569
2026-05-04T19:30:00.000Z,413.17,413.44,412.33,412.63,745272.9692070001
2026-05-04T19:45:00.000Z,412.64,413.81,411.84,413.7,2972695.434639
2026-05-05T13:30:00.000Z,415.32,416.7799,410.834,411.215,2226179.9810939995
2026-05-05T13:45:00.000Z,411.23,412.2,410.2,410.55,1326446.818379
2026-05-05T14:00:00.000Z,410.635,412.64,409.88,410.7954,1188833.266563
2026-05-05T14:15:00.000Z,410.79,411.78,409.36,410.6,1254866.0320259999
2026-05-05T14:30:00.000Z,410.64,411.1912,409.73,410.02,761728.7492530001
2026-05-05T14:45:00.000Z,410.04,410.8999,409.66,410.3,698656.520441
2026-05-05T15:00:00.000Z,410.29,411.5499,410.12,410.335,731186.1083709999
2026-05-05T15:15:00.000Z,410.335,411.3,410.02,411.3,598416.449009
2026-05-05T15:30:00.000Z,411.32,411.6,410.5,410.5183,495897.832283
2026-05-05T15:45:00.000Z,410.535,410.57,409.168,409.37,678404.113037
2026-05-05T16:00:00.000Z,409.345,409.91,409.01,409.1799,700897.9389970001
2026-05-05T16:15:00.000Z,409.12,410.35,408.8,409.78,644747.8776319999
2026-05-05T16:30:00.000Z,409.79,410.45,409.5001,410.1012,555733.317959
2026-05-05T16:45:00.000Z,410.11,410.29,409.13,409.71,475971.267634
2026-05-05T17:00:00.000Z,409.71,409.8396,409.0601,409.2205,689096.4792750002
2026-05-05T17:15:00.000Z,409.23,410.21,409.03,410.145,739160.7336430001
2026-05-05T17:30:00.000Z,410.145,410.77,409.74,410.76,379576.95163699996
2026-05-05T17:45:00.000Z,410.76,410.9499,410.1525,410.26,379752.162426
2026-05-05T18:00:00.000Z,410.25,410.699,410.02,410.5473,383683.39262
2026-05-05T18:15:00.000Z,410.51,410.66,409.9001,410,399129.46000200004
2026-05-05T18:30:00.000Z,409.98,410.74,409.67,410.7101,434754.92678299994
2026-05-05T18:45:00.000Z,410.73,411.3865,410.67,411.0601,463176.530142
2026-05-05T19:00:00.000Z,411.095,412.395,410.9,412.33,614493.6492120001
2026-05-05T19:15:00.000Z,412.31,413.39,412.21,412.6,631476.069992
2026-05-05T19:30:00.000Z,412.6,412.775,411.97,412.17,531815.800772
2026-05-05T19:45:00.000Z,412.15,412.29,411.15,411.27,1495743.251701
2026-05-06T13:30:00.000Z,408,408.2,405.11,407.28,2950585.1918749996
2026-05-06T13:45:00.000Z,407.19,410.68,406.41,409.895,1789532.628988
2026-05-06T14:00:00.000Z,409.945,412.49,409.82,412.03,1336995.7119339998
2026-05-06T14:15:00.000Z,411.99,416.43,411.96,416,1728392.720867
2026-05-06T14:30:00.000Z,416.005,418.4228,414.9158,416.175,1727817.4390800002
2026-05-06T14:45:00.000Z,416.25,416.26,414.2901,414.93,808589.868268
2026-05-06T15:00:00.000Z,414.93,415.315,413.915,414.17,656796.1882699999
2026-05-06T15:15:00.000Z,414.15,414.68,413.12,413.41,731882.653497
2026-05-06T15:30:00.000Z,413.49,415.19,413.46,414.9114,619667.243366
2026-05-06T15:45:00.000Z,414.9,416.28,414.48,415.2067,568438.644134
2026-05-06T16:00:00.000Z,415.15,415.67,414.8,414.8693,440219.16723300004
2026-05-06T16:15:00.000Z,414.82,415.12,413.81,414.1981,431950.7426819999
2026-05-06T16:30:00.000Z,414.2234,414.3,412.265,412.9139,521784.161202
2026-05-06T16:45:00.000Z,412.9109,413.27,412.2,412.6101,385622.014474
2026-05-06T17:00:00.000Z,412.6101,413.52,412.42,413.19,437643.40296299994
2026-05-06T17:15:00.000Z,413.225,413.5,412.88,413.45,296794.477872
2026-05-06T17:30:00.000Z,413.44,413.6,412.3,412.87,364136.305491
2026-05-06T17:45:00.000Z,412.87,413.23,412.35,412.56,401526.867913
2026-05-06T18:00:00.000Z,412.56,413.82,412.26,413.66,539593.110833
2026-05-06T18:15:00.000Z,413.6775,414.0985,413.5,413.855,348803.51100399997
2026-05-06T18:30:00.000Z,413.84,414.1,413.42,413.43,325631.67011
2026-05-06T18:45:00.000Z,413.415,413.81,413.18,413.365,391837.389334
2026-05-06T19:00:00.000Z,413.365,414.08,413.24,413.95,420818.8685
2026-05-06T19:15:00.000Z,413.95,414.39,413.02,413.275,540173.2650080001
2026-05-06T19:30:00.000Z,413.275,413.3,412.62,413.06,665368.499632
2026-05-06T19:45:00.000Z,413.06,414.45,412.97,413.76,1904373.89511
2026-05-07T13:30:00.000Z,420.11,427.98,418.76,426.3,3719716.440845
2026-05-07T13:45:00.000Z,426.2599,426.58,422.68,424.22,1830304.382846
2026-05-07T14:00:00.000Z,424.12,425.35,423.305,424.1001,1256341.434216
2026-05-07T14:15:00.000Z,424.13,424.62,422.6,424.245,962925.8786639998
2026-05-07T14:30:00.000Z,424.245,424.55,422.63,423.8,862774.2046230001
2026-05-07T14:45:00.000Z,423.8,425.89,423.675,425.835,1164561.794043
2026-05-07T15:00:00.000Z,425.81,426.16,424.03,425.73,1031228.731456
2026-05-07T15:15:00.000Z,425.745,426.52,424.24,424.55,1285132.441312
2026-05-07T15:30:00.000Z,424.52,426.05,424.45,425.34,630187.2026059999
2026-05-07T15:45:00.000Z,425.358,426.55,425.25,425.4,698139.3319230002
2026-05-07T16:00:00.000Z,425.38,425.5,423.5,423.76,668559.921427
2026-05-07T16:15:00.000Z,423.71,424.955,423.08,424.885,621243.5565210001
2026-05-07T16:30:00.000Z,424.84,424.875,422.8,423.0501,498473.6960119999
2026-05-07T16:45:00.000Z,423.05,423.13,421.04,421.27,676352.179108
2026-05-07T17:00:00.000Z,421.28,422.8399,421.095,422.686,771112.3445609999
2026-05-07T17:15:00.000Z,422.7,422.78,420.6201,421.2092,722311.881923
2026-05-07T17:30:00.000Z,421.175,422.05,420.48,421.385,686745.192857
2026-05-07T17:45:00.000Z,421.35,421.98,420.73,421.93,483492.046233
2026-05-07T18:00:00.000Z,421.98,422.29,421.1804,422.005,1280018.6467950002
2026-05-07T18:15:00.000Z,422.01,423.65,421.96,423.19,532857.615141
2026-05-07T18:30:00.000Z,423.19,424.2788,422.05,422.225,1244560.7915310003
2026-05-07T18:45:00.000Z,422.225,423.3,421.95,422.95,523068.148011
2026-05-07T19:00:00.000Z,422.99,423.6099,422.39,422.76,1394641.4720810002
2026-05-07T19:15:00.000Z,422.7,422.705,421,421.4975,1476524.3028150003
2026-05-07T19:30:00.000Z,421.55,422.09,421.025,421.35,690933.1416329999
2026-05-07T19:45:00.000Z,421.36,421.4,420,420.99,2072879.379001
2026-05-08T13:30:00.000Z,417.385,417.8,414.94,416.61,2396916.4976770002
2026-05-08T13:45:00.000Z,416.63,418.63,415.73,416.4,1513237.0375389997
2026-05-08T14:00:00.000Z,416.4,417.52,415.6601,416.94,1328350.0312660001
2026-05-08T14:15:00.000Z,416.91,417.68,415.3,415.86,1244920.505718
2026-05-08T14:30:00.000Z,415.83,415.83,414.36,414.9,1162678.641977
2026-05-08T14:45:00.000Z,414.9,416.62,414.56,416.42,974359.8538479998
2026-05-08T15:00:00.000Z,416.41,417.25,416.32,417.015,805727.2016389999
2026-05-08T15:15:00.000Z,417.05,417.05,415.75,416.92,807229.543967
2026-05-08T15:30:00.000Z,416.92,417.15,415.54,416.85,672418.8767479999
2026-05-08T15:45:00.000Z,416.845,417.11,415.59,415.99,560808.8120240001
2026-05-08T16:00:00.000Z,415.93,416.62,415.35,416.415,500837.017064
2026-05-08T16:15:00.000Z,416.34,416.55,415.7501,415.82,430136.643235
2026-05-08T16:30:00.000Z,415.86,416.01,415.4,415.7963,429987.735842
2026-05-08T16:45:00.000Z,415.8,416.91,415.8,416.29,505884.43299699994
2026-05-08T17:00:00.000Z,416.29,416.67,415.9,416.618,484138.714975
2026-05-08T17:15:00.000Z,416.59,417.4,416.45,417.2,715079.5009010001
2026-05-08T17:30:00.000Z,417.2,417.35,416.08,416.1025,410927.340649
2026-05-08T17:45:00.000Z,416.12,416.24,415.6,415.82,446096.01000999997
2026-05-08T18:00:00.000Z,415.85,416.38,415.45,415.55,554982.093315
2026-05-08T18:15:00.000Z,415.57,416.1399,415.37,416.04,1120315.5500890005
2026-05-08T18:30:00.000Z,416.05,416.12,415.3,415.335,375211.93731800007
2026-05-08T18:45:00.000Z,415.335,415.6,414.62,414.82,569004.0682169999
2026-05-08T19:00:00.000Z,414.81,415.22,414.45,414.67,1571861.3254799999
2026-05-08T19:15:00.000Z,414.6891,414.93,414.19,414.83,792130.4241189997
2026-05-08T19:30:00.000Z,414.85,414.92,414,414.315,1114225.253297
2026-05-08T19:45:00.000Z,414.315,415.96,414.24,415.16,3368305.416503
2026-05-11T13:30:00.000Z,407.87,411.595,405.5,409.28,2910753.4388980004
2026-05-11T13:45:00.000Z,409.27,410.46,407.9726,410.17,1590040.2148520004
2026-05-11T14:00:00.000Z,410.1,410.6899,409.41,409.96,982194.203731
2026-05-11T14:15:00.000Z,409.98,411.48,409.38,410.67,870209.9236849998
2026-05-11T14:30:00.000Z,410.67,411.095,409.67,410.585,704088.1603529999
2026-05-11T14:45:00.000Z,410.58,410.6599,408.96,409.48,1138536.045291
2026-05-11T15:00:00.000Z,409.465,409.98,408.97,409.19,638679.45762
2026-05-11T15:15:00.000Z,409.15,412.2091,409.12,411.88,1107815.573854
2026-05-11T15:30:00.000Z,411.83,411.846,410.38,410.9,560086.111517
2026-05-11T15:45:00.000Z,410.915,410.93,410.14,410.41,524197.939271
2026-05-11T16:00:00.000Z,410.39,410.79,410.22,410.55,378753.190774
2026-05-11T16:15:00.000Z,410.554,411.17,410.24,410.91,457859.9948439999
2026-05-11T16:30:00.000Z,410.91,411.2,410,410.085,457474.61808199994
2026-05-11T16:45:00.000Z,410.08,410.6,409.48,409.56,525605.812633
2026-05-11T17:00:00.000Z,409.58,409.69,408.79,408.86,951202.1395360001
2026-05-11T17:15:00.000Z,408.88,409.6243,408.583,409.1,494857.51149199996
2026-05-11T17:30:00.000Z,409.11,411.14,409.1,411.13,519654.919732
2026-05-11T17:45:00.000Z,411.15,411.45,410.5301,411.09,481922.839417
2026-05-11T18:00:00.000Z,411.1,411.94,410.94,411.25,561588.035768
2026-05-11T18:15:00.000Z,411.27,411.88,411.24,411.38,466553.29159499996
2026-05-11T18:30:00.000Z,411.39,411.39,410.334,410.4551,377801.381609
2026-05-11T18:45:00.000Z,410.4551,411.12,410.1619,410.36,422394.7823540001
2026-05-11T19:00:00.000Z,410.38,410.5899,409.7,410.5899,625179.0335809999
2026-05-11T19:15:00.000Z,410.6,411.62,410.3112,411.579,507515.440179
2026-05-11T19:30:00.000Z,411.55,412.24,411.2501,411.82,700061.621726
2026-05-11T19:45:00.000Z,411.84,412.69,411.77,412.69,1455107.642183
2026-05-12T13:30:00.000Z,414.48,415.5,407.21,408.98,2906479.919513
2026-05-12T13:45:00.000Z,408.96,409.12,406.64,408.34,1632304.9345049998
2026-05-12T14:00:00.000Z,408.39,409.48,407.185,409.235,1342609.946844
2026-05-12T14:15:00.000Z,409.19,410.6099,408.921,409.0101,980569.991651
2026-05-12T14:30:00.000Z,409.0104,409.23,408.11,408.61,1041477.237019
2026-05-12T14:45:00.000Z,408.61,409.6499,408.335,408.54,688918.2434059998
2026-05-12T15:00:00.000Z,408.505,408.86,407.86,408.71,653890.08754
2026-05-12T15:15:00.000Z,408.75,408.86,407.87,408.33,719246.39185
2026-05-12T15:30:00.000Z,408.36,408.5,407.39,407.615,1054992.457506
2026-05-12T15:45:00.000Z,407.6401,408.86,407.42,408.695,511740.68337299995
2026-05-12T16:00:00.000Z,408.69,409.4,408.24,409.365,510900.6933700001
2026-05-12T16:15:00.000Z,409.31,409.92,408.5,409.5142,468429.135206
2026-05-12T16:30:00.000Z,409.51,410.44,408.9,410.3175,522647.2729300001
2026-05-12T16:45:00.000Z,410.315,410.34,408.73,408.99,530784.053521
2026-05-12T17:00:00.000Z,408.96,409.26,408.02,408.11,434053.825485
2026-05-12T17:15:00.000Z,408.11,409.41,407.75,408.885,469565.814335
2026-05-12T17:30:00.000Z,408.86,409.68,408.62,409.22,514543.419112
2026-05-12T17:45:00.000Z,409.22,409.33,408.6,408.8385,466596.652807
2026-05-12T18:00:00.000Z,408.8412,409.05,408.35,408.5679,305812.59027499997
2026-05-12T18:15:00.000Z,408.57,408.73,407.92,408.35,416680.93731899996
2026-05-12T18:30:00.000Z,408.316,408.49,407.28,407.8,602388.9208450001
2026-05-12T18:45:00.000Z,407.85,408.71,407.54,408.44,881963.1945599999
2026-05-12T19:00:00.000Z,408.43,408.61,407.74,408.47,761573.136859
2026-05-12T19:15:00.000Z,408.475,409.08,408,408.96,1109807.0622170002
2026-05-12T19:30:00.000Z,408.96,408.97,407.37,407.91,772777.2877219999
2026-05-12T19:45:00.000Z,407.91,408.59,407.16,407.85,2528012.4043920003
2026-05-13T13:30:00.000Z,403.2,404.776,401.03,402.3,2641355.522226
2026-05-13T13:45:00.000Z,402.29,402.95,401.15,402.735,991634.601736
2026-05-13T14:00:00.000Z,402.8,404.44,402.22,404.32,969069.000609
2026-05-13T14:15:00.000Z,404.36,404.45,403.04,403.04,679916.055496
2026-05-13T14:30:00.000Z,403.12,403.25,402.05,402.58,1002772.770698
2026-05-13T14:45:00.000Z,402.555,403.34,402.12,403.061,965041.8807569997
2026-05-13T15:00:00.000Z,403.075,404.24,402.92,404.07,791563.204165
2026-05-13T15:15:00.000Z,404.1222,404.125,402.84,403.29,591635.8364469999
2026-05-13T15:30:00.000Z,403.27,405.17,403.01,405.08,699168.5007689999
2026-05-13T15:45:00.000Z,405.0851,405.15,404.02,404.28,673838.535164
2026-05-13T16:00:00.000Z,404.28,405.35,404.08,405.25,495010.961064
2026-05-13T16:15:00.000Z,405.23,405.86,404.8001,405.655,509212.514321
2026-05-13T16:30:00.000Z,405.63,406.18,405.44,405.66,436410.497649
2026-05-13T16:45:00.000Z,405.6721,406.31,405.22,405.69,421420.27001599997
2026-05-13T17:00:00.000Z,405.74,405.9699,404.77,404.9722,485715.7413820001
2026-05-13T17:15:00.000Z,405.005,405.05,404.02,404.0943,453874.202594
2026-05-13T17:30:00.000Z,404.085,404.35,403.71,404.3025,503610.1058949999
2026-05-13T17:45:00.000Z,404.325,404.47,403.83,403.875,350233.27444
2026-05-13T18:00:00.000Z,403.88,404.61,403.8,404.525,444755.31211600004
2026-05-13T18:15:00.000Z,404.5,405.35,404.48,405.33,584634.820091
2026-05-13T18:30:00.000Z,405.33,406.17,405.1191,405.455,695727.684714
2026-05-13T18:45:00.000Z,405.455,405.8,404.9,405.025,690967.4098129999
2026-05-13T19:00:00.000Z,405.025,405.44,404.91,405.31,555489.217845
2026-05-13T19:15:00.000Z,405.31,405.67,404.41,404.6,659987.966308
2026-05-13T19:30:00.000Z,404.6,405.8985,404.31,405.39,901067.3818509999
2026-05-13T19:45:00.000Z,405.3804,405.5525,404.7,405.08,1552926.0085359998
2026-05-14T13:30:00.000Z,404.48,405.57,400.88,402.68,2196915.702448
2026-05-14T13:45:00.000Z,402.665,404.3199,402.27,402.96,1211072.956354
2026-05-14T14:00:00.000Z,402.94,405.33,402.8093,404.8325,879243.250674
2026-05-14T14:15:00.000Z,404.82,408.9761,404.65,408.875,1533154.6598690003
2026-05-14T14:30:00.000Z,408.865,409.35,406.9,408.22,1022646.4622440002
2026-05-14T14:45:00.000Z,408.18,410.284,407.87,409.52,1029918.0886059998
2026-05-14T15:00:00.000Z,409.52,411.23,409.2722,410.875,936244.432717
2026-05-14T15:15:00.000Z,410.875,411.646,410.6,411.385,851118.2893790001
2026-05-14T15:30:00.000Z,411.36,411.84,409.08,409.595,814979.542121
2026-05-14T15:45:00.000Z,409.54,409.65,408.9,408.95,619091.136352
2026-05-14T16:00:00.000Z,408.98,409.47,407.81,407.83,596153.07538
2026-05-14T16:15:00.000Z,407.83,408.29,407.25,407.725,533689.269966
2026-05-14T16:30:00.000Z,407.725,408.71,407.31,408.48,428834.39914399997
2026-05-14T16:45:00.000Z,408.47,408.77,407.3,408,419927.366763
2026-05-14T17:00:00.000Z,408,408.62,407.87,408.59,365297.675843
2026-05-14T17:15:00.000Z,408.59,409.0799,408.18,409.0799,658008.464013
2026-05-14T17:30:00.000Z,409.05,409.4882,408.25,408.99,439172.64939499996
2026-05-14T17:45:00.000Z,409.0499,409.85,408.9,409.79,1422427.9363149998
2026-05-14T18:00:00.000Z,409.74,409.83,409.0135,409.46,424892.9728180001
2026-05-14T18:15:00.000Z,409.49,409.95,409.02,409.17,288813.33419300005
2026-05-14T18:30:00.000Z,409.18,409.5,408.6801,408.7,285987.609659
2026-05-14T18:45:00.000Z,408.735,409.18,408.5,408.92,317613.6825
2026-05-14T19:00:00.000Z,408.95,409.78,408.92,409.5,357537.400205
2026-05-14T19:15:00.000Z,409.52,409.81,408.92,408.97,376579.116748
2026-05-14T19:30:00.000Z,408.97,409.6787,408.93,409.34,460423.13066500006
2026-05-14T19:45:00.000Z,409.33,409.63,409,409.54,1370628.9242480001
2026-05-15T13:30:00.000Z,414.27,418.26,412.91,415.13,5018145.9608660005
2026-05-15T13:45:00.000Z,415.17,416.5,413.52,415.315,1440413.023707
2026-05-15T14:00:00.000Z,415.4905,418.23,415.36,416.695,1916342.658218
2026-05-15T14:15:00.000Z,416.6798,419.07,416.2001,418.47,1636475.6612169999
2026-05-15T14:30:00.000Z,418.47,424,418.47,423.98,3829631.6910640006
2026-05-15T14:45:00.000Z,424,426.3199,421.79,424.44,3390336.33581
2026-05-15T15:00:00.000Z,424.49,425.05,422.75,423.29,1554838.595881
2026-05-15T15:15:00.000Z,423.24,424.73,423.08,423.37,1009974.1698609999
2026-05-15T15:30:00.000Z,423.36,423.68,420.84,420.97,927180.79185
2026-05-15T15:45:00.000Z,420.97,421.83,420.51,421.78,916737.2706350001
2026-05-15T16:00:00.000Z,421.8,424,421.75,423.82,1547750.769492
2026-05-15T16:15:00.000Z,423.82,426.44,423.34,426.04,1509482.2937449997
2026-05-15T16:30:00.000Z,425.98,426.31,423.7601,423.9,875053.176206
2026-05-15T16:45:00.000Z,423.955,425.1,423.76,424.94,716803.775944
2026-05-15T17:00:00.000Z,424.92,425,423.8101,424.95,462246.44214400003
2026-05-15T17:15:00.000Z,424.9101,426.36,424.54,425.96,814683.639679
2026-05-15T17:30:00.000Z,425.99,427.77,425.92,427.3,1303877.7385230002
2026-05-15T17:45:00.000Z,427.3,428.17,427.12,427.82,1187746.3486680002
2026-05-15T18:00:00.000Z,427.81,428.15,426.63,427.07,919535.5832780001
2026-05-15T18:15:00.000Z,427.09,427.23,425.73,425.905,763966.561102
2026-05-15T18:30:00.000Z,425.93,426.41,425.06,426.15,644976.2071790001
2026-05-15T18:45:00.000Z,426.1317,426.25,424.5007,424.7,682275.818208
2026-05-15T19:00:00.000Z,424.7,425.15,424.26,424.47,680808.1807220001
2026-05-15T19:15:00.000Z,424.45,424.6,423.76,423.9149,895620.2128979999
2026-05-15T19:30:00.000Z,423.895,424.91,423.495,423.84,1067818.044446
2026-05-15T19:45:00.000Z,423.84,424.06,420.38,421.98,3998613.230207
2026-05-18T13:30:00.000Z,416.62,421.25,415.61,419.76,2617414.0003850004
2026-05-18T13:45:00.000Z,419.76,423,419.07,422.76,1400289.0945319997
2026-05-18T14:00:00.000Z,422.73,423.7,421.1544,422.8699,1191480.1244980001
2026-05-18T14:15:00.000Z,422.825,424.16,421.33,421.84,1014383.553813
2026-05-18T14:30:00.000Z,421.885,422.3,419.1,422.21,1144206.971012
2026-05-18T14:45:00.000Z,422.1,422.3,418.945,419.1,850997.3455470001
2026-05-18T15:00:00.000Z,419.1,419.37,417.85,418.09,857997.4812359998
2026-05-18T15:15:00.000Z,418.1,418.26,417,417.63,1340868.380417
2026-05-18T15:30:00.000Z,417.625,418.4,417.12,417.24,517387.78962000005
2026-05-18T15:45:00.000Z,417.18,418.68,417.13,418.64,495864.13629200007
2026-05-18T16:00:00.000Z,418.67,419.55,418.13,419.35,395978.959551
2026-05-18T16:15:00.000Z,419.33,419.76,417.7,417.92,650068.415456
2026-05-18T16:30:00.000Z,417.94,420.2,417.9,419.175,1628201.877556
2026-05-18T16:45:00.000Z,419.165,421.22,419.0725,420.432,562229.9508300001
2026-05-18T17:00:00.000Z,420.43,421.9999,420.07,421.55,479288.44690900005
2026-05-18T17:15:00.000Z,421.5447,423.0995,421.5,423.01,524266.0664249999
2026-05-18T17:30:00.000Z,422.94,424.32,422.41,424.22,873634.528713
2026-05-18T17:45:00.000Z,424.15,425.12,423.77,424.3168,885811.2835659999
2026-05-18T18:00:00.000Z,424.3115,424.63,423.2,423.2071,1055276.9148920001
2026-05-18T18:15:00.000Z,423.19,423.99,422.82,423.855,981614.100546
2026-05-18T18:30:00.000Z,423.86,424.15,422.11,422.23,702132.12493
2026-05-18T18:45:00.000Z,422.29,422.9,420.92,421,574393.141998
2026-05-18T19:00:00.000Z,421.03,423.7599,421,422.615,699722.5147970001
2026-05-18T19:15:00.000Z,422.615,422.71,421.58,422.45,561855.528834
2026-05-18T19:30:00.000Z,422.46,423.46,422.03,422.38,678334.0589490001
2026-05-18T19:45:00.000Z,422.38,423.68,421.96,423.67,1932342.0254109998
2026-05-19T13:30:00.000Z,429.9,432.7,424.1,425.255,3821116.475696
2026-05-19T13:45:00.000Z,425.31,430.97,425.01,429.49,2335237.4231229997
2026-05-19T14:00:00.000Z,429.15,429.74,425.33,425.4201,1636705.645779
2026-05-19T14:15:00.000Z,425.43,426.8,424.71,425.04,1229873.915955
2026-05-19T14:30:00.000Z,425.03,425.99,423.75,423.795,1017808.773085
2026-05-19T14:45:00.000Z,423.795,424,422.55,423.57,864431.1951049999
2026-05-19T15:00:00.000Z,423.55,423.86,421.85,423.54,845262.150328
2026-05-19T15:15:00.000Z,423.61,423.7,420.93,420.94,668263.8494260001
2026-05-19T15:30:00.000Z,421.03,422.11,420.05,420.16,750722.2110090002
2026-05-19T15:45:00.000Z,420.16,420.3699,418.93,419.3,837948.6683919999
2026-05-19T16:00:00.000Z,419.3,420.0999,418.05,418.9,571789.993186
2026-05-19T16:15:00.000Z,418.91,419.79,417.7,417.715,603172.981653
2026-05-19T16:30:00.000Z,417.7227,418.3075,417.1,417.74,872842.522734
2026-05-19T16:45:00.000Z,417.78,419.12,417.26,418.39,639646.1248090001
2026-05-19T17:00:00.000Z,418.37,419.5,418.19,418.23,509632.63686200004
2026-05-19T17:15:00.000Z,418.2699,418.96,417.21,418.79,515432.2284
2026-05-19T17:30:00.000Z,418.78,419.87,418.64,419.695,520822.57478699996
2026-05-19T17:45:00.000Z,419.695,419.7385,418.57,419.13,372466.762864
2026-05-19T18:00:00.000Z,419.14,419.19,418.33,418.345,303462.416158
2026-05-19T18:15:00.000Z,418.325,419.599,418.2325,419.16,343642.458052
2026-05-19T18:30:00.000Z,419.15,419.832,418.97,419.2246,875292.8464730001
2026-05-19T18:45:00.000Z,419.235,419.26,418.0313,418.49,344693.76197
2026-05-19T19:00:00.000Z,418.5,419.12,418.1001,418.61,430011.9218259999
2026-05-19T19:15:00.000Z,418.67,418.88,417.56,418.23,589796.5457019999
2026-05-19T19:30:00.000Z,418.23,418.44,417.625,417.7433,558629.27272
2026-05-19T19:45:00.000Z,417.75,417.88,416.49,417.6,2235159.78586
2026-05-20T13:30:00.000Z,414.165,416.05,411.3001,412.2692,2430423.9749220004
2026-05-20T13:45:00.000Z,412.26,414.81,412.19,412.985,1257370.1484100001
2026-05-20T14:00:00.000Z,412.98,413.8482,411.6114,413.25,1016489.7757099998
2026-05-20T14:15:00.000Z,413.25,415.15,411.9,413.7869,983025.963579
2026-05-20T14:30:00.000Z,413.88,414.75,413.73,414.095,774748.615144
2026-05-20T14:45:00.000Z,414.17,416.56,414.01,416.14,697583.7486759999
2026-05-20T15:00:00.000Z,416.13,416.49,415.1967,416.45,569189.1861109999
2026-05-20T15:15:00.000Z,416.45,418,416.2601,416.405,1009276.498169
2026-05-20T15:30:00.000Z,416.4,417.26,416.4,417.2266,426691.9954469999
2026-05-20T15:45:00.000Z,417.225,417.52,416.4608,417.2999,400621.884134
2026-05-20T16:00:00.000Z,417.29,418.17,417.2,417.68,428596.753577
2026-05-20T16:15:00.000Z,417.65,419.47,417,418.425,867241.7336209998
2026-05-20T16:30:00.000Z,418.43,418.43,417.01,417.96,578677.374633
2026-05-20T16:45:00.000Z,418.0089,418.47,416.85,417.835,910526.734643
2026-05-20T17:00:00.000Z,417.835,419.65,417.72,419.4782,574078.206152
2026-05-20T17:15:00.000Z,419.475,419.7,418.76,419.3425,431884.8843539999
2026-05-20T17:30:00.000Z,419.325,421.15,419.175,421,771636.101505
2026-05-20T17:45:00.000Z,421.04,421.16,420.03,420.21,571011.112729
2026-05-20T18:00:00.000Z,420.22,420.22,418.89,419.68,559033.5320590001
2026-05-20T18:15:00.000Z,419.66,420.59,419.64,420.46,631325.285598
2026-05-20T18:30:00.000Z,420.45,420.739,419.93,419.935,473160.02761
2026-05-20T18:45:00.000Z,419.96,420.27,419.6,419.89,393750.672333
2026-05-20T19:00:00.000Z,419.88,420.1,419.2,419.845,499613.29627399996
2026-05-20T19:15:00.000Z,419.845,420.5,419.7,420.46,575880.522484
2026-05-20T19:30:00.000Z,420.48,421.38,420.26,421.36,698803.561608
2026-05-20T19:45:00.000Z,421.34,422.1,420.62,421.06,2267319.2616990004
2026-05-21T13:30:00.000Z,424.75,426.34,419.66,420.2968,2654430.546019
2026-05-21T13:45:00.000Z,420.28,421.36,418,418.55,1363080.4918
2026-05-21T14:00:00.000Z,418.6079,419.25,417.52,417.9299,1200237.413555
2026-05-21T14:15:00.000Z,417.81,418.04,415.71,417.32,1163777.3682109998
2026-05-21T14:30:00.000Z,417.31,417.7084,416.28,417.27,687963.3289820001
2026-05-21T14:45:00.000Z,417.255,418.89,416.81,418.71,570665.019726
2026-05-21T15:00:00.000Z,418.73,418.93,417.08,417.875,558870.266342
2026-05-21T15:15:00.000Z,417.94,418.98,417.8001,418.78,580617.1202390001
2026-05-21T15:30:00.000Z,418.85,419.04,417.95,418.22,571418.71699
2026-05-21T15:45:00.000Z,418.25,418.5307,418.04,418.21,319251.16696199996
2026-05-21T16:00:00.000Z,418.2151,418.5,416.9201,417.45,492806.34548200003
2026-05-21T16:15:00.000Z,417.4317,417.9,417.01,417.16,303226.971449
2026-05-21T16:30:00.000Z,417.15,417.56,416.74,416.805,421887.25246000005
2026-05-21T16:45:00.000Z,416.79,417.02,416.21,416.25,620942.840578
2026-05-21T17:00:00.000Z,416.25,417.56,416.02,417.19,673018.0139589999
2026-05-21T17:15:00.000Z,417.2,418.055,416.6,417.4268,683515.55497
2026-05-21T17:30:00.000Z,417.39,418.89,417.33,418.32,714735.100648
2026-05-21T17:45:00.000Z,418.32,420.2691,418.06,419.1101,583280.866689
2026-05-21T18:00:00.000Z,419.15,419.36,418.01,418.065,487313.744846
2026-05-21T18:15:00.000Z,418.08,419,417.57,418.9595,569340.736559
2026-05-21T18:30:00.000Z,418.8906,419.75,418.5,419.63,422964.38707
2026-05-21T18:45:00.000Z,419.63,419.8,418,418.6554,510768.594929
2026-05-21T19:00:00.000Z,418.63,419.18,418.25,418.97,463915.89807
2026-05-21T19:15:00.000Z,418.95,419.45,418.71,418.95,543620.7414340001
2026-05-21T19:30:00.000Z,418.92,419.305,418.53,419.02,500374.77392
2026-05-21T19:45:00.000Z,419.04,419.91,417.5,419.1,2513403.373254
2026-05-22T13:30:00.000Z,419.535,424.4,419.25,422.0746,2060698.55438
2026-05-22T13:45:00.000Z,422.14,424.27,419.87,420.34,879855.100503
2026-05-22T14:00:00.000Z,420.43,420.44,418.2,418.83,965775.8603130002
2026-05-22T14:15:00.000Z,418.74,419.4399,416.33,416.69,1001399.671585
2026-05-22T14:30:00.000Z,416.65,418.2499,416.43,418.075,740669.05283
2026-05-22T14:45:00.000Z,418.12,418.47,417.325,417.56,678469.2018049998
2026-05-22T15:00:00.000Z,417.6,418.844,417.425,418.62,465734.8480019999
2026-05-22T15:15:00.000Z,418.64,419.52,418.37,419.39,1353045.5084940002
2026-05-22T15:30:00.000Z,419.395,419.58,418.25,418.73,490965.57418100006
2026-05-22T15:45:00.000Z,418.77,419.9799,418.5001,419.92,430648.393736
2026-05-22T16:00:00.000Z,419.899,420.47,419.63,419.8,476738.510834
2026-05-22T16:15:00.000Z,419.775,420.06,419.36,419.61,384357.169237
2026-05-22T16:30:00.000Z,419.61,419.953,419.05,419.305,295389.456265
2026-05-22T16:45:00.000Z,419.315,419.42,418.4001,418.7,374633.27696999995
2026-05-22T17:00:00.000Z,418.7081,419.04,418.54,418.7888,268188.12589499995
2026-05-22T17:15:00.000Z,418.77,419,418.161,418.8101,418971.43372800003
2026-05-22T17:30:00.000Z,418.855,419.36,418.5,418.96,443469.768444
2026-05-22T17:45:00.000Z,419,419.055,417.61,417.64,409247.14964099997
2026-05-22T18:00:00.000Z,417.69,417.96,417.25,417.95,471209.0618020001
2026-05-22T18:15:00.000Z,417.93,419.06,417.89,418.805,395651.4278730001
2026-05-22T18:30:00.000Z,418.79,419.9,418.79,419.26,402029.2914010001
2026-05-22T18:45:00.000Z,419.28,419.405,418.4,418.9,313937.524347
2026-05-22T19:00:00.000Z,418.87,419.16,418.53,419.0401,332801.40828300006
2026-05-22T19:15:00.000Z,419.125,419.16,418.3,418.3,399347.15190399997
2026-05-22T19:30:00.000Z,418.3,418.57,418.0101,418.48,456452.281901
2026-05-22T19:45:00.000Z,418.48,418.948,418.21,418.55,1194446.260594
2026-05-26T13:30:00.000Z,416.43,417.5,413.12,415.545,3679790.626306
2026-05-26T13:45:00.000Z,415.59,417.77,415.15,417.73,1409381.9892380002
2026-05-26T14:00:00.000Z,417.77,418.78,417.05,417.98,1357520.92498
2026-05-26T14:15:00.000Z,417.985,419.77,417.58,418.985,1252689.3451960003
2026-05-26T14:30:00.000Z,419.02,419.2,417.22,417.35,770255.356433
2026-05-26T14:45:00.000Z,417.33,417.3487,415.1,415.265,1122202.2292580002
2026-05-26T15:00:00.000Z,415.24,415.27,414.23,414.37,1005226.472883
2026-05-26T15:15:00.000Z,414.32,416.28,414.15,415.215,876486.336086
2026-05-26T15:30:00.000Z,415.17,416.4,414.7,415.6495,735090.8738079999
2026-05-26T15:45:00.000Z,415.65,415.95,414.45,415.05,623456.104675
2026-05-26T16:00:00.000Z,415.05,415.5799,414.56,414.68,573800.379193
2026-05-26T16:15:00.000Z,414.65,416.01,414.6,415.99,481778.520717
2026-05-26T16:30:00.000Z,416,416.23,415.26,415.305,387488.845922
2026-05-26T16:45:00.000Z,415.28,415.28,414.38,414.4227,448651.304658
2026-05-26T17:00:00.000Z,414.4834,414.56,413.78,413.925,636042.95527
2026-05-26T17:15:00.000Z,413.88,414.25,413.31,413.61,604677.869618
2026-05-26T17:30:00.000Z,413.645,413.79,413.02,413.3713,535882.6396570001
2026-05-26T17:45:00.000Z,413.39,414.2,413.21,413.75,521066.78563
2026-05-26T18:00:00.000Z,413.8,415,413.64,414.76,491855.32337000006
2026-05-26T18:15:00.000Z,414.76,415.84,414.7401,415.115,460358.200774
2026-05-26T18:30:00.000Z,415.12,415.69,415.075,415.08,428773.05338799994
2026-05-26T18:45:00.000Z,415.085,415.4,414.8,414.83,402759.2158860001
2026-05-26T19:00:00.000Z,414.8,415.44,414.59,415.2,614778.501602
2026-05-26T19:15:00.000Z,415.2,415.89,415.05,415.74,577295.58511
2026-05-26T19:30:00.000Z,415.72,415.91,415.47,415.68,548338.469365
2026-05-26T19:45:00.000Z,415.67,416.35,415.28,416.12,1716672.7596890002
2026-05-27T13:30:00.000Z,411.01,413.27,409.58,412.57,2951244.922466
2026-05-27T13:45:00.000Z,412.585,413.96,410.85,411.58,1508418.8638799998
2026-05-27T14:00:00.000Z,411.44,413.69,411.33,413.52,1102155.698347
2026-05-27T14:15:00.000Z,413.52,415.94,413.03,415.06,1232377.691444
2026-05-27T14:30:00.000Z,415.13,415.7,414.38,415.06,808183.342624
2026-05-27T14:45:00.000Z,415.06,415.52,414.11,414.55,534572.533027
2026-05-27T15:00:00.000Z,414.6,415.54,413.7,413.78,839569.3782410001
2026-05-27T15:15:00.000Z,413.78,414.17,412.66,412.84,573494.49899
2026-05-27T15:30:00.000Z,412.85,413.38,412.58,412.5815,536080.863761
2026-05-27T15:45:00.000Z,412.6,413.18,412.545,412.83,418027.745225
2026-05-27T16:00:00.000Z,412.89,413.39,412.7,412.77,400638.24915899994
2026-05-27T16:15:00.000Z,412.775,413.13,412.4,412.77,358848.65952999995
2026-05-27T16:30:00.000Z,412.7484,413.6499,412.64,413.595,415024.58758500003
2026-05-27T16:45:00.000Z,413.595,414.06,413,413.885,389263.847729
2026-05-27T17:00:00.000Z,413.86,413.92,412.235,412.41,444320.13442799996
2026-05-27T17:15:00.000Z,412.37,412.415,411.21,411.44,644901.317284
2026-05-27T17:30:00.000Z,411.46,411.97,411.38,411.545,405016.26183999993
2026-05-27T17:45:00.000Z,411.54,412.07,411.5,411.63,380984.5925809999
2026-05-27T18:00:00.000Z,411.64,412.68,411.58,412.425,497839.17049000005
2026-05-27T18:15:00.000Z,412.425,412.79,412.2,412.72,471821.769628
2026-05-27T18:30:00.000Z,412.705,412.95,412.03,412.4,458280.52463199996
2026-05-27T18:45:00.000Z,412.43,413.04,412.31,412.52,422480.50534100004
2026-05-27T19:00:00.000Z,412.5,412.76,411.36,412.7,1003896.8860539999
2026-05-27T19:15:00.000Z,412.77,413.47,412.67,413.42,726326.048704
2026-05-27T19:30:00.000Z,413.45,413.46,412.45,413.245,665130.754039
2026-05-27T19:45:00.000Z,413.19,413.51,411.97,412.69,1533846.54875
2026-05-28T13:30:00.000Z,412.975,418.99,412.67,418.8,2975556.9450650006
2026-05-28T13:45:00.000Z,418.8,424.655,415.72,424.48,3238604.998018
2026-05-28T14:00:00.000Z,424.48,428.09,424.38,426.46,3933731.957879999
2026-05-28T14:15:00.000Z,426.4899,429.49,425.24,425.2563,2758734.2289749994
2026-05-28T14:30:00.000Z,425.249,425.86,422.25,425.58,1738729.3937589999
2026-05-28T14:45:00.000Z,425.56,425.86,424.02,424.35,902047.5883830001
2026-05-28T15:00:00.000Z,424.325,425.37,423.51,423.625,853223.7292720001
2026-05-28T15:15:00.000Z,423.65,425.4695,423.55,424.75,717664.2403030001
2026-05-28T15:30:00.000Z,424.745,425.25,424.1,425.05,660929.280969
2026-05-28T15:45:00.000Z,425.0819,425.2,424.32,425,681637.8490229999
2026-05-28T16:00:00.000Z,424.995,425.02,423.89,424.2,513833.43075400003
2026-05-28T16:15:00.000Z,424.19,426.43,424.17,425.845,850069.3987459999
2026-05-28T16:30:00.000Z,425.86,426.53,425.54,425.945,639561.0872069999
2026-05-28T16:45:00.000Z,425.945,426.02,422.7,424.46,940852.9336190001
2026-05-28T17:00:00.000Z,424.49,425.53,424.47,424.66,589128.400988
2026-05-28T17:15:00.000Z,424.67,426,424.6,425.81,557810.981
2026-05-28T17:30:00.000Z,425.795,427.05,425.79,426.75,666333.441749
2026-05-28T17:45:00.000Z,426.73,427.63,426.4401,427.5,755540.6979270001
2026-05-28T18:00:00.000Z,427.51,429.155,427.33,427.8905,1212400.222734
2026-05-28T18:15:00.000Z,427.89,428.09,426.07,426.5,866020.3453149998
2026-05-28T18:30:00.000Z,426.52,426.76,426.06,426.59,664361.8438110001
2026-05-28T18:45:00.000Z,426.66,427.25,426.03,426.035,591788.56454
2026-05-28T19:00:00.000Z,426.12,426.95,426.1,426.56,512261.912765
2026-05-28T19:15:00.000Z,426.53,426.8,425.61,426.01,621330.5216319999
2026-05-28T19:30:00.000Z,426.01,426.79,425.87,426.25,1414255.0166509997
2026-05-28T19:45:00.000Z,426.24,427.03,424.89,427.03,1970434.964048
2026-05-29T13:30:00.000Z,432.545,441.79,432.36,440.785,5875490.558051999
2026-05-29T13:45:00.000Z,440.785,441.15,438.12,441.14,2173246.9949590005
2026-05-29T14:00:00.000Z,441.1,443.48,440.0201,440.1401,2620990.329687
2026-05-29T14:15:00.000Z,440.1351,440.29,437.94,439.89,1476302.0906160001
2026-05-29T14:30:00.000Z,439.86,443.19,439.76,442.035,1704414.4889800001
2026-05-29T14:45:00.000Z,442.035,444.88,440.6601,444.53,1821098.298302
2026-05-29T15:00:00.000Z,444.59,445.54,443.94,444.9082,1778278.7265289996
2026-05-29T15:15:00.000Z,444.88,445.64,443.18,443.57,1268197.173274
2026-05-29T15:30:00.000Z,443.6,444.62,442.75,442.9,1144872.758584
2026-05-29T15:45:00.000Z,442.8401,444.18,442.5,442.725,999068.9467759999
2026-05-29T16:00:00.000Z,442.7325,443.65,442.45,442.93,1013500.446609
2026-05-29T16:15:00.000Z,442.92,442.959,442.11,442.65,638860.0710410001
2026-05-29T16:30:00.000Z,442.62,444.9799,442.57,444.7273,868602.6324690001
2026-05-29T16:45:00.000Z,444.7,444.83,442.81,442.915,644607.81435
2026-05-29T17:00:00.000Z,442.94,444.05,442.8,443.71,533994.2460899999
2026-05-29T17:15:00.000Z,443.72,444.16,442.7,443.63,733365.036972
2026-05-29T17:30:00.000Z,443.63,443.77,442.62,443.7,507805.50657300005
2026-05-29T17:45:00.000Z,443.7,444.08,442.46,442.51,547367.964026
2026-05-29T18:00:00.000Z,442.51,443.42,442.22,442.31,573066.6711749999
2026-05-29T18:15:00.000Z,442.315,442.91,441.8101,442.72,526841.0993720001
2026-05-29T18:30:00.000Z,442.75,443.78,442.23,442.345,805583.994378
2026-05-29T18:45:00.000Z,442.37,442.63,441.4,441.59,610661.2807140001
2026-05-29T19:00:00.000Z,441.56,442.95,441.36,442.9,1051712.26444
2026-05-29T19:15:00.000Z,442.91,443.57,442.51,443.54,807011.6210249999
2026-05-29T19:30:00.000Z,443.53,443.84,442.73,442.85,928580.4508239999
2026-05-29T19:45:00.000Z,442.86,450.33,442.5001,449.475,9689501.06778
2026-06-01T13:30:00.000Z,464.84,465.78,458.92,463.03,6828793.054192999
2026-06-01T13:45:00.000Z,463.03,465.47,460.97,464.87,3002033.2049270007
2026-06-01T14:00:00.000Z,464.72,466.32,460.115,460.8695,2269760.949677
2026-06-01T14:15:00.000Z,460.9,462.77,460.245,461.795,2103594.514663
2026-06-01T14:30:00.000Z,461.83,461.85,459.16,461.49,1981255.967748
2026-06-01T14:45:00.000Z,461.555,463.24,460.1801,463.17,1690122.588777
2026-06-01T15:00:00.000Z,463.2,463.45,459.22,461.1448,1468493.961693
2026-06-01T15:15:00.000Z,461.15,462.22,460.22,460.58,1280161.8419389997
2026-06-01T15:30:00.000Z,460.62,463.91,460.45,461.32,1652632.5137920002
2026-06-01T15:45:00.000Z,461.3,461.84,460.33,460.46,1062675.183766
2026-06-01T16:00:00.000Z,460.45,461.2,459.2,460.55,1131509.547388
2026-06-01T16:15:00.000Z,460.53,461.8,459.28,461.76,1026105.82537
2026-06-01T16:30:00.000Z,461.73,462.44,461.43,462.085,774021.0922619998
2026-06-01T16:45:00.000Z,462.1,462.45,461.54,461.95,656794.18535
2026-06-01T17:00:00.000Z,461.95,462.23,460.59,460.68,728073.158709
2026-06-01T17:15:00.000Z,460.72,461.09,459.59,460.27,902117.5167100001
2026-06-01T17:30:00.000Z,460.33,460.59,458.6,459.13,1088316.784758
2026-06-01T17:45:00.000Z,459.1514,460.11,458.27,459.975,1312666.834402
2026-06-01T18:00:00.000Z,460.02,461.7,459.6,461.09,1071103.114874
2026-06-01T18:15:00.000Z,461.1,461.4,460.31,460.87,784288.871535
2026-06-01T18:30:00.000Z,460.84,461.22,460.49,461.035,696832.148843
2026-06-01T18:45:00.000Z,461.01,461.288,460.06,460.96,806599.7913619998
2026-06-01T19:00:00.000Z,460.94,462.4,460.73,462.3,867740.17408
2026-06-01T19:15:00.000Z,462.3701,464.12,462.3001,463.77,1221139.208663
2026-06-01T19:30:00.000Z,463.7585,464.15,462.32,462.35,1121858.425455
2026-06-01T19:45:00.000Z,462.35,462.49,460.02,460.49,2521827.508703
2026-06-02T13:30:00.000Z,446.88,453.5,444.0378,446.22,4436506.901332
2026-06-02T13:45:00.000Z,446.15,447.1,443.5,445.12,2092759.1606500002
2026-06-02T14:00:00.000Z,445.24,447.39,444.5,446.97,1457689.025963
2026-06-02T14:15:00.000Z,446.88,447.91,443.7701,444.215,1326192.5965449999
2026-06-02T14:30:00.000Z,444.23,445.2598,442.78,443.1999,1758773.209975
2026-06-02T14:45:00.000Z,443.1899,444.0999,442.91,443.665,993689.5726290001
2026-06-02T15:00:00.000Z,443.69,444.2499,442.34,442.765,1169001.8869580003
2026-06-02T15:15:00.000Z,442.8,443.87,442.385,443.57,940116.7856660001
2026-06-02T15:30:00.000Z,443.55,444.6,443.23,444.35,820568.248481
2026-06-02T15:45:00.000Z,444.35,444.68,443.17,443.83,734368.26203
2026-06-02T16:00:00.000Z,443.83,444.6599,443.41,444.2605,608685.1748650001
2026-06-02T16:15:00.000Z,444.235,446.22,444,445.8,739160.993866
2026-06-02T16:30:00.000Z,445.8,445.9,442.76,442.77,1349884.196716
2026-06-02T16:45:00.000Z,442.76,443.865,442.4,443.745,623767.4895750001
2026-06-02T17:00:00.000Z,443.7,445.36,443.5,445.32,631704.8539400001
2026-06-02T17:15:00.000Z,445.345,445.47,443.63,444.47,638320.955339
2026-06-02T17:30:00.000Z,444.47,444.59,443.61,444.25,435939.289552
2026-06-02T17:45:00.000Z,444.25,444.28,442.7,442.735,607566.507508
2026-06-02T18:00:00.000Z,442.745,442.99,442.01,442.22,725663.222739
2026-06-02T18:15:00.000Z,442.225,443.2,441.4,442.0948,1015271.1506550002
2026-06-02T18:30:00.000Z,442.1,442.83,441.52,441.92,679531.66258
2026-06-02T18:45:00.000Z,441.915,442.155,440.43,440.625,819986.2019280001
2026-06-02T19:00:00.000Z,440.61,442.1,440.6,442.06,858124.857162
2026-06-02T19:15:00.000Z,442.03,442.0799,441.4128,441.69,651720.4688960001
2026-06-02T19:30:00.000Z,441.66,442.11,441.65,441.705,803738.484671
2026-06-02T19:45:00.000Z,441.7,442.09,440.71,441.29,2352356.087248
2026-06-03T13:30:00.000Z,438.45,440.39,431.86,432.18,3295813.399256
2026-06-03T13:45:00.000Z,432.16,433.97,431.26,431.4,1891567.6096039999
2026-06-03T14:00:00.000Z,431.46,432.536,430.8,432.4799,1437433.7180980002
2026-06-03T14:15:00.000Z,432.46,433.2,430.55,430.815,1180525.7251590001
2026-06-03T14:30:00.000Z,430.815,431.52,428,428.245,1917763.3083200003
2026-06-03T14:45:00.000Z,428.22,428.58,426.87,427.355,1366354.133979
2026-06-03T15:00:00.000Z,427.355,428.04,425.85,425.96,1507540.01207
2026-06-03T15:15:00.000Z,425.96,427.96,425.9,427.74,1080611.291398
2026-06-03T15:30:00.000Z,427.79,427.79,426.2,426.62,833384.0499740001
2026-06-03T15:45:00.000Z,426.57,427.15,426.13,427.0499,722077.8691509999
2026-06-03T16:00:00.000Z,427.03,427.22,425.87,426.0599,664203.2852530001
2026-06-03T16:15:00.000Z,426.0594,426.0594,425.12,425.475,801073.9290039999
2026-06-03T16:30:00.000Z,425.47,425.83,424.25,424.92,901803.0432279998
2026-06-03T16:45:00.000Z,424.94,425.1899,424.3501,424.65,955731.7841839999
2026-06-03T17:00:00.000Z,424.65,425.19,424.37,424.43,670086.506945
2026-06-03T17:15:00.000Z,424.42,425.53,424.3,425.47,984504.4939660002
2026-06-03T17:30:00.000Z,425.48,426.91,425.05,426.52,745798.7167880001
2026-06-03T17:45:00.000Z,426.55,426.94,426.2607,426.615,528495.7901649999
2026-06-03T18:00:00.000Z,426.625,427.44,426.4,427.43,666787.2988560001
2026-06-03T18:15:00.000Z,427.4,428.3,427,428.17,597518.275935
2026-06-03T18:30:00.000Z,428.19,428.7799,428,428.605,573346.9107519999
2026-06-03T18:45:00.000Z,428.605,428.68,427.63,428.2997,588608.057909
2026-06-03T19:00:00.000Z,428.2999,428.4261,427.37,428.07,624170.704144
2026-06-03T19:15:00.000Z,428.06,428.96,427.5,427.84,854880.4385920002
2026-06-03T19:30:00.000Z,427.835,428.28,427.42,427.9,781600.173802
2026-06-03T19:45:00.000Z,427.9,428.75,426.3,427.6,3554608.1179440003
2026-06-04T13:30:00.000Z,435.81,436.15,428.75,431.83,2540747.6790560004
2026-06-04T13:45:00.000Z,431.83,432.85,429.42,432.485,1289501.118735
2026-06-04T14:00:00.000Z,432.43,434.16,431.24,431.49,1252230.454377
2026-06-04T14:15:00.000Z,431.47,431.56,428.9,430.1351,1100747.460684
2026-06-04T14:30:00.000Z,430.22,431.429,429.4,431.27,680916.0043680001
2026-06-04T14:45:00.000Z,431.26,431.57,429,429.72,638449.6145900001
2026-06-04T15:00:00.000Z,429.74,430.7261,429.47,430.6,629725.0529380001
2026-06-04T15:15:00.000Z,430.6427,431.25,430.23,430.29,497801.6650450001
2026-06-04T15:30:00.000Z,430.39,430.79,429.5501,429.65,597760.2179950001
2026-06-04T15:45:00.000Z,429.69,430.09,428.9611,429.061,1107785.525056
2026-06-04T16:00:00.000Z,429.095,430,428.92,429.63,512864.41511099995
2026-06-04T16:15:00.000Z,429.69,429.69,427.7445,427.77,513478.35505
2026-06-04T16:30:00.000Z,427.79,428.9,427.43,428.9,598410.628134
2026-06-04T16:45:00.000Z,428.9,428.95,426.71,426.84,498158.834277
2026-06-04T17:00:00.000Z,426.82,427.13,426.41,426.555,563849.9376730002
2026-06-04T17:15:00.000Z,426.53,427.19,426.44,426.93,382100.479937
2026-06-04T17:30:00.000Z,426.975,427.3,426.7,426.93,533067.2790529999
2026-06-04T17:45:00.000Z,426.96,427.845,426.85,427.755,441266.052445
2026-06-04T18:00:00.000Z,427.755,428.47,427.7,427.895,507661.727231
2026-06-04T18:15:00.000Z,427.895,428.43,427.5,427.7147,349677.768251
2026-06-04T18:30:00.000Z,427.69,429,427.64,428.065,427560.46371599997
2026-06-04T18:45:00.000Z,428.03,428.3,427,427.58,517773.782715
2026-06-04T19:00:00.000Z,427.45,428.3,426.98,428.1,760276.0562310001
2026-06-04T19:15:00.000Z,428.11,428.6,427.42,427.665,576108.983441
2026-06-04T19:30:00.000Z,427.665,427.83,427,427.79,565503.861771
2026-06-04T19:45:00.000Z,427.78,428.44,427.5466,428.14,1818646.500877
2026-06-05T13:30:00.000Z,428.34,429.47,425.69,426.12,1878897.1325210002
2026-06-05T13:45:00.000Z,426.13,427.51,424.6,424.86,1135680.2934719997
2026-06-05T14:00:00.000Z,424.85,425.2,422.38,422.89,1101183.409317
2026-06-05T14:15:00.000Z,422.92,423.6537,421.71,423.056,976990.1673549999
2026-06-05T14:30:00.000Z,422.9989,423.135,421.04,421.455,740183.594997
2026-06-05T14:45:00.000Z,421.455,421.765,420.7,421.39,616780.531872
2026-06-05T15:00:00.000Z,421.39,422.4599,421.39,421.97,1078580.772868
2026-06-05T15:15:00.000Z,421.965,422.63,421.21,422.2501,1469330.198976
2026-06-05T15:30:00.000Z,422.25,422.38,420.9,421,1020328.8255929999
2026-06-05T15:45:00.000Z,421,421.6,420.48,420.6859,624268.662317
2026-06-05T16:00:00.000Z,420.74,420.98,418.9,420.1401,1219510.378425
2026-06-05T16:15:00.000Z,420.19,420.41,419.61,419.8,577056.417193
2026-06-05T16:30:00.000Z,419.795,419.91,418.5801,419.55,736253.603686
2026-06-05T16:45:00.000Z,419.59,420.17,418.75,420.0525,667504.902522
2026-06-05T17:00:00.000Z,420,420.75,419.775,420.0359,485520.57831000007
2026-06-05T17:15:00.000Z,420.07,420.16,419.25,419.69,442604.76704
2026-06-05T17:30:00.000Z,419.65,420.95,419.53,420.61,935706.403245
2026-06-05T17:45:00.000Z,420.65,421.52,420.36,420.66,536047.8773680001
2026-06-05T18:00:00.000Z,420.67,421.11,419.7301,419.78,681821.029063
2026-06-05T18:15:00.000Z,419.73,419.79,417.8,418.29,1049613.55728
2026-06-05T18:30:00.000Z,418.29,418.36,417,417.102,984431.870595
2026-06-05T18:45:00.000Z,417.01,417.73,416.55,417.12,909235.833667
2026-06-05T19:00:00.000Z,417.075,417.44,415.65,415.7,932599.595843
2026-06-05T19:15:00.000Z,415.69,416.52,414.4,416.39,1207090.725665
2026-06-05T19:30:00.000Z,416.375,417.3268,416.03,416.55,943186.8308419999
2026-06-05T19:45:00.000Z,416.51,417.49,416.105,416.69,2733193.117957
2026-06-08T13:30:00.000Z,414.14,417.1599,411.2901,412.99,2506926.1201700005
2026-06-08T13:45:00.000Z,413.02,413.94,411.73,412.4,1321209.3981900003
2026-06-08T14:00:00.000Z,412.4,412.74,411.32,412.25,1421207.017447
2026-06-08T14:15:00.000Z,412.255,413.33,411.99,412.735,1049297.0017579999
2026-06-08T14:30:00.000Z,412.735,413.6,411.88,412.285,826532.3236
2026-06-08T14:45:00.000Z,412.31,413.48,411.81,412.56,843337.516991
2026-06-08T15:00:00.000Z,412.59,413.54,412.4,412.855,771433.326186
2026-06-08T15:15:00.000Z,412.92,413.04,411.35,411.42,765149.910481
2026-06-08T15:30:00.000Z,411.4,411.59,410.24,411.34,893254.3041390001
2026-06-08T15:45:00.000Z,411.32,411.3999,410.31,410.385,630557.240218
2026-06-08T16:00:00.000Z,410.37,410.4999,409.82,410.28,760011.3107040001
2026-06-08T16:15:00.000Z,410.28,411.14,410.22,410.49,517801.740508
2026-06-08T16:30:00.000Z,410.51,410.78,409.6437,409.94,586262.5412389999
2026-06-08T16:45:00.000Z,409.91,410.38,409.46,409.52,556162.6104110001
2026-06-08T17:00:00.000Z,409.4701,409.51,408.56,409.2,729556.3532520001
2026-06-08T17:15:00.000Z,409.22,410.04,408.68,410.0103,629438.26347
2026-06-08T17:30:00.000Z,409.99,410.66,409.59,410.2514,720815.330531
2026-06-08T17:45:00.000Z,410.225,411.84,409.94,411.205,702692.7883319999
2026-06-08T18:00:00.000Z,411.2,412.75,411.0601,412.33,658487.294047
2026-06-08T18:15:00.000Z,412.3,412.575,412.06,412.27,441667.2113520001
2026-06-08T18:30:00.000Z,412.22,412.57,411.82,412.3857,484048.09135299997
2026-06-08T18:45:00.000Z,412.386,413,412.223,412.745,437783.31715300004
2026-06-08T19:00:00.000Z,412.745,412.8,411.9,411.985,510871.162231
2026-06-08T19:15:00.000Z,411.97,412.34,411.6005,412.275,540444.894476
2026-06-08T19:30:00.000Z,412.29,412.8218,412.19,412.74,561623.7977580001
2026-06-08T19:45:00.000Z,412.74,413.25,411.16,411.75,2418554.510272
2026-06-09T13:30:00.000Z,409.03,410.6,407.2,409.86,2759856.3817970003
2026-06-09T13:45:00.000Z,409.87,411.98,409.53,411.02,1462637.340701
2026-06-09T14:00:00.000Z,410.95,411.915,409.52,409.86,1280897.2541460001
2026-06-09T14:15:00.000Z,409.8951,410.4,408.74,409.485,901731.575655
2026-06-09T14:30:00.000Z,409.46,410.03,408.36,408.435,715893.4025719999
2026-06-09T14:45:00.000Z,408.45,408.46,405.88,407.68,1329496.757246
2026-06-09T15:00:00.000Z,407.7,408.05,406.55,406.68,692440.3901810001
2026-06-09T15:15:00.000Z,406.6,406.79,403.52,403.715,1085872.246346
2026-06-09T15:30:00.000Z,403.68,403.91,402.69,402.88,941331.8058130002
2026-06-09T15:45:00.000Z,402.88,403.48,401.68,401.875,1131753.088347
2026-06-09T16:00:00.000Z,401.91,402.94,401.62,402.605,937372.429282
2026-06-09T16:15:00.000Z,402.56,402.57,400.4701,401.13,1144347.9033849998
2026-06-09T16:30:00.000Z,401.07,401.83,398.48,399.415,1653735.47286
2026-06-09T16:45:00.000Z,399.36,400.28,398.74,400.23,935184.3548550002
2026-06-09T17:00:00.000Z,400.24,401.63,400.14,401.39,765561.198744
2026-06-09T17:15:00.000Z,401.36,402.1,400.78,401.69,696973.6289090001
2026-06-09T17:30:00.000Z,401.705,403.1899,401.581,402.705,589728.229178
2026-06-09T17:45:00.000Z,402.74,403.3299,402.2101,402.87,583400.076616
2026-06-09T18:00:00.000Z,402.9,403.84,402.76,403.22,583898.4362919999
2026-06-09T18:15:00.000Z,403.19,403.9612,402.79,403.64,614297.982818
2026-06-09T18:30:00.000Z,403.64,404.21,402.88,402.905,556345.1072490001
2026-06-09T18:45:00.000Z,402.94,404.36,402.87,403.975,511208.4190209999
2026-06-09T19:00:00.000Z,403.93,404.46,403.53,403.625,671258.5603209999
2026-06-09T19:15:00.000Z,403.65,403.75,402.4288,402.75,1184342.237722
2026-06-09T19:30:00.000Z,402.75,402.75,401.78,402.22,1147986.5324070002
2026-06-09T19:45:00.000Z,402.23,404.25,401.44,403.2,2261376.2351550004
2026-06-10T13:30:00.000Z,398.55,402.85,397.47,402.45,2242271.5977460006
2026-06-10T13:45:00.000Z,402.51,404.98,401.401,404.715,1577505.690762
2026-06-10T14:00:00.000Z,404.72,405.04,402.33,402.675,1306900.0347040002
2026-06-10T14:15:00.000Z,402.7,403.711,402.21,402.99,797994.2684379999
2026-06-10T14:30:00.000Z,402.97,403.56,401.8301,402.04,735575.331189
2026-06-10T14:45:00.000Z,402.06,403.12,401.55,402.645,858462.651465
2026-06-10T15:00:00.000Z,402.68,403.46,401.74,401.91,651441.482819
2026-06-10T15:15:00.000Z,401.91,402.6,401.38,401.65,902837.2501990001
2026-06-10T15:30:00.000Z,401.68,403.31,401.07,403.2201,611582.530465
2026-06-10T15:45:00.000Z,403.2599,403.7599,401.3513,402.675,911559.419981
2026-06-10T16:00:00.000Z,402.63,403.23,401.54,401.8,821763.4909450001
2026-06-10T16:15:00.000Z,401.8,403.06,401.74,402.67,429085.495994
2026-06-10T16:30:00.000Z,402.64,403.79,402.4138,403.31,450596.76178299997
2026-06-10T16:45:00.000Z,403.285,403.46,402.45,403.05,930872.8310380001
2026-06-10T17:00:00.000Z,403.065,403.66,402.23,402.6101,384290.96026300004
2026-06-10T17:15:00.000Z,402.65,402.75,401.51,401.74,377667.23285599996
2026-06-10T17:30:00.000Z,401.72,401.7299,400.3401,400.615,435926.803952
2026-06-10T17:45:00.000Z,400.61,402,400.55,401.77,510045.042403
2026-06-10T18:00:00.000Z,401.73,402.1999,401.51,401.59,338300.837162
2026-06-10T18:15:00.000Z,401.56,401.8,400.99,401.15,372549.19675400003
2026-06-10T18:30:00.000Z,401.13,401.13,400.2,400.735,365244.8028100001
2026-06-10T18:45:00.000Z,400.69,400.75,399.77,400.07,517040.1824580001
2026-06-10T19:00:00.000Z,400.075,400.27,399.65,399.73,503987.04462199996
2026-06-10T19:15:00.000Z,399.75,399.87,398.26,398.36,643521.845976
2026-06-10T19:30:00.000Z,398.34,399.3,398.07,399.11,987902.1953279999
2026-06-10T19:45:00.000Z,399.09,399.1,397.16,397.35,3056533.4059450002
2026-06-11T13:30:00.000Z,395.205,396.85,388.41,389.665,3508226.3510310007
2026-06-11T13:45:00.000Z,389.69,393.0499,389.1801,391.46,1899435.103491
2026-06-11T14:00:00.000Z,391.505,393.53,389.21,389.31,1473539.0882960001
2026-06-11T14:15:00.000Z,389.24,390,388.26,389.71,1285485.7772519998
2026-06-11T14:30:00.000Z,389.72,391.35,389.235,390.4,906964.1982030001
2026-06-11T14:45:00.000Z,390.405,390.65,386.7,387.08,1208648.1963369998
2026-06-11T15:00:00.000Z,387.08,389.01,386.35,387.5,1146336.294549
2026-06-11T15:15:00.000Z,387.49,389.27,387.43,387.94,892535.302028
2026-06-11T15:30:00.000Z,387.96,388.41,386.52,386.76,933571.693441
2026-06-11T15:45:00.000Z,386.77,387.28,386.14,386.46,1054362.666805
2026-06-11T16:00:00.000Z,386.445,389.31,386.3,389.175,977109.853315
2026-06-11T16:15:00.000Z,389.13,389.17,387.61,387.98,858433.9564849999
2026-06-11T16:30:00.000Z,387.91,388.77,387.42,387.66,852998.188051
2026-06-11T16:45:00.000Z,387.63,387.82,386,386.26,934974.842547
2026-06-11T17:00:00.000Z,386.26,386.36,384.65,385.13,2105424.680446
2026-06-11T17:15:00.000Z,385.125,387.72,384,387.55,1510467.4971019998
2026-06-11T17:30:00.000Z,387.61,389.79,386.86,389.5,1807241.9958019997
2026-06-11T17:45:00.000Z,389.49,389.6,386.84,388.72,1530460.983734
2026-06-11T18:00:00.000Z,388.74,389.01,387.525,388.23,955590.959747
2026-06-11T18:15:00.000Z,388.22,389.22,388.15,388.81,920211.7377269999
2026-06-11T18:30:00.000Z,388.81,389.12,387.515,387.75,741363.4809610001
2026-06-11T18:45:00.000Z,387.742,388.32,387.11,387.32,867399.8898330001
2026-06-11T19:00:00.000Z,387.31,387.67,386.59,387.39,1195860.2367250002
2026-06-11T19:15:00.000Z,387.42,387.79,387.1,387.235,1307249.0769299997
2026-06-11T19:30:00.000Z,387.23,389.9,387.06,389.83,2087103.4893110003
2026-06-11T19:45:00.000Z,389.8,391.31,389.15,390.03,4002758.9621320004
2026-06-12T13:30:00.000Z,391.43,391.74,382.5,382.5,4427307.347635001
2026-06-12T13:45:00.000Z,382.5017,384.5,382.27,383.59,1747635.646077
2026-06-12T14:00:00.000Z,383.66,384.97,382.38,384.2681,2012127.6073889995
2026-06-12T14:15:00.000Z,384.29,385.2999,383.43,384.12,1307587.5879100002
2026-06-12T14:30:00.000Z,384.09,385.98,384.07,384.105,1685878.5630979997
2026-06-12T14:45:00.000Z,384.1,388.76,384,388.755,1216077.526075
2026-06-12T15:00:00.000Z,388.79,389.97,388.08,389.745,1174088.8987520002
2026-06-12T15:15:00.000Z,389.745,389.91,388.84,388.9,824687.2248219999
2026-06-12T15:30:00.000Z,388.89,389.06,386.83,387.18,1054639.6715260001
2026-06-12T15:45:00.000Z,387.15,387.84,386.65,387.2415,713722.930495
2026-06-12T16:00:00.000Z,387.22,388.46,386.59,387.61,1508160.481184
2026-06-12T16:15:00.000Z,387.65,388.47,387.25,387.9,774665.6980910001
2026-06-12T16:30:00.000Z,387.95,388.385,387.285,387.585,513003.803893
2026-06-12T16:45:00.000Z,387.565,387.89,386.97,387.84,1895064.340622
2026-06-12T17:00:00.000Z,387.81,389,387.62,388.13,563515.631939
2026-06-12T17:15:00.000Z,388.15,388.405,387.76,388.19,882205.762509
2026-06-12T17:30:00.000Z,388.2,388.31,386.52,386.725,509248.555736
2026-06-12T17:45:00.000Z,386.735,387.3099,386.71,386.7863,492349.026827
2026-06-12T18:00:00.000Z,386.7899,387.81,386.64,387.19,546653.820766
2026-06-12T18:15:00.000Z,387.22,387.64,387,387.5401,481393.85358399997
2026-06-12T18:30:00.000Z,387.53,388.8,387.38,388.7501,624326.6086649998
2026-06-12T18:45:00.000Z,388.775,389.15,388.03,388.64,613811.249136
2026-06-12T19:00:00.000Z,388.61,389.2799,388.01,389.26,607977.223025
2026-06-12T19:15:00.000Z,389.26,389.74,388.66,389.42,724104.6695529998
2026-06-12T19:30:00.000Z,389.4,390,389.03,389.88,696202.6922459998
2026-06-12T19:45:00.000Z,389.88,391,389.28,390.67,2050204.574781
2026-06-15T13:30:00.000Z,396.795,397.99,392.845,396.4368,3119642.024996
2026-06-15T13:45:00.000Z,396.41,398.6699,395.795,398.33,1477326.7866939998
2026-06-15T14:00:00.000Z,398.4164,399.6,397.63,397.76,1538227.651767
2026-06-15T14:15:00.000Z,397.775,399.08,397.3454,398.33,1456806.0661079998
2026-06-15T14:30:00.000Z,398.31,398.4,397.3,397.4782,861614.509134
2026-06-15T14:45:00.000Z,397.49,398.23,397.25,398.14,1022737.82987
2026-06-15T15:00:00.000Z,398.145,399.0976,397.36,398.475,1037720.3945480001
2026-06-15T15:15:00.000Z,398.4401,399.075,397.83,398.49,762803.4397250001
2026-06-15T15:30:00.000Z,398.48,399.18,398.1,399.03,619043.3123320001
2026-06-15T15:45:00.000Z,399.045,400.95,398.88,400.81,1016038.4464670002
2026-06-15T16:00:00.000Z,400.825,401.65,400.51,400.699,717994.2778420001
2026-06-15T16:15:00.000Z,400.71,401.625,400.37,401.575,518742.43706400006
2026-06-15T16:30:00.000Z,401.565,401.75,400.15,400.2,468697.755326
2026-06-15T16:45:00.000Z,400.215,400.37,398.68,399.22,618556.503037
2026-06-15T17:00:00.000Z,399.2,399.99,398.9,399.5025,421073.847269
2026-06-15T17:15:00.000Z,399.5006,399.9499,399.46,399.49,356172.68013600004
2026-06-15T17:30:00.000Z,399.49,399.96,399.49,399.77,344642.714466
2026-06-15T17:45:00.000Z,399.75,399.85,399.16,399.29,359451.85519400006
2026-06-15T18:00:00.000Z,399.31,399.51,398.9001,399.335,365622.4848050001
2026-06-15T18:15:00.000Z,399.37,399.58,398.9,398.975,355947.37511499994
2026-06-15T18:30:00.000Z,398.975,399.02,398.26,398.63,578484.1702829999
2026-06-15T18:45:00.000Z,398.63,398.7799,398.3,398.68,351030.44138100004
2026-06-15T19:00:00.000Z,398.675,399.8,398.5106,399.165,621372.109616
2026-06-15T19:15:00.000Z,399.13,399.42,398.41,398.4501,454595.708969
2026-06-15T19:30:00.000Z,398.45,400.18,398.25,400.1,697251.0838900001
2026-06-15T19:45:00.000Z,400.08,400.61,398.72,400.025,1977030.572764
2026-06-16T13:30:00.000Z,395.79,396.84,390.93,393.924,2851033.575467
2026-06-16T13:45:00.000Z,393.997,395.6,392.9,394.85,1449841.230761
2026-06-16T14:00:00.000Z,394.81,395.43,393.3,393.505,1103830.84261
2026-06-16T14:15:00.000Z,393.53,393.75,391.92,393.095,1189286.0162209999
2026-06-16T14:30:00.000Z,393.095,393.65,392.47,392.6675,822826.2632390001
2026-06-16T14:45:00.000Z,392.69,394.3759,392.45,393.67,914103.2471070002
2026-06-16T15:00:00.000Z,393.66,394.355,393.3,393.78,667813.627097
2026-06-16T15:15:00.000Z,393.765,394.09,393.4,393.44,724012.365173
2026-06-16T15:30:00.000Z,393.47,393.94,392.75,393.17,577867.704956
2026-06-16T15:45:00.000Z,393.19,393.66,392.84,392.84,617121.5585469999
2026-06-16T16:00:00.000Z,392.83,392.99,392.21,392.6,525634.256556
2026-06-16T16:15:00.000Z,392.65,392.8,391.38,391.845,639400.744606
2026-06-16T16:30:00.000Z,391.87,392.44,391.5,392.375,548884.297323
2026-06-16T16:45:00.000Z,392.375,392.61,391.75,391.765,1032391.3445619998
2026-06-16T17:00:00.000Z,391.795,392.1,391.69,391.905,398948.21585399995
2026-06-16T17:15:00.000Z,391.8995,392.08,391.39,391.5,468693.37669800007
2026-06-16T17:30:00.000Z,391.48,391.56,390.76,391.14,759039.022322
2026-06-16T17:45:00.000Z,391.11,391.42,390.69,391.295,559486.055952
2026-06-16T18:00:00.000Z,391.295,391.63,390.88,391.51,548143.230744
2026-06-16T18:15:00.000Z,391.56,392.249,391.49,392.12,470586.34212600003
2026-06-16T18:30:00.000Z,392.11,393.03,392.06,393.0001,483259.40465700004
2026-06-16T18:45:00.000Z,393.03,393.5599,392.9401,393.26,624300.837293
2026-06-16T19:00:00.000Z,393.2416,393.28,392.2004,392.7501,658920.9307510001
2026-06-16T19:15:00.000Z,392.76,393.28,392.33,393.12,667962.2802379997
2026-06-16T19:30:00.000Z,393.115,393.99,392.94,393.77,755560.6840659999
2026-06-16T19:45:00.000Z,393.765,394.32,393.25,393.97,2441398.974533
2026-06-17T13:30:00.000Z,390.25,390.37,386.75,388.655,2372515.592114
2026-06-17T13:45:00.000Z,388.655,390.05,388.13,389.8,1406792.414024
2026-06-17T14:00:00.000Z,389.815,389.885,387.44,388.425,1154946.685363
2026-06-17T14:15:00.000Z,388.45,388.88,387.0655,387.38,1057299.257538
2026-06-17T14:30:00.000Z,387.39,387.71,385.89,386.2999,1250962.557316
2026-06-17T14:45:00.000Z,386.2,386.3,384.63,384.9,1344213.943855
2026-06-17T15:00:00.000Z,384.92,386.31,384.72,385.98,884663.902604
2026-06-17T15:15:00.000Z,385.97,386.05,385.23,385.42,879344.6024930001
2026-06-17T15:30:00.000Z,385.4,386.62,385.17,386.215,867526.555723
2026-06-17T15:45:00.000Z,386.21,386.63,385.36,385.375,710514.3114300001
2026-06-17T16:00:00.000Z,385.365,386.1,385.325,385.72,2590687.7862469996
2026-06-17T16:15:00.000Z,385.75,385.93,385.34,385.375,604460.909468
2026-06-17T16:30:00.000Z,385.36,385.38,384.42,384.525,864573.8468510002
2026-06-17T16:45:00.000Z,384.53,384.83,384.04,384.11,838909.21774
2026-06-17T17:00:00.000Z,384.13,384.46,383.2,384.27,895718.5378320001
2026-06-17T17:15:00.000Z,384.29,385.215,384.01,384.875,561434.186995
2026-06-17T17:30:00.000Z,384.88,385.45,384.6,385.155,560162.210769
2026-06-17T17:45:00.000Z,385.17,385.98,385.16,385.75,565538.032005
2026-06-17T18:00:00.000Z,385.75,385.78,382.81,383.61,1454163.081566
2026-06-17T18:15:00.000Z,383.615,384.16,382.61,383.02,851163.161828
2026-06-17T18:30:00.000Z,383.0015,383.9,382.38,383.35,1054500.0123
2026-06-17T18:45:00.000Z,383.355,383.4699,381.42,381.8,1294176.7859500002
2026-06-17T19:00:00.000Z,381.805,382.47,380.64,381.25,1297188.5741649999
2026-06-17T19:15:00.000Z,381.2599,381.32,378.88,379.03,1839826.0621309998
2026-06-17T19:30:00.000Z,379.03,381.6419,377.57,377.72,1880041.6111259998
2026-06-17T19:45:00.000Z,377.73,379.55,377.32,378.8501,3647941.948295
2026-06-18T13:30:00.000Z,377.82,379.521,373.28,373.665,8398382.605791
2026-06-18T13:45:00.000Z,373.69,376.5,373.5945,376.23,2079672.8359049996
2026-06-18T14:00:00.000Z,376.215,379.06,375.29,378.349,2799912.3236120003
2026-06-18T14:15:00.000Z,378.308,379.62,376.74,377.22,1598139.5961590002
2026-06-18T14:30:00.000Z,377.17,378.45,376.8139,377.565,1575111.087733
2026-06-18T14:45:00.000Z,377.58,378.24,376.5986,376.5986,2124589.8246669997
2026-06-18T15:00:00.000Z,376.61,376.92,375.75,375.965,1278008.248186
2026-06-18T15:15:00.000Z,375.95,376.14,374.82,375.165,1325709.2305869998
2026-06-18T15:30:00.000Z,375.2,376,375.05,375.35,823117.9786200001
2026-06-18T15:45:00.000Z,375.32,378.04,375.1,377.926,1048997.815181
2026-06-18T16:00:00.000Z,377.9,378.1599,376.56,376.7,882706.7355429999
2026-06-18T16:15:00.000Z,376.73,378.7815,376.73,378.595,810831.484548
2026-06-18T16:30:00.000Z,378.595,379.56,378.5482,378.92,760068.0627250001
2026-06-18T16:45:00.000Z,378.92,379.61,378.63,379.51,478742.876975
2026-06-18T17:00:00.000Z,379.505,381.37,379.27,380.745,916749.7425159998
2026-06-18T17:15:00.000Z,380.745,381.1099,379.3,379.695,809927.305808
2026-06-18T17:30:00.000Z,379.69,380.54,379.17,379.74,611077.195577
2026-06-18T17:45:00.000Z,379.7101,380.19,379.61,379.72,480303.46717400005
2026-06-18T18:00:00.000Z,379.75,379.8,378.5501,378.85,722526.0023350001
2026-06-18T18:15:00.000Z,378.85,378.93,377.6,377.618,616285.715676
2026-06-18T18:30:00.000Z,377.63,378.1,377.35,378.05,659283.804852
2026-06-18T18:45:00.000Z,378.03,378.5,377.63,377.91,569680.133477
2026-06-18T19:00:00.000Z,377.88,377.89,377.1191,377.575,2094828.3439099996
2026-06-18T19:15:00.000Z,377.56,378.365,377.4,378.015,856595.1228270001
2026-06-18T19:30:00.000Z,378.015,378.135,377.5,378.025,855403.9328110002
2026-06-18T19:45:00.000Z,378.02,380.5,377.561,379.05,3600839.0187220005
2026-06-22T13:30:00.000Z,375.74,379.55,374.36,379.48,3080387.299448
2026-06-22T13:45:00.000Z,379.5101,381.63,378.1101,379.9,1306092.619944
2026-06-22T14:00:00.000Z,379.85,380.89,377.5246,377.65,1175355.634082
2026-06-22T14:15:00.000Z,377.625,377.65,373.53,373.63,1263768.8067599998
2026-06-22T14:30:00.000Z,373.59,374.4554,372.92,373.94,1428478.270005
2026-06-22T14:45:00.000Z,373.9386,374.25,371.46,372.235,1450194.912946
2026-06-22T15:00:00.000Z,372.26,373.14,371.11,371.3,1222252.4338890002
2026-06-22T15:15:00.000Z,371.27,371.57,370.5701,371.19,1286624.473334
2026-06-22T15:30:00.000Z,371.18,371.7799,370.41,371.64,1939680.0518830004
2026-06-22T15:45:00.000Z,371.665,372.0893,370.36,370.54,836914.2486490001
2026-06-22T16:00:00.000Z,370.58,370.67,369.2008,369.75,1349305.90388
2026-06-22T16:15:00.000Z,369.77,369.81,367.93,368.425,944357.917779
2026-06-22T16:30:00.000Z,368.425,368.63,368,368.3425,929239.0357290001
2026-06-22T16:45:00.000Z,368.34,369.06,368.34,368.8625,804043.558349
2026-06-22T17:00:00.000Z,368.885,369.16,368.1,368.76,1077576.565392
2026-06-22T17:15:00.000Z,368.76,369.6,368.62,368.99,1517074.022156
2026-06-22T17:30:00.000Z,368.995,369.3699,368.6608,369.17,563529.3198050001
2026-06-22T17:45:00.000Z,369.17,370.12,369.06,370.02,771460.2146800001
2026-06-22T18:00:00.000Z,370.03,370.21,369.57,369.92,659511.313501
2026-06-22T18:15:00.000Z,369.93,370.6563,369.88,370.355,688742.2265790001
2026-06-22T18:30:00.000Z,370.365,370.57,369.88,370.05,682784.2426100001
2026-06-22T18:45:00.000Z,370.05,370.31,369.1,369.295,758073.3960929998
2026-06-22T19:00:00.000Z,369.305,370.3,369,370.14,845866.90777
2026-06-22T19:15:00.000Z,370.14,370.482,369.74,369.74,997335.8184879998
2026-06-22T19:30:00.000Z,369.76,370.45,368.65,369.02,1196227.125066
2026-06-22T19:45:00.000Z,369.01,369.53,367.07,367.26,4667553.670188
2026-06-23T13:30:00.000Z,372.38,375.9,370.67,374.83,3671526.087609
2026-06-23T13:45:00.000Z,374.73,375.14,372.13,374.86,1630382.885346
2026-06-23T14:00:00.000Z,374.855,375.63,373.22,374.3,1457186.107843
2026-06-23T14:15:00.000Z,374.27,376.39,373.91,376.28,1405888.61717
2026-06-23T14:30:00.000Z,376.308,377.22,375.4094,376.37,1183873.2291370002
2026-06-23T14:45:00.000Z,376.37,376.7,374.125,374.71,1089818.884234
2026-06-23T15:00:00.000Z,374.71,374.75,373.36,374.52,861824.9181020001
2026-06-23T15:15:00.000Z,374.52,375,372.75,372.9592,795331.749558
2026-06-23T15:30:00.000Z,372.95,373.3099,372.46,373.16,1505226.4881750003
2026-06-23T15:45:00.000Z,373.17,373.6551,372.82,373.41,968927.906206
2026-06-23T16:00:00.000Z,373.41,373.55,371.61,372.02,776311.8987060001
2026-06-23T16:15:00.000Z,372.03,373.37,371.65,373.1701,681269.494644
2026-06-23T16:30:00.000Z,373.2,373.54,372.66,372.76,603858.2342300001
2026-06-23T16:45:00.000Z,372.78,373.36,372.57,372.885,718088.2857959999
2026-06-23T17:00:00.000Z,372.9,372.94,372.43,372.56,724977.5184890002
2026-06-23T17:15:00.000Z,372.56,373.1899,372.45,373.015,583499.8122850001
2026-06-23T17:30:00.000Z,373.025,374.58,372.99,374.055,663237.3598730001
2026-06-23T17:45:00.000Z,374.02,374.29,372.6,373.535,839547.211011
2026-06-23T18:00:00.000Z,373.56,374.24,373.395,373.6346,765562.4162099999
2026-06-23T18:15:00.000Z,373.6,373.88,373.12,373.2,560585.591579
2026-06-23T18:30:00.000Z,373.175,373.73,372.315,372.38,784739.5086109999
2026-06-23T18:45:00.000Z,372.39,373,372.27,372.845,809316.3440749998
2026-06-23T19:00:00.000Z,372.87,373.88,372.77,373.28,811578.5229160001
2026-06-23T19:15:00.000Z,373.32,374.1995,373.05,373.9462,827746.1456889999
2026-06-23T19:30:00.000Z,373.95,374.31,373.4,374.21,1036010.629349
2026-06-23T19:45:00.000Z,374.21,376.1212,373.77,373.905,3222964.606007
2026-06-24T13:30:00.000Z,371.57,378.88,371,377.75,2453625.6232580002
2026-06-24T13:45:00.000Z,377.7,377.77,374.31,374.535,1370441.2725439998
2026-06-24T14:00:00.000Z,374.6,374.67,372.63,373.7,1097994.352774
2026-06-24T14:15:00.000Z,373.67,374.99,373.07,374.83,759271.4152609999
2026-06-24T14:30:00.000Z,374.79,375.05,372.54,373.435,881971.4247790001
2026-06-24T14:45:00.000Z,373.5,375.59,373.38,375.56,831783.477147
2026-06-24T15:00:00.000Z,375.56,375.6,373.8,374.61,870764.3131060001
2026-06-24T15:15:00.000Z,374.6,375.51,374.3,374.91,1133516.202854
2026-06-24T15:30:00.000Z,374.95,375.1,373.54,373.55,596527.087341
2026-06-24T15:45:00.000Z,373.6,374.55,373.3602,374.1399,1554687.3017390002
2026-06-24T16:00:00.000Z,374.1,374.63,373.52,374.1801,525820.158967
2026-06-24T16:15:00.000Z,374.22,374.46,373.04,373.12,637883.680196
2026-06-24T16:30:00.000Z,373.12,373.28,372.18,372.55,642521.479442
2026-06-24T16:45:00.000Z,372.57,373.4322,372.5,372.86,633404.153859
2026-06-24T17:00:00.000Z,372.831,373.36,371.89,372.04,604766.9899869999
2026-06-24T17:15:00.000Z,372.03,372.15,370.8,370.96,663581.2068619999
2026-06-24T17:30:00.000Z,370.91,371.9,370.41,370.7,784653.8870569998
2026-06-24T17:45:00.000Z,370.69,371.06,370.3,370.67,708308.760148
2026-06-24T18:00:00.000Z,370.69,371.94,370.655,371.805,689321.5588040001
2026-06-24T18:15:00.000Z,371.83,372.2968,370.58,370.61,863035.5223629999
2026-06-24T18:30:00.000Z,370.635,371.44,369.11,369.195,1154254.257953
2026-06-24T18:45:00.000Z,369.16,369.41,368.57,369.02,1153808.230159
2026-06-24T19:00:00.000Z,369.02,369.3,368.46,368.86,977026.2395499998
2026-06-24T19:15:00.000Z,368.87,368.95,368.4,368.45,1324895.204308
2026-06-24T19:30:00.000Z,368.48,368.7,367.4401,367.84,1350301.665515
2026-06-24T19:45:00.000Z,367.85,368.28,364.78,365.45,5273070.254721
2026-06-25T13:30:00.000Z,362.77,364.23,358.55,359.0399,3992983.162206
2026-06-25T13:45:00.000Z,358.94,359.2899,356.6,357.43,2444550.9461700004
2026-06-25T14:00:00.000Z,357.42,358.66,356.97,358.3495,2129512.795595
2026-06-25T14:15:00.000Z,358.3,360,358.09,359.855,1624428.197704
2026-06-25T14:30:00.000Z,359.8575,359.99,356.8,357.73,1545538.318151
2026-06-25T14:45:00.000Z,357.725,358,355.33,355.555,2175433.461977
2026-06-25T15:00:00.000Z,355.6,356.0088,353.68,354.82,2491791.7698600003
2026-06-25T15:15:00.000Z,354.82,356.18,354.1,356.06,1887840.786733
2026-06-25T15:30:00.000Z,356.0929,356.63,355,355.78,1529507.007151
2026-06-25T15:45:00.000Z,355.7666,356.26,354.8101,355.605,1247480.6728209998
2026-06-25T16:00:00.000Z,355.6,355.6299,352.78,353.035,2036862.2798259999
2026-06-25T16:15:00.000Z,353.06,354.32,352.37,352.41,1698966.2879829998
2026-06-25T16:30:00.000Z,352.41,352.6,351.42,351.835,1879619.5100480001
2026-06-25T16:45:00.000Z,351.835,352,351.12,351.6,1666585.4186989998
2026-06-25T17:00:00.000Z,351.62,351.95,350.86,351.88,1633675.867479
2026-06-25T17:15:00.000Z,351.85,352.31,351.331,351.62,1429712.9645759999
2026-06-25T17:30:00.000Z,351.62,351.7,350.01,350.1299,1715767.9976790003
2026-06-25T17:45:00.000Z,350.12,350.96,349.2,350.61,2491474.757708
2026-06-25T18:00:00.000Z,350.62,351.9747,350.26,351.395,1406720.931206
2026-06-25T18:15:00.000Z,351.395,357.77,351.35,357.72,2240457.3390820003
2026-06-25T18:30:00.000Z,357.745,357.79,355.89,355.92,1714320.3769530002
2026-06-25T18:45:00.000Z,355.92,355.92,354.31,355.42,1539232.668288
2026-06-25T19:00:00.000Z,355.45,355.66,353.9,354.57,1962462.1654410004
2026-06-25T19:15:00.000Z,354.5,354.51,352.3,352.62,1907358.704248
2026-06-25T19:30:00.000Z,352.605,353.49,352.47,352.77,2417676.451607
2026-06-25T19:45:00.000Z,352.77,355.18,351.64,352.6932,6393957.577523999
2026-06-26T13:30:00.000Z,357.15,361.7188,355.43,361.235,6352014.839829002
2026-06-26T13:45:00.000Z,361.235,364.2,360.02,362.23,3825381.1041369997
2026-06-26T14:00:00.000Z,362.17,365.35,360.9,364.215,2501004.535955
2026-06-26T14:15:00.000Z,364.2,367.77,363.3997,367.07,2797009.18494
2026-06-26T14:30:00.000Z,367.07,367.79,365.3,367.36,2373021.949552
2026-06-26T14:45:00.000Z,367.345,370.28,367.06,369.87,2773603.77112
2026-06-26T15:00:00.000Z,369.87,370.55,368.45,368.96,2208706.257286
2026-06-26T15:15:00.000Z,368.93,370.6,367.6,370.425,2222369.8344989996
2026-06-26T15:30:00.000Z,370.3301,371.52,370.07,371.228,2320006.858333
2026-06-26T15:45:00.000Z,371.24,371.29,369.22,370.19,2232012.968127
2026-06-26T16:00:00.000Z,370.19,370.5578,367.5,368.665,1544504.9277569999
2026-06-26T16:15:00.000Z,368.675,369.1,367.48,367.98,1753714.6445690002
2026-06-26T16:30:00.000Z,368,369.75,367.72,369.55,1443519.723644
2026-06-26T16:45:00.000Z,369.57,370.85,369.235,369.47,1547770.9195390001
2026-06-26T17:00:00.000Z,369.49,370.38,369.16,369.81,1261963.021404
2026-06-26T17:15:00.000Z,369.8,370.3,368.89,369.91,1559071.058145
2026-06-26T17:30:00.000Z,369.905,371.18,368.57,371.1605,1207155.0324050002
2026-06-26T17:45:00.000Z,371.12,371.48,370.08,370.72,1913409.6473809995
2026-06-26T18:00:00.000Z,370.72,371.8,370.47,371.58,1823168.523962
2026-06-26T18:15:00.000Z,371.57,371.7,370.43,370.445,1274284.6973
2026-06-26T18:30:00.000Z,370.445,372.01,370.23,370.62,1810547.078103
2026-06-26T18:45:00.000Z,370.63,370.9,369.41,369.67,1979910.2253500002
2026-06-26T19:00:00.000Z,369.69,371.28,369.6,370.765,2604565.3959279996
2026-06-26T19:15:00.000Z,370.765,371.7182,369.65,370.03,2846282.628311
2026-06-26T19:30:00.000Z,370.04,372.97,369.97,372.74,3762917.0087960004
2026-06-26T19:45:00.000Z,372.76,376.61,371.03,371.19,11526579.925196
2026-06-29T13:30:00.000Z,377.5,379.77,374.5,377.82,4001750.8769839997
2026-06-29T13:45:00.000Z,377.95,380.5,377.4,379.2,2800959.7716190005
2026-06-29T14:00:00.000Z,379.22,379.4899,375.05,375.66,1900140.485218
2026-06-29T14:15:00.000Z,375.64,377.08,375.21,376.245,1455761.604286
2026-06-29T14:30:00.000Z,376.245,377.18,374.44,376.49,1684062.843997
2026-06-29T14:45:00.000Z,376.45,376.475,371.685,371.995,1962388.766976
2026-06-29T15:00:00.000Z,371.95,373.1287,371.52,372.79,1567386.6949599998
2026-06-29T15:15:00.000Z,372.8,373.7,372.15,373.285,1292761.92335
2026-06-29T15:30:00.000Z,373.33,373.58,371.26,371.65,1148872.4782080003
2026-06-29T15:45:00.000Z,371.62,371.65,370.25,371.56,1622544.687112
2026-06-29T16:00:00.000Z,371.62,371.8,368,368.24,1787964.582619
2026-06-29T16:15:00.000Z,368.25,368.77,367.74,368.17,1214109.855525
2026-06-29T16:30:00.000Z,368.15,368.44,367.28,367.375,1407293.2013689997
2026-06-29T16:45:00.000Z,367.375,369.47,367.23,368.96,1252404.4045330002
2026-06-29T17:00:00.000Z,369.02,369.09,367.8,368.9,1056705.712047
2026-06-29T17:15:00.000Z,368.93,370.28,359.9,369.625,1082382.5868779998
2026-06-29T17:30:00.000Z,369.65,370.25,368.37,369.18,984461.945808
2026-06-29T17:45:00.000Z,369.12,369.5,368.66,368.81,780304.1965239999
2026-06-29T18:00:00.000Z,368.8,368.8,368.02,368.22,751231.0801220002
2026-06-29T18:15:00.000Z,368.1942,368.44,367.55,368.025,802473.907472
2026-06-29T18:30:00.000Z,368.05,368.8,367.9,368.105,937453.0329909999
2026-06-29T18:45:00.000Z,368.11,368.4299,367.29,368.13,1220680.630091
2026-06-29T19:00:00.000Z,368.15,369.59,367.9,368.91,1122387.814243
2026-06-29T19:15:00.000Z,368.91,369.04,367.37,367.43,1525697.8051689998
2026-06-29T19:30:00.000Z,367.42,368.37,366.82,367.805,3430252.51687
2026-06-29T19:45:00.000Z,367.805,369,367.78,368.48,2736403.06661
2026-06-30T13:30:00.000Z,371.03,371.91,367.45,370.02,2529580.981256
2026-06-30T13:45:00.000Z,369.84,372.59,369.75,371.5659,1660897.7110690004
2026-06-30T14:00:00.000Z,371.5473,372.2999,370.42,371.475,1183395.4002220002
2026-06-30T14:15:00.000Z,371.48,372.6,371.4,371.9616,923116.45707
2026-06-30T14:30:00.000Z,371.96,372.53,371.3,372.355,835708.1780249998
2026-06-30T14:45:00.000Z,372.32,372.6,369.16,369.73,1259384.3653339997
2026-06-30T15:00:00.000Z,369.8,370.03,368.16,369.6,862479.0714309999
2026-06-30T15:15:00.000Z,369.6,370.6765,369.21,370.5901,718652.881145
2026-06-30T15:30:00.000Z,370.62,370.91,370,370.125,639462.8591959999
2026-06-30T15:45:00.000Z,370.13,370.78,369.8,370.5,963079.6640159996
2026-06-30T16:00:00.000Z,370.55,371.43,370.18,370.665,642666.2620870001
2026-06-30T16:15:00.000Z,370.67,371.08,370.47,370.915,433441.641299
2026-06-30T16:30:00.000Z,370.88,371.19,370.545,370.99,533689.3433249999
2026-06-30T16:45:00.000Z,370.995,373.4,370.97,372.73,1190905.188729
2026-06-30T17:00:00.000Z,372.72,373.02,370.66,370.83,768693.9680769999
2026-06-30T17:15:00.000Z,370.81,371.74,370.77,371.37,837453.5541659999
2026-06-30T17:30:00.000Z,371.37,371.46,370.57,370.895,521063.68487199995
2026-06-30T17:45:00.000Z,370.895,371.43,370.4,370.89,585340.5869130001
2026-06-30T18:00:00.000Z,370.87,371.19,370.3,370.68,656967.6317260001
2026-06-30T18:15:00.000Z,370.69,371.44,370.63,370.78,662015.253198
2026-06-30T18:30:00.000Z,370.77,370.9575,370.3309,370.365,896456.289869
2026-06-30T18:45:00.000Z,370.365,370.77,369.817,370.49,1180698.2805119997
2026-06-30T19:00:00.000Z,370.49,371.36,370.35,371.295,759049.150386
2026-06-30T19:15:00.000Z,371.295,371.87,371.02,371.205,829361.742155
2026-06-30T19:30:00.000Z,371.2,372.26,371.06,371.845,1290345.4732480003
2026-06-30T19:45:00.000Z,371.83,374.15,370.88,372.83,5058604.470285
2026-07-01T13:30:00.000Z,380.825,381,376.51,377.135,3822720.6968309996
2026-07-01T13:45:00.000Z,377.135,378.53,374.89,377.51,1674718.853791
2026-07-01T14:00:00.000Z,377.52,380.66,376.74,379.96,1526821.1160239999
2026-07-01T14:15:00.000Z,379.92,383.24,379.8,382.34,1781717.2834200002
2026-07-01T14:30:00.000Z,382.2301,384.48,381.38,383.885,1782993.777883
2026-07-01T14:45:00.000Z,383.885,385.44,382.95,385.26,2166788.1286079995
2026-07-01T15:00:00.000Z,385.36,387,384.8,386.345,1463688.958453
2026-07-01T15:15:00.000Z,386.35,387.82,386.08,386.72,2000088.2538979996
2026-07-01T15:30:00.000Z,386.72,386.96,384.18,384.61,1419164.91849
2026-07-01T15:45:00.000Z,384.57,386.07,383.79,385.83,917651.5201040001
2026-07-01T16:00:00.000Z,385.83,386.34,385.53,386.285,834029.0686859998
2026-07-01T16:15:00.000Z,386.2894,386.43,385.0775,385.625,1334384.729792
2026-07-01T16:30:00.000Z,385.615,386.34,385.34,386.13,565935.2292559999
2026-07-01T16:45:00.000Z,386.1301,387.1,385.65,386.3,792472.39633
2026-07-01T17:00:00.000Z,386.3,387.1127,386.06,386.7651,708825.0021319999
2026-07-01T17:15:00.000Z,386.78,388.15,386.72,387.83,1016212.55691
2026-07-01T17:30:00.000Z,387.86,388.01,386.57,386.66,730310.1110459999
2026-07-01T17:45:00.000Z,386.7,388.26,386.66,387.72,706467.928607
2026-07-01T18:00:00.000Z,387.705,388.83,387.54,387.95,1123667.122023
2026-07-01T18:15:00.000Z,387.95,388.7499,387.2399,388.14,833269.692271
2026-07-01T18:30:00.000Z,388.17,388.3499,387.62,387.6775,804420.1652549999
2026-07-01T18:45:00.000Z,387.66,387.79,386.78,386.95,838605.7773319999
2026-07-01T19:00:00.000Z,386.915,388.05,386.63,387.105,1739074.0000429999
2026-07-01T19:15:00.000Z,387.1,387.115,385.12,385.185,1544209.5604869998
2026-07-01T19:30:00.000Z,385.175,385.61,384.8,385.585,1347065.4793100003
2026-07-01T19:45:00.000Z,385.5875,385.795,382.78,384.22,4004231.125789
2026-07-02T13:30:00.000Z,384.48,387.33,383.7,385.92,2408411.0563030005
2026-07-02T13:45:00.000Z,385.92,386.7699,384.99,386.42,1296962.2759650003
2026-07-02T14:00:00.000Z,386.44,388.02,385.95,387.595,904726.222729
2026-07-02T14:15:00.000Z,387.57,389.8,387.2,388.655,2211557.4460520004
2026-07-02T14:30:00.000Z,388.655,390.5,387.76,388.59,1623133.506465
2026-07-02T14:45:00.000Z,388.585,390.37,388.3,390.11,1279830.245542
2026-07-02T15:00:00.000Z,390.13,390.59,387.61,389.16,1713386.6925860003
2026-07-02T15:15:00.000Z,389.19,389.68,386.3105,387.76,1442789.8963929997
2026-07-02T15:30:00.000Z,387.75,388.9,387.58,388.35,895185.1726279998
2026-07-02T15:45:00.000Z,388.35,389.32,388.11,389.07,829378.7045409998
2026-07-02T16:00:00.000Z,389.08,390.09,388.33,390.05,2250270.1500549996
2026-07-02T16:15:00.000Z,390.08,390.94,389.5,390.907,1038531.0741779997
2026-07-02T16:30:00.000Z,390.94,391.0999,389.37,390.63,987497.725387
2026-07-02T16:45:00.000Z,390.57,390.62,389.47,390.395,811139.594075
2026-07-02T17:00:00.000Z,390.43,390.93,388.75,390.815,890094.609691
2026-07-02T17:15:00.000Z,390.815,391.79,390.6301,391.7414,797032.5359930001
2026-07-02T17:30:00.000Z,391.72,392.08,390.25,390.57,933598.443825
2026-07-02T17:45:00.000Z,390.61,390.9144,390.16,390.61,657470.751501
2026-07-02T18:00:00.000Z,390.61,391.875,390.15,391.3499,791329.894232
2026-07-02T18:15:00.000Z,391.3,391.4,389.65,390.95,807949.120036
2026-07-02T18:30:00.000Z,390.92,391.56,390.6801,391.255,521233.664065
2026-07-02T18:45:00.000Z,391.255,391.31,390.155,390.835,612143.2636039999
2026-07-02T19:00:00.000Z,390.865,392.2,390.13,391.2,930421.419723
2026-07-02T19:15:00.000Z,391.215,391.86,391.02,391.2,1183420.747997
2026-07-02T19:30:00.000Z,391.2,391.52,390.26,390.63,931585.5043000001
2026-07-02T19:45:00.000Z,390.635,392,389.61,389.62,3565492.788688
2026-07-06T13:30:00.000Z,387.04,389.15,381.22,384.13,3013907.2842759998
2026-07-06T13:45:00.000Z,384.1,385.75,383.26,384.86,1320891.020526
2026-07-06T14:00:00.000Z,384.95,385.45,383.17,383.66,1522787.3600219998
2026-07-06T14:15:00.000Z,383.72,384.61,382.78,384.1,1200611.147677
2026-07-06T14:30:00.000Z,384.08,384.84,382.57,384.13,1167655.4841830002
2026-07-06T14:45:00.000Z,384.14,385.26,383.88,385.23,971933.044086
2026-07-06T15:00:00.000Z,385.27,386.2,385.02,385.85,827695.9612
2026-07-06T15:15:00.000Z,385.84,386.88,385.34,386.77,791251.6296640001
2026-07-06T15:30:00.000Z,386.7001,387.01,386.3,386.585,774561.7704730001
2026-07-06T15:45:00.000Z,386.575,386.845,386,386.055,651951.9227710001
2026-07-06T16:00:00.000Z,386.08,386.31,384.3,384.56,826238.2365809999
2026-07-06T16:15:00.000Z,384.565,384.77,383.67,384.03,730567.523582
2026-07-06T16:30:00.000Z,384.05,384.89,383.86,384.75,1298913.1051160004
2026-07-06T16:45:00.000Z,384.8,385.3,384.635,385.06,521263.08258900006
2026-07-06T17:00:00.000Z,385.07,386.15,385.07,385.8,536206.1814
2026-07-06T17:15:00.000Z,385.8,386.135,385.3,385.81,495686.790119
2026-07-06T17:30:00.000Z,385.825,386.08,385.15,385.35,434256.6109460001
2026-07-06T17:45:00.000Z,385.32,385.35,384.12,384.6901,575068.9147320001
2026-07-06T18:00:00.000Z,384.72,385.8,384.18,385.71,613330.1373180001
2026-07-06T18:15:00.000Z,385.78,386.61,385.66,386.34,515932.873022
2026-07-06T18:30:00.000Z,386.38,386.78,385.97,386.105,429082.96212499996
2026-07-06T18:45:00.000Z,386.12,386.54,385.6,385.815,464144.63183100004
2026-07-06T19:00:00.000Z,385.82,386.28,385.82,386.195,582414.579572
2026-07-06T19:15:00.000Z,386.2,386.54,385.73,386.31,1061023.443343
2026-07-06T19:30:00.000Z,386.3,386.74,385.965,386.72,695328.267058
2026-07-06T19:45:00.000Z,386.71,387.2,386.25,386.88,2161168.7797230002
2026-07-07T13:30:00.000Z,392.49,394.59,388.52,390.28,3159665.442494
2026-07-07T13:45:00.000Z,390.29,394.75,389.88,393.44,1544987.582975
2026-07-07T14:00:00.000Z,393.46,393.46,391.5,392.99,1189521.5831689998
2026-07-07T14:15:00.000Z,392.945,395.57,392.45,393.92,2063390.3317779996
2026-07-07T14:30:00.000Z,393.8775,394.88,392.35,393.945,1158918.530012
2026-07-07T14:45:00.000Z,393.945,394.27,391.47,391.9,997310.1255780001
2026-07-07T15:00:00.000Z,391.93,394.08,391.785,391.975,888975.844293
2026-07-07T15:15:00.000Z,391.975,393.7899,391.89,393.38,653977.093945
2026-07-07T15:30:00.000Z,393.39,393.87,392.5,393.395,674987.6864870001
2026-07-07T15:45:00.000Z,393.38,394.15,392.83,393.725,730794.384956
2026-07-07T16:00:00.000Z,393.725,394.27,393.05,393.215,792946.2661710001
2026-07-07T16:15:00.000Z,393.215,394.4,392.71,394.12,932680.340374
2026-07-07T16:30:00.000Z,394.13,394.85,393.5786,394.225,745552.8571100001
2026-07-07T16:45:00.000Z,394.23,394.65,393.93,394.05,459953.4186509999
2026-07-07T17:00:00.000Z,394.095,394.31,393.35,393.55,458964.93419299985
2026-07-07T17:15:00.000Z,393.53,393.85,392.95,393.595,477788.9339490001
2026-07-07T17:30:00.000Z,393.595,393.595,392.74,393.047,412175.303783
2026-07-07T17:45:00.000Z,393.04,393.13,392.27,392.815,455123.5908469999
2026-07-07T18:00:00.000Z,392.81,393.39,392.56,392.64,519857.510827
2026-07-07T18:15:00.000Z,392.65,393.1,391.7101,391.835,968574.767888
2026-07-07T18:30:00.000Z,391.85,392.0537,391.42,391.785,456381.45177700004
2026-07-07T18:45:00.000Z,391.81,391.89,390.66,391.02,512588.24102499994
2026-07-07T19:00:00.000Z,391.02,391.06,389.85,389.88,569506.355277
2026-07-07T19:15:00.000Z,389.8801,390.3999,389.4101,389.5,765013.8436870001
2026-07-07T19:30:00.000Z,389.54,390.16,389.05,389.13,718904.6023149999
2026-07-07T19:45:00.000Z,389.12,389.41,388.22,388.83,1875008.357864
2026-07-08T13:30:00.000Z,384.03,385.31,381.68,384.445,2274453.825024
2026-07-08T13:45:00.000Z,384.445,384.71,382.33,383.2,891680.2883129999
2026-07-08T14:00:00.000Z,383.15,384.51,382.35,382.35,813887.0779500001
2026-07-08T14:15:00.000Z,382.34,383.16,381.33,382.26,1079556.696266
2026-07-08T14:30:00.000Z,382.22,383.0999,381.73,382.92,760404.7722819999
2026-07-08T14:45:00.000Z,382.94,383.85,382.6,383.165,578761.49029
2026-07-08T15:00:00.000Z,383.17,383.28,382.42,382.885,584678.683016
2026-07-08T15:15:00.000Z,382.88,383.12,382.03,382.03,662421.9779189999
2026-07-08T15:30:00.000Z,382.0675,382.63,381.56,382.2,512473.86921800004
2026-07-08T15:45:00.000Z,382.195,382.94,382.04,382.7,364819.952023
2026-07-08T16:00:00.000Z,382.74,382.97,382.33,382.61,337046.112854
2026-07-08T16:15:00.000Z,382.61,382.85,382.03,382.49,296298.520754
2026-07-08T16:30:00.000Z,382.44,383.24,382.1,382.73,418196.2439890001
2026-07-08T16:45:00.000Z,382.7101,382.9695,382.041,382.08,1421708.5490789998
2026-07-08T17:00:00.000Z,382.1,382.67,381.55,382.4735,567376.637502
2026-07-08T17:15:00.000Z,382.52,383.59,382.48,383.49,450005.621881
2026-07-08T17:30:00.000Z,383.49,383.68,382.995,383.44,419699.4083959999
2026-07-08T17:45:00.000Z,383.4,383.78,383.23,383.48,609783.995061
2026-07-08T18:00:00.000Z,383.48,384.04,383.2303,383.8312,446435.21215900005
2026-07-08T18:15:00.000Z,383.8492,384.05,383.4317,383.83,378041.83023900003
2026-07-08T18:30:00.000Z,383.83,384.56,383.52,384.2226,451528.739959
2026-07-08T18:45:00.000Z,384.21,384.47,383.55,383.89,447283.9019289999
2026-07-08T19:00:00.000Z,383.92,383.95,382.96,383.04,437490.71858399996
2026-07-08T19:15:00.000Z,383.015,383.57,382.65,383.445,406076.37439
2026-07-08T19:30:00.000Z,383.45,383.74,383.17,383.435,513697.0039479999
2026-07-08T19:45:00.000Z,383.43,383.73,382.65,383.05,1935413.0229029998
2026-07-09T13:30:00.000Z,374.45,378.5,373.35,378.33,3090324.3761739996
2026-07-09T13:45:00.000Z,378.36,379.32,377.13,378.59,1165385.924879
2026-07-09T14:00:00.000Z,378.66,378.7919,376.11,376.22,1293369.898336
2026-07-09T14:15:00.000Z,376.21,376.92,375.15,376.545,1267689.0195119998
2026-07-09T14:30:00.000Z,376.545,377.5999,376.1,377.08,705050.83344
2026-07-09T14:45:00.000Z,377.045,378.94,376.97,378.94,762307.1494470001
2026-07-09T15:00:00.000Z,378.95,379.96,378.83,379.08,828137.961064
2026-07-09T15:15:00.000Z,379.09,380.28,379.08,380.125,642582.935581
2026-07-09T15:30:00.000Z,380.13,380.44,379.82,380.165,531453.9133060001
2026-07-09T15:45:00.000Z,380.2,380.6,379.92,380.095,509218.5801730001
2026-07-09T16:00:00.000Z,380.1,380.2,379.36,379.435,449213.639869
2026-07-09T16:15:00.000Z,379.41,379.87,378.9501,379.665,434051.2831199999
2026-07-09T16:30:00.000Z,379.62,380.15,379.5,379.66,343203.553717
2026-07-09T16:45:00.000Z,379.68,379.88,379.17,379.42,447004.77409
2026-07-09T17:00:00.000Z,379.44,379.9399,379.4,379.56,559894.3954149999
2026-07-09T17:15:00.000Z,379.59,380.91,379.53,380.825,501625.36437299993
2026-07-09T17:30:00.000Z,380.81,380.91,380.2538,380.58,520807.913501
2026-07-09T17:45:00.000Z,380.605,380.75,380.3,380.65,477291.295731
2026-07-09T18:00:00.000Z,380.69,381.25,380.51,381.025,533850.172109
2026-07-09T18:15:00.000Z,380.98,381.1,380.37,380.64,425379.500167
2026-07-09T18:30:00.000Z,380.66,380.94,380.52,380.795,1188821.124425
2026-07-09T18:45:00.000Z,380.76,380.9,380.42,380.79,541944.445324
2026-07-09T19:00:00.000Z,380.786,381.89,380.74,381.4615,502574.104342
2026-07-09T19:15:00.000Z,381.46,382.4299,381.4101,382.385,823725.2245789999
2026-07-09T19:30:00.000Z,382.385,383.5,382.35,383.34,841260.98398
2026-07-09T19:45:00.000Z,383.32,384.65,383.07,384.33,2408730.868617
2026-07-10T13:30:00.000Z,387.8,391.91,386.355,386.82,2555883.374743
2026-07-10T13:45:00.000Z,386.88,386.9499,384.76,385.05,1089666.1140730001
2026-07-10T14:00:00.000Z,385.05,385.63,383.49,385,1093992.712439
2026-07-10T14:15:00.000Z,385,385.92,383.85,384.32,655977.612412
2026-07-10T14:30:00.000Z,384.36,384.6,381.93,383.145,874850.798099
2026-07-10T14:45:00.000Z,383.1137,383.21,382.31,382.535,533441.171993
2026-07-10T15:00:00.000Z,382.57,382.95,381.5,382.24,591782.129194
2026-07-10T15:15:00.000Z,382.255,383.27,382.05,382.91,603349.4821740001
2026-07-10T15:30:00.000Z,382.91,384.73,382.89,383.96,1272876.97987
2026-07-10T15:45:00.000Z,383.9876,384.71,383.49,384.145,391568.158582
2026-07-10T16:00:00.000Z,384.17,384.45,383.6117,384.41,549424.4556909999
2026-07-10T16:15:00.000Z,384.34,385.0699,384,384.565,463368.991317
2026-07-10T16:30:00.000Z,384.6,385.28,384.28,384.815,421112.810123
2026-07-10T16:45:00.000Z,384.82,385.74,384.65,385.675,428825.09241100005
2026-07-10T17:00:00.000Z,385.675,385.76,384.94,385.27,848618.3378599999
2026-07-10T17:15:00.000Z,385.27,385.34,384.1,384.15,357555.36528699996
2026-07-10T17:30:00.000Z,384.15,384.6,383.1226,383.2493,378207.73463599995
2026-07-10T17:45:00.000Z,383.225,383.8,383.17,383.505,253035.81346499998
2026-07-10T18:00:00.000Z,383.51,384.18,383.43,383.84,840449.202914
2026-07-10T18:15:00.000Z,383.84,385.19,383.7,385.06,481201.602207
2026-07-10T18:30:00.000Z,385.03,385.61,384.98,385.47,649062.389183
2026-07-10T18:45:00.000Z,385.44,385.45,384.775,384.98,361048.98487200006
2026-07-10T19:00:00.000Z,384.98,385.64,384.87,385.3799,393418.275758
2026-07-10T19:15:00.000Z,385.365,385.53,385.05,385.12,516677.4353899999
2026-07-10T19:30:00.000Z,385.1015,385.35,384.78,384.88,505248.954575
2026-07-10T19:45:00.000Z,384.86,385.71,384.78,385.09,1390929.527936
2026-07-13T13:30:00.000Z,387.745,391.07,386.21,389.6899,1910895.0447210004
2026-07-13T13:45:00.000Z,389.65,389.65,385.63,387.315,1181073.785045
2026-07-13T14:00:00.000Z,387.35,387.71,384.57,385.845,1053503.8211589998
2026-07-13T14:15:00.000Z,385.91,386.43,384.15,385.6,1002161.1463660001
2026-07-13T14:30:00.000Z,385.6,386.26,385.41,385.8325,642340.8722170001
2026-07-13T14:45:00.000Z,385.8,389.69,385.58,389.4275,1031932.4806120001
2026-07-13T15:00:00.000Z,389.47,390.65,389.31,389.81,949634.4462000001
2026-07-13T15:15:00.000Z,389.81,391.14,389.6,391.04,685281.5066740001
2026-07-13T15:30:00.000Z,391.04,391.25,390.5,390.97,653655.950089
2026-07-13T15:45:00.000Z,390.97,391.16,390.38,390.57,665372.8733639999
2026-07-13T16:00:00.000Z,390.56,391.01,390.31,390.76,642494.482288
2026-07-13T16:15:00.000Z,390.72,392.445,390.65,392.29,885447.0135370002
2026-07-13T16:30:00.000Z,392.33,393.36,391.57,392.68,1218590.3208120002
2026-07-13T16:45:00.000Z,392.68,393.24,392.46,393.025,609436.116839
2026-07-13T17:00:00.000Z,393.025,393.57,392.4,392.78,670376.0617950001
2026-07-13T17:15:00.000Z,392.78,393.17,392.25,392.535,518376.63937900006
2026-07-13T17:30:00.000Z,392.57,392.78,392.07,392.31,459472.941526
2026-07-13T17:45:00.000Z,392.345,392.63,391.37,391.84,518374.409119
2026-07-13T18:00:00.000Z,391.88,392.57,391.835,392.29,427632.882462
2026-07-13T18:15:00.000Z,392.2516,392.53,391.95,392.37,411750.99549000006
2026-07-13T18:30:00.000Z,392.37,393.11,392.15,392.99,587474.42826
2026-07-13T18:45:00.000Z,392.99,393.65,392.58,392.9,751367.6997250001
2026-07-13T19:00:00.000Z,392.9,393.16,391.9501,392.0775,679789.3457829999
2026-07-13T19:15:00.000Z,392.055,392.13,390.36,390.37,715930.492433
2026-07-13T19:30:00.000Z,390.37,390.57,389.59,390.515,976075.1995049998
2026-07-13T19:45:00.000Z,390.52,391.64,389.8,391.02,2083134.541836
2026-07-14T13:30:00.000Z,382.82,383.5,378.65,382.91,2620659.634722
2026-07-14T13:45:00.000Z,382.9,385.27,381.7,385.2425,1366247.625752
2026-07-14T14:00:00.000Z,385.235,385.6,382.8,384.72,1327720.714372
2026-07-14T14:15:00.000Z,384.725,384.741,383.03,384.61,961310.5937479999
2026-07-14T14:30:00.000Z,384.61,386.52,384.495,385.89,946853.530753
2026-07-14T14:45:00.000Z,385.89,387.7499,385.8301,387.46,623967.3606329999
2026-07-14T15:00:00.000Z,387.49,387.66,386,386.05,569783.208231
2026-07-14T15:15:00.000Z,386.09,386.25,385.45,385.85,797590.6785520001
2026-07-14T15:30:00.000Z,385.86,386.22,384.68,384.74,721979.3812119999
2026-07-14T15:45:00.000Z,384.7159,385.43,384.41,384.78,592382.90513
2026-07-14T16:00:00.000Z,384.75,385.16,384.14,385.125,385076.0481690001
2026-07-14T16:15:00.000Z,385.125,386.65,384.94,386.62,486994.27478599997
2026-07-14T16:30:00.000Z,386.62,387.5,386.37,386.82,500490.560668
2026-07-14T16:45:00.000Z,386.87,387.5995,386.71,387.53,368855.63343499997
2026-07-14T17:00:00.000Z,387.5599,388.19,386.41,386.49,601385.048306
2026-07-14T17:15:00.000Z,386.53,386.87,386.2,386.71,495032.3655179999
2026-07-14T17:30:00.000Z,386.72,387.34,386.4514,387.2909,393348.97690700006
2026-07-14T17:45:00.000Z,387.265,387.42,387,387.14,360080.0361680001
2026-07-14T18:00:00.000Z,387.14,387.63,386.68,386.77,422274.33919300005
2026-07-14T18:15:00.000Z,386.74,387.2399,386.26,386.9,380861.462031
2026-07-14T18:30:00.000Z,386.9,386.95,386.01,386.59,417492.96938599995
2026-07-14T18:45:00.000Z,386.63,386.64,385.25,385.2731,426578.72263999993
2026-07-14T19:00:00.000Z,385.315,385.82,384.95,385.7801,501481.79403600004
2026-07-14T19:15:00.000Z,385.78,386.35,385.5,386.1304,468735.083852
2026-07-14T19:30:00.000Z,386.105,386.16,384.73,385.445,690366.36016
2026-07-14T19:45:00.000Z,385.445,386.2295,384.8,384.94,2377219.9112480003
2026-07-15T13:30:00.000Z,387.8,391.38,386.805,387.5151,2526797.923436
2026-07-15T13:45:00.000Z,387.47,391.46,386.4,389.54,1513472.853487
2026-07-15T14:00:00.000Z,389.6,394.93,389.545,394.16,1571770.134876
2026-07-15T14:15:00.000Z,394.14,397.65,393.39,395.04,1915700.8180470003
2026-07-15T14:30:00.000Z,395.01,397.79,394.97,396.26,1271222.066277
2026-07-15T14:45:00.000Z,396.26,396.74,393.6708,394.005,1309374.096848
2026-07-15T15:00:00.000Z,394.06,396.14,393.6501,395.76,1112691.935938
2026-07-15T15:15:00.000Z,395.76,397.91,395.6101,396.75,1046165.3847050001
2026-07-15T15:30:00.000Z,396.78,397.619,395.73,397.14,1142286.317937
2026-07-15T15:45:00.000Z,397.09,397.8891,396.85,397.3,734568.533453
2026-07-15T16:00:00.000Z,397.27,398.96,397.09,398.36,1014593.6852300001
2026-07-15T16:15:00.000Z,398.36,398.66,397.0501,397.655,930959.2657149999
2026-07-15T16:30:00.000Z,397.69,397.83,395.7701,396.1451,992854.3970100001
2026-07-15T16:45:00.000Z,396.21,396.24,394.16,394.52,823101.2610649999
2026-07-15T17:00:00.000Z,394.515,396.07,394.33,395.895,597194.7901159999
2026-07-15T17:15:00.000Z,395.895,396.5,395.16,396.445,535701.584663
2026-07-15T17:30:00.000Z,396.4884,396.89,395.86,396.155,520076.75396099995
2026-07-15T17:45:00.000Z,396.15,396.32,395.25,396.13,676329.9568990001
2026-07-15T18:00:00.000Z,396.13,396.6899,395.28,396.605,638747.314699
2026-07-15T18:15:00.000Z,396.65,397.16,396.03,396.5,936897.349455
2026-07-15T18:30:00.000Z,396.5,397.12,396.415,396.51,577173.9667799999
2026-07-15T18:45:00.000Z,396.53,396.58,395.62,395.64,652954.8641199998
2026-07-15T19:00:00.000Z,395.64,396,395.25,395.4582,583028.635492
2026-07-15T19:15:00.000Z,395.4612,395.94,394.83,395.5585,1141813.6961740002
2026-07-15T19:30:00.000Z,395.57,396.39,395.01,395.1201,922330.0227999999
2026-07-15T19:45:00.000Z,395.11,396.4,394.63,395.63,2244795.509645
2026-07-16T13:30:00.000Z,398.31,398.73,392.09,392.2,2712146.4590950003
2026-07-16T13:45:00.000Z,392.3,395.59,392.0501,393.28,1211043.727045
2026-07-16T14:00:00.000Z,393.31,394.5195,392.67,394.4516,1005581.2971999999
2026-07-16T14:15:00.000Z,394.475,396.23,393.54,395.98,1097925.997738
2026-07-16T14:30:00.000Z,396.02,397.71,395.92,397.495,969910.488243
2026-07-16T14:45:00.000Z,397.45,398.18,396.5411,397.316,777445.4572729998
2026-07-16T15:00:00.000Z,397.34,398.28,396.86,397.55,645057.1818270001
2026-07-16T15:15:00.000Z,397.51,399.64,397.3201,398.93,783083.177102
2026-07-16T15:30:00.000Z,398.995,399.5,398.3,399.06,511255.998009
2026-07-16T15:45:00.000Z,399.09,400.5,398.73,400.43,828586.2681760001
2026-07-16T16:00:00.000Z,400.415,400.62,399.509,399.88,728731.286961
2026-07-16T16:15:00.000Z,399.895,400.86,399.8848,400.7227,702649.427109
2026-07-16T16:30:00.000Z,400.75,402.04,400.705,401.495,860149.941143
2026-07-16T16:45:00.000Z,401.5,404.48,401.5,403.03,1518809.787641
2026-07-16T17:00:00.000Z,403.06,403.24,401.33,401.4964,929332.0383099999
2026-07-16T17:15:00.000Z,401.46,403.94,401.41,403.75,820193.8317910001
2026-07-16T17:30:00.000Z,403.75,403.98,402,402.98,754924.0263779999
2026-07-16T17:45:00.000Z,402.98,403.11,402.13,402.66,663201.867562
2026-07-16T18:00:00.000Z,402.66,404.6,402.515,403.91,1063463.4491929999
2026-07-16T18:15:00.000Z,403.89,404.75,403.71,404.0599,1071419.486804
2026-07-16T18:30:00.000Z,404.015,404.85,403.6,404.09,978523.3380179999
2026-07-16T18:45:00.000Z,404.065,405.78,403.98,405.57,976315.7871070001
2026-07-16T19:00:00.000Z,405.6263,405.99,402.4,402.42,1497412.0650430003
2026-07-16T19:15:00.000Z,402.45,403.1699,401.73,401.75,1332375.572961
2026-07-16T19:30:00.000Z,401.75,401.84,399.76,400.115,1280256.18517
2026-07-16T19:45:00.000Z,400.11,401.38,399,401.13,2784445.064712
2026-07-17T13:30:00.000Z,394.855,398.39,393.4,395.19,4514682.592686
2026-07-17T13:45:00.000Z,395.19,395.51,392.38,393.36,1379104.061342
2026-07-17T14:00:00.000Z,393.39,393.8,391.22,392.211,1975596.290447
2026-07-17T14:15:00.000Z,392.25,393.55,392.14,392.93,1236989.516204
2026-07-17T14:30:00.000Z,392.94,393.49,391.3,391.545,1227207.7762860002
2026-07-17T14:45:00.000Z,391.545,392.35,390.7,392.3494,1156071.1202069998
2026-07-17T15:00:00.000Z,392.38,392.4,390.11,390.155,981905.7566689999
2026-07-17T15:15:00.000Z,390.21,391.1599,389.39,391.14,974718.4601640002
2026-07-17T15:30:00.000Z,391.065,392.5,390.95,392.29,839853.053281
2026-07-17T15:45:00.000Z,392.295,392.72,391.54,392.525,569183.1115219999
2026-07-17T16:00:00.000Z,392.54,392.74,391.13,391.95,519343.37597899995
2026-07-17T16:15:00.000Z,391.925,393.02,391.8527,392.62,536519.341366
2026-07-17T16:30:00.000Z,392.62,393.89,392.41,393.58,408046.5470330001
2026-07-17T16:45:00.000Z,393.62,394.75,393.49,393.935,934140.5538000001
2026-07-17T17:00:00.000Z,393.935,394.785,393.935,394.18,492498.8779330001
2026-07-17T17:15:00.000Z,394.18,394.9261,394.11,394.66,434507.21083299996
2026-07-17T17:30:00.000Z,394.66,395.4633,394.63,394.935,445503.023988
2026-07-17T17:45:00.000Z,394.94,395.1,394.54,395.0101,338662.45021900005
2026-07-17T18:00:00.000Z,395.015,395.97,394.53,395.86,817771.3853099999
2026-07-17T18:15:00.000Z,395.865,395.97,394.7301,394.795,419639.954204
2026-07-17T18:30:00.000Z,394.74,395.07,394.2,394.28,523035.85182300006
2026-07-17T18:45:00.000Z,394.26,395.3,393.95,395.175,453350.028475
2026-07-17T19:00:00.000Z,395.15,395.2,394.43,394.795,1066428.5605430002
2026-07-17T19:15:00.000Z,394.79,395.645,394.44,395.62,622859.364507
2026-07-17T19:30:00.000Z,395.59,395.9,394.62,395.08,764641.5443770001
2026-07-17T19:45:00.000Z,395.035,395.69,393.73,393.82,1938750.824009
2026-07-20T13:30:00.000Z,391.41,392.99,389.65,391.96,2051935.0081200001
2026-07-20T13:45:00.000Z,391.96,392.3401,390.06,390.97,1179665.6998299998
2026-07-20T14:00:00.000Z,390.98,392.69,390.15,392.59,918952.124294
2026-07-20T14:15:00.000Z,392.66,395.24,392.53,394.325,916906.4821070001
2026-07-20T14:30:00.000Z,394.36,396.12,394.0705,395.41,865330.3662640001
2026-07-20T14:45:00.000Z,395.41,396.26,394.66,395.86,668352.997338
2026-07-20T15:00:00.000Z,395.9,396.78,395.53,396.635,760641.2266550001
2026-07-20T15:15:00.000Z,396.635,398.13,396.46,397.7466,860493.7424940001
2026-07-20T15:30:00.000Z,397.69,398.48,397.07,398.46,639520.896209
2026-07-20T15:45:00.000Z,398.49,399.2,397.9128,398.95,531534.6839950001
2026-07-20T16:00:00.000Z,398.96,400.1299,398.7525,399.755,701307.702652
2026-07-20T16:15:00.000Z,399.78,401.76,399.61,401.49,769863.80321
2026-07-20T16:30:00.000Z,401.49,403.18,401.4301,402.07,1126178.784898
2026-07-20T16:45:00.000Z,402.07,402.48,401.36,401.41,687158.2439190001
2026-07-20T17:00:00.000Z,401.4,401.515,400.2201,400.735,708141.8323849998
2026-07-20T17:15:00.000Z,400.735,402.09,400.42,401.89,549474.285574
2026-07-20T17:30:00.000Z,401.92,402.39,400.8001,401.04,572743.259722
2026-07-20T17:45:00.000Z,401,401.96,400.96,401.72,455521.7454489999
2026-07-20T18:00:00.000Z,401.72,401.98,401.38,401.785,419078.93803200003
2026-07-20T18:15:00.000Z,401.785,402.37,401.26,401.955,530788.483092
2026-07-20T18:30:00.000Z,401.955,402.23,400.0601,400.115,774270.502517
2026-07-20T18:45:00.000Z,400.115,400.85,399.8401,400.57,668233.3114639999
2026-07-20T19:00:00.000Z,400.54,401.4,400.45,400.755,774000.5365549998
2026-07-20T19:15:00.000Z,400.72,401.42,400.54,401.23,486341.535672
2026-07-20T19:30:00.000Z,401.24,402.57,401.16,401.845,770674.201375
2026-07-20T19:45:00.000Z,401.84,402.68,400.65,402.51,2774560.247869
2026-07-21T13:30:00.000Z,398.805,401.47,396.32,399.925,2280962.566441
2026-07-21T13:45:00.000Z,399.91,400.5,398.7301,400.005,980902.9208470001
2026-07-21T14:00:00.000Z,399.93,400.8,398.88,400.03,951690.680743
2026-07-21T14:15:00.000Z,400,401.37,398.2609,401.055,804481.283986
2026-07-21T14:30:00.000Z,401.03,401.32,399.68,400.1195,1013119.2122370001
2026-07-21T14:45:00.000Z,400.1175,400.93,399.26,399.3325,561689.855135
2026-07-21T15:00:00.000Z,399.35,399.36,398.2,398.58,783347.9636809998
2026-07-21T15:15:00.000Z,398.55,399.2,398.05,398.74,644422.0481550001
2026-07-21T15:30:00.000Z,398.7,400.05,398.61,399.755,492146.27069599996
2026-07-21T15:45:00.000Z,399.755,399.755,398.48,398.575,980103.6883650001
2026-07-21T16:00:00.000Z,398.54,398.68,397.62,397.74,556070.4810200001
2026-07-21T16:15:00.000Z,397.75,398.35,397.4142,398.02,548977.475799
2026-07-21T16:30:00.000Z,398,398.76,397.7145,398.32,429964.991426
2026-07-21T16:45:00.000Z,398.325,399.3588,398.325,398.62,416483.6059249999
2026-07-21T17:00:00.000Z,398.625,398.75,398.04,398.55,415217.60101199994
2026-07-21T17:15:00.000Z,398.56,399.63,398.2,399.455,428838.52539200004
2026-07-21T17:30:00.000Z,399.455,399.55,398.68,398.98,353311.58071400004
2026-07-21T17:45:00.000Z,398.96,399.5,398.53,399.2,312185.720001
2026-07-21T18:00:00.000Z,399.22,399.22,398.26,398.6904,322491.48195600003
2026-07-21T18:15:00.000Z,398.71,398.91,398.38,398.79,313862.02111
2026-07-21T18:30:00.000Z,398.765,398.86,398.04,398.54,328402.23195899994
2026-07-21T18:45:00.000Z,398.54,398.59,397.97,398.19,418436.78784299997
2026-07-21T19:00:00.000Z,398.16,399.36,398.04,399.2099,482258.910978
2026-07-21T19:15:00.000Z,399.24,399.6,398.91,399.51,428248.77086000005
2026-07-21T19:30:00.000Z,399.555,399.65,398.53,398.74,506066.22884800006
2026-07-21T19:45:00.000Z,398.74,398.78,396.32,397.64,1646645.695502
2026-07-22T13:30:00.000Z,399.58,401,392.21,392.49,1823429.6523570002
2026-07-22T13:45:00.000Z,392.495,393.46,390.75,391.53,1206727.492334
2026-07-22T14:00:00.000Z,391.58,393.01,391.49,391.635,892688.695922
2026-07-22T14:15:00.000Z,391.65,392.01,389.5,389.675,909446.0172560001
2026-07-22T14:30:00.000Z,389.675,390.34,388.2001,388.8295,900469.179031
2026-07-22T14:45:00.000Z,388.79,389.73,388.25,389.5878,1109003.2836439998
2026-07-22T15:00:00.000Z,389.58,389.7299,388.93,389.325,630880.2278999999
2026-07-22T15:15:00.000Z,389.3,390.08,388.98,389.63,642268.323025
2026-07-22T15:30:00.000Z,389.63,389.68,388.09,388.47,774198.5745130001
2026-07-22T15:45:00.000Z,388.5,389.52,388.49,389.52,514074.5964370001
2026-07-22T16:00:00.000Z,389.51,389.52,388.54,388.62,479858.946406
2026-07-22T16:15:00.000Z,388.61,389.16,388.2,389.02,598089.492259
2026-07-22T16:30:00.000Z,389.025,389.0391,388.5,388.77,927480.3144729999
2026-07-22T16:45:00.000Z,388.7655,389.6,388.48,389.44,414674.45369700005
2026-07-22T17:00:00.000Z,389.44,389.44,388.57,388.89,326496.934519
2026-07-22T17:15:00.000Z,388.895,388.9011,387.15,387.8101,1146591.997568
2026-07-22T17:30:00.000Z,387.845,388.14,387.65,387.76,294275.81635399995
2026-07-22T17:45:00.000Z,387.75,387.97,387.12,387.19,314157.9045780001
2026-07-22T18:00:00.000Z,387.19,387.5,386.96,387.16,555132.370209
2026-07-22T18:15:00.000Z,387.14,388.59,387.08,388.57,476291.975772
2026-07-22T18:30:00.000Z,388.58,388.75,388.18,388.6502,408093.66154599993
2026-07-22T18:45:00.000Z,388.68,388.89,388.34,388.775,488066.19352599996
2026-07-22T19:00:00.000Z,388.775,389.76,388.57,389.76,558322.2840290001
2026-07-22T19:15:00.000Z,389.74,389.89,389.2,389.42,1148693.2757710002
2026-07-22T19:30:00.000Z,389.38,389.42,388.29,388.725,801986.502539
2026-07-22T19:45:00.000Z,388.74,391,388.66,390.28,2513094.8939350005
2026-07-23T13:30:00.000Z,389.965,391.78,387.15,388.195,2302920.297446
2026-07-23T13:45:00.000Z,388.2,389.48,388,388.36,1414485.0966599998
2026-07-23T14:00:00.000Z,388.37,388.91,383.8305,384.215,1368199.1220169999
2026-07-23T14:15:00.000Z,384.19,384.41,382.9,383.19,1201712.2864879998
2026-07-23T14:30:00.000Z,383.17,384.1,379.59,379.89,1407773.3129359998
2026-07-23T14:45:00.000Z,379.865,380.55,378.84,379.25,1230208.661043
2026-07-23T15:00:00.000Z,379.29,379.5,377.39,378.96,1553468.5147929997
2026-07-23T15:15:00.000Z,378.935,379.52,378.32,378.6,1028527.7046190002
2026-07-23T15:30:00.000Z,378.595,379.19,377.98,378.4,1094296.222542
2026-07-23T15:45:00.000Z,378.415,379.82,377.87,379.625,778954.6078049999
2026-07-23T16:00:00.000Z,379.64,380.9225,379.525,380.1,901022.852126
2026-07-23T16:15:00.000Z,380.115,381.15,380.06,380.629,438578.858907
2026-07-23T16:30:00.000Z,380.53,380.8985,380.11,380.42,335179.066494
2026-07-23T16:45:00.000Z,380.39,381.39,379.84,381.335,485924.83513500006
2026-07-23T17:00:00.000Z,381.335,382.15,381.12,381.39,394505.02093800006
2026-07-23T17:15:00.000Z,381.37,381.59,380.93,381.465,317996.6280610001
2026-07-23T17:30:00.000Z,381.46,381.62,380.67,380.85,386350.3489229999
2026-07-23T17:45:00.000Z,380.85,381.58,380.705,380.91,414830.080521
2026-07-23T18:00:00.000Z,380.9,381.36,380.77,381.14,501288.593544
2026-07-23T18:15:00.000Z,381.13,381.74,381.12,381.61,395552.857342
2026-07-23T18:30:00.000Z,381.585,381.8,381.16,381.39,428645.65321400005
2026-07-23T18:45:00.000Z,381.39,382.2001,381.39,381.965,462521.2173690001
2026-07-23T19:00:00.000Z,381.965,382.18,380.7,380.845,650158.7525460001
2026-07-23T19:15:00.000Z,380.85,381.48,380.69,380.975,800370.2709729999
2026-07-23T19:30:00.000Z,380.96,381.31,380.14,380.21,772801.4186590001
2026-07-23T19:45:00.000Z,380.17,382.45,379.43,381.48,2464871.6885550003
2026-07-24T13:30:00.000Z,387.05,389.03,381.1,381.16,3587057.765212
2026-07-24T13:45:00.000Z,381.06,382.39,380.65,381.26,1520229.965008
2026-07-24T14:00:00.000Z,381.26,383.1599,380.8,381.66,1227234.9613310003
2026-07-24T14:15:00.000Z,381.66,383.41,381.57,381.705,1052066.7036070002
2026-07-24T14:30:00.000Z,381.705,383.93,381.6919,382.8899,842942.2448989999
2026-07-24T14:45:00.000Z,382.81,384.5,382.7001,384.205,806815.7039160001
2026-07-24T15:00:00.000Z,384.21,385.3317,383.48,385.135,984376.143988
2026-07-24T15:15:00.000Z,385.1,386.03,384.3,385.22,798743.840085
2026-07-24T15:30:00.000Z,385.226,385.6899,384.17,384.42,627485.467025
2026-07-24T15:45:00.000Z,384.425,384.5,383.49,383.925,499562.841961
2026-07-24T16:00:00.000Z,383.9,384.65,383.86,384.34,408779.54392200004
2026-07-24T16:15:00.000Z,384.31,385.33,384.3,385.15,426583.36020899995
2026-07-24T16:30:00.000Z,385.135,385.2899,384.3,384.3994,340486.86697000003
2026-07-24T16:45:00.000Z,384.41,384.56,383.83,383.95,365834.29062700004
2026-07-24T17:00:00.000Z,383.975,384.3,383.55,384.29,412752.48838
2026-07-24T17:15:00.000Z,384.28,384.34,383.72,384.18,679594.712205
2026-07-24T17:30:00.000Z,384.1998,384.69,383.7,384.1,356577.873707
2026-07-24T17:45:00.000Z,384.095,384.925,384.07,384.715,379686.77113499993
2026-07-24T18:00:00.000Z,384.73,384.94,384.41,384.7101,351593.83547000005
2026-07-24T18:15:00.000Z,384.7175,384.79,383.9,383.95,436060.601456
2026-07-24T18:30:00.000Z,383.94,384.65,383.63,384.44,455807.29919999995
2026-07-24T18:45:00.000Z,384.44,384.95,384.3825,384.55,437433.38253199996
2026-07-24T19:00:00.000Z,384.58,384.79,383.93,384.305,657816.478402
2026-07-24T19:15:00.000Z,384.305,384.68,383.4003,383.4003,660280.988904
2026-07-24T19:30:00.000Z,383.4,383.8,382.46,382.85,921069.8640780001
2026-07-24T19:45:00.000Z,382.91,383.39,381.42,381.74,2280460.836841
2026-07-27T13:30:00.000Z,390.08,392.44,387.99,389.89,2377421.308692
2026-07-27T13:45:00.000Z,389.86,392.4,388.716,391.15,1400106.0627190003
2026-07-27T14:00:00.000Z,391.1301,393.3425,390.63,392.45,1372253.519976
2026-07-27T14:15:00.000Z,392.46,393.07,390.17,390.36,1149133.131172
2026-07-27T14:30:00.000Z,390.36,390.94,389.44,389.74,1053849.255619
2026-07-27T14:45:00.000Z,389.745,390.26,389.23,389.62,768016.2972120001
2026-07-27T15:00:00.000Z,389.615,393.07,389.34,393.03,1030357.112981
2026-07-27T15:15:00.000Z,393.03,393.895,392.65,393.52,818434.042458
2026-07-27T15:30:00.000Z,393.52,393.75,391.2401,391.49,828162.576603
2026-07-27T15:45:00.000Z,391.445,391.6487,389.81,390.265,706759.487205
2026-07-27T16:00:00.000Z,390.23,390.85,389.96,389.99,547290.172543
2026-07-27T16:15:00.000Z,390,390.93,389.4,390.46,575982.403426
2026-07-27T16:30:00.000Z,390.46,392,390.2901,391.175,552622.429763
2026-07-27T16:45:00.000Z,391.21,391.6,390.75,391.305,424905.026619
2026-07-27T17:00:00.000Z,391.305,391.7816,390.85,391.71,393381.687184
2026-07-27T17:15:00.000Z,391.73,392.33,391.51,391.52,491468.679794
2026-07-27T17:30:00.000Z,391.52,392.8,391.52,392.27,568304.72705
2026-07-27T17:45:00.000Z,392.29,393.78,391.89,393.715,1116263.4204250001
2026-07-27T18:00:00.000Z,393.73,394.2,393.44,393.54,652288.970129
2026-07-27T18:15:00.000Z,393.53,393.72,392.53,392.72,467244.2380769999
2026-07-27T18:30:00.000Z,392.7211,393.48,392.51,393.37,560355.9365199999
2026-07-27T18:45:00.000Z,393.36,394.1,393.31,393.55,521553.0950390001
2026-07-27T19:00:00.000Z,393.56,393.58,391.9,391.97,552477.5898060001
2026-07-27T19:15:00.000Z,391.97,392.2399,391.2,391.34,676150.3072260001
2026-07-27T19:30:00.000Z,391.3488,391.5,390.01,390.05,816571.4017269999
2026-07-27T19:45:00.000Z,390.08,390.1,388.84,389.13,2134681.147358
2026-07-28T13:30:00.000Z,393.16,400.21,392.1,394.415,3779444.1482540006
2026-07-28T13:45:00.000Z,394.49,395.12,391.3,392.36,1965696.789893
2026-07-28T14:00:00.000Z,392.42,394.45,392.2,394.21,1226224.565631
2026-07-28T14:15:00.000Z,394.27,397.16,394.1,395.515,1495699.322015
2026-07-28T14:30:00.000Z,395.48,396.78,394.72,396.6,858081.466169
2026-07-28T14:45:00.000Z,396.64,397.69,396.065,396.52,911573.2230050002
2026-07-28T15:00:00.000Z,396.56,398.12,395.9,398,845754.645668
2026-07-28T15:15:00.000Z,398,400.165,397.8,399.96,1223705.192441
2026-07-28T15:30:00.000Z,399.96,400.32,398.7,398.86,812039.572845
2026-07-28T15:45:00.000Z,398.86,398.9,397,397.855,630081.2899620001
2026-07-28T16:00:00.000Z,397.855,397.88,396.12,397.62,781633.5151859999
2026-07-28T16:15:00.000Z,397.62,398.87,397.6001,398.11,831993.445888
2026-07-28T16:30:00.000Z,398.075,398.62,398.05,398.45,399646.277385
2026-07-28T16:45:00.000Z,398.445,398.92,398.02,398.845,649991.222052
2026-07-28T17:00:00.000Z,398.84,398.91,397.71,397.87,386461.29059499997
2026-07-28T17:15:00.000Z,397.87,398.28,397.49,398.07,380813.323063
2026-07-28T17:30:00.000Z,398.09,399.46,397.84,398.98,972271.3745180003
2026-07-28T17:45:00.000Z,398.99,399.56,398.7932,399.1401,431533.989305
2026-07-28T18:00:00.000Z,399.155,399.22,397.09,397.3769,481227.9315949999
2026-07-28T18:15:00.000Z,397.4,397.76,396.95,397.53,528279.8549390001
2026-07-28T18:30:00.000Z,397.52,397.63,397.01,397.235,1110903.130956
2026-07-28T18:45:00.000Z,397.3,398,396.7,396.96,520259.82979700004
2026-07-28T19:00:00.000Z,396.96,397.14,394.24,394.2859,1021313.166461
2026-07-28T19:15:00.000Z,394.24,394.56,392.6,392.87,768245.6801900001
2026-07-28T19:30:00.000Z,392.83,393.4699,392.37,393.04,873741.9786829998
2026-07-28T19:45:00.000Z,393.0552,393.89,392.52,393.47,2377901.122978
2026-07-29T13:30:00.000Z,393.4,394.28,389.1,389.75,2061007.575853
2026-07-29T13:45:00.000Z,389.68,392.74,388.74,392.33,1673902.2472610003
2026-07-29T14:00:00.000Z,392.365,393.54,391.27,391.595,1121550.5509010002
2026-07-29T14:15:00.000Z,391.59,393.38,390.81,392.49,959146.8957359999
2026-07-29T14:30:00.000Z,392.54,394.36,392.33,394.2,933607.7492479999
2026-07-29T14:45:00.000Z,394.21,394.99,393.69,394.25,1459709.9620120001
2026-07-29T15:00:00.000Z,394.27,395.82,394.13,394.855,789400.049149
2026-07-29T15:15:00.000Z,394.85,395.47,394.37,394.615,552163.976687
2026-07-29T15:30:00.000Z,394.615,395,394.05,394.32,578387.02094
2026-07-29T15:45:00.000Z,394.32,395.28,394.31,394.66,480140.0319349999
2026-07-29T16:00:00.000Z,394.7,394.96,392.805,393.27,630936.871689
2026-07-29T16:15:00.000Z,393.255,395.68,393.06,395.66,1222876.0137699998
2026-07-29T16:30:00.000Z,395.66,396,393.85,394.205,1030256.9359189998
2026-07-29T16:45:00.000Z,394.24,395.63,393.63,395.315,1067064.358091
2026-07-29T17:00:00.000Z,395.315,396.1,395.05,396.075,1126229.5667439997
2026-07-29T17:15:00.000Z,396.075,397.185,395.42,396.18,913951.3955849999
2026-07-29T17:30:00.000Z,396.14,396.41,395.66,396.275,519467.083024
2026-07-29T17:45:00.000Z,396.28,396.88,395.44,396.5,702638.4358150001
2026-07-29T18:00:00.000Z,396.5,399.17,396.5,397.6,3622219.9596599997
2026-07-29T18:15:00.000Z,397.6,398.72,397.4023,398.66,657629.129524
2026-07-29T18:30:00.000Z,398.69,399.37,398.01,399.167,937438.719448
2026-07-29T18:45:00.000Z,399.165,401.25,399.04,399.56,1805240.462002
2026-07-29T19:00:00.000Z,399.56,399.66,396.83,397.99,1200771.472483
2026-07-29T19:15:00.000Z,397.98,398.26,395.81,395.97,913951.7346569999
2026-07-29T19:30:00.000Z,395.95,396.29,392.42,392.55,1348310.317323
2026-07-29T19:45:00.000Z,392.55,392.9662,389.36,392.4,4865480.069064
2026-07-30T13:30:00.000Z,437.9,451.42,432.44,449.255,20830114.501164
2026-07-30T13:45:00.000Z,449.17,451.73,446.15,450.065,9145968.821368
2026-07-30T14:00:00.000Z,450.14,451.69,445.29,448.315,5958392.714374
2026-07-30T14:15:00.000Z,448.315,450.55,445.75,449.89,4695844.35814
2026-07-30T14:30:00.000Z,449.9,451.92,449.33,451.43,4843693.873806001
2026-07-30T14:45:00.000Z,451.43,452.235,446.68,447.21,5117819.604861001
2026-07-30T15:00:00.000Z,447.21,447.22,443.93,444.475,3709075.6872400003
2026-07-30T15:15:00.000Z,444.465,447.5,443.65,444.49,2834715.7987949997
2026-07-30T15:30:00.000Z,444.485,449.64,444.37,449.45,2307809.7059660004
2026-07-30T15:45:00.000Z,449.38,450.54,448.97,449.91,2106544.3129970003
2026-07-30T16:00:00.000Z,449.96,456.49,449.65,455.55,4022423.1933270004
2026-07-30T16:15:00.000Z,455.55,455.92,454.84,455.29,1766248.846569
2026-07-30T16:30:00.000Z,455.3,455.36,452.94,453.45,1639210.0347609995
2026-07-30T16:45:00.000Z,453.45,455.7,453.26,455.145,2138890.797276
2026-07-30T17:00:00.000Z,455.12,456.45,454.91,455.85,1331211.7840110003
2026-07-30T17:15:00.000Z,455.85,456.25,454.975,455.95,1145385.046924
2026-07-30T17:30:00.000Z,455.99,457.91,455.9,456.425,1653679.1214689997
2026-07-30T17:45:00.000Z,456.44,457,455.43,455.93,1474229.8752679997
2026-07-30T18:00:00.000Z,455.95,458.69,455.3601,457.82,1942350.3319619999
2026-07-30T18:15:00.000Z,457.87,458.5,457.37,458.18,1417593.0966269998
2026-07-30T18:30:00.000Z,458.2,458.29,455.77,455.945,1488462.4024150001
2026-07-30T18:45:00.000Z,456,456.96,455.84,456,1256285.521723
2026-07-30T19:00:00.000Z,456.02,456.59,454.7303,454.955,1797500.451923
2026-07-30T19:15:00.000Z,454.9946,457.33,454.67,456.76,1858925.9696969998
2026-07-30T19:30:00.000Z,456.76,457.0426,455.215,455.74,1978077.6423499996
2026-07-30T19:45:00.000Z,455.71,456.25,450.37,451.49,6192963.5652520005
2026-07-31T13:30:00.000Z,450,460.5,449.33,459.97,5461103.242722
2026-07-31T13:45:00.000Z,459.97,462.86,451.1999,462.57,3721900.5780280004
2026-07-31T14:00:00.000Z,462.57,462.95,455.89,456.97,3039548.5642259996
2026-07-31T14:15:00.000Z,456.99,457,452.81,453.315,1926712.1701580004
2026-07-31T14:30:00.000Z,453.38,455.95,452.06,455.67,1709484.187267
2026-07-31T14:45:00.000Z,455.675,456.21,451.72,452.455,1337888.457683
2026-07-31T15:00:00.000Z,452.53,455.52,450.69,454.805,1472485.8576500001
2026-07-31T15:15:00.000Z,454.86,458.98,454.7501,457.825,2146765.246789
2026-07-31T15:30:00.000Z,457.825,460.5899,456.54,459.785,1715472.638057
2026-07-31T15:45:00.000Z,459.785,463.57,459.53,463.1,1887985.268944
2026-07-31T16:00:00.000Z,463.07,464.3,461.03,462.445,1298974.865878
2026-07-31T16:15:00.000Z,462.47,464.8,462.31,463.655,1585383.18956
2026-07-31T16:30:00.000Z,463.61,464.38,462.5,463.56,990781.0110400001
2026-07-31T16:45:00.000Z,463.51,464.2,461.6,461.9201,1014220.3461249999
2026-07-31T17:00:00.000Z,461.92,462.6499,461.03,461.93,1102637.8506830002
2026-07-31T17:15:00.000Z,461.91,463.8,461.71,463.6,955427.5134329998
2026-07-31T17:30:00.000Z,463.6,463.77,461.18,461.26,916981.6248959999
2026-07-31T17:45:00.000Z,461.3299,461.77,460.15,460.385,926913.418162
2026-07-31T18:00:00.000Z,460.43,462.45,460,462.21,898436.4021779998
2026-07-31T18:15:00.000Z,462.24,463.17,461.85,462.93,829804.6900449999
2026-07-31T18:30:00.000Z,462.91,463.52,461.73,462.1,764652.0092430001
2026-07-31T18:45:00.000Z,462.06,462.259,461.13,461.17,1007987.985781
2026-07-31T19:00:00.000Z,461.175,462.75,461.11,462.06,1275523.356526
2026-07-31T19:15:00.000Z,462.05,463.775,462.05,462.19,1647184.35206
2026-07-31T19:30:00.000Z,462.15,463.12,461.61,462.735,1555584.021715
2026-07-31T19:45:00.000Z,462.735,466.84,462.31,465.1,6154312.654418
2026-08-03T13:30:00.000Z,476.125,489.94,475,489.74,9657258.245668
2026-08-03T13:45:00.000Z,489.65,490.88,487.05,489.9,4765804.91327
2026-08-03T14:00:00.000Z,489.66,491.37,486.23,486.62,3895660.2181570004
2026-08-03T14:15:00.000Z,486.6,487.56,484.77,484.79,2051900.6753099998
2026-08-03T14:30:00.000Z,484.86,487.6,484.05,486.465,2018982.7832359998
2026-08-03T14:45:00.000Z,486.47,486.85,482.854,483.93,1636234.711489
2026-08-03T15:00:00.000Z,483.99,484.93,481.6001,481.83,1657816.8623910001
2026-08-03T15:15:00.000Z,481.835,485.6999,481.63,485.625,1609880.568607
2026-08-03T15:30:00.000Z,485.63,488.31,485.27,487.25,1867505.4645149997
2026-08-03T15:45:00.000Z,487.245,487.91,485.67,486.42,966067.160963
2026-08-03T16:00:00.000Z,486.43,487.575,483.03,487.49,1209248.1636739997
2026-08-03T16:15:00.000Z,487.5,487.81,486.28,487.52,914251.4823129999
2026-08-03T16:30:00.000Z,487.52,489.51,487.3475,489.2,2400563.343685
2026-08-03T16:45:00.000Z,489.23,489.5,488.05,488.86,965209.5730580001
2026-08-03T17:00:00.000Z,488.805,489.1199,487.686,488.06,857053.0302289998
2026-08-03T17:15:00.000Z,488.04,489.965,487.91,489.11,1125508.90001
2026-08-03T17:30:00.000Z,489.105,489.46,488.1501,488.57,1356230.33422
2026-08-03T17:45:00.000Z,488.57,489.12,487.92,487.92,959741.7825210001
2026-08-03T18:00:00.000Z,487.955,489.72,487.63,489.025,1146082.329726
2026-08-03T18:15:00.000Z,489.02,490.77,488.89,490.67,1270712.2125430002
2026-08-03T18:30:00.000Z,490.705,491.24,489.79,491.04,1291400.3474439997
2026-08-03T18:45:00.000Z,491.055,491.65,489.22,489.285,1407402.7918910002
2026-08-03T19:00:00.000Z,489.22,489.65,488.23,488.66,1018814.3443880001
2026-08-03T19:15:00.000Z,488.705,490.46,488.45,490.045,1566578.6788599996
2026-08-03T19:30:00.000Z,490.05,490.3,488.76,488.94,1465094.311566
2026-08-03T19:45:00.000Z,488.9,489.5,487,487.6599,3873688.760683
2026-08-04T13:30:00.000Z,480.9,488.77,479.17,485.92,4500658.741285001
2026-08-04T13:45:00.000Z,486,491.17,485.87,490.98,2289251.126174
2026-08-04T14:00:00.000Z,491.08,494.54,490.52,493.215,2634029.0312170004
2026-08-04T14:15:00.000Z,493.215,495.88,493.0509,493.7,2114055.192346
2026-08-04T14:30:00.000Z,493.735,497.99,493.56,496.84,2367384.913279
2026-08-04T14:45:00.000Z,496.92,497.09,495.12,496.08,1445686.2433789999
2026-08-04T15:00:00.000Z,496.08,498.41,495.83,495.905,1641733.6126369997
2026-08-04T15:15:00.000Z,495.84,499.4399,495.8,498.625,1885625.3468069998
2026-08-04T15:30:00.000Z,498.66,498.73,496.75,496.77,1027159.474659
2026-08-04T15:45:00.000Z,496.8,497.99,496.4015,497.555,991709.843655
2026-08-04T16:00:00.000Z,497.58,497.74,496.9001,497.075,693826.9435079999
2026-08-04T16:15:00.000Z,497.06,497.74,495.9,495.97,797497.304605
2026-08-04T16:30:00.000Z,495.9,496.44,494.52,495.08,1031842.4296970001
2026-08-04T16:45:00.000Z,495.13,495.4,494.2,494.42,752575.7296859998
2026-08-04T17:00:00.000Z,494.43,495.61,494.32,495.555,711464.6580069999
2026-08-04T17:15:00.000Z,495.59,495.91,495,495.2576,630626.6806490001
2026-08-04T17:30:00.000Z,495.28,495.75,494.4,495.7,560437.0928219999
2026-08-04T17:45:00.000Z,495.75,496.2499,495.45,495.55,696705.2628469999
2026-08-04T18:00:00.000Z,495.6,497.12,495.4,496.88,656986.534542
2026-08-04T18:15:00.000Z,496.88,497.54,496.6484,497.3301,597560.6697600001
2026-08-04T18:30:00.000Z,497.35,497.38,495.91,496.28,647008.0053719999
2026-08-04T18:45:00.000Z,496.31,496.86,496.05,496.285,1280706.422127
2026-08-04T19:00:00.000Z,496.31,497.8,496.07,497.565,934337.0650169998
2026-08-04T19:15:00.000Z,497.61,497.62,496.67,496.84,927636.8797040001
2026-08-04T19:30:00.000Z,496.82,497.105,495.8358,496.96,1125154.2794859998
2026-08-04T19:45:00.000Z,496.96,497.19,492.31,492.905,3581061.2143539996
2026-08-05T13:30:00.000Z,496.355,498.24,491.51,492.46,2316724.200439
2026-08-05T13:45:00.000Z,492.5078,497.9998,487.2118,488.67,1583394.7606930002
2026-08-05T14:00:00.000Z,488.5,489.5999,487.25,489.22,1388135.090883
2026-08-05T14:15:00.000Z,489.23,490.32,487.82,489.55,1012718.460671
2026-08-05T14:30:00.000Z,489.52,491.17,489.495,490.87,1010873.8914369999
2026-08-05T14:45:00.000Z,490.845,491.44,490.14,491.1399,1051529.276954
2026-08-05T15:00:00.000Z,491.14,492.285,489.38,490.81,995131.3816240001
2026-08-05T15:15:00.000Z,490.725,492.53,489.89,492.372,2638734.871466
2026-08-05T15:30:00.000Z,492.34,492.405,488.91,489.27,631409.171039
2026-08-05T15:45:00.000Z,489.225,489.45,487.8,488.626,628901.134722
2026-08-05T16:00:00.000Z,488.665,489.49,487.68,488.23,618496.7864489999
2026-08-05T16:15:00.000Z,488.28,489.74,487.85,489.02,564305.7133070001
2026-08-05T16:30:00.000Z,488.995,489.5,488.35,488.9,719343.7282680001
2026-08-05T16:45:00.000Z,488.915,489.09,487.8346,488.29,466786.384201
2026-08-05T17:00:00.000Z,488.295,488.97,487.4,488.85,491839.247621
2026-08-05T17:15:00.000Z,488.86,489.0099,487.62,488.34,388730.536184
2026-08-05T17:30:00.000Z,488.27,488.74,487.9,488.55,375400.846556
2026-08-05T17:45:00.000Z,488.645,489.1899,488.2643,488.7848,471451.568587
2026-08-05T18:00:00.000Z,488.75,490.28,485.68,490.07,1857435.812808
2026-08-05T18:15:00.000Z,490.17,490.44,489.3,489.7999,561687.386433
2026-08-05T18:30:00.000Z,489.77,489.9,489.16,489.835,466543.341828
2026-08-05T18:45:00.000Z,489.9,490.3999,489.76,489.8569,587294.6381999999
2026-08-05T19:00:00.000Z,489.9,491,489.52,490.815,725820.5298130001
2026-08-05T19:15:00.000Z,490.8,491.07,489.6553,489.959,658333.123673
2026-08-05T19:30:00.000Z,489.89,490.88,489.53,490.51,829311.835673
2026-08-05T19:45:00.000Z,490.5,491.49,487.12,487.47,2948528.370227
2026-08-06T13:30:00.000Z,488.55,495,488.52,493.255,2675400.0052509997
2026-08-06T13:45:00.000Z,493.27,497.265,491.64,494.9,1812778.072329
2026-08-06T14:00:00.000Z,494.86,496.1,493.74,494.76,1096107.1271859999
2026-08-06T14:15:00.000Z,494.82,498.48,494.3874,496.59,1692739.036432
2026-08-06T14:30:00.000Z,496.5101,497.96,494.74,497.84,1008002.596559
2026-08-06T14:45:00.000Z,497.84,498.43,496.64,498.32,983190.439117
2026-08-06T15:00:00.000Z,498.4,498.97,496,496.08,1200964.0638120002
2026-08-06T15:15:00.000Z,496.05,496.57,494.6,496.47,880413.8566589999
2026-08-06T15:30:00.000Z,496.47,496.76,495.68,495.88,523964.19338099996
2026-08-06T15:45:00.000Z,495.88,496.4099,494.62,495.54,514340.822647
2026-08-06T16:00:00.000Z,495.54,495.75,494.42,494.87,390421.76385700004
2026-08-06T16:15:00.000Z,494.87,495.4,494.52,494.75,418625.93804599997
2026-08-06T16:30:00.000Z,494.71,495,493.5,493.76,411204.618809
2026-08-06T16:45:00.000Z,493.8,495.3,493.66,495.23,443997.052565
2026-08-06T17:00:00.000Z,495.235,496.53,494.87,496.33,606250.328768
2026-08-06T17:15:00.000Z,496.33,497.11,496,496.41,638750.359175
2026-08-06T17:30:00.000Z,496.42,496.73,495.3886,496.145,504954.09288099996
2026-08-06T17:45:00.000Z,496.15,496.46,495.83,495.95,369144.49289399997
2026-08-06T18:00:00.000Z,495.94,497.43,495.8557,497.36,1300124.2054560003
2026-08-06T18:15:00.000Z,497.36,497.8,496.57,497.34,1045078.436495
2026-08-06T18:30:00.000Z,497.3398,497.66,496.35,496.71,702267.3043
2026-08-06T18:45:00.000Z,496.69,497.26,496.65,497.035,868963.713832
2026-08-06T19:00:00.000Z,497.03,497.8891,496.91,497.76,524730.919285
2026-08-06T19:15:00.000Z,497.765,498.99,497.24,498.905,1111563.38423
2026-08-06T19:30:00.000Z,498.895,499.89,498.77,498.97,1579441.75209
2026-08-06T19:45:00.000Z,498.98,501.555,497.31,499.87,4354807.745108
2026-08-07T13:30:00.000Z,499.21,504.97,499.12,503.4781,2491551.906141
2026-08-07T13:45:00.000Z,503.39,505.18,501.45,501.77,1471661.1682639997
2026-08-07T14:00:00.000Z,501.75,503.18,501.07,501.765,1016272.225393
2026-08-07T14:15:00.000Z,501.72,504.2,501.5,504.1,786607.847181
2026-08-07T14:30:00.000Z,504.02,504.4,502.25,502.835,770359.170297
2026-08-07T14:45:00.000Z,502.835,504.85,502.835,503.69,884891.156189
2026-08-07T15:00:00.000Z,503.71,503.77,501.55,502.67,815311.4112519998
2026-08-07T15:15:00.000Z,502.605,503.34,501.87,501.99,555997.025787
2026-08-07T15:30:00.000Z,502.0085,503.99,501.9205,503.6599,636656.4012319999
2026-08-07T15:45:00.000Z,503.62,503.87,502.91,503.585,505377.872332
2026-08-07T16:00:00.000Z,503.5979,503.8,502.94,503.4316,665452.813779
2026-08-07T16:15:00.000Z,503.45,503.78,502.55,503,391584.69890200003
2026-08-07T16:30:00.000Z,503.035,503.25,502.15,502.355,376044.0346880001
2026-08-07T16:45:00.000Z,502.355,502.99,500.835,500.835,811904.021805
2026-08-07T17:00:00.000Z,500.78,501.035,500.05,500.6,559085.417653
2026-08-07T17:15:00.000Z,500.605,500.8,498.81,499.76,546423.6182789999
2026-08-07T17:30:00.000Z,499.754,500.0984,498.73,499.5275,437953.89224699995
2026-08-07T17:45:00.000Z,499.57,500.89,499.42,500.35,391548.662588
2026-08-07T18:00:00.000Z,500.35,500.8,500.05,500.15,357819.344099
2026-08-07T18:15:00.000Z,500.125,500.195,499.05,499.69,363620.54566099995
2026-08-07T18:30:00.000Z,499.705,499.7999,498.85,498.95,373681.5769810001
2026-08-07T18:45:00.000Z,499,500.14,498.9801,499.92,428738.999192
2026-08-07T19:00:00.000Z,499.94,501.12,499.8,501.11,540217.585746
2026-08-07T19:15:00.000Z,501.12,501.93,500.7,501.18,660178.6841159998
2026-08-07T19:30:00.000Z,501.18,501.77,501.07,501.39,484465.550885
2026-08-07T19:45:00.000Z,501.39,501.99,499.69,499.89,2474815.0520160003
2026-08-10T13:30:00.000Z,503.44,508.88,502.27,505.28,2330674.548331
2026-08-10T13:45:00.000Z,505.19,507.77,503.631,507.56,1296883.189017
2026-08-10T14:00:00.000Z,507.48,509.81,507.13,509.61,1594469.331169
2026-08-10T14:15:00.000Z,509.7,512.79,508.64,512.4286,2015454.0374059998
2026-08-10T14:30:00.000Z,512.4,513.73,510.7,510.7,1270644.2689959998
2026-08-10T14:45:00.000Z,510.6701,511.09,508.455,509.1799,1135029.1250490001
2026-08-10T15:00:00.000Z,509.1,510.3,508.22,508.84,661359.5392519999
2026-08-10T15:15:00.000Z,508.87,509.885,507.74,509.4911,716270.4878179999
2026-08-10T15:30:00.000Z,509.57,509.91,509.04,509.7211,493304.164965
2026-08-10T15:45:00.000Z,509.72,510.72,509.6211,510.72,499459.1334179999
2026-08-10T16:00:00.000Z,510.72,511.155,510.46,511.029,491383.02870799997
2026-08-10T16:15:00.000Z,511,511.06,509.78,509.84,513353.0369429999
2026-08-10T16:30:00.000Z,509.8,510.18,507.79,508.12,619157.415351
2026-08-10T16:45:00.000Z,508.06,508.41,506.5,508.2901,1149042.566064
2026-08-10T17:00:00.000Z,508.37,509.07,506.92,507.71,1183030.377771
2026-08-10T17:15:00.000Z,507.7,508.41,507.56,508.3,490052.281197
2026-08-10T17:30:00.000Z,508.32,508.59,507.05,507.0904,370293.74642999994
2026-08-10T17:45:00.000Z,507.1325,507.2499,505.64,505.66,540654.346414
2026-08-10T18:00:00.000Z,505.64,505.7195,504.71,504.82,986016.2751490001
2026-08-10T18:15:00.000Z,504.82,505.71,504.623,505.0079,411896.94118900003
2026-08-10T18:30:00.000Z,505.025,505.88,504.64,505.67,814304.3717929999
2026-08-10T18:45:00.000Z,505.7,506.4074,505.21,506.33,377459.502439
2026-08-10T19:00:00.000Z,506.33,506.3945,505.3,505.67,407741.296551
2026-08-10T19:15:00.000Z,505.655,505.8088,504.325,504.343,407401.966105
2026-08-10T19:30:00.000Z,504.35,505.5699,504.31,505.36,493092.17681800004
2026-08-10T19:45:00.000Z,505.33,506.98,504.03,505.97,1966653.3753720005
2026-08-11T13:30:00.000Z,504.33,505.33,501.17,501.46,1667294.8506259995
2026-08-11T13:45:00.000Z,501.42,502.0284,499.55,501.46,1012126.9393419999
2026-08-11T14:00:00.000Z,501.46,502.43,500.48,502.2,819418.557441
2026-08-11T14:15:00.000Z,502.1501,502.45,500.28,501.5075,605498.604087
2026-08-11T14:30:00.000Z,501.49,503,500.8,502.79,527531.2037559999
2026-08-11T14:45:00.000Z,502.725,504.5,502.588,503.8,684845.3717410001
2026-08-11T15:00:00.000Z,503.875,504.315,502.33,502.57,833441.6061210001
2026-08-11T15:15:00.000Z,502.61,503.24,501.55,501.56,458901.213458
2026-08-11T15:30:00.000Z,501.56,501.83,500.6,501.02,614906.6880170001
2026-08-11T15:45:00.000Z,500.995,501.3999,500.43,501.18,354089.111723
2026-08-11T16:00:00.000Z,501.21,502.7326,501.19,502.1,365522.07863599993
2026-08-11T16:15:00.000Z,502.17,502.37,500.27,500.74,425209.315349
2026-08-11T16:30:00.000Z,500.73,501.73,500.7,501.59,333527.41368500004
2026-08-11T16:45:00.000Z,501.61,502.54,501.5101,502.1226,300237.61818199995
2026-08-11T17:00:00.000Z,502.095,502.7,501.94,502.035,595699.986497
2026-08-11T17:15:00.000Z,501.98,502.705,501.98,502.62,313992.188715
2026-08-11T17:30:00.000Z,502.64,503.47,502.5601,503.405,282199.29643399996
2026-08-11T17:45:00.000Z,503.44,503.62,502.75,502.8725,323471.316969
2026-08-11T18:00:00.000Z,502.88,503.15,502.46,502.6069,858548.4377710002
2026-08-11T18:15:00.000Z,502.65,502.96,501.82,502.05,432374.59687099996
2026-08-11T18:30:00.000Z,501.9401,503.11,501.92,502.845,440995.8075289999
2026-08-11T18:45:00.000Z,502.92,503.73,502.87,502.96,661588.032819
2026-08-11T19:00:00.000Z,502.97,503.65,502.31,502.97,428733.4305410001
2026-08-11T19:15:00.000Z,502.99,503.38,502.52,502.953,422864.4415330001
2026-08-11T19:30:00.000Z,502.86,503.81,502.75,503.655,638657.3394630001
2026-08-11T19:45:00.000Z,503.63,504.4,502.06,503.775,2183988.9486849997
2026-08-12T13:30:00.000Z,499.99,501.5,497.05,497.9,1941053.014595
2026-08-12T13:45:00.000Z,497.92,498.11,492.63,493.56,1954793.2016329998
2026-08-12T14:00:00.000Z,493.565,496.42,491.9501,495.47,1344183.4929230001
2026-08-12T14:15:00.000Z,495.47,496.39,494.901,495.875,958613.5107080002
2026-08-12T14:30:00.000Z,495.8289,496.5,494,494.35,773591.278292
2026-08-12T14:45:00.000Z,494.365,495.38,493.87,494.97,618001.4200610002
2026-08-12T15:00:00.000Z,494.88,495.115,493.33,493.65,694524.321154
2026-08-12T15:15:00.000Z,493.63,493.75,492.88,493.21,700715.3793270001
2026-08-12T15:30:00.000Z,493.195,493.525,492.08,493.1375,488317.246475
2026-08-12T15:45:00.000Z,493.145,493.7,492.707,492.84,467688.94198299997
2026-08-12T16:00:00.000Z,492.84,493.18,492.1501,492.98,468286.13466399995
2026-08-12T16:15:00.000Z,492.95,494.0199,492.95,493.93,396574.04507999995
2026-08-12T16:30:00.000Z,493.92,494.14,493.17,493.8,801212.5358199998
2026-08-12T16:45:00.000Z,493.795,494.975,493.77,494.15,309281.67618199997
2026-08-12T17:00:00.000Z,494.07,494.21,493.5,493.745,304657.61045200005
2026-08-12T17:15:00.000Z,493.7717,493.96,493.09,493.23,361541.939735
2026-08-12T17:30:00.000Z,493.26,493.59,492.5,492.55,275625.661889
2026-08-12T17:45:00.000Z,492.55,492.8,491.52,492.105,717040.92327
2026-08-12T18:00:00.000Z,492.0501,492.48,491.8201,492.09,333953.719518
2026-08-12T18:15:00.000Z,492.09,492.66,491.86,492.145,343530.184606
2026-08-12T18:30:00.000Z,492.135,492.5662,491.8005,492.435,352180.57093800005
2026-08-12T18:45:00.000Z,492.43,493.0199,492.17,492.91,396731.55489499995
2026-08-12T19:00:00.000Z,492.92,493.79,492.57,492.97,870859.290439
2026-08-12T19:15:00.000Z,492.965,494.64,492.84,494.265,532980.4419849999
2026-08-12T19:30:00.000Z,494.27,494.47,493.2001,493.67,592619.0958260001
2026-08-12T19:45:00.000Z,493.67,494.345,492.03,492.43,1989013.471563
2026-08-13T13:30:00.000Z,493.265,498.99,493.25,497.88,1800054.07598
2026-08-13T13:45:00.000Z,497.885,499.94,497.87,498.655,885090.1970190002
2026-08-13T14:00:00.000Z,498.7499,501.08,498.4,500.14,1133999.358788
2026-08-13T14:15:00.000Z,500.11,501.34,498.3643,498.5,914235.0130359998
2026-08-13T14:30:00.000Z,498.505,499.42,497.66,497.965,597189.547478
2026-08-13T14:45:00.000Z,497.965,498.03,497,497.46,511880.12535700016
2026-08-13T15:00:00.000Z,497.47,497.73,495.34,495.865,591986.103354
2026-08-13T15:15:00.000Z,495.91,496.06,493.44,493.8558,753268.6818309999
2026-08-13T15:30:00.000Z,493.8851,495.7,493.8,495.4001,469019.01965400006
2026-08-13T15:45:00.000Z,495.4,495.87,494.5,494.91,323900.65266
2026-08-13T16:00:00.000Z,494.935,494.9799,494.1014,494.515,236817.71796799998
2026-08-13T16:15:00.000Z,494.55,494.86,493.77,494.67,1033503.362235
2026-08-13T16:30:00.000Z,494.68,494.92,494,494.3,228325.68524800002
2026-08-13T16:45:00.000Z,494.29,494.9,494.19,494.33,183975.586604
2026-08-13T17:00:00.000Z,494.33,494.83,494.1901,494.595,178782.835336
2026-08-13T17:15:00.000Z,494.56,494.7495,494.07,494.5,148480.121197
2026-08-13T17:30:00.000Z,494.485,494.53,493.4401,493.75,982804.8843759999
2026-08-13T17:45:00.000Z,493.75,494.56,493.64,494.11,276386.5049250001
2026-08-13T18:00:00.000Z,494.11,494.42,493.83,494.3,165976.28433199998
2026-08-13T18:15:00.000Z,494.355,494.41,493.01,493.135,217702.972101
2026-08-13T18:30:00.000Z,493.1325,497.35,493.11,496.82,606456.802536
2026-08-13T18:45:00.000Z,496.77,497,495.26,496.98,497226.409773
2026-08-13T19:00:00.000Z,496.98,497.5499,496.21,497.385,429982.1087829999
2026-08-13T19:15:00.000Z,497.36,497.81,495.6857,497.16,552427.723686
2026-08-13T19:30:00.000Z,497.19,498.55,497.19,498.4801,697206.4195849999
2026-08-13T19:45:00.000Z,498.48,498.48,495.905,496.84,1893917.3843380003
2026-08-14T13:30:00.000Z,496.355,497.54,493.92,496.34,1312132.4979370004
2026-08-14T13:45:00.000Z,496.34,498.7,496.0775,498.59,710333.794763
2026-08-14T14:00:00.000Z,498.48,498.79,497.28,498,587148.876564
2026-08-14T14:15:00.000Z,498,500.01,497.37,498.77,938701.870672
2026-08-14T14:30:00.000Z,498.72,499.665,498.51,499.025,452034.32839299995
2026-08-14T14:45:00.000Z,499.05,499.45,498.29,498.505,503234.91652599996
2026-08-14T15:00:00.000Z,498.55,498.9099,498.03,498.35,408515.31503
2026-08-14T15:15:00.000Z,498.33,498.5499,497.46,497.65,424326.07211199997
2026-08-14T15:30:00.000Z,497.705,498.9384,497.41,498.84,312971.14946199994
2026-08-14T15:45:00.000Z,498.82,499.28,498.01,498.6203,405273.6058760001
2026-08-14T16:00:00.000Z,498.69,498.69,497.54,497.77,303683.174513
2026-08-14T16:15:00.000Z,497.735,497.76,496.8,497.68,312972.12121699995
2026-08-14T16:30:00.000Z,497.675,497.8,496.8,496.8,199114.48162500001
2026-08-14T16:45:00.000Z,496.833,496.99,496.4,496.65,215047.38738199996
2026-08-14T17:00:00.000Z,496.5706,496.76,495.92,496.01,181862.09250799997
2026-08-14T17:15:00.000Z,496.04,496.4,495.68,495.81,182087.69767900003
2026-08-14T17:30:00.000Z,495.785,496.07,495.55,495.95,165203.01542200003
2026-08-14T17:45:00.000Z,495.95,496.34,495.57,495.89,195614.24601499998
2026-08-14T18:00:00.000Z,495.88,496.14,495.56,495.72,223784.038187
2026-08-14T18:15:00.000Z,495.723,496.24,495.37,495.43,205794.993477
2026-08-14T18:30:00.000Z,495.44,495.679,495.1,495.3819,210787.47710900003
2026-08-14T18:45:00.000Z,495.38,495.79,495.1101,495.54,215159.902884
2026-08-14T19:00:00.000Z,495.54,495.77,494.67,495.29,336815.23959500005
2026-08-14T19:15:00.000Z,495.25,495.41,495.03,495.36,284912.801807
2026-08-14T19:30:00.000Z,495.38,495.6199,494.65,495.25,410503.55578
2026-08-14T19:45:00.000Z,495.23,495.44,494.6589,495.18,1079783.182788
2026-08-17T13:30:00.000Z,490.14,492.66,485.59,485.84,1704735.9777819999
2026-08-17T13:45:00.000Z,485.815,486.71,484.1,484.94,1275668.8845040002
2026-08-17T14:00:00.000Z,484.91,485.475,484.185,484.555,928738.582534
2026-08-17T14:15:00.000Z,484.55,485.25,482.53,482.575,1445565.9493779999
2026-08-17T14:30:00.000Z,482.585,483.7499,481.72,483.015,1151553.870515
2026-08-17T14:45:00.000Z,483.015,483.42,481.67,483.175,1061867.481973
2026-08-17T15:00:00.000Z,483.1999,484.78,483.02,484.455,673341.2381410002
2026-08-17T15:15:00.000Z,484.4219,484.92,484.06,484.56,578188.0251300001
2026-08-17T15:30:00.000Z,484.65,485.11,483.9,484.79,544472.751641
2026-08-17T15:45:00.000Z,484.82,485.26,484.65,485,356066.80640299997
2026-08-17T16:00:00.000Z,485,485.12,483.35,483.89,483170.46576299996
2026-08-17T16:15:00.000Z,483.87,484.08,482.545,482.66,451473.65277999995
2026-08-17T16:30:00.000Z,482.67,482.82,480.05,480.3989,803858.560044
2026-08-17T16:45:00.000Z,480.38,480.67,479.32,479.545,782232.1123090001
2026-08-17T17:00:00.000Z,479.53,480.12,479.35,479.59,595102.8859829999
2026-08-17T17:15:00.000Z,479.55,480,479.07,479.32,800536.881023
2026-08-17T17:30:00.000Z,479.32,479.4399,478.41,479.32,527572.208806
2026-08-17T17:45:00.000Z,479.305,479.82,478.83,478.91,408310.667705
2026-08-17T18:00:00.000Z,478.93,479.7899,478.925,479.19,391698.2616939999
2026-08-17T18:15:00.000Z,479.185,479.99,479.12,479.44,370141.266914
2026-08-17T18:30:00.000Z,479.424,479.84,479.23,479.72,415863.33225200005
2026-08-17T18:45:00.000Z,479.67,480.3,479.67,480.01,514187.71381000004
2026-08-17T19:00:00.000Z,480.04,481.23,479.95,481.23,461333.100495
2026-08-17T19:15:00.000Z,481.23,481.76,480.8,481.025,657175.7690659999
2026-08-17T19:30:00.000Z,481.025,481.09,479.67,480.485,709553.308432
2026-08-17T19:45:00.000Z,480.51,480.73,479.35,480.63,1922411.779142
2026-08-18T13:30:00.000Z,481.54,484.27,477.1505,482.92,1792364.4643749997
2026-08-18T13:45:00.000Z,482.92,483.45,479.3424,479.94,1068177.145968
2026-08-18T14:00:00.000Z,479.97,481.6322,479.7,481.365,680005.8468550001
2026-08-18T14:15:00.000Z,481.3825,483.03,481.03,481.045,666879.1963129999
2026-08-18T14:30:00.000Z,481.03,481.62,480.38,481.095,465296.05703399994
2026-08-18T14:45:00.000Z,481.095,481.89,479.89,481.55,506417.843915
2026-08-18T15:00:00.000Z,481.58,482.77,481.09,481.5975,564855.9892949999
2026-08-18T15:15:00.000Z,481.61,482.66,481.54,481.975,574017.31814
2026-08-18T15:30:00.000Z,481.975,482.36,481.36,481.77,632062.68855
2026-08-18T15:45:00.000Z,481.765,481.77,480.52,481.645,336665.811993
2026-08-18T16:00:00.000Z,481.645,482.8,481.51,482.52,381800.93771400006
2026-08-18T16:15:00.000Z,482.505,482.58,481.58,481.995,321920.047438
2026-08-18T16:30:00.000Z,481.97,482.06,481.19,481.745,303281.961879
2026-08-18T16:45:00.000Z,481.745,482.3874,481.37,482.295,281611.926128
2026-08-18T17:00:00.000Z,482.25,482.26,481.17,481.7399,315855.849695
2026-08-18T17:15:00.000Z,481.68,481.96,481.32,481.695,251163.71745300002
2026-08-18T17:30:00.000Z,481.7,482.35,481.58,481.8974,297842.83826
2026-08-18T17:45:00.000Z,481.8761,482.14,481.64,481.95,245993.21365200003
2026-08-18T18:00:00.000Z,481.96,482.31,481.62,482.07,333591.30005099997
2026-08-18T18:15:00.000Z,482.085,482.78,481.72,482.51,346133.00846800004
2026-08-18T18:30:00.000Z,482.485,482.63,481.69,481.7799,416484.524092
2026-08-18T18:45:00.000Z,481.73,482.78,481.295,482.34,496816.65764099994
2026-08-18T19:00:00.000Z,482.39,483.68,482.37,483.22,508615.384271
2026-08-18T19:15:00.000Z,483.2214,483.7947,482.9,483.1652,440615.47219
2026-08-18T19:30:00.000Z,483.2,483.76,482.07,482.345,551897.012724
2026-08-18T19:45:00.000Z,482.345,482.41,481.02,481.93,2280123.269237
2026-08-19T13:30:00.000Z,480.065,484.18,479.36,482.18,1370730.6791889998
2026-08-19T13:45:00.000Z,482.04,482.74,480.3534,482.64,1197226.319792
2026-08-19T14:00:00.000Z,482.65,484.35,482.11,483.77,842681.993274
2026-08-19T14:15:00.000Z,483.77,484.81,481.3,481.865,671133.441574
2026-08-19T14:30:00.000Z,481.865,482.7999,481.74,482.33,387548.80501499993
2026-08-19T14:45:00.000Z,482.38,484.34,482.33,484.175,403942.44981599995
2026-08-19T15:00:00.000Z,484.23,484.99,483.64,484.32,429689.8602280001
2026-08-19T15:15:00.000Z,484.34,484.79,483.52,483.97,358373.77872899995
2026-08-19T15:30:00.000Z,483.93,486.35,483.635,486.32,582750.0161019999
2026-08-19T15:45:00.000Z,486.32,489.3,486.24,488.645,815201.1104309999
2026-08-19T16:00:00.000Z,488.7112,489.12,488.09,488.39,446020.11528699996
2026-08-19T16:15:00.000Z,488.38,488.5,486.87,486.8801,431063.558696
2026-08-19T16:30:00.000Z,486.95,487.02,485.601,485.925,384891.522141
2026-08-19T16:45:00.000Z,485.9,485.9,483.88,484.24,409389.45761499996
2026-08-19T17:00:00.000Z,484.19,484.69,484.08,484.25,216323.953723
2026-08-19T17:15:00.000Z,484.21,484.24,482.87,483.455,337314.73446099996
2026-08-19T17:30:00.000Z,483.46,483.8,482.87,483.575,292615.94985699997
2026-08-19T17:45:00.000Z,483.61,484.2,483.22,483.82,243458.473655
2026-08-19T18:00:00.000Z,483.79,484.66,483.43,484.32,236275.39859399997
2026-08-19T18:15:00.000Z,484.4099,484.4099,483.5108,484.04,577520.2355910001
2026-08-19T18:30:00.000Z,484.059,484.59,483.72,483.88,234027.44720599998
2026-08-19T18:45:00.000Z,483.83,484.08,483.3701,483.795,192274.75817800005
2026-08-19T19:00:00.000Z,483.86,484.83,483.75,484.2001,266292.789864
2026-08-19T19:15:00.000Z,484.25,484.655,483.68,483.75,745498.841483
2026-08-19T19:30:00.000Z,483.72,484.275,483,483.45,1123926.0681480002
2026-08-19T19:45:00.000Z,483.42,484.67,482.93,484.52,1515014.454872
2026-08-20T13:30:00.000Z,483.3,483.82,479.75,482.88,983618.046822
2026-08-20T13:45:00.000Z,482.89,484.16,480.88,481.37,608497.0528350001
2026-08-20T14:00:00.000Z,481.48,483.05,481.08,481.69,558841.3136829999
2026-08-20T14:15:00.000Z,481.725,482.86,481.57,482.1939,353117.61315600004
2026-08-20T14:30:00.000Z,482.19,483.01,480.92,481.3528,316269.73886299995
2026-08-20T14:45:00.000Z,481.34,481.895,480.9001,481.297,339171.58573399996
2026-08-20T15:00:00.000Z,481.41,481.83,480.068,480.19,385066.831041
2026-08-20T15:15:00.000Z,480.19,481.14,479.5,479.91,487051.7540490001
2026-08-20T15:30:00.000Z,479.9199,481.47,479.765,481.08,414772.285793
2026-08-20T15:45:00.000Z,481.14,481.63,480.58,480.63,241845.096365
2026-08-20T16:00:00.000Z,480.64,481.12,480.06,480.095,176665.52345899996
2026-08-20T16:15:00.000Z,480.095,481.3,479.93,481.3,320304.613286
2026-08-20T16:30:00.000Z,481.22,484,480.73,484,494685.38004500006
2026-08-20T16:45:00.000Z,484,484,481.71,483.11,360414.771211
2026-08-20T17:00:00.000Z,483.11,483.12,481.77,481.98,229007.24449599997
2026-08-20T17:15:00.000Z,481.9451,482.425,481.87,481.945,187791.344215
2026-08-20T17:30:00.000Z,481.945,482.3568,481.33,482.2,237473.670039
2026-08-20T17:45:00.000Z,482.205,482.5,481.34,481.41,205439.514289
2026-08-20T18:00:00.000Z,481.36,481.52,480.475,480.71,256261.280554
2026-08-20T18:15:00.000Z,480.71,481.59,480.55,481.445,235270.686044
2026-08-20T18:30:00.000Z,481.44,481.93,481.2,481.9227,236145.75517399996
2026-08-20T18:45:00.000Z,481.83,482.55,481.83,482.09,454304.87923300004
2026-08-20T19:00:00.000Z,482.09,482.5,481.72,482.1,321926.951382
2026-08-20T19:15:00.000Z,482.15,482.39,481.54,482.065,294689.796377
2026-08-20T19:30:00.000Z,482.05,482.4,481.43,481.75,398648.225868
2026-08-20T19:45:00.000Z,481.77,482.21,480.62,481.379,2811427.409494
2026-08-21T13:30:00.000Z,479.88,484.58,478.53,482,3003081.6854259996
2026-08-21T13:45:00.000Z,482.02,482.58,480.68,481.9,405573.883748
2026-08-21T14:00:00.000Z,481.78,484.9,481.75,484.875,753648.7747639999
2026-08-21T14:15:00.000Z,484.875,485.49,482.23,483.32,603815.434977
2026-08-21T14:30:00.000Z,483.31,483.7081,481.02,483.3901,589020.630307
2026-08-21T14:45:00.000Z,483.44,485.3,483,485.195,676842.0152649999
2026-08-21T15:00:00.000Z,485.27,486.36,484.12,484.31,640973.44936
2026-08-21T15:15:00.000Z,484.35,484.89,483.5184,483.835,296357.83358
2026-08-21T15:30:00.000Z,483.855,485.31,483.65,485.1496,386047.91311400005
2026-08-21T15:45:00.000Z,485.155,485.795,484.93,485.49,762865.3448449998
2026-08-21T16:00:00.000Z,485.5299,485.5299,483.94,484.4,305588.73656499997
2026-08-21T16:15:00.000Z,484.43,484.92,483.96,484.27,201699.94381499998
2026-08-21T16:30:00.000Z,484.3,484.42,483.22,483.54,208746.42750699996
2026-08-21T16:45:00.000Z,483.56,484.91,483.05,484.8807,740379.8013229999
2026-08-21T17:00:00.000Z,484.92,484.99,484.1001,484.29,294269.06605799997
2026-08-21T17:15:00.000Z,484.315,484.62,483.66,484.15,741779.616521
2026-08-21T17:30:00.000Z,484.13,484.18,482.57,482.84,2023125.254783
2026-08-21T17:45:00.000Z,482.85,483.06,481.331,481.331,228142.438566
2026-08-21T18:00:00.000Z,481.365,481.65,480.955,481.355,305952.13939900004
2026-08-21T18:15:00.000Z,481.355,481.61,480.71,481.2999,218232.14054600004
2026-08-21T18:30:00.000Z,481.23,482.17,480.87,482.08,248112.557377
2026-08-21T18:45:00.000Z,482.12,482.84,481.9308,482.79,343273.79334699997
2026-08-21T19:00:00.000Z,482.78,483.3789,482.66,483.36,638030.514418
2026-08-21T19:15:00.000Z,483.39,483.455,482.41,482.93,353463.52746700007
2026-08-21T19:30:00.000Z,482.91,484.04,482.88,484.015,371914.891297
2026-08-21T19:45:00.000Z,483.99,484.34,482.78,483.33,1147345.013156
2026-08-24T13:30:00.000Z,483.205,486.99,481.86,483.98,1031899.2680560001
2026-08-24T13:45:00.000Z,483.97,486.965,482.81,486.965,600004.180657
2026-08-24T14:00:00.000Z,486.91,487.9,484.61,486.435,729936.93171
2026-08-24T14:15:00.000Z,486.45,486.56,485.12,485.5,388084.05111199996
2026-08-24T14:30:00.000Z,485.54,488.21,485.22,487.05,557367.803188
2026-08-24T14:45:00.000Z,487.05,488.75,486.77,488.27,448862.574427
2026-08-24T15:00:00.000Z,488.31,489.48,486.53,488.0801,572814.873359
2026-08-24T15:15:00.000Z,488.1059,489.55,487.1001,489.34,462284.620351
2026-08-24T15:30:00.000Z,489.325,489.45,488.43,489.12,352808.43483299995
2026-08-24T15:45:00.000Z,489.15,489.95,488.47,489.39,1008625.575306
2026-08-24T16:00:00.000Z,489.34,490.605,488.56,488.8,401816.598234
2026-08-24T16:15:00.000Z,488.82,489.2,488.5307,489.14,251253.577812
2026-08-24T16:30:00.000Z,489.14,489.38,488.71,489.06,233637.60551499997
2026-08-24T16:45:00.000Z,489.04,489.3,488.54,488.94,263666.069866
2026-08-24T17:00:00.000Z,488.97,489.55,487.77,489.29,274275.377834
2026-08-24T17:15:00.000Z,489.315,489.77,488.42,488.78,345680.62151599996
2026-08-24T17:30:00.000Z,488.79,488.94,487.7256,487.95,229961.648038
2026-08-24T17:45:00.000Z,487.97,488.2082,487.37,487.93,231311.88562899997
2026-08-24T18:00:00.000Z,487.935,488.33,487.28,487.63,203133.273976
2026-08-24T18:15:00.000Z,487.67,488.74,487.485,488.585,241382.25455100002
2026-08-24T18:30:00.000Z,488.62,488.9,487.4701,487.67,227149.618251
2026-08-24T18:45:00.000Z,487.7,488.425,487.61,487.89,241009.4644
2026-08-24T19:00:00.000Z,487.96,488.5655,487.32,488.49,260076.353089
2026-08-24T19:15:00.000Z,488.51,489.16,488.335,488.71,337770.2704690001
2026-08-24T19:30:00.000Z,488.755,489.09,488.17,488.62,365686.655946
2026-08-24T19:45:00.000Z,488.59,489.01,487.25,487.31,1141029.807003
2026-08-25T13:30:00.000Z,485.44,488.92,484.3,488.79,1084071.4702650001
2026-08-25T13:45:00.000Z,488.785,490.1525,486.65,487.61,654813.773428
2026-08-25T14:00:00.000Z,487.61,488.5,485.705,487.22,502737.9430910001
2026-08-25T14:15:00.000Z,487.29,487.98,486.09,486.965,289123.65052599995
2026-08-25T14:30:00.000Z,486.85,488,486.1,487.5,331279.252068
2026-08-25T14:45:00.000Z,487.49,489.64,487.25,489.23,425315.5324989999
2026-08-25T15:00:00.000Z,489.27,490.3999,488.32,489.335,994895.925986
2026-08-25T15:15:00.000Z,489.34,490.39,488.68,489.39,272970.962243
2026-08-25T15:30:00.000Z,489.3883,489.715,488.45,489.63,429193.3951480001
2026-08-25T15:45:00.000Z,489.62,489.64,488.67,489.14,201598.35113599998
2026-08-25T16:00:00.000Z,489.22,489.53,488.93,489.31,146175.599312
2026-08-25T16:15:00.000Z,489.29,489.64,488.9,489.4801,157717.99819500002
2026-08-25T16:30:00.000Z,489.535,489.9,489.25,489.35,157318.87703200002
2026-08-25T16:45:00.000Z,489.27,489.8299,488.65,489.7,165745.010862
2026-08-25T17:00:00.000Z,489.66,490.15,489.17,489.75,396111.58361900004
2026-08-25T17:15:00.000Z,489.76,490.765,489.72,489.86,449909.377321
2026-08-25T17:30:00.000Z,489.885,490.272,489.225,489.98,1194987.6530650002
2026-08-25T17:45:00.000Z,489.98,490.16,489.66,489.815,175013.24161599998
2026-08-25T18:00:00.000Z,489.82,491.62,489.5,489.855,410713.476857
2026-08-25T18:15:00.000Z,489.81,490.0875,489.37,489.955,369000.858831
2026-08-25T18:30:00.000Z,489.98,490.3832,489.68,490.305,207231.065326
2026-08-25T18:45:00.000Z,490.33,490.8662,490.2501,490.6,187543.90602
2026-08-25T19:00:00.000Z,490.58,490.675,490.09,490.4,204021.125461
2026-08-25T19:15:00.000Z,490.405,490.55,490,490.14,271783.069113
2026-08-25T19:30:00.000Z,490.165,491.15,490.1,490.25,331798.42387899995
2026-08-25T19:45:00.000Z,490.23,492.435,490.2,491.5,1333439.584012
2026-08-26T13:30:00.000Z,487.85,495.25,487.31,494.84,1316520.4424180002
2026-08-26T13:45:00.000Z,494.77,497.1399,494.1205,495.215,779666.1640009998
2026-08-26T14:00:00.000Z,495.17,495.79,494.62,495.33,654288.1402959999
2026-08-26T14:15:00.000Z,495.26,496.74,492.95,493.686,759509.984042
2026-08-26T14:30:00.000Z,493.65,494.44,493.34,494.32,359484.66276499996
2026-08-26T14:45:00.000Z,494.32,495.63,493.9601,495.23,409716.431617
2026-08-26T15:00:00.000Z,495.3,495.475,494.598,495.175,327176.609628
2026-08-26T15:15:00.000Z,495.175,495.6,494.68,494.995,470450.62126299995
2026-08-26T15:30:00.000Z,494.995,495.43,494.58,495.33,266770.156816
2026-08-26T15:45:00.000Z,495.3035,495.53,493.91,494.089,305983.59012999997
2026-08-26T16:00:00.000Z,494,494.9199,493.92,494.49,337110.79794600006
2026-08-26T16:15:00.000Z,494.42,494.59,493.74,493.8817,222577.32352999997
2026-08-26T16:30:00.000Z,493.865,494.3799,493.5503,493.93,285669.593411
2026-08-26T16:45:00.000Z,493.92,494.4,493.79,494.18,276467.498283
2026-08-26T17:00:00.000Z,494.11,494.39,493.78,494.08,187969.073769
2026-08-26T17:15:00.000Z,494.11,494.75,494.07,494.74,235687.266155
2026-08-26T17:30:00.000Z,494.745,495.05,494.28,494.51,192942.970642
2026-08-26T17:45:00.000Z,494.55,494.62,493.565,494.33,239321.33814299997
2026-08-26T18:00:00.000Z,494.365,494.78,494.2,494.36,187805.572899
2026-08-26T18:15:00.000Z,494.355,494.81,494.26,494.38,218615.90907
2026-08-26T18:30:00.000Z,494.355,494.66,493.92,494.23,267328.028198
2026-08-26T18:45:00.000Z,494.24,494.92,494.17,494.8575,252007.230496
2026-08-26T19:00:00.000Z,494.87,496.03,494.82,495.895,352684.27919999993
2026-08-26T19:15:00.000Z,495.886,496.6,495.63,496.1,337919.77045699995
2026-08-26T19:30:00.000Z,496.09,496.75,495.8,496.72,399329.297817
2026-08-26T19:45:00.000Z,496.72,497.4,496.09,496.36,1357876.743625
2026-08-27T13:30:00.000Z,494.88,497.01,490.08,495.545,1448172.9395769997
2026-08-27T13:45:00.000Z,495.6,499.905,495.5786,499.2,1121686.469541
2026-08-27T14:00:00.000Z,499.2,504.18,498.6,504,1439325.6507270003
2026-08-27T14:15:00.000Z,504.01,505.5,503.35,505.06,1326330.1739240002
2026-08-27T14:30:00.000Z,505.125,505.4,502.72,504.56,1195774.9338909998
2026-08-27T14:45:00.000Z,504.5,505.1,502.4601,502.825,721481.1830389999
2026-08-27T15:00:00.000Z,502.825,503.775,502.24,502.9023,718793.1320829999
2026-08-27T15:15:00.000Z,502.96,503.65,499.91,500.33,655555.904897
2026-08-27T15:30:00.000Z,500.24,500.78,498.01,498.925,699826.979121
2026-08-27T15:45:00.000Z,498.96,499.95,498.1414,499.47,288254.51188099995
2026-08-27T16:00:00.000Z,499.475,501.0751,498.61,501.03,369911.39901700005
2026-08-27T16:15:00.000Z,501.08,502.57,501.05,502.365,481154.74300099997
2026-08-27T16:30:00.000Z,502.36,504.7045,502.35,504.12,463055.99790899997
2026-08-27T16:45:00.000Z,504.155,504.6,503.4201,504.055,360026.3258349999
2026-08-27T17:00:00.000Z,504.15,504.66,503.96,504.55,405614.8157259999
2026-08-27T17:15:00.000Z,504.52,504.6999,503.13,503.28,345253.06123500003
2026-08-27T17:30:00.000Z,503.325,505.89,503.27,505.835,781093.6354060001
2026-08-27T17:45:00.000Z,505.84,505.99,503.81,504.155,418514.650707
2026-08-27T18:00:00.000Z,504.17,504.48,501.39,501.53,343031.802987
2026-08-27T18:15:00.000Z,501.535,503.14,501.37,502.5,408281.152171
2026-08-27T18:30:00.000Z,502.45,503.05,502.049,502.255,325479.885836
2026-08-27T18:45:00.000Z,502.24,504.6,502.19,504.38,437619.957953
2026-08-27T19:00:00.000Z,504.35,505.57,504.25,505.26,620255.9419
2026-08-27T19:15:00.000Z,505.325,506.48,505,505.5,765435.7314499998
2026-08-27T19:30:00.000Z,505.5,506.2,504.64,505.31,650770.1845440001
2026-08-27T19:45:00.000Z,505.29,506.04,504.48,504.88,1906117.6613529997
2026-08-28T13:30:00.000Z,505.33,511.94,504.8675,511.8118,1856192.298669
2026-08-28T13:45:00.000Z,511.745,513.14,509.72,510.11,1163564.6713649998
2026-08-28T14:00:00.000Z,510.0825,511.25,508.11,508.48,822317.2735370001
2026-08-28T14:15:00.000Z,508.46,511.31,508.34,510.7156,789714.569078
2026-08-28T14:30:00.000Z,510.66,512.59,510.26,512.255,1149345.762822
2026-08-28T14:45:00.000Z,512.26,515.5,512.04,515.24,1459724.2164589998
2026-08-28T15:00:00.000Z,515.25,516.3,514.13,514.8536,923545.7843789998
2026-08-28T15:15:00.000Z,514.81,515.78,514.5,515.3117,729522.9567870001
2026-08-28T15:30:00.000Z,515.34,515.87,514.1,514.5175,530424.5926309999
2026-08-28T15:45:00.000Z,514.58,515.42,514.04,514.6201,904864.663359
2026-08-28T16:00:00.000Z,514.63,517.14,514.2,516.8,1014027.0078580001
2026-08-28T16:15:00.000Z,516.77,516.99,515.23,516.47,804748.242444
2026-08-28T16:30:00.000Z,516.47,517.78,516,516.855,625244.330856
2026-08-28T16:45:00.000Z,516.87,517.47,516.265,516.88,513403.773787
2026-08-28T17:00:00.000Z,516.81,517.48,515.77,517.455,545958.31756
2026-08-28T17:15:00.000Z,517.455,517.73,516.4024,517.16,547925.413331
2026-08-28T17:30:00.000Z,517.13,517.6,515.502,515.67,546100.1059369999
2026-08-28T17:45:00.000Z,515.66,516.46,515.23,515.87,531033.659627
2026-08-28T18:00:00.000Z,515.85,516.33,514.78,514.85,556854.84452
2026-08-28T18:15:00.000Z,514.89,515.565,514.385,514.725,520375.138302
2026-08-28T18:30:00.000Z,514.725,515.23,514.21,514.94,1049130.449813
2026-08-28T18:45:00.000Z,514.97,515.04,513.82,513.865,537447.431412
2026-08-28T19:00:00.000Z,513.82,514.78,513.49,514.39,591844.016825
2026-08-28T19:15:00.000Z,514.385,514.42,512.9,513.29,543274.245694
2026-08-28T19:30:00.000Z,513.2901,514.57,512.85,513.96,786704.5737310001
2026-08-28T19:45:00.000Z,513.92,514.44,512.5,513.67,2856704.7250800002
2026-08-31T13:30:00.000Z,510.38,511.68,507.31,509.285,1327424.7453200002
2026-08-31T13:45:00.000Z,509.27,511.08,508.4816,508.905,756824.002648
2026-08-31T14:00:00.000Z,508.95,509.21,507.435,508.085,527376.150105
2026-08-31T14:15:00.000Z,508.085,509.5,507.36,509.37,634776.350133
2026-08-31T14:30:00.000Z,509.31,509.77,508.73,509.4386,327269.462934
2026-08-31T14:45:00.000Z,509.405,510.98,509.1201,510.885,401939.217928
2026-08-31T15:00:00.000Z,510.89,512.19,510.38,511.1834,669054.8436939999
2026-08-31T15:15:00.000Z,511.17,511.94,510.34,510.82,382501.298527
2026-08-31T15:30:00.000Z,510.84,511.29,509.9501,511.095,358293.55648699997
2026-08-31T15:45:00.000Z,511.095,511.16,509.8,509.9071,334015.87812999997
2026-08-31T16:00:00.000Z,509.81,510.61,509.21,510.55,262632.87979599996
2026-08-31T16:15:00.000Z,510.61,510.86,510.18,510.65,199936.32665299997
2026-08-31T16:30:00.000Z,510.65,510.94,509.48,510.62,335174.80361799995
2026-08-31T16:45:00.000Z,510.62,511.73,510.5,511.39,339106.142278
2026-08-31T17:00:00.000Z,511.385,511.4799,510.8275,511.155,268553.25753
2026-08-31T17:15:00.000Z,511.16,511.53,510.4301,510.6799,289368.696055
2026-08-31T17:30:00.000Z,510.67,510.83,510.04,510.61,234997.74507099998
2026-08-31T17:45:00.000Z,510.625,511.24,510.57,511.02,267844.870979
2026-08-31T18:00:00.000Z,510.98,511.77,510.5,511.65,397866.91841399996
2026-08-31T18:15:00.000Z,511.7199,512.19,510.855,510.93,377034.6723179999
2026-08-31T18:30:00.000Z,510.89,511.05,509.705,510.21,828470.100245
2026-08-31T18:45:00.000Z,510.22,511.26,509.82,511.045,336287.444665
2026-08-31T19:00:00.000Z,511.045,511.38,510.36,511.09,348678.815119
2026-08-31T19:15:00.000Z,511.085,511.22,509.865,510.595,333447.73661
2026-08-31T19:30:00.000Z,510.57,510.595,508.9394,509.885,534724.7592109999
2026-08-31T19:45:00.000Z,509.885,510.44,506.39,507.32,3266430.530286
2026-09-01T13:30:00.000Z,497.52,504.6302,496.78,503.45,2040077.3522559998
2026-09-01T13:45:00.000Z,503.595,505.97,501.085,502.38,871052.9397560001
2026-09-01T14:00:00.000Z,502.57,504.539,501.87,503.8,689477.858237
2026-09-01T14:15:00.000Z,503.81,504.83,503.42,504.22,492728.30409299996
2026-09-01T14:30:00.000Z,504.225,504.5965,503.29,503.56,524667.263162
2026-09-01T14:45:00.000Z,503.59,503.68,501.391,501.61,460853.24723299994
2026-09-01T15:00:00.000Z,501.6425,501.89,499.9,500.42,545104.3243570001
2026-09-01T15:15:00.000Z,500.4399,501.66,500.35,501.18,359385.19133100007
2026-09-01T15:30:00.000Z,501.22,501.3125,500.64,501.02,344030.426149
2026-09-01T15:45:00.000Z,501.035,501.305,500.527,500.79,365314.171179
2026-09-01T16:00:00.000Z,500.88,501.16,499.85,499.86,330991.03579099994
2026-09-01T16:15:00.000Z,499.8175,501,499.4,500.7053,475146.056526
2026-09-01T16:30:00.000Z,500.83,500.87,499.31,499.4827,404012.67841800005
2026-09-01T16:45:00.000Z,499.44,501.06,499,500.945,310778.47698400007
2026-09-01T17:00:00.000Z,500.945,500.96,500,500.81,190304.13132800002
2026-09-01T17:15:00.000Z,500.81,501.22,500.25,500.975,222477.18735300002
2026-09-01T17:30:00.000Z,500.975,501.81,500.875,501.24,214004.59856299998
2026-09-01T17:45:00.000Z,501.24,502.08,501.06,501.44,338336.89928400004
2026-09-01T18:00:00.000Z,501.435,501.84,500.65,500.685,282811.579777
2026-09-01T18:15:00.000Z,500.685,501.53,500.48,501.37,243263.90654199995
2026-09-01T18:30:00.000Z,501.32,501.4199,500.037,500.34,334119.179733
2026-09-01T18:45:00.000Z,500.345,501.37,500.2849,500.8851,409896.59551499994
2026-09-01T19:00:00.000Z,500.885,501.5,500.61,500.935,348419.056288
2026-09-01T19:15:00.000Z,500.95,501.16,500.6,500.87,306703.00628500007
2026-09-01T19:30:00.000Z,500.88,501.79,500.53,500.725,441452.44407699996
2026-09-01T19:45:00.000Z,500.72,501.27,500.02,501.15,1330907.7145190001
2026-09-02T13:30:00.000Z,499.85,500.27,495.3,496.5,1024085.2402450002
2026-09-02T13:45:00.000Z,496.5,499.413,496.17,498.535,668008.4604039999
2026-09-02T14:00:00.000Z,498.53,499.09,497.1,498.86,561032.951085
2026-09-02T14:15:00.000Z,498.82,498.97,497.5,497.73,380145.91235799994
2026-09-02T14:30:00.000Z,497.72,497.98,496.45,497.95,391919.4167359999
2026-09-02T14:45:00.000Z,497.955,498.8553,497.55,498.41,518808.17038
2026-09-02T15:00:00.000Z,498.41,498.74,496.28,497.0552,334402.16761400003
2026-09-02T15:15:00.000Z,497.025,498,496.5,497.05,305010.0292509999
2026-09-02T15:30:00.000Z,497.02,497.23,495.28,495.49,429922.513088
2026-09-02T15:45:00.000Z,495.495,495.55,493.9,494.775,485822.3033440001
2026-09-02T16:00:00.000Z,494.79,495.19,494.41,494.52,352833.958421
2026-09-02T16:15:00.000Z,494.5,494.63,493.81,494.18,385289.93816300004
2026-09-02T16:30:00.000Z,494.25,494.98,493.86,494.545,277485.44997200003
2026-09-02T16:45:00.000Z,494.555,496.25,494.555,495.8346,340796.92122899997
2026-09-02T17:00:00.000Z,495.79,496.9792,495.72,496.56,316615.1433640001
2026-09-02T17:15:00.000Z,496.605,496.66,495.6,496.46,275216.497563
2026-09-02T17:30:00.000Z,496.45,497.09,496.32,496.93,271095.375111
2026-09-02T17:45:00.000Z,496.93,497.85,496.325,497.645,338067.487686
2026-09-02T18:00:00.000Z,497.645,497.76,496.09,496.225,209787.769993
2026-09-02T18:15:00.000Z,496.23,497.09,495.915,496.105,232233.34617300003
2026-09-02T18:30:00.000Z,496.1109,496.5899,495.1,495.1837,207963.810867
2026-09-02T18:45:00.000Z,495.16,495.5431,494.85,495.28,230829.527701
2026-09-02T19:00:00.000Z,495.3,496.43,495.3,496.39,295662.53848299995
2026-09-02T19:15:00.000Z,496.429,497.44,496.2,497.155,423903.360164
2026-09-02T19:30:00.000Z,497.22,497.33,496.304,497.315,445293.933768
2026-09-02T19:45:00.000Z,497.325,497.5,496.38,496.81,913291.764756
2026-09-03T13:30:00.000Z,501.66,511.695,500.8,510.705,2053183.686207
2026-09-03T13:45:00.000Z,510.62,512.41,510.34,511.78,1157638.6469009998
2026-09-03T14:00:00.000Z,511.74,512.89,510.47,512.83,1066445.541303
2026-09-03T14:15:00.000Z,512.855,512.92,509.92,510.1698,712757.531112
2026-09-03T14:30:00.000Z,510.12,511.45,508.591,508.95,506467.118351
2026-09-03T14:45:00.000Z,508.9387,510,507.74,509.87,673035.308918
2026-09-03T15:00:00.000Z,509.885,512.27,509.6,512.21,801367.1530280001
2026-09-03T15:15:00.000Z,512.28,513.27,512,512.72,813720.7630500001
2026-09-03T15:30:00.000Z,512.72,513.34,512,512.6005,532037.405162
2026-09-03T15:45:00.000Z,512.65,514.88,512.63,514.73,821639.904058
2026-09-03T16:00:00.000Z,514.68,514.98,512.91,513.9,945023.948595
2026-09-03T16:15:00.000Z,513.8835,513.93,512.15,512.18,328847.1671740001
2026-09-03T16:30:00.000Z,512.15,512.5,511.92,512.04,293814.174778
2026-09-03T16:45:00.000Z,512.045,512.18,510.84,511.11,239927.12451300005
2026-09-03T17:00:00.000Z,511.07,511.16,510.317,511.1,246246.94098200003
2026-09-03T17:15:00.000Z,511.07,511.37,509.68,510.1,367193.38283300004
2026-09-03T17:30:00.000Z,510.0728,510.3,509.56,510.19,272580.6735
2026-09-03T17:45:00.000Z,510.23,511.635,510.14,510.995,317818.665646
2026-09-03T18:00:00.000Z,510.995,515.28,510.995,514.64,1111973.042907
2026-09-03T18:15:00.000Z,514.585,515.65,514.08,514.73,649299.069507
2026-09-03T18:30:00.000Z,514.74,514.74,512.995,513.3199,740702.9750040001
2026-09-03T18:45:00.000Z,513.27,513.59,512,512.355,737926.575638
2026-09-03T19:00:00.000Z,512.31,512.5712,511,511.32,688583.5818319999
2026-09-03T19:15:00.000Z,511.315,512.25,510.81,511.37,449825.078991
2026-09-03T19:30:00.000Z,511.33,511.36,510.34,510.345,577275.400803
2026-09-03T19:45:00.000Z,510.345,511.33,509.55,510.08,1401424.9430169999
2026-09-04T13:30:00.000Z,510,511,504,504.75,1233320.139743
2026-09-04T13:45:00.000Z,504.88,504.97,502.8,504.74,756503.430737
2026-09-04T14:00:00.000Z,504.615,504.79,502.71,503.1,738350.2645500001
2026-09-04T14:15:00.000Z,503.1,503.502,501.44,501.685,678996.3600030001
2026-09-04T14:30:00.000Z,501.735,502.795,501.44,501.8799,518729.06362499995
2026-09-04T14:45:00.000Z,501.84,502.61,501.36,501.757,389222.9582219999
2026-09-04T15:00:00.000Z,501.865,501.9,500.46,500.61,387021.98482199997
2026-09-04T15:15:00.000Z,500.59,501.15,500.1201,500.945,338908.376269
2026-09-04T15:30:00.000Z,500.99,500.99,499.65,500.77,536633.3930800001
2026-09-04T15:45:00.000Z,500.77,501.2,499.8901,501.01,282366.993566
2026-09-04T16:00:00.000Z,501.01,501.4,500.4685,501.2429,246631.89752600002
2026-09-04T16:15:00.000Z,501.26,501.49,500.5701,501.075,253448.14458400002
2026-09-04T16:30:00.000Z,501.084,501.73,500.91,501.2,319256.173986
2026-09-04T16:45:00.000Z,501.2699,501.27,500.3,500.35,278562.06764400005
2026-09-04T17:00:00.000Z,500.36,501,499.94,500.96,253837.939015
2026-09-04T17:15:00.000Z,500.96,501.16,500.5762,500.905,226457.95842500002
2026-09-04T17:30:00.000Z,500.905,500.91,500.08,500.22,212321.750864
2026-09-04T17:45:00.000Z,500.225,501.19,500.1501,500.64,213786.70169000002
2026-09-04T18:00:00.000Z,500.675,500.9,499.8,500.25,244015.597329
2026-09-04T18:15:00.000Z,500.29,500.4614,499.77,499.9,253245.409536
2026-09-04T18:30:00.000Z,499.94,500.59,499.7,500.4901,283277.860887
2026-09-04T18:45:00.000Z,500.58,500.87,500.26,500.72,258347.429616
2026-09-04T19:00:00.000Z,500.66,500.9099,499.88,500.425,276744.753062
2026-09-04T19:15:00.000Z,500.44,500.44,499.86,500.02,302770.25388499995
2026-09-04T19:30:00.000Z,500.025,500.06,499.42,499.83,429421.898929
2026-09-04T19:45:00.000Z,499.81,500.68,499.36,499.68,1745488.799479
2026-09-08T13:30:00.000Z,493.01,495.19,491.3,493,1445003.771108
2026-09-08T13:45:00.000Z,492.95,493.73,491.2,492.93,750752.3173010001
2026-09-08T14:00:00.000Z,492.971,493.07,491.18,491.51,518396.919921
2026-09-08T14:15:00.000Z,491.51,492.97,490.16,490.5159,758964.644553
2026-09-08T14:30:00.000Z,490.46,492.6,490.25,492.305,574315.541729
2026-09-08T14:45:00.000Z,492.35,492.68,491.52,492.04,401986.157312
2026-09-08T15:00:00.000Z,492.08,493.63,491.9901,493.37,360696.087256
2026-09-08T15:15:00.000Z,493.32,494.14,492.4,493.08,420189.0419639999
2026-09-08T15:30:00.000Z,493.11,493.34,492.53,492.98,292072.015489
2026-09-08T15:45:00.000Z,493.06,493.14,492.53,492.71,291668.04918800003
2026-09-08T16:00:00.000Z,492.71,493.1999,492.25,492.4449,278744.601617
2026-09-08T16:15:00.000Z,492.5,492.565,491.13,491.295,267431.14494200004
2026-09-08T16:30:00.000Z,491.29,491.97,491.2,491.8701,267337.01294300007
2026-09-08T16:45:00.000Z,491.91,492.1099,491.16,491.54,281196.184722
2026-09-08T17:00:00.000Z,491.575,492.925,491.5584,492.57,251213.703072
2026-09-08T17:15:00.000Z,492.5651,492.88,491.8,492.33,200311.196777
2026-09-08T17:30:00.000Z,492.3,492.6,492.13,492.26,216308.94579899998
2026-09-08T17:45:00.000Z,492.26,492.9,492.24,492.51,221070.78831700003
2026-09-08T18:00:00.000Z,492.55,492.724,492.21,492.34,191133.059511
2026-09-08T18:15:00.000Z,492.37,492.49,491.62,491.91,240371.293131
2026-09-08T18:30:00.000Z,491.95,492,491.31,491.8253,219490.93824000002
2026-09-08T18:45:00.000Z,491.85,491.95,490.15,491.2421,389477.576474
2026-09-08T19:00:00.000Z,491.21,492.33,491.18,492.21,278417.60688800004
2026-09-08T19:15:00.000Z,492.22,493.08,492,493.08,327364.83257999993
2026-09-08T19:30:00.000Z,493.055,493.9,492.84,493.66,550542.1503089999
2026-09-08T19:45:00.000Z,493.65,494.18,492.98,494.02,1551353.7031799997
2026-09-09T13:30:00.000Z,493.07,494.3,491.14,492.68,908129.4448690001
2026-09-09T13:45:00.000Z,492.59,494.39,491.5,491.655,471812.815308
2026-09-09T14:00:00.000Z,491.6575,492.4,490.52,490.8892,469790.2168499999
2026-09-09T14:15:00.000Z,490.85,492.26,489.8,492.1308,556302.7936809999
2026-09-09T14:30:00.000Z,492.16,493.69,491.45,493.1094,471217.072731
2026-09-09T14:45:00.000Z,493.08,493.71,492.89,493.4323,346692.297766
2026-09-09T15:00:00.000Z,493.5,493.8,491.59,491.7501,321902.002835
2026-09-09T15:15:00.000Z,491.795,492.39,491.54,492.14,262462.147205
2026-09-09T15:30:00.000Z,492.14,493.14,491.45,491.7989,324097.771449
2026-09-09T15:45:00.000Z,491.805,492.27,491.226,492.09,234711.00275400004
2026-09-09T16:00:00.000Z,492.085,492.37,491.42,491.545,183326.94911000005
2026-09-09T16:15:00.000Z,491.536,491.66,491.1,491.52,214575.98132999998
2026-09-09T16:30:00.000Z,491.5,492.13,491.38,492.105,151967.7551
2026-09-09T16:45:00.000Z,492.11,493.415,492.07,493.216,190045.04928
2026-09-09T17:00:00.000Z,493.2514,493.57,492.465,492.81,221197.64648899998
2026-09-09T17:15:00.000Z,492.77,493.165,492.7,493.105,194790.856609
2026-09-09T17:30:00.000Z,493.11,493.3817,492.5,493.04,241621.28063899998
2026-09-09T17:45:00.000Z,493.07,493.34,492.65,493.07,223024.38694300002
2026-09-09T18:00:00.000Z,493.07,493.27,492.09,492.12,225669.15424300003
2026-09-09T18:15:00.000Z,492.12,492.59,491.9,492.46,220159.75910199998
2026-09-09T18:30:00.000Z,492.46,492.61,491.78,492.2454,176040.94748899998
2026-09-09T18:45:00.000Z,492.25,492.42,491.73,491.96,172564.493456
2026-09-09T19:00:00.000Z,491.97,492.07,491.355,491.39,235772.979943
2026-09-09T19:15:00.000Z,491.42,491.9906,491.11,491.715,418365.15960599994
2026-09-09T19:30:00.000Z,491.75,491.8699,491.17,491.39,452677.2224210001
2026-09-09T19:45:00.000Z,491.37,493.02,490.89,491.77,1309142.7522500001
2026-09-10T13:30:00.000Z,488.32,489.7,486,488.665,1147620.1875640003
2026-09-10T13:45:00.000Z,488.75,491.67,488.5,489.366,621537.138021
2026-09-10T14:00:00.000Z,489.5,490.88,488.44,490.175,428892.71993300004
2026-09-10T14:15:00.000Z,490.15,491.19,488.965,490.88,384490.0101519999
2026-09-10T14:30:00.000Z,490.88,493.4018,490.88,492.17,617042.5200109999
2026-09-10T14:45:00.000Z,492.06,492.925,491.44,492.71,391549.173792
2026-09-10T15:00:00.000Z,492.75,492.82,491.22,491.545,350033.96189400007
2026-09-10T15:15:00.000Z,491.49,492.5,491.3113,492.33,230509.532468
2026-09-10T15:30:00.000Z,492.39,493.03,491.55,492.17,262020.273867
2026-09-10T15:45:00.000Z,492.18,492.69,491.28,491.39,241846.903146
2026-09-10T16:00:00.000Z,491.35,492.54,491.1117,491.8,397358.921351
2026-09-10T16:15:00.000Z,491.8,493.1768,491.74,493.0185,262126.10080000004
2026-09-10T16:30:00.000Z,493,493.46,492.34,492.955,282015.986565
2026-09-10T16:45:00.000Z,492.9205,494.02,492.91,493.69,762368.607986
2026-09-10T17:00:00.000Z,493.71,494.5,493.57,494.18,339660.78986200003
2026-09-10T17:15:00.000Z,494.18,494.52,492.62,492.63,241825.10925
2026-09-10T17:30:00.000Z,492.615,492.7794,491.74,492.48,253133.35692999998
2026-09-10T17:45:00.000Z,492.48,492.85,492.07,492.14,184545.21164300002
2026-09-10T18:00:00.000Z,492.11,492.31,491.03,491.088,242970.78519
2026-09-10T18:15:00.000Z,491.03,491.49,490.33,490.865,217264.59539399997
2026-09-10T18:30:00.000Z,490.865,491.49,490.69,491.38,262004.870879
2026-09-10T18:45:00.000Z,491.355,491.68,490.7897,490.82,222045.38018099996
2026-09-10T19:00:00.000Z,490.81,491.28,490.4,491.075,243404.764823
2026-09-10T19:15:00.000Z,491.08,491.18,490.12,490.27,249596.899411
2026-09-10T19:30:00.000Z,490.27,491.63,490.14,491.595,316759.499697
2026-09-10T19:45:00.000Z,491.57,492.88,491.248,492.49,961344.012253
2026-09-11T13:30:00.000Z,495.65,498.97,493.316,495.615,1771718.433323
2026-09-11T13:45:00.000Z,495.615,498.6,494.88,498.48,534157.775777
2026-09-11T14:00:00.000Z,498.525,498.53,495.59,495.655,436599.875313
2026-09-11T14:15:00.000Z,495.7199,496,494.62,495.09,338132.20249299996
2026-09-11T14:30:00.000Z,495.09,495.73,493.79,494.18,449854.567601
2026-09-11T14:45:00.000Z,494.23,494.3751,492.58,493.1,303938.88279999996
2026-09-11T15:00:00.000Z,493.03,494.54,492.66,494.44,301074.093527
2026-09-11T15:15:00.000Z,494.5,496.87,494.3301,496.66,571171.477018
2026-09-11T15:30:00.000Z,496.66,497.23,495.9616,496.72,362085.111089
2026-09-11T15:45:00.000Z,496.6,496.79,494.27,494.565,279632.998497
2026-09-11T16:00:00.000Z,494.565,496.56,494.545,495.72,246730.21249200005
2026-09-11T16:15:00.000Z,495.765,496,495,495.275,226559.89148400002
2026-09-11T16:30:00.000Z,495.34,495.8599,495.01,495.59,187042.80144699998
2026-09-11T16:45:00.000Z,495.5901,495.7603,494.15,494.19,162229.00946099998
2026-09-11T17:00:00.000Z,494.23,495.1,494.2101,494.55,202728.551399
2026-09-11T17:15:00.000Z,494.54,495.71,494.53,495.28,141335.50492799998
2026-09-11T17:30:00.000Z,495.3,495.55,494.795,494.88,174519.66358999998
2026-09-11T17:45:00.000Z,494.9,495.4,494.65,495.2437,134238.34697100002
2026-09-11T18:00:00.000Z,495.2475,495.7299,495.2475,495.7299,164459.232944
2026-09-11T18:15:00.000Z,495.73,495.9999,495.15,495.915,199397.436363
2026-09-11T18:30:00.000Z,495.97,496.26,495.6,496.095,179581.75572699998
2026-09-11T18:45:00.000Z,496.11,496.73,495.825,496.62,199544.45702499998
2026-09-11T19:00:00.000Z,496.67,497.25,496.62,497.17,208449.54602699997
2026-09-11T19:15:00.000Z,497.16,497.38,496.645,497.14,300948.86744899995
2026-09-11T19:30:00.000Z,497.07,497.18,496.82,496.84,251814.288645
2026-09-11T19:45:00.000Z,496.82,497.5,495.54,495.58,1028607.7083140002
2026-09-14T13:30:00.000Z,497.06,499.8,495.3416,496.465,1479844.9746629999
2026-09-14T13:45:00.000Z,496.465,501.67,496,501.32,1357778.264987
2026-09-14T14:00:00.000Z,501.32,502.4175,499.8,500.774,738254.9382939999
2026-09-14T14:15:00.000Z,500.7215,500.9,498.6501,499.555,681992.580647
2026-09-14T14:30:00.000Z,499.55,500.53,498.39,499.35,652082.821371
2026-09-14T14:45:00.000Z,499.355,501.8,499.26,501.72,579781.6319259999
2026-09-14T15:00:00.000Z,501.78,504.085,501.1,503.26,841050.5486239999
2026-09-14T15:15:00.000Z,503.26,504.47,502.74,503.715,745325.7657760001
2026-09-14T15:30:00.000Z,503.7,505.88,502.4301,505.4561,865714.5770210001
2026-09-14T15:45:00.000Z,505.51,505.5428,503.89,504.055,476720.1467359999
2026-09-14T16:00:00.000Z,504.08,505.3895,503.93,505.04,532159.155909
2026-09-14T16:15:00.000Z,505.05,505.84,504.91,505.295,532453.5574469999
2026-09-14T16:30:00.000Z,505.295,507.18,505.1,507.15,630417.7106740002
2026-09-14T16:45:00.000Z,507.17,508.8,506.6701,508.24,826975.5174019999
2026-09-14T17:00:00.000Z,508.185,508.39,507.5,508.09,395819.2246189999
2026-09-14T17:15:00.000Z,508.025,509.1,507.9301,508.98,362453.47352299996
2026-09-14T17:30:00.000Z,508.96,509.74,508.3,509.34,435453.95573600003
2026-09-14T17:45:00.000Z,509.38,509.95,508.83,509.14,404916.635684
2026-09-14T18:00:00.000Z,509.14,509.7,508.3,508.46,399032.23587599996
2026-09-14T18:15:00.000Z,508.41,508.5199,507.45,507.4507,425291.611724
2026-09-14T18:30:00.000Z,507.52,507.855,506.95,507.135,352419.10463499994
2026-09-14T18:45:00.000Z,507.125,507.35,505.8,505.8,400147.5048
2026-09-14T19:00:00.000Z,505.8,506.81,505.61,506.445,425999.295787
2026-09-14T19:15:00.000Z,506.445,507.355,506.1705,507.295,365625.7383770001
2026-09-14T19:30:00.000Z,507.3157,507.68,506.855,506.87,549903.710002
2026-09-14T19:45:00.000Z,506.87,507.47,504.7,505.31,2201165.193263
2026-09-15T13:30:00.000Z,500.06,505.9,499.1,504.395,1262039.2869540001
2026-09-15T13:45:00.000Z,504.395,504.58,500.73,501.25,713077.5311120001
2026-09-15T14:00:00.000Z,501.17,501.2,498.61,499.605,712091.822673
2026-09-15T14:15:00.000Z,499.627,499.69,498.2,499.125,512700.988874
2026-09-15T14:30:00.000Z,499.041,499.58,498.53,499.05,392559.73076000006
2026-09-15T14:45:00.000Z,499.05,500.2,499,499.865,368902.374816
2026-09-15T15:00:00.000Z,499.89,502.13,499.45,501.21,488426.8262529999
2026-09-15T15:15:00.000Z,501.17,501.26,499.77,499.985,338412.73744800006
2026-09-15T15:30:00.000Z,500.01,500.08,499.05,499.71,542928.353319
2026-09-15T15:45:00.000Z,499.68,501.68,499.2025,501.0307,452092.4465650001
2026-09-15T16:00:00.000Z,501.045,501.47,499.605,499.94,251572.049631
2026-09-15T16:15:00.000Z,499.97,501.235,499.88,500.215,380243.361253
2026-09-15T16:30:00.000Z,500.215,501.42,500.095,500.4675,280956.294183
2026-09-15T16:45:00.000Z,500.46,501.4,500.35,500.8,249179.11218199998
2026-09-15T17:00:00.000Z,500.85,501.24,499.8001,499.94,212562.229378
2026-09-15T17:15:00.000Z,499.8834,499.93,499.09,499.16,199714.53095
2026-09-15T17:30:00.000Z,499.17,499.7,499,499.42,247150.18015900004
2026-09-15T17:45:00.000Z,499.47,499.57,498.4522,498.63,216047.32110200002
2026-09-15T18:00:00.000Z,498.615,498.8,497.58,498.52,335304.09612999996
2026-09-15T18:15:00.000Z,498.525,498.74,497.93,498.7123,282564.196434
2026-09-15T18:30:00.000Z,498.63,499,498.29,498.53,237245.196974
2026-09-15T18:45:00.000Z,498.53,498.565,497.53,498.1,263675.195936
2026-09-15T19:00:00.000Z,498.055,498.206,497.11,497.325,300385.474535
2026-09-15T19:15:00.000Z,497.28,497.28,496.39,496.46,321307.697864
2026-09-15T19:30:00.000Z,496.475,497.07,495.59,496.2,578965.229003
2026-09-15T19:45:00.000Z,496.17,497.63,495.54,497.105,1607066.529867
2026-09-16T13:30:00.000Z,493.03,495.97,491.13,493.85,1134522.5491509999
2026-09-16T13:45:00.000Z,493.8,495.8599,493.14,495.61,1052367.689827
2026-09-16T14:00:00.000Z,495.67,495.86,492.0301,492.55,449819.353521
2026-09-16T14:15:00.000Z,492.585,493.56,492.43,492.565,382518.787143
2026-09-16T14:30:00.000Z,492.62,493.7291,492.01,493.4,400651.3744520001
2026-09-16T14:45:00.000Z,493.425,493.53,492.09,493.17,292948.237821
2026-09-16T15:00:00.000Z,493.17,494.88,492.72,494.276,549489.081976
2026-09-16T15:15:00.000Z,494.47,494.8,493.48,494.29,341085.25555700005
2026-09-16T15:30:00.000Z,494.25,494.41,493.58,493.72,287220.877045
2026-09-16T15:45:00.000Z,493.72,494.75,493.58,494.04,261884.253019
2026-09-16T16:00:00.000Z,494.065,494.37,493.52,493.85,245543.30781999996
2026-09-16T16:15:00.000Z,493.86,494.21,493.11,493.585,197389.019796
2026-09-16T16:30:00.000Z,493.585,493.9578,493.15,493.72,198305.027173
2026-09-16T16:45:00.000Z,493.75,494,493.27,493.505,198339.498046
2026-09-16T17:00:00.000Z,493.48,493.7,493.2101,493.625,166306.962755
2026-09-16T17:15:00.000Z,493.59,494.3,493.33,493.76,240615.89795300004
2026-09-16T17:30:00.000Z,493.825,493.93,493.31,493.445,137726.828279
2026-09-16T17:45:00.000Z,493.445,493.76,492.78,493.66,230670.29464699997
2026-09-16T18:00:00.000Z,493.61,494.46,492.84,493.365,285594.657087
2026-09-16T18:15:00.000Z,493.42,494,493.1,493.65,199347.792817
2026-09-16T18:30:00.000Z,493.67,494.47,490.89,493.84,483211.253611
2026-09-16T18:45:00.000Z,493.8121,494.14,490.61,490.61,357436.853891
2026-09-16T19:00:00.000Z,490.665,492.25,489.36,489.505,544264.3296780001
2026-09-16T19:15:00.000Z,489.505,489.87,487.23,488.64,749326.3683449998
2026-09-16T19:30:00.000Z,488.64,489.55,488.28,488.945,697840.8007609999
2026-09-16T19:45:00.000Z,488.95,490.79,488.75,490.36,1663141.4604540002
2026-09-17T13:30:00.000Z,497.795,501.47,493.17,496.72,1954105.7390300003
2026-09-17T13:45:00.000Z,496.635,498.5,495.15,496.325,743145.580052
2026-09-17T14:00:00.000Z,496.325,497.59,494.88,496.09,490578.723294
2026-09-17T14:15:00.000Z,496.035,498.7,495.5601,498.215,472210.075117
2026-09-17T14:30:00.000Z,498.29,499.36,497.18,497.3801,445859.560668
2026-09-17T14:45:00.000Z,497.38,497.67,495.98,496.19,235994.34416900005
2026-09-17T15:00:00.000Z,496.19,496.4799,494.6,496.0101,350425.370972
2026-09-17T15:15:00.000Z,496.12,496.8,495.58,495.81,428700.345306
2026-09-17T15:30:00.000Z,495.795,497.49,495.63,497.385,617578.4601220001
2026-09-17T15:45:00.000Z,497.385,497.6464,496.5,497.1,193788.277085
2026-09-17T16:00:00.000Z,496.96,497.065,495.38,496.04,254895.635293
2026-09-17T16:15:00.000Z,495.969,496.09,495.3701,495.73,160497.317861
2026-09-17T16:30:00.000Z,495.725,496.1,495.06,495.845,160780.077212
2026-09-17T16:45:00.000Z,495.845,496.24,495.43,495.92,153803.67142499998
2026-09-17T17:00:00.000Z,495.955,496.13,495.4,495.62,161981.502129
2026-09-17T17:15:00.000Z,495.55,495.59,494.53,495.025,190057.66005199996
2026-09-17T17:30:00.000Z,495.04,495.57,494.88,495.4,155247.85628300003
2026-09-17T17:45:00.000Z,495.39,496.18,495.19,495.98,199638.58803400001
2026-09-17T18:00:00.000Z,495.985,495.985,494.9,495.345,320524.578971
2026-09-17T18:15:00.000Z,495.3,495.67,495.061,495.24,124899.77062800003
2026-09-17T18:30:00.000Z,495.28,495.395,494.6,494.9,175417.90547599999
2026-09-17T18:45:00.000Z,494.87,495.2799,494.79,495.07,168299.33126299997
2026-09-17T19:00:00.000Z,495.05,496.39,494.9801,496.215,351682.291621
2026-09-17T19:15:00.000Z,496.215,496.67,495.05,496.04,361702.747387
2026-09-17T19:30:00.000Z,495.99,497.17,495.75,497.085,351071.98663600005
2026-09-17T19:45:00.000Z,497.06,499.45,496.82,498.48,1588704.127643
2026-09-18T13:30:00.000Z,497.965,498.65,492.86,493.625,4836350.205817
2026-09-18T13:45:00.000Z,493.68,494.98,493.29,493.71,588463.0851420001
2026-09-18T14:00:00.000Z,493.71,494.16,492.25,492.305,794652.4638850001
2026-09-18T14:15:00.000Z,492.26,492.88,491.7518,492.415,461474.584741
2026-09-18T14:30:00.000Z,492.35,492.68,491.1,491.8,470000.548382
2026-09-18T14:45:00.000Z,491.7616,493.64,491.31,493.31,852276.272999
2026-09-18T15:00:00.000Z,493.325,494.3599,493.1101,493.3,350917.98793999996
2026-09-18T15:15:00.000Z,493.305,494.26,493.06,493.98,426073.452666
2026-09-18T15:30:00.000Z,493.96,494.26,493.4392,494.2,287486.23343
2026-09-18T15:45:00.000Z,494.2,494.27,493.57,493.575,290484.580825
2026-09-18T16:00:00.000Z,493.62,494.31,493.42,493.76,186967.61487299995
2026-09-18T16:15:00.000Z,493.76,493.94,493,493.5,946455.4295590001
2026-09-18T16:30:00.000Z,493.51,493.7199,492.83,493.49,187656.37636700002
2026-09-18T16:45:00.000Z,493.53,493.7,493.12,493.25,171579.468973
2026-09-18T17:00:00.000Z,493.25,494.39,493.17,494.35,166985.295795
2026-09-18T17:15:00.000Z,494.34,494.59,493.91,494.24,144737.846733
2026-09-18T17:30:00.000Z,494.2161,495.19,493.817,495.18,218264.29495799998
2026-09-18T17:45:00.000Z,495.165,495.4499,494.57,494.665,276191.338632
2026-09-18T18:00:00.000Z,494.62,495.05,494.43,494.535,211879.68318900003
2026-09-18T18:15:00.000Z,494.535,495.6,494.5,495.27,286772.00389000005
2026-09-18T18:30:00.000Z,495.235,495.48,494.89,495.405,428175.40983499994
2026-09-18T18:45:00.000Z,495.405,496.9,495.39,496.0505,426364.833457
2026-09-18T19:00:00.000Z,496.13,496.62,495.78,496.055,360765.8101339999
2026-09-18T19:15:00.000Z,496.07,496.08,495.07,495.15,314044.81002299994
2026-09-18T19:30:00.000Z,495.14,495.23,494.24,495.16,387607.164119
2026-09-18T19:45:00.000Z,495.155,495.75,492.02,493.11,2047027.5849410002
