Date,Open,High,Low,Close,Volume
2025-12-07T23:00:00.000Z,25738.75,25754.5,25723.5,25746.25,1722
2025-12-07T23:30:00.000Z,25746,25756.5,25740,25746.5,1172
2025-12-08T00:00:00.000Z,25746.25,25747,25700.25,25732.25,2920
2025-12-08T00:30:00.000Z,25731.5,25750.25,25725.5,25747.25,1543
2025-12-08T01:00:00.000Z,25746.25,25765,25743,25749.25,2450
2025-12-08T01:30:00.000Z,25751.5,25772,25750.75,25768.25,1447
2025-12-08T02:00:00.000Z,25768,25782.25,25761.5,25777,1665
2025-12-08T02:30:00.000Z,25777,25783.25,25769.5,25782.5,1687
2025-12-08T03:00:00.000Z,25783,25791,25777,25783.75,1306
2025-12-08T03:30:00.000Z,25783.75,25794.25,25780.5,25789.5,1233
2025-12-08T04:00:00.000Z,25789.75,25799.25,25787,25796,847
2025-12-08T04:30:00.000Z,25796.75,25803.25,25793.75,25800.25,745
2025-12-08T05:00:00.000Z,25798.25,25804,25791,25801,897
2025-12-08T05:30:00.000Z,25800.5,25804.25,25791,25794.25,818
2025-12-08T06:00:00.000Z,25794.75,25810.5,25785.5,25807.25,1598
2025-12-08T06:30:00.000Z,25807,25811.5,25789,25790.5,1077
2025-12-08T07:00:00.000Z,25789.5,25815.75,25775.25,25811.75,2559
2025-12-08T07:30:00.000Z,25811.25,25821.25,25799,25805.25,1669
2025-12-08T08:00:00.000Z,25805.5,25806.25,25781.25,25785,2603
2025-12-08T08:30:00.000Z,25784.75,25793,25768.25,25774.75,2044
2025-12-08T09:00:00.000Z,25774.75,25796.5,25771.75,25794.5,1938
2025-12-08T09:30:00.000Z,25793.75,25798,25768.5,25774.5,2034
2025-12-08T10:00:00.000Z,25774,25790,25762.5,25789.75,2145
2025-12-08T10:30:00.000Z,25789,25799,25784.5,25793,1537
2025-12-08T11:00:00.000Z,25793.5,25797.75,25771.25,25773.5,1671
2025-12-08T11:30:00.000Z,25774.25,25785,25771,25773.5,1670
2025-12-08T12:00:00.000Z,25775,25791,25764.75,25785.75,1955
2025-12-08T12:30:00.000Z,25785.25,25811.25,25783.75,25803.5,2112
2025-12-08T13:00:00.000Z,25803.25,25833,25798.75,25808.25,5410
2025-12-08T13:30:00.000Z,25808.75,25814.5,25784.5,25810.5,5466
2025-12-08T14:00:00.000Z,25810.25,25824,25782,25791.75,8441
2025-12-08T14:30:00.000Z,25791,25860.75,25721.5,25744.5,61165
2025-12-08T15:00:00.000Z,25744.75,25778,25657,25700.5,41273
2025-12-08T15:30:00.000Z,25700.25,25723.75,25649.75,25663,28395
2025-12-08T16:00:00.000Z,25662.75,25671.5,25626.25,25662,35375
2025-12-08T16:30:00.000Z,25661.75,25670.25,25631,25639.5,20523
2025-12-08T17:00:00.000Z,25640.25,25647,25593.75,25617,25719
2025-12-08T17:30:00.000Z,25617.5,25690,25612,25680.5,28646
2025-12-08T18:00:00.000Z,25680.25,25696.25,25628.25,25629.75,26570
2025-12-08T18:30:00.000Z,25629.25,25641.75,25564.75,25592.5,26845
2025-12-08T19:00:00.000Z,25592.75,25610,25568,25598.25,19184
2025-12-08T19:30:00.000Z,25598,25622.25,25585.75,25591.75,17621
2025-12-08T20:00:00.000Z,25591.75,25617.25,25582.5,25615.5,13803
2025-12-08T20:30:00.000Z,25615.5,25671.75,25590,25669,32791
2025-12-08T21:00:00.000Z,25669,25685.25,25656.25,25682.5,13616
2025-12-08T21:30:00.000Z,25682.25,25707.5,25675.25,25706.75,9535
2025-12-08T23:00:00.000Z,25713,25724.75,25695,25698.25,2266
2025-12-08T23:30:00.000Z,25698.5,25728.5,25692,25726.25,2302
2025-12-09T00:00:00.000Z,25727.25,25727.25,25713.25,25716.5,1386
2025-12-09T00:30:00.000Z,25717.5,25725.75,25711.5,25719.75,1321
2025-12-09T01:00:00.000Z,25719.25,25729.5,25703,25705,2972
2025-12-09T01:30:00.000Z,25706,25714,25684,25693.5,2486
2025-12-09T02:00:00.000Z,25693.25,25708.5,25675.25,25697.25,2087
2025-12-09T02:30:00.000Z,25698,25699,25684.5,25692.75,1013
2025-12-09T03:00:00.000Z,25692.25,25699.5,25685.25,25692.25,873
2025-12-09T03:30:00.000Z,25692,25702.25,25685.5,25698,1637
2025-12-09T04:00:00.000Z,25698.75,25699.75,25689,25693,831
2025-12-09T04:30:00.000Z,25692.25,25694.5,25682.75,25687,837
2025-12-09T05:00:00.000Z,25676,25679,25665.75,25668,1540
2025-12-09T05:30:00.000Z,25667,25679.25,25662,25663.5,1052
2025-12-09T06:00:00.000Z,25664,25664,25646.75,25656,1383
2025-12-09T06:30:00.000Z,25656.25,25688.25,25654,25683.25,1616
2025-12-09T07:00:00.000Z,25683,25695,25680.25,25687.25,1065
2025-12-09T07:30:00.000Z,25687.25,25697,25676.25,25691.25,895
2025-12-09T08:00:00.000Z,25690.5,25712.5,25686.75,25694.25,2233
2025-12-09T08:30:00.000Z,25693.5,25705.5,25682.25,25695.75,1553
2025-12-09T09:00:00.000Z,25695.5,25696,25660,25666.75,2075
2025-12-09T09:30:00.000Z,25666.25,25675.5,25650,25656.25,1523
2025-12-09T10:00:00.000Z,25655.5,25692.5,25654.75,25688.25,1856
2025-12-09T10:30:00.000Z,25689,25692,25601,25668.75,7421
2025-12-09T11:00:00.000Z,25668.5,25671,25630.75,25667.25,3860
2025-12-09T11:30:00.000Z,25668,25681.75,25658.5,25672.5,1670
2025-12-09T12:00:00.000Z,25672.75,25676.25,25658,25663.25,1703
2025-12-09T12:30:00.000Z,25663.25,25672.5,25645.5,25663.75,2286
2025-12-09T13:00:00.000Z,25663.5,25666,25637.5,25650,3011
2025-12-09T13:30:00.000Z,25649,25651.5,25607,25617,6094
2025-12-09T14:00:00.000Z,25616.5,25625.5,25588.5,25618,8616
2025-12-09T14:30:00.000Z,25618.5,25653.5,25560,25629.5,55778
2025-12-09T15:00:00.000Z,25630.5,25670,25605.5,25656.75,36076
2025-12-09T15:30:00.000Z,25656.75,25685.25,25635.5,25684.5,31614
2025-12-09T16:00:00.000Z,25683.75,25709.75,25678.25,25690,22589
2025-12-09T16:30:00.000Z,25690.25,25716,25668.25,25709,29320
2025-12-09T17:00:00.000Z,25709,25733,25689.75,25707.25,20001
2025-12-09T17:30:00.000Z,25707.75,25718.75,25689.25,25717.75,18617
2025-12-09T18:00:00.000Z,25716.75,25732.25,25703.75,25725.75,16776
2025-12-09T18:30:00.000Z,25726.25,25735.75,25690.75,25721.75,22200
2025-12-09T19:00:00.000Z,25721.75,25724.25,25697.5,25711,16814
2025-12-09T19:30:00.000Z,25711,25717,25683,25702.5,13563
2025-12-09T20:00:00.000Z,25701.75,25713.25,25693.75,25697,11466
2025-12-09T20:30:00.000Z,25696.75,25722,25683.75,25703.25,26415
2025-12-09T21:00:00.000Z,25703,25703.75,25675,25680.75,8340
2025-12-09T21:30:00.000Z,25680.25,25685.75,25674.75,25676.25,2024
2025-12-09T23:00:00.000Z,25680,25691.5,25670.75,25677.75,1352
2025-12-09T23:30:00.000Z,25676,25681.5,25669.5,25671.5,956
2025-12-10T00:00:00.000Z,25671.75,25693.75,25661.25,25672,2440
2025-12-10T00:30:00.000Z,25672,25677.25,25650.5,25651.25,1428
2025-12-10T01:00:00.000Z,25650.5,25664.5,25639.25,25654.5,2266
2025-12-10T01:30:00.000Z,25653.25,25660,25645,25656.25,1556
2025-12-10T02:00:00.000Z,25656,25673.25,25655,25668.25,1460
2025-12-10T02:30:00.000Z,25669.25,25679,25667.5,25674.25,905
2025-12-10T03:00:00.000Z,25673.5,25686.5,25665.5,25667.75,1229
2025-12-10T03:30:00.000Z,25667.5,25675,25662.75,25673.75,781
2025-12-10T04:00:00.000Z,25674,25685.5,25674,25683.75,899
2025-12-10T04:30:00.000Z,25683.5,25710,25683.25,25692.5,1538
2025-12-10T05:00:00.000Z,25677,25682,25668.25,25678,1456
2025-12-10T05:30:00.000Z,25678.75,25686.75,25675,25681.5,892
2025-12-10T06:00:00.000Z,25682.25,25707.75,25681,25703.25,1307
2025-12-10T06:30:00.000Z,25702.5,25713.25,25698.25,25703.75,985
2025-12-10T07:00:00.000Z,25703.25,25718,25698.25,25714.25,1062
2025-12-10T07:30:00.000Z,25714.75,25730.5,25711,25728.25,1527
2025-12-10T08:00:00.000Z,25728.75,25745.75,25722,25731.25,2523
2025-12-10T08:30:00.000Z,25729.75,25739.25,25705.25,25720.5,2079
2025-12-10T09:00:00.000Z,25721,25732.25,25703.75,25714.75,1954
2025-12-10T09:30:00.000Z,25714.5,25718.75,25705.5,25709.25,815
2025-12-10T10:00:00.000Z,25709,25734,25631.75,25633.25,5247
2025-12-10T10:30:00.000Z,25632.25,25671.25,25616,25650.25,4239
2025-12-10T11:00:00.000Z,25650.75,25694.75,25638.5,25666,4496
2025-12-10T11:30:00.000Z,25665.5,25673.5,25655.5,25665.5,1573
2025-12-10T12:00:00.000Z,25666.25,25668.75,25632,25647.25,2748
2025-12-10T12:30:00.000Z,25646.25,25653,25627.25,25648.25,1928
2025-12-10T13:00:00.000Z,25649,25715.5,25645,25708.75,5142
2025-12-10T13:30:00.000Z,25709,25720,25668.75,25672.5,4510
2025-12-10T14:00:00.000Z,25673,25682.75,25639.5,25647,9972
2025-12-10T14:30:00.000Z,25647.25,25672.25,25567,25631.25,63966
2025-12-10T15:00:00.000Z,25630.5,25656.5,25603.75,25635.75,31121
2025-12-10T15:30:00.000Z,25635.5,25642.5,25550.25,25566.75,42452
2025-12-10T16:00:00.000Z,25567,25651.25,25528.75,25647.25,34546
2025-12-10T16:30:00.000Z,25647.75,25658.25,25610,25650.5,21396
2025-12-10T17:00:00.000Z,25650.5,25656,25615.75,25623.75,15436
2025-12-10T17:30:00.000Z,25623,25682.25,25617.5,25665.25,17951
2025-12-10T18:00:00.000Z,25664.75,25667.75,25596,25607,15533
2025-12-10T18:30:00.000Z,25606.75,25632.25,25595,25616.75,15159
2025-12-10T19:00:00.000Z,25614.5,25741,25602.5,25667.25,52840
2025-12-10T19:30:00.000Z,25668,25834.75,25611,25824.75,75426
2025-12-10T20:00:00.000Z,25824,25870.75,25788,25836.75,39006
2025-12-10T20:30:00.000Z,25836.5,25863.5,25791,25800,34741
2025-12-10T21:00:00.000Z,25799.25,25808.25,25758.75,25796.5,13903
2025-12-10T21:30:00.000Z,25796.75,25811.25,25786.25,25800.5,3239
2025-12-10T23:00:00.000Z,25769.5,25796,25715.75,25729,3252
2025-12-10T23:30:00.000Z,25729,25739,25726.5,25730.5,1107
2025-12-11T00:00:00.000Z,25730.25,25734,25710,25729,2134
2025-12-11T00:30:00.000Z,25726.25,25727.5,25671,25684,3236
2025-12-11T01:00:00.000Z,25683.25,25683.75,25658.25,25670.75,2519
2025-12-11T01:30:00.000Z,25671.75,25682,25650.5,25660.75,2434
2025-12-11T02:00:00.000Z,25659.25,25661.25,25603,25607.25,3865
2025-12-11T02:30:00.000Z,25608.75,25610.25,25523.75,25549.25,7112
2025-12-11T03:00:00.000Z,25550,25550.25,25383,25471.5,13892
2025-12-11T03:30:00.000Z,25472.5,25497.75,25434.5,25486.5,5020
2025-12-11T04:00:00.000Z,25486.5,25534,25476,25508.5,4626
2025-12-11T04:30:00.000Z,25507.5,25525.75,25494.25,25509.5,2278
2025-12-11T05:00:00.000Z,25497.5,25508.25,25486.25,25489.25,2066
2025-12-11T05:30:00.000Z,25489,25521.5,25483.5,25514,1794
2025-12-11T06:00:00.000Z,25514.5,25523.5,25470.75,25472.5,2018
2025-12-11T06:30:00.000Z,25473,25514.75,25472,25510,2008
2025-12-11T07:00:00.000Z,25510.25,25522.75,25475,25520.75,2429
2025-12-11T07:30:00.000Z,25521.75,25542.25,25517,25539.75,2451
2025-12-11T08:00:00.000Z,25539,25543,25477.25,25487.25,4510
2025-12-11T08:30:00.000Z,25485.75,25544.25,25474.25,25536.5,3979
2025-12-11T09:00:00.000Z,25536.25,25593.75,25529.25,25584,5095
2025-12-11T09:30:00.000Z,25583.75,25623.75,25577.5,25603.5,3635
2025-12-11T10:00:00.000Z,25604,25616.5,25580,25604.5,3117
2025-12-11T10:30:00.000Z,25605.75,25607.75,25588.75,25598,1757
2025-12-11T11:00:00.000Z,25598,25613,25591.25,25606.5,1693
2025-12-11T11:30:00.000Z,25607.5,25630,25595,25623.5,2579
2025-12-11T12:00:00.000Z,25622.75,25680,25617,25677,5331
2025-12-11T12:30:00.000Z,25678,25701,25671.25,25692.5,6025
2025-12-11T13:00:00.000Z,25692.5,25699.5,25664.75,25672.75,4034
2025-12-11T13:30:00.000Z,25673.5,25687,25632,25643.5,7863
2025-12-11T14:00:00.000Z,25643.75,25681,25639,25642.75,9013
2025-12-11T14:30:00.000Z,25643.5,25650.25,25400.5,25414.5,104177
2025-12-11T15:00:00.000Z,25414.75,25629.25,25390.25,25599,67576
2025-12-11T15:30:00.000Z,25599.5,25610.5,25455.5,25531,53246
2025-12-11T16:00:00.000Z,25531.25,25562.25,25456.25,25467,38403
2025-12-11T16:30:00.000Z,25467,25589.25,25464,25501.25,37822
2025-12-11T17:00:00.000Z,25501.25,25637,25494.75,25604,31417
2025-12-11T17:30:00.000Z,25604.25,25647.5,25579,25592.5,23809
2025-12-11T18:00:00.000Z,25592,25644.5,25582,25623,21987
2025-12-11T18:30:00.000Z,25623,25687,25612,25637.5,24959
2025-12-11T19:00:00.000Z,25636.75,25702.25,25635.25,25698.25,17011
2025-12-11T19:30:00.000Z,25698,25722.75,25688.75,25689.5,17329
2025-12-11T20:00:00.000Z,25690.25,25708.25,25675,25679.5,15464
2025-12-11T20:30:00.000Z,25678.75,25720,25660.5,25715,31365
2025-12-11T21:00:00.000Z,25715,25834.5,25708.5,25820,17051
2025-12-11T21:30:00.000Z,25819.75,25861.5,25786,25834.75,6781
2025-12-11T23:00:00.000Z,25701,25733.25,25648.75,25664.25,4306
2025-12-11T23:30:00.000Z,25664.5,25694,25664.25,25671.75,2129
2025-12-12T00:00:00.000Z,25670.75,25677,25640.75,25670,3301
2025-12-12T00:30:00.000Z,25670.75,25686.25,25642.5,25646.75,2329
2025-12-12T01:00:00.000Z,25647.75,25680,25646.5,25680,1851
2025-12-12T01:30:00.000Z,25676.5,25681.25,25661,25678.5,1132
2025-12-12T02:00:00.000Z,25677.5,25703.75,25674.25,25689.5,1889
2025-12-12T02:30:00.000Z,25688.75,25700.5,25687.25,25694.5,876
2025-12-12T03:00:00.000Z,25695,25697.5,25663.75,25667.75,1351
2025-12-12T03:30:00.000Z,25669.25,25683.5,25666,25669.25,876
2025-12-12T04:00:00.000Z,25669.75,25673.5,25656.75,25660.25,1344
2025-12-12T04:30:00.000Z,25659.5,25668.25,25656.25,25659,1017
2025-12-12T05:00:00.000Z,25668.75,25675.5,25659.25,25673.25,1665
2025-12-12T05:30:00.000Z,25674.25,25699.25,25673,25691.25,1474
2025-12-12T06:00:00.000Z,25691.25,25704.25,25688.5,25700.5,1091
2025-12-12T06:30:00.000Z,25700.75,25702.5,25676,25679.75,1534
2025-12-12T07:00:00.000Z,25679,25679,25661.75,25665.5,1714
2025-12-12T07:30:00.000Z,25665,25676,25657.25,25665.25,1147
2025-12-12T08:00:00.000Z,25666.5,25682.75,25652.25,25672,2455
2025-12-12T08:30:00.000Z,25672.25,25682,25651,25662.75,1794
2025-12-12T09:00:00.000Z,25662,25667.25,25590.25,25591.5,3937
2025-12-12T09:30:00.000Z,25591,25598,25562,25587.75,4634
2025-12-12T10:00:00.000Z,25586.75,25622,25579.75,25584.5,3322
2025-12-12T10:30:00.000Z,25586,25593.5,25565.25,25583.25,2285
2025-12-12T11:00:00.000Z,25584.5,25588.5,25564,25570.25,2449
2025-12-12T11:30:00.000Z,25570.75,25582.25,25532.5,25552,4208
2025-12-12T12:00:00.000Z,25553.75,25583.5,25538.25,25573.75,3001
2025-12-12T12:30:00.000Z,25574.5,25596,25550.75,25567.25,4365
2025-12-12T13:00:00.000Z,25568.25,25600,25558.5,25588.25,4124
2025-12-12T13:30:00.000Z,25588.5,25626.25,25577.25,25625.75,5935
2025-12-12T14:00:00.000Z,25625.5,25632.25,25556.75,25559.5,11962
2025-12-12T14:30:00.000Z,25560.25,25619.5,25501.5,25558.25,79892
2025-12-12T15:00:00.000Z,25558.25,25559,25315,25320.25,81859
2025-12-12T15:30:00.000Z,25319.5,25402,25214,25240.5,84153
2025-12-12T16:00:00.000Z,25240.25,25277.25,25134,25224.25,75265
2025-12-12T16:30:00.000Z,25224.75,25225.25,25118,25174.5,49155
2025-12-12T17:00:00.000Z,25173.5,25299.75,25162.75,25222.75,40220
2025-12-12T17:30:00.000Z,25222,25311.5,25192.75,25276.5,32444
2025-12-12T18:00:00.000Z,25277.25,25372.5,25262.75,25339.75,38266
2025-12-12T18:30:00.000Z,25339.5,25344.5,25273.5,25278.25,23983
2025-12-12T19:00:00.000Z,25279,25285.5,25215.25,25227,28891
2025-12-12T19:30:00.000Z,25227.5,25266,25225.25,25234,21373
2025-12-12T20:00:00.000Z,25231.25,25262.75,25203.25,25209.5,25957
2025-12-12T20:30:00.000Z,25210,25223,25145.5,25209.75,57163
2025-12-12T21:00:00.000Z,25209.5,25226,25199.25,25203.5,15165
2025-12-12T21:30:00.000Z,25203.25,25213.5,25199.5,25213.5,3887
2025-12-14T23:00:00.000Z,25146.5,25172,25141.25,25170.5,1605
2025-12-14T23:30:00.000Z,25170.75,25200,25167.5,25194,1786
2025-12-15T00:00:00.000Z,25191,25213.5,25188,25206.75,2145
2025-12-15T00:30:00.000Z,25207.5,25240.25,25207.5,25234.25,1670
2025-12-15T01:00:00.000Z,25235.5,25242,25221.75,25238,1998
2025-12-15T01:30:00.000Z,25237.25,25265,25237,25260.75,2334
2025-12-15T02:00:00.000Z,25260.75,25277,25255.25,25271.5,1772
2025-12-15T02:30:00.000Z,25273,25284.25,25254,25262.25,1547
2025-12-15T03:00:00.000Z,25261.5,25273.25,25244.5,25249,1361
2025-12-15T03:30:00.000Z,25248.75,25260.75,25245,25255.25,801
2025-12-15T04:00:00.000Z,25255.75,25260.25,25233.25,25252.5,1173
2025-12-15T04:30:00.000Z,25251.5,25275,25246.5,25267,1230
2025-12-15T05:00:00.000Z,25269.25,25272.25,25254.5,25268.75,825
2025-12-15T05:30:00.000Z,25268,25282.5,25263.75,25278,716
2025-12-15T06:00:00.000Z,25275.75,25277.5,25249.25,25264,971
2025-12-15T06:30:00.000Z,25262.25,25279.5,25252.75,25274,1040
2025-12-15T07:00:00.000Z,25274.25,25282.25,25241.75,25246.75,1361
2025-12-15T07:30:00.000Z,25247,25258.25,25237.75,25253,1599
2025-12-15T08:00:00.000Z,25253.5,25262.5,25230.25,25251.5,1484
2025-12-15T08:30:00.000Z,25248.75,25291.25,25247.25,25286.25,1909
2025-12-15T09:00:00.000Z,25284.75,25321.25,25274.75,25314.5,2123
2025-12-15T09:30:00.000Z,25315.5,25333.5,25313.75,25325,1646
2025-12-15T10:00:00.000Z,25324,25346,25316.5,25336,1814
2025-12-15T10:30:00.000Z,25336,25341.25,25324,25338.75,2037
2025-12-15T11:00:00.000Z,25337,25352.25,25328,25343.75,1827
2025-12-15T11:30:00.000Z,25346.25,25357.5,25345,25354.75,1802
2025-12-15T12:00:00.000Z,25354.5,25354.5,25324,25332.25,2395
2025-12-15T12:30:00.000Z,25332.75,25361.5,25331,25352.75,3155
2025-12-15T13:00:00.000Z,25351.25,25356.25,25336.25,25348,3927
2025-12-15T13:30:00.000Z,25350.75,25383.5,25348,25380.75,9554
2025-12-15T14:00:00.000Z,25380,25409.5,25372,25408.5,13635
2025-12-15T14:30:00.000Z,25408,25410,25213.75,25223.75,51785
2025-12-15T15:00:00.000Z,25225.75,25235.75,25033.25,25068.25,55369
2025-12-15T15:30:00.000Z,25068.75,25196.25,25055,25153,35718
2025-12-15T16:00:00.000Z,25154.25,25266.75,25121.25,25254,27968
2025-12-15T16:30:00.000Z,25255.25,25260.75,25119,25162.5,30409
2025-12-15T17:00:00.000Z,25161,25178.25,25129,25149.75,21758
2025-12-15T17:30:00.000Z,25149.5,25187.75,25084.25,25131.25,21911
2025-12-15T18:00:00.000Z,25130,25163.75,25084.5,25098.75,18118
2025-12-15T18:30:00.000Z,25098,25169.5,25080.25,25152.5,18119
2025-12-15T19:00:00.000Z,25152.5,25181.5,25124,25136,15470
2025-12-15T19:30:00.000Z,25137,25154.5,25106.25,25150,14408
2025-12-15T20:00:00.000Z,25149.5,25157.25,25106.75,25120,13695
2025-12-15T20:30:00.000Z,25120.5,25126.75,25082.5,25084,25874
2025-12-15T21:00:00.000Z,25085.25,25107.5,25077,25086,5072
2025-12-15T21:30:00.000Z,25086.75,25103,25086.75,25101.5,2106
2025-12-15T23:00:00.000Z,25101.25,25122,25086.5,25091,734
2025-12-15T23:30:00.000Z,25095.25,25095.5,25037,25058.25,1212
2025-12-16T00:00:00.000Z,25058.75,25068.25,24993,25034.75,2156
2025-12-16T00:30:00.000Z,25036.75,25046.5,24997,25003,1150
2025-12-16T01:00:00.000Z,25005,25014,24982.5,24994.5,954
2025-12-16T01:30:00.000Z,24994.75,25003.5,24864.75,24903.5,3401
2025-12-16T02:00:00.000Z,24902.75,24937,24878.25,24929.75,1305
2025-12-16T02:30:00.000Z,24929.75,24931.25,24891,24903,1396
2025-12-16T03:00:00.000Z,24902.75,24918,24870.5,24883.75,1017
2025-12-16T03:30:00.000Z,24885.25,24921.75,24855.75,24912.5,1037
2025-12-16T04:00:00.000Z,24915.75,24916.5,24874.25,24903,635
2025-12-16T04:30:00.000Z,24904.5,24927.5,24901.5,24917,402
2025-12-16T05:00:00.000Z,24905,24909,24891.25,24893.75,506
2025-12-16T05:30:00.000Z,24893,24895,24858.5,24865.25,489
2025-12-16T06:00:00.000Z,24867.5,24888.25,24857.75,24876,544
2025-12-16T06:30:00.000Z,24870,24885.5,24861.5,24883.75,353
2025-12-16T07:00:00.000Z,24886,24899,24877,24890.5,800
2025-12-16T07:30:00.000Z,24889.25,24889.75,24828,24877.75,1401
2025-12-16T08:00:00.000Z,24880.5,24941.25,24880.5,24933.25,1820
2025-12-16T08:30:00.000Z,24933.75,25211.75,24920.75,25203.5,36225
2025-12-16T09:00:00.000Z,25204,25231.5,24941.5,25213.25,3552
2025-12-16T09:30:00.000Z,25213.5,25227,24919.5,24936.25,2815
2025-12-16T10:00:00.000Z,24936.25,25237.75,24922,24986,117925
2025-12-16T10:30:00.000Z,24988.25,25274.5,24974.5,25247,43197
2025-12-16T11:00:00.000Z,25246,25256.75,24988.75,25000.25,42702
2025-12-16T11:30:00.000Z,25250,25294,24990.5,25293,87825
2025-12-16T12:00:00.000Z,25047,25320.25,25034.5,25058.5,48011
2025-12-16T12:30:00.000Z,25309.75,25324.25,25044.75,25298,97074
2025-12-16T13:00:00.000Z,25298,25317.25,25014.75,25288.25,7128
2025-12-16T13:30:00.000Z,25289.5,25386.5,24994.5,25252,77588
2025-12-16T14:00:00.000Z,25252.5,25290.5,24980,25232,78390
2025-12-16T14:30:00.000Z,24989.25,25398.75,24961,25147,157363
2025-12-16T15:00:00.000Z,25149.25,25409,24937.25,25241,187074
2025-12-16T15:30:00.000Z,25241.75,25340,24953,25321.75,383683
2025-12-16T16:00:00.000Z,25322,25344,24971,25233,451753
2025-12-16T16:30:00.000Z,25232.25,25340.25,24972.5,25335.5,266978
2025-12-16T17:00:00.000Z,25335.75,25355,25016.25,25271.75,283613
2025-12-16T17:30:00.000Z,25272.25,25319.75,24952.5,25200,301445
2025-12-16T18:00:00.000Z,25200.5,25234.75,24934,25203.5,30325
2025-12-16T18:30:00.000Z,25203.25,25350.25,24963.5,25316.25,34594
2025-12-16T19:00:00.000Z,25315.75,25317,24985.5,25280.75,702504
2025-12-16T19:30:00.000Z,25280.25,25349.25,25033.75,25318.5,25489
2025-12-16T20:00:00.000Z,25318.25,25375.5,25072,25373.5,20584
2025-12-16T20:30:00.000Z,25373.25,25444,25132,25132.75,422164
2025-12-16T21:00:00.000Z,25131.5,25376,25069.25,25323.5,856393
2025-12-16T21:30:00.000Z,25084.75,25342.25,25078,25321.5,2984
2025-12-16T23:00:00.000Z,25091.75,25356,25059,25336.75,2455
2025-12-16T23:30:00.000Z,25336.5,25363,25070.75,25077.25,1650
2025-12-17T00:00:00.000Z,25315,25316.5,25026.25,25297.5,8077
2025-12-17T00:30:00.000Z,25296.5,25327.75,25040.5,25305.25,11389
2025-12-17T01:00:00.000Z,25306.75,25354.5,25062.75,25333.25,3514
2025-12-17T01:30:00.000Z,25090,25359.5,25070,25112.75,1955
2025-12-17T02:00:00.000Z,25114.5,25359.75,25089.25,25358.5,32207
2025-12-17T02:30:00.000Z,25358.25,25374,25106.25,25121.75,18718
2025-12-17T03:00:00.000Z,25117.5,25380.25,25117.25,25372.5,36929
2025-12-17T03:30:00.000Z,25372,25375.75,25100.75,25349.25,1665
2025-12-17T04:00:00.000Z,25351.5,25366.5,25087.75,25336.25,1581
2025-12-17T04:30:00.000Z,25335.75,25340.25,25072.25,25314.25,1747
2025-12-17T05:00:00.000Z,25318.5,25330,25061.25,25309,2355
2025-12-17T05:30:00.000Z,25071,25357.25,25069.5,25353,26271
2025-12-17T06:00:00.000Z,25113.75,25413,25111.5,25402.5,3269
2025-12-17T06:30:00.000Z,25160.75,25417.75,25153,25395.75,1766
2025-12-17T07:00:00.000Z,25394.25,25432.25,25142.75,25405.25,33192
2025-12-17T07:30:00.000Z,25403.25,25429,25157.5,25412.75,1668
2025-12-17T08:00:00.000Z,25412.75,25420,25149.75,25411.5,3176
2025-12-17T08:30:00.000Z,25411.5,25436.5,25159.25,25415.75,2588
2025-12-17T09:00:00.000Z,25415.25,25445.25,25162.25,25433,3455
2025-12-17T09:30:00.000Z,25431.75,25470,25186.75,25463.5,2991
2025-12-17T10:00:00.000Z,25462.75,25483,25213,25469.5,45395
2025-12-17T10:30:00.000Z,25471.75,25491.75,25221,25482.75,49076
2025-12-17T11:00:00.000Z,25483.5,25499,25224.25,25234.75,2220
2025-12-17T11:30:00.000Z,25474.75,25497,25233.75,25494.75,99739
2025-12-17T12:00:00.000Z,25494.25,25498.5,25232.5,25477.5,104034
2025-12-17T12:30:00.000Z,25477.5,25508.5,25235.25,25486.75,3015
2025-12-17T13:00:00.000Z,25244,25497,25152,25444.75,13038
2025-12-17T13:30:00.000Z,25444,25493,25182,25464.5,76588
2025-12-17T14:00:00.000Z,25464.75,25482,25175,25421.5,161575
2025-12-17T14:30:00.000Z,25422,25447.75,25011.5,25332,303021
2025-12-17T15:00:00.000Z,25099.5,25345.75,25046.25,25318.5,225645
2025-12-17T15:30:00.000Z,25317.75,25331.5,24807.5,25059.5,79495
2025-12-17T16:00:00.000Z,25058.25,25122.5,24780.75,25068.25,57794
2025-12-17T16:30:00.000Z,25068,25068,24758.75,25034.5,47604
2025-12-17T17:00:00.000Z,25035.25,25079.5,24756.25,25042.5,403773
2025-12-17T17:30:00.000Z,25043,25085,24757.5,25022.5,30110
2025-12-17T18:00:00.000Z,25022,25078,24795.25,25010.5,23037
2025-12-17T18:30:00.000Z,25010.5,25017.25,24933.75,24957.75,26071
2025-12-17T19:00:00.000Z,24956.5,24969.75,24934.75,24941.25,21563
2025-12-17T19:30:00.000Z,24941.25,24985.5,24922,24975.5,21807
2025-12-17T20:00:00.000Z,24975,24983.25,24940,24955.5,16532
2025-12-17T20:30:00.000Z,24955,24974,24887.75,24892,45087
2025-12-17T21:00:00.000Z,24892.5,24995.75,24892.5,24954.75,20678
2025-12-17T21:30:00.000Z,24955.5,24974,24941,24951.75,5305
2025-12-17T23:00:00.000Z,24983.5,24999,24932.75,24955.25,2465
2025-12-17T23:30:00.000Z,24956,24977.5,24925,24932,2428
2025-12-18T00:00:00.000Z,24933.5,24984,24901.25,24956.25,5182
2025-12-18T00:30:00.000Z,24955.75,24998,24943.25,24987,2690
2025-12-18T01:00:00.000Z,24987.75,24993.75,24959.25,24980.25,2691
2025-12-18T01:30:00.000Z,24980,24988,24950.5,24962.25,2791
2025-12-18T02:00:00.000Z,24965,25012.25,24956.75,24973.25,3585
2025-12-18T02:30:00.000Z,24971.25,24994.5,24959.5,24970.25,1920
2025-12-18T03:00:00.000Z,24969.75,24972,24902.25,24914,2727
2025-12-18T03:30:00.000Z,24913.5,24951.25,24908.5,24941,2777
2025-12-18T04:00:00.000Z,24941.5,24968.25,24938.75,24963.75,1821
2025-12-18T04:30:00.000Z,24963.25,24991,24961.75,24987.25,1580
2025-12-18T05:00:00.000Z,24992.75,24993,24965.5,24972,1525
2025-12-18T05:30:00.000Z,24972.5,24992.75,24969.5,24985.25,1493
2025-12-18T06:00:00.000Z,24984.75,24991.25,24971.25,24984.75,1387
2025-12-18T06:30:00.000Z,24981.5,24990.5,24953.75,24983,2191
2025-12-18T07:00:00.000Z,24984,25039.75,24982.5,25034.75,5295
2025-12-18T07:30:00.000Z,25034,25041.25,25023,25031.75,1777
2025-12-18T08:00:00.000Z,25030.25,25047,25008.25,25018.5,3202
2025-12-18T08:30:00.000Z,25020.25,25073,25017,25055.25,3621
2025-12-18T09:00:00.000Z,25055,25065.75,25031,25049,2724
2025-12-18T09:30:00.000Z,25048.5,25097.25,25048.5,25096.5,3037
2025-12-18T10:00:00.000Z,25096.75,25098.75,25065.5,25084.25,1799
2025-12-18T10:30:00.000Z,25084.75,25099.5,25069.75,25079.25,2008
2025-12-18T11:00:00.000Z,25079,25102.5,25074.5,25087.75,1941
2025-12-18T11:30:00.000Z,25086,25104,25080.75,25100,1813
2025-12-18T12:00:00.000Z,25101.5,25114.5,25090,25095.5,2626
2025-12-18T12:30:00.000Z,25096,25109,25085,25093.75,2963
2025-12-18T13:00:00.000Z,25094.75,25119.75,25064.75,25107.75,7017
2025-12-18T13:30:00.000Z,25112.25,25264,25107.5,25223,26947
2025-12-18T14:00:00.000Z,25221.5,25285,25220,25279.5,13771
2025-12-18T14:30:00.000Z,25278.75,25329.5,25161.25,25277.5,91189
2025-12-18T15:00:00.000Z,25277.5,25337.75,25174.75,25323.5,66133
2025-12-18T15:30:00.000Z,25323.5,25407.25,25308.75,25366,51695
2025-12-18T16:00:00.000Z,25365.75,25412.5,25343.25,25353,35259
2025-12-18T16:30:00.000Z,25353,25412,25350.75,25386.5,25233
2025-12-18T17:00:00.000Z,25386.75,25386.75,25184.5,25229.5,61255
2025-12-18T17:30:00.000Z,25229,25361.75,25215.25,25355.25,39976
2025-12-18T18:00:00.000Z,25355.5,25376.25,25317.25,25362.5,23851
2025-12-18T18:30:00.000Z,25362.75,25402.25,25333.25,25338.5,27810
2025-12-18T19:00:00.000Z,25338,25340,25254,25278.75,35971
2025-12-18T19:30:00.000Z,25278,25284,25193.75,25208,34491
2025-12-18T20:00:00.000Z,25208.25,25315.25,25192.5,25307.75,29654
2025-12-18T20:30:00.000Z,25307.75,25343.5,25248,25252,43088
2025-12-18T21:00:00.000Z,25252.25,25257.25,25203.75,25217.5,14003
2025-12-18T21:30:00.000Z,25217.5,25223,25196.5,25219,3255
2025-12-18T23:00:00.000Z,25240,25253,25209.75,25226,3493
2025-12-18T23:30:00.000Z,25226,25257.5,25220,25257,2498
2025-12-19T00:00:00.000Z,25257.25,25266.5,25223,25236.5,3189
2025-12-19T00:30:00.000Z,25237.25,25251.75,25220.5,25243.25,2092
2025-12-19T01:00:00.000Z,25244,25245.5,25213,25232.75,2260
2025-12-19T01:30:00.000Z,25232,25277.25,25211.25,25266.75,4064
2025-12-19T02:00:00.000Z,25266.25,25279.5,25250.75,25272,2268
2025-12-19T02:30:00.000Z,25273,25286.75,25250,25251.75,2303
2025-12-19T03:00:00.000Z,25251,25314.75,25236,25290.25,3915
2025-12-19T03:30:00.000Z,25289.75,25321.75,25280,25306,2592
2025-12-19T04:00:00.000Z,25307.5,25318.25,25290,25299.5,1672
2025-12-19T04:30:00.000Z,25297,25312.75,25286.25,25307,1425
2025-12-19T05:00:00.000Z,25291.5,25298,25282,25297.5,1399
2025-12-19T05:30:00.000Z,25298,25312.75,25288.25,25291.75,1298
2025-12-19T06:00:00.000Z,25291.75,25305.25,25281.25,25287.75,1518
2025-12-19T06:30:00.000Z,25286.75,25298.5,25266.75,25298.25,1875
2025-12-19T07:00:00.000Z,25299,25372.5,25298.5,25350.25,4374
2025-12-19T07:30:00.000Z,25349.75,25350.75,25321.25,25348.25,1980
2025-12-19T08:00:00.000Z,25346.25,25380.5,25340.75,25347,3755
2025-12-19T08:30:00.000Z,25345.5,25387.25,25345.25,25370.5,2916
2025-12-19T09:00:00.000Z,25370,25391.25,25355.5,25388.25,2564
2025-12-19T09:30:00.000Z,25389.25,25393.5,25370.75,25383.75,1676
2025-12-19T10:00:00.000Z,25383.25,25383.5,25354,25373.75,2377
2025-12-19T10:30:00.000Z,25372.25,25382.5,25355,25361,1863
2025-12-19T11:00:00.000Z,25360.5,25362.75,25315.5,25355,3470
2025-12-19T11:30:00.000Z,25356,25365,25331.5,25340.75,2009
2025-12-19T12:00:00.000Z,25341.75,25356.75,25313.25,25332.25,4055
2025-12-19T12:30:00.000Z,25332.25,25340.5,25279,25280.25,3890
2025-12-19T13:00:00.000Z,25280.25,25318.25,25273.75,25314,4601
2025-12-19T13:30:00.000Z,25313.5,25339.75,25292.25,25323.5,6430
2025-12-19T14:00:00.000Z,25323,25383.25,25298.25,25361.5,18117
2025-12-19T14:30:00.000Z,25363,25573,25357,25560.25,87177
2025-12-19T15:00:00.000Z,25558.75,25600.25,25465.25,25508.75,46936
2025-12-19T15:30:00.000Z,25509,25554.5,25468.5,25483,35038
2025-12-19T16:00:00.000Z,25483,25560.5,25460,25540.75,28837
2025-12-19T16:30:00.000Z,25542,25565,25494.75,25505.25,27938
2025-12-19T17:00:00.000Z,25505.25,25580,25502,25575.25,21887
2025-12-19T17:30:00.000Z,25575,25597.5,25557.5,25578.25,18519
2025-12-19T18:00:00.000Z,25577.75,25592,25567.25,25574.25,14070
2025-12-19T18:30:00.000Z,25574.5,25579.25,25543.75,25551.75,13857
2025-12-19T19:00:00.000Z,25551.5,25583.5,25550.5,25577.75,10563
2025-12-19T19:30:00.000Z,25577.5,25589.5,25568.5,25569,10009
2025-12-19T20:00:00.000Z,25569.5,25588.25,25567.5,25582.5,11883
2025-12-19T20:30:00.000Z,25582.25,25593,25549.75,25581,43225
2025-12-19T21:00:00.000Z,25581.5,25595.75,25568,25587.5,13775
2025-12-19T21:30:00.000Z,25587.25,25599.25,25583.5,25590.75,3444
2025-12-21T23:00:00.000Z,25643.5,25651,25632.25,25647.75,2006
2025-12-21T23:30:00.000Z,25647,25675,25645,25668.5,2542
2025-12-22T00:00:00.000Z,25669.5,25682.75,25645,25652,3207
2025-12-22T00:30:00.000Z,25651,25665.75,25650.75,25654.75,2155
2025-12-22T01:00:00.000Z,25654.75,25693.75,25653.75,25689.25,2745
2025-12-22T01:30:00.000Z,25689.75,25697,25685,25688.75,1594
2025-12-22T02:00:00.000Z,25689,25695,25680.75,25692,1468
2025-12-22T02:30:00.000Z,25691.25,25698.5,25685.5,25695.5,1117
2025-12-22T03:00:00.000Z,25695.75,25699.25,25676.5,25679,1565
2025-12-22T03:30:00.000Z,25679,25683.25,25673.5,25678.75,1071
2025-12-22T04:00:00.000Z,25679,25687,25672,25680.25,1178
2025-12-22T04:30:00.000Z,25681.25,25691.25,25677.75,25683,783
2025-12-22T05:00:00.000Z,25680.25,25682.5,25663,25664.75,1433
2025-12-22T05:30:00.000Z,25664.75,25679.75,25662.25,25674.5,838
2025-12-22T06:00:00.000Z,25674.25,25687.75,25674,25681.5,825
2025-12-22T06:30:00.000Z,25681,25699,25678,25690,998
2025-12-22T07:00:00.000Z,25690.25,25711,25688.75,25700.25,1500
2025-12-22T07:30:00.000Z,25699.25,25708,25693.25,25702.25,893
2025-12-22T08:00:00.000Z,25703,25716.5,25696,25706.5,1602
2025-12-22T08:30:00.000Z,25706.5,25710.25,25681,25687.75,1853
2025-12-22T09:00:00.000Z,25687.5,25716,25683.25,25711,1955
2025-12-22T09:30:00.000Z,25710.5,25725.75,25708,25712.5,1423
2025-12-22T10:00:00.000Z,25712.5,25720.5,25707,25713.25,926
2025-12-22T10:30:00.000Z,25714,25716.25,25706,25707.25,657
2025-12-22T11:00:00.000Z,25707.75,25719.25,25704,25716.75,1142
2025-12-22T11:30:00.000Z,25715.75,25718.25,25698.5,25699.75,1573
2025-12-22T12:00:00.000Z,25700.25,25731,25696.25,25727.5,2612
2025-12-22T12:30:00.000Z,25728,25740.25,25720,25736.75,2444
2025-12-22T13:00:00.000Z,25736.75,25757,25732.25,25749.25,3392
2025-12-22T13:30:00.000Z,25749.5,25754,25730.75,25752.5,3863
2025-12-22T14:00:00.000Z,25753,25782.5,25749.5,25781.75,7708
2025-12-22T14:30:00.000Z,25773.25,25794.75,25672.25,25748,68341
2025-12-22T15:00:00.000Z,25747,25754.75,25674.5,25687.75,35455
2025-12-22T15:30:00.000Z,25688.5,25696.75,25628,25674.5,31636
2025-12-22T16:00:00.000Z,25674.25,25721.25,25672.5,25711.75,20699
2025-12-22T16:30:00.000Z,25711.75,25714.75,25689.5,25714.75,17734
2025-12-22T17:00:00.000Z,25715,25718.75,25695.25,25699,13149
2025-12-22T17:30:00.000Z,25699,25727.25,25686.5,25721,17640
2025-12-22T18:00:00.000Z,25721.25,25722.25,25673,25688.5,17946
2025-12-22T18:30:00.000Z,25688.5,25700,25679,25689.5,11491
2025-12-22T19:00:00.000Z,25689.75,25701.25,25676.25,25699.5,12239
2025-12-22T19:30:00.000Z,25699.5,25712.25,25689.5,25690.5,10667
2025-12-22T20:00:00.000Z,25690.75,25695,25679.25,25688.25,10506
2025-12-22T20:30:00.000Z,25688.5,25703.5,25681.25,25688.25,23226
2025-12-22T21:00:00.000Z,25688.25,25706.5,25688,25695,6756
2025-12-22T21:30:00.000Z,25694.75,25702,25693.5,25700.25,1457
2025-12-22T23:00:00.000Z,25701,25717,25700.5,25714.25,855
2025-12-22T23:30:00.000Z,25714.5,25722.5,25708,25714.25,1071
2025-12-23T00:00:00.000Z,25713.5,25720.5,25709,25716.5,952
2025-12-23T00:30:00.000Z,25715,25724.25,25710.25,25722,881
2025-12-23T01:00:00.000Z,25722.5,25730,25709,25710.75,1530
2025-12-23T01:30:00.000Z,25710.25,25721.5,25695,25710.5,1852
2025-12-23T02:00:00.000Z,25710.75,25738.75,25709.25,25725,1967
2025-12-23T02:30:00.000Z,25725.75,25731.75,25710.25,25723,1672
2025-12-23T03:00:00.000Z,25723.5,25731.5,25715.25,25717.75,1198
2025-12-23T03:30:00.000Z,25718.75,25722,25708.25,25712.25,718
2025-12-23T04:00:00.000Z,25711.25,25713.5,25700.5,25703.25,935
2025-12-23T04:30:00.000Z,25703,25706.5,25683,25688,1123
2025-12-23T05:00:00.000Z,25687.25,25698.5,25683.25,25695.5,1193
2025-12-23T05:30:00.000Z,25696.5,25697,25677.5,25677.75,778
2025-12-23T06:00:00.000Z,25677.25,25681.25,25656.25,25657.75,1433
2025-12-23T06:30:00.000Z,25658,25670.5,25653.25,25667.75,1366
2025-12-23T07:00:00.000Z,25667.5,25676,25658,25673.5,1208
2025-12-23T07:30:00.000Z,25673.75,25679.25,25662.5,25670.75,898
2025-12-23T08:00:00.000Z,25669.5,25708.25,25666.25,25696.75,2306
2025-12-23T08:30:00.000Z,25696.75,25704,25685.25,25691,1172
2025-12-23T09:00:00.000Z,25690,25719,25688.75,25716.75,1680
2025-12-23T09:30:00.000Z,25716.25,25728.5,25716,25718.75,1022
2025-12-23T10:00:00.000Z,25718.5,25725,25699,25706.75,1133
2025-12-23T10:30:00.000Z,25705,25711,25699.25,25706.5,1258
2025-12-23T11:00:00.000Z,25706.5,25709.5,25687,25697.5,1267
2025-12-23T11:30:00.000Z,25696.5,25705,25690,25694,766
2025-12-23T12:00:00.000Z,25694.25,25702,25664.25,25666.25,2293
2025-12-23T12:30:00.000Z,25665.5,25685.75,25661,25685.25,1591
2025-12-23T13:00:00.000Z,25684.75,25687,25661,25671.25,2161
2025-12-23T13:30:00.000Z,25674.75,25679,25608.25,25619.75,10852
2025-12-23T14:00:00.000Z,25621,25647,25609,25644.75,7820
2025-12-23T14:30:00.000Z,25644.25,25751.25,25638,25692.75,57225
2025-12-23T15:00:00.000Z,25692.25,25694.75,25628.25,25673.25,39825
2025-12-23T15:30:00.000Z,25673.25,25741,25671.75,25731.25,26195
2025-12-23T16:00:00.000Z,25731.5,25754.5,25726.5,25743.75,21395
2025-12-23T16:30:00.000Z,25743.5,25776.5,25730.75,25773.25,19254
2025-12-23T17:00:00.000Z,25774,25777.75,25761.25,25765.75,11538
2025-12-23T17:30:00.000Z,25766.25,25772.75,25750.75,25754.75,12895
2025-12-23T18:00:00.000Z,25754.25,25780.25,25751.5,25770.75,11505
2025-12-23T18:30:00.000Z,25770.75,25780,25768.5,25774,8030
2025-12-23T19:00:00.000Z,25774,25791.75,25772.5,25786.5,10734
2025-12-23T19:30:00.000Z,25786.25,25800.5,25782,25797.25,9653
2025-12-23T20:00:00.000Z,25797,25806.25,25793.75,25798.25,10926
2025-12-23T20:30:00.000Z,25798,25820.5,25792.25,25811.25,23818
2025-12-23T21:00:00.000Z,25811.25,25822.5,25806.25,25815.75,7973
2025-12-23T21:30:00.000Z,25815.5,25818.5,25801.75,25811.5,2193
2025-12-23T23:00:00.000Z,25815.75,25819.25,25801,25807.5,841
2025-12-23T23:30:00.000Z,25806.5,25811.75,25800.25,25809.75,872
2025-12-24T00:00:00.000Z,25810,25827,25808.5,25815.25,1593
2025-12-24T00:30:00.000Z,25815.75,25821.75,25811.75,25815.75,627
2025-12-24T01:00:00.000Z,25816.5,25822.5,25809,25812.5,843
2025-12-24T01:30:00.000Z,25812.5,25819.5,25802,25808,1232
2025-12-24T02:00:00.000Z,25807,25812.25,25797.5,25799.75,970
2025-12-24T02:30:00.000Z,25799.25,25801,25782.75,25793.25,1659
2025-12-24T03:00:00.000Z,25793,25796.75,25786.25,25796,775
2025-12-24T03:30:00.000Z,25795.25,25802.5,25794.75,25797,653
2025-12-24T04:00:00.000Z,25796.25,25802.25,25788.75,25791,602
2025-12-24T04:30:00.000Z,25790.75,25793.25,25781,25783,795
2025-12-24T05:00:00.000Z,25783.5,25788.25,25780,25787,731
2025-12-24T05:30:00.000Z,25785.5,25799,25785,25791.25,835
2025-12-24T06:00:00.000Z,25791,25800.5,25791,25797.5,462
2025-12-24T06:30:00.000Z,25796,25798.5,25790.25,25793,455
2025-12-24T07:00:00.000Z,25792.75,25796.25,25784.25,25786,668
2025-12-24T07:30:00.000Z,25787,25792.5,25786,25787.75,518
2025-12-24T08:00:00.000Z,25788.5,25797,25787.75,25792.5,786
2025-12-24T08:30:00.000Z,25792.75,25796,25786.75,25789.5,606
2025-12-24T09:00:00.000Z,25789.75,25807,25783.5,25802.5,1112
2025-12-24T09:30:00.000Z,25801.5,25804,25796.25,25798.75,382
2025-12-24T10:00:00.000Z,25798.75,25799,25787,25793.5,682
2025-12-24T10:30:00.000Z,25793.25,25797.25,25790.25,25792.75,478
2025-12-24T11:00:00.000Z,25792.75,25800.5,25787.5,25792.25,617
2025-12-24T11:30:00.000Z,25791.75,25794,25785.5,25792,459
2025-12-24T12:00:00.000Z,25792.25,25816.5,25789,25806,1281
2025-12-24T12:30:00.000Z,25806,25817.5,25805.75,25815.75,957
2025-12-24T13:00:00.000Z,25815.75,25816,25800.5,25812,1567
2025-12-24T13:30:00.000Z,25811.75,25831.75,25808,25822.5,3306
2025-12-24T14:00:00.000Z,25822.75,25824.5,25791,25795.75,4373
2025-12-24T14:30:00.000Z,25795,25827.5,25784,25809.75,29930
2025-12-24T15:00:00.000Z,25809.5,25840.75,25803.75,25815.5,20770
2025-12-24T15:30:00.000Z,25816,25832.5,25808.75,25828.75,13354
2025-12-24T16:00:00.000Z,25829,25856.25,25828,25853.5,14658
2025-12-24T16:30:00.000Z,25853.5,25885,25850.5,25876.25,16764
2025-12-24T17:00:00.000Z,25876.5,25882.25,25864,25874.5,10568
2025-12-24T17:30:00.000Z,25874.75,25892,25865,25877.75,16276
2025-12-24T18:00:00.000Z,25877.5,25881.75,25852.5,25880.5,5273
2025-12-26T05:00:00.000Z,25879.5,25888.5,25877,25885.75,552
2025-12-26T05:30:00.000Z,25885.25,25885.25,25871,25876.25,600
2025-12-26T06:00:00.000Z,25876.5,25880.75,25871,25872.25,421
2025-12-26T06:30:00.000Z,25872.75,25880,25868,25871.75,694
2025-12-26T07:00:00.000Z,25871.5,25873.25,25849.5,25863,984
2025-12-26T07:30:00.000Z,25862,25871,25857.25,25860.25,710
2025-12-26T08:00:00.000Z,25859.5,25862,25844,25852.75,971
2025-12-26T08:30:00.000Z,25851.75,25861,25843.25,25857.5,737
2025-12-26T09:00:00.000Z,25857.25,25871.5,25854.75,25861.5,1053
2025-12-26T09:30:00.000Z,25861.75,25878.5,25861.75,25876,667
2025-12-26T10:00:00.000Z,25876.5,25899,25875.5,25883.25,1222
2025-12-26T10:30:00.000Z,25883.5,25891,25879.25,25882.25,539
2025-12-26T11:00:00.000Z,25884.25,25888.5,25879.25,25880.25,533
2025-12-26T11:30:00.000Z,25879.25,25883.5,25866.25,25876.5,1014
2025-12-26T12:00:00.000Z,25876,25887.5,25869,25883,871
2025-12-26T12:30:00.000Z,25884.25,25897,25881,25890,1025
2025-12-26T13:00:00.000Z,25890,25902.75,25886.75,25894.25,1738
2025-12-26T13:30:00.000Z,25894,25923.25,25890.75,25896.5,4034
2025-12-26T14:00:00.000Z,25897,25912,25891.5,25899.5,3858
2025-12-26T14:30:00.000Z,25899,25935.25,25864.5,25881,36390
2025-12-26T15:00:00.000Z,25881,25886.5,25834.25,25883.5,29181
2025-12-26T15:30:00.000Z,25883.5,25906,25873.75,25899.5,16737
2025-12-26T16:00:00.000Z,25899,25912,25857,25881.25,18284
2025-12-26T16:30:00.000Z,25881.75,25890.25,25873,25873.75,9667
2025-12-26T17:00:00.000Z,25873.5,25880.75,25847.75,25880.25,11740
2025-12-26T17:30:00.000Z,25880,25881.75,25859.5,25871.75,9956
2025-12-26T18:00:00.000Z,25871.75,25882.5,25854.5,25869.75,8696
2025-12-26T18:30:00.000Z,25869.5,25893.25,25869,25891.75,8279
2025-12-26T19:00:00.000Z,25891.75,25899,25878.75,25881.25,7635
2025-12-26T19:30:00.000Z,25881,25896,25873,25891.25,10061
2025-12-26T20:00:00.000Z,25890.75,25892,25866,25873.5,8500
2025-12-26T20:30:00.000Z,25873.5,25879.75,25853.5,25866.75,18554
2025-12-26T21:00:00.000Z,25866.75,25874,25858.75,25862.75,5777
2025-12-26T21:30:00.000Z,25862.5,25863,25854,25859.25,2024
2025-12-28T23:00:00.000Z,25870.5,25872.25,25843,25860.75,1472
2025-12-28T23:30:00.000Z,25861.25,25879,25858.75,25870.5,1220
2025-12-29T00:00:00.000Z,25870,25874.25,25853.75,25861.5,1466
2025-12-29T00:30:00.000Z,25861.25,25893.75,25858.25,25891.25,1849
2025-12-29T01:00:00.000Z,25890,25892.5,25859.5,25860.25,1527
2025-12-29T01:30:00.000Z,25859.25,25864.5,25835.5,25842,2134
2025-12-29T02:00:00.000Z,25842.5,25849.75,25836.5,25838.75,1019
2025-12-29T02:30:00.000Z,25839,25850,25821,25846,1597
2025-12-29T03:00:00.000Z,25844.25,25853.5,25825,25831.75,1297
2025-12-29T03:30:00.000Z,25834,25854,25834,25852.75,993
2025-12-29T04:00:00.000Z,25852.5,25861,25852.5,25859.75,841
2025-12-29T04:30:00.000Z,25859,25868,25856.25,25859.75,693
2025-12-29T05:00:00.000Z,25856,25856,25817.75,25821.5,2584
2025-12-29T05:30:00.000Z,25822.5,25837.5,25818.5,25820,1305
2025-12-29T06:00:00.000Z,25820.25,25842.75,25811,25835.75,1753
2025-12-29T06:30:00.000Z,25836,25839.5,25811.25,25816.25,1065
2025-12-29T07:00:00.000Z,25816.25,25822.75,25785.25,25811,2598
2025-12-29T07:30:00.000Z,25811,25812.5,25798.75,25800,963
2025-12-29T08:00:00.000Z,25800.5,25803.5,25774,25777.5,2343
2025-12-29T08:30:00.000Z,25776.75,25783.5,25732,25738.75,3352
2025-12-29T09:00:00.000Z,25739,25770.5,25738.75,25768.5,2652
2025-12-29T09:30:00.000Z,25768.25,25768.5,25733.75,25762.5,2037
2025-12-29T10:00:00.000Z,25762.5,25769.25,25748.25,25759.75,1620
2025-12-29T10:30:00.000Z,25760.25,25763.25,25744,25746,1178
2025-12-29T11:00:00.000Z,25747,25756.5,25736,25745,2042
2025-12-29T11:30:00.000Z,25745,25775.5,25744.75,25770.25,1589
2025-12-29T12:00:00.000Z,25770.25,25776.75,25758.5,25767.25,1589
2025-12-29T12:30:00.000Z,25767,25772.75,25734.25,25746.5,2420
2025-12-29T13:00:00.000Z,25745.5,25762.75,25734,25748.5,2834
2025-12-29T13:30:00.000Z,25748.25,25748.75,25660.75,25693,8679
2025-12-29T14:00:00.000Z,25694.75,25712.75,25656.75,25707,10547
2025-12-29T14:30:00.000Z,25706.75,25819,25664.25,25724.5,55173
2025-12-29T15:00:00.000Z,25723,25750,25661.75,25745.25,32280
2025-12-29T15:30:00.000Z,25745,25772.75,25674.25,25702.75,31293
2025-12-29T16:00:00.000Z,25702.5,25717.5,25680,25704.5,17599
2025-12-29T16:30:00.000Z,25704,25718.25,25680.25,25695.5,15597
2025-12-29T17:00:00.000Z,25695.5,25707.75,25648,25658.25,14845
2025-12-29T17:30:00.000Z,25658.75,25706,25654.75,25700,14246
2025-12-29T18:00:00.000Z,25699.25,25710,25680.5,25702.25,11690
2025-12-29T18:30:00.000Z,25702,25729,25689.5,25694.5,11790
2025-12-29T19:00:00.000Z,25694,25712.75,25683.5,25710.75,9761
2025-12-29T19:30:00.000Z,25710.5,25774.25,25709,25765.5,18632
2025-12-29T20:00:00.000Z,25765.75,25766.25,25749,25750.5,9620
2025-12-29T20:30:00.000Z,25750,25758.5,25729.25,25741,21425
2025-12-29T21:00:00.000Z,25741.25,25744.75,25727.75,25743.5,5871
2025-12-29T21:30:00.000Z,25743.75,25748.5,25738.75,25744.5,1443
2025-12-29T23:00:00.000Z,25740,25747.75,25708.75,25709.5,1579
2025-12-29T23:30:00.000Z,25709.5,25725.75,25705.25,25707.25,1348
2025-12-30T00:00:00.000Z,25707.5,25724,25702,25721.5,1036
2025-12-30T00:30:00.000Z,25722.25,25727,25700.25,25704.5,1500
2025-12-30T01:00:00.000Z,25705,25716.5,25696.75,25708.25,1166
2025-12-30T01:30:00.000Z,25707,25725.25,25702.5,25724,1115
2025-12-30T02:00:00.000Z,25724.5,25728.5,25708,25708,1205
2025-12-30T02:30:00.000Z,25707.75,25713,25700.75,25710.25,787
2025-12-30T03:00:00.000Z,25711.5,25724,25709.5,25723.25,798
2025-12-30T03:30:00.000Z,25723,25742,25722.75,25734.5,1184
2025-12-30T04:00:00.000Z,25736.25,25751,25729,25745.75,1174
2025-12-30T04:30:00.000Z,25746.25,25752.5,25746,25748.25,545
2025-12-30T05:00:00.000Z,25747.5,25748,25733.25,25734.5,1227
2025-12-30T05:30:00.000Z,25734,25748,25721,25744.5,1055
2025-12-30T06:00:00.000Z,25744.5,25744.5,25715.5,25715.5,980
2025-12-30T06:30:00.000Z,25716.75,25731.75,25715.25,25726.5,601
2025-12-30T07:00:00.000Z,25725.75,25726.5,25684.75,25696.75,1651
2025-12-30T07:30:00.000Z,25695.5,25706.25,25684.75,25703.75,813
2025-12-30T08:00:00.000Z,25704.25,25730,25703,25722,1518
2025-12-30T08:30:00.000Z,25722,25741.25,25721,25738.75,1201
2025-12-30T09:00:00.000Z,25739.5,25750.75,25729.25,25749.5,1391
2025-12-30T09:30:00.000Z,25748.5,25752.25,25730,25739,942
2025-12-30T10:00:00.000Z,25738.75,25745.75,25733.5,25737.75,860
2025-12-30T10:30:00.000Z,25737.75,25741.75,25718.75,25727.25,1351
2025-12-30T11:00:00.000Z,25728.5,25728.5,25702.5,25707,1830
2025-12-30T11:30:00.000Z,25707,25736,25705,25732.5,1292
2025-12-30T12:00:00.000Z,25732.5,25743.5,25724.75,25728,1412
2025-12-30T12:30:00.000Z,25728,25736.5,25712.25,25726.5,1618
2025-12-30T13:00:00.000Z,25726.25,25744.75,25723.5,25733.75,2061
2025-12-30T13:30:00.000Z,25733.25,25735.25,25691.25,25713.75,4826
2025-12-30T14:00:00.000Z,25714.25,25722.25,25688.75,25692.75,5516
2025-12-30T14:30:00.000Z,25692.5,25774.75,25674.25,25756.75,49855
2025-12-30T15:00:00.000Z,25756,25761.5,25683.5,25697.5,30156
2025-12-30T15:30:00.000Z,25697,25753.25,25681.5,25744,22605
2025-12-30T16:00:00.000Z,25744.5,25793.75,25739.5,25774.25,21469
2025-12-30T16:30:00.000Z,25774,25776.5,25717,25720.5,17144
2025-12-30T17:00:00.000Z,25720,25723.75,25699.5,25721.5,14254
2025-12-30T17:30:00.000Z,25721.5,25739,25712,25728.75,11225
2025-12-30T18:00:00.000Z,25728.75,25739.5,25707.5,25736.75,10072
2025-12-30T18:30:00.000Z,25736.75,25744.25,25718,25732.5,9510
2025-12-30T19:00:00.000Z,25732.5,25743,25714.5,25736,11224
2025-12-30T19:30:00.000Z,25736,25741,25705.5,25712,10474
2025-12-30T20:00:00.000Z,25711.5,25717.75,25682.25,25704.75,12811
2025-12-30T20:30:00.000Z,25704.75,25715.25,25668.25,25677.5,20784
2025-12-30T21:00:00.000Z,25678,25691.75,25669.75,25685.75,6989
2025-12-30T21:30:00.000Z,25685.75,25688.5,25673.5,25676,1604
2025-12-30T23:00:00.000Z,25683.25,25689.5,25657.25,25664.75,1631
2025-12-30T23:30:00.000Z,25664.5,25667.5,25643.75,25657,1483
2025-12-31T00:00:00.000Z,25656.75,25657,25634,25648,1518
2025-12-31T00:30:00.000Z,25647.25,25648.25,25604.75,25614.25,3292
2025-12-31T01:00:00.000Z,25614,25624.5,25588,25619,3507
2025-12-31T01:30:00.000Z,25618,25623.25,25608,25618,1200
2025-12-31T02:00:00.000Z,25617.5,25631.25,25611.5,25629,1414
2025-12-31T02:30:00.000Z,25629.25,25635.75,25605,25626.25,2052
2025-12-31T03:00:00.000Z,25626.25,25633.5,25614,25614,719
2025-12-31T03:30:00.000Z,25614.75,25616.75,25606.75,25615.75,751
2025-12-31T04:00:00.000Z,25616.75,25633.75,25615.75,25626.75,912
2025-12-31T04:30:00.000Z,25626.25,25629.75,25614,25619,611
2025-12-31T05:00:00.000Z,25620.5,25623.75,25612.5,25621,813
2025-12-31T05:30:00.000Z,25621.25,25626.25,25593.75,25599,1302
2025-12-31T06:00:00.000Z,25599,25606,25579.25,25585,1630
2025-12-31T06:30:00.000Z,25585,25597.25,25584.75,25596,889
2025-12-31T07:00:00.000Z,25595.5,25602.25,25576.5,25599.5,1899
2025-12-31T07:30:00.000Z,25600.5,25609.75,25591,25598.25,1404
2025-12-31T08:00:00.000Z,25597.25,25603.5,25577.75,25578.25,1761
2025-12-31T08:30:00.000Z,25577.75,25580.25,25552.5,25559,2629
2025-12-31T09:00:00.000Z,25558.5,25584.75,25555.75,25570.25,2567
2025-12-31T09:30:00.000Z,25569.5,25580,25567.5,25569.5,888
2025-12-31T10:00:00.000Z,25569.25,25587,25561,25585.75,1130
2025-12-31T10:30:00.000Z,25585.5,25591.5,25576,25584.5,820
2025-12-31T11:00:00.000Z,25585,25599,25581.5,25595.75,1086
2025-12-31T11:30:00.000Z,25595.25,25611.75,25594,25609.5,1275
2025-12-31T12:00:00.000Z,25609.25,25628.75,25598.25,25622.75,2184
2025-12-31T12:30:00.000Z,25622.5,25632,25620,25629,1659
2025-12-31T13:00:00.000Z,25629.25,25650,25621.75,25647.25,2343
2025-12-31T13:30:00.000Z,25649,25714.75,25641.25,25703,7724
2025-12-31T14:00:00.000Z,25702.75,25716.75,25678.5,25678.75,5823
2025-12-31T14:30:00.000Z,25678.5,25692,25581.5,25605.5,44914
2025-12-31T15:00:00.000Z,25606.25,25618,25568,25602.5,24570
2025-12-31T15:30:00.000Z,25602.25,25608.75,25542.5,25555,17874
2025-12-31T16:00:00.000Z,25554.25,25597.5,25552.75,25596,13836
2025-12-31T16:30:00.000Z,25596.5,25607.5,25572,25605,13476
2025-12-31T17:00:00.000Z,25605,25606.5,25568,25587.25,11817
2025-12-31T17:30:00.000Z,25587,25604.75,25571.75,25581.5,10367
2025-12-31T18:00:00.000Z,25581.5,25604.75,25572.5,25603.25,8816
2025-12-31T18:30:00.000Z,25603.5,25629.5,25596.5,25614.25,11398
2025-12-31T19:00:00.000Z,25614.5,25634.5,25580.5,25582,11003
2025-12-31T19:30:00.000Z,25582,25585.25,25532,25535.75,17952
2025-12-31T20:00:00.000Z,25535.75,25539.5,25471.75,25478,20662
2025-12-31T20:30:00.000Z,25478,25513.5,25444.5,25455.25,36557
2025-12-31T21:00:00.000Z,25455,25471.5,25440,25445,13523
2025-12-31T21:30:00.000Z,25445,25445.5,25429,25434.75,3150
2026-01-02T05:00:00.000Z,25625.75,25633.25,25612.5,25630.25,1446
2026-01-02T05:30:00.000Z,25631,25644,25621.5,25639,1613
2026-01-02T06:00:00.000Z,25638.25,25644,25634,25639.5,959
2026-01-02T06:30:00.000Z,25639.5,25650,25634.5,25636.5,1295
2026-01-02T07:00:00.000Z,25636.25,25647.5,25624.75,25637.25,1704
2026-01-02T07:30:00.000Z,25637.25,25643.75,25627,25637.5,1194
2026-01-02T08:00:00.000Z,25637.75,25701,25637,25687.5,5648
2026-01-02T08:30:00.000Z,25687.75,25718.5,25676,25710.25,3102
2026-01-02T09:00:00.000Z,25709,25740.5,25705.25,25732.75,3952
2026-01-02T09:30:00.000Z,25733.75,25737,25721.75,25733,2287
2026-01-02T10:00:00.000Z,25734,25737.25,25712.25,25717,1951
2026-01-02T10:30:00.000Z,25716.5,25736.5,25707.5,25730.75,1750
2026-01-02T11:00:00.000Z,25730.25,25742.75,25714,25717.5,2123
2026-01-02T11:30:00.000Z,25717.25,25729.25,25716.5,25727.25,1493
2026-01-02T12:00:00.000Z,25726.25,25727.25,25680,25694.5,4305
2026-01-02T12:30:00.000Z,25695.25,25705.5,25687.5,25703,2144
2026-01-02T13:00:00.000Z,25703.25,25709,25688,25697.75,2773
2026-01-02T13:30:00.000Z,25697,25703,25679.25,25692.75,4236
2026-01-02T14:00:00.000Z,25692,25707,25662.25,25687,9257
2026-01-02T14:30:00.000Z,25686.75,25803.75,25638.25,25733,68814
2026-01-02T15:00:00.000Z,25733.75,25780,25457.25,25490.25,66328
2026-01-02T15:30:00.000Z,25490,25604.5,25360.5,25375,57083
2026-01-02T16:00:00.000Z,25375.75,25406.25,25294.25,25376.75,50178
2026-01-02T16:30:00.000Z,25376,25427.25,25303.5,25341.5,35706
2026-01-02T17:00:00.000Z,25341.25,25405.5,25315.25,25385.5,18868
2026-01-02T17:30:00.000Z,25388.25,25400.75,25310.75,25323.75,21488
2026-01-02T18:00:00.000Z,25323.5,25363.75,25305.25,25332.5,16891
2026-01-02T18:30:00.000Z,25332.75,25351.75,25265.25,25295,20038
2026-01-02T19:00:00.000Z,25294.5,25420,25288.5,25411,21544
2026-01-02T19:30:00.000Z,25410.75,25457,25387.25,25399.5,21314
2026-01-02T20:00:00.000Z,25399.5,25450.5,25387.5,25432,15113
2026-01-02T20:30:00.000Z,25431.5,25440.25,25362,25386,34537
2026-01-02T21:00:00.000Z,25386,25415,25381.5,25395,10878
2026-01-02T21:30:00.000Z,25395,25401.25,25379.25,25385.25,1777
2026-01-04T23:00:00.000Z,25426.75,25463.25,25408,25459.25,2854
2026-01-04T23:30:00.000Z,25459,25461.75,25417.5,25457,3919
2026-01-05T00:00:00.000Z,25459.25,25479.5,25448.25,25469.25,3956
2026-01-05T00:30:00.000Z,25470,25472.5,25434.75,25466.75,2657
2026-01-05T01:00:00.000Z,25467,25487.5,25450,25468.75,4007
2026-01-05T01:30:00.000Z,25468.5,25486,25452,25458.25,2785
2026-01-05T02:00:00.000Z,25459.25,25483.25,25459,25466.25,1692
2026-01-05T02:30:00.000Z,25466.75,25480,25452.25,25474,1609
2026-01-05T03:00:00.000Z,25474.25,25482.75,25467.25,25474.75,1202
2026-01-05T03:30:00.000Z,25473.5,25473.75,25457.5,25464,1029
2026-01-05T04:00:00.000Z,25463.75,25472.5,25457.75,25462.5,949
2026-01-05T04:30:00.000Z,25462.25,25491.75,25461,25486.25,1422
2026-01-05T05:00:00.000Z,25488,25488.5,25465.5,25479,1434
2026-01-05T05:30:00.000Z,25479.75,25497,25475.25,25495.25,1270
2026-01-05T06:00:00.000Z,25494.5,25504.25,25478,25479.25,1672
2026-01-05T06:30:00.000Z,25479.75,25507.25,25468.75,25506.25,1593
2026-01-05T07:00:00.000Z,25506.25,25509,25460.25,25471.25,1993
2026-01-05T07:30:00.000Z,25470.25,25483.5,25455,25478,1690
2026-01-05T08:00:00.000Z,25478,25556.75,25467.75,25537.5,5080
2026-01-05T08:30:00.000Z,25536.5,25544.75,25507.5,25512,2586
2026-01-05T09:00:00.000Z,25511.25,25532.25,25495.75,25499.5,2481
2026-01-05T09:30:00.000Z,25498,25524.5,25496,25512,1731
2026-01-05T10:00:00.000Z,25512.25,25555,25511.25,25544.25,2148
2026-01-05T10:30:00.000Z,25544.5,25559,25534,25553.75,1760
2026-01-05T11:00:00.000Z,25554.25,25567.75,25544,25548.5,1762
2026-01-05T11:30:00.000Z,25548.25,25577,25548,25567.5,2067
2026-01-05T12:00:00.000Z,25567.5,25588.25,25557.5,25559.5,2419
2026-01-05T12:30:00.000Z,25560,25572.25,25544.5,25557.25,2681
2026-01-05T13:00:00.000Z,25558.25,25572.25,25520.25,25537.5,4592
2026-01-05T13:30:00.000Z,25537.75,25592.75,25537.75,25576,5889
2026-01-05T14:00:00.000Z,25576,25647,25575.5,25642.75,13611
2026-01-05T14:30:00.000Z,25642.75,25672.5,25538.75,25599.75,86459
2026-01-05T15:00:00.000Z,25593.25,25683.75,25566,25673,42745
2026-01-05T15:30:00.000Z,25674.25,25690.5,25637,25665,29252
2026-01-05T16:00:00.000Z,25665.25,25696.75,25651.25,25683.5,22957
2026-01-05T16:30:00.000Z,25683.25,25708,25657,25658.25,21893
2026-01-05T17:00:00.000Z,25659,25673.5,25615.25,25629.25,24163
2026-01-05T17:30:00.000Z,25629.5,25635,25607.5,25626.75,17439
2026-01-05T18:00:00.000Z,25627,25632.25,25557,25605.25,23243
2026-01-05T18:30:00.000Z,25605.25,25625.5,25589,25612.75,13390
2026-01-05T19:00:00.000Z,25612.75,25618.75,25584,25585.5,11653
2026-01-05T19:30:00.000Z,25585.5,25591.25,25549.5,25577.5,19121
2026-01-05T20:00:00.000Z,25577,25605.25,25565,25600.5,13608
2026-01-05T20:30:00.000Z,25600.5,25613,25566,25587,29264
2026-01-05T21:00:00.000Z,25586.75,25590.75,25573.25,25584.5,7755
2026-01-05T21:30:00.000Z,25585.25,25588.5,25576.25,25578.25,1571
2026-01-05T23:00:00.000Z,25583,25598.75,25577.75,25587.5,1218
2026-01-05T23:30:00.000Z,25587.75,25588,25560.75,25565.5,2080
2026-01-06T00:00:00.000Z,25566,25582.25,25554.25,25572.25,2397
2026-01-06T00:30:00.000Z,25571.75,25574.25,25552.25,25563.25,1690
2026-01-06T01:00:00.000Z,25563.5,25598.5,25555.25,25594.25,2473
2026-01-06T01:30:00.000Z,25593.25,25602.75,25590.75,25597.5,1425
2026-01-06T02:00:00.000Z,25598,25608,25592.25,25603.5,1332
2026-01-06T02:30:00.000Z,25604,25625.5,25600.75,25623.5,1494
2026-01-06T03:00:00.000Z,25623.75,25629.25,25620.5,25622.25,931
2026-01-06T03:30:00.000Z,25623,25627.25,25616,25620.25,962
2026-01-06T04:00:00.000Z,25620.75,25640.75,25620.5,25640.5,1338
2026-01-06T04:30:00.000Z,25640.75,25647,25632.5,25647,1878
2026-01-06T05:00:00.000Z,25643.5,25653.25,25641.5,25647.5,1030
2026-01-06T05:30:00.000Z,25647.75,25650.5,25638.5,25642.75,744
2026-01-06T06:00:00.000Z,25643,25668,25641.75,25661,1520
2026-01-06T06:30:00.000Z,25661.75,25674.25,25660.5,25668.25,1067
2026-01-06T07:00:00.000Z,25669.5,25670,25649.25,25653,1005
2026-01-06T07:30:00.000Z,25653,25657.75,25642.25,25646.75,908
2026-01-06T08:00:00.000Z,25647.5,25647.75,25546.75,25554.5,6008
2026-01-06T08:30:00.000Z,25553.75,25578.25,25527.5,25572.25,4941
2026-01-06T09:00:00.000Z,25572.5,25587.5,25557,25572,2976
2026-01-06T09:30:00.000Z,25569.5,25608,25564.25,25586.75,2773
2026-01-06T10:00:00.000Z,25585.5,25591.5,25571.75,25580.25,1383
2026-01-06T10:30:00.000Z,25578.25,25597,25577,25592,1146
2026-01-06T11:00:00.000Z,25593.5,25605.25,25590.25,25592,1445
2026-01-06T11:30:00.000Z,25592.5,25610.25,25590.5,25596.75,1664
2026-01-06T12:00:00.000Z,25596,25617.25,25591.5,25616,1749
2026-01-06T12:30:00.000Z,25615.5,25649,25611.5,25641.25,3141
2026-01-06T13:00:00.000Z,25640.25,25650.5,25619.75,25625,3675
2026-01-06T13:30:00.000Z,25624,25637.25,25590.5,25616.5,4922
2026-01-06T14:00:00.000Z,25616.75,25638.5,25592.5,25635.75,8142
2026-01-06T14:30:00.000Z,25635.75,25761.25,25608,25753,76965
2026-01-06T15:00:00.000Z,25753,25779,25726.5,25760.25,39004
2026-01-06T15:30:00.000Z,25766.75,25767,25676.75,25687.5,39193
2026-01-06T16:00:00.000Z,25687,25706.75,25645.5,25676.25,36997
2026-01-06T16:30:00.000Z,25676.75,25697.75,25658.75,25695.5,24543
2026-01-06T17:00:00.000Z,25696,25743,25674.5,25735,21268
2026-01-06T17:30:00.000Z,25735.5,25772.5,25735,25760.25,22236
2026-01-06T18:00:00.000Z,25759.75,25779,25745,25759.5,13929
2026-01-06T18:30:00.000Z,25759.75,25805.75,25750,25800,17644
2026-01-06T19:00:00.000Z,25805,25814.5,25794,25809,14103
2026-01-06T19:30:00.000Z,25809,25821,25806.25,25809.75,10614
2026-01-06T20:00:00.000Z,25812.25,25824,25802,25815.75,11173
2026-01-06T20:30:00.000Z,25813.5,25837.75,25812.25,25834.75,21035
2026-01-06T21:00:00.000Z,25818.5,25826.75,25817,25822.75,18532
2026-01-06T21:30:00.000Z,25822.75,25833,25818.5,25831.25,1960
2026-01-06T23:00:00.000Z,25831.25,25844.75,25820,25825.25,1252
2026-01-06T23:30:00.000Z,25825,25831,25815.5,25824.75,1568
2026-01-07T00:00:00.000Z,25825.25,25842.25,25820.75,25831.5,2562
2026-01-07T00:30:00.000Z,25831.5,25838.75,25819,25829.5,1818
2026-01-07T01:00:00.000Z,25828.75,25835,25812,25815.5,1929
2026-01-07T01:30:00.000Z,25815.75,25829.75,25811.5,25817.5,1764
2026-01-07T02:00:00.000Z,25815.75,25832.75,25808.5,25809.25,1688
2026-01-07T02:30:00.000Z,25808.5,25813,25801.75,25806.25,1253
2026-01-07T03:00:00.000Z,25807.25,25822,25806,25816.5,1335
2026-01-07T03:30:00.000Z,25817.25,25819.75,25796.75,25799.5,1376
2026-01-07T04:00:00.000Z,25800,25804,25781.25,25781.75,1928
2026-01-07T04:30:00.000Z,25781.5,25794.75,25780.5,25785.25,1144
2026-01-07T05:00:00.000Z,25782.25,25790,25780.5,25784.5,1223
2026-01-07T05:30:00.000Z,25785,25794.25,25779,25783.5,1098
2026-01-07T06:00:00.000Z,25782.75,25799.75,25782.75,25785.5,1343
2026-01-07T06:30:00.000Z,25785.5,25792.75,25768.25,25769.25,1493
2026-01-07T07:00:00.000Z,25768.75,25779.5,25764.75,25776,1274
2026-01-07T07:30:00.000Z,25775,25776.25,25765,25766.5,913
2026-01-07T08:00:00.000Z,25766,25788,25759.5,25770.25,2491
2026-01-07T08:30:00.000Z,25770.75,25775.75,25753.5,25753.75,2093
2026-01-07T09:00:00.000Z,25753.75,25758.75,25727,25744.25,4514
2026-01-07T09:30:00.000Z,25744.25,25757.75,25740.25,25753,1981
2026-01-07T10:00:00.000Z,25752.5,25762,25734.25,25735.25,1806
2026-01-07T10:30:00.000Z,25735.25,25741.5,25727.75,25739.5,1464
2026-01-07T11:00:00.000Z,25740.25,25749.75,25732,25742,1499
2026-01-07T11:30:00.000Z,25742.25,25768.5,25740.5,25768,2498
2026-01-07T12:00:00.000Z,25768,25782.25,25762.5,25774.5,2567
2026-01-07T12:30:00.000Z,25774,25778,25753,25766.25,2868
2026-01-07T13:00:00.000Z,25765,25776,25755.25,25775,3659
2026-01-07T13:30:00.000Z,25775.75,25793.75,25766,25788.75,6209
2026-01-07T14:00:00.000Z,25788.25,25791.25,25761.5,25790.75,8874
2026-01-07T14:30:00.000Z,25790.25,25880,25771,25855,58568
2026-01-07T15:00:00.000Z,25857.25,25875.75,25812.25,25866.75,39500
2026-01-07T15:30:00.000Z,25866,25911.25,25810.75,25905.75,41861
2026-01-07T16:00:00.000Z,25905,25929.25,25879.25,25895.75,24982
2026-01-07T16:30:00.000Z,25895.25,25971,25890,25970,32074
2026-01-07T17:00:00.000Z,25970.25,25990,25964.25,25984.25,22587
2026-01-07T17:30:00.000Z,25984.5,25996.25,25960,25971,19437
2026-01-07T18:00:00.000Z,25971,25972,25926,25930.25,20905
2026-01-07T18:30:00.000Z,25930.5,25979,25929,25955.5,19899
2026-01-07T19:00:00.000Z,25956,25956.25,25890,25899.25,25513
2026-01-07T19:30:00.000Z,25899.5,25921.25,25891.75,25902.75,15291
2026-01-07T20:00:00.000Z,25902.75,25913.5,25852.5,25860.75,27413
2026-01-07T20:30:00.000Z,25860.25,25862.25,25814.5,25834.25,39268
2026-01-07T21:00:00.000Z,25834.75,25836,25820,25831,9734
2026-01-07T21:30:00.000Z,25830.25,25839.25,25827.25,25835.75,3203
2026-01-07T23:00:00.000Z,25838.75,25849.75,25823.25,25830,1604
2026-01-07T23:30:00.000Z,25830,25835.25,25818.75,25822.75,974
2026-01-08T00:00:00.000Z,25822.75,25828.25,25805.75,25810.5,1659
2026-01-08T00:30:00.000Z,25810.5,25843.5,25810,25842.5,1950
2026-01-08T01:00:00.000Z,25842,25844.5,25817,25837,2263
2026-01-08T01:30:00.000Z,25837.5,25840.25,25820.75,25837.75,1400
2026-01-08T02:00:00.000Z,25837,25840.5,25820,25824.75,1489
2026-01-08T02:30:00.000Z,25825.5,25827.5,25774,25786.25,3031
2026-01-08T03:00:00.000Z,25786.5,25795.25,25777.75,25784.25,1782
2026-01-08T03:30:00.000Z,25784.75,25790.5,25769.75,25776.75,1346
2026-01-08T04:00:00.000Z,25776.25,25794,25773.75,25784,1062
2026-01-08T04:30:00.000Z,25783.5,25785.75,25772.75,25779.25,825
2026-01-08T05:00:00.000Z,25778.75,25779.5,25759,25763.5,1520
2026-01-08T05:30:00.000Z,25763.5,25763.5,25737.25,25738.25,1820
2026-01-08T06:00:00.000Z,25738.5,25742.5,25670,25675,5361
2026-01-08T06:30:00.000Z,25675.25,25710.25,25672,25705.75,2785
2026-01-08T07:00:00.000Z,25705.75,25805.25,25680.5,25759.5,6903
2026-01-08T07:30:00.000Z,25757.75,25779.5,25741.75,25749.75,3007
2026-01-08T08:00:00.000Z,25749,25787.5,25747.5,25787.25,3221
2026-01-08T08:30:00.000Z,25787.5,25803.5,25777.25,25780.5,3221
2026-01-08T09:00:00.000Z,25780.75,25795.5,25762.25,25769.5,2292
2026-01-08T09:30:00.000Z,25770.25,25773.25,25751,25770,2048
2026-01-08T10:00:00.000Z,25769,25770,25744,25748.5,1673
2026-01-08T10:30:00.000Z,25748,25774.25,25745.75,25772.25,1674
2026-01-08T11:00:00.000Z,25772.75,25785.75,25764,25779,1843
2026-01-08T11:30:00.000Z,25778.25,25786,25738.75,25771.75,3692
2026-01-08T12:00:00.000Z,25770.25,25778,25746.5,25774.25,3300
2026-01-08T12:30:00.000Z,25774,25777,25754.75,25767,1969
2026-01-08T13:00:00.000Z,25766.5,25810.25,25758,25804.75,3669
2026-01-08T13:30:00.000Z,25805.25,25818,25786,25799.5,4787
2026-01-08T14:00:00.000Z,25799.5,25811,25773.75,25785.5,7414
2026-01-08T14:30:00.000Z,25786,25802.5,25597.25,25603.25,94206
2026-01-08T15:00:00.000Z,25603.75,25713.5,25569,25696.75,56486
2026-01-08T15:30:00.000Z,25696.75,25705.25,25611,25684.25,44038
2026-01-08T16:00:00.000Z,25684.25,25686.5,25614.25,25624.75,29918
2026-01-08T16:30:00.000Z,25624.5,25679.5,25583.75,25671.25,30448
2026-01-08T17:00:00.000Z,25670.75,25680,25627,25636.5,18823
2026-01-08T17:30:00.000Z,25636,25703.75,25634.5,25680.5,16814
2026-01-08T18:00:00.000Z,25681,25684.75,25619.25,25658.25,21497
2026-01-08T18:30:00.000Z,25658.5,25676.25,25624.5,25631.75,13819
2026-01-08T19:00:00.000Z,25631.25,25657.75,25595,25627.5,19801
2026-01-08T19:30:00.000Z,25627.5,25645.75,25613,25634.25,14888
2026-01-08T20:00:00.000Z,25633.5,25684,25625.5,25676.25,16823
2026-01-08T20:30:00.000Z,25676,25700,25666.75,25683,27975
2026-01-08T21:00:00.000Z,25683,25701.75,25681.25,25696.25,8693
2026-01-08T21:30:00.000Z,25695.75,25741.75,25695.75,25712,4620
2026-01-08T23:00:00.000Z,25725,25727.25,25692.5,25694,1316
2026-01-08T23:30:00.000Z,25694.5,25698,25671.75,25675.75,1579
2026-01-09T00:00:00.000Z,25675.25,25695,25672.25,25685.5,1617
2026-01-09T00:30:00.000Z,25685.5,25695,25664.25,25666,2200
2026-01-09T01:00:00.000Z,25666.5,25679.25,25630,25637,2749
2026-01-09T01:30:00.000Z,25637.75,25654,25627.5,25651.75,2463
2026-01-09T02:00:00.000Z,25651.5,25690,25649.5,25688,2674
2026-01-09T02:30:00.000Z,25688,25694,25673.5,25684,1544
2026-01-09T03:00:00.000Z,25682.75,25690.5,25669,25672.25,1253
2026-01-09T03:30:00.000Z,25672.75,25684,25666,25674.5,1047
2026-01-09T04:00:00.000Z,25675.25,25680.25,25657,25670,1100
2026-01-09T04:30:00.000Z,25669.25,25680.75,25665.5,25677.5,789
2026-01-09T05:00:00.000Z,25684,25687,25672.75,25681,1364
2026-01-09T05:30:00.000Z,25679.75,25695.25,25666.75,25693.5,1164
2026-01-09T06:00:00.000Z,25693.25,25702.5,25672.5,25681.25,993
2026-01-09T06:30:00.000Z,25682,25699.25,25681.5,25689.75,821
2026-01-09T07:00:00.000Z,25691.5,25691.75,25653.75,25658.75,1292
2026-01-09T07:30:00.000Z,25657.5,25681.25,25652.25,25672.75,1414
2026-01-09T08:00:00.000Z,25673.75,25701.75,25671.5,25690.5,2550
2026-01-09T08:30:00.000Z,25690.75,25698.5,25665.25,25674.5,2486
2026-01-09T09:00:00.000Z,25674.25,25696.75,25662.75,25696.25,1627
2026-01-09T09:30:00.000Z,25696.5,25725.25,25696.5,25721.75,3026
2026-01-09T10:00:00.000Z,25722.5,25738,25717,25729.5,1712
2026-01-09T10:30:00.000Z,25730.25,25735.5,25721.75,25727.75,1363
2026-01-09T11:00:00.000Z,25729,25748.75,25721.25,25745.5,1756
2026-01-09T11:30:00.000Z,25745.25,25767.25,25738,25740.5,2487
2026-01-09T12:00:00.000Z,25740,25753.75,25720.75,25726.5,2169
2026-01-09T12:30:00.000Z,25726.5,25749.25,25712,25748.75,2584
2026-01-09T13:00:00.000Z,25749,25752.5,25726.5,25741.75,4390
2026-01-09T13:30:00.000Z,25742.75,25807.5,25736.5,25804.75,13490
2026-01-09T14:00:00.000Z,25805.25,25824.75,25700,25714.5,18931
2026-01-09T14:30:00.000Z,25714.25,25790.25,25648.5,25734.75,75411
2026-01-09T15:00:00.000Z,25734,25860.75,25615.5,25853.5,66663
2026-01-09T15:30:00.000Z,25853.5,25879,25761.25,25812.25,50301
2026-01-09T16:00:00.000Z,25811.75,25901.5,25810.75,25864.5,34618
2026-01-09T16:30:00.000Z,25864.5,25920.5,25845,25910.25,27302
2026-01-09T17:00:00.000Z,25910,25926.25,25885.5,25913.5,20424
2026-01-09T17:30:00.000Z,25913,25936,25904,25923.5,18972
2026-01-09T18:00:00.000Z,25923.5,25923.5,25882,25908,19840
2026-01-09T18:30:00.000Z,25908.5,25967.75,25906.75,25961.25,21297
2026-01-09T19:00:00.000Z,25961.25,25966.75,25948,25959,10571
2026-01-09T19:30:00.000Z,25959.25,25972.75,25952.25,25954.5,12696
2026-01-09T20:00:00.000Z,25954.25,25985.5,25949.5,25967.5,14046
2026-01-09T20:30:00.000Z,25967.25,25973.25,25930.25,25932.75,29486
2026-01-09T21:00:00.000Z,25932,25943,25924.25,25933.75,11019
2026-01-09T21:30:00.000Z,25933.5,25934.25,25923.25,25931.75,3067
2026-01-11T23:00:00.000Z,25914.25,25919.5,25879.75,25902.5,1939
2026-01-11T23:30:00.000Z,25902.75,25912,25894,25894.25,1703
2026-01-12T00:00:00.000Z,25893.25,25902.75,25855.25,25861.75,4081
2026-01-12T00:30:00.000Z,25861,25862.5,25772.5,25789.5,7819
2026-01-12T01:00:00.000Z,25789.75,25797,25748.75,25757.25,7630
2026-01-12T01:30:00.000Z,25756.25,25785,25723.25,25778.5,5821
2026-01-12T02:00:00.000Z,25777.5,25778.25,25731.5,25741.5,5645
2026-01-12T02:30:00.000Z,25740.5,25764.25,25740,25748,3124
2026-01-12T03:00:00.000Z,25748.25,25753.25,25738,25745.25,1871
2026-01-12T03:30:00.000Z,25745.25,25753.25,25710.25,25737.75,3910
2026-01-12T04:00:00.000Z,25738.25,25739.5,25715,25728.75,1674
2026-01-12T04:30:00.000Z,25728.25,25738,25722.5,25729.25,1345
2026-01-12T05:00:00.000Z,25727,25742.5,25693.25,25702.75,2834
2026-01-12T05:30:00.000Z,25702.25,25702.25,25676.25,25698.75,3545
2026-01-12T06:00:00.000Z,25699.75,25726,25696.75,25711,2092
2026-01-12T06:30:00.000Z,25710.25,25721.5,25705.5,25716.75,1108
2026-01-12T07:00:00.000Z,25718,25746.25,25715.75,25733.5,2599
2026-01-12T07:30:00.000Z,25733.5,25736,25723.25,25731.5,1478
2026-01-12T08:00:00.000Z,25731.75,25750,25659.25,25676.75,7678
2026-01-12T08:30:00.000Z,25677,25677.25,25632.75,25660.5,6055
2026-01-12T09:00:00.000Z,25660,25701,25660,25679.5,4568
2026-01-12T09:30:00.000Z,25679.75,25706.5,25666,25698,3240
2026-01-12T10:00:00.000Z,25698.5,25707,25686.25,25704.25,1951
2026-01-12T10:30:00.000Z,25705.25,25723,25702,25707.25,2768
2026-01-12T11:00:00.000Z,25707.5,25733,25705.25,25718.75,3203
2026-01-12T11:30:00.000Z,25718.25,25724.5,25710,25718.75,1623
2026-01-12T12:00:00.000Z,25718.5,25741.75,25713.75,25729,3540
2026-01-12T12:30:00.000Z,25729,25761.5,25728.25,25752.75,4773
2026-01-12T13:00:00.000Z,25752.5,25763,25728.25,25754.5,5257
2026-01-12T13:30:00.000Z,25754,25760,25737,25743.5,4491
2026-01-12T14:00:00.000Z,25743.75,25754.25,25719.75,25746,9468
2026-01-12T14:30:00.000Z,25746.25,25924,25743.5,25901,74339
2026-01-12T15:00:00.000Z,25901.25,25933.5,25867.5,25921.5,39978
2026-01-12T15:30:00.000Z,25921.75,25922.5,25863.75,25915.5,30219
2026-01-12T16:00:00.000Z,25915.5,25960,25901,25941.5,24270
2026-01-12T16:30:00.000Z,25941.75,25969.5,25922,25961,22569
2026-01-12T17:00:00.000Z,25961,25974,25949.25,25963,15273
2026-01-12T17:30:00.000Z,25962.25,25972.75,25938.25,25968,11656
2026-01-12T18:00:00.000Z,25968.5,25997.5,25965,25991,16353
2026-01-12T18:30:00.000Z,25991,25993.5,25974,25978.5,9581
2026-01-12T19:00:00.000Z,25978.5,26002.25,25962,25996,13130
2026-01-12T19:30:00.000Z,25996.25,26016.5,25995.25,26014.75,13569
2026-01-12T20:00:00.000Z,26015,26020.5,25986,25992.25,14101
2026-01-12T20:30:00.000Z,25991,25995.5,25950.5,25952.5,30319
2026-01-12T21:00:00.000Z,25952,25974,25948.5,25971,8575
2026-01-12T21:30:00.000Z,25971,25971.5,25932.75,25942.25,3851
2026-01-12T23:00:00.000Z,25953.5,25954,25913.25,25928,1675
2026-01-12T23:30:00.000Z,25928,25932,25893.5,25895.5,3119
2026-01-13T00:00:00.000Z,25895.25,25898.25,25882,25884.5,2676
2026-01-13T00:30:00.000Z,25884,25888.5,25871.5,25875.25,2330
2026-01-13T01:00:00.000Z,25875,25881.75,25870.25,25872.5,1815
2026-01-13T01:30:00.000Z,25873,25891.25,25845.75,25878.75,4350
2026-01-13T02:00:00.000Z,25879.75,25897.75,25875.5,25879.75,2498
2026-01-13T02:30:00.000Z,25878.75,25892.25,25874.25,25878.25,1328
2026-01-13T03:00:00.000Z,25877.75,25892.25,25867,25885.75,1392
2026-01-13T03:30:00.000Z,25885.5,25886.75,25861.5,25882.25,1684
2026-01-13T04:00:00.000Z,25883.5,25891.75,25875,25884.25,1119
2026-01-13T04:30:00.000Z,25884.5,25890.75,25869,25886.25,1165
2026-01-13T05:00:00.000Z,25881.5,25906,25877.5,25905.25,1293
2026-01-13T05:30:00.000Z,25905.5,25907.25,25883.75,25901.5,1415
2026-01-13T06:00:00.000Z,25902,25921,25900.75,25917.5,1519
2026-01-13T06:30:00.000Z,25918.25,25932.75,25910.75,25917,1573
2026-01-13T07:00:00.000Z,25916.25,25925.25,25906.5,25916,1606
2026-01-13T07:30:00.000Z,25914,25923.75,25909.25,25917.25,870
2026-01-13T08:00:00.000Z,25917.25,25924.25,25901,25918,2325
2026-01-13T08:30:00.000Z,25919.5,25923.5,25895.5,25906.25,2051
2026-01-13T09:00:00.000Z,25907,25936.75,25907,25923.75,2339
2026-01-13T09:30:00.000Z,25923.25,25927.75,25893.5,25909.75,1911
2026-01-13T10:00:00.000Z,25908.75,25914.25,25871.75,25881.5,2559
2026-01-13T10:30:00.000Z,25881.5,25896,25875.75,25878,1493
2026-01-13T11:00:00.000Z,25878.5,25895.75,25876.5,25888.5,1613
2026-01-13T11:30:00.000Z,25889.75,25900.75,25871.25,25900.5,2866
2026-01-13T12:00:00.000Z,25901.25,25918.25,25888.5,25915.5,2207
2026-01-13T12:30:00.000Z,25915,25918.75,25888.25,25895.25,2771
2026-01-13T13:00:00.000Z,25895.25,25912,25887,25911.75,3529
2026-01-13T13:30:00.000Z,25912,26045.5,25905.5,25971.25,24422
2026-01-13T14:00:00.000Z,25970.25,26000.5,25948,25950.25,10902
2026-01-13T14:30:00.000Z,25950.25,26042.75,25930.75,25948.75,75177
2026-01-13T15:00:00.000Z,25947.25,25969.75,25812,25842.75,58028
2026-01-13T15:30:00.000Z,25841.75,25904.75,25809.25,25894.5,46563
2026-01-13T16:00:00.000Z,25894.5,25924.5,25847.25,25905.5,31165
2026-01-13T16:30:00.000Z,25904.5,26025.75,25893.75,26008.5,35240
2026-01-13T17:00:00.000Z,26008.75,26018.25,25944,25966.25,25339
2026-01-13T17:30:00.000Z,25966.5,25978.75,25857.75,25877.25,32909
2026-01-13T18:00:00.000Z,25876.5,25910.75,25851.5,25874,26110
2026-01-13T18:30:00.000Z,25873.75,25904,25833.75,25839.75,21391
2026-01-13T19:00:00.000Z,25840.25,25871.25,25821.25,25866,24719
2026-01-13T19:30:00.000Z,25865.5,25885.25,25844.25,25866.25,17748
2026-01-13T20:00:00.000Z,25866,25866.5,25825,25827.5,15765
2026-01-13T20:30:00.000Z,25827.25,25912,25803.25,25903.75,35685
2026-01-13T21:00:00.000Z,25903.75,25926.5,25903.75,25914.25,11719
2026-01-13T21:30:00.000Z,25914.25,25914.25,25896,25898.25,1889
2026-01-13T23:00:00.000Z,25900.75,25913.75,25886.5,25891.75,1418
2026-01-13T23:30:00.000Z,25891.25,25902.5,25888.75,25891,835
2026-01-14T00:00:00.000Z,25891,25923.25,25882.5,25922,2317
2026-01-14T00:30:00.000Z,25923.25,25924.75,25906.5,25907.25,1104
2026-01-14T01:00:00.000Z,25906.75,25924.5,25899,25921,1744
2026-01-14T01:30:00.000Z,25920.25,25923,25879,25886.5,2066
2026-01-14T02:00:00.000Z,25885.5,25898.75,25876,25895,1414
2026-01-14T02:30:00.000Z,25895.75,25896,25886.5,25894,498
2026-01-14T03:00:00.000Z,25893,25920,25890,25916.75,1474
2026-01-14T03:30:00.000Z,25916.5,25925.75,25913.75,25915,1101
2026-01-14T04:00:00.000Z,25914.75,25919.25,25895.5,25900.75,1172
2026-01-14T04:30:00.000Z,25900.75,25900.75,25873.25,25882.5,1235
2026-01-14T05:00:00.000Z,25877.25,25882.25,25860.25,25864.5,1566
2026-01-14T05:30:00.000Z,25864.5,25875,25852.75,25856.25,1379
2026-01-14T06:00:00.000Z,25856.5,25859,25839,25850,1587
2026-01-14T06:30:00.000Z,25851.25,25863.75,25835.5,25859.5,2039
2026-01-14T07:00:00.000Z,25861.25,25866.25,25848.75,25859.75,1225
2026-01-14T07:30:00.000Z,25859.75,25871.75,25855.25,25862.75,940
2026-01-14T08:00:00.000Z,25862.25,25876,25851.75,25864.75,1898
2026-01-14T08:30:00.000Z,25865,25865.75,25840.25,25858,1811
2026-01-14T09:00:00.000Z,25858.5,25879,25854.5,25864.25,2048
2026-01-14T09:30:00.000Z,25865.75,25869.75,25835.75,25852,1778
2026-01-14T10:00:00.000Z,25852.75,25852.75,25756.25,25770.5,5860
2026-01-14T10:30:00.000Z,25770.5,25774.5,25712.25,25737.5,6817
2026-01-14T11:00:00.000Z,25737.75,25766.5,25714.25,25758.5,4869
2026-01-14T11:30:00.000Z,25760,25769.25,25739,25743,2499
2026-01-14T12:00:00.000Z,25743,25779.75,25701.25,25774.75,5403
2026-01-14T12:30:00.000Z,25773.75,25784.5,25769.25,25779.75,2372
2026-01-14T13:00:00.000Z,25779,25798,25752,25797.5,5532
2026-01-14T13:30:00.000Z,25797.5,25805.5,25732.5,25754.75,9492
2026-01-14T14:00:00.000Z,25754.25,25772.75,25733.5,25740.5,9909
2026-01-14T14:30:00.000Z,25739.75,25790.25,25582,25585,92775
2026-01-14T15:00:00.000Z,25586.25,25693.5,25530.5,25613,69498
2026-01-14T15:30:00.000Z,25612.5,25634.25,25469.5,25492,57926
2026-01-14T16:00:00.000Z,25491.75,25589.5,25486.75,25578.75,33011
2026-01-14T16:30:00.000Z,25578.75,25592.25,25440,25460.25,39982
2026-01-14T17:00:00.000Z,25459.5,25505.75,25435.5,25493.25,29139
2026-01-14T17:30:00.000Z,25493.25,25509,25433.25,25449.75,26778
2026-01-14T18:00:00.000Z,25449.75,25500,25444.75,25497,19797
2026-01-14T18:30:00.000Z,25497.5,25526,25420.75,25515,30002
2026-01-14T19:00:00.000Z,25515.25,25524.75,25486,25513.5,18759
2026-01-14T19:30:00.000Z,25513.25,25534,25492.75,25500.5,16699
2026-01-14T20:00:00.000Z,25500,25594,25460.5,25564.75,39013
2026-01-14T20:30:00.000Z,25564.5,25643.5,25563.25,25636.75,54692
2026-01-14T21:00:00.000Z,25636.75,25659,25615.25,25621.5,14735
2026-01-14T21:30:00.000Z,25621.5,25629,25553.25,25612,6003
2026-01-14T23:00:00.000Z,25593,25615.25,25563.5,25595.5,2441
2026-01-14T23:30:00.000Z,25597.25,25610.75,25586.25,25605.25,2061
2026-01-15T00:00:00.000Z,25605,25610,25587.25,25593.25,2025
2026-01-15T00:30:00.000Z,25594,25610.75,25586,25603.25,1753
2026-01-15T01:00:00.000Z,25602.5,25643,25601.5,25614.5,3810
2026-01-15T01:30:00.000Z,25614.75,25632.5,25562.5,25629.75,4419
2026-01-15T02:00:00.000Z,25630.25,25634.25,25605.5,25607,1914
2026-01-15T02:30:00.000Z,25607.75,25617.25,25595.75,25609,1229
2026-01-15T03:00:00.000Z,25609.75,25627.25,25596,25597.75,1505
2026-01-15T03:30:00.000Z,25597,25615.5,25579.5,25581.5,2113
2026-01-15T04:00:00.000Z,25581.5,25599.75,25577.5,25590.25,1938
2026-01-15T04:30:00.000Z,25591,25593,25569.5,25580,1552
2026-01-15T05:00:00.000Z,25601.5,25619.5,25598.75,25610.75,2678
2026-01-15T05:30:00.000Z,25611.5,25647.5,25608.75,25622.75,3604
2026-01-15T06:00:00.000Z,25622,25719.25,25611.25,25698.5,7181
2026-01-15T06:30:00.000Z,25699.25,25723,25685.5,25700.75,3511
2026-01-15T07:00:00.000Z,25700.5,25708,25678.5,25683.75,2551
2026-01-15T07:30:00.000Z,25683.75,25702.5,25677.75,25689,2782
2026-01-15T08:00:00.000Z,25689,25747.25,25673.75,25713.5,6475
2026-01-15T08:30:00.000Z,25712.25,25742,25710.25,25738.25,2681
2026-01-15T09:00:00.000Z,25737.5,25808.25,25733.25,25803.75,6296
2026-01-15T09:30:00.000Z,25804.5,25832.75,25804,25812.75,5270
2026-01-15T10:00:00.000Z,25812.25,25830.25,25800,25813,3349
2026-01-15T10:30:00.000Z,25813.5,25828.25,25809,25817,1730
2026-01-15T11:00:00.000Z,25817.75,25848,25816.25,25833.25,3395
2026-01-15T11:30:00.000Z,25833.25,25855.75,25830,25842.5,2568
2026-01-15T12:00:00.000Z,25841.25,25844.5,25815.75,25830.75,4143
2026-01-15T12:30:00.000Z,25830.75,25854.25,25811.25,25852.75,4253
2026-01-15T13:00:00.000Z,25852,25873.5,25834,25868.75,5565
2026-01-15T13:30:00.000Z,25868.25,25916.75,25855.5,25893.75,10647
2026-01-15T14:00:00.000Z,25893.75,25951,25891.25,25924.5,16053
2026-01-15T14:30:00.000Z,25924.75,25952.75,25843,25864,85506
2026-01-15T15:00:00.000Z,25863.5,25915.75,25841.5,25862.75,42770
2026-01-15T15:30:00.000Z,25863,25925.75,25803.25,25884.25,50990
2026-01-15T16:00:00.000Z,25884.5,25932,25877.25,25905,29423
2026-01-15T16:30:00.000Z,25904.75,25937.25,25882,25924.75,23365
2026-01-15T17:00:00.000Z,25924.5,25938,25877.5,25880.5,18862
2026-01-15T17:30:00.000Z,25881,25894.75,25849.25,25853.5,20623
2026-01-15T18:00:00.000Z,25853.25,25898.25,25848.75,25897.25,16365
2026-01-15T18:30:00.000Z,25896.5,25911,25878,25886,14418
2026-01-15T19:00:00.000Z,25885,25885,25791,25800,30135
2026-01-15T19:30:00.000Z,25799,25804.75,25746.25,25757.5,37233
2026-01-15T20:00:00.000Z,25756,25771.75,25690.5,25718.75,35631
2026-01-15T20:30:00.000Z,25719,25726.25,25676.5,25719.25,42340
2026-01-15T21:00:00.000Z,25718.5,25727.25,25693.75,25699.75,11000
2026-01-15T21:30:00.000Z,25699.5,25709.5,25695,25707,2500
2026-01-15T23:00:00.000Z,25720.5,25733.75,25704.25,25732.25,1328
2026-01-15T23:30:00.000Z,25732.5,25750.75,25722.25,25741.5,1586
2026-01-16T00:00:00.000Z,25741,25754,25731,25749.5,1893
2026-01-16T00:30:00.000Z,25749.5,25762.25,25747,25760.75,1337
2026-01-16T01:00:00.000Z,25760,25776.5,25748.5,25760.5,2774
2026-01-16T01:30:00.000Z,25760,25783.25,25759.5,25769.5,2182
2026-01-16T02:00:00.000Z,25769.75,25789.5,25762.5,25789.5,1701
2026-01-16T02:30:00.000Z,25788.5,25797,25786.5,25787.25,1436
2026-01-16T03:00:00.000Z,25787.75,25800,25785.5,25790.25,967
2026-01-16T03:30:00.000Z,25789.5,25795.75,25784,25786.5,868
2026-01-16T04:00:00.000Z,25787.25,25810,25784.75,25802.5,1203
2026-01-16T04:30:00.000Z,25801.75,25811,25795.75,25809,753
2026-01-16T05:00:00.000Z,25811.75,25820.25,25803,25818.25,1321
2026-01-16T05:30:00.000Z,25818.25,25820.25,25804.25,25807.75,1092
2026-01-16T06:00:00.000Z,25808,25821,25803.25,25812.75,1206
2026-01-16T06:30:00.000Z,25812.5,25827,25809.5,25823,1213
2026-01-16T07:00:00.000Z,25823.75,25829.75,25815.25,25822.5,1189
2026-01-16T07:30:00.000Z,25822.75,25838,25807.5,25824.5,1841
2026-01-16T08:00:00.000Z,25823.5,25845.25,25813.25,25817.25,2580
2026-01-16T08:30:00.000Z,25817.5,25834.25,25795.5,25817.25,3002
2026-01-16T09:00:00.000Z,25816.25,25840.75,25810,25839.5,2178
2026-01-16T09:30:00.000Z,25839.75,25842.5,25813.75,25815.5,1507
2026-01-16T10:00:00.000Z,25815.5,25841.75,25810.25,25836.75,1921
2026-01-16T10:30:00.000Z,25837.5,25864.25,25837,25855,2669
2026-01-16T11:00:00.000Z,25855.5,25873.25,25847,25867.5,2096
2026-01-16T11:30:00.000Z,25867.75,25868.5,25825.75,25833.25,2369
2026-01-16T12:00:00.000Z,25832.75,25843.75,25820.75,25834,2435
2026-01-16T12:30:00.000Z,25834,25853,25805.75,25831,4601
2026-01-16T13:00:00.000Z,25830.25,25834.25,25802,25824.25,4533
2026-01-16T13:30:00.000Z,25823.25,25838.5,25808.75,25826.5,5683
2026-01-16T14:00:00.000Z,25826,25878,25823,25868.5,15010
2026-01-16T14:30:00.000Z,25868,25891,25726.25,25728.5,67562
2026-01-16T15:00:00.000Z,25729,25765.5,25663.75,25668.25,56091
2026-01-16T15:30:00.000Z,25668.75,25682.25,25591.5,25680.5,51932
2026-01-16T16:00:00.000Z,25680.25,25719.75,25661,25716.25,27646
2026-01-16T16:30:00.000Z,25717,25752.75,25686.5,25716.5,29399
2026-01-16T17:00:00.000Z,25716.5,25721.5,25695.25,25701.5,16621
2026-01-16T17:30:00.000Z,25700.5,25713.5,25657.75,25660,18698
2026-01-16T18:00:00.000Z,25660.75,25729.25,25654,25719.5,18811
2026-01-16T18:30:00.000Z,25719.5,25732.25,25709.75,25716.5,9680
2026-01-16T19:00:00.000Z,25716.25,25748,25672.75,25681.25,22710
2026-01-16T19:30:00.000Z,25681.75,25729.25,25678.75,25716.25,15897
2026-01-16T20:00:00.000Z,25715.75,25729.5,25704,25711.5,12921
2026-01-16T20:30:00.000Z,25711.25,25722.5,25681.5,25684.75,42717
2026-01-16T21:00:00.000Z,25684.25,25702.25,25671,25686.25,12026
2026-01-16T21:30:00.000Z,25686,25689.75,25680,25689,2360
2026-01-19T04:30:00.000Z,25689,25689,25375.25,25375.5,584
2026-01-20T05:00:00.000Z,25379.75,25412,25367.25,25406.5,2310
2026-01-20T05:30:00.000Z,25408,25412.5,25380.25,25383.5,1841
2026-01-20T06:00:00.000Z,25382.5,25390.5,25293.75,25302.75,5073
2026-01-20T06:30:00.000Z,25303.5,25315.5,25260,25310.5,6306
2026-01-20T07:00:00.000Z,25311,25320.5,25256.75,25297.25,5193
2026-01-20T07:30:00.000Z,25296.25,25301.25,25257.25,25284.25,3131
2026-01-20T08:00:00.000Z,25284,25288.25,25225.25,25237.25,8309
2026-01-20T08:30:00.000Z,25235.75,25235.75,25166.75,25201,8982
2026-01-20T09:00:00.000Z,25201.75,25220.25,25130,25143.5,9347
2026-01-20T09:30:00.000Z,25143.25,25144.5,25095.25,25134.25,8584
2026-01-20T10:00:00.000Z,25134.5,25207.5,25109.5,25195.5,6065
2026-01-20T10:30:00.000Z,25196.5,25204,25166.25,25176,3779
2026-01-20T11:00:00.000Z,25174.75,25228,25172.75,25201.25,4810
2026-01-20T11:30:00.000Z,25200.5,25221,25175.25,25205.5,3575
2026-01-20T12:00:00.000Z,25204.75,25255.5,25191.75,25234.25,7495
2026-01-20T12:30:00.000Z,25233.5,25283.75,25226.75,25256.75,6560
2026-01-20T13:00:00.000Z,25258,25277.25,25223,25247.25,8756
2026-01-20T13:30:00.000Z,25248.5,25251,25181,25212.5,17868
2026-01-20T14:00:00.000Z,25211.75,25253.25,25201.5,25242.25,13016
2026-01-20T14:30:00.000Z,25242.75,25368.5,25233.75,25324.75,94407
2026-01-20T15:00:00.000Z,25322,25363.5,25254.75,25361.25,49486
2026-01-20T15:30:00.000Z,25361.75,25417,25313.25,25362.75,45854
2026-01-20T16:00:00.000Z,25363,25428.25,25333.75,25404.25,38028
2026-01-20T16:30:00.000Z,25404.25,25429.75,25335.75,25398.75,36851
2026-01-20T17:00:00.000Z,25398.5,25406.75,25326.75,25339.25,26493
2026-01-20T17:30:00.000Z,25339,25339,25257.5,25292.75,30716
2026-01-20T18:00:00.000Z,25293,25311.25,25244,25247.75,17539
2026-01-20T18:30:00.000Z,25247.5,25256,25170.5,25199.25,29263
2026-01-20T19:00:00.000Z,25199,25225,25149.25,25161.25,24189
2026-01-20T19:30:00.000Z,25161,25179.25,25128,25168.75,28227
2026-01-20T20:00:00.000Z,25169.25,25169.25,25116,25129.5,30541
2026-01-20T20:30:00.000Z,25129.25,25143.75,25098,25141.5,50116
2026-01-20T21:00:00.000Z,25142,25167.25,25127.25,25144,15145
2026-01-20T21:30:00.000Z,25143.25,25145.75,25122.5,25142.75,4019
2026-01-20T23:00:00.000Z,25149.5,25175.25,25137.25,25153.75,1664
2026-01-20T23:30:00.000Z,25155,25164.5,25103.5,25116.5,2989
2026-01-21T00:00:00.000Z,25117.25,25158.75,25116.25,25157,2715
2026-01-21T00:30:00.000Z,25157.75,25186,25154,25179,3740
2026-01-21T01:00:00.000Z,25179,25217.5,25179,25211.25,3454
2026-01-21T01:30:00.000Z,25211.5,25218.75,25197.5,25202,2740
2026-01-21T02:00:00.000Z,25202.25,25209,25177.25,25178.25,2837
2026-01-21T02:30:00.000Z,25178,25191.5,25168,25179,2353
2026-01-21T03:00:00.000Z,25179.75,25227.5,25178.75,25221.25,3385
2026-01-21T03:30:00.000Z,25222.25,25226.25,25186,25197.5,3467
2026-01-21T04:00:00.000Z,25196.75,25213.25,25183,25206.75,1966
2026-01-21T04:30:00.000Z,25206,25212,25193,25198.75,1522
2026-01-21T05:00:00.000Z,25204.5,25220,25200.75,25210.5,2392
2026-01-21T05:30:00.000Z,25210,25225.5,25210,25220.25,1622
2026-01-21T06:00:00.000Z,25219.75,25230.25,25209.25,25219.25,2568
2026-01-21T06:30:00.000Z,25220.25,25231.5,25191.75,25196.25,2604
2026-01-21T07:00:00.000Z,25196.25,25246.5,25193.25,25240.5,4048
2026-01-21T07:30:00.000Z,25240.5,25240.75,25205,25213.5,2161
2026-01-21T08:00:00.000Z,25212.5,25234,25194.25,25221,3474
2026-01-21T08:30:00.000Z,25221.25,25228.5,25203.5,25204.75,2336
2026-01-21T09:00:00.000Z,25204.5,25225.25,25182.5,25196.5,3887
2026-01-21T09:30:00.000Z,25196,25196.25,25128.75,25129,5008
2026-01-21T10:00:00.000Z,25129.5,25183.25,25121.75,25176.75,4260
2026-01-21T10:30:00.000Z,25177.5,25188.25,25151.5,25153.25,2460
2026-01-21T11:00:00.000Z,25153,25159.25,25134.25,25142,3690
2026-01-21T11:30:00.000Z,25144.25,25158,25040.5,25045.5,8331
2026-01-21T12:00:00.000Z,25047,25089.25,25025,25071.25,7688
2026-01-21T12:30:00.000Z,25071.25,25089.75,25032.75,25085.75,6274
2026-01-21T13:00:00.000Z,25086.5,25113.25,25070.25,25075.25,6574
2026-01-21T13:30:00.000Z,25075.25,25125.5,25041,25085,14383
2026-01-21T14:00:00.000Z,25083,25258,25072.25,25197,40613
2026-01-21T14:30:00.000Z,25197,25339.25,25127.5,25324.75,76836
2026-01-21T15:00:00.000Z,25323.5,25386.75,25294.75,25379.5,50932
2026-01-21T15:30:00.000Z,25380,25488,25378,25470,45260
2026-01-21T16:00:00.000Z,25469.75,25494.25,25442.75,25457.5,34795
2026-01-21T16:30:00.000Z,25458,25460.25,25220.5,25229.25,66160
2026-01-21T17:00:00.000Z,25229.75,25262.75,25142,25205.75,52255
2026-01-21T17:30:00.000Z,25206,25260.75,25166.75,25246.25,36389
2026-01-21T18:00:00.000Z,25244.75,25251.5,25150.75,25235.5,35005
2026-01-21T18:30:00.000Z,25236,25294.75,25204,25283.25,29059
2026-01-21T19:00:00.000Z,25282.25,25457,25232.75,25429.25,37221
2026-01-21T19:30:00.000Z,25429.5,25648.25,25421,25638.75,69654
2026-01-21T20:00:00.000Z,25639,25653.5,25485,25486.5,37686
2026-01-21T20:30:00.000Z,25486.5,25515.75,25446,25471,49793
2026-01-21T21:00:00.000Z,25471.25,25530.75,25470.5,25512.5,12635
2026-01-21T21:30:00.000Z,25513,25515,25500,25509.5,2945
2026-01-21T23:00:00.000Z,25529.5,25569.25,25529.5,25558,1828
2026-01-21T23:30:00.000Z,25557.75,25559,25523.25,25552.5,2355
2026-01-22T00:00:00.000Z,25553,25583.25,25538.5,25567,3427
2026-01-22T00:30:00.000Z,25568,25578.5,25546.5,25558.5,2415
2026-01-22T01:00:00.000Z,25559.5,25591.75,25552.75,25590.5,2563
2026-01-22T01:30:00.000Z,25589.75,25601,25585.5,25594.5,2476
2026-01-22T02:00:00.000Z,25595.25,25602.5,25577.75,25583.5,1806
2026-01-22T02:30:00.000Z,25583.75,25583.75,25565,25568,1500
2026-01-22T03:00:00.000Z,25568.25,25595,25568.25,25584.75,1767
2026-01-22T03:30:00.000Z,25585,25592,25575.75,25589.5,932
2026-01-22T04:00:00.000Z,25589.75,25590.25,25566,25575.25,1138
2026-01-22T04:30:00.000Z,25574.75,25580,25566.25,25574.5,723
2026-01-22T05:00:00.000Z,25575.75,25575.75,25562,25567,1180
2026-01-22T05:30:00.000Z,25567.25,25568.75,25527.75,25534.25,2740
2026-01-22T06:00:00.000Z,25533.5,25548,25483.75,25489.5,4094
2026-01-22T06:30:00.000Z,25490,25546.5,25486.75,25539.75,3064
2026-01-22T07:00:00.000Z,25539.25,25550.25,25499,25534.5,2870
2026-01-22T07:30:00.000Z,25535.25,25593.5,25534,25588.5,3622
2026-01-22T08:00:00.000Z,25587.75,25669.75,25583,25651.75,7522
2026-01-22T08:30:00.000Z,25651.25,25707.25,25640.5,25683.25,6270
2026-01-22T09:00:00.000Z,25682.5,25715.75,25672.25,25694,4023
2026-01-22T09:30:00.000Z,25694,25712.75,25689.5,25698.5,1914
2026-01-22T10:00:00.000Z,25699.25,25703.75,25670.5,25688,3848
2026-01-22T10:30:00.000Z,25688.25,25698,25683,25688.25,1709
2026-01-22T11:00:00.000Z,25688.75,25714,25667,25681.5,3965
2026-01-22T11:30:00.000Z,25681.75,25703,25670.75,25675,3422
2026-01-22T12:00:00.000Z,25674.75,25690.75,25659,25684.25,3502
2026-01-22T12:30:00.000Z,25683.25,25696.25,25671.25,25691.5,2937
2026-01-22T13:00:00.000Z,25691.5,25708.5,25677.75,25703.5,5090
2026-01-22T13:30:00.000Z,25702.5,25739.75,25678.25,25736.25,9708
2026-01-22T14:00:00.000Z,25735.75,25739,25704.5,25729,10517
2026-01-22T14:30:00.000Z,25729,25731.75,25554.25,25578,83265
2026-01-22T15:00:00.000Z,25582,25610,25536.75,25592.25,54906
2026-01-22T15:30:00.000Z,25592.75,25658.75,25572,25606,36932
2026-01-22T16:00:00.000Z,25605.25,25685.25,25603.75,25672.5,28844
2026-01-22T16:30:00.000Z,25672.5,25700,25660.25,25669.5,21721
2026-01-22T17:00:00.000Z,25668.75,25694,25652.5,25679.25,23254
2026-01-22T17:30:00.000Z,25680.5,25722,25679.5,25712.25,16908
2026-01-22T18:00:00.000Z,25711.75,25723.5,25683,25697.75,18321
2026-01-22T18:30:00.000Z,25698,25710,25667,25673.5,14524
2026-01-22T19:00:00.000Z,25673.5,25715.25,25671.5,25709.25,15313
2026-01-22T19:30:00.000Z,25709.75,25713.5,25634,25639.75,21344
2026-01-22T20:00:00.000Z,25639.5,25664,25607.75,25609,23911
2026-01-22T20:30:00.000Z,25608.75,25665.25,25584.75,25663,45525
2026-01-22T21:00:00.000Z,25661.5,25676.5,25627.5,25661,13038
2026-01-22T21:30:00.000Z,25661.25,25662.5,25609.75,25630,3017
2026-01-22T23:00:00.000Z,25605,25621.75,25575.5,25614.25,2306
2026-01-22T23:30:00.000Z,25615.75,25629.25,25600.75,25617.75,2183
2026-01-23T00:00:00.000Z,25616.75,25638.5,25597.5,25626.75,2113
2026-01-23T00:30:00.000Z,25626.75,25654.75,25622.5,25654.25,1537
2026-01-23T01:00:00.000Z,25653.5,25682.75,25649.25,25665.75,3490
2026-01-23T01:30:00.000Z,25664.25,25688,25660.75,25686.75,2093
2026-01-23T02:00:00.000Z,25686.75,25689.5,25673,25677,1403
2026-01-23T02:30:00.000Z,25676,25677.5,25665,25668.75,1015
2026-01-23T03:00:00.000Z,25668.25,25707.75,25667.75,25702,1973
2026-01-23T03:30:00.000Z,25702.25,25704.25,25690,25695.75,1437
2026-01-23T04:00:00.000Z,25696,25700.25,25684.25,25697.5,1107
2026-01-23T04:30:00.000Z,25697.25,25707.5,25689.5,25702.25,1196
2026-01-23T05:00:00.000Z,25703,25712,25701.25,25702.25,1029
2026-01-23T05:30:00.000Z,25702.5,25714.5,25698.75,25713.5,949
2026-01-23T06:00:00.000Z,25713.5,25731.5,25712.75,25723.75,1988
2026-01-23T06:30:00.000Z,25722.25,25726.5,25703.25,25704.75,1170
2026-01-23T07:00:00.000Z,25705.75,25724.75,25697,25718,1841
2026-01-23T07:30:00.000Z,25718.75,25719.25,25682.25,25691.75,2118
2026-01-23T08:00:00.000Z,25692,25692,25620.25,25628.5,5009
2026-01-23T08:30:00.000Z,25628.75,25635,25581,25600.75,4861
2026-01-23T09:00:00.000Z,25602.25,25629.5,25592.5,25602.75,4623
2026-01-23T09:30:00.000Z,25603,25603,25540.25,25558.25,5506
2026-01-23T10:00:00.000Z,25558.25,25574.75,25550,25562.75,2864
2026-01-23T10:30:00.000Z,25561.75,25574.75,25550.75,25574.25,2096
2026-01-23T11:00:00.000Z,25574.75,25646.25,25571,25644.75,8493
2026-01-23T11:30:00.000Z,25645.25,25658,25596.25,25606.75,4560
2026-01-23T12:00:00.000Z,25606.5,25627.5,25597,25616.75,4163
2026-01-23T12:30:00.000Z,25617.25,25632.75,25584,25628.75,4279
2026-01-23T13:00:00.000Z,25628.75,25635.5,25572.25,25573,4180
2026-01-23T13:30:00.000Z,25572.5,25605,25560.25,25570.75,6984
2026-01-23T14:00:00.000Z,25570.75,25612.25,25556.75,25607.75,9727
2026-01-23T14:30:00.000Z,25608,25668,25562.5,25663.75,60565
2026-01-23T15:00:00.000Z,25668,25763.5,25661.5,25746,51164
2026-01-23T15:30:00.000Z,25747,25827.5,25745,25826.5,34242
2026-01-23T16:00:00.000Z,25826.5,25845.75,25779.75,25791.5,30406
2026-01-23T16:30:00.000Z,25791.25,25828.5,25761,25789,30632
2026-01-23T17:00:00.000Z,25789,25808,25766.5,25798.25,19659
2026-01-23T17:30:00.000Z,25798.5,25800.25,25683,25693.75,32543
2026-01-23T18:00:00.000Z,25693.75,25764.25,25688.5,25753,24779
2026-01-23T18:30:00.000Z,25752.75,25762.75,25714.25,25725.5,16495
2026-01-23T19:00:00.000Z,25726.25,25774.75,25723.75,25745.25,15944
2026-01-23T19:30:00.000Z,25745.5,25758.5,25719.5,25748,15803
2026-01-23T20:00:00.000Z,25748,25751.5,25691.25,25710.5,20536
2026-01-23T20:30:00.000Z,25710.25,25755.75,25696,25734.5,33249
2026-01-23T21:00:00.000Z,25734.75,25738.25,25672.25,25687.5,11040
2026-01-23T21:30:00.000Z,25687.5,25738.25,25677.25,25738.25,3028
2026-01-25T23:00:00.000Z,25465.5,25542.25,25463.25,25530.75,3312
2026-01-25T23:30:00.000Z,25531.5,25572.25,25492.5,25559,5501
2026-01-26T00:00:00.000Z,25559.75,25610,25544.75,25607,4943
2026-01-26T00:30:00.000Z,25606.5,25618.25,25562.75,25582,4027
2026-01-26T01:00:00.000Z,25582,25661.75,25571.25,25650.5,6778
2026-01-26T01:30:00.000Z,25650,25668.75,25630.75,25649.5,3832
2026-01-26T02:00:00.000Z,25649.25,25665.75,25641.5,25648.75,2412
2026-01-26T02:30:00.000Z,25649.75,25650.75,25595.25,25609.25,3468
2026-01-26T03:00:00.000Z,25611,25657.5,25610.5,25638.5,3861
2026-01-26T03:30:00.000Z,25638.25,25645.5,25623,25634.75,3321
2026-01-26T04:00:00.000Z,25634.5,25651.5,25623.5,25650,1795
2026-01-26T04:30:00.000Z,25650.75,25659,25622.75,25639,2325
2026-01-26T05:00:00.000Z,25635.75,25668.5,25627.25,25663.75,1693
2026-01-26T05:30:00.000Z,25663.75,25676,25657.25,25674,1756
2026-01-26T06:00:00.000Z,25675.5,25702,25673.5,25693.75,2578
2026-01-26T06:30:00.000Z,25694.25,25697,25665.75,25668,2885
2026-01-26T07:00:00.000Z,25669.5,25696,25666.75,25693.5,1572
2026-01-26T07:30:00.000Z,25693.75,25711,25678.5,25700,2058
2026-01-26T08:00:00.000Z,25700.75,25742,25699.75,25729,3108
2026-01-26T08:30:00.000Z,25728.25,25741.5,25713.75,25727.5,1780
2026-01-26T09:00:00.000Z,25727.75,25735,25687.25,25688.5,2917
2026-01-26T09:30:00.000Z,25688,25689.75,25582,25618.25,7196
2026-01-26T10:00:00.000Z,25618.25,25656.75,25614.25,25651,3451
2026-01-26T10:30:00.000Z,25651,25674.5,25647.75,25651.25,2587
2026-01-26T11:00:00.000Z,25651.5,25659.75,25641.75,25648.25,1587
2026-01-26T11:30:00.000Z,25649.25,25673,25647.25,25670.5,1464
2026-01-26T12:00:00.000Z,25669.5,25714.5,25668.75,25690.5,3513
2026-01-26T12:30:00.000Z,25690,25696,25675.5,25688,2547
2026-01-26T13:00:00.000Z,25688.5,25707.25,25676.5,25688.75,4258
2026-01-26T13:30:00.000Z,25688.25,25721.75,25658,25716.25,5964
2026-01-26T14:00:00.000Z,25716.25,25749.25,25714,25749.25,8797
2026-01-26T14:30:00.000Z,25748.5,25853.5,25704.25,25837.25,58053
2026-01-26T15:00:00.000Z,25837,25886.5,25803,25845.75,39365
2026-01-26T15:30:00.000Z,25846,25898.5,25834,25881.25,32662
2026-01-26T16:00:00.000Z,25881,25909.5,25850.75,25905.75,28071
2026-01-26T16:30:00.000Z,25906,25928.5,25888,25906.25,22443
2026-01-26T17:00:00.000Z,25906.5,25936.5,25902.75,25912.5,15153
2026-01-26T17:30:00.000Z,25912.5,25915.5,25881.75,25891.25,15842
2026-01-26T18:00:00.000Z,25890.5,25913.75,25873.5,25907.5,14946
2026-01-26T18:30:00.000Z,25907.25,25932.25,25885,25898.75,15470
2026-01-26T19:00:00.000Z,25898.25,25913.25,25884.5,25899.5,12159
2026-01-26T19:30:00.000Z,25900,25913.75,25877.75,25878.5,13405
2026-01-26T20:00:00.000Z,25879,25890.5,25866.5,25880.75,13151
2026-01-26T20:30:00.000Z,25881,25895,25840.5,25844.5,33985
2026-01-26T21:00:00.000Z,25844.25,25871,25834,25868.5,12965
2026-01-26T21:30:00.000Z,25867.25,25869.25,25851.75,25861.25,3373
2026-01-26T23:00:00.000Z,25861.25,25897,25838.5,25878.75,2435
2026-01-26T23:30:00.000Z,25879.25,25890.75,25871.25,25890.5,1454
2026-01-27T00:00:00.000Z,25890.5,25899.5,25875,25890,1437
2026-01-27T00:30:00.000Z,25889.75,25902.75,25885.5,25898.75,1507
2026-01-27T01:00:00.000Z,25898.5,25916.25,25895.25,25911.5,1586
2026-01-27T01:30:00.000Z,25910.75,25927,25910,25922,1645
2026-01-27T02:00:00.000Z,25922,25957,25921.25,25948.75,2930
2026-01-27T02:30:00.000Z,25949.25,25975,25943.5,25971.25,2375
2026-01-27T03:00:00.000Z,25970.5,25977,25964.75,25966.5,1372
2026-01-27T03:30:00.000Z,25966.75,25979.5,25962.5,25975.5,1527
2026-01-27T04:00:00.000Z,25975.75,26002.75,25971.5,25986.75,2711
2026-01-27T04:30:00.000Z,25986.25,25993.5,25986,25990,672
2026-01-27T05:00:00.000Z,25980.5,25981.5,25972.5,25980.75,1326
2026-01-27T05:30:00.000Z,25981.75,26009.75,25981.75,26008.25,1727
2026-01-27T06:00:00.000Z,26007.75,26028.25,26007.5,26024.5,2677
2026-01-27T06:30:00.000Z,26024,26024.75,25999,26001.25,1710
2026-01-27T07:00:00.000Z,26002.5,26014,25992,25999,1930
2026-01-27T07:30:00.000Z,25998.75,26020.5,25995.75,26006.25,2113
2026-01-27T08:00:00.000Z,26006,26011.75,25974.5,25980.5,3518
2026-01-27T08:30:00.000Z,25981,25989.75,25967,25984.5,2818
2026-01-27T09:00:00.000Z,25983.75,25994.75,25970,25983.75,2898
2026-01-27T09:30:00.000Z,25983,25989.25,25967.25,25973.75,2095
2026-01-27T10:00:00.000Z,25974,25999.75,25970,25996,1689
2026-01-27T10:30:00.000Z,25997,26007.75,25992,26005.75,2157
2026-01-27T11:00:00.000Z,26005.5,26008.75,25991.75,26005,2210
2026-01-27T11:30:00.000Z,26005,26043,26002.5,26032,4398
2026-01-27T12:00:00.000Z,26031.5,26033.5,25995,25996.75,3427
2026-01-27T12:30:00.000Z,25997.25,26018,25991,26004,3176
2026-01-27T13:00:00.000Z,26003.75,26018,26001,26003.25,3668
2026-01-27T13:30:00.000Z,26002.5,26008,25982.5,25989.75,4928
2026-01-27T14:00:00.000Z,25990.5,26010,25981,25982.5,9037
2026-01-27T14:30:00.000Z,25982.75,26058,25917.25,26053.25,73078
2026-01-27T15:00:00.000Z,26052.5,26074.75,26021.5,26043,42017
2026-01-27T15:30:00.000Z,26043,26098.5,26038.75,26078.5,32120
2026-01-27T16:00:00.000Z,26078.5,26106.75,26073.25,26090.5,21325
2026-01-27T16:30:00.000Z,26090.5,26099.75,26077,26079.75,19000
2026-01-27T17:00:00.000Z,26080,26088.75,26050.25,26083.5,20620
2026-01-27T17:30:00.000Z,26083,26092,26057.5,26061.75,14845
2026-01-27T18:00:00.000Z,26062,26085.5,26038,26076.5,18001
2026-01-27T18:30:00.000Z,26076.75,26097.75,26076.25,26090.25,12526
2026-01-27T19:00:00.000Z,26090,26095,26072.75,26092.75,11929
2026-01-27T19:30:00.000Z,26092.75,26099.75,26077.75,26091.75,11346
2026-01-27T20:00:00.000Z,26092,26114.25,26083.75,26096.25,14628
2026-01-27T20:30:00.000Z,26096,26101.75,26068.25,26075.5,32294
2026-01-27T21:00:00.000Z,26075.5,26106,26058.75,26095.5,13009
2026-01-27T21:30:00.000Z,26095.75,26118,26093.25,26110,3784
2026-01-27T23:00:00.000Z,26111.25,26148,26111.25,26136.5,2275
2026-01-27T23:30:00.000Z,26136.5,26142.75,26131.5,26137.5,966
2026-01-28T00:00:00.000Z,26138.25,26171.75,26135.5,26168.25,2828
2026-01-28T00:30:00.000Z,26168.25,26208.5,26167.5,26206,4579
2026-01-28T01:00:00.000Z,26206.75,26228.25,26206.75,26224,3044
2026-01-28T01:30:00.000Z,26224.25,26226,26201.75,26205.25,2253
2026-01-28T02:00:00.000Z,26204,26221.75,26203.75,26212.75,1729
2026-01-28T02:30:00.000Z,26213.5,26221,26206.75,26214,1231
2026-01-28T03:00:00.000Z,26213.75,26218.75,26195.75,26203.25,1463
2026-01-28T03:30:00.000Z,26203,26209.25,26192.5,26199,1680
2026-01-28T04:00:00.000Z,26200.5,26227.5,26200.5,26225.25,1854
2026-01-28T04:30:00.000Z,26225.5,26226.5,26213.5,26219.75,858
2026-01-28T05:00:00.000Z,26224.75,26233,26224.75,26231.25,1280
2026-01-28T05:30:00.000Z,26232,26248.75,26231,26245.5,1649
2026-01-28T06:00:00.000Z,26246,26320.75,26246,26302.25,7952
2026-01-28T06:30:00.000Z,26302.5,26349,26300.5,26302.75,5301
2026-01-28T07:00:00.000Z,26301.75,26324,26292,26304,2967
2026-01-28T07:30:00.000Z,26303.5,26322.25,26289,26316,3131
2026-01-28T08:00:00.000Z,26315.5,26331.5,26276.75,26302.5,4421
2026-01-28T08:30:00.000Z,26302,26314.75,26271,26279,3618
2026-01-28T09:00:00.000Z,26279.5,26284.5,26255,26262.5,4269
2026-01-28T09:30:00.000Z,26262.25,26290.5,26252.5,26284.5,2941
2026-01-28T10:00:00.000Z,26285.25,26297,26272.5,26294.5,2003
2026-01-28T10:30:00.000Z,26294.75,26320.75,26292.25,26316.75,3069
2026-01-28T11:00:00.000Z,26317.25,26318.25,26287.5,26308.75,2847
2026-01-28T11:30:00.000Z,26309.25,26326.75,26306.25,26318.75,2551
2026-01-28T12:00:00.000Z,26319.25,26320.75,26264.75,26277.75,6193
2026-01-28T12:30:00.000Z,26278,26301.5,26270.25,26281,3943
2026-01-28T13:00:00.000Z,26281.25,26306,26267.75,26278.5,4447
2026-01-28T13:30:00.000Z,26278,26285.25,26255.25,26273.5,6307
2026-01-28T14:00:00.000Z,26273.5,26278.75,26234.5,26252.5,9876
2026-01-28T14:30:00.000Z,26253,26301,26213.75,26253.5,63222
2026-01-28T15:00:00.000Z,26253,26265.5,26205,26220.75,39474
2026-01-28T15:30:00.000Z,26220.5,26236.5,26159.5,26162.75,32917
2026-01-28T16:00:00.000Z,26162.5,26198.5,26149.5,26182.75,21436
2026-01-28T16:30:00.000Z,26182.5,26182.75,26100.75,26116.75,24536
2026-01-28T17:00:00.000Z,26117.25,26163.5,26114,26127,21345
2026-01-28T17:30:00.000Z,26127,26165.5,26110.5,26140.75,18360
2026-01-28T18:00:00.000Z,26140.5,26170.75,26122,26159.75,13440
2026-01-28T18:30:00.000Z,26160.5,26180,26145.25,26171.5,12035
2026-01-28T19:00:00.000Z,26171,26195.5,26116,26122.75,21104
2026-01-28T19:30:00.000Z,26121.75,26210.25,26112.75,26160.75,38100
2026-01-28T20:00:00.000Z,26161,26212.25,26153.5,26174.5,20140
2026-01-28T20:30:00.000Z,26174.25,26188.5,26131.25,26150.75,30183
2026-01-28T21:00:00.000Z,26150,26264.75,25993.25,26262.5,36984
2026-01-28T21:30:00.000Z,26263,26287.75,26244,26268.25,8573
2026-01-28T23:00:00.000Z,26282.5,26296,26160.5,26208.75,5868
2026-01-28T23:30:00.000Z,26209.5,26217.25,26160,26170.25,5183
2026-01-29T00:00:00.000Z,26173.25,26180.5,26104.25,26171,7206
2026-01-29T00:30:00.000Z,26170.5,26171,26126.5,26163,3726
2026-01-29T01:00:00.000Z,26163.25,26168.25,26085.5,26111,4759
2026-01-29T01:30:00.000Z,26112.25,26130,26091.5,26128.75,3279
2026-01-29T02:00:00.000Z,26129.25,26177,26122.75,26171.25,3343
2026-01-29T02:30:00.000Z,26172,26177.25,26148,26162.5,2343
2026-01-29T03:00:00.000Z,26163,26194.25,26162,26184.25,1964
2026-01-29T03:30:00.000Z,26185,26199.75,26178,26197.75,1617
2026-01-29T04:00:00.000Z,26200,26225.75,26195.25,26214.25,1804
2026-01-29T04:30:00.000Z,26215,26233.25,26215,26229.75,1056
2026-01-29T05:00:00.000Z,26221,26233,26210.25,26230.5,1448
2026-01-29T05:30:00.000Z,26232.25,26249.5,26227.75,26234.25,1639
2026-01-29T06:00:00.000Z,26233.25,26266.75,26232.5,26256,1917
2026-01-29T06:30:00.000Z,26255.25,26262.75,26231.75,26246.75,1350
2026-01-29T07:00:00.000Z,26246.5,26258.5,26231.5,26250,1530
2026-01-29T07:30:00.000Z,26249.75,26276.5,26245,26255.25,2057
2026-01-29T08:00:00.000Z,26255.5,26280.5,26226.5,26268,4145
2026-01-29T08:30:00.000Z,26268.25,26271.25,26233.25,26248.75,2958
2026-01-29T09:00:00.000Z,26248.75,26273.25,26245,26252.75,2329
2026-01-29T09:30:00.000Z,26252,26265.75,26210,26211.75,3002
2026-01-29T10:00:00.000Z,26211,26237,26197.5,26228.5,3801
2026-01-29T10:30:00.000Z,26228.75,26230,26187,26191.75,2150
2026-01-29T11:00:00.000Z,26191.75,26206.75,26175.25,26196.25,3552
2026-01-29T11:30:00.000Z,26194.25,26208.75,26178.5,26200,3420
2026-01-29T12:00:00.000Z,26201,26221.75,26188.5,26199,2893
2026-01-29T12:30:00.000Z,26198.25,26200.25,26156.5,26176.25,4140
2026-01-29T13:00:00.000Z,26176,26188.25,26150.5,26173.5,3782
2026-01-29T13:30:00.000Z,26173.25,26203.5,26158.75,26194.75,5343
2026-01-29T14:00:00.000Z,26194.25,26196.75,26132,26132.75,11158
2026-01-29T14:30:00.000Z,26133.25,26175,25858,25864,99839
2026-01-29T15:00:00.000Z,25864.5,25868.25,25718.25,25735.75,91206
2026-01-29T15:30:00.000Z,25735.25,25753.25,25536,25576.75,69127
2026-01-29T16:00:00.000Z,25576.75,25714.25,25538,25684,55013
2026-01-29T16:30:00.000Z,25684,25739.75,25667.5,25711.25,35891
2026-01-29T17:00:00.000Z,25711.25,25852.25,25708.75,25839.5,28724
2026-01-29T17:30:00.000Z,25839.25,25878.75,25749,25760.5,33190
2026-01-29T18:00:00.000Z,25760.25,25861.25,25758.25,25846,24794
2026-01-29T18:30:00.000Z,25846.25,25891.5,25820.75,25836.75,20283
2026-01-29T19:00:00.000Z,25836.25,25898.5,25820,25878.5,18412
2026-01-29T19:30:00.000Z,25878.5,25887.25,25834,25849,16826
2026-01-29T20:00:00.000Z,25849.25,25881.25,25841.5,25854,15787
2026-01-29T20:30:00.000Z,25854,26020,25846.5,25994.25,46537
2026-01-29T21:00:00.000Z,25998.25,26024,25951,25987,15111
2026-01-29T21:30:00.000Z,25987.75,26050,25963.75,25982.5,10939
2026-01-29T23:00:00.000Z,25998.5,26010.5,25882.75,25941.25,5905
2026-01-29T23:30:00.000Z,25941.75,26020,25940,25972.25,4384
2026-01-30T00:00:00.000Z,25972.5,25991.25,25907.25,25926.25,5192
2026-01-30T00:30:00.000Z,25926,25993.75,25914.75,25930,4186
2026-01-30T01:00:00.000Z,25931,25933.75,25880,25886,3988
2026-01-30T01:30:00.000Z,25887,25888,25797.75,25852.25,7169
2026-01-30T02:00:00.000Z,25852.25,25866.25,25751.5,25751.5,6855
2026-01-30T02:30:00.000Z,25754.5,25847,25736,25843,5250
2026-01-30T03:00:00.000Z,25843.75,25888,25827.75,25850.25,5261
2026-01-30T03:30:00.000Z,25849,25879.5,25843.25,25847,2724
2026-01-30T04:00:00.000Z,25846.75,25896,25843.25,25879,2150
2026-01-30T04:30:00.000Z,25880.25,25896,25851.75,25853.75,1429
2026-01-30T05:00:00.000Z,25885.75,25886,25850,25868.25,1778
2026-01-30T05:30:00.000Z,25867.25,25867.75,25832.25,25833,1533
2026-01-30T06:00:00.000Z,25833.75,25838.5,25756.75,25787.25,3981
2026-01-30T06:30:00.000Z,25782.75,25814,25737,25751.5,4118
2026-01-30T07:00:00.000Z,25750.75,25804,25744.5,25762,3250
2026-01-30T07:30:00.000Z,25761.5,25780,25700,25707.25,4650
2026-01-30T08:00:00.000Z,25710.5,25771,25682,25747.75,6433
2026-01-30T08:30:00.000Z,25746.75,25792.5,25691.75,25768.75,5253
2026-01-30T09:00:00.000Z,25768.75,25786.75,25688.75,25706.25,5218
2026-01-30T09:30:00.000Z,25706.5,25731,25649.75,25696.75,6043
2026-01-30T10:00:00.000Z,25696.5,25749.5,25694,25728.25,4101
2026-01-30T10:30:00.000Z,25727.5,25790,25727.25,25764.75,4354
2026-01-30T11:00:00.000Z,25765.25,25819.25,25763.75,25817.75,3593
2026-01-30T11:30:00.000Z,25817.5,25884,25788,25871,6725
2026-01-30T12:00:00.000Z,25870.25,25905.25,25854.5,25866.75,5379
2026-01-30T12:30:00.000Z,25867.25,25894.75,25821.75,25846.5,4973
2026-01-30T13:00:00.000Z,25847,25888,25827.75,25875.5,4628
2026-01-30T13:30:00.000Z,25842.25,25875.5,25752.5,25826.25,10546
2026-01-30T14:00:00.000Z,25825.75,25850,25805.5,25833.5,10010
2026-01-30T14:30:00.000Z,25833.5,25940,25806.25,25827.75,73458
2026-01-30T15:00:00.000Z,25827.25,25925.5,25790.75,25793.75,48913
2026-01-30T15:30:00.000Z,25794,25934,25770.75,25841.5,48203
2026-01-30T16:00:00.000Z,25842,25869,25753.25,25799,33471
2026-01-30T16:30:00.000Z,25798.75,25860,25744.25,25757.5,34969
2026-01-30T17:00:00.000Z,25758.25,25789.25,25686,25782.25,36129
2026-01-30T17:30:00.000Z,25782.5,25795.75,25678.25,25679.5,33269
2026-01-30T18:00:00.000Z,25677.75,25715.25,25568.75,25671.25,37323
2026-01-30T18:30:00.000Z,25671.5,25771.75,25597.25,25741,34635
2026-01-30T19:00:00.000Z,25741.25,25781.5,25715,25716.75,31346
2026-01-30T19:30:00.000Z,25716.5,25738,25652,25658.5,30854
2026-01-30T20:00:00.000Z,25657.75,25682.75,25571.25,25596,30820
2026-01-30T20:30:00.000Z,25595.75,25731.75,25591,25672.75,55031
2026-01-30T21:00:00.000Z,25677.75,25707,25625.5,25650.5,16507
2026-01-30T21:30:00.000Z,25650.25,25670,25629.5,25670,4195
2026-02-01T23:00:00.000Z,25421.75,25465,25373.75,25433.75,5222
2026-02-01T23:30:00.000Z,25433,25571.75,25418.5,25532.75,7031
2026-02-02T00:00:00.000Z,25532.5,25634.25,25487,25612.75,7185
2026-02-02T00:30:00.000Z,25614,25645.75,25591,25605.5,4101
2026-02-02T01:00:00.000Z,25605.25,25637,25477,25526.75,8909
2026-02-02T01:30:00.000Z,25527.5,25531.25,25400,25407.25,12397
2026-02-02T02:00:00.000Z,25408.25,25449.75,25386.25,25421.75,8900
2026-02-02T02:30:00.000Z,25420.5,25448.75,25357.25,25367.75,6010
2026-02-02T03:00:00.000Z,25366.75,25386.75,25315,25332.75,6647
2026-02-02T03:30:00.000Z,25333.75,25343.5,25262.75,25278.75,8600
2026-02-02T04:00:00.000Z,25281.5,25332.25,25216.25,25310.5,9513
2026-02-02T04:30:00.000Z,25309.5,25376,25307.25,25352.5,5085
2026-02-02T05:00:00.000Z,25341.5,25348.5,25266,25273.75,5513
2026-02-02T05:30:00.000Z,25274.25,25282.75,25235.75,25250.75,6184
2026-02-02T06:00:00.000Z,25250,25274,25185.75,25246.25,6845
2026-02-02T06:30:00.000Z,25244,25257,25180.25,25232,5554
2026-02-02T07:00:00.000Z,25233,25307,25233,25300.75,7159
2026-02-02T07:30:00.000Z,25303,25351,25276.25,25348.5,5203
2026-02-02T08:00:00.000Z,25348.5,25402.75,25340.5,25390.5,6992
2026-02-02T08:30:00.000Z,25391,25426,25379.75,25401.75,4778
2026-02-02T09:00:00.000Z,25401.5,25458.5,25355.75,25438.75,6964
2026-02-02T09:30:00.000Z,25436.75,25463,25432.5,25454,3557
2026-02-02T10:00:00.000Z,25453.25,25473.5,25435.25,25448.75,3188
2026-02-02T10:30:00.000Z,25447.5,25452.5,25391.25,25406.5,4010
2026-02-02T11:00:00.000Z,25407.75,25458.5,25401,25458.25,3808
2026-02-02T11:30:00.000Z,25456,25491.25,25440,25452.25,4352
2026-02-02T12:00:00.000Z,25451,25514.75,25450,25509.75,7153
2026-02-02T12:30:00.000Z,25509.25,25527.25,25475.75,25487.75,5184
2026-02-02T13:00:00.000Z,25486.75,25501.75,25456,25478.5,6068
2026-02-02T13:30:00.000Z,25476.75,25540,25457.75,25529.25,6595
2026-02-02T14:00:00.000Z,25529.75,25547.25,25520.25,25542.25,9786
2026-02-02T14:30:00.000Z,25542.5,25799.5,25539.75,25749.25,81870
2026-02-02T15:00:00.000Z,25746.75,25912.25,25733,25866,48762
2026-02-02T15:30:00.000Z,25865.5,25906.5,25815.75,25840.5,33868
2026-02-02T16:00:00.000Z,25840.25,25898.75,25803,25893,25031
2026-02-02T16:30:00.000Z,25892.75,25905.25,25836,25893.5,20629
2026-02-02T17:00:00.000Z,25893.5,25924.5,25888.5,25915.5,17689
2026-02-02T17:30:00.000Z,25915.5,25941.75,25901.25,25923.5,12809
2026-02-02T18:00:00.000Z,25923.75,25936.75,25897.5,25911.5,10619
2026-02-02T18:30:00.000Z,25912,25949.5,25907.5,25941.75,11946
2026-02-02T19:00:00.000Z,25941.75,25945,25919,25922,9839
2026-02-02T19:30:00.000Z,25922.25,25922.25,25841.5,25846.5,17837
2026-02-02T20:00:00.000Z,25846.75,25900,25821.75,25864.25,27944
2026-02-02T20:30:00.000Z,25864,25867.5,25831.75,25856.25,31011
2026-02-02T21:00:00.000Z,25856,25896,25835.75,25884.5,13755
2026-02-02T21:30:00.000Z,25884,25891.75,25866,25873.25,2619
2026-02-02T23:00:00.000Z,25876.5,25940.5,25866.5,25938.25,2388
2026-02-02T23:30:00.000Z,25937.75,25977,25932,25948.25,3308
2026-02-03T00:00:00.000Z,25947.75,25984.75,25913.5,25973.25,3461
2026-02-03T00:30:00.000Z,25972.25,25977.25,25943.5,25953,2007
2026-02-03T01:00:00.000Z,25954,25990.75,25952,25973.75,2834
2026-02-03T01:30:00.000Z,25972.25,25977,25948,25960.25,2270
2026-02-03T02:00:00.000Z,25959,25960,25920.25,25926.75,2687
2026-02-03T02:30:00.000Z,25924.75,25935.25,25900.5,25928.75,2736
2026-02-03T03:00:00.000Z,25926.5,25948.25,25913,25939.25,1937
2026-02-03T03:30:00.000Z,25937.75,25964.75,25928,25956.5,1690
2026-02-03T04:00:00.000Z,25955.75,25976.25,25953,25960.75,1123
2026-02-03T04:30:00.000Z,25962,25988,25962,25978.5,1317
2026-02-03T05:00:00.000Z,25960.5,25978.75,25952,25968.75,885
2026-02-03T05:30:00.000Z,25970,25996.75,25965.5,25986.25,1279
2026-02-03T06:00:00.000Z,25987.75,26001.75,25973.5,25986,1878
2026-02-03T06:30:00.000Z,25985.75,26007.25,25982.5,25992.25,2058
2026-02-03T07:00:00.000Z,25991.25,26003.25,25974.25,25987.75,1928
2026-02-03T07:30:00.000Z,25988,26027.75,25983.5,26012.5,2528
2026-02-03T08:00:00.000Z,26012,26024,25990.5,26002.75,3576
2026-02-03T08:30:00.000Z,26002.5,26004.5,25970.25,25977.75,2468
2026-02-03T09:00:00.000Z,25977,26009.75,25958.25,25963.5,3210
2026-02-03T09:30:00.000Z,25965,25979,25958.25,25969.25,1723
2026-02-03T10:00:00.000Z,25970.5,25990,25967,25971.75,1377
2026-02-03T10:30:00.000Z,25971,25971,25944.75,25955.75,1978
2026-02-03T11:00:00.000Z,25955.75,25965.25,25940.25,25946.5,1916
2026-02-03T11:30:00.000Z,25946.5,25963.75,25935,25945.5,2368
2026-02-03T12:00:00.000Z,25945.25,25988.5,25923.5,25986.25,3858
2026-02-03T12:30:00.000Z,25986.25,25996.25,25978,25981.75,2830
2026-02-03T13:00:00.000Z,25983,26003.5,25975.75,25991.5,3599
2026-02-03T13:30:00.000Z,25991.5,25999.5,25972.25,25975.5,1962
2026-07-23T00:00:00.000Z,29143.75,29255.5,29132.5,29226.5,5133
2026-07-23T00:30:00.000Z,29226.75,29282.5,29218.25,29255,4485
2026-07-23T01:00:00.000Z,29256.25,29273.5,29232.5,29240.25,3423
2026-07-23T01:30:00.000Z,29242,29260.5,29175.5,29176,5108
2026-07-23T02:00:00.000Z,29176,29201,29092,29105,4129
2026-07-23T02:30:00.000Z,29104.5,29126.75,29057,29089,4443
2026-07-23T03:00:00.000Z,29093.5,29096.75,29029.5,29084.25,4366
2026-07-23T03:30:00.000Z,29083.25,29128,29072.25,29125,2949
2026-07-23T04:00:00.000Z,29097.75,29163,29084.5,29151.5,3919
2026-07-23T04:30:00.000Z,29153.5,29165.25,29112.5,29125.25,2427
2026-07-23T05:00:00.000Z,29126,29170.75,29098.5,29170.75,2744
2026-07-23T05:30:00.000Z,29170.25,29183.25,29079.25,29088,3033
2026-07-23T06:00:00.000Z,29088,29116.5,29077.25,29108.75,2626
2026-07-23T06:30:00.000Z,29108,29119.25,29074,29084,2560
2026-07-23T07:00:00.000Z,29083.75,29086.75,28954,29015.5,7467
2026-07-23T07:30:00.000Z,29015.75,29019.75,28922.25,28987.5,5083
2026-07-23T08:00:00.000Z,28988.75,29061.25,28958.25,29051,5224
2026-07-23T08:30:00.000Z,29049.25,29111,29030.75,29103,3052
2026-07-23T09:00:00.000Z,29103.5,29137.75,29078,29091,3463
2026-07-23T09:30:00.000Z,29092,29092,29045,29055.25,2369
2026-07-23T10:00:00.000Z,29054.25,29067,29036,29053,2465
2026-07-23T10:30:00.000Z,29051.75,29122.25,29045.25,29103,3506
2026-07-23T11:00:00.000Z,29103,29106.5,28992.5,28993.75,4825
2026-07-23T11:30:00.000Z,28994.75,29002.25,28913,28965,8663
2026-07-23T12:00:00.000Z,28964,28967.75,28854.5,28864.5,8281
2026-07-23T12:30:00.000Z,28864.5,28875,28754.75,28787.5,15266
2026-07-23T13:00:00.000Z,28786.5,28804.5,28697,28719.25,22019
2026-07-23T13:30:00.000Z,28718.25,28883,28657,28707.75,78716
2026-07-23T14:00:00.000Z,28709.25,28801.25,28678.25,28731.5,51363
2026-07-23T14:30:00.000Z,28731,28773.25,28577.25,28596.75,48158
2026-07-23T15:00:00.000Z,28597.25,28604.5,28447.75,28467.25,50524
2026-07-23T15:30:00.000Z,28467.75,28590,28432.5,28588.5,33769
2026-07-23T16:00:00.000Z,28588.5,28715,28573.25,28707.25,28242
2026-07-23T16:30:00.000Z,28707.5,28738.25,28609.5,28640.75,28553
2026-07-23T17:00:00.000Z,28641.25,28676.75,28588,28652.5,23918
2026-07-23T17:30:00.000Z,28653,28657,28565.5,28568,18732
2026-07-23T18:00:00.000Z,28568.25,28584.25,28542.5,28575,18214
2026-07-23T18:30:00.000Z,28574.75,28603.5,28525.25,28550,17606
2026-07-23T19:00:00.000Z,28550,28595.25,28501,28583,20802
2026-07-23T19:30:00.000Z,28583.5,28633.5,28486.25,28615,43141
2026-07-23T20:00:00.000Z,28615.25,28777.25,28610.5,28769.5,22563
2026-07-23T20:30:00.000Z,28768.5,28782,28725.25,28739.25,5483
2026-07-23T22:00:00.000Z,28700.25,28709.25,28624,28662.25,2816
2026-07-23T22:30:00.000Z,28662.5,28732.75,28662.5,28731.25,2995
2026-07-23T23:00:00.000Z,28729.5,28736,28687.5,28698.5,2767
2026-07-23T23:30:00.000Z,28698,28708.25,28658.25,28679,3471
2026-07-24T00:00:00.000Z,28680.25,28724,28615.75,28643,7000
2026-07-24T00:30:00.000Z,28646,28680,28618,28672,4163
2026-07-24T01:00:00.000Z,28672.25,28701.5,28641.25,28656.25,3742
2026-07-24T01:30:00.000Z,28655.5,28685.5,28607,28614.25,3266
2026-07-24T02:00:00.000Z,28612.75,28632,28587,28594.75,3079
2026-07-24T02:30:00.000Z,28595.25,28598.25,28515,28519.25,4366
2026-07-24T03:00:00.000Z,28520,28560.75,28517.75,28545.5,3560
2026-07-24T03:30:00.000Z,28544.25,28555.75,28482,28486,4216
2026-07-24T04:00:00.000Z,28513.75,28556.75,28481.25,28551.75,3814
2026-07-24T04:30:00.000Z,28550.5,28571.5,28512.25,28565.25,2662
2026-07-24T05:00:00.000Z,28564.5,28602,28548.25,28582.25,2808
2026-07-24T05:30:00.000Z,28583,28607,28544,28545,2824
2026-07-24T06:00:00.000Z,28546.75,28576.25,28503,28534.5,4008
2026-07-24T06:30:00.000Z,28536.5,28561.5,28481,28543.75,3370
2026-07-24T07:00:00.000Z,28544,28663,28539.25,28654,5837
2026-07-24T07:30:00.000Z,28653.75,28658,28609,28614.25,2496
2026-07-24T08:00:00.000Z,28615.75,28622.25,28556.5,28621.75,3988
2026-07-24T08:30:00.000Z,28621.75,28649.5,28609,28622,2445
2026-07-24T09:00:00.000Z,28623.5,28681.25,28612,28672.75,3526
2026-07-24T09:30:00.000Z,28674.75,28704.25,28663.25,28700.5,2919
2026-07-24T10:00:00.000Z,28700.25,28706.25,28654.25,28667.5,2896
2026-07-24T10:30:00.000Z,28668.25,28686.5,28633.25,28640.5,2640
2026-07-24T11:00:00.000Z,28640,28666.75,28632,28644.25,2913
2026-07-24T11:30:00.000Z,28641,28700,28601.5,28680.5,5815
2026-07-24T12:00:00.000Z,28678.5,28698.5,28624.25,28686.5,6665
2026-07-24T12:30:00.000Z,28686,28689,28587.25,28592,6196
2026-07-24T13:00:00.000Z,28591.25,28616,28538,28540.25,9816
2026-07-24T13:30:00.000Z,28540,28622,28313.5,28322.25,68317
2026-07-24T14:00:00.000Z,28323,28451.25,28299,28391,54166
2026-07-24T14:30:00.000Z,28391.75,28461.5,28254.5,28449.25,43772
2026-07-24T15:00:00.000Z,28449,28557.25,28355,28499.75,47554
2026-07-24T15:30:00.000Z,28500.75,28583.75,28484.5,28576,31404
2026-07-24T16:00:00.000Z,28576.75,28630.75,28549.5,28565.75,23816
2026-07-24T16:30:00.000Z,28566,28569,28460.25,28495.75,22167
2026-07-24T17:00:00.000Z,28487,28521.75,28461.75,28514.5,3307
2026-07-24T17:30:00.000Z,28515.25,28544,28452,28466,16383
2026-07-24T18:00:00.000Z,28467,28486,28333,28336.25,18301
2026-07-24T18:30:00.000Z,28337.75,28346.75,28259,28302.5,27004
2026-07-24T19:00:00.000Z,28301.75,28328.5,28212.5,28253.5,24012
2026-07-24T19:30:00.000Z,28253,28304.75,28224.5,28283.25,41981
2026-07-24T20:00:00.000Z,28283.5,28329.5,28259.25,28305,12000
2026-07-24T20:30:00.000Z,28303.5,28313.5,28282.25,28282.25,3319
2026-07-26T22:00:00.000Z,28594.5,28647,28585.5,28623.25,2760
2026-07-26T22:30:00.000Z,28623.5,28641.5,28604,28609.5,2155
2026-07-26T23:00:00.000Z,28612.25,28638.75,28597.75,28616.75,2140
2026-07-26T23:30:00.000Z,28617,28731,28610.5,28727.5,4742
2026-07-27T00:00:00.000Z,28728.25,28733.75,28581.75,28619.25,8428
2026-07-27T00:30:00.000Z,28618.25,28656,28595.25,28598.25,4032
2026-07-27T01:00:00.000Z,28599.75,28634.5,28525,28538,5462
2026-07-27T01:30:00.000Z,28542.75,28621.25,28536,28614,4503
2026-07-27T02:00:00.000Z,28614.75,28652.75,28587,28638.5,3227
2026-07-27T02:30:00.000Z,28639,28658.5,28606.25,28615.5,2235
2026-07-27T03:00:00.000Z,28615.5,28650.75,28606,28619.25,2219
2026-07-27T03:30:00.000Z,28620.5,28637,28592.75,28613.5,1799
2026-07-27T04:00:00.000Z,28614,28647,28597.75,28620.75,1696
2026-07-27T04:30:00.000Z,28620.75,28663,28609.25,28644,1882
2026-07-27T05:00:00.000Z,28646.25,28684,28638,28679.75,1879
2026-07-27T05:30:00.000Z,28680,28704.25,28673.75,28694.5,2446
2026-07-27T06:00:00.000Z,28694.5,28728.5,28693.75,28697.75,2973
2026-07-27T06:30:00.000Z,28697.25,28715.5,28680,28695,2638
2026-07-27T07:00:00.000Z,28692.75,28732,28689,28705.25,2776
2026-07-27T07:30:00.000Z,28703.25,28704,28661.25,28661.75,2884
2026-07-27T08:00:00.000Z,28661,28724.25,28658.5,28719,2684
2026-07-27T08:30:00.000Z,28720.75,28749.5,28703.25,28736,2602
2026-07-27T09:00:00.000Z,28737,28738.75,28719.75,28726.25,1898
2026-07-27T09:30:00.000Z,28727,28763.25,28718.25,28744.75,3004
2026-07-27T10:00:00.000Z,28744,28753.5,28726.25,28738,2227
2026-07-27T10:30:00.000Z,28740,28758,28733.75,28740.75,1582
2026-07-27T11:00:00.000Z,28742,28743.5,28648.5,28652.75,3814
2026-07-27T11:30:00.000Z,28653.25,28685,28645.5,28673,4466
2026-07-27T12:00:00.000Z,28673.25,28697.75,28629.25,28650.75,4851
2026-07-27T12:30:00.000Z,28650.5,28692.5,28631.75,28690.25,5008
2026-07-27T13:00:00.000Z,28692,28700,28588,28590.5,9661
2026-07-27T13:30:00.000Z,28590.5,28615.75,28341.25,28347.75,68592
2026-07-27T14:00:00.000Z,28347.75,28372.75,28075.25,28086.25,61033
2026-07-27T14:30:00.000Z,28086.5,28180.25,27939,28169.25,66059
2026-07-27T15:00:00.000Z,28171,28198.5,28046,28072.25,43690
2026-07-27T15:30:00.000Z,28074.25,28085.75,27980.25,28062.5,29499
2026-07-27T16:00:00.000Z,28062.75,28204.5,28043.5,28154.5,33599
2026-07-27T16:30:00.000Z,28154,28196.75,28027.75,28048.5,25428
2026-07-27T17:00:00.000Z,28047,28056.25,27986,27998.75,20431
2026-07-27T17:30:00.000Z,27998.5,28106.25,27997.5,28104.75,17369
2026-07-27T18:00:00.000Z,28104.75,28121.25,28049.75,28082,16566
2026-07-27T18:30:00.000Z,28082.25,28191,28019.25,28188.25,23100
2026-07-27T19:00:00.000Z,28188.75,28247.5,28165.25,28243.5,20608
2026-07-27T19:30:00.000Z,28243,28255.75,28155.25,28192.75,32136
2026-07-27T20:00:00.000Z,28193.25,28219.5,28169.25,28194.5,10296
2026-07-27T20:30:00.000Z,28194.5,28230,28186.75,28210,3392
2026-07-27T22:00:00.000Z,28210.5,28228,28125.5,28129.5,2521
2026-07-27T22:30:00.000Z,28128.25,28156.5,28123.5,28132.5,2233
2026-07-27T23:00:00.000Z,28131.75,28163.25,28105.25,28162.25,2722
2026-07-27T23:30:00.000Z,28160.75,28179.25,28121.25,28163.5,2935
2026-07-28T00:00:00.000Z,28164.75,28195,28068.25,28104.5,5974
2026-07-28T00:30:00.000Z,28103.75,28139.75,28052.75,28072,4357
2026-07-28T01:00:00.000Z,28072,28078.25,27969,28062.25,7518
2026-07-28T01:30:00.000Z,28059.75,28097,28008.75,28022,3823
2026-07-28T02:00:00.000Z,28021.75,28030.25,27972.25,27987.75,4133
2026-07-28T02:30:00.000Z,27987,28006.75,27951.5,27993,4215
2026-07-28T03:00:00.000Z,27993,28047.25,27932.5,27987.5,5353
2026-07-28T03:30:00.000Z,27984.5,28070.5,27951.5,28050.75,4439
2026-07-28T04:00:00.000Z,28013.5,28017,27970,27972.75,2968
2026-07-28T04:30:00.000Z,27972.75,28003,27951,27954.75,2367
2026-07-28T05:00:00.000Z,27957,28190,27914,27919.5,2926
2026-07-28T05:30:00.000Z,27921,27924,27870.75,27880,4966
2026-07-28T06:00:00.000Z,27882.25,27907,27839.5,27902.5,6846
2026-07-28T06:30:00.000Z,27902.75,27958.25,27892,27947.25,4173
2026-07-28T07:00:00.000Z,27945.5,27989,27934,27943.25,4383
2026-07-28T07:30:00.000Z,27944,27962.5,27908,27933.5,3856
2026-07-28T08:00:00.000Z,27934.25,28007.25,27880,27999.5,6189
2026-07-28T08:30:00.000Z,28003,28052,27975,27994.25,5424
2026-07-28T09:00:00.000Z,27992.25,28016.5,27982.5,28012,2666
2026-07-28T09:30:00.000Z,28009.75,28010.25,27941.5,27956,2885
2026-07-28T10:00:00.000Z,27956,27969.5,27933.5,27967.25,2404
2026-07-28T10:30:00.000Z,27968.5,27980.5,27904.25,27942.75,5323
2026-07-28T11:00:00.000Z,27945.75,27958,27864.75,27883,8052
2026-07-28T11:30:00.000Z,27882,27975,27848.25,27963.75,7216
2026-07-28T12:00:00.000Z,27962.5,28018.5,27949.25,28010,6203
2026-07-28T12:30:00.000Z,28010.75,28032.75,27956.25,27993.25,9924
2026-07-28T13:00:00.000Z,27993.75,28028.5,27938,27950.25,10703
2026-07-28T13:30:00.000Z,27950.25,27992,27641.75,27665.25,92034
2026-07-28T14:00:00.000Z,27665.5,27793.5,27603.5,27706.5,64771
2026-07-28T14:30:00.000Z,27706.5,27890,27669,27801.75,53184
2026-07-28T15:00:00.000Z,27803,28010,27768,27965,48405
2026-07-28T15:30:00.000Z,27965.75,28062.5,27948.75,28048,32610
2026-07-28T16:00:00.000Z,28047.75,28068.75,27984.75,27995.25,27509
2026-07-28T16:30:00.000Z,27995.5,28080,27953.5,28057.5,24663
2026-07-28T17:00:00.000Z,28057.5,28066.5,27969,27996.5,24840
2026-07-28T17:30:00.000Z,27996,28043.5,27925,27972.5,19674
2026-07-28T18:00:00.000Z,27974,27999.5,27912.5,27925.25,18811
2026-07-28T18:30:00.000Z,27926.75,27979.5,27920.5,27972.75,16210
2026-07-28T19:00:00.000Z,27972.25,28021.75,27965.25,28017.75,19911
2026-07-28T19:30:00.000Z,28018,28023.75,27911,27919.5,34932
2026-07-28T20:00:00.000Z,27919.25,27991.25,27884.25,27977.75,16239
2026-07-28T20:30:00.000Z,27977,27983.25,27935.75,27960.5,4608
2026-07-28T22:00:00.000Z,27962,28013.25,27906.5,27939.25,3798
2026-07-28T22:30:00.000Z,27939,27943.25,27756.25,27756.75,7714
2026-07-28T23:00:00.000Z,27758.25,27890.5,27728.5,27889.25,8736
2026-07-28T23:30:00.000Z,27888.5,28104.5,27884.5,28102.5,9861
2026-07-29T00:00:00.000Z,28102.75,28178.25,28052,28077.75,9480
2026-07-29T00:30:00.000Z,28073.75,28085,28000.25,28013.25,5114
2026-07-29T01:00:00.000Z,28011.75,28041.25,27896.25,27971.75,6844
2026-07-29T01:30:00.000Z,27972,27982.25,27784,27785.25,7044
2026-07-29T02:00:00.000Z,27785,27896.5,27770.25,27896.5,7340
2026-07-29T02:30:00.000Z,27894.5,27912.75,27823,27839.5,4063
2026-07-29T03:00:00.000Z,27839,27882.5,27775.5,27777.75,4620
2026-07-29T03:30:00.000Z,27776.75,27792.5,27702,27718,5066
2026-07-29T04:00:00.000Z,27700,27715.75,27648,27684.75,5521
2026-07-29T04:30:00.000Z,27682.25,27759,27640,27756,4812
2026-07-29T05:00:00.000Z,27758.75,27834.75,27735.75,27815.25,5527
2026-07-29T05:30:00.000Z,27815.25,27852.75,27787,27794,4396
2026-07-29T06:00:00.000Z,27794,27811.25,27736.25,27811,4431
2026-07-29T06:30:00.000Z,27811.5,27942.25,27811.5,27928.75,5365
2026-07-29T07:00:00.000Z,27928.75,27953,27895.75,27946.25,4604
2026-07-29T07:30:00.000Z,27945.75,27962.75,27891.25,27906,3344
2026-07-29T08:00:00.000Z,27906.25,27924.75,27820,27841.5,4513
2026-07-29T08:30:00.000Z,27842,27939.25,27830.75,27904,3470
2026-07-29T09:00:00.000Z,27904.5,27986,27901,27977.5,3911
2026-07-29T09:30:00.000Z,27976.5,28060,27957.75,28019.75,4625
2026-07-29T10:00:00.000Z,28018.25,28046,27986.25,28017.25,3795
2026-07-29T10:30:00.000Z,28017.5,28023,27931.5,27948,4030
2026-07-29T11:00:00.000Z,27950.25,28023.75,27934.5,28000.75,4545
2026-07-29T11:30:00.000Z,27999.25,28008,27956.75,28002.75,3842
2026-07-29T12:00:00.000Z,28002,28007.75,27852.75,27867.25,7859
2026-07-29T12:30:00.000Z,27867,27933.25,27844.25,27907.75,5672
2026-07-29T13:00:00.000Z,27909,27942.5,27856,27914,10092
2026-07-29T13:30:00.000Z,27914.5,27996,27667.75,27733.75,66564
2026-07-29T14:00:00.000Z,27735.25,27826.5,27538.75,27573.25,60619
2026-07-29T14:30:00.000Z,27571,27652.25,27510,27600,46837
2026-07-29T15:00:00.000Z,27600.5,27657.5,27547,27555.75,39626
2026-07-29T15:30:00.000Z,27556.25,27596.75,27464.5,27517,28135
2026-07-29T16:00:00.000Z,27518.25,27556.5,27409.25,27551,30235
2026-07-29T16:30:00.000Z,27551.25,27603.5,27485.25,27603.25,26631
2026-07-29T17:00:00.000Z,27603.75,27750,27595.25,27651,29281
2026-07-29T17:30:00.000Z,27650.75,27727.75,27629.5,27721.75,19121
2026-07-29T18:00:00.000Z,27723,27888.5,27714.75,27776.5,48879
2026-07-29T18:30:00.000Z,27777,28096.75,27709,28056.75,50697
2026-07-29T19:00:00.000Z,28057.5,28099.5,27640.75,27712.25,57608
2026-07-29T19:30:00.000Z,27711.25,27744,27317.5,27336.75,76069
2026-07-29T20:00:00.000Z,27338.25,27364,27201.5,27242.25,34720
2026-07-29T20:30:00.000Z,27244,27331.25,27207,27259.25,7689
2026-07-29T22:00:00.000Z,27202,27489.5,27202,27435,9942
2026-07-29T22:30:00.000Z,27435.75,27479.5,27412,27451.5,4752
2026-07-29T23:00:00.000Z,27449.5,27541,27446.25,27532.75,6416
2026-07-29T23:30:00.000Z,27534.25,27559.25,27495.25,27520.75,6180
2026-07-30T00:00:00.000Z,27521.75,27608,27472.25,27593.5,9185
2026-07-30T00:30:00.000Z,27594.75,27611,27489.75,27547.25,7143
2026-07-30T01:00:00.000Z,27547.25,27664.25,27535.25,27637.75,7604
2026-07-30T01:30:00.000Z,27637.75,27696.75,27635.25,27653,5749
2026-07-30T02:00:00.000Z,27652,27687.5,27603.25,27610.5,4692
2026-07-30T02:30:00.000Z,27613.25,27631,27539,27541.75,5054
2026-07-30T03:00:00.000Z,27542,27576.25,27471.25,27515.5,4972
2026-07-30T03:30:00.000Z,27516.5,27563.5,27480.25,27521.5,4034
2026-07-30T04:00:00.000Z,27507.5,27541.75,27459.5,27535,3584
2026-07-30T04:30:00.000Z,27534,27543.75,27434.75,27447.75,3316
2026-07-30T05:00:00.000Z,27446.25,27499.5,27421,27478.25,3391
2026-07-30T05:30:00.000Z,27476.5,27546.25,27463.5,27487.75,3685
2026-07-30T06:00:00.000Z,27487,27507,27447.5,27479.5,2857
2026-07-30T06:30:00.000Z,27481.5,27484.5,27415,27434.25,2919
2026-07-30T07:00:00.000Z,27433.75,27521.75,27392.75,27408,7192
2026-07-30T07:30:00.000Z,27413,27447.5,27351.25,27395.25,4841
2026-07-30T08:00:00.000Z,27394.5,27522.5,27337.5,27506.5,7062
2026-07-30T08:30:00.000Z,27510.5,27527.25,27460.5,27485.25,2542
2026-07-30T09:00:00.000Z,27486,27574.75,27469.75,27554.5,4366
2026-07-30T09:30:00.000Z,27553.5,27586,27508,27514.75,3081
2026-07-30T10:00:00.000Z,27515.5,27627.25,27488.25,27617.75,5192
2026-07-30T10:30:00.000Z,27616.5,27648,27606.5,27618.5,4498
2026-07-30T11:00:00.000Z,27619,27730,27613,27715,6536
2026-07-30T11:30:00.000Z,27715.5,27745.25,27673,27725,6149
2026-07-30T12:00:00.000Z,27723.5,27766.25,27695.75,27740.25,7563
2026-07-30T12:30:00.000Z,27740.25,27821.75,27715.25,27805.5,12289
2026-07-30T13:00:00.000Z,27807,27883.25,27793,27874.25,20489
2026-07-30T13:30:00.000Z,27875.75,28162.25,27813.25,28151.75,86566
2026-07-30T14:00:00.000Z,28150.5,28240,28066.75,28226,67125
2026-07-30T14:30:00.000Z,28226.5,28246.5,28022.5,28070.75,51318
2026-07-30T15:00:00.000Z,28071.5,28137.75,27996.25,28010.5,46565
2026-07-30T15:30:00.000Z,28010.5,28133.75,28001,28079.5,32837
2026-07-30T16:00:00.000Z,28078.75,28192.75,28059,28144.25,27168
2026-07-30T16:30:00.000Z,28144.25,28150.5,28054.5,28126.75,24154
2026-07-30T17:00:00.000Z,28127,28207.75,28126,28169,19941
2026-07-30T17:30:00.000Z,28169.5,28208.5,28139.5,28177.5,17848
2026-07-30T18:00:00.000Z,28177.5,28205,28162.25,28183,13496
2026-07-30T18:30:00.000Z,28183,28199,28148.5,28180.5,15353
2026-07-30T19:00:00.000Z,28180.75,28297.75,28179.75,28244.5,30738
2026-07-30T19:30:00.000Z,28243.75,28262.5,28202.5,28230.75,47827
2026-07-30T20:00:00.000Z,28230.75,28372.25,28205.5,28366.25,22495
2026-07-30T20:30:00.000Z,28366.5,28414.5,28311,28333.5,9661
2026-07-30T22:00:00.000Z,28317,28413.75,28300,28354,3737
2026-07-30T22:30:00.000Z,28352,28409.75,28331,28395,3385
2026-07-30T23:00:00.000Z,28394.25,28426.5,28364,28378,3068
2026-07-30T23:30:00.000Z,28378.25,28445,28362.25,28422.75,3622
2026-07-31T00:00:00.000Z,28424,28488,28397.25,28483.25,6673
2026-07-31T00:30:00.000Z,28481,28524.5,28468.75,28521.75,4351
2026-07-31T01:00:00.000Z,28523,28572,28522.75,28551,4883
2026-07-31T01:30:00.000Z,28549,28558.25,28455.5,28478,4931
2026-07-31T02:00:00.000Z,28478,28499.5,28401,28423.5,4906
2026-07-31T02:30:00.000Z,28422.5,28438,28389.5,28431.25,3317
2026-07-31T03:00:00.000Z,28431.5,28476.5,28398,28462.75,3415
2026-07-31T03:30:00.000Z,28464.5,28478.25,28428.25,28461.75,2415
2026-07-31T04:00:00.000Z,28459.5,28512,28451.5,28511.25,2585
2026-07-31T04:30:00.000Z,28512,28557,28507.75,28549,2596
2026-07-31T05:00:00.000Z,28548.75,28581,28538.5,28573,2733
2026-07-31T05:30:00.000Z,28573.5,28590.75,28541,28585,3402
2026-07-31T06:00:00.000Z,28585.5,28611.75,28577,28590.25,3464
2026-07-31T06:30:00.000Z,28589.5,28593,28450,28488.25,7105
2026-07-31T07:00:00.000Z,28484.25,28574.5,28455,28546,5976
2026-07-31T07:30:00.000Z,28547.25,28584.25,28534.5,28575,3632
2026-07-31T08:00:00.000Z,28572.75,28610,28524.75,28600,5096
2026-07-31T08:30:00.000Z,28595.25,28611,28561.5,28602.75,2833
2026-07-31T09:00:00.000Z,28603.25,28640.75,28584.75,28589.25,4180
2026-07-31T09:30:00.000Z,28588.75,28591.5,28528.5,28533,4021
2026-07-31T10:00:00.000Z,28531.75,28579.25,28519.5,28572,3230
2026-07-31T10:30:00.000Z,28572.25,28591.25,28552,28565.5,2569
2026-07-31T11:00:00.000Z,28565.5,28626,28548.5,28553.25,4298
2026-07-31T11:30:00.000Z,28555.75,28560.75,28523,28553.5,3671
2026-07-31T12:00:00.000Z,28554.75,28555.25,28448,28496.5,7326
2026-07-31T12:30:00.000Z,28496.75,28502.75,28432.25,28468.25,8171
2026-07-31T13:00:00.000Z,28468.5,28584,28457.75,28577.5,12271
2026-07-31T13:30:00.000Z,28576.5,28725.75,28295.5,28360.5,98951
2026-07-31T14:00:00.000Z,28356.75,28393,28079.75,28249.75,81967
2026-07-31T14:30:00.000Z,28249.5,28345.5,28211.75,28307.5,47617
2026-07-31T15:00:00.000Z,28308.75,28342.25,28122.25,28151,40953
2026-07-31T15:30:00.000Z,28151.25,28295,28115.5,28274,39250
2026-07-31T16:00:00.000Z,28274,28364.25,28243.75,28363.75,26870
2026-07-31T16:30:00.000Z,28363.75,28390,28308.5,28367.5,23149
2026-07-31T17:00:00.000Z,28366.75,28477.5,28360,28461.5,20750
2026-07-31T17:30:00.000Z,28462.5,28503,28415.75,28429,23005
2026-07-31T18:00:00.000Z,28429,28459.75,28395.25,28422,17779
2026-07-31T18:30:00.000Z,28422,28462,28415.5,28433.75,13042
2026-07-31T19:00:00.000Z,28433.5,28498,28405.5,28475.25,18658
2026-07-31T19:30:00.000Z,28474.5,28524,28380,28402.75,44828
2026-07-31T20:00:00.000Z,28402.75,28434.25,28340.5,28372.5,18310
2026-07-31T20:30:00.000Z,28369.75,28404.25,28258.25,28404.25,7514
2026-08-02T22:00:00.000Z,28601,28641.25,28582,28613.5,3613
2026-08-02T22:30:00.000Z,28615.25,28623.75,28560.25,28570.25,2603
2026-08-02T23:00:00.000Z,28568.75,28596,28545,28585.25,3523
2026-08-02T23:30:00.000Z,28585.5,28637.5,28571.25,28614,4995
2026-08-03T00:00:00.000Z,28611,28630.5,28537.5,28556.75,6676
2026-08-03T00:30:00.000Z,28554.25,28626,28542.5,28622,5758
2026-08-03T01:00:00.000Z,28622.25,28635,28564.25,28609,4942
2026-08-03T01:30:00.000Z,28607.5,28650,28578,28644,3833
2026-08-03T02:00:00.000Z,28644.75,28681.5,28631,28640.25,3730
2026-08-03T02:30:00.000Z,28640.5,28669.75,28633.75,28660.5,2259
2026-08-03T03:00:00.000Z,28662.5,28676.5,28641.25,28645.75,2032
2026-08-03T03:30:00.000Z,28647,28698.25,28640,28674.5,2072
2026-08-03T04:00:00.000Z,28669,28688.5,28652.5,28683.25,1524
2026-08-03T04:30:00.000Z,28682.75,28688.25,28648.5,28651,1455
2026-08-03T05:00:00.000Z,28650.75,28666.25,28622.5,28638.25,2364
2026-08-03T05:30:00.000Z,28636.75,28649.75,28617,28641.25,1644
2026-08-03T06:00:00.000Z,28642,28661,28618.5,28625.75,2930
2026-08-03T06:30:00.000Z,28627,28645,28575.75,28593.25,3037
2026-08-03T07:00:00.000Z,28594.25,28634.5,28563.75,28604,5033
2026-08-03T07:30:00.000Z,28604.5,28615.5,28558.5,28588.25,2442
2026-08-03T08:00:00.000Z,28588,28591,28473.25,28488,5073
2026-08-03T08:30:00.000Z,28487.25,28595,28471.75,28594,4473
2026-08-03T09:00:00.000Z,28594.75,28601,28543,28556.75,3093
2026-08-03T09:30:00.000Z,28556.75,28576.5,28521,28559,2684
2026-08-03T10:00:00.000Z,28559.25,28565.25,28488.5,28508,3255
2026-08-03T10:30:00.000Z,28508,28546.5,28490,28541,2392
2026-08-03T11:00:00.000Z,28541.25,28547,28465.25,28468.75,4284
2026-08-03T11:30:00.000Z,28468.75,28512.5,28403.5,28420.25,5883
2026-08-03T12:00:00.000Z,28420.25,28461.75,28383.5,28449,7705
2026-08-03T12:30:00.000Z,28450,28491.5,28437.75,28459.25,6069
2026-08-03T13:00:00.000Z,28459.25,28494.25,28396.5,28418.5,10838
2026-08-03T13:30:00.000Z,28418.5,28628,28313.5,28626.25,76968
2026-08-03T14:00:00.000Z,28623.75,28684,28529.5,28678.5,48825
2026-08-03T14:30:00.000Z,28677.5,28803.75,28661.5,28801.75,40845
2026-08-03T15:00:00.000Z,28801,28802.25,28722,28734.25,28675
2026-08-03T15:30:00.000Z,28734.25,28814.5,28731.75,28792.5,23092
2026-08-03T16:00:00.000Z,28792.5,28847.25,28790,28837,20753
2026-08-03T16:30:00.000Z,28837,28844.75,28811.75,28822.5,14366
2026-08-03T17:00:00.000Z,28822.75,28890.5,28813,28885.75,16812
2026-08-03T17:30:00.000Z,28885.5,28921.75,28874.5,28917.5,16983
2026-08-03T18:00:00.000Z,28917.5,28964.25,28890.25,28892.75,24477
2026-08-03T18:30:00.000Z,28892,28926,28882.75,28907,17023
2026-08-03T19:00:00.000Z,28907.5,28943.75,28895,28912.75,18731
2026-08-03T19:30:00.000Z,28912.75,28935.5,28865.25,28900.25,37814
2026-08-03T20:00:00.000Z,28900.75,28945,28878.25,28913.75,10944
2026-08-03T20:30:00.000Z,28913.25,28931.75,28909.75,28929.25,3041
2026-08-03T22:00:00.000Z,28930,28950.75,28919,28944,1757
2026-08-03T22:30:00.000Z,28941.5,28962.25,28932.25,28945.75,2320
2026-08-03T23:00:00.000Z,28944,28958.75,28930.25,28948.75,1842
2026-08-03T23:30:00.000Z,28947.75,28972.25,28934,28971,2423
2026-08-04T00:00:00.000Z,28971.25,28976.25,28900.5,28905.75,5533
2026-08-04T00:30:00.000Z,28905.5,28908.25,28864.25,28876.75,5929
2026-08-04T01:00:00.000Z,28876,28902.5,28831.75,28901.5,5853
2026-08-04T01:30:00.000Z,28901,29048,28899.25,29041.25,7421
2026-08-04T02:00:00.000Z,29041.75,29044.75,28942.5,28949.5,5743
2026-08-04T02:30:00.000Z,28948.5,28994.5,28948.5,28972.75,3649
2026-08-04T03:00:00.000Z,28972.5,28992,28931.75,28976.75,3674
2026-08-04T03:30:00.000Z,28977.25,29005.5,28957.75,29003.5,2725
2026-08-04T04:00:00.000Z,28990.75,29015.25,28968.5,29007.5,1989
2026-08-04T04:30:00.000Z,29009.25,29023.25,28994.75,29015.5,1155
2026-08-04T05:00:00.000Z,29016.25,29032.25,28978.25,29026.5,2535
2026-08-04T05:30:00.000Z,29025.25,29074.75,29025,29072.25,2905
2026-08-04T06:00:00.000Z,29073.5,29098.75,29067.25,29081.5,3260
2026-08-04T06:30:00.000Z,29081.25,29090,29042.5,29073.75,2320
2026-08-04T07:00:00.000Z,29072,29109,29036.5,29099,5816
2026-08-04T07:30:00.000Z,29099.75,29119.25,29065.25,29071.25,3279
2026-08-04T08:00:00.000Z,29072,29131.5,29068,29112,3848
2026-08-04T08:30:00.000Z,29111.5,29111.5,29039,29068.75,3959
2026-08-04T09:00:00.000Z,29069,29069,29007.5,29044,3477
2026-08-04T09:30:00.000Z,29046,29089.25,29042,29077.75,2873
2026-08-04T10:00:00.000Z,29078.5,29115.25,29067.25,29096.75,2956
2026-08-04T10:30:00.000Z,29096.25,29145,29074,29115.5,5548
2026-08-04T11:00:00.000Z,29116.75,29171.5,29114.25,29170.5,4585
2026-08-04T11:30:00.000Z,29170.75,29245.75,29150.25,29237.5,8587
2026-08-04T12:00:00.000Z,29238,29238,29202.5,29221.5,5193
2026-08-04T12:30:00.000Z,29223,29225.75,29188,29202.75,5133
2026-08-04T13:00:00.000Z,29203.25,29282.25,29191.25,29234.75,11788
2026-08-04T13:30:00.000Z,29234.25,29503.75,29208.25,29466,79779
2026-08-04T14:00:00.000Z,29465.25,29568.5,29432,29559,51250
2026-08-04T14:30:00.000Z,29558.5,29572.75,29517.25,29549.75,36009
2026-08-04T15:00:00.000Z,29549.75,29663.5,29544,29639.5,35421
2026-08-04T15:30:00.000Z,29639,29696.75,29622,29671,27204
2026-08-04T16:00:00.000Z,29671,29719.75,29661.25,29706.5,20280
2026-08-04T16:30:00.000Z,29706.5,29744.5,29695,29742.75,20607
2026-08-04T17:00:00.000Z,29742.75,29825.75,29739.25,29819,25603
2026-08-04T17:30:00.000Z,29819.25,29898.75,29803.5,29834.75,26768
2026-08-04T18:00:00.000Z,29835.25,29884.25,29808,29879.75,22347
2026-08-04T18:30:00.000Z,29880,29895.5,29839.75,29881.5,17722
2026-08-04T19:00:00.000Z,29881.75,29945.25,29878.25,29900.5,25309
2026-08-04T19:30:00.000Z,29901,29956.5,29847.5,29876.75,52511
2026-08-04T20:00:00.000Z,29875.25,29949.75,29761.25,29791.75,26024
2026-08-04T20:30:00.000Z,29790.5,29826,29764.5,29818.25,6884
2026-08-04T22:00:00.000Z,29777.25,29844.25,29776.5,29833,2884
2026-08-04T22:30:00.000Z,29835,29841.75,29792.25,29827.5,3107
2026-08-04T23:00:00.000Z,29825.75,29846.75,29809.75,29825,2314
2026-08-04T23:30:00.000Z,29824,29857.25,29802,29834.75,3740
2026-08-05T00:00:00.000Z,29835.5,29865,29818.75,29863,4561
2026-08-05T00:30:00.000Z,29862.75,29877,29810,29848.75,4859
2026-08-05T01:00:00.000Z,29849.25,29861.5,29797,29817.75,4069
2026-08-05T01:30:00.000Z,29819,29887.5,29813,29869,4653
2026-08-05T02:00:00.000Z,29870,29889.25,29850.25,29853,2766
2026-08-05T02:30:00.000Z,29854.5,29875,29842.25,29860.75,2218
2026-08-05T03:00:00.000Z,29859,29892,29855.75,29863.25,2190
2026-08-05T03:30:00.000Z,29864.75,29893.75,29858.25,29890,2136
2026-08-05T04:00:00.000Z,29896.75,29898.25,29859.75,29871.25,1854
2026-08-05T04:30:00.000Z,29872,29917,29869.25,29902.75,2641
2026-08-05T05:00:00.000Z,29902.5,29949,29895,29937,2530
2026-08-05T05:30:00.000Z,29936.75,29985.25,29919.75,29980.5,4407
2026-08-05T06:00:00.000Z,29980,29990,29925.5,29929.25,3649
2026-08-05T06:30:00.000Z,29929.5,29970.75,29925.75,29969.75,2446
2026-08-05T07:00:00.000Z,29969,29987,29900.25,29907.5,4382
2026-08-05T07:30:00.000Z,29908.25,29919.5,29885,29903.25,2814
2026-08-05T08:00:00.000Z,29905,29926,29819.5,29833.75,5571
2026-08-05T08:30:00.000Z,29836.5,29844.25,29797.75,29836.5,4675
2026-08-05T09:00:00.000Z,29837.75,29864.25,29814.25,29861.25,4132
2026-08-05T09:30:00.000Z,29862.25,29893.5,29853.25,29857.5,3681
2026-08-05T10:00:00.000Z,29857.25,29871.75,29833.75,29858.75,2656
2026-08-05T10:30:00.000Z,29857.5,29871.25,29834.5,29862.25,2503
2026-08-05T11:00:00.000Z,29865.5,29923,29865.5,29900.5,4901
2026-08-05T11:30:00.000Z,29900.5,29943.5,29890.5,29919.5,4792
2026-08-05T12:00:00.000Z,29919.5,29939.75,29891.25,29935.25,5816
2026-08-05T12:30:00.000Z,29935.5,29950,29892.75,29915,5806
2026-08-05T13:00:00.000Z,29917.25,29978.5,29894.75,29974,9491
2026-08-05T13:30:00.000Z,29975.25,30074,29910.25,30048.75,76305
2026-08-05T14:00:00.000Z,30048.5,30048.5,29901.25,29915,50164
2026-08-05T14:30:00.000Z,29915,29918.75,29788,29848.25,56750
2026-08-05T15:00:00.000Z,29849,29890.75,29763.5,29809.5,39899
2026-08-05T15:30:00.000Z,29808.5,29860.75,29713.25,29739,27967
2026-08-05T16:00:00.000Z,29738.25,29835.25,29702,29829.25,29925
2026-08-05T16:30:00.000Z,29829.75,29839.75,29770,29808.25,18690
2026-08-05T17:00:00.000Z,29809.75,29819.75,29740.5,29754.5,16449
2026-08-05T17:30:00.000Z,29754.25,29779.25,29734.25,29757,12776
2026-08-05T18:00:00.000Z,29756.75,29788.5,29752.25,29776,12861
2026-08-05T18:30:00.000Z,29776.25,29776.5,29722.75,29725.75,14021
2026-08-05T19:00:00.000Z,29726.75,29779.25,29718.5,29756.5,15073
2026-08-05T19:30:00.000Z,29757,29763.25,29592.75,29607.5,37300
2026-08-05T20:00:00.000Z,29607,29618.25,29530.75,29569.75,25551
2026-08-05T20:30:00.000Z,29571.25,29607.75,29566.25,29600.25,4317
2026-08-05T22:00:00.000Z,29569.5,29638,29563.5,29627.75,2664
2026-08-05T22:30:00.000Z,29628,29679.5,29615.75,29623.25,4563
2026-08-05T23:00:00.000Z,29622.75,29649.5,29612.25,29629.25,1965
2026-08-05T23:30:00.000Z,29629.25,29636.75,29566,29583.5,4169
2026-08-06T00:00:00.000Z,29584.25,29608,29546.75,29560.5,5545
2026-08-06T00:30:00.000Z,29561.5,29588,29535.25,29537.5,3929
2026-08-06T01:00:00.000Z,29539.25,29540.75,29454.25,29473.25,5989
2026-08-06T01:30:00.000Z,29472.75,29519,29469.5,29498,4520
2026-08-06T02:00:00.000Z,29497.75,29578.75,29490.75,29548.75,4434
2026-08-06T02:30:00.000Z,29546.5,29621,29529.25,29593,4274
2026-08-06T03:00:00.000Z,29593.75,29608.5,29535,29543,3060
2026-08-06T03:30:00.000Z,29543.5,29576,29525,29564,2897
2026-08-06T04:00:00.000Z,29571.5,29599.75,29554.25,29585,2579
2026-08-06T04:30:00.000Z,29585.75,29600,29541.75,29574.75,1979
2026-08-06T05:00:00.000Z,29575.25,29596.25,29558,29580,1840
2026-08-06T05:30:00.000Z,29579.75,29583.75,29544.25,29580.75,2334
2026-08-06T06:00:00.000Z,29580,29581.75,29485,29547.25,4676
2026-08-06T06:30:00.000Z,29546.5,29548.75,29486.25,29523,2810
2026-08-06T07:00:00.000Z,29520.25,29563,29506.75,29536.5,3298
2026-08-06T07:30:00.000Z,29520.5,29538.25,29500.75,29507.25,2367
2026-08-06T08:00:00.000Z,29479.5,29511.5,29443.75,29508.25,5031
2026-08-06T08:30:00.000Z,29509.5,29532.5,29490.25,29517.25,2974
2026-08-06T09:00:00.000Z,29517.25,29517.25,29437.5,29482.5,3023
2026-08-06T09:30:00.000Z,29482,29531,29475.75,29526.75,1979
2026-08-06T10:00:00.000Z,29526.75,29533.75,29494.25,29517,2020
2026-08-06T10:30:00.000Z,29517.5,29519.5,29468,29484.5,2712
2026-08-06T11:00:00.000Z,29484.5,29488.5,29364.75,29469.25,8406
2026-08-06T11:30:00.000Z,29469.5,29516.5,29438,29467.25,7276
2026-08-06T12:00:00.000Z,29466,29476.5,29387.5,29432.5,7494
2026-08-06T12:30:00.000Z,29430,29463.5,29389.5,29399.5,6267
2026-08-06T13:00:00.000Z,29400.25,29404.5,29326.25,29334.5,13114
2026-08-06T13:30:00.000Z,29335,29551,29241.25,29527.25,80037
2026-08-06T14:00:00.000Z,29528.25,29667,29488,29587,50404
2026-08-06T14:30:00.000Z,29589,29659.25,29533.75,29656.75,41028
2026-08-06T15:00:00.000Z,29656.5,29686.25,29564.25,29608.5,34762
2026-08-06T15:30:00.000Z,29608.25,29628,29506,29516.25,34904
2026-08-06T16:00:00.000Z,29516.25,29542.75,29448.5,29471.5,30255
2026-08-06T16:30:00.000Z,29472.25,29558.5,29462.25,29556.5,21139
2026-08-06T17:00:00.000Z,29557.25,29574.25,29512.25,29527.75,16909
2026-08-06T17:30:00.000Z,29526.75,29543,29493.75,29529,13739
2026-08-06T18:00:00.000Z,29529,29575.5,29498.5,29556.5,16870
2026-08-06T18:30:00.000Z,29556.5,29561,29500.5,29515.5,12923
2026-08-06T19:00:00.000Z,29515.75,29570.25,29496.5,29509,16708
2026-08-06T19:30:00.000Z,29508,29545.5,29475,29497.25,30914
2026-08-06T20:00:00.000Z,29497.25,29552,29482.75,29492.5,12491
2026-08-06T20:30:00.000Z,29492.5,29506.25,29480.25,29504.25,2902
2026-08-06T22:00:00.000Z,29514.25,29581.75,29494.5,29550,2577
2026-08-06T22:30:00.000Z,29549,29566.5,29537.25,29566,1526
2026-08-06T23:00:00.000Z,29564.75,29597,29554.25,29573,1977
2026-08-06T23:30:00.000Z,29572.5,29603.5,29563.25,29593.25,2037
2026-08-07T00:00:00.000Z,29595.25,29618.75,29497.25,29513.5,5748
2026-08-07T00:30:00.000Z,29513,29575,29500.75,29561.25,5947
2026-08-07T01:00:00.000Z,29561.75,29582,29482.5,29531.25,5012
2026-08-07T01:30:00.000Z,29529.5,29581.25,29493.75,29526.25,4778
2026-08-07T02:00:00.000Z,29527,29548,29489.5,29525.5,3554
2026-08-07T02:30:00.000Z,29526.5,29535.5,29475.5,29527,2930
2026-08-07T03:00:00.000Z,29526,29548,29491.25,29505,2369
2026-08-07T03:30:00.000Z,29503,29522.25,29486.25,29489.25,1327
2026-08-07T04:00:00.000Z,29496.25,29516.75,29453.5,29508.25,3823
2026-08-07T04:30:00.000Z,29508.25,29526,29489.25,29511.5,2063
2026-08-07T05:00:00.000Z,29510.75,29556.75,29507.5,29549.25,2921
2026-08-07T05:30:00.000Z,29547.75,29550,29519.75,29523.5,1280
2026-08-07T06:00:00.000Z,29523.5,29583.5,29520,29580.5,3870
2026-08-07T06:30:00.000Z,29580.25,29583.5,29537.75,29553,2298
2026-08-07T07:00:00.000Z,29552,29592.5,29533,29587.75,3233
2026-08-07T07:30:00.000Z,29588.75,29591,29561.25,29583.75,1856
2026-08-07T08:00:00.000Z,29584.25,29629.75,29584,29623.75,3712
2026-08-07T08:30:00.000Z,29623.5,29647.25,29609.25,29632.5,3812
2026-08-07T09:00:00.000Z,29633.5,29649,29624.75,29634.5,2051
2026-08-07T09:30:00.000Z,29634.5,29647,29616,29616.5,1435
2026-08-07T10:00:00.000Z,29618.25,29628,29591.25,29621.25,1956
2026-08-07T10:30:00.000Z,29621.5,29625.25,29602.25,29607.25,1412
2026-08-07T11:00:00.000Z,29606.5,29666.25,29606.25,29654,3055
2026-08-07T11:30:00.000Z,29652.25,29673.25,29604.25,29614,4271
2026-08-07T12:00:00.000Z,29614.5,29686,29604.75,29683.5,5887
2026-08-07T12:30:00.000Z,29676.25,29867.75,29643.75,29843.25,22157
2026-08-07T13:00:00.000Z,29843.75,29850.5,29685,29714.75,18721
2026-08-07T13:30:00.000Z,29714.25,29820,29643.75,29677.25,74274
2026-08-07T14:00:00.000Z,29679.5,29779.5,29564.5,29761.25,61198
2026-08-07T14:30:00.000Z,29761,29775,29660,29721,41798
2026-08-07T15:00:00.000Z,29720.25,29828.75,29709,29826.75,28498
2026-08-07T15:30:00.000Z,29826,29855.25,29794.25,29814,24619
2026-08-07T16:00:00.000Z,29814.75,29830,29688.75,29714,22925
2026-08-07T16:30:00.000Z,29714,29780.75,29668.75,29739.5,24713
2026-08-07T17:00:00.000Z,29739.75,29768,29726.25,29747.5,13712
2026-08-07T17:30:00.000Z,29747.5,29764.25,29727,29743.25,10075
2026-08-07T18:00:00.000Z,29743.5,29754.75,29702.75,29705.75,10922
2026-08-07T18:30:00.000Z,29705.5,29729,29676.5,29725,12514
2026-08-07T19:00:00.000Z,29725.25,29823,29723,29811,20551
2026-08-07T19:30:00.000Z,29811.25,29860.25,29772.25,29834.25,33523
2026-08-07T20:00:00.000Z,29833.75,29850.75,29803.75,29805,10432
2026-08-07T20:30:00.000Z,29805.5,29845,29802.5,29834.75,3475
2026-08-09T22:00:00.000Z,29851.75,29860.25,29805.25,29838,3108
2026-08-09T22:30:00.000Z,29838.5,29853.5,29814.5,29844.25,2018
2026-08-09T23:00:00.000Z,29845.25,29882.25,29833.5,29864.25,2268
2026-08-09T23:30:00.000Z,29865.25,29872,29828.25,29829.5,2412
2026-08-10T00:00:00.000Z,29830.25,29906.5,29796.25,29845.75,5616
2026-08-10T00:30:00.000Z,29847,29865.25,29788.5,29802,4003
2026-08-10T01:00:00.000Z,29803.25,29882.5,29791,29865.25,3764
2026-08-10T01:30:00.000Z,29864,29895,29840.75,29885,2387
2026-08-10T02:00:00.000Z,29886,29892.25,29852.75,29870,2011
2026-08-10T02:30:00.000Z,29870,29899.5,29848.25,29880.25,1602
2026-08-10T03:00:00.000Z,29881.25,29892,29869.25,29882.5,1225
2026-08-10T03:30:00.000Z,29880,29899,29871.25,29880,1378
2026-08-10T04:00:00.000Z,29878.25,29904,29873,29899.25,1232
2026-08-10T04:30:00.000Z,29898.25,29902.25,29863,29882.75,1631
2026-08-10T05:00:00.000Z,29882.25,29924.5,29881,29910.75,2026
2026-08-10T05:30:00.000Z,29912,29930.5,29899.5,29930.5,1689
2026-08-10T06:00:00.000Z,29930,29962.75,29907.5,29914.25,3790
2026-08-10T06:30:00.000Z,29914.25,29925.25,29906,29908.5,1753
2026-08-10T07:00:00.000Z,29909.25,29952.5,29886.25,29952.25,3119
2026-08-10T07:30:00.000Z,29950.75,29984,29935.75,29951.5,2473
2026-08-10T08:00:00.000Z,29952.5,29981,29939.5,29953.5,2346
2026-08-10T08:30:00.000Z,29952,29975,29944,29971.5,1453
2026-08-10T09:00:00.000Z,29971.5,29983.75,29963.5,29967.75,1457
2026-08-10T09:30:00.000Z,29968.5,29972,29936,29938.75,1489
2026-08-10T10:00:00.000Z,29939.25,29959,29916,29946.75,2061
2026-08-10T10:30:00.000Z,29943.5,29945.5,29909.25,29912.25,1958
2026-08-10T11:00:00.000Z,29912.75,29926,29851.5,29909,4159
2026-08-10T11:30:00.000Z,29909.25,29919.75,29846,29871,4273
2026-08-10T12:00:00.000Z,29870.25,29883.75,29810.25,29821,3398
2026-08-10T12:30:00.000Z,29823.25,29827.5,29771.75,29777,5780
2026-08-10T13:00:00.000Z,29778.5,29823.75,29772.25,29805.5,7989
2026-08-10T13:30:00.000Z,29805.5,29841.75,29718.75,29806.75,61348
2026-08-10T14:00:00.000Z,29807,29900,29788.25,29857.75,37243
2026-08-10T14:30:00.000Z,29858.25,29892.25,29777.75,29779.25,27656
2026-08-10T15:00:00.000Z,29779.75,29822.5,29753.5,29777.75,25373
2026-08-10T15:30:00.000Z,29777,29854.5,29740.75,29844,20225
2026-08-10T16:00:00.000Z,29844.5,29858.75,29804.75,29809.75,14630
2026-08-10T16:30:00.000Z,29809.5,29817,29729.5,29780,21368
2026-08-10T17:00:00.000Z,29780.25,29811.25,29760.75,29787.5,12864
2026-08-10T17:30:00.000Z,29786.75,29796.5,29744.25,29759.75,10742
2026-08-10T18:00:00.000Z,29759,29772.75,29742.5,29747.75,8426
2026-08-10T18:30:00.000Z,29747.5,29784.5,29741.5,29782,10192
2026-08-10T19:00:00.000Z,29782.75,29796,29775.5,29781.75,10039
2026-08-10T19:30:00.000Z,29782.25,29793,29722.5,29744.25,29189
2026-08-10T20:00:00.000Z,29744.5,29754.75,29737,29751.75,8080
2026-08-10T20:30:00.000Z,29751.75,29770,29743.25,29764.25,2481
2026-08-10T22:00:00.000Z,29764.5,29788.5,29733,29746.25,1849
2026-08-10T22:30:00.000Z,29746,29746.25,29722.25,29732.5,1422
2026-08-10T23:00:00.000Z,29732.5,29735.5,29701.25,29708.5,1825
2026-08-10T23:30:00.000Z,29708.5,29726.75,29677.5,29704.5,2582
2026-08-11T00:00:00.000Z,29703.75,29765,29666,29762.75,6498
2026-08-11T00:30:00.000Z,29764,29793.75,29756,29785,2973
2026-08-11T01:00:00.000Z,29784.75,29839.5,29764.5,29821.75,4854
2026-08-11T01:30:00.000Z,29819.25,29842.5,29810,29818.25,2322
2026-08-11T02:00:00.000Z,29818,29830.5,29812,29825,1468
2026-08-11T02:30:00.000Z,29824,29844.5,29815,29818.25,1800
2026-08-11T03:00:00.000Z,29817.75,29847.5,29815,29840.75,1634
2026-08-11T03:30:00.000Z,29842.25,29843,29826,29834,1069
2026-08-11T04:00:00.000Z,29838.25,29854.5,29836,29852.75,1472
2026-08-11T04:30:00.000Z,29852.5,29861.75,29834.5,29838.75,1193
2026-08-11T05:00:00.000Z,29838.75,29854.25,29813.25,29813.75,1426
2026-08-11T05:30:00.000Z,29813.25,29829.5,29786.75,29793.25,2604
2026-08-11T06:00:00.000Z,29792.5,29827.75,29766.25,29771.25,3003
2026-08-11T06:30:00.000Z,29770.5,29789.25,29732.5,29754.25,4282
2026-08-11T07:00:00.000Z,29755.75,29769.75,29728,29743.25,2771
2026-08-11T07:30:00.000Z,29744.25,29780.25,29743.25,29774.75,1922
2026-08-11T08:00:00.000Z,29776,29804.25,29718,29733,3627
2026-08-11T08:30:00.000Z,29733.5,29763.5,29717.75,29749.5,1996
2026-08-11T09:00:00.000Z,29748,29765.75,29718.75,29759,2514
2026-08-11T09:30:00.000Z,29759.25,29784,29754.5,29768.75,1610
2026-08-11T10:00:00.000Z,29770.25,29832.75,29750.25,29821.25,2710
2026-08-11T10:30:00.000Z,29821.75,29827.5,29801.75,29818,1590
2026-08-11T11:00:00.000Z,29818.75,29886.75,29818.25,29834.25,7012
2026-08-11T11:30:00.000Z,29833.75,29837,29811,29832,2490
2026-08-11T12:00:00.000Z,29832.75,29871.5,29819.5,29828.5,4965
2026-08-11T12:30:00.000Z,29829.75,29857.25,29819,29833.75,3202
2026-08-11T13:00:00.000Z,29832.5,29851.25,29813,29839,7598
2026-08-11T13:30:00.000Z,29839.25,29842.5,29631.75,29732.75,69191
2026-08-11T14:00:00.000Z,29732.5,29792.5,29718.25,29777.25,38762
2026-08-11T14:30:00.000Z,29777.75,29804.75,29728.25,29777,29109
2026-08-11T15:00:00.000Z,29776.5,29792.25,29697.5,29702.75,27299
2026-08-11T15:30:00.000Z,29702.5,29719.5,29658.75,29663.25,22812
2026-08-11T16:00:00.000Z,29663.75,29681.75,29622,29645.75,19587
2026-08-11T16:30:00.000Z,29645.75,29666.75,29614.75,29626,17445
2026-08-11T17:00:00.000Z,29626.75,29634.75,29573,29606,19285
2026-08-11T17:30:00.000Z,29606.5,29640.75,29598.75,29628.75,13129
2026-08-11T18:00:00.000Z,29629.25,29635.75,29533.5,29544.25,18050
2026-08-11T18:30:00.000Z,29545,29599.5,29540,29582.75,15764
2026-08-11T19:00:00.000Z,29582.25,29627,29571.5,29624,14280
2026-08-11T19:30:00.000Z,29624.5,29660.25,29607,29635.25,32371
2026-08-11T20:00:00.000Z,29635.75,29676.5,29614.75,29674.75,11330
2026-08-11T20:30:00.000Z,29674.5,29676,29643.5,29646.75,2766
2026-08-11T22:00:00.000Z,29657.75,29662,29626.75,29655,1066
2026-08-11T22:30:00.000Z,29653.25,29666,29634,29650.25,1399
2026-08-11T23:00:00.000Z,29649.5,29654.25,29639.5,29652.5,778
2026-08-11T23:30:00.000Z,29652.75,29663,29634.25,29662.25,1275
2026-08-12T00:00:00.000Z,29661.75,29676,29624.5,29665.5,3712
2026-08-12T00:30:00.000Z,29666,29680,29652,29665.75,1776
2026-08-12T01:00:00.000Z,29662.75,29681,29639.5,29661.75,2281
2026-08-12T01:30:00.000Z,29660,29683.5,29646.75,29658.25,2107
2026-08-12T02:00:00.000Z,29659,29678,29650,29678,1522
2026-08-12T02:30:00.000Z,29677.25,29703,29675.25,29702.5,1553
2026-08-12T03:00:00.000Z,29702.75,29710,29695.25,29702.5,1553
2026-08-12T03:30:00.000Z,29701.75,29704.75,29684.5,29695,942
2026-08-12T04:00:00.000Z,29694,29703,29691.5,29698.25,855
2026-08-12T04:30:00.000Z,29697,29715.5,29683.5,29713,1335
2026-08-12T05:00:00.000Z,29714,29714.5,29668.25,29688,1514
2026-08-12T05:30:00.000Z,29688.75,29718,29687.25,29715.5,1265
2026-08-12T06:00:00.000Z,29715,29724.25,29698.25,29711.75,1815
2026-08-12T06:30:00.000Z,29709.5,29737.25,29706,29736.75,1662
2026-08-12T07:00:00.000Z,29737.25,29753.75,29727.5,29739.25,3032
2026-08-12T07:30:00.000Z,29738,29751.5,29729.75,29751.5,977
2026-08-12T08:00:00.000Z,29752.25,29792.25,29748.25,29786,2879
2026-08-12T08:30:00.000Z,29785.75,29799.5,29762.75,29793.75,1716
2026-08-12T09:00:00.000Z,29794.5,29848.25,29793.5,29824,2948
2026-08-12T09:30:00.000Z,29823.5,29838.75,29802.75,29815.25,2478
2026-08-12T10:00:00.000Z,29815.5,29845.25,29814.75,29839.5,1998
2026-08-12T10:30:00.000Z,29839.75,29844.25,29785,29814.5,3361
2026-08-12T11:00:00.000Z,29816,29838,29805.5,29810.25,2459
2026-08-12T11:30:00.000Z,29810,29846.5,29806,29845.5,2219
2026-08-12T12:00:00.000Z,29846,29932.25,29820.75,29905.5,5940
2026-08-12T12:30:00.000Z,29905.25,29960,29750.25,29919.25,15407
2026-08-12T13:00:00.000Z,29920,29992.75,29916,29991,12235
2026-08-12T13:30:00.000Z,29991.25,30001.75,29853.25,29907.5,66949
2026-08-12T14:00:00.000Z,29907.25,29945.75,29847.75,29916.25,40393
2026-08-12T14:30:00.000Z,29916,29931.5,29828.25,29868,33170
2026-08-12T15:00:00.000Z,29868,29892,29839,29874.5,21085
2026-08-12T15:30:00.000Z,29874.25,29879,29818.5,29831.75,17394
2026-08-12T16:00:00.000Z,29832.75,29887.75,29829,29873.5,14971
2026-08-12T16:30:00.000Z,29874,29918,29851,29905.5,16365
2026-08-12T17:00:00.000Z,29906.25,29924.5,29889.25,29909.25,13633
2026-08-12T17:30:00.000Z,29910,29924,29901.25,29910.25,10304
2026-08-12T18:00:00.000Z,29910,29918.5,29890.25,29894,9996
2026-08-12T18:30:00.000Z,29893.75,29932,29885,29889.75,10987
2026-08-12T19:00:00.000Z,29890.25,29905,29856,29868.25,11589
2026-08-12T19:30:00.000Z,29867,29870,29825.75,29852.75,31136
2026-08-12T20:00:00.000Z,29853,29906,29814.75,29820,12354
2026-08-12T20:30:00.000Z,29820,29823.25,29804.5,29805.75,3202
2026-08-12T22:00:00.000Z,29825,29831.75,29784,29794,1896
2026-08-12T22:30:00.000Z,29792.25,29803.5,29780.5,29797.75,1640
2026-08-12T23:00:00.000Z,29797.25,29812.5,29797,29807.25,1306
2026-08-12T23:30:00.000Z,29805.25,29815,29792,29804.5,1698
2026-08-13T00:00:00.000Z,29805.25,29866.75,29796.75,29840.25,4586
2026-08-13T00:30:00.000Z,29839.75,29853.75,29828.5,29846,2502
2026-08-13T01:00:00.000Z,29845.75,29853,29808.25,29818.25,2946
2026-08-13T01:30:00.000Z,29816.75,29866,29814.5,29857.25,2725
2026-08-13T02:00:00.000Z,29858,29871.25,29853.75,29863,1825
2026-08-13T02:30:00.000Z,29861.75,29877.75,29833.5,29868.5,2548
2026-08-13T03:00:00.000Z,29868.5,29879.5,29865.5,29874,947
2026-08-13T03:30:00.000Z,29876.25,29880,29867.25,29878,1010
2026-08-13T04:00:00.000Z,29886.75,29891.75,29853.75,29877,2298
2026-08-13T04:30:00.000Z,29876.5,29896,29873.5,29879.25,1316
2026-08-13T05:00:00.000Z,29878.5,29922.75,29874,29920.5,2364
2026-08-13T05:30:00.000Z,29921.5,29924,29882,29884.5,2125
2026-08-13T06:00:00.000Z,29884.5,29905.5,29869.25,29898,2204
2026-08-13T06:30:00.000Z,29896.75,29905.25,29858.25,29888.5,2209
2026-08-13T07:00:00.000Z,29888,29893.25,29845,29872.5,2912
2026-08-13T07:30:00.000Z,29869.75,29882.25,29859.25,29860,1902
2026-08-13T08:00:00.000Z,29859.75,29872.5,29827,29858.75,3423
2026-08-13T08:30:00.000Z,29859.5,29875.75,29845.5,29860.75,1688
2026-08-13T09:00:00.000Z,29861.5,29868.75,29821,29838.75,1875
2026-08-13T09:30:00.000Z,29837.5,29879.25,29836.5,29876.5,1221
2026-08-13T10:00:00.000Z,29876.25,29884.5,29863.25,29873,1585
2026-08-13T10:30:00.000Z,29874,29886.5,29868.5,29881.25,1070
2026-08-13T11:00:00.000Z,29881.5,29892.25,29855.5,29863,1881
2026-08-13T11:30:00.000Z,29860.25,29895,29857.5,29869,2157
2026-08-13T12:00:00.000Z,29869.5,29872,29812.25,29844.5,3971
2026-08-13T12:30:00.000Z,29849.75,29890.5,29820,29880.25,8716
2026-08-13T13:00:00.000Z,29880.75,29921,29878.75,29910.75,9403
2026-08-13T13:30:00.000Z,29911,30182.25,29863.5,30176,70055
2026-08-13T14:00:00.000Z,30175.75,30239.5,30155.75,30234.25,41474
2026-08-13T14:30:00.000Z,30233.25,30267.5,30198.25,30199.5,36166
2026-08-13T15:00:00.000Z,30199.25,30238.75,30179.5,30188.25,30502
2026-08-13T15:30:00.000Z,30188.75,30198.5,30104,30115.5,31585
2026-08-13T16:00:00.000Z,30117.25,30189,30114.25,30186.5,18558
2026-08-13T16:30:00.000Z,30186.75,30203.25,30168,30193.75,14059
2026-08-13T17:00:00.000Z,30193.75,30250,30193.25,30237.5,16742
2026-08-13T17:30:00.000Z,30237.75,30244.75,30203.75,30204.5,12604
2026-08-13T18:00:00.000Z,30205,30215.5,30181,30192,14202
2026-08-13T18:30:00.000Z,30192,30246,30191.5,30244.25,14925
2026-08-13T19:00:00.000Z,30244.25,30272.75,30215.25,30223.25,20143
2026-08-13T19:30:00.000Z,30222.75,30227.75,30173,30194,32154
2026-08-13T20:00:00.000Z,30194.25,30220,30144.5,30197.75,13824
2026-08-13T20:30:00.000Z,30198.25,30219.75,30195.5,30214.25,2626
2026-08-13T22:00:00.000Z,30210.75,30216.75,30186,30197,1360
2026-08-13T22:30:00.000Z,30198.5,30210.25,30198.25,30203.25,949
2026-08-13T23:00:00.000Z,30204,30226,30192.25,30199.5,1659
2026-08-13T23:30:00.000Z,30198.5,30204,30189.5,30203.25,1573
2026-08-14T00:00:00.000Z,30203.75,30232,30176.75,30185.5,4297
2026-08-14T00:30:00.000Z,30184.5,30191.75,30166.25,30170,2864
2026-08-14T01:00:00.000Z,30169.25,30169.75,30124.25,30152.5,5095
2026-08-14T01:30:00.000Z,30153.25,30168,30140.25,30151.5,2193
2026-08-14T02:00:00.000Z,30151.5,30171.75,30149.75,30167.25,1932
2026-08-14T02:30:00.000Z,30168,30181.5,30150,30154.75,1639
2026-08-14T03:00:00.000Z,30153.75,30180,30150,30180,1410
2026-08-14T03:30:00.000Z,30180.75,30182.5,30152.75,30153.75,1417
2026-08-14T04:00:00.000Z,30158.25,30165,30148,30157.5,1879
2026-08-14T04:30:00.000Z,30158.75,30163.75,30137.5,30147,1694
2026-08-14T05:00:00.000Z,30148.25,30152.5,30127.75,30150.5,1773
2026-08-14T05:30:00.000Z,30149.25,30182,30140.75,30174,1550
2026-08-14T06:00:00.000Z,30174.75,30177.75,30147.5,30163.25,1470
2026-08-14T06:30:00.000Z,30162.25,30178,30149.5,30172.5,1202
2026-08-14T07:00:00.000Z,30173.5,30194.25,30171.5,30177,2004
2026-08-14T07:30:00.000Z,30177.75,30203.75,30173,30194.75,1495
2026-08-14T08:00:00.000Z,30194.5,30235.75,30187.75,30225.5,3124
2026-08-14T08:30:00.000Z,30224.5,30240.25,30220.5,30220.75,1580
2026-08-14T09:00:00.000Z,30220,30232,30210.25,30226.75,1384
2026-08-14T09:30:00.000Z,30225.5,30236,30207,30235,1724
2026-08-14T10:00:00.000Z,30234.25,30249.75,30223,30228.75,1864
2026-08-14T10:30:00.000Z,30230,30252.5,30223.5,30252,1953
2026-08-14T11:00:00.000Z,30251.75,30262,30242,30247.25,2200
2026-08-14T11:30:00.000Z,30247,30268,30237.25,30263.75,2593
2026-08-14T12:00:00.000Z,30265.25,30280.25,30208.5,30251.5,5479
2026-08-14T12:30:00.000Z,30252.75,30279.75,30247,30268.25,5541
2026-08-14T13:00:00.000Z,30268.5,30283,30236.25,30241.5,6510
2026-08-14T13:30:00.000Z,30241.5,30280.5,30169.75,30228.25,63887
2026-08-14T14:00:00.000Z,30226,30272.25,30134.25,30160.25,39646
2026-08-14T14:30:00.000Z,30159.75,30176.5,30123,30123,27133
2026-08-14T15:00:00.000Z,30124,30143,30033.5,30072.5,31369
2026-08-14T15:30:00.000Z,30073.25,30075,30028.5,30065.75,24580
2026-08-14T16:00:00.000Z,30066.5,30107.75,30050.5,30101,18560
2026-08-14T16:30:00.000Z,30100.5,30102,30052.75,30059,16516
2026-08-14T17:00:00.000Z,30059.25,30079.75,30046.5,30059.25,13223
2026-08-14T17:30:00.000Z,30059.5,30084.5,30049.75,30081.5,11585
2026-08-14T18:00:00.000Z,30081.25,30092.5,30064.75,30068,11012
2026-08-14T18:30:00.000Z,30067.5,30104,30062.5,30088.5,11025
2026-08-14T19:00:00.000Z,30088.5,30104,30076,30096.75,12181
2026-08-14T19:30:00.000Z,30096.25,30148,30091.25,30145,30475
2026-08-14T20:00:00.000Z,30144.25,30153.25,30127.25,30131,9801
2026-08-14T20:30:00.000Z,30131,30154.75,30128.25,30141.75,2867
2026-08-16T22:00:00.000Z,30192.25,30202.5,30188.75,30192.75,746
2026-08-16T22:30:00.000Z,30193,30211.75,30187.25,30205,1513
2026-08-16T23:00:00.000Z,30205.25,30207.25,30191.5,30197,1161
2026-08-16T23:30:00.000Z,30197.75,30228,30192.75,30214.25,1781
2026-08-17T00:00:00.000Z,30215,30227.25,30189,30195.5,3039
2026-08-17T00:30:00.000Z,30195.5,30202,30185.5,30201.75,1752
2026-08-17T01:00:00.000Z,30201,30239,30199.75,30229.75,3539
2026-08-17T01:30:00.000Z,30230.25,30232.5,30187,30192,2568
2026-08-17T02:00:00.000Z,30192,30222.25,30185.25,30217.25,2372
2026-08-17T02:30:00.000Z,30216.75,30231.25,30211.75,30222.25,1394
2026-08-17T03:00:00.000Z,30223,30235.5,30220.75,30234.25,1252
2026-08-17T03:30:00.000Z,30234.75,30247.25,30226,30245.75,1184
2026-08-17T04:00:00.000Z,30246.75,30255,30240.5,30241,1441
2026-08-17T04:30:00.000Z,30241,30248.5,30233,30234.75,1138
2026-08-17T05:00:00.000Z,30234.5,30247,30230.5,30243.75,994
2026-08-17T05:30:00.000Z,30244.5,30274,30237.25,30272,1788
2026-08-17T06:00:00.000Z,30273.25,30299,30266.75,30296.75,3272
2026-08-17T06:30:00.000Z,30297.25,30327,30294,30324.5,3396
2026-08-17T07:00:00.000Z,30324.75,30331.5,30261,30279.75,3703
2026-08-17T07:30:00.000Z,30279.75,30324.25,30276.75,30313,2729
2026-08-17T08:00:00.000Z,30312,30328,30297,30315.25,2444
2026-08-17T08:30:00.000Z,30314,30319,30283.75,30298.25,1684
2026-08-17T09:00:00.000Z,30298.25,30301.5,30267.75,30274.5,1470
2026-08-17T09:30:00.000Z,30274.25,30291.5,30267.75,30282,1295
2026-08-17T10:00:00.000Z,30282,30343,30276,30338,2719
2026-08-17T10:30:00.000Z,30334.25,30338.5,30292.75,30315,2248
2026-08-17T11:00:00.000Z,30313.75,30325,30286.75,30299.5,3244
2026-08-17T11:30:00.000Z,30300.25,30310,30286,30286.75,1917
2026-08-17T12:00:00.000Z,30286.75,30288.75,30220.75,30236,5951
2026-08-17T12:30:00.000Z,30238.25,30250.5,30180,30202.5,7380
2026-08-17T13:00:00.000Z,30202.5,30238,30199.25,30219.5,8990
2026-08-17T13:30:00.000Z,30218.5,30266,30165.5,30235,56015
2026-08-17T14:00:00.000Z,30234.75,30243.25,30155.25,30197.75,36910
2026-08-17T14:30:00.000Z,30198,30246,30186,30244,21680
2026-08-17T15:00:00.000Z,30244,30287.5,30233.25,30269,25244
2026-08-17T15:30:00.000Z,30269.75,30273.5,30207.75,30239.5,22781
2026-08-17T16:00:00.000Z,30239.75,30243.25,30196.5,30207.25,14851
2026-08-17T16:30:00.000Z,30207.5,30212.75,30175.25,30183.5,12378
2026-08-17T17:00:00.000Z,30183.5,30187.25,30092.5,30096.75,26830
2026-08-17T17:30:00.000Z,30097,30128,30086.5,30102.25,18374
2026-08-17T18:00:00.000Z,30102,30114,30079.25,30103,16387
2026-08-17T18:30:00.000Z,30103.75,30136.5,30092.5,30122.25,11473
2026-08-17T19:00:00.000Z,30122.5,30124.75,30082.25,30093.5,15076
2026-08-17T19:30:00.000Z,30093.75,30123,30066.5,30090.5,27278
2026-08-17T20:00:00.000Z,30091,30098,30068.5,30078.5,8710
2026-08-17T20:30:00.000Z,30077.75,30080,30054.5,30078.25,2857
2026-08-17T22:00:00.000Z,30077,30091.75,30062.25,30076,1898
2026-08-17T22:30:00.000Z,30075,30083.5,30067,30079.75,1075
2026-08-17T23:00:00.000Z,30079.25,30088.75,30070,30084,1292
2026-08-17T23:30:00.000Z,30083,30103,30080.5,30094.5,2348
2026-08-18T00:00:00.000Z,30094.25,30114.75,30083.75,30100,2939
2026-08-18T00:30:00.000Z,30101,30121.25,30095,30098,2299
2026-08-18T01:00:00.000Z,30099.25,30110,30075,30087.5,2763
2026-08-18T01:30:00.000Z,30086.25,30090.5,29968.25,30012.5,9451
2026-08-18T02:00:00.000Z,30012,30022,29923.25,29931,7250
2026-08-18T02:30:00.000Z,29932.5,29959.75,29880.25,29908.25,7920
2026-08-18T03:00:00.000Z,29909,29915.5,29859.25,29879.25,4445
2026-08-18T03:30:00.000Z,29879,29909.75,29853,29900,4822
2026-08-18T04:00:00.000Z,29888.75,29920.25,29879.25,29911,3906
2026-08-18T04:30:00.000Z,29912.25,29927.25,29891,29918,2825
2026-08-18T05:00:00.000Z,29917.75,29918.5,29873.25,29876,3049
2026-08-18T05:30:00.000Z,29876.5,29880.75,29835.25,29842,3298
2026-08-18T06:00:00.000Z,29841.5,29866.5,29786,29860,6814
2026-08-18T06:30:00.000Z,29859.5,29896,29852.75,29893,2364
2026-08-18T07:00:00.000Z,29892,29896.5,29845.5,29847.25,2933
2026-08-18T07:30:00.000Z,29848,29854.75,29808,29810.75,3263
2026-08-18T08:00:00.000Z,29811,29814.25,29735.75,29759.75,8055
2026-08-18T08:30:00.000Z,29759.5,29792.25,29742.5,29765.5,3483
2026-08-18T09:00:00.000Z,29765,29778,29723.5,29735,3815
2026-08-18T09:30:00.000Z,29736.5,29742,29687.25,29733,5381
2026-08-18T10:00:00.000Z,29732.25,29743.75,29703.75,29727.5,3108
2026-08-18T10:30:00.000Z,29726.75,29752.75,29720.5,29739,2452
2026-08-18T11:00:00.000Z,29739,29773.75,29730.25,29756.75,4055
2026-08-18T11:30:00.000Z,29758,29775.75,29727,29747.25,3612
2026-08-18T12:00:00.000Z,29748.5,29786,29711.5,29714.5,6674
2026-08-18T12:30:00.000Z,29714.25,29723,29680.5,29713,5878
2026-08-18T13:00:00.000Z,29713,29726.5,29678,29690.25,10053
2026-08-18T13:30:00.000Z,29690.75,29769.75,29604.75,29646.25,81300
2026-08-18T14:00:00.000Z,29647.5,29705.75,29568.5,29669.25,57198
2026-08-18T14:30:00.000Z,29668.75,29691.25,29536.25,29547.75,43930
2026-08-18T15:00:00.000Z,29547.5,29600,29514,29591.25,38928
2026-08-18T15:30:00.000Z,29591,29641,29566.5,29637,27337
2026-08-18T16:00:00.000Z,29636.75,29663.25,29609.5,29609.75,23651
2026-08-18T16:30:00.000Z,29609.75,29670.75,29603.25,29649.75,19941
2026-08-18T17:00:00.000Z,29649.75,29660.75,29593,29616,16730
2026-08-18T17:30:00.000Z,29615.25,29622,29565,29565.75,15023
2026-08-18T18:00:00.000Z,29566,29615,29547.25,29603.25,19719
2026-08-18T18:30:00.000Z,29603.5,29614,29565.25,29571.25,13420
2026-08-18T19:00:00.000Z,29571,29606.75,29564.5,29600,14883
2026-08-18T19:30:00.000Z,29600,29610,29559.25,29586.5,37981
2026-08-18T20:00:00.000Z,29586.75,29596.75,29561.5,29578.25,8604
2026-08-18T20:30:00.000Z,29578.5,29586,29550.25,29559.5,3075
2026-08-18T22:00:00.000Z,29566.5,29593.5,29544.75,29546.75,2759
2026-08-18T22:30:00.000Z,29547.5,29552.75,29516.75,29519.5,3317
2026-08-18T23:00:00.000Z,29520,29567.25,29514.25,29546,3370
2026-08-18T23:30:00.000Z,29545.75,29552.75,29523,29528.5,3009
2026-08-19T00:00:00.000Z,29527.5,29530.75,29442,29530.75,9745
2026-08-19T00:30:00.000Z,29530.75,29586,29529.75,29539.25,6068
2026-08-19T01:00:00.000Z,29538.25,29609.5,29530.25,29602,7491
2026-08-19T01:30:00.000Z,29600.75,29604.5,29563,29577.75,3727
2026-08-19T02:00:00.000Z,29579,29583.25,29521,29542,4409
2026-08-19T02:30:00.000Z,29541.75,29545,29514,29532,2759
2026-08-19T03:00:00.000Z,29532,29555,29519.75,29535.25,2712
2026-08-19T03:30:00.000Z,29533.5,29567,29516.25,29527.75,2774
2026-08-19T04:00:00.000Z,29517,29543.5,29505,29533.75,2771
2026-08-19T04:30:00.000Z,29533.75,29540.5,29463.75,29506,3444
2026-08-19T05:00:00.000Z,29506.75,29535,29466.25,29509.25,3438
2026-08-19T05:30:00.000Z,29507.5,29512.25,29446,29457.5,3014
2026-08-19T06:00:00.000Z,29456.5,29504.75,29430.5,29482,4357
2026-08-19T06:30:00.000Z,29481.5,29561.5,29460,29559.75,4541
2026-08-19T07:00:00.000Z,29558.75,29578.25,29520.25,29578.25,4418
2026-08-19T07:30:00.000Z,29578.5,29606.5,29547.25,29601.25,4471
2026-08-19T08:00:00.000Z,29600.25,29640.75,29593,29622.5,6869
2026-08-19T08:30:00.000Z,29620.5,29633.25,29600.25,29609.5,3007
2026-08-19T09:00:00.000Z,29606.25,29630,29566.25,29571,3461
2026-08-19T09:30:00.000Z,29571,29587,29536.5,29553.75,2595
2026-08-19T10:00:00.000Z,29553.25,29557.75,29510.75,29536.25,3508
2026-08-19T10:30:00.000Z,29536,29558.75,29517.75,29521,2575
2026-08-19T11:00:00.000Z,29522.5,29578,29509.5,29538.5,3971
2026-08-19T11:30:00.000Z,29536.25,29540.25,29506.75,29536,2836
2026-08-19T12:00:00.000Z,29535,29583,29511.5,29573.25,6462
2026-08-19T12:30:00.000Z,29574,29757.25,29549.25,29742.75,25419
2026-08-19T13:00:00.000Z,29743,29748.25,29679.75,29697,16181
2026-08-19T13:30:00.000Z,29696,29742.75,29406.5,29496.5,97457
2026-08-19T14:00:00.000Z,29496.25,29514.25,29375.75,29482.5,62399
2026-08-19T14:30:00.000Z,29482.5,29624.5,29468.25,29623.25,40704
2026-08-19T15:00:00.000Z,29623,29631.25,29581,29613.5,25873
2026-08-19T15:30:00.000Z,29613.25,29616.5,29550.25,29606.25,21589
2026-08-19T16:00:00.000Z,29607.25,29667.25,29587.5,29609,19382
2026-08-19T16:30:00.000Z,29609,29621.5,29553,29559.5,14275
2026-08-19T17:00:00.000Z,29560,29573.25,29510.5,29539.5,16887
2026-08-19T17:30:00.000Z,29540,29561,29513.75,29544.25,11282
2026-08-19T18:00:00.000Z,29544,29592.5,29492,29538.75,20889
2026-08-19T18:30:00.000Z,29538.5,29578.75,29527.5,29535,14180
2026-08-19T19:00:00.000Z,29535.25,29579.75,29529.5,29555.75,12412
2026-08-19T19:30:00.000Z,29556.75,29590,29485.25,29521.5,34222
2026-08-19T20:00:00.000Z,29522,29542.75,29514.25,29525.25,8588
2026-08-19T20:30:00.000Z,29524.75,29562.5,29520,29561,2709
2026-08-19T22:00:00.000Z,29561.5,29639,29556.5,29621.5,2969
2026-08-19T22:30:00.000Z,29622,29654.25,29613,29649.5,3046
2026-08-19T23:00:00.000Z,29650.75,29689.75,29632.75,29651.25,3160
2026-08-19T23:30:00.000Z,29652,29666.75,29626,29628.5,2299
2026-08-20T00:00:00.000Z,29629,29665.5,29581.5,29630.5,5683
2026-08-20T00:30:00.000Z,29630.75,29675.75,29617,29669.75,3054
2026-08-20T01:00:00.000Z,29670.5,29684.25,29624.75,29634.5,3829
2026-08-20T01:30:00.000Z,29633.75,29674.75,29623.75,29642.25,3132
2026-08-20T02:00:00.000Z,29641.75,29683.25,29612.75,29633.25,3453
2026-08-20T02:30:00.000Z,29631.25,29662.25,29610,29630.25,2486
2026-08-20T03:00:00.000Z,29632,29657.25,29606,29626,2214
2026-08-20T03:30:00.000Z,29625,29631.25,29593.5,29613,2621
2026-08-20T04:00:00.000Z,29646.25,29656,29636,29639.25,1544
2026-08-20T04:30:00.000Z,29640.25,29642,29608.5,29615,1643
2026-08-20T05:00:00.000Z,29617,29641,29587.75,29616,2272
2026-08-20T05:30:00.000Z,29617.25,29634.25,29599.75,29605.5,1647
2026-08-20T06:00:00.000Z,29607,29666.25,29602.25,29654.5,2857
2026-08-20T06:30:00.000Z,29653.5,29686.5,29647,29672.5,2502
2026-08-20T07:00:00.000Z,29672.75,29672.75,29604.75,29615.75,3722
2026-08-20T07:30:00.000Z,29615.5,29637,29592.75,29594.5,2818
2026-08-20T08:00:00.000Z,29595.75,29605.5,29496,29501.25,6629
2026-08-20T08:30:00.000Z,29502,29529.5,29452.75,29475.75,5907
2026-08-20T09:00:00.000Z,29477.25,29543.75,29468,29530.75,3159
2026-08-20T09:30:00.000Z,29527,29546.75,29507.5,29528.25,1607
2026-08-20T10:00:00.000Z,29527.25,29564,29511.75,29537.75,2705
2026-08-20T10:30:00.000Z,29535.75,29567,29516.25,29566,2335
2026-08-20T11:00:00.000Z,29566,29582.25,29422,29425,7323
2026-08-20T11:30:00.000Z,29424.5,29453.5,29348.75,29362,8779
2026-08-20T12:00:00.000Z,29361.25,29375,29262.5,29276.5,14556
2026-08-20T12:30:00.000Z,29278,29351,29240,29346,11778
2026-08-20T13:00:00.000Z,29346.75,29373.25,29324,29350.75,11442
2026-08-20T13:30:00.000Z,29350.5,29470.25,29308.75,29354,83306
2026-08-20T14:00:00.000Z,29354,29414,29305,29349.75,54775
2026-08-20T14:30:00.000Z,29350.75,29433.5,29329,29392.75,34119
2026-08-20T15:00:00.000Z,29392.5,29457.5,29301,29345,38581
2026-08-20T15:30:00.000Z,29344,29350.5,29269.25,29329.75,25385
2026-08-20T16:00:00.000Z,29329.75,29356.5,29302.75,29340.75,17766
2026-08-20T16:30:00.000Z,29340.25,29389,29310,29380,17853
2026-08-20T17:00:00.000Z,29380,29382,29292.5,29294.5,16504
2026-08-20T17:30:00.000Z,29294.25,29325.75,29282.75,29292.75,15412
2026-08-20T18:00:00.000Z,29292.5,29293,29202.75,29232.75,25851
2026-08-20T18:30:00.000Z,29233,29259,29212,29243.75,16806
2026-08-20T19:00:00.000Z,29243.75,29307.5,29242.25,29304.5,18811
2026-08-20T19:30:00.000Z,29304.25,29335.25,29286.5,29305.75,37810
2026-08-20T20:00:00.000Z,29306,29320.5,29262.5,29288.25,9703
2026-08-20T20:30:00.000Z,29287.75,29319.5,29285.25,29317.25,2775
2026-08-20T22:00:00.000Z,29327,29345.75,29274.25,29285.75,1618
2026-08-20T22:30:00.000Z,29286.5,29325.5,29281.75,29323,1970
2026-08-20T23:00:00.000Z,29321.5,29328.5,29312.5,29315.5,1137
2026-08-20T23:30:00.000Z,29316.5,29323.75,29286.75,29293,2745
2026-08-21T00:00:00.000Z,29292.5,29365.5,29289.75,29325.5,4829
2026-08-21T00:30:00.000Z,29326.75,29362,29311.75,29320.5,2964
2026-08-21T01:00:00.000Z,29320.5,29357,29291.75,29341.5,3948
2026-08-21T01:30:00.000Z,29340.5,29372.5,29320.25,29354.25,2883
2026-08-21T02:00:00.000Z,29353.75,29395,29343.25,29390,2374
2026-08-21T02:30:00.000Z,29390,29399.25,29376,29384,1999
2026-08-21T03:00:00.000Z,29384,29388.25,29349,29363,2127
2026-08-21T03:30:00.000Z,29364.75,29376.75,29342.75,29360.25,1727
2026-08-21T04:00:00.000Z,29362,29371.75,29330.5,29330.5,2101
2026-08-21T04:30:00.000Z,29330,29364.5,29321.25,29356.25,1720
2026-08-21T05:00:00.000Z,29358.25,29380.75,29351.5,29353.25,1437
2026-08-21T05:30:00.000Z,29352.25,29377.5,29340.25,29366.25,1626
2026-08-21T06:00:00.000Z,29365.5,29381,29354.5,29376.25,1719
2026-08-21T06:30:00.000Z,29375.5,29401.5,29365.5,29386.5,2416
2026-08-21T07:00:00.000Z,29386,29458.75,29380.5,29427.5,4460
2026-08-21T07:30:00.000Z,29426,29453.5,29420.5,29446,3170
2026-08-21T08:00:00.000Z,29447.25,29464.25,29390.5,29421.5,4594
2026-08-21T08:30:00.000Z,29421.25,29467.5,29418,29453,3675
2026-08-21T09:00:00.000Z,29454,29455,29411.5,29435.5,3284
2026-08-21T09:30:00.000Z,29435.5,29495,29429.75,29485,4624
2026-08-21T10:00:00.000Z,29485.75,29518.5,29470.25,29490,4195
2026-08-21T10:30:00.000Z,29489.5,29495,29471.25,29479.5,1860
2026-08-21T11:00:00.000Z,29480,29525,29452.75,29519.25,5174
2026-08-21T11:30:00.000Z,29518.5,29539,29498.5,29500,5309
2026-08-21T12:00:00.000Z,29499.5,29516.75,29477.75,29516.25,4535
2026-08-21T12:30:00.000Z,29515.5,29539,29503.5,29511.5,5699
2026-08-21T13:00:00.000Z,29511.75,29516,29418,29469.25,14297
2026-08-21T13:30:00.000Z,29469.25,29476,29255.75,29303.5,72468
2026-08-21T14:00:00.000Z,29303.25,29335.5,29220,29278.75,54282
2026-08-21T14:30:00.000Z,29280.25,29333.75,29258,29331.75,35218
2026-08-21T15:00:00.000Z,29332,29371.25,29326.75,29368.25,27761
2026-08-21T15:30:00.000Z,29367.75,29488.75,29364,29443,38743
2026-08-21T16:00:00.000Z,29443.5,29452.75,29388.75,29409.5,26363
2026-08-21T16:30:00.000Z,29410,29425.5,29380.75,29412.25,13119
2026-08-21T17:00:00.000Z,29412,29424,29376.25,29395.25,14970
2026-08-21T17:30:00.000Z,29396,29410.5,29381.5,29383.75,10563
2026-08-21T18:00:00.000Z,29383.25,29405.25,29362.75,29363,13124
2026-08-21T18:30:00.000Z,29363,29403.5,29353.75,29400.25,10739
2026-08-21T19:00:00.000Z,29400,29415,29380.25,29394.5,14841
2026-08-21T19:30:00.000Z,29393.5,29432.25,29375.25,29395.25,31809
2026-08-21T20:00:00.000Z,29395.75,29398,29367.75,29370,8978
2026-08-21T20:30:00.000Z,29370.5,29388,29370,29387.75,3327
2026-08-23T22:00:00.000Z,29321,29343,29313,29338.75,1454
2026-08-23T22:30:00.000Z,29337.75,29400,29335,29390.5,2537
2026-08-23T23:00:00.000Z,29390.5,29429.5,29384,29429,1541
2026-08-23T23:30:00.000Z,29427,29480.5,29418,29467.75,3737
2026-08-24T00:00:00.000Z,29466.5,29472.5,29335,29356.5,8343
2026-08-24T00:30:00.000Z,29357.25,29428.25,29337.25,29427.25,4721
2026-08-24T01:00:00.000Z,29425.75,29449,29393.25,29410.25,3848
2026-08-24T01:30:00.000Z,29409.5,29410.75,29321,29323.25,4388
2026-08-24T02:00:00.000Z,29321.5,29373.25,29301.25,29363,5741
2026-08-24T02:30:00.000Z,29363,29377.25,29341.75,29370.5,3066
2026-08-24T03:00:00.000Z,29371.25,29372.5,29289.75,29295.5,3666
2026-08-24T03:30:00.000Z,29295,29305,29261.25,29271,3304
2026-08-24T04:00:00.000Z,29272.25,29300.75,29268.25,29292,2448
2026-08-24T04:30:00.000Z,29292.25,29304,29263,29265.75,2005
2026-08-24T05:00:00.000Z,29265.5,29297.25,29247,29250,2551
2026-08-24T05:30:00.000Z,29248,29266.5,29188,29200.75,5996
2026-08-24T06:00:00.000Z,29200.25,29219.25,29120.5,29166.5,6981
2026-08-24T06:30:00.000Z,29164.75,29180.5,29142,29164.5,2702
2026-08-24T07:00:00.000Z,29164.5,29208.75,29146.5,29183.5,3420
2026-08-24T07:30:00.000Z,29182.25,29212.5,29130.75,29143.75,3429
2026-08-24T08:00:00.000Z,29146.25,29210.5,29116.75,29191.75,4931
2026-08-24T08:30:00.000Z,29191.5,29240,29179.75,29215,2544
2026-08-24T09:00:00.000Z,29215.75,29247.75,29201,29210.5,2416
2026-08-24T09:30:00.000Z,29209.5,29249.75,29209,29231.5,2087
2026-08-24T10:00:00.000Z,29231.75,29247,29204.25,29209.25,2408
2026-08-24T10:30:00.000Z,29208.5,29240,29179.5,29184.75,2410
2026-08-24T11:00:00.000Z,29185.25,29203,29145.75,29183,4064
2026-08-24T11:30:00.000Z,29183.5,29283,29183,29245.5,7012
2026-08-24T12:00:00.000Z,29245.5,29245.75,29203.5,29230,3737
2026-08-24T12:30:00.000Z,29229.5,29240.75,29171.5,29206,5918
2026-08-24T13:00:00.000Z,29205.75,29236.75,29195.75,29235,7147
2026-08-24T13:30:00.000Z,29235.5,29243,28946.75,29021.75,86002
2026-08-24T14:00:00.000Z,29022.25,29036.75,28953.5,29012.25,43296
2026-08-24T14:30:00.000Z,29011.75,29110.75,29001.5,29082.75,35527
2026-08-24T15:00:00.000Z,29083.25,29137,29038.75,29121.25,29408
2026-08-24T15:30:00.000Z,29122,29205.5,29111.5,29168.75,32740
2026-08-24T16:00:00.000Z,29169,29224.75,29156.75,29203.75,21204
2026-08-24T16:30:00.000Z,29204.25,29212.25,29170.5,29171,13785
2026-08-24T17:00:00.000Z,29171.25,29210.5,29132,29140,20748
2026-08-24T17:30:00.000Z,29139.5,29143,29116.5,29123,15148
2026-08-24T18:00:00.000Z,29123.75,29224,29123,29218.25,19403
2026-08-24T18:30:00.000Z,29218,29233.25,29153,29154,16680
2026-08-24T19:00:00.000Z,29153.75,29167,29142.75,29158.75,13337
2026-08-24T19:30:00.000Z,29158,29173,29095.5,29099.5,35255
2026-08-24T20:00:00.000Z,29099.25,29124.75,29080.75,29084,9178
2026-08-24T20:30:00.000Z,29083.75,29136.5,29083.5,29131.25,3343
2026-08-24T22:00:00.000Z,29140.5,29152.75,29120,29126.75,1426
2026-08-24T22:30:00.000Z,29123.75,29130,29111.5,29121,1185
2026-08-24T23:00:00.000Z,29121,29128.25,29105.75,29106.75,1246
2026-08-24T23:30:00.000Z,29107.25,29116,29072,29096.25,3628
2026-08-25T00:00:00.000Z,29095.75,29102.25,29017,29079.5,7286
2026-08-25T00:30:00.000Z,29079.25,29146,29070.75,29126.5,4483
2026-08-25T01:00:00.000Z,29128,29143.25,29095.5,29115,3487
2026-08-25T01:30:00.000Z,29114.25,29155.5,29108.5,29128.25,3868
2026-08-25T02:00:00.000Z,29127,29149,29104,29146,3643
2026-08-25T02:30:00.000Z,29145.25,29168.25,29093.5,29101.75,3418
2026-08-25T03:00:00.000Z,29102.5,29176.25,29100.25,29175,3873
2026-08-25T03:30:00.000Z,29174.5,29190,29151.75,29157.75,2603
2026-08-25T04:00:00.000Z,29190,29207.25,29183.25,29201,2449
2026-08-25T04:30:00.000Z,29201.75,29217.25,29185,29198.75,2086
2026-08-25T05:00:00.000Z,29200.25,29227,29190,29220.25,2749
2026-08-25T05:30:00.000Z,29219.25,29241,29201,29232,3707
2026-08-25T06:00:00.000Z,29231.75,29288.5,29105.75,29266.25,4231
2026-08-25T06:30:00.000Z,29265.25,29267.5,29236.25,29263.25,2403
2026-08-25T07:00:00.000Z,29263.5,29290.75,29226.5,29248.25,3758
2026-08-25T07:30:00.000Z,29246.25,29261.5,29226.25,29231.75,2302
2026-08-25T08:00:00.000Z,29233.5,29326,29212.25,29276.5,5724
2026-08-25T08:30:00.000Z,29278.25,29306.25,29257,29301.75,2878
2026-08-25T09:00:00.000Z,29302,29337,29286,29318,3455
2026-08-25T09:30:00.000Z,29317,29425.75,29315,29392.5,6942
2026-08-25T10:00:00.000Z,29389.25,29410.25,29367.25,29370,3430
2026-08-25T10:30:00.000Z,29370.75,29379.75,29346.25,29358.5,2798
2026-08-25T11:00:00.000Z,29358,29362.25,29304,29340.5,4572
2026-08-25T11:30:00.000Z,29340.75,29390.5,29339.5,29373,3717
2026-08-25T12:00:00.000Z,29372.75,29409.5,29355.25,29374.25,5461
2026-08-25T12:30:00.000Z,29373.25,29373.25,29312.5,29334,6162
2026-08-25T13:00:00.000Z,29334,29344.75,29294.5,29296.25,9861
2026-08-25T13:30:00.000Z,29297,29414.75,29279.25,29312.75,77030
2026-08-25T14:00:00.000Z,29313.25,29315,29209.25,29215.25,48324
2026-08-25T14:30:00.000Z,29214.75,29268.75,29138,29232.5,40912
2026-08-25T15:00:00.000Z,29233,29282,29197,29276.75,22994
2026-08-25T15:30:00.000Z,29277.25,29309.75,29222.75,29262,25042
2026-08-25T16:00:00.000Z,29263.25,29298.5,29260.75,29293.75,15413
2026-08-25T16:30:00.000Z,29294.75,29299.75,29252.75,29274.75,16249
2026-08-25T17:00:00.000Z,29275.5,29279,29214.5,29224.5,17447
2026-08-25T17:30:00.000Z,29224.75,29234.5,29216,29227.25,9983
2026-08-25T18:00:00.000Z,29226.75,29227.5,29202,29219.75,13125
2026-08-25T18:30:00.000Z,29219.75,29275,29219,29255.5,16208
2026-08-25T19:00:00.000Z,29256,29266.5,29212.75,29226,13652
2026-08-25T19:30:00.000Z,29225.75,29289.5,29211.5,29270.25,30176
2026-08-25T20:00:00.000Z,29270.5,29313.5,29262,29302.5,11257
2026-08-25T20:30:00.000Z,29302,29308.75,29268.75,29287.5,3414
2026-08-25T22:00:00.000Z,29288,29309.75,29280,29291.25,1365
2026-08-25T22:30:00.000Z,29291.5,29293,29280.75,29284.5,758
2026-08-25T23:00:00.000Z,29284.25,29288.5,29245.25,29246,1857
2026-08-25T23:30:00.000Z,29246,29248.5,29207,29211.5,3167
2026-08-26T00:00:00.000Z,29210.25,29238.5,29165.25,29184.25,6585
2026-08-26T00:30:00.000Z,29183.75,29188,29110.5,29112.25,6279
2026-08-26T01:00:00.000Z,29113,29147,29099,29109.75,5131
2026-08-26T01:30:00.000Z,29110.5,29135,29096,29133.5,3839
2026-08-26T02:00:00.000Z,29133.5,29174.75,29119.25,29172.25,3804
2026-08-26T02:30:00.000Z,29172.75,29229.75,29171,29220.25,4324
2026-08-26T03:00:00.000Z,29221.5,29235.75,29212,29214.75,2109
2026-08-26T03:30:00.000Z,29215.5,29275.25,29205,29267,4121
2026-08-26T04:00:00.000Z,29265.25,29283.25,29260.5,29272.25,2649
2026-08-26T04:30:00.000Z,29272,29275.25,29217.25,29226.75,2831
2026-08-26T05:00:00.000Z,29227.75,29259.75,29226.5,29245,2488
2026-08-26T05:30:00.000Z,29246,29262.75,29226,29243,1637
2026-08-26T06:00:00.000Z,29242.25,29248.75,29203.5,29218.75,2514
2026-08-26T06:30:00.000Z,29218.25,29277.25,29209.75,29252.75,2834
2026-08-26T07:00:00.000Z,29252.25,29257.75,29192.25,29199,3963
2026-08-26T07:30:00.000Z,29201.25,29219.25,29185.75,29212.25,2248
2026-08-26T08:00:00.000Z,29213,29245.25,29185,29235.5,3756
2026-08-26T08:30:00.000Z,29234.75,29251,29209.75,29228,1693
2026-08-26T09:00:00.000Z,29227.75,29234.75,29191.25,29198,1712
2026-08-26T09:30:00.000Z,29200,29236.5,29198.5,29234.5,1415
2026-08-26T10:00:00.000Z,29234.25,29235,29196,29200.25,1757
2026-08-26T10:30:00.000Z,29201,29242.25,29188.75,29237.5,2306
2026-08-26T11:00:00.000Z,29237.5,29278.75,29234.75,29253,3506
2026-08-26T11:30:00.000Z,29252.25,29261.75,29186,29219.5,4596
2026-08-26T12:00:00.000Z,29220.75,29259.5,29190,29257.25,4937
2026-08-26T12:30:00.000Z,29256.75,29263.25,29133.25,29150.75,15873
2026-08-26T13:00:00.000Z,29151.75,29175,29133.5,29173.75,9319
2026-08-26T13:30:00.000Z,29174.5,29332.75,29174.25,29331.25,67368
2026-08-26T14:00:00.000Z,29331.5,29332.5,29156.75,29178.25,36486
2026-08-26T14:30:00.000Z,29178.25,29268,29176,29252.25,26118
2026-08-26T15:00:00.000Z,29251.75,29283,29222.5,29256.5,20345
2026-08-26T15:30:00.000Z,29256.75,29291.5,29215.5,29217.75,22470
2026-08-26T16:00:00.000Z,29217.75,29224.25,29189,29207,15226
2026-08-26T16:30:00.000Z,29207.25,29224.75,29170,29216.75,15452
2026-08-26T17:00:00.000Z,29216,29270.75,29210.5,29267.25,14514
2026-08-26T17:30:00.000Z,29268,29293.75,29262.75,29284.25,14429
2026-08-26T18:00:00.000Z,29284.5,29296,29264.75,29280,11726
2026-08-26T18:30:00.000Z,29279.75,29329.75,29275.75,29321.75,14873
2026-08-26T19:00:00.000Z,29321.25,29368.25,29317.75,29338,18488
2026-08-26T19:30:00.000Z,29338,29345.5,29280.25,29297.25,31907
2026-08-26T20:00:00.000Z,29297,29383.75,29283.25,29342.25,19238
2026-08-26T20:30:00.000Z,29342,29437.75,29317,29432.5,7192
2026-08-26T22:00:00.000Z,29499.5,29602,29499.25,29583.75,5622
2026-08-26T22:30:00.000Z,29583.5,29628.5,29581,29606.5,4282
2026-08-26T23:00:00.000Z,29605,29615.5,29585,29602.5,3006
2026-08-26T23:30:00.000Z,29602.75,29653,29594.5,29646.5,2832
2026-08-27T00:00:00.000Z,29648.25,29654.75,29558,29581,6259
2026-08-27T00:30:00.000Z,29580.5,29581.25,29438.25,29445.75,9565
2026-08-27T01:00:00.000Z,29443.75,29509.25,29432.5,29503.25,6591
2026-08-27T01:30:00.000Z,29503,29554.25,29491.75,29529.75,5223
2026-08-27T02:00:00.000Z,29531.75,29544.25,29516.75,29539,2540
2026-08-27T02:30:00.000Z,29538.75,29560.5,29530.5,29548.75,2586
2026-08-27T03:00:00.000Z,29550.5,29575.75,29530,29564.25,2599
2026-08-27T03:30:00.000Z,29566,29572.25,29526.5,29534.25,2054
2026-08-27T04:00:00.000Z,29533.75,29551.75,29528.5,29528.5,1315
2026-08-27T04:30:00.000Z,29528.5,29530.25,29493,29497.25,2493
2026-08-27T05:00:00.000Z,29501.5,29504.25,29448,29468,3802
2026-08-27T05:30:00.000Z,29466.25,29472.75,29428.5,29438.75,3616
2026-08-27T06:00:00.000Z,29437.5,29451,29401.75,29450.75,4899
2026-08-27T06:30:00.000Z,29451.5,29500,29449,29499.5,3211
2026-08-27T07:00:00.000Z,29498.75,29548.75,29477.25,29548.25,5028
2026-08-27T07:30:00.000Z,29547.75,29549.75,29499,29539.5,3790
2026-08-27T08:00:00.000Z,29538.75,29659.75,29537,29656.5,7269
2026-08-27T08:30:00.000Z,29656.75,29662,29610.25,29623.75,5387
2026-08-27T09:00:00.000Z,29624.75,29634.25,29568,29598,5273
2026-08-27T09:30:00.000Z,29597.75,29634.5,29596.75,29602,4587
2026-08-27T10:00:00.000Z,29602.25,29606.25,29577,29579.75,2326
2026-08-27T10:30:00.000Z,29580.75,29602.75,29568.25,29597.5,2617
2026-08-27T11:00:00.000Z,29599,29630,29569.5,29569.5,4209
2026-08-27T11:30:00.000Z,29570.25,29588,29514.75,29558.5,5123
2026-08-27T12:00:00.000Z,29557.75,29590.5,29551,29579.25,4661
2026-08-27T12:30:00.000Z,29579,29581.25,29515.5,29522.5,6504
2026-08-27T13:00:00.000Z,29522,29570.25,29518.5,29524.75,10024
2026-08-27T13:30:00.000Z,29524.5,29605,29423.75,29483,96860
2026-08-27T14:00:00.000Z,29484,29623.5,29478.5,29606.75,45548
2026-08-27T14:30:00.000Z,29606.5,29610.25,29532,29601.5,34427
2026-08-27T15:00:00.000Z,29601.75,29635,29573,29578.5,22517
2026-08-27T15:30:00.000Z,29578.25,29610,29511.5,29598,30835
2026-08-27T16:00:00.000Z,29597.25,29623.75,29570,29603,17926
2026-08-27T16:30:00.000Z,29603.5,29659.5,29599,29651.75,17483
2026-08-27T17:00:00.000Z,29652,29678.5,29638,29641.5,17607
2026-08-27T17:30:00.000Z,29641.25,29658.5,29607,29611.5,16755
2026-08-27T18:00:00.000Z,29612,29622,29526.5,29538.25,23822
2026-08-27T18:30:00.000Z,29538.25,29582.25,29537,29571.25,19732
2026-08-27T19:00:00.000Z,29571.5,29613,29567,29602.25,17864
2026-08-27T19:30:00.000Z,29602.75,29704.5,29595,29691.75,39637
2026-08-27T20:00:00.000Z,29691.75,29708,29634.25,29638.5,13426
2026-08-27T20:30:00.000Z,29639.25,29644.75,29620.5,29635.25,3472
2026-08-27T22:00:00.000Z,29635.5,29644.75,29600,29637.25,1425
2026-08-27T22:30:00.000Z,29637,29640.75,29630,29634.75,986
2026-08-27T23:00:00.000Z,29633.5,29637.5,29604,29608.25,1671
2026-08-27T23:30:00.000Z,29610,29612.75,29592,29600.75,2176
2026-08-28T00:00:00.000Z,29601.75,29656,29594.25,29653,6127
2026-08-28T00:30:00.000Z,29651.25,29667.25,29633.5,29645,2570
2026-08-28T01:00:00.000Z,29645.75,29672.75,29642.75,29648.75,2651
2026-08-28T01:30:00.000Z,29648.5,29679.75,29641.75,29677.75,3393
2026-08-28T02:00:00.000Z,29678.75,29703,29678.75,29692.75,2516
2026-08-28T02:30:00.000Z,29691,29691,29644.75,29663.75,2721
2026-08-28T03:00:00.000Z,29664.75,29707,29660.5,29700.25,2269
2026-08-28T03:30:00.000Z,29700.5,29704.25,29640.25,29671.5,3239
2026-08-28T04:00:00.000Z,29646,29669.75,29644.25,29659.5,1825
2026-08-28T04:30:00.000Z,29658.5,29660.75,29636.25,29641.75,1409
2026-08-28T05:00:00.000Z,29642,29643.75,29611.5,29622.75,2347
2026-08-28T05:30:00.000Z,29623,29624.5,29597.25,29598.25,2153
2026-08-28T06:00:00.000Z,29599,29623.75,29594.5,29596,2580
2026-08-28T06:30:00.000Z,29597.5,29645.25,29596,29645.25,2781
2026-08-28T07:00:00.000Z,29645.25,29653.5,29599.75,29613.75,3758
2026-08-28T07:30:00.000Z,29613.5,29625.75,29593,29607,2295
2026-08-28T08:00:00.000Z,29607,29620.5,29578.25,29598.25,4157
2026-08-28T08:30:00.000Z,29598.5,29633.5,29596.25,29619.75,2528
2026-08-28T09:00:00.000Z,29619,29620.5,29595.75,29615.75,1822
2026-08-28T09:30:00.000Z,29615.5,29620.25,29599,29605.5,1215
2026-08-28T10:00:00.000Z,29606,29617.25,29593.25,29611.5,1666
2026-08-28T10:30:00.000Z,29611.25,29625,29598,29622,1762
2026-08-28T11:00:00.000Z,29622.25,29636.5,29598.25,29633.5,2865
2026-08-28T11:30:00.000Z,29635,29640,29597.5,29603.5,1821
2026-08-28T12:00:00.000Z,29601.5,29663,29597.5,29661.5,4456
2026-08-28T12:30:00.000Z,29661.25,29665,29615,29659,4750
2026-08-28T13:00:00.000Z,29659,29681.75,29622,29628,8848
2026-08-28T13:30:00.000Z,29628,29703.25,29562.75,29629,61438
2026-08-28T14:00:00.000Z,29632,29706,29505,29653.5,73704
2026-08-28T14:30:00.000Z,29653.75,29799,29632,29796.5,49978
2026-08-28T15:00:00.000Z,29796.5,29811.5,29735.25,29782.75,34126
2026-08-28T15:30:00.000Z,29783.25,29785.5,29544.25,29552.5,47076
2026-08-28T16:00:00.000Z,29553,29593,29464.5,29489,46671
2026-08-28T16:30:00.000Z,29488.5,29549,29475,29501.25,28854
2026-08-28T17:00:00.000Z,29502,29503,29436.25,29470,27342
2026-08-28T17:30:00.000Z,29470,29529.25,29461.25,29514.75,17819
2026-08-28T18:00:00.000Z,29515.75,29521.5,29471.25,29483.75,15230
2026-08-28T18:30:00.000Z,29483.25,29507,29441,29455.5,15489
2026-08-28T19:00:00.000Z,29456,29502,29443.5,29498.25,17179
2026-08-28T19:30:00.000Z,29498.5,29521.5,29473.5,29496,37136
2026-08-28T20:00:00.000Z,29496.5,29507.75,29478.25,29492,7711
2026-08-28T20:30:00.000Z,29492,29519.25,29485,29491.75,4209
2026-08-30T22:00:00.000Z,29457.25,29495,29446.75,29473,1907
2026-08-30T22:30:00.000Z,29474.75,29476.5,29428,29442.5,3461
2026-08-30T23:00:00.000Z,29442.5,29449.25,29369,29371.75,5218
2026-08-30T23:30:00.000Z,29372,29375.5,29289,29289.75,7207
2026-08-31T00:00:00.000Z,29291,29378.25,29273.5,29372,7266
2026-08-31T00:30:00.000Z,29370.25,29398.5,29350.5,29357,4716
2026-08-31T01:00:00.000Z,29358.25,29358.25,29292.5,29331.75,6744
2026-08-31T01:30:00.000Z,29330.25,29338,29302.25,29327,4145
2026-08-31T02:00:00.000Z,29325.75,29362.75,29304.5,29331.5,5062
2026-08-31T02:30:00.000Z,29327,29346.5,29287,29344.25,4310
2026-08-31T03:00:00.000Z,29346,29367.25,29336.75,29344,2576
2026-08-31T03:30:00.000Z,29345.75,29353.5,29337.75,29348.75,1325
2026-08-31T04:00:00.000Z,29352.5,29357,29341.5,29347.25,1098
2026-08-31T04:30:00.000Z,29348,29423.75,29333.75,29414.75,3507
2026-08-31T05:00:00.000Z,29415,29477.25,29407.75,29470,3685
2026-08-31T05:30:00.000Z,29470,29474.25,29426.25,29462.25,3182
2026-08-31T06:00:00.000Z,29462,29518.5,29448.75,29512.5,4476
2026-08-31T06:30:00.000Z,29512.5,29528.5,29495.75,29517.75,2518
2026-08-31T07:00:00.000Z,29516.25,29521.25,29500,29509.75,1845
2026-08-31T07:30:00.000Z,29508.25,29522.75,29493.5,29508.25,1488
2026-08-31T08:00:00.000Z,29508.5,29535,29485,29501,4207
2026-08-31T08:30:00.000Z,29500.75,29502.25,29475,29485,2077
2026-08-31T09:00:00.000Z,29485.25,29509.25,29470.75,29491.25,2113
2026-08-31T09:30:00.000Z,29491.75,29492.5,29445.5,29450.5,1908
2026-08-31T10:00:00.000Z,29451.5,29467.75,29440.5,29461,2797
2026-08-31T10:30:00.000Z,29460.75,29471.5,29450,29458.75,1241
2026-08-31T11:00:00.000Z,29458.25,29471,29435.5,29465,2835
2026-08-31T11:30:00.000Z,29465.5,29466.75,29425.25,29429.75,2788
2026-08-31T12:00:00.000Z,29429.75,29486,29397,29415.75,6520
2026-08-31T12:30:00.000Z,29415.75,29442.25,29380,29389,6252
2026-08-31T13:00:00.000Z,29389.5,29445.25,29377.5,29438.75,8636
2026-08-31T13:30:00.000Z,29438.5,29516.75,29387.75,29438.75,66531
2026-08-31T14:00:00.000Z,29439.25,29447.75,29355,29376.25,37275
2026-08-31T14:30:00.000Z,29374.25,29444.25,29364.5,29416,27817
2026-08-31T15:00:00.000Z,29415.25,29445.75,29395.5,29421,24751
2026-08-31T15:30:00.000Z,29420.5,29432.75,29383,29388.75,20929
2026-08-31T16:00:00.000Z,29389.25,29426.5,29362.5,29425,19742
2026-08-31T16:30:00.000Z,29425,29443.25,29394.25,29440.5,15321
2026-08-31T17:00:00.000Z,29440,29441,29393.25,29396.75,10915
2026-08-31T17:30:00.000Z,29396.75,29457.5,29388,29442,15144
2026-08-31T18:00:00.000Z,29442,29464.25,29422.25,29438.25,12423
2026-08-31T18:30:00.000Z,29438,29443.25,29382.5,29403.75,15990
2026-08-31T19:00:00.000Z,29404.5,29453.5,29403.5,29448.25,13443
2026-08-31T19:30:00.000Z,29447.75,29538.25,29430.5,29506,44196
2026-08-31T20:00:00.000Z,29506.5,29527.5,29503.75,29513.75,9229
2026-08-31T20:30:00.000Z,29513,29521.25,29507,29521,2104
2026-08-31T22:00:00.000Z,29518.25,29522.5,29498.5,29501.75,981
2026-08-31T22:30:00.000Z,29502.5,29508.25,29491,29493.5,1041
2026-08-31T23:00:00.000Z,29493.25,29505,29486,29497,1268
2026-08-31T23:30:00.000Z,29495.5,29519.5,29493.5,29501.25,2192
2026-09-01T00:00:00.000Z,29503.25,29521.75,29478.25,29501,4836
2026-09-01T00:30:00.000Z,29501,29520.5,29484.25,29506,2575
2026-09-01T01:00:00.000Z,29506,29516.25,29477,29484,3412
2026-09-01T01:30:00.000Z,29483,29515.5,29475,29499.75,3076
2026-09-01T02:00:00.000Z,29498,29502.75,29452.75,29459.75,2802
2026-09-01T02:30:00.000Z,29460,29493.25,29434.75,29492,3879
2026-09-01T03:00:00.000Z,29491.5,29493.75,29459.25,29464.25,2238
2026-09-01T03:30:00.000Z,29465.5,29488.5,29461.25,29482.75,1337
2026-09-01T04:00:00.000Z,29485,29501.5,29481,29492.75,1921
2026-09-01T04:30:00.000Z,29493.75,29503,29466,29473.75,2503
2026-09-01T05:00:00.000Z,29473.25,29487.75,29447.25,29486,2271
2026-09-01T05:30:00.000Z,29485,29571.25,29482.25,29561.5,6004
2026-09-01T06:00:00.000Z,29561.75,29568,29514.75,29517.5,3760
2026-09-01T06:30:00.000Z,29516.5,29545,29513.75,29515.75,2252
2026-09-01T07:00:00.000Z,29515.5,29556.75,29512.25,29545,3938
2026-09-01T07:30:00.000Z,29546.75,29547,29430,29436.25,5999
2026-09-01T08:00:00.000Z,29436.25,29449,29279,29285.5,12267
2026-09-01T08:30:00.000Z,29286,29312,29231,29235.25,6867
2026-09-01T09:00:00.000Z,29235.75,29243.25,29185.5,29197,6105
2026-09-01T09:30:00.000Z,29199,29228,29184.25,29212.5,3899
2026-09-01T10:00:00.000Z,29212.5,29248.75,29201.25,29237.5,3347
2026-09-01T10:30:00.000Z,29237.75,29257.75,29197.25,29210,4093
2026-09-01T11:00:00.000Z,29209.25,29216.75,29178,29208.75,4778
2026-09-01T11:30:00.000Z,29207.75,29238,29167.75,29172.5,5238
2026-09-01T12:00:00.000Z,29171.5,29179.5,29137.5,29170.5,8062
2026-09-01T12:30:00.000Z,29169.75,29170.5,29122.25,29125.75,8954
2026-09-01T13:00:00.000Z,29125.75,29126.25,29084.25,29112.25,15124
2026-09-01T13:30:00.000Z,29111.75,29158,29040.25,29105,70018
2026-09-01T14:00:00.000Z,29106,29179.5,29085.25,29165.25,39251
2026-09-01T14:30:00.000Z,29165.25,29268,29162.25,29228,35138
2026-09-01T15:00:00.000Z,29228.5,29241.5,29178.25,29232.5,24142
2026-09-01T15:30:00.000Z,29232.25,29317.75,29224.25,29296.25,28729
2026-09-01T16:00:00.000Z,29295.5,29300.75,29162.75,29176.75,32117
2026-09-01T16:30:00.000Z,29177,29197.25,29131.25,29191.75,25312
2026-09-01T17:00:00.000Z,29191.25,29191.75,29100.5,29141.75,20282
2026-09-01T17:30:00.000Z,29143,29161.75,29117.75,29140.75,14069
2026-09-01T18:00:00.000Z,29139.75,29151.5,29085.25,29094.25,16571
2026-09-01T18:30:00.000Z,29094.5,29097.25,29002,29076,28045
2026-09-01T19:00:00.000Z,29075.5,29129.25,29070.5,29127.25,19156
2026-09-01T19:30:00.000Z,29126.75,29141,29086,29126,38131
2026-09-01T20:00:00.000Z,29126,29159,29113.5,29136.75,13714
2026-09-01T20:30:00.000Z,29136,29155.25,29130.25,29139,2750
2026-09-01T22:00:00.000Z,29136.5,29149,29102.25,29113.75,1587
2026-09-01T22:30:00.000Z,29114.75,29139,29111,29132,1517
2026-09-01T23:00:00.000Z,29129.75,29139,29119,29136.5,1157
2026-09-01T23:30:00.000Z,29137.5,29148.25,29131.25,29134.5,1445
2026-09-02T00:00:00.000Z,29135.75,29170,29106,29126,5464
2026-09-02T00:30:00.000Z,29127.75,29148.75,29102,29104,3312
2026-09-02T01:00:00.000Z,29103.25,29129.5,29086.75,29115,4710
2026-09-02T01:30:00.000Z,29115.75,29122.75,29047.75,29075.5,5010
2026-09-02T02:00:00.000Z,29075.5,29100,29044.5,29085.5,3499
2026-09-02T02:30:00.000Z,29084.5,29092.25,29061.75,29084.25,2208
2026-09-02T03:00:00.000Z,29086.5,29089.5,29058.75,29069,1948
2026-09-02T03:30:00.000Z,29070.25,29073,29046.25,29054,1740
2026-09-02T04:00:00.000Z,29054.75,29062.75,29035.5,29051,2002
2026-09-02T04:30:00.000Z,29051.25,29065,29047.75,29058.25,1421
2026-09-02T05:00:00.000Z,29059,29092,29037.5,29091.25,2716
2026-09-02T05:30:00.000Z,29092,29104.25,29062.5,29073,2518
2026-09-02T06:00:00.000Z,29072.25,29080.5,29020.5,29023.5,3431
2026-09-02T06:30:00.000Z,29023,29098.25,29016.5,29077.25,3640
2026-09-02T07:00:00.000Z,29077,29120.75,29065.5,29094.5,3935
2026-09-02T07:30:00.000Z,29094.25,29101,29050,29061.75,2640
2026-09-02T08:00:00.000Z,29062.25,29097.25,29039.75,29053.5,3216
2026-09-02T08:30:00.000Z,29052.75,29068.75,28954.5,28977.75,4912
2026-09-02T09:00:00.000Z,28977.25,29027.5,28955,28978.25,4528
2026-09-02T09:30:00.000Z,28978.25,28981.5,28940.5,28973.25,3520
2026-09-02T10:00:00.000Z,28972.75,28996,28947.25,28985.75,3099
2026-09-02T10:30:00.000Z,28985.5,28989.25,28958,28988,2477
2026-09-02T11:00:00.000Z,28987.75,29035.75,28927.25,29023,8567
2026-09-02T11:30:00.000Z,29025.25,29084.5,29019,29084.5,5269
2026-09-02T12:00:00.000Z,29083.75,29149.5,29074.5,29108,9638
2026-09-02T12:30:00.000Z,29107,29110.25,29032.75,29040,6498
2026-09-02T13:00:00.000Z,29040.25,29115.25,29037.75,29098.5,9220
2026-09-02T13:30:00.000Z,29098.5,29119,29017.25,29062.25,58993
2026-09-02T14:00:00.000Z,29061.75,29193,29032.25,29187.25,44300
2026-09-02T14:30:00.000Z,29187,29213,29111.25,29120.25,31431
2026-09-02T15:00:00.000Z,29119.5,29208.5,29106.25,29205.25,26608
2026-09-02T15:30:00.000Z,29205,29208.5,29136,29185.25,22485
2026-09-02T16:00:00.000Z,29184.5,29198.5,29142.25,29151.75,13757
2026-09-02T16:30:00.000Z,29151.5,29175.25,29137,29155,13011
2026-09-02T17:00:00.000Z,29154.75,29182.5,29125.25,29150.75,14918
2026-09-02T17:30:00.000Z,29150.5,29173.75,29127.5,29158.75,14446
2026-09-02T18:00:00.000Z,29159.5,29199.75,29135.75,29159.25,16523
2026-09-02T18:30:00.000Z,29159.25,29175,29130.25,29145.5,12642
2026-09-02T19:00:00.000Z,29145.75,29172,29139,29167.25,11422
2026-09-02T19:30:00.000Z,29167.25,29197.25,29155.25,29190.25,24383
2026-09-02T20:00:00.000Z,29190.5,29212,29139.75,29156.25,10896
2026-09-02T20:30:00.000Z,29156,29164,29139.25,29141,2854
2026-09-02T22:00:00.000Z,29177,29208.75,29148,29196,2183
2026-09-02T22:30:00.000Z,29196,29203,29178.25,29180.5,1398
2026-09-02T23:00:00.000Z,29180.75,29188.75,29167.5,29179,1780
2026-09-02T23:30:00.000Z,29180,29213,29175,29201.25,2452
2026-09-03T00:00:00.000Z,29200.75,29201.75,29141,29156.25,4184
2026-09-03T00:30:00.000Z,29155.75,29162,29146,29151,1605
2026-09-03T01:00:00.000Z,29150.75,29200.75,29147.75,29174.75,4026
2026-09-03T01:30:00.000Z,29176.75,29199.25,29136.25,29137.5,3577
2026-09-03T02:00:00.000Z,29136.75,29195,29132.75,29188.5,3446
2026-09-03T02:30:00.000Z,29186.5,29199,29167.5,29180.75,1824
2026-09-03T03:00:00.000Z,29182.25,29234,29179.5,29219.75,3349
2026-09-03T03:30:00.000Z,29220.75,29243,29217.75,29232,1783
2026-09-03T04:00:00.000Z,29245.5,29255,29227.25,29227.75,2018
2026-09-03T04:30:00.000Z,29227.75,29236.25,29204.5,29207.5,1909
2026-09-03T05:00:00.000Z,29207.25,29208.5,29075,29104,8411
2026-09-03T05:30:00.000Z,29102.75,29188.75,29098.25,29188.75,6254
2026-09-03T06:00:00.000Z,29188.5,29203.25,29161,29177.25,3761
2026-09-03T06:30:00.000Z,29177,29187.5,29159.5,29174.25,2364
2026-09-03T07:00:00.000Z,29173.25,29233,29160,29203.25,4203
2026-09-03T07:30:00.000Z,29202.5,29245.5,29182.75,29220.25,3758
2026-09-03T08:00:00.000Z,29220.25,29292.75,29213.25,29256,8947
2026-09-03T08:30:00.000Z,29257.25,29257.25,29215,29216.25,2731
2026-09-03T09:00:00.000Z,29218.5,29225.75,29187.75,29187.75,2306
2026-09-03T09:30:00.000Z,29187.25,29198,29126.5,29137.75,3465
2026-09-03T10:00:00.000Z,29138,29158.5,29119.25,29127.5,3844
2026-09-03T10:30:00.000Z,29127,29140,29105.5,29128,2810
2026-09-03T11:00:00.000Z,29129,29186.75,29106.25,29166.75,4674
2026-09-03T11:30:00.000Z,29167,29173.5,29101,29105.5,5411
2026-09-03T12:00:00.000Z,29105.5,29151,29104,29145.75,5457
2026-09-03T12:30:00.000Z,29144.75,29258.75,29144,29244.5,14282
2026-09-03T13:00:00.000Z,29243.75,29253.75,29194.25,29249,12034
2026-09-03T13:30:00.000Z,29249.5,29375.5,29199.5,29333,78816
2026-09-03T14:00:00.000Z,29331.75,29364.5,29241.75,29343,49943
2026-09-03T14:30:00.000Z,29343,29368,29246.5,29363.5,39240
2026-09-03T15:00:00.000Z,29363.25,29539.5,29362.25,29536.5,50937
2026-09-03T15:30:00.000Z,29536,29542.5,29503.5,29538,25199
2026-09-03T16:00:00.000Z,29538.75,29539.75,29489.25,29497,18822
2026-09-03T16:30:00.000Z,29497,29544,29483,29528,16163
2026-09-03T17:00:00.000Z,29528.25,29534,29476,29502.5,13749
2026-09-03T17:30:00.000Z,29502.75,29552.5,29502.25,29543.75,15507
2026-09-03T18:00:00.000Z,29551.5,29584.25,29551.5,29570.5,18942
2026-09-03T18:30:00.000Z,29571,29581,29559.5,29568.25,11746
2026-09-03T19:00:00.000Z,29568.25,29570.5,29526,29533.25,15567
2026-09-03T19:30:00.000Z,29533.25,29540,29509.25,29530.75,33762
2026-09-03T20:00:00.000Z,29530.75,29536.25,29505,29510.25,8553
2026-09-03T20:30:00.000Z,29510.25,29516.75,29499.25,29502.25,2335
2026-09-03T22:00:00.000Z,29505,29509,29482,29490,1180
2026-09-03T22:30:00.000Z,29491,29512.75,29490,29508.75,1243
2026-09-03T23:00:00.000Z,29508.25,29511.5,29498.25,29507.25,1048
2026-09-03T23:30:00.000Z,29507,29516.75,29501.25,29504,1083
2026-09-04T00:00:00.000Z,29503.75,29529,29495,29527.5,3045
2026-09-04T00:30:00.000Z,29527.75,29542.25,29519.25,29530.75,2203
2026-09-04T01:00:00.000Z,29530,29542.75,29516.25,29540.75,2675
2026-09-04T01:30:00.000Z,29539.5,29548.75,29523.25,29548,2419
2026-09-04T02:00:00.000Z,29547.75,29556.25,29537.25,29555,1368
2026-09-04T02:30:00.000Z,29555.75,29568,29544,29564.5,2286
2026-09-04T03:00:00.000Z,29563.25,29578.25,29557.25,29569,1651
2026-09-04T03:30:00.000Z,29569.5,29578.75,29563.75,29571.5,1132
2026-09-04T04:00:00.000Z,29564.25,29595,29563,29593,2185
2026-09-04T04:30:00.000Z,29592.25,29601.25,29583.25,29598.25,1547
2026-09-04T05:00:00.000Z,29597.5,29643,29593.75,29622.75,3392
2026-09-04T05:30:00.000Z,29622,29625.25,29591.5,29620.75,2771
2026-09-04T06:00:00.000Z,29620.25,29643.75,29617,29631.25,3228
2026-09-04T06:30:00.000Z,29631.5,29633,29574,29576.75,2748
2026-09-04T07:00:00.000Z,29577.75,29637.25,29575.25,29636.25,2960
2026-09-04T07:30:00.000Z,29635.75,29658.25,29628,29652.25,2890
2026-09-04T08:00:00.000Z,29653.75,29672,29635.5,29668.5,3686
2026-09-04T08:30:00.000Z,29670,29673,29643.75,29658.5,1965
2026-09-04T09:00:00.000Z,29657.5,29658.25,29616.5,29624.5,2299
2026-09-04T09:30:00.000Z,29625.75,29661.75,29618.5,29657.25,1803
2026-09-04T10:00:00.000Z,29656.75,29686,29653.25,29678.5,2230
2026-09-04T10:30:00.000Z,29676.5,29704.5,29668.5,29680,2226
2026-09-04T11:00:00.000Z,29681.5,29686,29650.75,29662.5,2441
2026-09-04T11:30:00.000Z,29663.75,29690,29661,29683.25,2265
2026-09-04T12:00:00.000Z,29682,29694,29627,29674.25,6303
2026-09-04T12:30:00.000Z,29674.5,29693.75,29502,29546.5,23633
2026-09-04T13:00:00.000Z,29547,29591,29523,29588,12783
2026-09-04T13:30:00.000Z,29588.75,29691.75,29554.5,29691,63744
2026-09-04T14:00:00.000Z,29690.5,29691,29564.75,29595.5,46297
2026-09-04T14:30:00.000Z,29596.25,29598.25,29498.75,29521,38318
2026-09-04T15:00:00.000Z,29520,29543,29484.25,29506.75,30139
2026-09-04T15:30:00.000Z,29506.75,29524.5,29478,29515,21694
2026-09-04T16:00:00.000Z,29514.75,29565.25,29505,29554,18024
2026-09-04T16:30:00.000Z,29554.5,29595.75,29548.75,29576,17267
2026-09-04T17:00:00.000Z,29576.25,29580.5,29504.25,29508,16739
2026-09-04T17:30:00.000Z,29508,29508.5,29468,29491.75,18742
2026-09-04T18:00:00.000Z,29491.5,29514.5,29471.25,29511,15119
2026-09-04T18:30:00.000Z,29511,29542.5,29504,29538.75,13290
2026-09-04T19:00:00.000Z,29538.75,29544,29506.75,29526.5,12607
2026-09-04T19:30:00.000Z,29526.5,29586.5,29519.25,29569.25,32832
2026-09-04T20:00:00.000Z,29568.75,29569,29529.5,29531.5,8924
2026-09-04T20:30:00.000Z,29531.75,29565.25,29514.5,29565.25,4099
2026-09-08T04:00:00.000Z,29742.75,29752,29730.5,29745.5,2477
2026-09-08T04:30:00.000Z,29746.25,29764.75,29728.25,29737.25,3584
2026-09-08T05:00:00.000Z,29738.5,29739.75,29675,29678.75,5817
2026-09-08T05:30:00.000Z,29679.5,29685.25,29610,29612.25,6750
2026-09-08T06:00:00.000Z,29612.25,29622.25,29545.5,29576.25,7228
2026-09-08T06:30:00.000Z,29576.25,29620.25,29558.25,29600.25,5616
2026-09-08T07:00:00.000Z,29601,29638.75,29586.5,29623.75,5168
2026-09-08T07:30:00.000Z,29622.75,29624.5,29529.75,29535.5,4696
2026-09-08T08:00:00.000Z,29534.5,29541.25,29477.75,29499.75,8492
2026-09-08T08:30:00.000Z,29499.5,29533,29489.5,29507,4051
2026-09-08T09:00:00.000Z,29507,29549.25,29484.5,29547.75,2938
2026-09-08T09:30:00.000Z,29549.25,29600.5,29542.75,29599.75,3936
2026-09-08T10:00:00.000Z,29600,29649,29572.75,29607.75,4356
2026-09-08T10:30:00.000Z,29607.75,29608.25,29546.5,29568,3777
2026-09-08T11:00:00.000Z,29568.5,29583.75,29533.5,29562.25,4297
2026-09-08T11:30:00.000Z,29563,29601.75,29538.5,29601,3947
2026-09-08T12:00:00.000Z,29601,29601,29548,29595.5,4578
2026-09-08T12:30:00.000Z,29595.25,29654.75,29591,29654,6644
2026-09-08T13:00:00.000Z,29653.75,29668.25,29634.5,29644.5,10314
2026-09-08T13:30:00.000Z,29644.75,29686.5,29455.25,29502.75,76858
2026-09-08T14:00:00.000Z,29503.25,29524.75,29424.75,29516.75,47298
2026-09-08T14:30:00.000Z,29516,29563.5,29490,29563,27727
2026-09-08T15:00:00.000Z,29563,29639.5,29545.5,29609,30207
2026-09-08T15:30:00.000Z,29609.25,29645.25,29595.5,29604.25,21278
2026-09-08T16:00:00.000Z,29604.25,29622,29562.5,29567.75,18402
2026-09-08T16:30:00.000Z,29568.5,29609.25,29549.5,29573.5,19186
2026-09-08T17:00:00.000Z,29572.75,29641.5,29572,29615.75,15574
2026-09-08T17:30:00.000Z,29616.5,29632.5,29588.75,29590,11467
2026-09-08T18:00:00.000Z,29590.5,29615.5,29587,29597,12385
2026-09-08T18:30:00.000Z,29597.25,29611,29519.75,29576.25,24885
2026-09-08T19:00:00.000Z,29576.25,29586.25,29544.75,29564,13777
2026-09-08T19:30:00.000Z,29564.5,29566.25,29496,29543.5,37471
2026-09-08T20:00:00.000Z,29543,29550.75,29506,29507.75,11083
2026-09-08T20:30:00.000Z,29507.5,29527.25,29503.5,29525.75,2439
2026-09-08T22:00:00.000Z,29526.5,29539.25,29503,29521.5,1656
2026-09-08T22:30:00.000Z,29522.25,29547,29516,29544.75,1400
2026-09-08T23:00:00.000Z,29544.5,29546.5,29513,29516.75,1728
2026-09-08T23:30:00.000Z,29515.75,29519.25,29489.75,29498.5,2801
2026-09-09T00:00:00.000Z,29500.75,29561.75,29499.5,29525.25,5931
2026-09-09T00:30:00.000Z,29523.75,29564,29509,29559.75,3837
2026-09-09T01:00:00.000Z,29559.75,29599.5,29555.75,29590,5230
2026-09-09T01:30:00.000Z,29589.75,29608.5,29577.5,29593.25,3704
2026-09-09T02:00:00.000Z,29593.5,29612.5,29583.25,29601,2936
2026-09-09T02:30:00.000Z,29601.5,29625.5,29596.75,29611,2917
2026-09-09T03:00:00.000Z,29611.5,29613.75,29583.75,29596.5,2909
2026-09-09T03:30:00.000Z,29597.75,29604.25,29560.5,29566.75,2686
2026-09-09T04:00:00.000Z,29577,29593,29549,29581.25,4037
2026-09-09T04:30:00.000Z,29580.25,29620.25,29573,29614,2299
2026-09-09T05:00:00.000Z,29614.5,29616.25,29565.75,29580.25,2933
2026-09-09T05:30:00.000Z,29580.75,29621.5,29562,29621.25,2809
2026-09-09T06:00:00.000Z,29621.75,29633.75,29586.5,29593.75,3603
2026-09-09T06:30:00.000Z,29592.75,29614,29578,29579.5,2875
2026-09-09T07:00:00.000Z,29581.5,29613,29558,29612.25,5101
2026-09-09T07:30:00.000Z,29611.75,29614,29565.25,29588,2742
2026-09-09T08:00:00.000Z,29589.5,29609,29566.75,29587.75,3473
2026-09-09T08:30:00.000Z,29585.75,29592.75,29538.75,29564.75,3710
2026-09-09T09:00:00.000Z,29565,29575,29514.5,29528.5,3215
2026-09-09T09:30:00.000Z,29528.5,29539.25,29388.75,29400.5,7968
2026-09-09T10:00:00.000Z,29401,29432.25,29371.75,29419,7874
2026-09-09T10:30:00.000Z,29417.75,29432,29368.25,29391.5,5534
2026-09-09T11:00:00.000Z,29392,29430.5,29377.75,29418.5,5642
2026-09-09T11:30:00.000Z,29418,29452,29376.5,29396.75,7618
2026-09-09T12:00:00.000Z,29397,29400.5,29333,29351.75,8517
2026-09-09T12:30:00.000Z,29351.75,29404,29343.5,29390.5,6477
2026-09-09T13:00:00.000Z,29390.75,29458.5,29382.5,29454.5,9735
2026-09-09T13:30:00.000Z,29455,29567.25,29418.25,29558.5,63983
2026-09-09T14:00:00.000Z,29558.25,29593.75,29459.5,29535.5,48827
2026-09-09T14:30:00.000Z,29535,29543.5,29494.25,29528.25,26220
2026-09-09T15:00:00.000Z,29528.75,29562.25,29358,29390.5,51662
2026-09-09T15:30:00.000Z,29390.25,29482.5,29388,29448,30652
2026-09-09T16:00:00.000Z,29448.25,29462,29386.75,29399.5,17961
2026-09-09T16:30:00.000Z,29399.75,29478,29397.75,29458,18699
2026-09-09T17:00:00.000Z,29457.5,29483.75,29446,29450.25,15343
2026-09-09T17:30:00.000Z,29450.75,29483.5,29428.25,29468.75,12276
2026-09-09T18:00:00.000Z,29468.25,29471.75,29436.75,29453.5,11209
2026-09-09T18:30:00.000Z,29453.5,29474,29445.75,29447.5,11221
2026-09-09T19:00:00.000Z,29448,29471.25,29430.5,29451.5,10776
2026-09-09T19:30:00.000Z,29452.25,29458.5,29423.25,29454.5,26505
2026-09-09T20:00:00.000Z,29455,29459.25,29428.75,29450,9572
2026-09-09T20:30:00.000Z,29449.75,29460,29447.25,29460,2284
2026-09-09T22:00:00.000Z,29458.5,29472.75,29423.75,29429,1440
2026-09-09T22:30:00.000Z,29429.5,29438,29425.75,29431.5,663
2026-09-09T23:00:00.000Z,29430.5,29435,29416.25,29427.5,1320
2026-09-09T23:30:00.000Z,29428.75,29470.75,29425,29463.5,2053
2026-09-10T00:00:00.000Z,29464.5,29480.25,29440.75,29473.75,4362
2026-09-10T00:30:00.000Z,29474,29475.75,29408,29412,4224
2026-09-10T01:00:00.000Z,29413.5,29426.25,29372.5,29375.75,5598
2026-09-10T01:30:00.000Z,29374.25,29417.25,29364,29410.5,4608
2026-09-10T02:00:00.000Z,29411,29412,29373,29378.5,2980
2026-09-10T02:30:00.000Z,29379,29423.25,29376,29418.25,2579
2026-09-10T03:00:00.000Z,29418.75,29437,29388.25,29405.25,2831
2026-09-10T03:30:00.000Z,29404.75,29431,29392.25,29424.5,2020
2026-09-10T04:00:00.000Z,29427.25,29437.5,29423,29434.5,1775
2026-09-10T04:30:00.000Z,29433.75,29462.5,29431,29458.75,2122
2026-09-10T05:00:00.000Z,29459.5,29493.5,29448.5,29490.25,2883
2026-09-10T05:30:00.000Z,29491,29508.25,29465,29484.75,2653
2026-09-10T06:00:00.000Z,29484,29492.5,29435.25,29472,3897
2026-09-10T06:30:00.000Z,29473.5,29491.25,29466.75,29476.25,2347
2026-09-10T07:00:00.000Z,29476.75,29478.25,29433,29435.25,2565
2026-09-10T07:30:00.000Z,29434.75,29455.5,29417.25,29445,2812
2026-09-10T08:00:00.000Z,29443.75,29460.25,29424.5,29449.5,2917
2026-09-10T08:30:00.000Z,29449,29457,29405.25,29414,2922
2026-09-10T09:00:00.000Z,29412.5,29431,29392.5,29397,2009
2026-09-10T09:30:00.000Z,29395.5,29420,29359.25,29406.5,3706
2026-09-10T10:00:00.000Z,29405.75,29418,29385.25,29391,2284
2026-09-10T10:30:00.000Z,29391,29423.75,29363.5,29376,4397
2026-09-10T11:00:00.000Z,29375,29376,29326.75,29336,4779
2026-09-10T11:30:00.000Z,29337.5,29364,29262.75,29264.5,6596
2026-09-10T12:00:00.000Z,29264.25,29278.25,29211,29237.5,10195
2026-09-10T12:30:00.000Z,29229,29251.75,29043.25,29056.5,30268
2026-09-10T13:00:00.000Z,29058,29098.25,29043.75,29089,19681
2026-09-10T13:30:00.000Z,29089.5,29203.25,29057.5,29099.75,84547
2026-09-10T14:00:00.000Z,29099.5,29263,29097.25,29205.75,60063
2026-09-10T14:30:00.000Z,29206.25,29275,29204.75,29263.25,36767
2026-09-10T15:00:00.000Z,29263.25,29265,29197.5,29236,29275
2026-09-10T15:30:00.000Z,29236.75,29272.75,29186,29205,25233
2026-09-10T16:00:00.000Z,29205,29231.5,29161.75,29177,20056
2026-09-10T16:30:00.000Z,29176.75,29242.75,29133.75,29232.5,26935
2026-09-10T17:00:00.000Z,29232.75,29267.5,29199.5,29209.25,16923
2026-09-10T17:30:00.000Z,29209,29214.75,29175.5,29186,13835
2026-09-10T18:00:00.000Z,29186.25,29199.75,29148.25,29158.5,16826
2026-09-10T18:30:00.000Z,29157.75,29199,29146.25,29174.25,15233
2026-09-10T19:00:00.000Z,29174.25,29176,29136,29160,16766
2026-09-10T19:30:00.000Z,29158.75,29169.25,29123.25,29138,33153
2026-09-10T20:00:00.000Z,29138.25,29156.75,29123,29144.5,9037
2026-09-10T20:30:00.000Z,29145.5,29154.5,29128,29143.25,2462
2026-09-10T22:00:00.000Z,29141,29157.5,29117.25,29118,2073
2026-09-10T22:30:00.000Z,29117.25,29122.75,29098.75,29107.5,2414
2026-09-10T23:00:00.000Z,29106.25,29115,29096.75,29102.75,1385
2026-09-10T23:30:00.000Z,29103,29111.5,29062.5,29064.75,2842
2026-09-11T00:00:00.000Z,29065,29144.75,29063.25,29138.5,5857
2026-09-11T00:30:00.000Z,29138.25,29166.25,29118,29161,4410
2026-09-11T01:00:00.000Z,29159.75,29171.5,29124.75,29125.5,3670
2026-09-11T01:30:00.000Z,29126.5,29138.25,29103.5,29128.75,3147
2026-09-11T02:00:00.000Z,29129.5,29138.5,29098.5,29107.25,3231
2026-09-11T02:30:00.000Z,29107.25,29111.5,29082.25,29093.25,3191
2026-09-11T03:00:00.000Z,29092,29096.75,29061.75,29071.25,2871
2026-09-11T03:30:00.000Z,29071.5,29089.5,29048.5,29070,3723
2026-09-11T04:00:00.000Z,29082.25,29126.5,29055.25,29123.75,5408
2026-09-11T04:30:00.000Z,29124.25,29151.5,29116.75,29125,2887
2026-09-11T05:00:00.000Z,29124.5,29165,29119.5,29134,3101
2026-09-11T05:30:00.000Z,29134,29242.75,29133.75,29233.25,5009
2026-09-11T06:00:00.000Z,29233,29252,29216,29224.5,3963
2026-09-11T06:30:00.000Z,29225.25,29261.5,29215.5,29255,3356
2026-09-11T07:00:00.000Z,29254.25,29268.75,29235.75,29235.75,2994
2026-09-11T07:30:00.000Z,29235.75,29247.5,29225,29242.5,2209
2026-09-11T08:00:00.000Z,29242.5,29318,29224.5,29269.75,6226
2026-09-11T08:30:00.000Z,29271,29326,29270.75,29322.75,3366
2026-09-11T09:00:00.000Z,29324.25,29334,29289.5,29304,3261
2026-09-11T09:30:00.000Z,29304.75,29326.5,29301.75,29319,1387
2026-09-11T10:00:00.000Z,29319.25,29339.75,29285.25,29314.25,3277
2026-09-11T10:30:00.000Z,29314.25,29328.75,29305.5,29309.25,1799
2026-09-11T11:00:00.000Z,29310.5,29324.75,29289.5,29312.75,2950
2026-09-11T11:30:00.000Z,29313,29337.5,29296.75,29323.25,3052
2026-09-11T12:00:00.000Z,29324.25,29399,29304,29389.75,7195
2026-09-11T12:30:00.000Z,29385,29475.75,29204,29469.5,28987
2026-09-11T13:00:00.000Z,29468.75,29500.25,29414.75,29418,18123
2026-09-11T13:30:00.000Z,29417.5,29480.75,29347.25,29472.75,83201
2026-09-11T14:00:00.000Z,29473,29473.25,29365,29451,51133
2026-09-11T14:30:00.000Z,29451.25,29455.25,29334,29369.75,46666
2026-09-11T15:00:00.000Z,29370.75,29493.25,29361,29485,31705
2026-09-11T15:30:00.000Z,29485.25,29499.75,29441.25,29450,22389
2026-09-11T16:00:00.000Z,29450.25,29485.25,29397.75,29402.75,20654
2026-09-11T16:30:00.000Z,29402,29441.5,29392,29436.75,18607
2026-09-11T17:00:00.000Z,29437,29479,29435.75,29463.5,17649
2026-09-11T17:30:00.000Z,29463.25,29478,29447.75,29452.5,11464
2026-09-11T18:00:00.000Z,29452.25,29460.5,29417,29441.5,16568
2026-09-11T18:30:00.000Z,29442,29459,29425.75,29429.5,12217
2026-09-11T19:00:00.000Z,29429.5,29433.25,29405.25,29415,14339
2026-09-11T19:30:00.000Z,29414.25,29428.5,29378.75,29386.5,33202
2026-09-11T20:00:00.000Z,29386.75,29393,29376.25,29384.5,8585
2026-09-11T20:30:00.000Z,29384.75,29397.5,29383.25,29387,2651
2026-09-13T22:00:00.000Z,29002.5,29086,28993,29083.75,4396
2026-09-13T22:30:00.000Z,29081,29104,29065.5,29068.5,3853
2026-09-13T23:00:00.000Z,29069,29099.5,29055.5,29096.75,1878
2026-09-13T23:30:00.000Z,29096,29101.5,29010,29017.5,3372
2026-09-14T00:00:00.000Z,29016.25,29075.25,29005,29015,5704
2026-09-14T00:30:00.000Z,29013.5,29046.5,29008.75,29014.5,2862
2026-09-14T01:00:00.000Z,29015,29038.75,28999.25,29017.75,3052
2026-09-14T01:30:00.000Z,29018,29074.75,29003.25,29068.25,3169
2026-09-14T02:00:00.000Z,29068,29080.75,29054,29066,2263
2026-09-14T02:30:00.000Z,29062.75,29074.5,29040.75,29053.5,2115
2026-09-14T03:00:00.000Z,29052.75,29059.25,29008.25,29026.5,3053
2026-09-14T03:30:00.000Z,29026.5,29027,29009.75,29015,1416
2026-09-14T04:00:00.000Z,29016.75,29036.25,29002.25,29018,1854
2026-09-14T04:30:00.000Z,29018,29033.75,29001.5,29015,1667
2026-09-14T05:00:00.000Z,29015,29025,29000,29010.5,1022
2026-09-14T05:30:00.000Z,29011.5,29019.5,28986.5,29013.25,2107
2026-09-14T06:00:00.000Z,29014.5,29037.5,29009,29032,2458
2026-09-14T06:30:00.000Z,29031,29033.75,28973.5,28976.5,2673
2026-09-14T07:00:00.000Z,28977.5,28991.5,28937.5,28951,3954
2026-09-14T07:30:00.000Z,28950,28959.5,28905,28917.25,3485
2026-09-14T08:00:00.000Z,28920,28949,28874.75,28876,4342
2026-09-14T08:30:00.000Z,28876.25,28916.5,28850,28877.25,4499
2026-09-14T09:00:00.000Z,28877.5,28891.5,28816.25,28852,5173
2026-09-14T09:30:00.000Z,28851.5,28870,28839,28855.75,3383
2026-09-14T10:00:00.000Z,28856,28910,28855,28907.75,3582
2026-09-14T10:30:00.000Z,28908.5,28941,28902.5,28926,3661
2026-09-14T11:00:00.000Z,28926.75,28977.5,28913.5,28972,4575
2026-09-14T11:30:00.000Z,28972.75,28972.75,28921,28928.75,5475
2026-09-14T12:00:00.000Z,28928.5,28945.5,28891.25,28918,7989
2026-09-14T12:30:00.000Z,28917.75,28931,28845,28879.25,17199
2026-09-14T13:00:00.000Z,28880,28924.25,28829,28905.25,15940
2026-09-14T13:30:00.000Z,28906.5,29045.75,28878.75,29003.25,60494
2026-09-14T14:00:00.000Z,29003.5,29089,28976,29007,40472
2026-09-14T14:30:00.000Z,29006.25,29020.5,28955.75,29012,36299
2026-09-14T15:00:00.000Z,29011.25,29090,28986.25,29078,28398
2026-09-14T15:30:00.000Z,29077,29505.25,29076,29471.75,48528
2026-09-14T16:00:00.000Z,29472,29527.25,29428.5,29491.25,23688
2026-09-14T16:30:00.000Z,29490.5,29575.5,29481,29558.25,24105
2026-09-14T17:00:00.000Z,29558.75,29580,29537.25,29580,21100
2026-09-14T17:30:00.000Z,29579.5,29604.5,29568.25,29581.5,16983
2026-09-14T18:00:00.000Z,29582,29601.25,29556.5,29562,15070
2026-09-14T18:30:00.000Z,29562.25,29582.75,29554,29557,12457
2026-09-14T19:00:00.000Z,29556.75,29559,29516.25,29523.5,13347
2026-09-14T19:30:00.000Z,29523.25,29530,29444.5,29449.5,33858
2026-09-14T20:00:00.000Z,29448.75,29478.25,29445.25,29475.75,10996
2026-09-14T20:30:00.000Z,29475.75,29494.5,29469.5,29489.75,2932
2026-09-14T22:00:00.000Z,29488.5,29490.25,29449.25,29457,1432
2026-09-14T22:30:00.000Z,29457.75,29474.25,29454.5,29458.5,1360
2026-09-14T23:00:00.000Z,29459.5,29467.25,29449.75,29455.75,1396
2026-09-14T23:30:00.000Z,29454.75,29463.25,29442.75,29457.25,1441
2026-09-15T00:00:00.000Z,29457.25,29470,29426.75,29455.25,4287
2026-09-15T00:30:00.000Z,29453.5,29490.75,29452.75,29467.75,2781
2026-09-15T01:00:00.000Z,29467.5,29495.25,29459.5,29474.5,2412
2026-09-15T01:30:00.000Z,29473.75,29477.5,29428,29463.5,4088
2026-09-15T02:00:00.000Z,29463.75,29475.25,29452,29463.25,1782
2026-09-15T02:30:00.000Z,29464,29469.75,29452,29460.5,1643
2026-09-15T03:00:00.000Z,29460,29467.75,29440.25,29447.5,1518
2026-09-15T03:30:00.000Z,29444,29454.75,29415,29416.75,1586
2026-09-15T04:00:00.000Z,29418,29425.25,29376.75,29385.5,2846
2026-09-15T04:30:00.000Z,29386.5,29398.75,29352,29353.25,2922
2026-09-15T05:00:00.000Z,29352.25,29362.75,29308.5,29340.75,3959
2026-09-15T05:30:00.000Z,29340,29404.5,29329.25,29379.25,3617
2026-09-15T06:00:00.000Z,29378.25,29395.25,29366.75,29372.25,2793
2026-09-15T06:30:00.000Z,29372,29373.75,29339,29352.25,2415
2026-09-15T07:00:00.000Z,29354.5,29382.5,29323.25,29354.5,4512
2026-09-15T07:30:00.000Z,29354.5,29364.25,29298.75,29316,5265
2026-09-15T08:00:00.000Z,29317.75,29317.75,29231,29290.5,7044
2026-09-15T08:30:00.000Z,29289.25,29295,29264.25,29271.5,2917
2026-09-15T09:00:00.000Z,29272.25,29285,29236.5,29269,4081
2026-09-15T09:30:00.000Z,29270.5,29346.25,29258.5,29339,3856
2026-09-15T10:00:00.000Z,29340.5,29366.75,29331,29361.75,3935
2026-09-15T10:30:00.000Z,29362,29396,29354.5,29393.5,4007
2026-09-15T11:00:00.000Z,29393.25,29427.25,29392,29405.25,4576
2026-09-15T11:30:00.000Z,29405.25,29422.25,29388.75,29416.5,4667
2026-09-15T12:00:00.000Z,29416.25,29441,29398,29423,5918
2026-09-15T12:30:00.000Z,29421,29484.5,29401.5,29435.75,11712
2026-09-15T13:00:00.000Z,29433.75,29447,29409.5,29420.5,10617
2026-09-15T13:30:00.000Z,29420.5,29453.5,29372.5,29429.25,56435
2026-09-15T14:00:00.000Z,29429.5,29432,29302,29326.25,43097
2026-09-15T14:30:00.000Z,29326.75,29334.25,29215.75,29239.75,44103
2026-09-15T15:00:00.000Z,29240,29297.25,29239.25,29291.75,29194
2026-09-15T15:30:00.000Z,29291.75,29311.5,29260.5,29277.75,24854
2026-09-15T16:00:00.000Z,29277.75,29301.75,29240,29285,21349
2026-09-15T16:30:00.000Z,29284.5,29302.5,29265.25,29279.5,17981
2026-09-15T17:00:00.000Z,29280.25,29284,29241.25,29253.75,15269
2026-09-15T17:30:00.000Z,29254,29271.5,29242,29263.75,13639
2026-09-15T18:00:00.000Z,29263.5,29287.75,29255,29281,13918
2026-09-15T18:30:00.000Z,29280.75,29280.75,29229.75,29252.5,16130
2026-09-15T19:00:00.000Z,29252.75,29258.75,29231.5,29238.25,13215
2026-09-15T19:30:00.000Z,29238.75,29254.25,29207.5,29251.5,36117
2026-09-15T20:00:00.000Z,29251.75,29291,29250.25,29270.5,13086
2026-09-15T20:30:00.000Z,29270.5,29287,29267.25,29277,2168
2026-09-15T22:00:00.000Z,29263.75,29278.5,29251.25,29269.25,1344
2026-09-15T22:30:00.000Z,29268.25,29289.25,29266.75,29282.5,916
2026-09-15T23:00:00.000Z,29282,29284.5,29265.75,29267,1005
2026-09-15T23:30:00.000Z,29267.25,29287.75,29263.25,29278.5,1398
2026-09-16T00:00:00.000Z,29277.5,29286,29257.75,29274.5,2820
2026-09-16T00:30:00.000Z,29275.5,29285.25,29264.75,29272.5,1741
2026-09-16T01:00:00.000Z,29272.25,29288.75,29240.5,29277,4178
2026-09-16T01:30:00.000Z,29276.75,29278.75,29226,29230,3279
2026-09-16T02:00:00.000Z,29228.75,29278.5,29228,29274.5,2996
2026-09-16T02:30:00.000Z,29274.75,29284,29254.75,29282.75,2327
2026-09-16T03:00:00.000Z,29282.75,29358.5,29280.75,29320.5,4657
2026-09-16T03:30:00.000Z,29320,29338.75,29299.75,29331.25,3055
2026-09-16T04:00:00.000Z,29331.75,29340.5,29319,29323.25,1826
2026-09-16T04:30:00.000Z,29321.25,29322.75,29298.75,29303.75,1676
2026-09-16T05:00:00.000Z,29303.25,29325.75,29285.5,29322.5,2463
2026-09-16T05:30:00.000Z,29321,29348.25,29314.75,29334.25,3158
2026-09-16T06:00:00.000Z,29334,29372.5,29328.75,29341.25,4614
2026-09-16T06:30:00.000Z,29341.5,29369,29330.75,29365.75,2550
2026-09-16T07:00:00.000Z,29365.5,29395.5,29359,29386.75,4675
2026-09-16T07:30:00.000Z,29386.75,29398,29359.5,29369.25,2482
2026-09-16T08:00:00.000Z,29369,29376.5,29327.5,29348.25,5835
2026-09-16T08:30:00.000Z,29347.75,29375,29326,29372.5,3063
2026-09-16T09:00:00.000Z,29372.5,29382.5,29336.75,29356.5,3279
2026-09-16T09:30:00.000Z,29356.5,29392,29352.25,29380.5,2228
2026-09-16T10:00:00.000Z,29380.25,29386.75,29356,29374.75,2942
2026-09-16T10:30:00.000Z,29373.5,29400.5,29368.5,29397.5,2268
2026-09-16T11:00:00.000Z,29398,29419.25,29363.5,29380.25,6136
2026-09-16T11:30:00.000Z,29380.25,29417.75,29378.25,29417,4757
2026-09-16T12:00:00.000Z,29415.5,29439,29412,29433.5,7282
2026-09-16T12:30:00.000Z,29432.5,29432.75,29364,29403,9256
2026-09-16T13:00:00.000Z,29401.25,29415.5,29363.75,29386.25,12676
2026-09-16T13:30:00.000Z,29386.75,29481.5,29373.25,29478.75,53838
2026-09-16T14:00:00.000Z,29479.25,29484.25,29418,29452.25,34230
2026-09-16T14:30:00.000Z,29452,29501,29425.75,29499,25802
2026-09-16T15:00:00.000Z,29499.25,29535.75,29485,29506.25,29966
2026-09-16T15:30:00.000Z,29506.5,29549.75,29482.25,29499.25,26846
2026-09-16T16:00:00.000Z,29499.5,29502.5,29467.5,29485,15686
2026-09-16T16:30:00.000Z,29484.75,29492.25,29464.25,29468.5,10477
2026-09-16T17:00:00.000Z,29468.5,29469.5,29439.75,29456,10607
2026-09-16T17:30:00.000Z,29457,29478.5,29419.25,29475,12978
2026-09-16T18:00:00.000Z,29478.75,29539,29406.5,29454.75,41915
2026-09-16T18:30:00.000Z,29455.5,29494.75,29221.5,29231,72156
2026-09-16T19:00:00.000Z,29231.75,29303.75,29053,29132,70814
2026-09-16T19:30:00.000Z,29132,29268.75,29122.5,29254.25,59564
2026-09-16T20:00:00.000Z,29254,29283.25,29231,29244.5,14196
2026-09-16T20:30:00.000Z,29243.75,29272.75,29238,29263.75,2636
2026-09-16T22:00:00.000Z,29271,29329.5,29247.75,29322.5,2456
2026-09-16T22:30:00.000Z,29323.75,29369.25,29321.25,29350,3257
2026-09-16T23:00:00.000Z,29350.75,29416.75,29349.25,29395.5,3583
2026-09-16T23:30:00.000Z,29396,29457,29395.5,29450.5,5921
2026-09-17T00:00:00.000Z,29451.5,29464.75,29409.5,29433.75,6181
2026-09-17T00:30:00.000Z,29433.75,29478,29428.75,29450.25,4541
2026-09-17T01:00:00.000Z,29451.5,29474.25,29434,29446.5,3456
2026-09-17T01:30:00.000Z,29447,29469.25,29406.25,29418.5,4088
2026-09-17T02:00:00.000Z,29419,29439,29406.25,29418.25,3094
2026-09-17T02:30:00.000Z,29418.25,29454.25,29416.75,29421.75,2707
2026-09-17T03:00:00.000Z,29423,29449,29419,29446.5,1261
2026-09-17T03:30:00.000Z,29446,29466.5,29440.25,29465.5,1562
2026-09-17T04:00:00.000Z,29466,29466,29440.75,29451.25,1621
2026-09-17T04:30:00.000Z,29450.5,29471.5,29438.75,29450.5,1716
2026-09-17T05:00:00.000Z,29450.75,29453.75,29420.75,29429.75,1804
2026-09-17T05:30:00.000Z,29430.5,29432,29371,29373.75,3441
2026-09-17T06:00:00.000Z,29372.5,29444.5,29368.75,29443.75,3956
2026-09-17T06:30:00.000Z,29443.75,29473.5,29440.75,29469.5,4406
2026-09-17T07:00:00.000Z,29469.5,29550,29462.25,29548.75,7289
2026-09-17T07:30:00.000Z,29549.5,29567.5,29509.75,29517.75,4327
2026-09-17T08:00:00.000Z,29517.75,29533.25,29485,29516.25,4726
2026-09-17T08:30:00.000Z,29516.25,29561.25,29505.75,29555.5,3219
2026-09-17T09:00:00.000Z,29556,29592.75,29553.5,29555.75,3615
2026-09-17T09:30:00.000Z,29556.5,29580,29545.5,29558.5,2517
2026-09-17T10:00:00.000Z,29558.5,29589.25,29557.75,29578.25,2254
2026-09-17T10:30:00.000Z,29579.25,29590.75,29561.75,29586.75,2527
2026-09-17T11:00:00.000Z,29586.75,29614,29565,29577.75,4060
2026-09-17T11:30:00.000Z,29577.5,29624,29555.5,29620,4794
2026-09-17T12:00:00.000Z,29621,29727.75,29595.5,29725.25,12739
2026-09-17T12:30:00.000Z,29723.75,29753.25,29708.75,29724,12580
2026-09-17T13:00:00.000Z,29724.25,29750,29709.75,29718.25,12886
2026-09-17T13:30:00.000Z,29718.25,29737.25,29605.75,29689,69620
2026-09-17T14:00:00.000Z,29689.5,29742,29639.5,29712.5,44955
2026-09-17T14:30:00.000Z,29712,29748,29666.5,29680,33628
2026-09-17T15:00:00.000Z,29680.75,29714,29652,29706.5,23827
2026-09-17T15:30:00.000Z,29706.5,29745.75,29699,29743.5,21846
2026-09-17T16:00:00.000Z,29743.25,29753.25,29717,29747.5,15501
2026-09-17T16:30:00.000Z,29747.25,29750.5,29704.25,29741.5,21262
2026-09-17T17:00:00.000Z,29741.25,29762.5,29721.25,29726,18478
2026-09-17T17:30:00.000Z,29726.75,29747.25,29717.25,29742.5,11993
2026-09-17T18:00:00.000Z,29742.5,29747.5,29720.5,29726.25,12996
2026-09-17T18:30:00.000Z,29726.75,29734.25,29705,29722,14685
2026-09-17T19:00:00.000Z,29722,29751,29720,29732,15814
2026-09-17T19:30:00.000Z,29732,29793.25,29730.75,29744.5,44797
2026-09-17T20:00:00.000Z,29744.5,29748.25,29715,29715,13989
2026-09-17T20:30:00.000Z,29715.25,29725.75,29712.5,29720.5,2708
2026-09-17T22:00:00.000Z,29723.75,29728.5,29680.75,29683.25,2138
2026-09-17T22:30:00.000Z,29682.75,29689,29674,29687.5,2318
2026-09-17T23:00:00.000Z,29686.75,29712,29686,29690,2652
2026-09-17T23:30:00.000Z,29690.25,29705,29687.5,29696.5,1207
2026-09-18T00:00:00.000Z,29697.25,29708,29676,29686.75,3491
2026-09-18T00:30:00.000Z,29687.5,29697.25,29660.5,29666.5,2930
2026-09-18T01:00:00.000Z,29665.75,29682.25,29648,29657.5,3142
2026-09-18T01:30:00.000Z,29657.25,29683,29652,29678,2533
2026-09-18T02:00:00.000Z,29679.75,29692.25,29663,29687.75,2017
2026-09-18T02:30:00.000Z,29688,29704,29683.75,29692.75,2262
2026-09-18T03:00:00.000Z,29693.75,29738.5,29689,29733.5,4466
2026-09-18T03:30:00.000Z,29734,29764.75,29727.25,29752.25,3234
2026-09-18T04:00:00.000Z,29762.75,29773.5,29755,29772.25,2585
2026-09-18T04:30:00.000Z,29773,29812.75,29766.5,29810.5,4067
2026-09-18T05:00:00.000Z,29810.25,29827.25,29803,29814.5,3078
2026-09-18T05:30:00.000Z,29815.5,29859.25,29812,29846,5341
2026-09-18T06:00:00.000Z,29846.25,29897.25,29845,29885,5740
2026-09-18T06:30:00.000Z,29885.25,29921.5,29884.25,29916,4646
2026-09-18T07:00:00.000Z,29916.25,29964.25,29910.75,29960.25,5278
2026-09-18T07:30:00.000Z,29961,29966.75,29924.25,29929.5,4415
2026-09-18T08:00:00.000Z,29928.75,29944,29895.75,29897.5,5465
2026-09-18T08:30:00.000Z,29896.75,29919.75,29891.25,29892.75,3178
2026-09-18T09:00:00.000Z,29893.25,29899,29870.5,29873,2493
2026-09-18T09:30:00.000Z,29873.25,29874,29836,29839,3698
2026-09-18T10:00:00.000Z,29838.25,29878.25,29838.25,29877.75,3306
2026-09-18T10:30:00.000Z,29876.5,29903.25,29872.25,29877.25,3219
2026-09-18T11:00:00.000Z,29877.25,29898.75,29825.25,29829.75,5980
2026-09-18T11:30:00.000Z,29830.5,29858.75,29822.5,29838.75,3588
2026-09-18T12:00:00.000Z,29839.75,29853.5,29767.75,29775,9213
2026-09-18T12:30:00.000Z,29774,29796.25,29770,29776.5,6233
2026-09-18T13:00:00.000Z,29776.25,29819.5,29744.75,29814.25,17230
2026-09-18T13:30:00.000Z,29814,29844.75,29765.75,29776.75,55975
2026-09-18T14:00:00.000Z,29776.25,29783.75,29692.75,29728.75,48232
2026-09-18T14:30:00.000Z,29728.25,29767.25,29702.75,29758.25,31108
2026-09-18T15:00:00.000Z,29758.25,29772.5,29720.25,29749.25,22433
2026-09-18T15:30:00.000Z,29749.5,29755.5,29702.75,29708.25,20805
2026-09-18T16:00:00.000Z,29708.25,29724.25,29659.25,29699.75,22653
2026-09-18T16:30:00.000Z,29700,29735,29692.5,29727.5,17826
2026-09-18T17:00:00.000Z,29728,29751.5,29719.75,29741.75,13713
2026-09-18T17:30:00.000Z,29741.5,29768,29731.75,29763.25,11793
2026-09-18T18:00:00.000Z,29763,29788,29748,29780.75,13814
2026-09-18T18:30:00.000Z,29780.5,29849.5,29773.25,29832,19218
2026-09-18T19:00:00.000Z,29832.25,29852.25,29829.25,29831.25,14986
2026-09-18T19:30:00.000Z,29831.5,29937.75,29822.75,29915.75,47617
2026-09-18T20:00:00.000Z,29916,29993.25,29912.25,29967.25,19504
2026-09-18T20:30:00.000Z,29968.5,29986.5,29917.25,29917.25,4254
2026-09-20T22:00:00.000Z,29946.5,30007.75,29945,29990.25,4144
2026-09-20T22:30:00.000Z,29989,30034,29987,30025.25,4606
2026-09-20T23:00:00.000Z,30025,30031,30011.25,30027,1910
2026-09-20T23:30:00.000Z,30026.25,30040.25,30021.5,30029.5,2204
2026-09-21T00:00:00.000Z,30029.5,30079.25,30018,30067,5474
2026-09-21T00:30:00.000Z,30067,30097.25,30067,30095.5,3692
2026-09-21T01:00:00.000Z,30095.5,30130.5,30088.5,30111,5459
2026-09-21T01:30:00.000Z,30110.75,30120.75,30069.5,30071,3955
2026-09-21T02:00:00.000Z,30070.5,30089.5,30063.5,30088.75,3146
2026-09-21T02:30:00.000Z,30088,30105,30068,30080,3159
2026-09-21T03:00:00.000Z,30078.5,30104.75,30078.5,30093.75,1707
2026-09-21T03:30:00.000Z,30092.75,30107,30082.25,30090,2050
2026-09-21T04:00:00.000Z,30087.25,30100.75,30071,30094,1886
2026-09-21T04:30:00.000Z,30093.25,30098,30080.5,30090,1003
2026-09-21T05:00:00.000Z,30090.25,30090.75,30075.25,30081.75,1082
2026-09-21T05:30:00.000Z,30081.25,30111.75,30077.5,30090.75,2439
2026-09-21T06:00:00.000Z,30090.5,30125,30090.5,30108,3382
2026-09-21T06:30:00.000Z,30108.25,30144.5,30106.5,30141.5,2908
2026-09-21T07:00:00.000Z,30142,30162,30126,30148,5134
2026-09-21T07:30:00.000Z,30149.25,30188.25,30138.25,30178.75,3900
2026-09-21T08:00:00.000Z,30178.5,30215,30172.5,30198.75,5156
2026-09-21T08:30:00.000Z,30198.75,30237.75,30197.5,30234.5,3464
2026-09-21T09:00:00.000Z,30234.75,30262.5,30228.5,30247.75,3060
2026-09-21T09:30:00.000Z,30247,30264,30233,30234.25,2661
2026-09-21T10:00:00.000Z,30234,30253.75,30232.75,30245.75,2145
2026-09-21T10:30:00.000Z,30247,30266.75,30237,30241.5,2479
2026-09-21T11:00:00.000Z,30241.25,30251.75,30216,30225.75,2987
2026-09-21T11:30:00.000Z,30225.75,30260.5,30220.75,30247,3297
2026-09-21T12:00:00.000Z,30247.5,30275,30225.25,30225.5,5784
2026-09-21T12:30:00.000Z,30226.25,30258.5,30222.25,30225.5,5138
2026-09-21T13:00:00.000Z,30224.25,30238.25,30202.25,30221.5,8764
2026-09-21T13:30:00.000Z,30221.5,30423,30216.5,30417,68297
2026-09-21T14:00:00.000Z,30416.5,30519.75,30397,30518,47025
2026-09-21T14:30:00.000Z,30518.25,30559.5,30500.5,30550.5,39771
2026-09-21T15:00:00.000Z,30551,30587.5,30549,30584.5,26386
2026-09-21T15:30:00.000Z,30585,30639.25,30579.5,30609.75,26798
2026-09-21T16:00:00.000Z,30610.25,30687.5,30601.5,30678.25,26862
2026-09-21T16:30:00.000Z,30677.75,30704.25,30665,30680.5,19743
2026-09-21T17:00:00.000Z,30680.5,30693.75,30675.75,30688.5,5653
2026-09-21T17:12:07.000Z,30684.75,30684.75,30684.75,30684.75,0
