Date,Open,High,Low,Close,Volume
2025-09-22T13:30:00.000Z,175.3,175.95,174.7053,175.665,11694127
2025-09-22T13:45:00.000Z,175.675,176.07,175.24,175.46,6230798
2025-09-22T14:00:00.000Z,175.47,175.7299,175.12,175.41,5496035
2025-09-22T14:15:00.000Z,175.41,175.44,174.98,175.42,5164906
2025-09-22T14:30:00.000Z,175.42,176.035,175.27,175.965,4816214
2025-09-22T14:45:00.000Z,175.965,176.08,175.68,175.75,4428191
2025-09-22T15:00:00.000Z,175.74,175.96,175.46,175.4899,3123341
2025-09-22T15:15:00.000Z,175.4846,175.6,175.275,175.4601,3648299
2025-09-22T15:30:00.000Z,175.47,175.92,175.4,175.865,3031662
2025-09-22T15:45:00.000Z,175.87,175.99,175.41,175.5,2991529
2025-09-22T16:00:00.000Z,175.5,180.38,175.49,180.37,27795347
2025-09-22T16:15:00.000Z,180.3793,182.49,180.07,182.2,30868295
2025-09-22T16:30:00.000Z,182.2,183.82,182.03,183.515,22928940
2025-09-22T16:45:00.000Z,183.515,184.55,182.6839,183.84,18229179
2025-09-22T17:00:00.000Z,183.84,184.0658,183.07,183.125,10715304
2025-09-22T17:15:00.000Z,183.13,183.345,182.41,182.995,9318777
2025-09-22T17:30:00.000Z,182.99,183.06,182.335,182.955,6451584
2025-09-22T17:45:00.000Z,182.9501,183.69,182.8573,183.08,6749726
2025-09-22T18:00:00.000Z,183.08,183.25,182.51,182.8601,5721646
2025-09-22T18:15:00.000Z,182.865,183.25,182.62,182.685,5091521
2025-09-22T18:30:00.000Z,182.685,183.0362,182.52,182.945,5342360
2025-09-22T18:45:00.000Z,182.945,183.36,182.84,183.33,5086855
2025-09-22T19:00:00.000Z,183.32,183.9574,183.32,183.895,7227734
2025-09-22T19:15:00.000Z,183.89,183.92,183.02,183.2601,7073281
2025-09-22T19:30:00.000Z,183.27,183.3297,182.64,182.965,7709228
2025-09-22T19:45:00.000Z,182.965,183.805,182.815,183.61,16038165
2025-09-23T13:30:00.000Z,181.97,182.42,179.86,179.98,21088031
2025-09-23T13:45:00.000Z,179.96,180.78,179.35,179.565,13327559
2025-09-23T14:00:00.000Z,179.57,180.2399,179.145,180.1782,10446173
2025-09-23T14:15:00.000Z,180.17,180.8199,179.88,180.6523,8376311
2025-09-23T14:30:00.000Z,180.66,180.77,179.58,179.695,7263094
2025-09-23T14:45:00.000Z,179.7,180.2199,179.411,179.845,6581667
2025-09-23T15:00:00.000Z,179.85,180.55,179.67,180.29,4697988
2025-09-23T15:15:00.000Z,180.295,180.528,180.1,180.215,4003408
2025-09-23T15:30:00.000Z,180.23,180.37,179.85,180.2051,3800657
2025-09-23T15:45:00.000Z,180.205,180.33,179.91,179.96,3121702
2025-09-23T16:00:00.000Z,179.965,180.14,179.35,179.6481,4547417
2025-09-23T16:15:00.000Z,179.645,179.86,179.345,179.4856,4262874
2025-09-23T16:30:00.000Z,179.49,179.75,179.321,179.47,3914962
2025-09-23T16:45:00.000Z,179.47,179.57,178.84,179.1901,5602386
2025-09-23T17:00:00.000Z,179.1951,179.36,178.78,179.2,4189993
2025-09-23T17:15:00.000Z,179.2,179.29,178.57,178.69,4668855
2025-09-23T17:30:00.000Z,178.69,178.77,177.3,177.8486,9703632
2025-09-23T17:45:00.000Z,177.85,178.39,177.61,178.255,5330291
2025-09-23T18:00:00.000Z,178.26,178.3874,177.68,177.8951,4150195
2025-09-23T18:15:00.000Z,177.89,178.07,177.445,177.895,4091763
2025-09-23T18:30:00.000Z,177.89,178.0847,177.62,177.915,3231372
2025-09-23T18:45:00.000Z,177.915,178.22,177.89,178.145,3656088
2025-09-23T19:00:00.000Z,178.145,178.52,178.13,178.1919,4076092
2025-09-23T19:15:00.000Z,178.2,178.61,178.04,178.1,3850011
2025-09-23T19:30:00.000Z,178.11,178.69,178.05,178.685,4367725
2025-09-23T19:45:00.000Z,178.685,178.92,176.21,178.44,10136908
2025-09-24T13:30:00.000Z,179.77,179.78,178.26,179.05,11570092
2025-09-24T13:45:00.000Z,179.05,179.105,177.6,178.3393,8570805
2025-09-24T14:00:00.000Z,178.33,178.99,178.2701,178.9202,6010302
2025-09-24T14:15:00.000Z,178.93,179.11,178.35,178.495,4772861
2025-09-24T14:30:00.000Z,178.48,178.6282,177.98,178.59,4818553
2025-09-24T14:45:00.000Z,178.59,178.88,178.05,178.065,4056592
2025-09-24T15:00:00.000Z,178.0644,178.42,177.935,178.255,3990969
2025-09-24T15:15:00.000Z,178.255,178.51,177.92,178.355,3461849
2025-09-24T15:30:00.000Z,178.355,178.38,177.38,177.585,4989358
2025-09-24T15:45:00.000Z,177.585,177.585,176.18,176.25,8610121
2025-09-24T16:00:00.000Z,176.26,176.51,175.4,175.92,7566926
2025-09-24T16:15:00.000Z,175.92,176.42,175.58,176.25,5588159
2025-09-24T16:30:00.000Z,176.255,176.45,175.74,176.18,4328930
2025-09-24T16:45:00.000Z,176.2,176.395,175.925,176.375,2900707
2025-09-24T17:00:00.000Z,176.38,177.18,176.3416,176.945,4858434
2025-09-24T17:15:00.000Z,176.94,177.2213,176.88,177.1201,2962904
2025-09-24T17:30:00.000Z,177.13,177.34,176.9,176.975,2778519
2025-09-24T17:45:00.000Z,176.9756,177.03,176.63,176.915,2442378
2025-09-24T18:00:00.000Z,176.91,177.34,176.4801,176.855,3568307
2025-09-24T18:15:00.000Z,176.86,177,176.55,176.74,2818436
2025-09-24T18:30:00.000Z,176.7482,176.975,176.5451,176.785,2808590
2025-09-24T18:45:00.000Z,176.78,177.24,176.7,177.155,2563273
2025-09-24T19:00:00.000Z,177.155,177.34,177.02,177.02,2631479
2025-09-24T19:15:00.000Z,177.03,177.21,176.93,177.06,2529427
2025-09-24T19:30:00.000Z,177.0699,177.22,176.73,176.75,3832059
2025-09-24T19:45:00.000Z,176.745,177.29,176.705,176.88,6166774
2025-09-25T13:30:00.000Z,174.48,175,173.13,173.14,15243863
2025-09-25T13:45:00.000Z,173.14,175.6,173.125,174.9499,10087857
2025-09-25T14:00:00.000Z,174.95,176.81,174.94,176.3564,9759115
2025-09-25T14:15:00.000Z,176.37,177.65,176.365,177.15,8636560
2025-09-25T14:30:00.000Z,177.155,177.86,176.93,177.6694,6795659
2025-09-25T14:45:00.000Z,177.675,178.32,177.4282,177.845,7196604
2025-09-25T15:00:00.000Z,177.84,178.57,177.23,178.47,6307202
2025-09-25T15:15:00.000Z,178.461,178.5,177.79,178.0301,4639605
2025-09-25T15:30:00.000Z,178.03,179.4617,178.03,179.2701,7571175
2025-09-25T15:45:00.000Z,179.265,179.97,179.245,179.925,6713217
2025-09-25T16:00:00.000Z,179.93,180.26,179.36,179.58,8074486
2025-09-25T16:15:00.000Z,179.585,180.12,179.155,179.2651,6184493
2025-09-25T16:30:00.000Z,179.27,179.7579,178.7101,178.975,5626316
2025-09-25T16:45:00.000Z,178.98,179.09,178.47,178.6199,4359072
2025-09-25T17:00:00.000Z,178.62,178.73,178.22,178.355,4358784
2025-09-25T17:15:00.000Z,178.36,178.4,177.4044,177.9799,5978817
2025-09-25T17:30:00.000Z,177.975,178.14,176.97,177.095,5581069
2025-09-25T17:45:00.000Z,177.09,177.1451,176.28,176.3801,5764625
2025-09-25T18:00:00.000Z,176.39,176.44,175.5483,176.245,7614071
2025-09-25T18:15:00.000Z,176.24,177.24,176.235,177.2099,4699034
2025-09-25T18:30:00.000Z,177.2018,177.75,176.96,177.29,4998663
2025-09-25T18:45:00.000Z,177.29,177.6,176.92,177.305,4510410
2025-09-25T19:00:00.000Z,177.3,177.42,176.95,176.995,3535810
2025-09-25T19:15:00.000Z,176.9918,177.335,176.77,177.075,3876182
2025-09-25T19:30:00.000Z,177.08,177.2299,176.835,177.185,3829056
2025-09-25T19:45:00.000Z,177.1875,178.85,177.11,177.68,8706218
2025-09-26T13:30:00.000Z,178.17,178.64,176.95,177.0619,11589160
2025-09-26T13:45:00.000Z,177.07,177.465,176.5,177.02,7726476
2025-09-26T14:00:00.000Z,177.025,177.48,175.95,176.49,8066205
2025-09-26T14:15:00.000Z,176.485,176.75,174.93,175.59,9242350
2025-09-26T14:30:00.000Z,175.5901,176.78,175.365,176.5577,7517973
2025-09-26T14:45:00.000Z,176.56,176.68,175.7,175.85,6068515
2025-09-26T15:00:00.000Z,175.84,176.51,175.785,175.88,4660998
2025-09-26T15:15:00.000Z,175.88,176.7651,175.84,176.745,6807289
2025-09-26T15:30:00.000Z,176.75,176.8,175.9194,176.3321,4017249
2025-09-26T15:45:00.000Z,176.335,176.5,175.83,175.92,3820477
2025-09-26T16:00:00.000Z,175.92,176.27,175.78,176.055,3282343
2025-09-26T16:15:00.000Z,176.05,176.9,176.005,176.53,4113926
2025-09-26T16:30:00.000Z,176.5265,177.095,176.17,177.055,3383653
2025-09-26T16:45:00.000Z,177.05,177.45,176.95,177.3283,3939782
2025-09-26T17:00:00.000Z,177.33,177.57,176.945,177.35,5475259
2025-09-26T17:15:00.000Z,177.3503,177.4,177.06,177.155,2603387
2025-09-26T17:30:00.000Z,177.155,177.565,177.1,177.275,2575781
2025-09-26T17:45:00.000Z,177.28,177.38,176.9705,177.3577,2474203
2025-09-26T18:00:00.000Z,177.3522,177.64,177.225,177.425,3030163
2025-09-26T18:15:00.000Z,177.415,177.92,177.41,177.7343,4007836
2025-09-26T18:30:00.000Z,177.74,177.81,177.485,177.62,2869498
2025-09-26T18:45:00.000Z,177.615,177.66,177.28,177.375,2851751
2025-09-26T19:00:00.000Z,177.38,177.64,177.18,177.365,2918315
2025-09-26T19:15:00.000Z,177.365,177.79,177.29,177.685,3116580
2025-09-26T19:30:00.000Z,177.6801,177.83,177.499,177.635,3984698
2025-09-26T19:45:00.000Z,177.64,179.77,177.5,178.19,9583485
2025-09-29T13:30:00.000Z,180.425,183.73,180.32,183.6,28125485
2025-09-29T13:45:00.000Z,183.6,184,182.821,183.095,12815616
2025-09-29T14:00:00.000Z,183.105,183.63,182.6814,183.035,9789575
2025-09-29T14:15:00.000Z,183.04,183.62,182.54,183.375,8869575
2025-09-29T14:30:00.000Z,183.375,183.52,182.83,183.35,7628125
2025-09-29T14:45:00.000Z,183.35,183.88,183.06,183.615,8050945
2025-09-29T15:00:00.000Z,183.61,183.76,182.62,182.78,6645537
2025-09-29T15:15:00.000Z,182.79,183.085,182.165,182.325,8292337
2025-09-29T15:30:00.000Z,182.325,182.52,181.97,182.383,5366958
2025-09-29T15:45:00.000Z,182.38,182.57,181.8,182.125,5440650
2025-09-29T16:00:00.000Z,182.13,182.235,181.58,181.94,4527083
2025-09-29T16:15:00.000Z,181.9374,182.105,181.44,182.03,4020816
2025-09-29T16:30:00.000Z,182.0382,182.308,181.97,181.985,3250652
2025-09-29T16:45:00.000Z,181.98,182.17,181.61,181.7219,3249505
2025-09-29T17:00:00.000Z,181.728,181.9,181.28,181.765,3214211
2025-09-29T17:15:00.000Z,181.765,182.07,181.58,181.9032,5435693
2025-09-29T17:30:00.000Z,181.9,182.16,181.725,181.95,2739291
2025-09-29T17:45:00.000Z,181.9479,182.22,181.68,182.17,2806447
2025-09-29T18:00:00.000Z,182.16,182.2674,181.82,182.125,2489813
2025-09-29T18:15:00.000Z,182.12,182.16,181.6901,181.71,2489391
2025-09-29T18:30:00.000Z,181.7,181.8455,181.48,181.65,2903806
2025-09-29T18:45:00.000Z,181.6401,181.8201,181.48,181.715,2963028
2025-09-29T19:00:00.000Z,181.72,181.74,181.023,181.1275,3897757
2025-09-29T19:15:00.000Z,181.125,181.14,180.67,180.895,5088201
2025-09-29T19:30:00.000Z,180.89,181.39,180.87,181.305,3968047
2025-09-29T19:45:00.000Z,181.31,183,181.285,181.83,10640422
2025-09-30T13:30:00.000Z,182.08,183.15,181.48,183.1297,12989735
2025-09-30T13:45:00.000Z,183.12,183.58,182.16,183.55,10715560
2025-09-30T14:00:00.000Z,183.5501,184.94,183.35,184.115,20144138
2025-09-30T14:15:00.000Z,184.1,184.84,183.84,184.7399,10463527
2025-09-30T14:30:00.000Z,184.735,186.36,184.5599,185.6785,21331401
2025-09-30T14:45:00.000Z,185.675,187.225,185.62,186.865,14813907
2025-09-30T15:00:00.000Z,186.86,187.35,186.44,186.9,10094567
2025-09-30T15:15:00.000Z,186.905,186.92,185.8,186.3,8591555
2025-09-30T15:30:00.000Z,186.295,186.62,185.6,185.87,5972313
2025-09-30T15:45:00.000Z,185.86,186.86,185.845,186.665,5971096
2025-09-30T16:00:00.000Z,186.66,187.12,186.34,186.605,6483932
2025-09-30T16:15:00.000Z,186.605,187.12,186.46,186.735,5605264
2025-09-30T16:30:00.000Z,186.735,186.95,186.171,186.42,4352261
2025-09-30T16:45:00.000Z,186.42,186.48,185.9,186.1651,4177686
2025-09-30T17:00:00.000Z,186.16,186.22,185.75,185.895,4793887
2025-09-30T17:15:00.000Z,185.895,186.28,185.32,185.625,5665980
2025-09-30T17:30:00.000Z,185.62,185.85,185.23,185.59,4801162
2025-09-30T17:45:00.000Z,185.59,186.23,185.58,185.945,3645371
2025-09-30T18:00:00.000Z,185.94,186.28,185.72,186.265,3343081
2025-09-30T18:15:00.000Z,186.27,186.5,186.12,186.2725,3965970
2025-09-30T18:30:00.000Z,186.27,186.31,185.9,186.1962,3186058
2025-09-30T18:45:00.000Z,186.1965,186.295,185.9583,185.985,2923461
2025-09-30T19:00:00.000Z,185.985,186.025,185.24,185.29,5139584
2025-09-30T19:15:00.000Z,185.2951,186,185.01,185.89,6550123
2025-09-30T19:30:00.000Z,185.89,186.02,185.3,185.395,5115786
2025-09-30T19:45:00.000Z,185.395,186.8,185.34,186.58,15775753
2025-10-01T13:30:00.000Z,185.24,186.1,184.42,185.05,16254854
2025-10-01T13:45:00.000Z,185.045,185.49,183.9,184.207,11185404
2025-10-01T14:00:00.000Z,184.19,185.485,184.02,185.2236,7904307
2025-10-01T14:15:00.000Z,185.221,186.67,184.955,186.655,9067832
2025-10-01T14:30:00.000Z,186.655,187.865,186.3147,187.68,12751374
2025-10-01T14:45:00.000Z,187.69,187.71,186.86,187.21,6757141
2025-10-01T15:00:00.000Z,187.2,187.86,187.02,187.255,6646364
2025-10-01T15:15:00.000Z,187.26,187.32,186.54,186.56,5218627
2025-10-01T15:30:00.000Z,186.56,187.1,186.42,186.82,4504243
2025-10-01T15:45:00.000Z,186.815,187.385,186.8,187.2699,3727311
2025-10-01T16:00:00.000Z,187.27,187.53,186.86,186.945,3132503
2025-10-01T16:15:00.000Z,186.955,187.255,186.54,186.605,3322410
2025-10-01T16:30:00.000Z,186.615,186.755,186.48,186.51,3570390
2025-10-01T16:45:00.000Z,186.5183,187.165,186.515,187.0856,2893927
2025-10-01T17:00:00.000Z,187.085,188.14,187.02,187.83,6380186
2025-10-01T17:15:00.000Z,187.825,187.875,187.38,187.57,5203183
2025-10-01T17:30:00.000Z,187.58,187.95,187.3,187.7184,3764270
2025-10-01T17:45:00.000Z,187.715,187.895,187.34,187.525,2699094
2025-10-01T18:00:00.000Z,187.52,187.9,187.3,187.718,2995903
2025-10-01T18:15:00.000Z,187.715,187.83,187.38,187.4844,2393093
2025-10-01T18:30:00.000Z,187.485,187.69,187.32,187.59,2270036
2025-10-01T18:45:00.000Z,187.58,187.67,187.365,187.4093,2045358
2025-10-01T19:00:00.000Z,187.405,187.605,187.36,187.44,2389048
2025-10-01T19:15:00.000Z,187.43,187.495,187.15,187.1835,3301209
2025-10-01T19:30:00.000Z,187.18,187.21,186.36,186.785,6055757
2025-10-01T19:45:00.000Z,186.79,187.47,186.692,187.17,9143608
2025-10-02T13:30:00.000Z,189.6,191.05,188.57,188.735,19250499
2025-10-02T13:45:00.000Z,188.74,189.45,188.265,189.28,10039265
2025-10-02T14:00:00.000Z,189.28,190.24,189.0303,189.865,9291030
2025-10-02T14:15:00.000Z,189.85,190.44,189.83,190.1049,6421455
2025-10-02T14:30:00.000Z,190.105,190.42,189.61,189.69,5148716
2025-10-02T14:45:00.000Z,189.69,189.8,188.98,189.26,5848762
2025-10-02T15:00:00.000Z,189.27,189.77,188.9,189.7683,5453581
2025-10-02T15:15:00.000Z,189.7665,189.99,189.6,189.86,4121695
2025-10-02T15:30:00.000Z,189.855,189.9,188.98,189.1651,4237532
2025-10-02T15:45:00.000Z,189.1628,189.77,189.1,189.63,3456140
2025-10-02T16:00:00.000Z,189.625,189.63,188.95,189.07,3320475
2025-10-02T16:15:00.000Z,189.065,189.32,189,189.2,2322582
2025-10-02T16:30:00.000Z,189.185,189.265,188.8,188.8001,2574580
2025-10-02T16:45:00.000Z,188.805,189.48,188.77,189.425,3539749
2025-10-02T17:00:00.000Z,189.42,189.435,189.01,189.08,2316205
2025-10-02T17:15:00.000Z,189.09,189.3,189.04,189.1193,1755656
2025-10-02T17:30:00.000Z,189.12,189.24,188.97,189.12,1922689
2025-10-02T17:45:00.000Z,189.1117,189.2,188.75,188.76,2292022
2025-10-02T18:00:00.000Z,188.76,189.215,188.61,189.0555,3241276
2025-10-02T18:15:00.000Z,189.05,189.0801,188.83,188.8751,1870534
2025-10-02T18:30:00.000Z,188.87,188.96,188.71,188.765,1992537
2025-10-02T18:45:00.000Z,188.7677,189.02,188.725,188.9074,2055605
2025-10-02T19:00:00.000Z,188.9,189.23,188.8,189.1203,3541388
2025-10-02T19:15:00.000Z,189.12,189.305,189.03,189.185,2470044
2025-10-02T19:30:00.000Z,189.185,189.185,188.85,189.035,3481186
2025-10-02T19:45:00.000Z,189.0356,189.24,188.06,188.92,6854712
2025-10-03T13:30:00.000Z,189.19,190.36,188.98,189.52,11414877
2025-10-03T13:45:00.000Z,189.5,189.765,188.76,188.9001,6552573
2025-10-03T14:00:00.000Z,188.91,189.23,188.33,189.05,6214100
2025-10-03T14:15:00.000Z,189.05,189.38,188.38,188.9437,5082335
2025-10-03T14:30:00.000Z,188.95,189.33,188.37,189.2,4426409
2025-10-03T14:45:00.000Z,189.2,189.575,189.03,189.34,3741535
2025-10-03T15:00:00.000Z,189.33,189.47,188.89,189.31,3095210
2025-10-03T15:15:00.000Z,189.31,189.8,189.26,189.4739,4116556
2025-10-03T15:30:00.000Z,189.47,189.55,188.895,188.975,2993068
2025-10-03T15:45:00.000Z,188.97,189.0469,188.72,189,3497274
2025-10-03T16:00:00.000Z,188.9801,189,188.48,188.57,3298312
2025-10-03T16:15:00.000Z,188.58,188.7699,188.42,188.705,2947415
2025-10-03T16:30:00.000Z,188.7,188.7,187.595,187.645,4393410
2025-10-03T16:45:00.000Z,187.6463,188.06,187.6,187.98,3684014
2025-10-03T17:00:00.000Z,187.98,187.98,187.02,187.69,5215882
2025-10-03T17:15:00.000Z,187.69,187.76,186.95,187.1775,3373165
2025-10-03T17:30:00.000Z,187.17,187.5178,186.615,186.64,3817546
2025-10-03T17:45:00.000Z,186.64,186.715,185.38,186.4,7532046
2025-10-03T18:00:00.000Z,186.4,186.91,185.675,186.835,5577804
2025-10-03T18:15:00.000Z,186.835,187.52,186.81,187.475,3839969
2025-10-03T18:30:00.000Z,187.48,187.515,187.03,187.5,3764875
2025-10-03T18:45:00.000Z,187.5,187.745,187.18,187.66,2756778
2025-10-03T19:00:00.000Z,187.655,187.74,187.42,187.51,2673431
2025-10-03T19:15:00.000Z,187.51,187.585,187.1,187.325,2732260
2025-10-03T19:30:00.000Z,187.32,187.825,187.23,187.6458,3988404
2025-10-03T19:45:00.000Z,187.64,188.07,186.23,187.621,7500362
2025-10-06T13:30:00.000Z,185.5,186.45,183.33,186.3242,19788259
2025-10-06T13:45:00.000Z,186.325,187.2299,185.64,186.2951,9599745
2025-10-06T14:00:00.000Z,186.295,186.5,184.72,185.38,8491160
2025-10-06T14:15:00.000Z,185.39,186.54,185.3117,185.5,6746597
2025-10-06T14:30:00.000Z,185.51,185.815,184.375,184.73,7203085
2025-10-06T14:45:00.000Z,184.74,184.995,184.205,184.787,6271961
2025-10-06T15:00:00.000Z,184.791,185.7,184.64,185.5878,4909217
2025-10-06T15:15:00.000Z,185.58,186.2,185.5401,185.975,4597138
2025-10-06T15:30:00.000Z,185.98,186.681,185.98,186.66,4079624
2025-10-06T15:45:00.000Z,186.66,187.1,186.49,186.835,5195714
2025-10-06T16:00:00.000Z,186.83,187.11,186.655,186.9749,3905847
2025-10-06T16:15:00.000Z,186.97,187.23,186.8,186.9337,3376623
2025-10-06T16:30:00.000Z,186.93,186.96,186.39,186.59,2832417
2025-10-06T16:45:00.000Z,186.591,186.62,186.2201,186.3402,2261465
2025-10-06T17:00:00.000Z,186.34,186.39,186.01,186.1098,2510111
2025-10-06T17:15:00.000Z,186.108,186.47,186.035,186.1499,2209373
2025-10-06T17:30:00.000Z,186.15,186.21,185.61,185.61,2909754
2025-10-06T17:45:00.000Z,185.61,185.89,185.46,185.775,2804961
2025-10-06T18:00:00.000Z,185.78,186.1,185.48,185.4903,3046018
2025-10-06T18:15:00.000Z,185.495,185.75,185.39,185.59,2435163
2025-10-06T18:30:00.000Z,185.5972,185.92,185.49,185.69,2359292
2025-10-06T18:45:00.000Z,185.695,186.035,185.655,185.86,2370093
2025-10-06T19:00:00.000Z,185.86,185.99,185.72,185.81,2551969
2025-10-06T19:15:00.000Z,185.8099,186.05,185.57,185.81,2663021
2025-10-06T19:30:00.000Z,185.81,185.88,185.57,185.7751,2952915
2025-10-06T19:45:00.000Z,185.78,186.0281,185.43,185.53,8166596
2025-10-07T13:30:00.000Z,186.23,187.5579,186.18,187.19,10808457
2025-10-07T13:45:00.000Z,187.18,188.96,187.13,188.825,10388698
2025-10-07T14:00:00.000Z,188.8218,189.06,188.31,188.461,6922572
2025-10-07T14:15:00.000Z,188.47,188.8463,187.81,188.0151,5229126
2025-10-07T14:30:00.000Z,188.02,188.6,187.565,187.79,5477894
2025-10-07T14:45:00.000Z,187.78,188.155,187.62,187.83,4189627
2025-10-07T15:00:00.000Z,187.83,187.87,184.7801,185.97,13458741
2025-10-07T15:15:00.000Z,185.975,186.3499,185.077,185.24,7824646
2025-10-07T15:30:00.000Z,185.24,185.672,184.6,185.19,8404505
2025-10-07T15:45:00.000Z,185.2,185.5,184.405,185.465,6372128
2025-10-07T16:00:00.000Z,185.47,186.17,185.27,185.31,4570217
2025-10-07T16:15:00.000Z,185.31,185.86,185.0783,185.47,3476555
2025-10-07T16:30:00.000Z,185.47,186.415,185.465,186.1099,4280821
2025-10-07T16:45:00.000Z,186.1,186.1324,185.51,185.75,3294909
2025-10-07T17:00:00.000Z,185.75,186.19,185.64,185.865,2666927
2025-10-07T17:15:00.000Z,185.88,186.05,185.7,185.9098,2167742
2025-10-07T17:30:00.000Z,185.905,185.91,185.54,185.73,1959797
2025-10-07T17:45:00.000Z,185.7201,185.885,185.32,185.36,2283379
2025-10-07T18:00:00.000Z,185.36,185.93,185.15,185.79,2540109
2025-10-07T18:15:00.000Z,185.79,186.04,185.725,185.895,2059021
2025-10-07T18:30:00.000Z,185.91,185.965,185.7001,185.82,1625264
2025-10-07T18:45:00.000Z,185.82,185.87,185.6,185.63,1670574
2025-10-07T19:00:00.000Z,185.62,185.8,185.4356,185.48,2492285
2025-10-07T19:15:00.000Z,185.48,185.72,185.4251,185.5863,2137199
2025-10-07T19:30:00.000Z,185.59,185.68,185.47,185.59,2478825
2025-10-07T19:45:00.000Z,185.59,185.665,184,184.95,6852933
2025-10-08T13:30:00.000Z,186.57,189.09,186.54,188.25,18604299
2025-10-08T13:45:00.000Z,188.24,188.8,187.85,188.6501,8418608
2025-10-08T14:00:00.000Z,188.655,189.42,188.64,188.77,9150342
2025-10-08T14:15:00.000Z,188.76,189.14,188.53,189.045,5581915
2025-10-08T14:30:00.000Z,189.045,189.2262,188.42,188.465,4388507
2025-10-08T14:45:00.000Z,188.465,188.72,188.23,188.635,3729323
2025-10-08T15:00:00.000Z,188.64,188.8799,188.035,188.0556,3830916
2025-10-08T15:15:00.000Z,188.05,188.45,187.745,188.27,4390898
2025-10-08T15:30:00.000Z,188.27,188.395,187.9018,187.9362,2913179
2025-10-08T15:45:00.000Z,187.925,188.135,187.6138,187.91,3015708
2025-10-08T16:00:00.000Z,187.9101,188.12,187.69,188.055,3033987
2025-10-08T16:15:00.000Z,188.05,188.34,188.02,188.185,2903700
2025-10-08T16:30:00.000Z,188.18,188.4898,188.07,188.26,2296382
2025-10-08T16:45:00.000Z,188.265,188.39,188.05,188.2514,2086541
2025-10-08T17:00:00.000Z,188.255,188.43,187.765,188.02,2626692
2025-10-08T17:15:00.000Z,188.02,188.2,187.9501,188.15,2086135
2025-10-08T17:30:00.000Z,188.16,188.785,188.12,188.6201,3202173
2025-10-08T17:45:00.000Z,188.625,188.89,188.43,188.5907,2975421
2025-10-08T18:00:00.000Z,188.59,188.7798,188.45,188.735,1936936
2025-10-08T18:15:00.000Z,188.73,188.81,188.4,188.4224,2330415
2025-10-08T18:30:00.000Z,188.43,188.5,188.21,188.215,2607886
2025-10-08T18:45:00.000Z,188.21,188.39,187.985,188.32,2461139
2025-10-08T19:00:00.000Z,188.32,188.64,188.25,188.61,2044060
2025-10-08T19:15:00.000Z,188.61,188.75,188.55,188.59,2410323
2025-10-08T19:30:00.000Z,188.59,188.63,188.3,188.335,2910186
2025-10-08T19:45:00.000Z,188.339,189.6,188.295,189.06,10123487
2025-10-09T13:30:00.000Z,192.225,193.1,191.06,192.495,20449384
2025-10-09T13:45:00.000Z,192.495,195.3,192.4,194.4,22887000
2025-10-09T14:00:00.000Z,194.38,194.59,193.49,194.35,9844523
2025-10-09T14:15:00.000Z,194.354,194.42,193.53,193.6842,6718904
2025-10-09T14:30:00.000Z,193.69,193.73,192.185,192.43,8825874
2025-10-09T14:45:00.000Z,192.436,194.11,192.34,194.075,7663415
2025-10-09T15:00:00.000Z,194.08,194.72,193.91,194.2742,6958870
2025-10-09T15:15:00.000Z,194.2714,194.545,193.67,193.765,5066318
2025-10-09T15:30:00.000Z,193.765,193.99,193.365,193.8,5039332
2025-10-09T15:45:00.000Z,193.8,194.35,193.76,194.18,4147220
2025-10-09T16:00:00.000Z,194.17,194.58,193.76,194.42,4523401
2025-10-09T16:15:00.000Z,194.42,194.47,193.58,193.88,3685651
2025-10-09T16:30:00.000Z,193.88,194.05,193.175,193.43,3152495
2025-10-09T16:45:00.000Z,193.4276,193.64,192.7,192.75,3845638
2025-10-09T17:00:00.000Z,192.73,193.28,192.53,192.7,3697979
2025-10-09T17:15:00.000Z,192.71,193.02,192.4391,192.6601,3294743
2025-10-09T17:30:00.000Z,192.68,192.95,192.27,192.7724,3271454
2025-10-09T17:45:00.000Z,192.7603,193.08,192.6,193.005,2946551
2025-10-09T18:00:00.000Z,193.005,193.1,192.18,192.8761,3656149
2025-10-09T18:15:00.000Z,192.87,193.17,192.495,192.545,2813571
2025-10-09T18:30:00.000Z,192.54,192.61,192.13,192.52,3805825
2025-10-09T18:45:00.000Z,192.5238,192.6786,192.3,192.56,3354144
2025-10-09T19:00:00.000Z,192.56,193.08,192.45,192.9325,3469046
2025-10-09T19:15:00.000Z,192.94,193.54,192.725,192.74,5313848
2025-10-09T19:30:00.000Z,192.73,192.92,192.485,192.575,3322291
2025-10-09T19:45:00.000Z,192.575,193.09,191.61,192.54,8417360
2025-10-10T13:30:00.000Z,193.505,193.62,192.21,193.1,12926387
2025-10-10T13:45:00.000Z,193.1001,194.3,192.77,194.11,9306557
2025-10-10T14:00:00.000Z,194.0801,195.17,193.83,194.71,10411540
2025-10-10T14:15:00.000Z,194.71,195.49,194.23,195.25,8804150
2025-10-10T14:30:00.000Z,195.25,195.62,194.965,195.445,7491357
2025-10-10T14:45:00.000Z,195.44,195.58,193.53,194.1512,8131419
2025-10-10T15:00:00.000Z,194.15,194.1984,191.58,192.288,17117510
2025-10-10T15:15:00.000Z,192.2801,192.53,188.33,188.8316,19164598
2025-10-10T15:30:00.000Z,188.85,189.79,186.38,189.71,17889973
2025-10-10T15:45:00.000Z,189.67,190.1999,188.61,189.52,11197519
2025-10-10T16:00:00.000Z,189.5,189.83,188.865,189.68,6800271
2025-10-10T16:15:00.000Z,189.69,189.86,188.4,189.15,6253346
2025-10-10T16:30:00.000Z,189.14,189.66,188.45,188.56,4816903
2025-10-10T16:45:00.000Z,188.55,188.61,187.38,187.52,6403194
2025-10-10T17:00:00.000Z,187.505,187.82,186.64,187,6120620
2025-10-10T17:15:00.000Z,187.01,188.32,186.92,188.16,4800057
2025-10-10T17:30:00.000Z,188.15,188.46,187.85,188.03,3916154
2025-10-10T17:45:00.000Z,188.02,188.275,187.36,187.69,4039046
2025-10-10T18:00:00.000Z,187.71,187.74,186.98,187.6401,3944909
2025-10-10T18:15:00.000Z,187.63,188.2874,187.27,187.72,3872340
2025-10-10T18:30:00.000Z,187.72,187.96,187.23,187.24,2754567
2025-10-10T18:45:00.000Z,187.25,187.585,186.53,186.99,4050305
2025-10-10T19:00:00.000Z,186.99,187.55,186.6501,186.76,5278248
2025-10-10T19:15:00.000Z,186.756,187.2,186.11,186.4,5402291
2025-10-10T19:30:00.000Z,186.42,186.56,184.41,185.0301,11864501
2025-10-10T19:45:00.000Z,185.025,185.545,182.05,183.12,23965763
2025-10-13T13:30:00.000Z,187.965,189.26,187.39,188.5244,15209043
2025-10-13T13:45:00.000Z,188.51,189.64,187.7,189.605,9829224
2025-10-13T14:00:00.000Z,189.6,190.1099,189.22,189.3422,8872537
2025-10-13T14:15:00.000Z,189.35,189.64,187.87,188.49,7270597
2025-10-13T14:30:00.000Z,188.5,188.53,187.48,187.5672,5179554
2025-10-13T14:45:00.000Z,187.57,187.62,185.96,186.26,6975625
2025-10-13T15:00:00.000Z,186.2513,187.78,186.18,187.6817,6409589
2025-10-13T15:15:00.000Z,187.69,188.775,187.69,188.275,5640879
2025-10-13T15:30:00.000Z,188.28,188.65,187.69,187.755,3915332
2025-10-13T15:45:00.000Z,187.76,188.43,187.73,188.3101,3345780
2025-10-13T16:00:00.000Z,188.32,188.43,188.0701,188.365,2721124
2025-10-13T16:15:00.000Z,188.365,188.55,188,188.4318,3812713
2025-10-13T16:30:00.000Z,188.4209,188.8,188.33,188.42,2731592
2025-10-13T16:45:00.000Z,188.41,189.23,188.27,189.19,3332774
2025-10-13T17:00:00.000Z,189.19,189.43,188.7,188.79,3207537
2025-10-13T17:15:00.000Z,188.795,188.89,188.4918,188.55,2551788
2025-10-13T17:30:00.000Z,188.55,188.6558,188.2,188.22,2204284
2025-10-13T17:45:00.000Z,188.2299,188.605,188.1709,188.555,2225234
2025-10-13T18:00:00.000Z,188.55,188.5699,187.66,187.786,3540210
2025-10-13T18:15:00.000Z,187.78,188.09,187.68,187.925,2370096
2025-10-13T18:30:00.000Z,187.925,188.04,187.25,187.43,2705798
2025-10-13T18:45:00.000Z,187.4218,187.665,187.25,187.635,2187341
2025-10-13T19:00:00.000Z,187.635,187.8,187.37,187.58,2488494
2025-10-13T19:15:00.000Z,187.586,188.18,187.55,187.8026,3121186
2025-10-13T19:30:00.000Z,187.8,188.105,187.73,187.795,3248492
2025-10-13T19:45:00.000Z,187.795,189,187.52,188.32,10316387
2025-10-14T13:30:00.000Z,184.77,184.8,179.7,180.375,24264834
2025-10-14T13:45:00.000Z,180.475,181.63,180.29,181.155,12108582
2025-10-14T14:00:00.000Z,181.14,182.115,180.75,181.5755,9420886
2025-10-14T14:15:00.000Z,181.57,182.72,181.18,182.39,8886498
2025-10-14T14:30:00.000Z,182.385,182.43,181.725,181.9557,6715025
2025-10-14T14:45:00.000Z,181.955,182.01,180.94,181.33,7281162
2025-10-14T15:00:00.000Z,181.34,182.2,181.19,181.55,6458352
2025-10-14T15:15:00.000Z,181.56,181.88,181.28,181.55,4405947
2025-10-14T15:30:00.000Z,181.56,182.52,181.35,182.4473,5656595
2025-10-14T15:45:00.000Z,182.45,183.165,182.45,182.63,6039465
2025-10-14T16:00:00.000Z,182.63,182.745,182.075,182.595,4001280
2025-10-14T16:15:00.000Z,182.59,183.536,182.46,183.4363,5771702
2025-10-14T16:30:00.000Z,183.44,184.15,183.31,184.125,5337875
2025-10-14T16:45:00.000Z,184.12,184.2,183.13,183.16,6824503
2025-10-14T17:00:00.000Z,183.15,183.625,182.91,183.46,4461793
2025-10-14T17:15:00.000Z,183.47,183.596,182.99,183.225,3578403
2025-10-14T17:30:00.000Z,183.23,183.31,181.9716,182.54,5263078
2025-10-14T17:45:00.000Z,182.55,182.6,181.79,181.8299,4046683
2025-10-14T18:00:00.000Z,181.83,181.99,181.52,181.8701,4407691
2025-10-14T18:15:00.000Z,181.87,182.3,181.54,182.18,3968911
2025-10-14T18:30:00.000Z,182.18,182.37,181.82,181.985,3505478
2025-10-14T18:45:00.000Z,181.98,182.36,181.91,182.03,3008387
2025-10-14T19:00:00.000Z,182.03,182.25,181.72,181.794,3136461
2025-10-14T19:15:00.000Z,181.795,182.27,181.76,181.8999,3773071
2025-10-14T19:30:00.000Z,181.896,181.92,180.26,180.3879,9121493
2025-10-14T19:45:00.000Z,180.39,180.9691,179.83,180.07,17533412
2025-10-15T13:30:00.000Z,184.8,184.87,181.7,181.98,18882253
2025-10-15T13:45:00.000Z,181.97,182.51,181.02,182.145,11018271
2025-10-15T14:00:00.000Z,182.15,182.88,181.88,182.75,8558971
2025-10-15T14:15:00.000Z,182.75,182.86,182.17,182.3699,6278942
2025-10-15T14:30:00.000Z,182.3698,182.4368,181.5,182.015,8534357
2025-10-15T14:45:00.000Z,182.02,183.01,182.02,182.7699,8298154
2025-10-15T15:00:00.000Z,182.76,183.21,181.98,182.185,6341586
2025-10-15T15:15:00.000Z,182.18,182.25,181.64,181.7109,5082417
2025-10-15T15:30:00.000Z,181.71,181.739,180.51,180.77,8171530
2025-10-15T15:45:00.000Z,180.76,180.79,179.8609,180.52,10273491
2025-10-15T16:00:00.000Z,180.53,180.84,180.09,180.318,4805983
2025-10-15T16:15:00.000Z,180.31,181.02,179.93,180.6999,5550634
2025-10-15T16:30:00.000Z,180.69,180.74,180.135,180.18,3719714
2025-10-15T16:45:00.000Z,180.1818,180.48,179.9,179.98,4303678
2025-10-15T17:00:00.000Z,179.99,180.02,177.59,177.63,11207545
2025-10-15T17:15:00.000Z,177.64,178.7891,177.29,178.18,7863202
2025-10-15T17:30:00.000Z,178.18,179.16,178.085,178.99,5349482
2025-10-15T17:45:00.000Z,178.99,179.6799,178.95,179.553,5492021
2025-10-15T18:00:00.000Z,179.54,179.86,178.99,179.69,4502544
2025-10-15T18:15:00.000Z,179.69,180.0207,179.58,179.7949,3469188
2025-10-15T18:30:00.000Z,179.795,180.6099,179.7,180.1508,3941025
2025-10-15T18:45:00.000Z,180.15,180.68,179.99,180.555,3320213
2025-10-15T19:00:00.000Z,180.55,180.5798,179.8601,180.1007,3449644
2025-10-15T19:15:00.000Z,180.105,180.385,180.02,180.16,3034868
2025-10-15T19:30:00.000Z,180.17,180.37,179.5,179.9942,5129900
2025-10-15T19:45:00.000Z,180,180.18,178.5,179.875,14782507
2025-10-16T13:30:00.000Z,182.23,182.59,181.24,182.16,13207507
2025-10-16T13:45:00.000Z,182.155,182.58,181.43,181.695,8853019
2025-10-16T14:00:00.000Z,181.7,182.24,181.4793,181.92,5972580
2025-10-16T14:15:00.000Z,181.93,183.02,181.8015,182.41,8149509
2025-10-16T14:30:00.000Z,182.42,183.28,182.41,183.165,7048331
2025-10-16T14:45:00.000Z,183.16,183.2372,182.28,182.48,5244114
2025-10-16T15:00:00.000Z,182.48,182.93,182.09,182.685,5219743
2025-10-16T15:15:00.000Z,182.68,182.69,181.97,182.3214,4877738
2025-10-16T15:30:00.000Z,182.325,182.79,181.94,182.1515,5319697
2025-10-16T15:45:00.000Z,182.17,182.31,181.546,181.9,5192665
2025-10-16T16:00:00.000Z,181.89,182.18,181.4258,182.0299,4608929
2025-10-16T16:15:00.000Z,182.02,182.12,180.82,180.965,5134041
2025-10-16T16:30:00.000Z,180.97,180.98,179.77,180.53,8166082
2025-10-16T16:45:00.000Z,180.52,181.52,179.9452,181.49,5436534
2025-10-16T17:00:00.000Z,181.48,181.79,180.65,181.3731,5538008
2025-10-16T17:15:00.000Z,181.39,182.35,181.22,182.33,4802552
2025-10-16T17:30:00.000Z,182.325,182.52,181.7199,181.9701,4521449
2025-10-16T17:45:00.000Z,181.98,182.12,181.605,182.1196,3504413
2025-10-16T18:00:00.000Z,182.11,182.1899,180.2,180.3,5091707
2025-10-16T18:15:00.000Z,180.285,180.83,179.88,180.34,6269567
2025-10-16T18:30:00.000Z,180.34,181.165,179.82,181.0165,4982138
2025-10-16T18:45:00.000Z,181.01,181.5,180.7802,181.4682,4305004
2025-10-16T19:00:00.000Z,181.465,181.61,181.03,181.075,4946572
2025-10-16T19:15:00.000Z,181.08,181.195,180.26,180.785,4451340
2025-10-16T19:30:00.000Z,180.79,181.18,180.49,180.9783,4063145
2025-10-16T19:45:00.000Z,180.98,182.49,180.76,181.811,9907179
2025-10-17T13:30:00.000Z,180.18,181.47,179.75,180.5417,14907766
2025-10-17T13:45:00.000Z,180.54,182.42,180.3,181.8,10177386
2025-10-17T14:00:00.000Z,181.79,183,181.3,182.91,10421197
2025-10-17T14:15:00.000Z,182.92,183.53,182.456,183.28,8711205
2025-10-17T14:30:00.000Z,183.28,183.355,181.909,182.1701,8963476
2025-10-17T14:45:00.000Z,182.16,182.69,181.07,181.25,6807230
2025-10-17T15:00:00.000Z,181.24,182.15,181.11,181.275,5299601
2025-10-17T15:15:00.000Z,181.285,181.74,180.57,180.872,5957500
2025-10-17T15:30:00.000Z,180.88,181.48,180.02,181.36,5978299
2025-10-17T15:45:00.000Z,181.35,182.32,181.2651,182.065,5968495
2025-10-17T16:00:00.000Z,182.065,182.77,182.055,182.38,4674771
2025-10-17T16:15:00.000Z,182.39,182.7851,182.3104,182.63,3975131
2025-10-17T16:30:00.000Z,182.64,182.87,182.15,182.295,3700426
2025-10-17T16:45:00.000Z,182.295,182.97,182.06,182.44,3837495
2025-10-17T17:00:00.000Z,182.44,182.735,182.13,182.32,3019678
2025-10-17T17:15:00.000Z,182.32,182.61,182.01,182.36,3352703
2025-10-17T17:30:00.000Z,182.36,182.695,182.08,182.12,2946891
2025-10-17T17:45:00.000Z,182.12,183.01,181.93,182.8551,4668954
2025-10-17T18:00:00.000Z,182.85,183.32,182.78,183.1341,4377968
2025-10-17T18:15:00.000Z,183.13,183.865,183.1207,183.69,4687075
2025-10-17T18:30:00.000Z,183.691,183.849,183.26,183.43,3152859
2025-10-17T18:45:00.000Z,183.43,183.6799,183.255,183.4799,4370438
2025-10-17T19:00:00.000Z,183.48,183.95,183.38,183.875,3233372
2025-10-17T19:15:00.000Z,183.87,184.1,183.68,183.71,4301593
2025-10-17T19:30:00.000Z,183.71,183.7107,183.16,183.1898,4354561
2025-10-17T19:45:00.000Z,183.185,183.79,182.84,183.235,7925199
2025-10-20T13:30:00.000Z,183.13,183.39,181.73,182.695,12758681
2025-10-20T13:45:00.000Z,182.7,183.18,182.47,182.94,5938775
2025-10-20T14:00:00.000Z,182.947,183.12,182.3,182.965,5985101
2025-10-20T14:15:00.000Z,182.97,185.055,182.74,184.944,10069110
2025-10-20T14:30:00.000Z,184.94,185.2,183.7,183.785,7920126
2025-10-20T14:45:00.000Z,183.7997,184.2,183.6201,183.9056,4600684
2025-10-20T15:00:00.000Z,183.905,184.03,183.27,183.315,5230596
2025-10-20T15:15:00.000Z,183.305,183.79,183.13,183.785,4040794
2025-10-20T15:30:00.000Z,183.785,183.885,183.15,183.29,3366767
2025-10-20T15:45:00.000Z,183.28,183.75,183.03,183.6252,3916159
2025-10-20T16:00:00.000Z,183.635,183.71,183.33,183.4099,2526809
2025-10-20T16:15:00.000Z,183.405,183.82,183.28,183.81,2746795
2025-10-20T16:30:00.000Z,183.81,183.851,183.48,183.7156,2331035
2025-10-20T16:45:00.000Z,183.715,184.13,183.6301,184.075,2771982
2025-10-20T17:00:00.000Z,184.07,184.26,183.94,183.95,2499769
2025-10-20T17:15:00.000Z,183.9501,184.24,183.79,183.816,2579651
2025-10-20T17:30:00.000Z,183.81,183.965,183.69,183.766,2040631
2025-10-20T17:45:00.000Z,183.77,183.83,183.5,183.5642,1764787
2025-10-20T18:00:00.000Z,183.56,183.7,183.47,183.5515,2202331
2025-10-20T18:15:00.000Z,183.56,183.792,183.5503,183.63,1958734
2025-10-20T18:30:00.000Z,183.6253,183.795,183.51,183.56,1827789
2025-10-20T18:45:00.000Z,183.55,183.63,183.39,183.45,2127254
2025-10-20T19:00:00.000Z,183.444,183.515,182.91,182.966,3522287
2025-10-20T19:15:00.000Z,182.965,183.02,182.6,182.9553,4507288
2025-10-20T19:30:00.000Z,182.96,183.12,182.805,182.82,3242315
2025-10-20T19:45:00.000Z,182.82,183.13,182.05,182.57,8051771
2025-10-21T13:30:00.000Z,182.785,182.785,181.05,181.29,10506526
2025-10-21T13:45:00.000Z,181.29,181.52,180.66,180.94,8023013
2025-10-21T14:00:00.000Z,180.955,181.13,179.93,180.5799,8657110
2025-10-21T14:15:00.000Z,180.575,181.18,180.06,180.185,6663882
2025-10-21T14:30:00.000Z,180.196,180.54,179.8,180.425,6557637
2025-10-21T14:45:00.000Z,180.425,181.41,180.26,181.315,5060953
2025-10-21T15:00:00.000Z,181.32,182.1,181.14,182.1,5339128
2025-10-21T15:15:00.000Z,182.0982,182.1865,181.732,181.91,3796920
2025-10-21T15:30:00.000Z,181.91,182.19,181.4601,181.845,3457480
2025-10-21T15:45:00.000Z,181.845,182.305,181.835,182.185,3015517
2025-10-21T16:00:00.000Z,182.18,182.6,182.1109,182.56,3133572
2025-10-21T16:15:00.000Z,182.565,182.651,182.3301,182.49,2577044
2025-10-21T16:30:00.000Z,182.49,182.4955,181.95,182.15,2800763
2025-10-21T16:45:00.000Z,182.1515,182.21,181.365,181.41,2960474
2025-10-21T17:00:00.000Z,181.43,181.6874,181.22,181.5659,2996107
2025-10-21T17:15:00.000Z,181.56,181.5794,181.0601,181.4801,2820509
2025-10-21T17:30:00.000Z,181.4899,181.665,181.31,181.42,2199751
2025-10-21T17:45:00.000Z,181.4142,181.685,181.3,181.6499,2018284
2025-10-21T18:00:00.000Z,181.645,181.66,181.25,181.315,1734130
2025-10-21T18:15:00.000Z,181.315,181.4,180.965,181.23,2953686
2025-10-21T18:30:00.000Z,181.23,181.37,180.93,181.165,2455868
2025-10-21T18:45:00.000Z,181.16,181.35,181.12,181.28,1814491
2025-10-21T19:00:00.000Z,181.285,181.4,181.11,181.19,1987240
2025-10-21T19:15:00.000Z,181.185,181.47,181.02,181.335,2838497
2025-10-21T19:30:00.000Z,181.335,181.4,181.17,181.22,2063428
2025-10-21T19:45:00.000Z,181.225,181.6199,181.08,181.16,5492938
2025-10-22T13:30:00.000Z,181.14,182.14,180.29,182.14,8812374
2025-10-22T13:45:00.000Z,182.1494,183.44,181.88,182.65,9461479
2025-10-22T14:00:00.000Z,182.6765,183.12,181.86,181.89,6092256
2025-10-22T14:15:00.000Z,181.89,182.11,180.38,180.405,7465518
2025-10-22T14:30:00.000Z,180.42,180.89,179.3752,179.57,10753659
2025-10-22T14:45:00.000Z,179.565,180.76,179.32,180.685,7293076
2025-10-22T15:00:00.000Z,180.68,180.7259,179.88,180.15,4892002
2025-10-22T15:15:00.000Z,180.14,180.455,178.79,178.8701,6181241
2025-10-22T15:30:00.000Z,178.9,178.96,177.9,178.765,7618384
2025-10-22T15:45:00.000Z,178.765,179.71,178.72,179.48,4892780
2025-10-22T16:00:00.000Z,179.47,179.9,179.11,179.72,3758703
2025-10-22T16:15:00.000Z,179.73,179.96,179.2009,179.22,2922451
2025-10-22T16:30:00.000Z,179.22,179.4388,177.76,178.42,7980500
2025-10-22T16:45:00.000Z,178.42,179.29,178.21,178.79,3519038
2025-10-22T17:00:00.000Z,178.77,179,178.02,178.055,3262105
2025-10-22T17:15:00.000Z,178.05,178.22,177.23,177.69,5013524
2025-10-22T17:30:00.000Z,177.68,177.95,177.07,177.2641,3758468
2025-10-22T17:45:00.000Z,177.27,177.75,176.76,177.557,4551060
2025-10-22T18:00:00.000Z,177.555,178.02,177.33,177.33,4624650
2025-10-22T18:15:00.000Z,177.32,178.046,176.93,177.705,4029088
2025-10-22T18:30:00.000Z,177.69,178.56,177.59,178.4034,3959609
2025-10-22T18:45:00.000Z,178.4,178.9,178.31,178.8701,3366557
2025-10-22T19:00:00.000Z,178.875,179.5,178.6301,179.14,4515752
2025-10-22T19:15:00.000Z,179.13,179.63,179.13,179.4767,3429429
2025-10-22T19:30:00.000Z,179.48,180.14,179.46,179.8165,4855109
2025-10-22T19:45:00.000Z,179.83,180.39,179.67,180.29,6603463
2025-10-23T13:30:00.000Z,180.42,180.79,179.7901,180.08,8728373
2025-10-23T13:45:00.000Z,180.085,181.605,180.08,181.335,8173558
2025-10-23T14:00:00.000Z,181.35,181.4,180.62,180.98,5249067
2025-10-23T14:15:00.000Z,180.98,181.76,180.62,181.5801,5645822
2025-10-23T14:30:00.000Z,181.58,182.07,181.225,181.515,4470951
2025-10-23T14:45:00.000Z,181.52,182.325,181.3,182.295,4654487
2025-10-23T15:00:00.000Z,182.295,182.4,181.98,182.06,3789933
2025-10-23T15:15:00.000Z,182.05,182.065,181.57,181.995,3372473
2025-10-23T15:30:00.000Z,181.99,182.4399,181.35,181.46,3456009
2025-10-23T15:45:00.000Z,181.465,182.5,181.42,182.12,3194482
2025-10-23T16:00:00.000Z,182.11,182.28,181.88,182.1159,2070598
2025-10-23T16:15:00.000Z,182.115,182.19,181.695,181.82,1858269
2025-10-23T16:30:00.000Z,181.82,181.9982,181.7,181.84,1738281
2025-10-23T16:45:00.000Z,181.84,182.09,181.68,182.01,3125031
2025-10-23T17:00:00.000Z,182.01,182.29,181.5,182.15,2590299
2025-10-23T17:15:00.000Z,182.17,182.205,181.74,181.78,1779799
2025-10-23T17:30:00.000Z,181.78,182.67,181.7441,182.535,3088170
2025-10-23T17:45:00.000Z,182.54,182.65,182.46,182.52,2291899
2025-10-23T18:00:00.000Z,182.53,182.5485,182.255,182.42,2234711
2025-10-23T18:15:00.000Z,182.42,182.941,182.32,182.71,2715408
2025-10-23T18:30:00.000Z,182.71,182.89,182.65,182.78,1861106
2025-10-23T18:45:00.000Z,182.785,183.02,182.67,182.935,2494293
2025-10-23T19:00:00.000Z,182.94,183.03,182.69,182.89,2846368
2025-10-23T19:15:00.000Z,182.8897,182.92,182.655,182.785,2432250
2025-10-23T19:30:00.000Z,182.79,182.79,182.35,182.37,2616085
2025-10-23T19:45:00.000Z,182.375,182.46,181.38,182.2,5967273
2025-10-24T13:30:00.000Z,183.835,186.03,183.5,185.66,15548366
2025-10-24T13:45:00.000Z,185.7,185.99,185.0699,185.54,6525745
2025-10-24T14:00:00.000Z,185.56,185.7,184.58,184.68,6515843
2025-10-24T14:15:00.000Z,184.69,184.8326,184.2701,184.615,5013399
2025-10-24T14:30:00.000Z,184.6,185.33,184.33,185.3185,4638911
2025-10-24T14:45:00.000Z,185.32,185.53,184.4,184.855,4656451
2025-10-24T15:00:00.000Z,184.855,184.865,184.53,184.6799,2934799
2025-10-24T15:15:00.000Z,184.675,185.425,184.675,185.19,4127072
2025-10-24T15:30:00.000Z,185.19,185.49,185.09,185.295,2906814
2025-10-24T15:45:00.000Z,185.295,185.6,185.09,185.325,3288547
2025-10-24T16:00:00.000Z,185.32,185.42,185.12,185.2707,2485903
2025-10-24T16:15:00.000Z,185.27,185.4,185.08,185.08,2334813
2025-10-24T16:30:00.000Z,185.09,185.25,184.92,185.145,2330691
2025-10-24T16:45:00.000Z,185.145,185.4,185.08,185.175,1881998
2025-10-24T17:00:00.000Z,185.17,185.1999,184.925,184.94,1918422
2025-10-24T17:15:00.000Z,184.95,185.18,184.9,185,1565936
2025-10-24T17:30:00.000Z,185.01,185.47,184.9901,185.3799,2223448
2025-10-24T17:45:00.000Z,185.38,185.65,185.31,185.485,2682391
2025-10-24T18:00:00.000Z,185.4801,185.6,185.36,185.505,2101840
2025-10-24T18:15:00.000Z,185.51,185.568,185.25,185.275,2311007
2025-10-24T18:30:00.000Z,185.27,185.29,185.08,185.0841,2422635
2025-10-24T18:45:00.000Z,185.088,185.8,185.015,185.8,3894217
2025-10-24T19:00:00.000Z,185.8,186.88,185.7801,186.86,8286485
2025-10-24T19:15:00.000Z,186.855,187.47,186.838,186.91,7009820
2025-10-24T19:30:00.000Z,186.91,187,186.58,186.785,4901755
2025-10-24T19:45:00.000Z,186.78,186.8,185.85,186.27,9907824
2025-10-27T13:30:00.000Z,189.99,191.17,189.75,190.97,14508790
2025-10-27T13:45:00.000Z,190.97,191.27,190.39,191.055,7717131
2025-10-27T14:00:00.000Z,191.055,191.11,189.54,190.1799,8593832
2025-10-27T14:15:00.000Z,190.175,190.22,188.4318,189.88,10164318
2025-10-27T14:30:00.000Z,189.88,190.67,189.7,190.53,6267449
2025-10-27T14:45:00.000Z,190.54,190.69,190.2,190.3045,4113908
2025-10-27T15:00:00.000Z,190.31,191.14,190.24,191.1301,5388201
2025-10-27T15:15:00.000Z,191.14,191.47,190.7501,190.9245,4957069
2025-10-27T15:30:00.000Z,190.9241,191.25,190.7215,190.9855,3441378
2025-10-27T15:45:00.000Z,190.985,191.14,190.79,190.875,2780764
2025-10-27T16:00:00.000Z,190.88,191.085,190.795,190.955,4143189
2025-10-27T16:15:00.000Z,190.955,191.1,190.8624,190.925,2453140
2025-10-27T16:30:00.000Z,190.93,191.095,190.78,190.915,2231614
2025-10-27T16:45:00.000Z,190.91,191.49,190.81,191.4742,2905228
2025-10-27T17:00:00.000Z,191.4701,191.68,191.3,191.49,3668223
2025-10-27T17:15:00.000Z,191.48,191.775,191.19,191.3341,3475770
2025-10-27T17:30:00.000Z,191.335,191.45,191.015,191.22,2996425
2025-10-27T17:45:00.000Z,191.2299,191.38,191,191.095,2469460
2025-10-27T18:00:00.000Z,191.1,191.24,190.91,190.925,2550805
2025-10-27T18:15:00.000Z,190.93,191.075,190.54,190.56,2951174
2025-10-27T18:30:00.000Z,190.555,190.7,190.27,190.585,3658952
2025-10-27T18:45:00.000Z,190.5801,190.925,190.54,190.767,2711576
2025-10-27T19:00:00.000Z,190.76,190.79,190.35,190.4401,3111114
2025-10-27T19:15:00.000Z,190.44,190.92,190.28,190.7253,4074147
2025-10-27T19:30:00.000Z,190.73,190.99,190.71,190.82,3621369
2025-10-27T19:45:00.000Z,190.8259,192,190.8259,191.43,11453395
2025-10-28T13:30:00.000Z,193.05,195.469,192.65,193.895,19390698
2025-10-28T13:45:00.000Z,193.89,193.95,192.945,193.82,8913857
2025-10-28T14:00:00.000Z,193.87,193.97,193.03,193.6245,6049317
2025-10-28T14:15:00.000Z,193.63,193.7,192.5601,192.825,5504195
2025-10-28T14:30:00.000Z,192.825,193.08,192.2,192.805,4973041
2025-10-28T14:45:00.000Z,192.805,193.345,192.43,193.18,3981356
2025-10-28T15:00:00.000Z,193.185,193.34,192.6541,192.8,3286599
2025-10-28T15:15:00.000Z,192.81,192.835,192.45,192.8,3068058
2025-10-28T15:30:00.000Z,192.8,192.98,191.91,192.56,7749752
2025-10-28T15:45:00.000Z,192.5566,193.34,192.535,193.33,4158017
2025-10-28T16:00:00.000Z,193.34,194.03,193.3,193.735,4940530
2025-10-28T16:15:00.000Z,193.735,194.21,193.6295,193.7001,4591987
2025-10-28T16:30:00.000Z,193.705,194.93,193.61,194.7418,7020738
2025-10-28T16:45:00.000Z,194.7442,195.55,193.86,193.875,8336616
2025-10-28T17:00:00.000Z,193.875,196.58,193.2682,196.04,15499197
2025-10-28T17:15:00.000Z,196.03,196.09,194,194.58,13952299
2025-10-28T17:30:00.000Z,194.59,197.18,194.5,197.1499,12271532
2025-10-28T17:45:00.000Z,197.145,198.47,196.845,198.0401,14466962
2025-10-28T18:00:00.000Z,198.045,198.4,197.48,198.11,10488864
2025-10-28T18:15:00.000Z,198.11,199.54,197.93,199.312,13869146
2025-10-28T18:30:00.000Z,199.315,199.88,199.22,199.685,10629497
2025-10-28T18:45:00.000Z,199.6858,200,199.06,199.985,11230509
2025-10-28T19:00:00.000Z,199.985,202.055,199.57,201.585,24066463
2025-10-28T19:15:00.000Z,201.585,202.2059,201,202.015,12738014
2025-10-28T19:30:00.000Z,202.015,203.15,201.35,201.595,16479281
2025-10-28T19:45:00.000Z,201.59,201.925,200.65,201.03,19444503
2025-10-29T13:30:00.000Z,207.98,211.63,207.09,210.88,46831817
2025-10-29T13:45:00.000Z,210.88,212.01,209.8,211.975,19473060
2025-10-29T14:00:00.000Z,211.975,212.1899,208.98,209.942,18883782
2025-10-29T14:15:00.000Z,209.96,210.82,209.88,210.61,9729050
2025-10-29T14:30:00.000Z,210.62,211.6,209.76,209.95,10827977
2025-10-29T14:45:00.000Z,209.96,210.12,208.57,208.9,11874650
2025-10-29T15:00:00.000Z,208.895,209.18,207.865,208.35,9909983
2025-10-29T15:15:00.000Z,208.35,209.12,208,208.795,6765772
2025-10-29T15:30:00.000Z,208.79,209.07,207.56,207.675,6446279
2025-10-29T15:45:00.000Z,207.665,207.69,206.36,207.49,10703180
2025-10-29T16:00:00.000Z,207.49,207.5,205.03,205.941,10781235
2025-10-29T16:15:00.000Z,205.94,206.8193,205.81,206.5801,7037517
2025-10-29T16:30:00.000Z,206.58,206.6,205.45,206.221,5626748
2025-10-29T16:45:00.000Z,206.2245,207.46,205.92,206.927,6152638
2025-10-29T17:00:00.000Z,206.93,207.79,206.83,207.0293,5815747
2025-10-29T17:15:00.000Z,207.0299,207.13,206.512,206.789,4021349
2025-10-29T17:30:00.000Z,206.78,207.06,206.23,206.9751,4459104
2025-10-29T17:45:00.000Z,206.97,208.025,206.88,207.36,5286176
2025-10-29T18:00:00.000Z,207.355,207.65,206.6601,206.99,5983344
2025-10-29T18:15:00.000Z,206.99,207.48,206.53,206.94,4866995
2025-10-29T18:30:00.000Z,206.94,207.38,204.775,205.2,12267686
2025-10-29T18:45:00.000Z,205.21,207.4,205.13,206.59,9513891
2025-10-29T19:00:00.000Z,206.595,207.3,205.4,206.7999,7288964
2025-10-29T19:15:00.000Z,206.8,207.15,205.989,207.04,5894205
2025-10-29T19:30:00.000Z,207.04,208.05,206.621,206.76,7587734
2025-10-29T19:45:00.000Z,206.75,207.75,206.52,207.05,11476218
2025-10-30T13:30:00.000Z,205.15,206.16,201.45,202.855,22149269
2025-10-30T13:45:00.000Z,202.87,204.57,202.81,203.965,11516846
2025-10-30T14:00:00.000Z,203.96,204.71,202.72,203.6535,8613117
2025-10-30T14:15:00.000Z,203.67,203.74,201.41,202.2059,7990609
2025-10-30T14:30:00.000Z,202.2,203.7199,202.12,203.485,7213920
2025-10-30T14:45:00.000Z,203.5,203.62,202.05,202.92,6403191
2025-10-30T15:00:00.000Z,202.91,203.73,202.91,203.7109,5085648
2025-10-30T15:15:00.000Z,203.7218,203.85,203.015,203.08,4422689
2025-10-30T15:30:00.000Z,203.09,203.17,202.08,202.76,4945175
2025-10-30T15:45:00.000Z,202.75,202.88,202.06,202.555,4590770
2025-10-30T16:00:00.000Z,202.565,203.59,202.41,203.57,3806872
2025-10-30T16:15:00.000Z,203.589,203.84,203.15,203.4299,3682771
2025-10-30T16:30:00.000Z,203.43,203.5,202.87,203.24,3369725
2025-10-30T16:45:00.000Z,203.22,203.8299,202.7312,203.58,3385917
2025-10-30T17:00:00.000Z,203.57,203.6,202.49,202.5201,3161975
2025-10-30T17:15:00.000Z,202.53,203.18,202.4407,203.055,2656337
2025-10-30T17:30:00.000Z,203.06,203.62,202.78,203.6159,2823247
2025-10-30T17:45:00.000Z,203.62,204.4799,203.61,204.18,5210847
2025-10-30T18:00:00.000Z,204.17,204.26,203.5701,203.65,4345955
2025-10-30T18:15:00.000Z,203.64,203.817,203.3652,203.5905,2690241
2025-10-30T18:30:00.000Z,203.585,204,203.5,203.79,2477247
2025-10-30T18:45:00.000Z,203.8,204.28,203.495,203.505,2918697
2025-10-30T19:00:00.000Z,203.505,203.61,202.6,202.6799,4068743
2025-10-30T19:15:00.000Z,202.68,202.82,201.88,202.5499,5171259
2025-10-30T19:30:00.000Z,202.56,202.955,202.125,202.24,4695444
2025-10-30T19:45:00.000Z,202.24,203.14,201.975,202.78,9285365
2025-10-31T13:30:00.000Z,206.45,207.97,206,206.9112,12457679
2025-10-31T13:45:00.000Z,206.91,207.17,205.1,205.22,8524276
2025-10-31T14:00:00.000Z,205.225,205.98,204.78,205.63,7401426
2025-10-31T14:15:00.000Z,205.5901,205.65,204.62,205.48,5789826
2025-10-31T14:30:00.000Z,205.49,206.48,205.43,206.3082,5488371
2025-10-31T14:45:00.000Z,206.31,206.62,205.77,206.4751,4628025
2025-10-31T15:00:00.000Z,206.47,206.6,205.69,205.86,7119002
2025-10-31T15:15:00.000Z,205.86,206.02,204.95,205.2801,4284963
2025-10-31T15:30:00.000Z,205.29,205.45,204.66,205.29,4461565
2025-10-31T15:45:00.000Z,205.29,205.69,203.76,203.775,6145724
2025-10-31T16:00:00.000Z,203.77,204.28,203.24,203.8959,5759964
2025-10-31T16:15:00.000Z,203.89,204.265,203.23,203.985,4414713
2025-10-31T16:30:00.000Z,203.98,204.38,202.92,203.1365,4147528
2025-10-31T16:45:00.000Z,203.13,203.43,202.5601,202.755,4337629
2025-10-31T17:00:00.000Z,202.75,203.1,202.07,202.36,5113237
2025-10-31T17:15:00.000Z,202.37,203.015,202.27,202.8365,3682407
2025-10-31T17:30:00.000Z,202.81,203.35,202.43,203.2378,3836828
2025-10-31T17:45:00.000Z,203.25,203.95,203.21,203.255,3430291
2025-10-31T18:00:00.000Z,203.26,203.91,203.2401,203.87,2758501
2025-10-31T18:15:00.000Z,203.87,204.3699,203.64,204.265,5099260
2025-10-31T18:30:00.000Z,204.28,204.38,203.845,204.2352,4013276
2025-10-31T18:45:00.000Z,204.24,204.245,203.34,203.76,6520993
2025-10-31T19:00:00.000Z,203.76,203.98,203.35,203.8058,5570816
2025-10-31T19:15:00.000Z,203.795,204.77,203.6801,204.41,4169980
2025-10-31T19:30:00.000Z,204.405,204.67,204.04,204.1351,4434131
2025-10-31T19:45:00.000Z,204.13,204.5,202.381,202.41,13081053
2025-11-03T14:30:00.000Z,208.08,209.45,207.28,208.1325,17593357
2025-11-03T14:45:00.000Z,208.1177,208.41,207.1,207.61,7157935
2025-11-03T15:00:00.000Z,207.64,208.39,206.8,208.0732,7361303
2025-11-03T15:15:00.000Z,208.07,208.44,207.485,207.795,6149394
2025-11-03T15:30:00.000Z,207.795,208.28,207.515,208.05,5287270
2025-11-03T15:45:00.000Z,208.04,208.21,207.03,208.0818,4454678
2025-11-03T16:00:00.000Z,208.0999,208.52,207.7901,208.433,3959444
2025-11-03T16:15:00.000Z,208.435,208.54,207.728,207.915,3484869
2025-11-03T16:30:00.000Z,207.915,208.52,207.7,208.1039,3196696
2025-11-03T16:45:00.000Z,208.1041,209.51,207.81,209.1769,6359776
2025-11-03T17:00:00.000Z,209.17,209.24,208.77,209.14,3777722
2025-11-03T17:15:00.000Z,209.14,209.89,209.06,209.42,6383225
2025-11-03T17:30:00.000Z,209.42,210.3299,209.39,210,7826303
2025-11-03T17:45:00.000Z,210,210.5595,209.86,210.455,4199052
2025-11-03T18:00:00.000Z,210.455,211.335,210.41,211.0001,6592376
2025-11-03T18:15:00.000Z,211.0099,211.32,210.9,210.9599,4835932
2025-11-03T18:30:00.000Z,210.955,211.055,210.24,210.245,4923395
2025-11-03T18:45:00.000Z,210.25,210.2699,209.33,209.42,5420737
2025-11-03T19:00:00.000Z,209.41,209.56,208.35,208.88,6848319
2025-11-03T19:15:00.000Z,208.88,208.9,207.5,207.705,5973902
2025-11-03T19:30:00.000Z,207.69,208.1351,206.9241,207.48,6777791
2025-11-03T19:45:00.000Z,207.475,208.38,207.42,208.2445,5448191
2025-11-03T20:00:00.000Z,208.25,208.43,205.56,207.55,3604908
2025-11-03T20:15:00.000Z,207.56,207.79,206.83,207.0799,4192364
2025-11-03T20:30:00.000Z,207.08,207.28,206.33,207.27,5002617
2025-11-03T20:45:00.000Z,207.2793,207.48,206.5001,207.02,8932664
2025-11-04T14:30:00.000Z,203,203.1,200.9,202.4,16363659
2025-11-04T14:45:00.000Z,202.38,203.9699,202.24,203.8,8748017
2025-11-04T15:00:00.000Z,203.8,203.8599,202.2,202.45,7302860
2025-11-04T15:15:00.000Z,202.45,202.94,201.645,201.6595,6483227
2025-11-04T15:30:00.000Z,201.645,202.4,201.18,202.31,6972355
2025-11-04T15:45:00.000Z,202.31,202.36,201.155,201.6299,5614278
2025-11-04T16:00:00.000Z,201.625,201.99,201.04,201.55,5493391
2025-11-04T16:15:00.000Z,201.54,201.93,200.9241,201.85,5915173
2025-11-04T16:30:00.000Z,201.85,202.3,201.64,201.995,4260348
2025-11-04T16:45:00.000Z,201.98,202.05,201.04,201.5,4222486
2025-11-04T17:00:00.000Z,201.49,201.55,200.51,200.73,5135650
2025-11-04T17:15:00.000Z,200.75,201.02,199.8,200.975,8107208
2025-11-04T17:30:00.000Z,200.97,201.22,200.26,200.6339,4250475
2025-11-04T17:45:00.000Z,200.635,201.24,200.4,200.625,3559521
2025-11-04T18:00:00.000Z,200.62,200.77,200.03,200.37,3759411
2025-11-04T18:15:00.000Z,200.36,200.57,199.8,199.8251,4160702
2025-11-04T18:30:00.000Z,199.825,200.19,199.2001,199.9959,5425264
2025-11-04T18:45:00.000Z,200,200.85,199.83,200.37,4544393
2025-11-04T19:00:00.000Z,200.36,200.76,199.8207,199.985,4003555
2025-11-04T19:15:00.000Z,199.98,200.39,199.88,200.19,3442699
2025-11-04T19:30:00.000Z,200.18,200.23,198.75,198.99,5635254
2025-11-04T19:45:00.000Z,198.985,199.33,198.58,199.065,4963950
2025-11-04T20:00:00.000Z,199.0799,199.84,198.91,199.79,3909190
2025-11-04T20:15:00.000Z,199.79,199.96,199.23,199.885,4433917
2025-11-04T20:30:00.000Z,199.89,200.02,199.39,199.95,4852134
2025-11-04T20:45:00.000Z,199.9455,200.26,197.93,198.71,14887651
2025-11-05T14:30:00.000Z,198.77,199.39,196.98,198.79,13051142
2025-11-05T14:45:00.000Z,198.8,200.34,198.7,200.01,9403216
2025-11-05T15:00:00.000Z,199.99,201.02,199.5,199.6199,8345947
2025-11-05T15:15:00.000Z,199.64,201,199.35,200.63,6143969
2025-11-05T15:30:00.000Z,200.63,201.17,200.34,201.06,5029606
2025-11-05T15:45:00.000Z,201.07,202.79,201.03,202.55,7378415
2025-11-05T16:00:00.000Z,202.56,202.92,201.8,201.875,5617892
2025-11-05T16:15:00.000Z,201.92,202.45,201.6,202.34,4577826
2025-11-05T16:30:00.000Z,202.3401,202.4,201.31,202.14,3763092
2025-11-05T16:45:00.000Z,202.14,202.355,201.77,202.02,3217408
2025-11-05T17:00:00.000Z,202.02,202.08,201.265,201.575,3293615
2025-11-05T17:15:00.000Z,201.58,201.65,201.14,201.27,3261177
2025-11-05T17:30:00.000Z,201.275,201.8,200.96,201.67,2987263
2025-11-05T17:45:00.000Z,201.66,201.7,201.02,201.18,2283156
2025-11-05T18:00:00.000Z,201.18,201.245,200.71,200.715,2444760
2025-11-05T18:15:00.000Z,200.71,201.1999,200.68,200.95,2394013
2025-11-05T18:30:00.000Z,200.955,201.53,200.82,201.465,2981716
2025-11-05T18:45:00.000Z,201.47,202.275,201.38,201.7,3535408
2025-11-05T19:00:00.000Z,201.6901,201.6967,201.01,201.28,2820800
2025-11-05T19:15:00.000Z,201.28,201.42,200.92,201.035,2588374
2025-11-05T19:30:00.000Z,201.04,201.36,200.87,201.28,2254629
2025-11-05T19:45:00.000Z,201.285,201.53,201.2,201.3301,2024591
2025-11-05T20:00:00.000Z,201.33,201.47,199.835,200.635,4880041
2025-11-05T20:15:00.000Z,200.6316,200.66,199.15,199.5301,5014008
2025-11-05T20:30:00.000Z,199.53,199.535,198.135,198.135,6479931
2025-11-05T20:45:00.000Z,198.14,198.47,194.65,195.15,24063843
2025-11-06T14:30:00.000Z,196.42,197.62,195.04,195.18,14113391
2025-11-06T14:45:00.000Z,195.17,196.425,193.165,193.6159,11693321
2025-11-06T15:00:00.000Z,193.61,193.68,192.01,192.58,10681534
2025-11-06T15:15:00.000Z,192.6,193.75,192.24,193.065,6522357
2025-11-06T15:30:00.000Z,193.0782,193.31,190.32,190.47,11382990
2025-11-06T15:45:00.000Z,190.47,191.49,189,190.36,11579491
2025-11-06T16:00:00.000Z,190.36,191.44,189.97,191.025,6713352
2025-11-06T16:15:00.000Z,191.025,191.19,189.88,190.7,6202157
2025-11-06T16:30:00.000Z,190.685,190.75,187.94,188.28,10162319
2025-11-06T16:45:00.000Z,188.281,189.3,188.16,189.01,7648794
2025-11-06T17:00:00.000Z,189.02,189.76,188.29,188.305,6611313
2025-11-06T17:15:00.000Z,188.305,188.61,186.38,186.82,8868061
2025-11-06T17:30:00.000Z,186.81,188.01,186.57,187.93,6558080
2025-11-06T17:45:00.000Z,187.92,189.685,187.89,189.1701,7413854
2025-11-06T18:00:00.000Z,189.17,189.575,187.85,188.38,5346780
2025-11-06T18:15:00.000Z,188.35,189.4779,187.9201,189.21,5085059
2025-11-06T18:30:00.000Z,189.2,189.97,189.19,189.42,4540377
2025-11-06T18:45:00.000Z,189.43,189.5418,188.3352,188.758,4343525
2025-11-06T19:00:00.000Z,188.76,189.8,188.5,189.57,4470675
2025-11-06T19:15:00.000Z,189.58,190.6,188.61,190.5,5969130
2025-11-06T19:30:00.000Z,190.49,190.69,189.56,190.21,4795328
2025-11-06T19:45:00.000Z,190.21,190.5695,189.285,190.39,4432557
2025-11-06T20:00:00.000Z,190.37,190.5094,189.61,189.84,3635549
2025-11-06T20:15:00.000Z,189.86,190.485,189.3336,189.82,3754674
2025-11-06T20:30:00.000Z,189.815,189.98,188.08,188.3,6650342
2025-11-06T20:45:00.000Z,188.31,188.58,187.07,188.17,14962910
2025-11-07T14:30:00.000Z,184.9,185.7,182.09,183.2,22423023
2025-11-07T14:45:00.000Z,183.21,184.18,182.59,183.11,11963298
2025-11-07T15:00:00.000Z,183.085,183.61,181.76,183.08,11025568
2025-11-07T15:15:00.000Z,183.09,183.69,182.21,182.428,8550342
2025-11-07T15:30:00.000Z,182.4347,182.82,181.04,181.25,10657749
2025-11-07T15:45:00.000Z,181.26,181.64,180.49,180.5003,9941321
2025-11-07T16:00:00.000Z,180.51,180.985,178.91,179.38,15634440
2025-11-07T16:15:00.000Z,179.38,180.895,179.1601,180.1122,10509879
2025-11-07T16:30:00.000Z,180.1,180.9618,179.7,180.735,6839765
2025-11-07T16:45:00.000Z,180.74,180.8,179.84,180.26,5661772
2025-11-07T17:00:00.000Z,180.25,181.43,179.98,181.3091,6573232
2025-11-07T17:15:00.000Z,181.293,182.615,181.215,182.06,7582251
2025-11-07T17:30:00.000Z,182.05,182.95,181.86,182.435,6140691
2025-11-07T17:45:00.000Z,182.441,182.89,181.51,182.875,5534962
2025-11-07T18:00:00.000Z,182.885,183.77,182.5701,183.72,7965552
2025-11-07T18:15:00.000Z,183.7299,184.5,183.25,184.44,6577722
2025-11-07T18:30:00.000Z,184.44,185.1599,184.15,184.6399,6912097
2025-11-07T18:45:00.000Z,184.635,184.83,183.6702,184.48,6213007
2025-11-07T19:00:00.000Z,184.47,185.34,184.15,185.09,6852827
2025-11-07T19:15:00.000Z,185.09,185.48,184.71,184.985,5754999
2025-11-07T19:30:00.000Z,184.99,186.86,184.94,186.5904,11017453
2025-11-07T19:45:00.000Z,186.6,187.15,186.16,187.1,6861704
2025-11-07T20:00:00.000Z,187.08,187.47,186.63,187.3212,6399408
2025-11-07T20:15:00.000Z,187.3399,187.45,185.64,186.135,7591861
2025-11-07T20:30:00.000Z,186.135,187.46,186.13,187.39,6757981
2025-11-07T20:45:00.000Z,187.39,188.32,186.445,188.26,12689713
2025-11-10T14:30:00.000Z,195.11,195.435,194.07,194.875,18583484
2025-11-10T14:45:00.000Z,194.87,195.61,193.92,195.025,10309718
2025-11-10T15:00:00.000Z,195.015,195.74,194.75,195.48,7611409
2025-11-10T15:15:00.000Z,195.49,197.05,195.37,196.62,9643281
2025-11-10T15:30:00.000Z,196.62,197.67,196.16,196.205,9226292
2025-11-10T15:45:00.000Z,196.2007,196.43,194.495,194.61,8210633
2025-11-10T16:00:00.000Z,194.62,195.29,194.21,194.5699,7810718
2025-11-10T16:15:00.000Z,194.57,195.08,194.03,194.1218,5044750
2025-11-10T16:30:00.000Z,194.12,194.73,193.79,194.095,5404868
2025-11-10T16:45:00.000Z,194.085,195.16,193.85,195.055,4476130
2025-11-10T17:00:00.000Z,195.05,196.0799,194.94,195.34,5231168
2025-11-10T17:15:00.000Z,195.34,196.12,195.2,195.8656,3136302
2025-11-10T17:30:00.000Z,195.885,196.565,195.8601,196.28,3363436
2025-11-10T17:45:00.000Z,196.29,196.91,196.16,196.59,3316126
2025-11-10T18:00:00.000Z,196.58,197.23,196.58,197.1801,3657336
2025-11-10T18:15:00.000Z,197.17,197.269,196.63,196.7118,3228585
2025-11-10T18:30:00.000Z,196.725,197.49,196.725,197.4701,3223482
2025-11-10T18:45:00.000Z,197.48,197.88,196.96,196.9812,5061599
2025-11-10T19:00:00.000Z,196.98,197.77,196.585,197.6737,4825131
2025-11-10T19:15:00.000Z,197.673,198.08,197.32,197.92,3704488
2025-11-10T19:30:00.000Z,197.92,198.29,197.685,197.7718,4114701
2025-11-10T19:45:00.000Z,197.7799,198.33,197.75,198.195,3856647
2025-11-10T20:00:00.000Z,198.195,198.76,197.96,198.5842,5661616
2025-11-10T20:15:00.000Z,198.585,198.92,198.28,198.75,5178115
2025-11-10T20:30:00.000Z,198.735,199.65,198.63,199.605,8075438
2025-11-10T20:45:00.000Z,199.6,199.94,198.6,199.03,13445121
2025-11-11T14:30:00.000Z,195.155,195.42,193.7,193.905,15668757
2025-11-11T14:45:00.000Z,193.87,194.4,192.561,193.55,12947368
2025-11-11T15:00:00.000Z,193.56,193.87,192.2714,193.16,8244921
2025-11-11T15:15:00.000Z,193.1525,193.33,192.09,192.53,6946034
2025-11-11T15:30:00.000Z,192.54,193.0199,191.78,192.925,8578183
2025-11-11T15:45:00.000Z,192.92,192.975,191.56,192.2851,6453267
2025-11-11T16:00:00.000Z,192.29,192.89,192.05,192.3801,4793738
2025-11-11T16:15:00.000Z,192.4,193.2899,192.29,192.375,5293831
2025-11-11T16:30:00.000Z,192.38,192.49,191.92,192.14,4543975
2025-11-11T16:45:00.000Z,192.13,192.3,191.3,191.4533,4950249
2025-11-11T17:00:00.000Z,191.4551,192.94,191.4307,192.8,5474011
2025-11-11T17:15:00.000Z,192.795,193.22,192.14,192.42,5403831
2025-11-11T17:30:00.000Z,192.415,192.915,192.275,192.7498,3374989
2025-11-11T17:45:00.000Z,192.7499,193.8,192.555,193.38,4749939
2025-11-11T18:00:00.000Z,193.375,193.69,193.19,193.4459,3729839
2025-11-11T18:15:00.000Z,193.4451,193.97,193.08,193.66,4959398
2025-11-11T18:30:00.000Z,193.66,194.125,193.135,194.1099,4721668
2025-11-11T18:45:00.000Z,194.11,194.63,194.03,194.46,4559826
2025-11-11T19:00:00.000Z,194.46,194.46,193.805,194.03,3943888
2025-11-11T19:15:00.000Z,194.03,194.2,193.6342,193.9751,3295871
2025-11-11T19:30:00.000Z,193.9798,194.2,193.6801,193.715,3239609
2025-11-11T19:45:00.000Z,193.7146,194.12,193.56,193.875,3209233
2025-11-11T20:00:00.000Z,193.875,194.31,193.76,194.095,2911401
2025-11-11T20:15:00.000Z,194.095,194.34,193.79,194.105,3166870
2025-11-11T20:30:00.000Z,194.105,194.3,193.76,194.005,3670773
2025-11-11T20:45:00.000Z,194.01,194.08,192.7,193.24,11521116
2025-11-12T14:30:00.000Z,195.72,195.89,192.76,192.96,12354855
2025-11-12T14:45:00.000Z,192.97,193.2858,191.5901,192.71,10085156
2025-11-12T15:00:00.000Z,192.715,193.98,192.03,192.19,10045505
2025-11-12T15:15:00.000Z,192.22,192.74,191.64,192.69,7308044
2025-11-12T15:30:00.000Z,192.69,192.98,191.74,192.54,6197259
2025-11-12T15:45:00.000Z,192.56,192.88,191.82,192.43,5697539
2025-11-12T16:00:00.000Z,192.44,192.88,191.45,191.92,5871060
2025-11-12T16:15:00.000Z,191.91,193.1471,191.91,193.085,4622550
2025-11-12T16:30:00.000Z,193.08,193.56,192.6,192.645,5133180
2025-11-12T16:45:00.000Z,192.66,192.85,191.66,192.045,5290391
2025-11-12T17:00:00.000Z,192.045,192.6,191.83,192.22,3300994
2025-11-12T17:15:00.000Z,192.205,192.37,191.7,192.05,4604603
2025-11-12T17:30:00.000Z,192.04,193.115,192.02,192.575,4343502
2025-11-12T17:45:00.000Z,192.6,192.6223,191.76,192.51,4148269
2025-11-12T18:00:00.000Z,192.54,192.85,192.24,192.5701,2947611
2025-11-12T18:15:00.000Z,192.58,192.96,192.4,192.63,4055217
2025-11-12T18:30:00.000Z,192.62,193.2659,192.505,192.865,3954475
2025-11-12T18:45:00.000Z,192.88,192.895,192.23,192.36,3115709
2025-11-12T19:00:00.000Z,192.35,192.64,192.12,192.27,2613384
2025-11-12T19:15:00.000Z,192.26,192.52,192.02,192.1299,2483730
2025-11-12T19:30:00.000Z,192.13,192.42,191.77,192.18,3018566
2025-11-12T19:45:00.000Z,192.185,192.48,191.83,192.025,2663438
2025-11-12T20:00:00.000Z,192.025,192.065,191.13,191.57,4818569
2025-11-12T20:15:00.000Z,191.56,192.465,191.36,192.4,4040409
2025-11-12T20:30:00.000Z,192.405,192.9599,192.3207,192.76,4315601
2025-11-12T20:45:00.000Z,192.77,193.98,192.54,193.85,9207814
2025-11-13T14:30:00.000Z,191.05,191.44,186.95,187.08,16535074
2025-11-13T14:45:00.000Z,187.09,188.98,187.09,188.2199,10799479
2025-11-13T15:00:00.000Z,188.23,189.8,187.545,189.6499,9486052
2025-11-13T15:15:00.000Z,189.64,189.915,187.92,188.0961,7774033
2025-11-13T15:30:00.000Z,188.1,188.14,186.95,187.2,7342220
2025-11-13T15:45:00.000Z,187.19,187.24,185.79,186.598,9804855
2025-11-13T16:00:00.000Z,186.59,187.0225,185.475,186.2,7960262
2025-11-13T16:15:00.000Z,186.19,186.47,185.38,186.29,7068811
2025-11-13T16:30:00.000Z,186.295,186.59,185.4,185.825,6024503
2025-11-13T16:45:00.000Z,185.82,186.486,185.35,185.68,5637980
2025-11-13T17:00:00.000Z,185.65,186.4051,185.61,185.855,4948416
2025-11-13T17:15:00.000Z,185.86,187.17,185.855,186.9299,5164908
2025-11-13T17:30:00.000Z,186.92,187.23,186.44,186.5398,4447316
2025-11-13T17:45:00.000Z,186.515,186.561,185.55,185.6509,4513121
2025-11-13T18:00:00.000Z,185.65,186.1355,185.43,185.96,3828068
2025-11-13T18:15:00.000Z,185.96,186.11,184.565,184.865,6259427
2025-11-13T18:30:00.000Z,184.86,185.09,183.85,184.52,6603002
2025-11-13T18:45:00.000Z,184.505,184.83,184.11,184.76,5329498
2025-11-13T19:00:00.000Z,184.76,184.94,183.96,184.345,5250708
2025-11-13T19:15:00.000Z,184.35,186.045,184.17,186.01,6317663
2025-11-13T19:30:00.000Z,186,186.4867,185.53,186.13,6424202
2025-11-13T19:45:00.000Z,186.12,186.32,185.01,185.63,4640401
2025-11-13T20:00:00.000Z,185.64,185.99,185.17,185.83,4322358
2025-11-13T20:15:00.000Z,185.8165,186.02,185.21,185.95,5036835
2025-11-13T20:30:00.000Z,185.96,187.02,185.9299,186.83,7186439
2025-11-13T20:45:00.000Z,186.84,187.2,185.72,186.9637,11650977
2025-11-14T14:30:00.000Z,182.86,186.15,180.58,186.08,20365222
2025-11-14T14:45:00.000Z,186.07,187.82,185.67,186.97,15773654
2025-11-14T15:00:00.000Z,186.96,187.53,185.47,186.0553,9000174
2025-11-14T15:15:00.000Z,186.0142,187.45,185.5,186.9644,7391074
2025-11-14T15:30:00.000Z,186.965,188.2999,186.85,188.1446,7006522
2025-11-14T15:45:00.000Z,188.12,189.5269,187.75,188.58,8239381
2025-11-14T16:00:00.000Z,188.58,188.7489,187.55,188.26,4678412
2025-11-14T16:15:00.000Z,188.27,190.57,188.27,189.9798,7223492
2025-11-14T16:30:00.000Z,189.97,190.6818,189.61,189.6458,5771261
2025-11-14T16:45:00.000Z,189.65,190.4294,189.34,190.01,4617440
2025-11-14T17:00:00.000Z,190,190.4,189.58,190.14,3711165
2025-11-14T17:15:00.000Z,190.13,190.18,189.7,190.035,3076892
2025-11-14T17:30:00.000Z,190.025,190.28,189.6,189.75,3152085
2025-11-14T17:45:00.000Z,189.745,190.005,188.84,189.42,5243806
2025-11-14T18:00:00.000Z,189.41,189.82,188.63,189.6001,4146673
2025-11-14T18:15:00.000Z,189.62,189.68,188.72,189.2,3282007
2025-11-14T18:30:00.000Z,189.19,189.585,188.4,188.55,3506901
2025-11-14T18:45:00.000Z,188.55,189.81,188.41,189.49,3882020
2025-11-14T19:00:00.000Z,189.48,189.5697,188.57,189.1745,3886331
2025-11-14T19:15:00.000Z,189.17,190.02,189.14,189.96,3592742
2025-11-14T19:30:00.000Z,189.98,190.315,189.83,190.1878,3475387
2025-11-14T19:45:00.000Z,190.21,191.01,190.17,190.73,4991806
2025-11-14T20:00:00.000Z,190.73,190.95,190,190.265,3672457
2025-11-14T20:15:00.000Z,190.265,190.39,189.75,190.1,3827741
2025-11-14T20:30:00.000Z,190.1,190.46,189.5,189.67,4465825
2025-11-14T20:45:00.000Z,189.67,190.325,189.36,190.28,9510250
2025-11-17T14:30:00.000Z,185.965,188.32,184.92,187.43,15969470
2025-11-17T14:45:00.000Z,187.43,189,187.39,188.0922,8173835
2025-11-17T15:00:00.000Z,188.085,188.4782,186.4,187.2401,8217122
2025-11-17T15:15:00.000Z,187.27,187.72,186.15,187.55,6272731
2025-11-17T15:30:00.000Z,187.55,187.83,186.61,187.81,4742185
2025-11-17T15:45:00.000Z,187.81,187.89,186.92,187.22,4412591
2025-11-17T16:00:00.000Z,187.23,187.44,186.025,186.37,5954229
2025-11-17T16:15:00.000Z,186.36,187.22,185.74,187.2,5784957
2025-11-17T16:30:00.000Z,187.2,188.11,186.5,187.73,5463871
2025-11-17T16:45:00.000Z,187.75,188.3,187.3399,188.21,5138534
2025-11-17T17:00:00.000Z,188.21,188.24,187.51,187.73,3578600
2025-11-17T17:15:00.000Z,187.73,187.735,187.06,187.58,3787854
2025-11-17T17:30:00.000Z,187.59,187.92,187.14,187.22,2821088
2025-11-17T17:45:00.000Z,187.23,187.47,186.51,186.55,3830707
2025-11-17T18:00:00.000Z,186.57,186.88,186.26,186.7699,3561356
2025-11-17T18:15:00.000Z,186.77,187.34,186.47,186.73,3784243
2025-11-17T18:30:00.000Z,186.73,187.0702,186.55,187.03,2382518
2025-11-17T18:45:00.000Z,187.03,187.55,185.58,185.825,4535917
2025-11-17T19:00:00.000Z,185.81,185.97,185.14,185.51,4631518
2025-11-17T19:15:00.000Z,185.54,185.63,184.88,185.33,5035966
2025-11-17T19:30:00.000Z,185.33,185.64,184.4201,185.005,4637894
2025-11-17T19:45:00.000Z,184.99,185.35,184.6001,184.71,3592389
2025-11-17T20:00:00.000Z,184.7,185.16,184.32,184.57,5079618
2025-11-17T20:15:00.000Z,184.58,185.17,184.45,184.935,4970399
2025-11-17T20:30:00.000Z,184.94,185.29,184.54,185.14,4920406
2025-11-17T20:45:00.000Z,185.14,186.8,185.09,186.59,11326672
2025-11-18T14:30:00.000Z,183.375,184.27,181.9301,182.0195,16929752
2025-11-18T14:45:00.000Z,182.015,182.9318,180.13,180.425,15188913
2025-11-18T15:00:00.000Z,180.39,181.29,179.65,180.97,16529299
2025-11-18T15:15:00.000Z,180.95,182.67,180.35,181.85,11391437
2025-11-18T15:30:00.000Z,181.86,182.34,180.78,181.16,7876092
2025-11-18T15:45:00.000Z,181.14,181.81,180.64,181.1,6016903
2025-11-18T16:00:00.000Z,181.1,182.36,180.1701,181.98,8145469
2025-11-18T16:15:00.000Z,181.98,183.08,181.3,182.89,7559311
2025-11-18T16:30:00.000Z,182.9,183.635,182.67,183.28,7332330
2025-11-18T16:45:00.000Z,183.27,183.52,182.72,183.1201,5597676
2025-11-18T17:00:00.000Z,183.12,183.71,182.31,182.315,4733573
2025-11-18T17:15:00.000Z,182.32,182.805,181.4345,181.58,5084765
2025-11-18T17:30:00.000Z,181.57,184.08,181.4,183.968,5884189
2025-11-18T17:45:00.000Z,183.97,184.8,183.48,184.295,5431400
2025-11-18T18:00:00.000Z,184.3,184.46,183.647,183.785,4106611
2025-11-18T18:15:00.000Z,183.79,184.12,183.45,183.62,3963385
2025-11-18T18:30:00.000Z,183.63,184.48,183.47,183.78,4344099
2025-11-18T18:45:00.000Z,183.8,184.5,183.13,183.48,3946967
2025-11-18T19:00:00.000Z,183.47,184.35,183.3235,184.215,3883625
2025-11-18T19:15:00.000Z,184.21,184.29,183.22,183.45,3484087
2025-11-18T19:30:00.000Z,183.4699,184.65,183.015,183.82,5269076
2025-11-18T19:45:00.000Z,183.82,184.395,183.4001,184.005,3658813
2025-11-18T20:00:00.000Z,184.01,184.22,183.07,183.271,3668446
2025-11-18T20:15:00.000Z,183.265,183.75,182.4,182.91,4569716
2025-11-18T20:30:00.000Z,182.9,183.1,182.19,182.375,5379007
2025-11-18T20:45:00.000Z,182.37,182.8,181.06,181.37,14142342
2025-11-19T14:30:00.000Z,184.79,185.9899,183.28,185.73,17511635
2025-11-19T14:45:00.000Z,185.73,187.6951,185.32,187.58,11842146
2025-11-19T15:00:00.000Z,187.6,187.6417,186.42,187.09,8277671
2025-11-19T15:15:00.000Z,187.09,187.81,186.9701,187.63,7437515
2025-11-19T15:30:00.000Z,187.6359,187.855,186.81,187.27,6244586
2025-11-19T15:45:00.000Z,187.28,187.28,185.5,185.86,7235804
2025-11-19T16:00:00.000Z,185.87,186.4748,185.46,185.705,6486453
2025-11-19T16:15:00.000Z,185.7,186.38,184.87,185.39,7285462
2025-11-19T16:30:00.000Z,185.38,185.46,184.67,185.18,5216066
2025-11-19T16:45:00.000Z,185.17,185.49,184.5989,185.145,4680868
2025-11-19T17:00:00.000Z,185.14,185.21,183.97,184.18,5648383
2025-11-19T17:15:00.000Z,184.19,184.69,183.89,184.39,4635476
2025-11-19T17:30:00.000Z,184.3849,184.54,182.8301,184.085,6691416
2025-11-19T17:45:00.000Z,184.0712,184.8998,183.5679,184.81,4949878
2025-11-19T18:00:00.000Z,184.8,185.6,184.4601,185.2251,5550533
2025-11-19T18:15:00.000Z,185.24,185.3551,184.21,184.26,4566164
2025-11-19T18:30:00.000Z,184.25,185.9,184.12,184.945,5235973
2025-11-19T18:45:00.000Z,184.94,185.59,184.53,185.425,3877823
2025-11-19T19:00:00.000Z,185.42,185.54,184.56,185.323,4465454
2025-11-19T19:15:00.000Z,185.31,185.425,184.4342,184.63,3864677
2025-11-19T19:30:00.000Z,184.63,185.03,184.36,185.01,4378020
2025-11-19T19:45:00.000Z,185.01,186.105,184.83,185.4323,5722678
2025-11-19T20:00:00.000Z,185.41,186.12,185.37,186.0358,4629181
2025-11-19T20:15:00.000Z,186.04,187.06,185.98,186.705,7318144
2025-11-19T20:30:00.000Z,186.715,187.3459,186.35,186.765,7638854
2025-11-19T20:45:00.000Z,186.77,187.2,185.75,186.775,13837814
2025-11-20T14:30:00.000Z,195.95,196,192.29,194.22,34924228
2025-11-20T14:45:00.000Z,194.21,195.95,192.83,195.29,17880657
2025-11-20T15:00:00.000Z,195.29,195.59,192.95,193.24,13080208
2025-11-20T15:15:00.000Z,193.24,194.39,192.79,193.92,10044708
2025-11-20T15:30:00.000Z,193.92,194.65,193.5,193.8094,8019302
2025-11-20T15:45:00.000Z,193.8395,193.96,192.01,192.3572,10474372
2025-11-20T16:00:00.000Z,192.36,192.38,189.75,189.83,13674019
2025-11-20T16:15:00.000Z,189.845,190.38,188.49,189.75,14738416
2025-11-20T16:30:00.000Z,189.7301,189.9499,186.66,187.1,14358738
2025-11-20T16:45:00.000Z,187.1,188.3395,184.41,185.2635,17427654
2025-11-20T17:00:00.000Z,185.24,186.842,183.38,184.135,14865934
2025-11-20T17:15:00.000Z,184.12,184.45,182.35,183.6852,13772335
2025-11-20T17:30:00.000Z,183.6853,184.41,181.72,183.01,10985939
2025-11-20T17:45:00.000Z,183,184.16,182.01,183.7002,8920581
2025-11-20T18:00:00.000Z,183.71,185.89,183.284,185.7,10396935
2025-11-20T18:15:00.000Z,185.73,185.82,184.16,184.52,7583678
2025-11-20T18:30:00.000Z,184.5,184.87,182.72,182.95,7211294
2025-11-20T18:45:00.000Z,182.945,183.1,181.5,182.2,7543617
2025-11-20T19:00:00.000Z,182.18,182.5,180.94,181.73,8454907
2025-11-20T19:15:00.000Z,181.73,183.4,181.4,182.72,6822567
2025-11-20T19:30:00.000Z,182.71,182.715,181.37,182.4799,6668566
2025-11-20T19:45:00.000Z,182.47,183.75,181.91,183.6104,6431583
2025-11-20T20:00:00.000Z,183.615,183.69,182.01,182.51,6483453
2025-11-20T20:15:00.000Z,182.51,182.89,181.69,182.38,6287808
2025-11-20T20:30:00.000Z,182.385,182.53,180.55,180.91,9435057
2025-11-20T20:45:00.000Z,180.905,182.99,179.85,180.91,17937276
2025-11-21T14:30:00.000Z,181.235,182.3,176.72,178.3,32692445
2025-11-21T14:45:00.000Z,178.33,180.7,177.17,178.585,14901189
2025-11-21T15:00:00.000Z,178.65,179.86,177.28,177.73,13449418
2025-11-21T15:15:00.000Z,177.73,178.29,175.48,175.79,16482955
2025-11-21T15:30:00.000Z,175.81,176.35,172.93,175.145,26160029
2025-11-21T15:45:00.000Z,175.16,175.91,174.03,175.26,13305817
2025-11-21T16:00:00.000Z,175.24,177.298,174.66,177.0313,12452771
2025-11-21T16:15:00.000Z,177.0529,178.94,176.08,178.86,11408929
2025-11-21T16:30:00.000Z,178.8547,180.32,178.8,179.665,12821097
2025-11-21T16:45:00.000Z,179.66,181.3,179.09,181.12,10318814
2025-11-21T17:00:00.000Z,181.12,181.41,179.8245,180.33,8869153
2025-11-21T17:15:00.000Z,180.3201,181.35,179.705,181.07,9356099
2025-11-21T17:30:00.000Z,181.08,181.955,180.83,181.43,6954371
2025-11-21T17:45:00.000Z,181.43,181.69,180.62,180.78,5415025
2025-11-21T18:00:00.000Z,180.76,180.91,179.07,179.115,6978406
2025-11-21T18:15:00.000Z,179.115,179.675,178.61,179.3499,6243407
2025-11-21T18:30:00.000Z,179.33,180.7335,179.13,180.7335,5285945
2025-11-21T18:45:00.000Z,180.735,184.29,180.405,182.88,17185620
2025-11-21T19:00:00.000Z,182.89,184.07,182.51,182.8799,10147932
2025-11-21T19:15:00.000Z,182.86,184.56,182.42,184.19,8846103
2025-11-21T19:30:00.000Z,184.1935,184.455,182.23,182.38,9324928
2025-11-21T19:45:00.000Z,182.4,182.43,180.73,181.2,7655687
2025-11-21T20:00:00.000Z,181.19,181.69,180.74,181.47,6434743
2025-11-21T20:15:00.000Z,181.46,181.99,180.35,180.39,7227965
2025-11-21T20:30:00.000Z,180.38,180.91,179.71,179.91,9110227
2025-11-21T20:45:00.000Z,179.92,180.34,178.06,178.94,14699654
2025-11-24T14:30:00.000Z,179.49,180.87,177.95,178.27,19815292
2025-11-24T14:45:00.000Z,178.26,178.7702,176.48,178.1075,13860477
2025-11-24T15:00:00.000Z,178.04,180,177.64,178.49,12520521
2025-11-24T15:15:00.000Z,178.5,179.169,177.7,178,8104023
2025-11-24T15:30:00.000Z,178.01,179.45,177.68,179.33,6977429
2025-11-24T15:45:00.000Z,179.34,179.65,178.415,178.65,6521550
2025-11-24T16:00:00.000Z,178.66,181.55,178.605,181.487,10118033
2025-11-24T16:15:00.000Z,181.49,182.32,180.995,182.09,9495572
2025-11-24T16:30:00.000Z,182.06,182.83,181.61,182.73,7076492
2025-11-24T16:45:00.000Z,182.73,183.13,182.0601,182.15,6314601
2025-11-24T17:00:00.000Z,182.17,182.45,181.98,182.1761,4696935
2025-11-24T17:15:00.000Z,182.17,182.74,181.98,182.47,4738158
2025-11-24T17:30:00.000Z,182.465,183.37,182.43,183.095,5476771
2025-11-24T17:45:00.000Z,183.1,183.33,182.39,182.465,3799999
2025-11-24T18:00:00.000Z,182.46,182.85,182.39,182.6701,3273193
2025-11-24T18:15:00.000Z,182.67,182.7434,181.835,182.1,3834720
2025-11-24T18:30:00.000Z,182.095,182.47,181.395,181.64,4406201
2025-11-24T18:45:00.000Z,181.62,182.31,181.28,182.1099,4319877
2025-11-24T19:00:00.000Z,182.08,182.56,182,182.1107,4003222
2025-11-24T19:15:00.000Z,182.115,182.305,181.77,181.87,3482816
2025-11-24T19:30:00.000Z,181.8762,181.94,181.249,181.54,4326560
2025-11-24T19:45:00.000Z,181.53,181.73,181.084,181.53,4040648
2025-11-24T20:00:00.000Z,181.54,182.16,181.5283,181.99,4836941
2025-11-24T20:15:00.000Z,181.995,182.48,181.57,181.67,4667934
2025-11-24T20:30:00.000Z,181.66,181.71,181.21,181.445,5191058
2025-11-24T20:45:00.000Z,181.44,183.5,181.24,182.55,17596822
2025-11-25T14:30:00.000Z,174.91,175,171.39,171.655,34670628
2025-11-25T14:45:00.000Z,171.65,173.0999,170.4,172.32,24980587
2025-11-25T15:00:00.000Z,172.33,172.3999,169.55,170.7891,22868499
2025-11-25T15:15:00.000Z,170.79,171.61,169.95,171.075,13843480
2025-11-25T15:30:00.000Z,171.07,172.42,171.0282,172.415,13159566
2025-11-25T15:45:00.000Z,172.43,173.08,171.85,172.5699,12421490
2025-11-25T16:00:00.000Z,172.56,172.995,171.95,172.58,8704113
2025-11-25T16:15:00.000Z,172.5751,174.88,172.42,174.7238,12137747
2025-11-25T16:30:00.000Z,174.72,175.29,174.26,175.055,9940783
2025-11-25T16:45:00.000Z,175.0565,175.22,174.1301,174.71,7468988
2025-11-25T17:00:00.000Z,174.7,175.09,174.49,174.6399,5566594
2025-11-25T17:15:00.000Z,174.64,175.99,174.38,175.535,7278271
2025-11-25T17:30:00.000Z,175.53,176.48,175.495,176.04,6689175
2025-11-25T17:45:00.000Z,176.032,176.23,175.07,175.23,5255104
2025-11-25T18:00:00.000Z,175.23,176.1199,175.2,175.875,5522403
2025-11-25T18:15:00.000Z,175.8633,176.232,175.7,176.205,4051797
2025-11-25T18:30:00.000Z,176.205,176.43,175.87,176.365,5341448
2025-11-25T18:45:00.000Z,176.365,176.84,176.02,176.05,5294041
2025-11-25T19:00:00.000Z,176.05,176.2799,175.03,175.085,5936465
2025-11-25T19:15:00.000Z,175.085,175.16,174.34,174.775,6622716
2025-11-25T19:30:00.000Z,174.78,174.87,173.62,174.29,7565308
2025-11-25T19:45:00.000Z,174.28,175.18,174.07,175.1741,6117002
2025-11-25T20:00:00.000Z,175.18,176.695,175.17,176.165,9070150
2025-11-25T20:15:00.000Z,176.16,176.97,175.985,176.8417,7385320
2025-11-25T20:30:00.000Z,176.845,177.61,176.71,177.335,9405835
2025-11-25T20:45:00.000Z,177.34,178.16,177.2,177.79,13554670
2025-11-26T14:30:00.000Z,181.63,182.91,180.52,181.39,21454335
2025-11-26T14:45:00.000Z,181.38,181.95,178.41,178.73,12286014
2025-11-26T15:00:00.000Z,178.7,180.38,178.24,179.56,10833593
2025-11-26T15:15:00.000Z,179.5645,180.17,179.11,179.585,7351798
2025-11-26T15:30:00.000Z,179.585,180.64,179.585,180.32,6080875
2025-11-26T15:45:00.000Z,180.31,180.76,179.736,180.6601,5230693
2025-11-26T16:00:00.000Z,180.665,181.02,179.97,180.0582,5712785
2025-11-26T16:15:00.000Z,180.06,181.11,180.0101,180.91,4701238
2025-11-26T16:30:00.000Z,180.92,181.73,180.79,181.44,5068868
2025-11-26T16:45:00.000Z,181.45,181.5199,180.74,180.8688,4476899
2025-11-26T17:00:00.000Z,180.87,180.97,180.125,180.42,5025801
2025-11-26T17:15:00.000Z,180.42,180.9199,180.2301,180.78,3549498
2025-11-26T17:30:00.000Z,180.7803,181.455,180.61,181.3701,4284196
2025-11-26T17:45:00.000Z,181.36,181.5,180.92,181.01,3477582
2025-11-26T18:00:00.000Z,181.01,181.23,180.39,180.82,3687194
2025-11-26T18:15:00.000Z,180.82,180.96,180.45,180.81,3397041
2025-11-26T18:30:00.000Z,180.81,180.845,179.7937,179.8558,4645879
2025-11-26T18:45:00.000Z,179.86,180.52,179.85,180.4701,3389769
2025-11-26T19:00:00.000Z,180.4803,180.78,180.01,180.41,3393967
2025-11-26T19:15:00.000Z,180.41,180.65,180.29,180.55,2262867
2025-11-26T19:30:00.000Z,180.55,181,180,180.34,4910712
2025-11-26T19:45:00.000Z,180.335,180.49,179.93,180.2255,3078849
2025-11-26T20:00:00.000Z,180.23,180.68,180.11,180.645,3704300
2025-11-26T20:15:00.000Z,180.635,180.6853,180.35,180.51,4105259
2025-11-26T20:30:00.000Z,180.505,180.75,180.125,180.225,3822652
2025-11-26T20:45:00.000Z,180.23,180.6,179.875,180.175,9077708
2025-11-28T14:30:00.000Z,179.01,179.29,176.97,177.945,14260402
2025-11-28T14:45:00.000Z,177.92,178.8625,177.82,177.985,8714634
2025-11-28T15:00:00.000Z,177.99,178.25,177.47,178.09,7195743
2025-11-28T15:15:00.000Z,178.0992,178.21,176.97,177.29,7753614
2025-11-28T15:30:00.000Z,177.24,177.87,176.93,177.4977,7188150
2025-11-28T15:45:00.000Z,177.495,178.08,177.45,177.97,6334202
2025-11-28T16:00:00.000Z,177.975,178.01,177.445,177.5518,4836776
2025-11-28T16:15:00.000Z,177.55,177.73,176.75,177.0814,8997711
2025-11-28T16:30:00.000Z,177.085,177.26,176.5314,176.985,6822864
2025-11-28T16:45:00.000Z,176.985,177.21,176.88,176.95,4195364
2025-11-28T17:00:00.000Z,176.94,177.31,176.682,177.07,4956923
2025-11-28T17:15:00.000Z,177.065,177.34,176.87,177.1342,3869808
2025-11-28T17:30:00.000Z,177.1335,177.26,176.72,176.75,4429024
2025-11-28T17:45:00.000Z,176.76,177.17,176.5,176.99,10069111
2025-11-28T18:00:00.000Z,177,177,176.93,176.98,10382336
2025-12-01T14:30:00.000Z,174.76,177.37,173.68,177.27,18857134
2025-12-01T14:45:00.000Z,177.28,178.69,177.2501,178.1465,12508838
2025-12-01T15:00:00.000Z,178.13,179.15,177.57,178.21,9474679
2025-12-01T15:15:00.000Z,178.215,179.07,178.07,178.86,7272360
2025-12-01T15:30:00.000Z,178.86,180.01,178.22,179.675,9481135
2025-12-01T15:45:00.000Z,179.67,179.81,179.24,179.415,5232952
2025-12-01T16:00:00.000Z,179.42,179.5199,178.66,178.69,5234214
2025-12-01T16:15:00.000Z,178.68,179.25,178.4,178.96,4923136
2025-12-01T16:30:00.000Z,178.94,179.3,178.83,179.2201,3975090
2025-12-01T16:45:00.000Z,179.23,179.85,179.1701,179.635,5208987
2025-12-01T17:00:00.000Z,179.6348,180.05,179.5901,179.855,5071850
2025-12-01T17:15:00.000Z,179.86,180.08,179.52,179.835,3758343
2025-12-01T17:30:00.000Z,179.835,180.08,179.65,180.0082,3411077
2025-12-01T17:45:00.000Z,180.0092,180.3,179.335,179.395,4267459
2025-12-01T18:00:00.000Z,179.4,179.6299,179.17,179.485,3949840
2025-12-01T18:15:00.000Z,179.49,179.6199,179.28,179.405,2831706
2025-12-01T18:30:00.000Z,179.41,179.84,179.38,179.575,2873119
2025-12-01T18:45:00.000Z,179.58,179.9854,179.54,179.93,2798804
2025-12-01T19:00:00.000Z,179.93,179.95,179.24,179.385,3724683
2025-12-01T19:15:00.000Z,179.38,179.49,178.86,179.09,3680102
2025-12-01T19:30:00.000Z,179.09,179.485,178.6249,179.1199,4539257
2025-12-01T19:45:00.000Z,179.11,179.23,178.86,178.91,3771438
2025-12-01T20:00:00.000Z,178.905,179.48,178.8,179.36,3360983
2025-12-01T20:15:00.000Z,179.35,179.4299,179.11,179.3799,3527716
2025-12-01T20:30:00.000Z,179.38,179.8455,179.22,179.7161,7049380
2025-12-01T20:45:00.000Z,179.715,180.02,179.27,179.93,9503658
2025-12-02T14:30:00.000Z,181.76,185.6,181.58,185.26,21921841
2025-12-02T14:45:00.000Z,185.27,185.66,184.22,184.75,11206578
2025-12-02T15:00:00.000Z,184.76,185.555,183.74,184.07,9660792
2025-12-02T15:15:00.000Z,184.0799,184.32,183.21,183.255,7766853
2025-12-02T15:30:00.000Z,183.24,184.12,182.9401,184.0701,7016950
2025-12-02T15:45:00.000Z,184.08,184.64,183.561,183.6833,5832440
2025-12-02T16:00:00.000Z,183.7,183.9,181.08,181.28,12144236
2025-12-02T16:15:00.000Z,181.28,181.6458,180.17,180.56,9884180
2025-12-02T16:30:00.000Z,180.55,181.3518,180,180.78,8196023
2025-12-02T16:45:00.000Z,180.75,181.67,180.71,181.3774,4608223
2025-12-02T17:00:00.000Z,181.37,181.88,181.29,181.68,4468032
2025-12-02T17:15:00.000Z,181.67,182.26,181.61,182.16,3915377
2025-12-02T17:30:00.000Z,182.16,182.38,181.82,182.2062,3512582
2025-12-02T17:45:00.000Z,182.205,182.335,181.17,181.174,3758697
2025-12-02T18:00:00.000Z,181.165,182.07,181.08,181.65,4077873
2025-12-02T18:15:00.000Z,181.65,182,181.48,181.715,3249391
2025-12-02T18:30:00.000Z,181.71,181.845,181.34,181.51,2692052
2025-12-02T18:45:00.000Z,181.5,181.53,181.03,181.205,3066556
2025-12-02T19:00:00.000Z,181.205,181.39,180.98,181.285,2829271
2025-12-02T19:15:00.000Z,181.28,181.35,180.75,181,2889453
2025-12-02T19:30:00.000Z,180.98,181.4,180.935,181.1297,3237033
2025-12-02T19:45:00.000Z,181.13,181.78,181.05,181.59,3355369
2025-12-02T20:00:00.000Z,181.595,181.77,181.29,181.55,2568271
2025-12-02T20:15:00.000Z,181.55,181.5799,181.35,181.43,2595459
2025-12-02T20:30:00.000Z,181.42,181.57,181,181.3182,3611254
2025-12-02T20:45:00.000Z,181.32,181.7,181.055,181.31,7185194
2025-12-03T14:30:00.000Z,181.08,181.12,179.1101,179.6888,13674383
2025-12-03T14:45:00.000Z,179.7,180.32,179.22,179.99,7876264
2025-12-03T15:00:00.000Z,180.02,180.99,179.85,180.4247,8856540
2025-12-03T15:15:00.000Z,180.4248,181.2192,180.29,180.33,5892770
2025-12-03T15:30:00.000Z,180.32,182.45,179.93,181.64,11039320
2025-12-03T15:45:00.000Z,181.655,181.6996,180.6703,180.9266,4135469
2025-12-03T16:00:00.000Z,180.93,181.4,180.2201,180.37,4286444
2025-12-03T16:15:00.000Z,180.3634,180.92,180.28,180.55,3701365
2025-12-03T16:30:00.000Z,180.55,181.22,180.4826,181.0344,3143121
2025-12-03T16:45:00.000Z,181.05,181.15,179.82,179.99,4010050
2025-12-03T17:00:00.000Z,180,180.471,179.9,180.42,3563812
2025-12-03T17:15:00.000Z,180.43,180.65,180.19,180.375,2665916
2025-12-03T17:30:00.000Z,180.37,180.445,180.0645,180.225,2415551
2025-12-03T17:45:00.000Z,180.22,180.74,180.17,180.6551,4829404
2025-12-03T18:00:00.000Z,180.6685,180.98,180.45,180.7201,3450036
2025-12-03T18:15:00.000Z,180.7202,180.8361,180.4205,180.65,1960117
2025-12-03T18:30:00.000Z,180.66,181.22,180.64,181.04,4238331
2025-12-03T18:45:00.000Z,181.045,181.08,180.4421,180.58,2603734
2025-12-03T19:00:00.000Z,180.57,181.28,180.5301,181.15,3340206
2025-12-03T19:15:00.000Z,181.1618,181.18,180.7,180.745,2402267
2025-12-03T19:30:00.000Z,180.7441,180.96,180.6601,180.885,2547785
2025-12-03T19:45:00.000Z,180.88,180.89,180.53,180.65,2685681
2025-12-03T20:00:00.000Z,180.645,180.86,180.26,180.355,5674717
2025-12-03T20:15:00.000Z,180.355,180.3699,179.91,180.02,4285726
2025-12-03T20:30:00.000Z,180.02,180.03,179.49,179.7399,5682937
2025-12-03T20:45:00.000Z,179.735,179.895,179.27,179.64,10699256
2025-12-04T14:30:00.000Z,181.62,183.11,179.96,181.875,17125351
2025-12-04T14:45:00.000Z,181.86,182.6865,180.6601,180.705,9426254
2025-12-04T15:00:00.000Z,180.71,181.22,180.08,180.425,7731310
2025-12-04T15:15:00.000Z,180.42,181.3,180.065,181.0801,6263915
2025-12-04T15:30:00.000Z,181.085,182.9,181.01,182.7201,8165039
2025-12-04T15:45:00.000Z,182.73,183.02,181.73,181.74,6900212
2025-12-04T16:00:00.000Z,181.73,182.06,181.15,181.945,4970990
2025-12-04T16:15:00.000Z,181.95,182.72,181.77,182.6351,5113150
2025-12-04T16:30:00.000Z,182.6326,183.34,182.495,182.97,5917979
2025-12-04T16:45:00.000Z,182.98,184.27,182.95,184.24,7346602
2025-12-04T17:00:00.000Z,184.22,184.515,183.27,183.91,6809826
2025-12-04T17:15:00.000Z,183.91,184.1282,183.5247,183.545,4664452
2025-12-04T17:30:00.000Z,183.54,184.075,183.34,184.051,3374708
2025-12-04T17:45:00.000Z,184.06,184.11,183.39,183.483,3029441
2025-12-04T18:00:00.000Z,183.48,183.5799,183.06,183.5,3250121
2025-12-04T18:15:00.000Z,183.51,183.675,183.26,183.615,2642863
2025-12-04T18:30:00.000Z,183.6,183.79,183.14,183.23,2618382
2025-12-04T18:45:00.000Z,183.2367,183.59,183.11,183.4599,2928108
2025-12-04T19:00:00.000Z,183.455,183.4856,182.8199,182.93,3064241
2025-12-04T19:15:00.000Z,182.935,182.95,182,182.315,4788437
2025-12-04T19:30:00.000Z,182.3101,183.2359,182.25,182.965,3414899
2025-12-04T19:45:00.000Z,182.97,183.22,182.2,182.85,4063478
2025-12-04T20:00:00.000Z,182.84,182.92,182.34,182.8041,2610795
2025-12-04T20:15:00.000Z,182.8,182.8,182.31,182.3235,2673381
2025-12-04T20:30:00.000Z,182.325,182.62,182.28,182.5901,2806537
2025-12-04T20:45:00.000Z,182.6,183.7,182.48,183.4,7698717
2025-12-05T14:30:00.000Z,183.89,184.66,180.91,181.24,15017404
2025-12-05T14:45:00.000Z,181.25,182.22,181.14,181.96,9030010
2025-12-05T15:00:00.000Z,181.95,183.27,181.57,183.1433,8235716
2025-12-05T15:15:00.000Z,183.14,183.3,182.33,182.7699,5762386
2025-12-05T15:30:00.000Z,182.76,183.345,182.515,182.66,5769881
2025-12-05T15:45:00.000Z,182.64,182.8448,181.6499,181.98,5792788
2025-12-05T16:00:00.000Z,181.97,182.33,181.66,181.695,4402099
2025-12-05T16:15:00.000Z,181.68,182.48,181.51,182.06,4651204
2025-12-05T16:30:00.000Z,182.07,182.09,181.495,181.96,4244743
2025-12-05T16:45:00.000Z,181.95,182.51,181.81,182.0964,3571802
2025-12-05T17:00:00.000Z,182.08,182.29,181.84,182,2991958
2025-12-05T17:15:00.000Z,181.995,182.15,181.76,181.7798,2528188
2025-12-05T17:30:00.000Z,181.78,181.9,181.51,181.83,2698994
2025-12-05T17:45:00.000Z,181.825,182.34,181.77,182.25,3170968
2025-12-05T18:00:00.000Z,182.24,182.37,181.99,182.035,2710693
2025-12-05T18:15:00.000Z,182.04,182.3367,181.85,182.24,2478019
2025-12-05T18:30:00.000Z,182.23,182.49,182,182.06,3047412
2025-12-05T18:45:00.000Z,182.06,182.12,181.67,181.85,2674996
2025-12-05T19:00:00.000Z,181.87,181.9098,181.58,181.7695,2742391
2025-12-05T19:15:00.000Z,181.765,181.81,181.15,181.4551,4202502
2025-12-05T19:30:00.000Z,181.47,181.63,181.32,181.49,1936269
2025-12-05T19:45:00.000Z,181.49,181.92,181.395,181.855,2443963
2025-12-05T20:00:00.000Z,181.86,181.96,181.69,181.875,2411745
2025-12-05T20:15:00.000Z,181.87,182.08,181.7,181.8575,3366184
2025-12-05T20:30:00.000Z,181.845,182,181.68,181.7442,2995990
2025-12-05T20:45:00.000Z,181.74,182.98,181.3,182.35,9693140
2025-12-08T14:30:00.000Z,182.64,185.7,182.52,185.16,18401641
2025-12-08T14:45:00.000Z,185.16,185.48,183.23,183.325,9654447
2025-12-08T15:00:00.000Z,183.325,183.77,182.74,183.3599,7008312
2025-12-08T15:15:00.000Z,183.36,183.46,182.4,183.0506,6247018
2025-12-08T15:30:00.000Z,183.05,184.13,182.86,184.025,6898347
2025-12-08T15:45:00.000Z,184.03,184.5399,183.5,183.6401,5989986
2025-12-08T16:00:00.000Z,183.64,183.68,183.12,183.4401,4096831
2025-12-08T16:15:00.000Z,183.43,183.815,183.22,183.485,3474599
2025-12-08T16:30:00.000Z,183.47,183.55,183.155,183.32,3143085
2025-12-08T16:45:00.000Z,183.315,183.6899,183.205,183.575,2740096
2025-12-08T17:00:00.000Z,183.57,183.58,182.91,183.235,3442243
2025-12-08T17:15:00.000Z,183.23,183.45,183.14,183.405,2211588
2025-12-08T17:30:00.000Z,183.405,183.55,183.135,183.135,2637518
2025-12-08T17:45:00.000Z,183.14,186.49,182.9,185.83,11873597
2025-12-08T18:00:00.000Z,185.85,188,185.6,187.41,17125197
2025-12-08T18:15:00.000Z,187.41,187.8399,185.81,185.89,10717974
2025-12-08T18:30:00.000Z,185.88,186.08,185.075,185.44,6961925
2025-12-08T18:45:00.000Z,185.43,185.75,184.23,184.43,5817730
2025-12-08T19:00:00.000Z,184.44,184.48,183.73,184.24,5918902
2025-12-08T19:15:00.000Z,184.2474,184.74,184.19,184.705,4366984
2025-12-08T19:30:00.000Z,184.7001,185.08,184.51,184.68,3770551
2025-12-08T19:45:00.000Z,184.69,184.93,184.3102,184.375,3467675
2025-12-08T20:00:00.000Z,184.38,184.74,184.38,184.7341,3245060
2025-12-08T20:15:00.000Z,184.74,184.99,184.425,184.89,4341298
2025-12-08T20:30:00.000Z,184.9,184.945,184.23,184.5601,4245343
2025-12-08T20:45:00.000Z,184.57,185.6,184.42,185.58,10168640
2025-12-09T14:30:00.000Z,185.56,185.5925,183.32,184.41,16343551
2025-12-09T14:45:00.000Z,184.435,185.07,183.75,184.07,9155126
2025-12-09T15:00:00.000Z,184.09,184.91,183.95,184.51,6468358
2025-12-09T15:15:00.000Z,184.5165,184.72,184.01,184.63,6132457
2025-12-09T15:30:00.000Z,184.641,185.15,184.15,185.0841,6863939
2025-12-09T15:45:00.000Z,185.0918,185.3,184.41,185.195,5997129
2025-12-09T16:00:00.000Z,185.19,185.7167,184.825,185,5556281
2025-12-09T16:15:00.000Z,184.995,185.22,184.78,185.07,4064189
2025-12-09T16:30:00.000Z,185.08,185.15,184.28,184.435,4217000
2025-12-09T16:45:00.000Z,184.43,184.84,184.3541,184.63,3109537
2025-12-09T17:00:00.000Z,184.625,184.95,184.5,184.845,2766927
2025-12-09T17:15:00.000Z,184.85,185.07,184.67,184.888,2993610
2025-12-09T17:30:00.000Z,184.89,185.18,184.78,184.96,2571310
2025-12-09T17:45:00.000Z,184.955,185.1083,184.78,185.085,2091273
2025-12-09T18:00:00.000Z,185.08,185.1295,184.77,184.89,2162874
2025-12-09T18:15:00.000Z,184.88,184.97,184.75,184.8582,1744344
2025-12-09T18:30:00.000Z,184.85,184.9,184.5201,184.6301,2423345
2025-12-09T18:45:00.000Z,184.64,184.98,184.48,184.76,2519028
2025-12-09T19:00:00.000Z,184.77,184.8,184.525,184.565,2324500
2025-12-09T19:15:00.000Z,184.565,184.76,184.5,184.545,2255372
2025-12-09T19:30:00.000Z,184.54,184.75,184.36,184.37,2700334
2025-12-09T19:45:00.000Z,184.385,184.51,184.11,184.225,3056998
2025-12-09T20:00:00.000Z,184.22,184.4151,184.02,184.3218,3890999
2025-12-09T20:15:00.000Z,184.325,184.3782,184.16,184.33,2309627
2025-12-09T20:30:00.000Z,184.32,184.52,184.1948,184.4745,3094054
2025-12-09T20:45:00.000Z,184.47,185.26,184.37,184.97,7373628
2025-12-10T14:30:00.000Z,184.965,185.48,183.66,185.0745,10716804
2025-12-10T14:45:00.000Z,185.08,185.33,183.85,184.325,6790794
2025-12-10T15:00:00.000Z,184.31,184.49,183.87,184.0299,5565381
2025-12-10T15:15:00.000Z,184.035,184.25,183.72,183.8596,4878096
2025-12-10T15:30:00.000Z,183.85,184.02,182.91,182.92,6420635
2025-12-10T15:45:00.000Z,182.9199,183.43,182.61,182.765,5406383
2025-12-10T16:00:00.000Z,182.78,182.815,182.035,182.7052,6092048
2025-12-10T16:15:00.000Z,182.71,182.96,182.57,182.8455,4397874
2025-12-10T16:30:00.000Z,182.84,182.94,182.2,182.31,3939312
2025-12-10T16:45:00.000Z,182.305,182.64,182.1401,182.6,3755081
2025-12-10T17:00:00.000Z,182.59,182.87,182.38,182.5501,2787484
2025-12-10T17:15:00.000Z,182.5401,182.75,182.38,182.575,2380524
2025-12-10T17:30:00.000Z,182.57,182.97,182.445,182.845,2312161
2025-12-10T17:45:00.000Z,182.84,183.43,182.77,183.22,3035807
2025-12-10T18:00:00.000Z,183.22,183.27,182.67,182.82,2742013
2025-12-10T18:15:00.000Z,182.81,182.87,182.36,182.61,3100505
2025-12-10T18:30:00.000Z,182.61,182.92,182.45,182.745,2757544
2025-12-10T18:45:00.000Z,182.7401,182.99,182.61,182.815,2703847
2025-12-10T19:00:00.000Z,182.815,183.86,182.71,183.2742,6360554
2025-12-10T19:15:00.000Z,183.28,183.625,182.61,183.0958,3860106
2025-12-10T19:30:00.000Z,183.1,183.95,182.495,183.03,6859836
2025-12-10T19:45:00.000Z,183.03,184.61,182.98,184.55,6892481
2025-12-10T20:00:00.000Z,184.555,184.7,183.91,184.1,5407511
2025-12-10T20:15:00.000Z,184.1,184.21,183.71,183.79,4989256
2025-12-10T20:30:00.000Z,183.79,183.9558,183.5,183.57,4112675
2025-12-10T20:45:00.000Z,183.56,184.29,183.465,183.74,9364566
2025-12-11T14:30:00.000Z,180.275,180.42,177.87,178.44,19097320
2025-12-11T14:45:00.000Z,178.44,178.69,176.8018,176.865,11719255
2025-12-11T15:00:00.000Z,176.87,178.16,176.62,177.86,9714664
2025-12-11T15:15:00.000Z,177.85,178.68,177.655,178.085,9054405
2025-12-11T15:30:00.000Z,178.1,178.27,176.9701,177.1945,8452731
2025-12-11T15:45:00.000Z,177.195,177.74,176.83,177.495,6791949
2025-12-11T16:00:00.000Z,177.49,177.78,177.01,177.25,4739994
2025-12-11T16:15:00.000Z,177.24,177.53,176.94,177.06,4997579
2025-12-11T16:30:00.000Z,177.05,177.7699,176.925,177.61,4180683
2025-12-11T16:45:00.000Z,177.63,178,177.41,177.62,4157086
2025-12-11T17:00:00.000Z,177.62,178.405,177.23,178.31,5316754
2025-12-11T17:15:00.000Z,178.315,178.77,178.1951,178.4862,3929436
2025-12-11T17:30:00.000Z,178.49,179.135,178.49,178.9799,3754212
2025-12-11T17:45:00.000Z,178.98,179.05,178.51,178.765,3121740
2025-12-11T18:00:00.000Z,178.76,179.145,178.68,178.995,2860633
2025-12-11T18:15:00.000Z,179,179.771,178.88,179.305,5276646
2025-12-11T18:30:00.000Z,179.3,180.11,179.02,179.945,4759251
2025-12-11T18:45:00.000Z,179.95,180.15,179.7301,179.86,4315671
2025-12-11T19:00:00.000Z,179.85,180.23,179.7,180.14,3273759
2025-12-11T19:15:00.000Z,180.14,181,180.1217,180.9065,5359675
2025-12-11T19:30:00.000Z,180.91,181.32,180.68,180.7301,5000257
2025-12-11T19:45:00.000Z,180.74,180.88,180.37,180.47,3820194
2025-12-11T20:00:00.000Z,180.46,180.77,179.97,180.0301,3950972
2025-12-11T20:15:00.000Z,180.03,180.68,180,180.3699,4087144
2025-12-11T20:30:00.000Z,180.36,180.47,180.1342,180.32,3195939
2025-12-11T20:45:00.000Z,180.31,181.29,178.99,180.9355,8627906
2025-12-12T14:30:00.000Z,181.11,182.82,180.99,181.51,13079596
2025-12-12T14:45:00.000Z,181.51,181.68,180.38,181.145,7391811
2025-12-12T15:00:00.000Z,181.14,181.14,179.38,180.2142,8245381
2025-12-12T15:15:00.000Z,180.22,180.635,179.32,179.54,6144433
2025-12-12T15:30:00.000Z,179.53,179.96,179.05,179.948,6046673
2025-12-12T15:45:00.000Z,179.95,180.15,177.08,177.24,9057390
2025-12-12T16:00:00.000Z,177.25,178.29,176.13,176.6388,13018574
2025-12-12T16:15:00.000Z,176.6352,177.17,175.84,176.635,9484836
2025-12-12T16:30:00.000Z,176.61,176.61,175.21,175.9752,7293744
2025-12-12T16:45:00.000Z,175.96,176.2299,175.47,175.83,5638083
2025-12-12T17:00:00.000Z,175.82,176.95,175.6,176.8601,5979482
2025-12-12T17:15:00.000Z,176.86,177.39,176.42,176.52,5321725
2025-12-12T17:30:00.000Z,176.53,177.46,176.21,177.35,4682193
2025-12-12T17:45:00.000Z,177.35,177.6,176.795,176.865,3944104
2025-12-12T18:00:00.000Z,176.87,178.155,176.405,177.58,9504635
2025-12-12T18:15:00.000Z,177.57,178.18,177.195,177.45,5085593
2025-12-12T18:30:00.000Z,177.4515,177.7858,177.1001,177.17,3327423
2025-12-12T18:45:00.000Z,177.165,177.6199,176.88,176.905,3038027
2025-12-12T19:00:00.000Z,176.92,177.01,176.285,176.3058,3708652
2025-12-12T19:15:00.000Z,176.3,176.5499,176.035,176.2137,3201596
2025-12-12T19:30:00.000Z,176.22,176.66,176.2,176.295,3448189
2025-12-12T19:45:00.000Z,176.2975,176.49,176.07,176.295,2661033
2025-12-12T20:00:00.000Z,176.3,176.675,175.98,175.985,3784264
2025-12-12T20:15:00.000Z,175.98,176.185,175.68,175.905,4603693
2025-12-12T20:30:00.000Z,175.9,176.015,175.35,175.555,5917485
2025-12-12T20:45:00.000Z,175.55,175.66,174.62,174.99,16594410
2025-12-15T14:30:00.000Z,177.936,178.25,175.68,176.985,14505769
2025-12-15T14:45:00.000Z,176.98,178.01,176.69,177.24,10513250
2025-12-15T15:00:00.000Z,177.23,178.34,176.64,177.325,9061016
2025-12-15T15:15:00.000Z,177.3,177.37,175.03,175.4516,8171848
2025-12-15T15:30:00.000Z,175.43,177.72,175.34,177.235,6319178
2025-12-15T15:45:00.000Z,177.24,177.63,176.6001,177.02,4976574
2025-12-15T16:00:00.000Z,177.015,177.705,176.85,177.175,4367540
2025-12-15T16:15:00.000Z,177.1801,178.415,177.16,178.245,5102169
2025-12-15T16:30:00.000Z,178.26,178.32,177.18,177.47,4515267
2025-12-15T16:45:00.000Z,177.49,177.97,177.25,177.8356,3701348
2025-12-15T17:00:00.000Z,177.835,178.07,177.52,177.87,2845677
2025-12-15T17:15:00.000Z,177.865,177.88,177.51,177.595,2604350
2025-12-15T17:30:00.000Z,177.6,177.92,177.185,177.8497,3201198
2025-12-15T17:45:00.000Z,177.84,177.97,177.02,177.32,3452113
2025-12-15T18:00:00.000Z,177.31,177.57,176.81,177.425,3135402
2025-12-15T18:15:00.000Z,177.43,177.578,176.96,177.11,2828579
2025-12-15T18:30:00.000Z,177.11,177.2799,176.73,177,3318879
2025-12-15T18:45:00.000Z,177.005,177.555,176.68,177.45,3147161
2025-12-15T19:00:00.000Z,177.445,177.66,177.01,177.16,3130344
2025-12-15T19:15:00.000Z,177.16,177.35,176.98,177.15,2466163
2025-12-15T19:30:00.000Z,177.15,177.245,176.4382,176.4699,3507967
2025-12-15T19:45:00.000Z,176.465,176.99,176.27,176.925,4274423
2025-12-15T20:00:00.000Z,176.92,176.9255,176.1901,176.535,4049994
2025-12-15T20:15:00.000Z,176.54,176.73,176.12,176.33,3714460
2025-12-15T20:30:00.000Z,176.33,176.75,175.91,176.395,5169642
2025-12-15T20:45:00.000Z,176.39,176.83,175.93,176.28,11467743
2025-12-16T14:30:00.000Z,176.26,176.71,174.9,175.77,11697832
2025-12-16T14:45:00.000Z,175.77,177.35,175.02,177.31,8750766
2025-12-16T15:00:00.000Z,177.32,177.49,176.6284,177.165,6210259
2025-12-16T15:15:00.000Z,177.15,177.25,175.51,176.1501,6096722
2025-12-16T15:30:00.000Z,176.15,176.91,175.57,176.17,5408347
2025-12-16T15:45:00.000Z,176.1601,177.015,175.711,176.85,5273674
2025-12-16T16:00:00.000Z,176.85,177.305,176.21,176.375,4880985
2025-12-16T16:15:00.000Z,176.3797,176.62,175.85,176.03,4211880
2025-12-16T16:30:00.000Z,176.02,176.26,175.6901,176.08,4545873
2025-12-16T16:45:00.000Z,176.09,177.02,176,176.985,4409305
2025-12-16T17:00:00.000Z,177,177.08,176.41,176.945,3506520
2025-12-16T17:15:00.000Z,176.95,177.0916,176.2662,176.485,2700464
2025-12-16T17:30:00.000Z,176.48,176.975,176.41,176.5316,3111613
2025-12-16T17:45:00.000Z,176.56,176.8,176.225,176.325,2569423
2025-12-16T18:00:00.000Z,176.3251,176.67,176.1,176.65,2940895
2025-12-16T18:15:00.000Z,176.66,176.73,176.18,176.22,2626164
2025-12-16T18:30:00.000Z,176.22,177.395,176.21,177.39,3587792
2025-12-16T18:45:00.000Z,177.39,177.68,177.24,177.475,3677853
2025-12-16T19:00:00.000Z,177.47,177.486,176.07,176.14,3952335
2025-12-16T19:15:00.000Z,176.14,176.765,176.02,176.745,3525613
2025-12-16T19:30:00.000Z,176.745,176.9599,176.505,176.805,2804710
2025-12-16T19:45:00.000Z,176.805,177.115,176.53,176.775,2404988
2025-12-16T20:00:00.000Z,176.77,177.185,176.71,176.8265,3202190
2025-12-16T20:15:00.000Z,176.83,177.19,176.72,177.1788,2748587
2025-12-16T20:30:00.000Z,177.175,178.07,177.17,177.82,5108406
2025-12-16T20:45:00.000Z,177.82,178.49,177.46,177.515,9187572
2025-12-17T14:30:00.000Z,176.1,176.13,173.535,174.1,18091866
2025-12-17T14:45:00.000Z,174.119,174.815,173.385,174.615,10775200
2025-12-17T15:00:00.000Z,174.6,174.63,173.5,174.02,9109267
2025-12-17T15:15:00.000Z,174.02,174.555,173.775,174.38,6238007
2025-12-17T15:30:00.000Z,174.37,174.45,172.28,172.375,10526169
2025-12-17T15:45:00.000Z,172.37,172.82,171.11,171.5244,11532635
2025-12-17T16:00:00.000Z,171.52,172.1894,171.03,171.095,9345999
2025-12-17T16:15:00.000Z,171.07,171.49,170.63,171.135,8116466
2025-12-17T16:30:00.000Z,171.13,171.14,170.3232,170.7216,7439677
2025-12-17T16:45:00.000Z,170.71,171.17,170.31,171.08,6478174
2025-12-17T17:00:00.000Z,171.0898,171.41,170.38,170.92,6124080
2025-12-17T17:15:00.000Z,170.925,171.73,170.75,171.4499,5275333
2025-12-17T17:30:00.000Z,171.45,172.145,171.4332,171.68,5565059
2025-12-17T17:45:00.000Z,171.685,172.43,171.31,172.09,4839288
2025-12-17T18:00:00.000Z,172.085,172.82,171.8301,171.885,4761775
2025-12-17T18:15:00.000Z,171.885,172.47,171.52,172.245,4630889
2025-12-17T18:30:00.000Z,172.24,172.335,171.5,171.935,4348275
2025-12-17T18:45:00.000Z,171.935,172.08,171.33,171.6971,4431189
2025-12-17T19:00:00.000Z,171.685,171.81,171.16,171.305,3487107
2025-12-17T19:15:00.000Z,171.3055,171.49,170.8501,170.9499,4633527
2025-12-17T19:30:00.000Z,170.93,171.27,170.6601,171.175,3851448
2025-12-17T19:45:00.000Z,171.18,171.695,171.08,171.5924,3889998
2025-12-17T20:00:00.000Z,171.59,171.66,171.0245,171.09,3825430
2025-12-17T20:15:00.000Z,171.08,171.57,171,171.19,5076083
2025-12-17T20:30:00.000Z,171.2,171.82,171.14,171.7238,4577370
2025-12-17T20:45:00.000Z,171.725,171.75,170.73,170.92,14657911
2025-12-18T14:30:00.000Z,174.53,174.89,171.82,172.8699,16312644
2025-12-18T14:45:00.000Z,172.87,173.99,172.37,173.85,9507403
2025-12-18T15:00:00.000Z,173.85,174.0662,172.72,173.0645,7103366
2025-12-18T15:15:00.000Z,173.07,175.25,172.91,175.04,9338645
2025-12-18T15:30:00.000Z,175.04,176.15,174.76,175.485,9805110
2025-12-18T15:45:00.000Z,175.49,175.885,175.33,175.415,5563395
2025-12-18T16:00:00.000Z,175.415,175.5,174.932,174.98,4852558
2025-12-18T16:15:00.000Z,174.975,175.31,174.81,174.8801,4742167
2025-12-18T16:30:00.000Z,174.87,175.69,174.82,175.67,4302208
2025-12-18T16:45:00.000Z,175.67,176.04,175.53,175.68,4373006
2025-12-18T17:00:00.000Z,175.68,175.73,174.04,174.2699,5078452
2025-12-18T17:15:00.000Z,174.25,174.38,173.73,174.04,5100709
2025-12-18T17:30:00.000Z,174.03,174.88,173.91,174.83,3965275
2025-12-18T17:45:00.000Z,174.84,175.3,174.54,175.28,3756185
2025-12-18T18:00:00.000Z,175.28,175.38,174.93,175.165,3933560
2025-12-18T18:15:00.000Z,175.16,175.315,174.87,174.9144,2420090
2025-12-18T18:30:00.000Z,174.91,175.235,174.85,174.875,2356700
2025-12-18T18:45:00.000Z,174.87,175.16,174.71,174.9199,2775614
2025-12-18T19:00:00.000Z,174.91,175.04,174.24,174.68,3599234
2025-12-18T19:15:00.000Z,174.68,174.695,174.3501,174.55,2620952
2025-12-18T19:30:00.000Z,174.56,174.62,174.0901,174.19,3083130
2025-12-18T19:45:00.000Z,174.2,174.6399,173.76,173.9,3591223
2025-12-18T20:00:00.000Z,173.8915,174.84,173.66,174.785,6776917
2025-12-18T20:15:00.000Z,174.78,174.9,174.53,174.675,3017526
2025-12-18T20:30:00.000Z,174.6725,174.84,174.49,174.77,3587196
2025-12-18T20:45:00.000Z,174.765,175,172.05,174.01,8716965
2025-12-19T14:30:00.000Z,176.665,179.725,176.34,179.6999,34020795
2025-12-19T14:45:00.000Z,179.74,180.39,179.21,180.27,13122142
2025-12-19T15:00:00.000Z,180.265,180.71,178.84,178.92,13372537
2025-12-19T15:15:00.000Z,178.935,179.29,178.23,178.66,7675935
2025-12-19T15:30:00.000Z,178.65,179.46,178.35,178.855,11399466
2025-12-19T15:45:00.000Z,178.86,179.03,178.6801,178.85,5849349
2025-12-19T16:00:00.000Z,178.84,179.57,178.55,179.2601,5841644
2025-12-19T16:15:00.000Z,179.27,179.47,179.15,179.3,3900793
2025-12-19T16:30:00.000Z,179.315,180.245,179.27,179.9156,6495124
2025-12-19T16:45:00.000Z,179.92,179.99,179.445,179.74,5236875
2025-12-19T17:00:00.000Z,179.74,180.66,179.735,180.6216,5323785
2025-12-19T17:15:00.000Z,180.63,180.99,180.34,180.5201,5539589
2025-12-19T17:30:00.000Z,180.5201,180.96,180.34,180.82,4448148
2025-12-19T17:45:00.000Z,180.82,181.07,180.525,180.5575,5172084
2025-12-19T18:00:00.000Z,180.565,180.73,179.93,179.975,4027767
2025-12-19T18:15:00.000Z,179.98,180.14,179.765,179.965,3394481
2025-12-19T18:30:00.000Z,179.964,179.98,179.43,179.5494,3097568
2025-12-19T18:45:00.000Z,179.55,179.93,179.5,179.6951,3582873
2025-12-19T19:00:00.000Z,179.69,180.36,179.69,180.32,4217204
2025-12-19T19:15:00.000Z,180.329,180.805,180.26,180.5742,4052424
2025-12-19T19:30:00.000Z,180.57,180.98,180.5,180.8564,4624485
2025-12-19T19:45:00.000Z,180.85,180.9,180.23,180.29,3688324
2025-12-19T20:00:00.000Z,180.29,180.96,180.27,180.725,6731976
2025-12-19T20:15:00.000Z,180.7299,180.88,180.4,180.45,4099544
2025-12-19T20:30:00.000Z,180.44,180.71,180.1,180.21,5525315
2025-12-19T20:45:00.000Z,180.21,181.45,179.9401,180.99,16468071
2025-12-22T14:30:00.000Z,183.92,184,182.35,182.6762,16541663
2025-12-22T14:45:00.000Z,182.67,183.94,182.53,183.83,8493461
2025-12-22T15:00:00.000Z,183.85,183.88,183.0426,183.07,5443405
2025-12-22T15:15:00.000Z,183.0699,183.81,183.03,183.4,4524540
2025-12-22T15:30:00.000Z,183.41,183.5,182.67,183.415,5590962
2025-12-22T15:45:00.000Z,183.405,184.16,183.0608,183.7,5526402
2025-12-22T16:00:00.000Z,183.71,183.8,183.235,183.515,4321764
2025-12-22T16:15:00.000Z,183.5101,183.76,183.42,183.63,3256081
2025-12-22T16:30:00.000Z,183.62,183.63,183.35,183.465,2673302
2025-12-22T16:45:00.000Z,183.465,183.665,183.01,183.19,3310653
2025-12-22T17:00:00.000Z,183.19,183.42,183.055,183.0899,2619707
2025-12-22T17:15:00.000Z,183.09,183.31,183.05,183.1,2209033
2025-12-22T17:30:00.000Z,183.11,183.155,182.855,182.86,2703484
2025-12-22T17:45:00.000Z,182.865,183.3,182.79,183.18,2530137
2025-12-22T18:00:00.000Z,183.175,183.3,183.08,183.165,1738815
2025-12-22T18:15:00.000Z,183.1658,183.27,183,183.2256,1835465
2025-12-22T18:30:00.000Z,183.23,183.39,183.1,183.355,1896716
2025-12-22T18:45:00.000Z,183.355,183.4532,183.075,183.175,2154583
2025-12-22T19:00:00.000Z,183.175,183.25,182.99,183.0902,2037736
2025-12-22T19:15:00.000Z,183.095,183.485,183.05,183.38,2291527
2025-12-22T19:30:00.000Z,183.39,183.5768,183.37,183.385,2286363
2025-12-22T19:45:00.000Z,183.3899,183.46,183.2944,183.4056,1916197
2025-12-22T20:00:00.000Z,183.4,183.49,183.21,183.34,2155630
2025-12-22T20:15:00.000Z,183.34,183.53,183.2,183.285,2882310
2025-12-22T20:30:00.000Z,183.285,183.51,183.235,183.42,2964958
2025-12-22T20:45:00.000Z,183.435,183.81,183.35,183.6,7581267
2025-12-23T14:30:00.000Z,182.97,184.84,182.9,184.74,12280309
2025-12-23T14:45:00.000Z,184.74,184.9197,183.83,184.3,6298802
2025-12-23T15:00:00.000Z,184.265,184.53,183.5,184.37,6468697
2025-12-23T15:15:00.000Z,184.3601,185.48,184.29,185.275,8705397
2025-12-23T15:30:00.000Z,185.28,185.97,185.1,185.781,7025245
2025-12-23T15:45:00.000Z,185.79,186.64,185.68,186.49,8208418
2025-12-23T16:00:00.000Z,186.4817,187.05,186.26,186.94,6323251
2025-12-23T16:15:00.000Z,186.939,188.05,186.825,187.9101,8550048
2025-12-23T16:30:00.000Z,187.915,187.965,187.12,187.6301,7162735
2025-12-23T16:45:00.000Z,187.6218,188.33,187.5333,188.305,6021942
2025-12-23T17:00:00.000Z,188.305,188.55,188.07,188.31,5650217
2025-12-23T17:15:00.000Z,188.3101,188.63,188.07,188.2144,4412215
2025-12-23T17:30:00.000Z,188.22,188.29,187.78,187.93,4154078
2025-12-23T17:45:00.000Z,187.93,188.17,187.88,188.06,3020697
2025-12-23T18:00:00.000Z,188.06,188.48,187.92,188.3101,4550216
2025-12-23T18:15:00.000Z,188.32,188.335,187.99,187.995,2691201
2025-12-23T18:30:00.000Z,187.995,188.43,187.9,188.43,3009121
2025-12-23T18:45:00.000Z,188.43,188.65,188.32,188.6132,3553833
2025-12-23T19:00:00.000Z,188.61,188.8,188.51,188.56,4432967
2025-12-23T19:15:00.000Z,188.57,188.69,188.36,188.6181,3251332
2025-12-23T19:30:00.000Z,188.61,188.75,188.43,188.48,3011163
2025-12-23T19:45:00.000Z,188.4701,188.755,188.38,188.61,4050457
2025-12-23T20:00:00.000Z,188.6,188.8,188.545,188.765,3286059
2025-12-23T20:15:00.000Z,188.77,188.86,188.67,188.7864,4016092
2025-12-23T20:30:00.000Z,188.78,189.21,188.725,189.0199,6665890
2025-12-23T20:45:00.000Z,189.015,189.33,188.705,189.22,11752705
2025-12-24T14:30:00.000Z,187.94,188.72,187.43,187.6703,10142281
2025-12-24T14:45:00.000Z,187.6856,188.03,187.605,187.785,4643704
2025-12-24T15:00:00.000Z,187.785,188.2899,187.7201,188.0756,3915598
2025-12-24T15:15:00.000Z,188.08,188.155,186.59,187.2265,6865474
2025-12-24T15:30:00.000Z,187.225,187.4,186.9509,187.32,3926422
2025-12-24T15:45:00.000Z,187.32,187.54,187.2,187.36,3117910
2025-12-24T16:00:00.000Z,187.364,187.815,187.26,187.7402,3089162
2025-12-24T16:15:00.000Z,187.74,188.03,187.65,187.945,3016033
2025-12-24T16:30:00.000Z,187.945,188.48,187.92,188.41,3869852
2025-12-24T16:45:00.000Z,188.41,188.46,188.16,188.285,2707276
2025-12-24T17:00:00.000Z,188.28,188.29,187.95,188.185,2592854
2025-12-24T17:15:00.000Z,188.185,188.243,187.985,188.225,2318406
2025-12-24T17:30:00.000Z,188.225,188.31,188.04,188.1,2151244
2025-12-24T17:45:00.000Z,188.095,188.91,188.065,188.62,4962252
2025-12-24T18:00:00.000Z,188.61,188.61,188.61,188.61,3703784
2025-12-26T14:30:00.000Z,189.92,192.29,189.61,192.11,17192541
2025-12-26T14:45:00.000Z,192.1,192.285,191.15,191.21,8859602
2025-12-26T15:00:00.000Z,191.22,191.53,190.16,190.2599,7866182
2025-12-26T15:15:00.000Z,190.25,191.67,190.182,191.58,7069188
2025-12-26T15:30:00.000Z,191.57,192.12,191.56,191.9656,5610612
2025-12-26T15:45:00.000Z,191.97,192.19,191.59,191.92,4685376
2025-12-26T16:00:00.000Z,191.92,192.11,191.14,191.175,3977271
2025-12-26T16:15:00.000Z,191.17,191.32,190.83,191.025,4123915
2025-12-26T16:30:00.000Z,191.037,191.35,190.81,191.33,3198899
2025-12-26T16:45:00.000Z,191.34,191.34,190.92,190.9462,2663975
2025-12-26T17:00:00.000Z,190.95,190.96,190.52,190.55,2603017
2025-12-26T17:15:00.000Z,190.54,190.84,190.46,190.7797,2938676
2025-12-26T17:30:00.000Z,190.77,191.09,190.73,190.87,4128547
2025-12-26T17:45:00.000Z,190.875,191.2,190.63,191.105,2854000
2025-12-26T18:00:00.000Z,191.105,191.52,191.02,191.4799,2857573
2025-12-26T18:15:00.000Z,191.475,191.56,191.1801,191.5329,2758216
2025-12-26T18:30:00.000Z,191.535,191.97,191.49,191.735,3686424
2025-12-26T18:45:00.000Z,191.73,192.54,191.675,192.5332,4900376
2025-12-26T19:00:00.000Z,192.5201,192.69,192.265,192.52,4562594
2025-12-26T19:15:00.000Z,192.53,192.64,192.21,192.24,3320590
2025-12-26T19:30:00.000Z,192.2444,192.31,191.96,191.99,2863760
2025-12-26T19:45:00.000Z,191.995,192.14,191.83,191.955,2844642
2025-12-26T20:00:00.000Z,191.955,191.97,191.48,191.555,2741483
2025-12-26T20:15:00.000Z,191.555,191.655,191.38,191.43,2800514
2025-12-26T20:30:00.000Z,191.42,191.673,191.34,191.585,3421573
2025-12-26T20:45:00.000Z,191.58,191.6,188,190.53,10528803
2025-12-29T14:30:00.000Z,187.71,188.755,185.91,187.92,16951049
2025-12-29T14:45:00.000Z,187.91,187.915,186.3101,186.6499,8817972
2025-12-29T15:00:00.000Z,186.64,186.82,186.03,186.4764,5899307
2025-12-29T15:15:00.000Z,186.48,187.33,186.4701,187.255,5378653
2025-12-29T15:30:00.000Z,187.26,187.735,187.14,187.52,5938263
2025-12-29T15:45:00.000Z,187.51,187.55,186.67,186.93,4167047
2025-12-29T16:00:00.000Z,186.925,187.43,186.48,187.3201,3816652
2025-12-29T16:15:00.000Z,187.32,187.395,186.92,187.2446,2875721
2025-12-29T16:30:00.000Z,187.24,187.42,187.04,187.4161,2683241
2025-12-29T16:45:00.000Z,187.415,187.58,187.305,187.32,6158585
2025-12-29T17:00:00.000Z,187.3251,187.45,187.04,187.1505,2292845
2025-12-29T17:15:00.000Z,187.16,187.29,186.79,186.88,2323708
2025-12-29T17:30:00.000Z,186.88,187.13,186.81,187.0444,2142881
2025-12-29T17:45:00.000Z,187.05,187.57,186.96,187.525,2624520
2025-12-29T18:00:00.000Z,187.52,187.5799,187.1331,187.1764,1958640
2025-12-29T18:15:00.000Z,187.18,187.6399,187.16,187.4599,2203184
2025-12-29T18:30:00.000Z,187.455,187.84,187.4,187.503,2534975
2025-12-29T18:45:00.000Z,187.51,187.6,187.195,187.245,1899907
2025-12-29T19:00:00.000Z,187.2494,187.34,187.05,187.2076,2064049
2025-12-29T19:15:00.000Z,187.2,187.43,187.13,187.375,2308081
2025-12-29T19:30:00.000Z,187.38,187.71,187.37,187.57,1990420
2025-12-29T19:45:00.000Z,187.58,188.1,187.5532,187.97,3073488
2025-12-29T20:00:00.000Z,187.97,187.97,187.5618,187.755,2782050
2025-12-29T20:15:00.000Z,187.7661,188.105,187.72,187.9645,2332067
2025-12-29T20:30:00.000Z,187.97,188.09,187.7401,187.87,2504449
2025-12-29T20:45:00.000Z,187.86,188.4,187.81,188.23,6349468
2025-12-30T14:30:00.000Z,188.24,188.99,187.2,187.3066,8662051
2025-12-30T14:45:00.000Z,187.32,188.0399,187.08,187.5439,6360618
2025-12-30T15:00:00.000Z,187.54,187.67,186.93,187.2501,5426287
2025-12-30T15:15:00.000Z,187.26,187.43,186.99,187.1703,4119957
2025-12-30T15:30:00.000Z,187.17,187.55,187.105,187.415,3499746
2025-12-30T15:45:00.000Z,187.42,187.945,187.3201,187.865,3921164
2025-12-30T16:00:00.000Z,187.86,188.1199,187.71,188.04,3857707
2025-12-30T16:15:00.000Z,188.045,188.51,188.02,188.26,3655476
2025-12-30T16:30:00.000Z,188.25,188.41,187.94,188.05,3095043
2025-12-30T16:45:00.000Z,188.045,188.06,187.87,188.01,2227763
2025-12-30T17:00:00.000Z,188,188.03,187.8,187.82,1945737
2025-12-30T17:15:00.000Z,187.82,188,187.73,187.9099,2635746
2025-12-30T17:30:00.000Z,187.9,188.03,187.75,187.92,1872055
2025-12-30T17:45:00.000Z,187.9102,188.1399,187.7,188.06,2281745
2025-12-30T18:00:00.000Z,188.065,188.25,187.8,188.18,2296962
2025-12-30T18:15:00.000Z,188.19,188.24,188.0693,188.216,1493197
2025-12-30T18:30:00.000Z,188.21,188.2999,187.9401,188.0261,1835131
2025-12-30T18:45:00.000Z,188.025,188.32,187.985,188.2698,1878916
2025-12-30T19:00:00.000Z,188.25,188.355,187.9001,188.2056,2045935
2025-12-30T19:15:00.000Z,188.2,188.25,188.06,188.1542,1688392
2025-12-30T19:30:00.000Z,188.15,188.2,187.87,187.895,2053439
2025-12-30T19:45:00.000Z,187.89,187.98,187.68,187.91,2721482
2025-12-30T20:00:00.000Z,187.9,187.94,187.41,187.55,2666524
2025-12-30T20:15:00.000Z,187.555,187.6801,187.53,187.58,2239129
2025-12-30T20:30:00.000Z,187.58,187.74,187.51,187.6544,2407074
2025-12-30T20:45:00.000Z,187.66,187.925,187.5,187.55,5998085
2025-12-31T14:30:00.000Z,189.57,190.56,188.6993,188.99,12154440
2025-12-31T14:45:00.000Z,189,189.1,188.09,188.6157,7233062
2025-12-31T15:00:00.000Z,188.61,189.08,188.429,188.755,5329724
2025-12-31T15:15:00.000Z,188.7699,189.0799,188.34,189.015,4364821
2025-12-31T15:30:00.000Z,189.01,189.14,188.66,188.775,3584766
2025-12-31T15:45:00.000Z,188.77,188.79,188.1582,188.3,2925522
2025-12-31T16:00:00.000Z,188.3,188.61,188.215,188.41,3432013
2025-12-31T16:15:00.000Z,188.41,188.85,188.39,188.846,3190215
2025-12-31T16:30:00.000Z,188.85,188.99,188.68,188.8804,2717585
2025-12-31T16:45:00.000Z,188.88,189.065,188.81,189.015,2691188
2025-12-31T17:00:00.000Z,189.0192,189.28,188.77,188.93,3097386
2025-12-31T17:15:00.000Z,188.93,188.98,188.775,188.9199,1828231
2025-12-31T17:30:00.000Z,188.916,189.0199,188.8,188.9,1962310
2025-12-31T17:45:00.000Z,188.8999,188.92,188.5,188.715,2199120
2025-12-31T18:00:00.000Z,188.72,188.935,188.675,188.91,1938306
2025-12-31T18:15:00.000Z,188.915,189.02,188.73,188.97,2444400
2025-12-31T18:30:00.000Z,188.965,189.055,188.69,188.9884,2171990
2025-12-31T18:45:00.000Z,188.9851,189.05,188.64,188.68,2363074
2025-12-31T19:00:00.000Z,188.68,188.86,188.48,188.58,2140954
2025-12-31T19:15:00.000Z,188.57,188.5957,188.01,188.045,3409315
2025-12-31T19:30:00.000Z,188.05,188.0999,187.36,187.695,4116372
2025-12-31T19:45:00.000Z,187.6951,187.86,187.63,187.795,1865715
2025-12-31T20:00:00.000Z,187.79,187.82,187.255,187.44,2974509
2025-12-31T20:15:00.000Z,187.44,187.65,187.09,187.135,2781895
2025-12-31T20:30:00.000Z,187.14,187.47,187.08,187.4201,2870530
2025-12-31T20:45:00.000Z,187.425,187.45,186.49,186.49,9160026
2026-01-02T14:30:00.000Z,189.835,191.911,189.57,191.8,17365360
2026-01-02T14:45:00.000Z,191.7999,192.9299,191.63,191.73,11240669
2026-01-02T15:00:00.000Z,191.735,192.24,190.81,191.05,7762253
2026-01-02T15:15:00.000Z,191.045,191.42,189.7301,190.589,7694428
2026-01-02T15:30:00.000Z,190.57,191.735,190.34,191.59,6476417
2026-01-02T15:45:00.000Z,191.59,191.66,188.82,188.96,7011932
2026-01-02T16:00:00.000Z,188.975,189.3,188.29,189.26,6872113
2026-01-02T16:15:00.000Z,189.2532,189.8,188.8401,189.605,4919317
2026-01-02T16:30:00.000Z,189.605,190.065,189.43,189.64,4579396
2026-01-02T16:45:00.000Z,189.63,189.9268,189.08,189.34,3247868
2026-01-02T17:00:00.000Z,189.34,189.72,189.08,189.63,3066771
2026-01-02T17:15:00.000Z,189.6201,189.65,189.18,189.48,2448649
2026-01-02T17:30:00.000Z,189.49,189.91,189.46,189.8401,3311489
2026-01-02T17:45:00.000Z,189.83,189.94,189.36,189.4586,2861799
2026-01-02T18:00:00.000Z,189.45,189.68,189.25,189.2618,2144709
2026-01-02T18:15:00.000Z,189.26,189.77,189.16,189.3617,2560675
2026-01-02T18:30:00.000Z,189.37,189.58,189.22,189.46,2213924
2026-01-02T18:45:00.000Z,189.47,189.7,188.26,188.5835,4080361
2026-01-02T19:00:00.000Z,188.59,189.28,188.52,189.1,3700994
2026-01-02T19:15:00.000Z,189.11,189.4055,188.76,189.2057,3074219
2026-01-02T19:30:00.000Z,189.2,189.62,189.195,189.305,2915586
2026-01-02T19:45:00.000Z,189.31,189.39,188.61,188.68,3174433
2026-01-02T20:00:00.000Z,188.67,188.9999,188.55,188.8432,2807207
2026-01-02T20:15:00.000Z,188.8344,189.25,188.7724,188.96,2808636
2026-01-02T20:30:00.000Z,188.95,189.04,188.6801,188.72,2999436
2026-01-02T20:45:00.000Z,188.72,188.8999,188.48,188.8099,7397844
2026-01-05T14:30:00.000Z,191.76,193.63,189.75,190.23,18564417
2026-01-05T14:45:00.000Z,190.2201,190.665,189.39,190.11,9491892
2026-01-05T15:00:00.000Z,190.11,190.46,189.7,189.84,5696829
2026-01-05T15:15:00.000Z,189.85,190.4299,189.55,190.075,5957071
2026-01-05T15:30:00.000Z,190.07,190.235,189.25,189.304,5618838
2026-01-05T15:45:00.000Z,189.3,190.315,189.29,190.245,5104678
2026-01-05T16:00:00.000Z,190.25,190.89,190.06,190.37,6297537
2026-01-05T16:15:00.000Z,190.37,190.455,189.91,190.19,4662670
2026-01-05T16:30:00.000Z,190.185,190.32,189.82,190.125,3838901
2026-01-05T16:45:00.000Z,190.125,190.49,189.28,189.3,4323818
2026-01-05T17:00:00.000Z,189.31,189.325,187.07,187.86,9895571
2026-01-05T17:15:00.000Z,187.8636,187.92,187.3119,187.62,5772802
2026-01-05T17:30:00.000Z,187.61,187.995,187.05,187.765,5185344
2026-01-05T17:45:00.000Z,187.7605,188.1,187.6,187.905,4076038
2026-01-05T18:00:00.000Z,187.9,188.02,187.44,187.515,4132290
2026-01-05T18:15:00.000Z,187.52,187.85,186.995,187.785,4805635
2026-01-05T18:30:00.000Z,187.78,188.24,187.68,188.15,3427254
2026-01-05T18:45:00.000Z,188.18,188.2,187.38,187.445,3510604
2026-01-05T19:00:00.000Z,187.4599,187.48,186.66,186.665,5248775
2026-01-05T19:15:00.000Z,186.66,186.86,186.38,186.6432,5058152
2026-01-05T19:30:00.000Z,186.65,186.66,186.15,186.36,4558813
2026-01-05T19:45:00.000Z,186.365,186.93,186.33,186.7401,4827384
2026-01-05T20:00:00.000Z,186.74,187.285,186.51,187.2201,4474005
2026-01-05T20:15:00.000Z,187.2297,187.57,187.075,187.47,4026610
2026-01-05T20:30:00.000Z,187.47,187.91,187.28,187.795,6203881
2026-01-05T20:45:00.000Z,187.79,188.16,187.6,188.11,8666989
2026-01-06T14:30:00.000Z,190.52,190.98,188.98,190.095,15855999
2026-01-06T14:45:00.000Z,190.09,192.174,189.9614,191.9042,13116103
2026-01-06T15:00:00.000Z,191.9,192.09,190.66,191.44,9002210
2026-01-06T15:15:00.000Z,191.44,191.955,191.03,191.4,6624066
2026-01-06T15:30:00.000Z,191.4,191.53,190,190.205,7015639
2026-01-06T15:45:00.000Z,190.18,190.32,188.89,189.12,7127740
2026-01-06T16:00:00.000Z,189.11,189.11,187.6401,188.2586,8962825
2026-01-06T16:15:00.000Z,188.2655,188.935,188.175,188.59,5727472
2026-01-06T16:30:00.000Z,188.59,190.03,188.395,188.89,9449892
2026-01-06T16:45:00.000Z,188.892,189.675,188.835,189.49,3911467
2026-01-06T17:00:00.000Z,189.5,189.565,188.53,188.85,4275727
2026-01-06T17:15:00.000Z,188.8387,189.3765,188.525,189.0399,3935275
2026-01-06T17:30:00.000Z,189.04,189.72,188.95,189.11,3946496
2026-01-06T17:45:00.000Z,189.12,189.29,188.639,188.7099,3145830
2026-01-06T18:00:00.000Z,188.705,188.77,188.26,188.285,3383874
2026-01-06T18:15:00.000Z,188.29,188.65,188.13,188.21,3123496
2026-01-06T18:30:00.000Z,188.22,188.26,187.3,188.135,4774896
2026-01-06T18:45:00.000Z,188.1333,188.34,187.945,188.2394,3023118
2026-01-06T19:00:00.000Z,188.24,188.24,187.51,187.885,3498298
2026-01-06T19:15:00.000Z,187.885,188.23,187.75,187.985,2791685
2026-01-06T19:30:00.000Z,187.9899,188.28,187.855,188.17,2727818
2026-01-06T19:45:00.000Z,188.179,188.225,187.68,187.69,3457223
2026-01-06T20:00:00.000Z,187.7,187.93,187.3,187.46,3660500
2026-01-06T20:15:00.000Z,187.465,187.69,186.8701,186.94,4961398
2026-01-06T20:30:00.000Z,186.94,187.45,186.82,187.225,4313019
2026-01-06T20:45:00.000Z,187.23,187.69,187.09,187.27,9566244
2026-01-07T14:30:00.000Z,188.57,188.69,186.56,188.6758,13408672
2026-01-07T14:45:00.000Z,188.648,190.2,188.24,190.1,10685784
2026-01-07T15:00:00.000Z,190.1,191.08,189.28,190.515,11531092
2026-01-07T15:15:00.000Z,190.52,191.37,190.26,191.015,8828782
2026-01-07T15:30:00.000Z,191.02,191.08,188.47,189.38,12912138
2026-01-07T15:45:00.000Z,189.375,190.64,189.26,189.615,7318042
2026-01-07T16:00:00.000Z,189.62,190.29,189.54,190.29,4185747
2026-01-07T16:15:00.000Z,190.29,190.345,189.18,189.58,4082960
2026-01-07T16:30:00.000Z,189.57,190.06,189.465,189.8867,3793366
2026-01-07T16:45:00.000Z,189.895,190.33,189.67,190.16,3371942
2026-01-07T17:00:00.000Z,190.165,190.6,190,190.18,3565181
2026-01-07T17:15:00.000Z,190.18,190.35,189.925,190.003,3185343
2026-01-07T17:30:00.000Z,190.005,190.21,189.89,190.07,5832363
2026-01-07T17:45:00.000Z,190.07,190.13,189.68,189.94,2322937
2026-01-07T18:00:00.000Z,189.93,190.16,189.81,190.035,2154129
2026-01-07T18:15:00.000Z,190.04,190.06,189.58,189.625,2525327
2026-01-07T18:30:00.000Z,189.63,189.83,189.44,189.465,2353243
2026-01-07T18:45:00.000Z,189.46,189.965,189.37,189.775,2691321
2026-01-07T19:00:00.000Z,189.78,190,189.46,189.83,3392884
2026-01-07T19:15:00.000Z,189.85,189.88,189.2,189.2801,2413096
2026-01-07T19:30:00.000Z,189.285,189.78,189.21,189.57,2617034
2026-01-07T19:45:00.000Z,189.57,189.74,189.18,189.25,2442493
2026-01-07T20:00:00.000Z,189.26,189.42,188.845,188.872,2996594
2026-01-07T20:15:00.000Z,188.88,189.2,188.75,188.99,3020326
2026-01-07T20:30:00.000Z,188.99,189.18,188.78,188.9399,3353276
2026-01-07T20:45:00.000Z,188.935,189.26,188.775,189.24,6564915
2026-01-08T14:30:00.000Z,189.11,189.55,186.91,187.04,12541644
2026-01-08T14:45:00.000Z,187.025,187.49,185.01,185.05,12742599
2026-01-08T15:00:00.000Z,185.05,186.24,184.6601,186.18,11062193
2026-01-08T15:15:00.000Z,186.18,186.26,185.3698,186.09,6969762
2026-01-08T15:30:00.000Z,186.08,186.93,185.585,186.875,9409423
2026-01-08T15:45:00.000Z,186.87,186.95,185.015,185.4629,8110399
2026-01-08T16:00:00.000Z,185.47,185.78,184.78,184.865,6418868
2026-01-08T16:15:00.000Z,184.87,185.57,184.62,184.88,6244366
2026-01-08T16:30:00.000Z,184.87,185.16,184.43,185.07,5164295
2026-01-08T16:45:00.000Z,185.08,185.45,184.72,184.825,3936573
2026-01-08T17:00:00.000Z,184.82,184.885,184.06,184.3784,4682512
2026-01-08T17:15:00.000Z,184.37,184.81,184.19,184.2558,4245346
2026-01-08T17:30:00.000Z,184.255,184.55,183.83,184.368,5416286
2026-01-08T17:45:00.000Z,184.37,184.75,184.33,184.49,3435843
2026-01-08T18:00:00.000Z,184.4802,184.57,184.17,184.3,3557999
2026-01-08T18:15:00.000Z,184.305,184.885,184.256,184.745,3464519
2026-01-08T18:30:00.000Z,184.745,184.88,184.34,184.86,2838855
2026-01-08T18:45:00.000Z,184.865,184.89,184.075,184.19,3553537
2026-01-08T19:00:00.000Z,184.18,184.46,183.87,183.95,4037627
2026-01-08T19:15:00.000Z,183.9659,184.25,183.71,184.15,3963788
2026-01-08T19:30:00.000Z,184.155,184.645,184.14,184.6401,3294787
2026-01-08T19:45:00.000Z,184.645,185.01,184.375,184.64,4024676
2026-01-08T20:00:00.000Z,184.65,185,184.53,184.9,3679694
2026-01-08T20:15:00.000Z,184.915,185.27,184.75,185.1865,3790776
2026-01-08T20:30:00.000Z,185.195,185.34,184.77,184.96,4207833
2026-01-08T20:45:00.000Z,184.96,185.21,184.65,185.09,6461666
2026-01-09T14:30:00.000Z,185.08,185.825,183.6701,185.08,11726867
2026-01-09T14:45:00.000Z,185.1,185.38,184.21,184.79,6151683
2026-01-09T15:00:00.000Z,184.77,185.07,183.73,184.9,7714640
2026-01-09T15:15:00.000Z,184.9,185.2,184.05,184.97,5803025
2026-01-09T15:30:00.000Z,184.98,185.61,184.49,184.55,5939346
2026-01-09T15:45:00.000Z,184.54,184.905,184.31,184.885,4555960
2026-01-09T16:00:00.000Z,184.88,185.565,184.85,185.305,4457605
2026-01-09T16:15:00.000Z,185.295,185.52,185.021,185.31,3842103
2026-01-09T16:30:00.000Z,185.305,185.7,185.13,185.245,3774456
2026-01-09T16:45:00.000Z,185.2402,185.49,185.18,185.345,2911241
2026-01-09T17:00:00.000Z,185.345,185.5,185.025,185.0701,2557400
2026-01-09T17:15:00.000Z,185.08,185.12,184.69,184.9541,3528499
2026-01-09T17:30:00.000Z,184.95,185.1199,184.64,185.0699,3302071
2026-01-09T17:45:00.000Z,185.065,185.19,184.85,185.05,2690817
2026-01-09T18:00:00.000Z,185.04,185.23,184.77,184.875,2907450
2026-01-09T18:15:00.000Z,184.875,185.2125,184.851,185.185,2147969
2026-01-09T18:30:00.000Z,185.185,185.39,185.08,185.155,2695738
2026-01-09T18:45:00.000Z,185.155,185.42,185.1,185.36,2437201
2026-01-09T19:00:00.000Z,185.36,186.34,185.245,185.855,6224600
2026-01-09T19:15:00.000Z,185.86,186.07,185.81,185.8801,3321965
2026-01-09T19:30:00.000Z,185.885,186.08,185.81,185.92,2780475
2026-01-09T19:45:00.000Z,185.91,186.055,185.5299,185.54,2480126
2026-01-09T20:00:00.000Z,185.55,186.07,185.51,185.815,3449445
2026-01-09T20:15:00.000Z,185.815,186,185.5401,185.555,2844119
2026-01-09T20:30:00.000Z,185.55,185.64,185.15,185.33,3637678
2026-01-09T20:45:00.000Z,185.33,185.46,184.6,184.85,6739187
2026-01-12T14:30:00.000Z,183.22,186.2,183.02,185.1,12039997
2026-01-12T14:45:00.000Z,185.1,185.4299,183.5798,184.92,6476546
2026-01-12T15:00:00.000Z,184.9,185.21,184.54,185.0586,5191906
2026-01-12T15:15:00.000Z,185.065,185.08,184.49,184.62,4594767
2026-01-12T15:30:00.000Z,184.6155,184.675,183.73,184.115,5597317
2026-01-12T15:45:00.000Z,184.11,184.6,183.9226,184.5001,4044724
2026-01-12T16:00:00.000Z,184.505,184.78,184.315,184.7701,3334432
2026-01-12T16:15:00.000Z,184.77,185.285,184.75,185.2399,4354052
2026-01-12T16:30:00.000Z,185.235,185.3,184.7626,184.91,2848846
2026-01-12T16:45:00.000Z,184.9,185.615,184.64,185.38,3856731
2026-01-12T17:00:00.000Z,185.38,185.97,185.28,185.89,3556749
2026-01-12T17:15:00.000Z,185.88,186.895,185.76,186.285,6510490
2026-01-12T17:30:00.000Z,186.28,186.424,186,186,3579736
2026-01-12T17:45:00.000Z,186,186.3,185.8,186.2,3109446
2026-01-12T18:00:00.000Z,186.21,186.421,186.12,186.395,2763843
2026-01-12T18:15:00.000Z,186.4,186.88,186.24,186.7801,3543845
2026-01-12T18:30:00.000Z,186.78,187.01,186.515,186.955,3562277
2026-01-12T18:45:00.000Z,186.95,187.01,186.7,186.775,2980663
2026-01-12T19:00:00.000Z,186.78,186.94,186.625,186.84,2585487
2026-01-12T19:15:00.000Z,186.8525,187.12,186.82,186.99,2871340
2026-01-12T19:30:00.000Z,186.9924,187,186.715,186.73,2568771
2026-01-12T19:45:00.000Z,186.73,186.95,186.56,186.595,2524763
2026-01-12T20:00:00.000Z,186.595,186.62,185.92,186.05,3767443
2026-01-12T20:15:00.000Z,186.05,186.23,185.93,186.01,2912251
2026-01-12T20:30:00.000Z,186.005,186.0375,185.5,185.54,3378975
2026-01-12T20:45:00.000Z,185.53,185.725,184.5,184.89,6606326
2026-01-13T14:30:00.000Z,184.995,185.14,183.6313,184.3677,12605021
2026-01-13T14:45:00.000Z,184.35,184.905,183.93,184.1,6990142
2026-01-13T15:00:00.000Z,184.12,184.415,183.74,184.265,6604333
2026-01-13T15:15:00.000Z,184.265,184.29,183.67,183.9175,4961480
2026-01-13T15:30:00.000Z,183.915,184.24,183.4,184.11,5708436
2026-01-13T15:45:00.000Z,184.1291,184.805,184,184.7993,4879005
2026-01-13T16:00:00.000Z,184.7993,185.26,184.58,185.02,5740293
2026-01-13T16:15:00.000Z,185.0201,185.8,184.32,185.23,8366725
2026-01-13T16:30:00.000Z,185.24,186.76,185.09,186.68,6307380
2026-01-13T16:45:00.000Z,186.68,188.1099,186.665,187.6779,11087410
2026-01-13T17:00:00.000Z,187.67,187.81,187.0407,187.0607,5415226
2026-01-13T17:15:00.000Z,187.065,187.085,186.26,186.4,4819663
2026-01-13T17:30:00.000Z,186.4,186.59,185.74,185.74,5340001
2026-01-13T17:45:00.000Z,185.74,185.95,184.7128,184.92,4536426
2026-01-13T18:00:00.000Z,184.93,185.2999,184.59,185.275,4458889
2026-01-13T18:15:00.000Z,185.28,185.35,184.87,185.07,2852090
2026-01-13T18:30:00.000Z,185.07,185.17,184.635,184.745,2999501
2026-01-13T18:45:00.000Z,184.745,184.8968,184.44,184.615,3058887
2026-01-13T19:00:00.000Z,184.62,184.84,184.43,184.54,2943100
2026-01-13T19:15:00.000Z,184.545,184.95,184.535,184.78,2822459
2026-01-13T19:30:00.000Z,184.77,184.77,184.3,184.32,3099384
2026-01-13T19:45:00.000Z,184.32,184.56,184.215,184.43,3606223
2026-01-13T20:00:00.000Z,184.43,184.7292,184.23,184.5699,3554831
2026-01-13T20:15:00.000Z,184.57,184.88,184.5599,184.729,4318441
2026-01-13T20:30:00.000Z,184.7227,184.975,184.5001,184.875,3804247
2026-01-13T20:45:00.000Z,184.875,185.85,184.66,185.81,8469556
2026-01-14T14:30:00.000Z,184.32,184.46,181.79,182.3,16659316
2026-01-14T14:45:00.000Z,182.3,182.83,181.45,181.685,9598959
2026-01-14T15:00:00.000Z,181.69,182.24,180.91,182.235,10404988
2026-01-14T15:15:00.000Z,182.235,182.41,181.63,181.675,6558486
2026-01-14T15:30:00.000Z,181.675,182.63,181.51,182.035,5556620
2026-01-14T15:45:00.000Z,182.035,182.16,181.23,181.53,5278278
2026-01-14T16:00:00.000Z,181.53,181.83,181.235,181.3,3920220
2026-01-14T16:15:00.000Z,181.31,182.15,181.26,181.985,4753634
2026-01-14T16:30:00.000Z,181.9917,182.105,181.585,181.925,5727163
2026-01-14T16:45:00.000Z,181.93,181.945,181.3625,181.735,3661833
2026-01-14T17:00:00.000Z,181.73,182.12,181.38,181.93,3539088
2026-01-14T17:15:00.000Z,181.925,182.13,181.43,182.1,3783642
2026-01-14T17:30:00.000Z,182.09,182.09,181.78,181.93,2720279
2026-01-14T17:45:00.000Z,181.9399,182.18,181.545,182.0801,3656028
2026-01-14T18:00:00.000Z,182.08,182.32,181.77,182.27,3168918
2026-01-14T18:15:00.000Z,182.27,182.32,181.7232,182.22,4529109
2026-01-14T18:30:00.000Z,182.22,182.25,181.5501,181.82,2922793
2026-01-14T18:45:00.000Z,181.81,182.12,181.675,182.025,2567870
2026-01-14T19:00:00.000Z,182.02,182.02,181.69,181.845,3096604
2026-01-14T19:15:00.000Z,181.85,182.0585,181.75,181.82,2755493
2026-01-14T19:30:00.000Z,181.84,182.015,181.67,181.81,2869036
2026-01-14T19:45:00.000Z,181.8,182.04,181.08,181.3501,4290040
2026-01-14T20:00:00.000Z,181.36,182.61,180.8,182.1901,7699256
2026-01-14T20:15:00.000Z,182.195,182.2717,181.64,182.15,3651305
2026-01-14T20:30:00.000Z,182.15,182.77,182.145,182.23,5140719
2026-01-14T20:45:00.000Z,182.245,183.33,182.06,183.21,9996635
2026-01-15T14:30:00.000Z,186.5,188.8101,186.36,188.79,23830685
2026-01-15T14:45:00.000Z,188.79,189.18,187.62,188.33,14019809
2026-01-15T15:00:00.000Z,188.3,188.87,187.87,188.665,10001063
2026-01-15T15:15:00.000Z,188.67,188.67,187.28,187.6,7310150
2026-01-15T15:30:00.000Z,187.6,188.57,187.445,187.4851,6698109
2026-01-15T15:45:00.000Z,187.48,187.86,186.8301,187.69,6660235
2026-01-15T16:00:00.000Z,187.695,188.12,187.55,187.7,4976466
2026-01-15T16:15:00.000Z,187.695,187.85,187.35,187.5201,3484306
2026-01-15T16:30:00.000Z,187.51,188.16,187.33,188.1437,3902936
2026-01-15T16:45:00.000Z,188.145,189.05,188.135,188.885,7225855
2026-01-15T17:00:00.000Z,188.88,189.29,188.43,188.7,7577238
2026-01-15T17:15:00.000Z,188.7001,188.79,188.33,188.6135,5051962
2026-01-15T17:30:00.000Z,188.62,188.66,188.18,188.44,3297723
2026-01-15T17:45:00.000Z,188.44,188.6,188.15,188.37,3363434
2026-01-15T18:00:00.000Z,188.36,188.88,188.19,188.76,4063907
2026-01-15T18:15:00.000Z,188.76,189.24,188.72,189.2301,4490285
2026-01-15T18:30:00.000Z,189.23,189.7,188.98,189.45,6281274
2026-01-15T18:45:00.000Z,189.445,189.62,189.28,189.515,3409317
2026-01-15T19:00:00.000Z,189.51,189.5166,188.74,188.91,4065910
2026-01-15T19:15:00.000Z,188.91,188.91,188.235,188.395,4106982
2026-01-15T19:30:00.000Z,188.39,189.3,187.96,189.2143,5985906
2026-01-15T19:45:00.000Z,189.22,189.385,188.49,188.68,4161902
2026-01-15T20:00:00.000Z,188.69,188.77,188.1301,188.1801,5590857
2026-01-15T20:15:00.000Z,188.19,188.31,187.18,187.42,6598558
2026-01-15T20:30:00.000Z,187.41,187.53,187.03,187.31,5540298
2026-01-15T20:45:00.000Z,187.3001,187.45,186.33,187.14,10524002
2026-01-16T14:30:00.000Z,189.075,190.37,188.685,189.9201,22032936
2026-01-16T14:45:00.000Z,189.93,190.44,189.1,189.24,8947110
2026-01-16T15:00:00.000Z,189.2199,189.301,188.455,188.84,7616628
2026-01-16T15:15:00.000Z,188.85,188.9,187.6201,187.6384,6584568
2026-01-16T15:30:00.000Z,187.6301,188.1696,187.13,187.46,6086127
2026-01-16T15:45:00.000Z,187.46,188.09,187.09,188.05,5121651
2026-01-16T16:00:00.000Z,188.0599,188.13,187.5,187.96,5703367
2026-01-16T16:15:00.000Z,187.97,188.08,187.64,187.987,4063476
2026-01-16T16:30:00.000Z,187.985,188.18,187.63,187.71,4736585
2026-01-16T16:45:00.000Z,187.7067,188.26,187.7067,188.07,3904372
2026-01-16T17:00:00.000Z,188.06,188.375,187.93,188.09,4625526
2026-01-16T17:15:00.000Z,188.09,188.1999,187.89,188.03,2874821
2026-01-16T17:30:00.000Z,188.02,188.25,187.69,187.735,4526964
2026-01-16T17:45:00.000Z,187.73,187.9,187.43,187.6873,3655187
2026-01-16T18:00:00.000Z,187.7,188.05,187.655,187.92,2504547
2026-01-16T18:15:00.000Z,187.91,188.15,187.84,187.935,2980657
2026-01-16T18:30:00.000Z,187.94,188.09,187.88,188.075,4547276
2026-01-16T18:45:00.000Z,188.08,188.27,187.9616,188.0733,2567789
2026-01-16T19:00:00.000Z,188.075,188.4137,187.925,187.959,4848775
2026-01-16T19:15:00.000Z,187.9567,187.99,187.645,187.69,3602590
2026-01-16T19:30:00.000Z,187.6801,187.96,187.615,187.8799,3503877
2026-01-16T19:45:00.000Z,187.88,187.99,187.695,187.935,2570559
2026-01-16T20:00:00.000Z,187.92,188.025,187.65,187.825,3142140
2026-01-16T20:15:00.000Z,187.825,187.99,187.73,187.74,2950156
2026-01-16T20:30:00.000Z,187.74,187.86,187.55,187.73,4252851
2026-01-16T20:45:00.000Z,187.72,187.725,186.08,186.22,13989696
2026-01-20T14:30:00.000Z,181.9,182.3786,179.69,180.67,23878693
2026-01-20T14:45:00.000Z,180.675,180.88,179.58,179.95,14606772
2026-01-20T15:00:00.000Z,179.92,180.72,179.6,180.06,9730287
2026-01-20T15:15:00.000Z,180.065,180.88,179.64,180.79,8338132
2026-01-20T15:30:00.000Z,180.78,181.85,180.66,181.44,9010632
2026-01-20T15:45:00.000Z,181.43,181.48,180.23,180.595,7198508
2026-01-20T16:00:00.000Z,180.5995,181.26,180.55,180.95,5568376
2026-01-20T16:15:00.000Z,180.94,181.085,179.81,180.3199,7411831
2026-01-20T16:30:00.000Z,180.315,180.48,179.635,179.71,6488520
2026-01-20T16:45:00.000Z,179.71,180.1354,179.56,180.0701,6134666
2026-01-20T17:00:00.000Z,180.07,180.13,179.56,179.825,6150679
2026-01-20T17:15:00.000Z,179.83,180.22,179.57,180.0199,5939104
2026-01-20T17:30:00.000Z,180.01,180.01,179.35,179.495,5360323
2026-01-20T17:45:00.000Z,179.49,179.855,179.27,179.8,4433504
2026-01-20T18:00:00.000Z,179.8,180.09,179.7507,179.935,3355653
2026-01-20T18:15:00.000Z,179.94,179.95,179.49,179.52,3077782
2026-01-20T18:30:00.000Z,179.51,179.625,178.9,179.255,6228115
2026-01-20T18:45:00.000Z,179.25,179.7699,179.11,179.75,4249353
2026-01-20T19:00:00.000Z,179.75,179.98,179.5201,179.54,3635965
2026-01-20T19:15:00.000Z,179.5451,179.6,179.185,179.435,3032118
2026-01-20T19:30:00.000Z,179.43,179.6,179.15,179.375,3715472
2026-01-20T19:45:00.000Z,179.375,179.64,179.3,179.5699,3173937
2026-01-20T20:00:00.000Z,179.57,179.605,178.81,178.865,4693456
2026-01-20T20:15:00.000Z,178.865,179.02,178.355,178.495,6561930
2026-01-20T20:30:00.000Z,178.5,178.88,178.42,178.775,6001672
2026-01-20T20:45:00.000Z,178.785,178.93,177.61,178.21,15744331
2026-01-21T14:30:00.000Z,179.05,180.17,178.4,179.95,14951784
2026-01-21T14:45:00.000Z,179.95,180.87,179.292,180.41,10557074
2026-01-21T15:00:00.000Z,180.395,180.8001,179.995,180.28,5984774
2026-01-21T15:15:00.000Z,180.275,180.97,180.27,180.81,5671008
2026-01-21T15:30:00.000Z,180.81,181.51,180.7,181.2801,6292583
2026-01-21T15:45:00.000Z,181.29,183.185,181.29,182.725,8769936
2026-01-21T16:00:00.000Z,182.72,183.74,182.58,183.32,6720565
2026-01-21T16:15:00.000Z,183.32,183.625,182.65,182.735,7144377
2026-01-21T16:30:00.000Z,182.73,182.75,180.68,180.735,8088562
2026-01-21T16:45:00.000Z,180.735,181.05,180.02,180.125,6796850
2026-01-21T17:00:00.000Z,180.14,180.585,179.37,179.47,5674202
2026-01-21T17:15:00.000Z,179.48,179.93,179.35,179.435,3903146
2026-01-21T17:30:00.000Z,179.435,179.78,179.195,179.57,3367811
2026-01-21T17:45:00.000Z,179.57,180.48,179.45,180.2908,4272493
2026-01-21T18:00:00.000Z,180.29,180.51,179.7,180.3501,3888388
2026-01-21T18:15:00.000Z,180.36,180.41,179.91,180.245,3188284
2026-01-21T18:30:00.000Z,180.26,180.56,180.14,180.33,2679441
2026-01-21T18:45:00.000Z,180.36,181.23,180.25,181.1401,3402815
2026-01-21T19:00:00.000Z,181.145,181.55,181,181.04,3849800
2026-01-21T19:15:00.000Z,181.0358,183.09,180.93,182.98,5379983
2026-01-21T19:30:00.000Z,182.98,184.36,182.86,184.29,9441206
2026-01-21T19:45:00.000Z,184.29,185.37,184.28,185.2601,9860641
2026-01-21T20:00:00.000Z,185.27,185.379,184.27,184.765,6940299
2026-01-21T20:15:00.000Z,184.78,185.05,183.73,183.79,6850785
2026-01-21T20:30:00.000Z,183.78,184.72,183.56,184.14,7490826
2026-01-21T20:45:00.000Z,184.14,184.3,183,183.34,10244294
2026-01-22T14:30:00.000Z,184.75,186.16,184.11,184.75,14420629
2026-01-22T14:45:00.000Z,184.7525,185.35,184,184.34,11154781
2026-01-22T15:00:00.000Z,184.34,184.94,183.93,184.3701,6516651
2026-01-22T15:15:00.000Z,184.37,185.18,184.09,184.87,6011112
2026-01-22T15:30:00.000Z,184.87,185.22,184.48,184.96,5750659
2026-01-22T15:45:00.000Z,184.965,185.405,184.83,185.085,3888240
2026-01-22T16:00:00.000Z,185.08,185.46,184.953,185.405,4310209
2026-01-22T16:15:00.000Z,185.4,185.835,185.34,185.7355,4947402
2026-01-22T16:30:00.000Z,185.734,186.04,185.58,185.9203,4039565
2026-01-22T16:45:00.000Z,185.92,186.17,185.5,185.5265,4349963
2026-01-22T17:00:00.000Z,185.52,185.62,185.13,185.3217,4391947
2026-01-22T17:15:00.000Z,185.33,185.33,184.66,184.975,4363973
2026-01-22T17:30:00.000Z,184.98,185.12,184.65,184.72,3061806
2026-01-22T17:45:00.000Z,184.71,184.85,184.415,184.56,3574839
2026-01-22T18:00:00.000Z,184.56,185.235,184.49,185.0001,4758214
2026-01-22T18:15:00.000Z,185.0058,185.1199,184.72,184.7255,2617451
2026-01-22T18:30:00.000Z,184.71,184.88,184.6,184.635,2148150
2026-01-22T18:45:00.000Z,184.634,184.8,184.37,184.4699,2482343
2026-01-22T19:00:00.000Z,184.46,184.76,184.2806,184.6599,2778180
2026-01-22T19:15:00.000Z,184.65,184.76,184.4647,184.655,2285893
2026-01-22T19:30:00.000Z,184.65,184.845,184.52,184.69,2730179
2026-01-22T19:45:00.000Z,184.69,184.86,184.3601,184.445,3286227
2026-01-22T20:00:00.000Z,184.45,184.7301,184.19,184.4342,3736818
2026-01-22T20:15:00.000Z,184.44,184.6867,184.09,184.11,3120064
2026-01-22T20:30:00.000Z,184.1,184.2999,183.93,184.23,3821126
2026-01-22T20:45:00.000Z,184.24,184.87,184.19,184.85,6543019
2026-01-23T14:30:00.000Z,187.5,189.6,186.8233,187.56,21213736
2026-01-23T14:45:00.000Z,187.57,188.27,187.18,187.79,7737614
2026-01-23T15:00:00.000Z,187.79,188.35,187.44,187.67,6890060
2026-01-23T15:15:00.000Z,187.675,187.789,187.25,187.655,5887585
2026-01-23T15:30:00.000Z,187.645,188.04,187.52,187.81,3529971
2026-01-23T15:45:00.000Z,187.82,188.09,187.67,187.77,3651104
2026-01-23T16:00:00.000Z,187.77,187.91,187.16,187.46,3874752
2026-01-23T16:15:00.000Z,187.45,188.01,187.13,187.76,4533058
2026-01-23T16:30:00.000Z,187.75,188.09,187.195,187.375,4486845
2026-01-23T16:45:00.000Z,187.37,187.9301,187.23,187.7675,3967151
2026-01-23T17:00:00.000Z,187.77,188.2361,187.53,188.1101,3798327
2026-01-23T17:15:00.000Z,188.11,188.18,187.63,187.7401,3054686
2026-01-23T17:30:00.000Z,187.75,188.095,187.465,187.515,3328570
2026-01-23T17:45:00.000Z,187.5199,187.6934,187.145,187.375,3415895
2026-01-23T18:00:00.000Z,187.36,187.7567,187.22,187.57,2678052
2026-01-23T18:15:00.000Z,187.58,188.04,187.56,187.895,2996720
2026-01-23T18:30:00.000Z,187.9,188.03,187.515,187.99,3126418
2026-01-23T18:45:00.000Z,188,188.22,187.9,188.07,2882158
2026-01-23T19:00:00.000Z,188.07,188.41,187.98,188.06,3326329
2026-01-23T19:15:00.000Z,188.065,188.09,187.74,187.83,2849399
2026-01-23T19:30:00.000Z,187.82,188.03,187.44,187.655,3625318
2026-01-23T19:45:00.000Z,187.66,187.7,187.35,187.57,2799198
2026-01-23T20:00:00.000Z,187.565,187.715,187.11,187.5,3094593
2026-01-23T20:15:00.000Z,187.51,187.64,187.2099,187.2201,2996698
2026-01-23T20:30:00.000Z,187.22,187.65,187.14,187.61,3170174
2026-01-23T20:45:00.000Z,187.605,187.915,187.27,187.67,8324349
2026-01-26T14:30:00.000Z,187.16,189.12,187.02,188.69,13699186
2026-01-26T14:45:00.000Z,188.6899,188.77,186.85,187.515,9055059
2026-01-26T15:00:00.000Z,187.505,187.525,186.85,187.2306,5539776
2026-01-26T15:15:00.000Z,187.2399,187.77,187.18,187.34,4362817
2026-01-26T15:30:00.000Z,187.33,187.61,186.95,187.04,3821314
2026-01-26T15:45:00.000Z,187.07,187.51,187.005,187.27,3670940
2026-01-26T16:00:00.000Z,187.27,187.285,186.01,187.125,7945796
2026-01-26T16:15:00.000Z,187.1293,187.25,186.7,186.795,3061428
2026-01-26T16:30:00.000Z,186.79,187,186.6399,186.675,2758080
2026-01-26T16:45:00.000Z,186.67,187.05,186.44,187.015,3218226
2026-01-26T17:00:00.000Z,187.015,187.25,186.835,186.85,2686407
2026-01-26T17:15:00.000Z,186.8593,186.88,186.56,186.66,2723823
2026-01-26T17:30:00.000Z,186.65,186.71,186.38,186.4595,2365499
2026-01-26T17:45:00.000Z,186.45,186.59,186.2,186.4755,2982227
2026-01-26T18:00:00.000Z,186.4799,186.5,185.99,186.195,3059152
2026-01-26T18:15:00.000Z,186.19,186.5,186.15,186.43,2140833
2026-01-26T18:30:00.000Z,186.425,186.94,186.41,186.8275,3234250
2026-01-26T18:45:00.000Z,186.8229,187.075,186.71,187.04,2098594
2026-01-26T19:00:00.000Z,187.04,187.08,186.68,186.76,2414923
2026-01-26T19:15:00.000Z,186.77,186.83,186.48,186.575,2149294
2026-01-26T19:30:00.000Z,186.5687,186.68,186.43,186.59,1950207
2026-01-26T19:45:00.000Z,186.595,186.66,186.2,186.265,2417395
2026-01-26T20:00:00.000Z,186.27,186.41,186,186.11,2635831
2026-01-26T20:15:00.000Z,186.105,186.465,186,186.445,2979045
2026-01-26T20:30:00.000Z,186.45,186.52,186.31,186.465,2720897
2026-01-26T20:45:00.000Z,186.4667,186.8,186.24,186.38,5700215
2026-01-27T14:30:00.000Z,187.24,187.4,185.7,185.9501,9872172
2026-01-27T14:45:00.000Z,185.96,187.79,185.915,187.64,8256506
2026-01-27T15:00:00.000Z,187.64,189.32,187.49,189.04,10273324
2026-01-27T15:15:00.000Z,189.05,189.506,188.645,188.9151,6769924
2026-01-27T15:30:00.000Z,188.92,189.795,188.89,189.545,7514842
2026-01-27T15:45:00.000Z,189.5499,189.77,189.08,189.35,4836347
2026-01-27T16:00:00.000Z,189.36,189.69,189.19,189.565,3984945
2026-01-27T16:15:00.000Z,189.565,190,189.44,189.7058,6006718
2026-01-27T16:30:00.000Z,189.71,190,189.625,189.765,4107790
2026-01-27T16:45:00.000Z,189.765,189.83,189.41,189.6599,3525464
2026-01-27T17:00:00.000Z,189.65,189.8,189.505,189.685,2794104
2026-01-27T17:15:00.000Z,189.685,189.775,189.51,189.685,2472284
2026-01-27T17:30:00.000Z,189.69,190,189.62,189.635,4067437
2026-01-27T17:45:00.000Z,189.635,189.69,189.06,189.2099,3975842
2026-01-27T18:00:00.000Z,189.2099,189.62,188.9,189.485,4010625
2026-01-27T18:15:00.000Z,189.48,189.73,189.44,189.485,2575876
2026-01-27T18:30:00.000Z,189.49,189.78,189.41,189.555,2897544
2026-01-27T18:45:00.000Z,189.555,189.64,189.34,189.35,2390227
2026-01-27T19:00:00.000Z,189.345,189.41,189.125,189.295,3785423
2026-01-27T19:15:00.000Z,189.2901,189.48,189.0429,189.125,3227352
2026-01-27T19:30:00.000Z,189.1299,189.25,188.95,189.215,3410423
2026-01-27T19:45:00.000Z,189.215,189.4,188.95,189.28,3229459
2026-01-27T20:00:00.000Z,189.27,189.54,189.13,189.475,3494665
2026-01-27T20:15:00.000Z,189.475,189.72,189.38,189.425,3363341
2026-01-27T20:30:00.000Z,189.42,189.43,189.015,189.22,4420121
2026-01-27T20:45:00.000Z,189.22,189.315,188.47,188.533,6941345
2026-01-28T14:30:00.000Z,191.27,192.329,190.12,192.15,15582170
2026-01-28T14:45:00.000Z,192.14,192.2,191.205,191.86,8317185
2026-01-28T15:00:00.000Z,191.85,192.35,191.445,191.4501,6847511
2026-01-28T15:15:00.000Z,191.46,192.15,191.39,191.405,5817057
2026-01-28T15:30:00.000Z,191.405,191.84,191.015,191.19,5253695
2026-01-28T15:45:00.000Z,191.18,191.24,190.723,190.91,4627238
2026-01-28T16:00:00.000Z,190.92,191.8499,190.91,191.8,4505471
2026-01-28T16:15:00.000Z,191.8074,192.04,191.56,191.78,5081193
2026-01-28T16:30:00.000Z,191.76,191.77,190.46,190.48,5200275
2026-01-28T16:45:00.000Z,190.485,190.6499,189.84,190.2798,6628560
2026-01-28T17:00:00.000Z,190.27,190.937,190.17,190.93,3346827
2026-01-28T17:15:00.000Z,190.925,191.1799,190.78,191.0958,3030832
2026-01-28T17:30:00.000Z,191.09,191.435,190.82,191.415,3241414
2026-01-28T17:45:00.000Z,191.415,191.705,191.27,191.6,3333017
2026-01-28T18:00:00.000Z,191.595,191.79,191.26,191.57,2832813
2026-01-28T18:15:00.000Z,191.57,191.78,191.47,191.72,2323774
2026-01-28T18:30:00.000Z,191.725,191.895,191.62,191.77,2772655
2026-01-28T18:45:00.000Z,191.78,191.99,191.63,191.92,2974257
2026-01-28T19:00:00.000Z,191.93,192.21,191.42,191.6663,4416142
2026-01-28T19:15:00.000Z,191.665,191.83,191.38,191.525,2989029
2026-01-28T19:30:00.000Z,191.52,192.32,190.9037,191.6706,5933004
2026-01-28T19:45:00.000Z,191.6767,192.27,191.57,191.5847,4099461
2026-01-28T20:00:00.000Z,191.58,192.12,191.505,192.005,3224748
2026-01-28T20:15:00.000Z,192,192,191.55,191.623,3636405
2026-01-28T20:30:00.000Z,191.62,191.68,191.23,191.245,3674807
2026-01-28T20:45:00.000Z,191.245,191.79,190.84,191.53,8499388
2026-01-29T14:30:00.000Z,191.34,193.48,190.15,190.61,14721377
2026-01-29T14:45:00.000Z,190.6,192.08,190.38,190.8,8448914
2026-01-29T15:00:00.000Z,190.81,190.84,188.41,188.4399,10645449
2026-01-29T15:15:00.000Z,188.44,189.6,188.29,188.93,7070293
2026-01-29T15:30:00.000Z,188.93,189,186.8999,187.225,8386171
2026-01-29T15:45:00.000Z,187.22,187.5399,186.06,186.4298,8452478
2026-01-29T16:00:00.000Z,186.43,187.18,186.0635,187.165,6626096
2026-01-29T16:15:00.000Z,187.16,188.07,187.155,187.83,6452382
2026-01-29T16:30:00.000Z,187.83,188.16,187.69,187.925,4804231
2026-01-29T16:45:00.000Z,187.93,188.48,187.8521,188.105,4470973
2026-01-29T17:00:00.000Z,188.105,188.79,188.02,188.7251,3557721
2026-01-29T17:15:00.000Z,188.725,189.84,188.72,189.545,5140309
2026-01-29T17:30:00.000Z,189.545,190.005,189.4634,189.66,4418946
2026-01-29T17:45:00.000Z,189.67,189.845,189.17,189.3399,3887705
2026-01-29T18:00:00.000Z,189.34,190.69,189.3299,190.62,4705888
2026-01-29T18:15:00.000Z,190.61,190.645,189.83,190.055,3577331
2026-01-29T18:30:00.000Z,190.06,190.435,189.705,190.295,3473523
2026-01-29T18:45:00.000Z,190.31,190.57,190.12,190.515,3180828
2026-01-29T19:00:00.000Z,190.51,190.78,190.16,190.585,4580827
2026-01-29T19:15:00.000Z,190.59,190.722,190.305,190.36,2233764
2026-01-29T19:30:00.000Z,190.36,190.55,190.06,190.225,2872799
2026-01-29T19:45:00.000Z,190.22,190.78,190.02,190.58,2950079
2026-01-29T20:00:00.000Z,190.58,191.29,190.37,191.1275,4591954
2026-01-29T20:15:00.000Z,191.11,191.45,190.91,190.945,3995906
2026-01-29T20:30:00.000Z,190.94,191.68,190.86,190.995,6163784
2026-01-29T20:45:00.000Z,191,192.84,190.88,192.43,11394531
2026-01-30T14:30:00.000Z,191.21,192.98,190.9096,192.36,11024505
2026-01-30T14:45:00.000Z,192.35,192.89,191.34,191.62,6984624
2026-01-30T15:00:00.000Z,191.62,192.65,191.44,192.23,6299076
2026-01-30T15:15:00.000Z,192.22,193.43,191.51,191.655,8284817
2026-01-30T15:30:00.000Z,191.64,193.281,191.225,193.22,7276408
2026-01-30T15:45:00.000Z,193.195,194.49,192.99,193.69,9793630
2026-01-30T16:00:00.000Z,193.71,193.91,192.85,193.04,5114939
2026-01-30T16:15:00.000Z,193.04,193.05,191.9,192.2312,5593724
2026-01-30T16:30:00.000Z,192.21,193.075,192.17,192.9706,4195979
2026-01-30T16:45:00.000Z,192.97,193.025,192.09,192.34,3884699
2026-01-30T17:00:00.000Z,192.35,192.39,191.58,192,4322312
2026-01-30T17:15:00.000Z,192,192.84,191.78,192.84,3773555
2026-01-30T17:30:00.000Z,192.835,193.03,192.0065,192.6166,3630556
2026-01-30T17:45:00.000Z,192.63,192.93,191.77,191.8294,3942124
2026-01-30T18:00:00.000Z,191.82,191.85,191.23,191.655,3702244
2026-01-30T18:15:00.000Z,191.65,191.7125,190.49,191.27,4855240
2026-01-30T18:30:00.000Z,191.27,191.33,190.52,190.8601,3847930
2026-01-30T18:45:00.000Z,190.84,191.77,190.83,191.52,3427064
2026-01-30T19:00:00.000Z,191.52,191.88,191.24,191.705,4153927
2026-01-30T19:15:00.000Z,191.695,191.92,191.41,191.47,3016267
2026-01-30T19:30:00.000Z,191.47,191.6951,191.06,191.15,2983599
2026-01-30T19:45:00.000Z,191.15,191.41,190.68,190.81,3305537
2026-01-30T20:00:00.000Z,190.83,191.15,190.3,190.405,3379858
2026-01-30T20:15:00.000Z,190.4,190.4,189.47,189.845,5544274
2026-01-30T20:30:00.000Z,189.84,190.44,189.79,190.26,6132566
2026-01-30T20:45:00.000Z,190.28,191.74,190.26,191.285,12235824
2026-02-02T14:30:00.000Z,187.2,188.03,186.6,187.09,13274582
2026-02-02T14:45:00.000Z,187.1125,187.99,186.5,186.66,8276340
2026-02-02T15:00:00.000Z,186.63,188.59,186.42,188.51,7922845
2026-02-02T15:15:00.000Z,188.51,189.175,188.285,188.5801,6134472
2026-02-02T15:30:00.000Z,188.57,189.38,188.3,189.17,4901058
2026-02-02T15:45:00.000Z,189.17,189.23,188.105,188.6425,4046990
2026-02-02T16:00:00.000Z,188.6495,188.8,187.87,188.61,4226564
2026-02-02T16:15:00.000Z,188.61,189.18,188.55,189.1399,3491798
2026-02-02T16:30:00.000Z,189.135,189.475,188.91,188.915,4519516
2026-02-02T16:45:00.000Z,188.92,189.51,188.505,189.445,3382020
2026-02-02T17:00:00.000Z,189.435,189.79,189.23,189.5401,3218345
2026-02-02T17:15:00.000Z,189.545,189.825,189.09,189.2101,3258239
2026-02-02T17:30:00.000Z,189.2101,189.655,189.11,189.3443,3031443
2026-02-02T17:45:00.000Z,189.34,190.12,189.28,189.8779,3736124
2026-02-02T18:00:00.000Z,189.875,190.3,189.84,189.965,3410428
2026-02-02T18:15:00.000Z,189.96,190.13,189.69,189.735,2740897
2026-02-02T18:30:00.000Z,189.73,189.99,189.47,189.7,2736793
2026-02-02T18:45:00.000Z,189.7,190.02,189.6,189.99,2519628
2026-02-02T19:00:00.000Z,189.995,190.1,189.62,189.65,2791515
2026-02-02T19:15:00.000Z,189.645,189.98,189.58,189.92,2270243
2026-02-02T19:30:00.000Z,189.915,189.96,188.995,189.0001,3145625
2026-02-02T19:45:00.000Z,189,189.01,187.41,187.44,5440080
2026-02-02T20:00:00.000Z,187.44,187.64,186.93,187.089,7620178
2026-02-02T20:15:00.000Z,187.0875,187.44,186.0801,186.18,6454965
2026-02-02T20:30:00.000Z,186.185,186.31,185.51,185.695,7985344
2026-02-02T20:45:00.000Z,185.695,185.89,184.88,185.69,12471169
2026-02-03T14:30:00.000Z,186.24,186.27,182.78,183.43,17370620
2026-02-03T14:45:00.000Z,183.43,184.235,181.5,181.83,11093810
2026-02-03T15:00:00.000Z,181.84,182,180.4,180.72,11947852
2026-02-03T15:15:00.000Z,180.7,181.02,179.56,180.2999,10399425
2026-02-03T15:30:00.000Z,180.28,180.53,179.71,180.135,7374072
2026-02-03T15:45:00.000Z,180.125,180.96,179.7901,180.7599,6438319
2026-02-03T16:00:00.000Z,180.76,180.83,179.39,179.76,6670090
2026-02-03T16:15:00.000Z,179.75,179.97,179.08,179.1,5334259
2026-02-03T16:30:00.000Z,179.0901,180.19,179.0901,180.095,6643742
2026-02-03T16:45:00.000Z,180.09,180.49,179.93,180.075,4401856
2026-02-03T17:00:00.000Z,180.07,180.13,179.11,179.3801,4755593
2026-02-03T17:15:00.000Z,179.38,180.4,179.285,180.0001,4919228
2026-02-03T17:30:00.000Z,180,180.08,179.15,179.45,5037555
2026-02-03T17:45:00.000Z,179.45,179.47,178.65,178.87,5870839
2026-02-03T18:00:00.000Z,178.87,179.72,178.8102,178.92,4378545
2026-02-03T18:15:00.000Z,178.92,179.325,178.65,179.1585,4180536
2026-02-03T18:30:00.000Z,179.145,179.17,178.51,178.83,4023912
2026-02-03T18:45:00.000Z,178.82,178.87,178.41,178.43,3789083
2026-02-03T19:00:00.000Z,178.42,179.3699,178.05,179.35,5162479
2026-02-03T19:15:00.000Z,179.35,179.52,178.37,178.695,4706797
2026-02-03T19:30:00.000Z,178.69,179.03,176.96,176.97,9268947
2026-02-03T19:45:00.000Z,176.965,177.95,176.23,177.87,8677296
2026-02-03T20:00:00.000Z,177.87,178.155,177.5293,177.9,4974357
2026-02-03T20:15:00.000Z,177.89,178.99,177.61,178.697,5627667
2026-02-03T20:30:00.000Z,178.6951,179.875,178.68,179.575,6295019
2026-02-03T20:45:00.000Z,179.57,180.7,179.4,180.33,10470359
2026-02-04T14:30:00.000Z,179.46,179.565,177.2,179.21,10926688
2026-02-04T14:45:00.000Z,179.21,179.58,177.66,177.77,7506947
2026-02-04T15:00:00.000Z,177.75,178.13,176.62,178,9881063
2026-02-04T15:15:00.000Z,178.02,178.13,176.845,177.1952,6704537
2026-02-04T15:30:00.000Z,177.2,177.56,175.66,176.9,9304661
2026-02-04T15:45:00.000Z,176.91,177.02,175.8,175.88,5828868
2026-02-04T16:00:00.000Z,175.88,176.03,174.57,175.36,8769753
2026-02-04T16:15:00.000Z,175.37,175.635,174.4842,175.25,5957225
2026-02-04T16:30:00.000Z,175.24,175.3,173.66,173.6899,5774621
2026-02-04T16:45:00.000Z,173.69,174.73,173.26,174.65,7022799
2026-02-04T17:00:00.000Z,174.64,175.18,174.26,175.065,5058657
2026-02-04T17:15:00.000Z,175.06,175.11,173.32,173.35,5067986
2026-02-04T17:30:00.000Z,173.355,173.91,172.11,172.675,8355296
2026-02-04T17:45:00.000Z,172.67,173.3,171.91,173.2902,7318343
2026-02-04T18:00:00.000Z,173.295,173.695,172.42,173.0216,5576571
2026-02-04T18:15:00.000Z,173.03,174.32,172.76,174.1266,5106986
2026-02-04T18:30:00.000Z,174.14,174.15,173.27,173.57,4341148
2026-02-04T18:45:00.000Z,173.56,174.295,172.9,174.1,5248103
2026-02-04T19:00:00.000Z,174.09,174.5,173.6699,174.42,5306120
2026-02-04T19:15:00.000Z,174.41,175.01,174.34,174.9401,4687762
2026-02-04T19:30:00.000Z,174.93,175.52,174.87,175.06,5538403
2026-02-04T19:45:00.000Z,175.05,175.98,174.965,175.955,5875754
2026-02-04T20:00:00.000Z,175.95,176.14,174.25,174.28,5387580
2026-02-04T20:15:00.000Z,174.3,175.505,174.27,175.2711,5095269
2026-02-04T20:30:00.000Z,175.271,175.88,175.1,175.5235,5194109
2026-02-04T20:45:00.000Z,175.525,175.89,174.19,174.2,11430222
2026-02-05T14:30:00.000Z,174.925,175.76,173.685,175.25,14850772
2026-02-05T14:45:00.000Z,175.24,176.815,173.65,173.89,12391421
2026-02-05T15:00:00.000Z,173.9,174.23,171.42,171.46,10286324
2026-02-05T15:15:00.000Z,171.46,172.8,171.31,171.585,9315068
2026-02-05T15:30:00.000Z,171.58,173.43,171.44,173,8133793
2026-02-05T15:45:00.000Z,172.98,173.46,171.945,173.18,8147359
2026-02-05T16:00:00.000Z,173.19,173.2866,171.82,172.14,6020574
2026-02-05T16:15:00.000Z,172.14,174.26,172.125,174.255,6663058
2026-02-05T16:30:00.000Z,174.27,175.245,174.18,174.8099,7137222
2026-02-05T16:45:00.000Z,174.79,175.6,174.38,175.21,5689932
2026-02-05T17:00:00.000Z,175.21,175.25,174.37,174.85,4003318
2026-02-05T17:15:00.000Z,174.85,175.7748,174.48,175.285,4203253
2026-02-05T17:30:00.000Z,175.2999,175.7,174.9448,175.357,3424680
2026-02-05T17:45:00.000Z,175.4,175.665,174.72,174.96,4873590
2026-02-05T18:00:00.000Z,174.95,175.37,174.6,174.78,11910207
2026-02-05T18:15:00.000Z,174.79,174.87,174.02,174.32,4554848
2026-02-05T18:30:00.000Z,174.31,174.74,173.565,173.74,3704111
2026-02-05T18:45:00.000Z,173.73,173.881,173.07,173.21,3486565
2026-02-05T19:00:00.000Z,173.2,174.21,172.9,174.0401,4236389
2026-02-05T19:15:00.000Z,174.06,174.425,173.5701,173.67,3875980
2026-02-05T19:30:00.000Z,173.65,173.68,172.78,173.09,3712065
2026-02-05T19:45:00.000Z,173.08,173.25,172.74,173.19,3569590
2026-02-05T20:00:00.000Z,173.175,174.22,172.9701,173.535,4292162
2026-02-05T20:15:00.000Z,173.53,173.555,172.17,172.2601,5159906
2026-02-05T20:30:00.000Z,172.26,172.53,171.86,172.0639,6227839
2026-02-05T20:45:00.000Z,172.06,172.19,171.03,171.89,11319538
2026-02-06T14:30:00.000Z,176.69,179.98,174.6,179.95,20217766
2026-02-06T14:45:00.000Z,179.95,181.72,179.95,180.5569,17821839
2026-02-06T15:00:00.000Z,180.57,180.95,179.45,180.045,10902543
2026-02-06T15:15:00.000Z,180.0285,182.885,179.85,182.65,11563041
2026-02-06T15:30:00.000Z,182.6425,182.99,181.925,182.535,9944021
2026-02-06T15:45:00.000Z,182.55,182.85,181.8,182.845,7777847
2026-02-06T16:00:00.000Z,182.85,184.26,182.55,184.221,9644091
2026-02-06T16:15:00.000Z,184.22,184.29,183.22,183.98,7909164
2026-02-06T16:30:00.000Z,183.97,184.35,183.52,183.6499,6938549
2026-02-06T16:45:00.000Z,183.645,183.777,182.91,183.24,6537951
2026-02-06T17:00:00.000Z,183.25,183.87,182.93,183.66,4344726
2026-02-06T17:15:00.000Z,183.65,184.65,183.48,184.5312,5690320
2026-02-06T17:30:00.000Z,184.53,185.17,184.52,184.74,7830132
2026-02-06T17:45:00.000Z,184.748,185.11,184.36,184.485,4811822
2026-02-06T18:00:00.000Z,184.49,184.79,184.21,184.7099,3839007
2026-02-06T18:15:00.000Z,184.705,184.92,184.26,184.5103,4871850
2026-02-06T18:30:00.000Z,184.5135,184.76,184.263,184.5701,2979001
2026-02-06T18:45:00.000Z,184.5775,185.02,184.56,184.57,3651694
2026-02-06T19:00:00.000Z,184.56,184.92,184.37,184.41,3273033
2026-02-06T19:15:00.000Z,184.41,184.61,184.135,184.445,3612714
2026-02-06T19:30:00.000Z,184.45,184.7799,184.3,184.685,3928537
2026-02-06T19:45:00.000Z,184.68,185.1,184.68,184.9834,4243259
2026-02-06T20:00:00.000Z,184.99,185.44,184.68,185.01,6130830
2026-02-06T20:15:00.000Z,185.01,185.59,185.01,185.335,6800873
2026-02-06T20:30:00.000Z,185.33,186.37,185.22,186.305,6984803
2026-02-06T20:45:00.000Z,186.3,187,185.2,185.41,16503939
2026-02-09T14:30:00.000Z,184.26,190.94,183.95,190.92,25382271
2026-02-09T14:45:00.000Z,190.915,193.66,190.81,191.16,23249706
2026-02-09T15:00:00.000Z,191.15,192.38,190.73,192.04,12231940
2026-02-09T15:15:00.000Z,192.05,192.44,190.58,190.695,8629300
2026-02-09T15:30:00.000Z,190.7,191.66,190.7,191.6565,7261403
2026-02-09T15:45:00.000Z,191.66,192.15,191.22,191.975,6523558
2026-02-09T16:00:00.000Z,191.98,192.15,191.59,191.91,5310541
2026-02-09T16:15:00.000Z,191.9001,191.99,191.54,191.825,4366829
2026-02-09T16:30:00.000Z,191.82,191.865,191.405,191.81,4135691
2026-02-09T16:45:00.000Z,191.8085,191.95,191.47,191.48,3878818
2026-02-09T17:00:00.000Z,191.475,192.49,191.305,192.3584,5319778
2026-02-09T17:15:00.000Z,192.3584,192.52,191.47,191.59,5750675
2026-02-09T17:30:00.000Z,191.59,192.0599,191.575,191.885,3171283
2026-02-09T17:45:00.000Z,191.89,191.98,191.36,191.43,3134825
2026-02-09T18:00:00.000Z,191.43,191.64,191.31,191.43,2697940
2026-02-09T18:15:00.000Z,191.43,191.54,190.78,190.993,3695357
2026-02-09T18:30:00.000Z,190.9851,191.41,190.85,191.37,2909342
2026-02-09T18:45:00.000Z,191.3701,191.5,190.675,190.765,3169970
2026-02-09T19:00:00.000Z,190.76,191.04,190.64,191.005,2894813
2026-02-09T19:15:00.000Z,191.005,191.3599,190.85,191.01,3452978
2026-02-09T19:30:00.000Z,191.005,191.38,190.9215,191.15,2725646
2026-02-09T19:45:00.000Z,191.155,191.42,190.9201,190.93,3794272
2026-02-09T20:00:00.000Z,190.92,191.15,190.3301,190.335,4013161
2026-02-09T20:15:00.000Z,190.33,191.09,189.63,189.9,6600461
2026-02-09T20:30:00.000Z,189.89,190.29,189.535,190.045,5601451
2026-02-09T20:45:00.000Z,190.05,190.5,189.79,189.79,9174760
2026-02-10T14:30:00.000Z,191.38,192.48,189.2,189.42,14799893
2026-02-10T14:45:00.000Z,189.41,189.92,188.365,189.29,9883014
2026-02-10T15:00:00.000Z,189.3,189.3999,188.4,188.5499,6943772
2026-02-10T15:15:00.000Z,188.54,189.39,188.12,189.1732,6282239
2026-02-10T15:30:00.000Z,189.16,189.415,188.845,189.35,4586007
2026-02-10T15:45:00.000Z,189.35,190.25,189.29,190.05,6073683
2026-02-10T16:00:00.000Z,190.06,190.33,189.61,189.8,3906170
2026-02-10T16:15:00.000Z,189.805,189.99,189.12,189.1201,5321368
2026-02-10T16:30:00.000Z,189.12,189.42,188.91,189.3251,5981068
2026-02-10T16:45:00.000Z,189.33,189.63,189.115,189.28,5020144
2026-02-10T17:00:00.000Z,189.27,189.74,189.2107,189.65,2175130
2026-02-10T17:15:00.000Z,189.65,190.16,189.6335,189.69,3352366
2026-02-10T17:30:00.000Z,189.68,190.19,189.44,190.1401,3108851
2026-02-10T17:45:00.000Z,190.145,190.44,189.9401,190.217,3969142
2026-02-10T18:00:00.000Z,190.225,190.26,189.91,190,2075165
2026-02-10T18:15:00.000Z,190,190.075,189.19,189.245,2848332
2026-02-10T18:30:00.000Z,189.24,189.56,189.07,189.36,2463466
2026-02-10T18:45:00.000Z,189.3597,189.5699,189.17,189.48,1928178
2026-02-10T19:00:00.000Z,189.48,189.6,189.22,189.47,1700697
2026-02-10T19:15:00.000Z,189.46,189.48,189.08,189.21,1741687
2026-02-10T19:30:00.000Z,189.22,189.38,188.88,188.91,2662413
2026-02-10T19:45:00.000Z,188.9194,189.38,188.77,189.04,2672543
2026-02-10T20:00:00.000Z,189.03,189.03,188.42,188.79,3512008
2026-02-10T20:15:00.000Z,188.79,189.555,188.7801,189.1,3708548
2026-02-10T20:30:00.000Z,189.1,189.2899,188.82,189.18,3191996
2026-02-10T20:45:00.000Z,189.18,189.43,188.38,188.61,7306257
2026-02-11T14:30:00.000Z,192.45,193.2,190.99,192.87,16173066
2026-02-11T14:45:00.000Z,192.875,193.26,191.17,191.22,9454675
2026-02-11T15:00:00.000Z,191.25,191.69,189.65,190.23,8279521
2026-02-11T15:15:00.000Z,190.25,190.52,188.77,188.92,8869284
2026-02-11T15:30:00.000Z,188.925,190.95,188.87,190.706,6644031
2026-02-11T15:45:00.000Z,190.7015,191.96,190.02,191.5908,6847962
2026-02-11T16:00:00.000Z,191.6,191.98,190.91,191.85,5418952
2026-02-11T16:15:00.000Z,191.85,192.185,191.23,191.2898,5253638
2026-02-11T16:30:00.000Z,191.28,191.52,190.69,191.24,4510300
2026-02-11T16:45:00.000Z,191.24,191.39,190.82,190.94,2892740
2026-02-11T17:00:00.000Z,190.945,191.47,190.37,191.32,4049220
2026-02-11T17:15:00.000Z,191.32,192.105,191.23,191.985,3967728
2026-02-11T17:30:00.000Z,191.98,192.15,191.82,192.11,3072615
2026-02-11T17:45:00.000Z,192.105,192.28,191.73,191.82,3349747
2026-02-11T18:00:00.000Z,191.8101,192,191.29,191.295,2414664
2026-02-11T18:15:00.000Z,191.29,191.64,191.1,191.431,3095766
2026-02-11T18:30:00.000Z,191.44,191.53,190.97,191.325,2414885
2026-02-11T18:45:00.000Z,191.33,191.98,191.28,191.77,2778329
2026-02-11T19:00:00.000Z,191.77,191.88,191.3,191.785,2644176
2026-02-11T19:15:00.000Z,191.785,192.21,191.785,192.045,2853718
2026-02-11T19:30:00.000Z,192.04,192.155,191.7,191.925,2337620
2026-02-11T19:45:00.000Z,191.925,191.98,191.43,191.52,2787659
2026-02-11T20:00:00.000Z,191.525,191.57,191.1201,191.275,2573319
2026-02-11T20:15:00.000Z,191.28,191.56,190.95,191.06,3123955
2026-02-11T20:30:00.000Z,191.05,191.36,190.91,191.0699,3274686
2026-02-11T20:45:00.000Z,191.07,191.335,189.95,190.04,7880669
2026-02-12T14:30:00.000Z,193.03,193.61,191.67,191.9,13741431
2026-02-12T14:45:00.000Z,191.89,192.4,191.22,191.45,9511342
2026-02-12T15:00:00.000Z,191.425,191.8,190.52,191.6701,8675327
2026-02-12T15:15:00.000Z,191.665,191.98,191.1,191.7099,5712927
2026-02-12T15:30:00.000Z,191.7,191.8199,189.5601,189.7899,7733624
2026-02-12T15:45:00.000Z,189.78,190.55,189.155,189.23,7581319
2026-02-12T16:00:00.000Z,189.23,189.8,188.8301,189.06,6785005
2026-02-12T16:15:00.000Z,189.06,189.37,187.24,187.305,8456366
2026-02-12T16:30:00.000Z,187.32,189.19,187.23,188.8,7387393
2026-02-12T16:45:00.000Z,188.8,189.73,188.71,189.29,5563589
2026-02-12T17:00:00.000Z,189.29,189.94,188.96,189.299,4751989
2026-02-12T17:15:00.000Z,189.28,189.98,188.92,189.57,4133410
2026-02-12T17:30:00.000Z,189.565,190.53,189.53,190.175,5009964
2026-02-12T17:45:00.000Z,190.18,190.3,189.5,189.6665,4250996
2026-02-12T18:00:00.000Z,189.655,189.74,188.74,189.3455,5528447
2026-02-12T18:15:00.000Z,189.34,189.38,188.54,189.25,4478465
2026-02-12T18:30:00.000Z,189.25,189.93,188.92,189.82,3566361
2026-02-12T18:45:00.000Z,189.805,189.96,189.37,189.8599,3219550
2026-02-12T19:00:00.000Z,189.86,190,189.05,189.165,3535580
2026-02-12T19:15:00.000Z,189.16,189.95,188.94,189.05,3626997
2026-02-12T19:30:00.000Z,189.04,189.48,188.91,189.06,3296179
2026-02-12T19:45:00.000Z,189.06,189.37,188.14,188.2595,3874059
2026-02-12T20:00:00.000Z,188.26,188.525,187.58,188.14,4367271
2026-02-12T20:15:00.000Z,188.14,188.201,187.51,187.6,4003962
2026-02-12T20:30:00.000Z,187.6,187.98,187.045,187.165,5813596
2026-02-12T20:45:00.000Z,187.16,187.68,186.51,186.91,11171287
2026-02-13T14:30:00.000Z,187.475,187.5,182.26,184.245,16552896
2026-02-13T14:45:00.000Z,184.25,186.18,182.32,182.41,14705589
2026-02-13T15:00:00.000Z,182.4,184.11,182.18,183.025,9214405
2026-02-13T15:15:00.000Z,183.05,184.5,182.5,184.075,7292840
2026-02-13T15:30:00.000Z,184.07,185.18,183.49,183.5776,6939164
2026-02-13T15:45:00.000Z,183.58,183.78,182.3013,183.29,6834247
2026-02-13T16:00:00.000Z,183.315,183.95,182.985,183.5499,4611312
2026-02-13T16:15:00.000Z,183.5401,183.78,182.8,183.595,4467314
2026-02-13T16:30:00.000Z,183.59,184.16,183.085,183.9,3841240
2026-02-13T16:45:00.000Z,183.89,184.16,183.53,183.84,3543099
2026-02-13T17:00:00.000Z,183.84,184.5,183.66,184.44,2867955
2026-02-13T17:15:00.000Z,184.45,184.71,183.92,184.55,3176467
2026-02-13T17:30:00.000Z,184.56,184.98,184.325,184.4201,2922283
2026-02-13T17:45:00.000Z,184.41,184.65,183.97,183.985,3047828
2026-02-13T18:00:00.000Z,183.98,184.205,183.46,183.9,3471907
2026-02-13T18:15:00.000Z,183.9,184.56,183.76,184.23,2688149
2026-02-13T18:30:00.000Z,184.24,184.77,184.13,184.39,2227508
2026-02-13T18:45:00.000Z,184.39,184.86,184.04,184.2051,2401918
2026-02-13T19:00:00.000Z,184.205,184.28,183.76,183.9258,2542848
2026-02-13T19:15:00.000Z,183.92,184.09,183.56,183.69,2280326
2026-02-13T19:30:00.000Z,183.71,184.04,183.6,183.945,2498620
2026-02-13T19:45:00.000Z,183.93,184.285,182.83,182.8699,3949983
2026-02-13T20:00:00.000Z,182.86,183.41,182.54,182.55,3975796
2026-02-13T20:15:00.000Z,182.55,182.93,182.05,182.31,6050366
2026-02-13T20:30:00.000Z,182.3,182.44,181.59,181.96,6712682
2026-02-13T20:45:00.000Z,181.95,183.12,181.88,182.78,10855413
2026-02-17T14:30:00.000Z,181.75,183.42,181.01,181.906,12654702
2026-02-17T14:45:00.000Z,181.92,182.07,179.29,179.29,10314459
2026-02-17T15:00:00.000Z,179.3,180.49,179.18,179.8,7063128
2026-02-17T15:15:00.000Z,179.79,180.94,179.64,180.41,6063527
2026-02-17T15:30:00.000Z,180.4,180.59,179.27,180.2801,5813153
2026-02-17T15:45:00.000Z,180.29,181.96,180.16,181.7975,6024403
2026-02-17T16:00:00.000Z,181.83,184.37,181.75,184.24,7799451
2026-02-17T16:15:00.000Z,184.23,184.32,183.51,183.58,6722262
2026-02-17T16:30:00.000Z,183.57,184.59,183.19,183.845,6092641
2026-02-17T16:45:00.000Z,183.86,184.48,183.8251,184.05,3702218
2026-02-17T17:00:00.000Z,184.09,184.35,183.575,183.675,3684538
2026-02-17T17:15:00.000Z,183.685,184.75,183.62,184.74,3960551
2026-02-17T17:30:00.000Z,184.75,184.77,183.93,183.93,4020325
2026-02-17T17:45:00.000Z,183.948,184.9,183.62,184.88,4575431
2026-02-17T18:00:00.000Z,184.88,184.91,184.17,184.642,3420549
2026-02-17T18:15:00.000Z,184.64,185.5,184.32,185.35,4121292
2026-02-17T18:30:00.000Z,185.36,185.94,184.99,185.53,4144549
2026-02-17T18:45:00.000Z,185.535,185.81,185.23,185.49,2791748
2026-02-17T19:00:00.000Z,185.47,186.03,185.45,186.025,3219631
2026-02-17T19:15:00.000Z,186.02,186.4499,185.9,186.417,3611239
2026-02-17T19:30:00.000Z,186.42,187.15,186.2,186.7197,4814713
2026-02-17T19:45:00.000Z,186.71,186.713,185.78,185.97,3997438
2026-02-17T20:00:00.000Z,185.965,186.2,185.65,185.8475,3241323
2026-02-17T20:15:00.000Z,185.845,185.99,185.33,185.42,3675083
2026-02-17T20:30:00.000Z,185.41,185.49,184.77,185.26,4841336
2026-02-17T20:45:00.000Z,185.26,185.53,184.35,185.0299,8605280
2026-02-18T14:30:00.000Z,188.75,189.19,187.35,188.3645,15864675
2026-02-18T14:45:00.000Z,188.36,188.93,187.625,188.75,8908946
2026-02-18T15:00:00.000Z,188.75,189.76,188.7,189.44,8654625
2026-02-18T15:15:00.000Z,189.44,190.23,189.35,189.7757,8615645
2026-02-18T15:30:00.000Z,189.77,189.96,189.28,189.585,6365719
2026-02-18T15:45:00.000Z,189.58,190.15,189.25,189.865,5179119
2026-02-18T16:00:00.000Z,189.86,190.37,189.7998,189.915,4668371
2026-02-18T16:15:00.000Z,189.91,189.93,189.46,189.775,3488185
2026-02-18T16:30:00.000Z,189.77,189.955,189.38,189.495,3206019
2026-02-18T16:45:00.000Z,189.49,189.61,188.7325,188.7901,4452122
2026-02-18T17:00:00.000Z,188.79,189.465,188.66,188.68,4498843
2026-02-18T17:15:00.000Z,188.685,189.41,188.67,189.1399,3482110
2026-02-18T17:30:00.000Z,189.14,189.299,188.96,189.0787,2071674
2026-02-18T17:45:00.000Z,189.0751,189.37,188.945,189.13,2341613
2026-02-18T18:00:00.000Z,189.13,189.695,189.07,189.22,2593777
2026-02-18T18:15:00.000Z,189.225,189.3,188.895,188.94,2535073
2026-02-18T18:30:00.000Z,188.94,189.03,188.36,188.445,3418011
2026-02-18T18:45:00.000Z,188.44,188.9,188.2,188.8,3683579
2026-02-18T19:00:00.000Z,188.8,189.11,188.51,189.1,3523309
2026-02-18T19:15:00.000Z,189.09,189.1299,188.4801,188.5642,3362628
2026-02-18T19:30:00.000Z,188.555,188.67,187.65,187.9,5165357
2026-02-18T19:45:00.000Z,187.9,188.2,186.965,187.0751,5228174
2026-02-18T20:00:00.000Z,187.07,187.485,186.85,187.0599,5140634
2026-02-18T20:15:00.000Z,187.0572,187.215,186.76,186.97,4390813
2026-02-18T20:30:00.000Z,186.97,187.83,186.91,187.744,5389528
2026-02-18T20:45:00.000Z,187.75,188.51,187.4,187.84,11607646
2026-02-19T14:30:00.000Z,187.055,187.39,185.8,186.295,9020696
2026-02-19T14:45:00.000Z,186.29,187.35,185.66,186.755,6899072
2026-02-19T15:00:00.000Z,186.7225,187.885,186.37,187.87,5952532
2026-02-19T15:15:00.000Z,187.875,188.29,187.31,187.6191,6094586
2026-02-19T15:30:00.000Z,187.62,188.43,187.53,187.9997,6033616
2026-02-19T15:45:00.000Z,188,188.14,187.16,187.92,4612883
2026-02-19T16:00:00.000Z,187.93,187.99,186.92,187.17,4440560
2026-02-19T16:15:00.000Z,187.175,187.8799,187.09,187.32,4164265
2026-02-19T16:30:00.000Z,187.33,187.79,186.79,186.822,4100226
2026-02-19T16:45:00.000Z,186.82,187.06,186.44,186.6839,4030259
2026-02-19T17:00:00.000Z,186.69,186.7901,186.4,186.68,3211995
2026-02-19T17:15:00.000Z,186.69,187,186.48,186.63,2919103
2026-02-19T17:30:00.000Z,186.62,186.68,186.16,186.305,3107516
2026-02-19T17:45:00.000Z,186.31,186.34,185.79,185.95,4189851
2026-02-19T18:00:00.000Z,185.94,186.571,185.9,186.495,2967581
2026-02-19T18:15:00.000Z,186.49,186.55,185.85,186.1897,2774437
2026-02-19T18:30:00.000Z,186.18,186.5099,186.1594,186.32,2436696
2026-02-19T18:45:00.000Z,186.31,186.75,186.18,186.715,2360966
2026-02-19T19:00:00.000Z,186.71,186.925,186.485,186.815,2733168
2026-02-19T19:15:00.000Z,186.81,187.06,186.33,186.53,2913639
2026-02-19T19:30:00.000Z,186.53,187,186.44,186.63,3165686
2026-02-19T19:45:00.000Z,186.6396,186.72,186.36,186.5501,2324345
2026-02-19T20:00:00.000Z,186.5503,187.065,186.545,186.81,2675465
2026-02-19T20:15:00.000Z,186.81,187.04,186.65,186.7951,3071891
2026-02-19T20:30:00.000Z,186.79,187.27,186.72,187.235,3293879
2026-02-19T20:45:00.000Z,187.24,187.94,187.06,187.89,6348143
2026-02-20T14:30:00.000Z,186.57,188.45,185.9378,188.068,12992498
2026-02-20T14:45:00.000Z,188.06,188.7,187.26,187.65,7999357
2026-02-20T15:00:00.000Z,187.655,189.34,186.67,187.27,11618594
2026-02-20T15:15:00.000Z,187.28,188.38,186.58,187.815,7550163
2026-02-20T15:30:00.000Z,187.84,189.23,187.515,189.2085,8143936
2026-02-20T15:45:00.000Z,189.2,190.18,188.75,190.045,10040928
2026-02-20T16:00:00.000Z,190.03,190.33,189.442,189.5,6980032
2026-02-20T16:15:00.000Z,189.51,189.63,188.57,188.795,6556778
2026-02-20T16:30:00.000Z,188.8,190.14,188.6,189.84,5869298
2026-02-20T16:45:00.000Z,189.835,190.2,189.74,189.79,4853661
2026-02-20T17:00:00.000Z,189.79,189.88,188.74,188.7699,4605602
2026-02-20T17:15:00.000Z,188.765,188.78,187.63,187.94,6308233
2026-02-20T17:30:00.000Z,187.935,188.71,187.86,188.18,5935516
2026-02-20T17:45:00.000Z,188.19,188.77,187.97,188.72,5111065
2026-02-20T18:00:00.000Z,188.7,189,188.5,188.69,3876097
2026-02-20T18:15:00.000Z,188.69,188.88,188.16,188.68,4282696
2026-02-20T18:30:00.000Z,188.685,189.56,188.31,189.42,6543223
2026-02-20T18:45:00.000Z,189.41,189.92,189.29,189.8126,4829564
2026-02-20T19:00:00.000Z,189.82,190.09,189.545,189.59,4019703
2026-02-20T19:15:00.000Z,189.59,189.865,189.235,189.365,3082093
2026-02-20T19:30:00.000Z,189.36,189.53,188.94,189.035,3535631
2026-02-20T19:45:00.000Z,189.04,189.515,188.96,189.2651,3232190
2026-02-20T20:00:00.000Z,189.27,189.89,189.195,189.725,3534935
2026-02-20T20:15:00.000Z,189.74,189.83,189.36,189.42,3141653
2026-02-20T20:30:00.000Z,189.42,189.95,189.37,189.84,3652155
2026-02-20T20:45:00.000Z,189.83,190,189.56,189.81,9070231
2026-02-23T14:30:00.000Z,191.4,193.95,191.3,192.34,20478335.03439
2026-02-23T14:45:00.000Z,192.33,193.4,192.03,193.11,9604847.870251
2026-02-23T15:00:00.000Z,193.11,193.46,191.08,191.495,10210552.483260002
2026-02-23T15:15:00.000Z,191.49,191.85,190.92,191.33,6898031.934087001
2026-02-23T15:30:00.000Z,191.32,191.67,190.78,191.245,6149400.159751001
2026-02-23T15:45:00.000Z,191.245,191.475,190.1801,190.22,6348589.592463999
2026-02-23T16:00:00.000Z,190.23,191.51,189.575,189.975,6900848.313185
2026-02-23T16:15:00.000Z,189.98,190.56,189.6401,190.4966,5605006.496674
2026-02-23T16:30:00.000Z,190.49,191.215,190.4223,191.215,5233790.137456
2026-02-23T16:45:00.000Z,191.21,191.32,190.62,190.695,4407463.869633
2026-02-23T17:00:00.000Z,190.69,191.07,190.66,190.905,3413996.028968999
2026-02-23T17:15:00.000Z,190.9,191.19,190.79,190.95,2886405.790331
2026-02-23T17:30:00.000Z,190.94,190.97,189.725,190.055,4840860.478412
2026-02-23T17:45:00.000Z,190.06,191.28,189.98,191.035,4823969.996934
2026-02-23T18:00:00.000Z,191.045,191.23,190.875,191.195,3281758.290067999
2026-02-23T18:15:00.000Z,191.195,191.74,191.11,191.46,4260152.466911
2026-02-23T18:30:00.000Z,191.4559,191.66,191.27,191.5,3142918.6577709997
2026-02-23T18:45:00.000Z,191.51,191.75,190.78,190.9,3620710.51247
2026-02-23T19:00:00.000Z,190.91,191.257,190.77,191.05,3264075.570642
2026-02-23T19:15:00.000Z,191.04,191.09,190.57,190.575,3312059.0558169996
2026-02-23T19:30:00.000Z,190.57,190.82,190.31,190.605,3476271.1232820004
2026-02-23T19:45:00.000Z,190.6013,190.83,190.19,190.48,4034847.209141
2026-02-23T20:00:00.000Z,190.48,190.67,190.23,190.3135,2757587.2152759996
2026-02-23T20:15:00.000Z,190.31,190.95,190.2616,190.89,3811131.589519
2026-02-23T20:30:00.000Z,190.89,191.48,190.65,190.93,4987687.403777
2026-02-23T20:45:00.000Z,190.93,191.66,190.76,191.64,9281543.643827
2026-02-24T14:30:00.000Z,191.49,192.07,187.4,190.25,20721426.313304994
2026-02-24T14:45:00.000Z,190.26,190.515,189.45,189.75,8738238.464968
2026-02-24T15:00:00.000Z,189.73,191.28,189.56,190.81,7147569.781839
2026-02-24T15:15:00.000Z,190.8,192.055,190.54,192.01,6650762.926651999
2026-02-24T15:30:00.000Z,192,192.12,191.715,191.915,5258852.651306
2026-02-24T15:45:00.000Z,191.905,192.7,191.8187,192.2,6657743.338157001
2026-02-24T16:00:00.000Z,192.2,193.11,192.1,193.035,6686560.541948
2026-02-24T16:15:00.000Z,193.035,193.25,191.98,192.16,5936247.398343
2026-02-24T16:30:00.000Z,192.1501,192.21,191.88,192.02,3678698.253181
2026-02-24T16:45:00.000Z,192.015,193.35,192,192.925,5478433.585326
2026-02-24T17:00:00.000Z,192.93,193.75,192.8,193.54,6143286.958605001
2026-02-24T17:15:00.000Z,193.53,193.65,193.17,193.235,3982908.05057
2026-02-24T17:30:00.000Z,193.2399,193.6,193.12,193.255,3388659.1413209997
2026-02-24T17:45:00.000Z,193.25,193.335,193.0042,193.1,3202974.6375569995
2026-02-24T18:00:00.000Z,193.09,193.41,193.08,193.28,2354195.281354
2026-02-24T18:15:00.000Z,193.275,193.43,192.875,192.9401,2794507.209725
2026-02-24T18:30:00.000Z,192.945,193.09,192.71,192.945,2953235.161474
2026-02-24T18:45:00.000Z,192.95,193.02,192.52,192.615,3220654.093956
2026-02-24T19:00:00.000Z,192.615,192.83,192.465,192.655,2980023.941755
2026-02-24T19:15:00.000Z,192.655,192.66,192.16,192.43,3190231.674433
2026-02-24T19:30:00.000Z,192.435,192.77,192.4001,192.543,2852787.4981460003
2026-02-24T19:45:00.000Z,192.545,193.05,192.49,192.72,4005468.155115
2026-02-24T20:00:00.000Z,192.7298,192.81,192.535,192.6999,3092658.804579
2026-02-24T20:15:00.000Z,192.697,192.985,192.59,192.785,3523021.381446
2026-02-24T20:30:00.000Z,192.79,193.19,192.785,193.18,4122039.3175280006
2026-02-24T20:45:00.000Z,193.175,193.77,192.66,192.805,10830808.412651
2026-02-25T14:30:00.000Z,194.45,195,193.79,194.6399,16771052.810011001
2026-02-25T14:45:00.000Z,194.62,195.96,194.51,195.83,14464672.526846
2026-02-25T15:00:00.000Z,195.83,196.56,195.56,195.575,11819288.177468
2026-02-25T15:15:00.000Z,195.575,196.05,195.15,196.0451,8516999.900977
2026-02-25T15:30:00.000Z,196.0401,196.15,195.5,195.6651,6089190.613714001
2026-02-25T15:45:00.000Z,195.6677,196.325,195.5,196.215,5841140.202969
2026-02-25T16:00:00.000Z,196.21,196.62,196.07,196.53,5923611.127365
2026-02-25T16:15:00.000Z,196.525,196.55,195.81,196.34,5670699.700599
2026-02-25T16:30:00.000Z,196.33,197.15,196.33,197.09,9304456.186001
2026-02-25T16:45:00.000Z,197.1,197.32,196.87,197.065,5587402.747795
2026-02-25T17:00:00.000Z,197.065,197.58,196.865,197.5299,6135037.962354
2026-02-25T17:15:00.000Z,197.525,197.6299,197.26,197.355,5554000.900966
2026-02-25T17:30:00.000Z,197.355,197.53,197.195,197.355,3530096.544463
2026-02-25T17:45:00.000Z,197.355,197.4,197.04,197.07,3303179.1398659996
2026-02-25T18:00:00.000Z,197.08,197.17,196.75,196.8099,3926289.6047659996
2026-02-25T18:15:00.000Z,196.805,196.84,196.605,196.7299,3455437.0350470003
2026-02-25T18:30:00.000Z,196.725,196.82,196.481,196.71,3794683.0824920014
2026-02-25T18:45:00.000Z,196.715,196.78,196.58,196.625,2583634.466507
2026-02-25T19:00:00.000Z,196.62,197.23,196.61,197.1799,4859590.28493
2026-02-25T19:15:00.000Z,197.175,197.45,197.06,197.0999,4438824.879033
2026-02-25T19:30:00.000Z,197.089,197.28,196.9,197.185,4933281.002753
2026-02-25T19:45:00.000Z,197.18,197.37,197.07,197.18,4351169.329289
2026-02-25T20:00:00.000Z,197.175,197.24,196.68,196.8,5017477.499244001
2026-02-25T20:15:00.000Z,196.805,197.07,196.7,196.895,5847465.182326
2026-02-25T20:30:00.000Z,196.89,197.21,196.59,197.1963,8510046.974568
2026-02-25T20:45:00.000Z,197.195,197.2,195.52,195.88,16065053.209635999
2026-02-26T14:30:00.000Z,194.27,194.29,189.41,189.985,41412539.64060201
2026-02-26T14:45:00.000Z,189.99,190.01,188.28,189.39,26298050.434786003
2026-02-26T15:00:00.000Z,189.39,189.71,186.86,186.89,22034893.603847
2026-02-26T15:15:00.000Z,186.89,187.12,185.58,186.095,22625448.049416
2026-02-26T15:30:00.000Z,186.1,186.8,184.58,186.705,21537188.271192
2026-02-26T15:45:00.000Z,186.71,186.86,185.85,186.329,13265919.250353003
2026-02-26T16:00:00.000Z,186.33,187.58,186.24,187.305,13633884.769340998
2026-02-26T16:15:00.000Z,187.305,187.94,187.16,187.825,9567370.160731
2026-02-26T16:30:00.000Z,187.79,187.97,186.7,186.73,9699147.671060001
2026-02-26T16:45:00.000Z,186.73,186.97,185.85,185.8965,8060136.592268
2026-02-26T17:00:00.000Z,185.89,187.47,185.89,187.0234,8275183.623667998
2026-02-26T17:15:00.000Z,187.02,187.69,186.63,187.575,6298373.016206
2026-02-26T17:30:00.000Z,187.57,188.12,186.59,186.62,7434696.424271999
2026-02-26T17:45:00.000Z,186.6228,186.91,186.2,186.765,6745398.678917
2026-02-26T18:00:00.000Z,186.75,186.77,184.97,185.16,10103842.281962
2026-02-26T18:15:00.000Z,185.15,185.53,184.86,185.355,7213625.4157259995
2026-02-26T18:30:00.000Z,185.35,186,184.97,185.6199,7652015.216612001
2026-02-26T18:45:00.000Z,185.63,185.8703,184.82,185.22,7070174.825216999
2026-02-26T19:00:00.000Z,185.22,186.7,185.13,186.15,8860228.600633
2026-02-26T19:15:00.000Z,186.145,186.41,185.25,185.2999,7008778.047010001
2026-02-26T19:30:00.000Z,185.295,185.65,184.945,185.29,6712422.313896001
2026-02-26T19:45:00.000Z,185.285,185.82,185.07,185.4,6710796.867527
2026-02-26T20:00:00.000Z,185.39,185.46,184.34,184.38,8536712.066194002
2026-02-26T20:15:00.000Z,184.375,185.2,184.315,184.6899,9203591.641286
2026-02-26T20:30:00.000Z,184.68,185.55,184.54,184.865,10910666.606867
2026-02-26T20:45:00.000Z,184.87,185.2,184.34,184.87,16802021.780998003
2026-02-27T14:30:00.000Z,181.25,181.79,179.73,180.605,28317037.053649
2026-02-27T14:45:00.000Z,180.62,181.16,179.57,179.795,14813668.079304
2026-02-27T15:00:00.000Z,179.79,182.59,179.73,182.04,14856700.243558
2026-02-27T15:15:00.000Z,182.03,182.29,180.855,181.84,10659396.836086
2026-02-27T15:30:00.000Z,181.84,182.05,181.37,181.905,7170642.105847999
2026-02-27T15:45:00.000Z,181.905,182.25,181.06,181.515,7473130.052548
2026-02-27T16:00:00.000Z,181.52,181.94,181.31,181.565,5632806.358506
2026-02-27T16:15:00.000Z,181.56,181.85,181,181.02,5741285.466178
2026-02-27T16:30:00.000Z,181.025,181.46,180.21,180.2299,6599246.763648
2026-02-27T16:45:00.000Z,180.225,181,180.13,180.355,6082164.8786929995
2026-02-27T17:00:00.000Z,180.35,180.695,179.86,179.95,6642437.488619
2026-02-27T17:15:00.000Z,179.95,179.97,179.05,179.915,8423223.008859001
2026-02-27T17:30:00.000Z,179.92,180.3,179.6,179.725,6396486.321584
2026-02-27T17:45:00.000Z,179.725,179.865,179.4,179.7551,5093749.075126999
2026-02-27T18:00:00.000Z,179.75,179.82,179.2,179.295,4865928.905758999
2026-02-27T18:15:00.000Z,179.29,179.31,178.65,178.97,7715500.724386999
2026-02-27T18:30:00.000Z,178.97,179.31,178.76,178.765,5157794.343072001
2026-02-27T18:45:00.000Z,178.77,178.8,178.17,178.39,6902555.36205
2026-02-27T19:00:00.000Z,178.38,179.08,178.335,178.35,6727146.941172
2026-02-27T19:15:00.000Z,178.35,178.71,178.1,178.665,5686445.967266999
2026-02-27T19:30:00.000Z,178.67,178.92,178.42,178.595,5045365.458873
2026-02-27T19:45:00.000Z,178.595,179.7,178.52,179.365,6148131.593557001
2026-02-27T20:00:00.000Z,179.36,179.4008,178.63,179.15,6854843.808960999
2026-02-27T20:15:00.000Z,179.1525,179.375,178.65,178.9,7101115.327284999
2026-02-27T20:30:00.000Z,178.89,178.985,178.01,178.155,9703262.256321
2026-02-27T20:45:00.000Z,178.145,178.26,176.38,177.15,31935980.898389995
2026-03-02T14:30:00.000Z,175.01,180.0699,174.64,179.58,24880944.08006
2026-03-02T14:45:00.000Z,179.58,180.15,178.9016,179.7,11145789.485658
2026-03-02T15:00:00.000Z,179.69,180.97,179.05,180.6885,10390856.191436002
2026-03-02T15:15:00.000Z,180.69,181.38,180.27,180.5,9778757.216833
2026-03-02T15:30:00.000Z,180.49,181.36,180.01,181.1091,8118978.917259
2026-03-02T15:45:00.000Z,181.1,181.33,180.38,180.67,6264242.768933001
2026-03-02T16:00:00.000Z,180.68,181.2199,180.105,181.11,6040533.598099001
2026-03-02T16:15:00.000Z,181.11,181.81,180.655,180.92,7776163.089060999
2026-03-02T16:30:00.000Z,180.92,182.685,180.84,182.635,6548777.714147
2026-03-02T16:45:00.000Z,182.635,183.18,182.55,182.63,7620253.2554049995
2026-03-02T17:00:00.000Z,182.6262,182.6399,182.17,182.48,4354588.789682
2026-03-02T17:15:00.000Z,182.49,183.46,182.4801,183.06,5092017.906702
2026-03-02T17:30:00.000Z,183.055,183.056,182.26,182.485,4733531.485089001
2026-03-02T17:45:00.000Z,182.49,182.84,182.4,182.705,3857871.8968289997
2026-03-02T18:00:00.000Z,182.71,182.94,182.41,182.575,2535682.194528
2026-03-02T18:15:00.000Z,182.57,182.84,182.21,182.4451,2712314.971377
2026-03-02T18:30:00.000Z,182.45,182.59,182.1,182.435,3781566.3930549994
2026-03-02T18:45:00.000Z,182.435,182.44,182.044,182.065,3572323.7186919996
2026-03-02T19:00:00.000Z,182.07,182.71,181.95,182.62,4070333.811638001
2026-03-02T19:15:00.000Z,182.6299,182.91,182.38,182.645,3800165.418252
2026-03-02T19:30:00.000Z,182.645,182.9,182.445,182.655,2853341.5350140003
2026-03-02T19:45:00.000Z,182.655,183.05,182.63,182.8073,3139399.3827810003
2026-03-02T20:00:00.000Z,182.81,182.85,181.645,181.83,5649147.36769
2026-03-02T20:15:00.000Z,181.82,182.55,181.6601,182.15,4768405.296884
2026-03-02T20:30:00.000Z,182.16,182.435,181.99,182.23,4280126.839676
2026-03-02T20:45:00.000Z,182.22,182.83,182.06,182.35,11557861.233380001
2026-03-03T14:30:00.000Z,178.49,180.53,177.99,178.445,17086111.352478
2026-03-03T14:45:00.000Z,178.42,179.67,178.245,178.84,8511471.170382
2026-03-03T15:00:00.000Z,178.84,180.04,178.64,179.91,8485409.989796
2026-03-03T15:15:00.000Z,179.92,180.01,177.72,177.77,8915919.309824001
2026-03-03T15:30:00.000Z,177.76,178.74,177.2,177.36,8127041.573801001
2026-03-03T15:45:00.000Z,177.335,177.9401,176.92,177.5171,7122167.855315999
2026-03-03T16:00:00.000Z,177.5101,180.005,177.39,179.57,10492371.207286999
2026-03-03T16:15:00.000Z,179.577,179.95,179.1601,179.315,5496413.877878
2026-03-03T16:30:00.000Z,179.315,179.84,178.94,179.83,5120649.5740829995
2026-03-03T16:45:00.000Z,179.83,180.65,179.75,180.035,6049232.671712
2026-03-03T17:00:00.000Z,180.05,180.245,179.34,179.805,4576072.446246
2026-03-03T17:15:00.000Z,179.81,180.22,179.5,180.105,3508103.194079
2026-03-03T17:30:00.000Z,180.1,180.135,178.98,179.845,4214945.117339
2026-03-03T17:45:00.000Z,179.84,180.05,179.5,179.59,3039396.407212
2026-03-03T18:00:00.000Z,179.58,180.19,179.45,179.675,3404803.9475349993
2026-03-03T18:15:00.000Z,179.685,180.41,179.555,180.17,3690248.6570290006
2026-03-03T18:30:00.000Z,180.17,180.9,180.01,180.5703,3910054.2160120006
2026-03-03T18:45:00.000Z,180.6,180.81,180.22,180.515,3216030.3953319998
2026-03-03T19:00:00.000Z,180.515,180.6337,179.675,180.01,3493933.7048190003
2026-03-03T19:15:00.000Z,180.02,180.31,179.44,179.55,3074616.168745999
2026-03-03T19:30:00.000Z,179.56,180.49,179.15,180.44,5932536.794904001
2026-03-03T19:45:00.000Z,180.4432,180.87,179.84,180.06,4123543.9917199994
2026-03-03T20:00:00.000Z,180.07,180.24,179.6501,179.655,3286181.2390050003
2026-03-03T20:15:00.000Z,179.65,180.235,179.5,180.205,3703461.3447660003
2026-03-03T20:30:00.000Z,180.2,180.565,179.97,180.255,4706389.018857
2026-03-03T20:45:00.000Z,180.2401,180.36,179.9,180.05,7464429.743555001
2026-03-04T14:30:00.000Z,180.44,182.33,180.06,181.5901,16054000.398903998
2026-03-04T14:45:00.000Z,181.58,182.96,180.58,180.97,10668883.767332
2026-03-04T15:00:00.000Z,180.98,182.915,180.95,182.17,9253130.673051
2026-03-04T15:15:00.000Z,182.18,183.55,182,183.47,7332413.631221
2026-03-04T15:30:00.000Z,183.475,183.64,182.31,182.58,6310847.760647001
2026-03-04T15:45:00.000Z,182.57,183.07,182.16,182.8001,5546292.548986
2026-03-04T16:00:00.000Z,182.82,183.34,181.8,181.97,5537560.125780999
2026-03-04T16:15:00.000Z,181.97,182.72,181.91,182.4,4880411.554036001
2026-03-04T16:30:00.000Z,182.4,183.145,182.3208,183.01,4237487.207699
2026-03-04T16:45:00.000Z,183.02,183.12,182.62,182.6899,3292520.7826799997
2026-03-04T17:00:00.000Z,182.7,183.12,182.61,182.6899,3739596.2110989997
2026-03-04T17:15:00.000Z,182.6801,182.79,182.41,182.49,3252303.8951040003
2026-03-04T17:30:00.000Z,182.49,183.21,182.19,182.88,4136387.963565
2026-03-04T17:45:00.000Z,182.88,183.36,182.845,182.99,3232473.5239700004
2026-03-04T18:00:00.000Z,182.99,183.1304,182.805,182.95,2235351.6447240002
2026-03-04T18:15:00.000Z,182.945,183.06,182.385,183.0499,3436095.4985410003
2026-03-04T18:30:00.000Z,183.04,184.09,182.97,183.825,6566587.169919001
2026-03-04T18:45:00.000Z,183.82,184.62,183.53,184.52,7120251.502583001
2026-03-04T19:00:00.000Z,184.53,184.7,184.08,184.15,4218236.125967001
2026-03-04T19:15:00.000Z,184.145,184.65,184.1,184.305,3986769.1246690005
2026-03-04T19:30:00.000Z,184.305,184.34,183.71,183.78,3670684.7470460003
2026-03-04T19:45:00.000Z,183.77,184.06,183.55,183.825,3954870.594567
2026-03-04T20:00:00.000Z,183.82,183.86,183.2,183.3198,3788437.42588
2026-03-04T20:15:00.000Z,183.32,183.33,182.6,183.07,5776608.022244
2026-03-04T20:30:00.000Z,183.075,183.31,182.68,183.075,5113807.352824999
2026-03-04T20:45:00.000Z,183.07,183.34,182.6,182.9,12340757.469919
2026-03-05T14:30:00.000Z,181.17,182.46,180.8,181.09,13579549.097327998
2026-03-05T14:45:00.000Z,181.1,182.8,180.9,182.4625,8613648.311703002
2026-03-05T15:00:00.000Z,182.46,182.79,181.81,182.585,6900651.92832
2026-03-05T15:15:00.000Z,182.59,182.7,181.445,181.695,6594250.5176869985
2026-03-05T15:30:00.000Z,181.7,182.76,180.85,182.497,7733791.750494001
2026-03-05T15:45:00.000Z,182.5,183.92,182.3326,183.92,7629364.815948
2026-03-05T16:00:00.000Z,183.91,184.06,183.02,183.45,6750849.404225
2026-03-05T16:15:00.000Z,183.4499,183.62,182.72,182.78,4752070.005700001
2026-03-05T16:30:00.000Z,182.8,183.67,182.77,183.04,4567497.265572
2026-03-05T16:45:00.000Z,183.05,183.425,182.88,183.02,3136425.707478
2026-03-05T17:00:00.000Z,183.02,183.83,182.545,182.815,4061676.1350739994
2026-03-05T17:15:00.000Z,182.8108,182.82,181.06,181.07,5867141.247932
2026-03-05T17:30:00.000Z,181.07,181.22,179.205,179.36,12804154.839157999
2026-03-05T17:45:00.000Z,179.35,179.46,177.88,178.69,10813756.397851
2026-03-05T18:00:00.000Z,178.67,179.925,178.645,179.83,7872613.867377
2026-03-05T18:15:00.000Z,179.83,180.12,178.77,178.8799,5313931.091721999
2026-03-05T18:30:00.000Z,178.87,180.19,178.8,179.94,4676845.620944001
2026-03-05T18:45:00.000Z,179.93,180.065,179.42,179.975,3681141.953753
2026-03-05T19:00:00.000Z,179.97,180.8,179.8723,180.73,4844428.804293
2026-03-05T19:15:00.000Z,180.73,181.02,180.29,180.73,4770271.078045
2026-03-05T19:30:00.000Z,180.73,180.73,179.89,180.4298,5068511.358856999
2026-03-05T19:45:00.000Z,180.4101,180.89,180.09,180.57,3671174.558080001
2026-03-05T20:00:00.000Z,180.58,181.88,180.41,181.62,5802680.945865001
2026-03-05T20:15:00.000Z,181.63,182.39,181.55,181.875,5524505.77138
2026-03-05T20:30:00.000Z,181.88,182.46,181.7001,182.2,7096370.207405001
2026-03-05T20:45:00.000Z,182.21,183.42,182.09,183.33,13440882.970242
2026-03-06T14:30:00.000Z,179.84,181.55,179.64,181.16,14202662.104163
2026-03-06T14:45:00.000Z,181.15,182.34,181.15,181.87,9687632.086614
2026-03-06T15:00:00.000Z,181.89,182.7561,181.44,182.2,8371778.065732
2026-03-06T15:15:00.000Z,182.19,182.5,181.695,181.82,5155307.480219002
2026-03-06T15:30:00.000Z,181.82,182.405,181.62,181.925,5446418.009237001
2026-03-06T15:45:00.000Z,181.91,182.2801,180.9,181.9494,5607212.016237
2026-03-06T16:00:00.000Z,181.95,182.13,181.22,181.38,4129183.5970779997
2026-03-06T16:15:00.000Z,181.3808,181.78,181.02,181.72,4830381.560072999
2026-03-06T16:30:00.000Z,181.73,181.88,181.23,181.77,3810058.272089001
2026-03-06T16:45:00.000Z,181.77,182.4571,181.745,182.3101,4633221.306949
2026-03-06T17:00:00.000Z,182.32,182.49,181.5,181.6202,4686830.734583001
2026-03-06T17:15:00.000Z,181.625,181.91,181.03,181.14,4122642.9712
2026-03-06T17:30:00.000Z,181.135,181.21,180.52,180.835,4048108.992832
2026-03-06T17:45:00.000Z,180.8466,181.14,180.76,180.825,3130461.04703
2026-03-06T18:00:00.000Z,180.82,181.6,180.62,181.565,3627383.5530610005
2026-03-06T18:15:00.000Z,181.58,181.825,181.27,181.4601,3587679.6975399996
2026-03-06T18:30:00.000Z,181.45,181.7699,181.13,181.44,3816432.5303260004
2026-03-06T18:45:00.000Z,181.45,181.485,180.8,180.87,3612546.0210580006
2026-03-06T19:00:00.000Z,180.87,181.005,180.54,180.9024,2820695.890801
2026-03-06T19:15:00.000Z,180.9,180.907,180.18,180.53,4806812.722239001
2026-03-06T19:30:00.000Z,180.52,180.77,180.0101,180.1475,3349499.7879429995
2026-03-06T19:45:00.000Z,180.14,180.21,179.89,180.05,3588950.014467
2026-03-06T20:00:00.000Z,180.05,180.3174,178.36,178.82,7682398.494448001
2026-03-06T20:15:00.000Z,178.818,179.3639,176.95,177.135,11263731.485037
2026-03-06T20:30:00.000Z,177.135,178.1,176.8201,177.76,13597508.571985997
2026-03-06T20:45:00.000Z,177.73,178.3799,177.6,177.69,12660099.639015
2026-03-09T13:30:00.000Z,176.83,178.1583,175.62,176.125,14111730.103398
2026-03-09T13:45:00.000Z,176.11,177.37,175.56,176.935,8619398.483398
2026-03-09T14:00:00.000Z,176.93,178.01,176.25,176.9501,8187099.411141999
2026-03-09T14:15:00.000Z,176.97,178.51,176.84,178.11,7944650.054045999
2026-03-09T14:30:00.000Z,178.09,179.089,177.99,179.06,6425143.105955999
2026-03-09T14:45:00.000Z,179.06,179.35,178.69,178.74,5687419.008241
2026-03-09T15:00:00.000Z,178.755,179.5,178.75,179.032,4210709.833027
2026-03-09T15:15:00.000Z,179.05,179.39,178.65,179.185,3595889.621460001
2026-03-09T15:30:00.000Z,179.16,179.25,178.8,178.865,3960603.9893600005
2026-03-09T15:45:00.000Z,178.88,180.13,178.82,179.74,5589180.703614
2026-03-09T16:00:00.000Z,179.74,180.07,179.56,179.66,3261498.8838389996
2026-03-09T16:15:00.000Z,179.66,180.6273,179.58,180.49,3970253.7565329997
2026-03-09T16:30:00.000Z,180.49,180.91,180.09,180.545,4546018.092955
2026-03-09T16:45:00.000Z,180.545,180.72,180.045,180.1594,4327734.738643
2026-03-09T17:00:00.000Z,180.16,180.16,179.61,179.91,3642143.3098099995
2026-03-09T17:15:00.000Z,179.925,179.94,179.18,179.39,3427805.2918360005
2026-03-09T17:30:00.000Z,179.4,179.66,179.02,179.145,3314198.0737960003
2026-03-09T17:45:00.000Z,179.15,179.7,179.14,179.66,2535223.522058
2026-03-09T18:00:00.000Z,179.66,180.0361,179.64,179.935,3091096.1910250005
2026-03-09T18:15:00.000Z,179.935,180.22,179.782,179.905,3643072.3338519996
2026-03-09T18:30:00.000Z,179.9,180.49,179.785,180.22,4513343.976461999
2026-03-09T18:45:00.000Z,180.225,180.415,179.31,179.33,3215690.972779
2026-03-09T19:00:00.000Z,179.339,180.215,179.29,179.825,4081825.1484260005
2026-03-09T19:15:00.000Z,179.8251,182.08,179.69,182.03,10174785.49455
2026-03-09T19:30:00.000Z,182.015,182.91,181.45,181.8101,10578229.578837998
2026-03-09T19:45:00.000Z,181.8,182.83,181.5326,182.64,11524081.269584
2026-03-10T13:30:00.000Z,182.4,183.56,182.01,183.38,12270210.000939
2026-03-10T13:45:00.000Z,183.36,183.87,182.48,182.77,7568707.988536
2026-03-10T14:00:00.000Z,182.78,183.22,182.2001,183.1279,6595054.442144
2026-03-10T14:15:00.000Z,183.11,184.225,182.89,184.05,6858854.817500999
2026-03-10T14:30:00.000Z,184.04,184.99,184.01,184.86,7989181.015665999
2026-03-10T14:45:00.000Z,184.86,185.71,184.74,185.47,8336306.436877
2026-03-10T15:00:00.000Z,185.47,185.915,185.24,185.755,7345334.794992
2026-03-10T15:15:00.000Z,185.76,186.44,185.75,185.97,7613416.232864999
2026-03-10T15:30:00.000Z,185.975,186.12,185.4399,185.66,7367888.4209119985
2026-03-10T15:45:00.000Z,185.67,185.945,185.52,185.925,3729378.319756
2026-03-10T16:00:00.000Z,185.93,185.935,185.05,185.5197,4931996.051949999
2026-03-10T16:15:00.000Z,185.51,185.62,185.045,185.3077,3915971.9041749993
2026-03-10T16:30:00.000Z,185.32,185.8,185.275,185.78,3246707.277181
2026-03-10T16:45:00.000Z,185.795,185.82,185.23,185.635,3270122.816662
2026-03-10T17:00:00.000Z,185.62,185.93,185.5528,185.63,2802863.0573350005
2026-03-10T17:15:00.000Z,185.6224,186.225,185.61,186.135,3803043.4301150003
2026-03-10T17:30:00.000Z,186.13,186.13,185.105,185.3921,4626454.052926
2026-03-10T17:45:00.000Z,185.3999,185.79,185.265,185.72,2672510.8349569994
2026-03-10T18:00:00.000Z,185.72,185.82,184.6001,184.63,3529947.828508
2026-03-10T18:15:00.000Z,184.64,185.29,184.1,184.8899,7111974.714748
2026-03-10T18:30:00.000Z,184.89,185.27,184.3602,184.37,4344576.707962
2026-03-10T18:45:00.000Z,184.3799,184.96,184.2401,184.38,3873818.8575270004
2026-03-10T19:00:00.000Z,184.385,184.8,184.01,184.7339,4699786.304837001
2026-03-10T19:15:00.000Z,184.7301,185.03,184.36,184.395,4560975.017954001
2026-03-10T19:30:00.000Z,184.4,184.495,183.68,183.8,6640736.123022
2026-03-10T19:45:00.000Z,183.8,184.84,183.25,184.76,13842545.744383
2026-03-11T13:30:00.000Z,185.91,186.965,184.94,186.07,13831342.714246998
2026-03-11T13:45:00.000Z,186.07,186.99,185.67,186.8975,8475278.761477001
2026-03-11T14:00:00.000Z,186.885,187.62,186.44,187.415,9297816.795830002
2026-03-11T14:15:00.000Z,187.41,187.55,186.4,186.91,5848616.514334001
2026-03-11T14:30:00.000Z,186.8901,186.94,185.8701,186.235,5925680.945195
2026-03-11T14:45:00.000Z,186.23,186.61,186.1,186.435,3731252.387705
2026-03-11T15:00:00.000Z,186.44,186.77,185.45,186.13,5750780.475651
2026-03-11T15:15:00.000Z,186.13,186.17,185.0608,185.0761,4954288.437664
2026-03-11T15:30:00.000Z,185.08,185.8065,184.84,185.485,4656474.325837001
2026-03-11T15:45:00.000Z,185.4828,185.788,185.22,185.605,3328170.0793470005
2026-03-11T16:00:00.000Z,185.605,185.72,185.26,185.6835,3351341.4470510003
2026-03-11T16:15:00.000Z,185.685,185.74,185.27,185.555,2815688.4417420006
2026-03-11T16:30:00.000Z,185.55,186.07,185.53,185.6699,3156646.6922150003
2026-03-11T16:45:00.000Z,185.665,185.83,185.49,185.715,2075239.268236
2026-03-11T17:00:00.000Z,185.71,185.87,185.44,185.52,2512222.514257
2026-03-11T17:15:00.000Z,185.52,185.695,185.25,185.61,2578787.6485289996
2026-03-11T17:30:00.000Z,185.62,185.7,184.45,185.1471,4659656.778572
2026-03-11T17:45:00.000Z,185.145,185.42,184.94,185.13,2982828.4738050005
2026-03-11T18:00:00.000Z,185.1396,185.231,184.7134,184.96,2616741.522595
2026-03-11T18:15:00.000Z,184.955,185.23,184.83,185.154,2475803.344939
2026-03-11T18:30:00.000Z,185.16,185.43,185.02,185.195,2551423.572077
2026-03-11T18:45:00.000Z,185.19,185.74,185.14,185.605,3069920.675332
2026-03-11T19:00:00.000Z,185.605,185.675,185.245,185.375,2481350.9918619995
2026-03-11T19:15:00.000Z,185.37,185.7061,185.32,185.36,2860110.358881
2026-03-11T19:30:00.000Z,185.37,185.67,185.23,185.535,3045781.197510999
2026-03-11T19:45:00.000Z,185.54,186.04,185.32,186.01,7285968.524127999
2026-03-12T13:30:00.000Z,184.05,184.86,183.52,183.66,10561136.879393999
2026-03-12T13:45:00.000Z,183.65,183.7999,182.05,182.38,9999192.169511
2026-03-12T14:00:00.000Z,182.385,183.23,182.28,183.12,7411028.139624
2026-03-12T14:15:00.000Z,183.12,183.23,182.085,182.085,4847077.7633919995
2026-03-12T14:30:00.000Z,182.085,182.41,181.75,182.26,6465196.202918
2026-03-12T14:45:00.000Z,182.26,182.93,181.85,182.385,5483491.9759599995
2026-03-12T15:00:00.000Z,182.385,182.63,181.8,182.1717,4533765.586676
2026-03-12T15:15:00.000Z,182.18,182.96,182.13,182.88,4641337.036578999
2026-03-12T15:30:00.000Z,182.87,184.175,182.7701,184.01,6288739.900025001
2026-03-12T15:45:00.000Z,184.0001,184.3791,183.455,184.3201,4485249.102459
2026-03-12T16:00:00.000Z,184.34,184.94,184,184.6703,6330311.379911
2026-03-12T16:15:00.000Z,184.6726,184.89,184.17,184.26,4515795.0113510005
2026-03-12T16:30:00.000Z,184.24,184.72,184.21,184.4401,3714194.0431729993
2026-03-12T16:45:00.000Z,184.44,184.505,183.7,183.995,3687434.8344170004
2026-03-12T17:00:00.000Z,183.995,184.58,183.76,183.7893,3494336.00397
2026-03-12T17:15:00.000Z,183.775,184.1,183.535,183.76,3034456.1189850005
2026-03-12T17:30:00.000Z,183.77,184.19,183.67,183.765,2750058.7084430004
2026-03-12T17:45:00.000Z,183.76,183.76,183.165,183.5461,3652328.3707389995
2026-03-12T18:00:00.000Z,183.55,184.005,183.52,183.73,3296701.392021
2026-03-12T18:15:00.000Z,183.73,183.86,183.25,183.555,3013410.636825
2026-03-12T18:30:00.000Z,183.54,183.62,183.12,183.15,2750891.001814
2026-03-12T18:45:00.000Z,183.155,183.3278,182.93,183.09,3081075.17483
2026-03-12T19:00:00.000Z,183.09,183.44,182.78,183.01,4017280.1996810003
2026-03-12T19:15:00.000Z,183.0161,183.6,182.89,183.44,4173433.6706299996
2026-03-12T19:30:00.000Z,183.435,183.67,182.7201,182.985,4026211.270226999
2026-03-12T19:45:00.000Z,182.995,183.62,182.7701,183.01,8520686.928948
2026-03-13T13:30:00.000Z,184.92,186.09,184.415,185.5706,13161813.572705999
2026-03-13T13:45:00.000Z,185.57,185.906,184.6699,184.875,8034265.873937
2026-03-13T14:00:00.000Z,184.8888,185.1,183.75,183.995,7310615.164214999
2026-03-13T14:15:00.000Z,183.9961,184.33,183.61,183.9221,6043120.487351999
2026-03-13T14:30:00.000Z,183.925,184.25,182.88,182.9,7108323.55617
2026-03-13T14:45:00.000Z,182.9,182.9,182.01,182.125,7055878.11527
2026-03-13T15:00:00.000Z,182.1,182.845,181.66,182.7573,7200065.46157
2026-03-13T15:15:00.000Z,182.735,182.765,181.7615,181.8834,6029974.283881001
2026-03-13T15:30:00.000Z,181.89,182.25,180.92,181.1402,6235826.624398001
2026-03-13T15:45:00.000Z,181.1302,181.55,180.75,181.0601,5933118.51202
2026-03-13T16:00:00.000Z,181.05,181.58,180.88,181.16,4554297.636408
2026-03-13T16:15:00.000Z,181.16,181.525,180.72,181.135,4428031.211421
2026-03-13T16:30:00.000Z,181.135,181.76,181.09,181.3002,4438418.744703
2026-03-13T16:45:00.000Z,181.3,181.75,180.98,181.07,4296262.251277
2026-03-13T17:00:00.000Z,181.075,181.505,180.925,181.505,2834923.3228720003
2026-03-13T17:15:00.000Z,181.51,181.6699,181.21,181.54,2751101.6540880003
2026-03-13T17:30:00.000Z,181.54,181.5892,181.08,181.22,2886595.5455619995
2026-03-13T17:45:00.000Z,181.205,181.2999,180.45,180.515,3721308.056094
2026-03-13T18:00:00.000Z,180.515,180.54,180.19,180.36,3834037.087851
2026-03-13T18:15:00.000Z,180.35,180.62,180,180.54,3713698.4133949997
2026-03-13T18:30:00.000Z,180.54,181.045,180.38,180.98,3704622.398263
2026-03-13T18:45:00.000Z,180.98,181.14,180.8201,181.02,3358500.739885
2026-03-13T19:00:00.000Z,181.015,181.0399,180.585,180.825,3168924.1542239995
2026-03-13T19:15:00.000Z,180.83,180.98,180.28,180.71,4342260.864163
2026-03-13T19:30:00.000Z,180.7,180.825,180.175,180.425,5223397.053921999
2026-03-13T19:45:00.000Z,180.43,180.61,179.94,180.26,11114375.999445
2026-03-16T13:30:00.000Z,182.97,185.05,182.8402,184.2601,15655333.482181998
2026-03-16T13:45:00.000Z,184.25,184.72,184.01,184.52,6458305.481624
2026-03-16T14:00:00.000Z,184.51,184.549,183.875,184.25,6265303.446735999
2026-03-16T14:15:00.000Z,184.252,184.48,184.06,184.07,4263166.1650910005
2026-03-16T14:30:00.000Z,184.07,184.235,183.46,183.596,5466252.942649
2026-03-16T14:45:00.000Z,183.59,184.1,183.305,184.1,5173767.219678001
2026-03-16T15:00:00.000Z,184.105,184.72,183.7,184.68,5326702.620014
2026-03-16T15:15:00.000Z,184.6701,184.92,184.42,184.7278,4066153.6174230007
2026-03-16T15:30:00.000Z,184.72,184.94,184.59,184.595,4103138.8915260006
2026-03-16T15:45:00.000Z,184.59,184.85,184.11,184.1115,4208980.83239
2026-03-16T16:00:00.000Z,184.115,184.41,183.92,183.9913,3952330.27036
2026-03-16T16:15:00.000Z,183.99,184.1099,183.63,183.9,3789238.2041559997
2026-03-16T16:30:00.000Z,183.905,184.455,183.78,184.365,3550199.1076889997
2026-03-16T16:45:00.000Z,184.365,184.55,184.215,184.44,2533144.4754059995
2026-03-16T17:00:00.000Z,184.44,185.02,184.435,184.8697,5017671.094872
2026-03-16T17:15:00.000Z,184.8616,185.06,184.66,184.7601,3550843.0580860004
2026-03-16T17:30:00.000Z,184.77,184.91,184.31,184.325,3550007.7392939995
2026-03-16T17:45:00.000Z,184.335,184.595,184.27,184.4865,3326331.672105
2026-03-16T18:00:00.000Z,184.49,185.37,184.46,185.24,5081024.538656
2026-03-16T18:15:00.000Z,185.25,185.53,184.82,184.935,5927870.093685
2026-03-16T18:30:00.000Z,184.9399,185.05,184.34,184.45,5158135.60418
2026-03-16T18:45:00.000Z,184.45,184.465,183.775,183.83,5592406.170897
2026-03-16T19:00:00.000Z,183.835,188.88,183.41,185.51,26983707.411447998
2026-03-16T19:15:00.000Z,185.52,185.98,181.68,181.8338,25320188.535780005
2026-03-16T19:30:00.000Z,181.85,183.62,181.41,183.545,14785026.414416
2026-03-16T19:45:00.000Z,183.55,183.655,182.795,183.13,11984418.241431
2026-03-17T13:30:00.000Z,185.06,185.4,183.26,184.0517,15565338.582873002
2026-03-17T13:45:00.000Z,184.0597,184.28,182.96,183.098,9708126.355025
2026-03-17T14:00:00.000Z,183.1,183.24,181.9,182.37,10885996.329460999
2026-03-17T14:15:00.000Z,182.37,183.59,182.22,183.09,9076963.582185
2026-03-17T14:30:00.000Z,183.08,183.41,182.64,183.1599,5827851.065002999
2026-03-17T14:45:00.000Z,183.154,183.34,182.76,183.02,5099431.733283
2026-03-17T15:00:00.000Z,183.01,183.21,182.2403,182.615,5403101.559791001
2026-03-17T15:15:00.000Z,182.615,182.881,182.4,182.435,5356772.4868169995
2026-03-17T15:30:00.000Z,182.435,182.576,181.6804,182.34,6036015.833043
2026-03-17T15:45:00.000Z,182.345,182.58,182.1601,182.17,3829614.072133
2026-03-17T16:00:00.000Z,182.18,182.185,181.74,181.9899,4427305.18253
2026-03-17T16:15:00.000Z,181.98,183.1,181.96,182.6983,7659842.316094
2026-03-17T16:30:00.000Z,182.7,182.95,182.31,182.59,4419657.85239
2026-03-17T16:45:00.000Z,182.5801,182.6,181.87,182.06,4098525.590894
2026-03-17T17:00:00.000Z,182.06,182.63,182.055,182.422,4674580.1471730005
2026-03-17T17:15:00.000Z,182.42,182.71,182.3445,182.41,2823034.9273900003
2026-03-17T17:30:00.000Z,182.41,183.2,182.4,182.84,3948889.482261
2026-03-17T17:45:00.000Z,182.846,183.23,182.7,182.98,3265062.7332719993
2026-03-17T18:00:00.000Z,183,183.47,182.96,183.25,4510985.967691999
2026-03-17T18:15:00.000Z,183.26,183.34,183.02,183.04,3834614.720052
2026-03-17T18:30:00.000Z,183.03,183.1599,182.64,182.68,3073364.817632
2026-03-17T18:45:00.000Z,182.685,182.84,182.31,182.34,3421092.5191160003
2026-03-17T19:00:00.000Z,182.33,182.49,182.06,182.275,3943165.143125
2026-03-17T19:15:00.000Z,182.2703,182.69,182.21,182.6401,4346908.047712
2026-03-17T19:30:00.000Z,182.64,182.93,182.28,182.375,5767099.393746
2026-03-17T19:45:00.000Z,182.375,182.47,181.81,181.96,9118999.585055
2026-03-18T13:30:00.000Z,182.48,182.82,180.72,181.6429,13607227.456181
2026-03-18T13:45:00.000Z,181.65,182.6,181.61,182.4662,8171559.245403999
2026-03-18T14:00:00.000Z,182.47,183.38,182.2,182.4299,8569704.690820001
2026-03-18T14:15:00.000Z,182.45,182.94,182.13,182.2795,5757346.606622001
2026-03-18T14:30:00.000Z,182.28,182.81,182.1,182.1097,5807213.308302001
2026-03-18T14:45:00.000Z,182.1,182.77,181.84,182.76,5325821.158166
2026-03-18T15:00:00.000Z,182.765,183.24,182.61,182.945,6363018.707323
2026-03-18T15:15:00.000Z,182.95,182.9899,182.27,182.54,4873124.805246
2026-03-18T15:30:00.000Z,182.54,182.705,182.32,182.49,3607147.8391549997
2026-03-18T15:45:00.000Z,182.495,182.6699,182.325,182.47,3616428.4395610006
2026-03-18T16:00:00.000Z,182.47,182.815,182.36,182.69,2887843.3354010005
2026-03-18T16:15:00.000Z,182.699,182.85,182.365,182.74,3481541.747993
2026-03-18T16:30:00.000Z,182.74,182.755,182.1,182.2801,3673084.7643669997
2026-03-18T16:45:00.000Z,182.28,182.67,182.1701,182.425,2896167.4611110003
2026-03-18T17:00:00.000Z,182.42,182.4372,181.91,181.955,3097525.410297
2026-03-18T17:15:00.000Z,181.95,182.085,181.83,182.07,2721515.012899999
2026-03-18T17:30:00.000Z,182.07,182.52,181.82,182.385,3145539.0404830007
2026-03-18T17:45:00.000Z,182.3882,182.735,182.38,182.63,2972173.8437090004
2026-03-18T18:00:00.000Z,182.64,183.15,182.56,182.694,4687178.782014
2026-03-18T18:15:00.000Z,182.695,182.72,182.03,182.315,3451533.6649419996
2026-03-18T18:30:00.000Z,182.31,182.395,181.6,181.9,5715358.563967999
2026-03-18T18:45:00.000Z,181.89,181.95,181.09,181.225,4834713.310656
2026-03-18T19:00:00.000Z,181.22,181.68,181.07,181.2478,5086050.021404
2026-03-18T19:15:00.000Z,181.24,181.35,180.88,181.245,5577603.350976
2026-03-18T19:30:00.000Z,181.23,181.385,180.7,180.8,5091062.536394999
2026-03-18T19:45:00.000Z,180.8,180.97,180.33,180.35,8342357.301217
2026-03-19T13:30:00.000Z,178.01,178.03,175.785,176.345,19323459.692286998
2026-03-19T13:45:00.000Z,176.34,177.68,176.03,177.673,10994830.745325
2026-03-19T14:00:00.000Z,177.66,178.18,177.22,178.085,8414079.325592
2026-03-19T14:15:00.000Z,178.09,178.3993,177.36,177.59,6529062.406180999
2026-03-19T14:30:00.000Z,177.59,178.47,177.555,177.81,6099064.19639
2026-03-19T14:45:00.000Z,177.815,178.395,177.63,178.195,4791825.662887
2026-03-19T15:00:00.000Z,178.19,179.05,178.025,178.875,5841242.339481001
2026-03-19T15:15:00.000Z,178.8724,179.02,178.06,178.235,5132934.412516001
2026-03-19T15:30:00.000Z,178.24,178.24,177.69,177.825,4214784.79651
2026-03-19T15:45:00.000Z,177.82,178.36,177.665,178.3098,3917112.2231860003
2026-03-19T16:00:00.000Z,178.3001,178.94,178.16,178.61,4550322.424856001
2026-03-19T16:15:00.000Z,178.61,178.87,178.33,178.785,3230567.0886479993
2026-03-19T16:30:00.000Z,178.79,178.9,178.33,178.415,3836578.046305001
2026-03-19T16:45:00.000Z,178.4235,178.46,178.06,178.156,2997461.75385
2026-03-19T17:00:00.000Z,178.16,178.2,177.56,177.685,3449913.127092
2026-03-19T17:15:00.000Z,177.685,178.75,177.63,178.545,4188920.530613
2026-03-19T17:30:00.000Z,178.55,178.75,178.06,178.155,2546413.551107
2026-03-19T17:45:00.000Z,178.15,178.55,177.97,178.2301,2477589.842231
2026-03-19T18:00:00.000Z,178.22,178.93,178.08,178.87,2896435.59298
2026-03-19T18:15:00.000Z,178.86,179.24,178.71,178.9699,3974841.912134
2026-03-19T18:30:00.000Z,178.98,178.99,178.235,178.275,2928765.999837
2026-03-19T18:45:00.000Z,178.278,178.73,178.09,178.65,3185375.428379
2026-03-19T19:00:00.000Z,178.65,179.935,178.59,179.705,8063614.421118
2026-03-19T19:15:00.000Z,179.71,179.98,178.87,179.135,5838246.660156
2026-03-19T19:30:00.000Z,179.13,179.15,178.22,178.39,6116673.569047
2026-03-19T19:45:00.000Z,178.39,178.88,177.91,178.505,10342554.613278
2026-03-20T13:30:00.000Z,178,178.26,176.75,177.7135,23222169.318617005
2026-03-20T13:45:00.000Z,177.725,177.8298,175.84,175.84,9186476.451614998
2026-03-20T14:00:00.000Z,175.85,176.33,175.43,175.5699,10438890.058274
2026-03-20T14:15:00.000Z,175.555,176.265,175.46,175.74,6923841.622957
2026-03-20T14:30:00.000Z,175.75,176.0999,175.525,175.68,7282440.138343999
2026-03-20T14:45:00.000Z,175.67,175.885,175,175.855,8591931.242774
2026-03-20T15:00:00.000Z,175.8475,176.25,175.55,176.09,5504270.179866999
2026-03-20T15:15:00.000Z,176.085,176.2,175.475,175.695,5895495.450657999
2026-03-20T15:30:00.000Z,175.7,175.9399,175.56,175.845,3511693.2366830003
2026-03-20T15:45:00.000Z,175.8401,176.04,175.69,175.8599,3762621.4090799997
2026-03-20T16:00:00.000Z,175.86,176.42,175.78,176.3723,3791006.292992
2026-03-20T16:15:00.000Z,176.37,176.45,175.87,175.9885,3688975.86409
2026-03-20T16:30:00.000Z,175.985,175.985,175.54,175.715,2945125.5938940006
2026-03-20T16:45:00.000Z,175.71,175.905,175.4,175.6,2927530.139959
2026-03-20T17:00:00.000Z,175.61,175.93,175.35,175.395,2983658.14109
2026-03-20T17:15:00.000Z,175.39,175.5,175.03,175.07,3216963.306632
2026-03-20T17:30:00.000Z,175.065,175.09,174.53,174.595,6921800.651655
2026-03-20T17:45:00.000Z,174.6,175,174.51,174.94,4223259.955705
2026-03-20T18:00:00.000Z,174.93,175.005,174.55,174.625,3358292.149515
2026-03-20T18:15:00.000Z,174.63,174.77,173.955,174.2601,5573660.97499
2026-03-20T18:30:00.000Z,174.265,174.34,173.605,173.6394,4992416.913910999
2026-03-20T18:45:00.000Z,173.635,173.78,173.27,173.46,5192019.090330999
2026-03-20T19:00:00.000Z,173.46,173.76,172.98,173.21,5916371.029046999
2026-03-20T19:15:00.000Z,173.205,173.35,172.3701,172.425,7058448.72724
2026-03-20T19:30:00.000Z,172.425,172.79,171.72,172.75,10395635.573908
2026-03-20T19:45:00.000Z,172.75,173.04,172.125,173,14209014.389243
2026-03-23T13:30:00.000Z,177.255,177.68,175.8701,176.56,16653330.558632
2026-03-23T13:45:00.000Z,176.57,177.93,176.45,177.83,9550390.895584
2026-03-23T14:00:00.000Z,177.83,177.96,176.685,177.328,9596509.085823001
2026-03-23T14:15:00.000Z,177.325,178.2279,177.25,177.865,7785876.876596999
2026-03-23T14:30:00.000Z,177.865,178.085,177.39,177.455,6634092.068190999
2026-03-23T14:45:00.000Z,177.455,177.77,177.23,177.665,5537059.254292998
2026-03-23T15:00:00.000Z,177.665,178.37,177.53,178,6070110.273289
2026-03-23T15:15:00.000Z,177.995,178.045,177.4,177.58,5326417.140346
2026-03-23T15:30:00.000Z,177.59,177.78,176.53,176.675,7006015.59275
2026-03-23T15:45:00.000Z,176.675,176.71,175.04,175.125,7538958.920189001
2026-03-23T16:00:00.000Z,175.12,175.755,175.07,175.625,6035146.346052
2026-03-23T16:15:00.000Z,175.625,175.66,174.76,174.81,5577413.4093309995
2026-03-23T16:30:00.000Z,174.82,175.65,174.8,175.58,4378926.496427
2026-03-23T16:45:00.000Z,175.59,175.89,175.4504,175.53,3812909.261401
2026-03-23T17:00:00.000Z,175.535,175.69,175.16,175.315,3763278.697779999
2026-03-23T17:15:00.000Z,175.32,175.46,174.97,175.28,2947658.5131850005
2026-03-23T17:30:00.000Z,175.28,176.05,175.27,175.82,4330991.517305001
2026-03-23T17:45:00.000Z,175.835,176.22,175.65,176.19,3072462.804802
2026-03-23T18:00:00.000Z,176.19,176.41,175.84,176.195,3312142.094723
2026-03-23T18:15:00.000Z,176.2,176.3195,175.99,176.105,2757482.2857170003
2026-03-23T18:30:00.000Z,176.1,176.96,176.09,176.5301,4502365.628699001
2026-03-23T18:45:00.000Z,176.53,176.76,176.44,176.585,3293512.0317440005
2026-03-23T19:00:00.000Z,176.58,176.65,176.265,176.445,3690164.037053
2026-03-23T19:15:00.000Z,176.445,176.57,176.18,176.23,3842328.425768
2026-03-23T19:30:00.000Z,176.225,176.65,176.17,176.58,4003655.971731
2026-03-23T19:45:00.000Z,176.57,176.7,175.5,175.51,10871854.395411
2026-03-24T13:30:00.000Z,174.83,175.9,174.4,174.7601,9161088.786888
2026-03-24T13:45:00.000Z,174.76,175.305,174.09,174.935,7574766.797779001
2026-03-24T14:00:00.000Z,174.94,175.33,174.01,174.2899,6475451.793781
2026-03-24T14:15:00.000Z,174.29,174.74,173.98,174.25,6087912.273657001
2026-03-24T14:30:00.000Z,174.255,174.77,174.135,174.65,5163848.1721789995
2026-03-24T14:45:00.000Z,174.64,175.375,174.195,174.7706,7939516.020773
2026-03-24T15:00:00.000Z,174.79,175.6,174.78,175.405,5255708.606035
2026-03-24T15:15:00.000Z,175.405,176.16,175.38,175.615,6755212.522509
2026-03-24T15:30:00.000Z,175.61,175.9,175.4,175.6199,4252346.440319
2026-03-24T15:45:00.000Z,175.62,175.85,175.2201,175.33,3541571.2673310004
2026-03-24T16:00:00.000Z,175.34,175.4099,174.92,175.205,3870392.895874
2026-03-24T16:15:00.000Z,175.21,175.715,175.205,175.325,3202731.636547
2026-03-24T16:30:00.000Z,175.33,175.48,174.67,175.1186,3487764.962089
2026-03-24T16:45:00.000Z,175.12,175.42,174.95,175.145,2753568.7165610003
2026-03-24T17:00:00.000Z,175.145,175.29,174.41,174.59,3410321.4857939994
2026-03-24T17:15:00.000Z,174.58,174.751,174.385,174.7073,2414031.8190869996
2026-03-24T17:30:00.000Z,174.7,174.92,174.415,174.585,2191734.177786
2026-03-24T17:45:00.000Z,174.5802,175.38,174.49,175.365,3471617.4620160004
2026-03-24T18:00:00.000Z,175.37,175.6,175.17,175.275,3011865.8431039997
2026-03-24T18:15:00.000Z,175.28,175.565,175.06,175.43,3198140.9873680007
2026-03-24T18:30:00.000Z,175.43,176.22,175.31,175.785,4072700.0945529994
2026-03-24T18:45:00.000Z,175.7899,175.885,175.3,175.495,3393224.7282769997
2026-03-24T19:00:00.000Z,175.49,175.76,175.455,175.679,2967753.271929
2026-03-24T19:15:00.000Z,175.675,175.755,175.4301,175.515,3549853.440448
2026-03-24T19:30:00.000Z,175.5178,175.62,175.11,175.13,5455107.704353999
2026-03-24T19:45:00.000Z,175.13,175.32,174.86,175.31,7805198.620493
2026-03-25T13:30:00.000Z,177.1,179.84,176.85,179.21,15862388.545588996
2026-03-25T13:45:00.000Z,179.2,179.23,178.07,178.155,8757299.842494
2026-03-25T14:00:00.000Z,178.165,179.55,177.89,179.33,8831290.054784998
2026-03-25T14:15:00.000Z,179.32,180.31,179.15,180.06,9537458.251113
2026-03-25T14:30:00.000Z,180.05,180.63,179.83,180.55,7560788.566943999
2026-03-25T14:45:00.000Z,180.55,181.22,180.4,180.5,9413538.126772
2026-03-25T15:00:00.000Z,180.5075,180.535,179.73,179.85,6310371.6529129995
2026-03-25T15:15:00.000Z,179.855,180.27,179.2,180,7826894.738097001
2026-03-25T15:30:00.000Z,179.995,180.0559,179.25,179.55,5357365.459317999
2026-03-25T15:45:00.000Z,179.55,179.685,179.14,179.375,4120223.7055389998
2026-03-25T16:00:00.000Z,179.38,179.44,178.73,179.1497,4360742.942099
2026-03-25T16:15:00.000Z,179.14,179.4399,178.85,179.12,4308511.024949
2026-03-25T16:30:00.000Z,179.11,179.3397,178.94,179.195,3063341.1363720004
2026-03-25T16:45:00.000Z,179.2,179.3,178.87,178.9275,2830932.798377
2026-03-25T17:00:00.000Z,178.93,179.16,178.51,178.935,3616683.786971
2026-03-25T17:15:00.000Z,178.925,179.13,178.545,178.93,2507442.8209650004
2026-03-25T17:30:00.000Z,178.94,179.57,178.66,179.36,3323489.7053030003
2026-03-25T17:45:00.000Z,179.36,179.37,178.8,178.985,4243208.773281001
2026-03-25T18:00:00.000Z,178.98,179.165,178.8,179.055,2459021.4935740004
2026-03-25T18:15:00.000Z,179.055,179.32,178.99,179.02,2661205.9706709995
2026-03-25T18:30:00.000Z,179.02,179.2,178.755,178.805,3328824.7707739994
2026-03-25T18:45:00.000Z,178.8,178.865,178.07,178.3137,4277396.952133
2026-03-25T19:00:00.000Z,178.305,178.48,177.83,178.46,4429864.109041
2026-03-25T19:15:00.000Z,178.46,178.84,178.44,178.6,3877589.1281390004
2026-03-25T19:30:00.000Z,178.595,178.81,178.25,178.565,3692329.4560040003
2026-03-25T19:45:00.000Z,178.565,179.12,178.485,178.67,6495420.03981
2026-03-26T13:30:00.000Z,176.07,176.51,175.17,175.96,11319927.942845002
2026-03-26T13:45:00.000Z,175.985,176.04,175.2,175.68,8456434.859899001
2026-03-26T14:00:00.000Z,175.69,175.87,175,175.25,7943627.770586999
2026-03-26T14:15:00.000Z,175.255,175.44,174.8099,174.82,5647395.374830001
2026-03-26T14:30:00.000Z,174.815,175.1599,173.86,173.955,8336263.767083
2026-03-26T14:45:00.000Z,173.95,174.12,173.01,173.6123,9763828.762532001
2026-03-26T15:00:00.000Z,173.62,174.135,173.6,173.965,6464096.2151569985
2026-03-26T15:15:00.000Z,173.97,174.28,173.85,174.0701,4972733.387283
2026-03-26T15:30:00.000Z,174.07,174.485,173.705,174.44,5102944.296744001
2026-03-26T15:45:00.000Z,174.435,174.83,174.39,174.6599,4545217.932014
2026-03-26T16:00:00.000Z,174.655,174.735,174.22,174.43,4708145.358467
2026-03-26T16:15:00.000Z,174.42,174.43,173.77,173.775,4021273.092
2026-03-26T16:30:00.000Z,173.785,173.97,173.59,173.885,3668952.2799029998
2026-03-26T16:45:00.000Z,173.8827,173.92,173.47,173.83,3806080.202766999
2026-03-26T17:00:00.000Z,173.82,174,173.57,173.805,2713441.2808089997
2026-03-26T17:15:00.000Z,173.805,173.965,173.33,173.5401,3047172.8255640003
2026-03-26T17:30:00.000Z,173.54,173.715,172.98,172.98,4128926.113459
2026-03-26T17:45:00.000Z,172.98,173.05,171.84,171.93,7901489.063168999
2026-03-26T18:00:00.000Z,171.92,172.5,171.915,172.395,6024941.687871
2026-03-26T18:15:00.000Z,172.4,172.47,172.015,172.095,4099542.6550370003
2026-03-26T18:30:00.000Z,172.095,172.38,172.03,172.15,4336492.070996
2026-03-26T18:45:00.000Z,172.15,172.505,171.97,172.2923,3896236.4331030003
2026-03-26T19:00:00.000Z,172.295,172.3501,171.55,171.96,5596444.2943049995
2026-03-26T19:15:00.000Z,171.9699,172.39,171.966,172.125,4748974.178799
2026-03-26T19:30:00.000Z,172.1232,172.15,171.72,171.825,4705423.25747
2026-03-26T19:45:00.000Z,171.82,171.93,171.14,171.22,12497971.171154002
2026-03-27T13:30:00.000Z,170,170.97,169.08,170.13,18069267.069202002
2026-03-27T13:45:00.000Z,170.12,170.76,168.16,168.4129,12057698.022601997
2026-03-27T14:00:00.000Z,168.41,169.39,168.15,168.8551,10461361.628008
2026-03-27T14:15:00.000Z,168.85,169.13,167.8,167.85,8964913.470865
2026-03-27T14:30:00.000Z,167.83,168.28,167.55,168,7527802.820391001
2026-03-27T14:45:00.000Z,167.99,168.92,167.95,168.67,7488081.127697001
2026-03-27T15:00:00.000Z,168.68,169.125,168.56,168.62,5852708.943873
2026-03-27T15:15:00.000Z,168.62,169.5699,168.25,169.55,6786937.739481
2026-03-27T15:30:00.000Z,169.56,169.94,169.18,169.3503,6092896.315593
2026-03-27T15:45:00.000Z,169.36,169.73,169.33,169.55,3858976.5940050003
2026-03-27T16:00:00.000Z,169.56,169.64,169.13,169.34,3658684.110257
2026-03-27T16:15:00.000Z,169.34,169.34,168.71,168.82,3910575.3447619993
2026-03-27T16:30:00.000Z,168.81,168.95,168.37,168.875,4212066.487404999
2026-03-27T16:45:00.000Z,168.876,169.2,168.8,168.865,3715426.966189
2026-03-27T17:00:00.000Z,168.865,169.27,168.58,168.685,3799431.881933
2026-03-27T17:15:00.000Z,168.68,168.74,167.83,167.84,4782035.452970001
2026-03-27T17:30:00.000Z,167.84,168.2279,167.83,167.91,3393776.4562059995
2026-03-27T17:45:00.000Z,167.91,168.07,167.605,167.875,4251554.432129
2026-03-27T18:00:00.000Z,167.87,168.06,167.77,168.015,4032012.2580500003
2026-03-27T18:15:00.000Z,168.02,168.24,167.91,168,3634459.8415890005
2026-03-27T18:30:00.000Z,168.005,168.28,167.785,167.98,3467026.759078
2026-03-27T18:45:00.000Z,167.99,168,167.31,167.465,4815383.498765
2026-03-27T19:00:00.000Z,167.46,167.66,167.22,167.45,4698340.109317001
2026-03-27T19:15:00.000Z,167.445,167.73,167.32,167.43,4670106.106524
2026-03-27T19:30:00.000Z,167.44,167.59,167.25,167.495,5617558.040035
2026-03-27T19:45:00.000Z,167.495,167.93,167.01,167.46,12502441.200454999
2026-03-30T13:30:00.000Z,168.78,169.45,166.771,167.8801,15011933.006935
2026-03-30T13:45:00.000Z,167.88,167.9,166.21,166.27,8814623.828338
2026-03-30T14:00:00.000Z,166.275,168.065,166.26,167.91,8587207.957032999
2026-03-30T14:15:00.000Z,167.91,168.08,166.855,166.905,6434232.114327
2026-03-30T14:30:00.000Z,166.92,167.32,166.27,166.6,6835312.416143999
2026-03-30T14:45:00.000Z,166.61,168.01,166.608,167.95,6403079.097847
2026-03-30T15:00:00.000Z,167.96,168.25,166.984,167.075,6064057.579547001
2026-03-30T15:15:00.000Z,167.0779,167.26,166.54,167.005,5803647.510867999
2026-03-30T15:30:00.000Z,167,167.99,166.85,167.9,5541784.396945999
2026-03-30T15:45:00.000Z,167.905,168.02,167.29,167.36,4582481.6947180005
2026-03-30T16:00:00.000Z,167.35,167.41,166.83,167.055,5142745.299424001
2026-03-30T16:15:00.000Z,167.055,167.11,166.35,166.475,4697418.281031
2026-03-30T16:30:00.000Z,166.48,166.82,166.24,166.755,3700254.277919999
2026-03-30T16:45:00.000Z,166.76,166.92,166.41,166.585,3664617.99401
2026-03-30T17:00:00.000Z,166.585,166.82,166.03,166.18,3857548.013807
2026-03-30T17:15:00.000Z,166.17,166.25,165.81,165.875,4794776.741681
2026-03-30T17:30:00.000Z,165.87,166.23,165.59,166.195,4238108.690138
2026-03-30T17:45:00.000Z,166.18,166.45,166.01,166.185,3490540.4407210005
2026-03-30T18:00:00.000Z,166.17,166.27,165.8,166.145,3390657.077752
2026-03-30T18:15:00.000Z,166.145,166.26,165.64,165.695,3088773.0658580004
2026-03-30T18:30:00.000Z,165.7,166.07,165.54,165.55,3638501.4645189997
2026-03-30T18:45:00.000Z,165.56,165.675,165.18,165.285,3929134.1796989995
2026-03-30T19:00:00.000Z,165.28,165.47,164.51,164.675,6962666.443736999
2026-03-30T19:15:00.000Z,164.6707,164.7965,164.295,164.4631,5172189.975028
2026-03-30T19:30:00.000Z,164.47,164.93,164.27,164.71,5919389.725349001
2026-03-30T19:45:00.000Z,164.71,165.54,164.52,165.06,12313543.73374
2026-03-31T13:30:00.000Z,166.97,168.73,166.96,168.26,13655513.560362
2026-03-31T13:45:00.000Z,168.27,170.16,168.27,170.105,10045661.156105
2026-03-31T14:00:00.000Z,170.12,170.16,169.21,169.915,7920665.0480390005
2026-03-31T14:15:00.000Z,169.92,171.075,169.86,170.98,9046276.592321001
2026-03-31T14:30:00.000Z,170.98,171.38,170.29,170.3901,7915005.256612999
2026-03-31T14:45:00.000Z,170.4,170.64,169.56,170.0451,7402471.479524
2026-03-31T15:00:00.000Z,170.04,170.72,169.985,170.645,5913188.707171001
2026-03-31T15:15:00.000Z,170.65,170.74,170.08,170.305,4760834.313079
2026-03-31T15:30:00.000Z,170.3,170.615,169.995,170.105,4124481.600403
2026-03-31T15:45:00.000Z,170.1,170.515,169.805,169.845,4308023.295764
2026-03-31T16:00:00.000Z,169.84,170.78,169.755,170.645,4813805.865725
2026-03-31T16:15:00.000Z,170.6426,171.28,170.63,171.05,5284715.034992001
2026-03-31T16:30:00.000Z,171.05,173.73,170.755,173.2603,10325436.085453
2026-03-31T16:45:00.000Z,173.27,173.88,172.42,172.915,9642381.899500001
2026-03-31T17:00:00.000Z,172.92,173.75,172.76,173.37,6700944.596505999
2026-03-31T17:15:00.000Z,173.36,173.88,173.13,173.275,6530411.896534
2026-03-31T17:30:00.000Z,173.28,173.73,172.7,172.95,6626090.378234
2026-03-31T17:45:00.000Z,172.94,173.1299,172.28,172.43,4382129.486455
2026-03-31T18:00:00.000Z,172.43,173.14,172.4201,173.0298,4032497.8209690005
2026-03-31T18:15:00.000Z,173.028,173.47,173,173.265,4307567.441629
2026-03-31T18:30:00.000Z,173.26,173.735,173.02,173.42,4722087.323579
2026-03-31T18:45:00.000Z,173.425,174.01,173.41,173.715,5101485.528035
2026-03-31T19:00:00.000Z,173.71,174.22,173.58,173.91,5721216.555552
2026-03-31T19:15:00.000Z,173.9,174.275,173.87,173.935,6116186.476194
2026-03-31T19:30:00.000Z,173.935,174.56,173.855,174.21,6422178.167591
2026-03-31T19:45:00.000Z,174.215,174.62,173.905,174.31,13908939.346415
2026-04-01T13:30:00.000Z,176,176.6,174.75,175.6101,16515600.560414998
2026-04-01T13:45:00.000Z,175.6,176.13,175.45,175.89,9052481.474414
2026-04-01T14:00:00.000Z,175.9,176.175,175.54,176.175,6991132.513169001
2026-04-01T14:15:00.000Z,176.175,176.42,175.77,176.2,6866807.084942999
2026-04-01T14:30:00.000Z,176.19,176.36,175.505,175.97,6204465.279495
2026-04-01T14:45:00.000Z,175.965,176.705,175.8,176.68,6010070.488512
2026-04-01T15:00:00.000Z,176.68,177.12,176.62,176.835,6150465.881434
2026-04-01T15:15:00.000Z,176.84,176.96,176.48,176.485,4310091.820204
2026-04-01T15:30:00.000Z,176.48,176.92,176.4,176.86,3938644.6673190002
2026-04-01T15:45:00.000Z,176.855,177.27,176.75,177.105,3915326.08912
2026-04-01T16:00:00.000Z,177.11,177.37,176.9,177.165,3792758.160769
2026-04-01T16:15:00.000Z,177.17,177.37,176.9,177.1,3673179.95242
2026-04-01T16:30:00.000Z,177.1,177.165,176.81,176.8507,3259372.477287
2026-04-01T16:45:00.000Z,176.855,176.89,176.61,176.655,2846033.167452
2026-04-01T17:00:00.000Z,176.65,177.09,176.625,176.88,3029600.837884
2026-04-01T17:15:00.000Z,176.885,176.94,176.665,176.665,2047270.903847
2026-04-01T17:30:00.000Z,176.665,176.72,176.39,176.43,3004767.052155
2026-04-01T17:45:00.000Z,176.435,176.58,175.8501,175.95,3512831.568946
2026-04-01T18:00:00.000Z,175.94,176.03,175.4,175.565,4190665.18822
2026-04-01T18:15:00.000Z,175.565,175.585,174.85,175.08,5502633.208816001
2026-04-01T18:30:00.000Z,175.08,175.67,174.805,175.46,4558552.410142001
2026-04-01T18:45:00.000Z,175.4599,175.62,175.21,175.465,2867577.355959
2026-04-01T19:00:00.000Z,175.46,175.88,175.4,175.7499,3507924.923048
2026-04-01T19:15:00.000Z,175.745,176.32,175.655,176.01,5559341.183351
2026-04-01T19:30:00.000Z,176.005,176.26,175.76,176.1001,4080583.410696
2026-04-01T19:45:00.000Z,176.105,176.24,175.5001,175.8,7758582.977509
2026-04-02T13:30:00.000Z,172.18,173.75,171.37,172.04,15045929.276012
2026-04-02T13:45:00.000Z,172.05,174.18,171.83,174.07,9784780.394072
2026-04-02T14:00:00.000Z,174.08,174.61,173.62,174.25,6753484.93798
2026-04-02T14:15:00.000Z,174.26,175.1,174,174.045,8229384.827488
2026-04-02T14:30:00.000Z,174.03,176.7,173.92,176.3601,8399344.254059002
2026-04-02T14:45:00.000Z,176.36,176.5499,175.13,176.3301,6079296.188691
2026-04-02T15:00:00.000Z,176.35,177.15,175.765,176.7506,5363283.097115
2026-04-02T15:15:00.000Z,176.76,176.97,176.21,176.69,4540324.241531
2026-04-02T15:30:00.000Z,176.7,177.02,176.24,176.955,4177191.4616139997
2026-04-02T15:45:00.000Z,176.955,176.97,176.08,176.51,3728905.186626
2026-04-02T16:00:00.000Z,176.5101,176.76,175.9,176.1401,3333929.8988269996
2026-04-02T16:15:00.000Z,176.13,176.34,175.72,176.125,2880264.1470649997
2026-04-02T16:30:00.000Z,176.12,176.85,175.77,176.4801,3412963.0244149994
2026-04-02T16:45:00.000Z,176.5,176.63,176.34,176.4,1856351.275923
2026-04-02T17:00:00.000Z,176.4,176.78,176.2,176.695,2120669.4105100003
2026-04-02T17:15:00.000Z,176.69,176.92,176.6,176.78,1853324.6356459998
2026-04-02T17:30:00.000Z,176.79,176.88,176.5501,176.73,1919066.7064289998
2026-04-02T17:45:00.000Z,176.725,176.795,176.1101,176.385,2770452.400173
2026-04-02T18:00:00.000Z,176.385,177.05,176.385,176.7801,2913350.166368
2026-04-02T18:15:00.000Z,176.785,176.89,176.51,176.54,2133532.751171
2026-04-02T18:30:00.000Z,176.55,177.15,176.52,177.0301,2556088.634411
2026-04-02T18:45:00.000Z,177.03,177.07,176.74,176.845,2379605.614846
2026-04-02T19:00:00.000Z,176.84,177.47,176.84,177.295,4303282.049188001
2026-04-02T19:15:00.000Z,177.295,177.38,176.88,176.905,3234346.2626650003
2026-04-02T19:30:00.000Z,176.9,177.18,176.86,176.9799,3217490.3359910003
2026-04-02T19:45:00.000Z,176.98,177.49,176.89,177.4,7863969.744658
2026-04-06T13:30:00.000Z,177.155,177.79,175.76,176.7095,10746225.379395
2026-04-06T13:45:00.000Z,176.71,177.46,176.675,177.04,6868731.882219999
2026-04-06T14:00:00.000Z,177.02,177.35,175.99,176.51,7187258.545496999
2026-04-06T14:15:00.000Z,176.51,177.1,176.475,176.78,4677229.732195
2026-04-06T14:30:00.000Z,176.78,176.96,176.285,176.4,4837941.478123
2026-04-06T14:45:00.000Z,176.39,176.83,176.175,176.5801,4154848.0798319997
2026-04-06T15:00:00.000Z,176.59,176.955,176.53,176.64,2875092.0896750004
2026-04-06T15:15:00.000Z,176.64,176.915,176.415,176.4861,2554912.2551949997
2026-04-06T15:30:00.000Z,176.485,177.09,176.45,177.025,2792673.359578
2026-04-06T15:45:00.000Z,177.0201,177.61,176.97,177.4401,3294209.941507
2026-04-06T16:00:00.000Z,177.45,177.485,176.94,177.16,2563318.108159
2026-04-06T16:15:00.000Z,177.17,177.34,177.04,177.155,2127178.102704
2026-04-06T16:30:00.000Z,177.1501,177.44,176.99,177.1999,2080453.4640359997
2026-04-06T16:45:00.000Z,177.195,177.3,176.865,177,2193093.57307
2026-04-06T17:00:00.000Z,177,177.03,176.045,176.27,3436014.543939
2026-04-06T17:15:00.000Z,176.27,177.04,176.21,176.935,2333946.3226879993
2026-04-06T17:30:00.000Z,176.932,177.14,176.64,176.74,3088529.3795530004
2026-04-06T17:45:00.000Z,176.735,176.775,176.55,176.595,1863593.0739479999
2026-04-06T18:00:00.000Z,176.6,177.02,176.445,176.8599,2711369.267646
2026-04-06T18:15:00.000Z,176.86,177.3,176.855,176.98,2708805.242445
2026-04-06T18:30:00.000Z,176.975,177.12,176.75,177.085,1891562.804248
2026-04-06T18:45:00.000Z,177.09,177.32,177.06,177.17,1804184.1798059996
2026-04-06T19:00:00.000Z,177.17,177.279,177.03,177.26,2137800.2245020005
2026-04-06T19:15:00.000Z,177.265,177.42,177.21,177.2201,2548910.9045979995
2026-04-06T19:30:00.000Z,177.22,177.44,177.15,177.25,2600775.3191679996
2026-04-06T19:45:00.000Z,177.24,177.68,177.075,177.64,5732124.43241
2026-04-07T13:30:00.000Z,175.725,176.99,175.25,176.405,8902609.050384998
2026-04-07T13:45:00.000Z,176.405,176.55,175.31,175.3399,6309009.599787
2026-04-07T14:00:00.000Z,175.32,175.455,174.44,174.8699,7228745.672735999
2026-04-07T14:15:00.000Z,174.875,175.63,174.8,175.08,5541612.619539001
2026-04-07T14:30:00.000Z,175.09,175.17,174.53,174.75,5267973.723179
2026-04-07T14:45:00.000Z,174.75,175.01,174.24,174.26,3927378.0099460008
2026-04-07T15:00:00.000Z,174.25,174.5,173.66,174.435,5545258.894920999
2026-04-07T15:15:00.000Z,174.44,175.07,174.39,175.0101,3840903.0169409993
2026-04-07T15:30:00.000Z,175.02,175.165,174.69,174.88,3212528.264658001
2026-04-07T15:45:00.000Z,174.88,175.48,174.825,175.225,3159643.970849
2026-04-07T16:00:00.000Z,175.23,175.9499,174.965,175.105,4212628.878824
2026-04-07T16:15:00.000Z,175.11,175.65,175.025,175.41,3189720.9138940005
2026-04-07T16:30:00.000Z,175.4,175.685,175.28,175.555,2319923.0006390004
2026-04-07T16:45:00.000Z,175.56,175.9471,175.5101,175.535,2548946.2615969996
2026-04-07T17:00:00.000Z,175.5399,175.84,175.42,175.46,2652230.69289
2026-04-07T17:15:00.000Z,175.45,175.6,175.3105,175.39,1961278.07253
2026-04-07T17:30:00.000Z,175.39,176.18,175.345,175.53,2743063.878682999
2026-04-07T17:45:00.000Z,175.53,176.06,175.46,175.77,3273317.8137509995
2026-04-07T18:00:00.000Z,175.7799,176.02,175.62,175.84,2119249.583172
2026-04-07T18:15:00.000Z,175.8399,176.07,175.66,175.6996,2246252.950279
2026-04-07T18:30:00.000Z,175.695,175.79,175.4,175.5099,2201437.6448669997
2026-04-07T18:45:00.000Z,175.505,175.585,174.98,175.235,3058563.3022720004
2026-04-07T19:00:00.000Z,175.24,175.72,175.1199,175.655,2758098.5564519996
2026-04-07T19:15:00.000Z,175.655,176.88,175.6,176.29,5801088.020633999
2026-04-07T19:30:00.000Z,176.275,176.825,176.08,176.67,3537887.1024830006
2026-04-07T19:45:00.000Z,176.66,178.23,176.51,178.095,11702587.500822002
2026-04-08T13:30:00.000Z,184.5,185.26,182.71,183.0201,19624578.129568003
2026-04-08T13:45:00.000Z,183.03,183.975,182.58,182.62,9689217.132996999
2026-04-08T14:00:00.000Z,182.61,182.799,181.255,181.79,9021986.126561
2026-04-08T14:15:00.000Z,181.785,182.26,181.4,181.8,5653184.757404
2026-04-08T14:30:00.000Z,181.7951,181.9297,181.04,181.05,5848174.274419001
2026-04-08T14:45:00.000Z,181.0451,181.17,180.3,180.885,6171441.64896
2026-04-08T15:00:00.000Z,180.88,181.54,180.88,181.26,4449712.082896999
2026-04-08T15:15:00.000Z,181.27,181.692,180.95,181.3,4443983.412904
2026-04-08T15:30:00.000Z,181.3,181.73,181.13,181.7298,3278983.4381659995
2026-04-08T15:45:00.000Z,181.73,181.92,181.59,181.65,3008673.7245440003
2026-04-08T16:00:00.000Z,181.64,182.03,181.59,181.72,2439131.805658
2026-04-08T16:15:00.000Z,181.73,181.79,181.29,181.45,3166296.3811319997
2026-04-08T16:30:00.000Z,181.45,181.73,181.39,181.595,2096871.4180420002
2026-04-08T16:45:00.000Z,181.59,181.788,181.485,181.6,2463160.331282
2026-04-08T17:00:00.000Z,181.595,181.81,181.43,181.625,2455042.089514999
2026-04-08T17:15:00.000Z,181.62,181.81,181.375,181.445,2144909.146524
2026-04-08T17:30:00.000Z,181.445,181.73,181.29,181.585,2157002.9471469996
2026-04-08T17:45:00.000Z,181.58,181.865,181.5,181.74,2047053.1126529998
2026-04-08T18:00:00.000Z,181.74,182.18,181.59,182.085,2801265.8278089995
2026-04-08T18:15:00.000Z,182.09,182.1799,181.49,181.7003,3513307.9013559995
2026-04-08T18:30:00.000Z,181.7076,182.05,181.62,181.645,2307518.315955
2026-04-08T18:45:00.000Z,181.63,181.92,181.1,181.17,2836883.6203590003
2026-04-08T19:00:00.000Z,181.165,181.97,181.1,181.9001,3169178.4483809997
2026-04-08T19:15:00.000Z,181.905,181.94,181.61,181.705,2835320.287305
2026-04-08T19:30:00.000Z,181.7,182.105,181.67,181.835,3257325.486206
2026-04-08T19:45:00.000Z,181.84,182.3,181.65,182.12,8050914.142347001
2026-04-09T13:30:00.000Z,181.84,182.3,180.62,181.87,9621405.929428998
2026-04-09T13:45:00.000Z,181.87,181.96,181.13,181.475,5334609.652774999
2026-04-09T14:00:00.000Z,181.49,182.25,181.3201,181.88,5131632.920968
2026-04-09T14:15:00.000Z,181.87,181.88,181.29,181.62,4107076.085388
2026-04-09T14:30:00.000Z,181.61,181.98,181.39,181.945,3609325.8243110003
2026-04-09T14:45:00.000Z,181.94,182.76,181.9125,182.535,5460038.326764
2026-04-09T15:00:00.000Z,182.535,183.31,182.36,183.28,4684505.539877
2026-04-09T15:15:00.000Z,183.28,183.53,182.7601,182.835,4514635.59673
2026-04-09T15:30:00.000Z,182.83,183.37,182.72,182.855,3718657.8799610008
2026-04-09T15:45:00.000Z,182.865,183.58,182.73,183.42,3434941.7113179998
2026-04-09T16:00:00.000Z,183.44,183.96,183.37,183.38,3811211.0460210005
2026-04-09T16:15:00.000Z,183.38,183.61,183.2,183.535,2967456.781363
2026-04-09T16:30:00.000Z,183.53,183.562,183.24,183.445,2313645.93308
2026-04-09T16:45:00.000Z,183.445,183.67,183.1,183.485,2552832.2517490005
2026-04-09T17:00:00.000Z,183.48,183.89,183.39,183.74,2452543.6654540002
2026-04-09T17:15:00.000Z,183.74,183.8599,183.43,183.46,2209730.93572
2026-04-09T17:30:00.000Z,183.455,183.7396,183.16,183.605,2961780.278589
2026-04-09T17:45:00.000Z,183.605,183.69,183.4,183.55,1851310.479856
2026-04-09T18:00:00.000Z,183.55,183.69,183,183.335,2672449.7360730004
2026-04-09T18:15:00.000Z,183.335,183.5,183.01,183.1,2032492.885832
2026-04-09T18:30:00.000Z,183.08,183.56,182.92,183.39,2383480.060514
2026-04-09T18:45:00.000Z,183.385,183.6,183.265,183.47,1646973.4134170003
2026-04-09T19:00:00.000Z,183.4701,183.84,183.44,183.71,2619261.880855
2026-04-09T19:15:00.000Z,183.715,183.8,183.47,183.65,2527289.184673
2026-04-09T19:30:00.000Z,183.65,183.85,183.6,183.735,2886245.94214
2026-04-09T19:45:00.000Z,183.735,184.08,183.61,183.86,8078851.968997001
2026-04-10T13:30:00.000Z,184.31,186.5,184.3,185.83,13363620.218702001
2026-04-10T13:45:00.000Z,185.84,187.92,185.815,187.0606,12177930.324250001
2026-04-10T14:00:00.000Z,187.08,187.345,186.31,187.25,7312419.294497999
2026-04-10T14:15:00.000Z,187.24,187.83,187.115,187.825,6321281.452224
2026-04-10T14:30:00.000Z,187.83,188.83,187.73,188.09,10494959.124873
2026-04-10T14:45:00.000Z,188.1,188.945,187.93,188.895,6115830.658329001
2026-04-10T15:00:00.000Z,188.895,189.22,188.58,189.07,7261137.654518
2026-04-10T15:15:00.000Z,189.07,190,189.07,189.48,8448115.071082998
2026-04-10T15:30:00.000Z,189.48,189.59,188.47,188.855,6183086.887042999
2026-04-10T15:45:00.000Z,188.855,189.03,188.155,188.435,4840064.086564999
2026-04-10T16:00:00.000Z,188.44,188.78,188.095,188.625,4183579.0259370003
2026-04-10T16:15:00.000Z,188.62,188.75,188.26,188.46,2646650.389991
2026-04-10T16:30:00.000Z,188.45,188.555,187.98,188.145,2858848.739128
2026-04-10T16:45:00.000Z,188.15,188.58,187.93,188.515,3740705.980096
2026-04-10T17:00:00.000Z,188.515,188.62,188.31,188.455,2244618.9377389997
2026-04-10T17:15:00.000Z,188.45,188.52,188.105,188.1471,3743747.19898
2026-04-10T17:30:00.000Z,188.14,188.52,187.96,188.5,2404446.943765
2026-04-10T17:45:00.000Z,188.505,188.7699,188.415,188.67,2120739.476186
2026-04-10T18:00:00.000Z,188.67,188.71,188.3,188.595,3132388.2517609997
2026-04-10T18:15:00.000Z,188.6,189,188.53,188.585,3039495.280168
2026-04-10T18:30:00.000Z,188.58,188.72,188.3801,188.635,2353764.856583
2026-04-10T18:45:00.000Z,188.63,188.935,188.61,188.7799,2336218.4058419997
2026-04-10T19:00:00.000Z,188.78,189.565,188.76,189.43,4766861.314336
2026-04-10T19:15:00.000Z,189.4399,189.75,189.15,189.39,4244797.923091999
2026-04-10T19:30:00.000Z,189.385,189.385,188.67,188.925,5110227.927528
2026-04-10T19:45:00.000Z,188.92,188.97,188.11,188.64,9050259.191326998
2026-04-13T13:30:00.000Z,186.03,186.98,185.74,186.235,13049586.385605004
2026-04-13T13:45:00.000Z,186.235,188.05,186,188.025,7844794.633276001
2026-04-13T14:00:00.000Z,188.02,188.34,187.705,187.89,6528013.338798
2026-04-13T14:15:00.000Z,187.895,188.48,187.62,188.4199,4942829.035436999
2026-04-13T14:30:00.000Z,188.41,188.9,188.135,188.895,4373386.989794
2026-04-13T14:45:00.000Z,188.895,189.63,188.85,189.36,5319337.280967999
2026-04-13T15:00:00.000Z,189.375,189.66,188.9,189.4795,5380003.768223
2026-04-13T15:15:00.000Z,189.4799,189.59,188.58,188.6108,3849694.8423810005
2026-04-13T15:30:00.000Z,188.62,188.9,188.3101,188.335,4101977.928742
2026-04-13T15:45:00.000Z,188.34,188.59,188,188.257,3475302.972378
2026-04-13T16:00:00.000Z,188.27,188.387,187.92,188.1495,3413196.1517250002
2026-04-13T16:15:00.000Z,188.145,188.62,187.92,188.4451,2949718.565835999
2026-04-13T16:30:00.000Z,188.44,188.44,187.85,188.205,3204687.4329709997
2026-04-13T16:45:00.000Z,188.2074,188.49,188.055,188.345,3028104.3915580004
2026-04-13T17:00:00.000Z,188.345,188.65,188.17,188.28,2913074.8590740003
2026-04-13T17:15:00.000Z,188.28,188.47,188.12,188.205,2059553.387248
2026-04-13T17:30:00.000Z,188.205,188.42,188.02,188.195,2417336.949975
2026-04-13T17:45:00.000Z,188.19,188.32,187.98,188.095,2293843.434861
2026-04-13T18:00:00.000Z,188.095,188.25,188.08,188.085,2270452.653359
2026-04-13T18:15:00.000Z,188.08,188.15,187.97,188.0199,2139395.528476
2026-04-13T18:30:00.000Z,188.01,188.2651,187.99,188.2191,2039003.8564930002
2026-04-13T18:45:00.000Z,188.215,188.73,188.21,188.545,3265637.526125
2026-04-13T19:00:00.000Z,188.545,188.7,188.48,188.6184,2549679.5129070003
2026-04-13T19:15:00.000Z,188.62,188.89,188.56,188.705,3120156.723849
2026-04-13T19:30:00.000Z,188.7,189,188.39,188.6899,3605889.9124510004
2026-04-13T19:45:00.000Z,188.69,189.455,188.6115,189.21,8930643.385915
2026-04-14T13:30:00.000Z,190.84,193.31,190.77,192.2801,17997261.698241003
2026-04-14T13:45:00.000Z,192.28,193.19,192.13,192.24,9855547.660378
2026-04-14T14:00:00.000Z,192.23,192.53,191.46,192.427,7003586.275232
2026-04-14T14:15:00.000Z,192.4201,192.99,192.26,192.86,4809667.4002950005
2026-04-14T14:30:00.000Z,192.87,193.475,192.66,193.1099,5916823.175856
2026-04-14T14:45:00.000Z,193.105,193.42,193.04,193.32,3824308.074641
2026-04-14T15:00:00.000Z,193.31,193.33,192.66,193.12,4773419.74102
2026-04-14T15:15:00.000Z,193.12,193.73,192.95,193.445,4793470.844447001
2026-04-14T15:30:00.000Z,193.445,194.1,193.33,193.875,6191121.705547
2026-04-14T15:45:00.000Z,193.88,194.3899,193.848,194.025,4515588.239368999
2026-04-14T16:00:00.000Z,194.02,194.5983,194,194.545,3889485.536134
2026-04-14T16:15:00.000Z,194.545,194.94,194.52,194.7999,4016220.0267999996
2026-04-14T16:30:00.000Z,194.8059,194.88,194.525,194.7,3613207.7970700003
2026-04-14T16:45:00.000Z,194.7,194.825,194.46,194.565,3483123.526341
2026-04-14T17:00:00.000Z,194.565,194.65,194.34,194.625,3085843.6932220003
2026-04-14T17:15:00.000Z,194.625,194.99,194.525,194.725,3808329.0050830008
2026-04-14T17:30:00.000Z,194.73,194.875,194.65,194.79,2037531.421773
2026-04-14T17:45:00.000Z,194.79,194.86,194.71,194.7801,2055397.176729
2026-04-14T18:00:00.000Z,194.785,194.9,194.75,194.855,1957746.7934720002
2026-04-14T18:15:00.000Z,194.8593,194.87,194.39,194.58,2761186.002154
2026-04-14T18:30:00.000Z,194.575,194.95,194.565,194.71,2620369.1517630005
2026-04-14T18:45:00.000Z,194.71,194.945,194.67,194.937,2182805.076979
2026-04-14T19:00:00.000Z,194.935,196.17,194.9,196.11,9438656.239494
2026-04-14T19:15:00.000Z,196.12,196.34,196.08,196.2051,4817322.116572999
2026-04-14T19:30:00.000Z,196.2,196.35,195.91,195.9399,5205240.723823998
2026-04-14T19:45:00.000Z,195.935,196.5,195.57,196.49,11290033.647428999
2026-04-15T13:30:00.000Z,196.54,198.68,196.26,196.89,17216323.687175002
2026-04-15T13:45:00.000Z,196.885,198.66,196.8118,198.53,9438371.172549
2026-04-15T14:00:00.000Z,198.54,198.92,198.2201,198.88,8304599.230844
2026-04-15T14:15:00.000Z,198.88,199.58,198.54,199.24,8692671.41371
2026-04-15T14:30:00.000Z,199.2599,199.87,199.07,199.2205,7324132.723408001
2026-04-15T14:45:00.000Z,199.225,199.64,199.02,199.36,4716545.620838
2026-04-15T15:00:00.000Z,199.37,199.86,199.33,199.72,5598024.770563
2026-04-15T15:15:00.000Z,199.725,199.94,199.575,199.81,5449779.448426
2026-04-15T15:30:00.000Z,199.795,199.98,199.43,199.865,4853896.369483
2026-04-15T15:45:00.000Z,199.875,200.4,199.48,199.685,11077761.243906997
2026-04-15T16:00:00.000Z,199.68,199.75,199.3201,199.515,3432706.989640999
2026-04-15T16:15:00.000Z,199.515,199.76,199.09,199.125,3946850.7166770003
2026-04-15T16:30:00.000Z,199.1202,199.14,197.59,197.78,6193599.780049
2026-04-15T16:45:00.000Z,197.78,197.81,196.14,197.07,8190309.115627999
2026-04-15T17:00:00.000Z,197.055,197.5699,196.9,197.285,4873485.885977
2026-04-15T17:15:00.000Z,197.285,197.48,196.93,196.96,3342147.913278
2026-04-15T17:30:00.000Z,196.96,197.71,196.78,196.8,3566734.9356879992
2026-04-15T17:45:00.000Z,196.8,196.99,196.17,196.24,3565460.6519759996
2026-04-15T18:00:00.000Z,196.24,196.98,195.74,196.8301,6079149.315399
2026-04-15T18:15:00.000Z,196.835,197.13,196.55,196.9699,3204042.911087
2026-04-15T18:30:00.000Z,196.96,197.52,196.9525,197.305,3412920.9064479996
2026-04-15T18:45:00.000Z,197.3097,197.5199,197.2016,197.315,2791149.024482
2026-04-15T19:00:00.000Z,197.315,197.79,197.15,197.56,3817126.9778490006
2026-04-15T19:15:00.000Z,197.56,198.27,197.52,198.24,4090516.153317
2026-04-15T19:30:00.000Z,198.24,198.5,198.0325,198.23,4899855.84119
2026-04-15T19:45:00.000Z,198.23,199.17,198.02,198.8678,11615938.923768
2026-04-16T13:30:00.000Z,197.43,197.8,195.81,197.12,12187764.743013
2026-04-16T13:45:00.000Z,197.13,197.38,196,196.7298,7642707.269464999
2026-04-16T14:00:00.000Z,196.73,197.74,196.41,197.38,6566058.4925069995
2026-04-16T14:15:00.000Z,197.3897,197.76,196.87,197.37,4237900.288013
2026-04-16T14:30:00.000Z,197.37,198.01,197.31,197.845,4288496.250594
2026-04-16T14:45:00.000Z,197.85,198.75,197.82,198.675,4882731.0156930005
2026-04-16T15:00:00.000Z,198.675,199.85,198.65,199.33,6455740.101507999
2026-04-16T15:15:00.000Z,199.33,199.65,198.95,199.01,4067510.5397799993
2026-04-16T15:30:00.000Z,199.02,199.64,198.85,199.12,4343849.771249
2026-04-16T15:45:00.000Z,199.12,199.13,198.4003,198.9599,3707993.927888
2026-04-16T16:00:00.000Z,198.975,199.1,198.6101,198.973,3441766.746479
2026-04-16T16:15:00.000Z,198.98,199.22,198.59,198.62,2689278.9640500005
2026-04-16T16:30:00.000Z,198.615,198.76,197.75,198.5301,3586076.3911079997
2026-04-16T16:45:00.000Z,198.535,198.85,198.33,198.355,2086521.56289
2026-04-16T17:00:00.000Z,198.36,198.46,197.81,197.91,3286102.3088149996
2026-04-16T17:15:00.000Z,197.9,198.55,197.8,198.415,3145709.961573
2026-04-16T17:30:00.000Z,198.4174,198.7,198.142,198.695,2152034.3812739993
2026-04-16T17:45:00.000Z,198.7,198.7299,197.93,198.2099,2729314.1711449996
2026-04-16T18:00:00.000Z,198.2,198.4,197.48,197.945,3396935.2356399996
2026-04-16T18:15:00.000Z,197.95,198.05,197.3,197.495,2944825.404293
2026-04-16T18:30:00.000Z,197.495,198.26,197.485,198.23,3112286.6356299995
2026-04-16T18:45:00.000Z,198.23,198.39,197.97,198.115,2591461.6933589997
2026-04-16T19:00:00.000Z,198.115,198.355,198.025,198.23,3835957.1078990013
2026-04-16T19:15:00.000Z,198.24,198.35,198.06,198.12,3954634.441773
2026-04-16T19:30:00.000Z,198.12,198.6,198.095,198.29,3380420.215116
2026-04-16T19:45:00.000Z,198.28,198.8,198.105,198.24,7797187.645311
2026-04-17T13:30:00.000Z,199.9,200.89,199.27,200.4699,22540089.885547005
2026-04-17T13:45:00.000Z,200.47,201.405,200.105,201.15,10256093.913505
2026-04-17T14:00:00.000Z,201.155,201.68,200.88,201.46,8598141.930643
2026-04-17T14:15:00.000Z,201.47,201.47,199.7957,200.375,7815660.809334001
2026-04-17T14:30:00.000Z,200.375,200.91,200.24,200.625,5733709.057723001
2026-04-17T14:45:00.000Z,200.64,200.87,200.02,200.28,4331382.179309
2026-04-17T15:00:00.000Z,200.3199,200.99,200.12,200.73,4222506.652917999
2026-04-17T15:15:00.000Z,200.73,200.88,200.33,200.635,3053530.0332929995
2026-04-17T15:30:00.000Z,200.63,201.3,200.62,200.91,4256067.107535999
2026-04-17T15:45:00.000Z,200.935,201.4,200.35,200.405,3805394.6365559995
2026-04-17T16:00:00.000Z,200.41,201.09,200.23,200.9001,4663004.211695999
2026-04-17T16:15:00.000Z,200.9,201.07,200.56,200.69,5820738.656603001
2026-04-17T16:30:00.000Z,200.7,200.76,200.39,200.59,2944524.3897500006
2026-04-17T16:45:00.000Z,200.58,200.87,200.545,200.735,2480136.170823
2026-04-17T17:00:00.000Z,200.74,200.85,200.12,200.3201,3826137.034114
2026-04-17T17:15:00.000Z,200.3201,200.49,199.47,199.88,3770289.1669649994
2026-04-17T17:30:00.000Z,199.88,200.35,199.8401,200.32,2510803.947692
2026-04-17T17:45:00.000Z,200.32,200.62,200.3,200.3102,2848349.256261
2026-04-17T18:00:00.000Z,200.315,200.56,200.3,200.4401,2473463.775338
2026-04-17T18:15:00.000Z,200.4601,200.8851,200.38,200.64,3092622.884496
2026-04-17T18:30:00.000Z,200.66,200.96,200.5901,200.95,2143082.716537
2026-04-17T18:45:00.000Z,200.94,201,200.55,200.86,2968373.4499260006
2026-04-17T19:00:00.000Z,200.87,200.96,200.73,200.9,2355108.062441
2026-04-17T19:15:00.000Z,200.89,201.48,200.88,201.26,4474349.227878
2026-04-17T19:30:00.000Z,201.27,201.46,201.12,201.38,3598442.290686
2026-04-17T19:45:00.000Z,201.38,201.7,201.26,201.67,8373438.732211001
2026-04-20T13:30:00.000Z,199.98,200.53,198.42,199.8608,12625780.891049998
2026-04-20T13:45:00.000Z,199.86,200.43,199.35,200.25,5878694.506731999
2026-04-20T14:00:00.000Z,200.25,200.34,199.39,199.585,4980917.969465999
2026-04-20T14:15:00.000Z,199.585,199.59,198.89,199.13,5181150.810834002
2026-04-20T14:30:00.000Z,199.115,199.41,198.83,199.065,4029744.101141
2026-04-20T14:45:00.000Z,199.07,199.4193,198.37,198.55,4761021.490897
2026-04-20T15:00:00.000Z,198.55,198.86,197.8397,198.43,5321903.038321001
2026-04-20T15:15:00.000Z,198.43,199.34,198.33,199.27,4547196.251492
2026-04-20T15:30:00.000Z,199.26,199.3099,198.74,198.785,4104347.4627199993
2026-04-20T15:45:00.000Z,198.785,198.895,198.42,198.645,2924189.598774
2026-04-20T16:00:00.000Z,198.65,199.25,198.5701,199.12,3391778.7216089997
2026-04-20T16:15:00.000Z,199.13,199.4599,198.89,199.185,2460005.943717
2026-04-20T16:30:00.000Z,199.2,199.58,199.145,199.4299,1830676.0745940001
2026-04-20T16:45:00.000Z,199.425,199.5199,199.22,199.29,1490237.5603140001
2026-04-20T17:00:00.000Z,199.28,199.7,199.14,199.585,1956897.129081
2026-04-20T17:15:00.000Z,199.58,199.8,199.51,199.53,1719381.90419
2026-04-20T17:30:00.000Z,199.53,199.95,199.45,199.945,3486320.224973
2026-04-20T17:45:00.000Z,199.945,200.14,199.89,199.945,3469029.777718
2026-04-20T18:00:00.000Z,199.96,200.39,199.9502,200.305,3419674.1539670005
2026-04-20T18:15:00.000Z,200.305,200.73,200.22,200.595,2982699.0744009996
2026-04-20T18:30:00.000Z,200.6,200.94,200.38,200.895,3116971.6095910002
2026-04-20T18:45:00.000Z,200.89,200.95,200.72,200.785,2254264.306235
2026-04-20T19:00:00.000Z,200.79,201.14,200.74,201.105,2791077.7041220004
2026-04-20T19:15:00.000Z,201.105,201.24,201.02,201.13,2321005.7477369998
2026-04-20T19:30:00.000Z,201.13,201.81,201.085,201.605,3825429.8417060007
2026-04-20T19:45:00.000Z,201.605,202.17,201.5,202.12,8756691.117120001
2026-04-21T13:30:00.000Z,202.13,202.75,200.84,201.185,10154125.197733
2026-04-21T13:45:00.000Z,201.188,201.81,200.9,201.42,4960863.329100001
2026-04-21T14:00:00.000Z,201.43,202.49,201.26,202.165,5341931.276262
2026-04-21T14:15:00.000Z,202.19,202.39,201.47,201.89,3972684.2097170004
2026-04-21T14:30:00.000Z,201.89,202.06,201.52,201.82,3114772.820892
2026-04-21T14:45:00.000Z,201.82,201.87,201.05,201.1201,3156735.9811980007
2026-04-21T15:00:00.000Z,201.15,201.5,200.5709,201.405,3896641.1506379996
2026-04-21T15:15:00.000Z,201.405,201.69,200.87,201.05,3118753.451624
2026-04-21T15:30:00.000Z,201.06,201.38,200.86,201.2378,2328837.3582249996
2026-04-21T15:45:00.000Z,201.23,201.37,200.67,200.72,2511631.8752969997
2026-04-21T16:00:00.000Z,200.73,200.89,200.23,200.3851,3188585.6703339997
2026-04-21T16:15:00.000Z,200.385,200.56,199.87,199.895,3116433.5527439993
2026-04-21T16:30:00.000Z,199.89,200.22,199.72,199.85,2808267.8567150002
2026-04-21T16:45:00.000Z,199.85,200.3191,199.85,199.95,1941478.961041
2026-04-21T17:00:00.000Z,199.93,200.1899,199.0297,199.4771,3063546.4420479997
2026-04-21T17:15:00.000Z,199.48,199.57,199,199.32,2666811.862486
2026-04-21T17:30:00.000Z,199.3401,200.38,199.26,200.08,3101999.270647
2026-04-21T17:45:00.000Z,200.08,200.12,199.29,199.59,2468569.2738320003
2026-04-21T18:00:00.000Z,199.61,200.0999,199.472,200.085,2263806.640297
2026-04-21T18:15:00.000Z,200.085,200.16,199.56,199.931,2185464.345105
2026-04-21T18:30:00.000Z,199.95,200.5399,199.95,200.385,2219831.433917
2026-04-21T18:45:00.000Z,200.39,200.87,200.165,200.64,2663271.683059
2026-04-21T19:00:00.000Z,200.66,200.82,200.32,200.443,2582569.0928599997
2026-04-21T19:15:00.000Z,200.47,200.97,200.35,200.957,2492031.964464
2026-04-21T19:30:00.000Z,200.96,201.16,199.18,199.37,4271222.441024
2026-04-21T19:45:00.000Z,199.38,200.11,199.28,199.91,7406077.562986
2026-04-22T13:30:00.000Z,200.99,201.1,199.97,200.42,7761030.265438001
2026-04-22T13:45:00.000Z,200.42,200.61,199.5,199.87,6187821.633613001
2026-04-22T14:00:00.000Z,199.88,200.13,199.32,200.12,4326348.595125
2026-04-22T14:15:00.000Z,200.125,200.5,199,200.36,5152554.3807230005
2026-04-22T14:30:00.000Z,200.3501,201.01,200.29,200.8801,5322592.035847999
2026-04-22T14:45:00.000Z,200.885,201.51,200.87,201.21,4185644.6362029994
2026-04-22T15:00:00.000Z,201.215,201.475,200.95,201.3715,2770251.532379
2026-04-22T15:15:00.000Z,201.38,201.88,201.22,201.6009,3824066.001874999
2026-04-22T15:30:00.000Z,201.6,201.7,201.02,201.0306,3017417.5353309996
2026-04-22T15:45:00.000Z,201.025,201.56,200.9313,201.23,2419170.441247
2026-04-22T16:00:00.000Z,201.225,201.41,201.101,201.18,1617692.010837
2026-04-22T16:15:00.000Z,201.19,201.3191,200.93,201.095,1926088.2347599997
2026-04-22T16:30:00.000Z,201.09,201.255,200.94,201.1003,1727467.402607
2026-04-22T16:45:00.000Z,201.09,201.28,201.02,201.13,1336103.670402
2026-04-22T17:00:00.000Z,201.13,201.89,201.125,201.695,3769751.828956
2026-04-22T17:15:00.000Z,201.7,201.98,201.61,201.75,1953835.3770550003
2026-04-22T17:30:00.000Z,201.75,202.19,201.7201,202.02,2781876.0330250002
2026-04-22T17:45:00.000Z,202.02,202.42,201.8,202.29,2727757.3857130003
2026-04-22T18:00:00.000Z,202.28,202.4875,202.08,202.16,2556454.5416650004
2026-04-22T18:15:00.000Z,202.165,202.17,201.62,201.665,3069777.162139
2026-04-22T18:30:00.000Z,201.665,201.99,201.52,201.825,2237199.553892
2026-04-22T18:45:00.000Z,201.83,202.02,201.58,201.595,1830111.121302
2026-04-22T19:00:00.000Z,201.6,201.8,201.23,201.7403,2625247.703268
2026-04-22T19:15:00.000Z,201.75,201.99,201.62,201.675,2961644.3671010006
2026-04-22T19:30:00.000Z,201.6699,201.885,201.59,201.66,3519556.567391
2026-04-22T19:45:00.000Z,201.66,202.5,201.595,202.42,7870414.178973999
2026-04-23T13:30:00.000Z,202.46,203.14,201.105,202.661,8799997.477744
2026-04-23T13:45:00.000Z,202.66,203.829,202.62,203.0614,6905310.196569
2026-04-23T14:00:00.000Z,203.07,203.21,202.01,202.23,4755508.601776999
2026-04-23T14:15:00.000Z,202.2201,202.88,201.62,201.7601,4267368.990014001
2026-04-23T14:30:00.000Z,201.7888,202.48,201.7601,202.02,3672575.306264
2026-04-23T14:45:00.000Z,202.03,202.755,201.78,202.56,3991004.581459
2026-04-23T15:00:00.000Z,202.56,203.085,202.56,202.93,2885280.4857029994
2026-04-23T15:15:00.000Z,202.93,203.11,202.48,202.51,2384970.7543989997
2026-04-23T15:30:00.000Z,202.52,202.72,202.09,202.105,2664997.291231
2026-04-23T15:45:00.000Z,202.1001,202.13,201.18,201.485,4067577.9140230003
2026-04-23T16:00:00.000Z,201.49,201.66,200.97,201.2972,3280516.960829
2026-04-23T16:15:00.000Z,201.29,201.5,200.96,201.1063,2295183.537479
2026-04-23T16:30:00.000Z,201.105,201.73,201.07,201.655,1970273.185085
2026-04-23T16:45:00.000Z,201.6599,201.91,201.3906,201.5,1839715.165881
2026-04-23T17:00:00.000Z,201.52,201.63,199.89,200.178,3962142.3871109993
2026-04-23T17:15:00.000Z,200.16,200.17,199.21,199.435,3987683.5469440003
2026-04-23T17:30:00.000Z,199.45,200.14,197.93,198.11,5137636.8035740005
2026-04-23T17:45:00.000Z,198.115,198.98,197.2206,198.8899,6176268.886295
2026-04-23T18:00:00.000Z,198.88,199.45,198.66,199.165,3034771.6479009995
2026-04-23T18:15:00.000Z,199.18,199.34,198.79,199.14,2313431.9099910003
2026-04-23T18:30:00.000Z,199.14,199.65,199.1,199.36,2024902.8782239999
2026-04-23T18:45:00.000Z,199.35,199.43,198.25,198.37,2065509.65555
2026-04-23T19:00:00.000Z,198.37,198.92,198.1853,198.83,2125715.6287370003
2026-04-23T19:15:00.000Z,198.84,199.29,198.81,199.11,2131342.1751349997
2026-04-23T19:30:00.000Z,199.12,199.48,198.69,199.03,2663453.7807660005
2026-04-23T19:45:00.000Z,199.025,199.71,198.71,199.71,5476446.353385
2026-04-24T13:30:00.000Z,199.96,203.22,199.81,201.7301,15744715.652595
2026-04-24T13:45:00.000Z,201.75,203.01,201.14,202,6631003.401287
2026-04-24T14:00:00.000Z,202.01,203.12,201.92,202.4222,5766859.7676909985
2026-04-24T14:15:00.000Z,202.435,202.98,202.275,202.605,4367682.160905999
2026-04-24T14:30:00.000Z,202.61,206.25,202.47,206.24,13404068.548556
2026-04-24T14:45:00.000Z,206.23,208.88,206.11,208.69,16128114.109879002
2026-04-24T15:00:00.000Z,208.7,209.75,208.24,209.59,13253252.899447998
2026-04-24T15:15:00.000Z,209.59,209.77,207.88,208.9159,10521451.185356
2026-04-24T15:30:00.000Z,208.9197,209.93,208.78,209.7,10749006.883875001
2026-04-24T15:45:00.000Z,209.73,209.8,208.74,209.12,6312029.407327999
2026-04-24T16:00:00.000Z,209.12,209.44,208.33,208.66,5598673.959040999
2026-04-24T16:15:00.000Z,208.67,210,208.35,209.575,8504867.842850002
2026-04-24T16:30:00.000Z,209.575,210.95,209.555,210.09,9152016.61187
2026-04-24T16:45:00.000Z,210.07,210.5493,209.535,209.68,5706179.757177999
2026-04-24T17:00:00.000Z,209.69,210.03,209.24,210.005,4207901.731047
2026-04-24T17:15:00.000Z,210.005,210.03,209.03,209.33,3981131.7442670004
2026-04-24T17:30:00.000Z,209.31,209.69,209.02,209.5901,3291074.956708
2026-04-24T17:45:00.000Z,209.6,209.72,209,209.315,2852922.212751
2026-04-24T18:00:00.000Z,209.32,209.42,208.685,209.03,3474316.268544
2026-04-24T18:15:00.000Z,209.03,209.047,208.15,208.1927,4388664.563885999
2026-04-24T18:30:00.000Z,208.185,208.6099,208.05,208.08,3288318.2658449993
2026-04-24T18:45:00.000Z,208.08,208.25,207.68,208.23,4826562.675801
2026-04-24T19:00:00.000Z,208.23,209.1697,208.12,209.12,5360422.270628
2026-04-24T19:15:00.000Z,209.12,209.279,208.48,208.518,4632543.689067
2026-04-24T19:30:00.000Z,208.51,208.61,208,208.19,4490171.912044
2026-04-24T19:45:00.000Z,208.18,208.48,207.54,208.19,11582892.468213001
2026-04-27T13:30:00.000Z,209.645,211.95,209,209.79,17131758.777990997
2026-04-27T13:45:00.000Z,209.7899,210.59,208.4,210.36,10327183.329415001
2026-04-27T14:00:00.000Z,210.3402,210.73,209.6001,210.4,5859904.726283
2026-04-27T14:15:00.000Z,210.3548,210.4,208.51,208.695,6147246.876611
2026-04-27T14:30:00.000Z,208.7,209.44,207.38,209.2444,7419878.408494
2026-04-27T14:45:00.000Z,209.26,209.87,208.81,209.39,4264232.678309
2026-04-27T15:00:00.000Z,209.4,209.93,209.03,209.475,3420421.5028020004
2026-04-27T15:15:00.000Z,209.46,209.91,209.25,209.88,3017051.8406449994
2026-04-27T15:30:00.000Z,209.87,210.635,209.76,210.37,4559903.172007
2026-04-27T15:45:00.000Z,210.3799,210.85,210.11,210.66,3392487.4881180003
2026-04-27T16:00:00.000Z,210.655,211.42,210.59,211.07,4822631.956031
2026-04-27T16:15:00.000Z,211.06,211.65,210.99,211.455,3765690.8343239995
2026-04-27T16:30:00.000Z,211.455,213.63,211.405,213.0237,10306733.87439
2026-04-27T16:45:00.000Z,213.02,213.31,212.46,212.75,4581785.787794
2026-04-27T17:00:00.000Z,212.75,214.04,212.75,214.015,5562622.304357
2026-04-27T17:15:00.000Z,214.0101,214.26,213.29,213.61,5460719.373013
2026-04-27T17:30:00.000Z,213.62,214.54,213.58,214.315,4293422.535223001
2026-04-27T17:45:00.000Z,214.32,215.38,214.32,215.135,7606606.430654999
2026-04-27T18:00:00.000Z,215.14,215.69,214.8503,215.29,5573026.68581
2026-04-27T18:15:00.000Z,215.29,216.26,215.29,215.69,6933939.070660001
2026-04-27T18:30:00.000Z,215.665,216.38,215.25,215.48,5910199.170747002
2026-04-27T18:45:00.000Z,215.48,215.5,214.82,215.09,4836024.817805
2026-04-27T19:00:00.000Z,215.1,215.89,215.05,215.875,4940535.795488
2026-04-27T19:15:00.000Z,215.88,216.1,215.44,215.49,4828583.043860001
2026-04-27T19:30:00.000Z,215.485,215.919,215.3,215.755,4637317.844776001
2026-04-27T19:45:00.000Z,215.76,216.825,215.75,216.63,11244073.213393003
2026-04-28T13:30:00.000Z,209.49,212.65,208.2,211.8,19571802.052720003
2026-04-28T13:45:00.000Z,211.8,212.28,210.652,212.21,9213104.410200998
2026-04-28T14:00:00.000Z,212.2,213.67,211.75,213.145,8838580.989808999
2026-04-28T14:15:00.000Z,213.13,213.3,211.8,212.375,6525362.691749999
2026-04-28T14:30:00.000Z,212.37,212.74,209.8,210.4499,7937746.0466330005
2026-04-28T14:45:00.000Z,210.44,210.65,208.34,209.74,9359207.649258
2026-04-28T15:00:00.000Z,209.75,210.21,208.99,209.85,6651426.4116549995
2026-04-28T15:15:00.000Z,209.855,209.9999,208.75,209.1,4913202.290491001
2026-04-28T15:30:00.000Z,209.1099,209.5,208.59,209.4899,4559570.268158
2026-04-28T15:45:00.000Z,209.485,209.78,208.87,209.7505,3715123.411537
2026-04-28T16:00:00.000Z,209.76,210.06,209.56,209.995,3760613.1972360006
2026-04-28T16:15:00.000Z,209.99,210.655,209.8,210.11,3832707.082304001
2026-04-28T16:30:00.000Z,210.11,210.2599,209.31,209.965,3306722.5335720005
2026-04-28T16:45:00.000Z,209.9699,210.89,209.85,210.6909,3741291.137912
2026-04-28T17:00:00.000Z,210.71,210.8,210.16,210.565,2916204.1362179993
2026-04-28T17:15:00.000Z,210.5698,210.955,210.16,210.79,2725058.7026660005
2026-04-28T17:30:00.000Z,210.79,211.435,210.785,211.2901,3320589.403597
2026-04-28T17:45:00.000Z,211.3,211.798,211.04,211.765,2912043.775164
2026-04-28T18:00:00.000Z,211.76,212.21,211.63,212.1967,3429655.1629310003
2026-04-28T18:15:00.000Z,212.199,213,212.13,212.845,3917367.82687
2026-04-28T18:30:00.000Z,212.8499,213.93,212.46,213.8999,5027783.140419
2026-04-28T18:45:00.000Z,213.89,214.08,213.51,214.065,4206464.203091
2026-04-28T19:00:00.000Z,214.08,214.73,213.89,214.17,5403811.871582
2026-04-28T19:15:00.000Z,214.17,214.29,213.47,214.065,5536145.7148629995
2026-04-28T19:30:00.000Z,214.06,214.43,213.56,213.68,4109648.770158999
2026-04-28T19:45:00.000Z,213.68,213.7,212.98,213.15,8166789.033971
2026-04-29T13:30:00.000Z,212.7,212.72,210.4,211.001,9881565.784936
2026-04-29T13:45:00.000Z,211,211.597,210.3,210.79,5642157.507506001
2026-04-29T14:00:00.000Z,210.78,211.21,209.73,211.21,6422931.027864
2026-04-29T14:15:00.000Z,211.215,211.23,210.4,211.11,4064346.2077309997
2026-04-29T14:30:00.000Z,211.11,211.72,210.67,211.58,4489901.5409429995
2026-04-29T14:45:00.000Z,211.59,211.95,210.58,211.3,4101538.1272360007
2026-04-29T15:00:00.000Z,211.31,211.38,210.37,210.39,3251985.7045319993
2026-04-29T15:15:00.000Z,210.4,211.09,210.24,210.78,2964762.276611
2026-04-29T15:30:00.000Z,210.805,211.4,210.55,211,3239020.226182
2026-04-29T15:45:00.000Z,210.995,211.38,210.1801,210.66,2953215.239650001
2026-04-29T16:00:00.000Z,210.661,211.22,210.4837,210.505,2340493.906812
2026-04-29T16:15:00.000Z,210.505,210.5799,209.66,209.67,3892908.2030060003
2026-04-29T16:30:00.000Z,209.66,209.86,208.9289,209.59,3886368.7177879997
2026-04-29T16:45:00.000Z,209.6,209.68,208.56,208.9,3433158.8759980006
2026-04-29T17:00:00.000Z,208.9,209.77,208.6502,209.495,2965834.6079110005
2026-04-29T17:15:00.000Z,209.5,209.6,209.16,209.445,2062319.1010730003
2026-04-29T17:30:00.000Z,209.45,209.57,209.07,209.295,1684937.2855629995
2026-04-29T17:45:00.000Z,209.3,209.69,208.93,209.13,2160491.637207
2026-04-29T18:00:00.000Z,209.151,209.235,207.5942,207.93,4880300.0433370005
2026-04-29T18:15:00.000Z,207.92,208.75,207.9,208.045,2790545.2164599993
2026-04-29T18:30:00.000Z,208.05,208.74,207.5758,208.03,3432665.880017
2026-04-29T18:45:00.000Z,208.025,209.0499,207.84,208.9601,3527948.8375540003
2026-04-29T19:00:00.000Z,208.96,209.21,208.54,209.18,2575921.5674280003
2026-04-29T19:15:00.000Z,209.19,209.5,209,209.325,2997491.5391639993
2026-04-29T19:30:00.000Z,209.31,209.44,208.81,208.9701,3017853.032899
2026-04-29T19:45:00.000Z,208.98,209.35,208.6,209.35,7854670.389712001
2026-04-30T13:30:00.000Z,209.93,210.3,205.5,206.75,12913752.303581001
2026-04-30T13:45:00.000Z,206.735,206.9381,202.7,203.9184,12884193.260204002
2026-04-30T14:00:00.000Z,203.93,203.98,201.43,201.925,12577566.900121002
2026-04-30T14:15:00.000Z,201.93,201.9402,199.44,200.615,17431192.630226005
2026-04-30T14:30:00.000Z,200.61,201.11,198.7,200.65,13844443.00831
2026-04-30T14:45:00.000Z,200.6437,202.297,200.58,201.78,8971405.780769998
2026-04-30T15:00:00.000Z,201.775,202.46,201.2,201.9,7400042.149175999
2026-04-30T15:15:00.000Z,201.92,202.15,201.01,201.321,5313787.4505630005
2026-04-30T15:30:00.000Z,201.31,201.82,200.16,200.56,5049903.074798
2026-04-30T15:45:00.000Z,200.55,201.37,200.3,200.665,3991447.7628230006
2026-04-30T16:00:00.000Z,200.67,200.83,199.8,200.71,4666655.4568030005
2026-04-30T16:15:00.000Z,200.71,200.82,199.42,200.14,6629652.302573
2026-04-30T16:30:00.000Z,200.145,200.33,199.55,199.55,4041519.1998619996
2026-04-30T16:45:00.000Z,199.54,200.08,199.32,199.83,4441479.662829
2026-04-30T17:00:00.000Z,199.82,201.05,199.815,200.3801,4269313.817917
2026-04-30T17:15:00.000Z,200.38,200.66,200.08,200.48,3259507.4653580002
2026-04-30T17:30:00.000Z,200.48,201.2,200.41,200.5099,4112429.563854
2026-04-30T17:45:00.000Z,200.51,201.28,200.48,201.26,3359406.4981609997
2026-04-30T18:00:00.000Z,201.255,201.73,200.26,200.6807,4731381.908762
2026-04-30T18:15:00.000Z,200.68,201.05,200.33,200.775,3632579.461045
2026-04-30T18:30:00.000Z,200.77,201.51,200.74,201.47,4048957.0833179997
2026-04-30T18:45:00.000Z,201.47,202,201.45,201.8255,5187436.235019
2026-04-30T19:00:00.000Z,201.825,201.95,201.1,201.46,4244092.0923810005
2026-04-30T19:15:00.000Z,201.45,201.51,200.8,200.82,3930483.6328109996
2026-04-30T19:30:00.000Z,200.81,201.0085,200.473,200.765,5041316.629974
2026-04-30T19:45:00.000Z,200.77,200.93,199.5,199.52,14860105.619107999
2026-05-01T13:30:00.000Z,201.28,203,200.19,201.93,11923861.306573
2026-05-01T13:45:00.000Z,201.95,202.02,199.14,200.46,9411026.092584997
2026-05-01T14:00:00.000Z,200.48,200.6199,199.34,199.9788,5834954.570366999
2026-05-01T14:15:00.000Z,199.96,200.05,199.2,199.3,4808689.222486
2026-05-01T14:30:00.000Z,199.305,199.42,197.12,199.2851,10365045.650612
2026-05-01T14:45:00.000Z,199.28,200.05,199.2201,199.5287,5516975.196032001
2026-05-01T15:00:00.000Z,199.53,199.8299,198.95,199.47,3045387.1030319994
2026-05-01T15:15:00.000Z,199.48,199.78,198.74,198.93,4162778.461929
2026-05-01T15:30:00.000Z,198.93,199.75,198.7,199.56,3323561.832137
2026-05-01T15:45:00.000Z,199.535,199.85,198.89,199.13,3056454.4733819994
2026-05-01T16:00:00.000Z,199.12,199.24,198.48,198.925,2493327.495414
2026-05-01T16:15:00.000Z,198.92,199.4,198.57,198.65,3331656.975035
2026-05-01T16:30:00.000Z,198.6424,198.995,198.6,198.65,1815533.2416959999
2026-05-01T16:45:00.000Z,198.65,199.34,198.56,199.165,1953446.9781989998
2026-05-01T17:00:00.000Z,199.15,199.925,199.1401,199.84,2094316.6180739999
2026-05-01T17:15:00.000Z,199.83,200.2,199.54,199.85,3394261.2656699996
2026-05-01T17:30:00.000Z,199.85,200.29,199.7314,200.07,2083489.887289
2026-05-01T17:45:00.000Z,200.08,200.1099,199.55,199.65,1764286.368725
2026-05-01T18:00:00.000Z,199.655,199.75,199.1,199.2,2506635.209784
2026-05-01T18:15:00.000Z,199.19,199.365,198.93,199.1301,2170207.867132
2026-05-01T18:30:00.000Z,199.13,199.22,198.46,198.625,2762048.291823
2026-05-01T18:45:00.000Z,198.63,198.72,198.22,198.355,2736762.912158
2026-05-01T19:00:00.000Z,198.36,199.06,198.18,199.025,2788943.591018
2026-05-01T19:15:00.000Z,199.02,199.83,198.97,199.72,3868211.620701
2026-05-01T19:30:00.000Z,199.72,199.92,199.49,199.605,3657997.984056
2026-05-01T19:45:00.000Z,199.61,199.62,198.22,198.39,7578368.302984
2026-05-04T13:30:00.000Z,199.5,201.73,197.9,200.445,12068149.849293
2026-05-04T13:45:00.000Z,200.415,200.46,197.63,198.6074,7672483.932197
2026-05-04T14:00:00.000Z,198.65,199.0499,197.8,198.765,5621094.190321
2026-05-04T14:15:00.000Z,198.77,198.899,197.34,197.375,4930044.747697
2026-05-04T14:30:00.000Z,197.38,198.09,197.3,197.935,4073272.3565390008
2026-05-04T14:45:00.000Z,197.935,198.4,197.19,197.23,3795887.8027160005
2026-05-04T15:00:00.000Z,197.23,198.02,196.8101,196.965,4552607.1530639995
2026-05-04T15:15:00.000Z,196.96,197.1,194.74,195.756,8852147.515797
2026-05-04T15:30:00.000Z,195.8,196.51,195.25,196.4,4476102.424333001
2026-05-04T15:45:00.000Z,196.405,196.54,195.58,195.69,4332660.079716
2026-05-04T16:00:00.000Z,195.69,195.96,194.86,195.5101,4121350.9707879997
2026-05-04T16:15:00.000Z,195.5065,196.6,195.11,196.22,3534789.67636
2026-05-04T16:30:00.000Z,196.2298,196.8886,196.11,196.763,2708207.367481
2026-05-04T16:45:00.000Z,196.7599,196.86,196.48,196.71,1908969.863586
2026-05-04T17:00:00.000Z,196.71,197.3,196.71,197.2501,2543878.268969
2026-05-04T17:15:00.000Z,197.25,197.82,197.16,197.29,2703176.5781930005
2026-05-04T17:30:00.000Z,197.3,197.8,196.91,197.67,2397302.732946
2026-05-04T17:45:00.000Z,197.68,198.43,197.4201,198.31,2938868.8186289994
2026-05-04T18:00:00.000Z,198.31,199.2,198.31,198.665,4046191.495789
2026-05-04T18:15:00.000Z,198.665,198.73,197.87,198.23,2673844.4222990004
2026-05-04T18:30:00.000Z,198.24,198.2799,197.35,197.475,2055955.4646950003
2026-05-04T18:45:00.000Z,197.48,198.33,197.42,198.22,3755956.3011939996
2026-05-04T19:00:00.000Z,198.23,198.45,197.75,198.365,2552526.2315509995
2026-05-04T19:15:00.000Z,198.365,198.73,198.07,198.63,2313894.1119770003
2026-05-04T19:30:00.000Z,198.63,199.18,198.53,198.725,3473035.058681
2026-05-04T19:45:00.000Z,198.72,198.8699,198,198.56,5714262.938994
2026-05-05T13:30:00.000Z,199.3,199.96,198.11,199.56,9189168.828677999
2026-05-05T13:45:00.000Z,199.555,200.24,198.27,198.48,6714544.6050579995
2026-05-05T14:00:00.000Z,198.475,199,197.6301,197.9151,6014052.860865
2026-05-05T14:15:00.000Z,197.88,199.03,197.5,198.525,5296976.149873001
2026-05-05T14:30:00.000Z,198.5201,198.7,197.0201,197.0699,5208134.048177
2026-05-05T14:45:00.000Z,197.065,197.59,196.76,197.1101,4310167.988181999
2026-05-05T15:00:00.000Z,197.1101,197.92,196.85,197.74,3591848.132332
2026-05-05T15:15:00.000Z,197.72,197.88,196.66,197.0302,3407607.998975
2026-05-05T15:30:00.000Z,197.035,197.42,196.83,197.355,2946310.1305050002
2026-05-05T15:45:00.000Z,197.37,197.4799,197.12,197.42,2123903.779116
2026-05-05T16:00:00.000Z,197.42,197.82,197.2651,197.751,2762907.852085
2026-05-05T16:15:00.000Z,197.76,198.5,197.63,197.975,3275686.7545669996
2026-05-05T16:30:00.000Z,197.9699,198.1,197.37,197.6,2155373.7181500006
2026-05-05T16:45:00.000Z,197.6,197.89,197.43,197.61,1551782.0893549998
2026-05-05T17:00:00.000Z,197.62,197.79,197.32,197.56,1604630.192712
2026-05-05T17:15:00.000Z,197.56,197.84,197.15,197.785,2074916.244431
2026-05-05T17:30:00.000Z,197.785,197.98,197.31,197.4,1620754.2864700002
2026-05-05T17:45:00.000Z,197.415,197.505,197.13,197.21,1791788.919603
2026-05-05T18:00:00.000Z,197.21,197.43,196.99,197.42,2364705.304894
2026-05-05T18:15:00.000Z,197.415,197.8,197.17,197.5,2324822.543748
2026-05-05T18:30:00.000Z,197.5,197.64,197.33,197.49,1618198.201324
2026-05-05T18:45:00.000Z,197.49,197.65,196.36,196.73,3751144.056858
2026-05-05T19:00:00.000Z,196.725,196.89,196.3334,196.56,2892212.6381679997
2026-05-05T19:15:00.000Z,196.555,196.75,196.24,196.31,3291768.850308
2026-05-05T19:30:00.000Z,196.305,196.6,196.03,196.3815,3383760.0759319994
2026-05-05T19:45:00.000Z,196.39,196.57,196.14,196.5,6257351.47035
2026-05-06T13:30:00.000Z,199.89,201.6,198.61,201.27,13117455.207752002
2026-05-06T13:45:00.000Z,201.27,204.6,201.08,204.445,14729997.054446002
2026-05-06T14:00:00.000Z,204.46,205.83,202.941,205.4312,11280170.445180995
2026-05-06T14:15:00.000Z,205.41,205.4499,202.91,203.95,9287869.132449001
2026-05-06T14:30:00.000Z,203.9694,205.38,203.93,204.92,6429656.237972001
2026-05-06T14:45:00.000Z,204.935,205.46,204.34,204.75,4939909.144534
2026-05-06T15:00:00.000Z,204.72,205.2,203.51,204.01,4662138.249666999
2026-05-06T15:15:00.000Z,203.9825,206.7999,203.715,206.35,6926352.200862998
2026-05-06T15:30:00.000Z,206.365,207.18,205.18,205.49,5758634.821082001
2026-05-06T15:45:00.000Z,205.4965,205.69,204.6,204.83,4059599.0752459997
2026-05-06T16:00:00.000Z,204.82,205.72,204.73,205.6499,3333948.576704
2026-05-06T16:15:00.000Z,205.63,205.8,204.94,205.2699,2919832.823797
2026-05-06T16:30:00.000Z,205.26,205.4199,204.51,204.8401,2716749.0734260003
2026-05-06T16:45:00.000Z,204.87,204.9,203.95,204.82,3145900.684536
2026-05-06T17:00:00.000Z,204.8199,204.99,204.45,204.78,2621350.9612700003
2026-05-06T17:15:00.000Z,204.77,205.52,204.53,205.0699,2590883.0793250003
2026-05-06T17:30:00.000Z,205.07,205.93,204.96,205.8794,2600560.4940720005
2026-05-06T17:45:00.000Z,205.89,205.97,205.235,205.4526,2212881.461293
2026-05-06T18:00:00.000Z,205.4501,206.42,205.4,205.885,3460102.7270990005
2026-05-06T18:15:00.000Z,205.88,207.21,205.85,207.02,4026562.5544069996
2026-05-06T18:30:00.000Z,207.0388,208.05,206.78,207.685,4594892.650578
2026-05-06T18:45:00.000Z,207.68,207.925,206.67,206.699,4096988.206959
2026-05-06T19:00:00.000Z,206.695,207.53,206.513,207.197,4061282.7771220007
2026-05-06T19:15:00.000Z,207.15,207.77,206.87,207.62,4099744.9189069998
2026-05-06T19:30:00.000Z,207.62,207.64,207,207.09,5856070.676720999
2026-05-06T19:45:00.000Z,207.09,208.265,206.89,207.65,11290565.648643002
2026-05-07T13:30:00.000Z,208.34,208.74,206.5,207.41,13028749.174220001
2026-05-07T13:45:00.000Z,207.46,210.5,207.155,208.95,10074218.215128
2026-05-07T14:00:00.000Z,208.9,213.42,208.76,212.72,12832527.556594998
2026-05-07T14:15:00.000Z,212.69,214.03,212.03,213.13,9557455.151601998
2026-05-07T14:30:00.000Z,213.13,214.2,212.36,213.1,8240976.030802999
2026-05-07T14:45:00.000Z,213.11,213.63,212.37,212.73,5251233.473629
2026-05-07T15:00:00.000Z,212.7238,213.12,210.73,210.755,6411256.277388
2026-05-07T15:15:00.000Z,210.74,212.33,210.73,211.956,5419232.946370999
2026-05-07T15:30:00.000Z,211.99,213.68,211.9,213.39,4379530.684569
2026-05-07T15:45:00.000Z,213.39,213.6,212.55,212.7,4720472.272899001
2026-05-07T16:00:00.000Z,212.7,212.97,211.265,211.58,5159763.297205
2026-05-07T16:15:00.000Z,211.5601,213.86,210.61,213.575,6618935.648327
2026-05-07T16:30:00.000Z,213.57,214.15,212.6166,212.9,4677044.195438001
2026-05-07T16:45:00.000Z,212.885,213.07,212,212.36,2874649.347311
2026-05-07T17:00:00.000Z,212.36,212.59,211.7101,212.015,3127200.105752
2026-05-07T17:15:00.000Z,212,212.57,210.95,212,4480405.237645
2026-05-07T17:30:00.000Z,211.95,212.95,211.7,212.33,2982613.703786
2026-05-07T17:45:00.000Z,212.33,212.48,211.44,212.375,3610482.4523959993
2026-05-07T18:00:00.000Z,212.4,213.22,212.125,212.72,3358152.8568270006
2026-05-07T18:15:00.000Z,212.74,213.25,212.58,212.7885,3065505.847142
2026-05-07T18:30:00.000Z,212.77,213.26,212.18,212.29,2952111.258504
2026-05-07T18:45:00.000Z,212.292,212.66,211.83,212.35,2678600.205049
2026-05-07T19:00:00.000Z,212.36,212.87,212.17,212.76,2199678.793522
2026-05-07T19:15:00.000Z,212.76,212.92,211.42,212.03,4088410.0396319996
2026-05-07T19:30:00.000Z,212.0307,212.49,211.84,212.1,3106894.5151239997
2026-05-07T19:45:00.000Z,212.1,212.58,211.23,211.52,7216379.100187
2026-05-08T13:30:00.000Z,213.03,216.78,212.89,216.77,15198569.233541999
2026-05-08T13:45:00.000Z,216.78,217.76,216.4201,217.61,10598903.238696001
2026-05-08T14:00:00.000Z,217.61,217.8,215.68,216.0556,7710072.566478001
2026-05-08T14:15:00.000Z,216.03,216.35,215.13,215.29,6035267.538726001
2026-05-08T14:30:00.000Z,215.3112,215.87,214.31,215.3,5708327.6647379985
2026-05-08T14:45:00.000Z,215.285,216.205,215.06,215.92,4061588.0078849997
2026-05-08T15:00:00.000Z,215.902,216.8,215.62,216.3486,4565490.775597
2026-05-08T15:15:00.000Z,216.36,216.37,215.38,216.26,3736952.0557870003
2026-05-08T15:30:00.000Z,216.28,217.2,215.9,216.35,4633360.362587
2026-05-08T15:45:00.000Z,216.36,216.549,215.49,215.52,2931348.3766380004
2026-05-08T16:00:00.000Z,215.49,215.92,215.16,215.48,2890799.996452
2026-05-08T16:15:00.000Z,215.4701,216.18,215.28,215.89,2831766.760708
2026-05-08T16:30:00.000Z,215.9,216.1,215.4185,215.68,2374979.5518079996
2026-05-08T16:45:00.000Z,215.685,215.85,215.01,215.26,2224170.030581
2026-05-08T17:00:00.000Z,215.25,215.67,215.09,215.49,2043529.090893
2026-05-08T17:15:00.000Z,215.49,216.07,215.4216,215.675,2137689.260218
2026-05-08T17:30:00.000Z,215.685,215.805,215.18,215.265,1864322.5434970001
2026-05-08T17:45:00.000Z,215.26,215.44,214.85,214.95,3241721.5024080006
2026-05-08T18:00:00.000Z,214.95,215.8,214.92,215.3,2350177.98039
2026-05-08T18:15:00.000Z,215.31,215.61,215.17,215.363,1515530.9360669998
2026-05-08T18:30:00.000Z,215.365,215.47,215.11,215.12,1465275.559356
2026-05-08T18:45:00.000Z,215.12,215.51,214.96,215.07,2377424.8544010003
2026-05-08T19:00:00.000Z,215.0646,215.82,215.0646,215.515,2670253.5876549995
2026-05-08T19:15:00.000Z,215.51,215.6,214.82,214.85,3027926.115491
2026-05-08T19:30:00.000Z,214.85,215.4,214.68,215.27,3315842.4270320004
2026-05-08T19:45:00.000Z,215.265,215.48,214.9,215.19,8301419.013013
2026-05-11T13:30:00.000Z,214.035,219.09,213.89,218.88,16484616.600718997
2026-05-11T13:45:00.000Z,218.886,220.9,216.53,217.02,14617008.610518998
2026-05-11T14:00:00.000Z,216.955,219.56,216.9181,219.38,7718015.1577900015
2026-05-11T14:15:00.000Z,219.382,219.7,217.96,217.97,5936083.717531
2026-05-11T14:30:00.000Z,217.985,219.39,217.37,219.29,6968822.982894
2026-05-11T14:45:00.000Z,219.28,222.19,219.16,221.61,11244830.069589997
2026-05-11T15:00:00.000Z,221.59,222.3,220.7103,220.78,6576361.297243001
2026-05-11T15:15:00.000Z,220.8099,222.04,220.6,221.985,4438354.448077999
2026-05-11T15:30:00.000Z,221.985,222.12,220.97,221.13,3851927.9669520007
2026-05-11T15:45:00.000Z,221.11,222.08,221,221.96,3628697.3960700002
2026-05-11T16:00:00.000Z,221.98,222.3,221.43,221.83,3897347.991954
2026-05-11T16:15:00.000Z,221.8328,222.22,221.45,221.9888,3417974.54579
2026-05-11T16:30:00.000Z,221.9811,222.09,220.38,220.7824,3453280.9680929994
2026-05-11T16:45:00.000Z,220.795,221.15,220.4,220.63,2607630.1670489996
2026-05-11T17:00:00.000Z,220.63,221,219.92,219.99,2506280.649409
2026-05-11T17:15:00.000Z,219.98,220.85,219.88,220.765,2631285.2571849995
2026-05-11T17:30:00.000Z,220.75,221.1,220.67,221.03,1911508.7936729998
2026-05-11T17:45:00.000Z,221.03,221.27,220.41,220.44,1870983.770052
2026-05-11T18:00:00.000Z,220.45,220.94,220.37,220.795,2065361.8756849999
2026-05-11T18:15:00.000Z,220.795,221.44,220.56,221.4289,2717358.7213760004
2026-05-11T18:30:00.000Z,221.41,221.565,221.08,221.12,2776887.3053339995
2026-05-11T18:45:00.000Z,221.11,221.19,219.97,220.07,2757888.922593
2026-05-11T19:00:00.000Z,220.08,220.58,219.9,220.085,2850754.8074810007
2026-05-11T19:15:00.000Z,220.0889,220.14,218.94,219.14,4019264.9580449997
2026-05-11T19:30:00.000Z,219.145,219.57,219,219.14,3507330.3651270005
2026-05-11T19:45:00.000Z,219.13,219.59,218.91,219.49,7006381.332295
2026-05-12T13:30:00.000Z,218.545,223.75,217.01,223.725,17341143.520556
2026-05-12T13:45:00.000Z,223.74,223.74,220.1838,220.33,11075441.752387002
2026-05-12T14:00:00.000Z,220.36,221.78,220.01,220.44,7550260.991788
2026-05-12T14:15:00.000Z,220.44,220.65,218.64,218.92,5602332.902004
2026-05-12T14:30:00.000Z,218.895,219.11,217.65,218.26,6306537.160672001
2026-05-12T14:45:00.000Z,218.26,218.909,217.23,217.39,5331307.498847
2026-05-12T15:00:00.000Z,217.39,217.99,217.06,217.35,5464675.830317
2026-05-12T15:15:00.000Z,217.33,217.39,214.92,215.46,9958927.356542
2026-05-12T15:30:00.000Z,215.42,217.618,215.14,217.27,5172232.4635580005
2026-05-12T15:45:00.000Z,217.28,217.62,216.71,216.8601,3886614.921494
2026-05-12T16:00:00.000Z,216.91,218.26,216.48,218.165,3532369.627876
2026-05-12T16:15:00.000Z,218.17,218.18,217.11,217.505,2977339.6527850004
2026-05-12T16:30:00.000Z,217.5199,217.8478,216.8,217.285,2955058.025131
2026-05-12T16:45:00.000Z,217.2704,217.52,215.68,215.9001,3054852.280178
2026-05-12T17:00:00.000Z,215.92,216.58,215.53,216.47,6039423.875189001
2026-05-12T17:15:00.000Z,216.47,218.1,216.46,217.72,3626871.773979
2026-05-12T17:30:00.000Z,217.73,218.7195,217.67,218.4504,3374511.5744060003
2026-05-12T17:45:00.000Z,218.46,218.85,218.2,218.605,1910052.2480529996
2026-05-12T18:00:00.000Z,218.59,218.73,217.77,218.42,2165212.5094230003
2026-05-12T18:15:00.000Z,218.42,219.2,217.82,218.96,2445734.512972
2026-05-12T18:30:00.000Z,218.95,220,218.8917,219.665,3689733.087004
2026-05-12T18:45:00.000Z,219.665,220.35,219,219.528,3581321.1557839992
2026-05-12T19:00:00.000Z,219.525,220.68,219.525,220.59,3287674.505231
2026-05-12T19:15:00.000Z,220.59,221.14,220.26,220.73,4078045.7837850004
2026-05-12T19:30:00.000Z,220.74,221.7399,220.715,221.28,4113411.689041
2026-05-12T19:45:00.000Z,221.28,221.29,220.15,220.91,8806962.146088999
2026-05-13T13:30:00.000Z,224.93,227.16,224.12,224.5676,16971733.886890996
2026-05-13T13:45:00.000Z,224.58,224.8,221.5653,224.1,11013993.480925001
2026-05-13T14:00:00.000Z,224.1,224.28,223.06,224.0301,5275956.64553
2026-05-13T14:15:00.000Z,224.03,225.17,223.6,224.44,5446665.620995
2026-05-13T14:30:00.000Z,224.46,225.4286,223.7,225.25,5080688.415401
2026-05-13T14:45:00.000Z,225.25,226.46,224.47,226.415,5723569.970433999
2026-05-13T15:00:00.000Z,226.4,227.57,226.2291,226.6796,8927330.678669002
2026-05-13T15:15:00.000Z,226.69,227.2427,225.7396,226.22,4542548.090497
2026-05-13T15:30:00.000Z,226.2,227.24,225.71,227.145,3592413.1926820003
2026-05-13T15:45:00.000Z,227.1301,227.35,226.52,226.55,3738452.6951029995
2026-05-13T16:00:00.000Z,226.56,227.72,226.3831,227.6601,4017972.8297900003
2026-05-13T16:15:00.000Z,227.67,227.84,226.86,227.33,3938386.912745
2026-05-13T16:30:00.000Z,227.32,227.65,226.91,227,3027203.9146290002
2026-05-13T16:45:00.000Z,226.99,227.165,226.66,226.8,2840568.726535
2026-05-13T17:00:00.000Z,226.83,227.22,226.7,227.04,2443775.7788790003
2026-05-13T17:15:00.000Z,227.03,227.34,226.75,226.95,2245263.7811680003
2026-05-13T17:30:00.000Z,226.9301,227.03,226.04,226.32,2732885.014682
2026-05-13T17:45:00.000Z,226.305,226.44,225.41,225.47,3079584.438659
2026-05-13T18:00:00.000Z,225.48,227.03,225.43,227.0101,3607807.5357749998
2026-05-13T18:15:00.000Z,227.0101,227.43,226.93,226.96,2910393.003365999
2026-05-13T18:30:00.000Z,226.965,227.2,226.8,226.83,1903660.6530710002
2026-05-13T18:45:00.000Z,226.8201,227.17,226.35,226.46,2313139.637311
2026-05-13T19:00:00.000Z,226.45,227.16,226.3,227.04,2713007.4011850003
2026-05-13T19:15:00.000Z,227.04,227.14,226.31,226.7801,2718719.882349
2026-05-13T19:30:00.000Z,226.7851,226.81,226.2,226.23,2463488.5105150007
2026-05-13T19:45:00.000Z,226.22,226.29,225.08,225.83,8598289.275251001
2026-05-14T13:30:00.000Z,229.85,233.27,229.3,232.31,20264137.070432004
2026-05-14T13:45:00.000Z,232.29,233.2,230.68,230.7399,10628373.124913
2026-05-14T14:00:00.000Z,230.68,232.4099,230.62,231.73,6762817.475264
2026-05-14T14:15:00.000Z,231.725,234.15,231.61,233.03,9882690.874435998
2026-05-14T14:30:00.000Z,233.035,235.68,232.85,235.6299,10263342.738340002
2026-05-14T14:45:00.000Z,235.615,236.05,234.125,234.5899,8471135.082737997
2026-05-14T15:00:00.000Z,234.55,235.36,234.04,234.8299,5185068.554586999
2026-05-14T15:15:00.000Z,234.83,235.57,234.5207,235.05,4770143.481907999
2026-05-14T15:30:00.000Z,235.07,236.47,234.95,236.0901,6904738.221371002
2026-05-14T15:45:00.000Z,236.13,236.25,234.855,234.88,5157548.807761
2026-05-14T16:00:00.000Z,234.88,236,234.71,235.5,4379501.0730489995
2026-05-14T16:15:00.000Z,235.4999,235.84,234.565,234.7401,3090858.0544679994
2026-05-14T16:30:00.000Z,234.75,235.34,234.46,234.94,3090490.100389
2026-05-14T16:45:00.000Z,234.92,235.8,234.75,235.5,2967705.755972
2026-05-14T17:00:00.000Z,235.505,235.9119,233.57,233.69,5072396.077536
2026-05-14T17:15:00.000Z,233.68,234.16,232.68,234.125,5267027.457547999
2026-05-14T17:30:00.000Z,234.11,234.34,233.75,233.9765,2612734.8042530003
2026-05-14T17:45:00.000Z,233.99,234.98,233.93,234.7709,3297188.4504939998
2026-05-14T18:00:00.000Z,234.76,234.87,233.82,234.84,2933035.556772
2026-05-14T18:15:00.000Z,234.8599,235.56,234.77,235.5007,3004802.071379
2026-05-14T18:30:00.000Z,235.515,235.86,235.105,235.37,3128510.246086
2026-05-14T18:45:00.000Z,235.34,236.43,235.12,236.06,4233015.645177
2026-05-14T19:00:00.000Z,236.0699,236.54,235.68,235.8901,3988312.5725310002
2026-05-14T19:15:00.000Z,235.897,236.03,235.42,235.63,3561415.083182
2026-05-14T19:30:00.000Z,235.61,235.74,235.16,235.4455,3641049.3429159997
2026-05-14T19:45:00.000Z,235.44,236.0275,235.14,235.75,8564508.994519
2026-05-15T13:30:00.000Z,229.76,230.05,225.0509,226.16,23270695.940687
2026-05-15T13:45:00.000Z,226.1725,227.35,224.24,225.22,11470194.758394
2026-05-15T14:00:00.000Z,225.22,227.89,224.93,227.8201,7960896.966307
2026-05-15T14:15:00.000Z,227.87,228.69,226.485,226.62,7218377.317928
2026-05-15T14:30:00.000Z,226.65,227.83,226.6,227.67,4324630.6107830005
2026-05-15T14:45:00.000Z,227.6401,227.7,225.9,226.09,4459972.776955999
2026-05-15T15:00:00.000Z,226.0951,226.9,225.68,226.46,3836928.3908830006
2026-05-15T15:15:00.000Z,226.43,227.9199,226.41,227.765,3640440.793012
2026-05-15T15:30:00.000Z,227.79,229.18,227.73,228.1901,5578640.606573001
2026-05-15T15:45:00.000Z,228.23,228.53,227.44,228.11,3198218.7018759996
2026-05-15T16:00:00.000Z,228.12,228.49,227.21,227.68,2855266.200442
2026-05-15T16:15:00.000Z,227.68,228.38,227.06,228.3,2294940.115905
2026-05-15T16:30:00.000Z,228.32,228.5299,227.67,228.475,2324428.938936
2026-05-15T16:45:00.000Z,228.48,228.61,227.63,227.91,2302412.093716
2026-05-15T17:00:00.000Z,227.89,228.53,227.73,228.47,2791756.4661159995
2026-05-15T17:15:00.000Z,228.47,229.3,228.2,229.1601,3511619.0925679994
2026-05-15T17:30:00.000Z,229.16,230.34,229.1201,230.125,3952582.0410920004
2026-05-15T17:45:00.000Z,230.14,230.91,229.86,230.82,3110003.841029999
2026-05-15T18:00:00.000Z,230.84,231.5,230.64,231.055,4291135.774892
2026-05-15T18:15:00.000Z,231.0424,231.115,229.62,229.8498,3314105.243045
2026-05-15T18:30:00.000Z,229.85,229.85,228.63,228.68,3738252.8442069995
2026-05-15T18:45:00.000Z,228.69,229.12,228.15,228.985,3163806.487981001
2026-05-15T19:00:00.000Z,229,229.1,227.402,227.975,3162555.9280589996
2026-05-15T19:15:00.000Z,227.98,228.1199,226.71,227.045,4500358.525373
2026-05-15T19:30:00.000Z,227.03,227.55,226.91,227.15,3461550.477239
2026-05-15T19:45:00.000Z,227.15,227.19,224.89,225.3,13748016.435048
2026-05-18T13:30:00.000Z,229.87,230,224.29,224.33,15720446.697969005
2026-05-18T13:45:00.000Z,224.315,226.4896,223.57,225.49,9813711.221874999
2026-05-18T14:00:00.000Z,225.51,226.26,224.2,224.81,6449581.976755
2026-05-18T14:15:00.000Z,224.83,225.39,222.42,222.825,6130231.458970999
2026-05-18T14:30:00.000Z,222.81,223.23,220.66,222.1105,8329991.903224001
2026-05-18T14:45:00.000Z,222.11,222.515,220.41,222.17,5648237.151656
2026-05-18T15:00:00.000Z,222.155,223.43,221.96,223.185,4598203.669036001
2026-05-18T15:15:00.000Z,223.1825,223.1825,221.67,221.68,3497385.6311379997
2026-05-18T15:30:00.000Z,221.69,223.3499,221.54,222.28,3029628.235792
2026-05-18T15:45:00.000Z,222.2995,223.03,221.88,222.5,2552970.185782
2026-05-18T16:00:00.000Z,222.55,222.71,221.5,222.435,2531195.837964
2026-05-18T16:15:00.000Z,222.415,223.16,220.26,220.4,3819582.2951700003
2026-05-18T16:30:00.000Z,220.42,221.24,219.6402,220.9299,4865863.826571001
2026-05-18T16:45:00.000Z,220.94,222.44,220.37,222.135,3055265.336536
2026-05-18T17:00:00.000Z,222.135,222.54,221.26,221.28,2844157.316496
2026-05-18T17:15:00.000Z,221.26,221.53,220.72,221.48,2348552.900408
2026-05-18T17:30:00.000Z,221.47,221.85,221.02,221.68,1910569.7070259997
2026-05-18T17:45:00.000Z,221.66,221.735,220.8653,221.4901,1906783.4738820002
2026-05-18T18:00:00.000Z,221.5,221.51,220.01,220.065,2736643.531506
2026-05-18T18:15:00.000Z,220.06,220.13,219.22,219.92,4257577.273820001
2026-05-18T18:30:00.000Z,219.93,220.4656,219.1,219.52,3789961.0499219997
2026-05-18T18:45:00.000Z,219.485,219.79,218.37,219.61,4724102.580491001
2026-05-18T19:00:00.000Z,219.62,221.65,219.56,220.36,4831770.330742
2026-05-18T19:15:00.000Z,220.36,220.68,219.77,220.2,2977841.6594909998
2026-05-18T19:30:00.000Z,220.21,221.79,220.12,221.74,4523914.070732
2026-05-18T19:45:00.000Z,221.73,222.37,221.51,222.36,6770225.741921
2026-05-19T13:30:00.000Z,219.62,223.33,219.52,221.66,11497989.070171004
2026-05-19T13:45:00.000Z,221.65,222.8,220.15,220.88,7836961.404291
2026-05-19T14:00:00.000Z,220.87,220.89,218.5,218.66,6551936.585448999
2026-05-19T14:15:00.000Z,218.655,219.25,217.91,218.575,6502020.686237001
2026-05-19T14:30:00.000Z,218.56,220.14,218.15,219.1,4637177.435053
2026-05-19T14:45:00.000Z,219.11,221.03,218.71,220.93,4866143.16226
2026-05-19T15:00:00.000Z,220.93,221.5,220.03,221.0396,3713846.0953550003
2026-05-19T15:15:00.000Z,221.03,221.6,220.0228,220.515,3494751.9920330006
2026-05-19T15:30:00.000Z,220.49,221.99,220.33,221.7,4178409.0740679996
2026-05-19T15:45:00.000Z,221.72,221.805,220.2,220.665,2819889.315103
2026-05-19T16:00:00.000Z,220.68,221.3,220.2901,220.435,2417518.570312
2026-05-19T16:15:00.000Z,220.45,222.01,220.315,221.89,2769199.218873
2026-05-19T16:30:00.000Z,221.875,223.13,221.7501,223.125,3563332.920594
2026-05-19T16:45:00.000Z,223.14,223.4,222.46,223.1,3339546.526639
2026-05-19T17:00:00.000Z,223.09,223.8999,223.0005,223.83,2813343.9961449997
2026-05-19T17:15:00.000Z,223.84,224.48,223.11,223.345,3584726.562031
2026-05-19T17:30:00.000Z,223.33,224.13,223.3101,223.755,2241512.1495250002
2026-05-19T17:45:00.000Z,223.77,223.835,222.07,223.1,3010197.156271
2026-05-19T18:00:00.000Z,223.11,223.67,222.9501,223.32,2006037.9379909998
2026-05-19T18:15:00.000Z,223.315,223.46,222.3,222.65,3743780.4774079993
2026-05-19T18:30:00.000Z,222.64,223.08,222.32,222.655,2140469.6681859996
2026-05-19T18:45:00.000Z,222.655,223.13,222.18,222.48,2543479.5708300006
2026-05-19T19:00:00.000Z,222.48,222.78,221.87,222.5999,2957890.008167
2026-05-19T19:15:00.000Z,222.6,222.66,221.19,221.896,3439921.9688830003
2026-05-19T19:30:00.000Z,221.9,222.49,221.36,221.46,3314882.0032670004
2026-05-19T19:45:00.000Z,221.465,221.59,219,220.63,11412109.655379
2026-05-20T13:30:00.000Z,223.18,223.18,220.495,221.9372,12607574.928389
2026-05-20T13:45:00.000Z,221.945,222.35,220.78,221.97,7214942.213389
2026-05-20T14:00:00.000Z,222,224.0899,221.74,223.6201,7067412.7811549995
2026-05-20T14:15:00.000Z,223.65,225.07,223.235,224.3399,8447333.852692999
2026-05-20T14:30:00.000Z,224.35,225.3,224.1701,224.87,6288006.438862999
2026-05-20T14:45:00.000Z,224.9,225.21,223.85,224.75,4468541.350097
2026-05-20T15:00:00.000Z,224.74,225.28,224.21,225.25,3988776.1495729997
2026-05-20T15:15:00.000Z,225.26,226.13,224.95,225.245,6071761.329667999
2026-05-20T15:30:00.000Z,225.25,225.64,224.68,225.17,3365078.1937840004
2026-05-20T15:45:00.000Z,225.17,225.33,224.54,224.945,3034383.238114
2026-05-20T16:00:00.000Z,224.95,225.3,224.73,224.735,2757631.414565
2026-05-20T16:15:00.000Z,224.73,224.76,223.5,224.2601,3595743.9324810007
2026-05-20T16:30:00.000Z,224.28,225,224.21,224.89,3019394.815663
2026-05-20T16:45:00.000Z,224.875,224.9,224.09,224.61,2702356.493604
2026-05-20T17:00:00.000Z,224.61,224.9999,224.44,224.92,2131327.441492
2026-05-20T17:15:00.000Z,224.905,225.12,224.56,224.92,2136767.950478
2026-05-20T17:30:00.000Z,224.92,225.16,224.48,224.515,2323651.3227570006
2026-05-20T17:45:00.000Z,224.52,224.64,224.2,224.48,3158220.839177
2026-05-20T18:00:00.000Z,224.5,224.9,224.22,224.34,2441027.0328699998
2026-05-20T18:15:00.000Z,224.333,224.49,223.85,224.27,2735330.9738060003
2026-05-20T18:30:00.000Z,224.265,224.3199,222.82,222.82,4104225.487023
2026-05-20T18:45:00.000Z,222.8299,223.04,222.0307,222.74,4835535.342614
2026-05-20T19:00:00.000Z,222.75,222.94,222.33,222.805,4268240.966263
2026-05-20T19:15:00.000Z,222.8099,222.91,222.41,222.88,3754004.0046559996
2026-05-20T19:30:00.000Z,222.88,223.55,222.59,223.4499,5471797.775976
2026-05-20T19:45:00.000Z,223.43,223.65,222.86,223.435,10366885.705636
2026-05-21T13:30:00.000Z,222.29,227.3999,220.35,223.87,29644224.154042
2026-05-21T13:45:00.000Z,223.875,224.7,221.31,222.26,12049984.725407
2026-05-21T14:00:00.000Z,222.2412,224.75,222.13,222.71,10324218.551306996
2026-05-21T14:15:00.000Z,222.73,222.77,218.35,218.97,15600420.16283
2026-05-21T14:30:00.000Z,218.93,219.88,217.93,219.46,9312970.279879
2026-05-21T14:45:00.000Z,219.46,219.74,218.45,219.36,6106332.358456001
2026-05-21T15:00:00.000Z,219.36,220.1,218.06,219.27,6968070.669586001
2026-05-21T15:15:00.000Z,219.26,219.52,218.72,218.855,4599780.74393
2026-05-21T15:30:00.000Z,218.865,219.72,218.35,219.59,4518669.177418
2026-05-21T15:45:00.000Z,219.57,220.33,219.36,219.39,4647026.1279609995
2026-05-21T16:00:00.000Z,219.4199,220.09,219.35,219.45,3707111.7726839995
2026-05-21T16:15:00.000Z,219.46,219.74,218.88,219.535,3296817.8994740006
2026-05-21T16:30:00.000Z,219.54,219.84,219.22,219.44,2545497.829949
2026-05-21T16:45:00.000Z,219.45,220.18,218.93,220.1401,3222840.454015
2026-05-21T17:00:00.000Z,220.16,220.9599,219.95,220.69,4052946.060695
2026-05-21T17:15:00.000Z,220.69,222.38,220.605,221.1199,6285969.548699998
2026-05-21T17:30:00.000Z,221.11,221.84,221.061,221.705,3617332.1349049998
2026-05-21T17:45:00.000Z,221.705,221.85,220.88,220.915,3246309.465168
2026-05-21T18:00:00.000Z,220.9,221.48,220.01,220.11,3624821.748127001
2026-05-21T18:15:00.000Z,220.1,220.49,219.78,220.26,3754075.9433899997
2026-05-21T18:30:00.000Z,220.25,220.3499,219.69,219.9,3092280.0377770006
2026-05-21T18:45:00.000Z,219.9,220.11,218.62,219.06,6128292.436713001
2026-05-21T19:00:00.000Z,219.07,219.88,218.89,219.87,5633872.676831
2026-05-21T19:15:00.000Z,219.87,220.45,219.73,220.33,3729288.649224
2026-05-21T19:30:00.000Z,220.32,220.63,219.97,220,3610544.5098630004
2026-05-21T19:45:00.000Z,219.99,220.25,219.11,219.5,9053990.967087
2026-05-22T13:30:00.000Z,220.904,221.01,218.28,219.171,14822730.577973
2026-05-22T13:45:00.000Z,219.16,219.485,217.2,217.925,11134990.727182
2026-05-22T14:00:00.000Z,217.92,217.95,215.48,216.5699,11029930.560386
2026-05-22T14:15:00.000Z,216.56,216.85,215.16,216.33,9126635.923373
2026-05-22T14:30:00.000Z,216.337,217.1199,216.01,216.83,5666444.417072
2026-05-22T14:45:00.000Z,216.832,217.43,216.4,217.195,5254873.3767369995
2026-05-22T15:00:00.000Z,217.1901,217.71,217.06,217.4699,4604645.89911
2026-05-22T15:15:00.000Z,217.45,218.305,217.33,218.155,4367552.516037
2026-05-22T15:30:00.000Z,218.15,218.32,217.4325,217.501,3514319.469728
2026-05-22T15:45:00.000Z,217.51,217.705,216.84,217.32,3893255.414622
2026-05-22T16:00:00.000Z,217.31,217.57,216.71,217.25,3294603.8531649997
2026-05-22T16:15:00.000Z,217.26,217.27,216.795,217.1,2649625.6014540005
2026-05-22T16:30:00.000Z,217.11,217.2,216.41,216.56,3913474.6124480003
2026-05-22T16:45:00.000Z,216.55,217.13,216.55,217.1199,2473870.6845929995
2026-05-22T17:00:00.000Z,217.11,217.825,217.11,217.635,3055870.444047
2026-05-22T17:15:00.000Z,217.64,218.49,217.45,218.24,3972877.502331
2026-05-22T17:30:00.000Z,218.2402,218.29,216.76,216.83,3663484.171048
2026-05-22T17:45:00.000Z,216.834,216.9,215.73,216.2,5663681.99311
2026-05-22T18:00:00.000Z,216.2,216.4,215.77,216.23,2964930.216129
2026-05-22T18:15:00.000Z,216.24,216.27,215.45,216.045,4424302.714247
2026-05-22T18:30:00.000Z,216.04,216.1,215.4,215.99,4169722.2717460003
2026-05-22T18:45:00.000Z,216,216.2,215.745,215.98,3008106.864393
2026-05-22T19:00:00.000Z,215.97,216.33,215.16,215.185,6643740.612979999
2026-05-22T19:15:00.000Z,215.19,215.59,214.8,215.335,7185648.809880001
2026-05-22T19:30:00.000Z,215.32,215.75,215.11,215.49,4614312.273223
2026-05-22T19:45:00.000Z,215.48,216.5351,215.2,215.25,9199785.562607
2026-05-26T13:30:00.000Z,216.54,217.48,214.8,216.42,14574315.771167
2026-05-26T13:45:00.000Z,216.4,217.05,214.88,215.48,9036532.214208998
2026-05-26T14:00:00.000Z,215.49,216.28,214.28,216.22,9029175.617644
2026-05-26T14:15:00.000Z,216.2399,217.7,215.58,217.5701,7222675.3060759995
2026-05-26T14:30:00.000Z,217.61,218.18,216.44,217.145,6710140.957123
2026-05-26T14:45:00.000Z,217.145,217.76,215.48,215.535,5460755.839255
2026-05-26T15:00:00.000Z,215.56,215.9,213.6101,214.4399,8668095.585777
2026-05-26T15:15:00.000Z,214.42,214.76,213.85,214.43,4613093.708627001
2026-05-26T15:30:00.000Z,214.44,214.76,213.43,213.4736,4671878.742599
2026-05-26T15:45:00.000Z,213.465,213.785,212.52,213.1701,6003173.608481
2026-05-26T16:00:00.000Z,213.17,213.65,212.35,212.435,4675392.619013
2026-05-26T16:15:00.000Z,212.44,213.15,212,213.1,5570832.284279001
2026-05-26T16:30:00.000Z,213.12,213.45,212.883,213.19,3204804.389646
2026-05-26T16:45:00.000Z,213.196,213.94,213.1344,213.6401,3355482.4817540003
2026-05-26T17:00:00.000Z,213.645,214.117,213.585,213.85,2420662.1113170004
2026-05-26T17:15:00.000Z,213.86,213.885,213.28,213.643,2466407.103714
2026-05-26T17:30:00.000Z,213.64,213.79,212.91,213.42,3489496.8306660005
2026-05-26T17:45:00.000Z,213.42,213.88,212.98,213.095,2677287.6229729997
2026-05-26T18:00:00.000Z,213.09,213.91,212.9033,213.75,2799831.6668459997
2026-05-26T18:15:00.000Z,213.75,214.45,213.68,213.885,3396747.4814290004
2026-05-26T18:30:00.000Z,213.885,214.04,213.31,213.38,2682523.3087899997
2026-05-26T18:45:00.000Z,213.3601,213.66,213.14,213.25,2496160.270375
2026-05-26T19:00:00.000Z,213.27,213.65,212.84,212.9901,3327937.905076
2026-05-26T19:15:00.000Z,213,213.6811,212.9501,213.61,3393689.327329
2026-05-26T19:30:00.000Z,213.605,214.57,213.46,214.26,4603887.689549
2026-05-26T19:45:00.000Z,214.26,214.865,214.023,214.84,8358270.260005999
2026-05-27T13:30:00.000Z,214.12,214.15,210.7,210.9,18625482.223369002
2026-05-27T13:45:00.000Z,210.905,211.98,210.2633,211.32,10090508.65283
2026-05-27T14:00:00.000Z,211.33,211.62,210.3,210.74,7654721.705192997
2026-05-27T14:15:00.000Z,210.74,210.8,209.4894,209.92,9111658.112933
2026-05-27T14:30:00.000Z,209.93,210.16,209.33,209.445,6365217.818203
2026-05-27T14:45:00.000Z,209.445,210.39,208.96,208.9701,6340339.9692090005
2026-05-27T15:00:00.000Z,208.98,209.77,208.78,209.5,4201942.481700999
2026-05-27T15:15:00.000Z,209.51,209.84,209.04,209.79,3291182.254296
2026-05-27T15:30:00.000Z,209.8,210.21,209.335,209.625,3836052.144568
2026-05-27T15:45:00.000Z,209.615,210.09,209.35,209.843,3292011.0345530002
2026-05-27T16:00:00.000Z,209.83,211.07,209.55,210.905,4594344.593439
2026-05-27T16:15:00.000Z,210.91,211.12,210.4,210.6899,4138264.7388159996
2026-05-27T16:30:00.000Z,210.68,211.63,210.315,211.6,3451447.676076
2026-05-27T16:45:00.000Z,211.61,212.12,211.24,211.605,4347144.237911
2026-05-27T17:00:00.000Z,211.63,211.74,210.73,210.99,2750178.5415590005
2026-05-27T17:15:00.000Z,211.01,212.0799,210.97,211.98,2753495.5264779995
2026-05-27T17:30:00.000Z,211.97,212.59,211.8,211.83,3579740.8416499994
2026-05-27T17:45:00.000Z,211.8203,212.68,211.79,212.285,2901378.215506
2026-05-27T18:00:00.000Z,212.28,213.03,212.13,212.855,3992102.5372670004
2026-05-27T18:15:00.000Z,212.855,213.29,212.7,213.2,2478553.1567749996
2026-05-27T18:30:00.000Z,213.18,213.32,212.71,212.955,3595939.4207110004
2026-05-27T18:45:00.000Z,212.97,213.25,212.75,212.81,3034207.669066
2026-05-27T19:00:00.000Z,212.82,213.3,212.54,212.9,2525441.225959
2026-05-27T19:15:00.000Z,212.9,212.9101,212.12,212.44,3091710.4938310008
2026-05-27T19:30:00.000Z,212.45,213.08,212.16,213.055,3258396.204212
2026-05-27T19:45:00.000Z,213.06,213.26,212,212.58,7171084.424132999
2026-05-28T13:30:00.000Z,211.275,214.25,211.22,213.2697,11916828.000756998
2026-05-28T13:45:00.000Z,213.24,213.41,211.7,212.831,6335500.620577
2026-05-28T14:00:00.000Z,212.86,213.54,212.12,213.4,6636818.639389001
2026-05-28T14:15:00.000Z,213.41,214.29,212.17,212.4513,5748732.327619
2026-05-28T14:30:00.000Z,212.46,212.65,211.7,212.03,4342421.802463999
2026-05-28T14:45:00.000Z,212.03,212.43,211.51,212.27,3671813.26737
2026-05-28T15:00:00.000Z,212.285,212.77,212.09,212.31,3828304.836325
2026-05-28T15:15:00.000Z,212.305,213.15,212.16,212.67,4041315.808631
2026-05-28T15:30:00.000Z,212.68,213.14,212.43,212.9501,2984669.0471010003
2026-05-28T15:45:00.000Z,212.96,213.32,212.25,212.26,2923379.724347001
2026-05-28T16:00:00.000Z,212.26,212.72,212.1,212.67,3392660.9675500006
2026-05-28T16:15:00.000Z,212.67,213.32,212.47,212.995,3051578.9067909997
2026-05-28T16:30:00.000Z,212.9975,213.69,212.45,213.62,3098230.3334069997
2026-05-28T16:45:00.000Z,213.62,213.89,213.13,213.63,2751622.5698850006
2026-05-28T17:00:00.000Z,213.637,213.975,213.265,213.56,3755339.6086180005
2026-05-28T17:15:00.000Z,213.57,213.69,213.17,213.225,1999407.1695139997
2026-05-28T17:30:00.000Z,213.24,213.665,212.93,213.53,2761391.12053
2026-05-28T17:45:00.000Z,213.54,215.5191,213.38,215.12,6823442.421939001
2026-05-28T18:00:00.000Z,215.12,215.37,214.2,214.36,4019218.9517550003
2026-05-28T18:15:00.000Z,214.3527,214.8,214.18,214.38,2622119.6343629993
2026-05-28T18:30:00.000Z,214.37,214.85,214.18,214.74,2680748.260769
2026-05-28T18:45:00.000Z,214.745,214.8969,214.33,214.38,4002801.0265639997
2026-05-28T19:00:00.000Z,214.3899,214.57,213.86,214.23,2790581.5866259993
2026-05-28T19:15:00.000Z,214.2201,214.2856,213.895,214.1,2308917.51553
2026-05-28T19:30:00.000Z,214.12,214.435,213.84,214.22,2823938.794061
2026-05-28T19:45:00.000Z,214.21,214.49,212.08,214.26,5141796.880628
2026-05-29T13:30:00.000Z,214.575,216.18,212.81,216.146,12545147.332721
2026-05-29T13:45:00.000Z,216.05,217.15,215.0507,217.1,8838762.350871
2026-05-29T14:00:00.000Z,217.08,217.26,215.79,216.27,7733224.892003
2026-05-29T14:15:00.000Z,216.26,217.35,215.0201,215.92,8314630.191566001
2026-05-29T14:30:00.000Z,215.915,216.44,214.37,214.5095,6147953.012530999
2026-05-29T14:45:00.000Z,214.48,215.9,214.36,215.14,4852762.504483
2026-05-29T15:00:00.000Z,215.15,216.99,214.86,216.93,4446209.719219999
2026-05-29T15:15:00.000Z,216.94,217.02,214.907,215.39,4485423.585472
2026-05-29T15:30:00.000Z,215.42,215.7599,214.94,215.05,2643988.5577570004
2026-05-29T15:45:00.000Z,215.035,215.6,214.77,215.02,2610541.6987199998
2026-05-29T16:00:00.000Z,215.03,217.13,215.018,216.6493,4195749.595415
2026-05-29T16:15:00.000Z,216.63,216.78,215.8701,215.9899,2500804.7622970003
2026-05-29T16:30:00.000Z,215.99,217.52,215.7899,217.08,4012554.9475539997
2026-05-29T16:45:00.000Z,217.075,217.23,216.2801,216.59,2308157.841452
2026-05-29T17:00:00.000Z,216.6,217.05,216.3,216.79,2331942.817512
2026-05-29T17:15:00.000Z,216.795,216.8999,216.12,216.28,2540216.4639439997
2026-05-29T17:30:00.000Z,216.28,216.31,215.97,216.13,3359100.727389999
2026-05-29T17:45:00.000Z,216.13,216.35,215.4,215.5036,2260752.499421
2026-05-29T18:00:00.000Z,215.52,216.05,215.29,215.585,2938308.9527559998
2026-05-29T18:15:00.000Z,215.5999,217.05,215.58,216.97,2879014.092902
2026-05-29T18:30:00.000Z,217,217.48,216.45,217.2901,4236733.504455
2026-05-29T18:45:00.000Z,217.3,217.33,216.51,216.6999,2549099.8490209994
2026-05-29T19:00:00.000Z,216.695,217.8599,216.68,217.6,4787224.603496
2026-05-29T19:15:00.000Z,217.59,217.71,216.825,216.99,4197964.816493
2026-05-29T19:30:00.000Z,217,217.45,216.87,217.11,3915288.588323
2026-05-29T19:45:00.000Z,217.1,217.14,211.13,211.15,33653860.670634
2026-06-01T13:30:00.000Z,215.73,220.78,215.7,219.115,27384802.935636
2026-06-01T13:45:00.000Z,219.06,220.83,218.85,219.15,11305993.404063001
2026-06-01T14:00:00.000Z,219.155,220.92,218.53,220.625,9783334.529624999
2026-06-01T14:15:00.000Z,220.61,222.17,220.52,221.37,11402856.92645
2026-06-01T14:30:00.000Z,221.34,222.09,220.24,220.45,7163744.881147999
2026-06-01T14:45:00.000Z,220.45,220.91,219.3,219.619,6268036.817618
2026-06-01T15:00:00.000Z,219.625,219.85,218.98,219.09,5663733.9702240005
2026-06-01T15:15:00.000Z,219.09,220.28,219,219.41,5282408.043965
2026-06-01T15:30:00.000Z,219.39,220.66,219.33,220.0923,5062665.405462
2026-06-01T15:45:00.000Z,220.105,220.32,219.55,219.665,2923342.604335
2026-06-01T16:00:00.000Z,219.64,220.56,219.61,220.4199,3291747.5917919995
2026-06-01T16:15:00.000Z,220.4,222.37,220.0104,221.95,5856109.1017080005
2026-06-01T16:30:00.000Z,221.955,222.4,220.97,221.48,5496620.362311001
2026-06-01T16:45:00.000Z,221.47,222.34,221.17,222.1,3706404.8401620006
2026-06-01T17:00:00.000Z,222.095,222.25,221.48,221.71,3026478.7328760005
2026-06-01T17:15:00.000Z,221.702,221.99,221.36,221.96,3269279.597711
2026-06-01T17:30:00.000Z,221.96,223.4,221.53,223.11,5362594.212939
2026-06-01T17:45:00.000Z,223.12,224.03,222.85,223.5292,5137369.723192001
2026-06-01T18:00:00.000Z,223.52,224.462,223.08,223.22,5739601.128279
2026-06-01T18:15:00.000Z,223.2,224.66,223.14,224.616,4604524.971112999
2026-06-01T18:30:00.000Z,224.61,224.8,224.028,224.555,4348579.170283
2026-06-01T18:45:00.000Z,224.558,224.78,223.77,223.985,3693059.2612079997
2026-06-01T19:00:00.000Z,223.99,224.87,223.985,224.708,4636779.574907
2026-06-01T19:15:00.000Z,224.71,224.715,223.67,223.9807,4582222.199909
2026-06-01T19:30:00.000Z,223.99,224.06,223.17,223.58,4221696.3526
2026-06-01T19:45:00.000Z,223.58,224.435,222.4,224.43,10196554.052609
2026-06-02T13:30:00.000Z,227.18,227.55,225.04,226.56,17215662.638731003
2026-06-02T13:45:00.000Z,226.57,232.28,226.44,231.455,19886706.463097997
2026-06-02T14:00:00.000Z,231.44,231.95,229.07,229.76,10257450.778057
2026-06-02T14:15:00.000Z,229.77,230.2,228.33,228.51,7541650.378921999
2026-06-02T14:30:00.000Z,228.515,228.95,226.85,227.035,7438029.7931739995
2026-06-02T14:45:00.000Z,227.0254,227.3544,225.35,226.12,7865732.551477001
2026-06-02T15:00:00.000Z,226.13,227.14,225.97,226.73,5895557.169991
2026-06-02T15:15:00.000Z,226.74,226.9299,225.66,225.939,4756358.033972
2026-06-02T15:30:00.000Z,225.9499,226.865,225.35,225.51,4549314.876701
2026-06-02T15:45:00.000Z,225.51,226,224.72,225.46,4991271.7230899995
2026-06-02T16:00:00.000Z,225.4799,225.94,225.16,225.655,4057701.079554
2026-06-02T16:15:00.000Z,225.655,225.66,224.15,224.85,5177039.8920249995
2026-06-02T16:30:00.000Z,224.83,225.569,224.68,225.115,4873266.744902
2026-06-02T16:45:00.000Z,225.115,225.37,224.52,225.265,2841724.6394020002
2026-06-02T17:00:00.000Z,225.265,225.63,224.9,225.43,2820442.4453000003
2026-06-02T17:15:00.000Z,225.45,225.5,223.86,224.1601,4134552.3899359996
2026-06-02T17:30:00.000Z,224.1617,224.21,222.88,223,4876107.532442001
2026-06-02T17:45:00.000Z,223.01,223.2,222.58,223.18,4028002.5861279997
2026-06-02T18:00:00.000Z,223.18,223.6399,223.0501,223.275,2998371.5545000006
2026-06-02T18:15:00.000Z,223.2601,223.2672,222.56,222.98,3179288.106197
2026-06-02T18:30:00.000Z,222.97,223.19,221.9,222.41,4141049.884004
2026-06-02T18:45:00.000Z,222.36,222.68,222.2601,222.64,2514261.859204
2026-06-02T19:00:00.000Z,222.64,223.29,222.61,222.965,4025809.28626
2026-06-02T19:15:00.000Z,222.9501,223.466,222.59,222.63,2984695.975258
2026-06-02T19:30:00.000Z,222.62,222.78,221.91,221.91,3632247.712686
2026-06-02T19:45:00.000Z,221.91,224.37,221.35,222.81,9160000.947466
2026-06-03T13:30:00.000Z,221.72,222.82,218.02,218.09,14785382.163687
2026-06-03T13:45:00.000Z,218.08,218.12,216.0456,217.23,12803895.844904998
2026-06-03T14:00:00.000Z,217.2,217.62,215.88,216.31,8846793.991142001
2026-06-03T14:15:00.000Z,216.31,216.79,215.39,216.17,10508156.226277
2026-06-03T14:30:00.000Z,216.17,216.3,214.58,215.3901,8227095.670949
2026-06-03T14:45:00.000Z,215.39,215.8299,215.11,215.75,4526637.285884
2026-06-03T15:00:00.000Z,215.74,216.775,215.71,216.41,4836502.3450879995
2026-06-03T15:15:00.000Z,216.41,216.6995,215.76,216.28,3957349.2999099996
2026-06-03T15:30:00.000Z,216.27,216.93,216,216.89,4046899.5277780006
2026-06-03T15:45:00.000Z,216.86,217.55,216.81,216.935,4774462.559037
2026-06-03T16:00:00.000Z,216.95,217.2,216.04,216.335,2715001.418668
2026-06-03T16:15:00.000Z,216.33,216.6,215.47,215.625,3253952.108036
2026-06-03T16:30:00.000Z,215.63,215.86,214.81,215.14,3731748.3549710005
2026-06-03T16:45:00.000Z,215.15,216.1,215.15,216.06,2619551.404153
2026-06-03T17:00:00.000Z,216.1,216.1,215.35,215.3899,3091496.032412
2026-06-03T17:15:00.000Z,215.38,215.94,215.15,215.765,2389936.7597009996
2026-06-03T17:30:00.000Z,215.77,215.9399,215.56,215.82,1955611.890581
2026-06-03T17:45:00.000Z,215.83,215.84,215.47,215.66,1922063.988414
2026-06-03T18:00:00.000Z,215.669,215.7,215.23,215.44,1995263.8266499997
2026-06-03T18:15:00.000Z,215.445,216.08,215.2401,215.995,2587046.8592429995
2026-06-03T18:30:00.000Z,215.995,216.03,215.62,215.78,2039326.0845380004
2026-06-03T18:45:00.000Z,215.78,216.23,215.63,216.1,2571351.756004
2026-06-03T19:00:00.000Z,216.09,216.25,215.55,215.73,2346505.9856999996
2026-06-03T19:15:00.000Z,215.73,216.6986,215.01,215.29,3547369.4998689997
2026-06-03T19:30:00.000Z,215.28,215.94,215.08,215.7227,3230589.7078060005
2026-06-03T19:45:00.000Z,215.72,215.8092,214.51,214.9,14271056.360321
2026-06-04T13:30:00.000Z,213.905,215.73,212.72,212.95,13750487.617034
2026-06-04T13:45:00.000Z,212.945,213.82,212.12,212.335,8724397.2223
2026-06-04T14:00:00.000Z,212.28,212.81,210.97,212.7,9573058.026394999
2026-06-04T14:15:00.000Z,212.71,213.63,212.63,213.475,5533736.333474
2026-06-04T14:30:00.000Z,213.46,214.62,213.22,214.27,5072577.9170659995
2026-06-04T14:45:00.000Z,214.29,215.43,214.28,215.41,4744731.767789001
2026-06-04T15:00:00.000Z,215.4,215.9288,215.19,215.86,4788924.838907999
2026-06-04T15:15:00.000Z,215.8699,216.21,215.42,215.9767,4483450.792695
2026-06-04T15:30:00.000Z,215.985,216.8,215.68,216.67,4185664.224138
2026-06-04T15:45:00.000Z,216.66,217.87,216.1,217.62,7143095.828415
2026-06-04T16:00:00.000Z,217.62,217.85,217.23,217.775,4794549.289583
2026-06-04T16:15:00.000Z,217.77,218.29,217.54,217.6398,6594743.958645
2026-06-04T16:30:00.000Z,217.635,218.44,217.3,218.4001,5277616.2071739985
2026-06-04T16:45:00.000Z,218.41,218.94,218.07,218.25,4205843.3382
2026-06-04T17:00:00.000Z,218.252,219.14,217.97,219.135,3813984.707792001
2026-06-04T17:15:00.000Z,219.13,219.4699,218.54,218.8501,4242031.210453
2026-06-04T17:30:00.000Z,218.86,219.74,218.72,219.3299,3500287.482958
2026-06-04T17:45:00.000Z,219.32,219.77,219.14,219.77,2584771.5677900002
2026-06-04T18:00:00.000Z,219.765,220.65,219.7,220.305,5217099.776529
2026-06-04T18:15:00.000Z,220.28,220.93,219.93,220.73,3528579.80265
2026-06-04T18:30:00.000Z,220.735,220.865,219.9601,220.67,4993880.496083
2026-06-04T18:45:00.000Z,220.68,220.85,220.16,220.48,2508504.103618
2026-06-04T19:00:00.000Z,220.485,221.6,220.485,220.8623,4158657.4956750004
2026-06-04T19:15:00.000Z,220.865,220.865,219.96,220.22,3707671.7292730003
2026-06-04T19:30:00.000Z,220.23,220.42,219.71,219.945,3495518.088867999
2026-06-04T19:45:00.000Z,219.9499,219.96,218.55,218.715,9094600.83123
2026-06-05T13:30:00.000Z,214.53,214.87,212.86,213.33,11620255.269062001
2026-06-05T13:45:00.000Z,213.32,213.77,211.9501,211.98,8202184.053758001
2026-06-05T14:00:00.000Z,211.99,212.54,211.54,212.38,8762358.175911
2026-06-05T14:15:00.000Z,212.38,212.98,210.99,211.255,6867884.181611001
2026-06-05T14:30:00.000Z,211.2409,212.14,210.88,211.0815,5899750.229143
2026-06-05T14:45:00.000Z,211.1,211.55,210.45,210.795,5573686.926051
2026-06-05T15:00:00.000Z,210.795,210.9299,209.355,209.385,7003099.210896
2026-06-05T15:15:00.000Z,209.38,209.6746,208.49,208.71,7440269.83207
2026-06-05T15:30:00.000Z,208.7,208.85,207.5301,208.165,8121428.140919999
2026-06-05T15:45:00.000Z,208.175,209.38,208.04,209.33,5302994.643794
2026-06-05T16:00:00.000Z,209.34,209.34,208.22,208.81,4290545.76634
2026-06-05T16:15:00.000Z,208.8,209.2,208.23,208.74,5269726.810101
2026-06-05T16:30:00.000Z,208.74,208.8,207.13,207.4,6344613.433481
2026-06-05T16:45:00.000Z,207.38,208.325,206.64,208.14,7315530.6124990005
2026-06-05T17:00:00.000Z,208.1499,208.15,206.83,207.23,4427344.986729
2026-06-05T17:15:00.000Z,207.23,207.93,206.81,207.745,4412092.3831279995
2026-06-05T17:30:00.000Z,207.71,208.97,207.5101,207.971,4305122.039414999
2026-06-05T17:45:00.000Z,207.965,208.24,207.62,207.97,3280988.8118999996
2026-06-05T18:00:00.000Z,207.98,208.07,206.36,206.6601,5250686.627716
2026-06-05T18:15:00.000Z,206.67,206.77,205.79,206.015,5498285.517874
2026-06-05T18:30:00.000Z,206.01,206.14,204.84,205.445,6443113.965942999
2026-06-05T18:45:00.000Z,205.42,206.05,204.7,205.8925,6446951.572603
2026-06-05T19:00:00.000Z,205.89,206.32,204.8306,205.165,6505100.795961
2026-06-05T19:15:00.000Z,205.15,206.39,204.33,206.38,7272155.755752001
2026-06-05T19:30:00.000Z,206.3899,206.76,205.59,206.09,7271734.771438999
2026-06-05T19:45:00.000Z,206.08,206.76,205.07,205.11,14306822.852629
2026-06-08T13:30:00.000Z,210.18,210.47,208.2,208.89,12821480.846127
2026-06-08T13:45:00.000Z,208.9,209.24,206.18,206.2799,8066661.068778
2026-06-08T14:00:00.000Z,206.27,207.471,206,207.14,6296195.296534002
2026-06-08T14:15:00.000Z,207.14,207.99,206.55,207.825,4634058.653983999
2026-06-08T14:30:00.000Z,207.835,208.7,207.47,208.068,4220087.844682001
2026-06-08T14:45:00.000Z,208.08,208.7899,208.05,208.53,3818777.7781130006
2026-06-08T15:00:00.000Z,208.53,208.9,208.32,208.59,3098794.414495
2026-06-08T15:15:00.000Z,208.59,208.83,207.51,207.68,3891118.5815230003
2026-06-08T15:30:00.000Z,207.69,208.68,207.17,208.68,3576713.9703200003
2026-06-08T15:45:00.000Z,208.675,209.38,208.17,208.31,3435358.6963739996
2026-06-08T16:00:00.000Z,208.315,209.15,208.17,208.92,3220875.1996190012
2026-06-08T16:15:00.000Z,208.91,209.7491,208.5,208.575,4642300.743218
2026-06-08T16:30:00.000Z,208.59,208.96,208.2,208.52,3071461.452739001
2026-06-08T16:45:00.000Z,208.52,208.85,208.43,208.575,2226031.6863259994
2026-06-08T17:00:00.000Z,208.575,208.6222,207.85,208.36,2653077.5368270003
2026-06-08T17:15:00.000Z,208.365,208.63,207.65,208.61,2882383.0499839997
2026-06-08T17:30:00.000Z,208.6,208.8799,208.0477,208.43,2085143.1393570001
2026-06-08T17:45:00.000Z,208.41,209.24,208.39,208.8,2070769.844726
2026-06-08T18:00:00.000Z,208.8,209.62,208.8,208.99,3042167.0038670003
2026-06-08T18:15:00.000Z,208.99,209.36,208.82,209.25,1648587.57583
2026-06-08T18:30:00.000Z,209.26,209.35,208.72,208.85,2134990.5607330003
2026-06-08T18:45:00.000Z,208.85,209.23,208.7975,208.83,1797752.119092
2026-06-08T19:00:00.000Z,208.82,208.95,207.84,207.855,2453175.0114559997
2026-06-08T19:15:00.000Z,207.855,208.0699,207.37,207.83,2922460.4137990004
2026-06-08T19:30:00.000Z,207.835,208.42,207.67,207.74,3074970.6055550002
2026-06-08T19:45:00.000Z,207.74,208.76,207.685,208.64,6707586.225280001
2026-06-09T13:30:00.000Z,210.615,211.4,208.83,210.165,9581871.514189001
2026-06-09T13:45:00.000Z,210.154,210.96,209.03,209.16,6300622.032402
2026-06-09T14:00:00.000Z,209.11,209.19,206.8,206.925,6905321.315726
2026-06-09T14:15:00.000Z,206.91,207.3597,205.89,206.975,7225001.042425999
2026-06-09T14:30:00.000Z,206.9601,207.58,206.15,206.23,4832588.681484
2026-06-09T14:45:00.000Z,206.255,206.55,204.85,206.33,6762286.618899
2026-06-09T15:00:00.000Z,206.37,206.77,205.4011,206.27,3815978.054286
2026-06-09T15:15:00.000Z,206.26,206.37,203.31,203.42,5216616.5566610005
2026-06-09T15:30:00.000Z,203.42,204.93,203.22,204.7301,6646729.557939
2026-06-09T15:45:00.000Z,204.76,205.53,202.8501,203.0104,5822440.739600001
2026-06-09T16:00:00.000Z,203.05,203.71,201.47,201.825,7812571.708875999
2026-06-09T16:15:00.000Z,201.81,201.94,200.04,201.49,8446824.461733
2026-06-09T16:30:00.000Z,201.47,201.89,199.34,200.81,8812027.464985998
2026-06-09T16:45:00.000Z,200.81,202,200.18,201.96,5356179.655658
2026-06-09T17:00:00.000Z,201.97,203.52,201.67,203.35,5794841.015807001
2026-06-09T17:15:00.000Z,203.335,204.2499,202.85,203.9,4495966.732158
2026-06-09T17:30:00.000Z,203.9,205.41,203.67,205.06,4083115.3030369994
2026-06-09T17:45:00.000Z,205.0601,205.42,204.17,205.06,3660429.8526759995
2026-06-09T18:00:00.000Z,205.07,205.5955,204.9145,205.42,4187531.000215
2026-06-09T18:15:00.000Z,205.41,206.46,205.15,206.4574,3450700.457137
2026-06-09T18:30:00.000Z,206.44,207.11,206.06,206.1435,3631419.112603
2026-06-09T18:45:00.000Z,206.17,207.37,206.14,207.09,5128968.335738
2026-06-09T19:00:00.000Z,207.09,207.46,205.73,205.76,3753406.872283
2026-06-09T19:15:00.000Z,205.78,206.02,204.54,205.93,5548095.417525
2026-06-09T19:30:00.000Z,205.92,206.53,205.4,206.2,4676793.744689001
2026-06-09T19:45:00.000Z,206.24,208.29,205.395,208.2,9735328.402253
2026-06-10T13:30:00.000Z,204.43,207.22,204.28,206.19,11535589.118332
2026-06-10T13:45:00.000Z,206.17,206.69,204.79,204.935,7496038.916812002
2026-06-10T14:00:00.000Z,204.94,206.53,204.85,206.2999,5902846.612401
2026-06-10T14:15:00.000Z,206.29,206.79,205.2123,206.195,5504419.911831001
2026-06-10T14:30:00.000Z,206.19,206.84,205.44,205.7442,4795793.939301
2026-06-10T14:45:00.000Z,205.74,206.35,203.78,203.905,6249240.102712001
2026-06-10T15:00:00.000Z,203.93,204.52,202.34,202.36,6794367.286458001
2026-06-10T15:15:00.000Z,202.36,203.5,201.61,202.725,6250030.673172999
2026-06-10T15:30:00.000Z,202.725,203.67,202.19,203.55,4433457.707386
2026-06-10T15:45:00.000Z,203.535,203.72,201.87,203.455,5453478.8197
2026-06-10T16:00:00.000Z,203.47,203.86,202.5,202.66,3426401.5325380005
2026-06-10T16:15:00.000Z,202.68,203.05,202.385,202.865,2876027.467238
2026-06-10T16:30:00.000Z,202.85,203.95,202.6,203.145,2898068.552043
2026-06-10T16:45:00.000Z,203.13,203.13,202.39,202.87,2837917.585046001
2026-06-10T17:00:00.000Z,202.85,203.615,202.18,202.265,2927335.281077
2026-06-10T17:15:00.000Z,202.265,202.62,202.01,202.51,2763982.1219730005
2026-06-10T17:30:00.000Z,202.52,202.5599,201.88,201.95,2801532.0588069996
2026-06-10T17:45:00.000Z,201.94,203.46,201.865,203.155,3719993.621134999
2026-06-10T18:00:00.000Z,203.17,203.42,202.62,202.705,2703649.702225
2026-06-10T18:15:00.000Z,202.705,202.99,202.13,202.26,2794360.5661140005
2026-06-10T18:30:00.000Z,202.26,202.355,201.63,201.82,3282807.2415400003
2026-06-10T18:45:00.000Z,201.8294,201.8294,200.9,201.16,4302697.979092999
2026-06-10T19:00:00.000Z,201.17,201.45,200.61,200.73,4108240.382734
2026-06-10T19:15:00.000Z,200.74,200.75,199.92,200.2067,6217257.796308001
2026-06-10T19:30:00.000Z,200.21,201.54,200.13,201.22,5962163.5606619995
2026-06-10T19:45:00.000Z,201.22,201.88,200.29,200.34,9338450.830157999
2026-06-11T13:30:00.000Z,201.49,202.88,201.07,202.3299,9014430.817232
2026-06-11T13:45:00.000Z,202.305,203.565,202.01,202.77,7313188.731684999
2026-06-11T14:00:00.000Z,202.76,203.65,201.95,202.1031,5328291.739108
2026-06-11T14:15:00.000Z,202.08,202.96,201.22,202.345,5134625.766486001
2026-06-11T14:30:00.000Z,202.36,203,201.87,202.095,3487800.705377
2026-06-11T14:45:00.000Z,202.13,202.24,199.86,200.22,4909492.26513
2026-06-11T15:00:00.000Z,200.23,201.44,199.54,201.2382,4745024.237930001
2026-06-11T15:15:00.000Z,201.26,201.84,200.63,200.7,3352774.765462
2026-06-11T15:30:00.000Z,200.67,201.93,200.48,201.18,3368901.17863
2026-06-11T15:45:00.000Z,201.18,201.59,200.845,201.325,2307467.687339
2026-06-11T16:00:00.000Z,201.325,201.96,201.04,201.74,3294725.115271
2026-06-11T16:15:00.000Z,201.75,202.045,201.2,201.33,2181280.5773610002
2026-06-11T16:30:00.000Z,201.315,202,201.135,201.38,2102538.804805
2026-06-11T16:45:00.000Z,201.38,201.566,200.29,200.31,2197231.8709670003
2026-06-11T17:00:00.000Z,200.32,200.72,199.94,200.0999,3104390.740288
2026-06-11T17:15:00.000Z,200.09,202.87,199.71,202.81,4816274.568514
2026-06-11T17:30:00.000Z,202.825,204.1799,201.73,204.08,7829470.267414
2026-06-11T17:45:00.000Z,204.1,204.47,202.51,202.98,4730641.213602
2026-06-11T18:00:00.000Z,202.98,203.18,201.64,202.8095,3920449.850433
2026-06-11T18:15:00.000Z,202.81,203.28,202.56,202.76,2674612.97353
2026-06-11T18:30:00.000Z,202.7899,203.06,201.97,202.16,2748644.897149
2026-06-11T18:45:00.000Z,202.15,202.9,202.085,202.855,3290517.031503
2026-06-11T19:00:00.000Z,202.86,203.1326,202.01,203.125,3888334.7621120005
2026-06-11T19:15:00.000Z,203.14,204.66,203.08,204.47,5878629.8754590005
2026-06-11T19:30:00.000Z,204.48,205.63,204.43,205.55,6342786.093313
2026-06-11T19:45:00.000Z,205.54,205.66,204.142,204.66,11764842.890951
2026-06-12T13:30:00.000Z,204.86,206.24,203.4385,204.28,9454659.714271
2026-06-12T13:45:00.000Z,204.3,204.72,203.56,203.98,5647689.3237270005
2026-06-12T14:00:00.000Z,204.06,206.25,203.93,205.4351,5688726.971487
2026-06-12T14:15:00.000Z,205.45,206.68,205.41,205.69,4480429.345393
2026-06-12T14:30:00.000Z,205.66,206.26,204.46,204.47,3449546.1429210003
2026-06-12T14:45:00.000Z,204.46,206,203.945,205.7,4706991.961738001
2026-06-12T15:00:00.000Z,205.735,206.35,205.2,206.345,2965803.071132
2026-06-12T15:15:00.000Z,206.345,207.07,206.3301,206.955,3947250.500765
2026-06-12T15:30:00.000Z,206.96,206.9997,205.13,205.17,4449135.9513759995
2026-06-12T15:45:00.000Z,205.17,205.6799,203.91,204.1699,3648076.780781
2026-06-12T16:00:00.000Z,204.17,205.6099,203.95,205.16,3364144.212814
2026-06-12T16:15:00.000Z,205.15,205.79,204.78,204.99,2567648.1048149997
2026-06-12T16:30:00.000Z,205,205.13,204.34,204.575,2105767.412515
2026-06-12T16:45:00.000Z,204.57,205.205,204.5,205.16,2447387.912379
2026-06-12T17:00:00.000Z,205.19,205.58,204.6558,205.015,2428317.0805980004
2026-06-12T17:15:00.000Z,205.03,205.29,204.815,205.03,1809448.468237
2026-06-12T17:30:00.000Z,205.05,205.22,204.69,205,1915846.209653
2026-06-12T17:45:00.000Z,205,205.3,204.81,205.08,1835814.153599
2026-06-12T18:00:00.000Z,205.1,205.55,204.785,204.81,2267936.24264
2026-06-12T18:15:00.000Z,204.81,205.005,204.195,204.92,2627315.4076760006
2026-06-12T18:30:00.000Z,204.93,205.28,204.92,205.2,2226097.178636
2026-06-12T18:45:00.000Z,205.195,205.325,204.59,204.6797,2391444.0989380004
2026-06-12T19:00:00.000Z,204.66,205.12,204.63,204.86,1819627.8673039998
2026-06-12T19:15:00.000Z,204.845,205.09,204.702,204.72,3102453.231701
2026-06-12T19:30:00.000Z,204.72,204.77,203.91,204.37,3612495.0853980007
2026-06-12T19:45:00.000Z,204.34,205.29,204.15,205.14,6510234.103424001
2026-06-15T13:30:00.000Z,208.92,210.99,208.66,208.93,14439487.749534003
2026-06-15T13:45:00.000Z,208.93,209.97,208.71,208.7635,5487167.788639999
2026-06-15T14:00:00.000Z,208.8,209.39,208.34,209.32,5973366.416464
2026-06-15T14:15:00.000Z,209.3,209.61,208.59,209.395,4131286.215052999
2026-06-15T14:30:00.000Z,209.4,210.1,209.23,209.58,4704403.930477001
2026-06-15T14:45:00.000Z,209.57,210.44,209.5,210.36,4375883.173180999
2026-06-15T15:00:00.000Z,210.36,211.38,210.35,211.32,5590929.239808001
2026-06-15T15:15:00.000Z,211.33,211.39,210.2502,211.165,3629600.1191079994
2026-06-15T15:30:00.000Z,211.165,211.91,210.81,211.752,4491043.262378
2026-06-15T15:45:00.000Z,211.76,212.7107,211.76,212.275,4901180.7146890005
2026-06-15T16:00:00.000Z,212.28,212.61,212.19,212.44,3396273.9433420002
2026-06-15T16:15:00.000Z,212.44,212.55,211.97,212.345,2489443.443408
2026-06-15T16:30:00.000Z,212.35,212.58,212.02,212.23,2424743.558476
2026-06-15T16:45:00.000Z,212.23,212.38,211.853,212.33,2195616.746552
2026-06-15T17:00:00.000Z,212.33,212.45,211.9,212.205,1888501.1722209998
2026-06-15T17:15:00.000Z,212.2,212.67,212.08,212.53,2228782.134417
2026-06-15T17:30:00.000Z,212.52,212.65,212.1,212.14,1909189.542109
2026-06-15T17:45:00.000Z,212.15,212.3898,211.8,211.82,2010290.9050139997
2026-06-15T18:00:00.000Z,211.84,212.31,211.42,212.16,2977382.980091
2026-06-15T18:15:00.000Z,212.17,212.25,211.89,211.94,1829241.224462
2026-06-15T18:30:00.000Z,211.94,212.34,211.79,212.31,2338273.3833769998
2026-06-15T18:45:00.000Z,212.31,212.56,212.17,212.29,2352450.1637709998
2026-06-15T19:00:00.000Z,212.29,212.35,211.8313,211.99,2512214.0915540005
2026-06-15T19:15:00.000Z,211.99,212.13,211.62,211.66,3638993.9679610003
2026-06-15T19:30:00.000Z,211.65,211.86,211.29,211.6596,3129663.7750620004
2026-06-15T19:45:00.000Z,211.65,212.6,211,212.45,8013395.790367
2026-06-16T13:30:00.000Z,211.18,211.49,208.86,209.48,10322430.388618002
2026-06-16T13:45:00.000Z,209.47,210.08,208.65,208.705,6388496.343135001
2026-06-16T14:00:00.000Z,208.715,210.35,208.715,209.545,5885949.995026
2026-06-16T14:15:00.000Z,209.56,209.66,208.55,209.07,4899212.042676
2026-06-16T14:30:00.000Z,209.06,209.61,208.5301,209.37,3872659.286071
2026-06-16T14:45:00.000Z,209.36,209.81,208.7399,209.3303,3148070.921185
2026-06-16T15:00:00.000Z,209.35,210.32,209.14,209.6985,3908458.51265
2026-06-16T15:15:00.000Z,209.71,209.81,208.7,209.15,3375436.0493590003
2026-06-16T15:30:00.000Z,209.16,209.66,208.905,209.0895,4451466.762274
2026-06-16T15:45:00.000Z,209.0799,209.56,208.523,209.17,3452039.4581279997
2026-06-16T16:00:00.000Z,209.15,209.72,209.15,209.3599,3729541.80791
2026-06-16T16:15:00.000Z,209.35,209.56,209.16,209.285,1734589.657657
2026-06-16T16:30:00.000Z,209.29,209.3,208.28,208.77,2953542.052537
2026-06-16T16:45:00.000Z,208.78,209.17,208.57,209.13,1856502.496968
2026-06-16T17:00:00.000Z,209.135,209.31,208.75,209.19,1774825.606726
2026-06-16T17:15:00.000Z,209.19,209.32,208.722,209.09,1423251.7966109999
2026-06-16T17:30:00.000Z,209.095,209.33,208.86,209.17,1710492.391692
2026-06-16T17:45:00.000Z,209.16,209.7,209.13,209.43,1679205.6628130001
2026-06-16T18:00:00.000Z,209.42,209.82,209.37,209.495,1609095.5222129999
2026-06-16T18:15:00.000Z,209.49,209.57,209.18,209.4501,1301473.1414449997
2026-06-16T18:30:00.000Z,209.46,209.5,208.81,208.9197,1866590.468931
2026-06-16T18:45:00.000Z,208.91,209.09,208.76,208.995,1647696.542345
2026-06-16T19:00:00.000Z,208.99,209.4,208.5,208.61,2295868.843135
2026-06-16T19:15:00.000Z,208.61,208.98,208.06,208.9301,3173355.7199359997
2026-06-16T19:30:00.000Z,208.93,209.1,208.2,208.71,2580770.083882
2026-06-16T19:45:00.000Z,208.7,209,207.29,207.41,9465448.034835
2026-06-17T13:30:00.000Z,208.53,208.85,207.55,208.655,7074062.708070999
2026-06-17T13:45:00.000Z,208.65,209.21,207.13,207.21,5296270.078280999
2026-06-17T14:00:00.000Z,207.195,207.6,206.74,207.445,4397124.767697001
2026-06-17T14:15:00.000Z,207.445,208.22,207.27,207.9,3392207.0538630006
2026-06-17T14:30:00.000Z,207.9,207.93,206.73,207.405,3588484.3862139992
2026-06-17T14:45:00.000Z,207.41,207.9,206.36,206.465,3995111.5792629994
2026-06-17T15:00:00.000Z,206.465,206.98,205.91,206.87,4903237.960399
2026-06-17T15:15:00.000Z,206.87,207.0399,206.13,206.45,3561089.6310519995
2026-06-17T15:30:00.000Z,206.44,206.7299,206.2,206.455,2501879.0366889997
2026-06-17T15:45:00.000Z,206.47,206.66,206.04,206.41,2189164.9204679998
2026-06-17T16:00:00.000Z,206.41,207.18,206.41,207.17,2074768.5623389997
2026-06-17T16:15:00.000Z,207.18,207.6599,207.04,207.43,2883732.207876
2026-06-17T16:30:00.000Z,207.43,207.64,207.16,207.295,1851218.8306560002
2026-06-17T16:45:00.000Z,207.31,207.43,207.07,207.14,1357425.657029
2026-06-17T17:00:00.000Z,207.15,207.27,206.5,206.92,2142410.9667439996
2026-06-17T17:15:00.000Z,206.925,207.55,206.72,207.364,1513519.0247769998
2026-06-17T17:30:00.000Z,207.375,207.555,207.08,207.33,1642363.713645
2026-06-17T17:45:00.000Z,207.34,207.91,207.31,207.78,1583386.7074040002
2026-06-17T18:00:00.000Z,207.765,207.85,205.3,206.165,8525234.772273999
2026-06-17T18:15:00.000Z,206.18,206.68,205.38,205.965,3378382.646398
2026-06-17T18:30:00.000Z,205.96,207.68,205.49,207.61,4238955.1043839995
2026-06-17T18:45:00.000Z,207.595,207.61,205.595,205.955,3608632.4787300006
2026-06-17T19:00:00.000Z,205.97,206.44,205.38,206.4,3384718.8087779996
2026-06-17T19:15:00.000Z,206.405,206.48,204.44,204.72,4698997.9771879995
2026-06-17T19:30:00.000Z,204.71,205.17,203.45,203.88,5349826.339705
2026-06-17T19:45:00.000Z,203.88,204.89,203.08,204.6767,8414046.511339
2026-06-18T13:30:00.000Z,207.33,207.99,206.5,207.14,26594622.017348003
2026-06-18T13:45:00.000Z,207.125,208.33,207.05,207.81,7564667.214558
2026-06-18T14:00:00.000Z,207.85,208.76,207.5,208.445,4996319.991612
2026-06-18T14:15:00.000Z,208.43,209.87,208.32,209.13,5889884.301791
2026-06-18T14:30:00.000Z,209.13,209.47,208.6,208.98,4424557.579220001
2026-06-18T14:45:00.000Z,208.985,209.78,208.915,209.325,3824004.5590230003
2026-06-18T15:00:00.000Z,209.33,209.6492,208.57,209.27,5001698.106737
2026-06-18T15:15:00.000Z,209.285,209.66,208.73,208.885,2679597.060245
2026-06-18T15:30:00.000Z,208.9,209.08,208.15,208.19,2802219.873970001
2026-06-18T15:45:00.000Z,208.17,209.03,207.64,208.97,3661742.2683949997
2026-06-18T16:00:00.000Z,208.98,209.62,208.97,209.235,3156686.374092
2026-06-18T16:15:00.000Z,209.22,210.11,209.13,209.985,4865726.489468
2026-06-18T16:30:00.000Z,209.985,211.2,209.96,210.715,5503178.691614
2026-06-18T16:45:00.000Z,210.715,210.82,209.945,210.08,3894693.746112
2026-06-18T17:00:00.000Z,210.085,210.5,209.93,209.9599,2599155.040595
2026-06-18T17:15:00.000Z,209.95,210.51,209.88,210.065,2250360.4032490007
2026-06-18T17:30:00.000Z,210.06,210.5,210.04,210.14,1956743.3186429997
2026-06-18T17:45:00.000Z,210.145,210.29,209.82,209.9101,1825456.0171939998
2026-06-18T18:00:00.000Z,209.93,210.04,209.61,209.72,2726119.4007219994
2026-06-18T18:15:00.000Z,209.72,210.54,209.69,210.195,3856121.120484
2026-06-18T18:30:00.000Z,210.19,210.5,209.92,210.17,2461410.821054
2026-06-18T18:45:00.000Z,210.1601,210.23,209.5801,209.7,2661586.811193
2026-06-18T19:00:00.000Z,209.7,210.2,209.7,210.06,2691576.209117
2026-06-18T19:15:00.000Z,210.06,210.16,209.835,209.855,3165896.602786
2026-06-18T19:30:00.000Z,209.85,210.27,209.52,210.155,3189904.5266300007
2026-06-18T19:45:00.000Z,210.155,211.39,209.93,210.2,12720694.330109
2026-06-22T13:30:00.000Z,211.44,213.99,210.79,212.345,12373936.344458003
2026-06-22T13:45:00.000Z,212.32,213.33,211.6,213.08,6481778.562605
2026-06-22T14:00:00.000Z,213.08,213.99,212.63,212.635,5390359.227824999
2026-06-22T14:15:00.000Z,212.64,212.94,211.11,211.11,4629916.9864529995
2026-06-22T14:30:00.000Z,211.12,211.15,209.2105,209.49,5932282.283470999
2026-06-22T14:45:00.000Z,209.47,209.8791,208.62,209.11,4782837.350609999
2026-06-22T15:00:00.000Z,209.11,210.08,209.01,209.8601,4048582.8469419996
2026-06-22T15:15:00.000Z,209.87,210.38,209.68,209.83,3820534.3075049995
2026-06-22T15:30:00.000Z,209.83,210.89,209.81,210.55,3489764.8905519997
2026-06-22T15:45:00.000Z,210.575,210.65,209.41,209.49,3233313.783715999
2026-06-22T16:00:00.000Z,209.485,209.8,209.1706,209.63,2959890.069124
2026-06-22T16:15:00.000Z,209.6301,209.9762,209.23,209.765,2339620.276905
2026-06-22T16:30:00.000Z,209.765,209.8,209.16,209.428,1952386.4466059997
2026-06-22T16:45:00.000Z,209.425,209.92,209.21,209.395,1928411.2556660003
2026-06-22T17:00:00.000Z,209.4,209.61,208.88,209.04,1914816.631181
2026-06-22T17:15:00.000Z,209.05,209.385,208.98,208.99,1714675.1110520002
2026-06-22T17:30:00.000Z,208.992,209.04,208.5,208.5,2134911.3289570003
2026-06-22T17:45:00.000Z,208.51,208.93,208.45,208.555,2120020.450244
2026-06-22T18:00:00.000Z,208.56,209.08,208.46,208.9801,2292535.0730930003
2026-06-22T18:15:00.000Z,208.98,209.28,208.6012,208.75,1703352.0562490001
2026-06-22T18:30:00.000Z,208.76,209.14,208.7,208.71,1964020.7589149997
2026-06-22T18:45:00.000Z,208.71,209.02,208.55,208.62,2064499.066185
2026-06-22T19:00:00.000Z,208.625,208.93,208.3001,208.705,2538250.6848870004
2026-06-22T19:15:00.000Z,208.705,208.75,207.95,208.01,2812397.3100120006
2026-06-22T19:30:00.000Z,208.0001,208.18,207.73,207.815,3350433.159388
2026-06-22T19:45:00.000Z,207.81,208.86,207.72,208.56,6688123.417513
2026-06-23T13:30:00.000Z,202.17,202.5093,200.04,201.7101,15429407.870275
2026-06-23T13:45:00.000Z,201.69,203.77,201.61,203.41,6577508.905469
2026-06-23T14:00:00.000Z,203.37,203.58,202.79,203.2,4692668.241331999
2026-06-23T14:15:00.000Z,203.18,203.4,202.56,203.06,4569099.7457179995
2026-06-23T14:30:00.000Z,203.0928,203.45,202.6012,202.8,3585856.286797
2026-06-23T14:45:00.000Z,202.805,202.93,201.9,202.235,3876359.271549
2026-06-23T15:00:00.000Z,202.24,202.49,200.66,201.09,5103955.092978001
2026-06-23T15:15:00.000Z,201.085,201.2,200.43,200.75,4185205.87705
2026-06-23T15:30:00.000Z,200.75,201.49,200.62,201.4,3285841.757773
2026-06-23T15:45:00.000Z,201.405,202.13,201.21,201.85,2897625.780224
2026-06-23T16:00:00.000Z,201.83,202.961,201.8,202.775,2839685.4947280004
2026-06-23T16:15:00.000Z,202.79,202.8876,202.02,202.23,3269019.9710839996
2026-06-23T16:30:00.000Z,202.24,202.52,201.9,202.48,2563042.0677809995
2026-06-23T16:45:00.000Z,202.49,202.54,201.9301,202.31,1715373.944152
2026-06-23T17:00:00.000Z,202.32,202.41,201.75,202.15,2023277.3745839999
2026-06-23T17:15:00.000Z,202.15,202.8,201.95,202.49,1972693.7451989998
2026-06-23T17:30:00.000Z,202.5,202.62,202.0701,202.16,1664842.188633
2026-06-23T17:45:00.000Z,202.15,202.33,201.61,201.6101,1688193.1317719996
2026-06-23T18:00:00.000Z,201.615,202.01,201.44,201.72,2303255.355606
2026-06-23T18:15:00.000Z,201.705,201.83,201.46,201.65,2077822.0228599997
2026-06-23T18:30:00.000Z,201.65,201.65,200.7139,200.74,2530682.037359
2026-06-23T18:45:00.000Z,200.75,200.98,200.3,200.63,3459121.308928
2026-06-23T19:00:00.000Z,200.62,201.7187,200.515,200.9001,3217763.737496
2026-06-23T19:15:00.000Z,200.89,201.46,200.7,201.22,3030267.2658339995
2026-06-23T19:30:00.000Z,201.21,201.47,200.56,200.8191,3647943.6006690003
2026-06-23T19:45:00.000Z,200.82,201.22,200,200.012,12889167.765462
2026-06-24T13:30:00.000Z,200.12,201.67,199.42,200.6999,8312252.715092999
2026-06-24T13:45:00.000Z,200.7,201.22,199.69,200.2465,5731375.813656
2026-06-24T14:00:00.000Z,200.25,200.57,199.05,199.615,5363837.657961002
2026-06-24T14:15:00.000Z,199.63,200.19,198.6,199.87,5904603.6568060005
2026-06-24T14:30:00.000Z,199.8799,200.79,199.87,200.76,3410924.383647
2026-06-24T14:45:00.000Z,200.76,201.3,200.56,201.185,3609526.606763
2026-06-24T15:00:00.000Z,201.21,201.51,200.77,201.01,2847427.7083889996
2026-06-24T15:15:00.000Z,201,201.35,200.34,200.91,2481692.6777279996
2026-06-24T15:30:00.000Z,200.905,201.18,200.5,200.78,1829362.011604
2026-06-24T15:45:00.000Z,200.78,201.25,200.4,200.79,2185064.792447
2026-06-24T16:00:00.000Z,200.78,201.01,200.53,200.8681,1589696.2037060002
2026-06-24T16:15:00.000Z,200.88,201.02,200.59,200.735,1722295.8890680003
2026-06-24T16:30:00.000Z,200.74,200.74,199.51,199.66,3409109.9830189995
2026-06-24T16:45:00.000Z,199.67,199.82,199.13,199.2573,2926267.9136209995
2026-06-24T17:00:00.000Z,199.24,199.557,198.64,198.87,3200369.0373
2026-06-24T17:15:00.000Z,198.87,199.02,197.86,197.96,3612335.0015850007
2026-06-24T17:30:00.000Z,197.96,198.35,197.4589,197.76,4037104.904289
2026-06-24T17:45:00.000Z,197.76,198.1799,197.39,197.46,3251161.547691
2026-06-24T18:00:00.000Z,197.47,198.3,197.32,197.6199,3323377.0376489996
2026-06-24T18:15:00.000Z,197.62,198.77,197.6001,198.57,3049927.9045870006
2026-06-24T18:30:00.000Z,198.585,198.73,197.7,197.895,2727687.2254170007
2026-06-24T18:45:00.000Z,197.8902,197.9,197.04,197.21,3644935.3910180004
2026-06-24T19:00:00.000Z,197.2,197.73,196.58,196.98,4413034.432194
2026-06-24T19:15:00.000Z,196.985,198.01,196.83,197.74,4160540.5888520004
2026-06-24T19:30:00.000Z,197.74,197.97,196.96,197.265,6230142.050761
2026-06-24T19:45:00.000Z,197.29,199.23,196.9501,198.96,9843526.955861999
2026-06-25T13:30:00.000Z,200.08,200.8,195.88,196.125,12911397.990270002
2026-06-25T13:45:00.000Z,196.125,196.47,192.13,192.375,12668541.121414999
2026-06-25T14:00:00.000Z,192.385,195.9,192.37,194.4151,9975565.523818
2026-06-25T14:15:00.000Z,194.4,194.92,193.63,194.49,5666038.832025
2026-06-25T14:30:00.000Z,194.47,195.595,194.345,194.59,4639298.406866
2026-06-25T14:45:00.000Z,194.58,196.4499,194.27,195.46,6082463.37657
2026-06-25T15:00:00.000Z,195.48,196.68,195.21,195.59,4572614.1355759995
2026-06-25T15:15:00.000Z,195.6,195.78,194.77,195.17,3549925.505015999
2026-06-25T15:30:00.000Z,195.18,195.89,195.1201,195.77,2666521.472798
2026-06-25T15:45:00.000Z,195.77,196.39,195.58,195.61,2924412.6009259997
2026-06-25T16:00:00.000Z,195.62,196.95,195.56,196.72,3570296.6246579997
2026-06-25T16:15:00.000Z,196.73,197.13,195.74,196,3094009.5435510003
2026-06-25T16:30:00.000Z,196,196.015,194.92,195,2591635.06629
2026-06-25T16:45:00.000Z,194.98,195.24,194.51,194.88,2153167.314724
2026-06-25T17:00:00.000Z,194.885,195.36,194.55,195.215,1878513.6550079999
2026-06-25T17:15:00.000Z,195.225,195.73,194.8045,195.395,2149667.09766
2026-06-25T17:30:00.000Z,195.4,195.68,194.93,195.04,1820964.560292
2026-06-25T17:45:00.000Z,195.04,195.04,194.38,194.79,3598207.9118940006
2026-06-25T18:00:00.000Z,194.79,194.806,193.7246,194.34,3309422.399312
2026-06-25T18:15:00.000Z,194.34,195.8476,194.255,195.78,2482854.144454
2026-06-25T18:30:00.000Z,195.77,195.77,194.7772,195.11,2154517.403492
2026-06-25T18:45:00.000Z,195.08,195.09,194.11,194.4,3029688.870511
2026-06-25T19:00:00.000Z,194.4,194.64,194.07,194.1,2382486.342289
2026-06-25T19:15:00.000Z,194.1,194.58,193.7033,194.38,3362607.6204189993
2026-06-25T19:30:00.000Z,194.37,194.82,193.8999,194.72,3994416.8436950003
2026-06-25T19:45:00.000Z,194.72,195.98,193.98,195.75,9656331.719359001
2026-06-26T13:30:00.000Z,193.12,193.5,191.22,193.07,10828221.856540002
2026-06-26T13:45:00.000Z,193.07,194.06,192.25,193.56,5599514.390383
2026-06-26T14:00:00.000Z,193.58,194.26,193.335,194,4554561.502038
2026-06-26T14:15:00.000Z,193.95,194.53,193.26,193.72,4186420.459222
2026-06-26T14:30:00.000Z,193.734,193.93,192.65,192.8793,4326155.676993
2026-06-26T14:45:00.000Z,192.875,193.59,192.6801,193.095,3149271.936546
2026-06-26T15:00:00.000Z,193.095,193.6,192.65,192.68,3350249.3911099997
2026-06-26T15:15:00.000Z,192.69,193.66,192.48,193.63,3742017.909039
2026-06-26T15:30:00.000Z,193.64,195.25,193.6,195.095,4149907.2626710003
2026-06-26T15:45:00.000Z,195.12,195.2,193.8,194.359,4027533.315867
2026-06-26T16:00:00.000Z,194.36,194.4,193.63,193.77,2970395.136485
2026-06-26T16:15:00.000Z,193.76,194.395,193.6312,194.17,2597649.887271
2026-06-26T16:30:00.000Z,194.1699,194.57,194.15,194.22,1818346.615968
2026-06-26T16:45:00.000Z,194.23,194.42,193.9301,194.14,2428565.6551829996
2026-06-26T17:00:00.000Z,194.14,194.84,194.03,194.68,3174420.980431
2026-06-26T17:15:00.000Z,194.68,195.18,194.14,195.035,2497104.877603
2026-06-26T17:30:00.000Z,195.035,195.55,194.7,194.87,3109108.1180029996
2026-06-26T17:45:00.000Z,194.85,194.9848,194.311,194.5901,3811212.1490320005
2026-06-26T18:00:00.000Z,194.595,195.31,194.42,194.655,3938352.477584
2026-06-26T18:15:00.000Z,194.6613,194.72,193.92,194.02,2123929.1783740004
2026-06-26T18:30:00.000Z,194.025,194.37,193.76,193.99,2272010.834591
2026-06-26T18:45:00.000Z,193.99,193.99,193.4,193.7,2402274.887593
2026-06-26T19:00:00.000Z,193.71,194.52,193.55,194.52,4175053.375629
2026-06-26T19:15:00.000Z,194.51,194.52,193.89,193.95,2774237.984767
2026-06-26T19:30:00.000Z,193.97,194.77,193.73,194.735,3933227.276203
2026-06-26T19:45:00.000Z,194.74,195.18,191.68,191.72,12682797.857942
2026-06-29T13:30:00.000Z,193.85,195.82,192,195.8,10705575.602245998
2026-06-29T13:45:00.000Z,195.8,196.18,193.03,193.305,7016940.511823001
2026-06-29T14:00:00.000Z,193.2915,193.66,190.88,190.8801,6710526.984937
2026-06-29T14:15:00.000Z,190.89,192.74,189.8,192.725,11548705.657848999
2026-06-29T14:30:00.000Z,192.72,194.73,192.58,194.43,7970838.978431001
2026-06-29T14:45:00.000Z,194.44,194.95,193.51,194.86,4271553.7771769995
2026-06-29T15:00:00.000Z,194.87,195,194.12,194.735,4343866.238161
2026-06-29T15:15:00.000Z,194.75,195.12,193.725,194.24,5159855.604255999
2026-06-29T15:30:00.000Z,194.27,194.37,193.69,194.23,4878239.919283001
2026-06-29T15:45:00.000Z,194.21,194.24,193.59,193.965,2906970.899803
2026-06-29T16:00:00.000Z,193.97,194.2299,193.56,193.66,2304777.401587
2026-06-29T16:15:00.000Z,193.655,193.86,192.7501,192.835,2803077.700705
2026-06-29T16:30:00.000Z,192.84,193.17,192.7112,193.08,2104379.49348
2026-06-29T16:45:00.000Z,193.08,194.01,193.01,193.82,2730690.583507
2026-06-29T17:00:00.000Z,193.83,194.717,193.82,194.58,2423520.689606
2026-06-29T17:15:00.000Z,194.59,194.79,194.26,194.67,2495790.9702919996
2026-06-29T17:30:00.000Z,194.67,195.06,194.12,194.36,3419871.1690300005
2026-06-29T17:45:00.000Z,194.36,194.47,193.72,193.96,1857737.387256
2026-06-29T18:00:00.000Z,193.97,194.055,193.69,193.94,1954073.7474330002
2026-06-29T18:15:00.000Z,193.93,194.02,193.73,193.8,1652040.4038050002
2026-06-29T18:30:00.000Z,193.815,194.29,193.76,194.0503,1859368.4547210003
2026-06-29T18:45:00.000Z,194.06,194.25,193.87,193.98,1823296.295414
2026-06-29T19:00:00.000Z,193.98,194.41,193.82,194.31,2385099.05287
2026-06-29T19:15:00.000Z,194.3,194.87,194.27,194.71,3138114.427106
2026-06-29T19:30:00.000Z,194.71,194.93,194.515,194.795,4808160.709301
2026-06-29T19:45:00.000Z,194.79,195.19,194,194.89,8516481.394599
2026-06-30T13:30:00.000Z,197.24,199.0599,195.11,197.02,12125017.852111
2026-06-30T13:45:00.000Z,197,198.005,196.35,197.8416,6263636.768871
2026-06-30T14:00:00.000Z,197.855,198.75,196.64,196.97,6276307.4476
2026-06-30T14:15:00.000Z,196.97,198.26,196.812,197.7,4132351.550309
2026-06-30T14:30:00.000Z,197.72,198.35,197.33,197.88,3429519.332753
2026-06-30T14:45:00.000Z,197.88,197.96,196.43,197.06,3506549.014342
2026-06-30T15:00:00.000Z,197.06,198.645,197.01,198.3,2961226.4260539995
2026-06-30T15:15:00.000Z,198.28,198.31,197.73,198.24,2313837.652238
2026-06-30T15:30:00.000Z,198.24,198.35,197.8,198.05,1975541.6114139997
2026-06-30T15:45:00.000Z,198.06,198.65,197.9002,198.2099,3071604.0713219997
2026-06-30T16:00:00.000Z,198.2,198.617,197.91,198.23,2255398.9740479994
2026-06-30T16:15:00.000Z,198.24,198.547,197.84,197.95,1870147.086645
2026-06-30T16:30:00.000Z,197.95,198.55,197.645,197.85,1960175.731768
2026-06-30T16:45:00.000Z,197.87,198.39,197.67,198.245,1761095.0520289997
2026-06-30T17:00:00.000Z,198.25,198.5,198,198.2099,2505711.473755
2026-06-30T17:15:00.000Z,198.21,198.56,197.99,198.21,2010341.6481680002
2026-06-30T17:30:00.000Z,198.21,198.825,198.06,198.6928,1976131.7293539997
2026-06-30T17:45:00.000Z,198.69,198.75,198.1098,198.39,1669583.1323339997
2026-06-30T18:00:00.000Z,198.395,198.75,198.3,198.72,2313100.365306
2026-06-30T18:15:00.000Z,198.71,199.47,198.67,198.93,3740531.6907260003
2026-06-30T18:30:00.000Z,198.93,198.96,198.1,198.4877,3196925.55926
2026-06-30T18:45:00.000Z,198.5,199.0821,198.47,198.85,2485388.4010339994
2026-06-30T19:00:00.000Z,198.85,199.22,198.74,198.89,3196955.6873580003
2026-06-30T19:15:00.000Z,198.89,199.415,198.84,199.28,5210725.267833
2026-06-30T19:30:00.000Z,199.28,199.61,198.94,199.175,4116708.725584
2026-06-30T19:45:00.000Z,199.175,200.63,198.02,199.76,17987152.830203
2026-07-01T13:30:00.000Z,196.2,196.24,193.45,194.45,12226135.827279001
2026-07-01T13:45:00.000Z,194.45,195.73,194.3,195.455,6414113.092504
2026-07-01T14:00:00.000Z,195.45,196.43,195.02,196.205,6054894.501630001
2026-07-01T14:15:00.000Z,196.19,196.57,195.65,196.2,4055752.489446
2026-07-01T14:30:00.000Z,196.205,196.39,195.21,195.28,4092124.7859929996
2026-07-01T14:45:00.000Z,195.26,195.97,194.47,195.65,5000383.138479001
2026-07-01T15:00:00.000Z,195.65,196.33,195.59,196.155,3538280.6910989997
2026-07-01T15:15:00.000Z,196.17,196.99,196.17,196.93,4613170.260371
2026-07-01T15:30:00.000Z,196.9303,197.2,196.75,197.02,3368848.295587
2026-07-01T15:45:00.000Z,197.0208,197.2,196.63,197.085,3461854.9764449997
2026-07-01T16:00:00.000Z,197.13,197.27,196.685,196.76,2190057.49885
2026-07-01T16:15:00.000Z,196.75,197.36,196.57,197.062,2030396.556845
2026-07-01T16:30:00.000Z,197.08,197.45,196.97,197.18,2654571.0495200003
2026-07-01T16:45:00.000Z,197.1874,197.63,196.91,197.15,2135548.103927
2026-07-01T17:00:00.000Z,197.16,197.8,196.95,197.71,2901881.595049
2026-07-01T17:15:00.000Z,197.7,198.48,197.66,198.205,4384875.82837
2026-07-01T17:30:00.000Z,198.2,198.84,198.02,198.7201,2574166.117383
2026-07-01T17:45:00.000Z,198.7297,198.925,198.455,198.665,2916815.380872
2026-07-01T18:00:00.000Z,198.665,198.87,197.86,197.91,2593482.237611
2026-07-01T18:15:00.000Z,197.91,198.27,197.68,198.095,3537990.9196840003
2026-07-01T18:30:00.000Z,198.095,198.485,198.02,198.35,2021286.256784
2026-07-01T18:45:00.000Z,198.34,198.4,197.8901,198.37,2751918.5857079998
2026-07-01T19:00:00.000Z,198.37,199.85,198.33,199.2301,4722385.847738001
2026-07-01T19:15:00.000Z,199.235,199.555,199.03,199.3,3708632.159535
2026-07-01T19:30:00.000Z,199.3,199.7099,198.2301,198.25,4581983.033179001
2026-07-01T19:45:00.000Z,198.25,198.79,197.23,197.58,11829214.601324
2026-07-02T13:30:00.000Z,197.14,198.69,196.78,198.1,8062767.403972
2026-07-02T13:45:00.000Z,198.1199,198.94,197.5,198.89,5121436.3578699995
2026-07-02T14:00:00.000Z,198.89,200.055,198.52,199.033,5370822.033746
2026-07-02T14:15:00.000Z,199.035,199.3635,197.44,197.85,4357084.7810430005
2026-07-02T14:30:00.000Z,197.89,198.21,196.07,196.46,5133981.823718
2026-07-02T14:45:00.000Z,196.46,196.86,195.21,196.24,5539596.706308
2026-07-02T15:00:00.000Z,196.25,196.48,194.71,195.26,5406557.160933998
2026-07-02T15:15:00.000Z,195.25,195.46,194.42,194.7795,4611791.321871
2026-07-02T15:30:00.000Z,194.78,196,194.76,195.0651,3953478.169482
2026-07-02T15:45:00.000Z,195.08,195.4,194.015,194.49,3420576.3794619995
2026-07-02T16:00:00.000Z,194.5,194.6591,193.86,194.56,3587000.4965170003
2026-07-02T16:15:00.000Z,194.57,194.61,193.625,193.79,4054000.033353
2026-07-02T16:30:00.000Z,193.79,194.16,193.18,194.04,3564881.4913929994
2026-07-02T16:45:00.000Z,194.04,194.15,193.13,193.49,2802941.1196689997
2026-07-02T17:00:00.000Z,193.49,193.72,192.88,193.07,3402750.3793899994
2026-07-02T17:15:00.000Z,193.07,193.41,192.762,193.045,2582252.414743
2026-07-02T17:30:00.000Z,193.045,193.28,192.35,192.965,2924683.248447
2026-07-02T17:45:00.000Z,192.98,193.15,192.39,192.545,2694769.2955010002
2026-07-02T18:00:00.000Z,192.545,193.7,192.5,193.1951,2875227.377036
2026-07-02T18:15:00.000Z,193.1901,193.86,192.59,193.76,2973177.955015
2026-07-02T18:30:00.000Z,193.76,193.95,193.2,193.225,2385699.355729
2026-07-02T18:45:00.000Z,193.22,193.76,192.9,193.43,2623018.892763
2026-07-02T19:00:00.000Z,193.42,193.53,192.53,192.8801,2743835.5917020007
2026-07-02T19:15:00.000Z,192.885,193.33,192.65,193.105,3271627.618537
2026-07-02T19:30:00.000Z,193.115,193.8,193.06,193.66,3485945.8091610004
2026-07-02T19:45:00.000Z,193.66,195,193.41,194.51,11610822.380549
2026-07-06T13:30:00.000Z,194.42,195.48,193.99,195.365,7420749.901897002
2026-07-06T13:45:00.000Z,195.38,196.75,194.57,196.28,5647939.447868999
2026-07-06T14:00:00.000Z,196.28,197.42,196.03,196.6,5286385.000134001
2026-07-06T14:15:00.000Z,196.58,196.7597,195.871,196.574,3332059.902132
2026-07-06T14:30:00.000Z,196.5899,196.76,195.95,196.55,3016011.768016
2026-07-06T14:45:00.000Z,196.5402,196.73,195.66,196.025,2765206.934387
2026-07-06T15:00:00.000Z,196.02,196.115,195.58,195.68,2376964.3670310006
2026-07-06T15:15:00.000Z,195.67,196.55,195.36,196.51,2912173.254434
2026-07-06T15:30:00.000Z,196.5,196.65,196.17,196.2,2269125.5360709997
2026-07-06T15:45:00.000Z,196.19,196.45,196.03,196.4,1771410.901616
2026-07-06T16:00:00.000Z,196.41,197.55,196.24,197.165,3875145.427478
2026-07-06T16:15:00.000Z,197.17,197.39,196.89,197,2423159.666752
2026-07-06T16:30:00.000Z,197.0051,197.25,196.61,196.69,1839958.654592
2026-07-06T16:45:00.000Z,196.68,196.71,196.26,196.45,1917860.978296
2026-07-06T17:00:00.000Z,196.43,196.8795,196.37,196.51,1532562.921618
2026-07-06T17:15:00.000Z,196.52,196.55,195.85,195.97,1805228.820488
2026-07-06T17:30:00.000Z,195.97,196.07,195.73,195.855,2091710.665499
2026-07-06T17:45:00.000Z,195.85,196.07,195.63,195.695,1784721.4257309998
2026-07-06T18:00:00.000Z,195.7,196.46,195.7,196.285,1863185.0709699995
2026-07-06T18:15:00.000Z,196.285,196.67,196.25,196.27,1568087.989856
2026-07-06T18:30:00.000Z,196.27,196.48,196.04,196.305,1382488.043067
2026-07-06T18:45:00.000Z,196.31,196.6496,196.3,196.625,1907734.4736760003
2026-07-06T19:00:00.000Z,196.63,196.98,196.49,196.845,2033562.4260779999
2026-07-06T19:15:00.000Z,196.85,197.14,196.773,196.85,2582089.382279
2026-07-06T19:30:00.000Z,196.855,196.95,196.48,196.655,3541289.374664
2026-07-06T19:45:00.000Z,196.65,197.035,195.02,195.625,8235271.795271
2026-07-07T13:30:00.000Z,192.37,193.2999,191.44,192.5664,10102936.762874
2026-07-07T13:45:00.000Z,192.575,192.89,191.58,192.64,6291520.273384001
2026-07-07T14:00:00.000Z,192.635,193.5,192.54,192.978,4868152.531781999
2026-07-07T14:15:00.000Z,192.98,193.055,191.46,191.8601,4748779.373623
2026-07-07T14:30:00.000Z,191.87,192.18,191.14,191.6599,4105564.4055410014
2026-07-07T14:45:00.000Z,191.655,192.8,191.6,192.57,3294947.499718
2026-07-07T15:00:00.000Z,192.58,193.365,192.32,193.04,3598176.7110530003
2026-07-07T15:15:00.000Z,193.03,193.19,192.544,193.05,3108746.6331610004
2026-07-07T15:30:00.000Z,193.05,193.485,192.8001,193.48,2787766.8609009995
2026-07-07T15:45:00.000Z,193.46,194.78,193.44,194.72,3196893.4590179995
2026-07-07T16:00:00.000Z,194.725,196.16,194.6,196.12,4631653.696407
2026-07-07T16:15:00.000Z,196.12,197.59,195.97,197.39,5485936.3017919995
2026-07-07T16:30:00.000Z,197.38,198.12,196.7803,197.29,4906989.450464999
2026-07-07T16:45:00.000Z,197.29,197.51,196.631,197.44,4149822.4512010003
2026-07-07T17:00:00.000Z,197.45,198.41,197.3302,197.435,4252379.9409719985
2026-07-07T17:15:00.000Z,197.44,198.01,197.29,197.44,2379566.2232299997
2026-07-07T17:30:00.000Z,197.43,198.25,197.38,197.9198,2874960.3637090004
2026-07-07T17:45:00.000Z,197.93,198.14,197.625,197.945,2186562.4629320004
2026-07-07T18:00:00.000Z,197.93,197.95,197.3,197.525,1820643.954233
2026-07-07T18:15:00.000Z,197.5262,197.78,197.22,197.275,1832032.488688
2026-07-07T18:30:00.000Z,197.28,197.65,196.96,197.09,2412525.544195
2026-07-07T18:45:00.000Z,197.09,197.36,196.32,196.4,2715916.45964
2026-07-07T19:00:00.000Z,196.418,196.895,196.1701,196.5,2776672.1558129997
2026-07-07T19:15:00.000Z,196.5,196.5,195.7,196.15,3243675.9706830005
2026-07-07T19:30:00.000Z,196.15,196.67,195.47,196.03,3623983.948955
2026-07-07T19:45:00.000Z,196.035,197.05,195.84,196.93,6955500.540044
2026-07-08T13:30:00.000Z,195.18,198.47,195.06,198.2655,7650984.574397
2026-07-08T13:45:00.000Z,198.26,199.87,197.1,197.59,6262814.772088
2026-07-08T14:00:00.000Z,197.57,197.72,196.38,197.3201,3914371.4673960004
2026-07-08T14:15:00.000Z,197.31,197.6,196.52,197.01,3080629.9788820003
2026-07-08T14:30:00.000Z,196.99,197.3694,196.77,197.24,2712292.565422001
2026-07-08T14:45:00.000Z,197.23,199.3,196.05,198.7833,9113039.565319
2026-07-08T15:00:00.000Z,198.785,199.45,197.1601,197.245,5570588.500054998
2026-07-08T15:15:00.000Z,197.23,197.46,196.39,196.59,3557388.893575
2026-07-08T15:30:00.000Z,196.55,197.84,196.55,197.455,2656646.605117
2026-07-08T15:45:00.000Z,197.4445,197.6,196.86,197.22,2861422.1207260005
2026-07-08T16:00:00.000Z,197.22,198.71,197.21,198.71,2902615.182675
2026-07-08T16:15:00.000Z,198.71,200.1,198.44,199.26,5560336.138556
2026-07-08T16:30:00.000Z,199.26,199.88,198.9065,199.5803,2919830.464159
2026-07-08T16:45:00.000Z,199.6017,201.2,199.3301,200.995,4555798.110342999
2026-07-08T17:00:00.000Z,201.04,201.13,200.24,200.625,3118403.0564319994
2026-07-08T17:15:00.000Z,200.615,203.129,200.6106,203.08,5758654.67089
2026-07-08T17:30:00.000Z,203.085,203.71,202.5,202.6199,6091089.235817
2026-07-08T17:45:00.000Z,202.61,202.6699,201.93,202.2,3349069.011656
2026-07-08T18:00:00.000Z,202.185,202.79,201.9,202.5201,3178352.014098
2026-07-08T18:15:00.000Z,202.525,202.96,202.18,202.19,2875609.054593
2026-07-08T18:30:00.000Z,202.2,203.2368,202.093,203.0962,3527433.844211
2026-07-08T18:45:00.000Z,203.08,204.2,202.88,204.18,5081451.591275999
2026-07-08T19:00:00.000Z,204.18,204.83,204.11,204.355,5115499.631556
2026-07-08T19:15:00.000Z,204.355,204.55,204.07,204.455,3972718.5094679995
2026-07-08T19:30:00.000Z,204.455,205.16,203.77,204.41,5524104.058277999
2026-07-08T19:45:00.000Z,204.4299,204.925,203.44,204.135,9594951.147053
2026-07-09T13:30:00.000Z,204.46,204.46,201.54,201.66,12831362.469018
2026-07-09T13:45:00.000Z,201.63,202.677,201.32,202.09,7583805.910475
2026-07-09T14:00:00.000Z,202.09,202.17,199.68,200.2499,8072152.111592999
2026-07-09T14:15:00.000Z,200.23,200.275,198.96,200.235,7677102.361458
2026-07-09T14:30:00.000Z,200.2485,200.858,199.31,200.73,4884393.673417999
2026-07-09T14:45:00.000Z,200.75,201.67,200.52,201.295,5099316.777517
2026-07-09T15:00:00.000Z,201.3,202.03,201.11,201.37,3531341.510364
2026-07-09T15:15:00.000Z,201.37,202.2,201,201.72,3100647.564573
2026-07-09T15:30:00.000Z,201.74,201.78,201.1703,201.39,2702251.548121
2026-07-09T15:45:00.000Z,201.4,202.1237,201.3382,201.75,2530751.2245429996
2026-07-09T16:00:00.000Z,201.75,202.51,201.71,202.02,4508999.62112
2026-07-09T16:15:00.000Z,202.03,202.36,201.91,202.1763,2277225.250489
2026-07-09T16:30:00.000Z,202.19,202.56,201.71,201.78,2184239.600937
2026-07-09T16:45:00.000Z,201.77,201.99,201.64,201.71,1800467.718854
2026-07-09T17:00:00.000Z,201.71,203.24,201.6901,203.075,3486452.9266760005
2026-07-09T17:15:00.000Z,203.075,203.33,202.75,202.83,1967912.2935140003
2026-07-09T17:30:00.000Z,202.83,203.31,202.77,203.18,1984609.1834
2026-07-09T17:45:00.000Z,203.185,203.5299,203.1101,203.32,2189790.9426629995
2026-07-09T18:00:00.000Z,203.31,203.555,203.0203,203.22,2136807.929217
2026-07-09T18:15:00.000Z,203.22,203.53,202.92,203.51,2545827.270581
2026-07-09T18:30:00.000Z,203.53,204.2,203.53,204,3802501.7005189997
2026-07-09T18:45:00.000Z,203.99,204.01,203.4,203.47,2325065.55459
2026-07-09T19:00:00.000Z,203.48,203.53,202.97,203.3901,2447530.042647
2026-07-09T19:15:00.000Z,203.39,204.585,203.3201,203.79,4049862.8820330007
2026-07-09T19:30:00.000Z,203.78,204.13,203.5,203.955,3310657.769620001
2026-07-09T19:45:00.000Z,203.9501,204.1,202.57,202.7563,6254996.786827
2026-07-10T13:30:00.000Z,202,204.99,201.92,204.62,9776173.849597
2026-07-10T13:45:00.000Z,204.64,207.44,204.38,207.3315,9559381.878640998
2026-07-10T14:00:00.000Z,207.33,208.14,205.9,208.0029,10358901.647796001
2026-07-10T14:15:00.000Z,208.02,208.05,206.24,207.3,4822402.050138
2026-07-10T14:30:00.000Z,207.28,207.84,205.72,206.93,5078838.996595001
2026-07-10T14:45:00.000Z,206.91,207.21,205.93,206.1,3743222.6926370002
2026-07-10T15:00:00.000Z,206.11,207.42,205.87,207.2,5520203.122776999
2026-07-10T15:15:00.000Z,207.2,208.8,207.2,208.57,5881330.632685
2026-07-10T15:30:00.000Z,208.59,209.4794,207.66,207.999,6474562.196077
2026-07-10T15:45:00.000Z,208.01,209.39,207.82,209.0181,4605751.460495001
2026-07-10T16:00:00.000Z,209.03,209.58,208.9023,209.0601,4157505.7727340003
2026-07-10T16:15:00.000Z,209.08,210.56,209.01,209.79,6475179.6739650015
2026-07-10T16:30:00.000Z,209.795,210.39,209.68,209.81,3390578.0452159992
2026-07-10T16:45:00.000Z,209.815,210.03,209.41,209.63,2812617.362855
2026-07-10T17:00:00.000Z,209.61,210.1905,209.4801,209.86,2913506.6804139996
2026-07-10T17:15:00.000Z,209.87,210.31,209.66,210.19,2530881.680607
2026-07-10T17:30:00.000Z,210.19,210.8,210.075,210.75,3447791.252012
2026-07-10T17:45:00.000Z,210.736,210.8799,210.33,210.38,3463977.8687040005
2026-07-10T18:00:00.000Z,210.38,210.845,209.96,210.0714,3881198.0631690007
2026-07-10T18:15:00.000Z,210.075,210.54,209.93,210.31,3010167.1003630003
2026-07-10T18:30:00.000Z,210.32,210.43,209.79,209.975,2365209.130757
2026-07-10T18:45:00.000Z,209.975,210.2595,209.82,210.13,2267467.899036
2026-07-10T19:00:00.000Z,210.135,210.74,210.09,210.225,3184491.6251150006
2026-07-10T19:15:00.000Z,210.225,210.23,209.74,209.9661,4688878.557867
2026-07-10T19:30:00.000Z,209.97,210.29,209.64,209.64,3903912.152753
2026-07-10T19:45:00.000Z,209.64,211,209.56,210.96,9105723.134484999
2026-07-13T13:30:00.000Z,208.54,210.57,207.66,208.11,10197057.158556001
2026-07-13T13:45:00.000Z,208.1,208.83,207.01,208.715,5416655.466479999
2026-07-13T14:00:00.000Z,208.71,209.58,208.34,209.11,4571339.429817001
2026-07-13T14:15:00.000Z,209.115,209.29,207.71,208.63,3494209.9098839993
2026-07-13T14:30:00.000Z,208.63,208.88,207.07,207.31,3428309.4605460004
2026-07-13T14:45:00.000Z,207.315,207.63,206.64,207.395,3839854.354804
2026-07-13T15:00:00.000Z,207.395,207.68,207.07,207.42,2992473.061076
2026-07-13T15:15:00.000Z,207.42,208.049,207.31,207.805,3062304.965446
2026-07-13T15:30:00.000Z,207.81,208.035,207.1,207.16,2679487.769301
2026-07-13T15:45:00.000Z,207.13,207.1922,206.67,206.75,2919898.861084
2026-07-13T16:00:00.000Z,206.75,206.83,205.8,206.245,3760653.1266019996
2026-07-13T16:15:00.000Z,206.24,206.2441,205.57,205.92,2623458.7994180005
2026-07-13T16:30:00.000Z,205.92,205.92,204.52,205.14,4286851.473157
2026-07-13T16:45:00.000Z,205.135,205.24,204.32,204.65,2737113.02489
2026-07-13T17:00:00.000Z,204.64,205.1699,204.49,204.71,2403248.3489220003
2026-07-13T17:15:00.000Z,204.71,204.8199,203.84,204.24,3481701.552187
2026-07-13T17:30:00.000Z,204.25,204.34,203.71,204.02,2579468.2984919995
2026-07-13T17:45:00.000Z,204.02,204.14,203.47,203.644,2479133.961524
2026-07-13T18:00:00.000Z,203.645,204.45,203.6,204.16,3080641.6957199997
2026-07-13T18:15:00.000Z,204.16,204.23,203.6156,203.63,2189909.549244
2026-07-13T18:30:00.000Z,203.62,204.29,203.35,204.11,2486536.2979229996
2026-07-13T18:45:00.000Z,204.12,204.14,203.54,203.77,2145081.02631
2026-07-13T19:00:00.000Z,203.78,204.5,203.6,203.87,2536030.5557820005
2026-07-13T19:15:00.000Z,203.87,204.069,203.54,203.83,2624720.3447029996
2026-07-13T19:30:00.000Z,203.84,204.355,203.61,204.0499,3315446.841635
2026-07-13T19:45:00.000Z,204.04,205,203,203.5,8347308.473978
2026-07-14T13:30:00.000Z,208.2,208.34,203.8,204.205,8340166.984974
2026-07-14T13:45:00.000Z,204.2,205.53,204.19,205,5293862.166392999
2026-07-14T14:00:00.000Z,204.99,205.12,204.06,204.7,3238923.195319
2026-07-14T14:15:00.000Z,204.7,206.09,204.2264,205.5322,4717320.856517999
2026-07-14T14:30:00.000Z,205.555,207.43,205.23,206.51,3776961.127516
2026-07-14T14:45:00.000Z,206.5,207.68,206.35,207.5,2997863.966036
2026-07-14T15:00:00.000Z,207.5,208.33,207.21,207.78,3986507.4919599993
2026-07-14T15:15:00.000Z,207.78,209.14,207.76,209.1,3844360.629662001
2026-07-14T15:30:00.000Z,209.105,209.31,208.43,209.1301,3384313.6902309996
2026-07-14T15:45:00.000Z,209.13,209.3188,208.32,209.17,2937243.7538460004
2026-07-14T16:00:00.000Z,209.1882,209.27,208.31,208.56,2813172.0046469998
2026-07-14T16:15:00.000Z,208.575,209.585,208.37,209.555,3053848.684394
2026-07-14T16:30:00.000Z,209.56,210.2595,209.3,210.08,3575849.0095679993
2026-07-14T16:45:00.000Z,210.09,210.915,209.8,210.87,3810888.569871
2026-07-14T17:00:00.000Z,210.87,211.5,210.8,211.21,4524958.308481
2026-07-14T17:15:00.000Z,211.2,211.52,210.89,211.04,3110884.6228439994
2026-07-14T17:30:00.000Z,211.03,211.24,210.51,210.7699,2394426.7875369997
2026-07-14T17:45:00.000Z,210.76,211.485,210.69,211.3101,2457598.0805050004
2026-07-14T18:00:00.000Z,211.32,212.01,211.15,211.915,3325026.83457
2026-07-14T18:15:00.000Z,211.91,212.1,211.57,211.7797,2951667.2635570006
2026-07-14T18:30:00.000Z,211.78,212.55,211.725,212.095,3493701.046445
2026-07-14T18:45:00.000Z,212.08,212.43,211.91,212.32,2331324.909306
2026-07-14T19:00:00.000Z,212.32,212.335,211.46,211.73,2677774.7874529995
2026-07-14T19:15:00.000Z,211.73,212.225,211.26,211.275,3110986.7505900003
2026-07-14T19:30:00.000Z,211.28,211.875,211.02,211.745,3751872.7913810005
2026-07-14T19:45:00.000Z,211.745,212.3,211.26,211.79,8253227.345868
2026-07-15T13:30:00.000Z,211.96,213.81,211.1601,212.0096,8737481.244900998
2026-07-15T13:45:00.000Z,211.995,212.05,210.71,211.98,4697725.309795
2026-07-15T14:00:00.000Z,211.99,212.0799,210.28,211.355,4149072.995464
2026-07-15T14:15:00.000Z,211.365,211.97,209.36,210.68,4560822.582058
2026-07-15T14:30:00.000Z,210.68,210.82,209.35,209.98,4084896.7109109997
2026-07-15T14:45:00.000Z,209.96,210.7,209.5701,210.03,3418165.2256930005
2026-07-15T15:00:00.000Z,210.035,210.21,209.09,209.12,3566552.454873
2026-07-15T15:15:00.000Z,209.113,209.52,208.37,209.5,3562226.3955770005
2026-07-15T15:30:00.000Z,209.505,209.74,208.77,208.8995,2241580.0590279996
2026-07-15T15:45:00.000Z,208.9,208.99,208.37,208.6401,4234559.896163
2026-07-15T16:00:00.000Z,208.61,208.77,206.83,206.942,5634423.372909
2026-07-15T16:15:00.000Z,206.9401,207.29,206.52,206.86,3216763.174365
2026-07-15T16:30:00.000Z,206.855,207.1,206.04,206.67,3924143.427303
2026-07-15T16:45:00.000Z,206.6774,207.78,206.5,207.28,3553718.89718
2026-07-15T17:00:00.000Z,207.3,208.3699,207.19,207.95,3029148.899242
2026-07-15T17:15:00.000Z,207.96,209.1099,207.92,209.03,2883106.2529730005
2026-07-15T17:30:00.000Z,209.03,209.4099,208.86,209.12,2237227.332109
2026-07-15T17:45:00.000Z,209.1299,209.805,209.0501,209.64,3001189.455607
2026-07-15T18:00:00.000Z,209.62,211,209.58,210.37,2802891.1309929998
2026-07-15T18:15:00.000Z,210.4,210.75,209.92,210.47,2071042.797878
2026-07-15T18:30:00.000Z,210.49,210.7199,210.21,210.38,1988130.2312709999
2026-07-15T18:45:00.000Z,210.375,210.665,209.85,210.27,2433912.1943240003
2026-07-15T19:00:00.000Z,210.28,212.01,210.19,211.645,4245789.931829
2026-07-15T19:15:00.000Z,211.64,211.75,210.41,210.965,2954011.832046
2026-07-15T19:30:00.000Z,210.98,211.85,210.91,211.72,3050926.2100130003
2026-07-15T19:45:00.000Z,211.72,212.5693,211.26,212.49,8545110.197119001
2026-07-16T13:30:00.000Z,210.17,211.08,207.47,207.785,8080056.345625
2026-07-16T13:45:00.000Z,207.82,208.47,207.18,207.5,5201367.243132
2026-07-16T14:00:00.000Z,207.48,208.66,207.29,208.59,4244348.236655001
2026-07-16T14:15:00.000Z,208.585,209.27,207.9139,208.9699,4104279.509045
2026-07-16T14:30:00.000Z,208.95,209.15,207.63,207.845,2962252.4406070006
2026-07-16T14:45:00.000Z,207.84,208.01,206,206.485,5172863.967751999
2026-07-16T15:00:00.000Z,206.5,206.75,205.845,206.03,4563694.39789
2026-07-16T15:15:00.000Z,206.01,207.097,205.9,207.055,5304626.019861999
2026-07-16T15:30:00.000Z,207.05,207.87,206.71,207.44,2643116.5137100006
2026-07-16T15:45:00.000Z,207.415,207.94,207.06,207.6,2529043.242518001
2026-07-16T16:00:00.000Z,207.6,208.17,206.4644,206.65,3271940.0773769994
2026-07-16T16:15:00.000Z,206.64,207.25,206.4701,207.22,2495610.1778669995
2026-07-16T16:30:00.000Z,207.22,207.815,207.1,207.3,2448846.4746809998
2026-07-16T16:45:00.000Z,207.3,207.59,206.82,207.195,2150078.861672
2026-07-16T17:00:00.000Z,207.2,207.7,206.62,207.085,2379591.7961440003
2026-07-16T17:15:00.000Z,207.095,207.3499,206.75,207.3226,1920602.5735170003
2026-07-16T17:30:00.000Z,207.33,207.45,206.01,206.18,2514933.7324610003
2026-07-16T17:45:00.000Z,206.2,206.83,205.875,206.69,2447544.555648
2026-07-16T18:00:00.000Z,206.68,207.24,206.275,206.81,2309260.864407
2026-07-16T18:15:00.000Z,206.81,207.38,206.59,206.89,4610825.760655001
2026-07-16T18:30:00.000Z,206.89,206.99,206.52,206.95,1972361.2370940002
2026-07-16T18:45:00.000Z,206.95,207.42,206.87,207.02,1943686.7610949997
2026-07-16T19:00:00.000Z,207,207.66,206.6832,206.82,3006252.7769090002
2026-07-16T19:15:00.000Z,206.81,207.195,206.14,206.47,3032042.9111899994
2026-07-16T19:30:00.000Z,206.46,206.58,205.94,206.06,3676690.7178
2026-07-16T19:45:00.000Z,206.05,207.55,205.97,207.46,10516801.997717
2026-07-17T13:30:00.000Z,202.64,203.49,197.97,198.345,22158173.776017003
2026-07-17T13:45:00.000Z,198.333,201.7299,198.26,201.665,12375333.573884998
2026-07-17T14:00:00.000Z,201.69,205.54,201.52,204.5,8695517.884996999
2026-07-17T14:15:00.000Z,204.54,206.2,203.6,203.8,6261134.306314998
2026-07-17T14:30:00.000Z,203.82,204.645,202.9,203.25,5515436.804266
2026-07-17T14:45:00.000Z,203.245,204.29,202.766,203,4527834.062953999
2026-07-17T15:00:00.000Z,203.01,203.48,202.37,203.28,3730598.1113960007
2026-07-17T15:15:00.000Z,203.2851,204.06,203.09,203.925,2955765.183426
2026-07-17T15:30:00.000Z,203.925,205,203.8,204.425,3625248.1265089996
2026-07-17T15:45:00.000Z,204.4,205.3999,204.29,205.12,2847987.720156
2026-07-17T16:00:00.000Z,205.12,205.38,204,205.02,4015788.8602100005
2026-07-17T16:15:00.000Z,205.04,205.295,204.17,204.811,2771607.72456
2026-07-17T16:30:00.000Z,204.825,205.322,204.56,205.3,2013146.525443
2026-07-17T16:45:00.000Z,205.33,206.18,205.17,205.61,3170764.598736
2026-07-17T17:00:00.000Z,205.62,206.645,205.56,206.165,2687188.9169250005
2026-07-17T17:15:00.000Z,206.165,206.375,205.35,206.135,2488724.890591
2026-07-17T17:30:00.000Z,206.14,206.23,205.11,205.31,2054302.6027499998
2026-07-17T17:45:00.000Z,205.315,205.5,204.25,204.41,2155353.865305
2026-07-17T18:00:00.000Z,204.423,204.7074,203.6027,203.635,2342437.402283
2026-07-17T18:15:00.000Z,203.64,203.7,202.99,203.3958,2678080.792674
2026-07-17T18:30:00.000Z,203.36,203.9,202.8,203.07,2702650.6852519996
2026-07-17T18:45:00.000Z,203.07,203.6709,202.96,203.305,2358911.0587750003
2026-07-17T19:00:00.000Z,203.295,203.38,202.11,202.27,2922235.803086
2026-07-17T19:15:00.000Z,202.26,203.12,201.6301,202.965,3848158.62594
2026-07-17T19:30:00.000Z,202.97,203.33,202.51,203.0451,4011866.721858
2026-07-17T19:45:00.000Z,203.03,203.82,202.58,202.64,7002615.254091
2026-07-20T13:30:00.000Z,205.87,207.74,205.08,207.2,8407026.754933
2026-07-20T13:45:00.000Z,207.2,207.2999,205.5988,205.85,3977702.2853200007
2026-07-20T14:00:00.000Z,205.865,206.5799,205.27,205.72,3173144.960221
2026-07-20T14:15:00.000Z,205.72,205.99,204.66,205.935,3270629.063851
2026-07-20T14:30:00.000Z,205.9261,206.25,205.21,205.515,2602875.877604999
2026-07-20T14:45:00.000Z,205.53,205.9,204.58,204.875,2243017.181365
2026-07-20T15:00:00.000Z,204.875,206.08,204.71,205.78,2650778.100627
2026-07-20T15:15:00.000Z,205.79,206.51,205.63,206.49,2736784.6168700005
2026-07-20T15:30:00.000Z,206.4605,206.535,205.5,206.13,2066361.4576809998
2026-07-20T15:45:00.000Z,206.13,206.19,204.78,205.9201,2517509.8022749997
2026-07-20T16:00:00.000Z,205.93,206.34,205.7455,205.8899,1814924.7542019999
2026-07-20T16:15:00.000Z,205.8853,205.91,205.13,205.275,1634719.1913100001
2026-07-20T16:30:00.000Z,205.28,205.36,204.29,204.31,2460989.321185
2026-07-20T16:45:00.000Z,204.32,204.815,203.66,204.03,2174897.7361220005
2026-07-20T17:00:00.000Z,204.03,204.1,203.11,203.2,1964383.5754290002
2026-07-20T17:15:00.000Z,203.2,203.92,203.0426,203.79,2084127.417124
2026-07-20T17:30:00.000Z,203.79,204.26,203.6501,203.975,1524149.5903049998
2026-07-20T17:45:00.000Z,203.98,204.73,203.975,204.435,1714731.609572
2026-07-20T18:00:00.000Z,204.425,204.9,204.425,204.8443,1557917.496214
2026-07-20T18:15:00.000Z,204.84,205.015,204.24,204.31,1513199.0622929998
2026-07-20T18:30:00.000Z,204.3106,204.315,203.63,203.63,1840674.318458
2026-07-20T18:45:00.000Z,203.63,203.71,203.14,203.35,1754888.612501
2026-07-20T19:00:00.000Z,203.36,203.47,202.39,202.495,3461762.3347509997
2026-07-20T19:15:00.000Z,202.48,203.05,202.28,202.9599,2502092.836405
2026-07-20T19:30:00.000Z,202.94,203.39,202.71,203.05,2420257.439506
2026-07-20T19:45:00.000Z,203.05,203.45,202.51,203.38,5451809.093689
2026-07-21T13:30:00.000Z,207.54,208.65,206.26,206.7,9087107.854446001
2026-07-21T13:45:00.000Z,206.7,207.07,204.82,205.44,5309686.347693999
2026-07-21T14:00:00.000Z,205.44,205.93,204.0201,204.5001,4509896.422178
2026-07-21T14:15:00.000Z,204.49,205.46,204.01,205.39,3342737.9088660004
2026-07-21T14:30:00.000Z,205.37,205.5353,204.7003,205.441,2665179.350282
2026-07-21T14:45:00.000Z,205.45,205.89,205.09,205.8305,2593378.6679599998
2026-07-21T15:00:00.000Z,205.83,206.58,205.46,206.185,3634352.8853930007
2026-07-21T15:15:00.000Z,206.21,206.73,205.7,206.6,3027596.8197359997
2026-07-21T15:30:00.000Z,206.62,206.82,206.12,206.15,3398313.178011
2026-07-21T15:45:00.000Z,206.145,206.5,205.72,205.76,4614538.829189001
2026-07-21T16:00:00.000Z,205.78,206.54,205.5805,205.825,2114191.6877079997
2026-07-21T16:15:00.000Z,205.81,206.1,205.02,205.085,2716048.034856
2026-07-21T16:30:00.000Z,205.085,205.395,204.83,205.32,2959866.7453940003
2026-07-21T16:45:00.000Z,205.33,205.5073,204.97,205.4574,2509615.828446
2026-07-21T17:00:00.000Z,205.455,206.36,205.3,206.355,3426909.4884840003
2026-07-21T17:15:00.000Z,206.3501,206.355,205.67,206.125,2893081.0801779996
2026-07-21T17:30:00.000Z,206.125,206.965,205.7112,206.76,2658224.7577699996
2026-07-21T17:45:00.000Z,206.77,206.93,206.18,206.26,1610905.2258660002
2026-07-21T18:00:00.000Z,206.27,206.65,206.16,206.18,1527289.524734
2026-07-21T18:15:00.000Z,206.185,206.44,205.94,206.25,1513964.638926
2026-07-21T18:30:00.000Z,206.2499,207.0697,206.22,207,2149589.669034
2026-07-21T18:45:00.000Z,207,207.345,206.91,207.17,2297714.795156
2026-07-21T19:00:00.000Z,207.185,207.3,206.5,206.72,3628286.888713
2026-07-21T19:15:00.000Z,206.72,207.19,206.61,206.77,2252586.60307
2026-07-21T19:30:00.000Z,206.79,207.21,206.61,206.93,2386817.146898
2026-07-21T19:45:00.000Z,206.935,207.8201,205.98,207.17,8053976.092963999
2026-07-22T13:30:00.000Z,205.805,207.43,204.95,207.2651,6529493.553701
2026-07-22T13:45:00.000Z,207.27,208.23,206.765,207.75,5016210.907603
2026-07-22T14:00:00.000Z,207.74,207.77,206.5254,207.05,3653101.7145760003
2026-07-22T14:15:00.000Z,207.06,207.585,206.4649,206.7995,3150550.751174
2026-07-22T14:30:00.000Z,206.8,208.18,206.45,207.2899,4022128.437765999
2026-07-22T14:45:00.000Z,207.295,209.5,207.18,209.18,4435505.312987
2026-07-22T15:00:00.000Z,209.22,213.11,209.1,212.9964,9909351.447617
2026-07-22T15:15:00.000Z,213.02,213.55,212.12,212.21,8419045.541248
2026-07-22T15:30:00.000Z,212.225,212.67,211.84,211.985,4272906.901400999
2026-07-22T15:45:00.000Z,211.985,213.61,211.88,213.22,5073099.464466
2026-07-22T16:00:00.000Z,213.22,213.7,212.915,213.4701,4756118.124399
2026-07-22T16:15:00.000Z,213.47,214.26,213.41,213.5,5346064.339091999
2026-07-22T16:30:00.000Z,213.49,214.32,213.38,213.5901,3365770.2403569994
2026-07-22T16:45:00.000Z,213.62,214.17,213.32,214.01,3940867.3024890004
2026-07-22T17:00:00.000Z,214.03,214.39,213.45,213.49,3150258.8973609996
2026-07-22T17:15:00.000Z,213.49,213.84,213.2,213.76,2894384.9310410004
2026-07-22T17:30:00.000Z,213.77,214.3799,213.7,213.85,3211907.0324449996
2026-07-22T17:45:00.000Z,213.85,214.1599,213.4601,213.6,2305835.219642
2026-07-22T18:00:00.000Z,213.59,213.95,213.51,213.53,2343871.7815810004
2026-07-22T18:15:00.000Z,213.53,213.83,213.48,213.74,2086612.755607
2026-07-22T18:30:00.000Z,213.73,213.8,213.46,213.67,2413344.703736
2026-07-22T18:45:00.000Z,213.6658,213.99,213.57,213.77,2195629.550825
2026-07-22T19:00:00.000Z,213.77,214.205,213.31,213.32,3025455.6297519994
2026-07-22T19:15:00.000Z,213.32,213.59,212.91,213.35,3974390.455311
2026-07-22T19:30:00.000Z,213.35,213.4,212.36,212.48,4868980.526024001
2026-07-22T19:45:00.000Z,212.49,213.63,211.72,212.0601,8533608.944773
2026-07-23T13:30:00.000Z,209.455,210.8687,208.45,209.68,8488390.544825997
2026-07-23T13:45:00.000Z,209.6701,210.3553,208.73,208.93,4934422.360853001
2026-07-23T14:00:00.000Z,208.95,209.97,208.47,208.63,4416164.292423
2026-07-23T14:15:00.000Z,208.6499,209.22,208.05,208.576,3506180.824065
2026-07-23T14:30:00.000Z,208.55,209.1299,207.34,208.21,3951036.126923
2026-07-23T14:45:00.000Z,208.22,208.7199,207.2,207.305,3182898.7827420007
2026-07-23T15:00:00.000Z,207.31,207.35,206.53,206.64,4409190.768483
2026-07-23T15:15:00.000Z,206.63,207.7796,206.0401,206.35,3860084.21439
2026-07-23T15:30:00.000Z,206.36,207.49,205.96,207.235,3313006.5842940006
2026-07-23T15:45:00.000Z,207.23,208.25,207.1,208.1801,2764685.292041
2026-07-23T16:00:00.000Z,208.19,209.43,208.04,208.88,2915727.2730119997
2026-07-23T16:15:00.000Z,208.87,209.815,208.72,209.65,2587173.606202
2026-07-23T16:30:00.000Z,209.64,210.39,209.24,209.97,3043803.205718
2026-07-23T16:45:00.000Z,209.97,209.97,209.42,209.88,2134677.575986
2026-07-23T17:00:00.000Z,209.89,210.43,209.18,210.0901,2415602.3702839995
2026-07-23T17:15:00.000Z,210.06,210.43,209.81,210.13,1623489.261352
2026-07-23T17:30:00.000Z,210.135,210.2,209.15,209.44,1669977.116586
2026-07-23T17:45:00.000Z,209.41,209.83,209,209.07,1467237.717783
2026-07-23T18:00:00.000Z,209.09,209.1099,208.26,208.455,2280239.3091180003
2026-07-23T18:15:00.000Z,208.46,208.7289,208.18,208.57,1877523.7531959997
2026-07-23T18:30:00.000Z,208.56,208.83,207.58,207.6794,2327803.464765
2026-07-23T18:45:00.000Z,207.65,208.0199,207.33,207.675,2102498.097477
2026-07-23T19:00:00.000Z,207.6742,207.82,207.11,207.39,2074259.6709259995
2026-07-23T19:15:00.000Z,207.385,208.17,207.36,207.845,2808766.3809729996
2026-07-23T19:30:00.000Z,207.85,207.9,206.89,206.9701,3088147.81726
2026-07-23T19:45:00.000Z,206.98,208.98,206.9,208.7,7618217.588920999
2026-07-24T13:30:00.000Z,207.45,208.6,206.73,207.8037,5451048.196725
2026-07-24T13:45:00.000Z,207.77,208.49,205.67,206.2839,5612790.941824999
2026-07-24T14:00:00.000Z,206.29,208.3,206.2,207.9,4336940.914653
2026-07-24T14:15:00.000Z,207.93,208.35,206.47,208.11,3680793.3910669996
2026-07-24T14:30:00.000Z,208.11,208.2599,207.111,207.4701,3485471.536426
2026-07-24T14:45:00.000Z,207.48,209.58,207.1,209.495,4260648.392688001
2026-07-24T15:00:00.000Z,209.52,210.0499,208.59,209.73,3993143.8236079994
2026-07-24T15:15:00.000Z,209.715,210.36,209.1,209.21,3347187.295691999
2026-07-24T15:30:00.000Z,209.21,209.855,208.98,209.23,2773135.820812
2026-07-24T15:45:00.000Z,209.24,210.31,209.15,210.181,2471041.1126849996
2026-07-24T16:00:00.000Z,210.185,211.9099,210.01,210.87,5869914.696867001
2026-07-24T16:15:00.000Z,210.86,211.1,210.67,210.78,3442111.624008
2026-07-24T16:30:00.000Z,210.775,210.88,209.98,210.18,2320306.9464930003
2026-07-24T16:45:00.000Z,210.17,210.43,209.76,210.22,2440951.9059439995
2026-07-24T17:00:00.000Z,210.24,210.3306,209.52,209.79,2434294.656599
2026-07-24T17:15:00.000Z,209.7801,210.355,209.61,210.25,1843560.073462
2026-07-24T17:30:00.000Z,210.25,210.53,209.81,209.85,1738862.579619
2026-07-24T17:45:00.000Z,209.85,210.2999,209.67,209.7,1436018.624202
2026-07-24T18:00:00.000Z,209.7,209.91,209.0101,209.285,1805165.1204940001
2026-07-24T18:15:00.000Z,209.275,209.34,207.73,207.825,2859638.623651
2026-07-24T18:30:00.000Z,207.83,207.8858,206.13,206.22,4053720.208079
2026-07-24T18:45:00.000Z,206.22,207.07,206.02,206.27,4695535.803602001
2026-07-24T19:00:00.000Z,206.27,206.71,204.94,205.1,4669617.278057
2026-07-24T19:15:00.000Z,205.09,205.84,204.81,205.6066,4573954.905851
2026-07-24T19:30:00.000Z,205.6,206.12,205.368,205.78,4386613.337280001
2026-07-24T19:45:00.000Z,205.775,207.4,205.29,206.96,8859880.230865002
2026-07-27T13:30:00.000Z,208.2,208.75,202.0494,202.275,10614909.692403998
2026-07-27T13:45:00.000Z,202.275,207.7702,201.2,201.765,8559323.862473
2026-07-27T14:00:00.000Z,201.78,202.929,200.85,201.1355,6135358.611697
2026-07-27T14:15:00.000Z,201.15,201.59,198.88,198.945,7567994.933723
2026-07-27T14:30:00.000Z,198.95,199.64,197.42,197.68,8894691.458641
2026-07-27T14:45:00.000Z,197.69,200,197.6828,199.775,7005786.194611999
2026-07-27T15:00:00.000Z,199.79,199.9,197.71,197.91,5317882.9549899995
2026-07-27T15:15:00.000Z,197.91,198.38,196.77,197.065,6003818.1328219995
2026-07-27T15:30:00.000Z,197.075,197.085,195.92,196.83,6053032.239452
2026-07-27T15:45:00.000Z,196.83,197.63,196.42,197.6,4025577.312854
2026-07-27T16:00:00.000Z,197.6,198.54,197.47,197.69,4049318.189384001
2026-07-27T16:15:00.000Z,197.69,198.3318,196.771,197.78,4176947.773839
2026-07-27T16:30:00.000Z,197.78,198.15,196.73,197.31,2818593.751846
2026-07-27T16:45:00.000Z,197.33,197.83,196.18,196.3251,3607660.71044
2026-07-27T17:00:00.000Z,196.33,196.41,195.58,195.995,3502410.462309
2026-07-27T17:15:00.000Z,195.995,196.0199,195.44,195.57,3020917.5880930005
2026-07-27T17:30:00.000Z,195.58,196.17,195.5,195.9,2326482.368218
2026-07-27T17:45:00.000Z,195.91,196.8394,195.76,196.795,3091637.400057
2026-07-27T18:00:00.000Z,196.8,197.09,196.35,196.6,2640345.6029829998
2026-07-27T18:15:00.000Z,196.6066,196.7499,196.05,196.705,2107108.857223
2026-07-27T18:30:00.000Z,196.695,196.8,196.09,196.7851,2451131.439541
2026-07-27T18:45:00.000Z,196.785,197.65,196.55,197.44,2921964.962493
2026-07-27T19:00:00.000Z,197.44,197.83,197.16,197.51,4093000.57126
2026-07-27T19:15:00.000Z,197.51,198.02,197.41,197.73,3306315.967589
2026-07-27T19:30:00.000Z,197.73,197.83,196.6601,196.8,4064603.7822180004
2026-07-27T19:45:00.000Z,196.8,197.95,196.31,196.52,9603195.414149
2026-07-28T13:30:00.000Z,195,195.455,193.57,194.3,11912315.580783999
2026-07-28T13:45:00.000Z,194.27,194.5,192.8,193.63,7536813.9944670005
2026-07-28T14:00:00.000Z,193.64,195.17,193.52,193.91,6017039.3606239995
2026-07-28T14:15:00.000Z,193.93,194.18,192.74,194.09,6557163.870084
2026-07-28T14:30:00.000Z,194.1,196.34,193.9,196.015,6284263.737047
2026-07-28T14:45:00.000Z,196.01,197.5974,195.7142,196.77,5846916.570977999
2026-07-28T15:00:00.000Z,196.78,197.09,195.86,196.481,3986129.672037999
2026-07-28T15:15:00.000Z,196.51,197.85,196.265,196.72,4548954.234651
2026-07-28T15:30:00.000Z,196.71,197.9,196.44,197.742,3620439.456136
2026-07-28T15:45:00.000Z,197.74,198.61,197.69,198.33,4205350.167814
2026-07-28T16:00:00.000Z,198.33,198.7,197.45,197.69,3172713.653171
2026-07-28T16:15:00.000Z,197.67,198.18,197.25,197.28,2375825.3598280004
2026-07-28T16:30:00.000Z,197.28,197.83,196.6,197.68,4392905.512783
2026-07-28T16:45:00.000Z,197.67,198.245,197.35,198.0201,2178653.511223
2026-07-28T17:00:00.000Z,198.03,198.19,197.15,197.62,2402821.711707
2026-07-28T17:15:00.000Z,197.615,198.24,197.53,197.7,1909551.9371249997
2026-07-28T17:30:00.000Z,197.6901,198.09,197.27,197.35,1754616.867329
2026-07-28T17:45:00.000Z,197.35,197.44,196.67,197.1,1876430.3742400003
2026-07-28T18:00:00.000Z,197.1,197.4,196.75,196.87,1571957.0930379997
2026-07-28T18:15:00.000Z,196.87,197.17,196.641,196.705,1737036.2968879999
2026-07-28T18:30:00.000Z,196.705,197.34,196.5331,197.01,1975913.388317
2026-07-28T18:45:00.000Z,197.01,197.39,196.85,197.07,2705964.095321
2026-07-28T19:00:00.000Z,197.06,197.74,197.0537,197.585,3101774.655444001
2026-07-28T19:15:00.000Z,197.58,198.03,197.29,197.89,2386417.483602
2026-07-28T19:30:00.000Z,197.9,197.99,197,197.18,4732697.485988
2026-07-28T19:45:00.000Z,197.18,198.15,196.72,196.98,8807926.331656
2026-07-29T13:30:00.000Z,195.845,197.074,194.86,196.42,6084008.016398
2026-07-29T13:45:00.000Z,196.37,196.6,192.65,193.38,5841713.175356
2026-07-29T14:00:00.000Z,193.36,193.65,191.2,191.79,6876972.6675269995
2026-07-29T14:15:00.000Z,191.775,192.48,190.923,191.635,5353907.278611001
2026-07-29T14:30:00.000Z,191.61,192.31,190.96,191.11,3993612.9353749994
2026-07-29T14:45:00.000Z,191.11,192.64,191.01,192.485,4012806.8245590003
2026-07-29T15:00:00.000Z,192.48,193.16,192.16,192.39,3382706.2288989997
2026-07-29T15:15:00.000Z,192.395,193.12,192.22,192.375,2591633.2950389995
2026-07-29T15:30:00.000Z,192.38,192.6,191.65,191.76,2813611.229023
2026-07-29T15:45:00.000Z,191.76,192.12,191.44,191.86,2728789.345045
2026-07-29T16:00:00.000Z,191.85,192.12,190.8,190.9101,4560470.643185
2026-07-29T16:15:00.000Z,190.91,191.68,190.68,191.59,4119410.948062
2026-07-29T16:30:00.000Z,191.575,191.98,191.28,191.625,2010801.1782599995
2026-07-29T16:45:00.000Z,191.595,192.18,191.48,191.97,4875887.0387969995
2026-07-29T17:00:00.000Z,191.97,192.96,191.85,192.93,3526360.826523
2026-07-29T17:15:00.000Z,192.93,193.08,192.13,192.15,2282630.2790240003
2026-07-29T17:30:00.000Z,192.12,192.34,191.76,192.06,2458063.875609
2026-07-29T17:45:00.000Z,192.07,192.53,191.71,192.32,2155438.714377
2026-07-29T18:00:00.000Z,192.35,194.06,192.305,192.82,6815809.79783
2026-07-29T18:15:00.000Z,192.81,193.3,192.39,193.2,2264445.941857
2026-07-29T18:30:00.000Z,193.171,195.55,192.72,195.4699,3929145.87509
2026-07-29T18:45:00.000Z,195.45,196.18,195.2368,195.9399,4096801.435852
2026-07-29T19:00:00.000Z,195.9301,196.3299,194.195,194.88,3472043.514794
2026-07-29T19:15:00.000Z,194.875,195.14,192.565,193.37,4327103.913589001
2026-07-29T19:30:00.000Z,193.38,193.755,191.032,191.48,4984682.586568999
2026-07-29T19:45:00.000Z,191.465,192.33,190.01,190.07,16026051.523063
2026-07-30T13:30:00.000Z,193.45,193.5,191.52,192.44,10354661.384218
2026-07-30T13:45:00.000Z,192.41,195.6,192.39,195.525,8540836.758586
2026-07-30T14:00:00.000Z,195.53,196.4,194.92,195.78,6400504.662543
2026-07-30T14:15:00.000Z,195.79,197.18,195.2805,196.81,5263264.297527
2026-07-30T14:30:00.000Z,196.81,197.25,195.91,195.98,4820972.552563999
2026-07-30T14:45:00.000Z,195.955,196,194.24,194.8773,5479482.609765999
2026-07-30T15:00:00.000Z,194.89,195.325,194.0401,194.305,4077535.069581
2026-07-30T15:15:00.000Z,194.3,194.54,193.435,193.51,4660591.983011001
2026-07-30T15:30:00.000Z,193.51,193.59,192.8309,193.15,3714990.085111
2026-07-30T15:45:00.000Z,193.17,193.52,192.73,193.1109,3760235.48666
2026-07-30T16:00:00.000Z,193.12,194.37,192.84,194.22,3442244.8509959998
2026-07-30T16:15:00.000Z,194.22,194.315,193.64,193.81,2348766.764482
2026-07-30T16:30:00.000Z,193.81,194.015,192.68,192.8996,3049736.499563
2026-07-30T16:45:00.000Z,192.89,193.5797,192.86,193.395,1791310.895464
2026-07-30T17:00:00.000Z,193.41,194.01,193.39,193.5072,1909613.346023
2026-07-30T17:15:00.000Z,193.51,193.99,193.4372,193.62,1622026.1443969996
2026-07-30T17:30:00.000Z,193.62,193.81,193.0601,193.6601,2124565.673368
2026-07-30T17:45:00.000Z,193.68,194.03,193.575,193.77,1808552.5806730003
2026-07-30T18:00:00.000Z,193.7505,194.07,193.585,193.6899,1801204.3106119998
2026-07-30T18:15:00.000Z,193.685,193.73,193.24,193.49,1846906.2464390001
2026-07-30T18:30:00.000Z,193.49,193.84,193.14,193.32,2097266.503458
2026-07-30T18:45:00.000Z,193.315,193.7497,193.28,193.52,2107157.3018520004
2026-07-30T19:00:00.000Z,193.5298,194.79,193.42,194.59,3208773.2357669994
2026-07-30T19:15:00.000Z,194.59,194.93,193.995,194.055,2981862.229548
2026-07-30T19:30:00.000Z,194.04,194.83,193.99,194.7501,3322781.0564320004
2026-07-30T19:45:00.000Z,194.76,195.34,194.55,195.15,8527361.067951
2026-07-31T13:30:00.000Z,198.4405,200.09,197.11,197.5151,11735082.157384
2026-07-31T13:45:00.000Z,197.52,198.5026,196.9382,197.69,5058942.521160001
2026-07-31T14:00:00.000Z,197.67,197.9,194.95,195.46,5469163.900011
2026-07-31T14:15:00.000Z,195.465,197.25,195.0501,196.995,4225677.828854001
2026-07-31T14:30:00.000Z,197,198.07,196.77,197.87,3045353.0142540005
2026-07-31T14:45:00.000Z,197.88,198.93,197.53,198.1101,4832596.6601990005
2026-07-31T15:00:00.000Z,198.12,198.34,196.62,197.1999,3268659.805143
2026-07-31T15:15:00.000Z,197.15,197.93,195.32,195.62,3770626.4109879998
2026-07-31T15:30:00.000Z,195.6,196.67,195.23,196.1899,3017155.585196
2026-07-31T15:45:00.000Z,196.19,196.51,195.62,196.3,2269583.2537440006
2026-07-31T16:00:00.000Z,196.29,196.81,196.18,196.615,1980201.7170500003
2026-07-31T16:15:00.000Z,196.625,198.03,196.15,198.03,2463292.713687
2026-07-31T16:30:00.000Z,198.045,198.29,197.5,197.69,2479127.1834620005
2026-07-31T16:45:00.000Z,197.68,198.52,197.57,198.22,2256930.122217
2026-07-31T17:00:00.000Z,198.22,198.835,198.13,198.71,1986523.3727080002
2026-07-31T17:15:00.000Z,198.7046,199.3199,198.68,199.255,2448513.844224
2026-07-31T17:30:00.000Z,199.255,199.97,199.15,199.33,2667984.0085440003
2026-07-31T17:45:00.000Z,199.335,199.7097,198.96,199.495,2145975.035306
2026-07-31T18:00:00.000Z,199.495,199.7898,198.84,198.9132,2266022.839245
2026-07-31T18:15:00.000Z,198.91,199.23,198.49,198.5501,2675385.015741
2026-07-31T18:30:00.000Z,198.595,198.88,198.481,198.725,2811570.728077
2026-07-31T18:45:00.000Z,198.72,199.3299,198.715,198.97,2163795.005021
2026-07-31T19:00:00.000Z,198.96,199.1,198.26,198.7,2155112.459775
2026-07-31T19:15:00.000Z,198.7059,201.12,198.7,200.305,8782985.010772001
2026-07-31T19:30:00.000Z,200.305,201.09,199.88,201.09,4937946.663012
2026-07-31T19:45:00.000Z,201.1,202,200.61,200.81,14714857.277012
2026-08-03T13:30:00.000Z,197.69,199.83,196.85,198.85,8548970.864959
2026-08-03T13:45:00.000Z,198.87,202.35,198.68,202.2624,6194245.135755
2026-08-03T14:00:00.000Z,202.25,205.59,201.51,204.21,9992446.177196002
2026-08-03T14:15:00.000Z,204.2,205.72,203.95,205.38,5748437.607775999
2026-08-03T14:30:00.000Z,205.4,206.37,204.8,206.01,5660267.019435999
2026-08-03T14:45:00.000Z,206.01,206.6,205.71,206.29,4083011.3107930007
2026-08-03T15:00:00.000Z,206.285,207.21,206.08,206.635,5209365.479846
2026-08-03T15:15:00.000Z,206.635,207.4,206.39,206.415,4119152.7618310004
2026-08-03T15:30:00.000Z,206.42,207.24,206.27,206.635,3692242.3303880002
2026-08-03T15:45:00.000Z,206.635,207.19,206.61,206.78,3094543.566876
2026-08-03T16:00:00.000Z,206.775,207.23,206.61,207.13,2158626.7402330004
2026-08-03T16:15:00.000Z,207.12,207.48,206.9,207.09,2257799.1139240004
2026-08-03T16:30:00.000Z,207.0868,207.135,206.69,207.09,2240406.3647990003
2026-08-03T16:45:00.000Z,207.1,207.32,206.86,206.9,1582089.7460179997
2026-08-03T17:00:00.000Z,206.9,207.62,206.82,207.535,2412841.707363
2026-08-03T17:15:00.000Z,207.53,208.6799,207.36,208.595,3374497.6926149996
2026-08-03T17:30:00.000Z,208.5999,208.71,207.69,207.965,2809670.952992999
2026-08-03T17:45:00.000Z,207.95,208.455,207.66,208.12,2990960.6931489995
2026-08-03T18:00:00.000Z,208.1199,208.74,208.06,208.26,2548377.7313099997
2026-08-03T18:15:00.000Z,208.28,208.51,207.57,207.71,2379879.4831030006
2026-08-03T18:30:00.000Z,207.7,208.07,207.6,208,1946921.6145100002
2026-08-03T18:45:00.000Z,208,208.18,207.69,208.15,1805953.0632349998
2026-08-03T19:00:00.000Z,208.15,208.72,207.6333,207.7499,3264168.4917739993
2026-08-03T19:15:00.000Z,207.75,208.15,207.68,207.84,2684857.0118340002
2026-08-03T19:30:00.000Z,207.85,207.92,207.1,207.27,3378731.8212429998
2026-08-03T19:45:00.000Z,207.28,207.44,205.92,206.66,8565751.954969
2026-08-04T13:30:00.000Z,211.3,212.1709,210.35,211.225,10391671.866590999
2026-08-04T13:45:00.000Z,211.24,212.11,209.19,210.04,7503189.858985999
2026-08-04T14:00:00.000Z,210,210.84,209.79,210.22,4330878.441528
2026-08-04T14:15:00.000Z,210.22,210.395,209.11,210.2624,4281818.363354
2026-08-04T14:30:00.000Z,210.24,210.73,209.77,210.165,4018916.626984
2026-08-04T14:45:00.000Z,210.13,211.0399,209.05,209.56,4986018.363741
2026-08-04T15:00:00.000Z,209.56,210.1175,209.5,210.045,2996750.3030749997
2026-08-04T15:15:00.000Z,210.045,210.4514,209.85,209.9,2930901.6068329997
2026-08-04T15:30:00.000Z,209.9,210.64,209.62,210.637,2528342.712641
2026-08-04T15:45:00.000Z,210.64,210.95,210.575,210.775,2421022.030083
2026-08-04T16:00:00.000Z,210.77,210.83,210.37,210.51,2125444.42481
2026-08-04T16:15:00.000Z,210.51,210.91,210.17,210.2203,2466068.321687
2026-08-04T16:30:00.000Z,210.22,210.565,209.94,210.49,2274581.201582
2026-08-04T16:45:00.000Z,210.49,210.775,210.38,210.624,1867385.5695580002
2026-08-04T17:00:00.000Z,210.6468,211.38,210.6,211.27,2910330.7911219997
2026-08-04T17:15:00.000Z,211.27,211.65,211.18,211.46,2286912.0868380005
2026-08-04T17:30:00.000Z,211.4699,211.89,211.165,211.76,2299396.5612669997
2026-08-04T17:45:00.000Z,211.77,212.12,211.4,211.48,3737105.443478
2026-08-04T18:00:00.000Z,211.49,211.68,211.04,211.6601,2198577.717939
2026-08-04T18:15:00.000Z,211.67,212.65,211.66,212.57,3824354.758799
2026-08-04T18:30:00.000Z,212.57,213,212.2,212.325,3687715.5429040003
2026-08-04T18:45:00.000Z,212.3293,212.99,212.255,212.95,3129736.6331649995
2026-08-04T19:00:00.000Z,212.94,213.06,212.56,212.68,3773972.0657459996
2026-08-04T19:15:00.000Z,212.67,212.94,212.29,212.49,3174869.0962310005
2026-08-04T19:30:00.000Z,212.485,212.95,212.33,212.86,3629376.3821310005
2026-08-04T19:45:00.000Z,212.86,212.98,211.79,211.86,8371523.524654001
2026-08-05T13:30:00.000Z,216.86,221.77,216.4,219.9,23507591.587893996
2026-08-05T13:45:00.000Z,219.91,221.35,218.86,221.155,10826217.640165003
2026-08-05T14:00:00.000Z,221.155,222.16,220.11,221.94,9379572.08269
2026-08-05T14:15:00.000Z,221.93,222.22,220.71,220.7278,6156858.796367
2026-08-05T14:30:00.000Z,220.73,220.74,219.56,219.9001,5475591.203165
2026-08-05T14:45:00.000Z,219.895,220.26,218.34,218.8,4906725.890664
2026-08-05T15:00:00.000Z,218.81,219.79,218.745,219.34,3569115.496038
2026-08-05T15:15:00.000Z,219.35,219.6942,218.55,219.11,3786616.162422
2026-08-05T15:30:00.000Z,219.099,220.33,219.08,219.95,3476954.6214179997
2026-08-05T15:45:00.000Z,219.93,220.01,218.44,219.055,3377500.021254
2026-08-05T16:00:00.000Z,219.055,219.94,218.965,219.5,3058121.405501
2026-08-05T16:15:00.000Z,219.52,221.37,219.47,221.17,4405424.966081
2026-08-05T16:30:00.000Z,221.17,221.53,221.04,221.17,3529439.8960120003
2026-08-05T16:45:00.000Z,221.15,221.6,221.08,221.335,2972275.6773759997
2026-08-05T17:00:00.000Z,221.32,221.49,220.6082,221.38,2936811.7196620004
2026-08-05T17:15:00.000Z,221.395,221.57,221.02,221.05,2642487.1040620003
2026-08-05T17:30:00.000Z,221.06,221.44,220.81,221.278,2083857.504085
2026-08-05T17:45:00.000Z,221.28,221.285,220.68,220.815,2106767.127097
2026-08-05T18:00:00.000Z,220.82,221.27,220.5901,221.047,2276146.013458
2026-08-05T18:15:00.000Z,221.055,221.8,220.92,221.73,2853379.761526999
2026-08-05T18:30:00.000Z,221.74,221.91,221.16,221.74,3043117.5663779997
2026-08-05T18:45:00.000Z,221.74,221.9197,221.29,221.73,2708895.357554
2026-08-05T19:00:00.000Z,221.74,222.18,221.6822,221.8801,5520384.870047999
2026-08-05T19:15:00.000Z,221.89,222.08,221.6,221.835,3584966.393056
2026-08-05T19:30:00.000Z,221.84,221.87,220.17,220.25,5044063.39318
2026-08-05T19:45:00.000Z,220.25,220.4399,218.84,219.21,10692375.784947
2026-08-06T13:30:00.000Z,221.53,223.53,220.02,222.054,11999030.164142001
2026-08-06T13:45:00.000Z,222.06,223.63,221.96,222.16,6813763.218754999
2026-08-06T14:00:00.000Z,222.18,222.63,221.29,221.35,5157386.794675
2026-08-06T14:15:00.000Z,221.3283,221.87,219.3301,219.815,6169959.860647
2026-08-06T14:30:00.000Z,219.83,219.9699,218.915,219.22,5973920.213803
2026-08-06T14:45:00.000Z,219.23,219.79,218.81,219.11,3589098.5954320002
2026-08-06T15:00:00.000Z,219.11,219.3499,217.7101,218.345,4678115.781696
2026-08-06T15:15:00.000Z,218.32,218.4299,217.7001,218.21,2878794.1394619998
2026-08-06T15:30:00.000Z,218.21,218.42,217.31,217.37,2996629.779063001
2026-08-06T15:45:00.000Z,217.355,218.1799,217.27,217.9101,3106646.469556
2026-08-06T16:00:00.000Z,217.89,218.66,217.44,218.365,2615500.036014
2026-08-06T16:15:00.000Z,218.36,219.13,218.02,218.53,2724682.6398239997
2026-08-06T16:30:00.000Z,218.54,219.31,218.5,218.95,2514768.077858
2026-08-06T16:45:00.000Z,218.92,219.44,218.48,219.37,1912445.733705
2026-08-06T17:00:00.000Z,219.38,219.75,219.265,219.315,2662794.163079
2026-08-06T17:15:00.000Z,219.3221,219.718,218.96,218.96,1458186.8205260003
2026-08-06T17:30:00.000Z,218.97,219.25,218.57,218.765,1580232.6737910002
2026-08-06T17:45:00.000Z,218.78,219.62,218.66,219.61,1536884.172844
2026-08-06T18:00:00.000Z,219.61,220.08,219.48,220.01,2152347.291934
2026-08-06T18:15:00.000Z,220.01,220.91,217.39,220.41,2980755.81422
2026-08-06T18:30:00.000Z,220.415,220.45,219.49,219.8499,1949435.8783850002
2026-08-06T18:45:00.000Z,219.83,219.98,219.41,219.495,1895977.498724
2026-08-06T19:00:00.000Z,219.495,220.3635,219.49,219.8145,2709064.6907949997
2026-08-06T19:15:00.000Z,219.8,220.1358,219.41,219.85,2756492.341221
2026-08-06T19:30:00.000Z,219.86,220.29,219.6591,219.9,2551190.092799
2026-08-06T19:45:00.000Z,219.91,219.94,217,218.99,7459604.219611
2026-08-07T13:30:00.000Z,221.54,223.13,220.66,222.275,7886659.174897999
2026-08-07T13:45:00.000Z,222.27,223.17,221.74,222.5,4937077.18011
2026-08-07T14:00:00.000Z,222.51,222.8,220.93,221.4101,4595941.6398909995
2026-08-07T14:15:00.000Z,221.41,223.45,221.17,223.3499,4505174.994175
2026-08-07T14:30:00.000Z,223.33,223.64,222.68,222.815,4026072.165915
2026-08-07T14:45:00.000Z,222.805,223.7699,222.73,223.18,3875502.8116059997
2026-08-07T15:00:00.000Z,223.17,223.985,223.135,223.585,3718873.2537459997
2026-08-07T15:15:00.000Z,223.565,224.65,223.48,224.2,4230228.0477599995
2026-08-07T15:30:00.000Z,224.21,224.76,224.08,224.35,2652642.2409079997
2026-08-07T15:45:00.000Z,224.3565,224.68,223.5922,223.82,3014810.4127260004
2026-08-07T16:00:00.000Z,223.82,223.89,223.235,223.6,3140406.848313
2026-08-07T16:15:00.000Z,223.595,223.6499,222.25,222.46,3288344.4723569998
2026-08-07T16:30:00.000Z,222.46,222.65,221.95,222.415,3361966.2703980003
2026-08-07T16:45:00.000Z,222.415,222.615,221.88,221.9,2016165.181122
2026-08-07T17:00:00.000Z,221.9,222.34,221.71,221.81,2240301.610171
2026-08-07T17:15:00.000Z,221.81,222.105,221.5504,221.825,1786360.683206
2026-08-07T17:30:00.000Z,221.825,222.36,221.68,222.06,1766642.86056
2026-08-07T17:45:00.000Z,222.06,222.36,221.94,222.09,1345770.362861
2026-08-07T18:00:00.000Z,222.1,222.4,221.85,221.95,1348565.923162
2026-08-07T18:15:00.000Z,221.96,222.145,221.84,221.945,1403429.324951
2026-08-07T18:30:00.000Z,221.95,222.11,221.765,221.9,1513130.392781
2026-08-07T18:45:00.000Z,221.91,222.395,221.88,222.29,1543427.4468980003
2026-08-07T19:00:00.000Z,222.28,222.99,222.27,222.85,2660667.913937
2026-08-07T19:15:00.000Z,222.8591,223.14,222.781,223.04,2564716.3241540003
2026-08-07T19:30:00.000Z,223.04,223.14,222.39,222.935,2962674.7987529994
2026-08-07T19:45:00.000Z,222.935,224.21,222.655,223.9,8726379.157639
2026-08-10T13:30:00.000Z,223.4,224.1379,222.41,223.01,7049220.128932999
2026-08-10T13:45:00.000Z,223.02,223.83,221.76,222.07,4978448.444488999
2026-08-10T14:00:00.000Z,222.08,222.43,221.45,222.11,4316781.569436001
2026-08-10T14:15:00.000Z,222.11,222.385,220.18,220.4001,4464046.652279
2026-08-10T14:30:00.000Z,220.4,220.63,220.09,220.48,3545970.118476
2026-08-10T14:45:00.000Z,220.485,221.14,219.52,219.5968,4048330.874501
2026-08-10T15:00:00.000Z,219.6,219.8695,218.93,219.14,3955746.3637959994
2026-08-10T15:15:00.000Z,219.14,219.51,219,219.45,2742183.021547
2026-08-10T15:30:00.000Z,219.43,219.69,218.76,219.665,3557042.8504020004
2026-08-10T15:45:00.000Z,219.67,219.83,218.99,219.6303,2777240.438029
2026-08-10T16:00:00.000Z,219.64,219.885,219.43,219.75,2245098.6328769997
2026-08-10T16:15:00.000Z,219.75,220.64,218.3401,218.36,4753649.870524
2026-08-10T16:30:00.000Z,218.36,218.68,216.77,217.165,6821140.145053
2026-08-10T16:45:00.000Z,217.18,217.63,216.87,217.61,3677092.11265
2026-08-10T17:00:00.000Z,217.61,218.66,217.23,218.65,3872343.039326001
2026-08-10T17:15:00.000Z,218.6401,219,218.36,218.4981,2829010.8153830003
2026-08-10T17:30:00.000Z,218.48,219.045,217.82,218.1998,2625619.587922001
2026-08-10T17:45:00.000Z,218.19,218.43,218.08,218.31,1659260.3571799998
2026-08-10T18:00:00.000Z,218.3,218.87,218.28,218.68,2351145.759232
2026-08-10T18:15:00.000Z,218.688,218.7199,218.32,218.54,1538597.898386
2026-08-10T18:30:00.000Z,218.545,218.84,218.37,218.8132,1543344.331493
2026-08-10T18:45:00.000Z,218.82,219.1,218.58,219.02,1599698.3424040002
2026-08-10T19:00:00.000Z,219.02,219.45,218.9257,219.305,2653249.563994
2026-08-10T19:15:00.000Z,219.29,219.39,218.76,219.1488,2356509.3543699994
2026-08-10T19:30:00.000Z,219.145,219.215,218.81,218.88,2151049.2268459997
2026-08-10T19:45:00.000Z,218.88,218.93,217.35,217.56,8333735.968117999
2026-08-11T13:30:00.000Z,222.17,222.2,219.2501,220.585,8778297.732609002
2026-08-11T13:45:00.000Z,220.57,220.58,218.83,219.88,5118323.935944
2026-08-11T14:00:00.000Z,219.86,220.1272,219.44,219.91,3938971.960910999
2026-08-11T14:15:00.000Z,219.917,220.3,219.2,219.575,3835168.359384
2026-08-11T14:30:00.000Z,219.59,219.675,218.85,218.9,3372452.2761089997
2026-08-11T14:45:00.000Z,218.89,220.56,218.83,219.805,3689163.4070529994
2026-08-11T15:00:00.000Z,219.82,219.8368,218.77,218.815,2531886.146465
2026-08-11T15:15:00.000Z,218.81,219.33,218.465,219.08,3105610.3502530004
2026-08-11T15:30:00.000Z,219.09,219.38,218.71,218.82,2119206.9628290003
2026-08-11T15:45:00.000Z,218.82,218.82,218.42,218.53,2305687.229466
2026-08-11T16:00:00.000Z,218.53,218.585,218.25,218.45,1755296.1451810002
2026-08-11T16:15:00.000Z,218.46,218.75,218.26,218.67,1728013.937139
2026-08-11T16:30:00.000Z,218.67,219.2699,218.65,218.845,1971104.2106980002
2026-08-11T16:45:00.000Z,218.84,218.898,217.65,217.717,2608481.264903
2026-08-11T17:00:00.000Z,217.725,217.82,216.73,216.78,3125180.367568
2026-08-11T17:15:00.000Z,216.76,217.56,216.72,217.2851,2082004.034643
2026-08-11T17:30:00.000Z,217.285,217.55,216.93,217.55,1845337.4932739998
2026-08-11T17:45:00.000Z,217.55,217.84,217.4901,217.74,1399334.3286219998
2026-08-11T18:00:00.000Z,217.73,217.77,217.03,217.1378,1477069.253544
2026-08-11T18:15:00.000Z,217.135,217.135,216.2,216.47,2333812.767095
2026-08-11T18:30:00.000Z,216.48,216.928,216.4,216.625,1967690.094004
2026-08-11T18:45:00.000Z,216.62,217.355,216.615,217.1579,1663471.5865580002
2026-08-11T19:00:00.000Z,217.14,217.5,217.0701,217.455,1874373.304422
2026-08-11T19:15:00.000Z,217.455,217.97,217.42,217.855,2062326.793824
2026-08-11T19:30:00.000Z,217.86,218.18,217.71,217.746,2379675.4868630003
2026-08-11T19:45:00.000Z,217.74,218.18,216.55,217.4825,8688487.176619
2026-08-12T13:30:00.000Z,221.04,222.45,220.2,221.3246,10187550.001777
2026-08-12T13:45:00.000Z,221.32,223.83,221.2,223.635,8285570.161232
2026-08-12T14:00:00.000Z,223.635,224.05,222.42,223.11,5954739.66042
2026-08-12T14:15:00.000Z,223.11,224.73,223.02,224.4766,5075098.420593999
2026-08-12T14:30:00.000Z,224.45,224.82,223.675,224.81,4293739.630276
2026-08-12T14:45:00.000Z,224.81,225.1,223.65,223.745,6189961.849792001
2026-08-12T15:00:00.000Z,223.745,224.51,223.3705,223.42,3011475.956894
2026-08-12T15:15:00.000Z,223.42,224,223.35,223.835,2414877.447223
2026-08-12T15:30:00.000Z,223.85,223.95,223.14,223.17,2305451.6493369997
2026-08-12T15:45:00.000Z,223.165,223.61,222.8901,223.02,2664219.0637479997
2026-08-12T16:00:00.000Z,223.025,223.86,222.99,223.6001,2669870.823673
2026-08-12T16:15:00.000Z,223.62,223.71,223.19,223.22,1801223.396789
2026-08-12T16:30:00.000Z,223.2208,223.28,222.6701,222.9,2245561.556969
2026-08-12T16:45:00.000Z,222.915,223.976,222.86,223.8,2207991.0565199996
2026-08-12T17:00:00.000Z,223.8,224.29,223.79,224.1201,2065318.9010699997
2026-08-12T17:15:00.000Z,224.1297,224.23,223.67,224.1001,1698881.7514509999
2026-08-12T17:30:00.000Z,224.11,224.14,223.84,224.0901,1672663.224958
2026-08-12T17:45:00.000Z,224.09,224.22,223.505,223.655,1976304.1759519998
2026-08-12T18:00:00.000Z,223.64,223.98,223.17,223.97,1865676.8710810002
2026-08-12T18:15:00.000Z,223.96,224.2,223.69,224.12,1705967.465772
2026-08-12T18:30:00.000Z,224.12,224.45,223.71,223.775,2000514.5982539998
2026-08-12T18:45:00.000Z,223.77,223.925,223.5,223.6828,1465956.2185339998
2026-08-12T19:00:00.000Z,223.68,223.88,223.46,223.525,1674382.646401
2026-08-12T19:15:00.000Z,223.52,223.66,222.81,222.995,2383183.2107969997
2026-08-12T19:30:00.000Z,222.99,223.0164,222.23,222.34,3113258.480889
2026-08-12T19:45:00.000Z,222.32,224.3499,222.23,224.1,7654667.174153
2026-08-13T13:30:00.000Z,225.055,227.23,224.13,224.91,14041451.340057
2026-08-13T13:45:00.000Z,224.9,226.1399,224.75,225.77,6041197.708652999
2026-08-13T14:00:00.000Z,225.77,226.42,225.0101,226.205,4537087.9357630005
2026-08-13T14:15:00.000Z,226.2125,226.22,225.55,226.03,2713472.386125
2026-08-13T14:30:00.000Z,226.035,226.48,225.62,225.63,2742103.9004949997
2026-08-13T14:45:00.000Z,225.63,225.71,224.64,224.98,3959664.6484250003
2026-08-13T15:00:00.000Z,224.98,225.17,224.33,224.68,2719224.4578950005
2026-08-13T15:15:00.000Z,224.685,225.15,224.3,224.45,3112769.465399
2026-08-13T15:30:00.000Z,224.45,224.8,223.71,224.58,3011003.841725
2026-08-13T15:45:00.000Z,224.56,224.82,224.1,224.26,1762475.01734
2026-08-13T16:00:00.000Z,224.26,225.145,224.205,224.795,1924857.0464360001
2026-08-13T16:15:00.000Z,224.79,225.46,224.66,225.29,2089707.6553860002
2026-08-13T16:30:00.000Z,225.3,225.595,224.96,225.02,1659657.945347
2026-08-13T16:45:00.000Z,225.0125,225.37,224.99,225.33,1383462.1194729998
2026-08-13T17:00:00.000Z,225.34,225.8,225.33,225.65,1684737.6635590002
2026-08-13T17:15:00.000Z,225.65,225.9099,225.323,225.345,1572004.7890030001
2026-08-13T17:30:00.000Z,225.345,225.6,225.142,225.17,1502976.833313
2026-08-13T17:45:00.000Z,225.17,225.74,225.09,225.3,1581691.9570030002
2026-08-13T18:00:00.000Z,225.3,225.425,225.04,225.2,1482159.567849
2026-08-13T18:15:00.000Z,225.21,225.65,225.2001,225.625,1152239.596694
2026-08-13T18:30:00.000Z,225.63,225.98,225.42,225.55,1932682.791606
2026-08-13T18:45:00.000Z,225.54,225.805,225.49,225.735,1602581.6052459998
2026-08-13T19:00:00.000Z,225.7385,226.24,225.63,225.7003,2664161.420074
2026-08-13T19:15:00.000Z,225.7,226.0798,225.47,225.78,2154433.790809
2026-08-13T19:30:00.000Z,225.77,226.2,225.61,225.78,2291140.590207
2026-08-13T19:45:00.000Z,225.79,225.8599,224.55,225.36,8377438.431095
2026-08-14T13:30:00.000Z,226.765,227.49,225.01,225.725,7718765.668234998
2026-08-14T13:45:00.000Z,225.71,226.8,225.35,225.6801,3598901.244505
2026-08-14T14:00:00.000Z,225.65,226.59,225.38,225.83,3087411.335141
2026-08-14T14:15:00.000Z,225.82,225.87,224.5,225.115,3390777.570271
2026-08-14T14:30:00.000Z,225.11,226.35,224.995,226.325,2961286.455136
2026-08-14T14:45:00.000Z,226.31,226.94,226.08,226.1,3540296.810311
2026-08-14T15:00:00.000Z,226.1,226.325,225.37,225.46,1973703.078574
2026-08-14T15:15:00.000Z,225.47,226.5,224.93,225.548,2453124.924323
2026-08-14T15:30:00.000Z,225.54,225.57,224.62,224.87,2072420.727831
2026-08-14T15:45:00.000Z,224.86,225.39,224.685,225.24,1804205.8653110003
2026-08-14T16:00:00.000Z,225.26,225.62,225.139,225.56,1616133.5646979997
2026-08-14T16:15:00.000Z,225.56,225.8,225.46,225.65,1248249.692815
2026-08-14T16:30:00.000Z,225.64,225.71,224.98,225.07,1869300.164217
2026-08-14T16:45:00.000Z,225.06,225.21,224.95,225.0678,1187640.210593
2026-08-14T17:00:00.000Z,225.06,225.345,225.06,225.34,1894186.55378
2026-08-14T17:15:00.000Z,225.33,225.3799,225.07,225.12,922421.348856
2026-08-14T17:30:00.000Z,225.12,225.42,225.0999,225.415,1295741.510393
2026-08-14T17:45:00.000Z,225.414,225.665,225.19,225.34,1321471.1687939998
2026-08-14T18:00:00.000Z,225.34,226.5,225.26,225.3,1324781.177735
2026-08-14T18:15:00.000Z,225.3,225.37,224.56,224.72,1789573.7219889998
2026-08-14T18:30:00.000Z,224.7,225.3968,224.65,225.325,1509435.206345
2026-08-14T18:45:00.000Z,225.32,225.32,224.91,225.12,1609025.4244950006
2026-08-14T19:00:00.000Z,225.13,225.45,224.81,224.905,1871597.0080389995
2026-08-14T19:15:00.000Z,224.91,225.36,224.85,225.13,1679994.9459529999
2026-08-14T19:30:00.000Z,225.16,225.38,225.01,225.0525,2022551.510229
2026-08-14T19:45:00.000Z,225.05,226.25,224.86,225.12,5036387.164216
2026-08-17T13:30:00.000Z,225.98,227.17,225.14,225.89,6910765.6251759995
2026-08-17T13:45:00.000Z,225.9,226.4799,225.02,226.154,4340090.715868999
2026-08-17T14:00:00.000Z,226.1509,226.3,225.35,226.16,3049752.8653789996
2026-08-17T14:15:00.000Z,226.14,226.64,225.805,226.6,2477445.710462
2026-08-17T14:30:00.000Z,226.6,227.23,226.41,227.02,4508039.271720001
2026-08-17T14:45:00.000Z,227.03,227.22,225.61,226.24,3572522.041907
2026-08-17T15:00:00.000Z,226.25,227.08,226.2482,226.75,3063052.2444680003
2026-08-17T15:15:00.000Z,226.745,227.75,226.73,227.45,4349040.445522999
2026-08-17T15:30:00.000Z,227.47,227.545,226.712,227.28,2547522.0578509998
2026-08-17T15:45:00.000Z,227.29,227.92,227.28,227.7,2559859.950514
2026-08-17T16:00:00.000Z,227.695,227.749,227.09,227.205,2366801.862175
2026-08-17T16:15:00.000Z,227.21,227.36,226.83,227.04,2478665.4821439995
2026-08-17T16:30:00.000Z,227.0309,227.099,226.74,226.79,1320051.734852
2026-08-17T16:45:00.000Z,226.785,227.21,226.7327,227.06,1337206.7788850002
2026-08-17T17:00:00.000Z,227.05,227.169,226.13,226.15,1806200.399001
2026-08-17T17:15:00.000Z,226.15,226.46,225.83,225.92,2340827.295307
2026-08-17T17:30:00.000Z,225.91,226.28,225.89,226.23,1561115.61932
2026-08-17T17:45:00.000Z,226.23,226.25,225.77,225.825,1456092.872976
2026-08-17T18:00:00.000Z,225.825,225.9,225.45,225.7,2036209.893347
2026-08-17T18:15:00.000Z,225.7,225.78,225.39,225.53,1367334.558751
2026-08-17T18:30:00.000Z,225.5301,225.73,225.42,225.71,1147969.3461530001
2026-08-17T18:45:00.000Z,225.71,225.92,225.58,225.6,1368522.114763
2026-08-17T19:00:00.000Z,225.6,225.72,225.35,225.46,1519054.97961
2026-08-17T19:15:00.000Z,225.46,225.795,225.37,225.5,1580549.336482
2026-08-17T19:30:00.000Z,225.49,226.01,225.36,225.55,2026773.061357
2026-08-17T19:45:00.000Z,225.565,225.73,224.86,225.04,6307760.6118250005
2026-08-18T13:30:00.000Z,220.45,221.64,219.432,220.42,8931284.600152003
2026-08-18T13:45:00.000Z,220.38,220.82,219.33,220.2081,5770424.091204001
2026-08-18T14:00:00.000Z,220.18,220.8,218.89,219.02,5102677.610284
2026-08-18T14:15:00.000Z,219.01,220.27,218.835,219.955,3996275.5922180004
2026-08-18T14:30:00.000Z,219.95,220.53,219.39,219.408,3441458.9843429998
2026-08-18T14:45:00.000Z,219.41,219.48,218.73,219.06,3539061.3096699994
2026-08-18T15:00:00.000Z,219.07,219.52,218.6902,219.47,3526970.370887
2026-08-18T15:15:00.000Z,219.4699,219.79,219.29,219.5397,2762662.732639
2026-08-18T15:30:00.000Z,219.53,219.92,219.32,219.68,2301024.8137839995
2026-08-18T15:45:00.000Z,219.67,220.2497,219.67,220.06,2448738.208108
2026-08-18T16:00:00.000Z,220.06,220.36,219.93,219.97,1765882.3769089999
2026-08-18T16:15:00.000Z,219.98,220.0499,219.41,219.53,1925206.8155320003
2026-08-18T16:30:00.000Z,219.53,220.07,219.39,219.84,2476059.6604580004
2026-08-18T16:45:00.000Z,219.84,220.45,219.62,220.2,1786797.032618
2026-08-18T17:00:00.000Z,220.2,220.34,219.875,220.0899,1888550.7430070003
2026-08-18T17:15:00.000Z,220.09,220.38,219.95,220.335,1458056.9260050002
2026-08-18T17:30:00.000Z,220.31,220.51,220.16,220.3395,1628680.9047070001
2026-08-18T17:45:00.000Z,220.34,220.48,219.94,219.95,1527295.334284
2026-08-18T18:00:00.000Z,219.9562,220.0531,219.222,219.62,2123041.787415
2026-08-18T18:15:00.000Z,219.625,220.3,219.595,219.935,1801193.9079940002
2026-08-18T18:30:00.000Z,219.93,220.19,219.84,219.96,1290125.2079869998
2026-08-18T18:45:00.000Z,219.9532,220.17,219.76,219.815,1581104.1425579998
2026-08-18T19:00:00.000Z,219.805,219.94,219.62,219.68,1568684.104268
2026-08-18T19:15:00.000Z,219.685,219.74,219.13,219.24,2622428.270804
2026-08-18T19:30:00.000Z,219.24,219.55,218.92,219.4401,3808600.0931580006
2026-08-18T19:45:00.000Z,219.46,220.05,219.15,219.8,8472126.829801999
2026-08-19T13:30:00.000Z,221.67,222.87,219.36,219.98,7416329.826558
2026-08-19T13:45:00.000Z,220.02,220.47,217.91,218.68,6159590.600176
2026-08-19T14:00:00.000Z,218.685,218.85,216.89,216.93,5212855.617422001
2026-08-19T14:15:00.000Z,216.925,218.16,216.76,218.16,4187845.9671250004
2026-08-19T14:30:00.000Z,218.15,219.53,217.96,219.375,4183821.5244170004
2026-08-19T14:45:00.000Z,219.38,219.9298,218.93,219.895,2797961.9558530003
2026-08-19T15:00:00.000Z,219.9,219.95,219.05,219.265,2368783.266452
2026-08-19T15:15:00.000Z,219.265,219.66,218.9,219.27,2279526.5497790007
2026-08-19T15:30:00.000Z,219.265,219.31,218.78,219.3,1945041.7866399998
2026-08-19T15:45:00.000Z,219.28,219.42,218.6401,219.321,1997047.1823260002
2026-08-19T16:00:00.000Z,219.31,220.65,219.25,220.15,3240557.745078
2026-08-19T16:15:00.000Z,220.13,220.32,219.35,219.4001,2200811.5294040004
2026-08-19T16:30:00.000Z,219.4,219.5249,219.09,219.31,1889102.3613339998
2026-08-19T16:45:00.000Z,219.31,219.45,218.78,218.91,1615098.9950239998
2026-08-19T17:00:00.000Z,218.92,219.29,218.8001,218.98,1452050.8188159997
2026-08-19T17:15:00.000Z,218.985,219.32,218.76,218.9814,1291927.054183
2026-08-19T17:30:00.000Z,218.9804,219.32,218.8532,219.205,1373064.6134300001
2026-08-19T17:45:00.000Z,219.21,219.46,219.01,219.12,1437684.8247100003
2026-08-19T18:00:00.000Z,219.14,219.78,218.7219,219.075,2016119.189747
2026-08-19T18:15:00.000Z,219.075,219.1699,218.63,219.16,1467106.218998
2026-08-19T18:30:00.000Z,219.16,219.8,219.15,219.62,1690741.577451
2026-08-19T18:45:00.000Z,219.63,219.728,219.35,219.4399,1301336.0292810004
2026-08-19T19:00:00.000Z,219.445,219.8201,219.43,219.62,1389265.4770169999
2026-08-19T19:15:00.000Z,219.62,219.99,219.52,219.535,1676675.035932
2026-08-19T19:30:00.000Z,219.54,219.845,218.7901,218.87,2400384.450251
2026-08-19T19:45:00.000Z,218.88,218.92,217.03,217.67,9567239.463587001
2026-08-20T13:30:00.000Z,218.36,219.86,217.175,219.13,6130436.847949001
2026-08-20T13:45:00.000Z,219.09,219.25,217.3601,217.69,4163861.691179001
2026-08-20T14:00:00.000Z,217.7,218.08,217.07,217.86,2811913.5778009994
2026-08-20T14:15:00.000Z,217.86,217.92,216.71,217.5,4210355.779993
2026-08-20T14:30:00.000Z,217.5,219,217.36,218.83,3243527.679468
2026-08-20T14:45:00.000Z,218.8399,218.91,217.25,217.69,2842110.263766
2026-08-20T15:00:00.000Z,217.71,218.3099,217.25,217.57,2603946.8613740006
2026-08-20T15:15:00.000Z,217.565,217.65,216.64,216.83,2811333.219097
2026-08-20T15:30:00.000Z,216.8,216.94,215.93,215.94,2578292.411206
2026-08-20T15:45:00.000Z,215.9301,216.3,215.66,216.285,2222438.899064
2026-08-20T16:00:00.000Z,216.285,216.75,216.24,216.4,1795479.9628110002
2026-08-20T16:15:00.000Z,216.405,216.96,216.3,216.84,1492472.5570389999
2026-08-20T16:30:00.000Z,216.835,217.05,216.58,216.875,1110041.655966
2026-08-20T16:45:00.000Z,216.875,217.99,216.73,217.8,2795864.7984060002
2026-08-20T17:00:00.000Z,217.805,217.95,216.8,216.83,2585662.3401099993
2026-08-20T17:15:00.000Z,216.84,216.89,216.2,216.295,1912639.603746
2026-08-20T17:30:00.000Z,216.3,216.48,216.18,216.45,1255238.061947
2026-08-20T17:45:00.000Z,216.46,217,216.41,216.78,1213363.753906
2026-08-20T18:00:00.000Z,216.78,216.86,216.4,216.59,1244030.6212199999
2026-08-20T18:15:00.000Z,216.5901,216.95,216.35,216.88,1297316.580959
2026-08-20T18:30:00.000Z,216.89,217,216.47,216.56,1534473.665692
2026-08-20T18:45:00.000Z,216.57,216.78,216.49,216.6,1562422.6377690001
2026-08-20T19:00:00.000Z,216.59,217.07,216.53,216.85,1632068.0313270001
2026-08-20T19:15:00.000Z,216.84,217.46,216.76,217.45,1877686.5649360002
2026-08-20T19:30:00.000Z,217.445,217.445,216.8274,216.91,2068867.459459
2026-08-20T19:45:00.000Z,216.915,217.19,216.31,216.99,6108079.5448859995
2026-08-21T13:30:00.000Z,218.42,218.74,216.73,216.88,12939738.91727
2026-08-21T13:45:00.000Z,216.88,217.37,215.9093,216.48,4265131.595551
2026-08-21T14:00:00.000Z,216.48,216.78,215.23,215.4,3787205.4215899995
2026-08-21T14:15:00.000Z,215.4199,215.6,214.585,214.655,7458359.9819290005
2026-08-21T14:30:00.000Z,214.65,215.3099,214.5,214.885,3557879.2886799993
2026-08-21T14:45:00.000Z,214.88,215.18,214.66,214.86,2870136.2648369996
2026-08-21T15:00:00.000Z,214.86,215.77,214.84,215.755,2425499.4339610003
2026-08-21T15:15:00.000Z,215.75,215.95,215.4,215.83,2138505.916223
2026-08-21T15:30:00.000Z,215.82,217.025,215.76,216.7,3185756.7934299996
2026-08-21T15:45:00.000Z,216.725,216.83,215.915,216.16,2470146.4124280005
2026-08-21T16:00:00.000Z,216.165,216.35,215.695,215.71,2157827.782525
2026-08-21T16:15:00.000Z,215.7,215.955,215.43,215.68,1763812.6017799997
2026-08-21T16:30:00.000Z,215.6701,215.82,215.49,215.79,1215310.8961599998
2026-08-21T16:45:00.000Z,215.78,215.78,215.03,215.285,1538662.6105379998
2026-08-21T17:00:00.000Z,215.28,215.61,215.21,215.39,1755592.154225
2026-08-21T17:15:00.000Z,215.39,215.39,214.635,215.08,2983866.140093
2026-08-21T17:30:00.000Z,215.085,215.63,214.9,215.6199,1731412.834372
2026-08-21T17:45:00.000Z,215.62,215.94,215.57,215.78,2234360.716395
2026-08-21T18:00:00.000Z,215.78,216.1268,215.67,215.7368,1767348.973851
2026-08-21T18:15:00.000Z,215.745,215.97,215.35,215.37,1483524.988173
2026-08-21T18:30:00.000Z,215.36,215.42,215.02,215.02,1556733.986398
2026-08-21T18:45:00.000Z,215.025,215.36,215.025,215.32,1514288.697622
2026-08-21T19:00:00.000Z,215.32,215.47,214.92,214.945,1617255.2563810004
2026-08-21T19:15:00.000Z,214.945,215.19,214.725,214.88,1818511.8526150002
2026-08-21T19:30:00.000Z,214.88,215.34,214.88,215.31,2185695.153908
2026-08-21T19:45:00.000Z,215.31,215.49,214.56,214.76,6339345.603972999
2026-08-24T13:30:00.000Z,215.53,215.59,209.6801,209.91,12060635.385150002
2026-08-24T13:45:00.000Z,209.92,210.23,209.02,209.67,7845415.087074
2026-08-24T14:00:00.000Z,209.65,210.09,208.87,209.24,5699032.481430999
2026-08-24T14:15:00.000Z,209.245,209.71,208.62,209.36,4713791.903167999
2026-08-24T14:30:00.000Z,209.35,210.31,209.26,209.86,4556989.731065
2026-08-24T14:45:00.000Z,209.865,210.13,209.52,209.7,3519494.603891
2026-08-24T15:00:00.000Z,209.71,210.35,208.97,209.17,4238608.049104
2026-08-24T15:15:00.000Z,209.16,209.955,208.86,209.86,3762800.192276
2026-08-24T15:30:00.000Z,209.855,210.35,209.59,210.175,3425691.4755080002
2026-08-24T15:45:00.000Z,210.17,210.72,209.9401,210.2261,2741551.2403229997
2026-08-24T16:00:00.000Z,210.24,210.5,210.015,210.4,2953195.2396710003
2026-08-24T16:15:00.000Z,210.39,211.03,210.35,210.67,3332119.7072050003
2026-08-24T16:30:00.000Z,210.67,210.75,210.126,210.26,2175650.926075
2026-08-24T16:45:00.000Z,210.27,210.285,209.6,209.68,1930938.0386380001
2026-08-24T17:00:00.000Z,209.675,210.205,209.64,210.065,2031004.35151
2026-08-24T17:15:00.000Z,210.06,210.06,209.17,209.2723,2124027.19491
2026-08-24T17:30:00.000Z,209.28,209.7,209.2,209.5505,1958018.681475
2026-08-24T17:45:00.000Z,209.56,209.6779,209.5,209.575,1210376.511685
2026-08-24T18:00:00.000Z,209.58,209.9,209.56,209.825,2061692.1993600002
2026-08-24T18:15:00.000Z,209.825,210.42,209.69,210.39,1938503.1647820002
2026-08-24T18:30:00.000Z,210.39,210.48,209.72,209.795,2382224.1314499998
2026-08-24T18:45:00.000Z,209.795,209.8101,209.21,209.3,2117933.23011
2026-08-24T19:00:00.000Z,209.28,209.57,209.11,209.49,2330816.0948340003
2026-08-24T19:15:00.000Z,209.48,209.56,209.19,209.37,2428190.229228
2026-08-24T19:30:00.000Z,209.37,209.48,208.45,208.64,4434500.235
2026-08-24T19:45:00.000Z,208.645,208.685,207.25,208.48,11212132.30929
2026-08-25T13:30:00.000Z,211.025,212.78,210.11,212.6397,10809888.84353
2026-08-25T13:45:00.000Z,212.64,214.73,212.57,213.505,8349442.405142999
2026-08-25T14:00:00.000Z,213.505,213.85,212.56,213.4,5991705.5350089995
2026-08-25T14:15:00.000Z,213.405,213.88,211.8,211.8199,4673411.269859999
2026-08-25T14:30:00.000Z,211.8001,212.04,211,211.535,4996487.909483999
2026-08-25T14:45:00.000Z,211.54,211.8999,210.9301,211.02,3227170.121852
2026-08-25T15:00:00.000Z,211.025,211.15,210.22,210.3895,3822483.680992
2026-08-25T15:15:00.000Z,210.385,211.26,210.18,211.195,3499492.319369
2026-08-25T15:30:00.000Z,211.2,211.49,210.94,211.305,2700058.0272299997
2026-08-25T15:45:00.000Z,211.3,211.85,210.89,211.625,2397257.9294260005
2026-08-25T16:00:00.000Z,211.63,211.93,211.4406,211.87,2054696.0428350002
2026-08-25T16:15:00.000Z,211.87,212.3195,211.8605,212.2,2232412.72339
2026-08-25T16:30:00.000Z,212.22,212.49,211.95,212.21,2388094.245741
2026-08-25T16:45:00.000Z,212.205,212.58,212.03,212.18,1536931.3606760001
2026-08-25T17:00:00.000Z,212.18,212.37,211.71,211.97,2858934.3687899993
2026-08-25T17:15:00.000Z,211.98,212.44,211.91,212.26,1468874.722935
2026-08-25T17:30:00.000Z,212.27,212.475,212.2001,212.285,1419219.5121229999
2026-08-25T17:45:00.000Z,212.285,212.52,212.14,212.365,1418949.275266
2026-08-25T18:00:00.000Z,212.365,212.3999,211.915,211.925,1692584.9981899997
2026-08-25T18:15:00.000Z,211.925,212.3,211.86,212.255,1364588.163678
2026-08-25T18:30:00.000Z,212.26,212.95,212.25,212.84,2486343.2719059996
2026-08-25T18:45:00.000Z,212.8401,213.3,212.84,213.1799,2179551.701041
2026-08-25T19:00:00.000Z,213.17,213.435,212.16,212.23,2984318.150029001
2026-08-25T19:15:00.000Z,212.23,212.35,211.71,212.035,2761091.378627
2026-08-25T19:30:00.000Z,212.03,212.765,211.89,212.46,2948694.744007
2026-08-25T19:45:00.000Z,212.455,213.23,212.2301,212.98,5973279.856057
2026-08-26T13:30:00.000Z,212.64,213.6,210.7801,212.91,8888221.316670999
2026-08-26T13:45:00.000Z,212.91,213.6,211.9303,212.67,4714987.984103
2026-08-26T14:00:00.000Z,212.64,212.67,211.4101,211.485,3315737.3531819996
2026-08-26T14:15:00.000Z,211.485,211.4894,210.1932,210.5026,5112192.841697
2026-08-26T14:30:00.000Z,210.4901,210.92,210.08,210.805,3715910.0428070007
2026-08-26T14:45:00.000Z,210.81,211.4,210.72,211.155,3326085.2928879997
2026-08-26T15:00:00.000Z,211.16,211.53,210.84,211.0801,2685033.0836690003
2026-08-26T15:15:00.000Z,211.085,211.15,210.59,211.0827,2588072.5864639995
2026-08-26T15:30:00.000Z,211.08,211.31,210.8305,211.27,2004660.240686
2026-08-26T15:45:00.000Z,211.265,211.43,210.6,210.615,2425023.535285
2026-08-26T16:00:00.000Z,210.615,210.66,209.76,209.885,3808903.201514
2026-08-26T16:15:00.000Z,209.88,210.38,209.8,210.175,2457627.4161730004
2026-08-26T16:30:00.000Z,210.175,210.32,209.52,209.7295,3257913.726319
2026-08-26T16:45:00.000Z,209.72,209.89,209.47,209.875,2672034.9851949997
2026-08-26T17:00:00.000Z,209.87,210.1189,209.71,210.045,2294634.357008
2026-08-26T17:15:00.000Z,210.0499,210.25,210.01,210.065,2225526.690889
2026-08-26T17:30:00.000Z,210.06,210.63,209.9,210.48,2879026.4161819997
2026-08-26T17:45:00.000Z,210.45,210.64,210.24,210.56,2513657.6282650004
2026-08-26T18:00:00.000Z,210.555,210.915,210.165,210.265,2788935.8346410003
2026-08-26T18:15:00.000Z,210.265,210.85,210.15,210.785,2451147.8961229995
2026-08-26T18:30:00.000Z,210.785,211.02,210.49,210.53,2644802.324241
2026-08-26T18:45:00.000Z,210.535,211.17,210.53,211.055,3830477.3355010008
2026-08-26T19:00:00.000Z,211.0506,211.33,210.87,210.962,3707933.598376999
2026-08-26T19:15:00.000Z,210.96,211.215,210.74,210.89,3527747.423779
2026-08-26T19:30:00.000Z,210.895,210.995,209.57,209.61,6254796.0276770005
2026-08-26T19:45:00.000Z,209.605,210.13,209.23,209.95,13642686.289899
2026-08-27T13:30:00.000Z,222.86,225.83,220.9,224.94,41050655.402435996
2026-08-27T13:45:00.000Z,224.95,225.25,222.2812,224.22,18121918.951068997
2026-08-27T14:00:00.000Z,224.24,225.94,223.9439,225.3901,15857388.240066998
2026-08-27T14:15:00.000Z,225.405,226.4,224.22,225.72,13610178.553893
2026-08-27T14:30:00.000Z,225.72,226.25,223.48,224.605,9556519.830151
2026-08-27T14:45:00.000Z,224.605,226.98,224.37,226.95,9014152.370740999
2026-08-27T15:00:00.000Z,226.957,227.31,225.02,225.74,10401593.377074001
2026-08-27T15:15:00.000Z,225.74,226.055,225.21,225.45,4760373.422223001
2026-08-27T15:30:00.000Z,225.45,226.26,224.9,225.3332,4502620.846969
2026-08-27T15:45:00.000Z,225.33,226.78,224.84,226.18,6122505.137599001
2026-08-27T16:00:00.000Z,226.185,227.77,226.1484,227.42,7640625.917636
2026-08-27T16:15:00.000Z,227.43,228.64,227.26,228.525,8387666.051424
2026-08-27T16:30:00.000Z,228.53,229.85,228.315,229.49,9813033.357331
2026-08-27T16:45:00.000Z,229.48,229.7,228.88,229.6731,6320755.213448999
2026-08-27T17:00:00.000Z,229.6701,229.99,229.42,229.97,6160056.199596
2026-08-27T17:15:00.000Z,229.97,230.47,229.2,229.2495,10072119.119574
2026-08-27T17:30:00.000Z,229.24,229.6,228.91,228.96,4764474.878083999
2026-08-27T17:45:00.000Z,228.9698,228.97,228.25,228.26,4702215.737141
2026-08-27T18:00:00.000Z,228.27,228.355,227.42,227.58,5029839.545833
2026-08-27T18:15:00.000Z,227.57,227.9171,226.08,226.09,6364082.449058
2026-08-27T18:30:00.000Z,226.1,226.97,225.63,226.81,6256612.889012001
2026-08-27T18:45:00.000Z,226.81,226.815,225.35,226.1167,5181499.286103001
2026-08-27T19:00:00.000Z,226.13,226.645,225.61,225.85,5251549.085182
2026-08-27T19:15:00.000Z,225.843,227.48,225.8,227.21,6381422.571218999
2026-08-27T19:30:00.000Z,227.2,228.805,226.9458,228.27,7323861.627640001
2026-08-27T19:45:00.000Z,228.26,228.98,227.55,228.05,12094733.574416
2026-08-28T13:30:00.000Z,227.36,229.26,226.05,228.055,14295783.334424002
2026-08-28T13:45:00.000Z,228.11,228.34,224.66,225.26,9848682.495618
2026-08-28T14:00:00.000Z,225.242,225.8,223.22,223.53,8101763.263591
2026-08-28T14:15:00.000Z,223.56,225.52,223.48,225.115,8000362.308193
2026-08-28T14:30:00.000Z,225.115,225.83,224.46,225.45,5270426.189988
2026-08-28T14:45:00.000Z,225.45,226.91,225.32,226.7423,5420590.425308
2026-08-28T15:00:00.000Z,226.76,226.79,224.11,224.31,5341470.345951
2026-08-28T15:15:00.000Z,224.32,224.4599,223.49,224,6059615.925188999
2026-08-28T15:30:00.000Z,224,224.19,222.62,223.03,5321064.656047001
2026-08-28T15:45:00.000Z,223.045,223.12,221.04,221.335,7597263.037255
2026-08-28T16:00:00.000Z,221.345,221.385,220.37,220.78,6991130.676922999
2026-08-28T16:15:00.000Z,220.77,220.8827,219.94,220.18,6028355.7257630015
2026-08-28T16:30:00.000Z,220.185,220.64,219.77,220.117,5475187.92215
2026-08-28T16:45:00.000Z,220.12,220.95,219.76,219.79,4381604.559586001
2026-08-28T17:00:00.000Z,219.785,219.84,217.89,218.68,7997395.993303
2026-08-28T17:15:00.000Z,218.66,219.32,218.49,218.69,4514451.404475999
2026-08-28T17:30:00.000Z,218.7,219.44,218.5,219.03,3942812.159213
2026-08-28T17:45:00.000Z,219.04,219.83,218.9,219.36,3483667.8824980003
2026-08-28T18:00:00.000Z,219.38,219.45,218.44,218.58,3432851.885215
2026-08-28T18:15:00.000Z,218.57,218.75,218.07,218.395,2941718.575485
2026-08-28T18:30:00.000Z,218.395,218.69,217.7,217.99,3981775.214192
2026-08-28T18:45:00.000Z,218,218.02,216.81,217.36,6461558.688105001
2026-08-28T19:00:00.000Z,217.36,217.58,216.92,217.2699,4682835.567009999
2026-08-28T19:15:00.000Z,217.2414,217.6,216.95,217.28,4393019.170178
2026-08-28T19:30:00.000Z,217.29,217.57,216.949,217.19,4995198.370179
2026-08-28T19:45:00.000Z,217.185,218.5,216.93,217.54,12756881.055860002
2026-08-31T13:30:00.000Z,218.87,219.348,216.21,218.055,9963689.884491999
2026-08-31T13:45:00.000Z,218.08,219.0451,217.6,218.88,5965175.414406001
2026-08-31T14:00:00.000Z,218.88,220.2,218.4,220.19,5989415.986039001
2026-08-31T14:15:00.000Z,220.1701,220.37,219.3402,220.07,5526915.333572
2026-08-31T14:30:00.000Z,220.07,220.6,219.67,219.945,4107352.88033
2026-08-31T14:45:00.000Z,219.945,220.09,219.25,219.725,2798698.107506
2026-08-31T15:00:00.000Z,219.75,220.035,219.14,219.2551,2777291.486713
2026-08-31T15:15:00.000Z,219.27,220.54,219.12,220.275,2988032.2249460006
2026-08-31T15:30:00.000Z,220.25,220.3099,219.5,219.72,2270686.3793039997
2026-08-31T15:45:00.000Z,219.73,220.36,219.41,219.49,2192610.729654
2026-08-31T16:00:00.000Z,219.5,219.78,219.1,219.73,1963378.3796520003
2026-08-31T16:15:00.000Z,219.72,220.3,219.62,220.2254,1741768.3071410002
2026-08-31T16:30:00.000Z,220.2299,220.29,219.73,219.735,2064676.112539
2026-08-31T16:45:00.000Z,219.735,220.2,219.64,220.18,1564739.1590250004
2026-08-31T17:00:00.000Z,220.19,220.26,219.77,219.825,1633729.664772
2026-08-31T17:15:00.000Z,219.82,219.935,219.34,219.37,1682599.8123080002
2026-08-31T17:30:00.000Z,219.36,219.705,219.13,219.65,2061140.860873
2026-08-31T17:45:00.000Z,219.66,220.02,219.5,219.605,1742089.305759
2026-08-31T18:00:00.000Z,219.61,219.75,219.315,219.33,1445379.3961039998
2026-08-31T18:15:00.000Z,219.33,219.608,218.9106,218.97,2033824.7259
2026-08-31T18:30:00.000Z,218.95,218.9656,217.8,218.145,3789932.736381999
2026-08-31T18:45:00.000Z,218.1499,218.8376,217.71,218.57,3541656.5279840003
2026-08-31T19:00:00.000Z,218.6,219.17,218.58,218.945,2525464.982072
2026-08-31T19:15:00.000Z,218.95,219.8499,218.75,219.815,2811978.257698
2026-08-31T19:30:00.000Z,219.82,220.02,219.59,219.965,3110004.069354
2026-08-31T19:45:00.000Z,219.96,221.3,219.2727,220.88,10772204.638752
2026-09-01T13:30:00.000Z,216.75,217.3,215.1,215.6499,10270811.189819
2026-09-01T13:45:00.000Z,215.63,217.42,215.55,216.94,5700535.057891
2026-09-01T14:00:00.000Z,216.97,218.11,216.77,217.865,4720263.748090999
2026-09-01T14:15:00.000Z,217.8728,218.39,217.58,217.61,3338910.2852599993
2026-09-01T14:30:00.000Z,217.61,218.13,217.53,218.015,2454366.277869
2026-09-01T14:45:00.000Z,218.03,218.58,217.63,218.055,3158981.078043
2026-09-01T15:00:00.000Z,218.045,218.54,217.7,217.975,2701870.1364180003
2026-09-01T15:15:00.000Z,217.97,218.8,217.87,218.8,2441810.287036
2026-09-01T15:30:00.000Z,218.8,219.54,218.7,219.49,2793640.140249
2026-09-01T15:45:00.000Z,219.48,220.41,219.42,220.25,4766115.908746
2026-09-01T16:00:00.000Z,220.25,220.31,219.57,219.8,2247628.705487
2026-09-01T16:15:00.000Z,219.805,219.95,219.0895,219.58,2445025.413321
2026-09-01T16:30:00.000Z,219.6,219.745,219.08,219.1,2165590.8602520004
2026-09-01T16:45:00.000Z,219.1,219.8499,218.93,219.68,1947028.2207559994
2026-09-01T17:00:00.000Z,219.68,219.69,218.2801,218.46,2494804.2375340005
2026-09-01T17:15:00.000Z,218.47,218.55,218.13,218.3597,1941494.326111
2026-09-01T17:30:00.000Z,218.345,218.6,218.24,218.305,1273927.580651
2026-09-01T17:45:00.000Z,218.305,218.37,217.78,218.01,2002810.7207290002
2026-09-01T18:00:00.000Z,218.01,218.18,217.49,217.51,1950767.2205929996
2026-09-01T18:15:00.000Z,217.5,217.875,217.29,217.4593,1600305.4582399998
2026-09-01T18:30:00.000Z,217.46,217.545,216.51,216.515,2734675.05068
2026-09-01T18:45:00.000Z,216.515,217.41,216.35,217.31,3086014.087101
2026-09-01T19:00:00.000Z,217.32,217.84,217.2476,217.8262,2418724.860418
2026-09-01T19:15:00.000Z,217.82,217.9101,217.48,217.59,1997043.084846
2026-09-01T19:30:00.000Z,217.6,217.63,217.0101,217.375,2590388.140881
2026-09-01T19:45:00.000Z,217.375,217.7,216.6,217.54,6649353.032539001
2026-09-02T13:30:00.000Z,218.785,220.13,218.48,219.5501,8513217.540824
2026-09-02T13:45:00.000Z,219.59,221.55,219.21,221.46,6948385.456273001
2026-09-02T14:00:00.000Z,221.46,223.1,221.16,222.43,8696840.332943998
2026-09-02T14:15:00.000Z,222.435,223.44,222.13,222.83,7153548.967405001
2026-09-02T14:30:00.000Z,222.84,224.22,222.5982,224.07,7264693.0614
2026-09-02T14:45:00.000Z,224.06,224.24,223.375,224.02,4869539.429878
2026-09-02T15:00:00.000Z,224.06,226.8,223.9297,226.49,11066443.516652
2026-09-02T15:15:00.000Z,226.49,227,226.12,226.31,7678161.23727
2026-09-02T15:30:00.000Z,226.32,227.1,225.77,227.0299,5995958.053753999
2026-09-02T15:45:00.000Z,227.03,227.95,226.573,227.605,8415519.807047999
2026-09-02T16:00:00.000Z,227.6,227.82,227.03,227.43,4853544.015204001
2026-09-02T16:15:00.000Z,227.45,227.68,226.8,227.04,3916213.413574
2026-09-02T16:30:00.000Z,227.0332,227.6825,226.17,226.17,4047485.63563
2026-09-02T16:45:00.000Z,226.16,226.32,225.52,225.7768,4024342.0407080003
2026-09-02T17:00:00.000Z,225.78,226,224.8,225.22,4299417.758893999
2026-09-02T17:15:00.000Z,225.205,225.5195,224.75,225.5072,3418332.389397
2026-09-02T17:30:00.000Z,225.52,225.57,224.83,225.24,2603144.8769750004
2026-09-02T17:45:00.000Z,225.23,225.445,224.46,224.67,3327411.791578
2026-09-02T18:00:00.000Z,224.68,224.9,224.43,224.705,2356914.5272009997
2026-09-02T18:15:00.000Z,224.705,225.32,224.5161,224.96,3297232.251701
2026-09-02T18:30:00.000Z,224.958,225.35,224.59,224.72,2245638.0207319995
2026-09-02T18:45:00.000Z,224.7201,224.88,224.28,224.505,2325088.973102
2026-09-02T19:00:00.000Z,224.5,224.66,224.18,224.49,2552838.4213030008
2026-09-02T19:15:00.000Z,224.48,224.85,224.29,224.4,2759235.716678
2026-09-02T19:30:00.000Z,224.4,224.51,223.7301,224.01,3763725.7675210005
2026-09-02T19:45:00.000Z,224.015,224.64,224.015,224.4,6450787.063917
2026-09-03T13:30:00.000Z,226.02,228.44,224.75,227.73,13534376.825970002
2026-09-03T13:45:00.000Z,227.71,229.07,227.395,228.28,8072479.953376
2026-09-03T14:00:00.000Z,228.18,228.97,227.55,228.0895,5721085.650239001
2026-09-03T14:15:00.000Z,228.06,228.68,227.33,227.39,4271805.389634999
2026-09-03T14:30:00.000Z,227.385,227.58,226.19,226.4001,4927149.756472999
2026-09-03T14:45:00.000Z,226.41,226.47,225.42,226.145,4424742.296004999
2026-09-03T15:00:00.000Z,226.16,226.96,225.69,226.96,3565078.0488430005
2026-09-03T15:15:00.000Z,226.96,227.95,226.77,227.815,4149862.266084
2026-09-03T15:30:00.000Z,227.82,228.04,227.1781,227.3795,3381002.204188001
2026-09-03T15:45:00.000Z,227.375,227.72,227.08,227.51,2058172.460345
2026-09-03T16:00:00.000Z,227.51,228.05,227.071,227.88,2654094.6887419997
2026-09-03T16:15:00.000Z,227.8754,228.0997,226.88,227.03,2447679.1588479998
2026-09-03T16:30:00.000Z,227.03,227.94,227.01,227.795,2033223.2903540004
2026-09-03T16:45:00.000Z,227.795,227.83,227.12,227.5399,1697276.022514
2026-09-03T17:00:00.000Z,227.54,227.65,227.178,227.26,1540077.48996
2026-09-03T17:15:00.000Z,227.25,227.58,227.07,227.44,1619339.0445949999
2026-09-03T17:30:00.000Z,227.4401,229.99,227.4,229.83,8512358.118900001
2026-09-03T17:45:00.000Z,229.84,230.35,229.21,230.02,9046016.09853
2026-09-03T18:00:00.000Z,230.02,230.4,229.89,230.1352,4376684.190334001
2026-09-03T18:15:00.000Z,230.13,230.4,229.49,229.51,3004383.131854
2026-09-03T18:30:00.000Z,229.52,230.1,229.28,229.575,2690544.0480539994
2026-09-03T18:45:00.000Z,229.575,229.8801,229.32,229.44,2039077.565068
2026-09-03T19:00:00.000Z,229.45,229.69,229.17,229.3499,2336206.2013939996
2026-09-03T19:15:00.000Z,229.34,229.68,229.34,229.538,2500186.259115
2026-09-03T19:30:00.000Z,229.55,229.69,228.8,228.965,2972380.336799
2026-09-03T19:45:00.000Z,228.965,229.145,228.32,228.4,6543306.352036
2026-09-04T13:30:00.000Z,231.09,233.77,229.82,232.91,15528376.776377002
2026-09-04T13:45:00.000Z,232.9128,234.66,232.63,234.55,12051998.918321999
2026-09-04T14:00:00.000Z,234.56,234.56,232.92,234.195,7520274.206545001
2026-09-04T14:15:00.000Z,234.19,234.76,233.355,234.7161,6773598.868793
2026-09-04T14:30:00.000Z,234.72,234.74,233.22,233.45,5765578.429649001
2026-09-04T14:45:00.000Z,233.44,233.55,232.12,232.24,4568242.667471999
2026-09-04T15:00:00.000Z,232.245,232.81,231.65,232.465,4458822.327973001
2026-09-04T15:15:00.000Z,232.465,232.555,231.76,231.785,2901659.6912859995
2026-09-04T15:30:00.000Z,231.78,232.0589,231.27,231.865,3485062.6926570004
2026-09-04T15:45:00.000Z,231.865,231.91,230.73,231.045,3213504.1428419994
2026-09-04T16:00:00.000Z,231.04,231.335,230.51,231.1734,3089476.7427109997
2026-09-04T16:15:00.000Z,231.165,231.25,230.7126,231.155,2365798.554262
2026-09-04T16:30:00.000Z,231.15,231.6301,231,231.59,2602351.720849
2026-09-04T16:45:00.000Z,231.59,232.235,231.278,231.57,3741324.4980209996
2026-09-04T17:00:00.000Z,231.57,231.65,230.93,230.955,2178697.080979
2026-09-04T17:15:00.000Z,230.96,231.1,230.6,230.75,2199099.5210239994
2026-09-04T17:30:00.000Z,230.74,230.78,230.3,230.375,2209269.428025
2026-09-04T17:45:00.000Z,230.38,230.457,230.07,230.2654,2216201.091026
2026-09-04T18:00:00.000Z,230.26,230.3698,229.9,230.24,2952030.120601
2026-09-04T18:15:00.000Z,230.23,230.47,230.16,230.35,1834581.468092
2026-09-04T18:30:00.000Z,230.35,230.43,230.09,230.315,1498775.804261
2026-09-04T18:45:00.000Z,230.3192,230.695,230.3,230.605,2104931.0753840003
2026-09-04T19:00:00.000Z,230.6,230.72,229.85,230,2526409.4978029993
2026-09-04T19:15:00.000Z,230.01,230.205,229.85,229.87,2033291.52725
2026-09-04T19:30:00.000Z,229.87,230.27,229.63,229.985,3301677.467867
2026-09-04T19:45:00.000Z,229.985,231.09,229.96,230.345,7747763.254515
2026-09-08T13:30:00.000Z,233.11,233.71,229.46,229.765,12382055.667635
2026-09-08T13:45:00.000Z,229.78,230.47,229.06,229.5712,6295892.204604
2026-09-08T14:00:00.000Z,229.58,229.7099,228.06,228.4906,5463307.957533001
2026-09-08T14:15:00.000Z,228.51,228.7,227.63,227.9423,4713762.018254001
2026-09-08T14:30:00.000Z,227.96,227.96,227.1,227.44,4410487.274928
2026-09-08T14:45:00.000Z,227.44,227.455,226.77,227.055,4194365.2699
2026-09-08T15:00:00.000Z,227.06,227.8,226.92,227.3801,4415188.784271
2026-09-08T15:15:00.000Z,227.39,227.57,226.3744,226.8716,4903230.194867
2026-09-08T15:30:00.000Z,226.875,227.14,226.34,226.9146,3093876.772405
2026-09-08T15:45:00.000Z,226.92,226.96,226.07,226.26,3536474.926294
2026-09-08T16:00:00.000Z,226.27,226.48,225.87,226.0522,3336778.5322680003
2026-09-08T16:15:00.000Z,226.06,226.09,225.55,225.66,2972247.840543
2026-09-08T16:30:00.000Z,225.67,226.175,225.55,225.83,2985745.0263839997
2026-09-08T16:45:00.000Z,225.84,226.2,225.595,225.75,2585585.029455
2026-09-08T17:00:00.000Z,225.75,226.3699,225.73,226.0767,2243473.137846
2026-09-08T17:15:00.000Z,226.0799,226.22,225.46,225.65,2403449.793258
2026-09-08T17:30:00.000Z,225.66,226.26,225.65,225.895,2003668.90737
2026-09-08T17:45:00.000Z,225.898,226.14,225.76,225.76,1548946.043599
2026-09-08T18:00:00.000Z,225.7662,226.035,225.71,225.89,1317852.708684
2026-09-08T18:15:00.000Z,225.89,226.15,225.845,226.075,1339613.0651520002
2026-09-08T18:30:00.000Z,226.075,226.3999,225.8161,226.21,2271544.359213
2026-09-08T18:45:00.000Z,226.205,226.23,225.25,225.675,2926995.7840360003
2026-09-08T19:00:00.000Z,225.68,225.77,225.42,225.55,2022475.4115809998
2026-09-08T19:15:00.000Z,225.555,225.635,225.3,225.55,2187566.8185619996
2026-09-08T19:30:00.000Z,225.55,225.9,225.31,225.575,3134375.560864
2026-09-08T19:45:00.000Z,225.575,225.9,224.85,225.78,8452756.238951
2026-09-09T13:30:00.000Z,225.275,226.18,224.5601,224.77,6535490.2361429995
2026-09-09T13:45:00.000Z,224.775,225.35,224.4,224.8501,4419510.19789
2026-09-09T14:00:00.000Z,224.855,224.9,223.82,224.25,4427760.326794
2026-09-09T14:15:00.000Z,224.245,225.39,223.55,224.885,4623772.292547
2026-09-09T14:30:00.000Z,224.88,225.38,224.13,224.455,3408354.54389
2026-09-09T14:45:00.000Z,224.46,224.77,224.08,224.465,2482336.601728
2026-09-09T15:00:00.000Z,224.47,224.82,224.17,224.29,2768104.1283710003
2026-09-09T15:15:00.000Z,224.3,224.62,223.51,223.5901,4816187.913415
2026-09-09T15:30:00.000Z,223.6,224.63,223.58,224.18,2537235.263384
2026-09-09T15:45:00.000Z,224.18,224.465,224.12,224.44,1622557.2643110002
2026-09-09T16:00:00.000Z,224.44,224.51,223.86,223.89,1512794.8026029998
2026-09-09T16:15:00.000Z,223.88,223.97,223.69,223.86,1569648.8254449998
2026-09-09T16:30:00.000Z,223.86,224.18,223.75,224.16,1102952.080862
2026-09-09T16:45:00.000Z,224.16,224.41,224.02,224.06,1220336.5368219998
2026-09-09T17:00:00.000Z,224.05,224.49,223.905,224.4105,1254579.133803
2026-09-09T17:15:00.000Z,224.415,224.415,224.19,224.27,960923.650558
2026-09-09T17:30:00.000Z,224.27,224.38,224.051,224.33,1055779.704368
2026-09-09T17:45:00.000Z,224.33,224.39,224.115,224.235,1016820.2405889999
2026-09-09T18:00:00.000Z,224.235,224.42,224.05,224.12,1047554.005821
2026-09-09T18:15:00.000Z,224.12,224.26,223.9,224.195,1157434.3724260002
2026-09-09T18:30:00.000Z,224.195,224.245,224.09,224.157,851031.963344
2026-09-09T18:45:00.000Z,224.15,224.205,223.63,223.67,1496932.6633909997
2026-09-09T19:00:00.000Z,223.675,224.18,223.46,223.6201,2459720.508746
2026-09-09T19:15:00.000Z,223.625,224.375,223.57,224.135,2127758.206733
2026-09-09T19:30:00.000Z,224.14,224.24,223.7403,223.83,2098171.1667040004
2026-09-09T19:45:00.000Z,223.82,224.03,223.5,223.7,6451888.080021
2026-09-10T13:30:00.000Z,220.525,220.99,218.29,218.305,10747652.332204001
2026-09-10T13:45:00.000Z,218.31,218.898,217.2,217.377,6503003.138804999
2026-09-10T14:00:00.000Z,217.39,218.43,217.29,217.99,4344428.203328
2026-09-10T14:15:00.000Z,217.98,219.06,217.855,218.23,4396646.144972
2026-09-10T14:30:00.000Z,218.23,218.52,217.97,218.33,3354444.620644
2026-09-10T14:45:00.000Z,218.32,218.57,217.76,218.145,3427768.2186990003
2026-09-10T15:00:00.000Z,218.15,218.59,217.93,218.3299,2964601.507356
2026-09-10T15:15:00.000Z,218.32,218.495,217.8,218.15,2363551.2775230003
2026-09-10T15:30:00.000Z,218.1436,219,218.01,218.735,2900445.536602
2026-09-10T15:45:00.000Z,218.735,219.12,218.5,218.78,2095989.5617050002
2026-09-10T16:00:00.000Z,218.8,219.195,218.3,218.32,2900045.9505459997
2026-09-10T16:15:00.000Z,218.33,218.72,217.52,217.75,2946541.300964
2026-09-10T16:30:00.000Z,217.75,218.435,217.64,218.435,3377202.998907
2026-09-10T16:45:00.000Z,218.43,218.895,218.417,218.75,1553633.4784249999
2026-09-10T17:00:00.000Z,218.76,219.13,218.62,218.74,2000570.3232629998
2026-09-10T17:15:00.000Z,218.75,218.8498,218.45,218.69,1318104.756586
2026-09-10T17:30:00.000Z,218.685,218.685,218.12,218.36,1635500.328738
2026-09-10T17:45:00.000Z,218.3672,218.62,218.295,218.3709,1159951.6372480001
2026-09-10T18:00:00.000Z,218.37,218.53,218.02,218.18,1277898.773482
2026-09-10T18:15:00.000Z,218.1705,218.32,218.03,218.035,1112710.898978
2026-09-10T18:30:00.000Z,218.0301,218.085,217.745,217.9128,1691314.1854140002
2026-09-10T18:45:00.000Z,217.92,218.45,217.825,218.2308,1755989.6249799998
2026-09-10T19:00:00.000Z,218.23,218.29,217.68,217.97,2144385.416692
2026-09-10T19:15:00.000Z,217.975,218.3846,217.97,218.3,1932847.070015
2026-09-10T19:30:00.000Z,218.3099,218.75,218.2,218.46,3811053.3847870003
2026-09-10T19:45:00.000Z,218.47,218.97,218.22,218.4,6580299.253475999
2026-09-11T13:30:00.000Z,221.235,221.34,219.03,220.06,6813042.669352999
2026-09-11T13:45:00.000Z,220.07,221.71,219.345,221.61,5507567.347335999
2026-09-11T14:00:00.000Z,221.62,222,220.8,221.17,5031009.241106
2026-09-11T14:15:00.000Z,221.17,221.93,220.65,221.6,3798943.1485760002
2026-09-11T14:30:00.000Z,221.59,221.59,219.67,219.78,4513766.639372
2026-09-11T14:45:00.000Z,219.78,220.11,219.3,219.47,2877450.371565
2026-09-11T15:00:00.000Z,219.45,220.28,219.36,219.7806,2143071.3280459996
2026-09-11T15:15:00.000Z,219.7983,220.58,219.78,220.1801,2355289.9224260002
2026-09-11T15:30:00.000Z,220.18,220.3,219.4201,219.57,2853832.524285
2026-09-11T15:45:00.000Z,219.565,219.8399,219.5,219.685,1477552.383251
2026-09-11T16:00:00.000Z,219.68,219.9699,219.55,219.58,1514693.1914429998
2026-09-11T16:15:00.000Z,219.58,219.59,219.09,219.16,1699220.6559330001
2026-09-11T16:30:00.000Z,219.16,219.22,218.65,219.1199,2126505.324625
2026-09-11T16:45:00.000Z,219.115,219.25,218.96,219.1,1310507.2514000002
2026-09-11T17:00:00.000Z,219.11,219.36,218.9,218.985,1894364.811462
2026-09-11T17:15:00.000Z,218.985,219.43,218.94,219.25,1297301.058026
2026-09-11T17:30:00.000Z,219.256,219.41,219,219.29,1232644.674085
2026-09-11T17:45:00.000Z,219.3,219.4,219.08,219.15,948180.1075210001
2026-09-11T18:00:00.000Z,219.14,219.25,219.03,219.2,799612.034011
2026-09-11T18:15:00.000Z,219.1874,219.5599,219.08,219.51,1325062.840837
2026-09-11T18:30:00.000Z,219.505,220.01,219.49,219.65,2280724.4780200003
2026-09-11T18:45:00.000Z,219.655,219.6699,219.24,219.35,1335115.9775809997
2026-09-11T19:00:00.000Z,219.34,219.445,218.8107,219.11,1966911.5698070002
2026-09-11T19:15:00.000Z,219.1001,219.23,218.36,218.41,2007102.675923
2026-09-11T19:30:00.000Z,218.42,218.84,218.23,218.7658,2840155.3249669997
2026-09-11T19:45:00.000Z,218.76,218.85,218.15,218.19,5018020.911362
2026-09-14T13:30:00.000Z,211.24,211.5,208.93,209.86,16588393.749502001
2026-09-14T13:45:00.000Z,209.86,211.56,209.8463,210.79,9101758.351721998
2026-09-14T14:00:00.000Z,210.79,211.7,210.45,211.42,5888101.030348001
2026-09-14T14:15:00.000Z,211.425,211.53,210.07,210.455,4588958.538318
2026-09-14T14:30:00.000Z,210.45,211.02,210.25,210.52,3663259.2010500007
2026-09-14T14:45:00.000Z,210.515,210.865,210.3,210.48,2736399.9923560005
2026-09-14T15:00:00.000Z,210.46,211.28,210.28,210.74,2917529.8519860003
2026-09-14T15:15:00.000Z,210.73,211.6,210.718,211.46,3052976.765611
2026-09-14T15:30:00.000Z,211.45,212.2,211.2,212.05,4059631.375496001
2026-09-14T15:45:00.000Z,212.0575,212.33,211.67,212.1884,2631106.0982699995
2026-09-14T16:00:00.000Z,212.18,212.285,211.6515,211.6899,2150342.600621
2026-09-14T16:15:00.000Z,211.69,212.23,211.68,211.78,2042954.320061
2026-09-14T16:30:00.000Z,211.77,211.86,211.51,211.855,1542798.370427
2026-09-14T16:45:00.000Z,211.855,212.39,211.7,212.105,2107258.562827
2026-09-14T17:00:00.000Z,212.1099,212.38,212.0589,212.071,1433250.228617
2026-09-14T17:15:00.000Z,212.07,212.59,211.96,212.58,1777922.845016
2026-09-14T17:30:00.000Z,212.59,212.61,212.1667,212.3784,1495231.7844429999
2026-09-14T17:45:00.000Z,212.37,212.77,212.37,212.4101,1766028.1147089999
2026-09-14T18:00:00.000Z,212.42,212.63,212.2,212.46,3305272.4267120003
2026-09-14T18:15:00.000Z,212.46,212.495,212.035,212.095,1513833.10138
2026-09-14T18:30:00.000Z,212.11,212.45,212.07,212.4,1540499.2919009996
2026-09-14T18:45:00.000Z,212.4,212.58,212.23,212.555,1462504.2229860001
2026-09-14T19:00:00.000Z,212.57,212.62,212.185,212.28,2786749.932220999
2026-09-14T19:15:00.000Z,212.27,212.36,212.1,212.105,3708529.770807001
2026-09-14T19:30:00.000Z,212.1,212.2,211.68,212.07,3409438.259337
2026-09-14T19:45:00.000Z,212.075,212.4,210.79,210.89,10202268.144312
2026-09-15T13:30:00.000Z,213.375,213.8795,212.5625,213.3197,8776602.155907001
2026-09-15T13:45:00.000Z,213.315,213.94,212.99,213.26,4741945.822064
2026-09-15T14:00:00.000Z,213.22,213.3024,212.4105,212.64,4650211.151466001
2026-09-15T14:15:00.000Z,212.64,212.9,211.96,212.7401,3187272.9768120004
2026-09-15T14:30:00.000Z,212.74,213.06,212.5205,212.71,2720517.751873
2026-09-15T14:45:00.000Z,212.71,212.96,211.63,212.035,3083759.246401
2026-09-15T15:00:00.000Z,212.035,212.59,212.01,212.2299,2032587.9698770004
2026-09-15T15:15:00.000Z,212.225,212.38,211.98,212.26,2525245.044788
2026-09-15T15:30:00.000Z,212.2511,212.47,211.9905,212.28,1595092.2159509999
2026-09-15T15:45:00.000Z,212.28,212.45,211.93,212.1799,1829303.644948
2026-09-15T16:00:00.000Z,212.18,212.35,211.84,211.842,1560728.5767730002
2026-09-15T16:15:00.000Z,211.8499,212.17,211.805,211.97,1587843.672901
2026-09-15T16:30:00.000Z,211.96,212.2,211.71,212.08,1390400.838245
2026-09-15T16:45:00.000Z,212.075,212.16,211.7,211.77,1373816.2019299997
2026-09-15T17:00:00.000Z,211.775,211.8,211.27,211.425,1923165.4355230003
2026-09-15T17:15:00.000Z,211.425,211.7403,211.16,211.33,1618006.2500610002
2026-09-15T17:30:00.000Z,211.335,211.79,211.33,211.56,1425173.5541630003
2026-09-15T17:45:00.000Z,211.56,211.98,211.4701,211.9598,1561926.7649050003
2026-09-15T18:00:00.000Z,211.96,212.11,211.67,211.7,1689077.407505
2026-09-15T18:15:00.000Z,211.71,212.2,211.56,212.1,1316040.703036
2026-09-15T18:30:00.000Z,212.1,212.35,211.93,212.02,1492922.4503070002
2026-09-15T18:45:00.000Z,212.02,212.15,211.91,212.1101,1293593.7838839998
2026-09-15T19:00:00.000Z,212.11,212.19,211.88,212.015,1239634.1875610002
2026-09-15T19:15:00.000Z,212.02,212.15,211.89,212.1364,1309795.6044319998
2026-09-15T19:30:00.000Z,212.11,212.17,211.75,211.935,1677847.7995749996
2026-09-15T19:45:00.000Z,211.9383,212.3,211.8301,212.17,4746314.795291001
2026-09-16T13:30:00.000Z,214.14,214.36,213.31,213.47,6547955.041191999
2026-09-16T13:45:00.000Z,213.4875,215.15,213.4844,214.7199,4908914.310250999
2026-09-16T14:00:00.000Z,214.8,215.25,214.55,214.806,3452079.9748150003
2026-09-16T14:15:00.000Z,214.82,215.3,214.76,215.02,2636111.1274130004
2026-09-16T14:30:00.000Z,215.02,215.35,214.8415,215.2801,2497384.042891
2026-09-16T14:45:00.000Z,215.2801,215.5,215.1,215.45,2247478.5128099998
2026-09-16T15:00:00.000Z,215.46,216.3,215.45,215.975,3799300.291973
2026-09-16T15:15:00.000Z,215.97,216.09,215.68,215.85,2041247.665241
2026-09-16T15:30:00.000Z,215.855,216.29,215.78,216.15,2208022.8225370003
2026-09-16T15:45:00.000Z,216.155,216.76,216.04,216.05,2396715.8301370004
2026-09-16T16:00:00.000Z,216.0517,216.17,215.5001,215.705,1864672.645279
2026-09-16T16:15:00.000Z,215.7085,215.97,215.6,215.87,1405767.239077
2026-09-16T16:30:00.000Z,215.87,215.97,215.752,215.87,1395110.217408
2026-09-16T16:45:00.000Z,215.875,216.2,215.875,216.005,1295848.8674079997
2026-09-16T17:00:00.000Z,216.005,216.005,215.45,215.6701,1525203.990789
2026-09-16T17:15:00.000Z,215.68,215.685,215.23,215.44,1471124.469268
2026-09-16T17:30:00.000Z,215.45,215.5,214.72,214.745,1532254.5221240001
2026-09-16T17:45:00.000Z,214.7599,215.33,214.73,215.24,1644732.7450670002
2026-09-16T18:00:00.000Z,215.255,216.45,214.9525,215.67,3292642.628409
2026-09-16T18:15:00.000Z,215.69,215.9099,215.09,215.5276,2032103.743803
2026-09-16T18:30:00.000Z,215.52,215.76,214.1907,215.545,3609665.531061
2026-09-16T18:45:00.000Z,215.53,215.73,213.69,213.865,3445015.789759
2026-09-16T19:00:00.000Z,213.87,214.48,212.77,212.995,3785476.8965329994
2026-09-16T19:15:00.000Z,213.0071,213.4,212.5,213.35,3331010.42138
2026-09-16T19:30:00.000Z,213.34,214.08,213.2,213.64,3427542.9838389996
2026-09-16T19:45:00.000Z,213.632,214.45,213.335,213.89,7653205.138045999
2026-09-17T13:30:00.000Z,218.375,218.7,217.145,217.82,8960145.571456
2026-09-17T13:45:00.000Z,217.83,219.19,217.71,219.03,5383888.855172
2026-09-17T14:00:00.000Z,219.0351,219.65,218.5,219.495,5221449.286984
2026-09-17T14:15:00.000Z,219.48,219.85,219.07,219.51,4388499.032785
2026-09-17T14:30:00.000Z,219.505,219.87,219.3001,219.34,2975557.9240389997
2026-09-17T14:45:00.000Z,219.35,219.365,218.91,219.13,2647765.84714
2026-09-17T15:00:00.000Z,219.15,219.47,218.7701,218.8395,2141999.294268
2026-09-17T15:15:00.000Z,218.82,219.31,218.8,219.23,1879367.835159
2026-09-17T15:30:00.000Z,219.2499,219.28,218.94,219.165,1418292.863968
2026-09-17T15:45:00.000Z,219.17,219.23,218.71,218.96,1580881.6513430001
2026-09-17T16:00:00.000Z,218.96,219.03,218.62,218.715,1283115.4031609998
2026-09-17T16:15:00.000Z,218.72,219,218.69,218.925,2710505.7734560003
2026-09-17T16:30:00.000Z,218.925,219.04,218.72,218.905,2246828.91725
2026-09-17T16:45:00.000Z,218.915,219.08,218.48,218.7,2345634.983306
2026-09-17T17:00:00.000Z,218.705,219.2,218.68,218.9,1231244.7125650004
2026-09-17T17:15:00.000Z,218.93,219.02,218.78,218.895,1159573.1934320002
2026-09-17T17:30:00.000Z,218.9,219.4,218.76,219.3901,1623033.320184
2026-09-17T17:45:00.000Z,219.4,219.45,219.1001,219.245,1231332.2162439998
2026-09-17T18:00:00.000Z,219.245,219.55,219.0701,219.4,1628508.6684869998
2026-09-17T18:15:00.000Z,219.4,219.83,219.395,219.55,2032070.5880429999
2026-09-17T18:30:00.000Z,219.55,219.66,219.31,219.41,1352983.831923
2026-09-17T18:45:00.000Z,219.41,219.55,219.31,219.37,1110763.419567
2026-09-17T19:00:00.000Z,219.37,219.76,219.345,219.67,1573153.933835
2026-09-17T19:15:00.000Z,219.67,219.8583,219.54,219.59,1643422.566189
2026-09-17T19:30:00.000Z,219.58,219.8,219.3628,219.45,2161593.244689
2026-09-17T19:45:00.000Z,219.44,219.905,219.21,219.37,6401597.075961001
2026-09-18T13:30:00.000Z,219.35,220.07,218.03,219.73,20735870.181702994
2026-09-18T13:45:00.000Z,219.725,220.045,219.2,219.2201,3440091.0115389996
2026-09-18T14:00:00.000Z,219.22,220.89,218.92,220.625,5334114.746470001
2026-09-18T14:15:00.000Z,220.65,220.84,219.52,219.52,3156250.6607
2026-09-18T14:30:00.000Z,219.51,219.57,218.85,219.05,4428886.280410999
2026-09-18T14:45:00.000Z,219.0539,219.75,218.974,219.01,3164174.271087
2026-09-18T15:00:00.000Z,219.02,219.55,219,219.475,2558596.6673900005
2026-09-18T15:15:00.000Z,219.46,219.915,219.44,219.835,1925924.935946
2026-09-18T15:30:00.000Z,219.83,219.9101,219.4401,219.64,1759208.411668
2026-09-18T15:45:00.000Z,219.65,219.75,219.47,219.52,1711363.8648820005
2026-09-18T16:00:00.000Z,219.545,219.59,219.275,219.45,1802042.654241
2026-09-18T16:15:00.000Z,219.44,219.81,219.15,219.5396,1833265.5416930001
2026-09-18T16:30:00.000Z,219.54,219.94,219.47,219.54,1361822.0913650002
2026-09-18T16:45:00.000Z,219.535,219.81,219.425,219.655,2849590.029964
2026-09-18T17:00:00.000Z,219.66,219.97,219.43,219.935,1869607.4343599998
2026-09-18T17:15:00.000Z,219.93,220.27,219.85,220,1712920.153041
2026-09-18T17:30:00.000Z,220,220,219.635,219.815,1261589.450675
2026-09-18T17:45:00.000Z,219.815,219.835,219.4001,219.49,1158203.877882
2026-09-18T18:00:00.000Z,219.4887,219.63,219.38,219.512,1192380.937232
2026-09-18T18:15:00.000Z,219.515,219.71,219.3,219.39,1379327.9066139997
2026-09-18T18:30:00.000Z,219.4,219.49,219.28,219.34,1643723.344789
2026-09-18T18:45:00.000Z,219.34,219.89,219.325,219.56,2653280.7090829997
2026-09-18T19:00:00.000Z,219.562,219.6299,219.36,219.57,1844345.6903290001
2026-09-18T19:15:00.000Z,219.57,219.95,219.47,219.49,2797860.5289
2026-09-18T19:30:00.000Z,219.49,219.81,219.36,219.775,2398410.129903
2026-09-18T19:45:00.000Z,219.77,222.73,219.64,222.08,16884920.833195
