Date,Open,High,Low,Close,Volume
2025-09-22T13:30:00.000Z,141.08,141.08,139.9395,140.815,433864
2025-09-22T13:45:00.000Z,140.78,140.9142,140.66,140.79,155892
2025-09-22T14:00:00.000Z,140.79,141.04,140.52,141.01,137339
2025-09-22T14:15:00.000Z,141.03,141.19,140.92,141.16,141979
2025-09-22T14:30:00.000Z,141.16,141.52,141.0801,141.16,146379
2025-09-22T14:45:00.000Z,141.17,141.27,141.0506,141.21,118108
2025-09-22T15:00:00.000Z,141.235,141.51,141.21,141.46,105654
2025-09-22T15:15:00.000Z,141.45,141.46,141.175,141.26,109774
2025-09-22T15:30:00.000Z,141.26,141.39,141.05,141.21,108725
2025-09-22T15:45:00.000Z,141.2,141.24,141.07,141.18,121575
2025-09-22T16:00:00.000Z,141.18,141.18,140.72,140.84,132163
2025-09-22T16:15:00.000Z,140.83,141.24,140.77,141.145,155029
2025-09-22T16:30:00.000Z,141.145,141.155,140.73,140.74,133733
2025-09-22T16:45:00.000Z,140.72,141.04,140.68,140.955,114154
2025-09-22T17:00:00.000Z,140.97,141.16,140.79,141.135,99191
2025-09-22T17:15:00.000Z,141.145,141.22,141.035,141.15,84090
2025-09-22T17:30:00.000Z,141.15,141.25,141.105,141.17,109273
2025-09-22T17:45:00.000Z,141.1579,141.25,141.03,141.137,88318
2025-09-22T18:00:00.000Z,141.16,141.22,140.985,141.01,73303
2025-09-22T18:15:00.000Z,141,141.235,140.97,141.21,98922
2025-09-22T18:30:00.000Z,141.21,141.3,141.16,141.23,90726
2025-09-22T18:45:00.000Z,141.23,141.25,141.1101,141.21,102217
2025-09-22T19:00:00.000Z,141.23,141.23,141.08,141.14,123313
2025-09-22T19:15:00.000Z,141.15,141.34,141.1,141.28,137544
2025-09-22T19:30:00.000Z,141.28,141.29,141.14,141.21,172931
2025-09-22T19:45:00.000Z,141.22,141.32,140.915,141.03,541365
2025-09-23T13:30:00.000Z,141.035,141.29,140.5001,140.855,226123
2025-09-23T13:45:00.000Z,140.85,140.94,140.45,140.69,126767
2025-09-23T14:00:00.000Z,140.69,140.79,140.115,140.115,199320
2025-09-23T14:15:00.000Z,140.1,140.17,139.96,140.05,176656
2025-09-23T14:30:00.000Z,140.02,140.51,139.98,140.49,136421
2025-09-23T14:45:00.000Z,140.48,140.75,140.48,140.6209,124803
2025-09-23T15:00:00.000Z,140.63,140.76,140.59,140.695,122209
2025-09-23T15:15:00.000Z,140.6926,140.78,140.282,140.54,154375
2025-09-23T15:30:00.000Z,140.54,140.7,140.5101,140.62,128877
2025-09-23T15:45:00.000Z,140.64,140.925,140.57,140.85,124212
2025-09-23T16:00:00.000Z,140.845,140.845,140.665,140.75,122811
2025-09-23T16:15:00.000Z,140.745,141.11,140.735,141.085,109602
2025-09-23T16:30:00.000Z,141.07,141.16,141,141.06,189609
2025-09-23T16:45:00.000Z,141.045,141.165,140.941,140.96,93524
2025-09-23T17:00:00.000Z,140.965,141.14,140.9,140.925,107061
2025-09-23T17:15:00.000Z,140.925,141.2555,140.9001,141.24,157613
2025-09-23T17:30:00.000Z,141.23,141.83,141.15,141.725,204844
2025-09-23T17:45:00.000Z,141.71,142,141.64,141.94,109008
2025-09-23T18:00:00.000Z,141.92,141.92,141.6077,141.825,104671
2025-09-23T18:15:00.000Z,141.82,141.99,141.79,141.81,146717
2025-09-23T18:30:00.000Z,141.83,142,141.82,141.99,133177
2025-09-23T18:45:00.000Z,141.99,142.06,141.925,142.03,146846
2025-09-23T19:00:00.000Z,142.04,142.1,141.94,141.99,140031
2025-09-23T19:15:00.000Z,141.98,142.0099,141.84,141.8902,180370
2025-09-23T19:30:00.000Z,141.91,142.14,141.8,142.1,211805
2025-09-23T19:45:00.000Z,142.1,142.23,141.74,141.92,751532
2025-09-24T13:30:00.000Z,141.81,142.12,141.3,141.325,227156
2025-09-24T13:45:00.000Z,141.36,142.05,141.31,142.05,268249
2025-09-24T14:00:00.000Z,142.07,142.15,141.73,141.73,161244
2025-09-24T14:15:00.000Z,141.7,141.77,141.41,141.414,148654
2025-09-24T14:30:00.000Z,141.4,141.43,141.22,141.339,186366
2025-09-24T14:45:00.000Z,141.37,141.48,141.25,141.265,119520
2025-09-24T15:00:00.000Z,141.28,141.28,141.015,141.1,137122
2025-09-24T15:15:00.000Z,141.1,141.31,141.07,141.25,116550
2025-09-24T15:30:00.000Z,141.245,141.53,141.15,141.52,118520
2025-09-24T15:45:00.000Z,141.525,142.1,141.52,141.93,154119
2025-09-24T16:00:00.000Z,141.9,142.3012,141.87,142.255,179305
2025-09-24T16:15:00.000Z,142.24,142.34,141.61,141.65,200219
2025-09-24T16:30:00.000Z,141.65,141.84,141.53,141.6102,123720
2025-09-24T16:45:00.000Z,141.64,141.86,141.61,141.63,102569
2025-09-24T17:00:00.000Z,141.62,141.82,141.58,141.775,115024
2025-09-24T17:15:00.000Z,141.78,141.92,141.77,141.84,107014
2025-09-24T17:30:00.000Z,141.86,142.25,141.86,142.245,126731
2025-09-24T17:45:00.000Z,142.245,142.29,142.03,142.04,131914
2025-09-24T18:00:00.000Z,142.03,142.23,141.9,142.12,173359
2025-09-24T18:15:00.000Z,142.15,142.2,142.01,142.11,148678
2025-09-24T18:30:00.000Z,142.1,142.19,141.935,142.02,144815
2025-09-24T18:45:00.000Z,142.025,142.2,141.925,142.18,179548
2025-09-24T19:00:00.000Z,142.17,142.17,141.83,141.9185,222489
2025-09-24T19:15:00.000Z,141.93,141.945,141.73,141.82,165573
2025-09-24T19:30:00.000Z,141.83,142.17,141.82,142.16,206917
2025-09-24T19:45:00.000Z,142.165,142.22,142.01,142.19,392051
2025-09-25T13:30:00.000Z,143,143.42,142.29,142.6178,453436
2025-09-25T13:45:00.000Z,142.625,142.625,141.71,141.85,146131
2025-09-25T14:00:00.000Z,141.81,142.02,141.45,141.58,144558
2025-09-25T14:15:00.000Z,141.54,141.58,141.32,141.3807,144414
2025-09-25T14:30:00.000Z,141.4,141.4009,140.89,140.93,134046
2025-09-25T14:45:00.000Z,140.945,140.945,140.46,140.7,257508
2025-09-25T15:00:00.000Z,140.71,140.84,140.45,140.84,124812
2025-09-25T15:15:00.000Z,140.86,140.89,140.55,140.74,184138
2025-09-25T15:30:00.000Z,140.73,140.95,140.49,140.52,118864
2025-09-25T15:45:00.000Z,140.51,140.53,140.203,140.3225,115984
2025-09-25T16:00:00.000Z,140.325,140.57,140.26,140.47,68643
2025-09-25T16:15:00.000Z,140.46,140.6124,140.39,140.61,107876
2025-09-25T16:30:00.000Z,140.61,140.9,140.57,140.745,107698
2025-09-25T16:45:00.000Z,140.745,140.75,140.54,140.655,69555
2025-09-25T17:00:00.000Z,140.65,140.72,140.4,140.43,99417
2025-09-25T17:15:00.000Z,140.4499,140.5025,140.27,140.44,107931
2025-09-25T17:30:00.000Z,140.425,140.47,140.208,140.3,111020
2025-09-25T17:45:00.000Z,140.32,140.35,140.16,140.275,109161
2025-09-25T18:00:00.000Z,140.26,140.39,140.02,140.04,134041
2025-09-25T18:15:00.000Z,140.05,140.295,140.05,140.2,97141
2025-09-25T18:30:00.000Z,140.195,140.34,140.16,140.32,121325
2025-09-25T18:45:00.000Z,140.315,140.35,140.17,140.305,92693
2025-09-25T19:00:00.000Z,140.305,140.33,140.15,140.16,103491
2025-09-25T19:15:00.000Z,140.16,140.27,140.07,140.14,129318
2025-09-25T19:30:00.000Z,140.14,140.255,140.05,140.1,169996
2025-09-25T19:45:00.000Z,140.0898,140.21,139.86,139.93,638851
2025-09-26T13:30:00.000Z,139.94,140.67,139.85,140.64,311332
2025-09-26T13:45:00.000Z,140.65,140.93,140.5101,140.55,165850
2025-09-26T14:00:00.000Z,140.53,140.56,140.265,140.3025,176198
2025-09-26T14:15:00.000Z,140.295,140.59,140.13,140.5,157070
2025-09-26T14:30:00.000Z,140.51,140.76,140.34,140.535,147879
2025-09-26T14:45:00.000Z,140.54,140.64,140.38,140.39,95919
2025-09-26T15:00:00.000Z,140.39,140.4,140.03,140.14,269500
2025-09-26T15:15:00.000Z,140.15,140.23,139.995,140.115,107601
2025-09-26T15:30:00.000Z,140.11,140.145,139.94,139.995,152657
2025-09-26T15:45:00.000Z,140.005,140.05,139.9225,139.96,128456
2025-09-26T16:00:00.000Z,139.97,140.22,139.93,140.22,175647
2025-09-26T16:15:00.000Z,140.25,140.61,140.18,140.5686,275637
2025-09-26T16:30:00.000Z,140.575,140.77,140.51,140.6215,159921
2025-09-26T16:45:00.000Z,140.65,140.99,140.56,140.93,191267
2025-09-26T17:00:00.000Z,140.915,140.93,140.52,140.63,111812
2025-09-26T17:15:00.000Z,140.63,140.83,140.6,140.67,132049
2025-09-26T17:30:00.000Z,140.67,140.67,140.22,140.285,115042
2025-09-26T17:45:00.000Z,140.285,140.31,140.13,140.26,105796
2025-09-26T18:00:00.000Z,140.245,140.3286,140.15,140.26,100705
2025-09-26T18:15:00.000Z,140.26,140.3,140.18,140.24,103408
2025-09-26T18:30:00.000Z,140.245,140.37,140.18,140.315,94959
2025-09-26T18:45:00.000Z,140.31,140.4,140.2,140.38,129209
2025-09-26T19:00:00.000Z,140.38,140.39,140.17,140.18,149477
2025-09-26T19:15:00.000Z,140.18,140.24,140.05,140.15,169749
2025-09-26T19:30:00.000Z,140.14,140.36,140.11,140.295,192746
2025-09-26T19:45:00.000Z,140.295,140.51,140.16,140.43,595278
2025-09-29T13:30:00.000Z,140.44,140.57,139.9,139.92,408774
2025-09-29T13:45:00.000Z,139.91,140.27,139.8775,140.22,241825
2025-09-29T14:00:00.000Z,140.22,140.67,140.17,140.17,434945
2025-09-29T14:15:00.000Z,140.19,140.21,139.83,139.965,265277
2025-09-29T14:30:00.000Z,139.98,140.545,139.95,140.295,524267
2025-09-29T14:45:00.000Z,140.28,140.31,139.89,140.14,243010
2025-09-29T15:00:00.000Z,140.13,140.295,139.975,140.27,119777
2025-09-29T15:15:00.000Z,140.25,140.27,139.923,140.0451,135504
2025-09-29T15:30:00.000Z,140.045,140.155,139.81,139.88,127648
2025-09-29T15:45:00.000Z,139.875,139.89,139.68,139.695,152176
2025-09-29T16:00:00.000Z,139.705,139.705,139.1242,139.47,353319
2025-09-29T16:15:00.000Z,139.49,139.5488,139.28,139.3,86181
2025-09-29T16:30:00.000Z,139.31,139.43,139.18,139.427,116087
2025-09-29T16:45:00.000Z,139.425,139.51,139.32,139.457,108613
2025-09-29T17:00:00.000Z,139.4377,139.69,139.4377,139.54,100495
2025-09-29T17:15:00.000Z,139.5103,139.5206,139.34,139.395,96241
2025-09-29T17:30:00.000Z,139.395,139.535,139.3668,139.535,164848
2025-09-29T17:45:00.000Z,139.52,139.7523,139.47,139.72,129986
2025-09-29T18:00:00.000Z,139.725,139.84,139.7,139.775,115481
2025-09-29T18:15:00.000Z,139.768,139.99,139.76,139.88,98521
2025-09-29T18:30:00.000Z,139.9,139.93,139.8251,139.835,129694
2025-09-29T18:45:00.000Z,139.84,139.9,139.73,139.785,124473
2025-09-29T19:00:00.000Z,139.78,139.82,139.625,139.685,181050
2025-09-29T19:15:00.000Z,139.69,140.05,139.67,139.985,264870
2025-09-29T19:30:00.000Z,139.99,140.5,139.99,140.46,245914
2025-09-29T19:45:00.000Z,140.47,140.49,140.03,140.17,823104
2025-09-30T13:30:00.000Z,140.17,141.025,140.17,140.605,599397
2025-09-30T13:45:00.000Z,140.605,140.71,140.16,140.49,259240
2025-09-30T14:00:00.000Z,140.5,140.6,140.135,140.5,205968
2025-09-30T14:15:00.000Z,140.52,140.85,140.44,140.68,263112
2025-09-30T14:30:00.000Z,140.675,140.77,140.32,140.3525,290179
2025-09-30T14:45:00.000Z,140.35,140.39,139.84,140.08,296798
2025-09-30T15:00:00.000Z,140.07,140.17,139.8301,139.925,214431
2025-09-30T15:15:00.000Z,139.93,140.07,139.9,140.015,170358
2025-09-30T15:30:00.000Z,140.015,140.37,139.94,140.34,167020
2025-09-30T15:45:00.000Z,140.355,140.43,140.2515,140.38,94997
2025-09-30T16:00:00.000Z,140.39,140.68,140.39,140.68,98408
2025-09-30T16:15:00.000Z,140.68,140.73,140.56,140.69,101141
2025-09-30T16:30:00.000Z,140.695,140.98,140.645,140.88,126225
2025-09-30T16:45:00.000Z,140.88,140.94,140.59,140.61,177704
2025-09-30T17:00:00.000Z,140.61,140.835,140.59,140.635,132544
2025-09-30T17:15:00.000Z,140.63,140.71,140.55,140.66,108981
2025-09-30T17:30:00.000Z,140.65,140.75,140.61,140.65,167388
2025-09-30T17:45:00.000Z,140.64,140.69,140.53,140.61,93666
2025-09-30T18:00:00.000Z,140.63,140.76,140.59,140.69,94983
2025-09-30T18:15:00.000Z,140.7,140.81,140.65,140.71,119648
2025-09-30T18:30:00.000Z,140.71,140.79,140.67,140.74,109462
2025-09-30T18:45:00.000Z,140.7358,140.77,140.59,140.63,124880
2025-09-30T19:00:00.000Z,140.63,140.82,140.6,140.6,216177
2025-09-30T19:15:00.000Z,140.59,140.59,140.21,140.23,284207
2025-09-30T19:30:00.000Z,140.23,140.4,140.18,140.37,177075
2025-09-30T19:45:00.000Z,140.3776,140.54,140.27,140.38,696921
2025-10-01T13:30:00.000Z,140.81,141.42,140.67,140.855,346870
2025-10-01T13:45:00.000Z,140.84,141.48,140.48,141.41,191523
2025-10-01T14:00:00.000Z,141.44,141.5,140.87,140.98,175549
2025-10-01T14:15:00.000Z,141.01,141.305,140.96,141.02,139068
2025-10-01T14:30:00.000Z,141.04,141.22,141.03,141.09,159244
2025-10-01T14:45:00.000Z,141.085,141.24,140.98,141.08,138999
2025-10-01T15:00:00.000Z,141.07,141.63,141.05,141.5,156738
2025-10-01T15:15:00.000Z,141.48,141.83,141.4302,141.69,102100
2025-10-01T15:30:00.000Z,141.705,141.75,141.4108,141.5043,94375
2025-10-01T15:45:00.000Z,141.515,141.57,141.32,141.505,103751
2025-10-01T16:00:00.000Z,141.505,141.95,141.49,141.915,114988
2025-10-01T16:15:00.000Z,141.915,141.925,141.7,141.79,137807
2025-10-01T16:30:00.000Z,141.77,141.865,141.54,141.56,109530
2025-10-01T16:45:00.000Z,141.5426,141.55,141.38,141.43,99545
2025-10-01T17:00:00.000Z,141.425,141.54,141.38,141.485,71266
2025-10-01T17:15:00.000Z,141.49,142.02,141.49,142.01,104996
2025-10-01T17:30:00.000Z,142,142.35,142,142.22,126804
2025-10-01T17:45:00.000Z,142.21,142.49,142.2,142.41,133885
2025-10-01T18:00:00.000Z,142.42,142.61,142.35,142.53,125620
2025-10-01T18:15:00.000Z,142.54,142.82,142.51,142.79,132166
2025-10-01T18:30:00.000Z,142.78,142.81,142.65,142.72,142191
2025-10-01T18:45:00.000Z,142.72,142.76,142.6,142.615,147758
2025-10-01T19:00:00.000Z,142.63,142.81,142.58,142.6709,148682
2025-10-01T19:15:00.000Z,142.6764,142.78,142.59,142.7,205511
2025-10-01T19:30:00.000Z,142.69,143.12,142.64,143.09,310328
2025-10-01T19:45:00.000Z,143.09,143.37,142.95,143.11,917260
2025-10-02T13:30:00.000Z,141.89,143.08,141.75,143.02,264467
2025-10-02T13:45:00.000Z,143.08,143.25,142.7,142.88,124881
2025-10-02T14:00:00.000Z,142.93,143.06,141.745,141.95,167634
2025-10-02T14:15:00.000Z,141.965,142.31,141.77,142.255,153849
2025-10-02T14:30:00.000Z,142.25,142.335,141.87,142.05,172095
2025-10-02T14:45:00.000Z,142.06,142.49,142.04,142.42,158044
2025-10-02T15:00:00.000Z,142.4268,142.68,142.14,142.15,109651
2025-10-02T15:15:00.000Z,142.12,142.235,141.95,142.03,101285
2025-10-02T15:30:00.000Z,142.025,142.0352,141.74,141.75,91355
2025-10-02T15:45:00.000Z,141.765,141.9411,141.7,141.82,72944
2025-10-02T16:00:00.000Z,141.815,141.88,141.66,141.73,96147
2025-10-02T16:15:00.000Z,141.74,141.75,141.54,141.595,145769
2025-10-02T16:30:00.000Z,141.5856,141.67,141.37,141.63,120091
2025-10-02T16:45:00.000Z,141.64,141.75,141.42,141.525,132544
2025-10-02T17:00:00.000Z,141.53,141.64,141.39,141.47,79749
2025-10-02T17:15:00.000Z,141.475,141.705,141.44,141.695,70886
2025-10-02T17:30:00.000Z,141.6855,141.96,141.63,141.87,75675
2025-10-02T17:45:00.000Z,141.87,141.88,141.76,141.845,61358
2025-10-02T18:00:00.000Z,141.87,141.88,141.73,141.84,93063
2025-10-02T18:15:00.000Z,141.85,141.98,141.8,141.9,86682
2025-10-02T18:30:00.000Z,141.89,142.02,141.83,141.99,111090
2025-10-02T18:45:00.000Z,142,142.0417,141.8932,141.91,75740
2025-10-02T19:00:00.000Z,141.91,142.085,141.775,141.905,130212
2025-10-02T19:15:00.000Z,141.905,142.09,141.855,141.985,126982
2025-10-02T19:30:00.000Z,141.98,142.035,141.93,142.01,151118
2025-10-02T19:45:00.000Z,142.015,142.36,141.965,142.32,460808
2025-10-03T13:30:00.000Z,142.265,143.09,142.15,143.0285,292543
2025-10-03T13:45:00.000Z,143.06,143.13,142.8,143.08,122041
2025-10-03T14:00:00.000Z,143.06,143.28,142.775,143.02,202596
2025-10-03T14:15:00.000Z,143.05,143.3044,142.92,143.215,103118
2025-10-03T14:30:00.000Z,143.215,143.25,142.98,143.035,122992
2025-10-03T14:45:00.000Z,143.06,143.22,142.75,142.81,116426
2025-10-03T15:00:00.000Z,142.78,142.88,142.4,142.4,91064
2025-10-03T15:15:00.000Z,142.42,142.62,142.33,142.62,97218
2025-10-03T15:30:00.000Z,142.6193,142.85,142.55,142.81,104512
2025-10-03T15:45:00.000Z,142.8,142.985,142.8,142.94,71743
2025-10-03T16:00:00.000Z,142.97,143.02,142.85,142.99,87661
2025-10-03T16:15:00.000Z,142.97,142.97,142.73,142.75,74430
2025-10-03T16:30:00.000Z,142.75,142.8906,142.67,142.8906,61271
2025-10-03T16:45:00.000Z,142.8741,142.975,142.78,142.94,99658
2025-10-03T17:00:00.000Z,142.94,143.0252,142.685,142.702,100729
2025-10-03T17:15:00.000Z,142.68,142.97,142.6709,142.9295,63074
2025-10-03T17:30:00.000Z,142.91,143.1,142.88,143.085,88497
2025-10-03T17:45:00.000Z,143.07,143.36,143.0401,143.1849,128308
2025-10-03T18:00:00.000Z,143.1226,143.2416,142.99,143.03,75997
2025-10-03T18:15:00.000Z,143,143.11,142.98,143.0232,63011
2025-10-03T18:30:00.000Z,143.03,143.09,142.99,143.01,79478
2025-10-03T18:45:00.000Z,143.01,143.0451,142.885,142.9692,72374
2025-10-03T19:00:00.000Z,142.96,143.02,142.67,142.69,152503
2025-10-03T19:15:00.000Z,142.69,142.69,142.33,142.64,194593
2025-10-03T19:30:00.000Z,142.66,142.8098,142.64,142.65,135784
2025-10-03T19:45:00.000Z,142.66,142.7044,141.86,141.97,561318
2025-10-06T13:30:00.000Z,141.77,141.85,139.01,139.345,642574
2025-10-06T13:45:00.000Z,139.3,140.27,138.88,140.09,380337
2025-10-06T14:00:00.000Z,140.0668,140.74,140.0668,140.675,191034
2025-10-06T14:15:00.000Z,140.675,140.91,140.43,140.718,167603
2025-10-06T14:30:00.000Z,140.71,140.8,140.55,140.685,132957
2025-10-06T14:45:00.000Z,140.6814,141.03,140.6814,140.91,140878
2025-10-06T15:00:00.000Z,140.93,141.02,140.51,140.56,147698
2025-10-06T15:15:00.000Z,140.545,140.7,140.49,140.64,140870
2025-10-06T15:30:00.000Z,140.64,140.65,140.37,140.6,132002
2025-10-06T15:45:00.000Z,140.5901,140.8257,140.505,140.81,111058
2025-10-06T16:00:00.000Z,140.81,140.82,140.525,140.73,147685
2025-10-06T16:15:00.000Z,140.71,140.9,140.63,140.9,79850
2025-10-06T16:30:00.000Z,140.91,141.01,140.61,140.66,86165
2025-10-06T16:45:00.000Z,140.665,140.775,140.53,140.636,173332
2025-10-06T17:00:00.000Z,140.65,140.73,140.54,140.66,148943
2025-10-06T17:15:00.000Z,140.64,140.81,140.63,140.74,126875
2025-10-06T17:30:00.000Z,140.71,140.81,140.52,140.52,140905
2025-10-06T17:45:00.000Z,140.53,140.62,140.45,140.53,149509
2025-10-06T18:00:00.000Z,140.56,140.58,140.45,140.49,128757
2025-10-06T18:15:00.000Z,140.5,140.54,140.4,140.53,137026
2025-10-06T18:30:00.000Z,140.525,140.54,140.42,140.48,102398
2025-10-06T18:45:00.000Z,140.4702,140.5,140.37,140.393,125776
2025-10-06T19:00:00.000Z,140.4,140.405,140.17,140.24,206669
2025-10-06T19:15:00.000Z,140.235,140.27,140.05,140.09,241357
2025-10-06T19:30:00.000Z,140.08,140.11,139.8501,140.01,244082
2025-10-06T19:45:00.000Z,140.005,140.18,139.68,139.7,1216751
2025-10-07T13:30:00.000Z,140.37,140.5,139.69,139.945,412093
2025-10-07T13:45:00.000Z,139.94,140.26,139.86,140.145,203889
2025-10-07T14:00:00.000Z,140.145,140.3264,140.04,140.265,206381
2025-10-07T14:15:00.000Z,140.265,140.5,140.25,140.455,144860
2025-10-07T14:30:00.000Z,140.455,140.4573,140.2,140.35,184878
2025-10-07T14:45:00.000Z,140.37,140.54,140.3,140.53,186607
2025-10-07T15:00:00.000Z,140.55,141.45,140.49,141.17,295620
2025-10-07T15:15:00.000Z,141.2499,141.25,140.8775,141.17,162268
2025-10-07T15:30:00.000Z,141.18,141.46,141.13,141.17,234786
2025-10-07T15:45:00.000Z,141.17,141.84,141.14,141.62,230047
2025-10-07T16:00:00.000Z,141.59,141.69,141.38,141.66,111177
2025-10-07T16:15:00.000Z,141.67,141.71,141.33,141.53,150134
2025-10-07T16:30:00.000Z,141.51,141.59,141.291,141.53,80124
2025-10-07T16:45:00.000Z,141.53,141.625,141.2806,141.35,82497
2025-10-07T17:00:00.000Z,141.3305,141.57,141.2601,141.5,66579
2025-10-07T17:15:00.000Z,141.5,141.5207,141.25,141.415,101786
2025-10-07T17:30:00.000Z,141.39,141.4196,141.15,141.235,74502
2025-10-07T17:45:00.000Z,141.23,141.2542,141.02,141.16,92907
2025-10-07T18:00:00.000Z,141.16,141.4,141.09,141.108,109328
2025-10-07T18:15:00.000Z,141.09,141.09,140.91,140.915,147270
2025-10-07T18:30:00.000Z,140.9075,140.9366,140.77,140.8,142174
2025-10-07T18:45:00.000Z,140.7901,140.89,140.62,140.71,139468
2025-10-07T19:00:00.000Z,140.71,140.8149,140.52,140.735,174474
2025-10-07T19:15:00.000Z,140.74,140.945,140.67,140.84,149476
2025-10-07T19:30:00.000Z,140.845,140.89,140.67,140.77,299658
2025-10-07T19:45:00.000Z,140.76,140.88,140.5448,140.82,525999
2025-10-08T13:30:00.000Z,140.79,140.98,139.875,139.98,432633
2025-10-08T13:45:00.000Z,139.95,140.23,139.67,139.825,212921
2025-10-08T14:00:00.000Z,139.805,140.18,139.78,139.92,256651
2025-10-08T14:15:00.000Z,139.94,140.08,139.57,139.58,229814
2025-10-08T14:30:00.000Z,139.58,139.6,139.2095,139.425,210879
2025-10-08T14:45:00.000Z,139.4,139.61,139.339,139.59,155696
2025-10-08T15:00:00.000Z,139.57,139.74,139.45,139.7,229496
2025-10-08T15:15:00.000Z,139.71,139.84,139.65,139.745,135080
2025-10-08T15:30:00.000Z,139.75,139.7724,139.29,139.29,166659
2025-10-08T15:45:00.000Z,139.29,139.514,139.275,139.42,143169
2025-10-08T16:00:00.000Z,139.415,139.45,139.26,139.41,114753
2025-10-08T16:15:00.000Z,139.41,139.41,139.23,139.345,113293
2025-10-08T16:30:00.000Z,139.35,139.46,139.3,139.3716,110047
2025-10-08T16:45:00.000Z,139.36,139.385,139.22,139.27,136797
2025-10-08T17:00:00.000Z,139.285,139.3499,139.2012,139.275,256008
2025-10-08T17:15:00.000Z,139.26,139.26,139.0214,139.07,171569
2025-10-08T17:30:00.000Z,139.09,139.12,138.82,138.85,281947
2025-10-08T17:45:00.000Z,138.87,139,138.7801,138.945,166586
2025-10-08T18:00:00.000Z,138.94,139.01,138.85,138.9809,198101
2025-10-08T18:15:00.000Z,138.98,139.05,138.92,138.96,136215
2025-10-08T18:30:00.000Z,138.96,139.0099,138.88,138.97,214199
2025-10-08T18:45:00.000Z,138.96,139.14,138.9,139.1359,178779
2025-10-08T19:00:00.000Z,139.13,139.24,139.03,139.09,234791
2025-10-08T19:15:00.000Z,139.09,139.09,138.89,138.91,212024
2025-10-08T19:30:00.000Z,138.91,138.98,138.84,138.915,335257
2025-10-08T19:45:00.000Z,138.915,139.02,138.69,138.74,1034037
2025-10-09T13:30:00.000Z,140.46,141.87,139.07,140.56,1363992
2025-10-09T13:45:00.000Z,140.66,141.56,139.4,139.465,728172
2025-10-09T14:00:00.000Z,139.465,140.2746,138.59,140.14,732098
2025-10-09T14:15:00.000Z,140.144,141.66,140.08,141.2,690708
2025-10-09T14:30:00.000Z,141.22,142.3607,141.17,141.885,558428
2025-10-09T14:45:00.000Z,141.82,142.3999,141.7,142.26,387404
2025-10-09T15:00:00.000Z,142.23,142.59,141.3317,142.41,400261
2025-10-09T15:15:00.000Z,142.435,142.96,142.35,142.645,375568
2025-10-09T15:30:00.000Z,142.645,143.04,142.097,142.105,325406
2025-10-09T15:45:00.000Z,142.105,142.475,141.71,141.8,246674
2025-10-09T16:00:00.000Z,141.78,142.225,141.63,141.915,332570
2025-10-09T16:15:00.000Z,141.89,142.58,141.72,142.475,211092
2025-10-09T16:30:00.000Z,142.45,143.18,142.41,143.03,261546
2025-10-09T16:45:00.000Z,143.0344,143.32,142.71,143.18,256793
2025-10-09T17:00:00.000Z,143.15,143.57,142.6,143.57,314981
2025-10-09T17:15:00.000Z,143.57,144.03,143.22,143.89,284694
2025-10-09T17:30:00.000Z,143.89,143.985,143.63,143.6716,289465
2025-10-09T17:45:00.000Z,143.635,143.95,143.4817,143.825,215318
2025-10-09T18:00:00.000Z,143.82,143.94,143.3539,143.655,281875
2025-10-09T18:15:00.000Z,143.65,144.0299,143.54,143.79,260751
2025-10-09T18:30:00.000Z,143.795,143.795,143.4314,143.68,221147
2025-10-09T18:45:00.000Z,143.68,144.01,143.455,143.58,347125
2025-10-09T19:00:00.000Z,143.6,143.88,143.37,143.85,239349
2025-10-09T19:15:00.000Z,143.85,144.05,143.73,143.82,372621
2025-10-09T19:30:00.000Z,143.83,144.44,143.7,144.4293,438270
2025-10-09T19:45:00.000Z,144.42,144.74,144.25,144.73,1185188
2025-10-10T13:30:00.000Z,145.63,149.32,145,149.29,1675578
2025-10-10T13:45:00.000Z,149.29,149.365,148.3029,148.987,790315
2025-10-10T14:00:00.000Z,148.95,149.515,148.5301,149.5,1210543
2025-10-10T14:15:00.000Z,149.48,149.9,149.31,149.66,548098
2025-10-10T14:30:00.000Z,149.62,149.98,149.15,149.55,466166
2025-10-10T14:45:00.000Z,149.55,150.27,149.485,149.93,683258
2025-10-10T15:00:00.000Z,149.92,150.4299,149.59,150.0083,639341
2025-10-10T15:15:00.000Z,150,150.815,149.67,149.91,745008
2025-10-10T15:30:00.000Z,149.9,150.37,149.62,149.73,581689
2025-10-10T15:45:00.000Z,149.73,150.1,149.68,149.8912,505257
2025-10-10T16:00:00.000Z,149.88,150.06,149.47,149.61,375021
2025-10-10T16:15:00.000Z,149.605,149.65,149.19,149.55,356022
2025-10-10T16:30:00.000Z,149.55,149.66,149.24,149.52,264144
2025-10-10T16:45:00.000Z,149.5325,149.7,149.33,149.35,234366
2025-10-10T17:00:00.000Z,149.35,149.7,149.28,149.42,248121
2025-10-10T17:15:00.000Z,149.44,150,149.2,149.98,289205
2025-10-10T17:30:00.000Z,149.98,150.08,149.61,149.88,300112
2025-10-10T17:45:00.000Z,149.885,149.995,149.69,149.74,281028
2025-10-10T18:00:00.000Z,149.715,149.8,149.43,149.7226,255484
2025-10-10T18:15:00.000Z,149.74,149.775,149.6,149.665,267456
2025-10-10T18:30:00.000Z,149.66,149.78,149.495,149.74,331012
2025-10-10T18:45:00.000Z,149.72,149.82,149.64,149.73,304776
2025-10-10T19:00:00.000Z,149.72,149.77,149.63,149.74,271397
2025-10-10T19:15:00.000Z,149.737,150.015,149.65,149.89,664167
2025-10-10T19:30:00.000Z,149.91,150.08,149.77,149.98,607711
2025-10-10T19:45:00.000Z,149.9803,150.53,149.84,150.09,1522054
2025-10-13T13:30:00.000Z,148.65,149.98,148.02,149.225,521771
2025-10-13T13:45:00.000Z,149.35,149.54,148.94,149.065,220172
2025-10-13T14:00:00.000Z,149.05,149.37,148.62,148.83,259575
2025-10-13T14:15:00.000Z,148.79,149,148.17,148.17,249520
2025-10-13T14:30:00.000Z,148.18,148.37,147.62,147.74,278407
2025-10-13T14:45:00.000Z,147.71,147.8199,147.34,147.59,335807
2025-10-13T15:00:00.000Z,147.59,148.125,147.44,148.085,247244
2025-10-13T15:15:00.000Z,148.085,148.17,147.58,148.17,224480
2025-10-13T15:30:00.000Z,148.121,148.355,147.92,148.08,167842
2025-10-13T15:45:00.000Z,148.085,148.085,147.4,147.645,134993
2025-10-13T16:00:00.000Z,147.62,147.78,147.5105,147.71,112214
2025-10-13T16:15:00.000Z,147.72,148,147.4,147.86,186482
2025-10-13T16:30:00.000Z,147.86,148.2,147.76,148.1,159954
2025-10-13T16:45:00.000Z,148.09,148.255,147.93,148.195,106140
2025-10-13T17:00:00.000Z,148.19,148.4093,147.97,148.385,102858
2025-10-13T17:15:00.000Z,148.385,148.76,148.34,148.34,125933
2025-10-13T17:30:00.000Z,148.34,148.74,148.24,148.66,107516
2025-10-13T17:45:00.000Z,148.66,148.71,148.35,148.44,98292
2025-10-13T18:00:00.000Z,148.41,148.605,148.27,148.345,111168
2025-10-13T18:15:00.000Z,148.33,148.46,148.01,148.435,129193
2025-10-13T18:30:00.000Z,148.45,148.77,148.445,148.4603,157631
2025-10-13T18:45:00.000Z,148.475,148.57,148.31,148.36,105500
2025-10-13T19:00:00.000Z,148.36,148.43,148.145,148.295,121130
2025-10-13T19:15:00.000Z,148.2901,148.65,148.29,148.55,213447
2025-10-13T19:30:00.000Z,148.54,148.6553,148.41,148.64,258679
2025-10-13T19:45:00.000Z,148.66,149,148.52,148.9,943952
2025-10-14T13:30:00.000Z,148.69,149.99,148.5,149.38,489391
2025-10-14T13:45:00.000Z,149.375,149.8791,149.06,149.385,260892
2025-10-14T14:00:00.000Z,149.38,149.79,148.98,149.67,255263
2025-10-14T14:15:00.000Z,149.68,150.465,149.68,150.19,443651
2025-10-14T14:30:00.000Z,150.2,150.74,150.2,150.36,381365
2025-10-14T14:45:00.000Z,150.385,150.805,149.9445,150.24,394727
2025-10-14T15:00:00.000Z,150.28,150.355,149.5,149.5263,233928
2025-10-14T15:15:00.000Z,149.55,150.04,149.53,150.0199,204123
2025-10-14T15:30:00.000Z,150.0014,150.11,149.3833,149.62,151511
2025-10-14T15:45:00.000Z,149.615,150.1,149.615,150.07,113041
2025-10-14T16:00:00.000Z,150.07,150.23,149.85,150.08,152610
2025-10-14T16:15:00.000Z,150.073,150.23,149.82,149.92,134983
2025-10-14T16:30:00.000Z,149.94,150.075,149.92,149.9668,152674
2025-10-14T16:45:00.000Z,149.97,150.09,149.9501,150.045,151386
2025-10-14T17:00:00.000Z,150.045,150.15,149.97,150.03,159287
2025-10-14T17:15:00.000Z,150.03,150.32,149.97,150.26,142171
2025-10-14T17:30:00.000Z,150.28,150.39,150.175,150.35,114961
2025-10-14T17:45:00.000Z,150.36,150.955,150.3413,150.92,248565
2025-10-14T18:00:00.000Z,150.92,151.05,150.8,150.83,165656
2025-10-14T18:15:00.000Z,150.83,151.09,150.82,151,217439
2025-10-14T18:30:00.000Z,150.985,151.04,150.75,150.9101,169631
2025-10-14T18:45:00.000Z,150.91,151.145,150.835,151.07,205256
2025-10-14T19:00:00.000Z,151.07,151.58,151.06,151.505,211418
2025-10-14T19:15:00.000Z,151.515,151.52,151.21,151.26,235738
2025-10-14T19:30:00.000Z,151.26,151.417,150.7975,150.875,375368
2025-10-14T19:45:00.000Z,150.875,151.62,150.875,151.56,1088947
2025-10-15T13:30:00.000Z,151.33,152.39,150.89,152.01,460674
2025-10-15T13:45:00.000Z,151.995,152.1052,151.3174,151.4182,157201
2025-10-15T14:00:00.000Z,151.41,151.41,150.74,151.005,188051
2025-10-15T14:15:00.000Z,151.005,151.21,150.57,150.61,120183
2025-10-15T14:30:00.000Z,150.59,150.915,150.545,150.6,134425
2025-10-15T14:45:00.000Z,150.6,150.74,150.2112,150.39,141627
2025-10-15T15:00:00.000Z,150.3901,150.42,149.65,149.78,155713
2025-10-15T15:15:00.000Z,149.82,150.07,149.7,149.825,139890
2025-10-15T15:30:00.000Z,149.8247,149.83,149.58,149.72,130209
2025-10-15T15:45:00.000Z,149.71,149.975,149.5901,149.6299,123391
2025-10-15T16:00:00.000Z,149.63,149.69,149.19,149.69,143198
2025-10-15T16:15:00.000Z,149.7,149.77,149.36,149.4194,89920
2025-10-15T16:30:00.000Z,149.39,149.5899,149.36,149.5399,81534
2025-10-15T16:45:00.000Z,149.515,149.65,149.405,149.58,78480
2025-10-15T17:00:00.000Z,149.58,149.68,149.4,149.53,98474
2025-10-15T17:15:00.000Z,149.51,149.51,149.17,149.395,120894
2025-10-15T17:30:00.000Z,149.39,149.81,149.34,149.79,125197
2025-10-15T17:45:00.000Z,149.79,149.95,149.65,149.93,120984
2025-10-15T18:00:00.000Z,149.945,150.22,149.91,150.21,103777
2025-10-15T18:15:00.000Z,150.24,150.285,149.95,150,120175
2025-10-15T18:30:00.000Z,149.995,150.04,149.84,149.975,112600
2025-10-15T18:45:00.000Z,149.97,150.27,149.7996,150.25,109313
2025-10-15T19:00:00.000Z,150.25,150.82,150.25,150.8,146456
2025-10-15T19:15:00.000Z,150.82,150.95,150.563,150.62,198740
2025-10-15T19:30:00.000Z,150.625,150.85,150.61,150.785,272788
2025-10-15T19:45:00.000Z,150.785,151.23,150.74,151.17,786339
2025-10-16T13:30:00.000Z,152.38,153.59,152.29,153.41,609436
2025-10-16T13:45:00.000Z,153.42,153.42,152.94,153.24,346393
2025-10-16T14:00:00.000Z,153.32,153.51,152.62,153.165,270261
2025-10-16T14:15:00.000Z,153.15,153.34,152.74,153.22,183677
2025-10-16T14:30:00.000Z,153.195,153.63,153.035,153.615,238760
2025-10-16T14:45:00.000Z,153.62,153.9,153.53,153.75,275069
2025-10-16T15:00:00.000Z,153.745,154.21,153.53,154.21,259714
2025-10-16T15:15:00.000Z,154.22,154.375,154.0495,154.0495,207138
2025-10-16T15:30:00.000Z,154.03,154.15,153.8119,153.925,211800
2025-10-16T15:45:00.000Z,153.925,153.95,153.54,153.88,165305
2025-10-16T16:00:00.000Z,153.87,154.1,153.78,153.85,167895
2025-10-16T16:15:00.000Z,153.86,153.89,153.2701,153.375,128637
2025-10-16T16:30:00.000Z,153.365,153.445,152.58,152.8,195534
2025-10-16T16:45:00.000Z,152.8,152.865,152.5339,152.78,131291
2025-10-16T17:00:00.000Z,152.8,153.37,152.8,153.29,150829
2025-10-16T17:15:00.000Z,153.29,153.63,153.255,153.54,103338
2025-10-16T17:30:00.000Z,153.53,153.69,153.16,153.215,119390
2025-10-16T17:45:00.000Z,153.2,153.5,153.09,153.16,139594
2025-10-16T18:00:00.000Z,153.14,153.15,152.98,153.11,156062
2025-10-16T18:15:00.000Z,153.13,153.16,152.82,153.01,253194
2025-10-16T18:30:00.000Z,152.995,152.995,152.46,152.745,245258
2025-10-16T18:45:00.000Z,152.745,152.89,152.6819,152.775,157463
2025-10-16T19:00:00.000Z,152.79,152.86,152.5733,152.615,202261
2025-10-16T19:15:00.000Z,152.62,152.68,152.45,152.46,183072
2025-10-16T19:30:00.000Z,152.45,152.59,152.355,152.49,257190
2025-10-16T19:45:00.000Z,152.49,152.83,152.34,152.7,984407
2025-10-17T13:30:00.000Z,153.77,153.77,151.735,152.48,672025
2025-10-17T13:45:00.000Z,152.465,153.04,152.46,152.705,178302
2025-10-17T14:00:00.000Z,152.71,152.935,152.2848,152.77,164120
2025-10-17T14:15:00.000Z,152.81,153.03,152.64,152.76,152197
2025-10-17T14:30:00.000Z,152.75,152.77,152.25,152.56,126373
2025-10-17T14:45:00.000Z,152.56,152.74,152.385,152.7194,129496
2025-10-17T15:00:00.000Z,152.73,152.83,152.58,152.68,148291
2025-10-17T15:15:00.000Z,152.68,152.97,152.68,152.755,159594
2025-10-17T15:30:00.000Z,152.755,153.3117,152.73,153.06,115806
2025-10-17T15:45:00.000Z,153.05,153.57,153.02,153.45,184868
2025-10-17T16:00:00.000Z,153.455,153.665,153.3501,153.605,110209
2025-10-17T16:15:00.000Z,153.6255,153.73,153.4098,153.595,75039
2025-10-17T16:30:00.000Z,153.61,153.68,153.33,153.54,93692
2025-10-17T16:45:00.000Z,153.55,153.82,153.465,153.64,93297
2025-10-17T17:00:00.000Z,153.64,153.75,153.48,153.6,91903
2025-10-17T17:15:00.000Z,153.61,153.645,153.22,153.315,95152
2025-10-17T17:30:00.000Z,153.31,153.685,153.31,153.42,97644
2025-10-17T17:45:00.000Z,153.41,153.41,153.15,153.36,90794
2025-10-17T18:00:00.000Z,153.4,153.61,153.4,153.455,77127
2025-10-17T18:15:00.000Z,153.45,153.75,153.445,153.62,209520
2025-10-17T18:30:00.000Z,153.6485,153.67,153.37,153.6599,163821
2025-10-17T18:45:00.000Z,153.63,153.67,153.51,153.59,151857
2025-10-17T19:00:00.000Z,153.6,153.9,153.58,153.77,211509
2025-10-17T19:15:00.000Z,153.77,153.8,153.56,153.63,158257
2025-10-17T19:30:00.000Z,153.62,153.82,153.57,153.79,197883
2025-10-17T19:45:00.000Z,153.8033,153.91,153.58,153.72,727768
2025-10-20T13:30:00.000Z,154.42,154.42,153.055,153.42,353541
2025-10-20T13:45:00.000Z,153.43,153.61,153.045,153.045,161144
2025-10-20T14:00:00.000Z,153.115,153.37,152.72,153.0488,159978
2025-10-20T14:15:00.000Z,153.09,153.22,152.715,152.94,122481
2025-10-20T14:30:00.000Z,152.92,153.3299,152.85,153.07,118294
2025-10-20T14:45:00.000Z,153.1003,153.14,152.88,152.965,107867
2025-10-20T15:00:00.000Z,152.99,153.01,152.74,152.98,97658
2025-10-20T15:15:00.000Z,152.98,153.09,152.8287,152.97,91669
2025-10-20T15:30:00.000Z,153,153.18,152.93,153.065,73626
2025-10-20T15:45:00.000Z,153.065,153.51,153.05,153.375,162694
2025-10-20T16:00:00.000Z,153.375,153.45,153.15,153.41,65992
2025-10-20T16:15:00.000Z,153.415,153.48,153.38,153.445,51387
2025-10-20T16:30:00.000Z,153.46,153.46,153.275,153.33,60733
2025-10-20T16:45:00.000Z,153.32,153.465,153.2666,153.3204,48055
2025-10-20T17:00:00.000Z,153.33,153.41,153.28,153.3803,40193
2025-10-20T17:15:00.000Z,153.41,153.41,153.26,153.36,44702
2025-10-20T17:30:00.000Z,153.37,153.67,153.345,153.656,62045
2025-10-20T17:45:00.000Z,153.67,153.845,153.64,153.795,65135
2025-10-20T18:00:00.000Z,153.8,153.97,153.78,153.92,72885
2025-10-20T18:15:00.000Z,153.93,153.93,153.62,153.84,81960
2025-10-20T18:30:00.000Z,153.865,154.025,153.82,153.905,90361
2025-10-20T18:45:00.000Z,153.91,153.98,153.795,153.97,71956
2025-10-20T19:00:00.000Z,153.97,154.125,153.9401,154.0287,91260
2025-10-20T19:15:00.000Z,154.03,154.035,153.83,153.9,172244
2025-10-20T19:30:00.000Z,153.88,153.92,153.52,153.62,160039
2025-10-20T19:45:00.000Z,153.61,154.04,153.52,153.63,569245
2025-10-21T13:30:00.000Z,154.7,155.19,153.065,153.92,484837
2025-10-21T13:45:00.000Z,153.92,154.37,153.67,153.935,191331
2025-10-21T14:00:00.000Z,153.925,153.925,153.33,153.55,282864
2025-10-21T14:15:00.000Z,153.48,153.75,153.315,153.66,154840
2025-10-21T14:30:00.000Z,153.67,153.795,153.39,153.741,177361
2025-10-21T14:45:00.000Z,153.74,153.9188,153.5675,153.62,155174
2025-10-21T15:00:00.000Z,153.63,153.71,153.35,153.49,132889
2025-10-21T15:15:00.000Z,153.51,153.61,153.265,153.49,108405
2025-10-21T15:30:00.000Z,153.46,153.705,153.31,153.7,241502
2025-10-21T15:45:00.000Z,153.65,153.7651,153.4,153.4,86579
2025-10-21T16:00:00.000Z,153.41,153.53,153.285,153.285,72081
2025-10-21T16:15:00.000Z,153.31,153.6,153.1334,153.4375,238364
2025-10-21T16:30:00.000Z,153.41,153.74,153.41,153.48,111855
2025-10-21T16:45:00.000Z,153.4554,153.525,153.35,153.38,63572
2025-10-21T17:00:00.000Z,153.37,153.63,153.1431,153.61,64752
2025-10-21T17:15:00.000Z,153.61,153.76,153.565,153.68,78709
2025-10-21T17:30:00.000Z,153.66,153.75,153.5725,153.58,65219
2025-10-21T17:45:00.000Z,153.565,153.59,153.46,153.495,61499
2025-10-21T18:00:00.000Z,153.5,153.52,153.255,153.455,61233
2025-10-21T18:15:00.000Z,153.455,153.58,153.36,153.505,93973
2025-10-21T18:30:00.000Z,153.55,153.57,153.33,153.45,67760
2025-10-21T18:45:00.000Z,153.45,153.48,152.955,153,139478
2025-10-21T19:00:00.000Z,152.98,153.0581,152.84,153.0139,112430
2025-10-21T19:15:00.000Z,153.005,153.12,152.97,153.02,102033
2025-10-21T19:30:00.000Z,153.03,153.08,152.96,152.97,168712
2025-10-21T19:45:00.000Z,152.97,153.257,152.965,153.18,546717
2025-10-22T13:30:00.000Z,153.15,153.82,152.86,153.5,237843
2025-10-22T13:45:00.000Z,153.47,153.505,152.71,153.01,253951
2025-10-22T14:00:00.000Z,152.92,153.62,152.88,153.59,141028
2025-10-22T14:15:00.000Z,153.56,154.68,153.41,154.67,201369
2025-10-22T14:30:00.000Z,154.65,154.87,154.45,154.7001,214412
2025-10-22T14:45:00.000Z,154.73,154.89,154.11,154.34,220938
2025-10-22T15:00:00.000Z,154.34,154.64,154.01,154.5622,186955
2025-10-22T15:15:00.000Z,154.555,155.18,154.51,154.755,245989
2025-10-22T15:30:00.000Z,154.75,155.08,154.69,154.69,89283
2025-10-22T15:45:00.000Z,154.7,154.71,154.465,154.57,89510
2025-10-22T16:00:00.000Z,154.5624,154.615,154.3,154.31,74469
2025-10-22T16:15:00.000Z,154.369,154.369,154.09,154.19,93829
2025-10-22T16:30:00.000Z,154.2,154.48,153.96,154.28,135407
2025-10-22T16:45:00.000Z,154.295,154.39,154.1,154.12,66326
2025-10-22T17:00:00.000Z,154.12,154.245,154.01,154.22,74248
2025-10-22T17:15:00.000Z,154.22,154.495,154.195,154.33,119928
2025-10-22T17:30:00.000Z,154.34,154.49,154.165,154.19,140012
2025-10-22T17:45:00.000Z,154.2,154.54,154.14,154.51,107147
2025-10-22T18:00:00.000Z,154.52,154.64,154.205,154.32,93753
2025-10-22T18:15:00.000Z,154.34,154.34,153.9,153.95,83904
2025-10-22T18:30:00.000Z,153.96,153.97,153.68,153.73,71264
2025-10-22T18:45:00.000Z,153.75,153.86,153.52,153.82,81121
2025-10-22T19:00:00.000Z,153.77,153.82,153.42,153.47,270981
2025-10-22T19:15:00.000Z,153.49,153.635,153.3601,153.419,124236
2025-10-22T19:30:00.000Z,153.425,153.54,153.12,153.12,189478
2025-10-22T19:45:00.000Z,153.13,153.17,152.88,153.03,597315
2025-10-23T13:30:00.000Z,153.17,153.4,152.69,152.825,190814
2025-10-23T13:45:00.000Z,152.795,152.8201,151.75,152.237,125592
2025-10-23T14:00:00.000Z,152.23,152.9,152.185,152.35,129889
2025-10-23T14:15:00.000Z,152.395,152.7,152.19,152.35,92751
2025-10-23T14:30:00.000Z,152.27,152.46,152.14,152.39,59627
2025-10-23T14:45:00.000Z,152.42,152.5401,152.11,152.165,163901
2025-10-23T15:00:00.000Z,152.165,152.25,151.57,151.65,80013
2025-10-23T15:15:00.000Z,151.66,151.86,151.55,151.71,101844
2025-10-23T15:30:00.000Z,151.755,151.81,151.21,151.31,91123
2025-10-23T15:45:00.000Z,151.3,151.4001,151.1531,151.2,102223
2025-10-23T16:00:00.000Z,151.2,151.35,151.03,151.24,99996
2025-10-23T16:15:00.000Z,151.25,151.425,151.085,151.19,66335
2025-10-23T16:30:00.000Z,151.175,151.355,151.11,151.295,68531
2025-10-23T16:45:00.000Z,151.3,151.47,151.2235,151.31,71476
2025-10-23T17:00:00.000Z,151.33,151.37,151.23,151.34,75742
2025-10-23T17:15:00.000Z,151.34,151.47,151.188,151.43,68644
2025-10-23T17:30:00.000Z,151.45,151.54,151.4,151.4124,70293
2025-10-23T17:45:00.000Z,151.42,151.45,151.13,151.309,66394
2025-10-23T18:00:00.000Z,151.29,151.47,151.14,151.15,137826
2025-10-23T18:15:00.000Z,151.15,151.18,151.03,151.145,85690
2025-10-23T18:30:00.000Z,151.13,151.34,151.09,151.14,88388
2025-10-23T18:45:00.000Z,151.15,151.27,151.08,151.26,70876
2025-10-23T19:00:00.000Z,151.25,151.3299,151.13,151.26,154718
2025-10-23T19:15:00.000Z,151.28,151.59,151.2709,151.59,143379
2025-10-23T19:30:00.000Z,151.58,151.58,151.48,151.55,152655
2025-10-23T19:45:00.000Z,151.55,151.68,151.18,151.46,498419
2025-10-24T13:30:00.000Z,152.04,152.29,151.58,151.855,172472
2025-10-24T13:45:00.000Z,152,152.2,151.53,151.935,101368
2025-10-24T14:00:00.000Z,151.935,152.24,151.535,151.78,165550
2025-10-24T14:15:00.000Z,151.8,152.34,151.76,152.1901,179569
2025-10-24T14:30:00.000Z,152.18,152.3,151.8922,152.26,91631
2025-10-24T14:45:00.000Z,152.25,152.415,152.23,152.23,80173
2025-10-24T15:00:00.000Z,152.255,152.41,152.12,152.19,69682
2025-10-24T15:15:00.000Z,152.2,152.37,151.96,151.96,99110
2025-10-24T15:30:00.000Z,151.97,152.03,151.86,151.9688,108818
2025-10-24T15:45:00.000Z,151.9724,152.3,151.9,152.1256,87554
2025-10-24T16:00:00.000Z,152.16,152.2,151.955,152.09,58863
2025-10-24T16:15:00.000Z,152.09,152.29,152.09,152.135,53125
2025-10-24T16:30:00.000Z,152.11,152.11,151.265,151.52,221144
2025-10-24T16:45:00.000Z,151.47,151.73,151.47,151.6,83353
2025-10-24T17:00:00.000Z,151.594,151.742,151.5544,151.729,56070
2025-10-24T17:15:00.000Z,151.75,151.86,151.75,151.82,41860
2025-10-24T17:30:00.000Z,151.81,151.87,151.74,151.82,45510
2025-10-24T17:45:00.000Z,151.82,151.88,151.78,151.8083,39178
2025-10-24T18:00:00.000Z,151.82,151.8609,151.57,151.61,43090
2025-10-24T18:15:00.000Z,151.6,151.67,151.51,151.67,46822
2025-10-24T18:30:00.000Z,151.66,151.72,151.6,151.675,55455
2025-10-24T18:45:00.000Z,151.685,151.755,151.63,151.74,51664
2025-10-24T19:00:00.000Z,151.76,151.78,151.615,151.75,60966
2025-10-24T19:15:00.000Z,151.73,151.73,151.38,151.395,91057
2025-10-24T19:30:00.000Z,151.415,151.54,151.415,151.45,102097
2025-10-24T19:45:00.000Z,151.46,151.8,151.4,151.56,391888
2025-10-27T13:30:00.000Z,151.01,152.15,150.96,151.6,300391
2025-10-27T13:45:00.000Z,151.58,152,151.5,151.955,128238
2025-10-27T14:00:00.000Z,151.955,152.53,151.92,152.35,159605
2025-10-27T14:15:00.000Z,152.355,152.72,152.3,152.355,104325
2025-10-27T14:30:00.000Z,152.38,152.5,152.04,152.08,131649
2025-10-27T14:45:00.000Z,152.085,152.205,151.95,152.11,105850
2025-10-27T15:00:00.000Z,152.06,152.06,151.68,151.925,94956
2025-10-27T15:15:00.000Z,151.96,152.44,151.79,152.41,107461
2025-10-27T15:30:00.000Z,152.43,152.44,152.132,152.14,82303
2025-10-27T15:45:00.000Z,152.13,152.34,152.125,152.33,61859
2025-10-27T16:00:00.000Z,152.32,152.46,152.12,152.1834,81387
2025-10-27T16:15:00.000Z,152.18,152.29,152.13,152.16,89327
2025-10-27T16:30:00.000Z,152.175,152.1847,151.76,151.8545,76207
2025-10-27T16:45:00.000Z,151.86,151.99,151.82,151.985,60739
2025-10-27T17:00:00.000Z,151.99,152.105,151.76,151.865,74720
2025-10-27T17:15:00.000Z,151.87,151.96,151.82,151.88,72608
2025-10-27T17:30:00.000Z,151.9,152.16,151.83,152.1,78856
2025-10-27T17:45:00.000Z,152.11,152.37,152.06,152.125,130494
2025-10-27T18:00:00.000Z,152.15,152.165,151.84,151.98,74163
2025-10-27T18:15:00.000Z,151.98,152.25,151.895,152.225,70562
2025-10-27T18:30:00.000Z,152.225,152.39,152.2,152.255,80549
2025-10-27T18:45:00.000Z,152.26,152.35,152.18,152.205,78889
2025-10-27T19:00:00.000Z,152.205,152.39,152.205,152.31,106760
2025-10-27T19:15:00.000Z,152.32,152.51,152.27,152.49,112405
2025-10-27T19:30:00.000Z,152.48,152.68,152.44,152.65,154716
2025-10-27T19:45:00.000Z,152.66,152.87,152.39,152.62,571484
2025-10-28T13:30:00.000Z,151.41,152.1,151.325,151.34,191646
2025-10-28T13:45:00.000Z,151.39,152.58,151.39,152.56,167269
2025-10-28T14:00:00.000Z,152.565,152.72,152.32,152.53,90029
2025-10-28T14:15:00.000Z,152.495,152.94,152.495,152.92,99148
2025-10-28T14:30:00.000Z,152.94,152.97,152.695,152.8125,110113
2025-10-28T14:45:00.000Z,152.86,152.91,152.435,152.58,150457
2025-10-28T15:00:00.000Z,152.59,153.1721,152.57,153.115,122547
2025-10-28T15:15:00.000Z,153.115,153.2105,152.99,153.07,106650
2025-10-28T15:30:00.000Z,153.05,153.16,152.67,152.715,103783
2025-10-28T15:45:00.000Z,152.69,152.9599,152.38,152.89,101096
2025-10-28T16:00:00.000Z,152.89,152.92,152.55,152.675,85348
2025-10-28T16:15:00.000Z,152.6744,152.7,152.31,152.4,120753
2025-10-28T16:30:00.000Z,152.415,152.565,152.1701,152.24,93066
2025-10-28T16:45:00.000Z,152.25,152.54,152.21,152.54,70904
2025-10-28T17:00:00.000Z,152.54,152.5599,151.57,151.73,186153
2025-10-28T17:15:00.000Z,151.73,151.85,151.455,151.5205,143614
2025-10-28T17:30:00.000Z,151.5,151.5,150.7822,150.99,229503
2025-10-28T17:45:00.000Z,150.95,151,150.53,150.7,190122
2025-10-28T18:00:00.000Z,150.715,150.95,150.58,150.82,157875
2025-10-28T18:15:00.000Z,150.83,150.83,150.45,150.6675,139942
2025-10-28T18:30:00.000Z,150.645,150.6775,150.12,150.2601,156747
2025-10-28T18:45:00.000Z,150.28,150.61,150.26,150.51,117877
2025-10-28T19:00:00.000Z,150.49,150.695,150.39,150.51,179637
2025-10-28T19:15:00.000Z,150.5,150.66,150.29,150.37,239899
2025-10-28T19:30:00.000Z,150.385,150.4,150.16,150.27,255120
2025-10-28T19:45:00.000Z,150.28,150.34,149.92,150.12,836800
2025-10-29T13:30:00.000Z,148.05,148.6648,146.08,146.448,691055
2025-10-29T13:45:00.000Z,146.49,146.7704,146.16,146.76,399565
2025-10-29T14:00:00.000Z,146.77,147.06,146.43,146.585,274692
2025-10-29T14:15:00.000Z,146.585,146.595,145.85,146.025,271826
2025-10-29T14:30:00.000Z,146.05,146.2,145.74,146.06,248885
2025-10-29T14:45:00.000Z,146.06,146.32,145.96,146.26,229745
2025-10-29T15:00:00.000Z,146.27,146.63,146.13,146.39,181639
2025-10-29T15:15:00.000Z,146.395,146.91,146.17,146.78,318149
2025-10-29T15:30:00.000Z,146.78,146.94,146.69,146.84,193593
2025-10-29T15:45:00.000Z,146.86,146.93,146.55,146.66,208783
2025-10-29T16:00:00.000Z,146.66,147.4683,146.65,147.335,192916
2025-10-29T16:15:00.000Z,147.34,147.39,146.89,146.895,113229
2025-10-29T16:30:00.000Z,146.895,146.94,146.69,146.69,131676
2025-10-29T16:45:00.000Z,146.69,146.89,146.64,146.74,120320
2025-10-29T17:00:00.000Z,146.78,146.815,146.635,146.8,137347
2025-10-29T17:15:00.000Z,146.82,146.9599,146.65,146.67,111426
2025-10-29T17:30:00.000Z,146.68,146.82,146.3,146.325,134083
2025-10-29T17:45:00.000Z,146.34,146.36,145.73,145.77,103381
2025-10-29T18:00:00.000Z,145.79,146.08,145.79,145.99,128869
2025-10-29T18:15:00.000Z,145.99,146.28,145.98,146.26,130427
2025-10-29T18:30:00.000Z,146.25,146.4,143.67,146.14,291672
2025-10-29T18:45:00.000Z,146.13,146.36,146.06,146.23,167611
2025-10-29T19:00:00.000Z,146.22,146.24,145.975,146.09,223178
2025-10-29T19:15:00.000Z,146.1,146.665,146.1,146.445,168328
2025-10-29T19:30:00.000Z,146.44,146.46,145.945,146.19,286629
2025-10-29T19:45:00.000Z,146.195,146.36,145.89,146.2,729050
2025-10-30T13:30:00.000Z,146.34,147.58,146.25,147.14,314769
2025-10-30T13:45:00.000Z,147.09,147.33,146.655,147.235,158751
2025-10-30T14:00:00.000Z,147.14,147.57,146.76,147.395,153926
2025-10-30T14:15:00.000Z,147.38,147.76,147.3,147.5,133736
2025-10-30T14:30:00.000Z,147.53,147.75,147.3889,147.48,108002
2025-10-30T14:45:00.000Z,147.5,147.8592,147.4,147.8045,116205
2025-10-30T15:00:00.000Z,147.85,148.03,147.68,147.91,277813
2025-10-30T15:15:00.000Z,147.92,148.09,147.69,147.9,139398
2025-10-30T15:30:00.000Z,147.9,147.97,147.53,147.53,139701
2025-10-30T15:45:00.000Z,147.51,147.68,147.46,147.46,91202
2025-10-30T16:00:00.000Z,147.44,147.57,147.325,147.4,76495
2025-10-30T16:15:00.000Z,147.39,147.6425,147.222,147.5826,84216
2025-10-30T16:30:00.000Z,147.57,147.65,147.47,147.575,81107
2025-10-30T16:45:00.000Z,147.56,147.56,147.3601,147.54,65902
2025-10-30T17:00:00.000Z,147.54,147.56,147.22,147.2998,108993
2025-10-30T17:15:00.000Z,147.29,147.61,147.26,147.61,75497
2025-10-30T17:30:00.000Z,147.62,147.73,147.5602,147.635,85270
2025-10-30T17:45:00.000Z,147.632,147.79,147.54,147.76,83758
2025-10-30T18:00:00.000Z,147.785,147.82,147.34,147.395,77597
2025-10-30T18:15:00.000Z,147.395,147.5005,147.3,147.477,70216
2025-10-30T18:30:00.000Z,147.475,147.605,147.475,147.53,92625
2025-10-30T18:45:00.000Z,147.515,147.56,147.34,147.34,93254
2025-10-30T19:00:00.000Z,147.32,147.4892,147.25,147.42,108713
2025-10-30T19:15:00.000Z,147.445,147.6101,147.4384,147.575,124166
2025-10-30T19:30:00.000Z,147.56,147.9898,147.56,147.9,211702
2025-10-30T19:45:00.000Z,147.89,147.96,147.42,147.55,729316
2025-10-31T13:30:00.000Z,146.2,146.7,145.62,145.94,319019
2025-10-31T13:45:00.000Z,145.96,146.58,145.3,146.53,146609
2025-10-31T14:00:00.000Z,146.535,147,146.42,146.64,182390
2025-10-31T14:15:00.000Z,146.62,146.83,146.36,146.645,240476
2025-10-31T14:30:00.000Z,146.6366,146.7,146.095,146.5995,151434
2025-10-31T14:45:00.000Z,146.58,146.715,146.26,146.4519,115785
2025-10-31T15:00:00.000Z,146.5,146.595,146.215,146.25,124638
2025-10-31T15:15:00.000Z,146.22,146.82,146.1901,146.72,93017
2025-10-31T15:30:00.000Z,146.74,146.83,146.5,146.595,97735
2025-10-31T15:45:00.000Z,146.565,146.77,146.46,146.555,127029
2025-10-31T16:00:00.000Z,146.555,146.6332,146.11,146.17,126524
2025-10-31T16:15:00.000Z,146.165,146.565,146.05,146.505,96781
2025-10-31T16:30:00.000Z,146.5,146.675,146.42,146.42,85585
2025-10-31T16:45:00.000Z,146.42,146.422,146.0395,146.37,157736
2025-10-31T17:00:00.000Z,146.37,146.4802,146.09,146.275,99605
2025-10-31T17:15:00.000Z,146.27,146.3,146.0401,146.25,89099
2025-10-31T17:30:00.000Z,146.245,146.56,146.14,146.155,174920
2025-10-31T17:45:00.000Z,146.14,146.26,145.82,146.12,125005
2025-10-31T18:00:00.000Z,146.11,146.22,145.9451,146.13,79118
2025-10-31T18:15:00.000Z,146.13,146.16,145.945,146.04,70710
2025-10-31T18:30:00.000Z,146.05,146.22,146.03,146.11,77538
2025-10-31T18:45:00.000Z,146.105,146.15,146.04,146.06,131141
2025-10-31T19:00:00.000Z,146.06,146.16,145.99,146.09,121510
2025-10-31T19:15:00.000Z,146.09,146.22,146.05,146.08,192692
2025-10-31T19:30:00.000Z,146.085,146.66,146.07,146.41,287739
2025-10-31T19:45:00.000Z,146.425,146.425,145.93,146.09,752549
2025-11-03T14:30:00.000Z,145.86,145.91,144.77,145.55,318003
2025-11-03T14:45:00.000Z,145.525,145.53,144.86,145.19,129638
2025-11-03T15:00:00.000Z,145.16,145.42,144.6905,144.7,162867
2025-11-03T15:15:00.000Z,144.69,144.76,143.8,143.8,347665
2025-11-03T15:30:00.000Z,143.8817,144.325,143.7648,144.19,140234
2025-11-03T15:45:00.000Z,144.2,144.57,144.11,144.17,141806
2025-11-03T16:00:00.000Z,144.18,144.26,143.715,143.775,171893
2025-11-03T16:15:00.000Z,143.79,144.24,143.73,144.24,110013
2025-11-03T16:30:00.000Z,144.2225,144.26,143.885,144.09,156355
2025-11-03T16:45:00.000Z,144.09,144.175,143.97,144.09,88362
2025-11-03T17:00:00.000Z,144.07,144.22,143.9,143.94,119238
2025-11-03T17:15:00.000Z,143.9334,143.9334,143.7112,143.84,84957
2025-11-03T17:30:00.000Z,143.815,143.83,143.46,143.68,127017
2025-11-03T17:45:00.000Z,143.69,143.86,143.69,143.77,121250
2025-11-03T18:00:00.000Z,143.7475,143.8,143.615,143.693,85950
2025-11-03T18:15:00.000Z,143.705,143.75,143.41,143.495,97469
2025-11-03T18:30:00.000Z,143.5099,143.64,143.42,143.64,105390
2025-11-03T18:45:00.000Z,143.65,143.65,143.25,143.34,101980
2025-11-03T19:00:00.000Z,143.35,143.8,143.35,143.7601,131642
2025-11-03T19:15:00.000Z,143.79,144.03,143.71,143.795,482167
2025-11-03T19:30:00.000Z,143.81,144.04,143.46,143.5,263312
2025-11-03T19:45:00.000Z,143.505,143.64,143.33,143.55,200321
2025-11-03T20:00:00.000Z,143.55,143.7702,143.49,143.73,106737
2025-11-03T20:15:00.000Z,143.75,143.76,143.46,143.6001,149622
2025-11-03T20:30:00.000Z,143.595,143.79,143.505,143.65,491606
2025-11-03T20:45:00.000Z,143.6637,143.725,143.28,143.61,624998
2025-11-04T14:30:00.000Z,144.7,144.93,143.46,143.55,468105
2025-11-04T14:45:00.000Z,143.605,143.68,143.0006,143.17,127919
2025-11-04T15:00:00.000Z,143.2,143.74,143.0128,143.71,166429
2025-11-04T15:15:00.000Z,143.76,144.15,143.76,144.0151,105500
2025-11-04T15:30:00.000Z,144.05,144.25,143.34,143.34,122732
2025-11-04T15:45:00.000Z,143.35,143.37,143.06,143.16,146813
2025-11-04T16:00:00.000Z,143.21,143.34,143.05,143.19,121353
2025-11-04T16:15:00.000Z,143.2099,143.4,143.1,143.28,128453
2025-11-04T16:30:00.000Z,143.265,143.3412,143.0675,143.27,99980
2025-11-04T16:45:00.000Z,143.29,143.4785,143.04,143.105,131027
2025-11-04T17:00:00.000Z,143.1,143.15,142.91,143.0701,99660
2025-11-04T17:15:00.000Z,143.045,143.0785,142.9,142.9568,74432
2025-11-04T17:30:00.000Z,142.96,143.005,142.47,142.7129,138839
2025-11-04T17:45:00.000Z,142.73,142.945,142.645,142.785,89933
2025-11-04T18:00:00.000Z,142.75,142.79,142.48,142.67,95723
2025-11-04T18:15:00.000Z,142.69,142.85,142.61,142.76,91497
2025-11-04T18:30:00.000Z,142.76,142.81,142.54,142.55,163372
2025-11-04T18:45:00.000Z,142.57,142.845,142.505,142.555,334278
2025-11-04T19:00:00.000Z,142.55,142.76,142.4,142.57,235068
2025-11-04T19:15:00.000Z,142.58,142.6,142.28,142.295,145744
2025-11-04T19:30:00.000Z,142.2739,142.6,142.06,142.44,162912
2025-11-04T19:45:00.000Z,142.43,142.71,142.35,142.655,159005
2025-11-04T20:00:00.000Z,142.66,142.994,142.465,142.994,132126
2025-11-04T20:15:00.000Z,142.99,143.15,142.905,142.91,244391
2025-11-04T20:30:00.000Z,142.935,143.05,142.76,142.86,262140
2025-11-04T20:45:00.000Z,142.87,143.02,142.49,142.92,1052393
2025-11-05T14:30:00.000Z,142.9,143.28,142.31,142.4,354218
2025-11-05T14:45:00.000Z,142.43,142.61,141.91,142.2,349285
2025-11-05T15:00:00.000Z,142.17,142.38,141.85,142.2842,237454
2025-11-05T15:15:00.000Z,142.2826,142.47,142.115,142.37,236998
2025-11-05T15:30:00.000Z,142.355,142.73,142.21,142.73,144193
2025-11-05T15:45:00.000Z,142.7,142.75,142.25,142.265,213380
2025-11-05T16:00:00.000Z,142.25,142.265,141.77,141.82,191137
2025-11-05T16:15:00.000Z,141.82,142.03,141.77,141.84,143757
2025-11-05T16:30:00.000Z,141.86,141.9099,141.58,141.76,162782
2025-11-05T16:45:00.000Z,141.755,142.15,141.685,141.94,164292
2025-11-05T17:00:00.000Z,141.94,142.065,141.68,141.85,170692
2025-11-05T17:15:00.000Z,141.86,142.33,141.86,142.32,118347
2025-11-05T17:30:00.000Z,142.36,142.4,142.14,142.22,96179
2025-11-05T17:45:00.000Z,142.18,142.3,142.13,142.2276,78658
2025-11-05T18:00:00.000Z,142.24,142.31,142.14,142.31,80816
2025-11-05T18:15:00.000Z,142.31,142.35,142.15,142.28,114691
2025-11-05T18:30:00.000Z,142.28,142.45,142.0948,142.335,109057
2025-11-05T18:45:00.000Z,142.35,142.5,142,142.14,126206
2025-11-05T19:00:00.000Z,142.14,142.26,141.98,142.22,92791
2025-11-05T19:15:00.000Z,142.21,142.4,142.2,142.305,78349
2025-11-05T19:30:00.000Z,142.31,142.425,142.255,142.4,104572
2025-11-05T19:45:00.000Z,142.4,142.43,142.25,142.26,96566
2025-11-05T20:00:00.000Z,142.27,142.45,142.21,142.22,96428
2025-11-05T20:15:00.000Z,142.225,142.47,142.215,142.4,152945
2025-11-05T20:30:00.000Z,142.4,142.8,142.36,142.785,215109
2025-11-05T20:45:00.000Z,142.78,143.1452,142.67,142.85,790877
2025-11-06T14:30:00.000Z,142.41,143.02,141.62,141.675,365477
2025-11-06T14:45:00.000Z,141.68,142.17,141.42,142.145,200184
2025-11-06T15:00:00.000Z,142.14,142.27,141.82,142.07,262157
2025-11-06T15:15:00.000Z,142.0899,142.395,142.075,142.285,155123
2025-11-06T15:30:00.000Z,142.295,142.815,142.19,142.815,156630
2025-11-06T15:45:00.000Z,142.825,142.87,142.5,142.69,203419
2025-11-06T16:00:00.000Z,142.675,142.7863,142.25,142.345,211949
2025-11-06T16:15:00.000Z,142.35,142.645,142.24,142.5,199113
2025-11-06T16:30:00.000Z,142.52,143.16,142.35,143.15,187836
2025-11-06T16:45:00.000Z,143.12,143.15,142.695,142.695,178096
2025-11-06T17:00:00.000Z,142.685,143.055,142.49,143.055,96098
2025-11-06T17:15:00.000Z,143.06,143.205,142.94,143.05,153327
2025-11-06T17:30:00.000Z,143.06,143.1299,142.24,142.34,184853
2025-11-06T17:45:00.000Z,142.335,142.385,141.925,142.015,180260
2025-11-06T18:00:00.000Z,142.015,142.18,141.87,141.92,140516
2025-11-06T18:15:00.000Z,141.91,142.07,141.825,141.9353,139878
2025-11-06T18:30:00.000Z,141.911,141.97,141.71,141.77,114117
2025-11-06T18:45:00.000Z,141.77,141.84,141.62,141.73,124799
2025-11-06T19:00:00.000Z,141.72,141.93,141.63,141.71,116804
2025-11-06T19:15:00.000Z,141.72,141.8,141.509,141.5599,119183
2025-11-06T19:30:00.000Z,141.56,141.575,141.34,141.48,169474
2025-11-06T19:45:00.000Z,141.48,141.605,141.39,141.405,156494
2025-11-06T20:00:00.000Z,141.41,141.649,141.3,141.585,165206
2025-11-06T20:15:00.000Z,141.595,141.718,141.59,141.68,134831
2025-11-06T20:30:00.000Z,141.67,141.685,141.38,141.42,230727
2025-11-06T20:45:00.000Z,141.45,141.675,141.35,141.6,788012
2025-11-07T14:30:00.000Z,142.93,143.82,141.65,143.67,476616
2025-11-07T14:45:00.000Z,143.67,143.98,142.315,142.38,365060
2025-11-07T15:00:00.000Z,142.38,143.2,142.38,142.9129,288319
2025-11-07T15:15:00.000Z,142.87,143.07,142.62,142.92,203180
2025-11-07T15:30:00.000Z,142.9496,143.34,142.86,143.32,267161
2025-11-07T15:45:00.000Z,143.33,143.555,143.1,143.45,133358
2025-11-07T16:00:00.000Z,143.47,144.05,143.31,144.01,189860
2025-11-07T16:15:00.000Z,144,144.02,143.22,143.395,144908
2025-11-07T16:30:00.000Z,143.42,143.5,143.21,143.45,107996
2025-11-07T16:45:00.000Z,143.43,143.63,143.225,143.46,125130
2025-11-07T17:00:00.000Z,143.45,143.45,143.08,143.15,123534
2025-11-07T17:15:00.000Z,143.19,143.29,143.06,143.095,130449
2025-11-07T17:30:00.000Z,143.09,143.325,142.92,143.15,163233
2025-11-07T17:45:00.000Z,143.15,143.34,143.05,143.13,83863
2025-11-07T18:00:00.000Z,143.11,143.16,142.748,142.76,114727
2025-11-07T18:15:00.000Z,142.75,142.945,142.69,142.78,107731
2025-11-07T18:30:00.000Z,142.78,142.815,141.89,142.14,284698
2025-11-07T18:45:00.000Z,142.135,142.32,141.81,141.995,151024
2025-11-07T19:00:00.000Z,142,142.445,141.965,142.34,155338
2025-11-07T19:15:00.000Z,142.37,142.43,141.92,142.29,153758
2025-11-07T19:30:00.000Z,142.31,142.69,142.3,142.69,117586
2025-11-07T19:45:00.000Z,142.69,142.81,142.45,142.505,111186
2025-11-07T20:00:00.000Z,142.51,142.74,142.45,142.6,104472
2025-11-07T20:15:00.000Z,142.58,142.84,142.5104,142.81,136478
2025-11-07T20:30:00.000Z,142.81,143.08,142.79,143.005,245663
2025-11-07T20:45:00.000Z,143,143.04,142.73,142.96,543447
2025-11-10T14:30:00.000Z,142.49,142.92,141.26,141.33,324425
2025-11-10T14:45:00.000Z,141.39,142.14,141.345,141.73,231673
2025-11-10T15:00:00.000Z,141.75,142.35,141.55,142.055,213408
2025-11-10T15:15:00.000Z,142.055,142.14,141.74,141.75,204901
2025-11-10T15:30:00.000Z,141.74,142.305,141.535,142.095,171312
2025-11-10T15:45:00.000Z,142.1319,142.42,142.07,142.19,120754
2025-11-10T16:00:00.000Z,142.18,142.36,141.84,142.1895,161470
2025-11-10T16:15:00.000Z,142.16,142.18,141.75,141.79,135918
2025-11-10T16:30:00.000Z,141.78,141.78,141.54,141.605,133551
2025-11-10T16:45:00.000Z,141.605,141.78,141.54,141.76,110908
2025-11-10T17:00:00.000Z,141.78,141.8204,141.5844,141.69,101576
2025-11-10T17:15:00.000Z,141.685,141.88,141.67,141.86,89166
2025-11-10T17:30:00.000Z,141.865,142.1422,141.79,141.99,109168
2025-11-10T17:45:00.000Z,141.99,142.225,141.93,142.09,71725
2025-11-10T18:00:00.000Z,142.06,142.16,141.97,142.15,80087
2025-11-10T18:15:00.000Z,142.15,142.1738,141.98,142.05,100179
2025-11-10T18:30:00.000Z,142.06,142.26,142.005,142.13,103737
2025-11-10T18:45:00.000Z,142.14,142.34,142.11,142.3369,112326
2025-11-10T19:00:00.000Z,142.35,142.51,142.27,142.32,110996
2025-11-10T19:15:00.000Z,142.32,142.47,142.2,142.24,166439
2025-11-10T19:30:00.000Z,142.26,142.44,142.17,142.415,105293
2025-11-10T19:45:00.000Z,142.415,142.43,142.33,142.4,111910
2025-11-10T20:00:00.000Z,142.4,142.51,142.22,142.27,287926
2025-11-10T20:15:00.000Z,142.295,142.395,142.25,142.345,163915
2025-11-10T20:30:00.000Z,142.33,142.67,142.33,142.645,255509
2025-11-10T20:45:00.000Z,142.64,143.02,142.55,142.62,557846
2025-11-11T14:30:00.000Z,143.28,143.65,142.68,142.81,192496
2025-11-11T14:45:00.000Z,142.815,143.1714,142.7,142.955,116824
2025-11-11T15:00:00.000Z,142.96,143.24,142.77,143.225,124188
2025-11-11T15:15:00.000Z,143.26,143.67,143.205,143.44,101176
2025-11-11T15:30:00.000Z,143.44,143.69,143.34,143.57,131925
2025-11-11T15:45:00.000Z,143.585,144.29,143.585,143.995,183952
2025-11-11T16:00:00.000Z,143.9925,144.43,143.983,144.265,137067
2025-11-11T16:15:00.000Z,144.29,144.465,143.88,144.29,297741
2025-11-11T16:30:00.000Z,144.27,144.38,144.17,144.255,100439
2025-11-11T16:45:00.000Z,144.27,144.405,144.1604,144.405,126359
2025-11-11T17:00:00.000Z,144.417,144.495,144.28,144.435,129199
2025-11-11T17:15:00.000Z,144.46,144.93,144.46,144.75,125809
2025-11-11T17:30:00.000Z,144.75,144.77,144.52,144.675,106453
2025-11-11T17:45:00.000Z,144.66,144.7848,144.57,144.715,98239
2025-11-11T18:00:00.000Z,144.715,145.1899,144.715,145.11,149088
2025-11-11T18:15:00.000Z,145.11,145.46,145.08,145.21,174491
2025-11-11T18:30:00.000Z,145.23,145.76,145.22,145.615,190228
2025-11-11T18:45:00.000Z,145.59,145.64,145.37,145.442,164344
2025-11-11T19:00:00.000Z,145.45,145.54,145.15,145.345,119029
2025-11-11T19:15:00.000Z,145.35,145.41,145.28,145.38,92826
2025-11-11T19:30:00.000Z,145.3851,145.42,145.23,145.31,117896
2025-11-11T19:45:00.000Z,145.31,145.43,145.205,145.25,119101
2025-11-11T20:00:00.000Z,145.26,145.455,145.16,145.16,119196
2025-11-11T20:15:00.000Z,145.175,145.255,145.01,145.16,195988
2025-11-11T20:30:00.000Z,145.155,145.35,144.96,145.3159,238404
2025-11-11T20:45:00.000Z,145.31,145.45,145.03,145.1,793320
2025-11-12T14:30:00.000Z,144.56,145.12,144.06,144.58,226925
2025-11-12T14:45:00.000Z,144.58,144.97,144.58,144.86,88478
2025-11-12T15:00:00.000Z,144.85,145.02,144.6,144.965,115592
2025-11-12T15:15:00.000Z,144.98,145.1,144.67,144.7,95240
2025-11-12T15:30:00.000Z,144.7,145.185,144.7,144.96,91471
2025-11-12T15:45:00.000Z,144.96,145.18,144.86,145.05,91636
2025-11-12T16:00:00.000Z,145.07,145.35,144.93,145.31,103033
2025-11-12T16:15:00.000Z,145.3,145.38,145.08,145.185,125753
2025-11-12T16:30:00.000Z,145.2,145.295,144.84,145.275,95184
2025-11-12T16:45:00.000Z,145.278,145.29,145.084,145.105,85581
2025-11-12T17:00:00.000Z,145.08,145.21,144.985,145.155,78256
2025-11-12T17:15:00.000Z,145.15,145.38,145.09,145.105,87171
2025-11-12T17:30:00.000Z,145.0898,145.3499,144.995,145.315,78099
2025-11-12T17:45:00.000Z,145.335,145.495,145.16,145.16,76152
2025-11-12T18:00:00.000Z,145.166,145.26,145.1274,145.16,63623
2025-11-12T18:15:00.000Z,145.18,145.18,144.88,144.955,75808
2025-11-12T18:30:00.000Z,144.97,144.9832,144.595,144.71,80056
2025-11-12T18:45:00.000Z,144.72,144.76,144.56,144.6108,100540
2025-11-12T19:00:00.000Z,144.59,144.75,144.5,144.64,95448
2025-11-12T19:15:00.000Z,144.64,144.66,144.54,144.63,83692
2025-11-12T19:30:00.000Z,144.61,144.73,144.58,144.66,69928
2025-11-12T19:45:00.000Z,144.66,144.84,144.495,144.51,86807
2025-11-12T20:00:00.000Z,144.53,144.59,144.415,144.45,116549
2025-11-12T20:15:00.000Z,144.45,144.675,144.39,144.44,152785
2025-11-12T20:30:00.000Z,144.43,144.47,144.3,144.345,154253
2025-11-12T20:45:00.000Z,144.34,144.59,144.26,144.37,647858
2025-11-13T14:30:00.000Z,144.1,144.65,143.65,144.65,269355
2025-11-13T14:45:00.000Z,144.49,145.34,144.45,145.23,201834
2025-11-13T15:00:00.000Z,145.22,145.22,144.35,144.365,179290
2025-11-13T15:15:00.000Z,144.33,144.9,144.22,144.74,162992
2025-11-13T15:30:00.000Z,144.8,144.935,144.53,144.935,143617
2025-11-13T15:45:00.000Z,144.93,145.19,144.84,144.8445,154267
2025-11-13T16:00:00.000Z,144.855,145.245,144.65,144.92,140110
2025-11-13T16:15:00.000Z,144.92,145.2899,144.79,145.19,117001
2025-11-13T16:30:00.000Z,145.175,145.475,145.11,145.415,127541
2025-11-13T16:45:00.000Z,145.39,145.835,145.23,145.8004,231589
2025-11-13T17:00:00.000Z,145.82,145.945,145.6,145.87,108577
2025-11-13T17:15:00.000Z,145.86,145.875,145.6531,145.85,197949
2025-11-13T17:30:00.000Z,145.84,145.97,145.73,145.915,150349
2025-11-13T17:45:00.000Z,145.91,146,145.845,145.96,96040
2025-11-13T18:00:00.000Z,145.955,146.21,145.93,146.04,111155
2025-11-13T18:15:00.000Z,146.01,146.39,146.01,146.29,172305
2025-11-13T18:30:00.000Z,146.27,146.365,145.91,145.91,200973
2025-11-13T18:45:00.000Z,145.91,145.94,145.79,145.89,135729
2025-11-13T19:00:00.000Z,145.885,146.04,145.81,146.01,135732
2025-11-13T19:15:00.000Z,146.01,146.175,145.59,145.64,135121
2025-11-13T19:30:00.000Z,145.67,145.7,145.1795,145.31,124675
2025-11-13T19:45:00.000Z,145.29,145.535,145.2305,145.395,114289
2025-11-13T20:00:00.000Z,145.41,145.545,145.325,145.35,131924
2025-11-13T20:15:00.000Z,145.36,145.405,145.1805,145.25,168878
2025-11-13T20:30:00.000Z,145.24,145.3551,145.02,145.045,182172
2025-11-13T20:45:00.000Z,145.05,145.2,144.91,145.02,687358
2025-11-14T14:30:00.000Z,145.89,146.78,144.44,144.51,521802
2025-11-14T14:45:00.000Z,144.55,144.81,143.97,143.98,322055
2025-11-14T15:00:00.000Z,143.94,144.6233,143.94,144.543,150646
2025-11-14T15:15:00.000Z,144.515,144.88,144.09,144.37,152891
2025-11-14T15:30:00.000Z,144.34,144.37,143.93,143.97,121519
2025-11-14T15:45:00.000Z,143.96,144.69,143.93,144.47,136733
2025-11-14T16:00:00.000Z,144.45,145.008,144.44,144.8199,119156
2025-11-14T16:15:00.000Z,144.81,145,144.61,144.75,168711
2025-11-14T16:30:00.000Z,144.73,145.07,144.645,144.955,94203
2025-11-14T16:45:00.000Z,144.965,145.2,144.79,145.12,81698
2025-11-14T17:00:00.000Z,145.1058,145.14,144.715,144.8901,145008
2025-11-14T17:15:00.000Z,144.93,145.16,144.9,144.98,77296
2025-11-14T17:30:00.000Z,145,145.38,144.91,145.3484,70256
2025-11-14T17:45:00.000Z,145.34,145.55,145.31,145.34,65896
2025-11-14T18:00:00.000Z,145.35,145.35,145.08,145.21,98156
2025-11-14T18:15:00.000Z,145.2567,145.3,145.1447,145.29,66277
2025-11-14T18:30:00.000Z,145.28,145.485,145.25,145.41,76883
2025-11-14T18:45:00.000Z,145.42,145.68,145.34,145.68,80350
2025-11-14T19:00:00.000Z,145.69,146.16,145.62,146.04,118771
2025-11-14T19:15:00.000Z,146.045,146.19,145.96,146.01,95057
2025-11-14T19:30:00.000Z,146.03,146.545,146.03,146.465,114813
2025-11-14T19:45:00.000Z,146.46,146.68,146.42,146.61,99661
2025-11-14T20:00:00.000Z,146.61,146.84,146.53,146.57,245167
2025-11-14T20:15:00.000Z,146.55,146.59,146.06,146.06,237373
2025-11-14T20:30:00.000Z,146.05,146.23,145.95,146.23,196225
2025-11-14T20:45:00.000Z,146.22,146.29,145.75,145.85,616148
2025-11-17T14:30:00.000Z,146.12,146.16,145.22,145.83,289908
2025-11-17T14:45:00.000Z,145.87,146.83,145.76,146.64,210328
2025-11-17T15:00:00.000Z,146.63,147.33,146.5445,147.105,169339
2025-11-17T15:15:00.000Z,147.08,147.41,146.88,146.98,126643
2025-11-17T15:30:00.000Z,146.97,147.1,146.75,146.76,96224
2025-11-17T15:45:00.000Z,146.77,146.97,146.59,146.7696,117168
2025-11-17T16:00:00.000Z,146.75,146.95,146.715,146.89,157740
2025-11-17T16:15:00.000Z,146.94,147,146.7,146.95,183964
2025-11-17T16:30:00.000Z,146.965,147.58,146.95,147.54,142068
2025-11-17T16:45:00.000Z,147.55,147.86,147.51,147.5232,134964
2025-11-17T17:00:00.000Z,147.5,147.67,147.4551,147.535,93510
2025-11-17T17:15:00.000Z,147.4997,147.51,147.19,147.29,92499
2025-11-17T17:30:00.000Z,147.29,147.535,147.19,147.43,147637
2025-11-17T17:45:00.000Z,147.45,147.455,147.215,147.34,171481
2025-11-17T18:00:00.000Z,147.308,147.44,147.22,147.37,112242
2025-11-17T18:15:00.000Z,147.4,147.6565,147.285,147.62,76706
2025-11-17T18:30:00.000Z,147.63,147.79,147.525,147.58,85086
2025-11-17T18:45:00.000Z,147.57,148.05,147.48,147.96,160601
2025-11-17T19:00:00.000Z,147.93,148.105,147.77,147.79,238205
2025-11-17T19:15:00.000Z,147.795,147.98,147.7,147.9,241054
2025-11-17T19:30:00.000Z,147.895,147.98,147.83,147.87,127282
2025-11-17T19:45:00.000Z,147.89,148.04,147.77,147.98,167342
2025-11-17T20:00:00.000Z,147.97,148.005,147.58,147.6583,295019
2025-11-17T20:15:00.000Z,147.68,147.78,147.52,147.735,310148
2025-11-17T20:30:00.000Z,147.74,147.88,147.64,147.73,293603
2025-11-17T20:45:00.000Z,147.73,147.9,147.61,147.83,1291722
2025-11-18T14:30:00.000Z,148.3,149.57,147.95,149.16,755218
2025-11-18T14:45:00.000Z,149.17,149.465,148.8,149.41,481460
2025-11-18T15:00:00.000Z,149.41,149.74,149.3,149.54,456978
2025-11-18T15:15:00.000Z,149.54,149.8292,148.175,148.445,303491
2025-11-18T15:30:00.000Z,148.45,148.88,148.26,148.45,348489
2025-11-18T15:45:00.000Z,148.48,148.835,148.32,148.51,156827
2025-11-18T16:00:00.000Z,148.47,148.65,148.18,148.2,165651
2025-11-18T16:15:00.000Z,148.22,148.45,147.63,147.835,135857
2025-11-18T16:30:00.000Z,147.84,147.91,147.45,147.8101,121484
2025-11-18T16:45:00.000Z,147.87,148.2,147.86,148.171,110309
2025-11-18T17:00:00.000Z,148.2,148.6799,148.17,148.66,117314
2025-11-18T17:15:00.000Z,148.64,148.81,148.485,148.51,145486
2025-11-18T17:30:00.000Z,148.5,148.73,148.39,148.6301,156623
2025-11-18T17:45:00.000Z,148.66,148.92,148.6,148.9,110353
2025-11-18T18:00:00.000Z,148.9,149.12,148.87,149.01,121585
2025-11-18T18:15:00.000Z,148.99,149.2,148.97,149.195,92299
2025-11-18T18:30:00.000Z,149.18,149.3704,149.13,149.18,104515
2025-11-18T18:45:00.000Z,149.1625,149.31,149.0794,149.105,95889
2025-11-18T19:00:00.000Z,149.05,149.26,148.935,149.04,140753
2025-11-18T19:15:00.000Z,149.035,149.17,148.74,148.815,103974
2025-11-18T19:30:00.000Z,148.805,148.89,148.73,148.8,91910
2025-11-18T19:45:00.000Z,148.82,148.97,148.51,148.785,145827
2025-11-18T20:00:00.000Z,148.82,149.135,148.82,149.025,124312
2025-11-18T20:15:00.000Z,149.025,149.16,148.967,149.1,143521
2025-11-18T20:30:00.000Z,149.07,149.15,148.94,149.025,209092
2025-11-18T20:45:00.000Z,149.03,149.58,148.74,148.78,1081670
2025-11-19T14:30:00.000Z,148.3,148.6,147.72,148.4834,302339
2025-11-19T14:45:00.000Z,148.515,148.67,148.04,148.19,187073
2025-11-19T15:00:00.000Z,148.19,148.62,147.915,148.445,167115
2025-11-19T15:15:00.000Z,148.445,148.8,148.27,148.45,146080
2025-11-19T15:30:00.000Z,148.46,148.62,148.275,148.32,151131
2025-11-19T15:45:00.000Z,148.33,148.35,147.495,147.495,162619
2025-11-19T16:00:00.000Z,147.49,147.53,146.9675,147.27,173103
2025-11-19T16:15:00.000Z,147.23,147.42,146.98,147.1,159470
2025-11-19T16:30:00.000Z,147.12,147.32,146.99,147.23,128942
2025-11-19T16:45:00.000Z,147.22,147.7024,147.12,147.67,113848
2025-11-19T17:00:00.000Z,147.69,148.07,147.68,148.025,131898
2025-11-19T17:15:00.000Z,148.04,148.08,147.75,147.925,74852
2025-11-19T17:30:00.000Z,147.9,147.94,147.7,147.85,123041
2025-11-19T17:45:00.000Z,147.83,147.86,147.585,147.665,67837
2025-11-19T18:00:00.000Z,147.68,147.82,147.59,147.735,77690
2025-11-19T18:15:00.000Z,147.74,147.91,147.68,147.72,66456
2025-11-19T18:30:00.000Z,147.72,147.845,147.61,147.79,76277
2025-11-19T18:45:00.000Z,147.78,147.91,147.735,147.87,72722
2025-11-19T19:00:00.000Z,147.88,147.9787,147.6864,147.75,104476
2025-11-19T19:15:00.000Z,147.76,147.79,147.145,147.28,217725
2025-11-19T19:30:00.000Z,147.275,147.275,146.92,147,95434
2025-11-19T19:45:00.000Z,146.99,147.32,146.69,147.23,83296
2025-11-19T20:00:00.000Z,147.27,147.4,147.1,147.34,100138
2025-11-19T20:15:00.000Z,147.36,147.45,146.98,147.39,157926
2025-11-19T20:30:00.000Z,147.36,147.63,147.33,147.4301,193793
2025-11-19T20:45:00.000Z,147.445,147.765,147.06,147.11,669256
2025-11-20T14:30:00.000Z,146.6,147.08,145.39,146.5,430685
2025-11-20T14:45:00.000Z,146.56,146.78,146.06,146.26,238152
2025-11-20T15:00:00.000Z,146.27,146.27,145.84,146.19,270235
2025-11-20T15:15:00.000Z,146.205,146.35,145.72,145.95,208977
2025-11-20T15:30:00.000Z,145.955,146.2,145.685,146.045,383558
2025-11-20T15:45:00.000Z,146.03,146.29,145.98,146.19,155875
2025-11-20T16:00:00.000Z,146.18,146.8413,146.085,146.61,197428
2025-11-20T16:15:00.000Z,146.5995,146.725,146.12,146.24,223292
2025-11-20T16:30:00.000Z,146.25,146.42,145.83,145.945,189574
2025-11-20T16:45:00.000Z,145.97,146.34,145.77,145.85,191267
2025-11-20T17:00:00.000Z,145.86,145.865,144.93,145.11,207564
2025-11-20T17:15:00.000Z,145.1,145.65,144.99,145.65,142124
2025-11-20T17:30:00.000Z,145.62,146,145.5,145.69,111588
2025-11-20T17:45:00.000Z,145.68,145.68,144.98,145.085,117592
2025-11-20T18:00:00.000Z,145.09,145.46,145.05,145.27,156432
2025-11-20T18:15:00.000Z,145.25,145.37,144.9,145.27,171137
2025-11-20T18:30:00.000Z,145.2379,145.39,145.14,145.21,105021
2025-11-20T18:45:00.000Z,145.195,145.33,144.96,145.09,118466
2025-11-20T19:00:00.000Z,145.1,145.62,145.08,145.551,129224
2025-11-20T19:15:00.000Z,145.55,145.71,145.485,145.665,113542
2025-11-20T19:30:00.000Z,145.65,145.72,145.48,145.645,108608
2025-11-20T19:45:00.000Z,145.6442,145.8,145.59,145.78,105443
2025-11-20T20:00:00.000Z,145.8,146.0709,145.795,145.97,159939
2025-11-20T20:15:00.000Z,145.97,146.33,145.94,146.24,173807
2025-11-20T20:30:00.000Z,146.25,146.82,146.25,146.74,185336
2025-11-20T20:45:00.000Z,146.775,147,145.9901,146.11,707545
2025-11-21T14:30:00.000Z,146.28,146.64,145.98,146.4601,460372
2025-11-21T14:45:00.000Z,146.47,146.85,146.15,146.42,134924
2025-11-21T15:00:00.000Z,146.51,147.93,146.45,147.48,254775
2025-11-21T15:15:00.000Z,147.46,148.57,147.44,148.475,254746
2025-11-21T15:30:00.000Z,148.43,148.935,148.18,148.27,302457
2025-11-21T15:45:00.000Z,148.31,148.47,147.775,147.775,207541
2025-11-21T16:00:00.000Z,147.73,147.78,147.18,147.28,194653
2025-11-21T16:15:00.000Z,147.29,147.5,147.2,147.36,149876
2025-11-21T16:30:00.000Z,147.37,147.58,147.3048,147.44,128696
2025-11-21T16:45:00.000Z,147.47,147.825,147.37,147.74,195223
2025-11-21T17:00:00.000Z,147.7525,148,147.6,147.86,347603
2025-11-21T17:15:00.000Z,147.86,148.03,147.42,147.495,141329
2025-11-21T17:30:00.000Z,147.49,147.7,147.2,147.63,176239
2025-11-21T17:45:00.000Z,147.67,147.745,147.34,147.477,82753
2025-11-21T18:00:00.000Z,147.41,147.51,147.2,147.255,79399
2025-11-21T18:15:00.000Z,147.295,147.37,147.17,147.26,113382
2025-11-21T18:30:00.000Z,147.265,147.29,146.98,147.0001,111290
2025-11-21T18:45:00.000Z,147.02,147.24,146.68,147.17,195054
2025-11-21T19:00:00.000Z,147.18,147.2,146.84,146.88,161625
2025-11-21T19:15:00.000Z,146.88,147.135,146.87,146.939,132609
2025-11-21T19:30:00.000Z,146.94,147.05,146.735,146.855,147206
2025-11-21T19:45:00.000Z,146.85,147.09,146.72,146.86,171933
2025-11-21T20:00:00.000Z,146.86,146.96,146.54,146.63,154848
2025-11-21T20:15:00.000Z,146.62,146.76,146.31,146.35,186056
2025-11-21T20:30:00.000Z,146.37,146.6325,146.22,146.55,230552
2025-11-21T20:45:00.000Z,146.55,146.63,146.22,146.32,768117
2025-11-24T14:30:00.000Z,145.83,146.2,145.17,145.26,279399
2025-11-24T14:45:00.000Z,145.305,145.93,145.12,145.26,221692
2025-11-24T15:00:00.000Z,145.2575,145.54,144.76,145.54,209413
2025-11-24T15:15:00.000Z,145.52,146.075,145.46,145.97,148749
2025-11-24T15:30:00.000Z,146,146.17,145.87,145.98,117130
2025-11-24T15:45:00.000Z,145.99,146.33,145.9,146.13,117438
2025-11-24T16:00:00.000Z,146.125,146.34,145.91,145.98,152872
2025-11-24T16:15:00.000Z,145.98,146.14,145.75,145.83,93787
2025-11-24T16:30:00.000Z,145.845,146.0399,145.57,145.57,108631
2025-11-24T16:45:00.000Z,145.57,145.84,145.55,145.8142,122698
2025-11-24T17:00:00.000Z,145.83,145.9,145.6813,145.83,108334
2025-11-24T17:15:00.000Z,145.83,146.02,145.78,145.95,104664
2025-11-24T17:30:00.000Z,145.945,146,145.72,145.825,93867
2025-11-24T17:45:00.000Z,145.84,145.84,145.7178,145.749,91145
2025-11-24T18:00:00.000Z,145.775,145.92,145.77,145.805,96464
2025-11-24T18:15:00.000Z,145.78,145.97,145.75,145.97,108113
2025-11-24T18:30:00.000Z,145.94,146.2,145.92,146.18,147546
2025-11-24T18:45:00.000Z,146.165,146.18,145.99,146.02,128976
2025-11-24T19:00:00.000Z,146.04,146.16,145.89,145.9,143276
2025-11-24T19:15:00.000Z,145.895,146,145.76,145.89,135022
2025-11-24T19:30:00.000Z,145.87,145.98,145.78,145.87,151460
2025-11-24T19:45:00.000Z,145.85,145.9,145.7746,145.82,128371
2025-11-24T20:00:00.000Z,145.84,146.02,145.78,146.01,125194
2025-11-24T20:15:00.000Z,146.02,146.03,145.74,145.775,176631
2025-11-24T20:30:00.000Z,145.77,145.85,145.65,145.69,194524
2025-11-24T20:45:00.000Z,145.675,145.715,145.25,145.5,871801
2025-11-25T14:30:00.000Z,145.93,146.635,145.57,146.59,211084
2025-11-25T14:45:00.000Z,146.7,147.12,146.3862,146.595,172912
2025-11-25T15:00:00.000Z,146.575,146.617,146.11,146.495,180488
2025-11-25T15:15:00.000Z,146.47,146.51,146.11,146.12,140326
2025-11-25T15:30:00.000Z,146.15,146.395,146,146.35,102901
2025-11-25T15:45:00.000Z,146.33,146.49,146.23,146.407,94976
2025-11-25T16:00:00.000Z,146.4382,146.63,146.38,146.41,77585
2025-11-25T16:15:00.000Z,146.43,146.49,146.14,146.165,74798
2025-11-25T16:30:00.000Z,146.165,146.31,145.76,145.76,171459
2025-11-25T16:45:00.000Z,145.76,146.185,145.705,146.185,154671
2025-11-25T17:00:00.000Z,146.19,146.2,145.86,145.925,66847
2025-11-25T17:15:00.000Z,145.925,146.135,145.74,146.09,88167
2025-11-25T17:30:00.000Z,146.1,146.24,146.02,146.165,79640
2025-11-25T17:45:00.000Z,146.1525,146.18,146.03,146.16,55502
2025-11-25T18:00:00.000Z,146.14,146.28,146,146,63337
2025-11-25T18:15:00.000Z,146.02,146.055,145.88,145.95,71919
2025-11-25T18:30:00.000Z,145.95,146.01,145.905,145.99,54633
2025-11-25T18:45:00.000Z,145.98,145.989,145.78,145.88,80615
2025-11-25T19:00:00.000Z,145.87,145.9143,145.7898,145.84,69238
2025-11-25T19:15:00.000Z,145.84,145.935,145.8,145.92,72855
2025-11-25T19:30:00.000Z,145.915,146.35,145.911,146.22,91423
2025-11-25T19:45:00.000Z,146.2,146.25,145.935,145.9795,80049
2025-11-25T20:00:00.000Z,145.96,146,145.795,145.83,84245
2025-11-25T20:15:00.000Z,145.83,145.97,145.83,145.87,101825
2025-11-25T20:30:00.000Z,145.85,146.1,145.8,146.06,140278
2025-11-25T20:45:00.000Z,146.07,146.26,146.01,146.09,432345
2025-11-26T14:30:00.000Z,146.32,147.07,146.2272,146.625,195970
2025-11-26T14:45:00.000Z,146.56,146.973,146.47,146.845,88229
2025-11-26T15:00:00.000Z,146.935,147.22,146.935,147.2,126438
2025-11-26T15:15:00.000Z,147.184,147.7499,147.11,147.6942,89410
2025-11-26T15:30:00.000Z,147.7101,147.79,147.33,147.74,90106
2025-11-26T15:45:00.000Z,147.71,147.8,147.55,147.72,189983
2025-11-26T16:00:00.000Z,147.74,147.8,147.63,147.775,80018
2025-11-26T16:15:00.000Z,147.8,147.8,147.65,147.7,111410
2025-11-26T16:30:00.000Z,147.69,147.98,147.68,147.93,72067
2025-11-26T16:45:00.000Z,147.94,148.0864,147.94,148.06,61996
2025-11-26T17:00:00.000Z,148.06,148.45,148,148.45,86955
2025-11-26T17:15:00.000Z,148.435,148.47,148.01,148.09,107951
2025-11-26T17:30:00.000Z,148.1,148.1506,148,148.0326,73779
2025-11-26T17:45:00.000Z,148.02,148.11,147.89,147.9,82995
2025-11-26T18:00:00.000Z,147.9,147.98,147.625,147.76,98536
2025-11-26T18:15:00.000Z,147.7837,148.05,147.65,148.01,72607
2025-11-26T18:30:00.000Z,147.97,148.01,147.77,147.7924,66162
2025-11-26T18:45:00.000Z,147.795,147.81,147.61,147.68,68908
2025-11-26T19:00:00.000Z,147.69,147.84,147.67,147.67,88448
2025-11-26T19:15:00.000Z,147.67,147.96,147.66,147.9,77012
2025-11-26T19:30:00.000Z,147.9,148.02,147.86,147.935,95920
2025-11-26T19:45:00.000Z,147.94,148.0817,147.92,148.06,94833
2025-11-26T20:00:00.000Z,148.0653,148.17,147.97,147.98,138679
2025-11-26T20:15:00.000Z,147.98,148.09,147.88,147.965,103190
2025-11-26T20:30:00.000Z,147.965,147.99,147.8,147.95,137829
2025-11-26T20:45:00.000Z,147.96,148.25,147.915,147.95,518689
2025-11-28T14:30:00.000Z,147.23,148.2996,147.23,148.22,256038
2025-11-28T14:45:00.000Z,148.24,148.4199,148,148.13,96868
2025-11-28T15:00:00.000Z,148.11,148.15,147.8101,147.8824,110620
2025-11-28T15:15:00.000Z,147.85,148.215,147.85,148.095,87537
2025-11-28T15:30:00.000Z,148.13,148.18,147.88,148,86176
2025-11-28T15:45:00.000Z,148,148.02,147.85,147.99,101517
2025-11-28T16:00:00.000Z,147.99,148.185,147.8965,147.9565,89643
2025-11-28T16:15:00.000Z,147.97,148.14,147.94,148.14,66791
2025-11-28T16:30:00.000Z,148.14,148.325,148.06,148.225,69558
2025-11-28T16:45:00.000Z,148.225,148.45,148.21,148.41,84778
2025-11-28T17:00:00.000Z,148.4,148.45,148.29,148.36,98567
2025-11-28T17:15:00.000Z,148.37,148.4053,148.25,148.32,96212
2025-11-28T17:30:00.000Z,148.34,148.63,148.32,148.56,159300
2025-11-28T17:45:00.000Z,148.574,148.82,148.51,148.77,354451
2025-11-28T18:00:00.000Z,148.729,148.74,148.719,148.74,586627
2025-12-01T14:30:00.000Z,148.625,149.7799,148.54,149.59,462558
2025-12-01T14:45:00.000Z,149.52,149.59,149.22,149.59,178063
2025-12-01T15:00:00.000Z,149.62,149.62,148.64,148.825,205306
2025-12-01T15:15:00.000Z,148.82,148.85,148.5105,148.805,157618
2025-12-01T15:30:00.000Z,148.87,149.04,148.51,148.81,124341
2025-12-01T15:45:00.000Z,148.805,148.92,148.6,148.7,94514
2025-12-01T16:00:00.000Z,148.68,148.96,148.65,148.9,87231
2025-12-01T16:15:00.000Z,148.9,149.47,148.84,149.435,219873
2025-12-01T16:30:00.000Z,149.45,149.72,149.37,149.6,324081
2025-12-01T16:45:00.000Z,149.6,149.69,149.49,149.64,115431
2025-12-01T17:00:00.000Z,149.65,149.655,149.45,149.5601,108897
2025-12-01T17:15:00.000Z,149.55,149.63,149.4084,149.51,83887
2025-12-01T17:30:00.000Z,149.53,149.735,149.49,149.69,185580
2025-12-01T17:45:00.000Z,149.71,149.77,149.65,149.69,192211
2025-12-01T18:00:00.000Z,149.7,149.74,149.57,149.62,216810
2025-12-01T18:15:00.000Z,149.62,149.82,149.6,149.72,211175
2025-12-01T18:30:00.000Z,149.71,149.75,149.5801,149.5801,129163
2025-12-01T18:45:00.000Z,149.6,149.665,149.55,149.61,91838
2025-12-01T19:00:00.000Z,149.59,149.72,149.5742,149.595,120465
2025-12-01T19:15:00.000Z,149.595,149.64,149.55,149.59,80784
2025-12-01T19:30:00.000Z,149.58,149.6101,149.5,149.5647,80536
2025-12-01T19:45:00.000Z,149.58,149.625,149.51,149.6077,92146
2025-12-01T20:00:00.000Z,149.58,149.64,149.54,149.64,101675
2025-12-01T20:15:00.000Z,149.63,149.63,149.58,149.615,115322
2025-12-01T20:30:00.000Z,149.62,149.715,149.58,149.7,260815
2025-12-01T20:45:00.000Z,149.7,149.705,149.36,149.54,773517
2025-12-02T14:30:00.000Z,149.46,149.51,147.94,148.59,425326
2025-12-02T14:45:00.000Z,148.63,148.8399,148.46,148.51,176666
2025-12-02T15:00:00.000Z,148.5,148.96,148.4,148.555,277421
2025-12-02T15:15:00.000Z,148.56,148.8,148.25,148.25,295232
2025-12-02T15:30:00.000Z,148.23,148.25,147.1584,147.23,229360
2025-12-02T15:45:00.000Z,147.205,147.35,146.81,147.0477,221824
2025-12-02T16:00:00.000Z,147.13,147.3874,146.9689,147.02,129161
2025-12-02T16:15:00.000Z,147.07,147.23,146.725,147.19,111346
2025-12-02T16:30:00.000Z,147.185,147.48,146.92,147.08,98051
2025-12-02T16:45:00.000Z,147.02,147.0699,146.7501,146.89,140438
2025-12-02T17:00:00.000Z,146.91,147.06,146.6375,146.729,178736
2025-12-02T17:15:00.000Z,146.725,147.1699,146.725,147.15,75368
2025-12-02T17:30:00.000Z,147.17,147.35,147.065,147.12,77787
2025-12-02T17:45:00.000Z,147.1334,147.1334,146.75,146.77,61619
2025-12-02T18:00:00.000Z,146.77,146.915,146.72,146.7526,78564
2025-12-02T18:15:00.000Z,146.7464,146.785,146.65,146.725,56418
2025-12-02T18:30:00.000Z,146.71,146.78,146.53,146.625,77146
2025-12-02T18:45:00.000Z,146.62,146.89,146.615,146.81,96161
2025-12-02T19:00:00.000Z,146.82,146.93,146.73,146.855,114313
2025-12-02T19:15:00.000Z,146.82,146.895,146.77,146.89,87368
2025-12-02T19:30:00.000Z,146.9,147.33,146.89,147.33,118896
2025-12-02T19:45:00.000Z,147.355,147.88,147.24,147.875,136718
2025-12-02T20:00:00.000Z,147.89,148.1,147.89,148.1,108241
2025-12-02T20:15:00.000Z,148.11,148.2,147.997,148.04,140512
2025-12-02T20:30:00.000Z,148.03,148.48,147.99,148.44,171554
2025-12-02T20:45:00.000Z,148.45,148.82,148.39,148.61,538947
2025-12-03T14:30:00.000Z,148.69,150.7,148.54,150.17,349400
2025-12-03T14:45:00.000Z,150.16,150.23,149.64,149.828,122434
2025-12-03T15:00:00.000Z,149.99,150.14,149.56,149.865,139300
2025-12-03T15:15:00.000Z,149.845,149.845,149.26,149.445,123844
2025-12-03T15:30:00.000Z,149.45,149.48,148.775,148.775,93772
2025-12-03T15:45:00.000Z,148.81,149.095,148.73,149.04,122122
2025-12-03T16:00:00.000Z,149.04,149.25,148.9,149.24,75782
2025-12-03T16:15:00.000Z,149.19,149.5,149.07,149.4,113882
2025-12-03T16:30:00.000Z,149.42,149.9032,149.42,149.85,142244
2025-12-03T16:45:00.000Z,149.87,149.87,149.37,149.435,169128
2025-12-03T17:00:00.000Z,149.435,149.45,149.04,149.11,166140
2025-12-03T17:15:00.000Z,149.11,149.255,148.9,148.905,135942
2025-12-03T17:30:00.000Z,148.905,148.98,148.64,148.68,91534
2025-12-03T17:45:00.000Z,148.7,148.7127,148.39,148.465,103694
2025-12-03T18:00:00.000Z,148.47,148.58,148.47,148.53,73462
2025-12-03T18:15:00.000Z,148.53,148.7951,148.43,148.7,81974
2025-12-03T18:30:00.000Z,148.7,149.105,148.64,148.81,148978
2025-12-03T18:45:00.000Z,148.825,148.89,148.7,148.715,73962
2025-12-03T19:00:00.000Z,148.7,148.72,148.41,148.47,87659
2025-12-03T19:15:00.000Z,148.48,148.74,148.35,148.74,82364
2025-12-03T19:30:00.000Z,148.73,148.73,148.5,148.54,94426
2025-12-03T19:45:00.000Z,148.52,148.52,148.075,148.075,205432
2025-12-03T20:00:00.000Z,148.075,148.475,147.95,148.21,145284
2025-12-03T20:15:00.000Z,148.21,148.24,148.02,148.035,93751
2025-12-03T20:30:00.000Z,148.03,148.27,148.005,148.25,133941
2025-12-03T20:45:00.000Z,148.24,148.36,147.91,148.06,521420
2025-12-04T14:30:00.000Z,147.75,148.22,147.605,147.81,258273
2025-12-04T14:45:00.000Z,147.84,148.19,147.28,148.16,124425
2025-12-04T15:00:00.000Z,148.17,148.2,147.6601,147.81,132797
2025-12-04T15:15:00.000Z,147.82,147.8832,147.54,147.675,128184
2025-12-04T15:30:00.000Z,147.6756,147.99,147.56,147.56,123090
2025-12-04T15:45:00.000Z,147.555,147.815,146.96,147.165,230511
2025-12-04T16:00:00.000Z,147.17,147.215,146.75,146.895,155167
2025-12-04T16:15:00.000Z,146.905,146.9432,146.51,146.55,164971
2025-12-04T16:30:00.000Z,146.51,146.54,146.15,146.34,131330
2025-12-04T16:45:00.000Z,146.3,146.53,146.3,146.45,102474
2025-12-04T17:00:00.000Z,146.43,146.47,146.13,146.22,134250
2025-12-04T17:15:00.000Z,146.24,146.76,146.15,146.74,87046
2025-12-04T17:30:00.000Z,146.73,146.73,146.37,146.3801,105209
2025-12-04T17:45:00.000Z,146.38,146.47,146.34,146.38,67223
2025-12-04T18:00:00.000Z,146.37,146.475,146.24,146.36,76113
2025-12-04T18:15:00.000Z,146.37,148.25,146.37,146.71,662345
2025-12-04T18:30:00.000Z,146.715,147.22,146.644,147.072,337230
2025-12-04T18:45:00.000Z,147.085,147.1,146.71,146.71,175697
2025-12-04T19:00:00.000Z,146.71,147.3,146.69,147.18,170506
2025-12-04T19:15:00.000Z,147.2,147.27,147.1,147.11,167288
2025-12-04T19:30:00.000Z,147.115,147.36,147.11,147.28,130978
2025-12-04T19:45:00.000Z,147.28,147.36,147.0601,147.16,157197
2025-12-04T20:00:00.000Z,147.145,147.165,146.59,146.7,264545
2025-12-04T20:15:00.000Z,146.715,146.865,146.61,146.68,201470
2025-12-04T20:30:00.000Z,146.67,146.81,146.63,146.72,218866
2025-12-04T20:45:00.000Z,146.72,146.93,146.52,146.91,663552
2025-12-05T14:30:00.000Z,145.62,145.63,144.98,145.34,204933
2025-12-05T14:45:00.000Z,145.35,145.8,145.29,145.6,97218
2025-12-05T15:00:00.000Z,145.565,145.73,145.06,145.1,122203
2025-12-05T15:15:00.000Z,145.075,145.12,144.57,144.84,162253
2025-12-05T15:30:00.000Z,144.855,145.32,144.645,145.26,162231
2025-12-05T15:45:00.000Z,145.27,145.41,144.86,144.91,149244
2025-12-05T16:00:00.000Z,144.903,145.29,144.68,145.26,125170
2025-12-05T16:15:00.000Z,145.26,145.435,145.072,145.42,142454
2025-12-05T16:30:00.000Z,145.425,145.65,145.41,145.43,195758
2025-12-05T16:45:00.000Z,145.435,145.71,145.405,145.5925,141894
2025-12-05T17:00:00.000Z,145.57,145.57,145.19,145.19,154862
2025-12-05T17:15:00.000Z,145.195,145.215,144.8,144.8,192097
2025-12-05T17:30:00.000Z,144.8,145.06,144.7,144.955,136280
2025-12-05T17:45:00.000Z,144.96,144.962,144.73,144.85,73965
2025-12-05T18:00:00.000Z,144.855,145.01,144.72,144.88,113662
2025-12-05T18:15:00.000Z,144.9,144.9,144.51,144.66,90722
2025-12-05T18:30:00.000Z,144.67,145.13,144.67,145.11,143875
2025-12-05T18:45:00.000Z,145.08,145.29,145.01,145.17,77868
2025-12-05T19:00:00.000Z,145.17,145.28,144.895,145.03,122677
2025-12-05T19:15:00.000Z,145.03,145.075,144.93,144.98,97897
2025-12-05T19:30:00.000Z,144.975,145.03,144.9,144.96,524177
2025-12-05T19:45:00.000Z,144.95,145.01,144.835,144.93,88913
2025-12-05T20:00:00.000Z,144.95,145.13,144.95,145.12,92660
2025-12-05T20:15:00.000Z,145.14,145.16,145.01,145.11,115507
2025-12-05T20:30:00.000Z,145.12,145.29,145.06,145.21,144565
2025-12-05T20:45:00.000Z,145.21,145.21,144.84,145.04,494038
2025-12-08T14:30:00.000Z,145.01,145.59,144.2,145.365,326135
2025-12-08T14:45:00.000Z,145.41,145.89,145.2896,145.69,197140
2025-12-08T15:00:00.000Z,145.68,145.98,145.4201,145.86,156881
2025-12-08T15:15:00.000Z,145.86,145.9,145.44,145.58,130087
2025-12-08T15:30:00.000Z,145.58,145.85,145.52,145.71,119045
2025-12-08T15:45:00.000Z,145.71,146.56,145.7,146.24,178388
2025-12-08T16:00:00.000Z,146.26,146.265,145.98,146.109,109657
2025-12-08T16:15:00.000Z,146.13,146.135,145.55,145.59,140670
2025-12-08T16:30:00.000Z,145.58,145.9395,145.38,145.92,167687
2025-12-08T16:45:00.000Z,145.9,145.9,145.545,145.62,145267
2025-12-08T17:00:00.000Z,145.615,145.71,145.5,145.6005,106525
2025-12-08T17:15:00.000Z,145.61,145.845,145.54,145.82,129160
2025-12-08T17:30:00.000Z,145.84,145.96,145.68,145.94,116916
2025-12-08T17:45:00.000Z,145.945,146.12,145.8684,146.01,95776
2025-12-08T18:00:00.000Z,146.03,146.06,145.51,145.7,130068
2025-12-08T18:15:00.000Z,145.7,145.81,145.57,145.76,124083
2025-12-08T18:30:00.000Z,145.78,145.865,145.67,145.77,100545
2025-12-08T18:45:00.000Z,145.785,145.9028,145.73,145.791,100960
2025-12-08T19:00:00.000Z,145.79,145.89,145.77,145.86,96966
2025-12-08T19:15:00.000Z,145.87,146.0971,145.824,145.9395,100802
2025-12-08T19:30:00.000Z,145.94,146.04,145.8914,145.9604,73589
2025-12-08T19:45:00.000Z,145.97,146.1191,145.9,146.1191,76435
2025-12-08T20:00:00.000Z,146.11,146.23,145.77,145.84,141351
2025-12-08T20:15:00.000Z,145.85,145.916,145.67,145.6825,203678
2025-12-08T20:30:00.000Z,145.67,145.865,145.39,145.7802,268604
2025-12-08T20:45:00.000Z,145.79,145.9099,145.32,145.65,694866
2025-12-09T14:30:00.000Z,146.35,147.56,145.52,145.645,1016924
2025-12-09T14:45:00.000Z,145.63,145.92,145.06,145.365,324439
2025-12-09T15:00:00.000Z,145.37,145.46,144.26,144.54,323066
2025-12-09T15:15:00.000Z,144.55,144.76,144.13,144.145,198285
2025-12-09T15:30:00.000Z,144.17,144.96,144.17,144.92,325605
2025-12-09T15:45:00.000Z,144.925,145.12,144.71,144.71,270536
2025-12-09T16:00:00.000Z,144.75,144.94,144.25,144.59,193386
2025-12-09T16:15:00.000Z,144.57,144.59,144.31,144.415,273823
2025-12-09T16:30:00.000Z,144.41,144.65,144.32,144.43,240233
2025-12-09T16:45:00.000Z,144.43,144.59,144.2604,144.295,154785
2025-12-09T17:00:00.000Z,144.31,144.5,144.2,144.45,183718
2025-12-09T17:15:00.000Z,144.44,144.6827,144.37,144.458,113244
2025-12-09T17:30:00.000Z,144.45,144.485,143.98,144.05,132374
2025-12-09T17:45:00.000Z,144.025,144.52,143.91,144.445,144658
2025-12-09T18:00:00.000Z,144.46,144.5,144.28,144.35,120847
2025-12-09T18:15:00.000Z,144.365,144.37,144.07,144.195,154919
2025-12-09T18:30:00.000Z,144.19,144.3,144.14,144.23,126558
2025-12-09T18:45:00.000Z,144.22,144.5,144.12,144.4863,121324
2025-12-09T19:00:00.000Z,144.485,144.77,144.3,144.48,176579
2025-12-09T19:15:00.000Z,144.47,144.61,144.42,144.6,187039
2025-12-09T19:30:00.000Z,144.605,144.61,144.3,144.36,139876
2025-12-09T19:45:00.000Z,144.37,144.64,144.36,144.64,124989
2025-12-09T20:00:00.000Z,144.61,144.61,144.22,144.28,211192
2025-12-09T20:15:00.000Z,144.28,144.76,144.25,144.625,260688
2025-12-09T20:30:00.000Z,144.64,144.88,144.56,144.605,247132
2025-12-09T20:45:00.000Z,144.59,145,144.42,144.63,942140
2025-12-10T14:30:00.000Z,147.77,148.2,147,147.78,1630136
2025-12-10T14:45:00.000Z,147.74,148.37,147.6,148.1,360478
2025-12-10T15:00:00.000Z,148.105,148.52,147.8801,148.28,564177
2025-12-10T15:15:00.000Z,148.28,148.36,147.875,148.14,341811
2025-12-10T15:30:00.000Z,148.14,148.44,147.98,148.3963,492380
2025-12-10T15:45:00.000Z,148.43,148.75,148.12,148.31,393003
2025-12-10T16:00:00.000Z,148.29,148.75,148.24,148.705,431218
2025-12-10T16:15:00.000Z,148.73,148.83,148.46,148.51,331896
2025-12-10T16:30:00.000Z,148.51,149.12,148.3862,148.855,269700
2025-12-10T16:45:00.000Z,148.83,149.2,148.76,149.06,285863
2025-12-10T17:00:00.000Z,149.09,149.29,148.76,149.04,204438
2025-12-10T17:15:00.000Z,149.065,149.4432,148.99,149.44,261643
2025-12-10T17:30:00.000Z,149.44,149.5305,149.24,149.335,229645
2025-12-10T17:45:00.000Z,149.34,149.45,149.0762,149.1001,299523
2025-12-10T18:00:00.000Z,149.11,149.2,148.93,149.1,208409
2025-12-10T18:15:00.000Z,149.08,149.48,149.07,149.275,195366
2025-12-10T18:30:00.000Z,149.27,149.56,149.27,149.42,223960
2025-12-10T18:45:00.000Z,149.39,149.51,149.27,149.37,170771
2025-12-10T19:00:00.000Z,149.37,149.4791,149.046,149.095,260909
2025-12-10T19:15:00.000Z,149.08,149.37,149.06,149.365,177440
2025-12-10T19:30:00.000Z,149.365,149.45,148.65,148.7855,356751
2025-12-10T19:45:00.000Z,148.8,149.01,148.57,148.665,255874
2025-12-10T20:00:00.000Z,148.67,149.015,148.6,148.99,271492
2025-12-10T20:15:00.000Z,149.02,149.379,148.86,148.94,223035
2025-12-10T20:30:00.000Z,148.95,149.35,148.95,149.149,303168
2025-12-10T20:45:00.000Z,149.145,149.78,149.04,149.7,1432303
2025-12-11T14:30:00.000Z,150.15,150.89,149.9,150.045,407865
2025-12-11T14:45:00.000Z,150.09,150.09,149.225,149.63,204348
2025-12-11T15:00:00.000Z,149.68,149.88,149.41,149.745,194002
2025-12-11T15:15:00.000Z,149.7501,150.39,149.5901,150.37,585477
2025-12-11T15:30:00.000Z,150.36,150.635,150.14,150.235,262102
2025-12-11T15:45:00.000Z,150.26,150.38,149.795,149.835,158102
2025-12-11T16:00:00.000Z,149.835,150.45,149.61,150.015,165494
2025-12-11T16:15:00.000Z,150.02,150.08,149.781,149.79,165558
2025-12-11T16:30:00.000Z,149.79,149.82,149.4,149.45,184189
2025-12-11T16:45:00.000Z,149.46,149.573,148.83,148.99,159678
2025-12-11T17:00:00.000Z,148.995,149.32,148.97,149.255,155420
2025-12-11T17:15:00.000Z,149.27,149.37,149.02,149.21,143423
2025-12-11T17:30:00.000Z,149.26,149.26,148.945,148.99,92479
2025-12-11T17:45:00.000Z,149,149.08,148.9201,148.96,108672
2025-12-11T18:00:00.000Z,148.95,148.95,148.73,148.76,147296
2025-12-11T18:15:00.000Z,148.75,148.78,148.53,148.55,92672
2025-12-11T18:30:00.000Z,148.545,148.69,148.45,148.535,101300
2025-12-11T18:45:00.000Z,148.54,148.55,148.16,148.17,133948
2025-12-11T19:00:00.000Z,148.17,148.41,148.13,148.325,177629
2025-12-11T19:15:00.000Z,148.34,148.3568,148.2,148.285,135938
2025-12-11T19:30:00.000Z,148.26,148.35,148.15,148.2335,123911
2025-12-11T19:45:00.000Z,148.235,148.87,148.2036,148.8,211013
2025-12-11T20:00:00.000Z,148.84,148.87,148.62,148.81,128476
2025-12-11T20:15:00.000Z,148.8201,149.03,148.77,148.935,309926
2025-12-11T20:30:00.000Z,148.949,149.21,148.94,149.065,220766
2025-12-11T20:45:00.000Z,149.08,149.215,148.85,149.11,699237
2025-12-12T14:30:00.000Z,149.75,149.75,148.76,148.8,242998
2025-12-12T14:45:00.000Z,148.86,149.09,148.74,148.91,166143
2025-12-12T15:00:00.000Z,148.945,149.311,148.79,148.98,256913
2025-12-12T15:15:00.000Z,148.97,149.26,148.84,149.11,200466
2025-12-12T15:30:00.000Z,149.09,149.45,149.02,149.225,225661
2025-12-12T15:45:00.000Z,149.22,149.3099,149,149.16,254815
2025-12-12T16:00:00.000Z,149.16,149.89,149,149.89,322980
2025-12-12T16:15:00.000Z,149.915,150.2,149.82,150.06,198996
2025-12-12T16:30:00.000Z,150.075,150.31,150,150.04,218165
2025-12-12T16:45:00.000Z,150.08,150.08,149.46,149.605,106583
2025-12-12T17:00:00.000Z,149.605,149.61,149.36,149.49,108409
2025-12-12T17:15:00.000Z,149.51,149.68,149.225,149.575,131234
2025-12-12T17:30:00.000Z,149.575,149.76,149.4601,149.495,174584
2025-12-12T17:45:00.000Z,149.495,149.605,149.4,149.49,146000
2025-12-12T18:00:00.000Z,149.47,149.52,149.41,149.49,74920
2025-12-12T18:15:00.000Z,149.48,149.72,149.3649,149.692,80846
2025-12-12T18:30:00.000Z,149.68,149.77,149.59,149.74,96466
2025-12-12T18:45:00.000Z,149.74,149.77,149.64,149.64,105424
2025-12-12T19:00:00.000Z,149.66,149.894,149.62,149.83,146563
2025-12-12T19:15:00.000Z,149.84,149.89,149.74,149.84,173669
2025-12-12T19:30:00.000Z,149.86,149.97,149.815,149.865,121137
2025-12-12T19:45:00.000Z,149.88,150.165,149.85,149.97,183718
2025-12-12T20:00:00.000Z,149.97,150.31,149.9101,150.225,275655
2025-12-12T20:15:00.000Z,150.225,150.42,150.1,150.11,395765
2025-12-12T20:30:00.000Z,150.14,150.15,149.66,149.735,318384
2025-12-12T20:45:00.000Z,149.72,150.67,149.72,150.65,915762
2025-12-15T14:30:00.000Z,150.935,151.6,150.68,150.87,392129
2025-12-15T14:45:00.000Z,150.87,151.175,150.84,150.84,226360
2025-12-15T15:00:00.000Z,150.83,150.83,150.28,150.595,247244
2025-12-15T15:15:00.000Z,150.57,150.79,150.44,150.58,153320
2025-12-15T15:30:00.000Z,150.585,150.87,150.48,150.65,155675
2025-12-15T15:45:00.000Z,150.64,150.74,150.49,150.6853,124552
2025-12-15T16:00:00.000Z,150.71,150.74,150.41,150.46,153353
2025-12-15T16:15:00.000Z,150.465,150.64,150.41,150.555,134703
2025-12-15T16:30:00.000Z,150.56,150.81,150.435,150.45,146456
2025-12-15T16:45:00.000Z,150.475,150.535,150.35,150.38,140761
2025-12-15T17:00:00.000Z,150.42,150.6576,150.3901,150.63,97463
2025-12-15T17:15:00.000Z,150.625,150.72,150.54,150.54,85684
2025-12-15T17:30:00.000Z,150.545,150.5899,150.44,150.49,102289
2025-12-15T17:45:00.000Z,150.495,150.58,150.4224,150.565,82023
2025-12-15T18:00:00.000Z,150.565,150.815,150.565,150.81,110711
2025-12-15T18:15:00.000Z,150.83,150.85,150.63,150.65,106093
2025-12-15T18:30:00.000Z,150.66,151.145,150.63,151.02,155241
2025-12-15T18:45:00.000Z,151.035,151.15,151.005,151.055,101934
2025-12-15T19:00:00.000Z,151.06,151.3,151.03,151.2226,103381
2025-12-15T19:15:00.000Z,151.24,151.26,150.92,150.955,92782
2025-12-15T19:30:00.000Z,150.965,151.15,150.965,151.06,182182
2025-12-15T19:45:00.000Z,151.03,151.29,151.02,151.29,159018
2025-12-15T20:00:00.000Z,151.29,151.4557,151.1804,151.4,154354
2025-12-15T20:15:00.000Z,151.39,151.42,151.01,151.13,352994
2025-12-15T20:30:00.000Z,151.13,151.32,150.97,151.02,225625
2025-12-15T20:45:00.000Z,151.015,151.7,150.96,151.21,922640
2025-12-16T14:30:00.000Z,151.985,152.35,150.8372,150.8372,265240
2025-12-16T14:45:00.000Z,150.89,151.2,150.76,150.78,155331
2025-12-16T15:00:00.000Z,150.81,150.86,150.5,150.595,141817
2025-12-16T15:15:00.000Z,150.59,150.7702,150.42,150.62,139466
2025-12-16T15:30:00.000Z,150.62,150.96,150.46,150.89,186627
2025-12-16T15:45:00.000Z,150.93,150.97,150.71,150.84,159881
2025-12-16T16:00:00.000Z,150.83,151.11,150.76,150.905,128726
2025-12-16T16:15:00.000Z,150.885,151.025,150.88,151,137516
2025-12-16T16:30:00.000Z,150.98,151.15,150.95,151.04,126171
2025-12-16T16:45:00.000Z,151.06,151.125,150.91,150.99,145103
2025-12-16T17:00:00.000Z,150.995,151.17,150.7,151.16,243641
2025-12-16T17:15:00.000Z,151.155,151.24,150.76,150.99,153802
2025-12-16T17:30:00.000Z,150.985,151.0485,150.74,150.805,102519
2025-12-16T17:45:00.000Z,150.805,150.94,150.8,150.88,86950
2025-12-16T18:00:00.000Z,150.87,150.91,150.64,150.74,104431
2025-12-16T18:15:00.000Z,150.745,150.75,150.51,150.55,94818
2025-12-16T18:30:00.000Z,150.5721,150.8,150.46,150.705,106125
2025-12-16T18:45:00.000Z,150.71,150.76,150.56,150.6,112744
2025-12-16T19:00:00.000Z,150.595,150.64,150.5,150.54,94924
2025-12-16T19:15:00.000Z,150.525,150.6103,150.43,150.58,96888
2025-12-16T19:30:00.000Z,150.58,150.8,150.57,150.7068,77974
2025-12-16T19:45:00.000Z,150.7,150.73,150.421,150.44,129551
2025-12-16T20:00:00.000Z,150.42,150.52,150.145,150.175,106809
2025-12-16T20:15:00.000Z,150.17,150.2,149.985,150.1501,176604
2025-12-16T20:30:00.000Z,150.165,150.32,150.16,150.19,252187
2025-12-16T20:45:00.000Z,150.19,150.55,150.16,150.33,886432
2025-12-17T14:30:00.000Z,150.38,151.24,150.2825,150.64,193621
2025-12-17T14:45:00.000Z,150.625,150.929,150.14,150.17,96852
2025-12-17T15:00:00.000Z,150.16,150.52,149.87,149.87,91323
2025-12-17T15:15:00.000Z,149.91,150.14,149.75,150.0512,87544
2025-12-17T15:30:00.000Z,150.075,150.6235,150.065,150.475,100535
2025-12-17T15:45:00.000Z,150.475,150.63,150.32,150.55,113400
2025-12-17T16:00:00.000Z,150.54,150.59,150.12,150.365,124985
2025-12-17T16:15:00.000Z,150.33,150.52,150.31,150.505,106292
2025-12-17T16:30:00.000Z,150.47,150.51,150.31,150.38,101272
2025-12-17T16:45:00.000Z,150.37,150.54,150.28,150.395,172752
2025-12-17T17:00:00.000Z,150.4,150.4,150.12,150.12,87860
2025-12-17T17:15:00.000Z,150.14,150.19,149.7,149.8,93766
2025-12-17T17:30:00.000Z,149.8,149.88,149.57,149.645,99588
2025-12-17T17:45:00.000Z,149.645,149.77,149.515,149.64,102118
2025-12-17T18:00:00.000Z,149.64,149.845,149.61,149.75,85433
2025-12-17T18:15:00.000Z,149.755,149.8414,149.57,149.68,84080
2025-12-17T18:30:00.000Z,149.675,149.92,149.48,149.92,119398
2025-12-17T18:45:00.000Z,149.915,150.14,149.9,150.03,106671
2025-12-17T19:00:00.000Z,150.02,150.1,149.92,150,92146
2025-12-17T19:15:00.000Z,150.01,150.2322,150,150.135,105947
2025-12-17T19:30:00.000Z,150.13,150.2674,150.11,150.18,92667
2025-12-17T19:45:00.000Z,150.2,150.51,150.2,150.4008,151362
2025-12-17T20:00:00.000Z,150.42,150.455,150.19,150.26,114335
2025-12-17T20:15:00.000Z,150.24,150.36,150.11,150.145,150880
2025-12-17T20:30:00.000Z,150.15,150.37,150.12,150.22,175665
2025-12-17T20:45:00.000Z,150.22,150.425,149.82,150.09,661644
2025-12-18T14:30:00.000Z,149.8,150.37,149.69,149.77,245495
2025-12-18T14:45:00.000Z,149.73,150.13,149.6301,149.73,153631
2025-12-18T15:00:00.000Z,149.787,150.15,149.76,150.03,153402
2025-12-18T15:15:00.000Z,150.03,150.03,149.52,149.6573,151044
2025-12-18T15:30:00.000Z,149.64,149.95,149.59,149.835,150907
2025-12-18T15:45:00.000Z,149.845,149.91,149.7,149.805,128099
2025-12-18T16:00:00.000Z,149.805,150.2,149.73,149.99,234417
2025-12-18T16:15:00.000Z,150.005,150.025,149.89,149.93,115819
2025-12-18T16:30:00.000Z,149.93,149.99,149.68,149.73,173775
2025-12-18T16:45:00.000Z,149.73,149.84,149.6,149.795,97206
2025-12-18T17:00:00.000Z,149.795,149.93,149.49,149.61,95236
2025-12-18T17:15:00.000Z,149.62,149.62,149.38,149.48,71107
2025-12-18T17:30:00.000Z,149.49,149.7,149.41,149.685,78153
2025-12-18T17:45:00.000Z,149.685,149.76,149.419,149.68,92052
2025-12-18T18:00:00.000Z,149.65,149.79,149.57,149.72,68240
2025-12-18T18:15:00.000Z,149.7201,149.83,149.65,149.815,96458
2025-12-18T18:30:00.000Z,149.8,149.9899,149.8,149.85,93612
2025-12-18T18:45:00.000Z,149.86,149.93,149.695,149.745,80013
2025-12-18T19:00:00.000Z,149.74,149.79,149.54,149.64,74789
2025-12-18T19:15:00.000Z,149.635,149.6401,149.42,149.445,88604
2025-12-18T19:30:00.000Z,149.42,149.575,149.3401,149.485,87995
2025-12-18T19:45:00.000Z,149.4701,149.64,149.39,149.46,86679
2025-12-18T20:00:00.000Z,149.465,149.54,149.34,149.4971,138421
2025-12-18T20:15:00.000Z,149.48,149.7,149.42,149.66,144083
2025-12-18T20:30:00.000Z,149.65,149.82,149.58,149.65,171195
2025-12-18T20:45:00.000Z,149.68,149.78,149.25,149.34,555322
2025-12-19T14:30:00.000Z,149.145,149.46,148.82,149.25,1802308
2025-12-19T14:45:00.000Z,149.28,149.79,149.21,149.66,157858
2025-12-19T15:00:00.000Z,149.67,149.8929,149.44,149.69,109608
2025-12-19T15:15:00.000Z,149.64,149.69,149.3154,149.56,104507
2025-12-19T15:30:00.000Z,149.595,149.7491,149.39,149.62,329417
2025-12-19T15:45:00.000Z,149.605,149.68,149.11,149.12,129640
2025-12-19T16:00:00.000Z,149.1,149.19,148.92,149.07,225286
2025-12-19T16:15:00.000Z,149.08,149.39,148.9901,149.275,183641
2025-12-19T16:30:00.000Z,149.28,149.33,148.9,148.92,200695
2025-12-19T16:45:00.000Z,148.94,149.1,148.8434,148.89,165116
2025-12-19T17:00:00.000Z,148.88,148.88,148.54,148.54,100180
2025-12-19T17:15:00.000Z,148.54,148.8,148.53,148.67,129045
2025-12-19T17:30:00.000Z,148.69,148.81,148.52,148.545,93931
2025-12-19T17:45:00.000Z,148.56,148.7099,148.51,148.61,104356
2025-12-19T18:00:00.000Z,148.59,148.87,148.47,148.83,123841
2025-12-19T18:15:00.000Z,148.84,148.91,148.77,148.78,99613
2025-12-19T18:30:00.000Z,148.78,148.95,148.73,148.925,82539
2025-12-19T18:45:00.000Z,148.93,149,148.85,148.86,100866
2025-12-19T19:00:00.000Z,148.86,149.01,148.845,148.92,100730
2025-12-19T19:15:00.000Z,148.91,149.01,148.84,148.8524,109728
2025-12-19T19:30:00.000Z,148.855,148.975,148.785,148.975,76450
2025-12-19T19:45:00.000Z,148.97,149.01,148.75,148.76,102776
2025-12-19T20:00:00.000Z,148.76,148.76,148.3601,148.555,147086
2025-12-19T20:15:00.000Z,148.57,148.64,148.5387,148.59,118505
2025-12-19T20:30:00.000Z,148.58,148.6,148.305,148.34,211652
2025-12-19T20:45:00.000Z,148.35,148.36,147.9,148.17,977344
2025-12-22T14:30:00.000Z,147.525,148.98,147.18,148.73,322496
2025-12-22T14:45:00.000Z,148.73,148.765,148.21,148.615,137523
2025-12-22T15:00:00.000Z,148.63,148.8099,148.34,148.37,119936
2025-12-22T15:15:00.000Z,148.41,148.56,148.27,148.459,115216
2025-12-22T15:30:00.000Z,148.435,148.58,147.99,148.01,164241
2025-12-22T15:45:00.000Z,148.03,148.15,147.65,147.755,151912
2025-12-22T16:00:00.000Z,147.765,148.15,147.7,147.79,157377
2025-12-22T16:15:00.000Z,147.765,147.86,147.67,147.85,125743
2025-12-22T16:30:00.000Z,147.84,147.87,147.665,147.74,102261
2025-12-22T16:45:00.000Z,147.74,147.88,147.74,147.8201,167331
2025-12-22T17:00:00.000Z,147.83,147.9,147.67,147.67,121028
2025-12-22T17:15:00.000Z,147.65,147.68,147.29,147.292,124006
2025-12-22T17:30:00.000Z,147.295,147.39,147.1,147.39,183319
2025-12-22T17:45:00.000Z,147.43,147.56,147.33,147.455,154629
2025-12-22T18:00:00.000Z,147.46,147.5808,147.25,147.25,96715
2025-12-22T18:15:00.000Z,147.26,147.48,147.12,147.205,134377
2025-12-22T18:30:00.000Z,147.19,147.47,147.12,147.13,86695
2025-12-22T18:45:00.000Z,147.13,147.25,146.993,147,123015
2025-12-22T19:00:00.000Z,146.9973,147.02,146.6,146.7,164217
2025-12-22T19:15:00.000Z,146.7024,146.72,146.41,146.615,110007
2025-12-22T19:30:00.000Z,146.64,146.76,146.5,146.57,167229
2025-12-22T19:45:00.000Z,146.59,146.71,146.48,146.64,95434
2025-12-22T20:00:00.000Z,146.65,146.75,146.48,146.74,98623
2025-12-22T20:15:00.000Z,146.735,147.08,146.73,146.8676,181220
2025-12-22T20:30:00.000Z,146.89,147.03,146.8608,146.925,201191
2025-12-22T20:45:00.000Z,146.935,147.27,146.89,147.05,918443
2025-12-23T14:30:00.000Z,147.19,147.19,143.61,144.185,563054
2025-12-23T14:45:00.000Z,144.19,145.05,144.185,144.795,291546
2025-12-23T15:00:00.000Z,144.75,145.0385,144.4,144.61,260270
2025-12-23T15:15:00.000Z,144.64,144.71,144.13,144.44,189450
2025-12-23T15:30:00.000Z,144.5,144.785,144.26,144.39,184142
2025-12-23T15:45:00.000Z,144.41,144.8,144.37,144.76,113700
2025-12-23T16:00:00.000Z,144.75,144.87,144.61,144.87,136927
2025-12-23T16:15:00.000Z,144.83,144.87,144.43,144.59,118593
2025-12-23T16:30:00.000Z,144.64,144.64,144.18,144.19,131028
2025-12-23T16:45:00.000Z,144.2,144.36,144.15,144.26,81328
2025-12-23T17:00:00.000Z,144.26,144.44,144.2001,144.25,100971
2025-12-23T17:15:00.000Z,144.24,144.3,144.05,144.17,122857
2025-12-23T17:30:00.000Z,144.17,144.2975,144.09,144.22,100776
2025-12-23T17:45:00.000Z,144.22,144.32,144.08,144.22,99486
2025-12-23T18:00:00.000Z,144.22,144.22,144.03,144.165,77369
2025-12-23T18:15:00.000Z,144.165,144.29,144.11,144.23,151243
2025-12-23T18:30:00.000Z,144.24,144.275,144.1,144.155,96191
2025-12-23T18:45:00.000Z,144.135,144.4,144.05,144.09,174258
2025-12-23T19:00:00.000Z,144.09,144.15,143.8738,144.11,126522
2025-12-23T19:15:00.000Z,144.1,144.345,144.1,144.24,105821
2025-12-23T19:30:00.000Z,144.25,144.2608,144.04,144.09,112049
2025-12-23T19:45:00.000Z,144.08,144.08,143.98,144.02,104082
2025-12-23T20:00:00.000Z,144.005,144.035,143.9,143.955,148567
2025-12-23T20:15:00.000Z,143.96,143.99,143.862,143.96,157245
2025-12-23T20:30:00.000Z,143.97,144.005,143.67,143.69,195970
2025-12-23T20:45:00.000Z,143.71,143.74,143.56,143.68,783664
2025-12-24T14:30:00.000Z,143.79,143.99,142.95,142.9599,244011
2025-12-24T14:45:00.000Z,143.02,143.33,143.02,143.245,91358
2025-12-24T15:00:00.000Z,143.25,143.44,143.2,143.345,106666
2025-12-24T15:15:00.000Z,143.32,143.48,143.28,143.455,110877
2025-12-24T15:30:00.000Z,143.455,143.48,143.13,143.15,127262
2025-12-24T15:45:00.000Z,143.15,143.2899,143.04,143.14,128445
2025-12-24T16:00:00.000Z,143.145,143.33,142.97,143.07,145211
2025-12-24T16:15:00.000Z,143.05,143.335,143.03,143.31,130607
2025-12-24T16:30:00.000Z,143.3,143.45,143.15,143.425,104490
2025-12-24T16:45:00.000Z,143.42,143.4201,143.28,143.375,110035
2025-12-24T17:00:00.000Z,143.39,143.5199,143.37,143.43,103224
2025-12-24T17:15:00.000Z,143.44,143.7,143.43,143.58,235928
2025-12-24T17:30:00.000Z,143.6,143.65,143.46,143.58,179193
2025-12-24T17:45:00.000Z,143.6,143.94,143.585,143.755,370507
2025-12-24T18:00:00.000Z,143.74,143.74,143.74,143.74,367769
2025-12-26T14:30:00.000Z,143.56,143.68,143.33,143.535,158917
2025-12-26T14:45:00.000Z,143.53,143.64,143.37,143.52,93017
2025-12-26T15:00:00.000Z,143.54,143.87,143.4517,143.76,99083
2025-12-26T15:15:00.000Z,143.8,143.84,143.575,143.73,99557
2025-12-26T15:30:00.000Z,143.73,143.94,143.7,143.8032,104640
2025-12-26T15:45:00.000Z,143.796,143.84,143.55,143.56,74666
2025-12-26T16:00:00.000Z,143.55,143.55,143.32,143.4,62957
2025-12-26T16:15:00.000Z,143.3411,143.42,143.29,143.38,61801
2025-12-26T16:30:00.000Z,143.35,143.45,143.29,143.3843,47259
2025-12-26T16:45:00.000Z,143.37,143.5,143.345,143.47,44806
2025-12-26T17:00:00.000Z,143.45,143.455,143.3403,143.4,48107
2025-12-26T17:15:00.000Z,143.415,143.5,143.38,143.4675,49347
2025-12-26T17:30:00.000Z,143.47,143.47,143.35,143.42,37844
2025-12-26T17:45:00.000Z,143.39,143.42,143.25,143.28,47407
2025-12-26T18:00:00.000Z,143.275,143.325,143.18,143.18,55370
2025-12-26T18:15:00.000Z,143.18,143.194,143.09,143.1426,61242
2025-12-26T18:30:00.000Z,143.15,143.31,143.12,143.205,81319
2025-12-26T18:45:00.000Z,143.205,143.305,143.14,143.2249,66423
2025-12-26T19:00:00.000Z,143.24,143.41,143.195,143.275,127916
2025-12-26T19:15:00.000Z,143.2732,143.35,143.26,143.3487,62183
2025-12-26T19:30:00.000Z,143.3468,143.565,143.32,143.49,62580
2025-12-26T19:45:00.000Z,143.49,143.51,143.41,143.42,78579
2025-12-26T20:00:00.000Z,143.43,143.56,143.38,143.505,78520
2025-12-26T20:15:00.000Z,143.49,143.659,143.475,143.545,78321
2025-12-26T20:30:00.000Z,143.52,143.655,143.51,143.6,74909
2025-12-26T20:45:00.000Z,143.6,143.845,143.56,143.771,425849
2025-12-29T14:30:00.000Z,143.74,144.34,143.6,144.21,392590
2025-12-29T14:45:00.000Z,144.23,144.785,144.22,144.495,213404
2025-12-29T15:00:00.000Z,144.49,144.98,144.41,144.84,224977
2025-12-29T15:15:00.000Z,144.83,145.05,144.74,144.96,156186
2025-12-29T15:30:00.000Z,144.96,145.02,144.764,144.86,106855
2025-12-29T15:45:00.000Z,144.86,144.89,144.52,144.55,109093
2025-12-29T16:00:00.000Z,144.57,144.58,144.24,144.33,100584
2025-12-29T16:15:00.000Z,144.32,144.405,144.18,144.285,93983
2025-12-29T16:30:00.000Z,144.29,144.59,144.24,144.32,118839
2025-12-29T16:45:00.000Z,144.305,144.39,144.26,144.315,114256
2025-12-29T17:00:00.000Z,144.3019,144.36,144.2387,144.33,76013
2025-12-29T17:15:00.000Z,144.345,144.345,144.16,144.19,72324
2025-12-29T17:30:00.000Z,144.19,144.3,144.105,144.268,58551
2025-12-29T17:45:00.000Z,144.27,144.44,144.27,144.41,76112
2025-12-29T18:00:00.000Z,144.4076,144.42,144.28,144.3392,89246
2025-12-29T18:15:00.000Z,144.32,144.42,144.31,144.41,99736
2025-12-29T18:30:00.000Z,144.4,144.57,144.37,144.5,77436
2025-12-29T18:45:00.000Z,144.48,144.55,144.45,144.45,54207
2025-12-29T19:00:00.000Z,144.45,144.48,144.32,144.33,93538
2025-12-29T19:15:00.000Z,144.3499,144.44,144.25,144.425,80510
2025-12-29T19:30:00.000Z,144.41,144.495,144.38,144.445,71266
2025-12-29T19:45:00.000Z,144.445,144.49,144.37,144.44,89227
2025-12-29T20:00:00.000Z,144.43,144.45,144.34,144.39,93227
2025-12-29T20:15:00.000Z,144.39,144.44,144.19,144.23,82245
2025-12-29T20:30:00.000Z,144.23,144.3068,144.2101,144.22,98626
2025-12-29T20:45:00.000Z,144.22,144.36,144.11,144.23,379174
2025-12-30T14:30:00.000Z,143.97,145.27,143.92,144.855,269621
2025-12-30T14:45:00.000Z,144.86,145.005,144.5451,144.5451,99471
2025-12-30T15:00:00.000Z,144.52,144.68,144.44,144.52,93340
2025-12-30T15:15:00.000Z,144.52,144.52,144.13,144.32,165165
2025-12-30T15:30:00.000Z,144.34,144.37,144.18,144.24,80245
2025-12-30T15:45:00.000Z,144.22,144.24,144.11,144.13,143009
2025-12-30T16:00:00.000Z,144.09,144.31,144.09,144.195,87587
2025-12-30T16:15:00.000Z,144.21,144.31,144.145,144.215,93424
2025-12-30T16:30:00.000Z,144.24,144.2854,144.16,144.17,71722
2025-12-30T16:45:00.000Z,144.15,144.255,144.07,144.105,65879
2025-12-30T17:00:00.000Z,144.085,144.1016,143.93,143.975,56646
2025-12-30T17:15:00.000Z,143.975,144.1814,143.96,144.17,67815
2025-12-30T17:30:00.000Z,144.1651,144.295,144.14,144.14,67865
2025-12-30T17:45:00.000Z,144.16,144.28,144.14,144.2,63273
2025-12-30T18:00:00.000Z,144.205,144.3299,144.2,144.315,61146
2025-12-30T18:15:00.000Z,144.3,144.3,144.1972,144.26,61136
2025-12-30T18:30:00.000Z,144.26,144.36,144.25,144.282,83785
2025-12-30T18:45:00.000Z,144.285,144.2901,144.165,144.2,68215
2025-12-30T19:00:00.000Z,144.2,144.2,144.06,144.12,109892
2025-12-30T19:15:00.000Z,144.11,144.15,144,144.137,77015
2025-12-30T19:30:00.000Z,144.13,144.21,144.12,144.1877,76313
2025-12-30T19:45:00.000Z,144.19,144.235,144.15,144.187,62708
2025-12-30T20:00:00.000Z,144.19,144.25,144.16,144.23,74047
2025-12-30T20:15:00.000Z,144.23,144.25,144.11,144.12,110418
2025-12-30T20:30:00.000Z,144.14,144.2499,144.14,144.23,122115
2025-12-30T20:45:00.000Z,144.23,144.31,144.09,144.13,456277
2025-12-31T14:30:00.000Z,143.825,143.9,143.481,143.7415,126696
2025-12-31T14:45:00.000Z,143.74,143.97,143.62,143.83,84586
2025-12-31T15:00:00.000Z,143.81,143.86,143.54,143.67,127397
2025-12-31T15:15:00.000Z,143.675,143.817,143.48,143.515,119659
2025-12-31T15:30:00.000Z,143.49,143.555,143.29,143.33,88650
2025-12-31T15:45:00.000Z,143.325,143.47,143.2614,143.2614,73712
2025-12-31T16:00:00.000Z,143.275,143.41,143.16,143.2796,77279
2025-12-31T16:15:00.000Z,143.3,143.473,143.295,143.47,80547
2025-12-31T16:30:00.000Z,143.47,143.47,143.3398,143.43,48377
2025-12-31T16:45:00.000Z,143.43,143.54,143.39,143.52,65441
2025-12-31T17:00:00.000Z,143.5123,143.61,143.5,143.525,73829
2025-12-31T17:15:00.000Z,143.525,143.57,143.45,143.54,115257
2025-12-31T17:30:00.000Z,143.55,143.6895,143.55,143.66,51589
2025-12-31T17:45:00.000Z,143.67,143.73,143.65,143.71,47656
2025-12-31T18:00:00.000Z,143.7,143.86,143.615,143.86,78116
2025-12-31T18:15:00.000Z,143.85,143.85,143.72,143.76,67730
2025-12-31T18:30:00.000Z,143.76,143.82,143.72,143.81,62292
2025-12-31T18:45:00.000Z,143.82,143.87,143.75,143.83,95028
2025-12-31T19:00:00.000Z,143.84,143.9451,143.79,143.93,65692
2025-12-31T19:15:00.000Z,143.94,143.95,143.873,143.92,61850
2025-12-31T19:30:00.000Z,143.93,144.03,143.9,143.98,72754
2025-12-31T19:45:00.000Z,143.97,144.02,143.87,143.87,49847
2025-12-31T20:00:00.000Z,143.86,143.9014,143.81,143.83,64149
2025-12-31T20:15:00.000Z,143.8387,143.88,143.63,143.655,84422
2025-12-31T20:30:00.000Z,143.6401,143.8551,143.63,143.68,125309
2025-12-31T20:45:00.000Z,143.68,143.68,143.42,143.5,453556
2026-01-02T14:30:00.000Z,143.22,143.4,142.42,142.785,300022
2026-01-02T14:45:00.000Z,142.7789,143.41,142.58,143.16,127851
2026-01-02T15:00:00.000Z,143.158,143.2,142.81,142.8975,169813
2026-01-02T15:15:00.000Z,142.87,143.03,142.7699,142.92,106680
2026-01-02T15:30:00.000Z,142.8701,142.95,142.45,142.53,119510
2026-01-02T15:45:00.000Z,142.57,143.03,142.5,142.91,175406
2026-01-02T16:00:00.000Z,142.9,143.1,142.71,143.08,124129
2026-01-02T16:15:00.000Z,143.12,143.31,142.901,142.901,120922
2026-01-02T16:30:00.000Z,142.92,143.04,142.8336,142.85,129053
2026-01-02T16:45:00.000Z,142.87,143.01,142.8501,142.97,89209
2026-01-02T17:00:00.000Z,142.9501,143.04,142.865,142.9746,91040
2026-01-02T17:15:00.000Z,142.97,142.99,142.77,142.835,87309
2026-01-02T17:30:00.000Z,142.85,142.85,142.5988,142.64,95978
2026-01-02T17:45:00.000Z,142.64,142.67,142.43,142.54,159729
2026-01-02T18:00:00.000Z,142.55,142.645,142.45,142.545,82353
2026-01-02T18:15:00.000Z,142.54,142.7,142.525,142.7,59596
2026-01-02T18:30:00.000Z,142.68,142.78,142.67,142.695,74696
2026-01-02T18:45:00.000Z,142.695,142.8,142.5,142.57,112820
2026-01-02T19:00:00.000Z,142.585,142.85,142.5697,142.81,121377
2026-01-02T19:15:00.000Z,142.84,143,142.84,142.91,85373
2026-01-02T19:30:00.000Z,142.905,142.98,142.85,142.92,67376
2026-01-02T19:45:00.000Z,142.9238,142.94,142.74,142.81,83996
2026-01-02T20:00:00.000Z,142.81,142.92,142.73,142.73,80835
2026-01-02T20:15:00.000Z,142.715,142.885,142.66,142.68,124931
2026-01-02T20:30:00.000Z,142.68,142.73,142.42,142.43,210414
2026-01-02T20:45:00.000Z,142.43,142.43,142.1,142.24,647650
2026-01-05T14:30:00.000Z,141.66,141.81,140.235,140.34,445257
2026-01-05T14:45:00.000Z,140.41,141.3432,140.22,140.68,306672
2026-01-05T15:00:00.000Z,140.71,141.06,140.11,140.37,419254
2026-01-05T15:15:00.000Z,140.37,140.45,139.957,140.01,401650
2026-01-05T15:30:00.000Z,140.01,140.18,139.56,139.6573,284046
2026-01-05T15:45:00.000Z,139.65,139.87,139.5697,139.62,208627
2026-01-05T16:00:00.000Z,139.64,139.87,139.4,139.82,443150
2026-01-05T16:15:00.000Z,139.81,140.49,139.78,140.45,221468
2026-01-05T16:30:00.000Z,140.45,140.54,140.32,140.54,193438
2026-01-05T16:45:00.000Z,140.56,140.58,140.32,140.415,154092
2026-01-05T17:00:00.000Z,140.41,140.47,140.23,140.385,177669
2026-01-05T17:15:00.000Z,140.3835,140.45,140.23,140.31,117726
2026-01-05T17:30:00.000Z,140.32,140.4,140.2,140.375,141158
2026-01-05T17:45:00.000Z,140.375,140.412,140.28,140.405,119621
2026-01-05T18:00:00.000Z,140.39,140.48,140.34,140.3803,127974
2026-01-05T18:15:00.000Z,140.3735,140.42,140.215,140.29,103344
2026-01-05T18:30:00.000Z,140.285,140.35,140.25,140.33,108571
2026-01-05T18:45:00.000Z,140.32,140.33,140.217,140.23,150357
2026-01-05T19:00:00.000Z,140.24,140.3399,140.165,140.31,176721
2026-01-05T19:15:00.000Z,140.315,140.42,140.27,140.4,138280
2026-01-05T19:30:00.000Z,140.4,140.45,140.16,140.2666,127485
2026-01-05T19:45:00.000Z,140.26,140.2601,140.13,140.13,117872
2026-01-05T20:00:00.000Z,140.13,140.13,139.935,139.98,198184
2026-01-05T20:15:00.000Z,139.979,140.01,139.575,139.78,283226
2026-01-05T20:30:00.000Z,139.7764,140.13,139.7764,139.885,303399
2026-01-05T20:45:00.000Z,139.89,140.01,139.81,139.91,790653
2026-01-06T14:30:00.000Z,139.68,140.0574,139.4,139.78,493398
2026-01-06T14:45:00.000Z,139.785,139.91,139.1701,139.22,193051
2026-01-06T15:00:00.000Z,139.225,139.5787,139.17,139.445,341368
2026-01-06T15:15:00.000Z,139.45,139.6799,139.28,139.625,179093
2026-01-06T15:30:00.000Z,139.625,139.75,139.16,139.18,220570
2026-01-06T15:45:00.000Z,139.19,139.37,138.81,138.995,293107
2026-01-06T16:00:00.000Z,139.02,139.13,138.845,138.9,176618
2026-01-06T16:15:00.000Z,138.89,139.13,138.83,138.98,276054
2026-01-06T16:30:00.000Z,139,139,138.565,138.7,208154
2026-01-06T16:45:00.000Z,138.7,139.06,138.68,139.03,152637
2026-01-06T17:00:00.000Z,139.01,139.01,138.795,138.913,123531
2026-01-06T17:15:00.000Z,138.91,139,138.8833,138.97,116309
2026-01-06T17:30:00.000Z,138.97,139.085,138.915,139.0734,113933
2026-01-06T17:45:00.000Z,139.075,139.19,139.05,139.106,125926
2026-01-06T18:00:00.000Z,139.1,139.4,139.02,139.3699,198197
2026-01-06T18:15:00.000Z,139.355,139.4499,139.185,139.2,186612
2026-01-06T18:30:00.000Z,139.24,139.372,138.98,139.08,136308
2026-01-06T18:45:00.000Z,139.09,139.12,138.871,138.92,113561
2026-01-06T19:00:00.000Z,138.93,139.2651,138.91,139.24,139395
2026-01-06T19:15:00.000Z,139.2419,139.42,139.19,139.42,110596
2026-01-06T19:30:00.000Z,139.43,139.58,139.37,139.58,156423
2026-01-06T19:45:00.000Z,139.57,139.64,139.06,139.235,340028
2026-01-06T20:00:00.000Z,139.22,139.67,139.195,139.565,167226
2026-01-06T20:15:00.000Z,139.55,139.66,139.17,139.235,311849
2026-01-06T20:30:00.000Z,139.22,139.225,138.89,139.115,326748
2026-01-06T20:45:00.000Z,139.13,139.2,138.83,138.95,1112211
2026-01-07T14:30:00.000Z,139.215,139.8299,138.15,138.4,499357
2026-01-07T14:45:00.000Z,138.41,138.77,138.15,138.17,212332
2026-01-07T15:00:00.000Z,138.19,138.37,137.98,138.05,423337
2026-01-07T15:15:00.000Z,138.05,138.05,137.55,137.705,300420
2026-01-07T15:30:00.000Z,137.72,137.81,137.56,137.56,268902
2026-01-07T15:45:00.000Z,137.57,137.92,137.5,137.9099,169444
2026-01-07T16:00:00.000Z,137.91,138.04,137.78,137.8,193282
2026-01-07T16:15:00.000Z,137.7907,138.12,137.7907,137.9441,148498
2026-01-07T16:30:00.000Z,137.925,138.13,137.92,138.055,177651
2026-01-07T16:45:00.000Z,138.04,138.11,137.8,137.9,170228
2026-01-07T17:00:00.000Z,137.905,138.2,137.905,138.05,138549
2026-01-07T17:15:00.000Z,138.03,138.045,137.81,137.85,127756
2026-01-07T17:30:00.000Z,137.8526,137.91,137.81,137.88,94182
2026-01-07T17:45:00.000Z,137.875,138.125,137.87,138.11,148315
2026-01-07T18:00:00.000Z,138.1,138.139,137.87,137.936,103663
2026-01-07T18:15:00.000Z,137.96,138,137.54,137.66,175832
2026-01-07T18:30:00.000Z,137.645,137.73,137.43,137.5999,183395
2026-01-07T18:45:00.000Z,137.5892,137.9,137.52,137.52,208464
2026-01-07T19:00:00.000Z,137.52,137.76,137.35,137.685,194015
2026-01-07T19:15:00.000Z,137.67,137.73,137.485,137.52,148178
2026-01-07T19:30:00.000Z,137.53,137.54,137.24,137.35,226140
2026-01-07T19:45:00.000Z,137.345,137.51,137.12,137.485,253967
2026-01-07T20:00:00.000Z,137.46,137.47,137.26,137.36,218261
2026-01-07T20:15:00.000Z,137.36,137.36,137.12,137.24,265915
2026-01-07T20:30:00.000Z,137.23,137.26,136.995,137.15,287574
2026-01-07T20:45:00.000Z,137.14,137.21,136.955,137,972717
2026-01-08T14:30:00.000Z,136.57,137.695,136.01,137.695,981436
2026-01-08T14:45:00.000Z,137.65,138.8,137.55,138.69,402185
2026-01-08T15:00:00.000Z,138.75,139.01,138.382,138.445,353951
2026-01-08T15:15:00.000Z,138.445,138.6735,138.42,138.42,176759
2026-01-08T15:30:00.000Z,138.4,138.83,138.28,138.33,395604
2026-01-08T15:45:00.000Z,138.27,138.39,138,138.1436,207993
2026-01-08T16:00:00.000Z,138.1148,138.28,137.97,138.01,165583
2026-01-08T16:15:00.000Z,138,138.18,137.7926,138.15,174044
2026-01-08T16:30:00.000Z,138.15,138.51,138.075,138.27,154072
2026-01-08T16:45:00.000Z,138.245,138.4,138.17,138.36,115937
2026-01-08T17:00:00.000Z,138.35,138.41,138.18,138.18,128224
2026-01-08T17:15:00.000Z,138.2,138.38,138.07,138.32,97138
2026-01-08T17:30:00.000Z,138.335,138.48,138.31,138.428,126356
2026-01-08T17:45:00.000Z,138.44,138.6,138.38,138.6,104232
2026-01-08T18:00:00.000Z,138.59,138.65,138.49,138.54,128134
2026-01-08T18:15:00.000Z,138.53,138.61,138.4834,138.58,133592
2026-01-08T18:30:00.000Z,138.58,138.8,138.57,138.73,143481
2026-01-08T18:45:00.000Z,138.72,139.105,138.715,138.925,122335
2026-01-08T19:00:00.000Z,138.94,139.28,138.9,139.17,168724
2026-01-08T19:15:00.000Z,139.17,139.315,139.11,139.18,136669
2026-01-08T19:30:00.000Z,139.17,139.285,139.075,139.18,151553
2026-01-08T19:45:00.000Z,139.19,139.35,139.145,139.31,135136
2026-01-08T20:00:00.000Z,139.3,139.355,139.06,139.12,272905
2026-01-08T20:15:00.000Z,139.12,139.19,138.91,139.16,399570
2026-01-08T20:30:00.000Z,139.1401,139.26,138.85,139.26,352394
2026-01-08T20:45:00.000Z,139.23,139.48,139.19,139.38,944822
2026-01-09T14:30:00.000Z,139.44,140.05,138.7,138.99,362177
2026-01-09T14:45:00.000Z,138.98,139.37,138.75,139.26,144928
2026-01-09T15:00:00.000Z,139.28,139.7,139.04,139.44,188976
2026-01-09T15:15:00.000Z,139.475,139.98,139.37,139.96,146425
2026-01-09T15:30:00.000Z,139.98,140.07,139.84,139.895,104971
2026-01-09T15:45:00.000Z,139.87,139.98,139.78,139.81,118841
2026-01-09T16:00:00.000Z,139.815,140.09,139.7,139.84,195073
2026-01-09T16:15:00.000Z,139.87,139.995,139.795,139.835,116043
2026-01-09T16:30:00.000Z,139.82,140.16,139.8,140.16,99746
2026-01-09T16:45:00.000Z,140.11,140.48,140.04,140.445,124032
2026-01-09T17:00:00.000Z,140.45,140.76,140.42,140.73,118794
2026-01-09T17:15:00.000Z,140.73,140.79,140.43,140.45,130648
2026-01-09T17:30:00.000Z,140.46,140.7,140.43,140.68,509062
2026-01-09T17:45:00.000Z,140.7,140.7799,140.6501,140.695,74856
2026-01-09T18:00:00.000Z,140.66,140.666,140.2901,140.37,114578
2026-01-09T18:15:00.000Z,140.36,140.4,140.2,140.27,84787
2026-01-09T18:30:00.000Z,140.29,140.46,140.27,140.41,69202
2026-01-09T18:45:00.000Z,140.43,140.43,140.099,140.12,196612
2026-01-09T19:00:00.000Z,140.1165,140.15,139.92,140.08,112595
2026-01-09T19:15:00.000Z,140.08,140.08,139.88,139.97,122681
2026-01-09T19:30:00.000Z,139.96,140.085,139.87,139.89,86937
2026-01-09T19:45:00.000Z,139.9,140.09,139.75,139.82,157369
2026-01-09T20:00:00.000Z,139.83,139.865,139.71,139.71,104420
2026-01-09T20:15:00.000Z,139.73,139.85,139.6483,139.815,171666
2026-01-09T20:30:00.000Z,139.81,140.03,139.55,139.66,272931
2026-01-09T20:45:00.000Z,139.68,139.98,139.58,139.87,611966
2026-01-12T14:30:00.000Z,139.91,139.91,138.56,139.54,706288
2026-01-12T14:45:00.000Z,139.55,140.025,139.495,139.6,239277
2026-01-12T15:00:00.000Z,139.6,139.93,139.465,139.93,249586
2026-01-12T15:15:00.000Z,139.94,139.98,139.5501,139.87,233357
2026-01-12T15:30:00.000Z,139.855,140,139.75,139.845,213178
2026-01-12T15:45:00.000Z,139.87,139.92,139.49,139.87,218132
2026-01-12T16:00:00.000Z,139.89,140.33,139.71,140.31,934123
2026-01-12T16:15:00.000Z,140.33,140.5,140.16,140.37,206604
2026-01-12T16:30:00.000Z,140.39,140.88,140.3845,140.47,289882
2026-01-12T16:45:00.000Z,140.475,140.65,140.051,140.32,195100
2026-01-12T17:00:00.000Z,140.3,140.3,140,140.11,107319
2026-01-12T17:15:00.000Z,140.1,140.26,140.1,140.195,90172
2026-01-12T17:30:00.000Z,140.2,140.52,140.13,140.495,145022
2026-01-12T17:45:00.000Z,140.495,140.54,140.445,140.49,118602
2026-01-12T18:00:00.000Z,140.5,140.52,140.33,140.355,136771
2026-01-12T18:15:00.000Z,140.37,140.51,140.335,140.39,185974
2026-01-12T18:30:00.000Z,140.39,140.43,140.175,140.2,219947
2026-01-12T18:45:00.000Z,140.18,140.56,140.1728,140.53,140466
2026-01-12T19:00:00.000Z,140.51,140.725,140.49,140.675,118250
2026-01-12T19:15:00.000Z,140.675,140.825,140.63,140.65,160380
2026-01-12T19:30:00.000Z,140.65,140.75,140.53,140.715,251049
2026-01-12T19:45:00.000Z,140.73,140.97,140.7,140.96,282481
2026-01-12T20:00:00.000Z,140.96,141.3,140.82,140.85,936342
2026-01-12T20:15:00.000Z,140.86,140.86,140.451,140.4845,165569
2026-01-12T20:30:00.000Z,140.4801,141,140.46,140.995,210089
2026-01-12T20:45:00.000Z,140.99,141.51,140.95,141.35,919916
2026-01-13T14:30:00.000Z,141.1,141.83,141.04,141.58,386187
2026-01-13T14:45:00.000Z,141.51,142.345,141.3,141.78,250050
2026-01-13T15:00:00.000Z,141.81,142.15,141.48,142.15,121590
2026-01-13T15:15:00.000Z,142.165,142.4,142.07,142.34,162187
2026-01-13T15:30:00.000Z,142.34,142.42,141.9892,142.2378,243762
2026-01-13T15:45:00.000Z,142.23,142.69,141.98,142.07,1086418
2026-01-13T16:00:00.000Z,142.025,142.65,141.99,142.495,250336
2026-01-13T16:15:00.000Z,142.485,142.595,142.4,142.435,162079
2026-01-13T16:30:00.000Z,142.43,142.46,141.765,141.925,182239
2026-01-13T16:45:00.000Z,141.91,142.24,141.83,141.975,184689
2026-01-13T17:00:00.000Z,141.99,141.995,141.625,141.88,124037
2026-01-13T17:15:00.000Z,141.92,142.16,141.805,142.11,122130
2026-01-13T17:30:00.000Z,142.09,142.32,142.02,142.28,195437
2026-01-13T17:45:00.000Z,142.285,142.605,142.27,142.55,112938
2026-01-13T18:00:00.000Z,142.52,142.675,142.15,142.4575,225430
2026-01-13T18:15:00.000Z,142.48,142.54,142.06,142.48,219183
2026-01-13T18:30:00.000Z,142.48,142.81,142.47,142.79,383287
2026-01-13T18:45:00.000Z,142.79,143.04,142.62,142.96,278580
2026-01-13T19:00:00.000Z,142.97,143.325,142.97,143.315,207337
2026-01-13T19:15:00.000Z,143.31,143.45,143.23,143.285,215169
2026-01-13T19:30:00.000Z,143.285,143.4,143.02,143.0237,203988
2026-01-13T19:45:00.000Z,143.025,143.29,142.82,143.1735,233078
2026-01-13T20:00:00.000Z,143.17,143.2799,143.111,143.2223,171352
2026-01-13T20:15:00.000Z,143.2351,143.34,143.11,143.125,197948
2026-01-13T20:30:00.000Z,143.13,143.515,143.06,143.39,398802
2026-01-13T20:45:00.000Z,143.4,143.65,143.33,143.45,794321
2026-01-14T14:30:00.000Z,143.14,145.095,143.136,144.7175,573828
2026-01-14T14:45:00.000Z,144.705,146,144.63,145.87,543240
2026-01-14T15:00:00.000Z,145.89,146.3,145.29,145.425,426742
2026-01-14T15:15:00.000Z,145.39,145.59,145.265,145.4448,263185
2026-01-14T15:30:00.000Z,145.42,145.88,145.3,145.5757,263479
2026-01-14T15:45:00.000Z,145.575,145.655,145.31,145.56,175547
2026-01-14T16:00:00.000Z,145.586,145.72,145.26,145.57,189572
2026-01-14T16:15:00.000Z,145.595,145.7,145.3901,145.5653,169896
2026-01-14T16:30:00.000Z,145.562,145.84,145.53,145.8,275855
2026-01-14T16:45:00.000Z,145.82,145.95,145.49,145.52,226027
2026-01-14T17:00:00.000Z,145.535,145.568,145.275,145.41,146201
2026-01-14T17:15:00.000Z,145.42,145.67,145.375,145.6,149559
2026-01-14T17:30:00.000Z,145.61,145.63,145.49,145.54,123562
2026-01-14T17:45:00.000Z,145.565,145.65,145.3601,145.54,108261
2026-01-14T18:00:00.000Z,145.55,145.6504,145.52,145.57,102944
2026-01-14T18:15:00.000Z,145.56,145.62,145.41,145.56,117436
2026-01-14T18:30:00.000Z,145.56,145.68,145.43,145.45,107841
2026-01-14T18:45:00.000Z,145.4583,145.8,145.4583,145.715,125379
2026-01-14T19:00:00.000Z,145.73,146,145.715,145.92,121105
2026-01-14T19:15:00.000Z,145.93,146,145.71,145.72,181671
2026-01-14T19:30:00.000Z,145.72,145.89,145.61,145.8899,154422
2026-01-14T19:45:00.000Z,145.87,145.9707,145.7535,145.86,158848
2026-01-14T20:00:00.000Z,145.85,145.85,145.59,145.59,202503
2026-01-14T20:15:00.000Z,145.58,145.62,145.46,145.54,188705
2026-01-14T20:30:00.000Z,145.55,145.917,145.55,145.87,315363
2026-01-14T20:45:00.000Z,145.86,146.07,145.64,145.93,964706
2026-01-15T14:30:00.000Z,146.06,146.41,145.53,145.635,306368
2026-01-15T14:45:00.000Z,145.59,145.95,145.565,145.825,97151
2026-01-15T15:00:00.000Z,145.87,146,145.73,145.895,138878
2026-01-15T15:15:00.000Z,145.895,145.988,145.77,145.8085,131537
2026-01-15T15:30:00.000Z,145.81,145.965,145.71,145.76,128852
2026-01-15T15:45:00.000Z,145.75,145.89,145.6548,145.67,173676
2026-01-15T16:00:00.000Z,145.66,145.99,145.6,145.95,130250
2026-01-15T16:15:00.000Z,145.95,146.13,145.91,146.02,164603
2026-01-15T16:30:00.000Z,146.02,146.12,145.9201,145.95,120539
2026-01-15T16:45:00.000Z,145.9628,145.985,145.83,145.89,110357
2026-01-15T17:00:00.000Z,145.88,146.11,145.835,146.09,84031
2026-01-15T17:15:00.000Z,146.1099,146.27,145.99,146.04,105720
2026-01-15T17:30:00.000Z,146.07,146.43,146.055,146.39,95956
2026-01-15T17:45:00.000Z,146.38,146.48,146.27,146.35,160431
2026-01-15T18:00:00.000Z,146.35,146.81,146.34,146.81,113234
2026-01-15T18:15:00.000Z,146.82,146.9,146.71,146.805,102466
2026-01-15T18:30:00.000Z,146.79,146.801,146.54,146.6766,133807
2026-01-15T18:45:00.000Z,146.7,146.73,146.63,146.67,113638
2026-01-15T19:00:00.000Z,146.66,146.78,146.58,146.71,124938
2026-01-15T19:15:00.000Z,146.71,147.017,146.71,146.96,117711
2026-01-15T19:30:00.000Z,146.95,146.955,146.72,146.725,156574
2026-01-15T19:45:00.000Z,146.74,146.75,146.56,146.56,161658
2026-01-15T20:00:00.000Z,146.58,146.62,146.36,146.42,123822
2026-01-15T20:15:00.000Z,146.43,146.46,146.22,146.27,143403
2026-01-15T20:30:00.000Z,146.29,146.41,146.18,146.3,229145
2026-01-15T20:45:00.000Z,146.31,146.57,146.2001,146.55,778916
2026-01-16T14:30:00.000Z,147.16,147.55,146.1027,146.375,794187
2026-01-16T14:45:00.000Z,146.43,146.705,146.2687,146.58,139866
2026-01-16T15:00:00.000Z,146.5,146.7,146.09,146.09,192078
2026-01-16T15:15:00.000Z,146.11,146.35,145.85,146.28,249660
2026-01-16T15:30:00.000Z,146.3,146.71,146.16,146.47,307876
2026-01-16T15:45:00.000Z,146.46,146.55,146.12,146.14,159536
2026-01-16T16:00:00.000Z,146.14,146.5,146.06,146.13,124804
2026-01-16T16:15:00.000Z,146.15,146.275,146.05,146.245,93970
2026-01-16T16:30:00.000Z,146.25,146.32,146.1001,146.235,107336
2026-01-16T16:45:00.000Z,146.25,146.35,146.06,146.2,96211
2026-01-16T17:00:00.000Z,146.21,146.41,146.145,146.305,89426
2026-01-16T17:15:00.000Z,146.27,146.35,146.0907,146.105,130335
2026-01-16T17:30:00.000Z,146.11,146.18,146.05,146.15,82969
2026-01-16T17:45:00.000Z,146.1468,146.2401,146.065,146.22,81783
2026-01-16T18:00:00.000Z,146.2,146.37,146.1088,146.35,64869
2026-01-16T18:15:00.000Z,146.335,146.4,146.18,146.2035,62189
2026-01-16T18:30:00.000Z,146.2,146.335,146.13,146.13,57273
2026-01-16T18:45:00.000Z,146.13,146.13,146.02,146.08,52112
2026-01-16T19:00:00.000Z,146.06,146.29,146.06,146.2046,82086
2026-01-16T19:15:00.000Z,146.205,146.21,145.9201,145.9201,94491
2026-01-16T19:30:00.000Z,145.94,146.07,145.94,146.02,104675
2026-01-16T19:45:00.000Z,146.03,146.0496,145.79,145.82,106345
2026-01-16T20:00:00.000Z,145.815,145.815,145.565,145.6,96148
2026-01-16T20:15:00.000Z,145.61,145.6877,145.51,145.585,157895
2026-01-16T20:30:00.000Z,145.58,145.74,145.51,145.7,186994
2026-01-16T20:45:00.000Z,145.71,146.38,145.63,146.31,831949
2026-01-20T14:30:00.000Z,146.215,146.63,144.32,145.015,573539
2026-01-20T14:45:00.000Z,145.015,145.415,144.53,144.615,291712
2026-01-20T15:00:00.000Z,144.65,144.8499,144.43,144.745,237636
2026-01-20T15:15:00.000Z,144.74,145.48,144.4,145.32,233059
2026-01-20T15:30:00.000Z,145.35,145.395,145.05,145.3,179536
2026-01-20T15:45:00.000Z,145.28,145.32,144.76,144.98,246633
2026-01-20T16:00:00.000Z,144.98,145.8,144.92,145.71,197313
2026-01-20T16:15:00.000Z,145.725,146.1,145.65,146.07,174831
2026-01-20T16:30:00.000Z,146.09,146.24,146.025,146.09,225610
2026-01-20T16:45:00.000Z,146.07,146.3,145.93,146.29,298650
2026-01-20T17:00:00.000Z,146.28,146.71,146.27,146.39,195779
2026-01-20T17:15:00.000Z,146.36,146.46,146.0927,146.3,153776
2026-01-20T17:30:00.000Z,146.28,146.565,146.19,146.365,177826
2026-01-20T17:45:00.000Z,146.365,146.57,146.24,146.39,193703
2026-01-20T18:00:00.000Z,146.375,146.89,146.34,146.72,226342
2026-01-20T18:15:00.000Z,146.7,146.725,146.295,146.3822,132335
2026-01-20T18:30:00.000Z,146.38,146.59,146.3101,146.51,137691
2026-01-20T18:45:00.000Z,146.49,146.71,146.26,146.52,506081
2026-01-20T19:00:00.000Z,146.538,147.125,146.465,146.515,209805
2026-01-20T19:15:00.000Z,146.51,146.93,146.505,146.795,229730
2026-01-20T19:30:00.000Z,146.8017,146.98,146.74,146.84,159390
2026-01-20T19:45:00.000Z,146.84,146.875,146.515,146.55,149179
2026-01-20T20:00:00.000Z,146.5401,146.825,146.43,146.76,192836
2026-01-20T20:15:00.000Z,146.755,147.29,146.72,147.255,323029
2026-01-20T20:30:00.000Z,147.25,147.41,147.06,147.28,611257
2026-01-20T20:45:00.000Z,147.29,147.66,147.28,147.66,907462
2026-01-21T14:30:00.000Z,147.05,148.01,146.34,146.66,406809
2026-01-21T14:45:00.000Z,146.69,146.795,145.78,145.825,444237
2026-01-21T15:00:00.000Z,145.7935,145.84,145.25,145.25,280094
2026-01-21T15:15:00.000Z,145.24,145.56,144.94,145.54,212326
2026-01-21T15:30:00.000Z,145.51,145.99,145.5,145.79,203646
2026-01-21T15:45:00.000Z,145.8,145.94,145.58,145.735,167963
2026-01-21T16:00:00.000Z,145.725,145.985,145.68,145.79,155218
2026-01-21T16:15:00.000Z,145.81,146.065,145.76,145.98,233357
2026-01-21T16:30:00.000Z,145.99,146.18,145.87,146.14,113319
2026-01-21T16:45:00.000Z,146.14,146.19,145.955,146.02,103397
2026-01-21T17:00:00.000Z,146.06,146.17,145.93,146.02,158166
2026-01-21T17:15:00.000Z,146.03,146.24,145.98,146.16,100919
2026-01-21T17:30:00.000Z,146.165,146.37,146.085,146.34,129961
2026-01-21T17:45:00.000Z,146.34,146.5,145.97,145.975,114353
2026-01-21T18:00:00.000Z,145.96,146.23,145.84,146.175,90153
2026-01-21T18:15:00.000Z,146.21,146.22,146.054,146.16,69471
2026-01-21T18:30:00.000Z,146.16,146.22,145.99,146.08,66500
2026-01-21T18:45:00.000Z,146.07,146.15,145.77,145.78,79002
2026-01-21T19:00:00.000Z,145.77,145.87,145.5801,145.83,117028
2026-01-21T19:15:00.000Z,145.83,146.299,145.82,146.19,158390
2026-01-21T19:30:00.000Z,146.22,146.48,146.04,146.34,142746
2026-01-21T19:45:00.000Z,146.36,146.7818,146.31,146.58,189533
2026-01-21T20:00:00.000Z,146.63,146.74,146.56,146.62,134928
2026-01-21T20:15:00.000Z,146.631,146.6701,146.4539,146.6701,139426
2026-01-21T20:30:00.000Z,146.67,147.01,146.53,146.86,224029
2026-01-21T20:45:00.000Z,146.86,147.24,146.635,146.73,744968
2026-01-22T14:30:00.000Z,146.68,147.13,146.25,146.85,315059
2026-01-22T14:45:00.000Z,146.865,147.05,146.07,146.19,197893
2026-01-22T15:00:00.000Z,146.18,146.23,145.3299,145.71,270886
2026-01-22T15:15:00.000Z,145.7,146.375,145.525,146.215,279080
2026-01-22T15:30:00.000Z,146.25,146.4151,146.03,146.16,145895
2026-01-22T15:45:00.000Z,146.16,146.47,146.105,146.315,143691
2026-01-22T16:00:00.000Z,146.32,146.66,146.32,146.47,174699
2026-01-22T16:15:00.000Z,146.51,146.5545,146,146.04,207972
2026-01-22T16:30:00.000Z,146.045,146.1661,145.9,145.975,213766
2026-01-22T16:45:00.000Z,145.97,146.34,145.89,146.24,103901
2026-01-22T17:00:00.000Z,146.21,146.32,146.0937,146.21,88808
2026-01-22T17:15:00.000Z,146.1912,146.21,145.92,146.025,90447
2026-01-22T17:30:00.000Z,146.01,146.13,145.9601,146.04,69586
2026-01-22T17:45:00.000Z,146.04,146.1,145.975,146.02,66499
2026-01-22T18:00:00.000Z,146.02,146.04,145.67,145.68,143380
2026-01-22T18:15:00.000Z,145.67,145.69,145.41,145.465,76465
2026-01-22T18:30:00.000Z,145.455,145.64,145.45,145.5479,102967
2026-01-22T18:45:00.000Z,145.54,145.645,145.43,145.46,1514674
2026-01-22T19:00:00.000Z,145.45,145.49,145.11,145.2,126751
2026-01-22T19:15:00.000Z,145.1951,145.43,145.145,145.34,111946
2026-01-22T19:30:00.000Z,145.34,145.34,144.78,144.855,135296
2026-01-22T19:45:00.000Z,144.87,145.0059,144.76,144.83,170882
2026-01-22T20:00:00.000Z,144.83,145.01,144.61,144.92,172724
2026-01-22T20:15:00.000Z,144.94,145.0275,144.465,144.5004,225617
2026-01-22T20:30:00.000Z,144.52,144.58,144.2805,144.54,233415
2026-01-22T20:45:00.000Z,144.54,144.59,144.17,144.38,758011
2026-01-23T14:30:00.000Z,143.86,144.84,143.67,144.54,301645
2026-01-23T14:45:00.000Z,144.57,144.74,144.04,144.69,153066
2026-01-23T15:00:00.000Z,144.71,144.73,144.22,144.275,110432
2026-01-23T15:15:00.000Z,144.26,144.28,143.97,144,161141
2026-01-23T15:30:00.000Z,144.01,144.24,143.91,144.1301,177543
2026-01-23T15:45:00.000Z,144.145,144.17,143.64,143.73,137270
2026-01-23T16:00:00.000Z,143.72,143.76,143.3,143.535,249883
2026-01-23T16:15:00.000Z,143.52,143.93,143.51,143.74,137013
2026-01-23T16:30:00.000Z,143.765,143.78,143.06,143.49,214315
2026-01-23T16:45:00.000Z,143.51,143.66,143.42,143.48,130916
2026-01-23T17:00:00.000Z,143.51,143.5801,143.4,143.52,103494
2026-01-23T17:15:00.000Z,143.52,143.79,143.49,143.77,110236
2026-01-23T17:30:00.000Z,143.75,144.19,143.73,144.075,135282
2026-01-23T17:45:00.000Z,144.08,144.08,143.705,143.755,103419
2026-01-23T18:00:00.000Z,143.75,143.86,143.67,143.69,91668
2026-01-23T18:15:00.000Z,143.68,143.95,143.5,143.92,79311
2026-01-23T18:30:00.000Z,143.94,144.145,143.94,144.02,137782
2026-01-23T18:45:00.000Z,144.02,144.03,143.82,143.85,91438
2026-01-23T19:00:00.000Z,143.86,144.1,143.85,143.97,95900
2026-01-23T19:15:00.000Z,143.97,144.22,143.93,144.175,124168
2026-01-23T19:30:00.000Z,144.17,144.2,143.87,143.97,108468
2026-01-23T19:45:00.000Z,143.99,144.14,143.91,144.08,110220
2026-01-23T20:00:00.000Z,144.07,144.15,143.98,144.15,101409
2026-01-23T20:15:00.000Z,144.15,144.24,144.08,144.19,141359
2026-01-23T20:30:00.000Z,144.19,144.225,143.97,143.99,205539
2026-01-23T20:45:00.000Z,143.9705,144.635,143.9705,144.57,877249
2026-01-26T14:30:00.000Z,144.8,144.9325,144.21,144.6001,341071
2026-01-26T14:45:00.000Z,144.57,144.93,144.345,144.83,326121
2026-01-26T15:00:00.000Z,144.875,145.2,144.76,145.03,216906
2026-01-26T15:15:00.000Z,145.04,145.38,145.03,145.18,210457
2026-01-26T15:30:00.000Z,145.19,145.34,145.15,145.2901,214241
2026-01-26T15:45:00.000Z,145.29,145.405,144.96,145,184596
2026-01-26T16:00:00.000Z,145.01,145.195,144.66,144.69,148380
2026-01-26T16:15:00.000Z,144.6826,144.88,144.5804,144.5804,133167
2026-01-26T16:30:00.000Z,144.59,144.63,144.35,144.41,93689
2026-01-26T16:45:00.000Z,144.41,144.44,144.23,144.24,90131
2026-01-26T17:00:00.000Z,144.225,144.45,144.14,144.44,103876
2026-01-26T17:15:00.000Z,144.44,144.61,144.44,144.56,98422
2026-01-26T17:30:00.000Z,144.57,144.77,144.5301,144.77,98264
2026-01-26T17:45:00.000Z,144.8,144.86,144.7501,144.82,84654
2026-01-26T18:00:00.000Z,144.81,145,144.695,144.95,86242
2026-01-26T18:15:00.000Z,144.94,144.97,144.865,144.95,67263
2026-01-26T18:30:00.000Z,144.93,144.9699,144.79,144.8746,77868
2026-01-26T18:45:00.000Z,144.88,145.3,144.86,145.125,149129
2026-01-26T19:00:00.000Z,145.12,145.745,145.11,145.63,236865
2026-01-26T19:15:00.000Z,145.63,145.71,145.41,145.425,105043
2026-01-26T19:30:00.000Z,145.41,145.46,145.175,145.26,99566
2026-01-26T19:45:00.000Z,145.26,145.5,145.225,145.36,197848
2026-01-26T20:00:00.000Z,145.36,145.585,145.28,145.4,155931
2026-01-26T20:15:00.000Z,145.4,145.5158,145.3,145.35,164196
2026-01-26T20:30:00.000Z,145.35,145.72,145.335,145.7,186252
2026-01-26T20:45:00.000Z,145.7,145.92,145.46,145.87,648839
2026-01-27T14:30:00.000Z,145.75,146.61,145.33,146.54,294015
2026-01-27T14:45:00.000Z,146.56,146.858,146.49,146.655,140696
2026-01-27T15:00:00.000Z,146.69,147.045,146.28,146.35,313137
2026-01-27T15:15:00.000Z,146.378,146.378,146.06,146.07,114892
2026-01-27T15:30:00.000Z,146.085,146.57,146.085,146.56,131200
2026-01-27T15:45:00.000Z,146.57,146.99,146.43,146.67,216625
2026-01-27T16:00:00.000Z,146.69,146.85,146.4613,146.52,118423
2026-01-27T16:15:00.000Z,146.53,147.04,146.503,146.97,99918
2026-01-27T16:30:00.000Z,146.95,147.36,146.93,147.1,91640
2026-01-27T16:45:00.000Z,147.1,147.15,146.935,147.05,94278
2026-01-27T17:00:00.000Z,147.08,147.255,147.01,147.17,103335
2026-01-27T17:15:00.000Z,147.17,147.25,147.04,147.22,75354
2026-01-27T17:30:00.000Z,147.22,147.3,147.11,147.25,84525
2026-01-27T17:45:00.000Z,147.25,147.41,147.23,147.33,84280
2026-01-27T18:00:00.000Z,147.35,147.55,147.27,147.55,106587
2026-01-27T18:15:00.000Z,147.54,147.615,147.43,147.52,98530
2026-01-27T18:30:00.000Z,147.52,147.715,147.44,147.46,95541
2026-01-27T18:45:00.000Z,147.46,147.98,147.46,147.98,124686
2026-01-27T19:00:00.000Z,147.98,148.18,147.81,147.84,341255
2026-01-27T19:15:00.000Z,147.8408,148.135,147.84,148.1,214525
2026-01-27T19:30:00.000Z,148.11,148.39,148.03,148.18,176906
2026-01-27T19:45:00.000Z,148.18,148.18,147.94,148.06,145544
2026-01-27T20:00:00.000Z,148.06,148.23,147.865,147.98,206693
2026-01-27T20:15:00.000Z,147.97,148.06,147.8,147.89,184883
2026-01-27T20:30:00.000Z,147.88,148.315,147.75,148.315,264545
2026-01-27T20:45:00.000Z,148.315,148.82,148.31,148.77,1066810
2026-01-28T14:30:00.000Z,148.41,150.04,148.24,149.18,407489
2026-01-28T14:45:00.000Z,149.23,149.67,148.82,148.93,255910
2026-01-28T15:00:00.000Z,148.92,149.3542,148.81,149.31,160545
2026-01-28T15:15:00.000Z,149.34,149.42,149,149.08,127734
2026-01-28T15:30:00.000Z,149.15,149.43,149.09,149.355,99466
2026-01-28T15:45:00.000Z,149.35,149.535,149.31,149.39,92717
2026-01-28T16:00:00.000Z,149.375,149.39,148.9683,149.0566,130393
2026-01-28T16:15:00.000Z,149.06,149.065,148.81,149.045,87864
2026-01-28T16:30:00.000Z,149.0422,149.14,148.82,149.13,91759
2026-01-28T16:45:00.000Z,149.14,149.21,148.82,148.855,144871
2026-01-28T17:00:00.000Z,148.88,148.92,148.6,148.63,91855
2026-01-28T17:15:00.000Z,148.639,148.89,148.56,148.87,65926
2026-01-28T17:30:00.000Z,148.8218,148.8218,148.44,148.4525,100459
2026-01-28T17:45:00.000Z,148.46,148.55,148.13,148.14,71529
2026-01-28T18:00:00.000Z,148.14,148.23,147.85,148.095,149795
2026-01-28T18:15:00.000Z,148.09,148.2,148.01,148.135,86003
2026-01-28T18:30:00.000Z,148.15,148.2946,148.04,148.29,70457
2026-01-28T18:45:00.000Z,148.29,148.39,148.135,148.35,63632
2026-01-28T19:00:00.000Z,148.365,148.38,148.1,148.15,72421
2026-01-28T19:15:00.000Z,148.16,148.2,147.935,148.065,102478
2026-01-28T19:30:00.000Z,148.08,148.25,147.85,147.91,196483
2026-01-28T19:45:00.000Z,147.9,148.085,147.76,147.915,104080
2026-01-28T20:00:00.000Z,147.93,148.32,147.92,148.25,190058
2026-01-28T20:15:00.000Z,148.24,148.24,147.93,147.945,140614
2026-01-28T20:30:00.000Z,147.955,148.25,147.92,148.045,275903
2026-01-28T20:45:00.000Z,148.04,148.66,148.04,148.48,701918
2026-01-29T14:30:00.000Z,148.835,150.13,148.67,149.19,399073
2026-01-29T14:45:00.000Z,149.25,149.42,148.6,149.085,212382
2026-01-29T15:00:00.000Z,149.05,149.37,148.92,148.99,251351
2026-01-29T15:15:00.000Z,148.99,149.43,148.99,149.12,196123
2026-01-29T15:30:00.000Z,149.1,150.15,149.08,149.99,197728
2026-01-29T15:45:00.000Z,150,150.5,149.935,150.49,185235
2026-01-29T16:00:00.000Z,150.51,150.86,150.41,150.64,253675
2026-01-29T16:15:00.000Z,150.635,150.635,149.97,150.1,183735
2026-01-29T16:30:00.000Z,150.1,150.27,149.78,149.78,225256
2026-01-29T16:45:00.000Z,149.83,149.91,149.46,149.78,164503
2026-01-29T17:00:00.000Z,149.806,149.84,149.54,149.67,116216
2026-01-29T17:15:00.000Z,149.66,149.84,149.4401,149.75,142614
2026-01-29T17:30:00.000Z,149.72,150.06,149.66,150.02,95317
2026-01-29T17:45:00.000Z,150.05,150.06,149.525,149.66,99852
2026-01-29T18:00:00.000Z,149.66,149.88,149.51,149.805,91588
2026-01-29T18:15:00.000Z,149.78,150,149.68,149.96,116534
2026-01-29T18:30:00.000Z,149.96,150.29,149.86,150.2401,130249
2026-01-29T18:45:00.000Z,150.2594,150.385,149.915,149.915,88771
2026-01-29T19:00:00.000Z,149.93,150.189,149.73,150.05,115861
2026-01-29T19:15:00.000Z,150.025,150.41,150.005,150.31,128965
2026-01-29T19:30:00.000Z,150.325,150.42,150.05,150.235,156527
2026-01-29T19:45:00.000Z,150.25,150.29,149.77,149.79,158866
2026-01-29T20:00:00.000Z,149.78,150.1,149.78,149.82,142864
2026-01-29T20:15:00.000Z,149.81,150.02,149.58,149.915,194102
2026-01-29T20:30:00.000Z,149.94,149.99,149.255,149.38,279270
2026-01-29T20:45:00.000Z,149.3702,149.3702,148.44,148.679,1160565
2026-01-30T14:30:00.000Z,149.01,149.445,148.68,148.93,229813
2026-01-30T14:45:00.000Z,148.83,149.09,148.59,149.05,118068
2026-01-30T15:00:00.000Z,149.045,149.13,148.65,148.925,134908
2026-01-30T15:15:00.000Z,148.925,149.145,148.76,149.07,389687
2026-01-30T15:30:00.000Z,149.05,149.31,148.92,148.96,132199
2026-01-30T15:45:00.000Z,148.95,149.35,148.785,149.21,117031
2026-01-30T16:00:00.000Z,149.195,149.82,149.17,149.79,148822
2026-01-30T16:15:00.000Z,149.77,150.08,149.7,149.99,166143
2026-01-30T16:30:00.000Z,149.97,150.23,149.84,149.98,216609
2026-01-30T16:45:00.000Z,149.98,150.09,149.88,150.03,120212
2026-01-30T17:00:00.000Z,150.06,150.19,149.75,149.93,136554
2026-01-30T17:15:00.000Z,149.92,150.385,149.86,150.18,120995
2026-01-30T17:30:00.000Z,150.18,150.27,149.975,150.018,124137
2026-01-30T17:45:00.000Z,150,150.185,149.9214,150.09,129686
2026-01-30T18:00:00.000Z,150.07,150.34,150.03,150.14,156865
2026-01-30T18:15:00.000Z,150.13,150.9,150.13,150.895,219500
2026-01-30T18:30:00.000Z,150.9,151.13,150.64,151.035,209713
2026-01-30T18:45:00.000Z,151.035,151.2716,150.98,151.2,158540
2026-01-30T19:00:00.000Z,151.24,151.575,151.24,151.46,163942
2026-01-30T19:15:00.000Z,151.47,151.84,151.47,151.66,205918
2026-01-30T19:30:00.000Z,151.65,151.98,151.62,151.625,338960
2026-01-30T19:45:00.000Z,151.61,151.89,151.55,151.745,369534
2026-01-30T20:00:00.000Z,151.745,152.43,151.745,152.4,279939
2026-01-30T20:15:00.000Z,152.405,152.84,152.25,152.81,366809
2026-01-30T20:30:00.000Z,152.82,153,152.66,152.785,755372
2026-01-30T20:45:00.000Z,152.78,153.89,152.7,153.66,1871603
2026-02-02T14:30:00.000Z,154.06,154.85,153.2,154.71,828297
2026-02-02T14:45:00.000Z,154.675,154.675,153.2875,153.375,395181
2026-02-02T15:00:00.000Z,153.4,153.945,153.19,153.68,335355
2026-02-02T15:15:00.000Z,153.645,153.81,153.41,153.48,266628
2026-02-02T15:30:00.000Z,153.48,153.9,153.25,153.38,378112
2026-02-02T15:45:00.000Z,153.39,154.66,153.38,154.6,568012
2026-02-02T16:00:00.000Z,154.58,154.92,154.49,154.74,302842
2026-02-02T16:15:00.000Z,154.73,155.29,154.73,155.22,397317
2026-02-02T16:30:00.000Z,155.23,155.24,154.96,155.11,230630
2026-02-02T16:45:00.000Z,155.12,155.87,155.12,155.83,300716
2026-02-02T17:00:00.000Z,155.82,155.9498,155.747,155.78,256966
2026-02-02T17:15:00.000Z,155.78,155.97,155.625,155.95,310616
2026-02-02T17:30:00.000Z,155.95,156.07,155.645,155.67,331391
2026-02-02T17:45:00.000Z,155.68,155.84,155.3759,155.44,228282
2026-02-02T18:00:00.000Z,155.445,155.57,155.23,155.41,200089
2026-02-02T18:15:00.000Z,155.43,155.92,155.33,155.92,228879
2026-02-02T18:30:00.000Z,155.93,156.195,155.9,156.14,266454
2026-02-02T18:45:00.000Z,156.145,156.39,156.12,156.13,228592
2026-02-02T19:00:00.000Z,156.14,156.26,155.88,155.97,359881
2026-02-02T19:15:00.000Z,155.965,156.07,155.68,156.061,271368
2026-02-02T19:30:00.000Z,156.0625,156.08,155.655,156,309137
2026-02-02T19:45:00.000Z,156.005,156.19,155.79,155.96,282006
2026-02-02T20:00:00.000Z,155.95,156.165,155.78,156.16,404798
2026-02-02T20:15:00.000Z,156.16,156.47,156.07,156.47,403396
2026-02-02T20:30:00.000Z,156.46,156.62,156.12,156.38,543021
2026-02-02T20:45:00.000Z,156.38,156.475,155.03,155.19,1708587
2026-02-03T14:30:00.000Z,156.6,160.93,155.5001,160.58,1671751
2026-02-03T14:45:00.000Z,160.56,161.45,159.505,161.4,652700
2026-02-03T15:00:00.000Z,161.34,162.85,160.13,162.39,950378
2026-02-03T15:15:00.000Z,162.4028,163.33,162.2354,162.28,925003
2026-02-03T15:30:00.000Z,162.315,162.34,160.21,160.52,631435
2026-02-03T15:45:00.000Z,160.49,160.91,159.11,159.1375,612820
2026-02-03T16:00:00.000Z,159.2,160.22,158.85,159.89,746481
2026-02-03T16:15:00.000Z,159.82,161.05,159.7871,160.64,1000565
2026-02-03T16:30:00.000Z,160.675,161.16,160.39,161.16,456903
2026-02-03T16:45:00.000Z,161.1326,161.48,160.14,160.51,388736
2026-02-03T17:00:00.000Z,160.42,160.55,159.51,159.58,374763
2026-02-03T17:15:00.000Z,159.58,161.32,159.55,161.135,338348
2026-02-03T17:30:00.000Z,161.125,162.26,161.125,161.68,466185
2026-02-03T17:45:00.000Z,161.67,162.315,161.67,162.08,405251
2026-02-03T18:00:00.000Z,162.09,162.33,161.4,161.7,279179
2026-02-03T18:15:00.000Z,161.7,162.14,161.37,161.375,345874
2026-02-03T18:30:00.000Z,161.38,161.6,160.73,160.84,271673
2026-02-03T18:45:00.000Z,160.845,160.988,160.16,160.988,227463
2026-02-03T19:00:00.000Z,160.99,161.47,160.5,161.25,597309
2026-02-03T19:15:00.000Z,161.19,162.19,161,162.19,391203
2026-02-03T19:30:00.000Z,162.2199,162.93,162.1964,162.54,457677
2026-02-03T19:45:00.000Z,162.6,162.76,161.84,162.38,313229
2026-02-03T20:00:00.000Z,162.3699,163.25,162.3,163.07,477221
2026-02-03T20:15:00.000Z,163.07,163.44,162.91,163.27,605191
2026-02-03T20:30:00.000Z,163.23,163.28,162.61,162.75,541663
2026-02-03T20:45:00.000Z,162.765,163.08,162.55,162.89,2149268
2026-02-04T14:30:00.000Z,164.89,167.84,164.46,166.14,1205527
2026-02-04T14:45:00.000Z,166.17,167.68,166.15,167.41,732337
2026-02-04T15:00:00.000Z,167.5,167.94,165.995,166.105,782639
2026-02-04T15:15:00.000Z,166.105,167.22,165.3,165.955,501893
2026-02-04T15:30:00.000Z,165.955,166.5,164.53,164.63,364564
2026-02-04T15:45:00.000Z,164.6,165.78,164.17,165.75,457881
2026-02-04T16:00:00.000Z,165.66,166.605,165.31,166.2,439175
2026-02-04T16:15:00.000Z,166.16,167,165.99,166.81,357176
2026-02-04T16:30:00.000Z,166.8,167.04,166.5,166.95,407439
2026-02-04T16:45:00.000Z,166.93,167.62,166.53,166.67,290368
2026-02-04T17:00:00.000Z,166.665,166.72,166,166.23,250509
2026-02-04T17:15:00.000Z,166.24,166.6769,166.23,166.44,399656
2026-02-04T17:30:00.000Z,166.365,167.34,166.365,167.025,229901
2026-02-04T17:45:00.000Z,167.05,167.47,166.39,166.39,241739
2026-02-04T18:00:00.000Z,166.35,166.51,165.86,166.095,227377
2026-02-04T18:15:00.000Z,166.13,166.25,165.5,165.595,153602
2026-02-04T18:30:00.000Z,165.595,166.72,165.58,166.61,412015
2026-02-04T18:45:00.000Z,166.635,167.22,166.6,167.22,204116
2026-02-04T19:00:00.000Z,167.24,167.2999,166.74,166.75,201595
2026-02-04T19:15:00.000Z,166.75,166.78,166.2001,166.32,202589
2026-02-04T19:30:00.000Z,166.295,166.45,165.87,165.985,362526
2026-02-04T19:45:00.000Z,165.95,165.9775,165.305,165.46,314481
2026-02-04T20:00:00.000Z,165.44,166,165.355,165.925,258026
2026-02-04T20:15:00.000Z,165.945,166.38,165.73,166.26,299364
2026-02-04T20:30:00.000Z,166.265,166.59,166.12,166.34,474544
2026-02-04T20:45:00.000Z,166.32,166.4,165.95,166.16,1165880
2026-02-05T14:30:00.000Z,166.51,167.24,165.25,165.35,806359
2026-02-05T14:45:00.000Z,165.45,166.645,165.385,166.518,353977
2026-02-05T15:00:00.000Z,166.51,167.54,166.4,167.25,687346
2026-02-05T15:15:00.000Z,167.27,167.82,167.08,167.69,513570
2026-02-05T15:30:00.000Z,167.68,168.01,166.94,166.98,372224
2026-02-05T15:45:00.000Z,167,167.69,166.945,166.945,289940
2026-02-05T16:00:00.000Z,166.94,167.675,166.88,166.93,458280
2026-02-05T16:15:00.000Z,166.915,166.945,165.955,166,249762
2026-02-05T16:30:00.000Z,166.13,166.24,165.47,165.64,257698
2026-02-05T16:45:00.000Z,165.66,166.11,165.42,166.11,248113
2026-02-05T17:00:00.000Z,166.07,166.295,165.56,165.59,220823
2026-02-05T17:15:00.000Z,165.62,166.03,165.59,165.78,148607
2026-02-05T17:30:00.000Z,165.83,166.19,165.745,165.83,139750
2026-02-05T17:45:00.000Z,165.87,166.51,165.87,166.45,161838
2026-02-05T18:00:00.000Z,166.42,166.97,166.3158,166.92,133068
2026-02-05T18:15:00.000Z,166.9451,167.315,166.85,167.235,129272
2026-02-05T18:30:00.000Z,167.21,167.31,167.07,167.17,134414
2026-02-05T18:45:00.000Z,167.16,167.64,167.16,167.33,217270
2026-02-05T19:00:00.000Z,167.36,167.45,166.9,167.15,483868
2026-02-05T19:15:00.000Z,167.15,167.36,167.11,167.33,149766
2026-02-05T19:30:00.000Z,167.3799,167.4,167.09,167.1798,128774
2026-02-05T19:45:00.000Z,167.2,167.41,166.91,167.36,173318
2026-02-05T20:00:00.000Z,167.365,167.7226,167.21,167.7108,184184
2026-02-05T20:15:00.000Z,167.71,167.96,167.61,167.94,211235
2026-02-05T20:30:00.000Z,167.97,168,167.47,167.4767,323928
2026-02-05T20:45:00.000Z,167.47,167.59,167.09,167.5,879635
2026-02-06T14:30:00.000Z,167.45,168.795,167.255,168.47,715853
2026-02-06T14:45:00.000Z,168.455,169.99,168.055,169.9438,592224
2026-02-06T15:00:00.000Z,169.99,170.17,169.0501,169.28,382798
2026-02-06T15:15:00.000Z,169.21,169.29,168.4,168.46,304267
2026-02-06T15:30:00.000Z,168.405,168.76,168.3501,168.635,140586
2026-02-06T15:45:00.000Z,168.6,168.75,168.475,168.55,186792
2026-02-06T16:00:00.000Z,168.51,168.75,168.265,168.5,356533
2026-02-06T16:15:00.000Z,168.47,168.625,167.915,168.06,308248
2026-02-06T16:30:00.000Z,168.015,168.53,167.97,168.41,190146
2026-02-06T16:45:00.000Z,168.4,168.965,168.39,168.785,291346
2026-02-06T17:00:00.000Z,168.785,168.905,168.49,168.585,149007
2026-02-06T17:15:00.000Z,168.59,168.62,168.29,168.365,139492
2026-02-06T17:30:00.000Z,168.3597,168.67,168.19,168.54,269293
2026-02-06T17:45:00.000Z,168.55,168.82,168.53,168.58,215249
2026-02-06T18:00:00.000Z,168.59,168.655,168.29,168.53,164324
2026-02-06T18:15:00.000Z,168.53,168.905,168.52,168.835,108854
2026-02-06T18:30:00.000Z,168.84,168.94,168.45,168.5318,126915
2026-02-06T18:45:00.000Z,168.54,168.97,168.51,168.97,116522
2026-02-06T19:00:00.000Z,168.97,169.08,168.795,168.795,194239
2026-02-06T19:15:00.000Z,168.78,168.81,168.49,168.67,161517
2026-02-06T19:30:00.000Z,168.68,168.695,168.49,168.58,103915
2026-02-06T19:45:00.000Z,168.58,168.94,168.57,168.905,104371
2026-02-06T20:00:00.000Z,168.92,169.42,168.92,169.3721,331585
2026-02-06T20:15:00.000Z,169.38,169.785,169.2403,169.68,281390
2026-02-06T20:30:00.000Z,169.68,169.92,169.66,169.87,377321
2026-02-06T20:45:00.000Z,169.86,170.75,169.83,170.47,2164473
2026-02-09T14:30:00.000Z,169.5,169.93,167.51,167.825,918615
2026-02-09T14:45:00.000Z,167.85,168.61,167.06,168.45,539734
2026-02-09T15:00:00.000Z,168.455,168.5,167.6225,168.09,448828
2026-02-09T15:15:00.000Z,168.125,168.37,167.91,168.32,262334
2026-02-09T15:30:00.000Z,168.32,168.66,168.25,168.32,274840
2026-02-09T15:45:00.000Z,168.3225,168.45,167.5,167.54,408823
2026-02-09T16:00:00.000Z,167.6,167.835,166.55,166.69,488075
2026-02-09T16:15:00.000Z,166.665,166.73,165.93,165.955,250914
2026-02-09T16:30:00.000Z,165.941,166.24,165.75,165.9741,300025
2026-02-09T16:45:00.000Z,165.98,166.01,165.56,165.87,268725
2026-02-09T17:00:00.000Z,165.875,166.11,165.02,165.09,247546
2026-02-09T17:15:00.000Z,165.06,166.19,164.9415,166.03,377949
2026-02-09T17:30:00.000Z,166.025,166.52,166.02,166.46,195476
2026-02-09T17:45:00.000Z,166.47,166.68,166.4,166.485,401389
2026-02-09T18:00:00.000Z,166.485,166.49,166.2,166.3,122361
2026-02-09T18:15:00.000Z,166.32,166.81,166.31,166.665,141973
2026-02-09T18:30:00.000Z,166.67,166.87,166.5,166.5,132710
2026-02-09T18:45:00.000Z,166.495,166.5,166.16,166.36,177007
2026-02-09T19:00:00.000Z,166.34,166.7,166.11,166.7,149578
2026-02-09T19:15:00.000Z,166.675,166.8299,166.58,166.63,134442
2026-02-09T19:30:00.000Z,166.625,166.66,166.41,166.57,129076
2026-02-09T19:45:00.000Z,166.595,166.79,166.56,166.56,166691
2026-02-09T20:00:00.000Z,166.58,166.845,166.12,166.14,153859
2026-02-09T20:15:00.000Z,166.165,167.085,166.01,167.02,246624
2026-02-09T20:30:00.000Z,167.02,167.07,166.31,166.48,226360
2026-02-09T20:45:00.000Z,166.495,166.82,166.25,166.45,851197
2026-02-10T14:30:00.000Z,165.75,166.8408,163.74,166.8408,500493
2026-02-10T14:45:00.000Z,166.86,167.14,166.5,167.1,203489
2026-02-10T15:00:00.000Z,167.03,167.03,165.9,166.0457,222402
2026-02-10T15:15:00.000Z,165.98,166.32,165.45,165.63,270199
2026-02-10T15:30:00.000Z,165.63,165.64,165.08,165.52,176656
2026-02-10T15:45:00.000Z,165.53,165.95,165.325,165.825,165616
2026-02-10T16:00:00.000Z,165.86,166.155,165.62,166.05,125965
2026-02-10T16:15:00.000Z,166.05,166.5197,165.96,166.31,206829
2026-02-10T16:30:00.000Z,166.35,166.39,165.73,166.17,483514
2026-02-10T16:45:00.000Z,166.205,166.27,165.65,165.88,113963
2026-02-10T17:00:00.000Z,165.885,166.07,165.77,166.07,126506
2026-02-10T17:15:00.000Z,166.06,166.0842,165.7691,166.03,109124
2026-02-10T17:30:00.000Z,166.04,166.05,165.78,165.87,95432
2026-02-10T17:45:00.000Z,165.85,166.01,165.7901,165.99,354467
2026-02-10T18:00:00.000Z,165.97,166.24,165.8177,166.2,113370
2026-02-10T18:15:00.000Z,166.195,167,166.16,166.995,146155
2026-02-10T18:30:00.000Z,166.98,167.08,166.8226,167.0401,127114
2026-02-10T18:45:00.000Z,167.06,167.32,167.02,167.3,108395
2026-02-10T19:00:00.000Z,167.28,167.4074,167.04,167.12,144262
2026-02-10T19:15:00.000Z,167.12,167.33,167.12,167.19,117307
2026-02-10T19:30:00.000Z,167.185,167.26,166.98,167.235,127956
2026-02-10T19:45:00.000Z,167.23,167.35,166.93,167.02,155169
2026-02-10T20:00:00.000Z,167.04,167.33,167.04,167.23,124970
2026-02-10T20:15:00.000Z,167.21,167.22,166.9,166.91,130833
2026-02-10T20:30:00.000Z,166.905,167.05,166.73,166.88,260690
2026-02-10T20:45:00.000Z,166.88,167.24,166.75,166.97,732821
2026-02-11T14:30:00.000Z,167.65,167.66,166.02,166.98,440522
2026-02-11T14:45:00.000Z,167,167.73,166.65,167.64,265508
2026-02-11T15:00:00.000Z,167.56,169.05,167.44,168.72,313748
2026-02-11T15:15:00.000Z,168.735,169.8366,168.68,169.26,273474
2026-02-11T15:30:00.000Z,169.22,169.68,168.99,169.24,285544
2026-02-11T15:45:00.000Z,169.245,169.75,169.2,169.4,156594
2026-02-11T16:00:00.000Z,169.4,169.65,169.22,169.265,179752
2026-02-11T16:15:00.000Z,169.265,169.62,169,169.62,145918
2026-02-11T16:30:00.000Z,169.635,170.27,169.51,170.0475,192049
2026-02-11T16:45:00.000Z,170.08,170.08,169.67,169.71,95198
2026-02-11T17:00:00.000Z,169.74,169.91,169.46,169.81,158390
2026-02-11T17:15:00.000Z,169.83,170.01,169.3396,169.365,143412
2026-02-11T17:30:00.000Z,169.37,169.46,169.22,169.24,109724
2026-02-11T17:45:00.000Z,169.28,169.3099,168.905,169.06,183281
2026-02-11T18:00:00.000Z,169.08,169.345,168.72,168.75,130255
2026-02-11T18:15:00.000Z,168.75,168.76,168.34,168.49,123716
2026-02-11T18:30:00.000Z,168.46,168.72,168.215,168.575,140306
2026-02-11T18:45:00.000Z,168.58,168.64,168.13,168.32,157714
2026-02-11T19:00:00.000Z,168.33,168.63,168.305,168.42,139080
2026-02-11T19:15:00.000Z,168.42,168.78,168.41,168.55,89981
2026-02-11T19:30:00.000Z,168.565,168.68,168.39,168.45,99452
2026-02-11T19:45:00.000Z,168.43,168.735,168.43,168.58,150797
2026-02-11T20:00:00.000Z,168.58,168.76,168.33,168.58,150640
2026-02-11T20:15:00.000Z,168.56,169.01,168.4,168.975,190150
2026-02-11T20:30:00.000Z,168.9724,169.21,168.91,169.03,233789
2026-02-11T20:45:00.000Z,169.05,169.535,169.04,169.15,627895
2026-02-12T14:30:00.000Z,169.755,170.97,168.745,169.29,375243
2026-02-12T14:45:00.000Z,169.35,170.01,168.91,169.54,141640
2026-02-12T15:00:00.000Z,169.58,169.61,168.73,169.31,210304
2026-02-12T15:15:00.000Z,169.265,169.83,169.16,169.83,219279
2026-02-12T15:30:00.000Z,169.765,170.86,169.645,170.815,181407
2026-02-12T15:45:00.000Z,170.815,171.365,170.68,171.26,224626
2026-02-12T16:00:00.000Z,171.31,171.48,170.705,170.85,246951
2026-02-12T16:15:00.000Z,170.83,171,170.63,170.99,208526
2026-02-12T16:30:00.000Z,170.99,171.15,169.96,170.205,221465
2026-02-12T16:45:00.000Z,170.2,170.2,169.66,169.73,191574
2026-02-12T17:00:00.000Z,169.7,170.02,169.58,169.91,236825
2026-02-12T17:15:00.000Z,169.915,170.005,169.23,169.32,129081
2026-02-12T17:30:00.000Z,169.29,169.62,169.05,169.32,189625
2026-02-12T17:45:00.000Z,169.32,169.65,169.25,169.61,322172
2026-02-12T18:00:00.000Z,169.61,169.93,169.3,169.43,197443
2026-02-12T18:15:00.000Z,169.44,169.5,168.83,168.8601,142368
2026-02-12T18:30:00.000Z,168.925,169.33,168.7,169.27,163538
2026-02-12T18:45:00.000Z,169.23,169.5118,168.99,169.25,164007
2026-02-12T19:00:00.000Z,169.32,169.38,168.99,169.0814,117039
2026-02-12T19:15:00.000Z,169.08,169.08,168.73,168.87,111922
2026-02-12T19:30:00.000Z,168.83,169.16,168.62,168.8,138081
2026-02-12T19:45:00.000Z,168.75,169.28,168.73,169.12,184358
2026-02-12T20:00:00.000Z,169.12,169.13,168.64,168.66,207551
2026-02-12T20:15:00.000Z,168.64,168.6699,168.33,168.5,233927
2026-02-12T20:30:00.000Z,168.51,168.595,167.88,167.9038,443898
2026-02-12T20:45:00.000Z,167.91,167.94,167.09,167.24,1197079
2026-02-13T14:30:00.000Z,167.2,167.7344,165.35,165.42,824734
2026-02-13T14:45:00.000Z,165.42,166.21,164.995,165.97,603906
2026-02-13T15:00:00.000Z,165.97,166.39,165.5,165.84,298072
2026-02-13T15:15:00.000Z,165.83,165.865,165.22,165.84,214007
2026-02-13T15:30:00.000Z,165.82,166.74,165.64,166.67,288848
2026-02-13T15:45:00.000Z,166.63,166.79,166.16,166.245,361637
2026-02-13T16:00:00.000Z,166.245,167,166.01,166.84,454854
2026-02-13T16:15:00.000Z,166.865,167.51,166.865,167.385,184710
2026-02-13T16:30:00.000Z,167.38,167.59,166.89,167,146253
2026-02-13T16:45:00.000Z,167,167.35,166.96,167.21,134001
2026-02-13T17:00:00.000Z,167.22,167.3,167.02,167.23,103119
2026-02-13T17:15:00.000Z,167.215,167.265,166.96,167.21,84315
2026-02-13T17:30:00.000Z,167.25,167.6651,167.21,167.58,119785
2026-02-13T17:45:00.000Z,167.61,167.88,167.23,167.54,128360
2026-02-13T18:00:00.000Z,167.49,167.79,167.24,167.245,108512
2026-02-13T18:15:00.000Z,167.245,167.26,166.88,167.07,124180
2026-02-13T18:30:00.000Z,167.035,167.085,166.68,166.885,132374
2026-02-13T18:45:00.000Z,166.885,167.1225,166.48,166.77,151895
2026-02-13T19:00:00.000Z,166.75,167.055,166.62,166.92,102338
2026-02-13T19:15:00.000Z,166.92,166.93,166.495,166.82,100219
2026-02-13T19:30:00.000Z,166.82,166.9,166.21,166.32,121113
2026-02-13T19:45:00.000Z,166.315,166.58,166.19,166.21,120104
2026-02-13T20:00:00.000Z,166.22,166.23,165.78,165.85,185027
2026-02-13T20:15:00.000Z,165.835,166.11,165.82,165.87,220048
2026-02-13T20:30:00.000Z,165.87,165.96,165.45,165.48,326822
2026-02-13T20:45:00.000Z,165.4832,166.04,165.38,165.93,1098873
2026-02-17T14:30:00.000Z,166.12,167.54,164.23,164.83,418614
2026-02-17T14:45:00.000Z,164.81,165.02,163.9,164.22,432720
2026-02-17T15:00:00.000Z,164.22,164.2336,163.29,163.39,259799
2026-02-17T15:15:00.000Z,163.365,163.78,162.83,163.185,278094
2026-02-17T15:30:00.000Z,163.12,163.25,162.51,162.54,252720
2026-02-17T15:45:00.000Z,162.5,162.94,162.21,162.34,360928
2026-02-17T16:00:00.000Z,162.305,162.37,161.845,162.2203,264676
2026-02-17T16:15:00.000Z,162.23,162.35,161.56,161.56,222719
2026-02-17T16:30:00.000Z,161.565,161.82,161.32,161.811,230590
2026-02-17T16:45:00.000Z,161.8,161.83,161.17,161.2,185643
2026-02-17T17:00:00.000Z,161.2,161.6099,161.04,161.485,174531
2026-02-17T17:15:00.000Z,161.485,161.61,161.24,161.31,152661
2026-02-17T17:30:00.000Z,161.3,161.81,161.27,161.48,199857
2026-02-17T17:45:00.000Z,161.43,161.56,160.84,161.03,179558
2026-02-17T18:00:00.000Z,161.02,161.11,160.81,161.1,171369
2026-02-17T18:15:00.000Z,161.11,161.23,161,161.06,132082
2026-02-17T18:30:00.000Z,161.04,161.4,160.9,160.9,163466
2026-02-17T18:45:00.000Z,160.905,161.49,160.9,161.09,126035
2026-02-17T19:00:00.000Z,161.07,161.335,160.95,161.1051,148818
2026-02-17T19:15:00.000Z,161.08,161.47,160.9714,161.375,148544
2026-02-17T19:30:00.000Z,161.34,161.36,161.06,161.345,108440
2026-02-17T19:45:00.000Z,161.33,161.445,160.99,161.01,150313
2026-02-17T20:00:00.000Z,161.05,161.37,160.92,161.21,144293
2026-02-17T20:15:00.000Z,161.19,161.45,161.15,161.34,206214
2026-02-17T20:30:00.000Z,161.35,161.64,161.31,161.39,382994
2026-02-17T20:45:00.000Z,161.415,162.05,161.36,161.9,1154078
2026-02-18T14:30:00.000Z,161.79,162.68,160.6321,161.9,471962
2026-02-18T14:45:00.000Z,161.95,162.33,161.61,162.295,192604
2026-02-18T15:00:00.000Z,162.295,162.91,162.22,162.69,216954
2026-02-18T15:15:00.000Z,162.69,162.9,161.9438,162.44,261222
2026-02-18T15:30:00.000Z,162.44,162.635,162.27,162.33,109445
2026-02-18T15:45:00.000Z,162.34,162.84,162.2901,162.715,157838
2026-02-18T16:00:00.000Z,162.72,162.9599,162.46,162.95,176545
2026-02-18T16:15:00.000Z,162.97,164.34,162.95,163.3695,437043
2026-02-18T16:30:00.000Z,163.36,163.6109,163.14,163.53,129397
2026-02-18T16:45:00.000Z,163.5,164.005,163.5,163.935,196229
2026-02-18T17:00:00.000Z,163.93,164.18,163.7275,163.875,153595
2026-02-18T17:15:00.000Z,163.875,163.9,163.35,163.75,137349
2026-02-18T17:30:00.000Z,163.75,164.03,163.61,163.89,87420
2026-02-18T17:45:00.000Z,163.89,164.2923,163.89,164.04,126659
2026-02-18T18:00:00.000Z,164.14,164.16,163.73,163.96,150845
2026-02-18T18:15:00.000Z,163.975,164.08,163.68,163.84,76516
2026-02-18T18:30:00.000Z,163.87,164.14,163.78,164.09,102230
2026-02-18T18:45:00.000Z,164.08,164.265,163.78,164.265,144277
2026-02-18T19:00:00.000Z,164.26,164.53,163.7739,163.815,122846
2026-02-18T19:15:00.000Z,163.79,164.04,163.63,163.985,123478
2026-02-18T19:30:00.000Z,163.96,164.2599,163.71,164.12,127352
2026-02-18T19:45:00.000Z,164.1004,164.24,163.8248,164.18,153600
2026-02-18T20:00:00.000Z,164.175,164.175,163.78,163.7875,158998
2026-02-18T20:15:00.000Z,163.8,164,163.76,163.85,131336
2026-02-18T20:30:00.000Z,163.87,163.88,163.565,163.595,177877
2026-02-18T20:45:00.000Z,163.585,164.49,163.5447,164.38,1065119
2026-02-19T14:30:00.000Z,164.39,165.05,163.65,164.53,443066
2026-02-19T14:45:00.000Z,164.4,164.73,163.545,164.0051,208591
2026-02-19T15:00:00.000Z,164.0105,164.24,163.5,163.64,138673
2026-02-19T15:15:00.000Z,163.64,164.05,163.57,163.88,162673
2026-02-19T15:30:00.000Z,163.86,164.3706,163.8,164.13,157420
2026-02-19T15:45:00.000Z,164.21,164.27,163.85,163.96,113615
2026-02-19T16:00:00.000Z,163.98,164.3,163.93,163.96,119938
2026-02-19T16:15:00.000Z,163.995,164.0699,163.1311,163.24,110552
2026-02-19T16:30:00.000Z,163.245,163.65,163.19,163.65,115432
2026-02-19T16:45:00.000Z,163.6,163.9,163.4207,163.86,97424
2026-02-19T17:00:00.000Z,163.835,163.95,163.34,163.57,90414
2026-02-19T17:15:00.000Z,163.585,163.9,163.5701,163.86,58342
2026-02-19T17:30:00.000Z,163.81,163.8869,163.69,163.8869,51672
2026-02-19T17:45:00.000Z,163.87,163.9293,163.5473,163.66,62246
2026-02-19T18:00:00.000Z,163.69,163.84,163.6,163.8201,58020
2026-02-19T18:15:00.000Z,163.85,163.85,163.64,163.7,58384
2026-02-19T18:30:00.000Z,163.71,163.89,163.71,163.845,56070
2026-02-19T18:45:00.000Z,163.85,164.07,163.83,164.04,52093
2026-02-19T19:00:00.000Z,164.04,164.27,164.04,164.09,65191
2026-02-19T19:15:00.000Z,164.13,164.14,163.6,163.74,71776
2026-02-19T19:30:00.000Z,163.72,163.83,163.415,163.79,94472
2026-02-19T19:45:00.000Z,163.83,164.095,163.72,163.959,119082
2026-02-19T20:00:00.000Z,164.015,164.6,163.97,164.57,126210
2026-02-19T20:15:00.000Z,164.58,164.7,164.445,164.565,202282
2026-02-19T20:30:00.000Z,164.565,164.68,164.44,164.565,144138
2026-02-19T20:45:00.000Z,164.55,164.62,164.245,164.58,488909
2026-02-20T14:30:00.000Z,164.65,164.97,163.02,164.23,443056
2026-02-20T14:45:00.000Z,163.98,164.58,163.87,164.42,98104
2026-02-20T15:00:00.000Z,164.495,164.95,164.11,164.315,128140
2026-02-20T15:15:00.000Z,164.315,164.81,164.25,164.53,143628
2026-02-20T15:30:00.000Z,164.515,164.66,164.02,164.02,92623
2026-02-20T15:45:00.000Z,164.01,164.3086,163.855,163.855,127869
2026-02-20T16:00:00.000Z,163.835,164.165,163.6043,164.14,93110
2026-02-20T16:15:00.000Z,164.1262,164.235,163.89,163.905,148449
2026-02-20T16:30:00.000Z,163.93,164.13,163.79,164.11,80078
2026-02-20T16:45:00.000Z,164.11,164.28,163.94,164.245,65558
2026-02-20T17:00:00.000Z,164.28,164.3417,163.7,163.83,58776
2026-02-20T17:15:00.000Z,163.845,164.095,163.7575,163.91,84329
2026-02-20T17:30:00.000Z,163.905,164.03,163.75,163.98,71982
2026-02-20T17:45:00.000Z,163.99,164.19,163.902,163.902,93120
2026-02-20T18:00:00.000Z,163.915,164.16,163.75,164.14,59469
2026-02-20T18:15:00.000Z,164.14,164.46,164.05,164.3801,53880
2026-02-20T18:30:00.000Z,164.41,164.63,164.32,164.32,111963
2026-02-20T18:45:00.000Z,164.31,164.36,164.01,164.22,67285
2026-02-20T19:00:00.000Z,164.225,164.48,164.19,164.43,61591
2026-02-20T19:15:00.000Z,164.415,164.615,164.3,164.575,48208
2026-02-20T19:30:00.000Z,164.6,164.8,164.485,164.5,62450
2026-02-20T19:45:00.000Z,164.49,164.68,164.29,164.65,55226
2026-02-20T20:00:00.000Z,164.66,164.9,164.66,164.785,74189
2026-02-20T20:15:00.000Z,164.785,164.785,164.4699,164.525,108878
2026-02-20T20:30:00.000Z,164.525,164.79,164.33,164.765,173854
2026-02-20T20:45:00.000Z,164.79,164.9625,164.66,164.94,586424
2026-02-23T14:30:00.000Z,164.49,167.42,164.24,167.09,419886.16135300003
2026-02-23T14:45:00.000Z,167.06,167.37,166.135,167.04,236165.33191900002
2026-02-23T15:00:00.000Z,167.052,167.33,166.67,166.77,229588.79196799998
2026-02-23T15:15:00.000Z,166.76,167.085,166.61,166.845,186593.027711
2026-02-23T15:30:00.000Z,166.895,166.92,166.4341,166.7076,159975.81242499995
2026-02-23T15:45:00.000Z,166.725,167.44,166.55,167.355,201479.29057000004
2026-02-23T16:00:00.000Z,167.345,167.35,166.8371,167.12,136655.87632699998
2026-02-23T16:15:00.000Z,167.22,167.44,166.96,167.2075,154866.767365
2026-02-23T16:30:00.000Z,167.21,167.54,167.07,167.375,139856.777739
2026-02-23T16:45:00.000Z,167.375,167.64,167.28,167.47,95118.72428600001
2026-02-23T17:00:00.000Z,167.465,167.65,167.315,167.36,103912.47075200002
2026-02-23T17:15:00.000Z,167.41,167.46,167.05,167.174,84048.26739000001
2026-02-23T17:30:00.000Z,167.15,167.15,166.85,166.86,94269.819985
2026-02-23T17:45:00.000Z,166.87,166.96,166.71,166.92,48101.556102
2026-02-23T18:00:00.000Z,166.895,167.11,166.8801,166.985,178039.23670600005
2026-02-23T18:15:00.000Z,166.94,167.26,166.94,167.23,180717.488785
2026-02-23T18:30:00.000Z,167.23,167.635,167.19,167.53,102062.764813
2026-02-23T18:45:00.000Z,167.58,168.03,167.5,167.95,124275.15809499999
2026-02-23T19:00:00.000Z,167.985,168.01,167.38,167.58,108559.74621300002
2026-02-23T19:15:00.000Z,167.595,167.85,167.595,167.785,81590.30451000002
2026-02-23T19:30:00.000Z,167.78,167.935,167.4926,167.935,157260.532569
2026-02-23T19:45:00.000Z,167.9309,168.08,167.71,167.89,144347.60635299998
2026-02-23T20:00:00.000Z,167.855,168.26,167.855,168.195,127493.75556299998
2026-02-23T20:15:00.000Z,168.195,168.69,168.145,168.62,206353.079902
2026-02-23T20:30:00.000Z,168.665,168.675,168.31,168.485,206547.18651499998
2026-02-23T20:45:00.000Z,168.485,168.81,168.11,168.33,755984.28987
2026-02-24T14:30:00.000Z,168.23,169.74,167.8,167.86,417401.42361999996
2026-02-24T14:45:00.000Z,167.87,169.785,167.7701,169.47,194314.01715
2026-02-24T15:00:00.000Z,169.47,169.64,168.92,169.225,154718.568151
2026-02-24T15:15:00.000Z,169.29,169.3186,168.22,168.3,121035.59405899998
2026-02-24T15:30:00.000Z,168.26,168.69,168.19,168.24,192282.56330399995
2026-02-24T15:45:00.000Z,168.27,168.445,168.02,168.415,242058.016275
2026-02-24T16:00:00.000Z,168.39,168.97,168.09,168.74,101839.68076999999
2026-02-24T16:15:00.000Z,168.78,168.8,167.97,168.085,116857.46668299999
2026-02-24T16:30:00.000Z,168.055,168.32,167.98,168.09,110339.49275299998
2026-02-24T16:45:00.000Z,168.105,168.65,168.08,168.58,97744.060452
2026-02-24T17:00:00.000Z,168.62,168.79,168.44,168.55,54104.146050999996
2026-02-24T17:15:00.000Z,168.55,168.7764,168.37,168.64,67853.35110100001
2026-02-24T17:30:00.000Z,168.675,168.75,168.33,168.3425,139179.530754
2026-02-24T17:45:00.000Z,168.37,168.43,168.24,168.36,54327.224136
2026-02-24T18:00:00.000Z,168.315,168.57,168.27,168.48,58111.27899400001
2026-02-24T18:15:00.000Z,168.51,168.55,168.4,168.44,50293.907918
2026-02-24T18:30:00.000Z,168.43,168.715,168.39,168.505,93813.62723900001
2026-02-24T18:45:00.000Z,168.5,168.73,168.47,168.56,79241.672292
2026-02-24T19:00:00.000Z,168.55,168.8493,168.38,168.8,117781.19708799999
2026-02-24T19:15:00.000Z,168.83,168.84,168.57,168.62,76390.552874
2026-02-24T19:30:00.000Z,168.615,168.65,168.39,168.6,78920.71218399999
2026-02-24T19:45:00.000Z,168.595,168.6599,168.44,168.5676,103773.51581200001
2026-02-24T20:00:00.000Z,168.565,168.7699,168.485,168.67,117130.06069699998
2026-02-24T20:15:00.000Z,168.66,168.84,168.58,168.745,113250.21474899998
2026-02-24T20:30:00.000Z,168.75,169.03,168.66,168.98,156382.35615200002
2026-02-24T20:45:00.000Z,168.98,169.58,168.98,169.55,452756.1358589999
2026-02-25T14:30:00.000Z,168.61,169.09,167.92,168.345,383105.17155599996
2026-02-25T14:45:00.000Z,168.325,168.47,166,166.205,245079.116065
2026-02-25T15:00:00.000Z,166.205,167.53,166.205,167.44,188249.88174
2026-02-25T15:15:00.000Z,167.395,167.59,167.03,167.17,147054.13994099997
2026-02-25T15:30:00.000Z,167.21,167.84,167.11,167.62,173171.228667
2026-02-25T15:45:00.000Z,167.67,168.33,167.49,168.27,148326.429041
2026-02-25T16:00:00.000Z,168.255,168.745,168.255,168.69,125235.906085
2026-02-25T16:15:00.000Z,168.72,168.83,168.22,168.61,197878.656665
2026-02-25T16:30:00.000Z,168.605,168.77,168.4,168.585,139074.63463299998
2026-02-25T16:45:00.000Z,168.585,168.75,168.37,168.62,100074.749549
2026-02-25T17:00:00.000Z,168.64,168.791,168.46,168.5,102124.475679
2026-02-25T17:15:00.000Z,168.49,168.73,168.47,168.65,56370.647178
2026-02-25T17:30:00.000Z,168.68,168.73,168.56,168.66,65940.542851
2026-02-25T17:45:00.000Z,168.64,168.86,168.5,168.665,80868.901247
2026-02-25T18:00:00.000Z,168.66,168.805,168.59,168.6872,102445.45288200001
2026-02-25T18:15:00.000Z,168.76,168.76,168.54,168.605,68712.503256
2026-02-25T18:30:00.000Z,168.605,168.62,168.12,168.1344,85239.966695
2026-02-25T18:45:00.000Z,168.17,168.355,168.13,168.28,64843.884891999995
2026-02-25T19:00:00.000Z,168.26,168.4499,168.19,168.21,88538.690824
2026-02-25T19:15:00.000Z,168.21,168.32,167.985,168.32,91302.17051500002
2026-02-25T19:30:00.000Z,168.3,168.6,168.26,168.51,178322.889509
2026-02-25T19:45:00.000Z,168.54,168.85,168.51,168.84,117887.63517899999
2026-02-25T20:00:00.000Z,168.82,168.9,168.53,168.56,159276.467157
2026-02-25T20:15:00.000Z,168.56,169.03,168.49,168.59,263818.86068499996
2026-02-25T20:30:00.000Z,168.59,169.14,168.47,169.04,190563.61482000002
2026-02-25T20:45:00.000Z,169.06,169.5,169,169.2,520155.70995799993
2026-02-26T14:30:00.000Z,169.63,170.06,168.89,169.13,256136.87585500002
2026-02-26T14:45:00.000Z,169.24,169.62,168.91,168.92,130654.58537399999
2026-02-26T15:00:00.000Z,169.005,169.25,168.61,168.69,157414.51282799998
2026-02-26T15:15:00.000Z,168.71,169.18,168.51,169.075,130351.028502
2026-02-26T15:30:00.000Z,169.04,169.19,168.25,168.27,118879.16615399998
2026-02-26T15:45:00.000Z,168.31,168.755,168.21,168.41,123552.31399500003
2026-02-26T16:00:00.000Z,168.33,168.485,167.78,168.03,144791.152281
2026-02-26T16:15:00.000Z,168.07,168.29,167.82,168.255,127533.42519200001
2026-02-26T16:30:00.000Z,168.22,168.4,167.97,168.09,117151.161627
2026-02-26T16:45:00.000Z,168.045,168.46,167.89,168.44,108688.44876600002
2026-02-26T17:00:00.000Z,168.54,168.62,168.31,168.57,97036.23308099998
2026-02-26T17:15:00.000Z,168.52,168.61,168.05,168.18,167562.52934899996
2026-02-26T17:30:00.000Z,168.225,168.305,168,168.23,89542.049246
2026-02-26T17:45:00.000Z,168.255,168.52,168.11,168.32,68253.87996600001
2026-02-26T18:00:00.000Z,168.35,168.68,168.33,168.67,89953.983478
2026-02-26T18:15:00.000Z,168.69,168.69,168.3,168.485,68752.86874
2026-02-26T18:30:00.000Z,168.42,168.507,168.23,168.475,66141.712352
2026-02-26T18:45:00.000Z,168.44,168.6575,168.39,168.63,76431.187625
2026-02-26T19:00:00.000Z,168.65,168.7155,168.285,168.35,203804.506009
2026-02-26T19:15:00.000Z,168.355,168.61,168.28,168.51,99371.17254600002
2026-02-26T19:30:00.000Z,168.5201,168.5201,168.13,168.33,80507.67212399999
2026-02-26T19:45:00.000Z,168.3695,168.46,168.09,168.17,98880.645035
2026-02-26T20:00:00.000Z,168.23,168.31,167.74,167.83,123037.258566
2026-02-26T20:15:00.000Z,167.86,167.86,167.47,167.535,195462.68558199998
2026-02-26T20:30:00.000Z,167.535,167.61,167.27,167.46,250126.36507100007
2026-02-26T20:45:00.000Z,167.4643,167.63,167.16,167.57,650617.4933130001
2026-02-27T14:30:00.000Z,168.38,169.4,167.82,169.37,266482.35487
2026-02-27T14:45:00.000Z,169.28,169.31,168.47,168.75,159350.035334
2026-02-27T15:00:00.000Z,168.705,168.89,167.96,168.275,230208.341895
2026-02-27T15:15:00.000Z,168.35,168.615,168.15,168.465,176929.18381600003
2026-02-27T15:30:00.000Z,168.465,168.84,168.21,168.63,142214.836322
2026-02-27T15:45:00.000Z,168.63,168.87,168.51,168.745,106153.978141
2026-02-27T16:00:00.000Z,168.84,168.94,168.56,168.75,157836.02167900003
2026-02-27T16:15:00.000Z,168.75,169.17,168.61,168.8288,98901.911643
2026-02-27T16:30:00.000Z,168.8,168.83,168.62,168.81,95658.063485
2026-02-27T16:45:00.000Z,168.78,169.205,168.78,169.05,216458.90035500002
2026-02-27T17:00:00.000Z,169.13,169.56,168.99,169.53,132717.985492
2026-02-27T17:15:00.000Z,169.52,169.525,169.17,169.29,85310.28967700001
2026-02-27T17:30:00.000Z,169.26,169.53,169.2001,169.245,139384.678105
2026-02-27T17:45:00.000Z,169.225,169.33,169.12,169.23,69090.40994900001
2026-02-27T18:00:00.000Z,169.2225,169.49,169.04,169.41,82140.21823899998
2026-02-27T18:15:00.000Z,169.435,169.7,169.42,169.66,69829.48307399999
2026-02-27T18:30:00.000Z,169.66,169.69,169.39,169.555,48152.636290999995
2026-02-27T18:45:00.000Z,169.55,169.87,169.39,169.4787,82971.58892399998
2026-02-27T19:00:00.000Z,169.47,169.69,169.39,169.612,68376.855692
2026-02-27T19:15:00.000Z,169.62,169.62,169.42,169.54,96437.35934700002
2026-02-27T19:30:00.000Z,169.5364,169.565,169.2901,169.43,93731.58711099999
2026-02-27T19:45:00.000Z,169.44,169.47,169.09,169.19,86693.90916000001
2026-02-27T20:00:00.000Z,169.19,169.49,169.19,169.32,100290.37863800001
2026-02-27T20:15:00.000Z,169.32,169.8501,169.25,169.765,136405.830985
2026-02-27T20:30:00.000Z,169.75,169.86,169.44,169.86,187811.175986
2026-02-27T20:45:00.000Z,169.865,170.28,169.39,169.73,873649.4477560001
2026-03-02T14:30:00.000Z,169.045,169.54,167.75,168.445,365565.65413599997
2026-03-02T14:45:00.000Z,168.51,169,168.19,168.93,176138.67667700004
2026-03-02T15:00:00.000Z,168.905,169.35,168.195,168.55,176317.70259199996
2026-03-02T15:15:00.000Z,168.61,169.26,168.51,168.87,226174.03692999997
2026-03-02T15:30:00.000Z,168.875,169.34,168.5101,168.6,124893.20092100003
2026-03-02T15:45:00.000Z,168.605,168.8,168.05,168.09,134238.94660999998
2026-03-02T16:00:00.000Z,168.115,168.41,167.93,168.23,174049.773082
2026-03-02T16:15:00.000Z,168.24,168.24,167.86,167.905,110598.03623
2026-03-02T16:30:00.000Z,167.905,167.95,167.33,167.54,115447.14616300001
2026-03-02T16:45:00.000Z,167.5605,167.75,167.24,167.385,105136.439365
2026-03-02T17:00:00.000Z,167.385,167.6699,167.29,167.44,136579.315764
2026-03-02T17:15:00.000Z,167.435,167.71,167.36,167.61,72773.762909
2026-03-02T17:30:00.000Z,167.63,167.9492,167.55,167.92,71461.587104
2026-03-02T17:45:00.000Z,167.91,168.06,167.82,167.94,114441.950631
2026-03-02T18:00:00.000Z,167.94,168,167.41,167.57,80580.90646699998
2026-03-02T18:15:00.000Z,167.537,167.72,167.425,167.71,56935.891606
2026-03-02T18:30:00.000Z,167.68,167.7118,167.3401,167.42,66013.824693
2026-03-02T18:45:00.000Z,167.405,167.47,167.28,167.385,82122.62962199998
2026-03-02T19:00:00.000Z,167.35,167.72,167.14,167.6701,525865.927946
2026-03-02T19:15:00.000Z,167.72,168.1,167.65,168.085,62974.133513
2026-03-02T19:30:00.000Z,168.09,168.34,168.04,168.0706,78061.130179
2026-03-02T19:45:00.000Z,168.07,168.36,168.05,168.19,77685.330459
2026-03-02T20:00:00.000Z,168.2,168.49,167.47,167.505,257081.13797
2026-03-02T20:15:00.000Z,167.5051,167.7525,167.36,167.66,127644.22140499997
2026-03-02T20:30:00.000Z,167.66,168.06,167.55,168.035,131453.957496
2026-03-02T20:45:00.000Z,168.04,168.205,167.15,167.26,633431.112918
2026-03-03T14:30:00.000Z,166.54,167.22,165.64,166.11,268017.806301
2026-03-03T14:45:00.000Z,166.26,166.72,165.1483,165.43,265352.78875500005
2026-03-03T15:00:00.000Z,165.47,165.73,165,165.17,175096.43771199998
2026-03-03T15:15:00.000Z,165.17,166,164.75,165.96,117536.661838
2026-03-03T15:30:00.000Z,165.955,166.045,165.44,165.69,134276.019069
2026-03-03T15:45:00.000Z,165.77,165.92,165.335,165.65,117420.98335600003
2026-03-03T16:00:00.000Z,165.655,165.82,165.3,165.635,143485.77556
2026-03-03T16:15:00.000Z,165.7,165.89,164.59,164.66,157590.49816000002
2026-03-03T16:30:00.000Z,164.67,164.735,163.67,163.765,242050.106728
2026-03-03T16:45:00.000Z,163.755,164.21,163.67,164.095,139263.103078
2026-03-03T17:00:00.000Z,164.095,165,164.095,164.91,164394.278415
2026-03-03T17:15:00.000Z,164.98,165.3404,164.79,165.165,126451.13392199996
2026-03-03T17:30:00.000Z,165.165,165.3,164.79,165.22,107813.41279
2026-03-03T17:45:00.000Z,165.205,165.24,164.535,164.58,83325.14502900002
2026-03-03T18:00:00.000Z,164.57,164.8,164.42,164.525,76648.864424
2026-03-03T18:15:00.000Z,164.53,165.08,164.47,164.94,90478.704079
2026-03-03T18:30:00.000Z,164.9301,165.23,164.68,165.185,108661.218904
2026-03-03T18:45:00.000Z,165.18,165.67,165.15,165.59,94587.924059
2026-03-03T19:00:00.000Z,165.61,165.61,165.06,165.385,97941.755172
2026-03-03T19:15:00.000Z,165.4,165.7,165.31,165.52,74549.99876799999
2026-03-03T19:30:00.000Z,165.51,165.63,165.11,165.42,112611.19525299998
2026-03-03T19:45:00.000Z,165.41,165.665,165.12,165.17,105384.967787
2026-03-03T20:00:00.000Z,165.175,165.3,165.06,165.1,115704.743949
2026-03-03T20:15:00.000Z,165.1,165.88,165.07,165.8,187655.37857400003
2026-03-03T20:30:00.000Z,165.81,166.23,165.8055,165.855,142310.348213
2026-03-03T20:45:00.000Z,165.86,165.98,164.74,164.9,494122.981731
2026-03-04T14:30:00.000Z,165.04,165.93,164.08,164.535,323876.88339499995
2026-03-04T14:45:00.000Z,164.55,164.64,163.89,164.25,146959.06263400003
2026-03-04T15:00:00.000Z,164.25,164.4843,163.8,163.96,127585.01871700001
2026-03-04T15:15:00.000Z,163.96,164.48,163.91,164.035,96735.40758699998
2026-03-04T15:30:00.000Z,164.08,164.16,163.37,163.815,150354.09351000004
2026-03-04T15:45:00.000Z,163.82,164.28,163.52,164.05,155106.534838
2026-03-04T16:00:00.000Z,164.02,164.45,163.92,164.32,117812.0649
2026-03-04T16:15:00.000Z,164.34,164.4277,163.56,163.59,149587.91690799998
2026-03-04T16:30:00.000Z,163.62,164.56,163.62,164.5,139917.47511700002
2026-03-04T16:45:00.000Z,164.48,164.505,163.92,164.24,89942.444458
2026-03-04T17:00:00.000Z,164.28,164.49,164.17,164.475,93269.45257
2026-03-04T17:15:00.000Z,164.45,164.6,164.03,164.305,83936.67923999998
2026-03-04T17:30:00.000Z,164.28,164.66,164.18,164.645,68836.08298600001
2026-03-04T17:45:00.000Z,164.64,164.69,164.44,164.44,69486.483969
2026-03-04T18:00:00.000Z,164.49,164.6895,164.48,164.6,48610.468318
2026-03-04T18:15:00.000Z,164.61,164.9,164.56,164.77,50788.770633
2026-03-04T18:30:00.000Z,164.78,164.98,164.77,164.815,74503.821815
2026-03-04T18:45:00.000Z,164.81,164.8406,164.07,164.16,101656.26110900001
2026-03-04T19:00:00.000Z,164.15,164.37,163.97,164.33,111928.412868
2026-03-04T19:15:00.000Z,164.36,164.54,164.32,164.54,69367.014795
2026-03-04T19:30:00.000Z,164.54,164.85,164.54,164.78,68283.268638
2026-03-04T19:45:00.000Z,164.81,164.8444,164.345,164.37,65866.140565
2026-03-04T20:00:00.000Z,164.4,164.53,164.09,164.185,78433.252898
2026-03-04T20:15:00.000Z,164.185,164.37,164.12,164.345,112412.525659
2026-03-04T20:30:00.000Z,164.325,164.54,164.22,164.23,127147.48090600001
2026-03-04T20:45:00.000Z,164.21,164.25,163.57,163.9,715881.437115
2026-03-05T14:30:00.000Z,162.16,162.84,161.83,162.62,297804.643133
2026-03-05T14:45:00.000Z,162.67,163.11,162.17,162.32,185030.10639799997
2026-03-05T15:00:00.000Z,162.37,162.83,161.58,161.77,302432.01270200004
2026-03-05T15:15:00.000Z,161.75,162.05,161.32,162.01,239102.425445
2026-03-05T15:30:00.000Z,162.01,162.79,161.7601,162.39,169744.139063
2026-03-05T15:45:00.000Z,162.38,162.9,162.36,162.85,151648.04452199998
2026-03-05T16:00:00.000Z,162.86,163.0784,162.4,162.535,127762.58347099999
2026-03-05T16:15:00.000Z,162.53,163.03,162.42,162.955,168640.951999
2026-03-05T16:30:00.000Z,162.91,163.12,162.43,162.845,109081.065608
2026-03-05T16:45:00.000Z,162.845,162.845,162.42,162.51,90846.87043900002
2026-03-05T17:00:00.000Z,162.49,162.6299,162.13,162.27,101116.873662
2026-03-05T17:15:00.000Z,162.3375,162.89,162.29,162.49,102158.35642899999
2026-03-05T17:30:00.000Z,162.49,162.87,162.37,162.78,135887.40065399997
2026-03-05T17:45:00.000Z,162.77,163.4,162.62,163.14,92231.249547
2026-03-05T18:00:00.000Z,163.1401,163.295,162.86,162.91,83697.00453600001
2026-03-05T18:15:00.000Z,162.86,162.86,162.33,162.71,155861.992922
2026-03-05T18:30:00.000Z,162.705,162.8,162.2,162.35,76831.47213500002
2026-03-05T18:45:00.000Z,162.35,162.4,161.66,161.825,113193.012284
2026-03-05T19:00:00.000Z,161.825,161.825,161.19,161.255,82499.15800599998
2026-03-05T19:15:00.000Z,161.255,161.255,160.46,160.47,166672.766002
2026-03-05T19:30:00.000Z,160.5,160.95,160.4,160.88,140715.219355
2026-03-05T19:45:00.000Z,160.88,161.08,160.73,160.791,143924.118088
2026-03-05T20:00:00.000Z,160.825,161.05,160.47,160.48,254485.10870299998
2026-03-05T20:15:00.000Z,160.47,160.79,160.16,160.62,280783.59799800004
2026-03-05T20:30:00.000Z,160.63,160.89,160.6,160.78,263801.332534
2026-03-05T20:45:00.000Z,160.79,160.91,160.56,160.69,844127.661781
2026-03-06T14:30:00.000Z,158.25,158.6,156.085,156.875,390975.05657099996
2026-03-06T14:45:00.000Z,156.79,157.1969,156.46,156.92,192918.70656499997
2026-03-06T15:00:00.000Z,156.9,157.14,156.54,156.95,217521.365382
2026-03-06T15:15:00.000Z,156.9625,157.15,156.71,157.08,155424.626179
2026-03-06T15:30:00.000Z,157.06,157.38,156.935,157.265,182767.209237
2026-03-06T15:45:00.000Z,157.265,157.335,156.73,157.16,135509.055552
2026-03-06T16:00:00.000Z,157.135,157.45,156.955,157.12,146117.035507
2026-03-06T16:15:00.000Z,157.15,157.49,156.97,157.44,155806.459575
2026-03-06T16:30:00.000Z,157.44,157.48,157.06,157.06,79873.18282100001
2026-03-06T16:45:00.000Z,157.065,157.25,156.93,157.05,279948.67348700005
2026-03-06T17:00:00.000Z,157.03,157.58,156.88,157.535,105122.536747
2026-03-06T17:15:00.000Z,157.525,157.85,157.48,157.53,86775.371256
2026-03-06T17:30:00.000Z,157.54,157.81,157.44,157.53,67939.992011
2026-03-06T17:45:00.000Z,157.61,157.65,157.45,157.545,57787.640517
2026-03-06T18:00:00.000Z,157.55,158.047,157.55,157.91,62597.68104799999
2026-03-06T18:15:00.000Z,157.9133,157.98,157.61,157.7044,60166.01429500001
2026-03-06T18:30:00.000Z,157.715,157.94,157.62,157.83,66059.921535
2026-03-06T18:45:00.000Z,157.8201,157.95,157.64,157.74,64178.669054000005
2026-03-06T19:00:00.000Z,157.74,157.9344,157.63,157.85,67520.003206
2026-03-06T19:15:00.000Z,157.91,158,157.7,157.945,86423.484674
2026-03-06T19:30:00.000Z,157.98,158.36,157.87,158.245,90500.03229799998
2026-03-06T19:45:00.000Z,158.22,158.385,158.19,158.275,86972.575908
2026-03-06T20:00:00.000Z,158.27,158.698,158.27,158.58,78024.461664
2026-03-06T20:15:00.000Z,158.57,158.87,158.52,158.825,93175.847102
2026-03-06T20:30:00.000Z,158.84,159.04,158.635,158.7,190797.06172400003
2026-03-06T20:45:00.000Z,158.7,159.53,158.47,159.41,772023.047061
2026-03-09T13:30:00.000Z,159.17,159.82,158.095,159.7,255577.42754099995
2026-03-09T13:45:00.000Z,159.67,160.22,159.43,159.6,202883.03621199995
2026-03-09T14:00:00.000Z,159.6,159.81,158.18,159.24,190667.460812
2026-03-09T14:15:00.000Z,159.24,159.54,158.8101,159.28,143222.894843
2026-03-09T14:30:00.000Z,159.28,159.4,158.72,159.11,195535.728514
2026-03-09T14:45:00.000Z,159.16,159.9,159.13,159.9,167325.70276000001
2026-03-09T15:00:00.000Z,159.85,160.79,159.83,160.7,129236.795432
2026-03-09T15:15:00.000Z,160.7,160.885,160.48,160.74,108422.45088299998
2026-03-09T15:30:00.000Z,160.725,160.74,160.24,160.66,119945.65203000001
2026-03-09T15:45:00.000Z,160.665,161.16,160.665,161.08,115085.50539199998
2026-03-09T16:00:00.000Z,161.075,161.16,160.69,160.77,103140.56041399999
2026-03-09T16:15:00.000Z,160.74,160.97,160.59,160.72,114694.59378700002
2026-03-09T16:30:00.000Z,160.72,160.77,160.4477,160.68,66923.56384100001
2026-03-09T16:45:00.000Z,160.71,160.88,160.56,160.63,76127.678396
2026-03-09T17:00:00.000Z,160.63,160.94,160.51,160.665,83396.191428
2026-03-09T17:15:00.000Z,160.665,160.81,160.58,160.7,64979.40335200001
2026-03-09T17:30:00.000Z,160.73,160.7925,160.44,160.44,70264.45685300001
2026-03-09T17:45:00.000Z,160.46,160.72,160.37,160.5182,89204.500038
2026-03-09T18:00:00.000Z,160.56,160.69,160.45,160.63,87881.53633799999
2026-03-09T18:15:00.000Z,160.59,160.78,160.42,160.63,81754.773623
2026-03-09T18:30:00.000Z,160.63,160.85,160.58,160.85,84223.542386
2026-03-09T18:45:00.000Z,160.85,161,160.78,160.9035,98868.26389600002
2026-03-09T19:00:00.000Z,160.91,160.98,160.3132,160.65,93265.109115
2026-03-09T19:15:00.000Z,160.655,162.03,160.63,161.96,248500.36138999998
2026-03-09T19:30:00.000Z,161.94,162.43,161.68,162.22,300942.428201
2026-03-09T19:45:00.000Z,162.21,162.27,161.35,161.53,697089.624004
2026-03-10T13:30:00.000Z,160.7,161.2,159.89,160.51,221720.551526
2026-03-10T13:45:00.000Z,160.57,160.57,159.59,159.96,130204.189375
2026-03-10T14:00:00.000Z,159.98,160.8696,159.86,160.78,92538.18628100002
2026-03-10T14:15:00.000Z,160.71,161.09,160.58,160.96,84725.77497900001
2026-03-10T14:30:00.000Z,161.03,161.13,160.445,161.11,114101.47244299999
2026-03-10T14:45:00.000Z,161.115,161.26,160.965,161.235,68490.360033
2026-03-10T15:00:00.000Z,161.235,161.61,161.165,161.25,160420.920015
2026-03-10T15:15:00.000Z,161.25,161.6,161.21,161.57,70664.56905800001
2026-03-10T15:30:00.000Z,161.57,162,161.57,161.995,59805.38889700001
2026-03-10T15:45:00.000Z,161.99,162.15,161.8601,161.96,97127.01931600002
2026-03-10T16:00:00.000Z,161.95,162.12,161.8,161.89,69645.99083699999
2026-03-10T16:15:00.000Z,161.93,162.115,161.63,161.71,110425.19772
2026-03-10T16:30:00.000Z,161.71,161.96,161.69,161.88,86649.69937599999
2026-03-10T16:45:00.000Z,161.85,162.15,161.81,162.135,43378.660436
2026-03-10T17:00:00.000Z,162.11,162.38,162.09,162.29,47069.737259
2026-03-10T17:15:00.000Z,162.3433,162.57,162.29,162.55,89660.72738000001
2026-03-10T17:30:00.000Z,162.565,162.57,162.15,162.26,256329.78984599997
2026-03-10T17:45:00.000Z,162.27,162.61,161.99,162.54,92813.08330400001
2026-03-10T18:00:00.000Z,162.53,162.86,162.48,162.5,147756.063348
2026-03-10T18:15:00.000Z,162.46,162.63,162.01,162.5971,236515.63829099998
2026-03-10T18:30:00.000Z,162.51,162.66,162.4201,162.56,111973.29292600001
2026-03-10T18:45:00.000Z,162.56,162.6899,162.4575,162.55,153352.264422
2026-03-10T19:00:00.000Z,162.62,162.76,162.51,162.58,103952.172181
2026-03-10T19:15:00.000Z,162.6,162.62,161.53,161.53,392798.694728
2026-03-10T19:30:00.000Z,161.52,161.68,161.34,161.68,177488.85851299998
2026-03-10T19:45:00.000Z,161.67,161.79,160.66,160.8,529787.214598
2026-03-11T13:30:00.000Z,160.31,160.905,159.36,159.633,186866.34720699998
2026-03-11T13:45:00.000Z,159.63,159.82,159.23,159.305,175470.440571
2026-03-11T14:00:00.000Z,159.29,159.48,158.19,158.48,140331.774032
2026-03-11T14:15:00.000Z,158.52,158.55,157.89,157.94,145088.73189300002
2026-03-11T14:30:00.000Z,157.99,158.86,157.9,158.7156,134582.716506
2026-03-11T14:45:00.000Z,158.78,159.75,158.7,159.505,171933.19883000004
2026-03-11T15:00:00.000Z,159.47,159.59,159.23,159.32,132980.505395
2026-03-11T15:15:00.000Z,159.32,159.5599,159.12,159.13,121589.54127
2026-03-11T15:30:00.000Z,159.13,159.51,158.84,159.29,78395.60079200001
2026-03-11T15:45:00.000Z,159.29,159.48,159.0151,159.03,73513.62836599998
2026-03-11T16:00:00.000Z,159.01,159.78,158.95,159.72,94151.895784
2026-03-11T16:15:00.000Z,159.67,159.9431,159.555,159.875,79966.589965
2026-03-11T16:30:00.000Z,159.855,160.07,159.75,159.875,58547.32537099999
2026-03-11T16:45:00.000Z,159.92,160.04,159.775,159.99,49420.578229000006
2026-03-11T17:00:00.000Z,159.945,160.03,159.8301,159.94,65430.77684200001
2026-03-11T17:15:00.000Z,159.97,160.36,159.92,160.33,57372.43074
2026-03-11T17:30:00.000Z,160.3501,160.48,160,160.04,75161.767184
2026-03-11T17:45:00.000Z,160.1,160.77,160.035,160.77,67585.618698
2026-03-11T18:00:00.000Z,160.765,160.83,160.46,160.68,78430.067694
2026-03-11T18:15:00.000Z,160.68,160.75,160.35,160.55,79073.93754700001
2026-03-11T18:30:00.000Z,160.55,160.65,160.23,160.26,74455.215918
2026-03-11T18:45:00.000Z,160.245,160.27,159.9916,160.12,182624.775254
2026-03-11T19:00:00.000Z,160.09,160.185,159.5,159.5,105503.26803
2026-03-11T19:15:00.000Z,159.49,159.68,159.39,159.655,105938.50895999998
2026-03-11T19:30:00.000Z,159.68,160.27,159.67,160.25,137235.00602000003
2026-03-11T19:45:00.000Z,160.28,160.42,159.93,160.15,447697.787067
2026-03-12T13:30:00.000Z,158.87,159.755,158.69,159.4,193317.80796199996
2026-03-12T13:45:00.000Z,159.37,160.85,159.27,160.64,96344.8897
2026-03-12T14:00:00.000Z,160.685,160.94,160.52,160.755,103051.04171700001
2026-03-12T14:15:00.000Z,160.77,160.77,160.32,160.51,101010.45669700002
2026-03-12T14:30:00.000Z,160.51,160.89,160.45,160.8,108339.35082499999
2026-03-12T14:45:00.000Z,160.76,161.31,160.69,160.91,145326.454903
2026-03-12T15:00:00.000Z,160.93,161.37,160.68,161.17,96456.323479
2026-03-12T15:15:00.000Z,161.19,161.54,161.07,161.22,162268.79873600003
2026-03-12T15:30:00.000Z,161.17,161.33,160.94,160.94,242657.64805400002
2026-03-12T15:45:00.000Z,160.94,161.08,159.93,159.95,153852.561735
2026-03-12T16:00:00.000Z,159.985,160.42,159.93,160.29,119709.127838
2026-03-12T16:15:00.000Z,160.26,160.57,159.88,159.88,110947.60442
2026-03-12T16:30:00.000Z,159.88,160.24,159.65,159.975,119134.912438
2026-03-12T16:45:00.000Z,159.93,159.97,159.43,159.455,97653.925832
2026-03-12T17:00:00.000Z,159.41,159.64,159.405,159.5075,95906.46134999998
2026-03-12T17:15:00.000Z,159.47,159.6,159.36,159.5001,78312.928215
2026-03-12T17:30:00.000Z,159.52,160,159.4,159.77,256076.99586000002
2026-03-12T17:45:00.000Z,159.77,160.0096,159.65,159.88,105117.52176199999
2026-03-12T18:00:00.000Z,159.865,160.08,159.741,159.9,91687.08564500001
2026-03-12T18:15:00.000Z,159.92,160.05,159.46,159.755,101613.90838199998
2026-03-12T18:30:00.000Z,159.7288,160.02,159.37,159.695,145920.592014
2026-03-12T18:45:00.000Z,159.68,160.0584,159.59,159.79,109747.007204
2026-03-12T19:00:00.000Z,159.79,160.165,159.66,159.66,123369.16152399998
2026-03-12T19:15:00.000Z,159.66,159.76,159.22,159.41,175010.866522
2026-03-12T19:30:00.000Z,159.4,159.5,159.06,159.06,155014.66118
2026-03-12T19:45:00.000Z,159.06,159.13,158.72,158.88,459144.798296
2026-03-13T13:30:00.000Z,159.78,160.88,159.78,160.73,266384.214009
2026-03-13T13:45:00.000Z,160.735,161.44,160.4201,161.347,152677.20324899998
2026-03-13T14:00:00.000Z,161.225,161.51,160.6,160.675,196053.644598
2026-03-13T14:15:00.000Z,160.73,160.92,160.455,160.58,200889.616652
2026-03-13T14:30:00.000Z,160.58,160.94,160.38,160.505,168820.98972800002
2026-03-13T14:45:00.000Z,160.55,160.65,159.91,160.07,96832.184102
2026-03-13T15:00:00.000Z,160.055,160.125,159.65,159.81,91382.866915
2026-03-13T15:15:00.000Z,159.78,159.84,159.24,159.24,112094.40924800001
2026-03-13T15:30:00.000Z,159.26,160.05,159.255,160.02,117440.864866
2026-03-13T15:45:00.000Z,160.02,160.2,159.78,159.99,84947.59778700002
2026-03-13T16:00:00.000Z,159.98,160.3,159.97,160.13,64003.087747000005
2026-03-13T16:15:00.000Z,160.16,160.42,160.07,160.31,62488.19174000001
2026-03-13T16:30:00.000Z,160.34,160.36,159.6368,159.71,89123.540312
2026-03-13T16:45:00.000Z,159.7,160.46,159.68,160.25,92613.244479
2026-03-13T17:00:00.000Z,160.295,160.595,160.24,160.595,120778.55010200001
2026-03-13T17:15:00.000Z,160.56,160.56,160.01,160.055,77245.879806
2026-03-13T17:30:00.000Z,160.03,160.12,159.88,160.085,59366.289197000006
2026-03-13T17:45:00.000Z,160.085,160.28,159.91,159.96,68359.405057
2026-03-13T18:00:00.000Z,159.91,160.52,159.9,160.325,101307.535508
2026-03-13T18:15:00.000Z,160.32,160.32,159.6801,159.875,134982.578897
2026-03-13T18:30:00.000Z,159.85,160.19,159.85,160.165,60237.562316
2026-03-13T18:45:00.000Z,160.165,160.28,159.99,160.02,64044.927452
2026-03-13T19:00:00.000Z,160.015,160.115,159.77,159.79,64071.975602
2026-03-13T19:15:00.000Z,159.82,160.09,159.75,159.83,177429.95895000003
2026-03-13T19:30:00.000Z,159.83,159.945,159.58,159.715,144512.93015099998
2026-03-13T19:45:00.000Z,159.715,159.96,159.58,159.92,382604.63107600005
2026-03-16T13:30:00.000Z,161.36,161.58,160.68,161.25,226127.12567000004
2026-03-16T13:45:00.000Z,161.255,161.255,160.26,160.32,125972.22209100002
2026-03-16T14:00:00.000Z,160.27,160.8399,160.12,160.36,110361.14754599998
2026-03-16T14:15:00.000Z,160.3,160.36,159.665,160.07,99733.154591
2026-03-16T14:30:00.000Z,160.115,160.1736,159.45,159.46,121740.251322
2026-03-16T14:45:00.000Z,159.485,159.4851,158.82,159.26,132919.31877800002
2026-03-16T15:00:00.000Z,159.275,159.58,158.565,158.7301,153309.883951
2026-03-16T15:15:00.000Z,158.73,159.17,158.63,158.98,107038.739289
2026-03-16T15:30:00.000Z,158.99,159.09,158.32,158.8,122285.820294
2026-03-16T15:45:00.000Z,158.785,158.85,158.24,158.39,103777.048346
2026-03-16T16:00:00.000Z,158.37,158.87,158.35,158.825,110073.84570199999
2026-03-16T16:15:00.000Z,158.825,158.89,158.39,158.73,78396.836877
2026-03-16T16:30:00.000Z,158.745,158.83,158.5,158.6,71917.59679
2026-03-16T16:45:00.000Z,158.61,158.8,158.52,158.64,50085.298918
2026-03-16T17:00:00.000Z,158.61,158.8299,158.475,158.78,64734.723567999994
2026-03-16T17:15:00.000Z,158.76,158.8,158.55,158.56,98287.61940100002
2026-03-16T17:30:00.000Z,158.602,158.84,158.38,158.39,77523.15903300002
2026-03-16T17:45:00.000Z,158.39,158.465,157.72,158.2165,112198.18018899998
2026-03-16T18:00:00.000Z,158.165,158.33,158.06,158.21,72586.78693999999
2026-03-16T18:15:00.000Z,158.23,158.374,158.16,158.245,73911.67147700001
2026-03-16T18:30:00.000Z,158.22,158.4,158.19,158.355,77193.64450300002
2026-03-16T18:45:00.000Z,158.34,158.4,158.12,158.18,64436.40716300001
2026-03-16T19:00:00.000Z,158.16,158.3,157.8,157.895,136210.78722600001
2026-03-16T19:15:00.000Z,157.86,158.21,157.86,158.21,127097.00325000001
2026-03-16T19:30:00.000Z,158.185,158.35,157.64,157.6804,177985.95570700002
2026-03-16T19:45:00.000Z,157.68,157.94,157.54,157.7,613774.0434610001
2026-03-17T13:30:00.000Z,158.83,159.11,157.15,157.58,216330.65490000002
2026-03-17T13:45:00.000Z,157.57,158.04,156.85,157.415,181839.503266
2026-03-17T14:00:00.000Z,157.3853,158.325,157.06,157.6,177899.17031000002
2026-03-17T14:15:00.000Z,157.65,157.86,157.4,157.705,100057.30679999999
2026-03-17T14:30:00.000Z,157.715,157.8,157.36,157.6678,111239.80690899999
2026-03-17T14:45:00.000Z,157.705,158.0699,157.61,157.82,117077.15165699998
2026-03-17T15:00:00.000Z,157.83,158,157.66,157.76,128196.918404
2026-03-17T15:15:00.000Z,157.79,158.07,157.755,157.86,88917.424511
2026-03-17T15:30:00.000Z,157.885,158.06,157.71,157.929,81955.36818199999
2026-03-17T15:45:00.000Z,157.9297,157.9297,157.65,157.79,73666.35939700001
2026-03-17T16:00:00.000Z,157.75,157.85,157.52,157.585,76083.746502
2026-03-17T16:15:00.000Z,157.55,157.64,157.39,157.47,111598.73060400001
2026-03-17T16:30:00.000Z,157.475,157.49,157.19,157.29,92185.307838
2026-03-17T16:45:00.000Z,157.27,157.39,156.635,156.695,81972.692141
2026-03-17T17:00:00.000Z,156.65,157.11,156.53,157.105,78126.48308
2026-03-17T17:15:00.000Z,157.08,157.15,156.8,156.9811,80067.085738
2026-03-17T17:30:00.000Z,156.97,157.03,156.72,156.935,62566.191783
2026-03-17T17:45:00.000Z,156.94,157.25,156.83,157.25,112643.20669400002
2026-03-17T18:00:00.000Z,157.22,157.26,156.98,157.08,83752.25397399999
2026-03-17T18:15:00.000Z,157.13,157.2669,156.93,157.11,130371.37388
2026-03-17T18:30:00.000Z,157.09,157.145,156.96,157.07,83690.81472200001
2026-03-17T18:45:00.000Z,157.075,157.356,157.05,157.32,88271.25170699999
2026-03-17T19:00:00.000Z,157.33,157.39,157.01,157.105,108181.243134
2026-03-17T19:15:00.000Z,157.105,157.455,157.1,157.1491,119400.089533
2026-03-17T19:30:00.000Z,157.15,157.239,156.75,156.83,319996.14792599995
2026-03-17T19:45:00.000Z,156.83,156.86,156.29,156.5,665798.7859969999
2026-03-18T13:30:00.000Z,155.25,156.12,154.33,154.505,349094.96874100005
2026-03-18T13:45:00.000Z,154.38,154.77,153.47,154.04,200391.348197
2026-03-18T14:00:00.000Z,154.005,155.181,154.005,155.15,213374.598838
2026-03-18T14:15:00.000Z,155.22,155.635,155.2,155.36,100110.17141399998
2026-03-18T14:30:00.000Z,155.385,155.445,154.49,154.815,95357.61855099999
2026-03-18T14:45:00.000Z,154.865,155.1916,154.64,155.18,130110.19985399999
2026-03-18T15:00:00.000Z,155.17,155.33,154.84,154.87,101122.06022999999
2026-03-18T15:15:00.000Z,154.87,155.19,154.72,155.065,93423.45929200001
2026-03-18T15:30:00.000Z,155.065,155.28,155.05,155.24,68324.241221
2026-03-18T15:45:00.000Z,155.2,155.55,155.1,155.405,68372.91793000001
2026-03-18T16:00:00.000Z,155.405,155.455,155.27,155.43,76275.432164
2026-03-18T16:15:00.000Z,155.43,155.64,155.36,155.37,57593.025131
2026-03-18T16:30:00.000Z,155.4,155.555,155.3,155.475,97724.193327
2026-03-18T16:45:00.000Z,155.48,155.5138,155.2226,155.355,53992.79074800001
2026-03-18T17:00:00.000Z,155.3596,155.38,155,155.035,56545.93253299999
2026-03-18T17:15:00.000Z,155.064,155.235,154.96,155.04,112968.490818
2026-03-18T17:30:00.000Z,155.06,155.2293,154.77,154.955,119184.506014
2026-03-18T17:45:00.000Z,154.95,155.185,154.93,155.15,68053.123679
2026-03-18T18:00:00.000Z,155.145,155.17,154.51,154.685,121125.668964
2026-03-18T18:15:00.000Z,154.71,154.75,154.46,154.51,75731.71725100001
2026-03-18T18:30:00.000Z,154.47,154.65,153.74,153.85,143936.39383200003
2026-03-18T18:45:00.000Z,153.78,153.96,153.61,153.715,131853.081057
2026-03-18T19:00:00.000Z,153.715,154.13,153.65,154.1,109703.20529700001
2026-03-18T19:15:00.000Z,154.11,154.19,153.84,153.92,176930.63826299997
2026-03-18T19:30:00.000Z,153.935,154.05,153.55,153.6,166145.742357
2026-03-18T19:45:00.000Z,153.59,153.65,153.29,153.55,535706.808725
2026-03-19T13:30:00.000Z,153.745,154.68,153.35,153.54,308331.45762400003
2026-03-19T13:45:00.000Z,153.55,154.3,153.45,154.25,173819.166775
2026-03-19T14:00:00.000Z,154.225,154.29,153.52,153.885,115654.52264199998
2026-03-19T14:15:00.000Z,153.85,154.39,153.83,154.14,96401.266949
2026-03-19T14:30:00.000Z,154.175,154.269,153.59,154.01,73667.50372499999
2026-03-19T14:45:00.000Z,153.985,153.99,153.3,153.43,141903.73887700003
2026-03-19T15:00:00.000Z,153.435,153.85,153.39,153.85,64341.73862999999
2026-03-19T15:15:00.000Z,153.8,154.04,153.48,153.99,81336.925269
2026-03-19T15:30:00.000Z,153.96,154.06,153.61,153.61,110116.12469000001
2026-03-19T15:45:00.000Z,153.57,154.12,153.565,154.1,110927.94781099999
2026-03-19T16:00:00.000Z,154.08,154.11,153.71,153.98,128386.27373400002
2026-03-19T16:15:00.000Z,153.98,154.37,153.93,154.06,110478.31559599999
2026-03-19T16:30:00.000Z,154.09,154.2,153.886,153.985,53384.770638
2026-03-19T16:45:00.000Z,153.92,153.96,153.5,153.725,124187.132329
2026-03-19T17:00:00.000Z,153.66,153.69,153.2,153.2,129100.83403700002
2026-03-19T17:15:00.000Z,153.19,153.7417,153.16,153.66,73720.446566
2026-03-19T17:30:00.000Z,153.665,153.665,153.39,153.475,59789.748176999994
2026-03-19T17:45:00.000Z,153.475,153.81,153.34,153.74,60334.763836000006
2026-03-19T18:00:00.000Z,153.76,153.76,153.45,153.57,67766.09911299999
2026-03-19T18:15:00.000Z,153.57,153.62,153.1,153.15,168348.67676200002
2026-03-19T18:30:00.000Z,153.15,153.15,152.73,152.745,96754.94210500001
2026-03-19T18:45:00.000Z,152.71,152.98,152.67,152.87,84007.961271
2026-03-19T19:00:00.000Z,152.91,153.695,152.8973,153.28,134366.664429
2026-03-19T19:15:00.000Z,153.285,153.4496,152.96,153.025,135048.921198
2026-03-19T19:30:00.000Z,153.025,153.34,152.92,153.14,171000.88475500004
2026-03-19T19:45:00.000Z,153.165,153.165,152.66,152.72,528813.199395
2026-03-20T13:30:00.000Z,152.45,153.41,152.43,153.07,1467515.437247
2026-03-20T13:45:00.000Z,153.02,153.39,152.75,153.075,133496.28915199998
2026-03-20T14:00:00.000Z,153,153,151.91,152.31,151956.48073500002
2026-03-20T14:15:00.000Z,152.245,152.53,151.8,152.53,134987.914633
2026-03-20T14:30:00.000Z,152.5,152.75,152.08,152.09,313877.320429
2026-03-20T14:45:00.000Z,152.14,152.45,152.08,152.34,135902.046442
2026-03-20T15:00:00.000Z,152.395,152.57,152.18,152.44,129349.303806
2026-03-20T15:15:00.000Z,152.47,152.47,151.96,152.12,163055.00814099997
2026-03-20T15:30:00.000Z,152.12,152.24,151.98,152.01,94559.36676599999
2026-03-20T15:45:00.000Z,152,152.01,151.655,151.9653,126850.792133
2026-03-20T16:00:00.000Z,152.035,152.24,151.65,151.85,128449.999996
2026-03-20T16:15:00.000Z,151.82,152.12,151.77,151.77,139794.55913399995
2026-03-20T16:30:00.000Z,151.795,152.04,151.76,151.85,90990.75239800001
2026-03-20T16:45:00.000Z,151.84,151.9,151.48,151.85,85677.308568
2026-03-20T17:00:00.000Z,151.85,152.03,151.77,151.895,72874.17123
2026-03-20T17:15:00.000Z,151.9,152.14,151.71,151.95,142597.96401899998
2026-03-20T17:30:00.000Z,151.93,152.0245,151.63,151.79,110623.717506
2026-03-20T17:45:00.000Z,151.75,151.78,151.21,151.275,91236.70255700001
2026-03-20T18:00:00.000Z,151.265,151.41,150.95,151.095,122605.347575
2026-03-20T18:15:00.000Z,151.095,151.145,150.86,150.915,119439.87361199998
2026-03-20T18:30:00.000Z,150.91,151.03,150.76,150.8099,100699.86601999999
2026-03-20T18:45:00.000Z,150.81,150.98,150.65,150.9,125135.98818700002
2026-03-20T19:00:00.000Z,150.915,150.94,150.54,150.64,145703.017215
2026-03-20T19:15:00.000Z,150.62,150.91,150.52,150.88,107251.82997800001
2026-03-20T19:30:00.000Z,150.89,150.98,150.61,150.64,161883.60851700002
2026-03-20T19:45:00.000Z,150.655,150.655,149.34,150.11,951335.7571149999
2026-03-23T13:30:00.000Z,152.3,152.3,150.04,150.765,304128.28019799996
2026-03-23T13:45:00.000Z,150.765,150.81,150.07,150.45,167647.989534
2026-03-23T14:00:00.000Z,150.51,150.715,150.06,150.41,242464.73700400002
2026-03-23T14:15:00.000Z,150.37,150.68,150.08,150.445,149207.088502
2026-03-23T14:30:00.000Z,150.39,150.73,150.23,150.4851,99078.29557700001
2026-03-23T14:45:00.000Z,150.5,150.68,150.25,150.62,89612.72902599999
2026-03-23T15:00:00.000Z,150.58,151.26,150.56,150.94,217656.10403599998
2026-03-23T15:15:00.000Z,150.99,151.18,150.74,150.77,96253.079156
2026-03-23T15:30:00.000Z,150.7901,151.21,150.79,151.14,69514.932645
2026-03-23T15:45:00.000Z,151.13,151.23,150.91,151,127343.282165
2026-03-23T16:00:00.000Z,150.96,151.01,150.31,150.45,78166.924367
2026-03-23T16:15:00.000Z,150.45,150.55,150.12,150.22,101569.456729
2026-03-23T16:30:00.000Z,150.185,150.39,150.1,150.26,76244.503063
2026-03-23T16:45:00.000Z,150.265,150.33,150.08,150.19,80454.04629
2026-03-23T17:00:00.000Z,150.16,150.51,150.04,150.25,88297.33764099999
2026-03-23T17:15:00.000Z,150.21,150.37,150.13,150.2,59351.536979000004
2026-03-23T17:30:00.000Z,150.2251,150.7,150.195,150.46,97667.090444
2026-03-23T17:45:00.000Z,150.4,150.44,150.2,150.44,96085.700983
2026-03-23T18:00:00.000Z,150.4,150.425,149.94,150.31,113797.06348
2026-03-23T18:15:00.000Z,150.31,150.61,150.3,150.36,95514.81238100001
2026-03-23T18:30:00.000Z,150.385,150.72,150.36,150.61,102674.866918
2026-03-23T18:45:00.000Z,150.6,150.845,150.505,150.845,101480.91995800001
2026-03-23T19:00:00.000Z,150.83,150.9,150.5567,150.77,138235.272948
2026-03-23T19:15:00.000Z,150.75,150.78,150.32,150.48,132834.66667900002
2026-03-23T19:30:00.000Z,150.49,150.71,150.36,150.71,203078.233176
2026-03-23T19:45:00.000Z,150.7,151.09,150.56,150.84,836379.430344
2026-03-24T13:30:00.000Z,150.45,151.43,150.195,151.22,188185.247454
2026-03-24T13:45:00.000Z,151.19,151.6,150.79,151.56,116506.218862
2026-03-24T14:00:00.000Z,151.6,152.575,151.4911,152.1,237047.681734
2026-03-24T14:15:00.000Z,152.09,152.31,151.83,152.07,182016.11168900004
2026-03-24T14:30:00.000Z,152.113,152.3,151.77,152.03,138409.684728
2026-03-24T14:45:00.000Z,152.025,152.03,151.19,151.46,233755.33153199998
2026-03-24T15:00:00.000Z,151.445,151.68,151.22,151.28,136639.508397
2026-03-24T15:15:00.000Z,151.299,151.72,151.16,151.535,170579.98486099998
2026-03-24T15:30:00.000Z,151.535,151.71,151.32,151.66,141896.801831
2026-03-24T15:45:00.000Z,151.66,151.695,150.93,151.25,242322.55362699996
2026-03-24T16:00:00.000Z,151.23,151.7802,151.12,151.705,210217.00205799998
2026-03-24T16:15:00.000Z,151.7,151.88,151.605,151.7,88187.89905699999
2026-03-24T16:30:00.000Z,151.735,151.83,151.46,151.47,182098.57797799996
2026-03-24T16:45:00.000Z,151.535,151.55,151.22,151.45,88637.618801
2026-03-24T17:00:00.000Z,151.479,151.4899,150.99,151,89343.81524099999
2026-03-24T17:15:00.000Z,151.03,151.09,150.8901,150.98,72001.643296
2026-03-24T17:30:00.000Z,150.98,151.12,150.69,150.69,78298.668636
2026-03-24T17:45:00.000Z,150.7625,151,150.73,150.91,79799.454876
2026-03-24T18:00:00.000Z,150.925,151.006,150.8,150.97,71482.228119
2026-03-24T18:15:00.000Z,150.95,151.335,150.87,151.27,111796.53741699998
2026-03-24T18:30:00.000Z,151.275,151.44,151.03,151.13,127374.43041
2026-03-24T18:45:00.000Z,151.14,151.17,150.81,150.935,106848.87024899999
2026-03-24T19:00:00.000Z,150.935,151.13,150.77,150.965,90675.00164000002
2026-03-24T19:15:00.000Z,150.96,150.9797,150.54,150.6513,115638.979732
2026-03-24T19:30:00.000Z,150.66,150.7796,150.46,150.46,131214.22328900002
2026-03-24T19:45:00.000Z,150.47,150.71,150.31,150.64,495343.280569
2026-03-25T13:30:00.000Z,151.295,151.39,150.16,150.56,216168.5063019999
2026-03-25T13:45:00.000Z,150.7,150.7,149.555,149.88,166550.99696500003
2026-03-25T14:00:00.000Z,149.93,150.2,149.61,149.85,156594.168812
2026-03-25T14:15:00.000Z,149.85,150.0499,149.03,149.56,133844.26365200002
2026-03-25T14:30:00.000Z,149.56,150.02,149.48,150.0199,92287.878371
2026-03-25T14:45:00.000Z,149.93,150.2,149.84,149.93,191976.57029799998
2026-03-25T15:00:00.000Z,149.93,150.45,149.9,150.405,160187.051255
2026-03-25T15:15:00.000Z,150.4,150.81,150.23,150.78,160271.13456300003
2026-03-25T15:30:00.000Z,150.72,150.89,150.54,150.8,85464.33493699998
2026-03-25T15:45:00.000Z,150.845,151.02,150.66,150.925,70486.80991499999
2026-03-25T16:00:00.000Z,150.89,150.9999,150.73,150.73,75616.223122
2026-03-25T16:15:00.000Z,150.71,151,150.61,150.885,92588.008724
2026-03-25T16:30:00.000Z,150.885,151.07,150.84,150.955,54418.41252599999
2026-03-25T16:45:00.000Z,150.955,151,150.66,150.815,158356.50128000003
2026-03-25T17:00:00.000Z,150.815,151.12,150.77,151.065,79395.323257
2026-03-25T17:15:00.000Z,151.09,151.497,151.03,151.455,176453.59416599997
2026-03-25T17:30:00.000Z,151.455,151.555,151.35,151.38,138361.49353600002
2026-03-25T17:45:00.000Z,151.395,151.46,151.24,151.29,99901.69708
2026-03-25T18:00:00.000Z,151.36,151.56,151.2009,151.265,93089.80464999999
2026-03-25T18:15:00.000Z,151.22,151.33,151.08,151.135,75439.261499
2026-03-25T18:30:00.000Z,151.135,151.18,150.99,151.02,101664.01095
2026-03-25T18:45:00.000Z,151,151.15,150.76,151.1191,105937.809463
2026-03-25T19:00:00.000Z,151.11,151.14,150.88,150.947,116163.54604500001
2026-03-25T19:15:00.000Z,150.89,151.65,150.88,151.578,189480.51609999998
2026-03-25T19:30:00.000Z,151.56,151.67,151.39,151.53,168423.15308299998
2026-03-25T19:45:00.000Z,151.53,151.84,151.47,151.73,527039.373743
2026-03-26T13:30:00.000Z,151.93,152.2,151.25,152.11,176682.562622
2026-03-26T13:45:00.000Z,152.09,152.59,152.0875,152.32,121151.55439399999
2026-03-26T14:00:00.000Z,152.38,152.46,151.85,152.44,82514.65929400001
2026-03-26T14:15:00.000Z,152.425,152.74,152.41,152.56,91795.642394
2026-03-26T14:30:00.000Z,152.555,152.71,152.35,152.63,96162.38914300001
2026-03-26T14:45:00.000Z,152.69,153.15,152.587,152.69,173986.611644
2026-03-26T15:00:00.000Z,152.72,152.82,152.56,152.62,118725.63393299998
2026-03-26T15:15:00.000Z,152.6,152.65,151.97,152.01,117506.00557100002
2026-03-26T15:30:00.000Z,152.005,152.04,151.56,151.61,66836.011419
2026-03-26T15:45:00.000Z,151.57,151.79,151.27,151.525,85862.19447499998
2026-03-26T16:00:00.000Z,151.55,151.62,151.3158,151.605,82953.40079700001
2026-03-26T16:15:00.000Z,151.59,152.04,151.48,151.81,77678.846545
2026-03-26T16:30:00.000Z,151.85,151.98,151.73,151.915,64703.51586199999
2026-03-26T16:45:00.000Z,151.87,152.41,151.87,152.325,135140.59455
2026-03-26T17:00:00.000Z,152.37,152.5,152.1058,152.205,88845.04917500001
2026-03-26T17:15:00.000Z,152.205,152.27,151.97,151.9925,122383.50777099999
2026-03-26T17:30:00.000Z,151.96,151.96,151.47,151.765,141037.82469400004
2026-03-26T17:45:00.000Z,151.765,151.89,151.62,151.79,120607.72804000002
2026-03-26T18:00:00.000Z,151.775,151.97,151.41,151.575,170004.69479399998
2026-03-26T18:15:00.000Z,151.62,151.73,151.3101,151.56,114106.11007400001
2026-03-26T18:30:00.000Z,151.53,151.58,151.39,151.51,98772.85002199998
2026-03-26T18:45:00.000Z,151.495,151.55,151.2,151.44,86421.41747000001
2026-03-26T19:00:00.000Z,151.425,151.52,151.11,151.19,119470.94986399998
2026-03-26T19:15:00.000Z,151.215,151.28,150.9,150.945,130442.25137600001
2026-03-26T19:30:00.000Z,150.92,151,150.74,150.86,244741.780169
2026-03-26T19:45:00.000Z,150.86,151.009,150.67,150.79,753652.3966430001
2026-03-27T13:30:00.000Z,151.14,152.31,150.47,151.86,213936.16250299997
2026-03-27T13:45:00.000Z,151.84,152.84,151.84,152.69,201019.728983
2026-03-27T14:00:00.000Z,152.695,153.03,152.4,152.6651,143498.207853
2026-03-27T14:15:00.000Z,152.687,152.865,152.315,152.37,133706.913275
2026-03-27T14:30:00.000Z,152.34,152.56,151.97,152.22,134414.35239999997
2026-03-27T14:45:00.000Z,152.22,152.59,151.915,152.48,144774.92221
2026-03-27T15:00:00.000Z,152.48,152.6,152.06,152.46,190254.71740200004
2026-03-27T15:15:00.000Z,152.47,152.66,152.3,152.44,203714.969809
2026-03-27T15:30:00.000Z,152.45,152.6,152.15,152.585,198348.120203
2026-03-27T15:45:00.000Z,152.55,152.6,152.23,152.42,95554.71059499998
2026-03-27T16:00:00.000Z,152.385,152.57,152.15,152.55,91565.439902
2026-03-27T16:15:00.000Z,152.56,152.84,152.45,152.76,87986.69736300001
2026-03-27T16:30:00.000Z,152.79,153.16,152.58,152.82,218312.091491
2026-03-27T16:45:00.000Z,152.825,153.03,152.54,152.59,89541.729076
2026-03-27T17:00:00.000Z,152.53,152.72,152.37,152.425,93671.09902000001
2026-03-27T17:15:00.000Z,152.48,152.795,152.415,152.69,65263.600073999994
2026-03-27T17:30:00.000Z,152.73,153.32,152.65,153.24,215854.15793299998
2026-03-27T17:45:00.000Z,153.3052,153.35,153.02,153.03,131095.914453
2026-03-27T18:00:00.000Z,153.03,153.3998,152.97,153.355,215744.27771999995
2026-03-27T18:15:00.000Z,153.37,153.54,153.235,153.515,230554.71823
2026-03-27T18:30:00.000Z,153.5,154.3,153.41,154.26,266760.420612
2026-03-27T18:45:00.000Z,154.28,154.54,153.96,154.2986,397980.21834799997
2026-03-27T19:00:00.000Z,154.35,154.38,153.72,154.06,224199.703274
2026-03-27T19:15:00.000Z,154.06,154.06,153.61,153.68,222043.62583200002
2026-03-27T19:30:00.000Z,153.7,153.71,153.12,153.17,299964.665221
2026-03-27T19:45:00.000Z,153.2,153.275,152.66,153.01,724426.644686
2026-03-30T13:30:00.000Z,153.82,155.15,153.3701,154.68,500261.74734799995
2026-03-30T13:45:00.000Z,154.68,155.8,154.54,155.65,373303.33783100004
2026-03-30T14:00:00.000Z,155.58,156.58,155.41,156.025,316939.88576299994
2026-03-30T14:15:00.000Z,155.97,156.86,155.79,156.79,237747.17551300002
2026-03-30T14:30:00.000Z,156.79,157.89,156.65,157.655,350210.831849
2026-03-30T14:45:00.000Z,157.65,157.89,157.305,157.44,317096.9456910001
2026-03-30T15:00:00.000Z,157.45,158.24,157.2201,158.2,249740.29433300003
2026-03-30T15:15:00.000Z,158.15,158.2,157.22,157.25,260198.11185099997
2026-03-30T15:30:00.000Z,157.25,157.715,157.2,157.495,127464.177127
2026-03-30T15:45:00.000Z,157.495,157.76,157.29,157.59,140230.233221
2026-03-30T16:00:00.000Z,157.635,157.9,157.3,157.375,364474.035649
2026-03-30T16:15:00.000Z,157.38,157.8299,157.2701,157.77,159262.35057
2026-03-30T16:30:00.000Z,157.795,158.09,157.77,157.97,136801.62889900003
2026-03-30T16:45:00.000Z,157.97,158.18,157.89,158.18,160632.37897800002
2026-03-30T17:00:00.000Z,158.155,158.36,158.1,158.26,136490.00312600003
2026-03-30T17:15:00.000Z,158.25,158.39,158.03,158.2,150557.88456900002
2026-03-30T17:30:00.000Z,158.18,158.19,157.98,158.18,139753.111948
2026-03-30T17:45:00.000Z,158.17,158.18,157.46,157.4701,176053.72755
2026-03-30T18:00:00.000Z,157.48,157.99,157.42,157.99,170334.924258
2026-03-30T18:15:00.000Z,158.01,158.23,157.95,158.08,154670.51622800002
2026-03-30T18:30:00.000Z,158.08,158.13,157.55,157.65,140432.271596
2026-03-30T18:45:00.000Z,157.67,157.81,157.43,157.57,173505.496631
2026-03-30T19:00:00.000Z,157.57,157.63,157,157.07,215308.11855200003
2026-03-30T19:15:00.000Z,157.105,157.115,156.73,156.87,197146.29149200002
2026-03-30T19:30:00.000Z,156.85,157.18,156.48,157.18,277084.714466
2026-03-30T19:45:00.000Z,157.16,157.29,156.61,156.83,1206133.56213
2026-03-31T13:30:00.000Z,157.67,157.67,156.51,156.69,548391.319187
2026-03-31T13:45:00.000Z,156.78,156.9599,155.35,155.4,231271.80237299998
2026-03-31T14:00:00.000Z,155.46,155.88,155.1901,155.345,254128.170602
2026-03-31T14:15:00.000Z,155.4,156.06,155.1101,155.96,234443.773208
2026-03-31T14:30:00.000Z,156.01,156.08,155.15,155.26,163644.546341
2026-03-31T14:45:00.000Z,155.26,155.29,154.92,155.045,223411.74511199998
2026-03-31T15:00:00.000Z,155.05,155.8,155.05,155.76,104243.34507199998
2026-03-31T15:15:00.000Z,155.765,156.24,155.71,155.81,164363.03686199998
2026-03-31T15:30:00.000Z,155.8199,155.9899,155.635,155.88,78765.419358
2026-03-31T15:45:00.000Z,155.85,155.89,154.97,155.075,109272.25678699999
2026-03-31T16:00:00.000Z,155.09,155.15,154.45,154.595,102396.35240399999
2026-03-31T16:15:00.000Z,154.595,154.65,154.3975,154.46,104717.433012
2026-03-31T16:30:00.000Z,154.43,155.14,154.4,154.463,172458.10714800004
2026-03-31T16:45:00.000Z,154.47,155.33,154.17,155.29,166500.011271
2026-03-31T17:00:00.000Z,155.295,155.31,154.8,155.215,142961.44968599998
2026-03-31T17:15:00.000Z,155.235,155.3,154.64,154.975,145802.68143
2026-03-31T17:30:00.000Z,154.955,155.45,154.88,155.2,110022.36566099999
2026-03-31T17:45:00.000Z,155.2,155.4,155.14,155.215,88905.03597300002
2026-03-31T18:00:00.000Z,155.22,155.44,155.13,155.325,86647.36770399999
2026-03-31T18:15:00.000Z,155.35,155.42,155.055,155.19,86150.438586
2026-03-31T18:30:00.000Z,155.22,155.3,154.97,155.12,118827.34339100002
2026-03-31T18:45:00.000Z,155.1051,155.26,154.77,154.955,106567.14637
2026-03-31T19:00:00.000Z,154.95,155.59,154.95,155.4,193106.34195000003
2026-03-31T19:15:00.000Z,155.43,155.62,155.43,155.55,222239.404094
2026-03-31T19:30:00.000Z,155.57,155.81,155.565,155.57,213040.04481700002
2026-03-31T19:45:00.000Z,155.57,156.12,154.98,155.279,1004737.2115140001
2026-04-01T13:30:00.000Z,153.55,154.9,153.54,154.375,387080.0437840001
2026-04-01T13:45:00.000Z,154.48,155.1,153.851,154.01,146652.92366899998
2026-04-01T14:00:00.000Z,153.94,154.0844,153.26,153.5,156935.33083800002
2026-04-01T14:15:00.000Z,153.53,153.9376,153.27,153.71,162124.47845999995
2026-04-01T14:30:00.000Z,153.6,154.65,153.6,154.625,136103.031414
2026-04-01T14:45:00.000Z,154.63,155.02,154.4,154.61,139791.36415900002
2026-04-01T15:00:00.000Z,154.56,154.85,154.37,154.56,110024.79776799999
2026-04-01T15:15:00.000Z,154.62,154.65,153.79,154.04,156028.488479
2026-04-01T15:30:00.000Z,153.99,154.53,153.95,154.41,94841.077075
2026-04-01T15:45:00.000Z,154.41,154.43,154.05,154.05,126811.20419599999
2026-04-01T16:00:00.000Z,154.06,154.15,153.71,153.91,98803.84385699999
2026-04-01T16:15:00.000Z,153.95,154.03,153.85,153.89,70830.45878400002
2026-04-01T16:30:00.000Z,153.92,154.32,153.88,154.16,67001.55113200001
2026-04-01T16:45:00.000Z,154.1899,154.3999,154.05,154.31,78134.163805
2026-04-01T17:00:00.000Z,154.33,154.56,154.2651,154.47,71354.71099400001
2026-04-01T17:15:00.000Z,154.51,154.52,154.34,154.44,58497.2322
2026-04-01T17:30:00.000Z,154.43,154.58,154.38,154.53,50135.999799000005
2026-04-01T17:45:00.000Z,154.55,154.63,154.47,154.58,66486.83717900001
2026-04-01T18:00:00.000Z,154.5751,154.72,154.42,154.715,95980.015244
2026-04-01T18:15:00.000Z,154.715,154.97,154.57,154.605,109556.50597900001
2026-04-01T18:30:00.000Z,154.63,154.88,154.5,154.845,95569.74383600001
2026-04-01T18:45:00.000Z,154.8,154.91,154.72,154.815,108238.820275
2026-04-01T19:00:00.000Z,154.83,154.9199,154.67,154.83,110914.513193
2026-04-01T19:15:00.000Z,154.83,154.9,154.65,154.865,112507.69053600002
2026-04-01T19:30:00.000Z,154.875,155.15,154.875,154.99,179410.69047899998
2026-04-01T19:45:00.000Z,154.96,154.97,154.59,154.65,599369.596682
2026-04-02T13:30:00.000Z,154.66,156.29,154.2187,155.765,692935.853967
2026-04-02T13:45:00.000Z,155.74,155.74,154.84,154.945,153335.52162699998
2026-04-02T14:00:00.000Z,154.945,155.18,154.42,154.65,133120.590637
2026-04-02T14:15:00.000Z,154.65,155.465,154.62,155.285,160791.606887
2026-04-02T14:30:00.000Z,155.22,155.58,154.98,155.52,149110.655123
2026-04-02T14:45:00.000Z,155.512,155.61,155.215,155.265,81577.759343
2026-04-02T15:00:00.000Z,155.255,155.46,155.03,155.255,125543.379999
2026-04-02T15:15:00.000Z,155.24,155.56,155.2125,155.56,90296.83524000001
2026-04-02T15:30:00.000Z,155.57,155.71,155.3919,155.71,84147.477998
2026-04-02T15:45:00.000Z,155.66,155.81,155.47,155.6,104763.539703
2026-04-02T16:00:00.000Z,155.58,156,155.53,155.815,130973.87155599998
2026-04-02T16:15:00.000Z,155.76,156.14,155.76,156.1,100300.379662
2026-04-02T16:30:00.000Z,156.1,156.27,155.9401,155.96,90597.92972000001
2026-04-02T16:45:00.000Z,155.96,155.96,155.58,155.625,144489.280698
2026-04-02T17:00:00.000Z,155.65,155.84,155.58,155.83,70932.308363
2026-04-02T17:15:00.000Z,155.83,155.95,155.77,155.855,77959.835868
2026-04-02T17:30:00.000Z,155.83,155.87,155.565,155.77,75207.23187900001
2026-04-02T17:45:00.000Z,155.8,155.81,155.47,155.645,64620.340035
2026-04-02T18:00:00.000Z,155.645,155.755,155.54,155.61,200640.11809
2026-04-02T18:15:00.000Z,155.61,155.74,155.5435,155.56,75883.76135599999
2026-04-02T18:30:00.000Z,155.595,155.61,155.44,155.58,90010.60218999999
2026-04-02T18:45:00.000Z,155.61,155.95,155.61,155.95,108947.33238099999
2026-04-02T19:00:00.000Z,155.96,156.14,155.86,155.88,97719.665109
2026-04-02T19:15:00.000Z,155.89,156.17,155.76,156.12,151813.672626
2026-04-02T19:30:00.000Z,156.11,156.37,156.0201,156.34,139968.305851
2026-04-02T19:45:00.000Z,156.31,157.06,156.23,157,779847.5399089999
2026-04-06T13:30:00.000Z,156.41,156.6,155.57,155.65,125099.45182300001
2026-04-06T13:45:00.000Z,155.71,155.9,155.4,155.88,77041.00574800001
2026-04-06T14:00:00.000Z,155.91,156.31,155.63,156.2299,71325.234165
2026-04-06T14:15:00.000Z,156.21,156.465,155.98,156.35,58692.241379
2026-04-06T14:30:00.000Z,156.37,156.74,156.09,156.7325,82358.27960200001
2026-04-06T14:45:00.000Z,156.7,156.7,156.3101,156.375,50193.300778
2026-04-06T15:00:00.000Z,156.41,156.44,155.89,155.935,50187.728142
2026-04-06T15:15:00.000Z,155.95,156.0191,155.78,155.885,62785.544677000005
2026-04-06T15:30:00.000Z,155.865,155.935,155.69,155.83,61565.371719
2026-04-06T15:45:00.000Z,155.84,156.12,155.81,156.05,54330.213495
2026-04-06T16:00:00.000Z,156.05,156.125,155.99,156.05,43672.839014000005
2026-04-06T16:15:00.000Z,156.08,156.22,155.71,156.075,372107.916551
2026-04-06T16:30:00.000Z,156.06,156.1499,155.92,156.0927,44608.12407499999
2026-04-06T16:45:00.000Z,156.11,156.22,155.97,156.06,100808.656642
2026-04-06T17:00:00.000Z,156.0699,156.12,155.92,155.95,41329.77848500001
2026-04-06T17:15:00.000Z,155.99,156.105,155.85,155.97,42154.46752900001
2026-04-06T17:30:00.000Z,155.96,156.03,155.72,155.79,52066.065664
2026-04-06T17:45:00.000Z,155.75,155.8453,155.675,155.72,43792.420720999995
2026-04-06T18:00:00.000Z,155.72,155.775,155.505,155.66,54207.773545000004
2026-04-06T18:15:00.000Z,155.675,156.14,155.63,156.14,86675.46569200001
2026-04-06T18:30:00.000Z,156.16,156.28,156.02,156.265,65892.243134
2026-04-06T18:45:00.000Z,156.28,156.625,156.28,156.5101,66330.17530900001
2026-04-06T19:00:00.000Z,156.4901,156.6,156.4,156.475,100978.828872
2026-04-06T19:15:00.000Z,156.475,156.525,156.34,156.48,67784.699915
2026-04-06T19:30:00.000Z,156.46,156.66,156.4,156.635,101048.22781299999
2026-04-06T19:45:00.000Z,156.635,156.86,156.53,156.72,392525.459466
2026-04-07T13:30:00.000Z,156.18,156.54,155.29,155.785,261917.88861400002
2026-04-07T13:45:00.000Z,155.785,156.47,155.43,156.27,81892.60374199999
2026-04-07T14:00:00.000Z,156.295,156.295,155.09,155.53,119975.307783
2026-04-07T14:15:00.000Z,155.56,155.6599,155.15,155.15,74967.05053699999
2026-04-07T14:30:00.000Z,155.26,155.5199,155.12,155.38,72965.514578
2026-04-07T14:45:00.000Z,155.38,155.385,154.9401,154.9401,141863.984894
2026-04-07T15:00:00.000Z,154.975,155.26,154.36,154.655,124800.00110999998
2026-04-07T15:15:00.000Z,154.61,154.74,154,154.04,116555.54148700001
2026-04-07T15:30:00.000Z,154,154.36,153.95,154.12,84011.611719
2026-04-07T15:45:00.000Z,154.065,154.13,153.885,154,85428.55986300002
2026-04-07T16:00:00.000Z,154,154.285,153.94,154.27,64486.80736399999
2026-04-07T16:15:00.000Z,154.24,154.51,154.02,154.16,109475.49337000001
2026-04-07T16:30:00.000Z,154.1,154.1,153.75,153.99,63850.682776
2026-04-07T16:45:00.000Z,154.005,154.1028,153.86,153.98,88509.13275399998
2026-04-07T17:00:00.000Z,153.94,154.049,153.76,153.9162,60159.957311000006
2026-04-07T17:15:00.000Z,153.86,153.86,153.655,153.75,65940.08325899999
2026-04-07T17:30:00.000Z,153.65,153.85,153.48,153.785,66834.095634
2026-04-07T17:45:00.000Z,153.78,153.805,153.595,153.73,63452.81902699999
2026-04-07T18:00:00.000Z,153.73,153.86,153.575,153.82,79661.94516000002
2026-04-07T18:15:00.000Z,153.84,154.015,153.75,153.94,77673.75423399999
2026-04-07T18:30:00.000Z,153.92,153.925,153.5,153.67,115526.13614
2026-04-07T18:45:00.000Z,153.57,153.655,153.365,153.655,123973.16861799998
2026-04-07T19:00:00.000Z,153.655,153.655,152.97,153.095,143647.088661
2026-04-07T19:15:00.000Z,153.095,153.51,152.9506,153.08,142501.17393799996
2026-04-07T19:30:00.000Z,153.09,153.15,152.572,152.655,205452.15850299996
2026-04-07T19:45:00.000Z,152.65,153.25,152.62,153.21,690564.389172
2026-04-08T13:30:00.000Z,151.88,153.38,151.7528,153.27,466966.4918620001
2026-04-08T13:45:00.000Z,153.315,153.5122,152.01,153,425400.277033
2026-04-08T14:00:00.000Z,153.02,153.68,152.77,153.44,312098.613369
2026-04-08T14:15:00.000Z,153.5,153.77,152.885,152.98,295754.82264100004
2026-04-08T14:30:00.000Z,152.95,153.81,152.56,153.67,198574.73080199998
2026-04-08T14:45:00.000Z,153.66,154.26,153.57,154.12,143713.048783
2026-04-08T15:00:00.000Z,154.1005,154.24,153.77,153.77,163785.474372
2026-04-08T15:15:00.000Z,153.75,153.92,153.4,153.445,192862.67656300002
2026-04-08T15:30:00.000Z,153.445,153.865,153.445,153.54,150531.02154600003
2026-04-08T15:45:00.000Z,153.54,153.91,153.425,153.7225,142608.85746299996
2026-04-08T16:00:00.000Z,153.735,153.96,153.56,153.595,114174.45571699999
2026-04-08T16:15:00.000Z,153.6,153.75,153.43,153.55,99778.66435800001
2026-04-08T16:30:00.000Z,153.53,153.7409,153.44,153.57,83484.596555
2026-04-08T16:45:00.000Z,153.57,153.61,153.4,153.56,77137.464647
2026-04-08T17:00:00.000Z,153.56,153.83,153.5,153.775,63408.935495000005
2026-04-08T17:15:00.000Z,153.775,153.8432,153.65,153.72,88200.77865800001
2026-04-08T17:30:00.000Z,153.7,153.99,153.65,153.81,107417.58074
2026-04-08T17:45:00.000Z,153.8294,153.9208,153.63,153.63,95006.515896
2026-04-08T18:00:00.000Z,153.62,154.03,153.6,154.03,134124.15603399999
2026-04-08T18:15:00.000Z,154.06,154.06,153.69,153.69,105860.276375
2026-04-08T18:30:00.000Z,153.68,153.72,153.39,153.52,158147.079469
2026-04-08T18:45:00.000Z,153.52,153.755,153.28,153.67,123425.72891300003
2026-04-08T19:00:00.000Z,153.7,153.9,153.65,153.85,125604.999776
2026-04-08T19:15:00.000Z,153.84,153.94,153.705,153.85,143822.437386
2026-04-08T19:30:00.000Z,153.84,154.2,153.84,154.155,261422.435226
2026-04-08T19:45:00.000Z,154.14,154.82,154.02,154.79,805689.1024640001
2026-04-09T13:30:00.000Z,153.7,155.2452,153.25,154.58,189796.30263600004
2026-04-09T13:45:00.000Z,154.615,155.82,154.56,155.79,120031.85238400001
2026-04-09T14:00:00.000Z,155.76,156.785,155.76,156.435,180025.06661699995
2026-04-09T14:15:00.000Z,156.35,156.93,156.32,156.66,120883.82566799999
2026-04-09T14:30:00.000Z,156.68,156.85,156.395,156.435,91741.10159499999
2026-04-09T14:45:00.000Z,156.42,156.47,156.1301,156.19,61841.579189000004
2026-04-09T15:00:00.000Z,156.19,156.3399,156,156.075,61980.382811
2026-04-09T15:15:00.000Z,156.075,156.54,155.93,156.435,128343.16584199999
2026-04-09T15:30:00.000Z,156.41,156.8575,156.37,156.725,79275.53853600001
2026-04-09T15:45:00.000Z,156.69,157.01,156.51,156.86,83851.75400300001
2026-04-09T16:00:00.000Z,156.89,157.03,156.77,156.9,70077.558875
2026-04-09T16:15:00.000Z,156.94,157.223,156.94,157.15,58717.728198000004
2026-04-09T16:30:00.000Z,157.18,157.3,157.09,157.3,52266.472626
2026-04-09T16:45:00.000Z,157.305,157.6,157.305,157.43,62130.317911
2026-04-09T17:00:00.000Z,157.51,157.74,157.48,157.705,44814.455888
2026-04-09T17:15:00.000Z,157.68,157.84,157.66,157.83,53962.807554000006
2026-04-09T17:30:00.000Z,157.82,158.01,157.74,157.92,66400.407556
2026-04-09T17:45:00.000Z,157.91,157.99,157.71,157.715,51629.256496999995
2026-04-09T18:00:00.000Z,157.73,157.755,157.59,157.695,71678.852483
2026-04-09T18:15:00.000Z,157.68,157.835,157.665,157.775,66004.238825
2026-04-09T18:30:00.000Z,157.79,157.86,157.75,157.79,68755.546507
2026-04-09T18:45:00.000Z,157.775,157.8,157.55,157.6,66749.95761099999
2026-04-09T19:00:00.000Z,157.605,157.69,157.4,157.555,68106.78117499998
2026-04-09T19:15:00.000Z,157.56,157.575,157.255,157.325,112553.99408499998
2026-04-09T19:30:00.000Z,157.325,157.61,157.14,157.22,170776.18968499996
2026-04-09T19:45:00.000Z,157.22,157.58,157.165,157.47,813453.812438
2026-04-10T13:30:00.000Z,157.16,157.58,156.77,157.34,190137.472146
2026-04-10T13:45:00.000Z,157.33,157.425,156.46,157.115,136438.071259
2026-04-10T14:00:00.000Z,157.055,157.79,156.98,157.67,101178.71867500001
2026-04-10T14:15:00.000Z,157.69,157.74,157.495,157.64,95867.40498900002
2026-04-10T14:30:00.000Z,157.64,157.73,157.41,157.505,114593.229738
2026-04-10T14:45:00.000Z,157.49,157.61,157.31,157.31,85575.559874
2026-04-10T15:00:00.000Z,157.27,157.43,156.99,157.28,146063.835407
2026-04-10T15:15:00.000Z,157.32,157.32,156.81,157.08,185697.59705600003
2026-04-10T15:30:00.000Z,157.075,157.5,157.075,157.305,119995.15637099998
2026-04-10T15:45:00.000Z,157.3,157.385,157.09,157.2,88640.680529
2026-04-10T16:00:00.000Z,157.22,157.22,156.8,156.96,87035.09162400001
2026-04-10T16:15:00.000Z,156.96,157.065,156.46,156.74,95072.89662200001
2026-04-10T16:30:00.000Z,156.785,157.1,156.785,157.04,144345.63523400002
2026-04-10T16:45:00.000Z,157.05,157.19,156.9,156.9218,61628.337163
2026-04-10T17:00:00.000Z,156.91,156.96,156.81,156.91,45955.176309999995
2026-04-10T17:15:00.000Z,156.91,157.1,156.83,156.94,231714.095317
2026-04-10T17:30:00.000Z,156.94,157.005,156.65,156.95,86725.22378300001
2026-04-10T17:45:00.000Z,156.94,157.08,156.9277,157.035,47523.610206
2026-04-10T18:00:00.000Z,157.0201,157.19,156.98,157.0451,77672.814432
2026-04-10T18:15:00.000Z,157.045,157.18,157.045,157.14,52733.155031999995
2026-04-10T18:30:00.000Z,157.13,157.26,156.9301,156.9653,158761.78574199995
2026-04-10T18:45:00.000Z,156.965,157.01,156.715,156.755,59507.06090999999
2026-04-10T19:00:00.000Z,156.755,156.7999,156.54,156.63,86345.573737
2026-04-10T19:15:00.000Z,156.6499,156.65,156.325,156.44,94461.474393
2026-04-10T19:30:00.000Z,156.43,156.78,156.375,156.75,162376.426668
2026-04-10T19:45:00.000Z,156.73,157.08,156.63,157.08,649120.7375459999
2026-04-13T13:30:00.000Z,156.99,157.03,156.185,156.43,267877.137161
2026-04-13T13:45:00.000Z,156.43,156.8,156.17,156.5,106410.186234
2026-04-13T14:00:00.000Z,156.445,156.5,155.61,156.435,92735.74823299998
2026-04-13T14:15:00.000Z,156.44,156.45,155.64,155.7,115160.00892900002
2026-04-13T14:30:00.000Z,155.7,156.22,155.535,156.09,123983.65270000002
2026-04-13T14:45:00.000Z,156.08,156.1244,155.5,155.65,136414.74029300004
2026-04-13T15:00:00.000Z,155.63,155.77,155.3101,155.44,94430.526152
2026-04-13T15:15:00.000Z,155.43,155.55,155.06,155.16,139601.35856000002
2026-04-13T15:30:00.000Z,155.07,155.31,154.97,155.25,103172.588552
2026-04-13T15:45:00.000Z,155.24,155.7,154.95,155.685,149362.446897
2026-04-13T16:00:00.000Z,155.685,155.85,155.64,155.81,122299.706706
2026-04-13T16:15:00.000Z,155.795,155.81,155.58,155.6294,108347.93984200002
2026-04-13T16:30:00.000Z,155.63,155.87,155.62,155.855,129250.73212999999
2026-04-13T16:45:00.000Z,155.86,156.005,155.67,155.91,162156.90886700002
2026-04-13T17:00:00.000Z,155.9,156.21,155.85,156.155,110261.77033399999
2026-04-13T17:15:00.000Z,156.15,156.17,155.96,156.08,109639.884775
2026-04-13T17:30:00.000Z,156.07,156.35,156.0697,156.2,146723.632982
2026-04-13T17:45:00.000Z,156.2,156.24,155.9249,155.94,105980.870572
2026-04-13T18:00:00.000Z,155.95,156.06,155.83,155.995,140504.00538800002
2026-04-13T18:15:00.000Z,156.005,156.1599,155.825,155.935,156895.643064
2026-04-13T18:30:00.000Z,155.93,155.94,155.665,155.79,99389.898513
2026-04-13T18:45:00.000Z,155.8,155.86,155.72,155.76,106154.71766200001
2026-04-13T19:00:00.000Z,155.77,156.01,155.7506,155.92,124949.012229
2026-04-13T19:15:00.000Z,155.94,156.02,155.83,155.945,159868.77398100003
2026-04-13T19:30:00.000Z,155.935,156.12,155.91,156.02,261351.69262900003
2026-04-13T19:45:00.000Z,156.01,156.19,155.72,155.87,878127.9413540001
2026-04-14T13:30:00.000Z,154.51,155.55,154.29,154.98,365764.9622609999
2026-04-14T13:45:00.000Z,154.995,155.7485,154.415,155.725,153851.40299500004
2026-04-14T14:00:00.000Z,155.73,156.11,155.68,155.92,114456.73089600001
2026-04-14T14:15:00.000Z,155.955,156.12,155.71,155.805,187732.44625600002
2026-04-14T14:30:00.000Z,155.82,155.8321,155.59,155.79,84121.112866
2026-04-14T14:45:00.000Z,155.795,155.85,155.57,155.755,96538.57988
2026-04-14T15:00:00.000Z,155.755,156.0401,155.71,155.95,98973.91528599999
2026-04-14T15:15:00.000Z,155.965,156.03,155.691,155.74,83773.60798699998
2026-04-14T15:30:00.000Z,155.755,155.7776,155.32,155.34,93137.65724
2026-04-14T15:45:00.000Z,155.345,155.56,155.21,155.445,139067.118618
2026-04-14T16:00:00.000Z,155.45,155.55,155.37,155.535,81874.687196
2026-04-14T16:15:00.000Z,155.53,155.64,155.48,155.615,54843.23086599999
2026-04-14T16:30:00.000Z,155.63,155.82,155.61,155.75,119004.876744
2026-04-14T16:45:00.000Z,155.745,155.78,155.53,155.595,77212.890711
2026-04-14T17:00:00.000Z,155.6,155.69,155.45,155.49,74872.804425
2026-04-14T17:15:00.000Z,155.47,155.62,155.39,155.62,87951.403702
2026-04-14T17:30:00.000Z,155.615,155.63,155.41,155.46,74914.63786
2026-04-14T17:45:00.000Z,155.455,155.6399,155.4,155.61,61657.052914000014
2026-04-14T18:00:00.000Z,155.61,155.99,155.605,155.95,227689.932483
2026-04-14T18:15:00.000Z,155.96,156.03,155.77,155.9391,121362.93402000002
2026-04-14T18:30:00.000Z,155.93,156.1,155.91,156.09,136832.38560999997
2026-04-14T18:45:00.000Z,156.08,156.2,156.03,156.16,138002.71220799998
2026-04-14T19:00:00.000Z,156.15,156.38,156.13,156.29,146581.40542700002
2026-04-14T19:15:00.000Z,156.28,156.5,156.26,156.43,167946.986174
2026-04-14T19:30:00.000Z,156.445,156.625,156.21,156.35,227025.45517799997
2026-04-14T19:45:00.000Z,156.36,156.36,155.54,155.7,648546.7267420001
2026-04-15T13:30:00.000Z,155.02,155.7599,153.96,154.785,502394.0848169999
2026-04-15T13:45:00.000Z,154.91,154.97,153.86,154.125,212554.29692599998
2026-04-15T14:00:00.000Z,154.12,154.2,153.75,153.9,202818.643857
2026-04-15T14:15:00.000Z,153.9228,154.05,153.65,153.755,167233.366334
2026-04-15T14:30:00.000Z,153.82,153.8834,153.44,153.505,112742.643602
2026-04-15T14:45:00.000Z,153.54,153.88,153.48,153.84,115399.47865500003
2026-04-15T15:00:00.000Z,153.78,153.85,153.52,153.615,221756.31323899998
2026-04-15T15:15:00.000Z,153.595,153.76,153.34,153.67,142089.093794
2026-04-15T15:30:00.000Z,153.665,154.575,153.665,154.56,170552.060898
2026-04-15T15:45:00.000Z,154.54,154.545,154.19,154.39,121722.07065700002
2026-04-15T16:00:00.000Z,154.43,154.45,154.21,154.24,105447.79991
2026-04-15T16:15:00.000Z,154.23,154.29,153.785,153.92,115459.80607199999
2026-04-15T16:30:00.000Z,153.945,154.93,153.945,154.85,227141.48917199997
2026-04-15T16:45:00.000Z,154.845,155.43,154.8,155.16,294438.07353
2026-04-15T17:00:00.000Z,155.14,155.4079,155.01,155.0245,149457.174152
2026-04-15T17:15:00.000Z,155.03,155.16,154.96,155.12,74524.852971
2026-04-15T17:30:00.000Z,155.115,155.115,154.83,154.97,87519.727105
2026-04-15T17:45:00.000Z,154.96,155.11,154.86,155.09,140811.350051
2026-04-15T18:00:00.000Z,155.08,155.18,154.66,154.76,177941.370247
2026-04-15T18:15:00.000Z,154.745,154.8,154.61,154.71,170877.790334
2026-04-15T18:30:00.000Z,154.71,154.8999,154.62,154.835,121614.771131
2026-04-15T18:45:00.000Z,154.835,155.13,154.81,155.1,174961.780417
2026-04-15T19:00:00.000Z,155.07,155.4,154.85,154.885,145987.18995600002
2026-04-15T19:15:00.000Z,154.88,155.15,154.6901,155.14,185446.89518199995
2026-04-15T19:30:00.000Z,155.16,155.2,154.6,154.63,283503.45843899995
2026-04-15T19:45:00.000Z,154.62,154.96,154.35,154.73,1133484.2789329998
2026-04-16T13:30:00.000Z,155.54,156.67,154.2627,156.385,996371.7302289999
2026-04-16T13:45:00.000Z,156.36,158.32,155.61,157.52,686645.8632100001
2026-04-16T14:00:00.000Z,157.52,158.76,157.41,158.38,564837.913942
2026-04-16T14:15:00.000Z,158.44,159.05,158.215,159.05,314158.20736999996
2026-04-16T14:30:00.000Z,159.0884,159.79,158.255,158.4501,363544.60207500006
2026-04-16T14:45:00.000Z,158.37,158.72,157.83,158.009,208346.39299199998
2026-04-16T15:00:00.000Z,157.9,158.2099,157.3558,158.115,202965.418535
2026-04-16T15:15:00.000Z,158.21,158.515,157.67,157.95,204624.95448199997
2026-04-16T15:30:00.000Z,157.99,158.3236,157.42,157.79,207686.75186200003
2026-04-16T15:45:00.000Z,157.805,158.195,157.6,158.005,198407.16638499993
2026-04-16T16:00:00.000Z,157.9701,158.5,157.74,158.21,219699.49080600002
2026-04-16T16:15:00.000Z,158.2,158.225,157.68,158.195,199433.032644
2026-04-16T16:30:00.000Z,158.195,159.09,158.19,158.735,180362.65306299998
2026-04-16T16:45:00.000Z,158.77,158.77,158.085,158.28,96433.736325
2026-04-16T17:00:00.000Z,158.25,158.53,158.18,158.395,107148.82930299999
2026-04-16T17:15:00.000Z,158.395,159.0399,158.28,158.95,123334.209753
2026-04-16T17:30:00.000Z,158.89,159.29,158.82,159.03,171457.63612799998
2026-04-16T17:45:00.000Z,159.025,159.1,158.79,158.85,114817.580066
2026-04-16T18:00:00.000Z,158.852,158.88,157.2301,157.42,198156.143655
2026-04-16T18:15:00.000Z,157.42,157.7504,157.22,157.32,159314.398666
2026-04-16T18:30:00.000Z,157.3,157.71,157.13,157.33,163172.67235799998
2026-04-16T18:45:00.000Z,157.33,157.52,156.97,157.14,168916.82226800002
2026-04-16T19:00:00.000Z,157.14,157.52,156.93,157.29,196325.33472899997
2026-04-16T19:15:00.000Z,157.285,158.145,157.285,158.0188,228707.578111
2026-04-16T19:30:00.000Z,158.02,158.23,157.51,157.73,270998.925709
2026-04-16T19:45:00.000Z,157.75,158.61,157.56,158.37,967113.4535370001
2026-04-17T13:30:00.000Z,158.255,160.025,157.56,157.63,812679.3128579998
2026-04-17T13:45:00.000Z,157.58,158.88,157.17,158.76,442850.3186060001
2026-04-17T14:00:00.000Z,158.67,158.67,156.92,157.195,275984.01093100006
2026-04-17T14:15:00.000Z,157.2086,157.68,156.73,157.3,241243.073292
2026-04-17T14:30:00.000Z,157.335,157.34,156.8,157.135,224268.863699
2026-04-17T14:45:00.000Z,157.15,157.91,156.955,157.91,169316.910085
2026-04-17T15:00:00.000Z,157.855,158.46,157.71,157.83,209390.727552
2026-04-17T15:15:00.000Z,157.79,157.88,157.37,157.565,173357.03316000002
2026-04-17T15:30:00.000Z,157.565,157.99,157.46,157.89,114680.83052099998
2026-04-17T15:45:00.000Z,157.94,158.37,157.835,158.2,118482.795646
2026-04-17T16:00:00.000Z,158.2316,158.37,158.07,158.17,95661.211558
2026-04-17T16:15:00.000Z,158.19,158.29,157.99,158.04,86058.90370899998
2026-04-17T16:30:00.000Z,158.04,158.1799,157.89,158.05,104902.43453
2026-04-17T16:45:00.000Z,158.07,158.33,157.97,158.285,108837.85364399999
2026-04-17T17:00:00.000Z,158.285,158.285,157.7801,157.83,68955.763637
2026-04-17T17:15:00.000Z,157.825,157.85,157.24,157.275,181060.30524799996
2026-04-17T17:30:00.000Z,157.24,157.31,157,157.0025,151962.882094
2026-04-17T17:45:00.000Z,157.04,157.2,156.95,157.12,90568.376242
2026-04-17T18:00:00.000Z,157.11,157.145,156.8,156.815,94560.85371100002
2026-04-17T18:15:00.000Z,156.85,157.13,156.8004,157.13,102756.81460299999
2026-04-17T18:30:00.000Z,157.11,157.19,156.98,156.995,104538.588416
2026-04-17T18:45:00.000Z,156.97,156.98,156.8,156.83,102377.402465
2026-04-17T19:00:00.000Z,156.815,156.85,156.645,156.68,104278.370152
2026-04-17T19:15:00.000Z,156.67,156.84,156.47,156.82,131583.095123
2026-04-17T19:30:00.000Z,156.84,157.89,156.77,157.69,233412.796206
2026-04-17T19:45:00.000Z,157.73,158,157.5,157.67,733594.5895400001
2026-04-20T13:30:00.000Z,158.74,158.84,156.71,158,287511.73190500005
2026-04-20T13:45:00.000Z,158.06,158.11,156.98,156.98,141027.035799
2026-04-20T14:00:00.000Z,156.99,157.44,156.86,157.41,141048.632368
2026-04-20T14:15:00.000Z,157.41,157.97,157.276,157.86,265453.490972
2026-04-20T14:30:00.000Z,157.835,157.95,157.1901,157.61,77253.694752
2026-04-20T14:45:00.000Z,157.56,157.97,157.4787,157.88,88825.71035800003
2026-04-20T15:00:00.000Z,157.83,157.84,157.45,157.555,75020.05676700002
2026-04-20T15:15:00.000Z,157.58,157.95,157.57,157.595,82899.150105
2026-04-20T15:30:00.000Z,157.595,157.61,157.2601,157.455,67734.732521
2026-04-20T15:45:00.000Z,157.455,157.53,157.19,157.2,79499.23257299999
2026-04-20T16:00:00.000Z,157.14,157.33,156.96,156.99,104709.09160400003
2026-04-20T16:15:00.000Z,156.99,157.19,156.945,157.0831,77231.989576
2026-04-20T16:30:00.000Z,157.0751,157.0751,156.65,156.77,81586.56038600003
2026-04-20T16:45:00.000Z,156.6945,156.79,156.64,156.7444,72297.710205
2026-04-20T17:00:00.000Z,156.76,156.76,156.34,156.34,110155.07378200002
2026-04-20T17:15:00.000Z,156.33,156.53,156.31,156.425,62389.182418
2026-04-20T17:30:00.000Z,156.42,156.435,156.05,156.095,99969.003964
2026-04-20T17:45:00.000Z,156.08,156.31,155.84,156.25,161223.348064
2026-04-20T18:00:00.000Z,156.24,156.3,155.98,156.19,107909.458707
2026-04-20T18:15:00.000Z,156.215,156.45,156.18,156.31,86261.188045
2026-04-20T18:30:00.000Z,156.31,156.645,156.29,156.45,80531.08566900001
2026-04-20T18:45:00.000Z,156.45,156.7,156.42,156.59,88201.24679399999
2026-04-20T19:00:00.000Z,156.6,156.67,156.315,156.445,102665.43677900001
2026-04-20T19:15:00.000Z,156.445,156.58,156.3876,156.42,99173.62391
2026-04-20T19:30:00.000Z,156.41,156.51,155.96,156.02,237904.61481899998
2026-04-20T19:45:00.000Z,156.035,157.14,156.01,157,980027.388209
2026-04-21T13:30:00.000Z,156.74,157.04,154.92,156.13,262307.679562
2026-04-21T13:45:00.000Z,156.125,156.17,155.38,155.64,163500.315637
2026-04-21T14:00:00.000Z,155.61,155.93,155.49,155.64,190254.14673500002
2026-04-21T14:15:00.000Z,155.625,155.91,155.38,155.41,103167.229173
2026-04-21T14:30:00.000Z,155.4234,155.46,154.78,154.825,131246.857192
2026-04-21T14:45:00.000Z,154.825,155.03,154.44,154.855,154315.09735999999
2026-04-21T15:00:00.000Z,154.83,155.02,154.16,154.3,136212.369586
2026-04-21T15:15:00.000Z,154.28,154.35,153.73,154.21,131363.860481
2026-04-21T15:30:00.000Z,154.18,154.479,153.96,154.45,85888.03454900002
2026-04-21T15:45:00.000Z,154.445,154.8399,154.44,154.5,84388.92911299999
2026-04-21T16:00:00.000Z,154.53,154.77,154.47,154.5,81815.559683
2026-04-21T16:15:00.000Z,154.49,154.6399,154.41,154.51,80806.932421
2026-04-21T16:30:00.000Z,154.505,154.83,154.505,154.75,91498.46225399998
2026-04-21T16:45:00.000Z,154.75,154.78,154.42,154.46,93449.88636799999
2026-04-21T17:00:00.000Z,154.48,154.59,154.31,154.48,96900.79547299999
2026-04-21T17:15:00.000Z,154.48,154.95,154.415,154.88,89015.22192800001
2026-04-21T17:30:00.000Z,154.92,155.25,154.894,155.13,80811.108631
2026-04-21T17:45:00.000Z,155.1001,155.2,154.96,154.96,71778.33449200001
2026-04-21T18:00:00.000Z,155.01,155.135,154.9,155.02,67764.70246799999
2026-04-21T18:15:00.000Z,155.04,155.25,154.95,155.25,66072.504949
2026-04-21T18:30:00.000Z,155.22,155.25,155.03,155.15,84972.74782199999
2026-04-21T18:45:00.000Z,155.11,155.19,154.95,155.055,73822.943954
2026-04-21T19:00:00.000Z,155.07,155.28,154.98,155.28,73370.215056
2026-04-21T19:15:00.000Z,155.27,155.28,154.88,155.11,98376.21820599999
2026-04-21T19:30:00.000Z,155.1,155.1,154.49,154.49,138888.277223
2026-04-21T19:45:00.000Z,154.48,154.96,154.31,154.94,563384.4285240001
2026-04-22T13:30:00.000Z,155.075,155.57,154.585,154.74,142364.90337900002
2026-04-22T13:45:00.000Z,154.79,155.55,154.615,155.515,126356.85357
2026-04-22T14:00:00.000Z,155.515,156.09,155.51,156.01,102287.513355
2026-04-22T14:15:00.000Z,156.06,156.15,155.8,156.01,66656.18516699999
2026-04-22T14:30:00.000Z,155.995,156.54,155.91,156.54,95075.621189
2026-04-22T14:45:00.000Z,156.54,157.22,156.25,156.91,190491.75903100002
2026-04-22T15:00:00.000Z,156.9201,157.09,156.365,156.63,165383.564512
2026-04-22T15:15:00.000Z,156.625,156.67,156.31,156.53,101753.772483
2026-04-22T15:30:00.000Z,156.54,156.57,156.24,156.455,81749.25524
2026-04-22T15:45:00.000Z,156.455,156.4699,155.69,155.7,69638.97561899999
2026-04-22T16:00:00.000Z,155.74,155.79,155.5329,155.5329,67863.8637
2026-04-22T16:15:00.000Z,155.525,155.566,155.14,155.17,49670.614468
2026-04-22T16:30:00.000Z,155.19,155.27,155.08,155.13,71436.083996
2026-04-22T16:45:00.000Z,155.11,155.22,154.87,154.9,73045.341951
2026-04-22T17:00:00.000Z,154.9184,154.92,154.66,154.86,88362.06013900002
2026-04-22T17:15:00.000Z,154.8694,154.98,154.845,154.965,62889.221004
2026-04-22T17:30:00.000Z,154.975,155.04,154.61,154.61,73259.46466999999
2026-04-22T17:45:00.000Z,154.655,154.7,153.84,153.855,251837.37412
2026-04-22T18:00:00.000Z,153.855,154.29,153.775,153.8,116001.25094
2026-04-22T18:15:00.000Z,153.8,154.02,153.58,153.5959,110796.79925800001
2026-04-22T18:30:00.000Z,153.6,153.86,153.58,153.715,145372.818608
2026-04-22T18:45:00.000Z,153.72,153.895,153.61,153.7,141993.658359
2026-04-22T19:00:00.000Z,153.79,153.93,153.59,153.655,129507.428646
2026-04-22T19:15:00.000Z,153.67,154.25,153.55,154.19,135701.793281
2026-04-22T19:30:00.000Z,154.19,154.3,153.63,153.7,147142.525838
2026-04-22T19:45:00.000Z,153.68,154.11,153.63,153.78,716964.8157619999
2026-04-23T13:30:00.000Z,155.155,155.81,154.57,154.8499,263905.61863299995
2026-04-23T13:45:00.000Z,154.755,155.64,154.755,155.63,168192.506147
2026-04-23T14:00:00.000Z,155.64,156.61,155.36,156.515,154111.31865599996
2026-04-23T14:15:00.000Z,156.51,156.61,155.605,155.68,117351.36436499999
2026-04-23T14:30:00.000Z,155.5901,155.63,155.08,155.14,98828.58125100001
2026-04-23T14:45:00.000Z,155.14,155.14,154.63,154.785,267608.742638
2026-04-23T15:00:00.000Z,154.75,155.07,154.66,155.06,219584.80344900006
2026-04-23T15:15:00.000Z,155.05,155.68,155.02,155.68,97492.689654
2026-04-23T15:30:00.000Z,155.72,155.93,155.28,155.3,100063.15313900002
2026-04-23T15:45:00.000Z,155.3,155.86,155.2,155.685,71231.718908
2026-04-23T16:00:00.000Z,155.685,155.9,155.45,155.45,91970.95565
2026-04-23T16:15:00.000Z,155.46,155.58,155.35,155.41,111365.27345500002
2026-04-23T16:30:00.000Z,155.41,155.63,155.38,155.515,114385.82127000001
2026-04-23T16:45:00.000Z,155.57,155.73,155.54,155.59,133161.925135
2026-04-23T17:00:00.000Z,155.6,155.65,155.36,155.61,116947.26684599998
2026-04-23T17:15:00.000Z,155.56,155.705,155.51,155.56,129709.21362699999
2026-04-23T17:30:00.000Z,155.52,155.74,155.48,155.66,127264.675415
2026-04-23T17:45:00.000Z,155.66,156.06,155.61,155.825,163946.09503300005
2026-04-23T18:00:00.000Z,155.83,156.16,155.74,155.99,115835.00835999999
2026-04-23T18:15:00.000Z,155.98,156.4,155.98,156.14,147084.44254299998
2026-04-23T18:30:00.000Z,156.155,156.3,156.09,156.23,97571.95467100001
2026-04-23T18:45:00.000Z,156.16,156.43,156.15,156.385,84945.969707
2026-04-23T19:00:00.000Z,156.35,156.49,156.26,156.3,106329.602434
2026-04-23T19:15:00.000Z,156.28,156.5,156.245,156.3725,141282.57111400002
2026-04-23T19:30:00.000Z,156.36,156.4,155.87,155.915,198336.61640700002
2026-04-23T19:45:00.000Z,155.915,156.1,155.36,155.7,678378.332761
2026-04-24T13:30:00.000Z,155.93,156.28,154.66,155.1065,222158.94147899994
2026-04-24T13:45:00.000Z,155.045,155.8,154.8518,155.58,86780.818704
2026-04-24T14:00:00.000Z,155.57,155.82,155.2901,155.5501,110759.041148
2026-04-24T14:15:00.000Z,155.6,156.014,155.6,155.695,91344.04206600001
2026-04-24T14:30:00.000Z,155.69,156.15,155.615,155.68,272224.156322
2026-04-24T14:45:00.000Z,155.675,155.76,155.29,155.29,78396.22044199999
2026-04-24T15:00:00.000Z,155.24,155.34,155.07,155.17,67266.114604
2026-04-24T15:15:00.000Z,155.18,155.855,155.15,155.5601,87288.96345400001
2026-04-24T15:30:00.000Z,155.605,155.605,155.16,155.49,90043.26585899998
2026-04-24T15:45:00.000Z,155.55,155.7,155.2701,155.4788,152294.57129800002
2026-04-24T16:00:00.000Z,155.479,155.6927,155.32,155.41,65105.42412300001
2026-04-24T16:15:00.000Z,155.4,155.54,155.26,155.31,62783.50505700001
2026-04-24T16:30:00.000Z,155.37,155.42,155.2113,155.34,41889.581673
2026-04-24T16:45:00.000Z,155.34,155.44,155.17,155.32,68429.76655
2026-04-24T17:00:00.000Z,155.34,155.43,155,155,67489.520951
2026-04-24T17:15:00.000Z,154.98,155.35,154.98,155.27,45561.641705
2026-04-24T17:30:00.000Z,155.27,155.28,155,155.24,42845.93760600001
2026-04-24T17:45:00.000Z,155.21,155.24,154.97,155.05,45676.144884
2026-04-24T18:00:00.000Z,155.06,155.1799,155.0255,155.045,54793.265423
2026-04-24T18:15:00.000Z,155.0415,155.205,155.01,155.17,50643.12423
2026-04-24T18:30:00.000Z,155.19,155.19,154.97,154.995,58396.391917
2026-04-24T18:45:00.000Z,154.96,155.21,154.9575,155.2,70158.996287
2026-04-24T19:00:00.000Z,155.16,155.215,154.81,154.88,145401.471624
2026-04-24T19:15:00.000Z,154.89,154.96,154.67,154.94,116101.79379699999
2026-04-24T19:30:00.000Z,154.94,155.2993,154.84,155.19,165579.239593
2026-04-24T19:45:00.000Z,155.19,155.76,155.14,155.41,733145.3248759999
2026-04-27T13:30:00.000Z,155.53,156.22,154.895,156.125,216092.301573
2026-04-27T13:45:00.000Z,156.17,156.65,155.8,155.8,135855.89680199997
2026-04-27T14:00:00.000Z,155.84,156.08,155.39,155.88,117962.662899
2026-04-27T14:15:00.000Z,155.89,156.02,155.37,155.385,100562.340397
2026-04-27T14:30:00.000Z,155.395,155.8683,155.395,155.7,108965.74950399999
2026-04-27T14:45:00.000Z,155.64,155.75,155.45,155.57,93741.536189
2026-04-27T15:00:00.000Z,155.57,155.765,155.36,155.46,71015.10998999998
2026-04-27T15:15:00.000Z,155.46,155.79,155.3745,155.695,84921.14770899998
2026-04-27T15:30:00.000Z,155.6653,155.86,155.515,155.68,62487.493152
2026-04-27T15:45:00.000Z,155.71,155.7781,155.52,155.53,74322.25110899999
2026-04-27T16:00:00.000Z,155.53,155.67,155.45,155.66,58951.985839000015
2026-04-27T16:15:00.000Z,155.64,155.66,155.44,155.5,56108.18909399999
2026-04-27T16:30:00.000Z,155.48,155.485,155.12,155.15,61103.870797999996
2026-04-27T16:45:00.000Z,155.18,155.345,155.13,155.32,60861.558342
2026-04-27T17:00:00.000Z,155.29,155.355,155.15,155.168,59601.104516
2026-04-27T17:15:00.000Z,155.15,155.195,154.89,154.91,62035.195542
2026-04-27T17:30:00.000Z,154.893,154.91,154.7,154.705,54931.27040799999
2026-04-27T17:45:00.000Z,154.73,154.87,154.6578,154.66,49733.798542000004
2026-04-27T18:00:00.000Z,154.66,154.705,154.52,154.595,47168.36322500001
2026-04-27T18:15:00.000Z,154.53,154.53,154.35,154.465,59069.011620000005
2026-04-27T18:30:00.000Z,154.445,154.545,154.38,154.42,67557.931609
2026-04-27T18:45:00.000Z,154.435,154.55,154.3,154.355,94531.633393
2026-04-27T19:00:00.000Z,154.365,154.365,154.15,154.21,80934.01809900001
2026-04-27T19:15:00.000Z,154.21,154.43,154.06,154.27,139997.29182
2026-04-27T19:30:00.000Z,154.27,154.34,154.14,154.145,98372.78137499999
2026-04-27T19:45:00.000Z,154.145,154.33,154,154.1,397201.047352
2026-04-28T13:30:00.000Z,156.8,156.89,155.76,155.99,275417.80755599996
2026-04-28T13:45:00.000Z,155.99,156.06,155.41,155.7875,112001.140366
2026-04-28T14:00:00.000Z,155.805,155.865,155.36,155.51,86452.155008
2026-04-28T14:15:00.000Z,155.495,156.1699,155.3219,156.1699,85308.169877
2026-04-28T14:30:00.000Z,156.12,156.86,156.03,156.75,133055.88214400003
2026-04-28T14:45:00.000Z,156.72,157.2,156.64,156.9,363620.55983399996
2026-04-28T15:00:00.000Z,156.9,157.37,156.71,157.145,120105.23349099999
2026-04-28T15:15:00.000Z,157.145,157.2772,156.96,157.24,75889.35647500001
2026-04-28T15:30:00.000Z,157.24,157.5,157.2,157.33,86897.76447499999
2026-04-28T15:45:00.000Z,157.36,157.49,157.21,157.37,53513.47573599999
2026-04-28T16:00:00.000Z,157.35,157.61,157.17,157.57,64775.70430599999
2026-04-28T16:15:00.000Z,157.575,158.11,157.52,157.9674,226530.003656
2026-04-28T16:30:00.000Z,157.98,158,157.64,157.652,138890.41258499998
2026-04-28T16:45:00.000Z,157.64,157.7499,157.47,157.57,188809.575655
2026-04-28T17:00:00.000Z,157.58,157.695,157.41,157.67,100544.071188
2026-04-28T17:15:00.000Z,157.6532,157.71,157.2,157.235,82623.317955
2026-04-28T17:30:00.000Z,157.22,157.28,156.94,156.977,73879.56018799999
2026-04-28T17:45:00.000Z,156.965,157.11,156.67,156.71,101964.10611500002
2026-04-28T18:00:00.000Z,156.735,156.795,156.43,156.55,52039.207017
2026-04-28T18:15:00.000Z,156.52,156.52,156.19,156.23,78331.744818
2026-04-28T18:30:00.000Z,156.25,156.34,156.18,156.215,76731.999956
2026-04-28T18:45:00.000Z,156.2,156.29,156.02,156.17,87438.25479
2026-04-28T19:00:00.000Z,156.175,156.43,156.05,156.4,84366.76369200001
2026-04-28T19:15:00.000Z,156.43,156.45,156.1,156.12,108802.39945200001
2026-04-28T19:30:00.000Z,156.11,156.14,155.79,155.97,184666.37920200004
2026-04-28T19:45:00.000Z,155.95,156.345,155.91,156.28,552322.5794020001
2026-04-29T13:30:00.000Z,155.59,156.49,155.25,155.955,188594.15483500005
2026-04-29T13:45:00.000Z,155.955,155.98,155.32,155.39,105002.34319
2026-04-29T14:00:00.000Z,155.425,155.77,154.75,154.87,126211.79626300001
2026-04-29T14:15:00.000Z,154.83,154.88,153.97,153.97,133038.878821
2026-04-29T14:30:00.000Z,153.97,154.26,153.48,153.5184,142808.87145200002
2026-04-29T14:45:00.000Z,153.545,154.48,153.54,154.4285,122157.389253
2026-04-29T15:00:00.000Z,154.42,154.64,154.22,154.51,87391.945509
2026-04-29T15:15:00.000Z,154.51,155.09,154.51,155.0754,76749.73065099999
2026-04-29T15:30:00.000Z,155.075,155.075,154.54,154.63,77432.21225099999
2026-04-29T15:45:00.000Z,154.63,155.25,154.61,155.205,71259.23993399998
2026-04-29T16:00:00.000Z,155.17,155.59,155.15,155.59,80156.615444
2026-04-29T16:15:00.000Z,155.565,156.09,155.53,156.0201,56294.74734
2026-04-29T16:30:00.000Z,156.08,156.25,155.75,155.79,75087.415929
2026-04-29T16:45:00.000Z,155.7995,155.87,155.54,155.54,70705.228215
2026-04-29T17:00:00.000Z,155.54,155.75,155.52,155.66,69707.59162899999
2026-04-29T17:15:00.000Z,155.66,155.67,155.5,155.595,66617.651172
2026-04-29T17:30:00.000Z,155.5701,155.67,155.515,155.59,64369.70969099999
2026-04-29T17:45:00.000Z,155.6,155.76,155.55,155.6,40976.149089000006
2026-04-29T18:00:00.000Z,155.63,155.63,155.39,155.4751,58548.188933
2026-04-29T18:15:00.000Z,155.44,155.4522,155.15,155.275,48648.153819
2026-04-29T18:30:00.000Z,155.27,155.3299,155.19,155.32,64660.251991000005
2026-04-29T18:45:00.000Z,155.28,155.295,154.94,155.13,81637.627267
2026-04-29T19:00:00.000Z,155.12,155.255,154.89,155.235,96610.51357799998
2026-04-29T19:15:00.000Z,155.24,155.475,155.12,155.25,93828.99568400001
2026-04-29T19:30:00.000Z,155.23,155.441,155.08,155.41,118295.27187699999
2026-04-29T19:45:00.000Z,155.395,155.45,155.067,155.28,457959.9141249999
2026-04-30T13:30:00.000Z,155.98,157.76,155.28,157.235,338118.61323799996
2026-04-30T13:45:00.000Z,157.235,157.87,157,157.64,235062.515607
2026-04-30T14:00:00.000Z,157.73,157.995,157.225,157.74,155609.42030400003
2026-04-30T14:15:00.000Z,157.88,158.61,157.87,158.34,146420.713163
2026-04-30T14:30:00.000Z,158.365,158.77,158.191,158.52,130343.59979200001
2026-04-30T14:45:00.000Z,158.52,158.55,158.08,158.11,157209.41349900002
2026-04-30T15:00:00.000Z,158.2,158.2,157.41,157.465,105546.38624899997
2026-04-30T15:15:00.000Z,157.41,157.825,157.34,157.7,122550.94624599999
2026-04-30T15:30:00.000Z,157.74,158,157.6,157.81,117179.51377599998
2026-04-30T15:45:00.000Z,157.87,157.8725,157.49,157.58,118546.80826800001
2026-04-30T16:00:00.000Z,157.595,157.64,157.41,157.4525,113872.426642
2026-04-30T16:15:00.000Z,157.45,158.0299,157.4213,157.91,122174.39438699998
2026-04-30T16:30:00.000Z,157.91,158.3,157.82,158.2094,147154.206126
2026-04-30T16:45:00.000Z,158.2,158.5,158.04,158.44,114207.79063199999
2026-04-30T17:00:00.000Z,158.42,158.4253,158.235,158.29,77846.46976099999
2026-04-30T17:15:00.000Z,158.32,158.36,157.9,157.925,104980.16844900002
2026-04-30T17:30:00.000Z,157.96,158.1,157.79,157.81,107804.02998600002
2026-04-30T17:45:00.000Z,157.81,158.1,157.77,157.96,110818.197575
2026-04-30T18:00:00.000Z,157.955,158.22,157.81,158.132,97569.62684300002
2026-04-30T18:15:00.000Z,158.145,158.2,158.01,158.08,88803.25378100002
2026-04-30T18:30:00.000Z,158.1,158.36,158.08,158.27,87158.245769
2026-04-30T18:45:00.000Z,158.26,158.49,158.24,158.27,75805.186238
2026-04-30T19:00:00.000Z,158.28,158.33,158.1,158.275,87731.606415
2026-04-30T19:15:00.000Z,158.28,158.37,158.06,158.37,104948.026162
2026-04-30T19:30:00.000Z,158.36,158.59,158.1601,158.53,143930.901497
2026-04-30T19:45:00.000Z,158.51,159,158.4,158.49,828194.723785
2026-05-01T13:30:00.000Z,159.55,159.97,158.84,159.475,238249.14124100003
2026-05-01T13:45:00.000Z,159.47,160,159.1105,159.23,151487.314389
2026-05-01T14:00:00.000Z,159.225,159.525,159.045,159.3,102854.25188600003
2026-05-01T14:15:00.000Z,159.3,159.49,158.93,159.0699,96127.570559
2026-05-01T14:30:00.000Z,159.07,159.7551,159.06,159.24,112073.618797
2026-05-01T14:45:00.000Z,159.24,159.35,158.97,159.155,88095.557145
2026-05-01T15:00:00.000Z,159.155,159.445,159.06,159.19,109713.91417899998
2026-05-01T15:15:00.000Z,159.17,159.19,158.865,158.945,88492.102912
2026-05-01T15:30:00.000Z,158.96,159.15,158.725,158.86,89043.641212
2026-05-01T15:45:00.000Z,158.93,158.93,158.6,158.6,97109.14272999999
2026-05-01T16:00:00.000Z,158.62,158.67,158.37,158.4,89672.228681
2026-05-01T16:15:00.000Z,158.44,158.69,158.34,158.56,82486.03951799999
2026-05-01T16:30:00.000Z,158.555,158.68,158.42,158.57,105455.418688
2026-05-01T16:45:00.000Z,158.52,158.54,158.08,158.125,80019.12070999999
2026-05-01T17:00:00.000Z,158.09,158.16,157.58,157.69,133216.30363
2026-05-01T17:15:00.000Z,157.69,157.73,157.4101,157.585,120110.85734700003
2026-05-01T17:30:00.000Z,157.54,157.735,157.28,157.28,103639.08385000001
2026-05-01T17:45:00.000Z,157.265,157.28,157,157,149720.179884
2026-05-01T18:00:00.000Z,157.0799,157.085,156.7101,156.72,106658.45218800002
2026-05-01T18:15:00.000Z,156.7325,156.865,156.54,156.57,78146.69600099999
2026-05-01T18:30:00.000Z,156.585,156.84,156.43,156.795,93421.47430899998
2026-05-01T18:45:00.000Z,156.79,157.195,156.79,157.12,100588.787611
2026-05-01T19:00:00.000Z,157.125,157.58,157.085,157.56,132728.680136
2026-05-01T19:15:00.000Z,157.57,157.86,157.49,157.775,108215.91243799998
2026-05-01T19:30:00.000Z,157.75,157.77,157.39,157.575,170338.036394
2026-05-01T19:45:00.000Z,157.55,157.95,157.34,157.41,597098.521216
2026-05-04T13:30:00.000Z,155.9,156.4,155.4181,156.01,179849.913176
2026-05-04T13:45:00.000Z,156.0713,156.5862,155.925,156.41,85773.907866
2026-05-04T14:00:00.000Z,156.48,156.62,156.32,156.4635,89207.556696
2026-05-04T14:15:00.000Z,156.495,156.73,156.3,156.52,92383.339962
2026-05-04T14:30:00.000Z,156.57,156.62,155.96,155.96,67979.62159099999
2026-05-04T14:45:00.000Z,155.95,155.98,155.53,155.97,91576.732482
2026-05-04T15:00:00.000Z,156,156.14,155.56,155.8,89861.01251500001
2026-05-04T15:15:00.000Z,155.815,156.41,155.75,155.77,98907.98294100001
2026-05-04T15:30:00.000Z,155.76,156.56,155.715,156.27,80855.93959700002
2026-05-04T15:45:00.000Z,156.23,156.2512,155.54,155.59,63492.37232299999
2026-05-04T16:00:00.000Z,155.55,155.84,155.38,155.42,115844.736288
2026-05-04T16:15:00.000Z,155.425,155.62,155.0801,155.11,106806.76117099999
2026-05-04T16:30:00.000Z,155.115,155.35,155.01,155.135,76593.19870000001
2026-05-04T16:45:00.000Z,155.115,155.18,154.52,154.575,103945.98945199998
2026-05-04T17:00:00.000Z,154.6,154.7178,154.51,154.5101,81094.58183899999
2026-05-04T17:15:00.000Z,154.535,154.8299,154.51,154.76,86153.72412800002
2026-05-04T17:30:00.000Z,154.76,154.8,154.42,154.5191,93891.209914
2026-05-04T17:45:00.000Z,154.465,154.57,154.39,154.52,92543.729766
2026-05-04T18:00:00.000Z,154.535,154.66,154.4,154.475,75252.30895800001
2026-05-04T18:15:00.000Z,154.475,154.515,153.96,153.96,105700.724616
2026-05-04T18:30:00.000Z,153.95,154.02,153.78,153.965,73230.77223399999
2026-05-04T18:45:00.000Z,153.94,154.04,153.7,153.76,108423.537179
2026-05-04T19:00:00.000Z,153.755,154.07,153.665,153.98,159990.67952500004
2026-05-04T19:15:00.000Z,154.0016,154.32,153.83,154.17,132173.798704
2026-05-04T19:30:00.000Z,154.15,154.17,153.771,153.98,170321.78525699998
2026-05-04T19:45:00.000Z,153.975,154.64,153.875,154.59,641436.450803
2026-05-05T13:30:00.000Z,154.05,154.5528,153.045,153.075,268049.04865600006
2026-05-05T13:45:00.000Z,153.08,153.44,152.54,153.44,249628.00853599998
2026-05-05T14:00:00.000Z,153.42,154,153.05,154,220031.221396
2026-05-05T14:15:00.000Z,154.08,154.31,153.87,154.07,146368.03105400002
2026-05-05T14:30:00.000Z,154.07,154.31,153.92,154.29,331130.923615
2026-05-05T14:45:00.000Z,154.39,154.49,154.03,154.15,102352.926302
2026-05-05T15:00:00.000Z,154.2,154.53,154.15,154.29,107492.08366100001
2026-05-05T15:15:00.000Z,154.29,154.51,154.21,154.5099,76983.37331000001
2026-05-05T15:30:00.000Z,154.47,154.54,154.36,154.49,72958.970455
2026-05-05T15:45:00.000Z,154.515,154.9019,154.45,154.84,69655.179112
2026-05-05T16:00:00.000Z,154.83,154.94,154.765,154.93,84413.29660999998
2026-05-05T16:15:00.000Z,154.93,155.16,154.81,155.11,73594.55301099998
2026-05-05T16:30:00.000Z,155.12,155.3,154.94,154.955,57916.502240999995
2026-05-05T16:45:00.000Z,154.9765,155.04,154.85,154.96,61978.596063
2026-05-05T17:00:00.000Z,154.945,155.06,154.92,154.99,62657.114014000006
2026-05-05T17:15:00.000Z,154.99,155.19,154.9552,155.175,59615.616448
2026-05-05T17:30:00.000Z,155.22,155.33,155.11,155.26,76134.330722
2026-05-05T17:45:00.000Z,155.25,155.4,155.14,155.37,74039.300716
2026-05-05T18:00:00.000Z,155.4,155.53,155.2401,155.525,74933.997241
2026-05-05T18:15:00.000Z,155.53,155.99,155.53,155.98,72151.69004999999
2026-05-05T18:30:00.000Z,155.98,156.09,155.75,155.835,113891.58623599999
2026-05-05T18:45:00.000Z,155.84,156.21,155.84,156.13,89512.90634
2026-05-05T19:00:00.000Z,156.13,156.13,155.955,156.06,106951.39707699999
2026-05-05T19:15:00.000Z,156.055,156.31,155.97,156.1825,101859.14181900001
2026-05-05T19:30:00.000Z,156.19,156.19,155.7399,155.8,112904.273407
2026-05-05T19:45:00.000Z,155.79,155.8,154.99,155.04,602793.417497
2026-05-06T13:30:00.000Z,155.8,156.3,155.5174,156.05,200724.81997599997
2026-05-06T13:45:00.000Z,155.97,156.34,155.91,156.175,116890.118221
2026-05-06T14:00:00.000Z,156.25,156.8,155.91,155.98,117153.01543300001
2026-05-06T14:15:00.000Z,156.01,156.9277,156.01,156.495,120180.044433
2026-05-06T14:30:00.000Z,156.4401,156.67,155.8,155.975,125281.235975
2026-05-06T14:45:00.000Z,155.94,155.9699,155.32,155.495,84351.87385099998
2026-05-06T15:00:00.000Z,155.495,155.819,155.145,155.2,111367.88841799999
2026-05-06T15:15:00.000Z,155.14,155.25,154.865,155.24,101569.102297
2026-05-06T15:30:00.000Z,155.245,155.28,155.03,155.09,86401.00427100001
2026-05-06T15:45:00.000Z,155.08,155.355,155.07,155.21,58956.890875
2026-05-06T16:00:00.000Z,155.235,155.28,155.045,155.1182,58480.577462
2026-05-06T16:15:00.000Z,155.1,155.48,155.06,155.435,49142.176011
2026-05-06T16:30:00.000Z,155.42,155.555,155.295,155.42,60874.92200800001
2026-05-06T16:45:00.000Z,155.45,155.59,155.27,155.27,75463.147317
2026-05-06T17:00:00.000Z,155.24,155.425,155.11,155.375,46759.664206
2026-05-06T17:15:00.000Z,155.35,155.585,155.28,155.56,53127.260925
2026-05-06T17:30:00.000Z,155.6,155.86,155.58,155.67,47366.55797799999
2026-05-06T17:45:00.000Z,155.68,156.17,155.68,156.155,59421.01713400001
2026-05-06T18:00:00.000Z,156.16,156.1936,155.93,155.99,81781.99323700002
2026-05-06T18:15:00.000Z,155.98,156.2,155.9401,156.03,61854.846213000004
2026-05-06T18:30:00.000Z,156.05,156.075,155.75,155.91,60089.29562499999
2026-05-06T18:45:00.000Z,155.88,156.12,155.83,156.105,64264.663024
2026-05-06T19:00:00.000Z,156.08,156.58,156.05,156.48,105994.62306699998
2026-05-06T19:15:00.000Z,156.48,156.53,156.34,156.47,107571.195374
2026-05-06T19:30:00.000Z,156.44,156.44,156.15,156.199,145028.025661
2026-05-06T19:45:00.000Z,156.18,156.31,155.85,155.91,896912.9392619999
2026-05-07T13:30:00.000Z,155.01,155.79,154.92,155.57,175869.48232
2026-05-07T13:45:00.000Z,155.53,156,155.46,155.77,103631.23360000002
2026-05-07T14:00:00.000Z,155.7,155.9074,155.33,155.355,85150.02477499998
2026-05-07T14:15:00.000Z,155.4,155.44,154.88,154.985,107370.660384
2026-05-07T14:30:00.000Z,154.9644,155.34,154.9,155.34,127764.75444699998
2026-05-07T14:45:00.000Z,155.35,155.94,155.215,155.94,81914.860536
2026-05-07T15:00:00.000Z,155.96,156.25,155.72,155.92,84509.794104
2026-05-07T15:15:00.000Z,155.92,156.01,155.77,155.945,54389.63643500001
2026-05-07T15:30:00.000Z,155.93,156.03,155.62,155.635,99735.134321
2026-05-07T15:45:00.000Z,155.635,156.295,155.54,156.22,84185.824004
2026-05-07T16:00:00.000Z,156.2,156.54,156.05,156.53,83499.958787
2026-05-07T16:15:00.000Z,156.54,156.98,156.54,156.66,89491.79729900001
2026-05-07T16:30:00.000Z,156.64,156.74,156.48,156.66,66500.606789
2026-05-07T16:45:00.000Z,156.72,156.76,156.51,156.53,60154.557080000006
2026-05-07T17:00:00.000Z,156.51,157.18,156.45,157.1755,82612.481572
2026-05-07T17:15:00.000Z,157.2,157.33,156.73,156.75,90643.36884000001
2026-05-07T17:30:00.000Z,156.77,156.8,156.24,156.24,123458.974447
2026-05-07T17:45:00.000Z,156.2553,156.47,156.19,156.26,66076.874379
2026-05-07T18:00:00.000Z,156.23,156.71,156.09,156.66,86827.370917
2026-05-07T18:15:00.000Z,156.64,157.2,156.59,157.055,147458.010267
2026-05-07T18:30:00.000Z,157.055,157.055,156.65,156.87,132665.151941
2026-05-07T18:45:00.000Z,156.87,157.14,156.8,157.14,71758.20596799998
2026-05-07T19:00:00.000Z,157.125,157.35,156.965,157.18,82861.291155
2026-05-07T19:15:00.000Z,157.15,157.15,156.8,157.065,122634.67865199999
2026-05-07T19:30:00.000Z,157.06,157.06,156.63,156.83,126203.09828799998
2026-05-07T19:45:00.000Z,156.83,157.01,156.21,156.26,505643.612097
2026-05-08T13:30:00.000Z,156.75,157.3,155.36,156,190298.974225
2026-05-08T13:45:00.000Z,155.92,156.29,155.64,156.07,80876.35479499999
2026-05-08T14:00:00.000Z,156.14,156.2,155.38,155.875,126937.336798
2026-05-08T14:15:00.000Z,155.875,156.43,155.62,156.395,133070.769236
2026-05-08T14:30:00.000Z,156.35,156.4,156,156.06,100008.09201500002
2026-05-08T14:45:00.000Z,156.055,156.2,155.41,155.51,76966.894163
2026-05-08T15:00:00.000Z,155.5,155.5899,155,155.46,121593.035039
2026-05-08T15:15:00.000Z,155.47,155.92,155.47,155.75,57896.546964
2026-05-08T15:30:00.000Z,155.755,156.24,155.54,156.24,81895.873608
2026-05-08T15:45:00.000Z,156.24,156.45,156.15,156.45,58543.009231
2026-05-08T16:00:00.000Z,156.42,156.42,156.15,156.175,47158.095059
2026-05-08T16:15:00.000Z,156.2047,156.2835,155.9,155.97,77321.83642899999
2026-05-08T16:30:00.000Z,155.985,156.31,155.85,156.255,65159.687840000006
2026-05-08T16:45:00.000Z,156.3,156.3259,155.84,155.9,60547.26578499999
2026-05-08T17:00:00.000Z,155.9,156.04,155.77,155.8,75759.628289
2026-05-08T17:15:00.000Z,155.83,155.8593,155.42,155.625,60182.129242
2026-05-08T17:30:00.000Z,155.61,155.945,155.56,155.92,46188.918097
2026-05-08T17:45:00.000Z,155.935,156.05,155.88,156.0299,44484.602079000004
2026-05-08T18:00:00.000Z,155.97,156.05,155.51,155.515,52331.784867999995
2026-05-08T18:15:00.000Z,155.54,155.63,155.1645,155.205,54844.180223
2026-05-08T18:30:00.000Z,155.24,155.37,155,155.07,72709.347019
2026-05-08T18:45:00.000Z,155.05,155.13,154.74,154.93,101358.09066599999
2026-05-08T19:00:00.000Z,154.93,154.9359,154.61,154.64,112868.98237299999
2026-05-08T19:15:00.000Z,154.64,155.08,154.625,154.985,135794.440335
2026-05-08T19:30:00.000Z,154.973,155.193,154.94,155.13,133389.516362
2026-05-08T19:45:00.000Z,155.16,155.2,154.38,154.6,717173.5518509999
2026-05-11T13:30:00.000Z,154.39,154.7,151.485,151.6,378097.92444800015
2026-05-11T13:45:00.000Z,151.605,151.87,150.975,151.7,377108.593058
2026-05-11T14:00:00.000Z,151.7,151.78,151.09,151.59,284159.59384299995
2026-05-11T14:15:00.000Z,151.63,152.23,151.33,152.175,198197.173454
2026-05-11T14:30:00.000Z,152.18,152.37,150.56,150.65,215575.60966199997
2026-05-11T14:45:00.000Z,150.65,151.02,150.65,150.785,160698.542617
2026-05-11T15:00:00.000Z,150.81,150.86,150.13,150.494,209938.878279
2026-05-11T15:15:00.000Z,150.46,150.59,150.19,150.19,174905.66900099997
2026-05-11T15:30:00.000Z,150.165,150.33,149.77,149.89,232325.545175
2026-05-11T15:45:00.000Z,149.91,149.995,149.52,149.52,135591.859483
2026-05-11T16:00:00.000Z,149.53,149.9344,149.53,149.69,170304.15923100003
2026-05-11T16:15:00.000Z,149.72,149.9763,149.57,149.615,157005.18230000001
2026-05-11T16:30:00.000Z,149.615,150.11,149.415,150.1,223468.090915
2026-05-11T16:45:00.000Z,150.06,150.23,149.59,149.59,126647.514432
2026-05-11T17:00:00.000Z,149.6,150.14,149.45,149.985,127480.82284899999
2026-05-11T17:15:00.000Z,149.975,150.2,149.9,149.945,114463.20914499999
2026-05-11T17:30:00.000Z,149.9669,150.42,149.96,150.36,149360.563401
2026-05-11T17:45:00.000Z,150.33,150.35,150.07,150.15,107475.527213
2026-05-11T18:00:00.000Z,150.17,150.425,149.94,150.005,145299.216239
2026-05-11T18:15:00.000Z,150.005,150.31,149.94,150.07,140965.12412
2026-05-11T18:30:00.000Z,150.02,150.15,149.61,149.695,154410.311034
2026-05-11T18:45:00.000Z,149.64,149.6651,149.21,149.35,182852.38888700004
2026-05-11T19:00:00.000Z,149.335,149.37,149.06,149.27,190631.639611
2026-05-11T19:15:00.000Z,149.24,150.05,149.21,150.03,215420.64840099995
2026-05-11T19:30:00.000Z,150.03,150.03,149.35,149.55,297176.500809
2026-05-11T19:45:00.000Z,149.55,149.7301,149.15,149.41,720664.1631999998
2026-05-12T13:30:00.000Z,150.54,150.79,148.7999,148.88,287653.81350100006
2026-05-12T13:45:00.000Z,148.88,149.89,148.355,149.825,213987.73651200003
2026-05-12T14:00:00.000Z,149.78,149.85,149.2101,149.6,194606.71264600003
2026-05-12T14:15:00.000Z,149.6,150.89,149.41,150.81,175375.093871
2026-05-12T14:30:00.000Z,150.845,151.1599,150.54,150.95,259599.259136
2026-05-12T14:45:00.000Z,150.98,151.45,150.8,151.38,146837.018339
2026-05-12T15:00:00.000Z,151.33,151.5899,151.15,151.505,133971.305417
2026-05-12T15:15:00.000Z,151.56,151.88,151.44,151.565,169332.670646
2026-05-12T15:30:00.000Z,151.51,151.54,151.05,151.39,101489.07886299999
2026-05-12T15:45:00.000Z,151.39,151.908,151.2801,151.79,117885.046854
2026-05-12T16:00:00.000Z,151.815,151.91,151.33,151.36,77394.655717
2026-05-12T16:15:00.000Z,151.37,152.1,151.37,152.02,111087.586117
2026-05-12T16:30:00.000Z,152.05,152.62,151.91,152.39,116261.852968
2026-05-12T16:45:00.000Z,152.435,152.61,152.34,152.59,91990.01245600001
2026-05-12T17:00:00.000Z,152.54,152.72,152.15,152.185,86789.717008
2026-05-12T17:15:00.000Z,152.185,152.25,151.9,152.16,84337.189783
2026-05-12T17:30:00.000Z,152.08,152.16,151.84,152.04,83435.25555399999
2026-05-12T17:45:00.000Z,152.04,152.15,151.81,151.855,64363.554744
2026-05-12T18:00:00.000Z,151.855,151.96,151.69,151.69,92267.037726
2026-05-12T18:15:00.000Z,151.76,151.93,151.69,151.84,87582.87585799998
2026-05-12T18:30:00.000Z,151.88,152.16,151.71,152.16,73610.91779799998
2026-05-12T18:45:00.000Z,152.16,152.34,152.0301,152.29,89444.657427
2026-05-12T19:00:00.000Z,152.25,152.25,151.8,151.97,110781.90621799999
2026-05-12T19:15:00.000Z,151.945,152.07,151.73,152.0492,134531.159009
2026-05-12T19:30:00.000Z,152.035,152.0399,151.6202,151.785,137427.60222
2026-05-12T19:45:00.000Z,151.78,152.13,151.74,151.92,641573.1423579999
2026-05-13T13:30:00.000Z,150.69,152.5,150.69,152.484,247852.73638400002
2026-05-13T13:45:00.000Z,152.52,153.24,152.07,152.3475,158715.11083700001
2026-05-13T14:00:00.000Z,152.34,152.34,151.69,151.74,155112.76197399996
2026-05-13T14:15:00.000Z,151.765,151.83,150.4201,150.615,129858.57200100001
2026-05-13T14:30:00.000Z,150.57,150.57,149.575,149.6,132261.87605999998
2026-05-13T14:45:00.000Z,149.62,149.9,149.46,149.775,154907.987335
2026-05-13T15:00:00.000Z,149.75,149.9,149.28,149.61,132682.72460600003
2026-05-13T15:15:00.000Z,149.57,149.93,149.34,149.7,150860.06079100003
2026-05-13T15:30:00.000Z,149.66,149.74,149.3312,149.54,122354.043081
2026-05-13T15:45:00.000Z,149.57,150.04,149.35,149.79,116020.18016599999
2026-05-13T16:00:00.000Z,149.775,149.775,149.3903,149.425,69399.01136799999
2026-05-13T16:15:00.000Z,149.41,149.67,149.39,149.49,70894.09180200001
2026-05-13T16:30:00.000Z,149.47,149.725,149.39,149.68,95266.088776
2026-05-13T16:45:00.000Z,149.68,149.795,149.38,149.38,97652.589903
2026-05-13T17:00:00.000Z,149.35,149.63,149.2,149.42,74107.928997
2026-05-13T17:15:00.000Z,149.42,149.575,149.3018,149.435,64746.717755
2026-05-13T17:30:00.000Z,149.43,149.6,149.43,149.4515,70466.18707700001
2026-05-13T17:45:00.000Z,149.45,149.655,149.37,149.59,83590.202794
2026-05-13T18:00:00.000Z,149.62,149.62,149.2,149.215,110146.50106
2026-05-13T18:15:00.000Z,149.24,149.38,148.975,149.06,140153.71869200002
2026-05-13T18:30:00.000Z,149.02,149.2,148.96,149.16,131725.74027500002
2026-05-13T18:45:00.000Z,149.15,149.535,149.13,149.484,153122.281455
2026-05-13T19:00:00.000Z,149.48,149.55,149.23,149.53,172163.012624
2026-05-13T19:15:00.000Z,149.525,149.67,149.345,149.63,118179.15578099998
2026-05-13T19:30:00.000Z,149.63,149.65,149.34,149.48,182908.89901599998
2026-05-13T19:45:00.000Z,149.48,149.48,149.07,149.26,721861.25338
2026-05-14T13:30:00.000Z,149.5,149.99,149.26,149.53,195221.33326699995
2026-05-14T13:45:00.000Z,149.525,149.99,149.17,149.885,121971.598117
2026-05-14T14:00:00.000Z,149.79,149.88,149.34,149.4,146157.98959200003
2026-05-14T14:15:00.000Z,149.3861,149.61,149.01,149.555,129268.07589899999
2026-05-14T14:30:00.000Z,149.555,149.72,149.38,149.62,151161.60428600005
2026-05-14T14:45:00.000Z,149.64,149.77,149.43,149.665,120383.04945499999
2026-05-14T15:00:00.000Z,149.63,149.69,149.07,149.1205,103864.337654
2026-05-14T15:15:00.000Z,149.15,149.53,149.11,149.435,106605.05333600001
2026-05-14T15:30:00.000Z,149.42,149.5442,149.25,149.44,158617.828262
2026-05-14T15:45:00.000Z,149.43,149.85,149.37,149.83,97399.65414599999
2026-05-14T16:00:00.000Z,149.8,149.8,149.46,149.47,61116.464198999995
2026-05-14T16:15:00.000Z,149.49,149.625,149.35,149.3601,94834.943149
2026-05-14T16:30:00.000Z,149.37,149.39,149.1001,149.18,134710.245934
2026-05-14T16:45:00.000Z,149.18,149.305,149.08,149.28,71795.738633
2026-05-14T17:00:00.000Z,149.3,149.44,149.16,149.42,78002.56255100001
2026-05-14T17:15:00.000Z,149.44,149.47,149.15,149.28,135571.772998
2026-05-14T17:30:00.000Z,149.295,149.4,149.15,149.17,90615.28589599999
2026-05-14T17:45:00.000Z,149.17,149.27,148.82,148.865,134733.081753
2026-05-14T18:00:00.000Z,148.85,148.94,148.49,148.55,121502.64037800001
2026-05-14T18:15:00.000Z,148.56,148.68,148.46,148.515,110347.012368
2026-05-14T18:30:00.000Z,148.49,148.52,148.32,148.47,78590.203744
2026-05-14T18:45:00.000Z,148.46,148.52,148.21,148.37,139743.06962800003
2026-05-14T19:00:00.000Z,148.34,148.67,148.15,148.57,171248.54502700001
2026-05-14T19:15:00.000Z,148.59,148.59,148.23,148.35,132892.25983499998
2026-05-14T19:30:00.000Z,148.345,148.67,148.32,148.585,206111.09541900002
2026-05-14T19:45:00.000Z,148.56,148.67,148.39,148.66,519430.43790699996
2026-05-15T13:30:00.000Z,149.56,150.11,149.06,149.25,744789.1929680002
2026-05-15T13:45:00.000Z,149.275,149.71,148.9,149.49,132863.924446
2026-05-15T14:00:00.000Z,149.36,149.45,148.38,148.48,161221.24696199998
2026-05-15T14:15:00.000Z,148.49,149,148.19,148.935,130397.57137400002
2026-05-15T14:30:00.000Z,148.91,149.29,148.66,148.66,118093.265951
2026-05-15T14:45:00.000Z,148.6951,149.1999,148.65,148.99,77452.45768699999
2026-05-15T15:00:00.000Z,148.99,149.495,148.99,149.36,300666.63052299997
2026-05-15T15:15:00.000Z,149.365,149.395,149.02,149.2,152053.62850600004
2026-05-15T15:30:00.000Z,149.21,149.27,148.64,148.665,112426.652845
2026-05-15T15:45:00.000Z,148.66,149.25,148.645,149.19,334761.45290000003
2026-05-15T16:00:00.000Z,149.215,149.537,149.17,149.45,110051.26447899999
2026-05-15T16:15:00.000Z,149.465,149.64,149.26,149.425,67889.858338
2026-05-15T16:30:00.000Z,149.4,149.82,149.3,149.66,81994.201785
2026-05-15T16:45:00.000Z,149.64,149.7527,149.34,149.375,111870.91162
2026-05-15T17:00:00.000Z,149.385,149.56,149.31,149.335,107068.250642
2026-05-15T17:15:00.000Z,149.325,149.435,149.185,149.19,61382.60978100001
2026-05-15T17:30:00.000Z,149.17,149.17,148.76,148.88,160135.712687
2026-05-15T17:45:00.000Z,148.9,149.005,148.75,148.845,83596.08596699999
2026-05-15T18:00:00.000Z,148.825,148.99,148.75,148.98,81394.819243
2026-05-15T18:15:00.000Z,149,149.425,148.98,149.42,128761.66573800001
2026-05-15T18:30:00.000Z,149.45,149.4695,149.03,149.205,69016.30412500001
2026-05-15T18:45:00.000Z,149.22,149.26,149.0901,149.17,81470.876653
2026-05-15T19:00:00.000Z,149.16,149.16,148.87,148.875,61745.432388999994
2026-05-15T19:15:00.000Z,148.85,149.09,148.8,148.98,126356.98710299999
2026-05-15T19:30:00.000Z,149,149.05,148.735,148.785,186576.990442
2026-05-15T19:45:00.000Z,148.785,149.1678,148.7,149.12,784762.5390369999
2026-05-18T13:30:00.000Z,149.99,150.12,148.46,149.35,373116.45442400005
2026-05-18T13:45:00.000Z,149.36,149.8275,148.76,149.425,228884.489302
2026-05-18T14:00:00.000Z,149.53,149.88,148.66,148.83,194373.199384
2026-05-18T14:15:00.000Z,148.815,149.5867,148.54,149.5867,156412.74883199998
2026-05-18T14:30:00.000Z,149.51,149.84,148.9023,149.02,200477.737134
2026-05-18T14:45:00.000Z,148.98,149.57,148.9101,149.205,163149.74676699998
2026-05-18T15:00:00.000Z,149.21,149.25,148.53,148.635,179406.22172
2026-05-18T15:15:00.000Z,148.645,148.97,148.53,148.75,156810.18993300002
2026-05-18T15:30:00.000Z,148.69,148.7436,148.04,148.33,206554.75071300002
2026-05-18T15:45:00.000Z,148.29,148.4581,148.12,148.37,150213.051825
2026-05-18T16:00:00.000Z,148.34,148.91,148.34,148.64,184831.619718
2026-05-18T16:15:00.000Z,148.64,148.89,148.38,148.59,166949.528821
2026-05-18T16:30:00.000Z,148.6099,148.6791,148.095,148.1,162086.19578799998
2026-05-18T16:45:00.000Z,148.1001,148.36,147.6,147.61,160745.091547
2026-05-18T17:00:00.000Z,147.605,148.3399,147.48,148.32,156218.024346
2026-05-18T17:15:00.000Z,148.3,148.6,148.25,148.31,157310.66651000004
2026-05-18T17:30:00.000Z,148.31,148.45,148.03,148.155,137390.671558
2026-05-18T17:45:00.000Z,148.145,148.46,148.11,148.23,126432.939887
2026-05-18T18:00:00.000Z,148.26,148.315,147.95,148.08,125280.225498
2026-05-18T18:15:00.000Z,148.05,148.285,147.98,148.18,186872.02625
2026-05-18T18:30:00.000Z,148.2,148.5,148.1,148.47,160687.38462499998
2026-05-18T18:45:00.000Z,148.45,148.61,148.165,148.17,184044.11346
2026-05-18T19:00:00.000Z,148.17,148.64,147.97,148.54,295612.089445
2026-05-18T19:15:00.000Z,148.53,148.78,148.48,148.68,417781.41580500006
2026-05-18T19:30:00.000Z,148.7,149.22,148.525,149.19,492109.145732
2026-05-18T19:45:00.000Z,149.17,149.49,148.94,149.05,977198.7982109999
2026-05-19T13:30:00.000Z,150.3,150.3,148.97,149.8279,382084.8091080001
2026-05-19T13:45:00.000Z,149.865,151.3073,149.85,150.91,221860.178789
2026-05-19T14:00:00.000Z,150.83,151.56,150.49,151.56,734734.0980629999
2026-05-19T14:15:00.000Z,151.5325,152.11,151.48,151.87,263452.251628
2026-05-19T14:30:00.000Z,151.78,152.45,151.6401,152.45,185098.067849
2026-05-19T14:45:00.000Z,152.45,152.57,151.5,151.76,204416.92638999998
2026-05-19T15:00:00.000Z,151.76,151.865,150.99,151.02,187810.42468599998
2026-05-19T15:15:00.000Z,150.99,151.2699,150.87,151.085,131691.499251
2026-05-19T15:30:00.000Z,151.0875,151.17,150.6,150.63,115854.24222700001
2026-05-19T15:45:00.000Z,150.63,151.2,150.57,150.87,123035.28534799999
2026-05-19T16:00:00.000Z,150.84,150.94,150.675,150.925,111314.981892
2026-05-19T16:15:00.000Z,150.89,150.97,150.12,150.31,263719.91376599995
2026-05-19T16:30:00.000Z,150.31,150.715,150.225,150.545,187428.796293
2026-05-19T16:45:00.000Z,150.52,150.71,150.2,150.23,136320.303406
2026-05-19T17:00:00.000Z,150.265,150.265,149.85,149.85,92345.10766600001
2026-05-19T17:15:00.000Z,149.83,149.98,149.61,149.7,114314.578575
2026-05-19T17:30:00.000Z,149.7,149.76,149.52,149.66,130785.29143299999
2026-05-19T17:45:00.000Z,149.68,150.06,149.64,149.73,111219.080604
2026-05-19T18:00:00.000Z,149.7,149.75,149.58,149.7,97071.238318
2026-05-19T18:15:00.000Z,149.705,149.9,149.53,149.5834,114034.79918300002
2026-05-19T18:30:00.000Z,149.58,149.745,149.47,149.545,104466.74177300002
2026-05-19T18:45:00.000Z,149.54,149.62,149.3,149.315,113478.553952
2026-05-19T19:00:00.000Z,149.315,149.605,149.23,149.39,155016.641704
2026-05-19T19:15:00.000Z,149.38,149.68,149.3,149.6,149715.41649499998
2026-05-19T19:30:00.000Z,149.61,149.97,149.595,149.89,323336.8827779999
2026-05-19T19:45:00.000Z,149.88,150.47,149.83,150.35,1019687.893794
2026-05-20T13:30:00.000Z,149.57,150.51,149.17,149.27,263941.916321
2026-05-20T13:45:00.000Z,149.255,150.53,149.085,149.93,106612.18225799999
2026-05-20T14:00:00.000Z,149.81,149.81,148.39,148.505,270904.536822
2026-05-20T14:15:00.000Z,148.54,149.9,148.45,149.64,185381.79923499995
2026-05-20T14:30:00.000Z,149.66,150.44,149.63,150.12,120055.93979899999
2026-05-20T14:45:00.000Z,150.12,150.36,149.99,150.27,254117.92867400002
2026-05-20T15:00:00.000Z,150.25,150.53,150.11,150.3101,149507.275926
2026-05-20T15:15:00.000Z,150.375,150.65,150.28,150.53,163384.069989
2026-05-20T15:30:00.000Z,150.52,150.58,150.275,150.42,118885.54725099998
2026-05-20T15:45:00.000Z,150.42,150.44,149.87,150.0585,165244.854441
2026-05-20T16:00:00.000Z,150.05,150.17,149.88,150.11,91562.910044
2026-05-20T16:15:00.000Z,150.09,150.43,149.99,150.06,92106.671172
2026-05-20T16:30:00.000Z,150.02,150.2,149.93,150.03,81116.80828299999
2026-05-20T16:45:00.000Z,150.05,150.2,149.9,149.93,92933.08536400001
2026-05-20T17:00:00.000Z,149.95,150.03,149.77,149.795,86111.453183
2026-05-20T17:15:00.000Z,149.8,150.05,149.74,149.81,100032.669362
2026-05-20T17:30:00.000Z,149.77,149.9,149.6,149.82,123740.49815
2026-05-20T17:45:00.000Z,149.73,149.78,148.89,148.955,263566.506642
2026-05-20T18:00:00.000Z,148.955,149.0899,148.75,149.03,173942.822715
2026-05-20T18:15:00.000Z,149.03,149.21,148.97,148.97,108688.80855300002
2026-05-20T18:30:00.000Z,149.0058,149.37,148.91,149.12,134748.611944
2026-05-20T18:45:00.000Z,149.105,149.71,148.995,149.63,254748.328102
2026-05-20T19:00:00.000Z,149.67,149.78,149.41,149.49,169050.04268700004
2026-05-20T19:15:00.000Z,149.485,149.625,149.235,149.28,197197.085446
2026-05-20T19:30:00.000Z,149.29,149.63,149.23,149.585,263943.265074
2026-05-20T19:45:00.000Z,149.56,149.84,149.23,149.29,814632.33529
2026-05-21T13:30:00.000Z,149.29,149.67,146.38,146.65,418239.142209
2026-05-21T13:45:00.000Z,146.5,147.8729,146.43,147.77,164544.674921
2026-05-21T14:00:00.000Z,147.785,148.055,147.43,147.94,218830.65959899995
2026-05-21T14:15:00.000Z,147.94,148.3,147.845,148.19,211700.914186
2026-05-21T14:30:00.000Z,148.12,148.25,147.84,148.125,171013.615534
2026-05-21T14:45:00.000Z,148.16,148.17,147.9,148.01,126632.585906
2026-05-21T15:00:00.000Z,148.02,148.08,147.72,147.84,165845.224951
2026-05-21T15:15:00.000Z,147.85,147.9799,147.71,147.76,122587.43202399998
2026-05-21T15:30:00.000Z,147.75,147.81,147.54,147.58,112636.305174
2026-05-21T15:45:00.000Z,147.61,148.05,147.61,147.975,107620.646065
2026-05-21T16:00:00.000Z,147.975,148.215,147.91,148.1438,75424.56694900001
2026-05-21T16:15:00.000Z,148.12,148.3,147.92,148.24,50313.944312
2026-05-21T16:30:00.000Z,148.27,148.335,148.09,148.335,63432.578416000004
2026-05-21T16:45:00.000Z,148.345,148.43,148.14,148.16,42739.63497000001
2026-05-21T17:00:00.000Z,148.16,148.2,147.93,148.035,57269.990224
2026-05-21T17:15:00.000Z,148.05,148.475,148.05,148.265,84274.79547299999
2026-05-21T17:30:00.000Z,148.26,148.475,148.06,148.475,102119.22210300001
2026-05-21T17:45:00.000Z,148.4725,148.5,147.97,148.13,132679.242651
2026-05-21T18:00:00.000Z,148.11,148.18,147.97,148.11,67540.78730400001
2026-05-21T18:15:00.000Z,148.135,148.22,147.9975,148.175,80744.863722
2026-05-21T18:30:00.000Z,148.15,148.2351,147.96,148.18,80577.98560200002
2026-05-21T18:45:00.000Z,148.1805,148.2299,147.7415,147.82,118799.018363
2026-05-21T19:00:00.000Z,147.825,148.2425,147.825,148.19,104705.786517
2026-05-21T19:15:00.000Z,148.21,148.4,148.16,148.34,88207.35471099999
2026-05-21T19:30:00.000Z,148.34,148.705,148.22,148.405,200051.757175
2026-05-21T19:45:00.000Z,148.37,149.0425,148.37,148.85,643576.367917
2026-05-22T13:30:00.000Z,149.41,149.77,149.15,149.64,274246.9865929999
2026-05-22T13:45:00.000Z,149.561,149.99,149.43,149.43,101325.785589
2026-05-22T14:00:00.000Z,149.4,149.57,148.88,149.13,130538.81320700003
2026-05-22T14:15:00.000Z,149.1,149.32,148.9201,149,116537.05561600001
2026-05-22T14:30:00.000Z,148.97,149.07,148.54,148.63,131674.28088000003
2026-05-22T14:45:00.000Z,148.645,148.92,148.63,148.77,127409.89772599998
2026-05-22T15:00:00.000Z,148.79,148.88,148.6,148.74,104750.589637
2026-05-22T15:15:00.000Z,148.74,149.25,148.6976,149.175,92029.35107700001
2026-05-22T15:30:00.000Z,149.17,149.36,149.16,149.345,74536.22565100002
2026-05-22T15:45:00.000Z,149.32,149.52,149.25,149.32,87651.42734300002
2026-05-22T16:00:00.000Z,149.29,149.33,149.18,149.3,63889.99553300001
2026-05-22T16:15:00.000Z,149.3,149.8,149.29,149.78,100031.40358200001
2026-05-22T16:30:00.000Z,149.79,149.88,149.38,149.75,149555.356805
2026-05-22T16:45:00.000Z,149.74,149.85,149.7001,149.775,68401.599104
2026-05-22T17:00:00.000Z,149.77,149.89,149.73,149.85,65284.577101
2026-05-22T17:15:00.000Z,149.835,149.87,149.61,149.83,79244.710622
2026-05-22T17:30:00.000Z,149.835,150.08,149.835,150.035,87913.81202800003
2026-05-22T17:45:00.000Z,150.04,150.07,149.86,149.99,59278.320298
2026-05-22T18:00:00.000Z,150,150.23,149.92,150.21,85594.28014
2026-05-22T18:15:00.000Z,150.22,150.44,149.92,150.34,98705.16622700001
2026-05-22T18:30:00.000Z,150.35,150.42,149.98,150.27,114775.181131
2026-05-22T18:45:00.000Z,150.3,150.5,150.27,150.445,111665.82851599998
2026-05-22T19:00:00.000Z,150.43,150.46,150.26,150.46,91679.10302799998
2026-05-22T19:15:00.000Z,150.47,150.53,150.31,150.3148,112466.594081
2026-05-22T19:30:00.000Z,150.34,150.47,150.26,150.46,180968.173406
2026-05-22T19:45:00.000Z,150.44,150.8396,150,150.57,744115.5752600001
2026-05-26T13:30:00.000Z,149.71,150.25,149.075,149.68,357157.47254
2026-05-26T13:45:00.000Z,149.71,149.75,147.56,147.645,326394.77061800007
2026-05-26T14:00:00.000Z,147.59,148.22,147.36,147.52,330132.479486
2026-05-26T14:15:00.000Z,147.54,147.93,147.2,147.25,209489.835356
2026-05-26T14:30:00.000Z,147.28,147.52,146.94,147.22,314207.07630899997
2026-05-26T14:45:00.000Z,147.21,147.45,146.94,147.08,211157.876623
2026-05-26T15:00:00.000Z,147.07,147.14,146.8,146.98,229928.54967599997
2026-05-26T15:15:00.000Z,146.99,147.33,146.8001,147.22,229266.895099
2026-05-26T15:30:00.000Z,147.24,147.39,147.01,147.3,173467.67342900002
2026-05-26T15:45:00.000Z,147.26,147.49,146.97,147.27,110086.471373
2026-05-26T16:00:00.000Z,147.265,147.3,146.83,146.8779,121619.54657699997
2026-05-26T16:15:00.000Z,146.88,146.91,146.62,146.62,117284.17363199999
2026-05-26T16:30:00.000Z,146.64,146.8,146.59,146.71,97719.97151600002
2026-05-26T16:45:00.000Z,146.705,146.705,146.26,146.28,146203.601942
2026-05-26T17:00:00.000Z,146.26,146.47,146.26,146.44,99749.96938899998
2026-05-26T17:15:00.000Z,146.45,146.67,145.94,145.95,148129.734111
2026-05-26T17:30:00.000Z,145.96,146.1,145.8,145.995,143649.87810200002
2026-05-26T17:45:00.000Z,145.98,146.19,145.7,146.165,221032.388173
2026-05-26T18:00:00.000Z,146.19,146.32,146.07,146.3,160253.883718
2026-05-26T18:15:00.000Z,146.3,146.305,146.085,146.11,178527.891034
2026-05-26T18:30:00.000Z,146.125,146.465,146.05,146.445,123583.01667499999
2026-05-26T18:45:00.000Z,146.42,146.43,146.01,146.385,145989.743844
2026-05-26T19:00:00.000Z,146.38,146.42,146.02,146.14,191846.32529399998
2026-05-26T19:15:00.000Z,146.135,146.3293,145.9,146.07,228070.55681400004
2026-05-26T19:30:00.000Z,146.08,146.17,145.77,146.05,264877.720694
2026-05-26T19:45:00.000Z,146.07,146.17,145.5,145.68,943336.5213
2026-05-27T13:30:00.000Z,146.27,148.04,145.7,147.94,478352.947315
2026-05-27T13:45:00.000Z,147.885,148.24,147.31,147.88,235619.797665
2026-05-27T14:00:00.000Z,147.95,148.36,147.81,148.16,208991.40752900002
2026-05-27T14:15:00.000Z,148.12,148.65,147.74,148.41,265652.21396400005
2026-05-27T14:30:00.000Z,148.33,148.445,147.96,148.045,192073.18891
2026-05-27T14:45:00.000Z,148.05,148.43,147.75,148.05,159337.583927
2026-05-27T15:00:00.000Z,148.15,148.3199,147.94,148.17,123274.96640599999
2026-05-27T15:15:00.000Z,148.19,148.72,148.19,148.29,150309.95998599997
2026-05-27T15:30:00.000Z,148.32,148.8299,148.235,148.52,152487.85973
2026-05-27T15:45:00.000Z,148.525,148.9138,148.45,148.635,101810.31702900001
2026-05-27T16:00:00.000Z,148.64,148.76,148.38,148.475,83709.538705
2026-05-27T16:15:00.000Z,148.51,148.76,148.3687,148.53,108096.410877
2026-05-27T16:30:00.000Z,148.52,148.66,148.4115,148.63,81470.560268
2026-05-27T16:45:00.000Z,148.66,148.89,148.5737,148.75,69915.151003
2026-05-27T17:00:00.000Z,148.75,148.8438,148.595,148.81,85647.42986700001
2026-05-27T17:15:00.000Z,148.81,148.83,148.38,148.42,70253.364022
2026-05-27T17:30:00.000Z,148.4,148.55,148.3281,148.36,67958.31611700001
2026-05-27T17:45:00.000Z,148.34,148.34,147.99,148.11,66695.435713
2026-05-27T18:00:00.000Z,148.1,148.1671,147.89,148.09,75385.66372999999
2026-05-27T18:15:00.000Z,148.1,148.445,148.08,148.19,81339.661936
2026-05-27T18:30:00.000Z,148.19,148.41,148.1,148.33,109843.672288
2026-05-27T18:45:00.000Z,148.33,148.34,148.0871,148.19,106482.351092
2026-05-27T19:00:00.000Z,148.21,148.26,147.92,148.03,97324.43335899997
2026-05-27T19:15:00.000Z,148.01,148.04,147.78,147.905,116737.068892
2026-05-27T19:30:00.000Z,147.905,147.95,147.695,147.76,133884.322419
2026-05-27T19:45:00.000Z,147.75,147.94,147.55,147.72,601361.12618
2026-05-28T13:30:00.000Z,147.77,148.21,146.84,148.1,196965.070709
2026-05-28T13:45:00.000Z,148.18,148.61,147.9,147.93,125997.56363600004
2026-05-28T14:00:00.000Z,147.915,148.09,147.48,147.54,166529.88739600003
2026-05-28T14:15:00.000Z,147.55,147.61,147.05,147.495,131507.926676
2026-05-28T14:30:00.000Z,147.49,147.62,147.34,147.365,103081.337325
2026-05-28T14:45:00.000Z,147.36,147.4225,146.9603,146.965,155591.61245100002
2026-05-28T15:00:00.000Z,146.97,146.97,146.63,146.72,138958.174466
2026-05-28T15:15:00.000Z,146.72,146.79,146.19,146.29,127739.13469899997
2026-05-28T15:30:00.000Z,146.3,146.52,146.13,146.29,199149.62084199997
2026-05-28T15:45:00.000Z,146.285,146.48,146.25,146.31,130844.699163
2026-05-28T16:00:00.000Z,146.305,146.54,146.23,146.495,80243.48047200001
2026-05-28T16:15:00.000Z,146.495,146.51,146.25,146.28,156672.39846500003
2026-05-28T16:30:00.000Z,146.28,146.47,146.26,146.34,93453.66570000001
2026-05-28T16:45:00.000Z,146.345,146.39,146.01,146.06,139170.780184
2026-05-28T17:00:00.000Z,146.055,146.18,145.96,146.07,142986.47718199997
2026-05-28T17:15:00.000Z,146.07,146.2,146.06,146.11,134018.85324199998
2026-05-28T17:30:00.000Z,146.1,146.13,145.98,146.05,126945.58994
2026-05-28T17:45:00.000Z,146.05,146.17,145.89,145.95,121367.064985
2026-05-28T18:00:00.000Z,145.93,145.95,145.62,145.715,177424.71520500001
2026-05-28T18:15:00.000Z,145.745,145.87,145.72,145.87,163280.088928
2026-05-28T18:30:00.000Z,145.875,146.05,145.835,146.01,163487.471949
2026-05-28T18:45:00.000Z,146.01,146.01,145.87,145.93,135471.136273
2026-05-28T19:00:00.000Z,145.95,146.09,145.84,146.055,167028.83328100003
2026-05-28T19:15:00.000Z,146.055,146.23,146.03,146.18,315982.793919
2026-05-28T19:30:00.000Z,146.18,146.53,146.165,146.4901,262890.55660499993
2026-05-28T19:45:00.000Z,146.47,146.54,145.9,146.27,890790.048338
2026-05-29T13:30:00.000Z,145.14,146.765,145.14,145.4125,408970.820521
2026-05-29T13:45:00.000Z,145.44,145.5505,143.78,143.785,471294.544358
2026-05-29T14:00:00.000Z,143.779,144.28,143.61,144.135,267445.16393200005
2026-05-29T14:15:00.000Z,144.1,145.05,144.1,144.85,398700.919044
2026-05-29T14:30:00.000Z,144.87,145.162,144.51,145.1134,128647.57071599999
2026-05-29T14:45:00.000Z,145.14,145.1872,144.21,144.37,189856.53209000002
2026-05-29T15:00:00.000Z,144.38,144.38,143.92,143.92,192003.97529099998
2026-05-29T15:15:00.000Z,143.93,144.14,143.82,143.86,170378.386137
2026-05-29T15:30:00.000Z,143.84,144.07,143.5462,144.025,357061.017178
2026-05-29T15:45:00.000Z,144.09,144.7754,144.09,144.73,148472.9918
2026-05-29T16:00:00.000Z,144.73,144.8595,144.5,144.56,85668.142093
2026-05-29T16:15:00.000Z,144.585,144.7022,144.53,144.66,84220.179098
2026-05-29T16:30:00.000Z,144.66,145.03,144.59,144.97,186285.31173599997
2026-05-29T16:45:00.000Z,144.985,145.08,144.89,144.89,107950.59363400002
2026-05-29T17:00:00.000Z,144.8821,145.05,144.835,145.01,74653.723602
2026-05-29T17:15:00.000Z,145.039,145.555,144.99,145.51,145093.492281
2026-05-29T17:30:00.000Z,145.51,145.645,145.4,145.41,85541.33412399999
2026-05-29T17:45:00.000Z,145.4,145.48,145.175,145.31,67637.89228300001
2026-05-29T18:00:00.000Z,145.32,145.415,145.14,145.2,61934.45007399999
2026-05-29T18:15:00.000Z,145.215,145.3,145.1001,145.105,68441.92659899998
2026-05-29T18:30:00.000Z,145.11,145.12,144.86,144.94,197411.155046
2026-05-29T18:45:00.000Z,144.94,145.06,144.86,144.95,126212.81052500001
2026-05-29T19:00:00.000Z,144.93,144.93,144.76,144.78,142684.157625
2026-05-29T19:15:00.000Z,144.7651,144.84,144.66,144.66,131063.02738099999
2026-05-29T19:30:00.000Z,144.65,144.925,144.6,144.635,157223.087237
2026-05-29T19:45:00.000Z,144.62,144.75,143.98,144.15,674487.749115
2026-06-01T13:30:00.000Z,142.585,143.46,142.22,143.35,509689.99379899993
2026-06-01T13:45:00.000Z,143.42,144.11,143.03,144.01,243469.88372100002
2026-06-01T14:00:00.000Z,144.0645,144.0645,143.39,143.82,231072.42144799998
2026-06-01T14:15:00.000Z,143.825,143.85,142.69,142.87,235457.314306
2026-06-01T14:30:00.000Z,142.89,143.12,142.54,142.635,228259.62405900005
2026-06-01T14:45:00.000Z,142.635,142.65,142.16,142.34,278162.833171
2026-06-01T15:00:00.000Z,142.33,142.5,142,142.06,226223.73964099996
2026-06-01T15:15:00.000Z,142.07,142.21,141.76,141.83,289926.35618999996
2026-06-01T15:30:00.000Z,141.82,141.86,141.53,141.72,230803.77273999996
2026-06-01T15:45:00.000Z,141.71,142.125,141.65,141.95,184385.85845
2026-06-01T16:00:00.000Z,141.94,141.98,141.755,141.915,136472.044959
2026-06-01T16:15:00.000Z,141.915,142,141.83,141.98,146686.62812999997
2026-06-01T16:30:00.000Z,141.97,142.195,141.81,142.04,215264.576087
2026-06-01T16:45:00.000Z,142.045,142.1399,141.94,141.99,152090.379182
2026-06-01T17:00:00.000Z,142.005,142.02,141.8,141.88,137096.69436000002
2026-06-01T17:15:00.000Z,141.91,141.98,141.835,141.91,132868.54742000002
2026-06-01T17:30:00.000Z,141.91,142.32,141.85,142.24,154950.327836
2026-06-01T17:45:00.000Z,142.225,142.33,142.13,142.1514,136243.766592
2026-06-01T18:00:00.000Z,142.15,142.25,141.96,142.245,140519.59992500002
2026-06-01T18:15:00.000Z,142.26,142.26,141.88,141.94,183878.271187
2026-06-01T18:30:00.000Z,141.92,142.195,141.85,141.91,260763.94156900002
2026-06-01T18:45:00.000Z,141.89,142,141.8,141.82,171491.992219
2026-06-01T19:00:00.000Z,141.81,141.905,141.51,141.615,231612.81081999998
2026-06-01T19:15:00.000Z,141.605,141.81,141.54,141.61,317803.91738899995
2026-06-01T19:30:00.000Z,141.61,141.82,141.52,141.62,417565.39402799995
2026-06-01T19:45:00.000Z,141.61,141.73,141.32,141.51,967021.4989990001
2026-06-02T13:30:00.000Z,141.54,142.89,141.4,142.22,483469.912968
2026-06-02T13:45:00.000Z,142.22,142.3184,140.905,141.02,253925.96111799998
2026-06-02T14:00:00.000Z,140.99,141.56,140.95,141.21,376858.448546
2026-06-02T14:15:00.000Z,141.265,142.3,141.2607,142.055,231403.33810999998
2026-06-02T14:30:00.000Z,142.06,142.19,141.66,141.755,265692.19439
2026-06-02T14:45:00.000Z,141.765,142.16,141.63,142.0875,374864.036603
2026-06-02T15:00:00.000Z,142.07,142.1,141.09,141.09,281977.68609100004
2026-06-02T15:15:00.000Z,141.09,141.2934,140.81,141.1756,158202.382304
2026-06-02T15:30:00.000Z,141.17,141.34,140.96,141.34,133730.72543700002
2026-06-02T15:45:00.000Z,141.35,141.41,141.14,141.23,110966.706708
2026-06-02T16:00:00.000Z,141.2,141.715,141.07,141.375,155399.93526100004
2026-06-02T16:15:00.000Z,141.39,141.56,141.29,141.56,75937.856513
2026-06-02T16:30:00.000Z,141.58,141.845,141.51,141.73,102497.14952600001
2026-06-02T16:45:00.000Z,141.73,141.97,141.7,141.79,110647.64602599997
2026-06-02T17:00:00.000Z,141.835,141.835,141.63,141.78,81501.66987299998
2026-06-02T17:15:00.000Z,141.78,142.105,141.73,142.02,110405.81260599998
2026-06-02T17:30:00.000Z,142.05,142.26,141.96,142.245,78570.032699
2026-06-02T17:45:00.000Z,142.2425,142.26,141.9969,142.0801,105052.16651199998
2026-06-02T18:00:00.000Z,142.097,142.2591,142.07,142.13,89408.396763
2026-06-02T18:15:00.000Z,142.12,142.17,141.98,142.12,72780.74470299999
2026-06-02T18:30:00.000Z,142.13,142.24,141.99,142.2,222062.283969
2026-06-02T18:45:00.000Z,142.205,142.47,142.16,142.3906,190826.91918299996
2026-06-02T19:00:00.000Z,142.3901,142.435,142.15,142.2,117924.21511199999
2026-06-02T19:15:00.000Z,142.21,142.27,142.07,142.195,154417.168
2026-06-02T19:30:00.000Z,142.21,142.21,141.96,142.12,139273.523469
2026-06-02T19:45:00.000Z,142.11,142.25,141.76,141.98,749493.606181
2026-06-03T13:30:00.000Z,141.785,143.415,141.77,143.325,289528.30246
2026-06-03T13:45:00.000Z,143.35,143.54,142.65,142.99,268621.567202
2026-06-03T14:00:00.000Z,142.99,143.01,141.85,141.955,239369.44784899996
2026-06-03T14:15:00.000Z,141.92,142.54,141.88,142.235,170802.56471
2026-06-03T14:30:00.000Z,142.225,142.775,142.1875,142.49,105322.14297599999
2026-06-03T14:45:00.000Z,142.455,142.58,142.16,142.46,123856.44637600002
2026-06-03T15:00:00.000Z,142.495,142.62,142.23,142.37,121937.615971
2026-06-03T15:15:00.000Z,142.385,143.15,142.385,143.07,146429.28379000002
2026-06-03T15:30:00.000Z,143.065,143.2,142.78,143.14,115194.50660400001
2026-06-03T15:45:00.000Z,143.15,143.39,142.97,143,122765.01747899999
2026-06-03T16:00:00.000Z,143,143.26,142.955,143.26,123069.409544
2026-06-03T16:15:00.000Z,143.28,143.655,143.21,143.5,134697.799773
2026-06-03T16:30:00.000Z,143.5,143.68,143.4,143.59,112795.386095
2026-06-03T16:45:00.000Z,143.59,143.59,143.2,143.265,126027.02547899999
2026-06-03T17:00:00.000Z,143.265,143.62,143.11,143.58,91035.96060299998
2026-06-03T17:15:00.000Z,143.575,143.665,143.29,143.35,99621.58635299999
2026-06-03T17:30:00.000Z,143.37,143.48,143.1,143.19,84196.36645500001
2026-06-03T17:45:00.000Z,143.185,143.23,142.725,142.74,192948.34163299997
2026-06-03T18:00:00.000Z,142.72,142.89,142.65,142.89,104042.444438
2026-06-03T18:15:00.000Z,142.87,142.89,142.745,142.775,109774.35343
2026-06-03T18:30:00.000Z,142.775,143.01,142.641,142.825,126664.46270899998
2026-06-03T18:45:00.000Z,142.87,142.95,142.69,142.8551,152237.712676
2026-06-03T19:00:00.000Z,142.84,142.9,142.62,142.635,134493.473557
2026-06-03T19:15:00.000Z,142.635,142.69,142.4709,142.4709,162807.08051000003
2026-06-03T19:30:00.000Z,142.49,142.58,142.23,142.34,239683.05535399998
2026-06-03T19:45:00.000Z,142.32,142.58,142.1041,142.57,700518.5822610001
2026-06-04T13:30:00.000Z,144.86,145.7,144.0501,144.89,386392.56255499995
2026-06-04T13:45:00.000Z,144.91,145.0699,144.01,144.47,375104.155497
2026-06-04T14:00:00.000Z,144.43,144.66,144.07,144.17,317216.848618
2026-06-04T14:15:00.000Z,144.14,144.17,143.6,143.64,219954.72957999996
2026-06-04T14:30:00.000Z,143.63,143.84,143.5,143.655,227023.32927099994
2026-06-04T14:45:00.000Z,143.65,143.65,142.83,142.95,233525.38123300002
2026-06-04T15:00:00.000Z,142.93,143.01,142.11,142.2735,281875.661865
2026-06-04T15:15:00.000Z,142.305,142.37,141.92,142.265,157513.48205400002
2026-06-04T15:30:00.000Z,142.28,142.6,142.225,142.42,154664.172616
2026-06-04T15:45:00.000Z,142.38,143.05,142.37,142.54,165745.316796
2026-06-04T16:00:00.000Z,142.55,142.93,142.34,142.775,184024.44276099998
2026-06-04T16:15:00.000Z,142.82,143.04,142.6875,143.02,193687.307215
2026-06-04T16:30:00.000Z,142.985,143.19,142.75,142.85,134296.391361
2026-06-04T16:45:00.000Z,142.87,142.96,142.66,142.79,150275.54933299997
2026-06-04T17:00:00.000Z,142.8,142.98,142.64,142.67,207675.067611
2026-06-04T17:15:00.000Z,142.65,142.82,142.3475,142.53,398560.681396
2026-06-04T17:30:00.000Z,142.545,142.59,142.01,142.1268,253051.08776999998
2026-06-04T17:45:00.000Z,142.12,142.1498,141.6,141.615,219656.495661
2026-06-04T18:00:00.000Z,141.62,141.6225,141.32,141.445,239061.65502400004
2026-06-04T18:15:00.000Z,141.47,141.66,141.205,141.37,229424.79338500003
2026-06-04T18:30:00.000Z,141.365,141.625,141.34,141.56,163155.30211299998
2026-06-04T18:45:00.000Z,141.57,141.71,141.445,141.65,155936.11283100003
2026-06-04T19:00:00.000Z,141.65,141.72,141.41,141.56,189539.98206500002
2026-06-04T19:15:00.000Z,141.56,141.83,141.49,141.5199,233632.248573
2026-06-04T19:30:00.000Z,141.5,141.8096,141.445,141.75,242961.440416
2026-06-04T19:45:00.000Z,141.74,142.3,141.725,142.15,696598.0968899999
2026-06-05T13:30:00.000Z,141.56,143.545,141.21,143.51,429064.06057199993
2026-06-05T13:45:00.000Z,143.485,144.29,143.26,144.24,387937.89458600007
2026-06-05T14:00:00.000Z,144.23,144.26,143.19,143.2775,268395.88629700005
2026-06-05T14:15:00.000Z,143.28,143.6,142.8,143.26,320444.012312
2026-06-05T14:30:00.000Z,143.24,143.24,142.56,142.975,227679.65188100003
2026-06-05T14:45:00.000Z,142.94,142.94,142.265,142.4375,173928.60592399997
2026-06-05T15:00:00.000Z,142.435,143.13,142.3,143.1,244047.671987
2026-06-05T15:15:00.000Z,143.085,143.28,142.82,142.965,416457.389609
2026-06-05T15:30:00.000Z,142.94,143.615,142.78,143.24,321189.92658999993
2026-06-05T15:45:00.000Z,143.23,143.28,142.93,142.98,168305.753986
2026-06-05T16:00:00.000Z,142.95,143.4129,142.94,143.36,297347.016772
2026-06-05T16:15:00.000Z,143.37,143.61,143.24,143.455,253341.36230700003
2026-06-05T16:30:00.000Z,143.46,143.77,143.395,143.74,278393.62354299997
2026-06-05T16:45:00.000Z,143.735,144.0199,143.16,143.59,289116.41086099995
2026-06-05T17:00:00.000Z,143.59,143.79,143.43,143.69,224429.28053599998
2026-06-05T17:15:00.000Z,143.68,143.78,143.27,143.29,211724.59661199994
2026-06-05T17:30:00.000Z,143.28,143.45,142.96,143.26,253974.85861399997
2026-06-05T17:45:00.000Z,143.28,143.37,143.17,143.295,177023.831517
2026-06-05T18:00:00.000Z,143.2532,143.58,143.19,143.54,274390.221046
2026-06-05T18:15:00.000Z,143.53,143.8,143.49,143.62,469356.61191000004
2026-06-05T18:30:00.000Z,143.59,144.34,143.56,144.16,391838.427389
2026-06-05T18:45:00.000Z,144.18,144.29,142.93,142.93,363270.452926
2026-06-05T19:00:00.000Z,142.91,143.21,142.415,142.98,335736.898454
2026-06-05T19:15:00.000Z,142.95,143.15,142.82,142.82,303354.664683
2026-06-05T19:30:00.000Z,142.82,143.02,142.35,142.405,445862.03049900004
2026-06-05T19:45:00.000Z,142.39,142.55,141.82,141.86,1691522.007263
2026-06-08T13:30:00.000Z,140.92,141.86,139.7701,140.02,497726.898955
2026-06-08T13:45:00.000Z,139.97,140.22,139.26,139.885,454081.2011
2026-06-08T14:00:00.000Z,139.885,140.35,139.65,140.16,333330.35950499994
2026-06-08T14:15:00.000Z,140.18,140.44,140.09,140.19,291858.929853
2026-06-08T14:30:00.000Z,140.19,140.3921,139.89,139.985,404960.26703800005
2026-06-08T14:45:00.000Z,140,140.27,139.95,140.19,197992.324675
2026-06-08T15:00:00.000Z,140.185,140.93,140.1005,140.64,224354.693108
2026-06-08T15:15:00.000Z,140.65,140.84,140.43,140.635,220820.23724899997
2026-06-08T15:30:00.000Z,140.65,140.67,140.39,140.39,133872.545056
2026-06-08T15:45:00.000Z,140.4,140.71,140.4,140.445,113349.90434199998
2026-06-08T16:00:00.000Z,140.44,140.54,140.3201,140.54,111346.932611
2026-06-08T16:15:00.000Z,140.51,140.58,140.19,140.23,92874.536812
2026-06-08T16:30:00.000Z,140.22,140.62,140.22,140.35,305694.167841
2026-06-08T16:45:00.000Z,140.345,140.4885,140.28,140.48,108842.40758300001
2026-06-08T17:00:00.000Z,140.49,140.68,140.335,140.49,122703.65825299999
2026-06-08T17:15:00.000Z,140.47,140.54,140.27,140.35,132434.951968
2026-06-08T17:30:00.000Z,140.375,140.43,140.04,140.335,247918.797257
2026-06-08T17:45:00.000Z,140.32,140.53,140.26,140.46,140498.96766199998
2026-06-08T18:00:00.000Z,140.46,140.73,140.4534,140.57,135795.62490300002
2026-06-08T18:15:00.000Z,140.565,140.875,140.55,140.875,136084.587481
2026-06-08T18:30:00.000Z,140.8897,140.99,140.6901,140.705,155174.778351
2026-06-08T18:45:00.000Z,140.7,140.715,140.48,140.59,136311.216506
2026-06-08T19:00:00.000Z,140.605,140.78,140.54,140.555,177602.82225000006
2026-06-08T19:15:00.000Z,140.56,140.88,140.5001,140.69,297773.17960200005
2026-06-08T19:30:00.000Z,140.68,140.7622,140.455,140.67,238862.28401999996
2026-06-08T19:45:00.000Z,140.66,140.94,140.56,140.65,821749.94896
2026-06-09T13:30:00.000Z,141.53,141.81,140.8501,141.67,266159.75082499994
2026-06-09T13:45:00.000Z,141.615,142,141.375,141.68,258525.19653100002
2026-06-09T14:00:00.000Z,141.7,142.7,141.69,142.5301,247471.209504
2026-06-09T14:15:00.000Z,142.57,143.1,142.415,143.03,295335.018344
2026-06-09T14:30:00.000Z,143.08,143.525,143.03,143.525,227471.88957700002
2026-06-09T14:45:00.000Z,143.51,143.69,142.955,143.27,286381.433622
2026-06-09T15:00:00.000Z,143.27,143.34,142.87,142.985,276510.069774
2026-06-09T15:15:00.000Z,143.02,143.41,142.95,143.335,356917.591671
2026-06-09T15:30:00.000Z,143.29,143.81,143.21,143.33,190987.23325
2026-06-09T15:45:00.000Z,143.34,143.82,143.13,143.77,189473.38103500003
2026-06-09T16:00:00.000Z,143.81,144.11,143.47,143.99,247896.068874
2026-06-09T16:15:00.000Z,143.99,144.2999,143.91,144.12,245093.87583200005
2026-06-09T16:30:00.000Z,144.16,144.29,143.74,143.87,264145.380216
2026-06-09T16:45:00.000Z,143.875,144.15,143.76,143.8,208352.67717699995
2026-06-09T17:00:00.000Z,143.8,143.93,142.63,142.71,309982.017829
2026-06-09T17:15:00.000Z,142.73,142.91,142.49,142.76,302380.221691
2026-06-09T17:30:00.000Z,142.775,142.92,142.64,142.7896,154681.265261
2026-06-09T17:45:00.000Z,142.775,143.15,142.74,142.92,180728.665697
2026-06-09T18:00:00.000Z,142.96,143.05,142.73,142.75,145459.922877
2026-06-09T18:15:00.000Z,142.75,142.92,142.615,142.64,136893.30217500002
2026-06-09T18:30:00.000Z,142.63,142.69,142.345,142.6,175585.340939
2026-06-09T18:45:00.000Z,142.59,142.66,142.38,142.435,130733.91625899999
2026-06-09T19:00:00.000Z,142.43,142.7,142.41,142.6,183349.974646
2026-06-09T19:15:00.000Z,142.6,142.64,142.17,142.23,220080.728317
2026-06-09T19:30:00.000Z,142.25,142.395,142.15,142.32,201493.55775000004
2026-06-09T19:45:00.000Z,142.3,143.22,142.185,142.73,819857.475306
2026-06-10T13:30:00.000Z,143.945,144.29,143.2,144.06,383193.810976
2026-06-10T13:45:00.000Z,144.06,144.18,143,143.925,275336.534315
2026-06-10T14:00:00.000Z,143.89,144.1685,143.64,144.05,314135.847391
2026-06-10T14:15:00.000Z,144.065,144.18,143.48,143.58,312046.175447
2026-06-10T14:30:00.000Z,143.61,144.31,143.28,144.31,260434.90618300004
2026-06-10T14:45:00.000Z,144.32,145.11,144.285,144.9388,371852.31535000016
2026-06-10T15:00:00.000Z,144.92,145.27,144.64,145.08,324693.49617099995
2026-06-10T15:15:00.000Z,145.105,145.45,145.03,145.36,261944.741407
2026-06-10T15:30:00.000Z,145.355,145.355,144.465,144.605,792660.476245
2026-06-10T15:45:00.000Z,144.59,144.7,144.03,144.145,387901.212924
2026-06-10T16:00:00.000Z,144.14,144.33,144.02,144.18,251785.751772
2026-06-10T16:15:00.000Z,144.18,144.25,144.04,144.175,170934.529742
2026-06-10T16:30:00.000Z,144.175,144.35,144.12,144.285,116206.69178200001
2026-06-10T16:45:00.000Z,144.3,144.43,144.13,144.25,165758.95421300002
2026-06-10T17:00:00.000Z,144.245,144.39,144.05,144.1,291764.305499
2026-06-10T17:15:00.000Z,144.07,144.115,143.89,144.04,151378.43895000004
2026-06-10T17:30:00.000Z,144.035,144.045,143.75,143.805,106758.410302
2026-06-10T17:45:00.000Z,143.82,143.82,143.45,143.6499,146616.10921800003
2026-06-10T18:00:00.000Z,143.63,143.855,143.63,143.69,158256.8089
2026-06-10T18:15:00.000Z,143.7,143.7,143.55,143.62,163984.382124
2026-06-10T18:30:00.000Z,143.64,143.8,143.61,143.79,143798.910897
2026-06-10T18:45:00.000Z,143.785,144.005,143.68,143.9501,142041.63779099996
2026-06-10T19:00:00.000Z,143.96,143.98,143.5801,143.84,178343.597385
2026-06-10T19:15:00.000Z,143.85,144.145,143.73,144.1,212589.90375799997
2026-06-10T19:30:00.000Z,144.09,144.28,143.89,143.95,321130.491564
2026-06-10T19:45:00.000Z,143.95,144.57,143.82,144.29,1213826.3225579998
2026-06-11T13:30:00.000Z,144.86,145.14,144.13,144.39,224078.715705
2026-06-11T13:45:00.000Z,144.36,144.74,144.04,144.63,232745.15057999993
2026-06-11T14:00:00.000Z,144.635,145.19,144.46,144.99,191579.655777
2026-06-11T14:15:00.000Z,144.9957,145.3,144.77,144.945,234011.280154
2026-06-11T14:30:00.000Z,144.92,145.25,144.73,145.215,194727.38235599996
2026-06-11T14:45:00.000Z,145.2599,145.26,144.76,144.81,178990.53424500002
2026-06-11T15:00:00.000Z,144.84,145.01,144.59,144.9,168641.50085000004
2026-06-11T15:15:00.000Z,144.9,145.09,144.83,144.945,128011.224679
2026-06-11T15:30:00.000Z,144.97,145.26,144.73,145.19,172489.938285
2026-06-11T15:45:00.000Z,145.22,145.255,144.7501,144.97,121331.228112
2026-06-11T16:00:00.000Z,144.98,145.08,144.9075,144.965,143814.40390499998
2026-06-11T16:15:00.000Z,144.97,145.01,144.64,144.73,122141.99871400002
2026-06-11T16:30:00.000Z,144.7,144.73,144.57,144.7299,107067.37059999998
2026-06-11T16:45:00.000Z,144.75,144.86,144.7,144.81,83427.71185600001
2026-06-11T17:00:00.000Z,144.82,144.91,144.48,144.82,130474.715518
2026-06-11T17:15:00.000Z,144.81,144.99,144.63,144.97,224290.375758
2026-06-11T17:30:00.000Z,144.95,145.4,144.88,145.135,266007.590333
2026-06-11T17:45:00.000Z,145.14,145.225,144.78,144.87,156405.006263
2026-06-11T18:00:00.000Z,144.875,145.14,144.78,144.86,121165.549852
2026-06-11T18:15:00.000Z,144.85,145.095,144.765,144.77,122713.96802200002
2026-06-11T18:30:00.000Z,144.78,145.01,144.66,145.005,90153.535022
2026-06-11T18:45:00.000Z,144.99,145.18,144.9,144.91,116354.960939
2026-06-11T19:00:00.000Z,144.91,144.96,144.58,144.76,216037.900967
2026-06-11T19:15:00.000Z,144.74,144.755,144.5,144.6,172875.185345
2026-06-11T19:30:00.000Z,144.59,144.71,144.21,144.25,345887.898736
2026-06-11T19:45:00.000Z,144.25,144.34,143.57,143.69,1197307.307421
2026-06-12T13:30:00.000Z,143.795,144.36,142.99,143.305,360808.63005400007
2026-06-12T13:45:00.000Z,143.24,143.31,142.41,142.81,222814.01268100002
2026-06-12T14:00:00.000Z,142.8,143.33,142.44,142.99,249078.02909900004
2026-06-12T14:15:00.000Z,143.01,143.56,142.87,143.24,156769.765327
2026-06-12T14:30:00.000Z,143.245,143.425,143.135,143.27,196913.50897
2026-06-12T14:45:00.000Z,143.27,143.715,142.95,143.715,208173.357027
2026-06-12T15:00:00.000Z,143.73,144.0199,143.32,143.335,151372.52888399997
2026-06-12T15:15:00.000Z,143.31,143.46,143.18,143.205,172020.502705
2026-06-12T15:30:00.000Z,143.21,143.525,142.83,143.52,246518.77355699998
2026-06-12T15:45:00.000Z,143.5,143.505,143.1,143.475,174584.200985
2026-06-12T16:00:00.000Z,143.46,143.5,143.105,143.285,177122.978404
2026-06-12T16:15:00.000Z,143.285,143.52,143.1,143.24,118487.43025299998
2026-06-12T16:30:00.000Z,143.22,143.26,142.99,143.06,101118.875951
2026-06-12T16:45:00.000Z,143.05,143.235,143.02,143.22,95516.943054
2026-06-12T17:00:00.000Z,143.22,143.385,143.05,143.27,182763.14409700004
2026-06-12T17:15:00.000Z,143.27,143.51,143.17,143.43,178633.67198599997
2026-06-12T17:30:00.000Z,143.42,143.8,143.38,143.705,140261.605939
2026-06-12T17:45:00.000Z,143.71,143.74,143.54,143.6,111480.84890299998
2026-06-12T18:00:00.000Z,143.6,144.06,143.6,144.03,145258.290244
2026-06-12T18:15:00.000Z,144.055,144.17,143.93,144.11,138105.98715499998
2026-06-12T18:30:00.000Z,144.14,144.36,144.14,144.2,111437.80282199998
2026-06-12T18:45:00.000Z,144.2,144.23,143.92,144.0699,143641.908756
2026-06-12T19:00:00.000Z,144.04,144.165,143.98,144.07,126422.47727999999
2026-06-12T19:15:00.000Z,144.035,144.175,144.02,144.06,116358.01581299998
2026-06-12T19:30:00.000Z,144.07,144.125,143.8,144,156272.89718
2026-06-12T19:45:00.000Z,143.995,144.32,143.93,144.255,618937.874853
2026-06-15T13:30:00.000Z,143.02,144.41,142.81,144.345,381231.95207
2026-06-15T13:45:00.000Z,144.47,144.88,144.23,144.8001,238691.937902
2026-06-15T14:00:00.000Z,144.865,144.96,144.3851,144.685,199012.03827400002
2026-06-15T14:15:00.000Z,144.705,145.2,144.705,144.965,200447.26189100003
2026-06-15T14:30:00.000Z,144.97,145.205,144.8,145,200349.262493
2026-06-15T14:45:00.000Z,145.01,145.16,144.85,145.085,203026.76924100003
2026-06-15T15:00:00.000Z,145.09,145.13,144.79,145.025,211393.308425
2026-06-15T15:15:00.000Z,145.025,145.27,144.99,145.175,149937.82555999997
2026-06-15T15:30:00.000Z,145.19,145.53,144.98,145.48,186992.36460700002
2026-06-15T15:45:00.000Z,145.47,145.73,145.34,145.39,290482.004149
2026-06-15T16:00:00.000Z,145.4,145.51,145.29,145.47,217923.11103000003
2026-06-15T16:15:00.000Z,145.47,145.57,145.305,145.39,195672.69891500002
2026-06-15T16:30:00.000Z,145.37,145.645,145.36,145.56,123901.630498
2026-06-15T16:45:00.000Z,145.545,145.73,145.53,145.675,162035.39671099998
2026-06-15T17:00:00.000Z,145.67,146.05,145.65,146,171550.42056899998
2026-06-15T17:15:00.000Z,146,146.04,145.63,145.715,174088.017295
2026-06-15T17:30:00.000Z,145.73,145.755,145.315,145.43,106991.00005199999
2026-06-15T17:45:00.000Z,145.43,145.5,145.32,145.43,784547.9302460001
2026-06-15T18:00:00.000Z,145.44,145.67,145.41,145.49,102865.62033800001
2026-06-15T18:15:00.000Z,145.5,145.52,145.1,145.11,130721.795594
2026-06-15T18:30:00.000Z,145.11,145.955,144.98,145.92,215193.55142399998
2026-06-15T18:45:00.000Z,145.915,146.01,145.74,145.92,229991.50054600002
2026-06-15T19:00:00.000Z,145.94,146.35,145.92,146.33,273712.459486
2026-06-15T19:15:00.000Z,146.36,146.49,146.34,146.41,198427.55080600004
2026-06-15T19:30:00.000Z,146.42,146.56,146.325,146.42,259203.30227599997
2026-06-15T19:45:00.000Z,146.39,146.77,146.13,146.24,833637.693536
2026-06-16T13:30:00.000Z,146.87,147.2244,146.25,146.395,339269.865678
2026-06-16T13:45:00.000Z,146.41,146.53,145.03,146.055,223774.92059599998
2026-06-16T14:00:00.000Z,146.03,146.41,145.97,146.385,171509.23845600002
2026-06-16T14:15:00.000Z,146.41,147.4,146.41,147.2,229459.42787499996
2026-06-16T14:30:00.000Z,147.23,147.64,146.31,146.31,463798.3555529999
2026-06-16T14:45:00.000Z,146.31,147,146.165,146.325,339894.952875
2026-06-16T15:00:00.000Z,146.305,146.305,145.24,145.5,234663.75828400004
2026-06-16T15:15:00.000Z,145.51,146.235,145.37,146.06,178045.63203500002
2026-06-16T15:30:00.000Z,146.04,146.8,145.99,146.72,162431.59484
2026-06-16T15:45:00.000Z,146.74,147.02,146.475,146.665,161126.963593
2026-06-16T16:00:00.000Z,146.65,146.65,146.44,146.65,134159.381594
2026-06-16T16:15:00.000Z,146.6225,146.655,146.365,146.45,1118070.2123800002
2026-06-16T16:30:00.000Z,146.44,146.6,146.33,146.335,134537.096178
2026-06-16T16:45:00.000Z,146.35,146.37,145.93,145.985,142081.47281600002
2026-06-16T17:00:00.000Z,146,146.21,145.92,146.1,110816.769331
2026-06-16T17:15:00.000Z,146.115,146.14,145.95,146.04,122524.81665600001
2026-06-16T17:30:00.000Z,146.03,146.045,145.89,145.97,136675.566062
2026-06-16T17:45:00.000Z,145.98,146.0803,145.81,146.06,119670.18414499998
2026-06-16T18:00:00.000Z,146.065,146.07,145.78,145.89,93611.81798299999
2026-06-16T18:15:00.000Z,145.91,146.01,145.87,145.9,87821.055968
2026-06-16T18:30:00.000Z,145.9,146.27,145.86,146.24,189037.001449
2026-06-16T18:45:00.000Z,146.23,146.35,146.15,146.22,145589.826001
2026-06-16T19:00:00.000Z,146.22,146.24,145.875,146.19,173044.54107800004
2026-06-16T19:15:00.000Z,146.21,146.36,145.71,145.73,197719.576668
2026-06-16T19:30:00.000Z,145.73,145.92,145.53,145.85,232161.788025
2026-06-16T19:45:00.000Z,145.84,146.26,145.75,146.17,984687.9127669999
2026-06-17T13:30:00.000Z,145.51,145.87,144.66,144.77,296760.26885700005
2026-06-17T13:45:00.000Z,144.8,144.8058,143.955,144.25,250426.96385200002
2026-06-17T14:00:00.000Z,144.27,144.3199,143.68,143.96,185247.57582700002
2026-06-17T14:15:00.000Z,143.92,143.99,143.56,143.78,185014.528503
2026-06-17T14:30:00.000Z,143.8,144.765,143.8,144.5,227270.85867199997
2026-06-17T14:45:00.000Z,144.45,144.455,144.145,144.425,200332.247371
2026-06-17T15:00:00.000Z,144.445,144.51,143.941,143.96,160237.14500100003
2026-06-17T15:15:00.000Z,143.975,144.19,143.95,144.175,246572.183009
2026-06-17T15:30:00.000Z,144.18,144.38,144.17,144.28,158790.744326
2026-06-17T15:45:00.000Z,144.23,144.33,144.1,144.1701,113366.379685
2026-06-17T16:00:00.000Z,144.175,144.175,143.705,143.75,204502.06747500002
2026-06-17T16:15:00.000Z,143.7923,143.88,143.2,143.285,172048.281432
2026-06-17T16:30:00.000Z,143.2999,143.35,143.08,143.16,139923.33085500004
2026-06-17T16:45:00.000Z,143.14,143.2,142.57,142.655,235533.12279799997
2026-06-17T17:00:00.000Z,142.65,142.92,142.58,142.69,369751.54688299994
2026-06-17T17:15:00.000Z,142.69,142.8367,142.27,142.54,237981.537699
2026-06-17T17:30:00.000Z,142.53,142.84,142.35,142.775,566279.0408099999
2026-06-17T17:45:00.000Z,142.78,143.39,142.73,143.155,433350.186961
2026-06-17T18:00:00.000Z,143.13,143.16,141.87,142.075,462654.801276
2026-06-17T18:15:00.000Z,142.05,142.52,141.93,141.97,258003.01949199996
2026-06-17T18:30:00.000Z,141.96,142.47,141.88,142.11,378971.73723800003
2026-06-17T18:45:00.000Z,142.12,142.12,141.48,141.48,265390.41856300004
2026-06-17T19:00:00.000Z,141.5,141.645,141.38,141.63,273149.599934
2026-06-17T19:15:00.000Z,141.63,141.74,141.095,141.32,300923.215919
2026-06-17T19:30:00.000Z,141.31,141.36,140.85,141.24,352419.14801899996
2026-06-17T19:45:00.000Z,141.235,141.71,140.87,141.59,1169136.3888420002
2026-06-18T13:30:00.000Z,141.05,142.69,141.04,142.29,1754172.9067780003
2026-06-18T13:45:00.000Z,142.31,142.34,141.72,141.81,155150.056256
2026-06-18T14:00:00.000Z,141.85,142,141.245,141.52,180624.259646
2026-06-18T14:15:00.000Z,141.525,141.88,141.48,141.7051,185824.73021000004
2026-06-18T14:30:00.000Z,141.705,142.085,141.48,142.085,198750.746192
2026-06-18T14:45:00.000Z,142.075,142.1,141.415,141.6,170231.90038600002
2026-06-18T15:00:00.000Z,141.63,142.26,141.48,142.25,167771.181697
2026-06-18T15:15:00.000Z,142.22,142.23,141.76,141.835,187593.97666200003
2026-06-18T15:30:00.000Z,141.84,141.9899,141.69,141.825,127549.89648000002
2026-06-18T15:45:00.000Z,141.825,142.13,141.745,141.77,116757.608123
2026-06-18T16:00:00.000Z,141.75,141.965,141.72,141.9,145005.609291
2026-06-18T16:15:00.000Z,141.89,141.98,141.78,141.85,121347.692907
2026-06-18T16:30:00.000Z,141.87,142.22,141.8401,142.07,89357.72111600002
2026-06-18T16:45:00.000Z,142.08,142.09,141.86,141.98,127443.49701900002
2026-06-18T17:00:00.000Z,141.96,142.08,141.62,141.625,102968.588063
2026-06-18T17:15:00.000Z,141.67,141.7499,141.48,141.53,134824.288929
2026-06-18T17:30:00.000Z,141.535,141.59,141.367,141.465,121682.43870799999
2026-06-18T17:45:00.000Z,141.465,141.5,141.26,141.36,112869.330406
2026-06-18T18:00:00.000Z,141.36,141.66,141.22,141.635,141868.170748
2026-06-18T18:15:00.000Z,141.62,141.79,141.465,141.5,100057.75986399999
2026-06-18T18:30:00.000Z,141.48,141.7,141.44,141.7,117878.13584200002
2026-06-18T18:45:00.000Z,141.6917,141.71,141.56,141.56,106981.00795700001
2026-06-18T19:00:00.000Z,141.5751,141.5751,141.1,141.24,153744.92214599997
2026-06-18T19:15:00.000Z,141.24,141.39,141.14,141.295,223684.81419299997
2026-06-18T19:30:00.000Z,141.28,141.51,141.125,141.35,226268.10690100002
2026-06-18T19:45:00.000Z,141.32,142.729,141.31,141.945,2112920.4510000004
2026-06-22T13:30:00.000Z,141.28,142.49,141.25,141.89,386077.144907
2026-06-22T13:45:00.000Z,141.92,142.25,141.32,141.74,205593.59679999997
2026-06-22T14:00:00.000Z,141.73,142.05,141.48,141.95,159679.465329
2026-06-22T14:15:00.000Z,141.96,142.48,141.96,142.2399,214996.271023
2026-06-22T14:30:00.000Z,142.24,142.4,141.69,142.06,191441.184558
2026-06-22T14:45:00.000Z,142.09,142.2099,141.76,141.775,204277.57699899998
2026-06-22T15:00:00.000Z,141.775,141.87,141.48,141.75,370325.84854599996
2026-06-22T15:15:00.000Z,141.73,142.14,141.63,142.03,245119.455195
2026-06-22T15:30:00.000Z,142,142.19,141.78,141.93,233392.840431
2026-06-22T15:45:00.000Z,141.93,142.01,141.65,141.82,218361.57351199997
2026-06-22T16:00:00.000Z,141.83,141.96,141.745,141.84,143407.194036
2026-06-22T16:15:00.000Z,141.85,142.01,141.68,141.75,133728.20735500002
2026-06-22T16:30:00.000Z,141.74,141.9,141.585,141.64,101656.13485
2026-06-22T16:45:00.000Z,141.62,141.735,141.47,141.609,368642.16410399997
2026-06-22T17:00:00.000Z,141.6,141.96,141.565,141.895,150103.703279
2026-06-22T17:15:00.000Z,141.91,141.94,141.37,141.43,175703.327086
2026-06-22T17:30:00.000Z,141.435,141.505,141.31,141.34,139546.42503899997
2026-06-22T17:45:00.000Z,141.34,141.395,140.98,141.0465,125280.98962499999
2026-06-22T18:00:00.000Z,141.02,141.14,140.84,141.13,180785.872118
2026-06-22T18:15:00.000Z,141.13,141.13,140.97,141,105690.02307500002
2026-06-22T18:30:00.000Z,140.98,141.065,140.79,140.865,324081.9083419999
2026-06-22T18:45:00.000Z,140.86,140.87,140.5475,140.57,168950.355677
2026-06-22T19:00:00.000Z,140.585,140.89,140.53,140.89,207634.39723300003
2026-06-22T19:15:00.000Z,140.9,140.91,140.5601,140.575,186725.20314899998
2026-06-22T19:30:00.000Z,140.57,140.7469,140.48,140.71,260908.92914000002
2026-06-22T19:45:00.000Z,140.71,140.89,140.565,140.66,928119.132642
2026-06-23T13:30:00.000Z,143.675,143.675,141.79,142.22,410258.18742000003
2026-06-23T13:45:00.000Z,142.205,142.5392,141.82,141.89,136235.416289
2026-06-23T14:00:00.000Z,141.88,141.96,141.4,141.7488,184917.89066299994
2026-06-23T14:15:00.000Z,141.74,141.95,141.455,141.77,181878.70237900002
2026-06-23T14:30:00.000Z,141.72,142.05,141.05,141.64,164763.203664
2026-06-23T14:45:00.000Z,141.66,141.73,141.18,141.6,177010.60722099995
2026-06-23T15:00:00.000Z,141.57,141.93,141.4,141.825,176539.06443299996
2026-06-23T15:15:00.000Z,141.77,141.96,141.605,141.63,134857.611314
2026-06-23T15:30:00.000Z,141.66,141.765,141.34,141.49,121816.59245499999
2026-06-23T15:45:00.000Z,141.52,141.795,141.4,141.495,138604.45227000004
2026-06-23T16:00:00.000Z,141.5,141.51,141.05,141.185,126257.602548
2026-06-23T16:15:00.000Z,141.19,141.27,141.035,141.11,105417.65724100001
2026-06-23T16:30:00.000Z,141.11,141.27,141.02,141.05,109241.010069
2026-06-23T16:45:00.000Z,141.06,141.16,140.87,140.95,110301.123019
2026-06-23T17:00:00.000Z,140.94,141.155,140.865,141.145,160150.32823600003
2026-06-23T17:15:00.000Z,141.135,141.315,141.075,141.1709,163371.96619200002
2026-06-23T17:30:00.000Z,141.18,141.39,141.095,141.39,91584.469692
2026-06-23T17:45:00.000Z,141.38,141.615,141.34,141.615,140032.15648499998
2026-06-23T18:00:00.000Z,141.6,141.78,141.41,141.765,97824.45272
2026-06-23T18:15:00.000Z,141.77,141.94,141.76,141.88,102287.99899999997
2026-06-23T18:30:00.000Z,141.88,142.13,141.845,142.065,153655.93745099998
2026-06-23T18:45:00.000Z,142.07,142.17,141.93,142.05,156813.45295900002
2026-06-23T19:00:00.000Z,142.06,142.07,141.756,141.84,189521.26315
2026-06-23T19:15:00.000Z,141.845,142.12,141.77,141.99,168300.584463
2026-06-23T19:30:00.000Z,142,142.02,141.76,141.86,243511.12156700005
2026-06-23T19:45:00.000Z,141.86,142.36,141.81,142.04,1029258.1615130001
2026-06-24T13:30:00.000Z,142.02,143.53,141.67,143.4875,351985.460182
2026-06-24T13:45:00.000Z,143.51,143.55,142.5,142.81,225083.952401
2026-06-24T14:00:00.000Z,142.84,143.13,142.395,142.735,221486.80544999996
2026-06-24T14:15:00.000Z,142.765,143.34,142.735,142.76,179120.730532
2026-06-24T14:30:00.000Z,142.77,142.865,142.385,142.425,186667.994553
2026-06-24T14:45:00.000Z,142.47,143.1,142.23,142.845,193159.53793199995
2026-06-24T15:00:00.000Z,142.87,143.24,142.835,143.09,242638.13190600002
2026-06-24T15:15:00.000Z,143.1,143.74,143.09,143.425,202690.404425
2026-06-24T15:30:00.000Z,143.44,143.65,143.255,143.41,154073.90890100002
2026-06-24T15:45:00.000Z,143.42,143.48,143.08,143.17,103528.00891700001
2026-06-24T16:00:00.000Z,143.19,143.38,143.11,143.355,138000.225857
2026-06-24T16:15:00.000Z,143.355,143.435,143.085,143.12,87429.955814
2026-06-24T16:30:00.000Z,143.13,143.33,142.9202,142.9202,114198.770196
2026-06-24T16:45:00.000Z,142.87,142.89,142.6,142.63,82465.44364900001
2026-06-24T17:00:00.000Z,142.64,142.685,142.51,142.51,87581.78992200001
2026-06-24T17:15:00.000Z,142.525,142.545,142.189,142.2,112776.52033800002
2026-06-24T17:30:00.000Z,142.2,142.32,141.975,142.04,141839.701795
2026-06-24T17:45:00.000Z,142.025,142.1099,141.93,142.02,156355.078687
2026-06-24T18:00:00.000Z,142.02,142.34,142.02,142.28,188688.746197
2026-06-24T18:15:00.000Z,142.3,142.62,142.18,142.615,106652.347035
2026-06-24T18:30:00.000Z,142.61,142.92,142.61,142.895,105386.40813999998
2026-06-24T18:45:00.000Z,142.8925,143.01,142.8601,142.94,109449.076572
2026-06-24T19:00:00.000Z,142.93,143.14,142.85,142.96,146754.229117
2026-06-24T19:15:00.000Z,142.96,143.03,142.45,142.4999,151283.717359
2026-06-24T19:30:00.000Z,142.48,142.48,141.95,142.36,216224.31991599998
2026-06-24T19:45:00.000Z,142.33,142.6,142.165,142.25,671381.72067
2026-06-25T13:30:00.000Z,141.99,142.86,141.67,142.12,389750.29208799993
2026-06-25T13:45:00.000Z,142.05,143.015,141.89,142.66,230491.331883
2026-06-25T14:00:00.000Z,142.7,143.1,141.67,141.99,235826.13531299995
2026-06-25T14:15:00.000Z,141.94,142.015,141.305,141.65,147689.70692400003
2026-06-25T14:30:00.000Z,141.65,141.67,140.75,140.95,140497.564279
2026-06-25T14:45:00.000Z,140.985,141.14,140.345,140.345,189876.74100399998
2026-06-25T15:00:00.000Z,140.32,141.15,140.29,141.1,212872.160576
2026-06-25T15:15:00.000Z,141,141.06,140.45,140.46,189165.673226
2026-06-25T15:30:00.000Z,140.4,140.67,140.07,140.62,210089.086345
2026-06-25T15:45:00.000Z,140.635,140.92,140.62,140.685,131560.524133
2026-06-25T16:00:00.000Z,140.73,140.76,140.365,140.54,114662.862011
2026-06-25T16:15:00.000Z,140.53,140.55,140.15,140.215,108938.45031299998
2026-06-25T16:30:00.000Z,140.24,140.29,140.135,140.28,128005.54888199999
2026-06-25T16:45:00.000Z,140.29,140.37,140.04,140.165,114679.824529
2026-06-25T17:00:00.000Z,140.16,140.27,139.91,139.99,135118.554663
2026-06-25T17:15:00.000Z,140.02,140.0599,139.68,139.76,118800.92217500001
2026-06-25T17:30:00.000Z,139.755,139.8,139.515,139.53,106768.318534
2026-06-25T17:45:00.000Z,139.55,139.62,139.425,139.515,93433.179607
2026-06-25T18:00:00.000Z,139.5155,139.8412,139.37,139.44,170185.20836299998
2026-06-25T18:15:00.000Z,139.47,139.785,139.4543,139.715,105316.619825
2026-06-25T18:30:00.000Z,139.72,139.97,139.65,139.795,89104.051139
2026-06-25T18:45:00.000Z,139.81,139.94,139.74,139.8,117254.922814
2026-06-25T19:00:00.000Z,139.79,140.155,139.78,140.08,115357.18559099999
2026-06-25T19:15:00.000Z,140.07,140.275,140.025,140.07,139375.879265
2026-06-25T19:30:00.000Z,140.03,140.05,139.61,139.68,178647.167406
2026-06-25T19:45:00.000Z,139.66,139.88,139.38,139.53,608068.131293
2026-06-26T13:30:00.000Z,140.52,141.58,140.2,141.545,374344.8564060001
2026-06-26T13:45:00.000Z,141.54,141.9,141.365,141.465,181293.62031300002
2026-06-26T14:00:00.000Z,141.445,141.502,140.9,141.07,182984.041665
2026-06-26T14:15:00.000Z,141.06,141.48,141.03,141.14,151636.328131
2026-06-26T14:30:00.000Z,141.19,141.43,140.96,141.375,147978.22913199998
2026-06-26T14:45:00.000Z,141.365,141.76,141.2,141.68,181401.862525
2026-06-26T15:00:00.000Z,141.65,142.1,141.64,142.03,130813.42481000003
2026-06-26T15:15:00.000Z,142.08,142.14,141.87,141.9,131469.362103
2026-06-26T15:30:00.000Z,141.9,141.9063,141.41,141.445,119981.760074
2026-06-26T15:45:00.000Z,141.48,141.67,141.37,141.57,138313.773544
2026-06-26T16:00:00.000Z,141.53,141.8,141.51,141.71,97278.110116
2026-06-26T16:15:00.000Z,141.72,141.81,141.34,141.34,105645.717452
2026-06-26T16:30:00.000Z,141.34,141.5,141.23,141.25,119016.34961099998
2026-06-26T16:45:00.000Z,141.2601,141.3725,141.13,141.35,81443.183328
2026-06-26T17:00:00.000Z,141.34,141.4,141.045,141.08,90329.30760700001
2026-06-26T17:15:00.000Z,141.07,141.18,141.03,141.125,76113.608017
2026-06-26T17:30:00.000Z,141.14,141.28,141.1,141.19,90488.92646700001
2026-06-26T17:45:00.000Z,141.175,141.37,141.15,141.27,102056.62219200001
2026-06-26T18:00:00.000Z,141.27,141.38,141.26,141.34,101380.77653100001
2026-06-26T18:15:00.000Z,141.36,141.451,141.3,141.415,83209.61128800001
2026-06-26T18:30:00.000Z,141.42,141.56,141.38,141.46,116992.014167
2026-06-26T18:45:00.000Z,141.465,141.465,141.285,141.4,100942.172385
2026-06-26T19:00:00.000Z,141.4,141.48,141.05,141.08,189223.25432
2026-06-26T19:15:00.000Z,141.08,141.34,141.02,141.22,210622.838581
2026-06-26T19:30:00.000Z,141.23,141.29,141,141.07,223759.70607899997
2026-06-26T19:45:00.000Z,141.11,141.44,140.65,141.18,1067341.873177
2026-06-29T13:30:00.000Z,141.965,142.37,140.31,141.08,417629.662806
2026-06-29T13:45:00.000Z,141.12,141.2,140.36,140.55,320018.26163399994
2026-06-29T14:00:00.000Z,140.6,141.22,140.24,141.18,249894.387467
2026-06-29T14:15:00.000Z,141.13,141.25,140.45,140.46,282138.942314
2026-06-29T14:30:00.000Z,140.44,140.62,139.96,140.31,239222.46010799997
2026-06-29T14:45:00.000Z,140.335,140.69,139.52,139.53,200216.13305899999
2026-06-29T15:00:00.000Z,139.535,139.74,139.37,139.46,243142.62405999994
2026-06-29T15:15:00.000Z,139.44,139.92,139.34,139.725,189897.000703
2026-06-29T15:30:00.000Z,139.71,139.71,139.18,139.2,253781.43244699997
2026-06-29T15:45:00.000Z,139.21,139.35,138.915,139.04,180459.328855
2026-06-29T16:00:00.000Z,139.0899,139.1,138.88,138.95,166593.921915
2026-06-29T16:15:00.000Z,138.95,138.96,138.17,138.3901,306194.005037
2026-06-29T16:30:00.000Z,138.4197,138.56,138.0501,138.185,191313.658558
2026-06-29T16:45:00.000Z,138.2199,138.23,137.96,138.1,194748.264344
2026-06-29T17:00:00.000Z,138.095,138.24,138.03,138.08,178550.46448799997
2026-06-29T17:15:00.000Z,138.06,138.3399,138.01,138.17,180631.67493699997
2026-06-29T17:30:00.000Z,138.18,138.33,138.11,138.17,175039.47149499998
2026-06-29T17:45:00.000Z,138.18,138.2385,137.76,138.0334,228636.89961
2026-06-29T18:00:00.000Z,138.03,138.09,137.86,137.94,166729.09851299998
2026-06-29T18:15:00.000Z,137.945,137.98,137.73,137.93,190543.48994300002
2026-06-29T18:30:00.000Z,137.93,138.04,137.65,137.74,160778.765662
2026-06-29T18:45:00.000Z,137.735,137.8,137.59,137.645,297976.47922200005
2026-06-29T19:00:00.000Z,137.63,137.97,137.53,137.75,294503.45491400006
2026-06-29T19:15:00.000Z,137.78,137.96,137.62,137.79,233069.952208
2026-06-29T19:30:00.000Z,137.78,137.98,137.6678,137.8,276279.350736
2026-06-29T19:45:00.000Z,137.8025,138.8,137.75,138.65,1292568.585119
2026-06-30T13:30:00.000Z,138.81,139.14,138.09,138.58,577958.6167430001
2026-06-30T13:45:00.000Z,138.58,138.69,137.46,137.56,288122.24154899997
2026-06-30T14:00:00.000Z,137.5,137.66,137.02,137.21,309399.56787699996
2026-06-30T14:15:00.000Z,137.21,137.35,136.62,136.7,294585.776573
2026-06-30T14:30:00.000Z,136.685,136.9,136.61,136.67,207409.018424
2026-06-30T14:45:00.000Z,136.67,136.96,136.54,136.645,211491.40273800006
2026-06-30T15:00:00.000Z,136.65,136.68,136.02,136.145,328056.349023
2026-06-30T15:15:00.000Z,136.135,136.135,135.79,136.08,272561.15737399994
2026-06-30T15:30:00.000Z,136.1,136.45,136.03,136.32,195075.641429
2026-06-30T15:45:00.000Z,136.35,136.47,136.21,136.325,144390.852327
2026-06-30T16:00:00.000Z,136.32,136.365,136.1,136.336,153323.818762
2026-06-30T16:15:00.000Z,136.3061,136.5399,136.08,136.4719,157484.047257
2026-06-30T16:30:00.000Z,136.47,136.725,136.4552,136.67,185361.369113
2026-06-30T16:45:00.000Z,136.68,136.7094,136.33,136.565,124620.92088599999
2026-06-30T17:00:00.000Z,136.565,136.61,136.4001,136.61,335335.49841699994
2026-06-30T17:15:00.000Z,136.6,136.8,136.39,136.645,211609.953948
2026-06-30T17:30:00.000Z,136.63,136.89,136.6275,136.82,310635.069709
2026-06-30T17:45:00.000Z,136.85,136.945,136.645,136.72,283718.13538700005
2026-06-30T18:00:00.000Z,136.72,136.925,136.5651,136.86,215593.13540399994
2026-06-30T18:15:00.000Z,136.86,136.9,136.43,136.47,148884.798942
2026-06-30T18:30:00.000Z,136.47,136.55,136.35,136.47,170414.598751
2026-06-30T18:45:00.000Z,136.48,136.54,136.24,136.25,193589.58309000003
2026-06-30T19:00:00.000Z,136.26,136.345,136.115,136.19,294679.03849099996
2026-06-30T19:15:00.000Z,136.2,136.2651,135.785,135.81,463259.66515300004
2026-06-30T19:30:00.000Z,135.82,135.88,135.36,135.37,523514.02949900005
2026-06-30T19:45:00.000Z,135.37,135.58,134.94,135.39,1923818.702828
2026-07-01T13:30:00.000Z,137.21,139.615,136.61,139.4,756370.017887
2026-07-01T13:45:00.000Z,139.46,139.695,138.87,139.33,358025.57961300004
2026-07-01T14:00:00.000Z,139.2825,139.895,139.04,139.67,252311.912113
2026-07-01T14:15:00.000Z,139.67,139.96,139.5,139.65,254962.51413700002
2026-07-01T14:30:00.000Z,139.63,140.14,139.53,140.085,339302.25714800006
2026-07-01T14:45:00.000Z,140.085,140.335,139.955,140.05,267064.54535000003
2026-07-01T15:00:00.000Z,140.05,140.1,139.59,139.9,477633.964393
2026-07-01T15:15:00.000Z,139.87,140.02,139.58,139.7,266342.79637600004
2026-07-01T15:30:00.000Z,139.73,140.15,139.46,140.06,287737.30449300003
2026-07-01T15:45:00.000Z,140.08,140.27,140.01,140.06,161151.818034
2026-07-01T16:00:00.000Z,140.03,140.285,139.955,140.28,166390.05835700003
2026-07-01T16:15:00.000Z,140.28,140.296,140.14,140.23,113216.88878400001
2026-07-01T16:30:00.000Z,140.235,140.38,140.16,140.27,122423.922556
2026-07-01T16:45:00.000Z,140.29,140.3,140.085,140.1,126607.13750099999
2026-07-01T17:00:00.000Z,140.08,140.51,140.04,140.46,152769.611603
2026-07-01T17:15:00.000Z,140.47,140.53,140.2,140.23,143319.815469
2026-07-01T17:30:00.000Z,140.22,140.565,140.215,140.565,186962.07648
2026-07-01T17:45:00.000Z,140.55,140.85,140.53,140.83,176773.17871900002
2026-07-01T18:00:00.000Z,140.83,140.84,140.56,140.62,169379.86969300002
2026-07-01T18:15:00.000Z,140.61,140.91,140.6,140.83,169343.500746
2026-07-01T18:30:00.000Z,140.83,141.1,140.76,141.03,231887.419586
2026-07-01T18:45:00.000Z,141.03,141.34,140.97,141.1399,232398.69054500002
2026-07-01T19:00:00.000Z,141.1399,141.18,140.45,140.6,192404.22605899998
2026-07-01T19:15:00.000Z,140.6,140.805,140.375,140.38,242696.74020200007
2026-07-01T19:30:00.000Z,140.365,140.57,140.21,140.44,304389.96517000004
2026-07-01T19:45:00.000Z,140.44,141.32,140.22,141.18,1199497.490646
2026-07-02T13:30:00.000Z,143.235,143.99,142.44,143.74,940843.694059
2026-07-02T13:45:00.000Z,143.7,143.91,142.605,143.095,512401.24027600006
2026-07-02T14:00:00.000Z,143.1,143.5,142.32,142.43,508482.87384300004
2026-07-02T14:15:00.000Z,142.38,143.2,142.1599,143.1,347560.63667299994
2026-07-02T14:30:00.000Z,143.12,143.53,142.64,143.35,263336.311736
2026-07-02T14:45:00.000Z,143.37,144.1,143.2691,143.81,306414.81457999995
2026-07-02T15:00:00.000Z,143.795,144.3,143.76,144.23,269671.2940260001
2026-07-02T15:15:00.000Z,144.22,144.65,144.07,144.125,224936.55278800003
2026-07-02T15:30:00.000Z,144.14,144.185,143.11,143.32,477050.283649
2026-07-02T15:45:00.000Z,143.315,143.62,143.095,143.61,481559.49039500003
2026-07-02T16:00:00.000Z,143.63,143.8,143.155,143.22,602617.125752
2026-07-02T16:15:00.000Z,143.25,143.75,143.2,143.565,293175.68646600004
2026-07-02T16:30:00.000Z,143.54,143.855,143.5,143.67,474913.57607199997
2026-07-02T16:45:00.000Z,143.69,144.14,143.685,144.1,150981.13949099998
2026-07-02T17:00:00.000Z,144.08,144.15,143.7,143.73,262370.01351499994
2026-07-02T17:15:00.000Z,143.75,143.82,143.47,143.63,128676.969738
2026-07-02T17:30:00.000Z,143.62,143.835,143.535,143.615,183829.847717
2026-07-02T17:45:00.000Z,143.615,143.88,143.585,143.785,218369.56488299998
2026-07-02T18:00:00.000Z,143.78,143.85,143.35,143.4,186329.61561300003
2026-07-02T18:15:00.000Z,143.42,143.745,143.42,143.57,157797.980081
2026-07-02T18:30:00.000Z,143.59,143.9623,143.525,143.9603,146526.16829200002
2026-07-02T18:45:00.000Z,143.96,144.095,143.825,143.93,206600.91155199998
2026-07-02T19:00:00.000Z,143.94,144.26,143.89,144.24,225258.55640200002
2026-07-02T19:15:00.000Z,144.23,144.74,144.21,144.45,283739.4870479999
2026-07-02T19:30:00.000Z,144.45,144.519,144.13,144.385,359037.163946
2026-07-02T19:45:00.000Z,144.36,144.52,144.09,144.15,1064563.574058
2026-07-06T13:30:00.000Z,144.24,144.7,142.15,142.445,705432.29165
2026-07-06T13:45:00.000Z,142.49,142.57,141.64,142.125,307531.770072
2026-07-06T14:00:00.000Z,142.08,142.1299,141.525,141.63,309153.77251499996
2026-07-06T14:15:00.000Z,141.61,141.76,141.38,141.52,186498.674618
2026-07-06T14:30:00.000Z,141.5001,141.8969,141.41,141.83,174667.105495
2026-07-06T14:45:00.000Z,141.81,142.14,141.645,142.02,158807.530926
2026-07-06T15:00:00.000Z,142,142.29,141.7425,141.98,200300.833668
2026-07-06T15:15:00.000Z,141.995,142.14,141.71,141.73,194167.289541
2026-07-06T15:30:00.000Z,141.73,141.99,141.625,141.92,203212.59472800003
2026-07-06T15:45:00.000Z,141.925,142.11,141.75,141.8,147841.594719
2026-07-06T16:00:00.000Z,141.8,141.96,141.5644,141.66,165008.74867800003
2026-07-06T16:15:00.000Z,141.66,142,141.56,141.84,180764.15416499999
2026-07-06T16:30:00.000Z,141.86,142.08,141.72,141.88,178946.63095299999
2026-07-06T16:45:00.000Z,141.9,142.54,141.89,142.51,175474.87923999998
2026-07-06T17:00:00.000Z,142.51,142.73,142.51,142.655,117584.50489200001
2026-07-06T17:15:00.000Z,142.66,142.9,142.555,142.9,143549.02611200002
2026-07-06T17:30:00.000Z,142.89,143.03,142.83,142.9,130444.24221099999
2026-07-06T17:45:00.000Z,142.9,143.01,142.85,142.95,143530.629815
2026-07-06T18:00:00.000Z,142.96,143.31,142.94,143.065,177006.49245299998
2026-07-06T18:15:00.000Z,143.05,143.185,143,143.08,135939.45501099998
2026-07-06T18:30:00.000Z,143.0811,143.16,142.79,142.8695,169385.162094
2026-07-06T18:45:00.000Z,142.86,143.36,142.8,143.356,174431.092653
2026-07-06T19:00:00.000Z,143.34,143.6,143.29,143.38,156061.110608
2026-07-06T19:15:00.000Z,143.4,143.45,143.2433,143.33,200748.82089100004
2026-07-06T19:30:00.000Z,143.33,143.43,142.93,143.175,302921.801423
2026-07-06T19:45:00.000Z,143.18,143.45,143.05,143.31,836103.227152
2026-07-07T13:30:00.000Z,146.99,148.75,146,148.0101,693609.861673
2026-07-07T13:45:00.000Z,148.05,149.02,147.9,147.915,415895.4889579999
2026-07-07T14:00:00.000Z,147.97,148.57,147.82,148.33,399890.96218100004
2026-07-07T14:15:00.000Z,148.3471,148.83,148.14,148.14,333862.9710789999
2026-07-07T14:30:00.000Z,148.1,149.04,148.1,148.69,385819.0109179999
2026-07-07T14:45:00.000Z,148.73,148.785,147.735,147.93,272596.77099099994
2026-07-07T15:00:00.000Z,147.93,147.975,147.09,147.2,184672.32609999998
2026-07-07T15:15:00.000Z,147.22,147.53,146.71,146.73,251562.351026
2026-07-07T15:30:00.000Z,146.75,147.11,146.58,146.89,239005.00322299998
2026-07-07T15:45:00.000Z,146.9,147.15,146.28,146.33,305688.005273
2026-07-07T16:00:00.000Z,146.4,146.43,146.03,146.27,139773.53353899997
2026-07-07T16:15:00.000Z,146.28,146.35,145.9,145.99,137148.96904499998
2026-07-07T16:30:00.000Z,145.99,146.165,145.9191,145.93,108253.82415200002
2026-07-07T16:45:00.000Z,145.93,146.03,145.74,145.955,118546.246439
2026-07-07T17:00:00.000Z,145.985,145.99,145.53,145.74,118438.573833
2026-07-07T17:15:00.000Z,145.745,145.8,145.41,145.485,102402.25270699999
2026-07-07T17:30:00.000Z,145.5,145.525,145.18,145.205,126547.58208200001
2026-07-07T17:45:00.000Z,145.219,145.44,145.08,145.12,114164.917483
2026-07-07T18:00:00.000Z,145.09,145.13,144.795,144.86,163888.01122600003
2026-07-07T18:15:00.000Z,144.87,144.92,144.72,144.745,131892.17523800003
2026-07-07T18:30:00.000Z,144.75,145.275,144.54,145.26,175940.23900799995
2026-07-07T18:45:00.000Z,145.26,145.285,144.775,145.005,186788.576559
2026-07-07T19:00:00.000Z,145,145.2,144.8,144.89,341173.7313810001
2026-07-07T19:15:00.000Z,144.898,145.48,144.898,145.1,429921.190252
2026-07-07T19:30:00.000Z,145.11,145.12,144.76,144.93,278655.038178
2026-07-07T19:45:00.000Z,144.92,145.26,144.69,144.96,787098.000067
2026-07-08T13:30:00.000Z,146,146,142.83,143.62,520988.02839200007
2026-07-08T13:45:00.000Z,143.665,144.46,142.82,143.81,252767.877682
2026-07-08T14:00:00.000Z,143.81,144.23,143.37,143.86,264269.16992
2026-07-08T14:15:00.000Z,143.86,144.23,143.7,143.77,150826.134994
2026-07-08T14:30:00.000Z,143.76,144.65,143.75,144.62,171632.495186
2026-07-08T14:45:00.000Z,144.61,144.94,144.07,144.3551,344481.65284900006
2026-07-08T15:00:00.000Z,144.355,144.61,144.11,144.435,221129.11683599994
2026-07-08T15:15:00.000Z,144.41,144.64,144.17,144.5222,188279.10956
2026-07-08T15:30:00.000Z,144.535,144.535,144.1626,144.42,142305.611867
2026-07-08T15:45:00.000Z,144.4,144.92,144.35,144.77,190089.01674700002
2026-07-08T16:00:00.000Z,144.735,144.74,144.18,144.24,184923.714518
2026-07-08T16:15:00.000Z,144.24,144.37,143.77,143.89,182715.243199
2026-07-08T16:30:00.000Z,143.89,144.16,143.8025,143.975,156540.042306
2026-07-08T16:45:00.000Z,144.02,144.06,143.82,143.88,129599.300059
2026-07-08T17:00:00.000Z,143.85,144.02,143.675,143.8946,159472.090153
2026-07-08T17:15:00.000Z,143.88,143.92,143.43,143.4507,234897.44637499997
2026-07-08T17:30:00.000Z,143.45,143.815,143.43,143.76,170841.205751
2026-07-08T17:45:00.000Z,143.75,143.86,143.6001,143.735,176164.28222700005
2026-07-08T18:00:00.000Z,143.7,144.27,143.615,144.22,249008.538885
2026-07-08T18:15:00.000Z,144.235,144.28,144.08,144.11,202734.83544400003
2026-07-08T18:30:00.000Z,144.105,144.15,143.77,143.93,144533.85869199998
2026-07-08T18:45:00.000Z,143.93,143.94,143.58,143.61,186566.34465900002
2026-07-08T19:00:00.000Z,143.6,143.97,143.54,143.93,306625.710981
2026-07-08T19:15:00.000Z,143.9292,144.075,143.52,143.58,404187.638295
2026-07-08T19:30:00.000Z,143.59,143.78,143.25,143.38,445132.78383599996
2026-07-08T19:45:00.000Z,143.38,143.55,142.44,142.48,1288650.317405
2026-07-09T13:30:00.000Z,137.085,137.22,134.69,135.915,1738815.6550599998
2026-07-09T13:45:00.000Z,135.89,136.9,135.29,135.665,983550.736554
2026-07-09T14:00:00.000Z,135.63,135.71,134.87,135.435,856352.575254
2026-07-09T14:15:00.000Z,135.42,137.02,135.345,136.755,671207.2899570001
2026-07-09T14:30:00.000Z,136.76,137.2,136.23,136.5325,736112.4914039999
2026-07-09T14:45:00.000Z,136.545,136.99,136.07,136.85,556875.8055009999
2026-07-09T15:00:00.000Z,136.845,137.31,136.59,136.99,403706.457689
2026-07-09T15:15:00.000Z,137.02,137.58,136.94,137.46,350057.80364
2026-07-09T15:30:00.000Z,137.48,137.675,137.32,137.595,288067.497231
2026-07-09T15:45:00.000Z,137.57,138.04,137.345,137.905,377109.847737
2026-07-09T16:00:00.000Z,137.91,138.0375,137.02,137.675,459989.392588
2026-07-09T16:15:00.000Z,137.68,137.82,137.55,137.71,290615.98535200005
2026-07-09T16:30:00.000Z,137.695,138.1699,137.68,137.685,431828.00540100003
2026-07-09T16:45:00.000Z,137.685,137.9883,137.57,137.975,255923.42409800002
2026-07-09T17:00:00.000Z,137.975,138.54,137.795,138.5,348345.22187199997
2026-07-09T17:15:00.000Z,138.52,138.56,138.11,138.37,314656.861103
2026-07-09T17:30:00.000Z,138.35,138.42,138.01,138.23,248801.105351
2026-07-09T17:45:00.000Z,138.23,138.4075,138.16,138.285,205173.839439
2026-07-09T18:00:00.000Z,138.3095,138.61,138.245,138.54,239941.52247799997
2026-07-09T18:15:00.000Z,138.53,138.74,137.62,137.625,413596.591503
2026-07-09T18:30:00.000Z,137.625,137.625,136.84,136.98,399874.024501
2026-07-09T18:45:00.000Z,136.95,137.13,136.33,137.05,426848.687256
2026-07-09T19:00:00.000Z,137.04,137.695,137.005,137.695,300621.09135400003
2026-07-09T19:15:00.000Z,137.72,137.8674,137.4,137.62,337162.84482999996
2026-07-09T19:30:00.000Z,137.63,137.7999,137.13,137.57,406146.071586
2026-07-09T19:45:00.000Z,137.58,137.9886,137.29,137.86,1383928.4037740002
2026-07-10T13:30:00.000Z,135.857,136.89,135.31,136.575,732632.70242
2026-07-10T13:45:00.000Z,136.515,137.03,136.125,136.985,367092.2946589999
2026-07-10T14:00:00.000Z,137.01,137.55,136.975,137.445,302397.811936
2026-07-10T14:15:00.000Z,137.48,137.96,137.21,137.57,328896.03000599996
2026-07-10T14:30:00.000Z,137.55,137.645,136.88,137.485,260042.59427099998
2026-07-10T14:45:00.000Z,137.51,137.5899,137.18,137.35,206626.000566
2026-07-10T15:00:00.000Z,137.3489,137.42,136.53,136.6,257872.54652499995
2026-07-10T15:15:00.000Z,136.57,136.95,136.47,136.74,182479.152893
2026-07-10T15:30:00.000Z,136.735,136.88,136.615,136.81,146691.165003
2026-07-10T15:45:00.000Z,136.77,136.77,136.43,136.47,168313.027702
2026-07-10T16:00:00.000Z,136.5097,136.7,136.435,136.685,143631.38392300002
2026-07-10T16:15:00.000Z,136.7,136.875,136.59,136.71,179704.145461
2026-07-10T16:30:00.000Z,136.73,136.74,136.4301,136.47,189275.167562
2026-07-10T16:45:00.000Z,136.445,136.9,136.16,136.87,339618.66110200004
2026-07-10T17:00:00.000Z,136.8401,136.9,136.71,136.78,253691.34441700004
2026-07-10T17:15:00.000Z,136.7745,137,136.71,137,247707.766781
2026-07-10T17:30:00.000Z,136.99,137.155,136.86,137.05,357668.43518900004
2026-07-10T17:45:00.000Z,137.03,137.32,137.01,137.23,252632.94720900003
2026-07-10T18:00:00.000Z,137.22,137.235,136.875,137.085,130583.713549
2026-07-10T18:15:00.000Z,137.0672,137.18,136.86,137.15,313960.02047900006
2026-07-10T18:30:00.000Z,137.15,137.19,136.85,136.94,138278.837385
2026-07-10T18:45:00.000Z,136.945,137.29,136.94,137.125,212479.54254700002
2026-07-10T19:00:00.000Z,137.145,137.339,137.1,137.27,176643.76047600002
2026-07-10T19:15:00.000Z,137.26,137.39,137.18,137.19,178692.320776
2026-07-10T19:30:00.000Z,137.18,137.42,137.155,137.29,226125.410912
2026-07-10T19:45:00.000Z,137.3,137.44,137.1175,137.39,796877.3709479999
2026-07-13T13:30:00.000Z,138.02,139.79,137.75,139.46,527123.0776109999
2026-07-13T13:45:00.000Z,139.39,140.25,139.16,139.72,336852.109513
2026-07-13T14:00:00.000Z,139.73,140.06,139.49,139.76,369916.2709250001
2026-07-13T14:15:00.000Z,139.77,139.88,138.77,138.77,215544.624076
2026-07-13T14:30:00.000Z,138.725,139.04,138.54,138.94,173371.202235
2026-07-13T14:45:00.000Z,138.95,139.3,138.905,139.005,154915.48151
2026-07-13T15:00:00.000Z,139.03,139.09,138.53,138.6399,161998.87576300002
2026-07-13T15:15:00.000Z,138.61,138.69,138.35,138.5,140528.601596
2026-07-13T15:30:00.000Z,138.49,138.72,138.295,138.63,201348.842989
2026-07-13T15:45:00.000Z,138.635,138.87,138.49,138.75,128563.05165899998
2026-07-13T16:00:00.000Z,138.77,138.82,138.43,138.47,95700.31132400001
2026-07-13T16:15:00.000Z,138.48,138.55,138.19,138.19,108342.875399
2026-07-13T16:30:00.000Z,138.21,138.77,138.2,138.71,116280.38145800002
2026-07-13T16:45:00.000Z,138.68,138.7,138.43,138.53,101896.11377899999
2026-07-13T17:00:00.000Z,138.525,138.525,138.23,138.29,103866.21792099997
2026-07-13T17:15:00.000Z,138.3,138.555,138.265,138.475,92938.408434
2026-07-13T17:30:00.000Z,138.49,138.71,138.4001,138.67,106594.24456
2026-07-13T17:45:00.000Z,138.64,138.8299,138.5,138.55,112121.81364099999
2026-07-13T18:00:00.000Z,138.55,138.6,138.3701,138.55,82075.800639
2026-07-13T18:15:00.000Z,138.53,138.75,138.43,138.72,94971.47223300001
2026-07-13T18:30:00.000Z,138.74,139.02,138.71,138.84,152801.894955
2026-07-13T18:45:00.000Z,138.8897,138.8897,138.6,138.82,136463.247869
2026-07-13T19:00:00.000Z,138.84,138.99,138.62,138.99,141218.957451
2026-07-13T19:15:00.000Z,138.98,139.33,138.92,138.97,242658.75131099997
2026-07-13T19:30:00.000Z,138.95,139.005,138.69,138.732,215214.361454
2026-07-13T19:45:00.000Z,138.72,138.75,138.27,138.48,887310.5860269999
2026-07-14T13:30:00.000Z,138.25,138.79,137.75,138.52,312291.295593
2026-07-14T13:45:00.000Z,138.53,138.55,137.68,137.985,221558.431924
2026-07-14T14:00:00.000Z,137.96,138.27,137.61,137.97,150018.607721
2026-07-14T14:15:00.000Z,137.97,138.05,137.39,137.398,134607.27234400003
2026-07-14T14:30:00.000Z,137.44,137.48,136.5,137.08,282608.471905
2026-07-14T14:45:00.000Z,137.1,137.235,136.88,136.93,152505.24305
2026-07-14T15:00:00.000Z,136.89,137.005,136.7601,136.82,201773.02836
2026-07-14T15:15:00.000Z,136.8,136.931,136.29,136.32,218105.65064199996
2026-07-14T15:30:00.000Z,136.32,136.62,136.32,136.4374,181472.81983800002
2026-07-14T15:45:00.000Z,136.47,136.57,136.28,136.31,132922.09383099998
2026-07-14T16:00:00.000Z,136.3,136.44,136.22,136.38,159417.86185800002
2026-07-14T16:15:00.000Z,136.37,136.44,136.04,136.05,191129.290452
2026-07-14T16:30:00.000Z,136.065,136.355,136.01,136.065,156221.29615200002
2026-07-14T16:45:00.000Z,136.06,136.07,135.785,135.79,249309.499007
2026-07-14T17:00:00.000Z,135.82,136.325,135.72,136.2711,216899.86344500002
2026-07-14T17:15:00.000Z,136.275,136.2788,135.98,136.05,136023.80997
2026-07-14T17:30:00.000Z,136.04,136.08,135.87,136.065,159163.87388199999
2026-07-14T17:45:00.000Z,136.065,136.11,136,136.056,136460.445366
2026-07-14T18:00:00.000Z,136.07,136.11,135.83,135.859,141467.40831099998
2026-07-14T18:15:00.000Z,135.86,136.0648,135.83,135.9475,883304.3264100001
2026-07-14T18:30:00.000Z,135.95,136.01,135.77,135.865,237009.177307
2026-07-14T18:45:00.000Z,135.88,135.96,135.73,135.73,216071.87503
2026-07-14T19:00:00.000Z,135.74,135.88,135.625,135.7,207690.73916
2026-07-14T19:15:00.000Z,135.695,136.13,135.67,136.125,202435.221386
2026-07-14T19:30:00.000Z,136.13,136.14,135.745,135.82,309142.321515
2026-07-14T19:45:00.000Z,135.81,135.8199,135.41,135.45,979606.570403
2026-07-15T13:30:00.000Z,135.09,135.74,134.6546,134.91,524849.269943
2026-07-15T13:45:00.000Z,134.935,135.42,134.85,135.285,251068.724991
2026-07-15T14:00:00.000Z,135.3,135.69,135.17,135.49,221465.77681100002
2026-07-15T14:15:00.000Z,135.5,136.19,135.47,135.86,291868.851686
2026-07-15T14:30:00.000Z,135.87,136.84,135.8,136.53,300934.232721
2026-07-15T14:45:00.000Z,136.545,136.99,136.345,136.79,228903.449161
2026-07-15T15:00:00.000Z,136.81,136.87,136.32,136.49,129939.82976200001
2026-07-15T15:15:00.000Z,136.48,136.82,136.43,136.43,132653.55677
2026-07-15T15:30:00.000Z,136.425,136.55,135.78,135.895,227939.26382000002
2026-07-15T15:45:00.000Z,135.905,136.06,135.615,135.67,190537.29904500002
2026-07-15T16:00:00.000Z,135.675,136.2,135.635,136.17,255467.283619
2026-07-15T16:15:00.000Z,136.17,136.59,136.02,136.185,277283.42694999994
2026-07-15T16:30:00.000Z,136.185,136.52,136.04,136.32,212354.37446300001
2026-07-15T16:45:00.000Z,136.34,136.41,135.85,135.9,189832.57237499996
2026-07-15T17:00:00.000Z,135.91,136.0799,135.8,136.01,136022.468687
2026-07-15T17:15:00.000Z,136.03,136.055,135.81,135.88,141521.26243
2026-07-15T17:30:00.000Z,135.89,136.16,135.845,136.16,110970.57494800001
2026-07-15T17:45:00.000Z,136.16,136.23,136.08,136.2,120859.50577799999
2026-07-15T18:00:00.000Z,136.1705,136.205,135.82,135.98,144620.56556200003
2026-07-15T18:15:00.000Z,135.99,136.15,135.84,135.975,128999.53293400002
2026-07-15T18:30:00.000Z,135.97,136.3021,135.92,136.21,114667.415842
2026-07-15T18:45:00.000Z,136.21,136.24,136,136.2,128076.78413400002
2026-07-15T19:00:00.000Z,136.17,136.19,135.66,135.87,135133.448085
2026-07-15T19:15:00.000Z,135.86,135.99,135.62,135.64,155156.049094
2026-07-15T19:30:00.000Z,135.62,135.625,135.175,135.35,261508.35883699998
2026-07-15T19:45:00.000Z,135.345,135.49,135.12,135.49,857370.5378930001
2026-07-16T13:30:00.000Z,137.035,138.6,136.5,138.58,555647.817417
2026-07-16T13:45:00.000Z,138.5,138.6,137.88,137.98,229672.022233
2026-07-16T14:00:00.000Z,138.01,138.08,136.9,136.96,215975.69257900002
2026-07-16T14:15:00.000Z,136.91,137.35,136.67,136.935,298227.56809799996
2026-07-16T14:30:00.000Z,136.92,137.02,136.5,137.02,246641.65870099998
2026-07-16T14:45:00.000Z,137.05,138.06,137.045,137.705,171898.277916
2026-07-16T15:00:00.000Z,137.6954,138.2,137.65,138.14,181480.63315900002
2026-07-16T15:15:00.000Z,138.15,138.405,137.98,138.37,256668.916953
2026-07-16T15:30:00.000Z,138.37,138.5,138.13,138.44,188221.744152
2026-07-16T15:45:00.000Z,138.44,138.7,138.27,138.28,168385.84609700003
2026-07-16T16:00:00.000Z,138.285,138.79,138.185,138.77,234013.12964800003
2026-07-16T16:15:00.000Z,138.78,139.01,138.455,138.455,189189.541308
2026-07-16T16:30:00.000Z,138.49,138.99,138.48,138.93,169967.609874
2026-07-16T16:45:00.000Z,138.94,139.04,138.77,138.89,173656.37122999996
2026-07-16T17:00:00.000Z,138.88,139,138.67,138.71,148845.664407
2026-07-16T17:15:00.000Z,138.69,138.84,138.585,138.61,144711.784857
2026-07-16T17:30:00.000Z,138.6,138.98,138.52,138.93,108585.43554599998
2026-07-16T17:45:00.000Z,138.94,139.1,138.82,138.97,164713.41887300002
2026-07-16T18:00:00.000Z,138.96,139.34,138.835,139.34,169726.522574
2026-07-16T18:15:00.000Z,139.32,139.41,139.09,139.09,170409.77501200003
2026-07-16T18:30:00.000Z,139.105,139.43,139.105,139.36,148891.15131200003
2026-07-16T18:45:00.000Z,139.36,139.5,139.24,139.26,140710.880753
2026-07-16T19:00:00.000Z,139.235,139.36,139.08,139.25,167414.69800599996
2026-07-16T19:15:00.000Z,139.2202,139.31,138.8,138.89,200718.828897
2026-07-16T19:30:00.000Z,138.9,139.37,138.83,139.365,266587.796948
2026-07-16T19:45:00.000Z,139.34,139.6199,139.17,139.42,652765.98174
2026-07-17T13:30:00.000Z,140.89,141.88,140.14,141.6,940160.8391799999
2026-07-17T13:45:00.000Z,141.54,141.96,140.99,141.275,764455.6153150001
2026-07-17T14:00:00.000Z,141.32,141.32,139.06,139.31,356854.34091499995
2026-07-17T14:15:00.000Z,139.3,139.52,138.94,139.16,148302.78045700002
2026-07-17T14:30:00.000Z,139.28,139.51,138.81,139.245,147733.281703
2026-07-17T14:45:00.000Z,139.3499,139.3499,138.62,139.3,410794.038851
2026-07-17T15:00:00.000Z,139.29,139.37,138.865,138.915,138324.250538
2026-07-17T15:15:00.000Z,138.915,139.03,138.7601,138.84,116895.22941900001
2026-07-17T15:30:00.000Z,138.81,138.98,138.57,138.62,170503.61804800003
2026-07-17T15:45:00.000Z,138.64,138.65,138.1,138.26,206366.13532499998
2026-07-17T16:00:00.000Z,138.24,138.26,137.565,137.64,225223.49504600003
2026-07-17T16:15:00.000Z,137.63,137.77,137.45,137.45,136507.004628
2026-07-17T16:30:00.000Z,137.46,137.61,137.24,137.305,105020.06972099998
2026-07-17T16:45:00.000Z,137.33,137.33,136.8205,136.91,151208.41763200003
2026-07-17T17:00:00.000Z,136.91,136.92,136.58,136.6173,182603.77298900002
2026-07-17T17:15:00.000Z,136.64,136.7051,136.45,136.53,175757.510344
2026-07-17T17:30:00.000Z,136.52,136.54,136.31,136.445,165890.84183000005
2026-07-17T17:45:00.000Z,136.44,136.46,136.18,136.31,131859.6176
2026-07-17T18:00:00.000Z,136.29,136.695,136.28,136.67,469718.6353889999
2026-07-17T18:15:00.000Z,136.65,136.78,136.545,136.55,154556.82573900002
2026-07-17T18:30:00.000Z,136.55,136.98,136.4672,136.9,144950.12338800004
2026-07-17T18:45:00.000Z,136.89,136.98,136.79,136.8,132619.69831100001
2026-07-17T19:00:00.000Z,136.795,137.14,136.68,137.11,183698.15289800003
2026-07-17T19:15:00.000Z,137.115,137.28,136.88,136.885,211630.07718000002
2026-07-17T19:30:00.000Z,136.86,136.87,136.64,136.87,280884.92004600004
2026-07-17T19:45:00.000Z,136.86,137.27,136.64,137.14,790974.7445739999
2026-07-20T13:30:00.000Z,137.57,137.59,135.91,135.97,335377.993367
2026-07-20T13:45:00.000Z,136,136.81,135.8,136.655,228329.436172
2026-07-20T14:00:00.000Z,136.665,136.81,136.26,136.45,201474.255748
2026-07-20T14:15:00.000Z,136.48,137.04,136.42,136.4901,182365.51266799998
2026-07-20T14:30:00.000Z,136.52,136.58,135.96,136.02,317873.664577
2026-07-20T14:45:00.000Z,136.06,136.23,135.99,136.15,188680.36485899996
2026-07-20T15:00:00.000Z,136.16,136.225,135.835,135.88,313668.34359
2026-07-20T15:15:00.000Z,135.87,135.88,135.5,135.68,819773.868584
2026-07-20T15:30:00.000Z,135.7,135.7,135.31,135.47,357720.32232
2026-07-20T15:45:00.000Z,135.49,135.6,134.84,134.9728,366289.961249
2026-07-20T16:00:00.000Z,134.975,135.015,134.55,134.68,380933.00118099997
2026-07-20T16:15:00.000Z,134.67,135.01,134.655,134.78,179703.64417299998
2026-07-20T16:30:00.000Z,134.8,135.03,134.5,134.985,280002.987464
2026-07-20T16:45:00.000Z,134.9811,135.01,134.4786,134.4786,192262.602534
2026-07-20T17:00:00.000Z,134.47,134.53,134.37,134.3801,195251.82701299997
2026-07-20T17:15:00.000Z,134.4,134.47,134.16,134.255,248021.46272200003
2026-07-20T17:30:00.000Z,134.27,134.27,133.95,134.04,374528.988974
2026-07-20T17:45:00.000Z,134.05,134.38,133.96,134.355,193884.24814399995
2026-07-20T18:00:00.000Z,134.36,134.705,134.36,134.52,167994.96954299998
2026-07-20T18:15:00.000Z,134.52,134.815,134.5101,134.809,160699.66506699997
2026-07-20T18:30:00.000Z,134.805,134.88,134.635,134.84,170089.816816
2026-07-20T18:45:00.000Z,134.85,134.96,134.71,134.83,126997.52442599999
2026-07-20T19:00:00.000Z,134.83,134.96,134.63,134.67,169022.322675
2026-07-20T19:15:00.000Z,134.69,134.94,134.655,134.9,174284.96880300005
2026-07-20T19:30:00.000Z,134.88,135.1566,134.84,135.07,220422.245535
2026-07-20T19:45:00.000Z,135.06,135.51,135.03,135.48,887914.1824729999
2026-07-21T13:30:00.000Z,134.9,135.09,134.27,134.355,345443.43043000007
2026-07-21T13:45:00.000Z,134.39,135.08,134.3,134.885,233745.753225
2026-07-21T14:00:00.000Z,134.88,135.1199,134.67,134.87,208734.01106499997
2026-07-21T14:15:00.000Z,134.82,135.14,134.625,134.66,200434.28889000003
2026-07-21T14:30:00.000Z,134.64,135.28,134.31,135.24,305489.85818000004
2026-07-21T14:45:00.000Z,135.22,135.29,134.86,135.14,213104.91716100002
2026-07-21T15:00:00.000Z,135.13,135.155,134.66,134.845,232096.450973
2026-07-21T15:15:00.000Z,134.84,135.21,134.84,135.09,196824.640525
2026-07-21T15:30:00.000Z,135.08,135.14,134.66,134.66,192265.59204699998
2026-07-21T15:45:00.000Z,134.65,134.76,134.41,134.645,185009.87783500005
2026-07-21T16:00:00.000Z,134.63,134.7238,134.3,134.65,191081.448462
2026-07-21T16:15:00.000Z,134.655,134.8,134.5,134.8,137081.43285600003
2026-07-21T16:30:00.000Z,134.8,134.8569,134.525,134.61,160281.64719099997
2026-07-21T16:45:00.000Z,134.61,134.6199,134.5,134.59,156864.116225
2026-07-21T17:00:00.000Z,134.59,134.74,134.51,134.68,120218.931457
2026-07-21T17:15:00.000Z,134.685,134.79,134.5601,134.77,152594.50755900002
2026-07-21T17:30:00.000Z,134.77,134.95,134.7,134.89,130601.48638599999
2026-07-21T17:45:00.000Z,134.89,134.95,134.8,134.895,118805.86706100001
2026-07-21T18:00:00.000Z,134.89,134.91,134.7303,134.785,154951.44499599998
2026-07-21T18:15:00.000Z,134.785,134.9,134.68,134.9,140107.85510999997
2026-07-21T18:30:00.000Z,134.885,134.905,134.77,134.88,121241.79738500001
2026-07-21T18:45:00.000Z,134.89,135.015,134.75,134.83,173103.35366
2026-07-21T19:00:00.000Z,134.85,135.13,134.765,135.13,152214.34597100003
2026-07-21T19:15:00.000Z,135.135,135.38,135.08,135.3007,192346.047453
2026-07-21T19:30:00.000Z,135.3,135.338,134.84,134.99,204000.25011900003
2026-07-21T19:45:00.000Z,134.97,135.12,134.77,134.98,892064.3263050001
2026-07-22T13:30:00.000Z,136.36,136.36,134.98,135.02,300134.67748199997
2026-07-22T13:45:00.000Z,134.98,135.42,134.75,134.76,190863.23588599995
2026-07-22T14:00:00.000Z,134.74,135.61,134.72,135.61,262592.767675
2026-07-22T14:15:00.000Z,135.645,135.95,135.285,135.31,180766.58436000004
2026-07-22T14:30:00.000Z,135.2847,135.39,134.975,135.34,169351.408062
2026-07-22T14:45:00.000Z,135.31,135.55,135.21,135.51,123421.71691100001
2026-07-22T15:00:00.000Z,135.51,135.515,134.98,135.07,128924.272341
2026-07-22T15:15:00.000Z,135.08,135.21,134.875,135.19,134506.137556
2026-07-22T15:30:00.000Z,135.19,135.605,135.17,135.605,160148.57539900005
2026-07-22T15:45:00.000Z,135.59,135.65,135.33,135.53,113007.336113
2026-07-22T16:00:00.000Z,135.57,135.63,135.5,135.61,103731.44316399998
2026-07-22T16:15:00.000Z,135.6,135.79,135.53,135.745,151697.83321200003
2026-07-22T16:30:00.000Z,135.74,135.8,135.5886,135.79,104084.726181
2026-07-22T16:45:00.000Z,135.8,135.95,135.73,135.7735,178379.073092
2026-07-22T17:00:00.000Z,135.8199,135.945,135.725,135.9294,86899.49573000001
2026-07-22T17:15:00.000Z,135.925,136.03,135.78,135.86,120471.9234
2026-07-22T17:30:00.000Z,135.86,135.9799,135.76,135.9,100903.16221000001
2026-07-22T17:45:00.000Z,135.905,136.08,135.86,136.05,83976.27054799999
2026-07-22T18:00:00.000Z,136.0433,136.065,135.84,136.025,120832.37068299999
2026-07-22T18:15:00.000Z,136.03,136.16,136,136.04,93403.001855
2026-07-22T18:30:00.000Z,136.05,136.21,135.99,136.17,114081.61834799999
2026-07-22T18:45:00.000Z,136.14,136.18,135.945,135.955,228025.80083700002
2026-07-22T19:00:00.000Z,135.97,135.97,135.625,135.625,166920.516939
2026-07-22T19:15:00.000Z,135.625,135.715,135.4,135.45,144155.403074
2026-07-22T19:30:00.000Z,135.46,135.73,135.44,135.7,150052.96401899998
2026-07-22T19:45:00.000Z,135.69,135.81,135.62,135.65,651686.3685369999
2026-07-23T13:30:00.000Z,134.7,135.34,134.21,134.705,353343.4769490001
2026-07-23T13:45:00.000Z,134.75,135.02,134.29,134.41,288935.836275
2026-07-23T14:00:00.000Z,134.38,134.46,133.81,134.46,302794.724559
2026-07-23T14:15:00.000Z,134.48,134.48,133.83,133.885,184440.055084
2026-07-23T14:30:00.000Z,133.855,134.625,133.73,134.61,233645.23076900002
2026-07-23T14:45:00.000Z,134.635,135.04,134.58,135.01,169578.82615699997
2026-07-23T15:00:00.000Z,135.04,135.16,134.705,135.02,199486.80204699998
2026-07-23T15:15:00.000Z,134.99,135.15,134.82,134.95,153771.91449700002
2026-07-23T15:30:00.000Z,134.97,135.165,134.83,135.14,144833.715934
2026-07-23T15:45:00.000Z,135.15,135.215,134.81,134.89,148280.201546
2026-07-23T16:00:00.000Z,134.89,135.05,134.6,134.805,177513.43836300002
2026-07-23T16:15:00.000Z,134.8,134.81,134.62,134.7,1109438.598323
2026-07-23T16:30:00.000Z,134.74,135.06,134.74,135.03,96341.07596
2026-07-23T16:45:00.000Z,135.035,135.14,134.83,134.9,113908.56676599999
2026-07-23T17:00:00.000Z,134.91,134.98,134.78,134.8,99681.71618399999
2026-07-23T17:15:00.000Z,134.78,134.79,134.55,134.6,116866.76709400001
2026-07-23T17:30:00.000Z,134.56,134.69,134.53,134.64,122862.82451700002
2026-07-23T17:45:00.000Z,134.68,134.76,134.5,134.53,136350.515355
2026-07-23T18:00:00.000Z,134.56,134.69,134.5,134.57,112511.21848299999
2026-07-23T18:15:00.000Z,134.6,134.76,134.55,134.7,107281.90760000002
2026-07-23T18:30:00.000Z,134.715,134.815,134.4074,134.6,118457.138777
2026-07-23T18:45:00.000Z,134.615,134.7,134.48,134.65,103709.65772900001
2026-07-23T19:00:00.000Z,134.63,134.95,134.625,134.72,139384.462921
2026-07-23T19:15:00.000Z,134.715,134.89,134.68,134.715,146946.91704
2026-07-23T19:30:00.000Z,134.7,134.88,134.555,134.815,236636.55112600003
2026-07-23T19:45:00.000Z,134.78,135.11,134.47,134.93,772663.9899340001
2026-07-24T13:30:00.000Z,135.53,135.61,134.565,134.91,323391.33007
2026-07-24T13:45:00.000Z,134.89,135.42,134.69,134.88,418981.186145
2026-07-24T14:00:00.000Z,134.85,135.2099,134.73,135.195,264839.61568399996
2026-07-24T14:15:00.000Z,135.205,135.73,135.12,135.17,234845.11457499999
2026-07-24T14:30:00.000Z,135.17,135.89,135.1401,135.825,208329.218573
2026-07-24T14:45:00.000Z,135.85,136.09,135.645,135.72,170432.535458
2026-07-24T15:00:00.000Z,135.71,136.185,135.58,136.14,308890.507194
2026-07-24T15:15:00.000Z,136.15,136.415,136.04,136.05,204707.68573300002
2026-07-24T15:30:00.000Z,136.05,136.45,135.9,136.445,163526.98555699998
2026-07-24T15:45:00.000Z,136.44,136.44,135.99,136.11,184486.088406
2026-07-24T16:00:00.000Z,136.12,136.12,135.7,135.97,102998.19541799999
2026-07-24T16:15:00.000Z,135.97,136.11,135.85,136.085,95054.617918
2026-07-24T16:30:00.000Z,136.0801,136.22,135.94,135.96,98239.728468
2026-07-24T16:45:00.000Z,135.96,136.15,135.93,136.01,96437.15314900002
2026-07-24T17:00:00.000Z,136.02,136.27,136.01,136.21,108763.603087
2026-07-24T17:15:00.000Z,136.205,136.31,136.01,136.16,82826.91088499999
2026-07-24T17:30:00.000Z,136.17,136.45,136.13,136.4421,212329.173003
2026-07-24T17:45:00.000Z,136.42,136.51,136.2201,136.259,104630.71736099999
2026-07-24T18:00:00.000Z,136.26,136.59,136.25,136.535,115328.161478
2026-07-24T18:15:00.000Z,136.545,136.71,136.525,136.66,110377.21778100001
2026-07-24T18:30:00.000Z,136.65,136.8492,136.6401,136.805,148097.84036
2026-07-24T18:45:00.000Z,136.805,136.84,136.63,136.78,173912.37355699998
2026-07-24T19:00:00.000Z,136.8,137.04,136.732,136.98,215784.455472
2026-07-24T19:15:00.000Z,136.98,137.09,136.595,136.62,214051.44115599996
2026-07-24T19:30:00.000Z,136.64,137.1,136.56,137.05,247658.992317
2026-07-24T19:45:00.000Z,137.01,137.13,136.545,136.66,898283.4498029999
2026-07-27T13:30:00.000Z,137.07,138.44,137.01,138.17,362783.00463700003
2026-07-27T13:45:00.000Z,138.25,138.35,137.1699,138.01,230694.51749000003
2026-07-27T14:00:00.000Z,137.94,138.64,137.87,138.3701,293170.795957
2026-07-27T14:15:00.000Z,138.385,139.22,138.27,139.18,271723.71432900004
2026-07-27T14:30:00.000Z,139.16,140.22,139.14,140.16,390156.526112
2026-07-27T14:45:00.000Z,140.14,140.15,138.76,139.335,254671.69167700002
2026-07-27T15:00:00.000Z,139.31,139.86,139.31,139.83,165417.12446200004
2026-07-27T15:15:00.000Z,139.88,140.05,139.62,139.69,161730.927338
2026-07-27T15:30:00.000Z,139.7,140.075,139.56,139.915,176780.19968999998
2026-07-27T15:45:00.000Z,139.89,139.93,139.52,139.6,154526.768196
2026-07-27T16:00:00.000Z,139.6,139.64,139.33,139.515,129804.29048699999
2026-07-27T16:15:00.000Z,139.55,139.7499,139.3,139.44,127423.31414999999
2026-07-27T16:30:00.000Z,139.44,139.56,139.295,139.535,112762.04188300001
2026-07-27T16:45:00.000Z,139.55,139.67,139.46,139.58,108598.62588499999
2026-07-27T17:00:00.000Z,139.6,139.725,139.52,139.525,100133.88141900001
2026-07-27T17:15:00.000Z,139.56,139.77,139.55,139.65,98414.88624899999
2026-07-27T17:30:00.000Z,139.66,139.855,139.6,139.74,151828.072946
2026-07-27T17:45:00.000Z,139.75,139.84,139.5601,139.78,123980.83724400001
2026-07-27T18:00:00.000Z,139.78,139.98,139.705,139.945,156394.862233
2026-07-27T18:15:00.000Z,139.95,140.2025,139.95,140.15,135544.26001
2026-07-27T18:30:00.000Z,140.14,140.305,140.12,140.16,126522.54580699999
2026-07-27T18:45:00.000Z,140.16,140.16,139.86,139.95,124930.267843
2026-07-27T19:00:00.000Z,139.96,139.97,139.44,139.55,152850.765684
2026-07-27T19:15:00.000Z,139.55,139.675,139.39,139.41,165694.58124900004
2026-07-27T19:30:00.000Z,139.405,139.695,139.3001,139.5831,265775.452648
2026-07-27T19:45:00.000Z,139.58,139.91,139.36,139.78,1087909.8764729998
2026-07-28T13:30:00.000Z,143.21,145.19,143.01,144.65,1104005.5922019999
2026-07-28T13:45:00.000Z,144.65,145.28,144.62,144.86,569753.617691
2026-07-28T14:00:00.000Z,144.83,145.01,144.0853,144.99,498259.714461
2026-07-28T14:15:00.000Z,145,145.43,144.71,144.81,651316.3944870001
2026-07-28T14:30:00.000Z,144.83,144.905,144.3301,144.77,341927.35861
2026-07-28T14:45:00.000Z,144.725,144.91,143.97,144.095,263306.47724800004
2026-07-28T15:00:00.000Z,144.08,144.08,143.58,143.85,251202.755416
2026-07-28T15:15:00.000Z,143.89,143.9838,143.19,143.45,208515.53987900002
2026-07-28T15:30:00.000Z,143.4,143.485,142.68,142.71,159733.74525799998
2026-07-28T15:45:00.000Z,142.72,142.72,142.1701,142.23,162212.73294199997
2026-07-28T16:00:00.000Z,142.21,142.325,141.95,142.21,176495.824684
2026-07-28T16:15:00.000Z,142.225,142.36,141.945,142.05,205443.23876600002
2026-07-28T16:30:00.000Z,142.07,142.29,141.89,141.97,133488.073141
2026-07-28T16:45:00.000Z,141.97,142.14,141.785,141.86,127052.66338399998
2026-07-28T17:00:00.000Z,141.87,142.33,141.83,142.22,197448.781649
2026-07-28T17:15:00.000Z,142.23,142.2899,142.155,142.19,140619.58357400002
2026-07-28T17:30:00.000Z,142.18,142.25,142.06,142.225,121206.92456000001
2026-07-28T17:45:00.000Z,142.24,142.482,142.24,142.46,97816.081662
2026-07-28T18:00:00.000Z,142.465,142.61,142.32,142.48,97354.32008199999
2026-07-28T18:15:00.000Z,142.52,142.54,142.265,142.3869,129252.16857299999
2026-07-28T18:30:00.000Z,142.38,142.41,142.195,142.22,111740.288159
2026-07-28T18:45:00.000Z,142.22,142.73,142.18,142.71,211722.089711
2026-07-28T19:00:00.000Z,142.74,142.74,142.15,142.26,166628.547621
2026-07-28T19:15:00.000Z,142.25,142.47,142.03,142.09,178382.62983600004
2026-07-28T19:30:00.000Z,142.07,142.57,142.07,142.57,285593.012843
2026-07-28T19:45:00.000Z,142.57,143.16,142.44,142.9,988257.108894
2026-07-29T13:30:00.000Z,143.28,143.71,142.58,143.7,568094.336495
2026-07-29T13:45:00.000Z,143.71,145.08,143.71,144.885,311639.78343099996
2026-07-29T14:00:00.000Z,144.87,145,144.32,144.83,496431.0493000001
2026-07-29T14:15:00.000Z,144.76,145.2062,144.29,144.93,261616.67130699998
2026-07-29T14:30:00.000Z,144.89,145.01,144.4467,144.88,318261.078282
2026-07-29T14:45:00.000Z,144.91,144.91,144.34,144.47,203288.476126
2026-07-29T15:00:00.000Z,144.46,144.57,144.0318,144.38,300519.726155
2026-07-29T15:15:00.000Z,144.36,144.42,143.96,144.32,159986.570388
2026-07-29T15:30:00.000Z,144.33,145.11,144.25,144.98,283037.22988199996
2026-07-29T15:45:00.000Z,145,145.22,144.89,145.02,136508.471841
2026-07-29T16:00:00.000Z,145.02,145.23,144.94,145.1,154574.079264
2026-07-29T16:15:00.000Z,145.105,145.105,144.66,144.71,323893.221249
2026-07-29T16:30:00.000Z,144.725,144.91,144.57,144.91,130873.344569
2026-07-29T16:45:00.000Z,144.93,145,144.82,144.93,144718.349409
2026-07-29T17:00:00.000Z,144.95,144.98,144.55,144.59,200788.76841800002
2026-07-29T17:15:00.000Z,144.55,144.6,144.15,144.23,174459.56438700005
2026-07-29T17:30:00.000Z,144.215,144.45,144,144.37,112704.97727699997
2026-07-29T17:45:00.000Z,144.37,144.62,144.27,144.61,134651.44308599998
2026-07-29T18:00:00.000Z,144.63,144.82,143.44,143.835,308531.00806400005
2026-07-29T18:15:00.000Z,143.835,144.47,143.685,144.405,171111.08776199998
2026-07-29T18:30:00.000Z,144.41,144.44,143.85,143.87,238740.0891
2026-07-29T18:45:00.000Z,143.86,143.98,143.27,143.33,170860.47694799997
2026-07-29T19:00:00.000Z,143.28,143.3,142.775,142.86,180356.454198
2026-07-29T19:15:00.000Z,142.84,143.4,142.835,143.01,172476.86904
2026-07-29T19:30:00.000Z,142.98,143.18,142.77,143.11,229051.31908699998
2026-07-29T19:45:00.000Z,143.1,143.69,142.98,143.52,1028184.31336
2026-07-30T13:30:00.000Z,141.1,142.52,141.01,141.04,496397.05547
2026-07-30T13:45:00.000Z,141.07,141.11,139.79,140.055,427777.688435
2026-07-30T14:00:00.000Z,140.0201,141.05,139.75,140.42,350553.4560499999
2026-07-30T14:15:00.000Z,140.395,140.91,139.42,139.88,316004.526157
2026-07-30T14:30:00.000Z,139.92,140.15,139.605,140.03,302847.807668
2026-07-30T14:45:00.000Z,140.04,140.42,139.57,140.195,217400.50302799998
2026-07-30T15:00:00.000Z,140.21,140.29,139.75,140.07,217636.079041
2026-07-30T15:15:00.000Z,140.07,140.2,139.79,140.08,187727.09973299998
2026-07-30T15:30:00.000Z,140.075,140.515,140.02,140.34,185390.02023500003
2026-07-30T15:45:00.000Z,140.355,140.68,140.22,140.59,176790.245834
2026-07-30T16:00:00.000Z,140.59,140.615,140.02,140.1,159303.290911
2026-07-30T16:15:00.000Z,140.11,140.25,139.76,139.8,141898.631852
2026-07-30T16:30:00.000Z,139.79,140.3,139.74,140.01,146653.044401
2026-07-30T16:45:00.000Z,140.015,140.015,139.68,139.74,177111.227172
2026-07-30T17:00:00.000Z,139.75,140.015,139.75,139.85,118685.41396800002
2026-07-30T17:15:00.000Z,139.88,139.9851,139.67,139.85,142148.96708099998
2026-07-30T17:30:00.000Z,139.84,140.11,139.71,140,153323.688625
2026-07-30T17:45:00.000Z,140.03,140.03,139.78,139.87,110239.41032999998
2026-07-30T18:00:00.000Z,139.87,140.23,139.865,140.16,152414.38542900002
2026-07-30T18:15:00.000Z,140.18,140.41,140.045,140.18,181437.45978600002
2026-07-30T18:30:00.000Z,140.175,140.295,140.125,140.18,138061.721953
2026-07-30T18:45:00.000Z,140.18,140.425,140.1,140.3666,145916.61903899998
2026-07-30T19:00:00.000Z,140.37,140.525,140.09,140.165,205280.201521
2026-07-30T19:15:00.000Z,140.17,140.24,140,140.07,234861.00742
2026-07-30T19:30:00.000Z,140.08,140.22,139.835,139.93,263200.73976300005
2026-07-30T19:45:00.000Z,139.92,140.33,139.84,140.21,835936.921362
2026-07-31T13:30:00.000Z,139.525,139.74,138.3801,139.65,464552.85165400006
2026-07-31T13:45:00.000Z,139.66,139.76,138.95,139.24,266575.26841499994
2026-07-31T14:00:00.000Z,139.12,139.73,139.12,139.5512,277249.574997
2026-07-31T14:15:00.000Z,139.55,139.61,139.02,139.3,211984.35255899996
2026-07-31T14:30:00.000Z,139.29,139.42,139.01,139.2501,176688.56528799998
2026-07-31T14:45:00.000Z,139.25,139.37,138.88,139.205,186699.432987
2026-07-31T15:00:00.000Z,139.205,139.54,138.85,139.3575,166765.517471
2026-07-31T15:15:00.000Z,139.38,139.89,139.05,139.68,165559.32565100002
2026-07-31T15:30:00.000Z,139.64,139.99,139.525,139.96,147180.484298
2026-07-31T15:45:00.000Z,139.97,140.05,139.83,139.915,99545.85813300002
2026-07-31T16:00:00.000Z,139.9,139.9086,139.74,139.755,292384.87601500005
2026-07-31T16:15:00.000Z,139.73,139.8,139.42,139.47,131311.293187
2026-07-31T16:30:00.000Z,139.45,139.73,139.38,139.665,92541.86716400002
2026-07-31T16:45:00.000Z,139.665,139.7,139.5,139.6,86311.338678
2026-07-31T17:00:00.000Z,139.6,139.74,139.53,139.56,102689.558307
2026-07-31T17:15:00.000Z,139.55,139.57,139.32,139.335,127487.39083299998
2026-07-31T17:30:00.000Z,139.3291,139.57,139.32,139.49,97548.43581499999
2026-07-31T17:45:00.000Z,139.49,139.55,139.38,139.49,84479.1276
2026-07-31T18:00:00.000Z,139.48,140.06,139.48,140.02,113839.451913
2026-07-31T18:15:00.000Z,140.03,140.08,139.87,140.06,89509.480826
2026-07-31T18:30:00.000Z,140.05,140.05,139.835,139.965,97151.79349099997
2026-07-31T18:45:00.000Z,139.96,140.04,139.84,140.015,101106.94289900002
2026-07-31T19:00:00.000Z,140,140.05,139.8,139.9599,107136.53674200001
2026-07-31T19:15:00.000Z,139.935,140.155,139.91,139.91,144570.18274000002
2026-07-31T19:30:00.000Z,139.9,140.11,139.745,140.04,181904.705753
2026-07-31T19:45:00.000Z,140.03,140.1,139.41,139.56,841098.838945
2026-08-03T13:30:00.000Z,141.08,141.55,140.16,140.29,382237.0270819999
2026-08-03T13:45:00.000Z,140.29,141.21,140.1,140.8,267166.310728
2026-08-03T14:00:00.000Z,140.72,141.05,140,140.51,261201.25493700002
2026-08-03T14:15:00.000Z,140.5,140.5899,139.69,139.715,178582.14816799999
2026-08-03T14:30:00.000Z,139.695,139.84,139.345,139.645,220957.50696099995
2026-08-03T14:45:00.000Z,139.68,139.78,139,139.01,194772.351821
2026-08-03T15:00:00.000Z,139.01,139.73,139.01,139.645,185483.060385
2026-08-03T15:15:00.000Z,139.65,139.655,139.27,139.545,134600.445858
2026-08-03T15:30:00.000Z,139.54,139.59,139.25,139.46,113987.884924
2026-08-03T15:45:00.000Z,139.46,139.68,139.31,139.3999,228685.46666499999
2026-08-03T16:00:00.000Z,139.365,139.4,138.94,139.03,136546.70890300002
2026-08-03T16:15:00.000Z,139.06,139.11,138.8,138.98,142957.775169
2026-08-03T16:30:00.000Z,138.98,139.11,138.7101,139.05,137334.080516
2026-08-03T16:45:00.000Z,139.05,139.29,139.03,139.16,81234.737206
2026-08-03T17:00:00.000Z,139.155,139.155,139.01,139.06,90286.43637800001
2026-08-03T17:15:00.000Z,139.055,139.0732,138.8,138.83,93228.96810900001
2026-08-03T17:30:00.000Z,138.835,139.115,138.815,139.09,106844.59624799997
2026-08-03T17:45:00.000Z,139.1,139.24,139.06,139.11,117807.98486099999
2026-08-03T18:00:00.000Z,139.11,139.21,139.03,139.18,123171.837569
2026-08-03T18:15:00.000Z,139.17,139.33,139.11,139.25,87700.321977
2026-08-03T18:30:00.000Z,139.25,139.415,139.19,139.29,145644.106552
2026-08-03T18:45:00.000Z,139.2812,139.31,139.16,139.265,139121.464315
2026-08-03T19:00:00.000Z,139.265,139.44,139.18,139.3302,145802.71943400003
2026-08-03T19:15:00.000Z,139.32,139.355,139.16,139.17,198177.233425
2026-08-03T19:30:00.000Z,139.17,139.405,139.12,139.31,223091.96223200002
2026-08-03T19:45:00.000Z,139.31,139.87,139.145,139.64,699695.7930109999
2026-08-04T13:30:00.000Z,137.77,138.16,137.1321,138.05,672066.36551
2026-08-04T13:45:00.000Z,138.04,138.835,137.87,138.77,315737.84737299994
2026-08-04T14:00:00.000Z,138.74,138.79,138.065,138.065,286136.912534
2026-08-04T14:15:00.000Z,138.04,138.6,138.03,138.31,240645.90144900006
2026-08-04T14:30:00.000Z,138.2975,138.55,138.24,138.345,236406.99614499998
2026-08-04T14:45:00.000Z,138.36,138.63,138.145,138.575,224827.637976
2026-08-04T15:00:00.000Z,138.55,138.61,138.15,138.3,183975.35837699997
2026-08-04T15:15:00.000Z,138.33,138.63,138.3,138.44,172505.68760599996
2026-08-04T15:30:00.000Z,138.43,138.6,138.37,138.55,167595.42615199997
2026-08-04T15:45:00.000Z,138.565,138.63,138.38,138.5323,163028.684175
2026-08-04T16:00:00.000Z,138.5101,138.5101,138.3,138.4,146242.428077
2026-08-04T16:15:00.000Z,138.42,138.64,138.41,138.61,150517.983611
2026-08-04T16:30:00.000Z,138.61,138.61,138.35,138.52,171441.12298800002
2026-08-04T16:45:00.000Z,138.51,138.58,138.34,138.44,137716.75924
2026-08-04T17:00:00.000Z,138.43,138.5,138.23,138.44,115732.89968099998
2026-08-04T17:15:00.000Z,138.43,138.54,138.4,138.51,142372.0306
2026-08-04T17:30:00.000Z,138.51,138.78,138.46,138.735,130774.272513
2026-08-04T17:45:00.000Z,138.74,138.74,138.475,138.475,130494.29436399999
2026-08-04T18:00:00.000Z,138.475,138.89,138.4,138.85,148357.459171
2026-08-04T18:15:00.000Z,138.85,138.875,138.52,138.55,142835.418114
2026-08-04T18:30:00.000Z,138.56,138.86,138.45,138.8596,128742.76971
2026-08-04T18:45:00.000Z,138.85,138.89,138.64,138.74,118370.55304200001
2026-08-04T19:00:00.000Z,138.745,139.027,138.74,138.97,177768.655421
2026-08-04T19:15:00.000Z,138.97,139.11,138.95,138.99,179754.328855
2026-08-04T19:30:00.000Z,138.98,139.155,138.89,139.15,225834.67439
2026-08-04T19:45:00.000Z,139.13,139.205,138.82,139.15,735420.259319
2026-08-05T13:30:00.000Z,140.23,140.27,138.2,138.3599,326077.81628999993
2026-08-05T13:45:00.000Z,138.32,138.738,137.92,138.57,258438.375892
2026-08-05T14:00:00.000Z,138.62,138.98,138.35,138.48,294367.877566
2026-08-05T14:15:00.000Z,138.495,138.88,138.12,138.525,211919.63486
2026-08-05T14:30:00.000Z,138.53,139.23,138.53,139.05,199524.503341
2026-08-05T14:45:00.000Z,139.01,139.14,138.31,138.45,199556.97647399997
2026-08-05T15:00:00.000Z,138.5099,138.57,138.21,138.39,144640.933429
2026-08-05T15:15:00.000Z,138.385,138.3999,137.98,138.09,202152.80836
2026-08-05T15:30:00.000Z,138.1,138.39,138.02,138.39,113280.67164299998
2026-08-05T15:45:00.000Z,138.39,138.4899,138.13,138.19,171426.904951
2026-08-05T16:00:00.000Z,138.185,139.015,138.17,138.9501,162751.37395299997
2026-08-05T16:15:00.000Z,138.885,138.885,138.43,138.43,110752.73071300001
2026-08-05T16:30:00.000Z,138.44,138.7536,138.43,138.66,81914.27861899999
2026-08-05T16:45:00.000Z,138.665,138.72,138.51,138.53,91583.562786
2026-08-05T17:00:00.000Z,138.54,138.75,138.505,138.707,80486.25707300002
2026-08-05T17:15:00.000Z,138.65,138.7,138.59,138.64,123546.476307
2026-08-05T17:30:00.000Z,138.64,138.81,138.56,138.775,86508.087287
2026-08-05T17:45:00.000Z,138.78,138.8,138.59,138.68,62298.755189
2026-08-05T18:00:00.000Z,138.68,138.79,138.64,138.78,89661.83754499999
2026-08-05T18:15:00.000Z,138.78,138.78,138.41,138.51,78068.09630699999
2026-08-05T18:30:00.000Z,138.508,138.67,138.48,138.49,82592.29346799999
2026-08-05T18:45:00.000Z,138.49,138.57,138.39,138.425,92197.484822
2026-08-05T19:00:00.000Z,138.41,138.41,138.19,138.26,122512.71429400002
2026-08-05T19:15:00.000Z,138.305,138.45,138.27,138.45,121175.614357
2026-08-05T19:30:00.000Z,138.44,138.83,138.38,138.825,160643.77069999996
2026-08-05T19:45:00.000Z,138.83,139.12,138.77,138.79,543511.310175
2026-08-06T13:30:00.000Z,140.09,140.52,138.58,138.61,445676.106087
2026-08-06T13:45:00.000Z,138.59,138.7,138.05,138.23,342267.40305900003
2026-08-06T14:00:00.000Z,138.2,138.35,137.56,137.64,485810.247322
2026-08-06T14:15:00.000Z,137.65,137.92,137.43,137.6,374955.01522999996
2026-08-06T14:30:00.000Z,137.57,137.615,137.14,137.615,300195.99765
2026-08-06T14:45:00.000Z,137.615,138.08,137.47,137.695,210095.40712699998
2026-08-06T15:00:00.000Z,137.69,138.275,137.69,138.11,165969.40677499998
2026-08-06T15:15:00.000Z,138.1101,138.14,137.595,137.7,134948.981157
2026-08-06T15:30:00.000Z,137.66,137.945,137.6,137.942,135133.21998900003
2026-08-06T15:45:00.000Z,137.9424,137.962,137.655,137.73,87980.29003499997
2026-08-06T16:00:00.000Z,137.7,137.96,137.47,137.6916,109146.61685199996
2026-08-06T16:15:00.000Z,137.65,137.97,137.58,137.92,85328.22096800001
2026-08-06T16:30:00.000Z,137.935,137.97,137.575,137.645,102257.313595
2026-08-06T16:45:00.000Z,137.6588,137.77,137.38,137.55,99927.119867
2026-08-06T17:00:00.000Z,137.54,137.67,137.4,137.65,143508.36487900003
2026-08-06T17:15:00.000Z,137.65,137.7642,137.41,137.535,106723.446963
2026-08-06T17:30:00.000Z,137.525,137.92,137.4701,137.875,110698.25055900001
2026-08-06T17:45:00.000Z,137.89,137.95,137.75,137.9487,105062.13152600001
2026-08-06T18:00:00.000Z,137.96,138.37,137.87,138.31,106104.49151899999
2026-08-06T18:15:00.000Z,138.2774,138.39,138.075,138.175,154660.76571500002
2026-08-06T18:30:00.000Z,138.19,138.295,138.085,138.16,84338.122588
2026-08-06T18:45:00.000Z,138.16,138.4015,138.09,138.38,87248.879486
2026-08-06T19:00:00.000Z,138.38,138.4,138.18,138.4,92912.893814
2026-08-06T19:15:00.000Z,138.41,138.415,138.1586,138.27,126483.069058
2026-08-06T19:30:00.000Z,138.28,138.34,138.01,138.11,135807.52481499998
2026-08-06T19:45:00.000Z,138.09,138.5,137.8674,138.5,592431.4541490001
2026-08-07T13:30:00.000Z,137.54,137.87,137.15,137.52,398212.242487
2026-08-07T13:45:00.000Z,137.51,138.18,137.495,137.92,165104.02688
2026-08-07T14:00:00.000Z,137.95,138.52,137.825,138.505,222591.63718299998
2026-08-07T14:15:00.000Z,138.5,138.62,138.075,138.31,150072.450538
2026-08-07T14:30:00.000Z,138.295,138.77,138.2628,138.76,155050.32416800002
2026-08-07T14:45:00.000Z,138.78,138.82,138.44,138.68,87479.39094299999
2026-08-07T15:00:00.000Z,138.67,138.68,138.23,138.38,103304.085517
2026-08-07T15:15:00.000Z,138.385,138.555,138.32,138.4,82510.256718
2026-08-07T15:30:00.000Z,138.41,138.63,138.3851,138.435,96109.59766300001
2026-08-07T15:45:00.000Z,138.45,138.48,138.29,138.37,76801.01441599999
2026-08-07T16:00:00.000Z,138.355,138.57,138.33,138.48,73624.420304
2026-08-07T16:15:00.000Z,138.48,138.6701,138.45,138.575,68863.05278499999
2026-08-07T16:30:00.000Z,138.56,138.79,138.53,138.79,74135.06134
2026-08-07T16:45:00.000Z,138.77,138.82,138.67,138.785,60592.73168499999
2026-08-07T17:00:00.000Z,138.78,138.9717,138.69,138.9612,126783.77567100001
2026-08-07T17:15:00.000Z,138.98,138.99,138.71,138.75,63993.63778399999
2026-08-07T17:30:00.000Z,138.74,138.87,138.71,138.86,56868.495462000006
2026-08-07T17:45:00.000Z,138.86,138.92,138.7952,138.9,54935.945273
2026-08-07T18:00:00.000Z,138.89,139.04,138.85,138.9605,60552.205215
2026-08-07T18:15:00.000Z,138.965,139.04,138.86,138.99,71967.334363
2026-08-07T18:30:00.000Z,138.985,139.075,138.89,138.9099,77318.58139100001
2026-08-07T18:45:00.000Z,138.9,139.07,138.8501,139.01,60334.23955300001
2026-08-07T19:00:00.000Z,139.05,139.205,138.9001,139.205,115491.990703
2026-08-07T19:15:00.000Z,139.205,139.3,139.135,139.2676,99027.914109
2026-08-07T19:30:00.000Z,139.28,139.485,139.22,139.3,160339.66669500002
2026-08-07T19:45:00.000Z,139.3,139.39,138.97,139.03,506180.97536300006
2026-08-10T13:30:00.000Z,138.515,138.515,137.59,138.032,434000.50567399996
2026-08-10T13:45:00.000Z,138,138.09,137.52,137.79,196530.37277799996
2026-08-10T14:00:00.000Z,137.79,138.04,137.48,137.6,228836.48916700002
2026-08-10T14:15:00.000Z,137.6125,137.845,137.45,137.745,209693.33868599997
2026-08-10T14:30:00.000Z,137.77,138.05,137.6434,138.02,150902.277178
2026-08-10T14:45:00.000Z,138.04,138.5,138.02,138.44,120968.16235000003
2026-08-10T15:00:00.000Z,138.41,138.49,137.94,138.08,137323.084723
2026-08-10T15:15:00.000Z,138.06,138.12,137.96,138.02,110317.522966
2026-08-10T15:30:00.000Z,138.035,138.15,137.91,137.91,105548.501116
2026-08-10T15:45:00.000Z,137.92,138.0266,137.83,137.97,100761.83025200001
2026-08-10T16:00:00.000Z,137.965,138.31,137.9,138.285,97700.503962
2026-08-10T16:15:00.000Z,138.29,138.29,138.055,138.19,73036.65809800001
2026-08-10T16:30:00.000Z,138.235,138.27,138.03,138.1959,147150.94706200002
2026-08-10T16:45:00.000Z,138.16,138.25,138.04,138.18,84653.76168600001
2026-08-10T17:00:00.000Z,138.18,138.2,138,138.115,85658.094099
2026-08-10T17:15:00.000Z,138.11,138.11,137.96,138.03,94398.648482
2026-08-10T17:30:00.000Z,138.03,138.065,137.9,137.9,137744.308036
2026-08-10T17:45:00.000Z,137.89,137.93,137.85,137.91,62175.540071
2026-08-10T18:00:00.000Z,137.91,137.99,137.72,137.84,121127.05504300001
2026-08-10T18:15:00.000Z,137.84,137.8428,137.5845,137.5845,90514.849224
2026-08-10T18:30:00.000Z,137.59,137.5999,137.35,137.39,157608.82616699996
2026-08-10T18:45:00.000Z,137.39,137.4,137.27,137.275,99850.180983
2026-08-10T19:00:00.000Z,137.28,137.4,137.18,137.355,161925.417102
2026-08-10T19:15:00.000Z,137.355,137.4753,137.25,137.295,125792.31639100001
2026-08-10T19:30:00.000Z,137.28,137.5,137.28,137.4,167441.230799
2026-08-10T19:45:00.000Z,137.4,137.76,137.22,137.73,781459.484227
2026-08-11T13:30:00.000Z,137.01,138.51,136.9,138.03,360406.48761799996
2026-08-11T13:45:00.000Z,138.055,138.44,137.8,137.89,198064.156163
2026-08-11T14:00:00.000Z,137.88,138.03,137.12,137.55,225905.37473399998
2026-08-11T14:15:00.000Z,137.54,137.75,137.35,137.48,195348.005902
2026-08-11T14:30:00.000Z,137.47,137.56,137.26,137.274,220988.11828400003
2026-08-11T14:45:00.000Z,137.28,137.28,136.9763,137.05,166960.67067
2026-08-11T15:00:00.000Z,137.06,137.22,136.93,137.04,145419.28500199996
2026-08-11T15:15:00.000Z,137.03,137.1584,136.96,137.055,110099.685118
2026-08-11T15:30:00.000Z,137.07,137.355,137.04,137.33,149719.862644
2026-08-11T15:45:00.000Z,137.34,137.65,137.33,137.6,164424.842819
2026-08-11T16:00:00.000Z,137.595,137.765,137.55,137.72,167595.14844199995
2026-08-11T16:15:00.000Z,137.705,137.93,137.705,137.81,150447.481445
2026-08-11T16:30:00.000Z,137.82,137.9,137.6408,137.79,337864.696228
2026-08-11T16:45:00.000Z,137.8,137.82,137.475,137.48,112459.518551
2026-08-11T17:00:00.000Z,137.48,137.76,137.46,137.615,123110.34443199998
2026-08-11T17:15:00.000Z,137.62,137.68,137.575,137.64,86537.242542
2026-08-11T17:30:00.000Z,137.64,137.725,137.61,137.7,88668.110714
2026-08-11T17:45:00.000Z,137.69,137.792,137.66,137.79,94370.28547
2026-08-11T18:00:00.000Z,137.795,137.86,137.7101,137.84,89396.272178
2026-08-11T18:15:00.000Z,137.84,138.02,137.76,137.795,168213.326692
2026-08-11T18:30:00.000Z,137.82,137.98,137.805,137.8289,107677.94388899999
2026-08-11T18:45:00.000Z,137.81,137.9,137.76,137.89,141851.410089
2026-08-11T19:00:00.000Z,137.895,138.04,137.84,138.03,140394.73350799998
2026-08-11T19:15:00.000Z,138.025,138.11,137.8388,138,148571.39217600002
2026-08-11T19:30:00.000Z,137.99,138.4,137.965,138.38,181905.654842
2026-08-11T19:45:00.000Z,138.38,138.44,138.24,138.41,490406.87737500004
2026-08-12T13:30:00.000Z,137.52,137.94,136.81,137.06,400727.883538
2026-08-12T13:45:00.000Z,137.04,137.3,136.84,136.975,254298.334651
2026-08-12T14:00:00.000Z,136.96,137.12,136.7305,136.97,278319.67479
2026-08-12T14:15:00.000Z,136.97,137.26,136.93,137.01,272404.280628
2026-08-12T14:30:00.000Z,137.02,137.3782,136.982,137.25,236268.42812800003
2026-08-12T14:45:00.000Z,137.26,137.59,137.2,137.4301,143176.151719
2026-08-12T15:00:00.000Z,137.4258,137.61,137.215,137.61,121845.34078799999
2026-08-12T15:15:00.000Z,137.59,137.8278,137.535,137.8045,108411.64715100001
2026-08-12T15:30:00.000Z,137.83,137.98,137.6701,137.98,124765.43299799997
2026-08-12T15:45:00.000Z,137.96,138.175,137.94,138.0453,112534.966448
2026-08-12T16:00:00.000Z,138.045,138.2,138.0123,138.12,97904.33754099999
2026-08-12T16:15:00.000Z,138.13,138.13,137.76,137.89,114767.23393400002
2026-08-12T16:30:00.000Z,137.895,138.1422,137.88,138.125,85785.027622
2026-08-12T16:45:00.000Z,138.12,138.23,137.9688,138.195,103855.688174
2026-08-12T17:00:00.000Z,138.2,138.425,138.2,138.42,124335.74812
2026-08-12T17:15:00.000Z,138.41,138.4299,138.21,138.215,82695.88153900001
2026-08-12T17:30:00.000Z,138.2,138.32,138.09,138.3042,248204.48372600003
2026-08-12T17:45:00.000Z,138.29,138.41,138.26,138.29,86392.579493
2026-08-12T18:00:00.000Z,138.2928,138.47,138.2801,138.39,125142.28077799999
2026-08-12T18:15:00.000Z,138.385,138.385,138.18,138.275,112733.265174
2026-08-12T18:30:00.000Z,138.275,138.39,138.23,138.32,80715.47115999999
2026-08-12T18:45:00.000Z,138.32,138.44,138.22,138.2251,88927.93840000003
2026-08-12T19:00:00.000Z,138.235,138.4418,138.1865,138.35,107849.33650800001
2026-08-12T19:15:00.000Z,138.36,138.48,138.26,138.48,96239.119404
2026-08-12T19:30:00.000Z,138.48,138.72,138.48,138.6,157899.008361
2026-08-12T19:45:00.000Z,138.6,138.75,138.47,138.68,552110.580049
2026-08-13T13:30:00.000Z,139.41,140.01,139.33,139.76,353074.70613600005
2026-08-13T13:45:00.000Z,139.78,140.04,139.4316,139.695,194441.78437400004
2026-08-13T14:00:00.000Z,139.71,140.255,139.68,140.13,193083.78777
2026-08-13T14:15:00.000Z,140.14,140.54,140.03,140.345,117662.929007
2026-08-13T14:30:00.000Z,140.335,140.365,140.14,140.32,104430.208411
2026-08-13T14:45:00.000Z,140.35,140.46,140.05,140.265,146933.52886599998
2026-08-13T15:00:00.000Z,140.28,140.44,140.05,140.08,147218.77687099998
2026-08-13T15:15:00.000Z,140.07,140.07,139.485,139.51,166627.339483
2026-08-13T15:30:00.000Z,139.53,139.97,139.46,139.76,93928.85172199999
2026-08-13T15:45:00.000Z,139.78,140.26,139.78,140.24,189932.51506699997
2026-08-13T16:00:00.000Z,140.23,140.3008,140.01,140.28,126076.400467
2026-08-13T16:15:00.000Z,140.28,140.355,140.0301,140.095,90666.832602
2026-08-13T16:30:00.000Z,140.09,140.25,140.0001,140.17,108784.99337499999
2026-08-13T16:45:00.000Z,140.16,140.25,140.05,140.08,87215.30229
2026-08-13T17:00:00.000Z,140.07,140.12,139.89,139.94,87462.73058300001
2026-08-13T17:15:00.000Z,139.93,139.93,139.66,139.72,878747.6771559999
2026-08-13T17:30:00.000Z,139.75,139.75,139.465,139.5569,129235.20150900002
2026-08-13T17:45:00.000Z,139.5598,139.76,139.5,139.6601,80873.35111200002
2026-08-13T18:00:00.000Z,139.74,139.9299,139.725,139.88,118393.62786600001
2026-08-13T18:15:00.000Z,139.88,139.91,139.8,139.89,77536.762126
2026-08-13T18:30:00.000Z,139.9,139.93,139.695,139.875,104080.216032
2026-08-13T18:45:00.000Z,139.87,140.12,139.87,139.97,174688.89727900003
2026-08-13T19:00:00.000Z,139.98,139.98,139.8301,139.965,126839.34970899997
2026-08-13T19:15:00.000Z,139.98,140.2,139.9105,140.18,121217.77659899999
2026-08-13T19:30:00.000Z,140.18,140.5799,140.18,140.56,188260.30545800002
2026-08-13T19:45:00.000Z,140.54,140.83,140.44,140.63,724187.247617
2026-08-14T13:30:00.000Z,140.62,140.71,140.12,140.585,233156.54397299996
2026-08-14T13:45:00.000Z,140.62,140.77,140.395,140.635,119266.746438
2026-08-14T14:00:00.000Z,140.635,140.74,140.25,140.35,141635.30630499998
2026-08-14T14:15:00.000Z,140.36,140.9,140.36,140.815,126276.54845099998
2026-08-14T14:30:00.000Z,140.81,140.84,140.39,140.45,77159.041444
2026-08-14T14:45:00.000Z,140.46,140.6,140.295,140.6,80459.504767
2026-08-14T15:00:00.000Z,140.61,140.825,140.585,140.825,81331.19943599998
2026-08-14T15:15:00.000Z,140.82,141.14,140.7911,140.995,117058.437815
2026-08-14T15:30:00.000Z,141.0099,141.27,140.92,141.19,171667.42139200002
2026-08-14T15:45:00.000Z,141.18,141.18,140.86,140.88,108371.69326199999
2026-08-14T16:00:00.000Z,140.88,140.975,140.74,140.81,76969.77040299999
2026-08-14T16:15:00.000Z,140.8,140.81,140.63,140.7008,80777.36232900001
2026-08-14T16:30:00.000Z,140.695,140.875,140.65,140.65,67830.73428599999
2026-08-14T16:45:00.000Z,140.635,140.75,140.625,140.66,66153.960115
2026-08-14T17:00:00.000Z,140.665,140.76,140.63,140.76,57742.063270000006
2026-08-14T17:15:00.000Z,140.77,140.83,140.71,140.75,61791.455572
2026-08-14T17:30:00.000Z,140.77,140.84,140.7,140.77,76270.35476100001
2026-08-14T17:45:00.000Z,140.77,140.8406,140.71,140.8,44293.57841099999
2026-08-14T18:00:00.000Z,140.81,140.93,140.81,140.89,53717.11836600001
2026-08-14T18:15:00.000Z,140.9,141,140.88,140.9561,59004.404917999986
2026-08-14T18:30:00.000Z,140.9627,140.99,140.9,140.9891,73662.166681
2026-08-14T18:45:00.000Z,140.99,141.07,140.9,140.9,81141.234899
2026-08-14T19:00:00.000Z,140.92,141,140.83,140.93,69710.74925
2026-08-14T19:15:00.000Z,140.94,140.94,140.78,140.81,79101.61218100002
2026-08-14T19:30:00.000Z,140.8,140.885,140.69,140.85,136786.892483
2026-08-14T19:45:00.000Z,140.84,140.97,140.525,140.8,424686.480651
2026-08-17T13:30:00.000Z,139.71,139.89,138.32,138.395,319997.04415900004
2026-08-17T13:45:00.000Z,138.37,138.58,137.85,138.44,332134.07528899994
2026-08-17T14:00:00.000Z,138.42,138.92,138.42,138.81,219134.84987200005
2026-08-17T14:15:00.000Z,138.86,139.03,138.66,138.77,178976.866667
2026-08-17T14:30:00.000Z,138.81,139.105,138.56,138.57,149568.983295
2026-08-17T14:45:00.000Z,138.56,138.675,138.19,138.31,175936.919102
2026-08-17T15:00:00.000Z,138.3,138.32,137.84,137.99,191006.273062
2026-08-17T15:15:00.000Z,138,138.145,137.92,138.025,132070.05517
2026-08-17T15:30:00.000Z,138.04,138.2083,138.015,138.015,90206.201519
2026-08-17T15:45:00.000Z,138.02,138.07,137.88,137.96,88835.63274100001
2026-08-17T16:00:00.000Z,137.955,138.06,137.87,138.04,85548.911247
2026-08-17T16:15:00.000Z,138.03,138.19,138.02,138.12,99096.29898899997
2026-08-17T16:30:00.000Z,138.1567,138.26,138.0835,138.1,74771.046863
2026-08-17T16:45:00.000Z,138.09,138.12,137.8224,137.8501,106413.30447899998
2026-08-17T17:00:00.000Z,137.86,137.97,137.76,137.95,215765.157036
2026-08-17T17:15:00.000Z,137.93,137.93,137.6601,137.83,124219.79622
2026-08-17T17:30:00.000Z,137.85,137.9,137.74,137.7929,95165.54837500003
2026-08-17T17:45:00.000Z,137.75,137.79,137.71,137.735,96603.11316299999
2026-08-17T18:00:00.000Z,137.72,138.29,137.72,138.27,162466.38344399998
2026-08-17T18:15:00.000Z,138.265,138.275,138.1,138.16,96282.660366
2026-08-17T18:30:00.000Z,138.15,138.16,137.89,137.9089,90820.47597900001
2026-08-17T18:45:00.000Z,137.92,138.105,137.74,138.03,146489.67867399997
2026-08-17T19:00:00.000Z,138.02,138.3301,137.94,138.33,135581.36294999998
2026-08-17T19:15:00.000Z,138.345,138.43,138.175,138.37,197862.728114
2026-08-17T19:30:00.000Z,138.37,138.585,138.27,138.27,241901.389194
2026-08-17T19:45:00.000Z,138.28,138.38,138.0601,138.255,779554.259248
2026-08-18T13:30:00.000Z,140.36,140.36,139.05,139.53,399569.3124019999
2026-08-18T13:45:00.000Z,139.59,140.28,139.57,140,267745.384772
2026-08-18T14:00:00.000Z,139.98,140.35,139.7,140.07,213948.942978
2026-08-18T14:15:00.000Z,140.09,140.23,139.64,139.6834,171649.79744699996
2026-08-18T14:30:00.000Z,139.61,140.28,139.48,140.205,237248.26128
2026-08-18T14:45:00.000Z,140.225,140.63,140.205,140.455,213778.587668
2026-08-18T15:00:00.000Z,140.46,140.775,140.34,140.55,213288.36771499997
2026-08-18T15:15:00.000Z,140.54,140.6499,140.14,140.23,127499.32160499999
2026-08-18T15:30:00.000Z,140.24,140.42,139.9385,140.1955,101500.012958
2026-08-18T15:45:00.000Z,140.2091,140.2091,139.91,139.94,102553.945691
2026-08-18T16:00:00.000Z,139.935,140.2976,139.93,140.29,97826.41838700001
2026-08-18T16:15:00.000Z,140.3,140.51,140.29,140.48,95953.633795
2026-08-18T16:30:00.000Z,140.49,140.52,140.25,140.3,99133.96619499999
2026-08-18T16:45:00.000Z,140.28,140.335,140.16,140.3,82598.17801300001
2026-08-18T17:00:00.000Z,140.29,140.3929,140.2,140.35,128364.63811100001
2026-08-18T17:15:00.000Z,140.35,140.415,140.24,140.31,92352.032541
2026-08-18T17:30:00.000Z,140.315,140.315,140.165,140.165,97543.73488599999
2026-08-18T17:45:00.000Z,140.18,140.58,140.16,140.56,96284.71149500003
2026-08-18T18:00:00.000Z,140.55,140.8,140.51,140.72,117459.637646
2026-08-18T18:15:00.000Z,140.7,140.72,140.54,140.62,101427.04540599999
2026-08-18T18:30:00.000Z,140.6101,140.6699,140.47,140.5382,93962.92138300001
2026-08-18T18:45:00.000Z,140.53,140.66,140.36,140.54,87535.621204
2026-08-18T19:00:00.000Z,140.55,140.66,140.45,140.55,94267.26689200001
2026-08-18T19:15:00.000Z,140.56,140.79,140.39,140.43,126706.1025
2026-08-18T19:30:00.000Z,140.43,140.505,140.15,140.21,169266.82346500002
2026-08-18T19:45:00.000Z,140.17,140.43,140.06,140.125,1052460.350559
2026-08-19T13:30:00.000Z,140.87,142.37,140.63,142.01,458705.222049
2026-08-19T13:45:00.000Z,141.97,142.48,141.745,141.84,310797.839388
2026-08-19T14:00:00.000Z,141.9,142.48,141.61,142.25,264656.489488
2026-08-19T14:15:00.000Z,142.24,142.41,141.488,141.488,278193.64760599995
2026-08-19T14:30:00.000Z,141.5,141.7766,141.195,141.485,134366.105272
2026-08-19T14:45:00.000Z,141.5,141.68,141.33,141.53,126882.55016099999
2026-08-19T15:00:00.000Z,141.54,141.94,141.43,141.645,146176.55145
2026-08-19T15:15:00.000Z,141.65,141.705,141.445,141.52,190687.743016
2026-08-19T15:30:00.000Z,141.52,141.725,141.4703,141.51,92920.527749
2026-08-19T15:45:00.000Z,141.5202,141.87,141.43,141.86,134287.410651
2026-08-19T16:00:00.000Z,141.86,141.92,141.53,141.62,131299.526063
2026-08-19T16:15:00.000Z,141.65,141.725,141.43,141.45,142133.80076800002
2026-08-19T16:30:00.000Z,141.45,141.57,141.28,141.5001,95734.41325900001
2026-08-19T16:45:00.000Z,141.51,141.825,141.51,141.8,189589.613745
2026-08-19T17:00:00.000Z,141.81,141.87,141.55,141.625,148822.328191
2026-08-19T17:15:00.000Z,141.63,141.825,141.595,141.81,150126.449791
2026-08-19T17:30:00.000Z,141.825,142.15,141.77,142.15,106363.960837
2026-08-19T17:45:00.000Z,142.16,142.37,142.1401,142.34,115297.42562899999
2026-08-19T18:00:00.000Z,142.34,142.89,142.33,142.88,158610.94339099998
2026-08-19T18:15:00.000Z,142.87,142.9,142.6691,142.825,116112.37877199998
2026-08-19T18:30:00.000Z,142.84,143.2,142.78,143.02,141713.02552899998
2026-08-19T18:45:00.000Z,143.04,143.57,143.0201,143.5,156834.05404800005
2026-08-19T19:00:00.000Z,143.5,143.63,143.205,143.21,158822.32907900002
2026-08-19T19:15:00.000Z,143.19,143.27,142.76,142.85,174016.622369
2026-08-19T19:30:00.000Z,142.855,142.92,142.62,142.7,295722.94580099994
2026-08-19T19:45:00.000Z,142.675,142.75,142.25,142.58,938237.6437809999
2026-08-20T13:30:00.000Z,141.74,142.4,141.14,142.355,373349.317545
2026-08-20T13:45:00.000Z,142.33,142.84,141.8003,141.92,210122.48294400002
2026-08-20T14:00:00.000Z,141.86,142.2,141.625,141.66,279231.43681700004
2026-08-20T14:15:00.000Z,141.69,142.03,141.51,141.52,151602.593551
2026-08-20T14:30:00.000Z,141.52,141.56,141.11,141.3,224365.10104800004
2026-08-20T14:45:00.000Z,141.33,141.9,141.33,141.85,99040.48697099999
2026-08-20T15:00:00.000Z,141.87,142.68,141.79,142.68,161602.241814
2026-08-20T15:15:00.000Z,142.7,143.055,142.55,143,168744.46566399996
2026-08-20T15:30:00.000Z,143,143.13,142.835,143.03,109420.36439799999
2026-08-20T15:45:00.000Z,143.04,143.1301,142.86,142.91,80978.357807
2026-08-20T16:00:00.000Z,142.95,143.29,142.9,143.27,89320.70577499998
2026-08-20T16:15:00.000Z,143.28,143.365,143.03,143.05,112367.78887599999
2026-08-20T16:30:00.000Z,143.04,143.04,142.74,142.86,63386.20450700001
2026-08-20T16:45:00.000Z,142.86,143,142.82,142.87,61662.781719000006
2026-08-20T17:00:00.000Z,142.92,143.06,142.8801,142.98,111048.22885200001
2026-08-20T17:15:00.000Z,143,143,142.72,142.805,68262.98374
2026-08-20T17:30:00.000Z,142.82,142.88,142.56,142.63,63317.40881500001
2026-08-20T17:45:00.000Z,142.63,142.83,142.5601,142.8,68836.98357699999
2026-08-20T18:00:00.000Z,142.77,142.82,142.62,142.7,123606.793792
2026-08-20T18:15:00.000Z,142.695,142.735,142.53,142.54,102898.228551
2026-08-20T18:30:00.000Z,142.5427,142.8,142.53,142.67,158263.541823
2026-08-20T18:45:00.000Z,142.67,142.73,142.56,142.56,135768.659973
2026-08-20T19:00:00.000Z,142.57,142.73,142.5,142.53,139516.301668
2026-08-20T19:15:00.000Z,142.515,142.7,142.44,142.59,125722.083169
2026-08-20T19:30:00.000Z,142.6,142.77,142.4107,142.47,177341.966575
2026-08-20T19:45:00.000Z,142.465,142.6209,142.02,142.08,530876.983086
2026-08-21T13:30:00.000Z,142.665,142.69,141.64,142.66,674550.2475360001
2026-08-21T13:45:00.000Z,142.625,142.66,141.985,142.0875,125647.66852
2026-08-21T14:00:00.000Z,142.05,142.61,141.84,142.56,115311.69375699999
2026-08-21T14:15:00.000Z,142.59,142.98,142.48,142.79,122306.15476
2026-08-21T14:30:00.000Z,142.8,143.23,142.79,143.14,125953.909701
2026-08-21T14:45:00.000Z,143.1539,143.43,143.04,143.175,177417.363273
2026-08-21T15:00:00.000Z,143.17,143.21,142.8,142.84,149948.90030900002
2026-08-21T15:15:00.000Z,142.87,142.88,142.455,142.59,99426.739317
2026-08-21T15:30:00.000Z,142.61,142.66,142.33,142.48,147803.25392599998
2026-08-21T15:45:00.000Z,142.5,142.71,142.475,142.665,178091.40871400005
2026-08-21T16:00:00.000Z,142.6501,142.86,142.61,142.77,210106.09658699998
2026-08-21T16:15:00.000Z,142.76,142.88,142.66,142.715,69497.70838
2026-08-21T16:30:00.000Z,142.72,143,142.68,142.96,84955.743406
2026-08-21T16:45:00.000Z,142.96,143.22,142.895,143.16,104193.01361600001
2026-08-21T17:00:00.000Z,143.16,143.54,143.12,143.49,88377.441201
2026-08-21T17:15:00.000Z,143.5,143.55,143.32,143.43,75516.839663
2026-08-21T17:30:00.000Z,143.42,143.46,143.11,143.17,92432.90011100001
2026-08-21T17:45:00.000Z,143.18,143.21,142.95,143.01,58295.83443000001
2026-08-21T18:00:00.000Z,143.01,143.05,142.78,142.97,109506.968848
2026-08-21T18:15:00.000Z,142.97,143.0226,142.87,142.97,78612.55078
2026-08-21T18:30:00.000Z,142.99,143.14,142.98,143.095,63607.933572999995
2026-08-21T18:45:00.000Z,143.09,143.19,143.05,143.1613,79436.908014
2026-08-21T19:00:00.000Z,143.185,143.195,142.9975,143.05,111195.516222
2026-08-21T19:15:00.000Z,143.055,143.12,142.8,142.84,107375.32547700002
2026-08-21T19:30:00.000Z,142.84,143.28,142.765,143.225,174341.574289
2026-08-21T19:45:00.000Z,143.245,143.56,143.175,143.48,831935.1787410001
2026-08-24T13:30:00.000Z,144.91,145.75,144.72,145.6,350104.56129900005
2026-08-24T13:45:00.000Z,145.615,145.76,145.04,145.43,175899.733849
2026-08-24T14:00:00.000Z,145.45,145.9,145.425,145.62,183720.094121
2026-08-24T14:15:00.000Z,145.6,145.86,145.5301,145.69,195506.254135
2026-08-24T14:30:00.000Z,145.65,145.665,145.275,145.35,117717.741275
2026-08-24T14:45:00.000Z,145.36,145.43,145.01,145.14,159541.78544400004
2026-08-24T15:00:00.000Z,145.11,145.15,144.721,144.84,124549.32975500001
2026-08-24T15:15:00.000Z,144.8,145.19,144.76,145.1,126792.47246799999
2026-08-24T15:30:00.000Z,145.07,145.23,144.925,145.19,160038.325418
2026-08-24T15:45:00.000Z,145.13,145.1899,144.91,145.08,86693.496445
2026-08-24T16:00:00.000Z,145.09,145.3,145.0501,145.13,95327.200428
2026-08-24T16:15:00.000Z,145.115,145.16,144.8,144.97,71950.424893
2026-08-24T16:30:00.000Z,144.97,145.0499,144.88,144.905,77937.909114
2026-08-24T16:45:00.000Z,144.905,144.9266,144.72,144.805,70217.83219799999
2026-08-24T17:00:00.000Z,144.815,144.8702,144.635,144.84,87501.84028000002
2026-08-24T17:15:00.000Z,144.84,144.85,144.62,144.65,67984.047307
2026-08-24T17:30:00.000Z,144.6327,144.82,144.625,144.8,61784.64189299999
2026-08-24T17:45:00.000Z,144.81,144.955,144.72,144.9,128070.10510500001
2026-08-24T18:00:00.000Z,144.9,144.905,144.65,144.81,83256.352101
2026-08-24T18:15:00.000Z,144.8,144.88,144.531,144.645,91110.078469
2026-08-24T18:30:00.000Z,144.645,144.765,144.58,144.74,83675.76165700001
2026-08-24T18:45:00.000Z,144.75,144.87,144.7,144.785,86050.45108700001
2026-08-24T19:00:00.000Z,144.785,144.785,144.43,144.455,98975.79315700001
2026-08-24T19:15:00.000Z,144.47,144.57,144.42,144.49,123459.251383
2026-08-24T19:30:00.000Z,144.47,144.725,144.38,144.64,156098.960037
2026-08-24T19:45:00.000Z,144.61,145,144.595,144.67,700112.275162
2026-08-25T13:30:00.000Z,143.73,143.87,142.95,142.99,457540.445383
2026-08-25T13:45:00.000Z,142.97,143.06,142.54,142.84,259745.231962
2026-08-25T14:00:00.000Z,142.85,143.525,142.66,142.945,182443.85224900002
2026-08-25T14:15:00.000Z,142.92,143.43,142.82,143.32,147302.82638699998
2026-08-25T14:30:00.000Z,143.36,143.46,142.93,143.23,277775.7039920001
2026-08-25T14:45:00.000Z,143.24,143.31,142.9,143.15,227064.980801
2026-08-25T15:00:00.000Z,143.16,143.185,142.8447,142.85,106095.20938500001
2026-08-25T15:15:00.000Z,142.855,142.8991,142.58,142.72,97993.574537
2026-08-25T15:30:00.000Z,142.72,142.84,142.5,142.625,191658.882022
2026-08-25T15:45:00.000Z,142.635,142.64,142.374,142.52,110076.522359
2026-08-25T16:00:00.000Z,142.53,142.5599,142.3301,142.51,91755.52740300001
2026-08-25T16:15:00.000Z,142.5,142.52,142.4,142.46,91610.276785
2026-08-25T16:30:00.000Z,142.4451,142.53,142.38,142.4,62787.410111
2026-08-25T16:45:00.000Z,142.39,142.45,142.33,142.3858,58088.332406999994
2026-08-25T17:00:00.000Z,142.3899,142.44,142.3,142.355,73021.015836
2026-08-25T17:15:00.000Z,142.37,142.455,142.315,142.42,229820.05571900003
2026-08-25T17:30:00.000Z,142.44,142.83,142.41,142.82,93126.99741099999
2026-08-25T17:45:00.000Z,142.81,142.915,142.76,142.805,85132.484492
2026-08-25T18:00:00.000Z,142.82,143,142.805,142.93,76228.242106
2026-08-25T18:15:00.000Z,142.895,142.895,142.65,142.655,74128.55400799999
2026-08-25T18:30:00.000Z,142.655,142.73,142.47,142.47,80228.161103
2026-08-25T18:45:00.000Z,142.49,142.5,142.28,142.33,106518.896379
2026-08-25T19:00:00.000Z,142.31,142.49,142.28,142.445,104314.30332
2026-08-25T19:15:00.000Z,142.445,142.49,142.18,142.19,114150.15859100001
2026-08-25T19:30:00.000Z,142.16,142.3,142.08,142.22,127598.105724
2026-08-25T19:45:00.000Z,142.22,142.625,142.11,142.25,544089.36732
2026-08-26T13:30:00.000Z,142.69,142.69,141.43,141.7,287980.19246299996
2026-08-26T13:45:00.000Z,141.765,141.795,141.38,141.6,128087.74723199998
2026-08-26T14:00:00.000Z,141.55,142.16,141.5,142.16,131089.82122800002
2026-08-26T14:15:00.000Z,142.15,142.21,141.85,141.89,108700.705174
2026-08-26T14:30:00.000Z,141.885,141.905,141.43,141.48,134055.74172200004
2026-08-26T14:45:00.000Z,141.4486,141.54,141.22,141.35,111988.18542400001
2026-08-26T15:00:00.000Z,141.345,142.18,141.345,142.075,218420.710499
2026-08-26T15:15:00.000Z,142.09,142.28,141.96,142.215,124657.190062
2026-08-26T15:30:00.000Z,142.21,142.46,142.11,142.44,115984.60594900002
2026-08-26T15:45:00.000Z,142.435,142.48,142.31,142.32,76149.63164800001
2026-08-26T16:00:00.000Z,142.33,142.39,142.24,142.39,107888.97931699999
2026-08-26T16:15:00.000Z,142.3999,142.445,142.28,142.38,69024.948581
2026-08-26T16:30:00.000Z,142.355,142.51,142.28,142.31,66642.505883
2026-08-26T16:45:00.000Z,142.3,142.44,142.21,142.4014,99326.69312800001
2026-08-26T17:00:00.000Z,142.43,142.48,142.2501,142.26,65507.454753
2026-08-26T17:15:00.000Z,142.27,142.3,142.19,142.2,56663.10427999999
2026-08-26T17:30:00.000Z,142.2,142.23,142.05,142.205,62449.992871
2026-08-26T17:45:00.000Z,142.21,142.29,142.17,142.24,58311.006410999995
2026-08-26T18:00:00.000Z,142.21,142.22,142,142.185,80605.459335
2026-08-26T18:15:00.000Z,142.18,142.34,142.12,142.315,111633.84549400001
2026-08-26T18:30:00.000Z,142.3,142.34,142.235,142.28,69240.60953500001
2026-08-26T18:45:00.000Z,142.285,142.345,142.26,142.32,92386.182104
2026-08-26T19:00:00.000Z,142.32,142.4199,142.2649,142.325,73668.72680099998
2026-08-26T19:15:00.000Z,142.32,142.5,142.315,142.48,101609.38462099999
2026-08-26T19:30:00.000Z,142.49,142.58,142.34,142.56,119304.813734
2026-08-26T19:45:00.000Z,142.53,142.57,142.17,142.19,463413.06810699997
2026-08-27T13:30:00.000Z,140.56,140.78,139.92,140.16,658517.2517479999
2026-08-27T13:45:00.000Z,140.13,140.382,139.8199,140.04,369133.2170659999
2026-08-27T14:00:00.000Z,140.025,140.46,139.7805,139.8697,225126.417859
2026-08-27T14:15:00.000Z,139.84,140.14,139.735,139.94,178183.49150799998
2026-08-27T14:30:00.000Z,139.94,140.4599,139.91,140.39,152910.92332300002
2026-08-27T14:45:00.000Z,140.37,140.675,140.24,140.3,162900.028057
2026-08-27T15:00:00.000Z,140.32,140.69,140.27,140.63,150538.637316
2026-08-27T15:15:00.000Z,140.62,140.8,140.55,140.65,106724.269643
2026-08-27T15:30:00.000Z,140.65,140.95,140.65,140.94,106851.07704499998
2026-08-27T15:45:00.000Z,140.97,141.0878,140.74,140.83,120611.81573500001
2026-08-27T16:00:00.000Z,140.83,140.87,140.69,140.8,106779.43683800001
2026-08-27T16:15:00.000Z,140.8,140.975,140.78,140.865,105172.37087600002
2026-08-27T16:30:00.000Z,140.85,140.9,140.6,140.76,92337.136745
2026-08-27T16:45:00.000Z,140.755,140.99,140.7,140.76,70403.28247199999
2026-08-27T17:00:00.000Z,140.73,140.77,140.6,140.67,65173.602255000005
2026-08-27T17:15:00.000Z,140.66,140.855,140.58,140.775,83425.364016
2026-08-27T17:30:00.000Z,140.8,140.82,140.42,140.42,109770.73714
2026-08-27T17:45:00.000Z,140.43,140.45,140.3,140.37,71328.79216200001
2026-08-27T18:00:00.000Z,140.37,140.59,140.34,140.525,81651.990438
2026-08-27T18:15:00.000Z,140.52,140.61,140.5,140.525,99217.293393
2026-08-27T18:30:00.000Z,140.515,140.62,140.43,140.505,85372.34898200001
2026-08-27T18:45:00.000Z,140.49,140.51,140.36,140.39,91935.09254700001
2026-08-27T19:00:00.000Z,140.39,140.5,140.28,140.28,115965.21825699999
2026-08-27T19:15:00.000Z,140.28,140.3499,140.1301,140.24,156838.326315
2026-08-27T19:30:00.000Z,140.25,140.29,140.065,140.14,205385.45878199994
2026-08-27T19:45:00.000Z,140.13,140.16,139.675,139.71,561062.402678
2026-08-28T13:30:00.000Z,140.66,140.74,139.99,140.46,312013.29766199994
2026-08-28T13:45:00.000Z,140.43,140.96,140.43,140.84,151920.623211
2026-08-28T14:00:00.000Z,140.74,140.96,140.54,140.78,176353.88963700001
2026-08-28T14:15:00.000Z,140.77,141.045,140.7,140.79,133648.743898
2026-08-28T14:30:00.000Z,140.8,141.07,140.66,140.81,116512.80450000001
2026-08-28T14:45:00.000Z,140.81,140.91,140.66,140.7,103365.681175
2026-08-28T15:00:00.000Z,140.7,140.73,140.395,140.51,123660.34588899999
2026-08-28T15:15:00.000Z,140.5,140.63,140.4172,140.5,100050.33054300002
2026-08-28T15:30:00.000Z,140.53,140.705,140.41,140.705,120622.138038
2026-08-28T15:45:00.000Z,140.715,141.09,140.68,141.0299,162385.411328
2026-08-28T16:00:00.000Z,141.04,141.29,140.83,140.95,144272.117623
2026-08-28T16:15:00.000Z,140.95,141.1717,140.49,140.61,173569.49706700002
2026-08-28T16:30:00.000Z,140.615,140.79,140.58,140.66,98732.934887
2026-08-28T16:45:00.000Z,140.65,140.7,140.55,140.7,85272.55209000001
2026-08-28T17:00:00.000Z,140.7,140.96,140.7,140.85,95955.64994400002
2026-08-28T17:15:00.000Z,140.8549,141.06,140.82,140.94,131022.36348600003
2026-08-28T17:30:00.000Z,140.95,141.13,140.875,141.13,99464.50436200002
2026-08-28T17:45:00.000Z,141.13,141.155,140.74,140.79,87420.64313400001
2026-08-28T18:00:00.000Z,140.78,140.92,140.76,140.8164,79084.41469100001
2026-08-28T18:15:00.000Z,140.82,140.86,140.7,140.86,68593.42020200001
2026-08-28T18:30:00.000Z,140.865,140.955,140.755,140.93,111714.30411499999
2026-08-28T18:45:00.000Z,140.93,141.01,140.83,141,118354.60935400001
2026-08-28T19:00:00.000Z,141.01,141.05,140.625,140.7,120081.454275
2026-08-28T19:15:00.000Z,140.7,140.72,140.5716,140.6499,127182.23766799999
2026-08-28T19:30:00.000Z,140.64,140.68,140.4,140.55,211524.26516299997
2026-08-28T19:45:00.000Z,140.53,141.09,140.5,141.06,698429.065871
2026-08-31T13:30:00.000Z,141.04,141.04,139.33,139.925,453377.85551000014
2026-08-31T13:45:00.000Z,139.95,140.1,139.8,139.92,155537.735841
2026-08-31T14:00:00.000Z,139.94,140.13,139.76,139.95,150863.167858
2026-08-31T14:15:00.000Z,139.98,140.18,139.775,139.935,143404.61845
2026-08-31T14:30:00.000Z,139.96,140.145,139.7435,140.13,125122.125248
2026-08-31T14:45:00.000Z,140.14,140.4,140.02,140.24,136003.458646
2026-08-31T15:00:00.000Z,140.235,140.29,139.86,140.13,190329.56354499998
2026-08-31T15:15:00.000Z,140.12,140.165,139.91,140.07,113093.72156299998
2026-08-31T15:30:00.000Z,140.065,140.23,139.98,140.02,112504.68803800001
2026-08-31T15:45:00.000Z,140.025,140.4,140.025,140.38,93951.70664900001
2026-08-31T16:00:00.000Z,140.37,140.495,140.32,140.4,100870.26190099999
2026-08-31T16:15:00.000Z,140.405,140.44,140.195,140.195,105026.85566499998
2026-08-31T16:30:00.000Z,140.22,140.34,140.17,140.23,74271.21502199999
2026-08-31T16:45:00.000Z,140.21,140.21,139.91,139.91,105592.222308
2026-08-31T17:00:00.000Z,139.91,140.105,139.79,140.105,96635.413528
2026-08-31T17:15:00.000Z,140.11,140.15,140,140.1,104442.21394599999
2026-08-31T17:30:00.000Z,140.1,140.33,140.055,140.29,85101.77029500002
2026-08-31T17:45:00.000Z,140.3,140.3336,140.22,140.31,72636.666058
2026-08-31T18:00:00.000Z,140.34,140.41,140.2,140.31,64258.85320799999
2026-08-31T18:15:00.000Z,140.3201,140.3799,140.22,140.36,91585.37701800001
2026-08-31T18:30:00.000Z,140.37,140.41,140.07,140.07,143242.11130400002
2026-08-31T18:45:00.000Z,140.07,140.235,140.04,140.23,112883.29023799999
2026-08-31T19:00:00.000Z,140.24,140.265,140.1,140.14,83240.08965099999
2026-08-31T19:15:00.000Z,140.14,140.155,140,140.085,114223.31765200003
2026-08-31T19:30:00.000Z,140.09,140.53,140.05,140.51,140844.73297900002
2026-08-31T19:45:00.000Z,140.5,140.72,140.29,140.33,725679.170898
2026-09-01T13:30:00.000Z,141.19,141.43,140.38,140.85,340125.421258
2026-09-01T13:45:00.000Z,140.84,141.01,140.36,140.715,215695.616369
2026-09-01T14:00:00.000Z,140.7,140.89,140.36,140.825,239262.85484899997
2026-09-01T14:15:00.000Z,140.78,141.02,140.72,140.99,194063.260794
2026-09-01T14:30:00.000Z,141.02,141.07,140.27,140.29,173076.558235
2026-09-01T14:45:00.000Z,140.275,140.33,139.77,139.8292,169219.16479
2026-09-01T15:00:00.000Z,139.8001,139.9748,139.64,139.69,126196.86131499999
2026-09-01T15:15:00.000Z,139.71,140.13,139.62,140.06,132476.76714
2026-09-01T15:30:00.000Z,140.115,140.16,140.06,140.09,72373.277874
2026-09-01T15:45:00.000Z,140.09,140.09,139.8,139.8668,90629.669491
2026-09-01T16:00:00.000Z,139.875,140.045,139.735,139.735,119302.41655699999
2026-09-01T16:15:00.000Z,139.75,139.82,139.64,139.72,93335.89583000002
2026-09-01T16:30:00.000Z,139.71,139.8863,139.63,139.85,70203.235751
2026-09-01T16:45:00.000Z,139.84,139.879,139.645,139.68,87822.57541199998
2026-09-01T17:00:00.000Z,139.675,139.9,139.675,139.9,72170.96157999999
2026-09-01T17:15:00.000Z,139.88,139.91,139.77,139.87,78690.816228
2026-09-01T17:30:00.000Z,139.86,140.075,139.72,140.03,78105.331455
2026-09-01T17:45:00.000Z,140.02,140.05,139.85,140.01,141141.085547
2026-09-01T18:00:00.000Z,139.995,140.04,139.92,140.03,99740.677901
2026-09-01T18:15:00.000Z,140.015,140.13,139.85,139.92,94794.12347500001
2026-09-01T18:30:00.000Z,139.95,139.99,139.89,139.94,91212.27136000001
2026-09-01T18:45:00.000Z,139.93,139.935,139.51,139.57,156520.45182400002
2026-09-01T19:00:00.000Z,139.535,139.55,139.4,139.41,150376.047737
2026-09-01T19:15:00.000Z,139.4,139.535,139.37,139.475,107368.112583
2026-09-01T19:30:00.000Z,139.48,139.73,139.425,139.63,164853.83899
2026-09-01T19:45:00.000Z,139.64,139.89,139.54,139.78,622790.9642449999
2026-09-02T13:30:00.000Z,140.27,140.41,139.36,139.9,408553.93739099987
2026-09-02T13:45:00.000Z,139.89,140.55,139.77,140.1,326243.801795
2026-09-02T14:00:00.000Z,140.0694,140.13,139.3,139.67,213623.90030799998
2026-09-02T14:15:00.000Z,139.7,139.95,139.56,139.72,172581.026992
2026-09-02T14:30:00.000Z,139.73,140.165,139.66,140.09,155078.628065
2026-09-02T14:45:00.000Z,140.0899,140.815,140.06,140.8,306406.94873400003
2026-09-02T15:00:00.000Z,140.79,141.27,140.705,141.255,204726.42093800002
2026-09-02T15:15:00.000Z,141.27,141.56,141.25,141.53,332444.741292
2026-09-02T15:30:00.000Z,141.46,141.48,141.135,141.265,101763.03047399998
2026-09-02T15:45:00.000Z,141.27,141.39,141.04,141.205,95833.155653
2026-09-02T16:00:00.000Z,141.19,141.45,141.08,141.43,94374.85963
2026-09-02T16:15:00.000Z,141.38,141.7067,141.37,141.66,82103.70887699998
2026-09-02T16:30:00.000Z,141.675,141.675,141.18,141.225,111018.270288
2026-09-02T16:45:00.000Z,141.215,141.25,141.09,141.17,128806.288721
2026-09-02T17:00:00.000Z,141.18,141.28,141.12,141.16,128887.510727
2026-09-02T17:15:00.000Z,141.165,141.19,141.0475,141.05,87419.025486
2026-09-02T17:30:00.000Z,141.03,141.2,141.02,141.195,127920.73700000001
2026-09-02T17:45:00.000Z,141.195,141.31,141.1,141.23,111263.46299500001
2026-09-02T18:00:00.000Z,141.24,141.2999,141.12,141.185,131679.438015
2026-09-02T18:15:00.000Z,141.18,141.25,141.07,141.12,167144.123963
2026-09-02T18:30:00.000Z,141.13,141.19,140.89,140.8927,111487.65460199998
2026-09-02T18:45:00.000Z,140.9,140.96,140.71,140.76,109108.862875
2026-09-02T19:00:00.000Z,140.76,140.76,140.41,140.47,109026.65090999998
2026-09-02T19:15:00.000Z,140.47,140.53,140.31,140.42,146846.656258
2026-09-02T19:30:00.000Z,140.42,140.6,140.31,140.57,180804.853567
2026-09-02T19:45:00.000Z,140.55,140.62,140.35,140.55,609178.396108
2026-09-03T13:30:00.000Z,140.32,140.75,139.07,139.22,652973.9006399999
2026-09-03T13:45:00.000Z,139.24,139.44,138.66,139.15,353972.97943400004
2026-09-03T14:00:00.000Z,139.1,139.47,139.03,139.24,233582.519405
2026-09-03T14:15:00.000Z,139.24,139.27,138.58,138.77,355785.220909
2026-09-03T14:30:00.000Z,138.77,138.93,138.6,138.91,222805.22370899998
2026-09-03T14:45:00.000Z,138.9,139.41,138.85,139.365,289747.50189699995
2026-09-03T15:00:00.000Z,139.33,139.52,139.205,139.465,151894.75436400002
2026-09-03T15:15:00.000Z,139.46,139.72,139.4,139.715,168790.04717600002
2026-09-03T15:30:00.000Z,139.705,139.95,139.695,139.84,157922.34006900003
2026-09-03T15:45:00.000Z,139.84,140.12,139.77,139.86,190462.046361
2026-09-03T16:00:00.000Z,139.84,139.925,139.565,139.665,155272.575497
2026-09-03T16:15:00.000Z,139.65,140.09,139.595,140.04,305099.5094810001
2026-09-03T16:30:00.000Z,140.01,140.25,139.96,140.225,126088.053197
2026-09-03T16:45:00.000Z,140.22,140.33,140.195,140.2,127203.455819
2026-09-03T17:00:00.000Z,140.205,140.23,139.88,139.965,144907.930673
2026-09-03T17:15:00.000Z,139.96,139.96,139.61,139.86,352304.96518800006
2026-09-03T17:30:00.000Z,139.85,139.92,139.71,139.74,155577.75706700003
2026-09-03T17:45:00.000Z,139.74,139.79,139.595,139.75,192783.33492600004
2026-09-03T18:00:00.000Z,139.75,139.965,139.735,139.87,149853.32630199997
2026-09-03T18:15:00.000Z,139.88,140,139.7668,139.91,113359.465043
2026-09-03T18:30:00.000Z,139.91,139.99,139.86,139.97,125875.388591
2026-09-03T18:45:00.000Z,139.94,140.17,139.89,140.17,191493.444516
2026-09-03T19:00:00.000Z,140.16,140.27,140.02,140.16,195446.42758699998
2026-09-03T19:15:00.000Z,140.16,140.39,140.13,140.22,237745.15911399998
2026-09-03T19:30:00.000Z,140.23,140.38,140.165,140.19,306202.34766399994
2026-09-03T19:45:00.000Z,140.19,140.39,139.82,140.07,947343.9903870001
2026-09-04T13:30:00.000Z,137.74,138.27,137.43,138.11,402346.66076600004
2026-09-04T13:45:00.000Z,138.13,138.5,137.915,138.4,264652.037146
2026-09-04T14:00:00.000Z,138.4,139.465,138.395,139.21,299617.89039099996
2026-09-04T14:15:00.000Z,139.215,139.24,138.63,138.63,222252.43158800004
2026-09-04T14:30:00.000Z,138.645,138.78,138.29,138.55,142717.654934
2026-09-04T14:45:00.000Z,138.55,138.84,138.53,138.765,189047.034478
2026-09-04T15:00:00.000Z,138.765,138.93,138.6,138.755,165275.275551
2026-09-04T15:15:00.000Z,138.73,138.755,138.56,138.585,136834.163755
2026-09-04T15:30:00.000Z,138.6,138.68,138.41,138.5,102379.77311199998
2026-09-04T15:45:00.000Z,138.49,138.53,138.32,138.39,110188.80048099998
2026-09-04T16:00:00.000Z,138.38,138.38,138.19,138.33,144091.977321
2026-09-04T16:15:00.000Z,138.32,138.4293,138.255,138.31,109256.478286
2026-09-04T16:30:00.000Z,138.3,138.31,138.0001,138.01,144147.627218
2026-09-04T16:45:00.000Z,138.01,138.23,138.01,138.11,118135.64502799998
2026-09-04T17:00:00.000Z,138.1,138.1,137.94,137.94,77673.84726099999
2026-09-04T17:15:00.000Z,137.94,137.9554,137.7,137.75,135020.766758
2026-09-04T17:30:00.000Z,137.7501,138.005,137.7501,137.93,105180.87718000001
2026-09-04T17:45:00.000Z,137.92,137.95,137.82,137.86,79043.960503
2026-09-04T18:00:00.000Z,137.87,138.05,137.87,137.995,116646.81258499999
2026-09-04T18:15:00.000Z,138.01,138.01,137.86,137.9,93426.04464
2026-09-04T18:30:00.000Z,137.91,138.08,137.87,137.895,125716.159225
2026-09-04T18:45:00.000Z,137.9,137.93,137.84,137.875,87578.341741
2026-09-04T19:00:00.000Z,137.89,137.9025,137.71,137.76,131461.05982999998
2026-09-04T19:15:00.000Z,137.8,137.905,137.72,137.87,132737.88571099998
2026-09-04T19:30:00.000Z,137.87,137.875,137.52,137.78,229141.572853
2026-09-04T19:45:00.000Z,137.77,137.97,137.45,137.63,670463.341511
2026-09-08T13:30:00.000Z,137,138.25,137,138.0525,493279.76542699995
2026-09-08T13:45:00.000Z,138.035,138.315,137.4155,137.91,228400.000259
2026-09-08T14:00:00.000Z,137.98,138.61,137.98,138.4,299913.77723699994
2026-09-08T14:15:00.000Z,138.4,138.52,138.12,138.38,210905.783753
2026-09-08T14:30:00.000Z,138.41,138.92,138.31,138.88,193585.125477
2026-09-08T14:45:00.000Z,138.8609,138.98,138.325,138.4,200461.695928
2026-09-08T15:00:00.000Z,138.38,138.5,138.3,138.35,135316.72406799998
2026-09-08T15:15:00.000Z,138.355,138.4053,137.92,137.925,270161.358719
2026-09-08T15:30:00.000Z,137.9599,138.2,137.8704,138.16,176141.35285
2026-09-08T15:45:00.000Z,138.18,138.3,138.1,138.1,160966.84081199998
2026-09-08T16:00:00.000Z,138.09,138.355,138.025,138.355,134045.55509
2026-09-08T16:15:00.000Z,138.35,138.51,138.16,138.36,141931.595802
2026-09-08T16:30:00.000Z,138.35,138.5,138.285,138.29,114154.41171300001
2026-09-08T16:45:00.000Z,138.27,138.49,138.2,138.47,110471.805515
2026-09-08T17:00:00.000Z,138.46,138.48,138.16,138.195,812914.7195990001
2026-09-08T17:15:00.000Z,138.19,138.26,138.14,138.19,91058.15922900001
2026-09-08T17:30:00.000Z,138.19,138.39,138.16,138.18,109380.378252
2026-09-08T17:45:00.000Z,138.18,138.25,138.09,138.23,87408.97710300001
2026-09-08T18:00:00.000Z,138.23,138.31,138.18,138.3,100797.283876
2026-09-08T18:15:00.000Z,138.29,138.29,138.1701,138.1902,100166.74360999999
2026-09-08T18:30:00.000Z,138.2,138.54,138.12,138.525,147688.391151
2026-09-08T18:45:00.000Z,138.525,138.665,138.42,138.46,165545.04629399997
2026-09-08T19:00:00.000Z,138.46,138.69,138.27,138.65,137557.43551100002
2026-09-08T19:15:00.000Z,138.645,138.72,138.51,138.7,143806.038484
2026-09-08T19:30:00.000Z,138.69,138.7999,138.59,138.63,189110.323583
2026-09-08T19:45:00.000Z,138.62,138.625,138.2,138.44,694539.038862
2026-09-09T13:30:00.000Z,138.01,138.11,137.295,137.41,430107.695264
2026-09-09T13:45:00.000Z,137.41,137.51,137.19,137.475,226484.46898000003
2026-09-09T14:00:00.000Z,137.475,138.12,137.46,137.6,304093.874802
2026-09-09T14:15:00.000Z,137.5801,137.595,136.7,136.9,310859.90039100003
2026-09-09T14:30:00.000Z,136.885,137.1143,136.68,136.78,233861.39414999998
2026-09-09T14:45:00.000Z,136.745,136.905,136.66,136.81,182895.21309499998
2026-09-09T15:00:00.000Z,136.77,136.8,136.435,136.66,249693.96701300004
2026-09-09T15:15:00.000Z,136.615,136.63,136.33,136.43,215368.757435
2026-09-09T15:30:00.000Z,136.46,136.6,136.33,136.3805,164172.78746
2026-09-09T15:45:00.000Z,136.38,136.46,136.34,136.37,185198.88013600002
2026-09-09T16:00:00.000Z,136.365,136.62,136.33,136.59,188909.80738000004
2026-09-09T16:15:00.000Z,136.562,136.84,136.52,136.84,173722.34736299998
2026-09-09T16:30:00.000Z,136.845,136.88,136.65,136.66,93719.16064900001
2026-09-09T16:45:00.000Z,136.655,136.71,136.58,136.59,103911.51302399999
2026-09-09T17:00:00.000Z,136.58,136.615,136.36,136.5,171558.05941999998
2026-09-09T17:15:00.000Z,136.495,136.58,136.44,136.58,140729.02455700003
2026-09-09T17:30:00.000Z,136.57,136.83,136.495,136.77,194275.19403299998
2026-09-09T17:45:00.000Z,136.76,137.08,136.75,137.07,107230.52761000002
2026-09-09T18:00:00.000Z,137.075,137.375,137.075,137.35,92789.96568900002
2026-09-09T18:15:00.000Z,137.35,137.4354,137.285,137.39,104185.954109
2026-09-09T18:30:00.000Z,137.39,137.64,137.34,137.565,136243.14016699998
2026-09-09T18:45:00.000Z,137.57,137.57,137.27,137.28,110450.234716
2026-09-09T19:00:00.000Z,137.275,137.34,137.17,137.19,101413.786327
2026-09-09T19:15:00.000Z,137.185,137.2301,137.05,137.1699,117543.93354900001
2026-09-09T19:30:00.000Z,137.165,137.24,136.935,137.065,214101.025992
2026-09-09T19:45:00.000Z,137.085,137.12,136.56,136.7,805267.396064
2026-09-10T13:30:00.000Z,137.5,137.5,136.48,136.9,428609.04499500006
2026-09-10T13:45:00.000Z,136.87,137.2,136.555,137.09,223317.191039
2026-09-10T14:00:00.000Z,137.105,137.3222,136.76,137.27,155042.924729
2026-09-10T14:15:00.000Z,137.27,137.79,137.16,137.58,181596.190611
2026-09-10T14:30:00.000Z,137.56,137.62,137.25,137.2875,175700.473862
2026-09-10T14:45:00.000Z,137.29,137.29,136.8,136.8,147870.390384
2026-09-10T15:00:00.000Z,136.8,136.89,136.6603,136.77,193305.792043
2026-09-10T15:15:00.000Z,136.78,137.1,136.765,136.845,138803.827502
2026-09-10T15:30:00.000Z,136.85,136.88,136.61,136.66,188351.51863900002
2026-09-10T15:45:00.000Z,136.67,137.2625,136.6501,137.25,148530.68218399998
2026-09-10T16:00:00.000Z,137.26,137.37,137.06,137.3089,176846.06935099998
2026-09-10T16:15:00.000Z,137.27,137.33,137.155,137.24,143238.532029
2026-09-10T16:30:00.000Z,137.24,137.5,137.209,137.34,135857.57423800003
2026-09-10T16:45:00.000Z,137.34,137.34,137.085,137.14,127843.357017
2026-09-10T17:00:00.000Z,137.15,137.18,136.91,136.9758,110021.16225
2026-09-10T17:15:00.000Z,136.98,137,136.77,136.871,185078.654418
2026-09-10T17:30:00.000Z,136.85,136.91,136.77,136.8432,88986.737758
2026-09-10T17:45:00.000Z,136.85,136.925,136.71,136.835,107969.29608000001
2026-09-10T18:00:00.000Z,136.84,137.03,136.84,136.95,93626.817933
2026-09-10T18:15:00.000Z,136.955,137.08,136.88,136.89,90802.48588000002
2026-09-10T18:30:00.000Z,136.88,137.01,136.8501,136.935,124438.503147
2026-09-10T18:45:00.000Z,136.92,137.01,136.8551,136.92,125250.71184700001
2026-09-10T19:00:00.000Z,136.92,137.06,136.84,136.92,157917.18348100001
2026-09-10T19:15:00.000Z,136.9,137.02,136.751,136.96,121094.80266600002
2026-09-10T19:30:00.000Z,136.95,136.98,136.82,136.94,196065.62058000005
2026-09-10T19:45:00.000Z,136.945,136.945,136.5,136.64,801271.092897
2026-09-11T13:30:00.000Z,137.31,137.49,136.36,136.638,406524.72447899997
2026-09-11T13:45:00.000Z,136.615,136.87,136.52,136.54,233639.11463999999
2026-09-11T14:00:00.000Z,136.53,137,136.48,136.89,252043.20370399999
2026-09-11T14:15:00.000Z,136.87,137.21,136.72,136.79,233409.29559599998
2026-09-11T14:30:00.000Z,136.76,136.76,136.32,136.615,278150.19649000006
2026-09-11T14:45:00.000Z,136.6,136.735,136.4,136.4725,153724.374833
2026-09-11T15:00:00.000Z,136.48,136.53,136.32,136.42,184753.129489
2026-09-11T15:15:00.000Z,136.39,136.82,136.34,136.69,136141.85866199998
2026-09-11T15:30:00.000Z,136.66,137,136.62,136.985,105780.702942
2026-09-11T15:45:00.000Z,136.98,137.05,136.92,137.01,102219.94696
2026-09-11T16:00:00.000Z,137.015,137.15,136.93,137.035,134395.448772
2026-09-11T16:15:00.000Z,137.04,137.23,137.02,137.23,110407.724367
2026-09-11T16:30:00.000Z,137.2,137.32,137.19,137.28,123008.71813699999
2026-09-11T16:45:00.000Z,137.27,137.27,137.025,137.07,91257.334404
2026-09-11T17:00:00.000Z,137.055,137.21,137.055,137.14,95862.96923199997
2026-09-11T17:15:00.000Z,137.15,137.2,137.06,137.13,87880.54558300001
2026-09-11T17:30:00.000Z,137.11,137.155,136.82,136.87,270743.042308
2026-09-11T17:45:00.000Z,136.865,136.865,136.57,136.63,111819.722895
2026-09-11T18:00:00.000Z,136.635,136.73,136.6,136.72,130927.52197000002
2026-09-11T18:15:00.000Z,136.71,136.78,136.1504,136.17,198904.234218
2026-09-11T18:30:00.000Z,136.15,136.24,136.04,136.13,184714.153209
2026-09-11T18:45:00.000Z,136.125,136.41,136.105,136.38,141790.27331699998
2026-09-11T19:00:00.000Z,136.38,136.545,136.28,136.31,145081.019482
2026-09-11T19:15:00.000Z,136.312,136.51,136.26,136.42,169606.12807299997
2026-09-11T19:30:00.000Z,136.42,136.49,136.27,136.425,201498.59928099997
2026-09-11T19:45:00.000Z,136.41,136.5,136.25,136.29,698521.033402
2026-09-14T13:30:00.000Z,138,138.8,137.7,137.71,620318.0359769999
2026-09-14T13:45:00.000Z,137.73,138.09,137.555,137.62,238192.192497
2026-09-14T14:00:00.000Z,137.62,137.96,137.465,137.5199,255367.49278000003
2026-09-14T14:15:00.000Z,137.46,137.7726,137.445,137.57,175994.258465
2026-09-14T14:30:00.000Z,137.575,137.76,137.235,137.28,198471.44369199997
2026-09-14T14:45:00.000Z,137.27,137.41,137.14,137.14,138229.93359
2026-09-14T15:00:00.000Z,137.14,137.43,136.94,136.975,333295.707681
2026-09-14T15:15:00.000Z,136.99,137.006,136.43,136.49,167425.96778099998
2026-09-14T15:30:00.000Z,136.47,136.655,136.145,136.635,388889.353781
2026-09-14T15:45:00.000Z,136.63,136.91,136.63,136.855,134682.887193
2026-09-14T16:00:00.000Z,136.86,136.91,136.57,136.59,180888.368859
2026-09-14T16:15:00.000Z,136.6,136.62,136.345,136.54,244812.065713
2026-09-14T16:30:00.000Z,136.545,136.68,136.4,136.6,228519.38311099997
2026-09-14T16:45:00.000Z,136.59,136.625,136.4,136.52,177025.77091599998
2026-09-14T17:00:00.000Z,136.51,136.54,136.2706,136.33,241083.30245599998
2026-09-14T17:15:00.000Z,136.325,136.36,136.17,136.3,170372.76487100002
2026-09-14T17:30:00.000Z,136.285,136.71,136.27,136.67,244971.29925599997
2026-09-14T17:45:00.000Z,136.66,136.77,136.45,136.45,154818.47072100002
2026-09-14T18:00:00.000Z,136.4345,136.48,136.34,136.41,214806.38648199997
2026-09-14T18:15:00.000Z,136.3954,136.51,136.34,136.47,139193.196479
2026-09-14T18:30:00.000Z,136.46,136.64,136.43,136.56,184646.24009199996
2026-09-14T18:45:00.000Z,136.57,136.8155,136.57,136.63,210148.287988
2026-09-14T19:00:00.000Z,136.63,136.65,136.465,136.64,199894.89860499997
2026-09-14T19:15:00.000Z,136.64,136.74,136.535,136.57,280570.75497
2026-09-14T19:30:00.000Z,136.585,136.66,136.24,136.3,333866.41863499995
2026-09-14T19:45:00.000Z,136.29,136.51,136.18,136.34,1201618.717148
2026-09-15T13:30:00.000Z,135.765,135.83,134.75,135.2,736443.162929
2026-09-15T13:45:00.000Z,135.17,135.26,134.79,135,316322.7965710001
2026-09-15T14:00:00.000Z,134.99,135.1499,134.78,135.09,330861.01467500004
2026-09-15T14:15:00.000Z,135.1,135.4992,135.0301,135.36,208624.037161
2026-09-15T14:30:00.000Z,135.35,135.86,135.34,135.77,314597.75225200003
2026-09-15T14:45:00.000Z,135.78,135.985,135.62,135.62,270272.57095
2026-09-15T15:00:00.000Z,135.62,135.7,135.2501,135.46,176062.60252700004
2026-09-15T15:15:00.000Z,135.44,135.6199,135.42,135.57,104568.06249300002
2026-09-15T15:30:00.000Z,135.57,135.82,135.5,135.672,192596.70476499997
2026-09-15T15:45:00.000Z,135.675,135.76,135.49,135.73,145589.255692
2026-09-15T16:00:00.000Z,135.71,135.735,135.6,135.65,118770.955925
2026-09-15T16:15:00.000Z,135.63,135.63,135.33,135.35,101324.135405
2026-09-15T16:30:00.000Z,135.355,135.38,135.13,135.2299,111078.079007
2026-09-15T16:45:00.000Z,135.22,135.3847,135.15,135.375,239101.074756
2026-09-15T17:00:00.000Z,135.38,135.48,135.34,135.4701,159677.066953
2026-09-15T17:15:00.000Z,135.47,135.52,135.31,135.475,251347.22198600002
2026-09-15T17:30:00.000Z,135.475,135.56,135.37,135.54,273440.80500999995
2026-09-15T17:45:00.000Z,135.54,135.75,135.51,135.715,192442.63734799996
2026-09-15T18:00:00.000Z,135.71,135.83,135.68,135.69,140117.88858000003
2026-09-15T18:15:00.000Z,135.69,135.77,135.54,135.74,195307.244664
2026-09-15T18:30:00.000Z,135.735,136.03,135.66,135.8305,200145.551996
2026-09-15T18:45:00.000Z,135.82,135.96,135.82,135.87,142109.050008
2026-09-15T19:00:00.000Z,135.88,135.88,135.71,135.73,153156.934849
2026-09-15T19:15:00.000Z,135.73,135.74,135.59,135.635,125630.898933
2026-09-15T19:30:00.000Z,135.64,135.705,135.54,135.54,200464.77684599996
2026-09-15T19:45:00.000Z,135.54,135.71,135.32,135.5,704268.5708849999
2026-09-16T13:30:00.000Z,135.415,136.05,135.29,135.41,316932.28325899993
2026-09-16T13:45:00.000Z,135.41,135.635,135.265,135.34,229205.800867
2026-09-16T14:00:00.000Z,135.335,135.39,134.84,135.18,328549.31058800005
2026-09-16T14:15:00.000Z,135.18,135.22,135,135.12,163469.71231600002
2026-09-16T14:30:00.000Z,135.14,135.34,135.08,135.285,159131.208065
2026-09-16T14:45:00.000Z,135.2772,135.2772,135.02,135.07,176868.94692199997
2026-09-16T15:00:00.000Z,135.065,135.15,134.95,135.02,151748.02584500003
2026-09-16T15:15:00.000Z,135.015,135.24,134.95,135.14,177791.524302
2026-09-16T15:30:00.000Z,135.14,135.27,135.13,135.17,123400.82953399999
2026-09-16T15:45:00.000Z,135.175,135.375,135.07,135.33,123917.12238600002
2026-09-16T16:00:00.000Z,135.32,135.34,135.15,135.26,141772.39314600002
2026-09-16T16:15:00.000Z,135.262,135.325,135.2,135.29,94728.664013
2026-09-16T16:30:00.000Z,135.27,135.2799,135.05,135.1,115734.598607
2026-09-16T16:45:00.000Z,135.1,135.195,135.07,135.1463,102968.76964000001
2026-09-16T17:00:00.000Z,135.14,135.21,135.09,135.19,105609.289106
2026-09-16T17:15:00.000Z,135.18,135.33,135.175,135.195,180087.81356399998
2026-09-16T17:30:00.000Z,135.19,135.36,135.17,135.32,169093.63206499998
2026-09-16T17:45:00.000Z,135.33,135.37,135.22,135.24,169324.397083
2026-09-16T18:00:00.000Z,135.21,135.32,134.96,135.27,272896.95635399997
2026-09-16T18:15:00.000Z,135.28,135.33,135.15,135.2,192566.12831099998
2026-09-16T18:30:00.000Z,135.2,135.27,134.77,134.875,229299.863473
2026-09-16T18:45:00.000Z,134.865,134.945,134.53,134.55,176342.412029
2026-09-16T19:00:00.000Z,134.52,134.79,134.51,134.63,178293.376634
2026-09-16T19:15:00.000Z,134.6263,134.675,134.51,134.635,178822.83447099998
2026-09-16T19:30:00.000Z,134.635,134.67,134.42,134.53,280344.7424759999
2026-09-16T19:45:00.000Z,134.52,134.53,134.235,134.33,739274.277363
2026-09-17T13:30:00.000Z,134.78,134.91,134.2,134.24,509021.30462699995
2026-09-17T13:45:00.000Z,134.23,134.265,133.93,134.15,425940.86520900007
2026-09-17T14:00:00.000Z,134.145,134.17,133.865,133.87,351038.55068
2026-09-17T14:15:00.000Z,133.8617,134.1,133.67,133.695,295141.364322
2026-09-17T14:30:00.000Z,133.72,133.72,133.36,133.36,326226.395771
2026-09-17T14:45:00.000Z,133.3688,133.465,132.99,133.0239,345499.21602099994
2026-09-17T15:00:00.000Z,133.02,133.29,132.93,133.255,334053.408822
2026-09-17T15:15:00.000Z,133.24,133.34,133.08,133.24,972012.2915739999
2026-09-17T15:30:00.000Z,133.24,133.33,133.08,133.21,269266.22970699996
2026-09-17T15:45:00.000Z,133.21,133.49,133.16,133.49,182685.62672900004
2026-09-17T16:00:00.000Z,133.49,133.62,133.42,133.43,160629.51649299997
2026-09-17T16:15:00.000Z,133.4365,133.63,133.43,133.625,118722.340008
2026-09-17T16:30:00.000Z,133.63,133.71,133.58,133.71,131043.13111900001
2026-09-17T16:45:00.000Z,133.72,133.785,133.62,133.785,134868.944566
2026-09-17T17:00:00.000Z,133.785,133.8251,133.51,133.56,142024.91564300001
2026-09-17T17:15:00.000Z,133.575,133.595,133.47,133.556,149685.02227699998
2026-09-17T17:30:00.000Z,133.55,133.72,133.53,133.68,164024.894341
2026-09-17T17:45:00.000Z,133.68,133.75,133.63,133.73,130294.56638499998
2026-09-17T18:00:00.000Z,133.74,134.035,133.73,134.02,168473.13139999998
2026-09-17T18:15:00.000Z,134.02,134.05,133.835,133.885,202683.78520800002
2026-09-17T18:30:00.000Z,133.885,133.89,133.76,133.8,155879.58083999998
2026-09-17T18:45:00.000Z,133.8,133.94,133.78,133.82,180821.06364500005
2026-09-17T19:00:00.000Z,133.82,133.93,133.67,133.67,193433.13271300003
2026-09-17T19:15:00.000Z,133.67,134.41,133.62,134.35,455310.084851
2026-09-17T19:30:00.000Z,134.345,134.385,133.875,133.925,455386.522544
2026-09-17T19:45:00.000Z,133.92,133.96,133.54,133.61,1061821.130106
2026-09-18T13:30:00.000Z,132.21,132.3,130.07,130.18,3072201.2972409995
2026-09-18T13:45:00.000Z,130.19,131.44,130.03,131.215,828081.6174829999
2026-09-18T14:00:00.000Z,131.215,131.36,130.705,130.78,356178.139109
2026-09-18T14:15:00.000Z,130.81,131.135,130.64,131.035,410428.722506
2026-09-18T14:30:00.000Z,131.045,131.3325,130.7759,130.88,245723.678357
2026-09-18T14:45:00.000Z,130.885,131.045,130.57,130.58,295966.403415
2026-09-18T15:00:00.000Z,130.59,130.65,129.815,130.2833,541425.553644
2026-09-18T15:15:00.000Z,130.29,130.365,130.075,130.1801,222976.85392199998
2026-09-18T15:30:00.000Z,130.19,130.37,130.1133,130.155,245499.356763
2026-09-18T15:45:00.000Z,130.16,130.21,129.87,129.935,279578.779651
2026-09-18T16:00:00.000Z,129.93,130.18,129.82,130.13,286617.07705799997
2026-09-18T16:15:00.000Z,130.13,130.16,129.97,130.1,374648.40660499997
2026-09-18T16:30:00.000Z,130.105,130.32,130.09,130.16,176643.85898399996
2026-09-18T16:45:00.000Z,130.16,130.435,130.035,130.3299,244726.79884900004
2026-09-18T17:00:00.000Z,130.315,130.4,130.1708,130.185,162634.223361
2026-09-18T17:15:00.000Z,130.185,130.49,130.18,130.425,178327.46766000002
2026-09-18T17:30:00.000Z,130.425,130.475,130.3,130.39,155983.551429
2026-09-18T17:45:00.000Z,130.395,130.45,130.26,130.4401,158967.014721
2026-09-18T18:00:00.000Z,130.455,130.465,130.13,130.15,186330.546122
2026-09-18T18:15:00.000Z,130.15,130.325,130.115,130.29,155160.99956399997
2026-09-18T18:30:00.000Z,130.2965,130.305,130.11,130.24,205322.09522099997
2026-09-18T18:45:00.000Z,130.23,130.31,130.05,130.05,303714.866345
2026-09-18T19:00:00.000Z,130.055,130.19,130.01,130.06,222814.67377700005
2026-09-18T19:15:00.000Z,130.05,130.1,129.93,130.05,359398.74014899996
2026-09-18T19:30:00.000Z,130.04,130.07,129.89,129.96,380352.867588
2026-09-18T19:45:00.000Z,129.96,130.46,129.55,129.64,3003976.795405
