Date,Open,High,Low,Close,Volume
2026-03-12T21:00:00.000Z,336.845,337,335.23,336.358,0
2026-03-12T21:30:00.000Z,335.7,336.11,335.23,335.6,0
2026-03-12T22:00:00.000Z,335.6,335.95,335.24,335.8,0
2026-03-12T22:30:00.000Z,335.8,336.8,335.6,336.4,0
2026-03-12T23:00:00.000Z,336.5,336.99,336,336.15,0
2026-03-12T23:30:00.000Z,336,336.5,335.3,336.25,0
2026-03-13T08:00:00.000Z,334.98,334.98,332.85,333.18,0
2026-03-13T08:30:00.000Z,333.2,335.09,333.2,334.82,0
2026-03-13T09:00:00.000Z,334.82,335.94,334.82,335.7,0
2026-03-13T09:30:00.000Z,335.52,335.64,335.15,335.52,0
2026-03-13T10:00:00.000Z,335.79,337.15,335.79,336.7,0
2026-03-13T10:30:00.000Z,336.7,337.68,336.59,337.26,0
2026-03-13T11:00:00.000Z,337.45,338.1,337.26,337.65,0
2026-03-13T11:30:00.000Z,337.69,339.64,337.62,339.63,0
2026-03-13T12:00:00.000Z,333.31,339.77,332.85,338.725,0
2026-03-13T12:30:00.000Z,338.35,339.8,338.35,339.38,0
2026-03-13T13:00:00.000Z,339.4,339.73,337.0485,337.06,0
2026-03-13T13:30:00.000Z,337.7250061035156,338.32000732421875,331.5299987792969,335.94000244140625,2700708
2026-03-13T14:00:00.000Z,335.95001220703125,336.4599914550781,332.3299865722656,333.55499267578125,1814181
2026-03-13T14:30:00.000Z,333.5,335.1499938964844,326.80999755859375,327.07000732421875,2131115
2026-03-13T15:00:00.000Z,326.989990234375,329.1390075683594,325.44000244140625,326.2699890136719,1674770
2026-03-13T15:30:00.000Z,326.3399963378906,326.3599853515625,322.94000244140625,323.1748046875,2009977
2026-03-13T16:00:00.000Z,323.19000244140625,325.7900085449219,323.1000061035156,324.18798828125,1411963
2026-03-13T16:30:00.000Z,324.20001220703125,325.92999267578125,323.32000732421875,323.68499755859375,1492649
2026-03-13T17:00:00.000Z,323.7015075683594,325.1700134277344,323.05999755859375,324.7550048828125,1218357
2026-03-13T17:30:00.000Z,324.7550048828125,325.260009765625,321.95001220703125,322.3999938964844,1396342
2026-03-13T18:00:00.000Z,322.4800109863281,324.1099853515625,322.2699890136719,324.0400085449219,1010045
2026-03-13T18:30:00.000Z,324.0400085449219,325.159912109375,323.7099914550781,324.6499938964844,1118165
2026-03-13T19:00:00.000Z,324.6600036621094,324.9389953613281,322.05999755859375,322.2699890136719,1818265
2026-03-13T19:30:00.000Z,322.3500061035156,322.9100036621094,321.42999267578125,322.1700134277344,2873595
2026-03-13T20:00:00.000Z,322.12,322.496,321.55,322,0
2026-03-13T20:30:00.000Z,322.0261,322.16,321.7,321.71,0
2026-03-13T21:00:00.000Z,321.85,322.05,321.55,321.98,0
2026-03-13T21:30:00.000Z,321.94,321.94,321.7283,321.86,0
2026-03-13T22:00:00.000Z,321.86,321.92,321.7,321.8,0
2026-03-13T22:30:00.000Z,321.78,321.91,321.57,321.62,0
2026-03-13T23:00:00.000Z,321.66,321.75,321.5,321.52,0
2026-03-13T23:30:00.000Z,321.515,321.57,321.01,321.05,0
2026-03-16T08:00:00.000Z,324.68,325.45,323.57,323.81,0
2026-03-16T08:30:00.000Z,323.86,324.25,323.12,324.25,0
2026-03-16T09:00:00.000Z,324.37,324.37,323.39,323.71,0
2026-03-16T09:30:00.000Z,323.6,323.72,323.25,323.72,0
2026-03-16T10:00:00.000Z,323.67,325.1,323.67,324.77,0
2026-03-16T10:30:00.000Z,324.9,325.44,324.64,325.32,0
2026-03-16T11:00:00.000Z,325.15,325.19,324.7,324.93,0
2026-03-16T11:30:00.000Z,324.72,325.68,324.72,325.67,0
2026-03-16T12:00:00.000Z,325.31,326.8291,323,326.08,0
2026-03-16T12:30:00.000Z,326.0638,326.5,325.75,326.16,0
2026-03-16T13:00:00.000Z,326.16,326.35,325,326.28,0
2026-03-16T13:30:00.000Z,326.0199890136719,326.20001220703125,320.05999755859375,324.0799865722656,4565742
2026-03-16T14:00:00.000Z,324.05999755859375,325.7699890136719,322.4800109863281,324.6050109863281,2831084
2026-03-16T14:30:00.000Z,324.625,325.6000061035156,323.1474914550781,325.55999755859375,3181692
2026-03-16T15:00:00.000Z,325.55999755859375,329.20001220703125,325.04998779296875,328.614990234375,938622
2026-03-16T15:30:00.000Z,328.5799865722656,329.1700134277344,327.29998779296875,327.4700012207031,3700312
2026-03-16T16:00:00.000Z,327.4649963378906,327.8500061035156,325.6499938964844,326.05999755859375,728815
2026-03-16T16:30:00.000Z,326.05999755859375,328.1000061035156,326,327.2900085449219,4426503
2026-03-16T17:00:00.000Z,327.3550109863281,328.9200134277344,327.2699890136719,328.07000732421875,4762618
2026-03-16T17:30:00.000Z,328.0799865722656,328.8399963378906,327.4100036621094,328.19500732421875,627312
2026-03-16T18:00:00.000Z,328.2200012207031,328.6000061035156,327.29998779296875,327.4798889160156,720760
2026-03-16T18:30:00.000Z,327.5199890136719,327.9200134277344,326.54998779296875,326.60699462890625,724051
2026-03-16T19:00:00.000Z,326.6700134277344,329.1199951171875,325.40008544921875,325.9549865722656,1088467
2026-03-16T19:30:00.000Z,326,326.4800109863281,323.7130126953125,324.9100036621094,2160008
2026-03-16T20:00:00.000Z,324.92,325.14,324.405,324.66,0
2026-03-16T20:30:00.000Z,324.76,324.92,324.21,324.49,0
2026-03-16T21:00:00.000Z,324.42,324.6487,324.25,324.5986,0
2026-03-16T21:30:00.000Z,324.58,324.85,324.54,324.85,0
2026-03-16T22:00:00.000Z,324.75,324.85,324.25,324.2945,0
2026-03-16T22:30:00.000Z,324.33,325,324.25,324.25,0
2026-03-16T23:00:00.000Z,324.38,324.93,324.25,324.321,0
2026-03-16T23:30:00.000Z,324.34,324.8,324.25,324.6,0
2026-03-17T08:00:00.000Z,323.86,323.86,322.3,323,0
2026-03-17T08:30:00.000Z,323,323.25,322.5,323,0
2026-03-17T09:00:00.000Z,323.09,323.8,322.66,323.8,0
2026-03-17T09:30:00.000Z,323.98,323.98,323.4,323.8,0
2026-03-17T10:00:00.000Z,323.65,323.65,323.12,323.43,0
2026-03-17T10:30:00.000Z,323.36,323.54,323.15,323.5,0
2026-03-17T11:00:00.000Z,323.67,323.8,323.23,323.8,0
2026-03-17T11:30:00.000Z,323.6,323.83,323.15,323.42,0
2026-03-17T12:00:00.000Z,323.8788,324.98,322.03,324.655,0
2026-03-17T12:30:00.000Z,324.72,325.62,324.64,325.33,0
2026-03-17T13:00:00.000Z,325.3128,326.9,324.5,325.85,0
2026-03-17T13:30:00.000Z,325.6199951171875,327.44000244140625,323.79998779296875,324.3399963378906,1692914
2026-03-17T14:00:00.000Z,324.3981018066406,324.5,321.54998779296875,323.42999267578125,4226351
2026-03-17T14:30:00.000Z,323.43011474609375,323.8999938964844,322.1000061035156,322.1400146484375,2462018
2026-03-17T15:00:00.000Z,322.1400146484375,322.5899963378906,318.4200134277344,318.5150146484375,6144755
2026-03-17T15:30:00.000Z,318.45001220703125,319.09991455078125,317.70001220703125,318.94500732421875,1888373
2026-03-17T16:00:00.000Z,318.94500732421875,319.20001220703125,317.25,317.8999938964844,1467380
2026-03-17T16:30:00.000Z,317.885009765625,320.6700134277344,317.53009033203125,320.3659973144531,5570719
2026-03-17T17:00:00.000Z,320.3299865722656,321.44500732421875,319.6400146484375,320.7900085449219,1169916
2026-03-17T17:30:00.000Z,320.7900085449219,321.8399963378906,320.6099853515625,321.7900085449219,951492
2026-03-17T18:00:00.000Z,321.75750732421875,322.8399963378906,321.260009765625,321.7449951171875,1021246
2026-03-17T18:30:00.000Z,321.760009765625,321.95001220703125,319.70001220703125,320.1199951171875,950252
2026-03-17T19:00:00.000Z,320.07000732421875,320.5400085449219,319.3299865722656,320.13800048828125,934945
2026-03-17T19:30:00.000Z,320.1400146484375,321.7300109863281,320.10009765625,321.2900085449219,1756478
2026-03-17T20:00:00.000Z,321.28,322,320.99,321.8001,0
2026-03-17T20:30:00.000Z,321.78,321.92,321.31,321.475,0
2026-03-17T21:00:00.000Z,321.49,323.6344,309.8866,321.15,0
2026-03-17T21:30:00.000Z,321.1997,321.36,309.8866,321,0
2026-03-17T22:00:00.000Z,320.8,321,320.3,320.58,0
2026-03-17T22:30:00.000Z,320.83,320.83,320,320.665,0
2026-03-17T23:00:00.000Z,320.7,320.98,320.5,320.9799,0
2026-03-17T23:30:00.000Z,320.7981,320.98,320.4,320.56,0
2026-03-18T08:00:00.000Z,323.82,323.99,322.97,323.2,0
2026-03-18T08:30:00.000Z,323.16,323.3,321.8,322.12,0
2026-03-18T09:00:00.000Z,322.44,322.97,322.1,322.9,0
2026-03-18T09:30:00.000Z,322.9,323.19,322.8,322.9,0
2026-03-18T10:00:00.000Z,322.92,323.87,322.92,323.58,0
2026-03-18T10:30:00.000Z,323.57,323.75,323.14,323.14,0
2026-03-18T11:00:00.000Z,323.3,323.3,321.8,321.8,0
2026-03-18T11:30:00.000Z,321.75,322.6,321.58,321.99,0
2026-03-18T12:00:00.000Z,322,324.48,320.52,321.5781,0
2026-03-18T12:30:00.000Z,321,321.59,319,319.1132,0
2026-03-18T13:00:00.000Z,319.1182,321.1399,319,320.21,0
2026-03-18T13:30:00.000Z,320.6000061035156,325.44000244140625,320.1400146484375,322.581298828125,2431589
2026-03-18T14:00:00.000Z,322.57000732421875,322.57000732421875,317.75,318.19000244140625,2217551
2026-03-18T14:30:00.000Z,318.19000244140625,319.2099914550781,317.70001220703125,319.1549987792969,967909
2026-03-18T15:00:00.000Z,319.1600036621094,320.57000732421875,318.3999938964844,320.010009765625,4794719
2026-03-18T15:30:00.000Z,320.010009765625,320.75,319.7799987792969,319.7799987792969,2991073
2026-03-18T16:00:00.000Z,319.82000732421875,319.9100036621094,318.8599853515625,318.9949951171875,5756144
2026-03-18T16:30:00.000Z,318.9599914550781,319.0299987792969,317.0299987792969,317.82501220703125,722585
2026-03-18T17:00:00.000Z,317.82501220703125,318.25,317.07000732421875,318.17999267578125,669299
2026-03-18T17:30:00.000Z,318.19171142578125,319.1700134277344,317.79998779296875,318.5849914550781,645724
2026-03-18T18:00:00.000Z,318.5849914550781,319.6499938964844,317.6000061035156,318.20001220703125,767386
2026-03-18T18:30:00.000Z,318.19000244140625,318.3299865722656,315.9200134277344,316.010009765625,901263
2026-03-18T19:00:00.000Z,315.9700012207031,317.54998779296875,315.54998779296875,316.5950012207031,1004226
2026-03-18T19:30:00.000Z,316.5950012207031,317.6600036621094,315.79998779296875,315.8399963378906,1420659
2026-03-18T20:00:00.000Z,315.83,316.3,314.3,314.5085,0
2026-03-18T20:30:00.000Z,314.5481,323.4743,314.41,315.1267,0
2026-03-18T21:00:00.000Z,315.05,315.93,314.95,315.2988,0
2026-03-18T21:30:00.000Z,315.33,315.93,315.22,315.42,0
2026-03-18T22:00:00.000Z,315.4,315.7,314.39,314.78,0
2026-03-18T22:30:00.000Z,314.7,314.92,314.35,314.72,0
2026-03-18T23:00:00.000Z,314.72,315.44,314.65,315.3,0
2026-03-18T23:30:00.000Z,315.3,315.3,314.41,314.95,0
2026-03-19T08:00:00.000Z,314.81,315,314,314.32,0
2026-03-19T08:30:00.000Z,314.06,314.45,313.3,313.77,0
2026-03-19T09:00:00.000Z,314.33,314.98,312.84,312.84,0
2026-03-19T09:30:00.000Z,313.1,315.46,312.8,314.89,0
2026-03-19T10:00:00.000Z,314.84,314.84,313.58,314.13,0
2026-03-19T10:30:00.000Z,314.15,314.8,313.74,314.05,0
2026-03-19T11:00:00.000Z,314.4,314.49,312.7,313.01,0
2026-03-19T11:30:00.000Z,312.97,313.36,312,313,0
2026-03-19T12:00:00.000Z,314.0012,316.76,311.3,311.781,0
2026-03-19T12:30:00.000Z,311.782,312.5,311,311.6,0
2026-03-19T13:00:00.000Z,311.77,313.2,311,312.6,0
2026-03-19T13:30:00.000Z,312.739990234375,312.760009765625,308.510009765625,312.25,2888375
2026-03-19T14:00:00.000Z,312.25,314.05999755859375,312,312.6050109863281,2289739
2026-03-19T14:30:00.000Z,312.55999755859375,316.3699951171875,312.5299987792969,316.135009765625,732313
2026-03-19T15:00:00.000Z,316.0899963378906,318.1499938964844,315.43011474609375,317.0299987792969,3140476
2026-03-19T15:30:00.000Z,316.95001220703125,318.75,316.3999938964844,318.5899963378906,762373
2026-03-19T16:00:00.000Z,318.5,319.31988525390625,317.82000732421875,318.95001220703125,822638
2026-03-19T16:30:00.000Z,318.95001220703125,319.95001220703125,318.2900085449219,319.125,679538
2026-03-19T17:00:00.000Z,319.17999267578125,319.25,317.44000244140625,318.6549987792969,387722
2026-03-19T17:30:00.000Z,318.6549987792969,319.2099914550781,318.0199890136719,319.1159973144531,368474
2026-03-19T18:00:00.000Z,319.0799865722656,319.989990234375,318.17999267578125,318.8500061035156,3905740
2026-03-19T18:30:00.000Z,318.79998779296875,320.94000244140625,318.1499938964844,320.80499267578125,897404
2026-03-19T19:00:00.000Z,320.80499267578125,323.2699890136719,320.0201110839844,320.760009765625,1138841
2026-03-19T19:30:00.000Z,320.7279968261719,320.7799987792969,318.8800048828125,319.7699890136719,2016251
2026-03-19T20:00:00.000Z,319.77,321,319.52,320.63,0
2026-03-19T20:30:00.000Z,320.5502,321,319.84,320.54,0
2026-03-19T21:00:00.000Z,320.64,321,319.82,320.96,0
2026-03-19T21:30:00.000Z,320.6,321,319.84,320.54,0
2026-03-19T22:00:00.000Z,320.7,320.99,319.84,320.7,0
2026-03-19T22:30:00.000Z,320.68,320.8,320.5,320.5,0
2026-03-19T23:00:00.000Z,320.51,320.79,320.04,320.28,0
2026-03-19T23:30:00.000Z,320.29,320.8,320.2801,320.65,0
2026-03-20T08:00:00.000Z,320.75,320.96,319.56,319.63,0
2026-03-20T08:30:00.000Z,319.52,319.76,319.08,319.49,0
2026-03-20T09:00:00.000Z,319.55,319.64,318.17,318.7,0
2026-03-20T09:30:00.000Z,318.3,318.7,316.74,317.08,0
2026-03-20T10:00:00.000Z,317.49,317.49,315.2,315.61,0
2026-03-20T10:30:00.000Z,315.71,317.72,315.66,316.97,0
2026-03-20T11:00:00.000Z,317.4,318.14,316.88,317.5,0
2026-03-20T11:30:00.000Z,317.94,317.94,317.3,317.7,0
2026-03-20T12:00:00.000Z,316,321.9988,315.02,318.99,0
2026-03-20T12:30:00.000Z,318.99,318.99,318.05,318.9717,0
2026-03-20T13:00:00.000Z,318.97,320.15,318.1,319.79,0
2026-03-20T13:30:00.000Z,319.5849914550781,321.510009765625,316.5,316.95001220703125,4622806
2026-03-20T14:00:00.000Z,316.9100036621094,317.4599914550781,314.5,315.69500732421875,1343026
2026-03-20T14:30:00.000Z,315.79998779296875,316.6589050292969,314.3999938964844,315.8399963378906,980519
2026-03-20T15:00:00.000Z,315.7550048828125,316.951904296875,314.760009765625,315.65509033203125,873888
2026-03-20T15:30:00.000Z,315.6099853515625,317.17498779296875,315.3599853515625,317.0400085449219,1123090
2026-03-20T16:00:00.000Z,316.82000732421875,318.7799987792969,316.6600036621094,317.9200134277344,1451964
2026-03-20T16:30:00.000Z,317.9100036621094,318.20001220703125,316.5,317.44000244140625,924370
2026-03-20T17:00:00.000Z,317.42999267578125,317.8500061035156,315.45001220703125,315.6099853515625,635308
2026-03-20T17:30:00.000Z,315.70001220703125,315.8299865722656,314.3900146484375,314.9649963378906,816826
2026-03-20T18:00:00.000Z,314.94000244140625,315.19000244140625,313.1099853515625,313.7650146484375,778365
2026-03-20T18:30:00.000Z,313.7650146484375,314.04998779296875,312.3500061035156,312.8599853515625,1129551
2026-03-20T19:00:00.000Z,312.8599853515625,313.2300109863281,311.70001220703125,311.9599914550781,988929
2026-03-20T19:30:00.000Z,311.9700012207031,312.69000244140625,309.9200134277344,310.7699890136719,4134903
2026-03-20T20:00:00.000Z,310.78,312,310.155,311.1,0
2026-03-20T20:30:00.000Z,311,312.96,294.3698,312.15,0
2026-03-20T21:00:00.000Z,312.17,321.22,310.51,313.745,0
2026-03-20T21:30:00.000Z,313.73,321.22,297.6697,312.85,0
2026-03-20T22:00:00.000Z,312.95,313.85,312.86,313.55,0
2026-03-20T22:30:00.000Z,313.48,313.75,313,313.06,0
2026-03-20T23:00:00.000Z,313.25,313.88,313.05,313.7101,0
2026-03-20T23:30:00.000Z,313.7944,313.81,313.05,313.1001,0
2026-03-23T08:00:00.000Z,304.94,306.49,304.25,305.46,0
2026-03-23T08:30:00.000Z,305.48,307.26,305.4,307.12,0
2026-03-23T09:00:00.000Z,306.97,307.6,306.14,306.72,0
2026-03-23T09:30:00.000Z,306.74,306.91,305.12,305.83,0
2026-03-23T10:00:00.000Z,306,306.9,305.32,305.6,0
2026-03-23T10:30:00.000Z,305.65,307,305.33,306.74,0
2026-03-23T11:00:00.000Z,307,319.39,306.581,316.98,0
2026-03-23T11:30:00.000Z,316.72,319.49,314.95,315.45,0
2026-03-23T12:00:00.000Z,304.9888,319.49,303.05,317.01,0
2026-03-23T12:30:00.000Z,316.98,318.49,315.21,318.36,0
2026-03-23T13:00:00.000Z,318.4,319.3,317.41,318.03,0
2026-03-23T13:30:00.000Z,318.0899963378906,324.1400146484375,314.92999267578125,324.135009765625,4767576
2026-03-23T14:00:00.000Z,324.1400146484375,326.4800109863281,322.2401123046875,325.7900085449219,2272930
2026-03-23T14:30:00.000Z,325.7900085449219,325.8999938964844,323.70001220703125,324.0450134277344,1180726
2026-03-23T15:00:00.000Z,324.0450134277344,325.79998779296875,322.7200012207031,323.3599853515625,1360789
2026-03-23T15:30:00.000Z,323.3699951171875,323.8299865722656,319.489990234375,319.82501220703125,1629069
2026-03-23T16:00:00.000Z,319.7449951171875,321.8999938964844,319.45001220703125,319.885009765625,1157266
2026-03-23T16:30:00.000Z,319.8800048828125,322.19000244140625,319.8699951171875,320.6600036621094,1055745
2026-03-23T17:00:00.000Z,320.6600036621094,320.9599914550781,319.260009765625,320.0899963378906,774210
2026-03-23T17:30:00.000Z,320.1000061035156,321.8500061035156,319.8599853515625,321.82000732421875,1027281
2026-03-23T18:00:00.000Z,321.739990234375,322.6099853515625,321.2799987792969,322.1099853515625,1105650
2026-03-23T18:30:00.000Z,322.1700134277344,324.3299865722656,322.1300048828125,324.20001220703125,996921
2026-03-23T19:00:00.000Z,324.17999267578125,325.54998779296875,323.3999938964844,325.25,1336727
2026-03-23T19:30:00.000Z,325.2349853515625,325.30999755859375,322.3900146484375,322.42999267578125,3057635
2026-03-23T20:00:00.000Z,322.42,323.26,310.51,322.61,0
2026-03-23T20:30:00.000Z,323,323.26,314.9891,322.26,0
2026-03-23T21:00:00.000Z,322.5,326.8319,307.9684,322.5112,0
2026-03-23T21:30:00.000Z,322.75,328.5123,322.45,322.545,0
2026-03-23T22:00:00.000Z,322.545,322.65,322,322.26,0
2026-03-23T22:30:00.000Z,322.25,323.89,321.64,323.89,0
2026-03-23T23:00:00.000Z,323.46,323.5,322.5,323.215,0
2026-03-23T23:30:00.000Z,323.215,323.3915,322.51,322.81,0
2026-03-24T08:00:00.000Z,324.25,324.25,322.08,322.12,0
2026-03-24T08:30:00.000Z,322.08,323.34,322,322.38,0
2026-03-24T09:00:00.000Z,322.22,322.22,320.41,321.21,0
2026-03-24T09:30:00.000Z,321.66,322.2,321.31,322.03,0
2026-03-24T10:00:00.000Z,322.03,322.58,321.98,321.98,0
2026-03-24T10:30:00.000Z,321.98,322.21,321.56,322.18,0
2026-03-24T11:00:00.000Z,322.02,322.47,321.8,321.8,0
2026-03-24T11:30:00.000Z,321.84,322.21,320.5,321.94,0
2026-03-24T12:00:00.000Z,323.3988,324.85,317.8262,320.6693,0
2026-03-24T12:30:00.000Z,321.29,321.29,318.9,319.215,0
2026-03-24T13:00:00.000Z,319.1247,320.12,317.9995,320.1,0
2026-03-24T13:30:00.000Z,319.5799865722656,324.39990234375,315.70001220703125,316.9599914550781,1979964
2026-03-24T14:00:00.000Z,317.010009765625,317.32000732421875,314.8399963378906,315.56500244140625,1113812
2026-03-24T14:30:00.000Z,315.4800109863281,320.3699951171875,315.1400146484375,317.29998779296875,1559020
2026-03-24T15:00:00.000Z,317.32000732421875,320.57000732421875,317.2300109863281,319.3900146484375,1059949
2026-03-24T15:30:00.000Z,319.4049987792969,319.8876953125,318.44000244140625,318.6180114746094,640218
2026-03-24T16:00:00.000Z,318.6449890136719,319.2200012207031,317.25,318.92999267578125,764220
2026-03-24T16:30:00.000Z,318.95001220703125,319.0400085449219,316.5,317.7200012207031,954155
2026-03-24T17:00:00.000Z,317.7200012207031,317.9700012207031,315.5600891113281,317.5,1035634
2026-03-24T17:30:00.000Z,317.4700012207031,319.3599853515625,316.95001220703125,319.0899963378906,977854
2026-03-24T18:00:00.000Z,319.0899963378906,319.885009765625,318,319.5400085449219,962699
2026-03-24T18:30:00.000Z,319.43011474609375,320.8800048828125,318.4200134277344,318.4200134277344,1057205
2026-03-24T19:00:00.000Z,318.3599853515625,319.5799865722656,318.32000732421875,318.7749938964844,950504
2026-03-24T19:30:00.000Z,318.7699890136719,319.2200012207031,317.3949890136719,318.260009765625,2060461
2026-03-24T20:00:00.000Z,318.303,322.89,316.671,320.53,0
2026-03-24T20:30:00.000Z,320.55,322.2,318.29,320.125,0
2026-03-24T21:00:00.000Z,320.34,321,319.3,320.675,0
2026-03-24T21:30:00.000Z,320.77,320.99,320.15,320.75,0
2026-03-24T22:00:00.000Z,320.84,321.71,320.25,320.55,0
2026-03-24T22:30:00.000Z,320.85,321.63,320.41,321.48,0
2026-03-24T23:00:00.000Z,321.4827,322,321,321.76,0
2026-03-24T23:30:00.000Z,321.99,321.99,320.9,321.3105,0
2026-03-25T08:00:00.000Z,321.97,323.49,321.5,322.88,0
2026-03-25T08:30:00.000Z,322.2,323,322,322,0
2026-03-25T09:00:00.000Z,322.11,322.53,322.11,322.25,0
2026-03-25T09:30:00.000Z,322.48,322.54,321.6,322.41,0
2026-03-25T10:00:00.000Z,322.4,322.4,321.69,321.97,0
2026-03-25T10:30:00.000Z,321.83,322.21,321.68,321.68,0
2026-03-25T11:00:00.000Z,322.17,322.68,321.87,322.68,0
2026-03-25T11:30:00.000Z,322.82,323.8,322.2,322.36,0
2026-03-25T12:00:00.000Z,323.18,323.99,318.29,322.49,0
2026-03-25T12:30:00.000Z,322.3613,322.3613,320.32,320.825,0
2026-03-25T13:00:00.000Z,320.97,323.3822,320.55,323.0597,0
2026-03-25T13:30:00.000Z,323.17999267578125,323.8399963378906,318.06500244140625,320.5787048339844,2928339
2026-03-25T14:00:00.000Z,320.67999267578125,324.2900085449219,319.0899963378906,322.375,1305310
2026-03-25T14:30:00.000Z,322.45001220703125,322.59991455078125,320.20001220703125,320.6099853515625,979856
2026-03-25T15:00:00.000Z,320.57000732421875,321.2099914550781,318.6300048828125,320.28009033203125,1224056
2026-03-25T15:30:00.000Z,320.3500061035156,321.3500061035156,319,320.52508544921875,1045570
2026-03-25T16:00:00.000Z,320.4700012207031,320.5199890136719,318.29998779296875,319.6000061035156,945731
2026-03-25T16:30:00.000Z,319.6600036621094,321.9200134277344,319.0400085449219,320.6499938964844,1040343
2026-03-25T17:00:00.000Z,320.70001220703125,321.1300048828125,318.7300109863281,319.9100036621094,1126384
2026-03-25T17:30:00.000Z,319.9200134277344,320.2799987792969,318.8500061035156,319.57000732421875,767967
2026-03-25T18:00:00.000Z,319.5299987792969,319.94000244140625,318.7799987792969,318.8500061035156,689040
2026-03-25T18:30:00.000Z,318.8299865722656,319.1700134277344,317.3319091796875,317.6700134277344,1044737
2026-03-25T19:00:00.000Z,317.6499938964844,318.2650146484375,316.7200012207031,317.0299987792969,1163094
2026-03-25T19:30:00.000Z,317,318.9700012207031,316.8999938964844,318.7900085449219,1858161
2026-03-25T20:00:00.000Z,318.76,319.1,317.2,318.6,0
2026-03-25T20:30:00.000Z,318.76,319.4,318.1,318.8,0
2026-03-25T21:00:00.000Z,318.73,318.81,318.51,318.615,0
2026-03-25T21:30:00.000Z,318.72,318.81,318.51,318.56,0
2026-03-25T22:00:00.000Z,318.56,318.81,318.1,318.12,0
2026-03-25T22:30:00.000Z,318.15,318.61,318,318.18,0
2026-03-25T23:00:00.000Z,318.19,318.6,318.1,318.275,0
2026-03-25T23:30:00.000Z,318.45,318.461,317.21,317.9101,0
2026-03-26T08:00:00.000Z,317.4,317.4,315.18,315.35,0
2026-03-26T08:30:00.000Z,315.63,316.41,314.9,315.93,0
2026-03-26T09:00:00.000Z,315.75,315.75,314.49,314.5,0
2026-03-26T09:30:00.000Z,314.3,314.94,313.6,314.62,0
2026-03-26T10:00:00.000Z,314.63,315.39,314.41,315.15,0
2026-03-26T10:30:00.000Z,315.19,315.29,314.6,315.2,0
2026-03-26T11:00:00.000Z,315.34,315.39,314.44,314.7,0
2026-03-26T11:30:00.000Z,314.89,315,314.24,314.3,0
2026-03-26T12:00:00.000Z,317.5988,319.12,313.4,314.61,0
2026-03-26T12:30:00.000Z,314.8,314.81,313.64,314.425,0
2026-03-26T13:00:00.000Z,314.5,315.47,313.11,313.83,0
2026-03-26T13:30:00.000Z,314.3299865722656,315.45001220703125,311.90008544921875,314.7200012207031,2006029
2026-03-26T14:00:00.000Z,314.8500061035156,316.9200134277344,313.840087890625,313.9649963378906,873229
2026-03-26T14:30:00.000Z,313.989990234375,315.5,312.19000244140625,313.385009765625,1090125
2026-03-26T15:00:00.000Z,313.3800048828125,313.79998779296875,312.260009765625,312.80999755859375,900051
2026-03-26T15:30:00.000Z,312.81500244140625,315.1199951171875,312.3299865722656,314.9949951171875,882240
2026-03-26T16:00:00.000Z,314.95001220703125,315.135009765625,312,312.06500244140625,678746
2026-03-26T16:30:00.000Z,312.06500244140625,313,311.0400085449219,311.6050109863281,930925
2026-03-26T17:00:00.000Z,311.6050109863281,313.239990234375,311.42498779296875,312.489990234375,773744
2026-03-26T17:30:00.000Z,312.5400085449219,313.07000732421875,310.17498779296875,310.55999755859375,941787
2026-03-26T18:00:00.000Z,310.510009765625,311.1400146484375,309.9200134277344,310.1600036621094,1132317
2026-03-26T18:30:00.000Z,310.2650146484375,312,310.0899963378906,311.6449890136719,1365038
2026-03-26T19:00:00.000Z,311.6449890136719,312.1700134277344,310.239990234375,310.8699951171875,1093505
2026-03-26T19:30:00.000Z,310.8699951171875,311.2200012207031,309.1700134277344,309.4200134277344,2341868
2026-03-26T20:00:00.000Z,309.42,311.99,308.6127,311.3,0
2026-03-26T20:30:00.000Z,311.01,315.42,309.415,310.75,0
2026-03-26T21:00:00.000Z,310.32,311,309.41,310.5,0
2026-03-26T21:30:00.000Z,310.5,310.93,310.32,310.78,0
2026-03-26T22:00:00.000Z,310.55,310.78,309.5,310.515,0
2026-03-26T22:30:00.000Z,310.73,311,309.41,310.64,0
2026-03-26T23:00:00.000Z,310.645,310.78,310.26,310.6,0
2026-03-26T23:30:00.000Z,310.52,311.59,310.52,311.58,0
2026-03-27T08:00:00.000Z,311.13,312.37,310.18,310.33,0
2026-03-27T08:30:00.000Z,310.57,310.57,309.55,309.95,0
2026-03-27T09:00:00.000Z,310.02,310.02,308.28,309.88,0
2026-03-27T09:30:00.000Z,309.78,310.31,308.6,308.77,0
2026-03-27T10:00:00.000Z,308.5,309,308.48,309,0
2026-03-27T10:30:00.000Z,309.2,309.2,306.52,306.99,0
2026-03-27T11:00:00.000Z,307.37,308,305.1,305.6,0
2026-03-27T11:30:00.000Z,305.95,306.9,305.6,306.71,0
2026-03-27T12:00:00.000Z,311.5488,313.63,305.15,307,0
2026-03-27T12:30:00.000Z,307,307.0317,305.45,305.8353,0
2026-03-27T13:00:00.000Z,305.56,307.65,305.25,306.69,0
2026-03-27T13:30:00.000Z,306.8999938964844,307.5,301.8299865722656,302.3999938964844,2620231
2026-03-27T14:00:00.000Z,302.2799987792969,304.8699951171875,301.9700927734375,303.17999267578125,1340904
2026-03-27T14:30:00.000Z,303.1600036621094,304.44000244140625,302.489990234375,303.4849853515625,1058728
2026-03-27T15:00:00.000Z,303.5299987792969,304.8900146484375,303.25,304.32000732421875,941692
2026-03-27T15:30:00.000Z,304.3450012207031,305.70001220703125,303.3599853515625,303.9100036621094,972849
2026-03-27T16:00:00.000Z,303.8699951171875,304.3500061035156,302.2300109863281,302.3900146484375,992079
2026-03-27T16:30:00.000Z,302.3900146484375,303.04998779296875,300.4700012207031,302.5450134277344,1361754
2026-03-27T17:00:00.000Z,302.6000061035156,302.80999755859375,299.6000061035156,299.70001220703125,1198976
2026-03-27T17:30:00.000Z,299.6199951171875,301.1400146484375,299.2200012207031,301.0201110839844,1348494
2026-03-27T18:00:00.000Z,301.1099853515625,303.32989501953125,300.9599914550781,303.04998779296875,1192295
2026-03-27T18:30:00.000Z,303.1199035644531,303.3299865722656,301.8599853515625,302.5,1303481
2026-03-27T19:00:00.000Z,302.4800109863281,302.95001220703125,301.5950012207031,301.739990234375,1174472
2026-03-27T19:30:00.000Z,301.75,302.1700134277344,298.875,300.7799987792969,3019913
2026-03-27T20:00:00.000Z,300.73,301.8,300.03,300.46,0
2026-03-27T20:30:00.000Z,300.43,301.4,288.2693,299.9,0
2026-03-27T21:00:00.000Z,299.75,300.8,299.75,300.22,0
2026-03-27T21:30:00.000Z,300.09,300.68,299.7,299.97,0
2026-03-27T22:00:00.000Z,299.84,300.19,299.3537,299.7,0
2026-03-27T22:30:00.000Z,299.5,318.81,299,299.4,0
2026-03-27T23:00:00.000Z,299.35,299.5,298.8,298.83,0
2026-03-27T23:30:00.000Z,298.8155,299.2189,298.29,298.368,0
2026-03-30T08:00:00.000Z,300.9,302.75,299.5,302.28,0
2026-03-30T08:30:00.000Z,302.15,303.4,302.15,302.8012,0
2026-03-30T09:00:00.000Z,302.71,302.9776,301.12,301.99,0
2026-03-30T09:30:00.000Z,301.99,302.2758,301.22,301.62,0
2026-03-30T10:00:00.000Z,301.52,302.08,301.1116,301.2,0
2026-03-30T10:30:00.000Z,301.2349,301.9436,300.15,301,0
2026-03-30T11:00:00.000Z,301,302.7,300.15,302,0
2026-03-30T11:30:00.000Z,302.4025,302.84,301.42,302.3,0
2026-03-30T12:00:00.000Z,301.78,303.4,301,302.93,0
2026-03-30T12:30:00.000Z,302.96,304.25,302.36,302.7166,0
2026-03-30T13:00:00.000Z,303.05,303.5,300,300.89,0
2026-03-30T13:30:00.000Z,301.32000732421875,304.7699890136719,293.92999267578125,294.54998779296875,3464613
2026-03-30T14:00:00.000Z,294.54998779296875,297.8800048828125,294.3999938964844,295.3800048828125,1563174
2026-03-30T14:30:00.000Z,295.4100036621094,296.6000061035156,292.4200134277344,295.94000244140625,2332173
2026-03-30T15:00:00.000Z,295.95001220703125,297.1400146484375,294.3100891113281,295.4800109863281,1416341
2026-03-30T15:30:00.000Z,295.4700012207031,297.29998779296875,295.2699890136719,296.5199890136719,1166781
2026-03-30T16:00:00.000Z,296.4700012207031,296.6499938964844,293.614990234375,293.7273864746094,956238
2026-03-30T16:30:00.000Z,293.70001220703125,294.54998779296875,293.3399963378906,293.8599853515625,1248609
2026-03-30T17:00:00.000Z,293.80999755859375,294.3999938964844,292.125,293.0450134277344,970916
2026-03-30T17:30:00.000Z,293.0400085449219,293.7099914550781,292.05999755859375,292.4700012207031,1113664
2026-03-30T18:00:00.000Z,292.44000244140625,292.8299865722656,291.510009765625,291.739990234375,1121838
2026-03-30T18:30:00.000Z,291.7300109863281,292.77301025390625,291.30999755859375,291.7699890136719,1274214
2026-03-30T19:00:00.000Z,291.82501220703125,291.8500061035156,289.9599914550781,290.19500732421875,1862060
2026-03-30T19:30:00.000Z,290.19500732421875,293.9200134277344,290.19500732421875,293.3800048828125,3628609
2026-03-30T20:00:00.000Z,293.34,293.5,292.03,293,0
2026-03-30T20:30:00.000Z,292.95,293.41,292.68,293.15,0
2026-03-30T21:00:00.000Z,293.08,293.2,292.85,293.14,0
2026-03-30T21:30:00.000Z,293.15,293.41,293,293,0
2026-03-30T22:00:00.000Z,293.1,293.49,292.85,292.925,0
2026-03-30T22:30:00.000Z,292.98,293.4,292.01,292.45,0
2026-03-30T23:00:00.000Z,292.41,293.25,290.23,291.28,0
2026-03-30T23:30:00.000Z,291.28,291.8526,290.65,291.8526,0
2026-03-31T08:00:00.000Z,297.73,298.7988,293.41,297,0
2026-03-31T08:30:00.000Z,297,297,295.5,295.8,0
2026-03-31T09:00:00.000Z,296.3,297,296,296.88,0
2026-03-31T09:30:00.000Z,296.37,296.9479,295.6995,296.1788,0
2026-03-31T10:00:00.000Z,296.14,296.6,295.5,296.44,0
2026-03-31T10:30:00.000Z,296.42,296.68,294.68,295.01,0
2026-03-31T11:00:00.000Z,295,297,293.41,296.75,0
2026-03-31T11:30:00.000Z,296.66,298,296.5,296.96,0
2026-03-31T12:00:00.000Z,297,298.7,296.4,298.15,0
2026-03-31T12:30:00.000Z,298.7,299.3997,297.1,298.24,0
2026-03-31T13:00:00.000Z,298.78,300.4988,297.6,299.5,0
2026-03-31T13:30:00.000Z,299.4949951171875,302.2099914550781,296.3349914550781,301.8299865722656,2684500
2026-03-31T14:00:00.000Z,301.8599853515625,303.5,300.5199890136719,303.1400146484375,1802891
2026-03-31T14:30:00.000Z,303.1499938964844,303.6700134277344,300.1099853515625,300.69500732421875,1246991
2026-03-31T15:00:00.000Z,300.7699890136719,302.8299865722656,300.6199951171875,301.7650146484375,1256623
2026-03-31T15:30:00.000Z,301.6700134277344,302.20001220703125,300.2699890136719,300.5050048828125,982387
2026-03-31T16:00:00.000Z,300.42999267578125,303.3301086425781,300.2200012207031,303.0299987792969,1136261
2026-03-31T16:30:00.000Z,303.05499267578125,308.7799987792969,302.7900085449219,306.65008544921875,1594153
2026-03-31T17:00:00.000Z,306.7699890136719,308.69989013671875,306.2950134277344,307.3399963378906,1125631
2026-03-31T17:30:00.000Z,307.30999755859375,308.2699890136719,306,306.9100036621094,1149424
2026-03-31T18:00:00.000Z,306.9100036621094,308.29998779296875,306.8999938964844,308.1199951171875,969137
2026-03-31T18:30:00.000Z,308.0849914550781,309.5,307.8738098144531,308.8450012207031,1831805
2026-03-31T19:00:00.000Z,308.80999755859375,310.3099060058594,308.7099914550781,309.6050109863281,1068860
2026-03-31T19:30:00.000Z,309.6400146484375,310.1099853515625,308.8999938964844,309.4200134277344,3397087
2026-03-31T20:00:00.000Z,309.51,310.23,309.043,309.6085,0
2026-03-31T20:30:00.000Z,309.66,310,308.73,309.28,0
2026-03-31T21:00:00.000Z,308.9688,309.51,302.58,309.17,0
2026-03-31T21:30:00.000Z,309.15,309.51,308.87,309.03,0
2026-03-31T22:00:00.000Z,309.19,310.24,309,310.24,0
2026-03-31T22:30:00.000Z,310.13,310.48,309.52,309.87,0
2026-03-31T23:00:00.000Z,309.87,310.5,309.6,310.44,0
2026-03-31T23:30:00.000Z,310.44,311.89,310,311.89,0
2026-04-01T08:00:00.000Z,313.6,315.37,309.51,312.82,0
2026-04-01T08:30:00.000Z,312.02,313.16,311.27,312.87,0
2026-04-01T09:00:00.000Z,312.1,312.8482,310.631,311.56,0
2026-04-01T09:30:00.000Z,310.91,312.58,310.91,312,0
2026-04-01T10:00:00.000Z,312.19,312.57,311.73,312,0
2026-04-01T10:30:00.000Z,312,313.6,311.61,313.6,0
2026-04-01T11:00:00.000Z,313.49,314.5,309.51,314.27,0
2026-04-01T11:30:00.000Z,314.4477,315.356,314.13,315.22,0
2026-04-01T12:00:00.000Z,315.2085,315.7,309.51,314.564,0
2026-04-01T12:30:00.000Z,314.54,315.25,309.51,313.115,0
2026-04-01T13:00:00.000Z,313.03,314.4,312.2303,313.825,0
2026-04-01T13:30:00.000Z,313.364990234375,315.4049987792969,311.20001220703125,312.9849853515625,2862295
2026-04-01T14:00:00.000Z,312.989990234375,314,312.1300048828125,313.3500061035156,1188309
2026-04-01T14:30:00.000Z,313.3800048828125,313.5199890136719,311.3599853515625,313.04998779296875,1060415
2026-04-01T15:00:00.000Z,313.04998779296875,313.7250061035156,312.510009765625,312.68499755859375,867146
2026-04-01T15:30:00.000Z,312.69000244140625,315.2250061035156,312.4549865722656,314.75,1071014
2026-04-01T16:00:00.000Z,314.760009765625,315.7900085449219,314.010009765625,314.04998779296875,1041254
2026-04-01T16:30:00.000Z,314.05499267578125,314.8800048828125,313.8299865722656,313.8599853515625,990549
2026-04-01T17:00:00.000Z,313.8999938964844,314.54998779296875,313.4599914550781,314.340087890625,799130
2026-04-01T17:30:00.000Z,314.32000732421875,314.69000244140625,313.2699890136719,313.3442077636719,588895
2026-04-01T18:00:00.000Z,313.3599853515625,313.5,310.4800109863281,311.3299865722656,1228041
2026-04-01T18:30:00.000Z,311.32000732421875,312.29998779296875,310.8599853515625,311.75,724268
2026-04-01T19:00:00.000Z,311.7099914550781,314.8800048828125,311.70001220703125,314.2699890136719,1046441
2026-04-01T19:30:00.000Z,314.2699890136719,314.5299987792969,313.1300048828125,313.4599914550781,1837743
2026-04-01T20:00:00.000Z,313.43,313.49,312,312.03,0
2026-04-01T20:30:00.000Z,312.12,313.49,312.08,312.48,0
2026-04-01T21:00:00.000Z,312.3019,320.37,312.25,312.9028,0
2026-04-01T21:30:00.000Z,312.74,312.96,312.52,312.82,0
2026-04-01T22:00:00.000Z,312.66,313.49,312,312.7,0
2026-04-01T22:30:00.000Z,312.72,313,312.1,312.41,0
2026-04-01T23:00:00.000Z,312.43,313.49,312.42,313.26,0
2026-04-01T23:30:00.000Z,313.32,313.49,312.6,313.3,0
2026-04-02T08:00:00.000Z,305.53,313.49,303.47,305.54,0
2026-04-02T08:30:00.000Z,306.24,307,305.9,306.5,0
2026-04-02T09:00:00.000Z,306.6,306.8853,305.5,305.83,0
2026-04-02T09:30:00.000Z,305.75,306.4337,305.5,306,0
2026-04-02T10:00:00.000Z,306,307.64,305.33,305.39,0
2026-04-02T10:30:00.000Z,305.7,305.7,305.12,305.64,0
2026-04-02T11:00:00.000Z,305.75,306,304.23,304.23,0
2026-04-02T11:30:00.000Z,304.08,304.5,303.21,303.21,0
2026-04-02T12:00:00.000Z,303.1,313.49,302.5,304.35,0
2026-04-02T12:30:00.000Z,304.3897,305.4,303.77,304.16,0
2026-04-02T13:00:00.000Z,304.41,305.01,257.485,304.63,0
2026-04-02T13:30:00.000Z,304.6300048828125,308.2701110839844,301.7485046386719,307.0799865722656,2098818
2026-04-02T14:00:00.000Z,307.07000732421875,310.0950012207031,306.4018859863281,308.1400146484375,906511
2026-04-02T14:30:00.000Z,308.0950012207031,313.8599853515625,308,313.0010070800781,1090192
2026-04-02T15:00:00.000Z,313,313.55999755859375,311.364990234375,313.0450134277344,865390
2026-04-02T15:30:00.000Z,313.1300048828125,314,311.5329895019531,312.69000244140625,829496
2026-04-02T16:00:00.000Z,312.67999267578125,313.29998779296875,310.0450134277344,311.114990234375,884714
2026-04-02T16:30:00.000Z,311.0400085449219,312.8534851074219,309.9100036621094,312.2943115234375,751609
2026-04-02T17:00:00.000Z,312.2900085449219,313.1000061035156,311.8599853515625,312.864990234375,460750
2026-04-02T17:30:00.000Z,312.9100036621094,313.1300048828125,311.85009765625,312.6099853515625,347028
2026-04-02T18:00:00.000Z,312.5899963378906,313.75,312.5400085449219,313.0799865722656,613950
2026-04-02T18:30:00.000Z,313.0799865722656,313.7300109863281,312.760009765625,312.9100036621094,495492
2026-04-02T19:00:00.000Z,312.9599914550781,314.0799865722656,312.5050048828125,313.17999267578125,657893
2026-04-02T19:30:00.000Z,313.1300048828125,314.69000244140625,312.9599914550781,314.55999755859375,1393041
2026-04-02T20:00:00.000Z,314.51,314.8,312.851,314,0
2026-04-02T20:30:00.000Z,313.7,314.5675,313.52,314.4012,0
2026-04-02T21:00:00.000Z,314.4,314.55,314,314.1,0
2026-04-02T21:30:00.000Z,314.4,314.85,314.1,314.275,0
2026-04-02T22:00:00.000Z,314.39,314.39,313.65,313.9,0
2026-04-02T22:30:00.000Z,313.92,314.07,313.5,313.87,0
2026-04-02T23:00:00.000Z,313.83,313.905,313.52,313.905,0
2026-04-02T23:30:00.000Z,313.96,314.2,313.81,314.2,0
2026-04-06T08:00:00.000Z,315,317.2988,314,317,0
2026-04-06T08:30:00.000Z,316.82,318.5,316.74,317.6,0
2026-04-06T09:00:00.000Z,317.6,318.5,317.5,318.4583,0
2026-04-06T09:30:00.000Z,318.45,318.45,317,317.3,0
2026-04-06T10:00:00.000Z,317.03,318,316.72,316.72,0
2026-04-06T10:30:00.000Z,317.937,317.9797,315.5,316.26,0
2026-04-06T11:00:00.000Z,316.2,316.8,315.6,316.15,0
2026-04-06T11:30:00.000Z,316.43,316.7,315.96,316.05,0
2026-04-06T12:00:00.000Z,316.2402,316.3,315.39,315.7609,0
2026-04-06T12:30:00.000Z,315.7895,316.2,315.5,315.96,0
2026-04-06T13:00:00.000Z,315.96,316.33,314.58,314.8,0
2026-04-06T13:30:00.000Z,315.0400085449219,316.3500061035156,310.2799987792969,313.6199951171875,2015490
2026-04-06T14:00:00.000Z,313.44000244140625,314.2900085449219,310.6000061035156,311.5799865722656,852410
2026-04-06T14:30:00.000Z,311.5899963378906,312.46990966796875,310.54998779296875,311.9949951171875,694626
2026-04-06T15:00:00.000Z,311.989990234375,312.80999755859375,311.0799865722656,312.3999938964844,695685
2026-04-06T15:30:00.000Z,312.4649963378906,314.19000244140625,311.67999267578125,314.17498779296875,735400
2026-04-06T16:00:00.000Z,314.20001220703125,314.239990234375,312.0899963378906,312.4200134277344,476329
2026-04-06T16:30:00.000Z,312.375,312.7099914550781,311.8800048828125,312.2900085449219,302083
2026-04-06T17:00:00.000Z,312.3399963378906,312.5599060058594,310.54998779296875,312.4800109863281,545961
2026-04-06T17:30:00.000Z,312.4049987792969,313.05499267578125,311.8399963378906,311.9800109863281,347061
2026-04-06T18:00:00.000Z,311.9599914550781,313.95001220703125,311.70001220703125,313.44500732421875,381936
2026-04-06T18:30:00.000Z,313.4599914550781,313.6899108886719,313.05999755859375,313.3539123535156,292380
2026-04-06T19:00:00.000Z,313.3900146484375,314.2799987792969,313.1600036621094,314.1199951171875,427096
2026-04-06T19:30:00.000Z,314.05999755859375,314.6499938964844,313.5,314.2909851074219,1103926
2026-04-06T20:00:00.000Z,314.43,314.43,313.6,313.96,0
2026-04-06T20:30:00.000Z,313.935,314.2,313.72,314.14,0
2026-04-06T21:00:00.000Z,314.045,325.83,313.72,324.285,0
2026-04-06T21:30:00.000Z,324.0465,324.8951,321.56,322.64,0
2026-04-06T22:00:00.000Z,322.52,324,321.54,322.3,0
2026-04-06T22:30:00.000Z,322.3,322.75,321.6,322.25,0
2026-04-06T23:00:00.000Z,322.39,323.69,322.15,322.59,0
2026-04-06T23:30:00.000Z,322.51,323,321.8,322.0558,0
2026-04-07T08:00:00.000Z,322.68,324.6875,314.43,324.07,0
2026-04-07T08:30:00.000Z,324.2,326.29,323.99,325.99,0
2026-04-07T09:00:00.000Z,325.9,326.22,325.03,326.0633,0
2026-04-07T09:30:00.000Z,326.1,326.88,325.63,326.06,0
2026-04-07T10:00:00.000Z,326.06,326.8588,324.78,325.3,0
2026-04-07T10:30:00.000Z,325.1,325.5,322.5,323.02,0
2026-04-07T11:00:00.000Z,322.965,325.25,314.43,324.51,0
2026-04-07T11:30:00.000Z,324.52,325.2,323.545,323.97,0
2026-04-07T12:00:00.000Z,323.91,324.8,322.4787,324.22,0
2026-04-07T12:30:00.000Z,324.415,325.98,323.1882,325.42,0
2026-04-07T13:00:00.000Z,325.35,327.49,324.01,326.56,0
2026-04-07T13:30:00.000Z,325.5000915527344,328.45001220703125,322.760009765625,324.4949951171875,5366379
2026-04-07T14:00:00.000Z,324.4949951171875,325.5199890136719,322.6199951171875,324.6099853515625,1858251
2026-04-07T14:30:00.000Z,324.6499938964844,324.8999938964844,322.7300109863281,322.9107971191406,1295389
2026-04-07T15:00:00.000Z,322.998291015625,326.8699951171875,321.79998779296875,326.3900146484375,1614136
2026-04-07T15:30:00.000Z,326.40850830078125,327.1499938964844,325.5,326.54998779296875,1036184
2026-04-07T16:00:00.000Z,326.6099853515625,330.1499938964844,326.5199890136719,329.42999267578125,1969497
2026-04-07T16:30:00.000Z,329.3599853515625,333.8500061035156,329.05999755859375,332.8299865722656,2446531
2026-04-07T17:00:00.000Z,332.7900085449219,333.20001220703125,330.5400085449219,331.19000244140625,1384076
2026-04-07T17:30:00.000Z,331.1700134277344,332.94000244140625,330.80999755859375,331.489990234375,1160264
2026-04-07T18:00:00.000Z,331.510009765625,331.69500732421875,329.70001220703125,331.1099853515625,1368931
2026-04-07T18:30:00.000Z,331.07000732421875,332.2986145019531,328.2001037597656,328.7998962402344,1442999
2026-04-07T19:00:00.000Z,328.7300109863281,332.5,328.45001220703125,330.54998779296875,1720301
2026-04-07T19:30:00.000Z,330.54998779296875,334.1499938964844,330.3800964355469,333.8500061035156,3301732
2026-04-07T20:00:00.000Z,333.851,334.64,333.4,334.25,0
2026-04-07T20:30:00.000Z,334.06,335.96,333.8,335.95,0
2026-04-07T21:00:00.000Z,335.85,335.95,333.97,335.23,0
2026-04-07T21:30:00.000Z,335.01,335.36,333.97,335.2425,0
2026-04-07T22:00:00.000Z,335.17,337.35,335.17,337.25,0
2026-04-07T22:30:00.000Z,337.24,344.05,334.22,343.2,0
2026-04-07T23:00:00.000Z,343.74,347.5,343.1,345.9799,0
2026-04-07T23:30:00.000Z,345.505,346.64,344,346.5,0
2026-04-08T08:00:00.000Z,348.834,350.26,333.97,349.96,0
2026-04-08T08:30:00.000Z,349.73,351.3,349.55,351.2,0
2026-04-08T09:00:00.000Z,350.7882,352.25,350.6212,351.44,0
2026-04-08T09:30:00.000Z,351.51,352.01,350.1,350.47,0
2026-04-08T10:00:00.000Z,350.3,350.44,347.2,349.009,0
2026-04-08T10:30:00.000Z,349.04,349.8687,347.6,347.85,0
2026-04-08T11:00:00.000Z,347.85,349.9,347.6,348.75,0
2026-04-08T11:30:00.000Z,348.87,348.93,347.6,348.2,0
2026-04-08T12:00:00.000Z,348.38,348.98,346.53,347.42,0
2026-04-08T12:30:00.000Z,347.65,348.45,336.8,348.45,0
2026-04-08T13:00:00.000Z,348.01,352.5,348,351.75,0
2026-04-08T13:30:00.000Z,351.6600036621094,354.1400146484375,345.07000732421875,346.114990234375,6651494
2026-04-08T14:00:00.000Z,346.0950012207031,347.7699890136719,344.9599914550781,346.5899963378906,2921251
2026-04-08T14:30:00.000Z,346.5580139160156,346.7998962402344,342.5299987792969,344.04998779296875,2452301
2026-04-08T15:00:00.000Z,344.0899963378906,348.7900085449219,343.90008544921875,348.32501220703125,2247097
2026-04-08T15:30:00.000Z,348.3699951171875,350.239990234375,348.2200012207031,349.32501220703125,1571191
2026-04-08T16:00:00.000Z,349.29998779296875,349.5,347.75,348.5400085449219,829899
2026-04-08T16:30:00.000Z,348.6000061035156,349.7200012207031,348.0799865722656,349.3900146484375,839737
2026-04-08T17:00:00.000Z,349.3800048828125,350.32000732421875,348.9800109863281,349.739990234375,1284750
2026-04-08T17:30:00.000Z,349.75,351.39898681640625,349.75,350.9599914550781,1330608
2026-04-08T18:00:00.000Z,350.9338073730469,352.04998779296875,350.45001220703125,351.3598937988281,1277975
2026-04-08T18:30:00.000Z,351.3599853515625,351.75,349.3800964355469,349.45001220703125,1368423
2026-04-08T19:00:00.000Z,349.4100036621094,351.55499267578125,349.2401123046875,350.1300048828125,1610001
2026-04-08T19:30:00.000Z,350.1000061035156,351.8800048828125,350.0799865722656,350.6400146484375,2694481
2026-04-08T20:00:00.000Z,350.63,351.1895,350.49,350.535,0
2026-04-08T20:30:00.000Z,350.57,351.4398,350.05,350.3061,0
2026-04-08T21:00:00.000Z,350.21,350.42,349.2,349.79,0
2026-04-08T21:30:00.000Z,349.7,349.95,349.3,349.51,0
2026-04-08T22:00:00.000Z,349.51,350.35,348.5212,348.66,0
2026-04-08T22:30:00.000Z,348.66,350.63,348.25,348.25,0
2026-04-08T23:00:00.000Z,348.29,348.84,347.5115,347.71,0
2026-04-08T23:30:00.000Z,347.99,348,347.61,347.71,0
2026-04-09T08:00:00.000Z,347.9897,350.63,346,347.05,0
2026-04-09T08:30:00.000Z,347,347.8,346.8,347.8,0
2026-04-09T09:00:00.000Z,347.48,348.12,347.02,348,0
2026-04-09T09:30:00.000Z,348,348.5,347.46,348.35,0
2026-04-09T10:00:00.000Z,348.23,348.3308,347.6369,348.21,0
2026-04-09T10:30:00.000Z,348.06,348.36,347.02,347.68,0
2026-04-09T11:00:00.000Z,347.68,350.63,347.31,347.9,0
2026-04-09T11:30:00.000Z,347.9883,349.49,347.4,349.06,0
2026-04-09T12:00:00.000Z,349.112,349.49,348.22,348.59,0
2026-04-09T12:30:00.000Z,348.77,349.23,348.4,348.65,0
2026-04-09T13:00:00.000Z,348.78,352.8,348.22,352.48,0
2026-04-09T13:30:00.000Z,352.29998779296875,357.44000244140625,351.5,354.8900146484375,3345060
2026-04-09T14:00:00.000Z,354.9700012207031,356.3999938964844,352.2796936035156,353.0799865722656,1599096
2026-04-09T14:30:00.000Z,353.0400085449219,353.94970703125,352.1499938964844,353.45001220703125,911371
2026-04-09T15:00:00.000Z,353.44000244140625,355.3299865722656,353.2784118652344,354.99749755859375,1072488
2026-04-09T15:30:00.000Z,355,357.75,354.375,357.6449890136719,1792049
2026-04-09T16:00:00.000Z,357.58758544921875,358.69000244140625,357.03009033203125,358.0799865722656,1172125
2026-04-09T16:30:00.000Z,358.0851135253906,358.3599853515625,357.0199890136719,357.7449951171875,908328
2026-04-09T17:00:00.000Z,357.7850036621094,358.260009765625,356.6499938964844,356.70001220703125,670751
2026-04-09T17:30:00.000Z,356.6600036621094,358.0400085449219,355.8399963378906,357.5199890136719,1100089
2026-04-09T18:00:00.000Z,357.55999755859375,357.6000061035156,355.29010009765625,355.510009765625,654227
2026-04-09T18:30:00.000Z,355.5400085449219,356.1000061035156,355.1300048828125,355.2950134277344,651190
2026-04-09T19:00:00.000Z,355.31500244140625,355.80999755859375,353.6199951171875,353.7550048828125,978357
2026-04-09T19:30:00.000Z,353.739990234375,355.5799865722656,353.739990234375,354.9100036621094,1664387
2026-04-09T20:00:00.000Z,354.91,354.91,353.26,353.95,0
2026-04-09T20:30:00.000Z,354,355,353.95,354.775,0
2026-04-09T21:00:00.000Z,354.91,354.99,354.2,354.2,0
2026-04-09T21:30:00.000Z,354.53,354.91,354.2,354.84,0
2026-04-09T22:00:00.000Z,354.9,355.63,354.8,355.48,0
2026-04-09T22:30:00.000Z,355.48,355.6,353.91,354.02,0
2026-04-09T23:00:00.000Z,354.4,355.45,353.95,355.0585,0
2026-04-09T23:30:00.000Z,355.1,356.04,354.251,355.79,0
2026-04-10T08:00:00.000Z,354.5012,356.55,354.5012,356.12,0
2026-04-10T08:30:00.000Z,356.05,357,356,356.25,0
2026-04-10T09:00:00.000Z,356.31,357.0905,356.3,357.0905,0
2026-04-10T09:30:00.000Z,356.98,357.5,356.6,357.5,0
2026-04-10T10:00:00.000Z,357.48,357.66,357.02,357.4769,0
2026-04-10T10:30:00.000Z,357.26,357.75,357,357.02,0
2026-04-10T11:00:00.000Z,357.01,357.82,357.01,357.7414,0
2026-04-10T11:30:00.000Z,357.749,358.18,357.01,357.43,0
2026-04-10T12:00:00.000Z,357.29,358.18,357.15,358.16,0
2026-04-10T12:30:00.000Z,358.16,359,357.51,358.61,0
2026-04-10T13:00:00.000Z,358.6744,362,358.2,361.29,0
2026-04-10T13:30:00.000Z,361.010009765625,374.17999267578125,360.82000732421875,370.010009765625,5910370
2026-04-10T14:00:00.000Z,369.989990234375,373.760009765625,367.5,373.2349853515625,2626698
2026-04-10T14:30:00.000Z,373.2799987792969,375.4100036621094,372.07000732421875,375.364990234375,2323170
2026-04-10T15:00:00.000Z,375.4100036621094,376.5398864746094,374.6000061035156,375.875,2248801
2026-04-10T15:30:00.000Z,375.875,376.1910095214844,371.42999267578125,371.79998779296875,1837994
2026-04-10T16:00:00.000Z,371.8699951171875,372.9700012207031,370.9200134277344,371.0799865722656,1217751
2026-04-10T16:30:00.000Z,371.0199890136719,372.8999938964844,370.85009765625,372.6600036621094,1009294
2026-04-10T17:00:00.000Z,372.69000244140625,373.20001220703125,370.739990234375,371.44000244140625,850724
2026-04-10T17:30:00.000Z,371.3699951171875,374.20001220703125,371.2550048828125,373.8800048828125,1099363
2026-04-10T18:00:00.000Z,373.8800048828125,374.4100036621094,373.42999267578125,373.8399963378906,1534344
2026-04-10T18:30:00.000Z,373.739990234375,374.1499938964844,373.2300109863281,373.5400085449219,798397
2026-04-10T19:00:00.000Z,373.6000061035156,374.510009765625,373.30108642578125,374.3900146484375,1160516
2026-04-10T19:30:00.000Z,374.3599853515625,374.3599853515625,371.17999267578125,371.55999755859375,2668243
2026-04-10T20:00:00.000Z,371.605,372.3009,305.48,372.27,0
2026-04-10T20:30:00.000Z,372.2,372.4,371.5,371.92,0
2026-04-10T21:00:00.000Z,372.055,372.1,240.6965,371.25,0
2026-04-10T21:30:00.000Z,371.37,371.5,371.23,371.3,0
2026-04-10T22:00:00.000Z,371.3,371.4,370.6,371.1514,0
2026-04-10T22:30:00.000Z,371.2,371.29,370.95,371.1,0
2026-04-10T23:00:00.000Z,371.06,371.2,370.64,370.9784,0
2026-04-10T23:30:00.000Z,370.9206,371.55,370.91,371.54,0
2026-04-13T08:00:00.000Z,364.6,367.44,363.67,366.9697,0
2026-04-13T08:30:00.000Z,366.6,366.99,366.22,366.6,0
2026-04-13T09:00:00.000Z,366.51,370.1,366.51,370,0
2026-04-13T09:30:00.000Z,370.01,370.16,368.02,368.44,0
2026-04-13T10:00:00.000Z,368.47,368.9,366.3,367.01,0
2026-04-13T10:30:00.000Z,367.1,368.85,367.06,368.79,0
2026-04-13T11:00:00.000Z,368.89,371.55,367.5,367.7506,0
2026-04-13T11:30:00.000Z,367.62,368.48,366.51,366.62,0
2026-04-13T12:00:00.000Z,366.8,370.622,366.12,367.5,0
2026-04-13T12:30:00.000Z,367.66,368.98,319.6203,368.46,0
2026-04-13T13:00:00.000Z,368.6311,370.1,367.18,369.98,0
2026-04-13T13:30:00.000Z,369.875,374.3999938964844,369.4800109863281,371.55999755859375,3448741
2026-04-13T14:00:00.000Z,371.6099853515625,373.6300048828125,370.94000244140625,373.07000732421875,1405273
2026-04-13T14:30:00.000Z,373.0400085449219,375.8800048828125,372.92999267578125,375.375,1906625
2026-04-13T15:00:00.000Z,375.3399963378906,375.3399963378906,373.8500061035156,374.0299987792969,1186384
2026-04-13T15:30:00.000Z,374.0849914550781,374.4800109863281,372.70001220703125,373.1499938964844,738325
2026-04-13T16:00:00.000Z,373.17999267578125,374.55999755859375,372.114990234375,374.3500061035156,796720
2026-04-13T16:30:00.000Z,374.30999755859375,378.4599914550781,374.2879943847656,378.0950012207031,1616223
2026-04-13T17:00:00.000Z,378.1400146484375,378.5400085449219,375.6300048828125,377.0115966796875,1079533
2026-04-13T17:30:00.000Z,376.9849853515625,377.1000061035156,376.0799865722656,376.2099914550781,674747
2026-04-13T18:00:00.000Z,376.25,377.1700134277344,376.1600036621094,376.6763916015625,628099
2026-04-13T18:30:00.000Z,376.6600036621094,378.7200012207031,376.5950012207031,378.4101867675781,1003036
2026-04-13T19:00:00.000Z,378.3699951171875,379.510009765625,377.9200134277344,379.1600036621094,1131928
2026-04-13T19:30:00.000Z,379.1300048828125,380.8299865722656,378.860107421875,379.6600036621094,2684073
2026-04-13T20:00:00.000Z,379.64,379.89,377.1479,379.5499,0
2026-04-13T20:30:00.000Z,379.48,380.23,379.25,379.67,0
2026-04-13T21:00:00.000Z,379.73,379.93,379.05,379.21,0
2026-04-13T21:30:00.000Z,379.31,379.75,379.21,379.66,0
2026-04-13T22:00:00.000Z,379.69,406.1391,379.56,379.72,0
2026-04-13T22:30:00.000Z,379.9835,379.99,379.39,379.8,0
2026-04-13T23:00:00.000Z,379.76,380,379.56,379.6,0
2026-04-13T23:30:00.000Z,379.67,379.8,379.25,379.5,0
2026-04-14T08:00:00.000Z,380.8,380.8,377.28,378.6231,0
2026-04-14T08:30:00.000Z,378.71,379.75,378.5,379.41,0
2026-04-14T09:00:00.000Z,379.41,379.75,378.53,378.55,0
2026-04-14T09:30:00.000Z,378.58,379.1,378.19,378.19,0
2026-04-14T10:00:00.000Z,378.1667,379.48,378,379.24,0
2026-04-14T10:30:00.000Z,379.19,379.2988,377.7725,378.45,0
2026-04-14T11:00:00.000Z,378.4,379.75,378.28,379.38,0
2026-04-14T11:30:00.000Z,379.26,380,379.26,379.43,0
2026-04-14T12:00:00.000Z,379.4453,379.99,379.3,379.64,0
2026-04-14T12:30:00.000Z,379.35,379.7,368.1,370.9845,0
2026-04-14T13:00:00.000Z,370.99,379.29,330.34,377.9,0
2026-04-14T13:30:00.000Z,377.8999938964844,382.2799987792969,376.32000732421875,379.07501220703125,5322268
2026-04-14T14:00:00.000Z,379.0474853515625,380.1000061035156,377.79998779296875,378.7699890136719,1481684
2026-04-14T14:30:00.000Z,378.7998962402344,380.29998779296875,377.9100036621094,380.2699890136719,969823
2026-04-14T15:00:00.000Z,380.25,380.2900085449219,378.54998779296875,378.8900146484375,942204
2026-04-14T15:30:00.000Z,378.9100036621094,381.3699035644531,378.3699951171875,380.2049865722656,1040445
2026-04-14T16:00:00.000Z,380.1600036621094,380.760009765625,380.0199890136719,380.3800048828125,625789
2026-04-14T16:30:00.000Z,380.3299865722656,381.04998779296875,379.1099853515625,379.3399963378906,808280
2026-04-14T17:00:00.000Z,379.32000732421875,380.9100036621094,378.8599853515625,380.6499938964844,809489
2026-04-14T17:30:00.000Z,380.6499938964844,381.8999938964844,380.57000732421875,380.864990234375,720293
2026-04-14T18:00:00.000Z,380.864990234375,380.95001220703125,379.4601135253906,379.95001220703125,504262
2026-04-14T18:30:00.000Z,379.9501037597656,380.0299987792969,378.2699890136719,378.80499267578125,587523
2026-04-14T19:00:00.000Z,378.80499267578125,380.2900085449219,378.5799865722656,380.1700134277344,688161
2026-04-14T19:30:00.000Z,380.1700134277344,380.79998779296875,379.2099914550781,380.79998779296875,1722233
2026-04-14T20:00:00.000Z,380.78,381.35,379.9968,381.025,0
2026-04-14T20:30:00.000Z,381.02,404.162,380.5,380.765,0
2026-04-14T21:00:00.000Z,380.78,395.57,380.6301,393.22,0
2026-04-14T21:30:00.000Z,393.21,420.3312,283.8981,394.45,0
2026-04-14T22:00:00.000Z,394.26,420.3312,380.78,394.86,0
2026-04-14T22:30:00.000Z,394.69,394.99,393.01,393.69,0
2026-04-14T23:00:00.000Z,393.5,394.2,393.3,393.54,0
2026-04-14T23:30:00.000Z,393.53,393.7357,392.29,392.9998,0
2026-04-15T08:00:00.000Z,391.4,393.5,380.78,392.99,0
2026-04-15T08:30:00.000Z,392.72,393.49,392.55,393,0
2026-04-15T09:00:00.000Z,393.19,393.2,391.6,391.89,0
2026-04-15T09:30:00.000Z,391.6,392.1,390.9772,390.9772,0
2026-04-15T10:00:00.000Z,390.97,392.45,390,390.2261,0
2026-04-15T10:30:00.000Z,390.6988,391,389.073,390.8988,0
2026-04-15T11:00:00.000Z,390.9,392.5,390.6,391.73,0
2026-04-15T11:30:00.000Z,391.7629,392.16,390.87,391.075,0
2026-04-15T12:00:00.000Z,391.2319,391.35,380.78,388.5,0
2026-04-15T12:30:00.000Z,388.5,389.86,387.75,388,0
2026-04-15T13:00:00.000Z,387.9,389.99,386.8,389.99,0
2026-04-15T13:30:00.000Z,389.875,396.239990234375,385.57000732421875,395.6449890136719,6977285
2026-04-15T14:00:00.000Z,395.6300048828125,396.29998779296875,393.42999267578125,395.0802917480469,2368441
2026-04-15T14:30:00.000Z,395.1499938964844,396.56988525390625,393.5799865722656,394.6000061035156,1808589
2026-04-15T15:00:00.000Z,394.510009765625,394.8399963378906,391.6000061035156,391.6400146484375,1553133
2026-04-15T15:30:00.000Z,391.6400146484375,392.8900146484375,391.20001220703125,392.4549865722656,1561652
2026-04-15T16:00:00.000Z,392.44500732421875,394.6007995605469,392.1700134277344,392.3999938964844,1127284
2026-04-15T16:30:00.000Z,392.3599853515625,392.5,388.5,389.9649963378906,1711464
2026-04-15T17:00:00.000Z,389.9599914550781,391.889892578125,389.8900146484375,391.8399963378906,990211
2026-04-15T17:30:00.000Z,391.8799133300781,392.5498962402344,391.4599914550781,391.70001220703125,635360
2026-04-15T18:00:00.000Z,391.7099914550781,393.2200012207031,391.2300109863281,393.0580139160156,860495
2026-04-15T18:30:00.000Z,393.07000732421875,393.94500732421875,392.4750061035156,393.7200012207031,760694
2026-04-15T19:00:00.000Z,393.7149963378906,394.8999938964844,393.510009765625,394.79998779296875,1129394
2026-04-15T19:30:00.000Z,394.7799987792969,397.0799865722656,394.1000061035156,396.6099853515625,2920969
2026-04-15T20:00:00.000Z,396.72,396.72,393.001,394.92,0
2026-04-15T20:30:00.000Z,394.95,414.3502,393.8,393.97,0
2026-04-15T21:00:00.000Z,393.9534,394.9388,393.93,394.63,0
2026-04-15T21:30:00.000Z,394.5,414.3502,394.2,394.75,0
2026-04-15T22:00:00.000Z,394.93,394.94,394.25,394.81,0
2026-04-15T22:30:00.000Z,394.88,395.95,394.7,395.59,0
2026-04-15T23:00:00.000Z,395.725,395.95,395,395.3,0
2026-04-15T23:30:00.000Z,395.14,395.8,395,395.7175,0
2026-04-16T08:00:00.000Z,394.19,396.72,393,393.85,0
2026-04-16T08:30:00.000Z,393.96,394.6,393.5,394.5692,0
2026-04-16T09:00:00.000Z,394.57,395,394,394.23,0
2026-04-16T09:30:00.000Z,394.29,394.86,394.116,394.28,0
2026-04-16T10:00:00.000Z,394.37,394.52,393,393.03,0
2026-04-16T10:30:00.000Z,393.27,394.0253,390.5,392.3,0
2026-04-16T11:00:00.000Z,392.37,396.72,392,392.76,0
2026-04-16T11:30:00.000Z,392.62,393.6,392.62,393.12,0
2026-04-16T12:00:00.000Z,393.27,393.5,392.55,392.9907,0
2026-04-16T12:30:00.000Z,393,393.5,391.78,392.13,0
2026-04-16T13:00:00.000Z,392.13,394.98,391.03,394.91,0
2026-04-16T13:30:00.000Z,394.9800109863281,399.1600036621094,392.3500061035156,395.9700012207031,3331506
2026-04-16T14:00:00.000Z,395.79998779296875,398.1099853515625,395.6199951171875,397.3999938964844,1425089
2026-04-16T14:30:00.000Z,397.42999267578125,398.20001220703125,397.0799865722656,397.5799865722656,983502
2026-04-16T15:00:00.000Z,397.55999755859375,399.67999267578125,396.80999755859375,396.80999755859375,1220849
2026-04-16T15:30:00.000Z,396.8399963378906,398.6050109863281,396.29998779296875,398.4119873046875,830610
2026-04-16T16:00:00.000Z,398.385009765625,399.1300048828125,397.67999267578125,397.8901062011719,665163
2026-04-16T16:30:00.000Z,397.8900146484375,398.07000732421875,395.94000244140625,397.6600036621094,675271
2026-04-16T17:00:00.000Z,397.70001220703125,398.0299987792969,396.4700012207031,397.6099853515625,609242
2026-04-16T17:30:00.000Z,397.6099853515625,398.7698974609375,396.8999938964844,397.30999755859375,617112
2026-04-16T18:00:00.000Z,397.2699890136719,397.8800048828125,396.1200866699219,396.4649963378906,770740
2026-04-16T18:30:00.000Z,396.4649963378906,398.29998779296875,396.45001220703125,397.72918701171875,683430
2026-04-16T19:00:00.000Z,397.7300109863281,398.70001220703125,397.6199951171875,398.1499938964844,678597
2026-04-16T19:30:00.000Z,398.1000061035156,399.6000061035156,397.82159423828125,398.3599853515625,1683390
2026-04-16T20:00:00.000Z,398.35,398.75,398.05,398.05,0
2026-04-16T20:30:00.000Z,398.05,402.1764,379.19,398.3,0
2026-04-16T21:00:00.000Z,398.24,401.915,374.1219,397.9,0
2026-04-16T21:30:00.000Z,397.9,402.1764,385.8531,398,0
2026-04-16T22:00:00.000Z,398,398.47,397.8,398.47,0
2026-04-16T22:30:00.000Z,398,399.5,398,398.54,0
2026-04-16T23:00:00.000Z,398.645,399.18,398.48,398.76,0
2026-04-16T23:30:00.000Z,398.66,399,398.55,398.9999,0
2026-04-17T08:00:00.000Z,399.29,399.5988,398.0612,399.0261,0
2026-04-17T08:30:00.000Z,399,399.8,399,399.28,0
2026-04-17T09:00:00.000Z,399.295,399.4,398.4,398.91,0
2026-04-17T09:30:00.000Z,399.05,399.4497,398.5,399.4,0
2026-04-17T10:00:00.000Z,399.3997,399.45,398.7,398.73,0
2026-04-17T10:30:00.000Z,398.78,399.33,398.7,398.88,0
2026-04-17T11:00:00.000Z,398.71,400.18,398.47,399.705,0
2026-04-17T11:30:00.000Z,399.63,400.0688,399.455,400,0
2026-04-17T12:00:00.000Z,399.85,400.7,398.47,400.26,0
2026-04-17T12:30:00.000Z,400.4845,402.94,398.47,402.91,0
2026-04-17T13:00:00.000Z,402.85,403.86,400.53,401,0
2026-04-17T13:30:00.000Z,400.8999938964844,403.8299865722656,399.8200988769531,403.260009765625,4365357
2026-04-17T14:00:00.000Z,403.239990234375,405.3999938964844,401.1000061035156,401.67999267578125,2137704
2026-04-17T14:30:00.000Z,401.8699035644531,404.19000244140625,401.67999267578125,402.3999938964844,1121950
2026-04-17T15:00:00.000Z,402.3999938964844,403.55999755859375,401.92999267578125,402.8399963378906,847305
2026-04-17T15:30:00.000Z,402.8299865722656,404.44000244140625,402.0400085449219,402.04998779296875,1130082
2026-04-17T16:00:00.000Z,402.07000732421875,402.9750061035156,401.79998779296875,402.8399963378906,545648
2026-04-17T16:30:00.000Z,402.8599853515625,403.7200012207031,402.7200012207031,403.2799987792969,516666
2026-04-17T17:00:00.000Z,403.2850036621094,404.4599914550781,401.55999755859375,402.3800048828125,602152
2026-04-17T17:30:00.000Z,402.3399963378906,404.1400146484375,402.110107421875,403.31671142578125,457122
2026-04-17T18:00:00.000Z,403.3500061035156,404,402.7101135253906,403.45928955078125,493783
2026-04-17T18:30:00.000Z,403.489990234375,403.9700012207031,403.2300109863281,403.5799865722656,469618
2026-04-17T19:00:00.000Z,403.6199951171875,404.1899108886719,402.8399963378906,403.80999755859375,671956
2026-04-17T19:30:00.000Z,403.82000732421875,406.7250061035156,403.80999755859375,406.45001220703125,2189500
2026-04-17T20:00:00.000Z,406.53,406.7,403.22,405.9,0
2026-04-17T20:30:00.000Z,405.805,406.54,405.8,406.4,0
2026-04-17T21:00:00.000Z,406.326,406.5,406.05,406.4,0
2026-04-17T21:30:00.000Z,406.4,406.5,405.3781,406.31,0
2026-04-17T22:00:00.000Z,406.31,406.54,406.05,406.3,0
2026-04-17T22:30:00.000Z,406.0501,406.3,406.05,406.175,0
2026-04-17T23:00:00.000Z,406.0825,406.3,406.05,406.0501,0
2026-04-17T23:30:00.000Z,406.28,406.28,406,406.04,0
2026-04-20T09:30:00.000Z,400.75,401.1,399.6362,399.6362,0
2026-04-20T10:00:00.000Z,399.84,401.0775,399.01,400.2,0
2026-04-20T10:30:00.000Z,400.86,401.1,399.5,400.1,0
2026-04-20T11:00:00.000Z,400.43,401.58,399.84,399.96,0
2026-04-20T11:30:00.000Z,399.82,400.99,399.52,400.2392,0
2026-04-20T12:00:00.000Z,400.58,405.524,399.65,400.062,0
2026-04-20T12:30:00.000Z,400.24,402.3,399.8,401.35,0
2026-04-20T13:00:00.000Z,401.3,406.0198,401.2,405.99,0
2026-04-20T13:30:00.000Z,405.70001220703125,406.3550109863281,401.3500061035156,402.04998779296875,2635673
2026-04-20T14:00:00.000Z,402.1549987792969,403.010009765625,398.20001220703125,399.27459716796875,1642896
2026-04-20T14:30:00.000Z,399.2300109863281,400.3500061035156,397.5801086425781,397.8999938964844,1180399
2026-04-20T15:00:00.000Z,397.9700012207031,398.74749755859375,395.8999938964844,398.3299865722656,1150294
2026-04-20T15:30:00.000Z,398.1700134277344,398.6499938964844,396.32000732421875,397.07989501953125,807771
2026-04-20T16:00:00.000Z,397.0400085449219,398.1499938964844,396.70001220703125,397.6700134277344,494759
2026-04-20T16:30:00.000Z,397.69500732421875,398.3500061035156,397,397.42999267578125,489081
2026-04-20T17:00:00.000Z,397.4230041503906,397.84991455078125,396.6600036621094,397.0299987792969,495226
2026-04-20T17:30:00.000Z,397.0400085449219,397.3999938964844,396.4100036621094,396.9198913574219,940797
2026-04-20T18:00:00.000Z,396.875,397.239990234375,396.05218505859375,397.06500244140625,663507
2026-04-20T18:30:00.000Z,397.1199951171875,398.6199951171875,396.5400085449219,398.2699890136719,722719
2026-04-20T19:00:00.000Z,398.2699890136719,399.1099853515625,398.0945129394531,398.9200134277344,702997
2026-04-20T19:30:00.000Z,398.9200134277344,399.8699951171875,398.1400146484375,399.8399963378906,1657576
2026-04-20T20:00:00.000Z,399.63,399.96,399.35,399.57,0
2026-04-20T20:30:00.000Z,399.6,400.53,399.1,399.885,0
2026-04-20T21:00:00.000Z,399.87,400,399.49,399.79,0
2026-04-20T21:30:00.000Z,399.67,399.99,399.49,399.99,0
2026-04-20T22:00:00.000Z,399.85,400.4,399.63,400.4,0
2026-04-20T22:30:00.000Z,400.39,400.74,399.63,400.365,0
2026-04-20T23:00:00.000Z,400.365,400.6,400.2,400.275,0
2026-04-20T23:30:00.000Z,400.2011,400.4,400,400.2,0
2026-04-21T08:00:00.000Z,399.9,400.88,398.0097,398.72,0
2026-04-21T08:30:00.000Z,398.72,399.6,398.2,399,0
2026-04-21T09:00:00.000Z,399,399.4988,398.28,398.4,0
2026-04-21T09:30:00.000Z,398.4,398.99,398.28,398.9888,0
2026-04-21T10:00:00.000Z,398.66,398.99,398.51,398.64,0
2026-04-21T10:30:00.000Z,398.6,399.5,398.5464,399.31,0
2026-04-21T11:00:00.000Z,399.35,400.43,399,400.04,0
2026-04-21T11:30:00.000Z,400.2,400.62,399.8,399.8218,0
2026-04-21T12:00:00.000Z,400.2,400.21,398.631,399.4,0
2026-04-21T12:30:00.000Z,399.59,399.62,398.5,398.5,0
2026-04-21T13:00:00.000Z,398.5,400,398.01,399.2,0
2026-04-21T13:30:00.000Z,398.80999755859375,399.9599914550781,394.57000732421875,397.56500244140625,2321028
2026-04-21T14:00:00.000Z,397.57000732421875,399.1199951171875,396.9700012207031,398.95001220703125,1115998
2026-04-21T14:30:00.000Z,398.94500732421875,400.9700012207031,398,398.9200134277344,1204353
2026-04-21T15:00:00.000Z,398.95001220703125,403.42999267578125,397.9100036621094,401.8349914550781,1246996
2026-04-21T15:30:00.000Z,401.8030090332031,402.885009765625,400.82000732421875,401.3349914550781,811747
2026-04-21T16:00:00.000Z,401.3349914550781,403.6000061035156,401.17999267578125,402.114990234375,954750
2026-04-21T16:30:00.000Z,402.1199951171875,403.1000061035156,400.55010986328125,401.6600036621094,657389
2026-04-21T17:00:00.000Z,401.6050109863281,402.1000061035156,399.989990234375,400.2976989746094,532724
2026-04-21T17:30:00.000Z,400.2799987792969,402.8299865722656,400.1499938964844,401.6000061035156,716879
2026-04-21T18:00:00.000Z,401.6499938964844,402.3599853515625,400.6875,400.9800109863281,516957
2026-04-21T18:30:00.000Z,401.05999755859375,402.57000732421875,400.8699951171875,402.05999755859375,440437
2026-04-21T19:00:00.000Z,402.1039123535156,402.489990234375,401.05999755859375,402.2300109863281,595699
2026-04-21T19:30:00.000Z,402.25,402.67999267578125,399.04998779296875,402.25,1674418
2026-04-21T20:00:00.000Z,402.17,403.75,401.2,403.2,0
2026-04-21T20:30:00.000Z,403.3739,403.79,402.25,403.05,0
2026-04-21T21:00:00.000Z,403.35,404.49,403.35,404.2,0
2026-04-21T21:30:00.000Z,404.06,404.2,402.17,403.9299,0
2026-04-21T22:00:00.000Z,403.93,404,403.5,403.61,0
2026-04-21T22:30:00.000Z,403.5,403.8,403.5,403.74,0
2026-04-21T23:00:00.000Z,403.8584,404.85,403.58,404.5825,0
2026-04-21T23:30:00.000Z,404.7,404.95,404.1,404.7708,0
2026-04-22T08:00:00.000Z,407.86,407.86,402.17,407.22,0
2026-04-22T08:30:00.000Z,407.64,407.64,406.12,406.41,0
2026-04-22T09:00:00.000Z,406.57,407.6,406.5,407.58,0
2026-04-22T09:30:00.000Z,407.31,407.59,406.5,406.5,0
2026-04-22T10:00:00.000Z,406.92,407.4,406.29,406.5,0
2026-04-22T10:30:00.000Z,406.8,407,406.32,406.57,0
2026-04-22T11:00:00.000Z,406.31,406.88,402.17,406.3836,0
2026-04-22T11:30:00.000Z,406.4,406.5,406,406.2001,0
2026-04-22T12:00:00.000Z,406.48,408.88,406.34,407.8082,0
2026-04-22T12:30:00.000Z,407.845,408.5,407.3784,407.4,0
2026-04-22T13:00:00.000Z,407.58,409.8,406.5,406.72,0
2026-04-22T13:30:00.000Z,406.9800109863281,408.989990234375,404.8599853515625,407.6099853515625,2255467
2026-04-22T14:00:00.000Z,407.6499938964844,411.9804992675781,407.6499938964844,411.19000244140625,2123921
2026-04-22T14:30:00.000Z,411.2200012207031,413.95001220703125,410.5,413.29998779296875,1757936
2026-04-22T15:00:00.000Z,413.30999755859375,416.6700134277344,412.5299987792969,416.2900085449219,1596095
2026-04-22T15:30:00.000Z,416.260009765625,417.7898864746094,415.0400085449219,416.2449951171875,1224859
2026-04-22T16:00:00.000Z,416.3500061035156,419.6499938964844,415.20001220703125,419.05999755859375,1577299
2026-04-22T16:30:00.000Z,419.05999755859375,419.79998779296875,416.7099914550781,416.885009765625,1006235
2026-04-22T17:00:00.000Z,416.8949890136719,419.75,416.8949890136719,419.1300048828125,943242
2026-04-22T17:30:00.000Z,419.10009765625,420.29998779296875,419.0799865722656,419.20001220703125,1054398
2026-04-22T18:00:00.000Z,419.17010498046875,420.3999938964844,419.1200866699219,419.6499938964844,880110
2026-04-22T18:30:00.000Z,419.69000244140625,420.75,418.8299865722656,418.8900146484375,812124
2026-04-22T19:00:00.000Z,418.8500061035156,420.3699951171875,417.8999938964844,419.6050109863281,1133119
2026-04-22T19:30:00.000Z,419.6050109863281,423.20001220703125,419.25,422.6000061035156,2987367
2026-04-22T20:00:00.000Z,422.58,424,421.5,421.65,0
2026-04-22T20:30:00.000Z,421.8,422.6315,421.71,422.21,0
2026-04-22T21:00:00.000Z,421.86,423.15,421.8,422.22,0
2026-04-22T21:30:00.000Z,422.2499,422.55,421.54,421.675,0
2026-04-22T22:00:00.000Z,421.75,451.5229,421.6,422.2,0
2026-04-22T22:30:00.000Z,422.0125,422.5,421.95,422.2,0
2026-04-22T23:00:00.000Z,422.1,422.22,421.8,421.8112,0
2026-04-22T23:30:00.000Z,421.8119,421.91,421.31,421.425,0
2026-04-23T08:00:00.000Z,417.6994,422.65,417,418.8,0
2026-04-23T08:30:00.000Z,418.66,418.66,416.76,417.55,0
2026-04-23T09:00:00.000Z,417.7,419,416,418,0
2026-04-23T09:30:00.000Z,418.38,418.7,417.6,418.0704,0
2026-04-23T10:00:00.000Z,417.93,418.355,416.688,417,0
2026-04-23T10:30:00.000Z,417.44,418.96,417,418.9479,0
2026-04-23T11:00:00.000Z,419,422.65,418,419.4,0
2026-04-23T11:30:00.000Z,419.46,421,418.3,420.485,0
2026-04-23T12:00:00.000Z,420.35,421.7,419.6,420.16,0
2026-04-23T12:30:00.000Z,420.22,421.4,419.6,419.652,0
2026-04-23T13:00:00.000Z,419.96,422.95,419.47,422.65,0
2026-04-23T13:30:00.000Z,422.3900146484375,428.1600036621094,419.3900146484375,426.114990234375,3492846
2026-04-23T14:00:00.000Z,426.1400146484375,427.69000244140625,424.8800048828125,425.5899963378906,1269762
2026-04-23T14:30:00.000Z,425.5400085449219,427.3999938964844,424.2300109863281,426.6499938964844,1060325
2026-04-23T15:00:00.000Z,426.7300109863281,429.30999755859375,426.6099853515625,428.1300048828125,1372713
2026-04-23T15:30:00.000Z,428.1300048828125,429.17999267578125,426.79998779296875,427.9901123046875,971984
2026-04-23T16:00:00.000Z,428,428.7349853515625,426.1499938964844,428.0799865722656,890851
2026-04-23T16:30:00.000Z,428.0899963378906,428.0899963378906,425.80999755859375,426.1600036621094,605188
2026-04-23T17:00:00.000Z,426.1700134277344,426.75,421.1000061035156,421.55999755859375,1054952
2026-04-23T17:30:00.000Z,421.42010498046875,423.04998779296875,417.79998779296875,422.2430114746094,1080552
2026-04-23T18:00:00.000Z,422.05999755859375,423.57000732421875,420.2200012207031,421.2099914550781,679968
2026-04-23T18:30:00.000Z,421.3500061035156,422.70001220703125,419.2864990234375,419.80999755859375,685332
2026-04-23T19:00:00.000Z,419.6997985839844,421.17999267578125,419.3900146484375,419.9700012207031,574024
2026-04-23T19:30:00.000Z,419.92498779296875,420.32000732421875,418.0299987792969,419.9800109863281,1758231
2026-04-23T20:00:00.000Z,419.97,424.52,419.75,420.82,0
2026-04-23T20:30:00.000Z,420.81,421.99,419.94,421,0
2026-04-23T21:00:00.000Z,421.12,421.29,420,420.94,0
2026-04-23T21:30:00.000Z,420.94,421.98,419.94,421.5481,0
2026-04-23T22:00:00.000Z,421.56,423,420.89,422,0
2026-04-23T22:30:00.000Z,422.3,423,419.94,422.6238,0
2026-04-23T23:00:00.000Z,422.62,423,422.1,422.6,0
2026-04-23T23:30:00.000Z,422.31,423.19,421.505,422,0
2026-04-24T08:00:00.000Z,421.99,422.5,419.24,421.77,0
2026-04-24T08:30:00.000Z,421.64,421.77,420.87,421.59,0
2026-04-24T09:00:00.000Z,420.7712,421.54,419.98,420.7,0
2026-04-24T09:30:00.000Z,420.05,420.84,419.74,420.5,0
2026-04-24T10:00:00.000Z,420.49,422.43,420.11,422.22,0
2026-04-24T10:30:00.000Z,422.22,422.5,421.01,421.75,0
2026-04-24T11:00:00.000Z,422.07,427.48,419.94,427.105,0
2026-04-24T11:30:00.000Z,426.9,428.9,426.05,426.5,0
2026-04-24T12:00:00.000Z,426.75,428,425.9,427,0
2026-04-24T12:30:00.000Z,427.075,427.3,425.5,426.8707,0
2026-04-24T13:00:00.000Z,426.88,426.99,423.42,424.99,0
2026-04-24T13:30:00.000Z,424.635009765625,425,408.8599853515625,414.0899963378906,4626581
2026-04-24T14:00:00.000Z,414.0799865722656,416.1300048828125,413.010009765625,413.80999755859375,1520752
2026-04-24T14:30:00.000Z,413.94000244140625,417.1889953613281,412.19000244140625,417.1600036621094,1160780
2026-04-24T15:00:00.000Z,417.17999267578125,419.2099914550781,414.44000244140625,414.739990234375,1266969
2026-04-24T15:30:00.000Z,414.739990234375,421.3599853515625,413.66009521484375,419.68499755859375,1757194
2026-04-24T16:00:00.000Z,419.8699951171875,421,418.4649963378906,420.5199890136719,977705
2026-04-24T16:30:00.000Z,420.6698913574219,421.19000244140625,419.1099853515625,420.7380065917969,1135341
2026-04-24T17:00:00.000Z,420.6499938964844,421.69500732421875,418.9100036621094,418.9200134277344,880008
2026-04-24T17:30:00.000Z,418.9100036621094,422.2499084472656,418.2300109863281,421.6440124511719,558383
2026-04-24T18:00:00.000Z,421.6600036621094,421.8900146484375,420.260009765625,421.0718078613281,529912
2026-04-24T18:30:00.000Z,421.1300048828125,422.20001220703125,421.04998779296875,421.7349853515625,593920
2026-04-24T19:00:00.000Z,421.7799987792969,423.1650085449219,421.7099914550781,422.57000732421875,754041
2026-04-24T19:30:00.000Z,422.54150390625,423.510009765625,421.1037902832031,422.75,2243359
2026-04-24T20:00:00.000Z,422.75,422.77,419.7688,421.6262,0
2026-04-24T20:30:00.000Z,421.4,422.76,421.35,422.1133,0
2026-04-24T21:00:00.000Z,422.1418,422.76,421.2,421.65,0
2026-04-24T21:30:00.000Z,421.6,422,420.5,420.85,0
2026-04-24T22:00:00.000Z,421.02,422,420.5,420.8,0
2026-04-24T22:30:00.000Z,420.8501,421.5,420.5,420.78,0
2026-04-24T23:00:00.000Z,420.7,420.9,420.11,420.4027,0
2026-04-24T23:30:00.000Z,420.35,420.35,419.6442,420,0
2026-04-27T08:00:00.000Z,422.3505,424.789,420.3,422.3803,0
2026-04-27T08:30:00.000Z,422.37,424,422.01,423.62,0
2026-04-27T09:00:00.000Z,423.62,423.62,422.81,423.45,0
2026-04-27T09:30:00.000Z,423.45,423.9,423,423.9,0
2026-04-27T10:00:00.000Z,423.13,423.79,423,423.2,0
2026-04-27T10:30:00.000Z,423.2,424.5,423.2,423.5,0
2026-04-27T11:00:00.000Z,423.4,424.49,422.76,424.47,0
2026-04-27T11:30:00.000Z,424.4,424.6,423.87,424.2,0
2026-04-27T12:00:00.000Z,424.2429,424.4523,418.82,420.31,0
2026-04-27T12:30:00.000Z,420.29,421.35,419,420.7,0
2026-04-27T13:00:00.000Z,420.73,422.27,419.2,420.68,0
2026-04-27T13:30:00.000Z,420.3949890136719,422.614990234375,415.82000732421875,420.5199890136719,2891357
2026-04-27T14:00:00.000Z,420.510009765625,420.8599853515625,416.6099853515625,416.8800048828125,1166242
2026-04-27T14:30:00.000Z,416.94000244140625,417.409912109375,414.6300048828125,415.5224914550781,1290064
2026-04-27T15:00:00.000Z,415.5799865722656,416.95001220703125,414.6300048828125,416.5450134277344,912462
2026-04-27T15:30:00.000Z,416.6499938964844,417.5498962402344,415.8900146484375,416.07501220703125,695249
2026-04-27T16:00:00.000Z,416.2300109863281,417.114990234375,414.8699951171875,416.4800109863281,661873
2026-04-27T16:30:00.000Z,416.4599914550781,416.9798889160156,415.17999267578125,415.6600036621094,683960
2026-04-27T17:00:00.000Z,415.7799987792969,416.05999755859375,414.7300109863281,415.9800109863281,622438
2026-04-27T17:30:00.000Z,416.05499267578125,417.29998779296875,415.7799987792969,416.6449890136719,1080933
2026-04-27T18:00:00.000Z,416.6449890136719,416.8800048828125,415.67999267578125,415.9259948730469,686284
2026-04-27T18:30:00.000Z,415.8699951171875,416.19989013671875,415.03009033203125,415.69000244140625,582194
2026-04-27T19:00:00.000Z,415.69000244140625,416.80999755859375,415.3100891113281,416.5849914550781,645233
2026-04-27T19:30:00.000Z,416.6400146484375,418.44000244140625,415.8999938964844,418.32000732421875,1529324
2026-04-27T20:00:00.000Z,418.32,418.59,396.6501,417.7088,0
2026-04-27T20:30:00.000Z,417.67,418.2,417.13,417.661,0
2026-04-27T21:00:00.000Z,417.55,418,417.4,417.83,0
2026-04-27T21:30:00.000Z,417.8488,439.1652,417.6,417.6,0
2026-04-27T22:00:00.000Z,417.6,432.1373,417.5,418.15,0
2026-04-27T22:30:00.000Z,418.02,439.1652,406.1391,418.04,0
2026-04-27T23:00:00.000Z,418.04,418.3,417.6512,418.15,0
2026-04-27T23:30:00.000Z,418.18,418.27,417.95,418.13,0
2026-04-28T08:00:00.000Z,411.3552,418.2,407.03,409,0
2026-04-28T08:30:00.000Z,408.81,409.1,407.27,407.9875,0
2026-04-28T09:00:00.000Z,407.65,407.98,403.5,404.5,0
2026-04-28T09:30:00.000Z,404.5,406.9194,402.56,403.3,0
2026-04-28T10:00:00.000Z,403.6,404.84,402.6,403.5,0
2026-04-28T10:30:00.000Z,403.0962,404.39,402.3,403.74,0
2026-04-28T11:00:00.000Z,403.99,404.84,399.75,400.1962,0
2026-04-28T11:30:00.000Z,399.96,400.19,396.71,398.81,0
2026-04-28T12:00:00.000Z,399.19,417.155,397.29,398.5849,0
2026-04-28T12:30:00.000Z,398.5,401.92,398,401.56,0
2026-04-28T13:00:00.000Z,401.59,401.59,397.4,400.24,0
2026-04-28T13:30:00.000Z,400.30499267578125,405.5,397.10089111328125,403.6099853515625,5006681
2026-04-28T14:00:00.000Z,403.6000061035156,405.80999755859375,402.625,402.80999755859375,1309278
2026-04-28T14:30:00.000Z,402.8299865722656,403.69000244140625,396.8949890136719,399.7200012207031,1871944
2026-04-28T15:00:00.000Z,399.80999755859375,400.5,396.2557067871094,396.8500061035156,1578625
2026-04-28T15:30:00.000Z,396.82000732421875,396.9999084472656,394.6499938964844,395.3450012207031,1559862
2026-04-28T16:00:00.000Z,395.3699951171875,397.3800048828125,394.93499755859375,396.6499938964844,1013222
2026-04-28T16:30:00.000Z,396.6650085449219,397.7799987792969,395.7200012207031,397.489990234375,899853
2026-04-28T17:00:00.000Z,397.5199890136719,397.9700012207031,396.3800048828125,397.260009765625,688206
2026-04-28T17:30:00.000Z,397.2900085449219,398.75,397.2099914550781,398.3599853515625,891314
2026-04-28T18:00:00.000Z,398.4100036621094,400.75,398.0799865722656,400.55999755859375,781988
2026-04-28T18:30:00.000Z,400.5899963378906,401.159912109375,399.4700012207031,400.2799987792969,1021666
2026-04-28T19:00:00.000Z,400.29998779296875,401.94989013671875,399.55499267578125,400.8999938964844,1034563
2026-04-28T19:30:00.000Z,400.93499755859375,401.5,399.010009765625,399.8299865722656,2486355
2026-04-28T20:00:00.000Z,399.83,400.75,399.2,400.4315,0
2026-04-28T20:30:00.000Z,400.05,400.49,399.83,400.11,0
2026-04-28T21:00:00.000Z,400.08,404.162,399,399.27,0
2026-04-28T21:30:00.000Z,399.02,399.5,399,399.365,0
2026-04-28T22:00:00.000Z,399.3,420.3312,399.01,399.28,0
2026-04-28T22:30:00.000Z,399.07,404.162,399.04,399.4,0
2026-04-28T23:00:00.000Z,399.42,399.64,399.1202,399.35,0
2026-04-28T23:30:00.000Z,399.33,400.2,399.23,399.95,0
2026-04-29T08:00:00.000Z,399.36,402.8164,399.36,400.5953,0
2026-04-29T08:30:00.000Z,401.48,401.6,400.3235,401.15,0
2026-04-29T09:00:00.000Z,400.66,401.98,400.05,401.59,0
2026-04-29T09:30:00.000Z,401.5207,401.59,400.1,400.3551,0
2026-04-29T10:00:00.000Z,400.35,401.9786,400.2587,401.61,0
2026-04-29T10:30:00.000Z,401.72,402,401.2,401.6,0
2026-04-29T11:00:00.000Z,401.44,402.24,399.83,402.07,0
2026-04-29T11:30:00.000Z,402.24,402.722,402,402.39,0
2026-04-29T12:00:00.000Z,402.18,402.45,401.01,401.525,0
2026-04-29T12:30:00.000Z,401.36,401.9504,400.46,401.87,0
2026-04-29T13:00:00.000Z,401.81,404.38,401.81,403.38,0
2026-04-29T13:30:00.000Z,403.3900146484375,403.6499938964844,398,401.1099853515625,2069204
2026-04-29T14:00:00.000Z,400.9825134277344,401.94500732421875,398.3450012207031,401.3900146484375,826933
2026-04-29T14:30:00.000Z,401.31500244140625,402.3599853515625,400.260009765625,400.8500061035156,792089
2026-04-29T15:00:00.000Z,400.8500061035156,401.489990234375,399.20001220703125,400.6300048828125,623518
2026-04-29T15:30:00.000Z,400.68499755859375,401.7898864746094,398.6700134277344,399.44000244140625,667306
2026-04-29T16:00:00.000Z,399.4800109863281,399.8900146484375,397.6499938964844,397.8599853515625,468582
2026-04-29T16:30:00.000Z,397.79998779296875,398,396.7799987792969,397.6549987792969,583386
2026-04-29T17:00:00.000Z,397.6549987792969,398.6600036621094,397.20001220703125,398.45001220703125,515913
2026-04-29T17:30:00.000Z,398.4700012207031,400.3500061035156,398.3200988769531,400.20001220703125,477062
2026-04-29T18:00:00.000Z,400.20001220703125,400.3399963378906,397.25,398.32000732421875,456801
2026-04-29T18:30:00.000Z,398.3550109863281,400.25,397.5,400.1000061035156,551626
2026-04-29T19:00:00.000Z,400.0799865722656,404.6300048828125,399.5899963378906,403.8399963378906,1035843
2026-04-29T19:30:00.000Z,403.80999755859375,405.6099853515625,403.54998779296875,405.5799865722656,2361762
2026-04-29T20:00:00.000Z,405.58,409.93,401.99,406.88,0
2026-04-29T20:30:00.000Z,406.87,417,405.23,408.04,0
2026-04-29T21:00:00.000Z,408.05,420.475,405.45,410.99,0
2026-04-29T21:30:00.000Z,410.79,410.89,405.45,410.14,0
2026-04-29T22:00:00.000Z,410.01,414.99,407.3,413.01,0
2026-04-29T22:30:00.000Z,413.18,414,411.5,412.32,0
2026-04-29T23:00:00.000Z,412.51,413.74,411.2,411.71,0
2026-04-29T23:30:00.000Z,412.77,414.99,412.2488,414,0
2026-04-30T08:00:00.000Z,409.9888,410.6,404.206,410.41,0
2026-04-30T08:30:00.000Z,410,413.5,410,411.22,0
2026-04-30T09:00:00.000Z,410.32,412.15,409.68,410.5,0
2026-04-30T09:30:00.000Z,410.5,412,409.2,410.43,0
2026-04-30T10:00:00.000Z,410,412.54,410,412.0213,0
2026-04-30T10:30:00.000Z,411.5886,412.54,409,409.91,0
2026-04-30T11:00:00.000Z,410.08,411.72,405.45,411.53,0
2026-04-30T11:30:00.000Z,411.4,412.38,410.1212,411.3614,0
2026-04-30T12:00:00.000Z,411.49,414.99,411.36,414.9705,0
2026-04-30T12:30:00.000Z,414.99,415.62,413,414.4,0
2026-04-30T13:00:00.000Z,414.37,416.5832,371.55,415.92,0
2026-04-30T13:30:00.000Z,415.5199890136719,418.3800048828125,409.75,411.4700012207031,3432160
2026-04-30T14:00:00.000Z,411.3699951171875,414.389892578125,407.6099853515625,407.6099853515625,1540466
2026-04-30T14:30:00.000Z,407.6000061035156,410.5599060058594,404.2301025390625,410.1199951171875,1270815
2026-04-30T15:00:00.000Z,410.04998779296875,413.3999938964844,410.04998779296875,411.8399963378906,1192812
2026-04-30T15:30:00.000Z,411.8699951171875,413.9200134277344,411.5,412.9649963378906,659537
2026-04-30T16:00:00.000Z,412.9541015625,414.42999267578125,412.1099853515625,413.7101135253906,563422
2026-04-30T16:30:00.000Z,413.760009765625,414.17999267578125,412.07000732421875,413.489990234375,564416
2026-04-30T17:00:00.000Z,413.4599914550781,414.6700134277344,413.2099914550781,414.54998779296875,432969
2026-04-30T17:30:00.000Z,414.56500244140625,417,414.5000915527344,416.8349914550781,589919
2026-04-30T18:00:00.000Z,416.9200134277344,417.4198913574219,415.5400085449219,415.6400146484375,505750
2026-04-30T18:30:00.000Z,415.6499938964844,416.17999267578125,415.04010009765625,415.29998779296875,466600
2026-04-30T19:00:00.000Z,415.4800109863281,417.5799865722656,414.989990234375,415.5400085449219,1225449
2026-04-30T19:30:00.000Z,415.5,418,414.92999267578125,417.44000244140625,2102444
2026-04-30T20:00:00.000Z,417.44,418,416,416.65,0
2026-04-30T20:30:00.000Z,416.54,417.43,402.1764,413.745,0
2026-04-30T21:00:00.000Z,413.74,414.48,412.51,414.31,0
2026-04-30T21:30:00.000Z,414.05,415,402.1764,414.6,0
2026-04-30T22:00:00.000Z,414.48,417.43,413.45,414.34,0
2026-04-30T22:30:00.000Z,414.34,415,413.03,414,0
2026-04-30T23:00:00.000Z,413.625,414.29,413.06,414.05,0
2026-04-30T23:30:00.000Z,414.165,414.53,413.5,414.39,0
2026-05-01T08:00:00.000Z,417.2607,417.54,414.5803,414.76,0
2026-05-01T08:30:00.000Z,414.58,415.51,414.01,414.26,0
2026-05-01T09:00:00.000Z,414.42,414.8278,413.88,414.45,0
2026-05-01T09:30:00.000Z,414.7,414.84,413.67,414.7962,0
2026-05-01T10:00:00.000Z,414.36,415.46,414,414.77,0
2026-05-01T10:30:00.000Z,414.8,415.4,414.0948,415.3382,0
2026-05-01T11:00:00.000Z,414.815,415.46,413.63,413.8,0
2026-05-01T11:30:00.000Z,413.64,414.6,413.28,413.9325,0
2026-05-01T12:00:00.000Z,414.1142,415.43,413.74,414.97,0
2026-05-01T12:30:00.000Z,414.54,414.97,371.55,413.9165,0
2026-05-01T13:00:00.000Z,413.745,416,333.97,415.69,0
2026-05-01T13:30:00.000Z,415.0920104980469,422.1698913574219,413.2799987792969,421.05999755859375,1634337
2026-05-01T14:00:00.000Z,421.1650085449219,421.2699890136719,419,420.6700134277344,847998
2026-05-01T14:30:00.000Z,420.67498779296875,420.67498779296875,416.3699951171875,419.7900085449219,890904
2026-05-01T15:00:00.000Z,419.7699890136719,421.8699951171875,419,421.80999755859375,536851
2026-05-01T15:30:00.000Z,421.80499267578125,422,419.8900146484375,421.8500061035156,610802
2026-05-01T16:00:00.000Z,421.75,422,419.8399963378906,419.9599914550781,359318
2026-05-01T16:30:00.000Z,419.9200134277344,420.5,419.6400146484375,420.04998779296875,325172
2026-05-01T17:00:00.000Z,420.04998779296875,421.4200134277344,419.92999267578125,421.3900146484375,389617
2026-05-01T17:30:00.000Z,421.3599853515625,423.1700134277344,421.3599853515625,421.8999938964844,639300
2026-05-01T18:00:00.000Z,421.8100891113281,422.8299865722656,421.80999755859375,422.4800109863281,502802
2026-05-01T18:30:00.000Z,422.4150085449219,422.54998779296875,420.8999938964844,422.44000244140625,508402
2026-05-01T19:00:00.000Z,422.3999938964844,423,421.7699890136719,422.7699890136719,589804
2026-05-01T19:30:00.000Z,422.739990234375,422.8699951171875,419.75,421.2799987792969,1371525
2026-05-01T20:00:00.000Z,421.23,421.94,419.5825,419.935,0
2026-05-01T20:30:00.000Z,419.95,421,419.81,419.87,0
2026-05-01T21:00:00.000Z,420.08,420.48,419.86,419.92,0
2026-05-01T21:30:00.000Z,419.8173,421.28,401.425,420.48,0
2026-05-01T22:00:00.000Z,420.2,420.5,419.92,420.245,0
2026-05-01T22:30:00.000Z,420.1,420.5,419.9,420.2,0
2026-05-01T23:00:00.000Z,420.4808,420.95,420.25,420.51,0
2026-05-01T23:30:00.000Z,420.5,420.6136,420.26,420.27,0
2026-05-04T08:00:00.000Z,420.7227,422.99,420.55,421.47,0
2026-05-04T08:30:00.000Z,421.66,422,421.03,421.05,0
2026-05-04T09:00:00.000Z,421.04,421.8,421,421.3588,0
2026-05-04T09:30:00.000Z,421.1,421.36,420.25,420.25,0
2026-05-04T10:00:00.000Z,420.34,420.6188,415,417.6,0
2026-05-04T10:30:00.000Z,417.51,419,417,418.05,0
2026-05-04T11:00:00.000Z,418.08,421.28,417.7,418.54,0
2026-05-04T11:30:00.000Z,418.54,419.4,418.25,419,0
2026-05-04T12:00:00.000Z,419.0606,420.6,419,420.56,0
2026-05-04T12:30:00.000Z,420.29,420.49,377.9,419.29,0
2026-05-04T13:00:00.000Z,419.265,420.5,417.33,417.72,0
2026-05-04T13:30:00.000Z,418.2699890136719,423.8299865722656,416.94000244140625,420.9599914550781,1931717
2026-05-04T14:00:00.000Z,420.9949951171875,421.3900146484375,415.918212890625,416.1449890136719,1240429
2026-05-04T14:30:00.000Z,416.05499267578125,418.0799865722656,415.2799987792969,416.5950012207031,954845
2026-05-04T15:00:00.000Z,416.6199951171875,417.7900085449219,412.8500061035156,414.5299987792969,1217768
2026-05-04T15:30:00.000Z,414.3949890136719,414.739990234375,410.8999938964844,412.67999267578125,960929
2026-05-04T16:00:00.000Z,412.6700134277344,412.76300048828125,409.5299987792969,411.91009521484375,810855
2026-05-04T16:30:00.000Z,411.9599914550781,412.4288024902344,410.32000732421875,411.29998779296875,666333
2026-05-04T17:00:00.000Z,411.29998779296875,414.0400085449219,411.29998779296875,413.239990234375,675818
2026-05-04T17:30:00.000Z,413.3349914550781,413.389892578125,412.09698486328125,412.4700012207031,481499
2026-05-04T18:00:00.000Z,412.489990234375,413.7200012207031,412.29998779296875,413.5899963378906,497620
2026-05-04T18:30:00.000Z,413.635009765625,415.0299987792969,412.70001220703125,414.94000244140625,458376
2026-05-04T19:00:00.000Z,414.989990234375,416.135009765625,414.739990234375,416.1000061035156,592030
2026-05-04T19:30:00.000Z,416.114990234375,417.1300048828125,414.4800109863281,416.4700012207031,1465015
2026-05-04T20:00:00.000Z,416.58,416.58,414.9,415.7129,0
2026-05-04T20:30:00.000Z,415.94,416,415.01,415.3,0
2026-05-04T21:00:00.000Z,415.2,416.3998,415.17,416.3998,0
2026-05-04T21:30:00.000Z,416.33,417,415.2,416.7,0
2026-05-04T22:00:00.000Z,416.7016,417,415.3,416.2,0
2026-05-04T22:30:00.000Z,416.3,416.3,415.31,415.31,0
2026-05-04T23:00:00.000Z,415.31,416,415,415.23,0
2026-05-04T23:30:00.000Z,415.13,415.5155,414.655,415.15,0
2026-05-05T08:00:00.000Z,418.03,419.37,416.0252,418.82,0
2026-05-05T08:30:00.000Z,418.82,419.45,418.5,419.3,0
2026-05-05T09:00:00.000Z,418.9777,419.28,418.38,419,0
2026-05-05T09:30:00.000Z,418.9845,419.7825,418.4313,418.77,0
2026-05-05T10:00:00.000Z,418.76,419.42,418.43,419.2661,0
2026-05-05T10:30:00.000Z,418.9,419.3,418.22,418.547,0
2026-05-05T11:00:00.000Z,418.545,418.87,416.5,418.5667,0
2026-05-05T11:30:00.000Z,418.59,419.2917,418.15,418.865,0
2026-05-05T12:00:00.000Z,418.95,420.05,418.46,419.5,0
2026-05-05T12:30:00.000Z,419.775,420.0362,419.41,419.5303,0
2026-05-05T13:00:00.000Z,419.7,422.19,419.51,421.43,0
2026-05-05T13:30:00.000Z,421.6600036621094,426.69000244140625,419.70001220703125,423.0899963378906,2720718
2026-05-05T14:00:00.000Z,423.04998779296875,423.3999938964844,419.3500061035156,421.92498779296875,1134916
2026-05-05T14:30:00.000Z,421.9100036621094,424.4599914550781,421.29998779296875,424.0400085449219,747418
2026-05-05T15:00:00.000Z,423.9100036621094,428.92999267578125,423.7200012207031,427.614990234375,1691050
2026-05-05T15:30:00.000Z,427.6499938964844,428.9200134277344,425.80999755859375,426.7550048828125,923931
2026-05-05T16:00:00.000Z,426.7550048828125,431.6300048828125,426.5899963378906,429.7799987792969,1274800
2026-05-05T16:30:00.000Z,429.8299865722656,431.2200012207031,429.0950012207031,429.92999267578125,750124
2026-05-05T17:00:00.000Z,429.8599853515625,431.80999755859375,429.67999267578125,431.53009033203125,655991
2026-05-05T17:30:00.000Z,431.57000732421875,432.4800109863281,431.15008544921875,431.9599914550781,659119
2026-05-05T18:00:00.000Z,431.95001220703125,433.3900146484375,430.67498779296875,430.7414855957031,881606
2026-05-05T18:30:00.000Z,430.739990234375,432.29998779296875,430.69000244140625,430.70001220703125,721064
2026-05-05T19:00:00.000Z,430.7699890136719,431.3995056152344,430.1099853515625,430.2200012207031,814229
2026-05-05T19:30:00.000Z,430.19000244140625,430.3299865722656,426.739990234375,427.5,1896374
2026-05-05T20:00:00.000Z,427.53,439.5,426.9,436.72,0
2026-05-05T20:30:00.000Z,436.72,437.9,427.36,435.21,0
2026-05-05T21:00:00.000Z,435.9802,436.99,427.36,435.0348,0
2026-05-05T21:30:00.000Z,435,435.06,432.1,432.31,0
2026-05-05T22:00:00.000Z,432.9217,434.6212,431,432.5,0
2026-05-05T22:30:00.000Z,432.23,433.92,430.01,433.7,0
2026-05-05T23:00:00.000Z,433.8,433.8,432,432.09,0
2026-05-05T23:30:00.000Z,432.4,433.1899,430.97,432,0
2026-05-06T08:00:00.000Z,431.01,433.6445,427.36,430.51,0
2026-05-06T08:30:00.000Z,430.51,434.49,430.51,434.19,0
2026-05-06T09:00:00.000Z,433.27,434.46,431.5,433.25,0
2026-05-06T09:30:00.000Z,433.47,434,432.52,433.86,0
2026-05-06T10:00:00.000Z,433.7,435.48,433.3312,434.66,0
2026-05-06T10:30:00.000Z,435.19,435.22,433.3303,434.11,0
2026-05-06T11:00:00.000Z,433.9,438.4,433.9,437.7472,0
2026-05-06T11:30:00.000Z,437.6,438.95,435.42,436.11,0
2026-05-06T12:00:00.000Z,436.1525,437,434.28,435.99,0
2026-05-06T12:30:00.000Z,435.75,436.5,434.5,435.36,0
2026-05-06T13:00:00.000Z,435.35,436.88,434.02,435.17,0
2026-05-06T13:30:00.000Z,435.55999755859375,437.67999267578125,426.90008544921875,427.6400146484375,2683111
2026-05-06T14:00:00.000Z,427.6400146484375,428.1400146484375,417.7799987792969,420.2900085449219,1791851
2026-05-06T14:30:00.000Z,420.2799987792969,424.05999755859375,420.0000915527344,423.07000732421875,883676
2026-05-06T15:00:00.000Z,423.0150146484375,425.239990234375,422.2799987792969,423.6400146484375,900804
2026-05-06T15:30:00.000Z,423.7049865722656,424,420.9100036621094,421.94000244140625,701664
2026-05-06T16:00:00.000Z,421.9200134277344,424.54998779296875,421.7701110839844,422.55999755859375,557779
2026-05-06T16:30:00.000Z,422.55999755859375,423.8245849609375,421.1600036621094,421.5249938964844,526834
2026-05-06T17:00:00.000Z,421.5249938964844,421.9700012207031,420.677490234375,421.4501037597656,448746
2026-05-06T17:30:00.000Z,421.5199890136719,421.9898986816406,419.8999938964844,420.510009765625,525475
2026-05-06T18:00:00.000Z,420.5,422.5899963378906,420.1199951171875,422.4200134277344,1407822
2026-05-06T18:30:00.000Z,422.3800048828125,423.1000061035156,421.5299987792969,422.05999755859375,612796
2026-05-06T19:00:00.000Z,422.0299987792969,423.010009765625,421.0199890136719,422.7900085449219,1138079
2026-05-06T19:30:00.000Z,422.67999267578125,425.6000061035156,421.7300109863281,425.2799987792969,2607501
2026-05-06T20:00:00.000Z,425.44,426.8,424.25,426.1394,0
2026-05-06T20:30:00.000Z,426,426.17,424.85,425.2,0
2026-05-06T21:00:00.000Z,425,425.19,424,424.75,0
2026-05-06T21:30:00.000Z,424.6171,425.44,422.22,422.7005,0
2026-05-06T22:00:00.000Z,423,425.01,422.6201,424.53,0
2026-05-06T22:30:00.000Z,424,424.92,423.7822,424.29,0
2026-05-06T23:00:00.000Z,423.75,424.7088,423.75,424.3573,0
2026-05-06T23:30:00.000Z,424.5,451.5229,424,424.155,0
2026-05-07T08:00:00.000Z,427.3805,427.3805,424.61,426.4272,0
2026-05-07T08:30:00.000Z,425.85,426.45,425.44,425.7,0
2026-05-07T09:00:00.000Z,426.25,426.25,425.37,426.17,0
2026-05-07T09:30:00.000Z,426.02,426.45,425.1,425.27,0
2026-05-07T10:00:00.000Z,425.27,426.1088,424.1,424.8,0
2026-05-07T10:30:00.000Z,425.323,425.5,424.1355,424.5,0
2026-05-07T11:00:00.000Z,424.825,425.344,423.12,423.255,0
2026-05-07T11:30:00.000Z,423.18,424.23,423.0255,423.75,0
2026-05-07T12:00:00.000Z,423.64,424,421.935,422.6,0
2026-05-07T12:30:00.000Z,422.3,423.75,422,423.12,0
2026-05-07T13:00:00.000Z,423,425.44,421.39,422,0
2026-05-07T13:30:00.000Z,421.8800048828125,422.9200134277344,414.69000244140625,417,3116606
2026-05-07T14:00:00.000Z,417.0299987792969,424.20001220703125,416.9200134277344,423.989990234375,1496510
2026-05-07T14:30:00.000Z,423.99920654296875,426.489990234375,421.9111022949219,422.9949951171875,1076391
2026-05-07T15:00:00.000Z,422.92999267578125,423.20001220703125,420.989990234375,421.5150146484375,714807
2026-05-07T15:30:00.000Z,421.5150146484375,422.5799865722656,419.1499938964844,419.5249938964844,739085
2026-05-07T16:00:00.000Z,419.5350036621094,419.6199951171875,416.760009765625,418.0299987792969,924999
2026-05-07T16:30:00.000Z,417.92999267578125,419.1698913574219,416.9700012207031,417.8369140625,711648
2026-05-07T17:00:00.000Z,417.82000732421875,417.9750061035156,413.70361328125,414.9849853515625,948905
2026-05-07T17:30:00.000Z,414.9849853515625,415.4750061035156,413.4800109863281,414.94000244140625,881694
2026-05-07T18:00:00.000Z,414.9849853515625,415.5899963378906,406.29998779296875,407.9075012207031,3135533
2026-05-07T18:30:00.000Z,407.8800048828125,412.989990234375,407.8500061035156,412.80499267578125,1003221
2026-05-07T19:00:00.000Z,412.82000732421875,414.07000732421875,411.57000732421875,412.6549987792969,826078
2026-05-07T19:30:00.000Z,412.7099914550781,416,412.2200012207031,412.5899963378906,2321703
2026-05-07T20:00:00.000Z,412.56,414.59,412.55,413.26,0
2026-05-07T20:30:00.000Z,413.4,413.5,412.19,412.42,0
2026-05-07T21:00:00.000Z,412.4,412.93,412.19,412.19,0
2026-05-07T21:30:00.000Z,412.3,412.56,409,411.76,0
2026-05-07T22:00:00.000Z,411.4,414.06,410.5,412.64,0
2026-05-07T22:30:00.000Z,412.84,412.9,411.11,411.11,0
2026-05-07T23:00:00.000Z,411.82,413.11,411.4,412.89,0
2026-05-07T23:30:00.000Z,412.6,414,412.24,412.8,0
2026-05-08T08:00:00.000Z,416.6332,420,412.56,419.3,0
2026-05-08T08:30:00.000Z,419.3415,420.1,418.8,418.97,0
2026-05-08T09:00:00.000Z,419.1,420.8795,418.8225,420.43,0
2026-05-08T09:30:00.000Z,419.7652,420.4,418.03,418.57,0
2026-05-08T10:00:00.000Z,418.52,420,418.15,419.76,0
2026-05-08T10:30:00.000Z,419.76,420,418.45,418.5,0
2026-05-08T11:00:00.000Z,418.475,419.6,418.15,419.5,0
2026-05-08T11:30:00.000Z,419.4415,420.25,419.05,419.76,0
2026-05-08T12:00:00.000Z,419.9186,420.25,419,419.9,0
2026-05-08T12:30:00.000Z,419.8,421.49,419.4586,420.24,0
2026-05-08T13:00:00.000Z,420.22,420.8888,419.13,419.729,0
2026-05-08T13:30:00.000Z,419.7250061035156,423.7200012207031,414,421.989990234375,2943393
2026-05-08T14:00:00.000Z,421.94000244140625,423.9277038574219,421.19000244140625,421.5,1698516
2026-05-08T14:30:00.000Z,421.43011474609375,424.20001220703125,420.6400146484375,423.7099914550781,1005274
2026-05-08T15:00:00.000Z,423.6600036621094,424.54998779296875,421.9549865722656,423.67999267578125,1044518
2026-05-08T15:30:00.000Z,423.67999267578125,425.698486328125,422.57501220703125,425,923643
2026-05-08T16:00:00.000Z,425.1700134277344,430.25,425.1099853515625,429.92999267578125,1235009
2026-05-08T16:30:00.000Z,429.8999938964844,431.1600036621094,428.32000732421875,430.04998779296875,990623
2026-05-08T17:00:00.000Z,430.1400146484375,435,429.3999938964844,430.31500244140625,1618182
2026-05-08T17:30:00.000Z,430.2900085449219,430.4200134277344,426.7099914550781,427.1050109863281,979381
2026-05-08T18:00:00.000Z,427.1700134277344,428.95001220703125,427.1600036621094,428.6199951171875,696801
2026-05-08T18:30:00.000Z,428.57000732421875,428.8800048828125,427.135009765625,428.1099853515625,650801
2026-05-08T19:00:00.000Z,428.1499938964844,429.79998779296875,427.510009765625,427.67999267578125,857693
2026-05-08T19:30:00.000Z,427.67999267578125,430.2300109863281,427.2699890136719,429.8977966308594,2537996
2026-05-08T20:00:00.000Z,429.89,430.99,429.46,429.7362,0
2026-05-08T20:30:00.000Z,429.7815,430.2437,421.2,429.2648,0
2026-05-08T21:00:00.000Z,429.56,430,428.05,428.69,0
2026-05-08T21:30:00.000Z,428.56,430,428.42,429,0
2026-05-08T22:00:00.000Z,429.2,430.32,429,430.1735,0
2026-05-08T22:30:00.000Z,430.14,430.5,429.2,429.27,0
2026-05-08T23:00:00.000Z,429.2012,429.45,429,429.2,0
2026-05-08T23:30:00.000Z,429.124,430,429,429.6207,0
2026-05-08T23:59:52.000Z,429.6207,429.6207,429.6207,429.6207,0
2026-07-23T08:00:00.000Z,396.3987,398.65,394.0636,397.46,0
2026-07-23T08:30:00.000Z,397.68,399.76,396.9852,399.5,0
2026-07-23T09:00:00.000Z,399.5,400.6727,399.04,399.1121,0
2026-07-23T09:30:00.000Z,399.05,399.05,397.0667,397.1714,0
2026-07-23T10:00:00.000Z,397.51,398.44,397,397.64,0
2026-07-23T10:30:00.000Z,397.683,399.49,397.5012,399,0
2026-07-23T11:00:00.000Z,398.8,399,396.4282,397.258,0
2026-07-23T11:30:00.000Z,396.81,396.9482,394.5,396.02,0
2026-07-23T12:00:00.000Z,396.13,396.82,393,393,0
2026-07-23T12:30:00.000Z,393.1,402,390.15,392.2093,0
2026-07-23T13:00:00.000Z,392.2385,392.8,389.5,392.13,0
2026-07-23T13:30:00.000Z,392.19000244140625,397.6000061035156,390.26849365234375,394.42498779296875,2016098
2026-07-23T14:00:00.000Z,394.489990234375,396.57000732421875,393.5299987792969,395.625,795326
2026-07-23T14:30:00.000Z,395.75,395.9798889160156,389.3699951171875,390.44000244140625,1168720
2026-07-23T15:00:00.000Z,390.3900146484375,390.80999755859375,387.30010986328125,387.5950012207031,822332
2026-07-23T15:30:00.000Z,387.5299987792969,389.3800048828125,386.82000732421875,389.19000244140625,514678
2026-07-23T16:00:00.000Z,389.17999267578125,392.0400085449219,388.4150085449219,391.3900146484375,494494
2026-07-23T16:30:00.000Z,391.2449951171875,393.54681396484375,390.2900085449219,391.2749938964844,438297
2026-07-23T17:00:00.000Z,391.2250061035156,392.6700134277344,389.75,392.2149963378906,359184
2026-07-23T17:30:00.000Z,392.2650146484375,392.4200134277344,390.3299865722656,390.510009765625,338254
2026-07-23T18:00:00.000Z,390.44000244140625,390.7699890136719,389.0899963378906,390.2799987792969,391144
2026-07-23T18:30:00.000Z,390.375,390.8599853515625,389.5299987792969,390.1300048828125,335424
2026-07-23T19:00:00.000Z,390.1700134277344,391.4800109863281,388.8999938964844,391.3699951171875,809908
2026-07-23T19:30:00.000Z,391.44000244140625,392.80999755859375,389.16009521484375,392.79998779296875,2086409
2026-07-23T20:00:00.000Z,392.343,394.5,392.1488,393.79,0
2026-07-23T20:30:00.000Z,393.78,402.1764,381.652,393.1,0
2026-07-23T21:00:00.000Z,393.98,402.1764,381.652,392.312,0
2026-07-23T21:30:00.000Z,392.64,392.9988,392.25,392.71,0
2026-07-23T22:00:00.000Z,392.92,393.7,391.5,392.47,0
2026-07-23T22:30:00.000Z,392.74,393.34,392.3,393.0651,0
2026-07-23T23:00:00.000Z,393.42,393.8,393,393.3,0
2026-07-23T23:30:00.000Z,393,393.2895,391.5,391.5,0
2026-07-24T08:00:00.000Z,388.9997,392.47,387.1,390,0
2026-07-24T08:30:00.000Z,389.8982,391,389.52,390.2,0
2026-07-24T09:00:00.000Z,390.7,391.85,390,391.47,0
2026-07-24T09:30:00.000Z,391.32,392.36,391.32,391.985,0
2026-07-24T10:00:00.000Z,391.9988,392,390.5257,391.05,0
2026-07-24T10:30:00.000Z,391.04,391.92,390.3,390.77,0
2026-07-24T11:00:00.000Z,390.65,391.5,390.38,390.7816,0
2026-07-24T11:30:00.000Z,390.621,392.25,389.88,391.73,0
2026-07-24T12:00:00.000Z,391.5,392.3281,390.53,390.79,0
2026-07-24T12:30:00.000Z,390.79,391.2636,389.88,390.3627,0
2026-07-24T13:00:00.000Z,390.23,391.08,387.29,387.75,0
2026-07-24T13:30:00.000Z,387.92498779296875,389.2699890136719,380.1499938964844,381.3999938964844,1683904
2026-07-24T14:00:00.000Z,381.4200134277344,385.19000244140625,380.7300109863281,383.7799987792969,674779
2026-07-24T14:30:00.000Z,383.6600036621094,384.07501220703125,380.44000244140625,383.59039306640625,708627
2026-07-24T15:00:00.000Z,383.6199951171875,385.79998779296875,381.8999938964844,383.65008544921875,604428
2026-07-24T15:30:00.000Z,383.7799987792969,386.1300048828125,383.25,386.0400085449219,428322
2026-07-24T16:00:00.000Z,386.1000061035156,387.4599914550781,385.1400146484375,386.0199890136719,392151
2026-07-24T16:30:00.000Z,386.1000061035156,386.1099853515625,384.3299865722656,385.2749938964844,381699
2026-07-24T17:00:00.000Z,385.25,385.49468994140625,383.5199890136719,385.010009765625,334699
2026-07-24T17:30:00.000Z,384.9750061035156,385.4800109863281,383.3500061035156,383.8399963378906,274342
2026-07-24T18:00:00.000Z,383.8399963378906,384.05999755859375,380.5299987792969,380.7850036621094,476761
2026-07-24T18:30:00.000Z,380.8599853515625,381.2300109863281,379.1300048828125,380.5150146484375,1021824
2026-07-24T19:00:00.000Z,380.6000061035156,381.5350036621094,378.75,380.1050109863281,852509
2026-07-24T19:30:00.000Z,380.1600036621094,382.3900146484375,379.1400146484375,381.9200134277344,2388686
2026-07-24T20:00:00.000Z,381.81,382.45,380,382.27,0
2026-07-24T20:30:00.000Z,382.15,382.28,381.59,381.95,0
2026-07-24T21:00:00.000Z,381.97,382.39,381.61,382.0697,0
2026-07-24T21:30:00.000Z,382.45,383,381.92,382.5,0
2026-07-24T22:00:00.000Z,382.19,383.2,381.61,382.34,0
2026-07-24T22:30:00.000Z,382.1881,382.25,381.7265,381.82,0
2026-07-24T23:00:00.000Z,381.82,382.1,381.5,381.6485,0
2026-07-24T23:30:00.000Z,381.88,381.88,381.04,381.84,0
2026-07-27T08:00:00.000Z,386.27,393.49,386.27,390.473,0
2026-07-27T08:30:00.000Z,390.5,391.89,390.28,391.89,0
2026-07-27T09:00:00.000Z,391.72,391.83,391.3117,391.42,0
2026-07-27T09:30:00.000Z,391.4,392.42,391.33,392.37,0
2026-07-27T10:00:00.000Z,392.04,392.4188,391.33,392.08,0
2026-07-27T10:30:00.000Z,391.95,392.46,391.3012,391.51,0
2026-07-27T11:00:00.000Z,391.45,391.86,381.92,390.09,0
2026-07-27T11:30:00.000Z,390.01,390.99,390.01,390.31,0
2026-07-27T12:00:00.000Z,390.3687,390.9988,380.966,389.78,0
2026-07-27T12:30:00.000Z,389.65,391,389.1517,390.57,0
2026-07-27T13:00:00.000Z,390.69,390.8,388.4,390.16,0
2026-07-27T13:30:00.000Z,389.81500244140625,389.8424987792969,381.5299987792969,382.17999267578125,1669545
2026-07-27T14:00:00.000Z,382.25,384.1600036621094,377.2049865722656,377.32501220703125,1352774
2026-07-27T14:30:00.000Z,377.3399963378906,383.4700012207031,373.5,383.0350036621094,1416680
2026-07-27T15:00:00.000Z,383.1000061035156,383.8800048828125,379.239990234375,379.739990234375,904193
2026-07-27T15:30:00.000Z,379.739990234375,380.92999267578125,376.9599914550781,380.4100036621094,885457
2026-07-27T16:00:00.000Z,380.7099914550781,382.8500061035156,379.19000244140625,382.70001220703125,803444
2026-07-27T16:30:00.000Z,382.625,383.9700012207031,380.2799987792969,380.9700012207031,526764
2026-07-27T17:00:00.000Z,381.08221435546875,381.08221435546875,378.260009765625,378.7349853515625,484749
2026-07-27T17:30:00.000Z,378.739990234375,380.79998779296875,378.6650085449219,380.55999755859375,417238
2026-07-27T18:00:00.000Z,380.6000061035156,381,379.1400146484375,379.8999938964844,378475
2026-07-27T18:30:00.000Z,379.7900085449219,381.94000244140625,378.739990234375,381.8299865722656,683341
2026-07-27T19:00:00.000Z,381.8299865722656,384.5799865722656,381.6600036621094,384.5799865722656,996161
2026-07-27T19:30:00.000Z,384.6400146484375,384.6449890136719,381.8399963378906,383.3500061035156,2039534
2026-07-27T20:00:00.000Z,383.35,384.28,382.41,382.51,0
2026-07-27T20:30:00.000Z,382.87,394.28,382.0101,383.4,0
2026-07-27T21:00:00.000Z,383.4,384.25,382.9,383.77,0
2026-07-27T21:30:00.000Z,383.4549,384.01,383.41,383.7758,0
2026-07-27T22:00:00.000Z,384,384.2435,381.63,381.63,0
2026-07-27T22:30:00.000Z,381.9862,382.5987,381.5,381.8,0
2026-07-27T23:00:00.000Z,381.9262,383,381,382.99,0
2026-07-27T23:30:00.000Z,382.15,383.755,381.4885,382.2813,0
2026-07-28T08:00:00.000Z,377.0347,383.22,375.01,377.66,0
2026-07-28T08:30:00.000Z,377.66,378.74,376.91,377.25,0
2026-07-28T09:00:00.000Z,377.5,378.17,377,377.35,0
2026-07-28T09:30:00.000Z,377.45,377.4777,375.05,375.4,0
2026-07-28T10:00:00.000Z,375.58,376.3,375.12,376.0802,0
2026-07-28T10:30:00.000Z,376.1,376.8797,374.4745,375.85,0
2026-07-28T11:00:00.000Z,375.85,383.22,372.5,373.3,0
2026-07-28T11:30:00.000Z,373.2437,376.37,372.27,375.95,0
2026-07-28T12:00:00.000Z,375.23,376.63,374.26,376.48,0
2026-07-28T12:30:00.000Z,376,376.96,374.25,376,0
2026-07-28T13:00:00.000Z,376,376.99,370.271,374.56,0
2026-07-28T13:30:00.000Z,374.2349853515625,379.30999755859375,371.5199890136719,375.2300109863281,3067906
2026-07-28T14:00:00.000Z,375.1499938964844,380.2475891113281,373.1700134277344,375.95001220703125,1886071
2026-07-28T14:30:00.000Z,376,380.44989013671875,374.7200012207031,378,1364430
2026-07-28T15:00:00.000Z,378.0199890136719,382.6700134277344,377.04998779296875,380.1499938964844,1186831
2026-07-28T15:30:00.000Z,380.1499938964844,385.6300048828125,379.79010009765625,383.4700012207031,878979
2026-07-28T16:00:00.000Z,383.5282897949219,384.6600036621094,381.20001220703125,381.4200134277344,761695
2026-07-28T16:30:00.000Z,381.375,384.44989013671875,379.6000061035156,383.5712890625,785235
2026-07-28T17:00:00.000Z,383.42999267578125,383.7799072265625,380.2500915527344,380.6499938964844,435163
2026-07-28T17:30:00.000Z,380.6400146484375,381.52508544921875,378.9200134277344,379.4100036621094,444181
2026-07-28T18:00:00.000Z,379.5,379.92999267578125,378.8299865722656,379.3599853515625,423581
2026-07-28T18:30:00.000Z,379.3800048828125,381.6099853515625,379.2300109863281,381.5400085449219,479290
2026-07-28T19:00:00.000Z,381.5400085449219,385.1400146484375,381.5400085449219,384.9200134277344,872273
2026-07-28T19:30:00.000Z,385,385.79998779296875,380.44000244140625,380.760009765625,2804736
2026-07-28T20:00:00.000Z,380.91,381.9,378.2,381.01,0
2026-07-28T20:30:00.000Z,381.6567,381.6567,360.5301,380.6,0
2026-07-28T21:00:00.000Z,380.84,383.2998,360.253,380.8654,0
2026-07-28T21:30:00.000Z,380.99,381.95,380.7137,380.92,0
2026-07-28T22:00:00.000Z,381.2,382,378.8,379.5154,0
2026-07-28T22:30:00.000Z,379.97,379.97,376.7,377.1,0
2026-07-28T23:00:00.000Z,377.92,379.98,377,379.08,0
2026-07-28T23:30:00.000Z,379.7536,384.35,379.01,384.3404,0
2026-07-29T08:00:00.000Z,379.9477,381,374,377.32,0
2026-07-29T08:30:00.000Z,377.3,380.7772,377.11,379.3,0
2026-07-29T09:00:00.000Z,379.3,382.68,378.96,382.05,0
2026-07-29T09:30:00.000Z,381.81,383.66,380.96,382.3,0
2026-07-29T10:00:00.000Z,382.46,382.9988,381.6469,381.6469,0
2026-07-29T10:30:00.000Z,382.36,382.36,380.0605,380.64,0
2026-07-29T11:00:00.000Z,380.68,383.05,380,382.54,0
2026-07-29T11:30:00.000Z,382.5,383.06,381.0062,383.06,0
2026-07-29T12:00:00.000Z,382.5,383.4332,378.6,380,0
2026-07-29T12:30:00.000Z,379,381,379,380.37,0
2026-07-29T13:00:00.000Z,380.36,380.97,379,380.25,0
2026-07-29T13:30:00.000Z,379.2019958496094,381.3299865722656,375.79998779296875,377.69000244140625,1916999
2026-07-29T14:00:00.000Z,377.50750732421875,380.79998779296875,374.6300964355469,375.3699951171875,1058875
2026-07-29T14:30:00.000Z,375.3599853515625,377.3900146484375,373.3299865722656,376.6199951171875,839248
2026-07-29T15:00:00.000Z,376.5450134277344,378.2799987792969,372.2900085449219,372.29998779296875,905932
2026-07-29T15:30:00.000Z,372.29998779296875,373.3999938964844,370.69000244140625,371.8599853515625,910341
2026-07-29T16:00:00.000Z,371.94000244140625,373.6000061035156,369.5101013183594,373.6000061035156,910514
2026-07-29T16:30:00.000Z,373.510009765625,374.9599914550781,372.7799987792969,374.81500244140625,587686
2026-07-29T17:00:00.000Z,374.82000732421875,378.19989013671875,374.4200134277344,376,754118
2026-07-29T17:30:00.000Z,375.94000244140625,377.6400146484375,375.57000732421875,377.5174865722656,569463
2026-07-29T18:00:00.000Z,377.6499938964844,380.95001220703125,376.68499755859375,378.2099914550781,1076260
2026-07-29T18:30:00.000Z,378.2099914550781,384.64990234375,376.8299865722656,384.4599914550781,951482
2026-07-29T19:00:00.000Z,384.4049987792969,386.1199951171875,377.860107421875,379.7099914550781,1238239
2026-07-29T19:30:00.000Z,379.7900085449219,381.1099853515625,370.0899963378906,370.29998779296875,4437965
2026-07-29T20:00:00.000Z,370.32,371,365.2,366.06,0
2026-07-29T20:30:00.000Z,366.06,370.32,347.9267,367.3553,0
2026-07-29T21:00:00.000Z,367.4,370.32,346.2319,367,0
2026-07-29T21:30:00.000Z,366.9425,367.48,364.4,366.9053,0
2026-07-29T22:00:00.000Z,366.89,370.32,366.89,369.32,0
2026-07-29T22:30:00.000Z,369.82,370.31,368.8,369.0383,0
2026-07-29T23:00:00.000Z,369.01,371,369,370.7935,0
2026-07-29T23:30:00.000Z,370,372.97,370,372.91,0
2026-07-30T08:00:00.000Z,369.066,373.39,368.975,372.7,0
2026-07-30T08:30:00.000Z,373,373,371.0835,372,0
2026-07-30T09:00:00.000Z,372.22,374.949,371.7825,374,0
2026-07-30T09:30:00.000Z,374,374.46,372.59,373.17,0
2026-07-30T10:00:00.000Z,372.5,374.9,372.17,374.87,0
2026-07-30T10:30:00.000Z,374.85,375.77,373.86,374.1,0
2026-07-30T11:00:00.000Z,374.09,376.1,370.32,375.98,0
2026-07-30T11:30:00.000Z,376.0455,377.13,375.01,376.6,0
2026-07-30T12:00:00.000Z,376.76,378.79,375.78,377.68,0
2026-07-30T12:30:00.000Z,378,380.4765,377.7905,378.55,0
2026-07-30T13:00:00.000Z,379.37,381.25,378.55,380.58,0
2026-07-30T13:30:00.000Z,380.6700134277344,386.3699951171875,377.5400085449219,386.1300048828125,3264037
2026-07-30T14:00:00.000Z,386.135009765625,388.2900085449219,382.75,387.364990234375,1883751
2026-07-30T14:30:00.000Z,387.364990234375,388,382,383.3399963378906,1325926
2026-07-30T15:00:00.000Z,383.42999267578125,386.04998779296875,382.1700134277344,383.5199890136719,1284781
2026-07-30T15:30:00.000Z,383.5050048828125,384.3599853515625,381.885009765625,383.5199890136719,957515
2026-07-30T16:00:00.000Z,383.4700012207031,387.8999938964844,382.35009765625,387.0050048828125,854799
2026-07-30T16:30:00.000Z,387.010009765625,387.260009765625,383.7850036621094,384.75,879727
2026-07-30T17:00:00.000Z,384.8299865722656,386.8568115234375,384.7099914550781,385.8200988769531,450688
2026-07-30T17:30:00.000Z,385.8999938964844,386.3999938964844,384.67999267578125,385.489990234375,702775
2026-07-30T18:00:00.000Z,385.44500732421875,387.1700134277344,385.2200012207031,386.4949951171875,847962
2026-07-30T18:30:00.000Z,386.4949951171875,386.5382995605469,385.2300109863281,386.0249938964844,549773
2026-07-30T19:00:00.000Z,386.0799865722656,388.4595031738281,385.92498779296875,387.30999755859375,2093160
2026-07-30T19:30:00.000Z,387.2300109863281,388.67999267578125,386.5,388.2699890136719,2042709
2026-07-30T20:00:00.000Z,388.24,389,386,386.85,0
2026-07-30T20:30:00.000Z,386.3791,388.52,374.1303,387.84,0
2026-07-30T21:00:00.000Z,387.85,389.5,387.337,389.25,0
2026-07-30T21:30:00.000Z,389.046,389.96,388.5,388.7263,0
2026-07-30T22:00:00.000Z,389.5,391,388.5,389.3,0
2026-07-30T22:30:00.000Z,389.15,390,388.8,389.5,0
2026-07-30T23:00:00.000Z,389.619,390,389.05,389.6563,0
2026-07-30T23:30:00.000Z,389.4,390.87,389.05,390.7,0
2026-07-31T08:00:00.000Z,393.1692,393.89,387.84,393.7,0
2026-07-31T08:30:00.000Z,393.7,393.87,392,393.75,0
2026-07-31T09:00:00.000Z,393.5,393.9812,391.2,391.48,0
2026-07-31T09:30:00.000Z,391.56,392.36,390.2,390.7003,0
2026-07-31T10:00:00.000Z,390.89,392.44,390.53,391.96,0
2026-07-31T10:30:00.000Z,391.96,392.45,391.5,392.3,0
2026-07-31T11:00:00.000Z,392.3,394.54,391.5,392.7789,0
2026-07-31T11:30:00.000Z,392.75,393,392.03,392.66,0
2026-07-31T12:00:00.000Z,393,393,390.29,391.55,0
2026-07-31T12:30:00.000Z,391.11,391.84,390.3,391.3005,0
2026-07-31T13:00:00.000Z,391,395.8,390.1,394.9525,0
2026-07-31T13:30:00.000Z,394.3900146484375,399.9200134277344,383.2514953613281,386.55999755859375,3237658
2026-07-31T14:00:00.000Z,386.5400085449219,387.0899963378906,379.7099914550781,382.7449951171875,1321892
2026-07-31T14:30:00.000Z,382.8599853515625,389.1700134277344,382.5199890136719,387.8599853515625,1326000
2026-07-31T15:00:00.000Z,387.92999267578125,388.393798828125,382.5,384.1000061035156,822015
2026-07-31T15:30:00.000Z,384.125,387.8500061035156,383.54998779296875,385.7099914550781,752424
2026-07-31T16:00:00.000Z,385.5899963378906,387.9700012207031,384.42999267578125,387.95001220703125,686617
2026-07-31T16:30:00.000Z,388,388.875,386.44000244140625,387.9549865722656,478482
2026-07-31T17:00:00.000Z,388,390.5,387.57000732421875,390.2149963378906,640146
2026-07-31T17:30:00.000Z,390.2149963378906,390.6318054199219,388.0400085449219,388.715087890625,569326
2026-07-31T18:00:00.000Z,388.7149963378906,388.82989501953125,387.239990234375,388.5299987792969,630501
2026-07-31T18:30:00.000Z,388.5899963378906,389.42999267578125,387.8599853515625,388.3900146484375,394743
2026-07-31T19:00:00.000Z,388.3800048828125,389.0994873046875,386.82000732421875,388.364990234375,694246
2026-07-31T19:30:00.000Z,388.3599853515625,391.2496032714844,387.6199951171875,389.2799987792969,2372602
2026-07-31T20:00:00.000Z,389.28,390,388.15,388.5,0
2026-07-31T20:30:00.000Z,388.49,389.52,387.92,387.92,0
2026-07-31T21:00:00.000Z,388.0116,389.28,387.92,388,0
2026-07-31T21:30:00.000Z,388.152,389,387.6,387.6,0
2026-07-31T22:00:00.000Z,387.56,387.7,386.5001,386.58,0
2026-07-31T22:30:00.000Z,386.5,389.28,386.5,387.5,0
2026-07-31T23:00:00.000Z,387.35,388,387.1,387.34,0
2026-07-31T23:30:00.000Z,387.38,387.97,387,387.4499,0
2026-08-03T08:00:00.000Z,391.2792,394.887,388.4367,389.27,0
2026-08-03T08:30:00.000Z,389.34,392.7322,388.0312,392.7322,0
2026-08-03T09:00:00.000Z,391.9,393.08,390.2571,390.35,0
2026-08-03T09:30:00.000Z,390.35,391.2225,389.28,390.77,0
2026-08-03T10:00:00.000Z,390.77,391.0287,386.56,388.7,0
2026-08-03T10:30:00.000Z,388.7,390.762,388,390,0
2026-08-03T11:00:00.000Z,390.13,390.6,387.02,387.02,0
2026-08-03T11:30:00.000Z,387.92,388.4888,384.5,385.0992,0
2026-08-03T12:00:00.000Z,385.2575,386.93,383,386.93,0
2026-08-03T12:30:00.000Z,386.14,386.93,384.68,385.5,0
2026-08-03T13:00:00.000Z,385.23,386.99,382.28,384.04,0
2026-08-03T13:30:00.000Z,384.4049987792969,385.3699951171875,374.6099853515625,379.9960021972656,2698885
2026-08-03T14:00:00.000Z,379.864990234375,382.89990234375,376.55999755859375,381.5050048828125,1202513
2026-08-03T14:30:00.000Z,381.5050048828125,388.5,380.82000732421875,387.8424987792969,1185818
2026-08-03T15:00:00.000Z,387.8900146484375,389.3699951171875,386.7850036621094,386.9599914550781,900238
2026-08-03T15:30:00.000Z,386.9750061035156,389.1600036621094,386.67999267578125,388.3900146484375,819401
2026-08-03T16:00:00.000Z,388.260009765625,389.7950134277344,387.7900085449219,388.75,726878
2026-08-03T16:30:00.000Z,388.8500061035156,389.0249938964844,387.5,388.2950134277344,1403786
2026-08-03T17:00:00.000Z,388.2200012207031,390.2049865722656,388.0199890136719,389.6400146484375,676022
2026-08-03T17:30:00.000Z,389.6099853515625,390.6400146484375,388.8699951171875,390.4765930175781,487403
2026-08-03T18:00:00.000Z,390.4750061035156,392.4700012207031,390.0199890136719,390.3399963378906,681011
2026-08-03T18:30:00.000Z,390.44989013671875,392.6050109863281,390.3599853515625,391.260009765625,687052
2026-08-03T19:00:00.000Z,391.20001220703125,392.2900085449219,390.7699890136719,391.2300109863281,653090
2026-08-03T19:30:00.000Z,391.25,392.55999755859375,390.5799865722656,392.3699951171875,1354910
2026-08-03T20:00:00.000Z,392.23,392.6,391.56,392.1465,0
2026-08-03T20:30:00.000Z,392.14,392.58,391.31,392,0
2026-08-03T21:00:00.000Z,391.95,416.9078,391.95,392.28,0
2026-08-03T21:30:00.000Z,392.28,392.4788,386.61,392.3,0
2026-08-03T22:00:00.000Z,392.29,393,391.68,391.8069,0
2026-08-03T22:30:00.000Z,391.8069,392.39,391.49,391.81,0
2026-08-03T23:00:00.000Z,391.81,392.23,391.52,391.82,0
2026-08-03T23:30:00.000Z,391.6097,392.23,391.6,392.1969,0
2026-08-04T08:00:00.000Z,394.7988,397.75,391,396.77,0
2026-08-04T08:30:00.000Z,396.51,396.9988,394.25,395.66,0
2026-08-04T09:00:00.000Z,395.42,395.55,393.27,394.15,0
2026-08-04T09:30:00.000Z,395,396,394.2228,395.23,0
2026-08-04T10:00:00.000Z,395.5,399.8,395,399.2,0
2026-08-04T10:30:00.000Z,399.3,401.2,398.43,399.62,0
2026-08-04T11:00:00.000Z,399,402.59,398.46,402.1782,0
2026-08-04T11:30:00.000Z,402.5,403.81,401,403.2,0
2026-08-04T12:00:00.000Z,403.0775,403.8001,401.99,403.05,0
2026-08-04T12:30:00.000Z,403,403.2,401,401.3,0
2026-08-04T13:00:00.000Z,401.4575,404.17,401.3,402.4,0
2026-08-04T13:30:00.000Z,402.9700012207031,412.385009765625,400.67999267578125,409.0150146484375,4357783
2026-08-04T14:00:00.000Z,409.3299865722656,412.2099914550781,407.5199890136719,411.8699951171875,1848470
2026-08-04T14:30:00.000Z,411.82000732421875,412.9700012207031,408.94500732421875,409.9849853515625,1551952
2026-08-04T15:00:00.000Z,409.9010009765625,414.1400146484375,409.1099853515625,412.5151062011719,1483284
2026-08-04T15:30:00.000Z,412.4700012207031,416.489990234375,412.30029296875,416.1499938964844,1319236
2026-08-04T16:00:00.000Z,416.1499938964844,416.67999267578125,415.19000244140625,415.6199951171875,997344
2026-08-04T16:30:00.000Z,415.6300048828125,416.6499938964844,415.3908996582031,416.55999755859375,891345
2026-08-04T17:00:00.000Z,416.55999755859375,419.44061279296875,416.55999755859375,419.1099853515625,1048003
2026-08-04T17:30:00.000Z,419.1600036621094,422.06500244140625,418.70001220703125,421.42999267578125,1397640
2026-08-04T18:00:00.000Z,421.3900146484375,421.7200012207031,420.1700134277344,421.3299865722656,1066215
2026-08-04T18:30:00.000Z,421.3299865722656,421.79998779296875,419.8599853515625,420.05999755859375,846508
2026-08-04T19:00:00.000Z,420.05999755859375,421.9700012207031,420.05999755859375,420.3999938964844,1294979
2026-08-04T19:30:00.000Z,420.4100036621094,420.6799011230469,417.739990234375,418.07501220703125,3050817
2026-08-04T20:00:00.000Z,418.16,419.5,413.72,414.5148,0
2026-08-04T20:30:00.000Z,414.0755,418.16,412.6,416.12,0
2026-08-04T21:00:00.000Z,416.12,416.8,415.25,415.5,0
2026-08-04T21:30:00.000Z,415.29,420.3312,395.1636,416.5,0
2026-08-04T22:00:00.000Z,416.4,418.16,415.75,416.77,0
2026-08-04T22:30:00.000Z,416.025,417.1935,415.75,416.66,0
2026-08-04T23:00:00.000Z,416.88,417.47,415.75,416.9472,0
2026-08-04T23:30:00.000Z,416.94,417.97,416.9,417.55,0
2026-08-05T08:00:00.000Z,419.69,421.57,415.38,415.73,0
2026-08-05T08:30:00.000Z,416.2705,416.2705,414,415.33,0
2026-08-05T09:00:00.000Z,415.72,416.21,415,415.88,0
2026-08-05T09:30:00.000Z,416.21,417.4,415.4521,416.57,0
2026-08-05T10:00:00.000Z,416.57,417.1188,415.77,416.21,0
2026-08-05T10:30:00.000Z,416.31,416.9688,415,415.6,0
2026-08-05T11:00:00.000Z,416.4,418.16,415.34,415.98,0
2026-08-05T11:30:00.000Z,415.8388,416.96,415.1,416.15,0
2026-08-05T12:00:00.000Z,416.29,416.58,415.2,416.4007,0
2026-08-05T12:30:00.000Z,416.42,417.58,415.5267,416.09,0
2026-08-05T13:00:00.000Z,416.11,423.0587,413.56,422.39,0
2026-08-05T13:30:00.000Z,422.3399963378906,427,419.4700012207031,422.2699890136719,2899082
2026-08-05T14:00:00.000Z,422.1700134277344,424.25,420,421.8299865722656,1095928
2026-08-05T14:30:00.000Z,421.7699890136719,421.80499267578125,418.8599853515625,420.4750061035156,1028959
2026-08-05T15:00:00.000Z,420.5400085449219,421.20001220703125,418.8599853515625,419.8900146484375,696421
2026-08-05T15:30:00.000Z,419.7449951171875,422.5899963378906,418,418.6050109863281,776024
2026-08-05T16:00:00.000Z,418.54998779296875,421.17919921875,418.2401123046875,421.07000732421875,623761
2026-08-05T16:30:00.000Z,421.05499267578125,422.17999267578125,419.79638671875,421.2149963378906,594209
2026-08-05T17:00:00.000Z,421.2099914550781,421.42999267578125,419.5,419.760009765625,484022
2026-08-05T17:30:00.000Z,419.7799987792969,420.9800109863281,419.510009765625,420.7200012207031,326203
2026-08-05T18:00:00.000Z,420.80999755859375,421.75,420.3299865722656,421.5050048828125,453406
2026-08-05T18:30:00.000Z,421.5350036621094,421.7900085449219,420.3900146484375,421.0400085449219,330200
2026-08-05T19:00:00.000Z,421.1499938964844,422.7900085449219,421.010009765625,422.42498779296875,615100
2026-08-05T19:30:00.000Z,422.3949890136719,422.7200012207031,416.92999267578125,418.3710021972656,2322140
2026-08-05T20:00:00.000Z,418.28,420.4,416.6,418.3549,0
2026-08-05T20:30:00.000Z,418.563,420.9,414.3502,420.15,0
2026-08-05T21:00:00.000Z,420.0352,420.485,414.3502,420.0307,0
2026-08-05T21:30:00.000Z,420.006,420.26,418.28,419.8,0
2026-08-05T22:00:00.000Z,420,421.54,418.28,420.8395,0
2026-08-05T22:30:00.000Z,421,422,420.025,421.1597,0
2026-08-05T23:00:00.000Z,421.19,421.8903,420.6,421.449,0
2026-08-05T23:30:00.000Z,421.44,421.7539,420.3,421,0
2026-08-06T08:00:00.000Z,419.3017,420.6958,416.06,417.94,0
2026-08-06T08:30:00.000Z,418,418.9,417.6,418.7,0
2026-08-06T09:00:00.000Z,418.5,418.52,416.69,417.93,0
2026-08-06T09:30:00.000Z,417.8313,419,417.01,418.89,0
2026-08-06T10:00:00.000Z,419.5,419.5,418.4,418.7512,0
2026-08-06T10:30:00.000Z,419.2267,419.48,418,418.07,0
2026-08-06T11:00:00.000Z,418.225,419.2707,417,419.2707,0
2026-08-06T11:30:00.000Z,419.26,421.72,419.14,421,0
2026-08-06T12:00:00.000Z,421,421.19,418.75,419.82,0
2026-08-06T12:30:00.000Z,419.66,420.34,419.23,419.45,0
2026-08-06T13:00:00.000Z,419.5142,421.2,419.42,420.79,0
2026-08-06T13:30:00.000Z,420.5450134277344,420.6050109863281,410.760009765625,419.1199951171875,1860512
2026-08-06T14:00:00.000Z,419.510009765625,427.5799865722656,418.1300048828125,423.989990234375,1482920
2026-08-06T14:30:00.000Z,424.04998779296875,425.69000244140625,422.2099914550781,425.3999938964844,681535
2026-08-06T15:00:00.000Z,425.3900146484375,425.45001220703125,423.0400085449219,423.9700012207031,666006
2026-08-06T15:30:00.000Z,423.9849853515625,424.7699890136719,422.2200012207031,422.5150146484375,613987
2026-08-06T16:00:00.000Z,422.5350036621094,423.9100036621094,420.8399963378906,421.32000732421875,515678
2026-08-06T16:30:00.000Z,421.32000732421875,424.6400146484375,421.1600036621094,424.5899963378906,338025
2026-08-06T17:00:00.000Z,424.6499938964844,425.2349853515625,423.7510070800781,424.1099853515625,403038
2026-08-06T17:30:00.000Z,424.1099853515625,424.5799865722656,423.1300048828125,424.2900085449219,416236
2026-08-06T18:00:00.000Z,424.30999755859375,427,421,424.2349853515625,668348
2026-08-06T18:30:00.000Z,424.3299865722656,424.3299865722656,422.32000732421875,422.3349914550781,347257
2026-08-06T19:00:00.000Z,422.3507080078125,423.8949890136719,421.75,421.8299865722656,569104
2026-08-06T19:30:00.000Z,421.8550109863281,422.739990234375,420.07000732421875,420.4700012207031,1550744
2026-08-06T20:00:00.000Z,420.565,422.18,419.69,420.44,0
2026-08-06T20:30:00.000Z,419.96,421,401.915,420.5,0
2026-08-06T21:00:00.000Z,420.3965,420.9225,401.915,420.9,0
2026-08-06T21:30:00.000Z,420.7445,420.9,420.09,420.2175,0
2026-08-06T22:00:00.000Z,420.8105,422,420.2,421.9,0
2026-08-06T22:30:00.000Z,421.9812,422,420.64,421.49,0
2026-08-06T23:00:00.000Z,421.37,422,420.7733,421.5001,0
2026-08-06T23:30:00.000Z,421.5,422,421.2,422,0
2026-08-07T08:00:00.000Z,420.58,424.5,419.81,424.5,0
2026-08-07T08:30:00.000Z,424.5,424.5,422.59,422.93,0
2026-08-07T09:00:00.000Z,422.99,423.58,422,423.58,0
2026-08-07T09:30:00.000Z,423.13,423.46,422,422.4136,0
2026-08-07T10:00:00.000Z,422.41,422.985,422,422.4,0
2026-08-07T10:30:00.000Z,422.43,422.9835,422.01,422.01,0
2026-08-07T11:00:00.000Z,422.01,423.77,420.565,423.5486,0
2026-08-07T11:30:00.000Z,423.48,424.75,423.01,424.01,0
2026-08-07T12:00:00.000Z,424.25,425.9555,415.19,425.15,0
2026-08-07T12:30:00.000Z,425.98,429.61,425.2585,428.9223,0
2026-08-07T13:00:00.000Z,429,429.33,426.62,429.03,0
2026-08-07T13:30:00.000Z,428.7850036621094,430.82000732421875,424.1099853515625,425.2200012207031,1855348
2026-08-07T14:00:00.000Z,424.9849853515625,427.8699951171875,421.6099853515625,426.989990234375,1081010
2026-08-07T14:30:00.000Z,426.9849853515625,427,424.1700134277344,425.05999755859375,735579
2026-08-07T15:00:00.000Z,424.92498779296875,426.0849914550781,424.1400146484375,425.2850036621094,715832
2026-08-07T15:30:00.000Z,425.3399963378906,426.25,424.32000732421875,425.5299987792969,472963
2026-08-07T16:00:00.000Z,425.54998779296875,425.7200012207031,422.625,423.010009765625,434989
2026-08-07T16:30:00.000Z,423.010009765625,424.59991455078125,421.92999267578125,424.1300048828125,386855
2026-08-07T17:00:00.000Z,424.1050109863281,425.67498779296875,423.8599853515625,424.7300109863281,362331
2026-08-07T17:30:00.000Z,424.739990234375,425.19989013671875,424.1600036621094,424.7900085449219,272417
2026-08-07T18:00:00.000Z,424.7349853515625,424.9800109863281,424.1099853515625,424.17999267578125,295594
2026-08-07T18:30:00.000Z,424.1700134277344,425.8399963378906,424.07000732421875,425.70001220703125,393182
2026-08-07T19:00:00.000Z,425.6600036621094,427.6000061035156,425.6600036621094,426.54998779296875,724222
2026-08-07T19:30:00.000Z,426.5249938964844,428.260009765625,425.1600036621094,427.5249938964844,1969495
2026-08-07T20:00:00.000Z,427.76,428.13,426.82,427.23,0
2026-08-07T20:30:00.000Z,427.1596,427.76,426.85,427.09,0
2026-08-07T21:00:00.000Z,427.3,427.76,265.1097,425.24,0
2026-08-07T21:30:00.000Z,425.4871,427.76,424.525,425.57,0
2026-08-07T22:00:00.000Z,425.2,426,425.2,425.5,0
2026-08-07T22:30:00.000Z,425.5,426.65,425.25,425.6651,0
2026-08-07T23:00:00.000Z,425.52,426.0999,424.5,425.848,0
2026-08-07T23:30:00.000Z,425.922,426.7,425.238,426.65,0
2026-08-10T08:00:00.000Z,428.87,430.829,427.5132,430.23,0
2026-08-10T08:30:00.000Z,430.57,430.61,429.69,430.34,0
2026-08-10T09:00:00.000Z,430.48,430.98,430.1125,430.91,0
2026-08-10T09:30:00.000Z,430.71,430.8,430.0077,430.7454,0
2026-08-10T10:00:00.000Z,430.6,431,429.79,430.71,0
2026-08-10T10:30:00.000Z,430.64,431.06,430.1,431.06,0
2026-08-10T11:00:00.000Z,430.81,430.9,427.76,429.45,0
2026-08-10T11:30:00.000Z,429.85,430,429,429.4917,0
2026-08-10T12:00:00.000Z,429.49,429.92,428,428.46,0
2026-08-10T12:30:00.000Z,428.45,428.83,427.2,427.55,0
2026-08-10T13:00:00.000Z,427.78,431.9817,425.9,427,0
2026-08-10T13:30:00.000Z,428.3699951171875,432,427,428.5599060058594,1930532
2026-08-10T14:00:00.000Z,428.44000244140625,432.7300109863281,428.239990234375,430.3699951171875,1350930
2026-08-10T14:30:00.000Z,430.3699951171875,431.6000061035156,425.8599853515625,425.9100036621094,698933
2026-08-10T15:00:00.000Z,425.94000244140625,427.45001220703125,424.5,425.1600036621094,709035
2026-08-10T15:30:00.000Z,425.1000061035156,427.4800109863281,424.4700012207031,427.2699890136719,478734
2026-08-10T16:00:00.000Z,427.2950134277344,427.3999938964844,425.44000244140625,425.44000244140625,348195
2026-08-10T16:30:00.000Z,425.44000244140625,425.44000244140625,420.1600036621094,421.80999755859375,801279
2026-08-10T17:00:00.000Z,421.8299865722656,424.05499267578125,421.6700134277344,423.1300048828125,422238
2026-08-10T17:30:00.000Z,423.19000244140625,423.80999755859375,422.5816955566406,423.5950012207031,352341
2026-08-10T18:00:00.000Z,423.510009765625,424.389892578125,423.04010009765625,423.8299865722656,306690
2026-08-10T18:30:00.000Z,423.8299865722656,424.760009765625,423.5011901855469,424.3900146484375,409844
2026-08-10T19:00:00.000Z,424.3900146484375,425.1000061035156,424.2099914550781,424.7900085449219,558821
2026-08-10T19:30:00.000Z,424.81500244140625,425.010009765625,421.739990234375,422.25,1830129
2026-08-10T20:00:00.000Z,422.249,425.246,421.99,422.15,0
2026-08-10T20:30:00.000Z,422.2305,422.57,421.3,421.9101,0
2026-08-10T21:00:00.000Z,422.24,422.4,421.5,421.91,0
2026-08-10T21:30:00.000Z,421.71,422.2,421.6,422.18,0
2026-08-10T22:00:00.000Z,422.19,423.5157,421.62,422.5333,0
2026-08-10T22:30:00.000Z,422.83,423.5,422,422.78,0
2026-08-10T23:00:00.000Z,422.1026,423.1,422,422.1578,0
2026-08-10T23:30:00.000Z,422.1575,423.5,422.01,422.34,0
2026-08-11T08:00:00.000Z,423.39,424.8775,422.4,423,0
2026-08-11T08:30:00.000Z,423,424.139,422.58,423.18,0
2026-08-11T09:00:00.000Z,422.7512,423.3147,422.1,422.72,0
2026-08-11T09:30:00.000Z,422.1195,422.88,422.1,422.67,0
2026-08-11T10:00:00.000Z,422.4,423.99,422.1,423.89,0
2026-08-11T10:30:00.000Z,423.63,424.32,423.219,424.2562,0
2026-08-11T11:00:00.000Z,423.755,425.67,422.4,424.1,0
2026-08-11T11:30:00.000Z,424.26,425.1982,423.83,424.56,0
2026-08-11T12:00:00.000Z,424.7932,425.5,424.25,424.38,0
2026-08-11T12:30:00.000Z,424.26,425.4027,424.26,424.53,0
2026-08-11T13:00:00.000Z,424.4932,427.08,422.4,426.7,0
2026-08-11T13:30:00.000Z,426.4549865722656,426.5320129394531,418.010009765625,420.32000732421875,1327280
2026-08-11T14:00:00.000Z,420.4700012207031,422.6300048828125,419.60009765625,422.5899963378906,805758
2026-08-11T14:30:00.000Z,422.5350036621094,422.94989013671875,421.1600036621094,422.4775085449219,446180
2026-08-11T15:00:00.000Z,422.5,422.8236999511719,420.20001220703125,420.5249938964844,422883
2026-08-11T15:30:00.000Z,420.5625,420.8399963378906,418.8599853515625,419.3550109863281,647680
2026-08-11T16:00:00.000Z,419.3599853515625,420.07989501953125,418.6861877441406,419.32000732421875,305128
2026-08-11T16:30:00.000Z,419.32000732421875,419.6300048828125,418.20001220703125,418.7699890136719,333168
2026-08-11T17:00:00.000Z,418.7749938964844,418.9898986816406,417.689208984375,418.20001220703125,393533
2026-08-11T17:30:00.000Z,418.2149963378906,418.2900085449219,417.3599853515625,417.864990234375,498090
2026-08-11T18:00:00.000Z,417.8009948730469,418.0400085449219,414.3399963378906,414.7699890136719,928981
2026-08-11T18:30:00.000Z,414.7300109863281,415.0299987792969,413.239990234375,414.2200012207031,874419
2026-08-11T19:00:00.000Z,414.2900085449219,414.4849853515625,413.32000732421875,413.9649963378906,513894
2026-08-11T19:30:00.000Z,413.9649963378906,416.5299987792969,413.8999938964844,415.8599853515625,1437496
2026-08-11T20:00:00.000Z,415.88,416.91,415,416.75,0
2026-08-11T20:30:00.000Z,416.5844,416.75,415,416.44,0
2026-08-11T21:00:00.000Z,416.5,416.5549,416.08,416.49,0
2026-08-11T21:30:00.000Z,416.49,416.49,416,416.13,0
2026-08-11T22:00:00.000Z,416.28,416.2977,415,416.2977,0
2026-08-11T22:30:00.000Z,416.1666,416.6,416.01,416.538,0
2026-08-11T23:00:00.000Z,416.49,416.62,416.13,416.33,0
2026-08-11T23:30:00.000Z,416.3,416.62,416.17,416.62,0
2026-08-12T08:00:00.000Z,417,419.65,416,419,0
2026-08-12T08:30:00.000Z,419,419.145,417.76,418.7708,0
2026-08-12T09:00:00.000Z,418.75,420.5,418.39,420,0
2026-08-12T09:30:00.000Z,419.79,420.5,419.1041,419.4882,0
2026-08-12T10:00:00.000Z,419.47,420.19,419.45,420.18,0
2026-08-12T10:30:00.000Z,420,420.4988,419.24,419.9,0
2026-08-12T11:00:00.000Z,419.765,420.72,419.63,420.6246,0
2026-08-12T11:30:00.000Z,420.71,421.58,420.2,421,0
2026-08-12T12:00:00.000Z,421.09,423.79,420.76,423,0
2026-08-12T12:30:00.000Z,423,424.99,420,424.69,0
2026-08-12T13:00:00.000Z,424.7265,426.74,394.0901,426.56,0
2026-08-12T13:30:00.000Z,426.2550048828125,426.5,417.760009765625,421.5299987792969,1997984
2026-08-12T14:00:00.000Z,421.4599914550781,424.5,420.4800109863281,422.8399963378906,844805
2026-08-12T14:30:00.000Z,422.8399963378906,422.8900146484375,420.2200012207031,422.3399963378906,893268
2026-08-12T15:00:00.000Z,422.2900085449219,422.2900085449219,418.489990234375,419.29998779296875,515408
2026-08-12T15:30:00.000Z,419.4200134277344,420.32000732421875,418.80999755859375,419.3800048828125,459935
2026-08-12T16:00:00.000Z,419.57000732421875,419.9898986816406,418.6300048828125,419.32501220703125,543593
2026-08-12T16:30:00.000Z,419.3349914550781,419.8900146484375,418.8900146484375,419.17999267578125,322889
2026-08-12T17:00:00.000Z,419.1661071777344,419.8800048828125,418.5,418.6499938964844,365367
2026-08-12T17:30:00.000Z,418.69500732421875,419.1300048828125,418.6000061035156,418.67498779296875,437212
2026-08-12T18:00:00.000Z,418.67498779296875,418.7073974609375,417.1400146484375,417.9460144042969,522894
2026-08-12T18:30:00.000Z,417.9049987792969,418.2900085449219,416.69000244140625,416.69000244140625,490598
2026-08-12T19:00:00.000Z,416.69000244140625,417.947998046875,415.6199951171875,415.69500732421875,629726
2026-08-12T19:30:00.000Z,415.69000244140625,416.0799865722656,414.6099853515625,416.0400085449219,1421944
2026-08-12T20:00:00.000Z,416.05,417.2,415.3,415.88,0
2026-08-12T20:30:00.000Z,415.86,416.05,415.25,415.48,0
2026-08-12T21:00:00.000Z,415.48,416.05,415.26,416,0
2026-08-12T21:30:00.000Z,415.9884,416.19,415.7,415.9361,0
2026-08-12T22:00:00.000Z,415.95,416,415.0326,415.15,0
2026-08-12T22:30:00.000Z,415.45,415.45,415,415.3515,0
2026-08-12T23:00:00.000Z,415.35,415.86,415.02,415.44,0
2026-08-12T23:30:00.000Z,415.4,415.69,415,415.2222,0
2026-08-13T08:00:00.000Z,416.92,417.99,415.3,416.1,0
2026-08-13T08:30:00.000Z,416.13,416.99,416,416.29,0
2026-08-13T09:00:00.000Z,416.3711,416.45,415.2592,415.64,0
2026-08-13T09:30:00.000Z,415.69,416.28,415.31,416,0
2026-08-13T10:00:00.000Z,416.07,416.45,415.4262,416.4397,0
2026-08-13T10:30:00.000Z,415.93,416.99,415.93,416.99,0
2026-08-13T11:00:00.000Z,416.495,416.99,416,416.18,0
2026-08-13T11:30:00.000Z,416.18,416.5,415.53,415.997,0
2026-08-13T12:00:00.000Z,415.76,416,414.8,415.24,0
2026-08-13T12:30:00.000Z,415.25,416.2,414.9,416,0
2026-08-13T13:00:00.000Z,416,416.74,415.6,416.02,0
2026-08-13T13:30:00.000Z,415.80499267578125,424.9200134277344,411.4100036621094,424.4200134277344,2344473
2026-08-13T14:00:00.000Z,424.3999938964844,424.44000244140625,420.8500061035156,423.04998779296875,996789
2026-08-13T14:30:00.000Z,422.9800109863281,424.5,422.80010986328125,423.57000732421875,569500
2026-08-13T15:00:00.000Z,423.5899963378906,424.5,422.6300048828125,422.8900146484375,586352
2026-08-13T15:30:00.000Z,422.8800048828125,423.489990234375,421.0799865722656,421.5799865722656,574430
2026-08-13T16:00:00.000Z,421.54998779296875,422.8999938964844,421.1700134277344,421.9755859375,387222
2026-08-13T16:30:00.000Z,422.0899963378906,422.30499267578125,420.489990234375,420.7799987792969,428973
2026-08-13T17:00:00.000Z,420.8299865722656,422.6400146484375,420.8299865722656,421.864990234375,394056
2026-08-13T17:30:00.000Z,421.80999755859375,422.21990966796875,420.1099853515625,420.2699890136719,374104
2026-08-13T18:00:00.000Z,420.25,420.5899963378906,419.3074951171875,419.4700012207031,506336
2026-08-13T18:30:00.000Z,419.6300048828125,422.1499938964844,419.5519104003906,420.8599853515625,590603
2026-08-13T19:00:00.000Z,420.79998779296875,421.6449890136719,419.4800109863281,419.4800109863281,547042
2026-08-13T19:30:00.000Z,419.4599914550781,419.7499084472656,417.1000061035156,417.8500061035156,1527740
2026-08-13T20:00:00.000Z,417.82,419.58,417.18,418.3706,0
2026-08-13T20:30:00.000Z,418.4,419.85,417.82,419.3,0
2026-08-13T21:00:00.000Z,419.3,419.65,417.82,419.65,0
2026-08-13T21:30:00.000Z,419.1337,419.75,419.1337,419.5,0
2026-08-13T22:00:00.000Z,419.5084,419.75,417.82,419.3,0
2026-08-13T22:30:00.000Z,419.1255,419.5,419.1,419.12,0
2026-08-13T23:00:00.000Z,419.12,419.4,418.55,418.68,0
2026-08-13T23:30:00.000Z,418.7,419.4,418.31,418.52,0
2026-08-14T08:00:00.000Z,417.6282,418.4988,416.75,417.81,0
2026-08-14T08:30:00.000Z,417.8,418.35,417.2137,417.3172,0
2026-08-14T09:00:00.000Z,417.3067,418.1755,417.23,417.5,0
2026-08-14T09:30:00.000Z,417.38,417.82,417.2,417.55,0
2026-08-14T10:00:00.000Z,417.55,418.1,417.2,417.4,0
2026-08-14T10:30:00.000Z,417.4,418,417.15,417.69,0
2026-08-14T11:00:00.000Z,417.745,419,417.69,418.28,0
2026-08-14T11:30:00.000Z,418.5,419.8,418.3,419.21,0
2026-08-14T12:00:00.000Z,419.1152,419.22,417.5,418.8617,0
2026-08-14T12:30:00.000Z,418.5833,419.7988,418.5833,419.2552,0
2026-08-14T13:00:00.000Z,419.37,419.54,411.72,412,0
2026-08-14T13:30:00.000Z,411.9599914550781,412.5,397.75,399.9100036621094,4211369
2026-08-14T14:00:00.000Z,399.6499938964844,401.79998779296875,395.1099853515625,397.05499267578125,3019137
2026-08-14T14:30:00.000Z,397.05499267578125,399.4671936035156,396.1400146484375,396.2149963378906,1615635
2026-08-14T15:00:00.000Z,396.2699890136719,396.42999267578125,392.80499267578125,393.8900146484375,1919275
2026-08-14T15:30:00.000Z,393.9150085449219,394.78240966796875,392.8500061035156,394.6400146484375,1070945
2026-08-14T16:00:00.000Z,394.510009765625,395.8900146484375,394.260009765625,394.75799560546875,993978
2026-08-14T16:30:00.000Z,394.8349914550781,394.92999267578125,392.8999938964844,392.9549865722656,977716
2026-08-14T17:00:00.000Z,392.9599914550781,393.4700012207031,390.3599853515625,390.54998779296875,1439117
2026-08-14T17:30:00.000Z,390.5799865722656,391.739990234375,389.010009765625,389.5799865722656,1442731
2026-08-14T18:00:00.000Z,389.5580139160156,389.885009765625,388.5,389.1700134277344,1626365
2026-08-14T18:30:00.000Z,389.1449890136719,390.9700012207031,389.0199890136719,389.6700134277344,1287436
2026-08-14T19:00:00.000Z,389.7200012207031,392.6000061035156,389.4599914550781,392.4599914550781,1506732
2026-08-14T19:30:00.000Z,392.4549865722656,394.3299865722656,391.9100036621094,393.04998779296875,4138727
2026-08-14T20:00:00.000Z,392.99,393.8,392.245,393.4355,0
2026-08-14T20:30:00.000Z,393.45,393.52,392.99,393.42,0
2026-08-14T21:00:00.000Z,393.4,393.75,392.99,393.6,0
2026-08-14T21:30:00.000Z,393.5925,393.9,392.99,393.6,0
2026-08-14T22:00:00.000Z,393.6,393.73,393.42,393.679,0
2026-08-14T22:30:00.000Z,393.6794,393.75,393.2782,393.4,0
2026-08-14T23:00:00.000Z,393.4,393.83,393.21,393.5999,0
2026-08-14T23:30:00.000Z,393.599,393.7,393.31,393.52,0
2026-08-17T08:00:00.000Z,395.73,398.51,395.4005,397.96,0
2026-08-17T08:30:00.000Z,398.14,398.57,397.5,397.9937,0
2026-08-17T09:00:00.000Z,397.88,397.97,397,397.15,0
2026-08-17T09:30:00.000Z,397.14,397.99,397.0132,397.53,0
2026-08-17T10:00:00.000Z,397.5637,397.99,397.1398,397.8468,0
2026-08-17T10:30:00.000Z,397.51,397.99,397.2,397.36,0
2026-08-17T11:00:00.000Z,397.34,397.63,392.99,397.11,0
2026-08-17T11:30:00.000Z,397.39,397.48,396.8,397.0006,0
2026-08-17T12:00:00.000Z,397.1,397.9,396.0415,397.0747,0
2026-08-17T12:30:00.000Z,397.34,397.36,395.5,396.35,0
2026-08-17T13:00:00.000Z,396.35,397.99,395.4,397.24,0
2026-08-17T13:30:00.000Z,397.0799865722656,397.95001220703125,392.05010986328125,393.4200134277344,3187231
2026-08-17T14:00:00.000Z,393.4200134277344,395.70001220703125,392.4599914550781,395.5350036621094,1350230
2026-08-17T14:30:00.000Z,395.5902099609375,398.15869140625,394.7200927734375,397.5199890136719,1274611
2026-08-17T15:00:00.000Z,397.6000061035156,397.6600036621094,394.110107421875,394.6098937988281,1534123
2026-08-17T15:30:00.000Z,394.6400146484375,399.3599853515625,394.1199951171875,398.53009033203125,1326014
2026-08-17T16:00:00.000Z,398.67999267578125,398.739990234375,396,397.1202087402344,993929
2026-08-17T16:30:00.000Z,397.1449890136719,398.17999267578125,396.2099914550781,397.7699890136719,607181
2026-08-17T17:00:00.000Z,397.7099914550781,397.7898864746094,395.8200988769531,396.79998779296875,530120
2026-08-17T17:30:00.000Z,396.8395080566406,397.44000244140625,395.1000061035156,395.1000061035156,694221
2026-08-17T18:00:00.000Z,395.1700134277344,395.2699890136719,393.9200134277344,394.2669982910156,666237
2026-08-17T18:30:00.000Z,394.260009765625,394.5199890136719,393.42999267578125,393.93499755859375,611058
2026-08-17T19:00:00.000Z,393.9700012207031,393.9800109863281,392.82000732421875,392.9599914550781,754665
2026-08-17T19:30:00.000Z,392.91009521484375,393.69000244140625,391.3299865722656,392.45001220703125,2253339
2026-08-17T20:00:00.000Z,392.43,418.28,391.8,392.4625,0
2026-08-17T20:30:00.000Z,392.47,392.55,392.25,392.5,0
2026-08-17T21:00:00.000Z,392.5,392.55,392.2552,392.45,0
2026-08-17T21:30:00.000Z,392.4489,400.27,392.36,392.4983,0
2026-08-17T22:00:00.000Z,392.4946,392.68,392.25,392.5988,0
2026-08-17T22:30:00.000Z,392.5936,392.68,392.45,392.62,0
2026-08-17T23:00:00.000Z,392.6,392.99,392.5017,392.6598,0
2026-08-17T23:30:00.000Z,392.65,392.99,392.65,392.84,0
2026-08-18T08:00:00.000Z,389.1825,392.43,385.27,385.99,0
2026-08-18T08:30:00.000Z,385.88,387,385.42,385.81,0
2026-08-18T09:00:00.000Z,385.84,386.1988,385.0242,385.4,0
2026-08-18T09:30:00.000Z,385.69,386.27,385.1,386.159,0
2026-08-18T10:00:00.000Z,386.15,386.4,384.7,384.75,0
2026-08-18T10:30:00.000Z,385.28,386.76,384.9,386.4,0
2026-08-18T11:00:00.000Z,386.52,386.8,385.68,386.5792,0
2026-08-18T11:30:00.000Z,386.7,387,385.5,386.3,0
2026-08-18T12:00:00.000Z,386.9337,393.555,386.25,386.49,0
2026-08-18T12:30:00.000Z,386.31,386.75,383.75,384.81,0
2026-08-18T13:00:00.000Z,384.71,385.69,384,384.16,0
2026-08-18T13:30:00.000Z,384.31500244140625,385.7821044921875,378.3500061035156,379.55999755859375,3441541
2026-08-18T14:00:00.000Z,379.4200134277344,380.30999755859375,377.010009765625,378.8800048828125,1651121
2026-08-18T14:30:00.000Z,378.7449951171875,380,378.1499938964844,378.4100036621094,1252823
2026-08-18T15:00:00.000Z,378.4200134277344,380.0249938964844,377.0199890136719,379.7449951171875,1398619
2026-08-18T15:30:00.000Z,379.7449951171875,381.79998779296875,379.5201110839844,381.54998779296875,967087
2026-08-18T16:00:00.000Z,381.5400085449219,381.739990234375,380.2799987792969,380.5350036621094,720501
2026-08-18T16:30:00.000Z,380.510009765625,381.57000732421875,380.4200134277344,381.04998779296875,568077
2026-08-18T17:00:00.000Z,381.0199890136719,381.5,380.5,381.5,560905
2026-08-18T17:30:00.000Z,381.4750061035156,381.760009765625,380.0199890136719,380.07501220703125,574371
2026-08-18T18:00:00.000Z,380.1400146484375,381.1499938964844,379.6700134277344,379.79998779296875,918747
2026-08-18T18:30:00.000Z,379.7200012207031,380.239990234375,378.4200134277344,378.7749938964844,694873
2026-08-18T19:00:00.000Z,378.7699890136719,379.739990234375,378.54998779296875,379.3810119628906,757562
2026-08-18T19:30:00.000Z,379.3800048828125,380.0199890136719,378.29998779296875,380.010009765625,3068788
2026-08-18T20:00:00.000Z,380,380.85,379.83,380.84,0
2026-08-18T20:30:00.000Z,380.7,395.1636,380,380.2375,0
2026-08-18T21:00:00.000Z,380.2553,380.49,380,380.15,0
2026-08-18T21:30:00.000Z,380.11,380.11,379.76,379.9744,0
2026-08-18T22:00:00.000Z,380.11,380.65,379.618,379.618,0
2026-08-18T22:30:00.000Z,379.79,380,378.8,379,0
2026-08-18T23:00:00.000Z,379.38,380.5,378.84,380.17,0
2026-08-18T23:30:00.000Z,379.89,380.5,379.37,379.9273,0
2026-08-19T08:00:00.000Z,380.4197,383,377.38,381.3668,0
2026-08-19T08:30:00.000Z,380.69,381.7,380.071,380.72,0
2026-08-19T09:00:00.000Z,380.76,381.13,378.29,379.67,0
2026-08-19T09:30:00.000Z,380.1897,380.7,379.035,380.27,0
2026-08-19T10:00:00.000Z,380.27,380.4452,378.4686,379.26,0
2026-08-19T10:30:00.000Z,379.4,380.84,378.96,379.8316,0
2026-08-19T11:00:00.000Z,379.8,381.55,379.28,380.25,0
2026-08-19T11:30:00.000Z,380.05,380.6,379.01,379.8,0
2026-08-19T12:00:00.000Z,379.81,381.01,366.08,367,0
2026-08-19T12:30:00.000Z,367.01,373.68,359.39,370.93,0
2026-08-19T13:00:00.000Z,370.8,372,367.28,371.46,0
2026-08-19T13:30:00.000Z,371.6600036621094,373.9100036621094,359.68499755859375,362.1199951171875,7843944
2026-08-19T14:00:00.000Z,362.19000244140625,362.25,357.80999755859375,359.7449951171875,3149637
2026-08-19T14:30:00.000Z,359.69500732421875,362.20001220703125,357.610107421875,361.7749938964844,2409987
2026-08-19T15:00:00.000Z,361.8399963378906,362.69000244140625,360.1600036621094,362.44000244140625,1916774
2026-08-19T15:30:00.000Z,362.44000244140625,363.3299865722656,361,363.239990234375,1409976
2026-08-19T16:00:00.000Z,363.1549987792969,365.42498779296875,362.7200012207031,365.1099853515625,1676654
2026-08-19T16:30:00.000Z,365.1099853515625,365.3299865722656,362.8900146484375,363.6000061035156,1164296
2026-08-19T17:00:00.000Z,363.6099853515625,365.19000244140625,363.4100036621094,364.2701110839844,964687
2026-08-19T17:30:00.000Z,364.2701110839844,365.07000732421875,363.55999755859375,363.7550048828125,1038241
2026-08-19T18:00:00.000Z,363.7550048828125,364.489990234375,362.0299987792969,363.4150085449219,1314807
2026-08-19T18:30:00.000Z,363.4150085449219,365.7799987792969,363.4150085449219,364.12799072265625,1410174
2026-08-19T19:00:00.000Z,364.1199951171875,365.29998779296875,363.7506103515625,363.8550109863281,1326252
2026-08-19T19:30:00.000Z,363.8900146484375,364.55999755859375,361.2900085449219,362.4800109863281,4414834
2026-08-19T20:00:00.000Z,362.48,387.84,361.53,363.51,0
2026-08-19T20:30:00.000Z,363.5195,364.5,356.5802,364.3983,0
2026-08-19T21:00:00.000Z,364.3,365,338.7267,364.29,0
2026-08-19T21:30:00.000Z,364.29,364.45,363.8,364.34,0
2026-08-19T22:00:00.000Z,364.34,365.8,362.48,364.8,0
2026-08-19T22:30:00.000Z,364.98,366,364.68,365.54,0
2026-08-19T23:00:00.000Z,365.54,366,365.1,365.7,0
2026-08-19T23:30:00.000Z,365.5,366.43,365.24,365.8,0
2026-08-20T08:00:00.000Z,368.975,369.2835,362.48,365.35,0
2026-08-20T08:30:00.000Z,365.5,366,364.1,364.76,0
2026-08-20T09:00:00.000Z,364.7,366.7492,364.6,366,0
2026-08-20T09:30:00.000Z,366.7788,366.7788,365.34,366.26,0
2026-08-20T10:00:00.000Z,366.3,366.8,366,366.4,0
2026-08-20T10:30:00.000Z,366.3698,366.8,365.55,366.55,0
2026-08-20T11:00:00.000Z,366.64,366.95,362.48,363.98,0
2026-08-20T11:30:00.000Z,363.91,364.67,362.21,362.8502,0
2026-08-20T12:00:00.000Z,362.7,363.35,360.8,362,0
2026-08-20T12:30:00.000Z,361.86,364.49,361,364,0
2026-08-20T13:00:00.000Z,363.9,367,363.63,364.67,0
2026-08-20T13:30:00.000Z,364.2349853515625,367.1199951171875,362.5799865722656,363.29998779296875,3114499
2026-08-20T14:00:00.000Z,363.32501220703125,366.20989990234375,362.2500915527344,365.80499267578125,1370393
2026-08-20T14:30:00.000Z,365.70001220703125,366.75,365.19500732421875,365.8299865722656,873352
2026-08-20T15:00:00.000Z,365.8949890136719,366.4800109863281,363.2300109863281,363.75,785677
2026-08-20T15:30:00.000Z,363.75,364.20001220703125,362.8699951171875,363.7799987792969,733179
2026-08-20T16:00:00.000Z,363.739990234375,364.4798889160156,363.2300109863281,363.81500244140625,524484
2026-08-20T16:30:00.000Z,363.760009765625,364.5799865722656,362.7699890136719,363.92999267578125,652805
2026-08-20T17:00:00.000Z,363.9200134277344,363.95001220703125,362.70001220703125,363.05999755859375,654873
2026-08-20T17:30:00.000Z,363.0350036621094,365.5,362.8399963378906,365.239990234375,834563
2026-08-20T18:00:00.000Z,365.20001220703125,366.1400146484375,364.6004943847656,365.3599853515625,710394
2026-08-20T18:30:00.000Z,365.32000732421875,365.54998779296875,363.3299865722656,363.44000244140625,1776684
2026-08-20T19:00:00.000Z,363.4599914550781,365.0907897949219,363.2200012207031,364.56500244140625,1024205
2026-08-20T19:30:00.000Z,364.5299987792969,365.19500732421875,362.5,364.239990234375,2556572
2026-08-20T20:00:00.000Z,364.03,368,360.55,364.3714,0
2026-08-20T20:30:00.000Z,364.5807,365.3,364.0151,364.99,0
2026-08-20T21:00:00.000Z,364.8,489.5502,340.5179,364.33,0
2026-08-20T21:30:00.000Z,364.4,364.79,363.9703,364.73,0
2026-08-20T22:00:00.000Z,364.73,364.76,364.03,364.28,0
2026-08-20T22:30:00.000Z,364.28,365,364.25,364.9479,0
2026-08-20T23:00:00.000Z,364.938,365.2988,364.6,364.8827,0
2026-08-20T23:30:00.000Z,364.9,365.3,364.4,364.55,0
2026-08-21T08:00:00.000Z,368.39,368.39,364.03,367.6,0
2026-08-21T08:30:00.000Z,367.32,368.34,367.09,368,0
2026-08-21T09:00:00.000Z,368.01,368.32,367.25,368.08,0
2026-08-21T09:30:00.000Z,368.1,368.75,367.9,368.5,0
2026-08-21T10:00:00.000Z,368.65,369.16,368.4,368.79,0
2026-08-21T10:30:00.000Z,368.94,368.99,367.44,367.44,0
2026-08-21T11:00:00.000Z,367.5,368.49,366.495,368.4791,0
2026-08-21T11:30:00.000Z,368.38,369,368.1057,368.58,0
2026-08-21T12:00:00.000Z,368.89,369.2,368,368.35,0
2026-08-21T12:30:00.000Z,368.4,369.79,368.01,369.5527,0
2026-08-21T13:00:00.000Z,369.6,371.45,364.03,370.67,0
2026-08-21T13:30:00.000Z,370.79998779296875,375.1199951171875,366.3999938964844,366.5,4950777
2026-08-21T14:00:00.000Z,366.6099853515625,369.2300109863281,365.239990234375,368.3800048828125,1396355
2026-08-21T14:30:00.000Z,368.3753967285156,369.0299987792969,366.7200012207031,367.1050109863281,784977
2026-08-21T15:00:00.000Z,367.16949462890625,368.6000061035156,366.6600036621094,368.4549865722656,909646
2026-08-21T15:30:00.000Z,368.4700012207031,369.5199890136719,368.0199890136719,368.1300048828125,667934
2026-08-21T16:00:00.000Z,368.19000244140625,368.2900085449219,367.0201110839844,367.6199951171875,555626
2026-08-21T16:30:00.000Z,367.5896911621094,367.8599853515625,365.79998779296875,366.3599853515625,565199
2026-08-21T17:00:00.000Z,366.364990234375,366.9800109863281,365.04998779296875,365.6449890136719,609568
2026-08-21T17:30:00.000Z,365.6300048828125,366.8599853515625,365.30999755859375,366.7099914550781,966693
2026-08-21T18:00:00.000Z,366.739990234375,367.1099853515625,365.2300109863281,365.260009765625,959363
2026-08-21T18:30:00.000Z,365.260009765625,367.1099853515625,365.1400146484375,366.875,515849
2026-08-21T19:00:00.000Z,366.8550109863281,368,366.7699890136719,367.7325134277344,521330
2026-08-21T19:30:00.000Z,367.7699890136719,368.9700012207031,366.55999755859375,368.45001220703125,2187799
2026-08-21T20:00:00.000Z,368.45,369.5,367.56,368.45,0
2026-08-21T20:30:00.000Z,368.3993,368.9,367,367.5051,0
2026-08-21T21:00:00.000Z,367.5206,368,346.7008,367.6114,0
2026-08-21T21:30:00.000Z,367.89,368,367.62,367.81,0
2026-08-21T22:00:00.000Z,367.8244,368.35,367.8,368.2536,0
2026-08-21T22:30:00.000Z,368.2979,368.46,368,368.3876,0
2026-08-21T23:00:00.000Z,368.4,368.75,368.32,368.65,0
2026-08-21T23:30:00.000Z,368.65,369,368.45,368.99,0
2026-08-24T08:00:00.000Z,365.75,366.2,362.15,364.56,0
2026-08-24T08:30:00.000Z,364.6887,365.6337,364.25,365.01,0
2026-08-24T09:00:00.000Z,364.6761,366,364.5,365,0
2026-08-24T09:30:00.000Z,365,365.88,364.88,365.8655,0
2026-08-24T10:00:00.000Z,365.8655,365.968,364.5,364.525,0
2026-08-24T10:30:00.000Z,364.51,365.8445,363.94,363.9401,0
2026-08-24T11:00:00.000Z,363.92,368.45,363.3,364.2916,0
2026-08-24T11:30:00.000Z,364.6875,366.6,364.38,365.6181,0
2026-08-24T12:00:00.000Z,365.5,365.62,364.05,364.9797,0
2026-08-24T12:30:00.000Z,364.98,365,363.7,364.771,0
2026-08-24T13:00:00.000Z,364.7619,365.27,363.71,365.12,0
2026-08-24T13:30:00.000Z,364.6520080566406,366.04998779296875,360.5849914550781,363.2025146484375,2302719
2026-08-24T14:00:00.000Z,363.2690124511719,363.4100036621094,361.4200134277344,361.5899963378906,931371
2026-08-24T14:30:00.000Z,361.5,363.69500732421875,361.3800964355469,361.489990234375,779519
2026-08-24T15:00:00.000Z,361.4750061035156,362.3999938964844,361.1199951171875,362.1700134277344,807565
2026-08-24T15:30:00.000Z,362.17999267578125,362.8598937988281,361.1499938964844,362,1737787
2026-08-24T16:00:00.000Z,361.9700012207031,363.5400085449219,361.5199890136719,362.4100036621094,578316
2026-08-24T16:30:00.000Z,362.3500061035156,362.5199890136719,360.5,360.7298889160156,716660
2026-08-24T17:00:00.000Z,360.6603088378906,361.9599914550781,360.3800048828125,360.489990234375,648233
2026-08-24T17:30:00.000Z,360.489990234375,361.17999267578125,360.0299987792969,360.07000732421875,580334
2026-08-24T18:00:00.000Z,360.0899963378906,361.7300109863281,359.5400085449219,361.6099853515625,846484
2026-08-24T18:30:00.000Z,361.625,362.1499938964844,360.7799987792969,360.8900146484375,603244
2026-08-24T19:00:00.000Z,360.8500061035156,361.2699890136719,360.44500732421875,360.45001220703125,646832
2026-08-24T19:30:00.000Z,360.44000244140625,360.7900085449219,358.7099914550781,358.7650146484375,2407143
2026-08-24T20:00:00.000Z,358.76,361.2101,358.28,358.68,0
2026-08-24T20:30:00.000Z,358.5,359.05,358.36,358.74,0
2026-08-24T21:00:00.000Z,358.8,359.2,358.5,359.0588,0
2026-08-24T21:30:00.000Z,359.0585,359.2,359,359.05,0
2026-08-24T22:00:00.000Z,359.15,359.17,358.75,358.85,0
2026-08-24T22:30:00.000Z,358.8475,359,358.76,358.77,0
2026-08-24T23:00:00.000Z,358.8,359.17,358.75,358.9356,0
2026-08-24T23:30:00.000Z,358.94,358.99,358.5165,358.6291,0
2026-08-25T08:00:00.000Z,361.43,362,358.76,361.46,0
2026-08-25T08:30:00.000Z,361.7885,361.88,361.18,361.72,0
2026-08-25T09:00:00.000Z,361.75,362.23,361.4537,361.97,0
2026-08-25T09:30:00.000Z,361.8,363.3008,361.66,362.9052,0
2026-08-25T10:00:00.000Z,362.77,363.33,362.4,362.584,0
2026-08-25T10:30:00.000Z,362.59,362.9,362.18,362.5,0
2026-08-25T11:00:00.000Z,362.5,362.5,361.33,362.19,0
2026-08-25T11:30:00.000Z,362.17,363,361.91,362.9,0
2026-08-25T12:00:00.000Z,362.99,363.7995,362.55,363.65,0
2026-08-25T12:30:00.000Z,363.66,363.75,362.7,363.3397,0
2026-08-25T13:00:00.000Z,363.4608,363.49,360.37,360.65,0
2026-08-25T13:30:00.000Z,360.9949951171875,362.989990234375,359.04071044921875,359.364990234375,2157220
2026-08-25T14:00:00.000Z,359.3599853515625,361.1700134277344,356.6000061035156,357.7349853515625,1746284
2026-08-25T14:30:00.000Z,357.7099914550781,360.1700134277344,356.0899963378906,359.82501220703125,1197269
2026-08-25T15:00:00.000Z,359.82501220703125,360.7900085449219,358.7900085449219,360.7149963378906,940491
2026-08-25T15:30:00.000Z,360.7149963378906,361.6300048828125,360.3500061035156,360.6610107421875,1046698
2026-08-25T16:00:00.000Z,360.6099853515625,361.4200134277344,359.5,359.8700866699219,734579
2026-08-25T16:30:00.000Z,359.9100036621094,359.92230224609375,358.1600036621094,359.0199890136719,670854
2026-08-25T17:00:00.000Z,359.01458740234375,359.1499938964844,357.29998779296875,357.29998779296875,606058
2026-08-25T17:30:00.000Z,357.3399963378906,357.69000244140625,356.75,357,860268
2026-08-25T18:00:00.000Z,357.0249938964844,358.760009765625,355.8500061035156,355.9800109863281,784153
2026-08-25T18:30:00.000Z,356,357.70001220703125,355.989990234375,356.6499938964844,911063
2026-08-25T19:00:00.000Z,356.6400146484375,357.1499938964844,355.32000732421875,356.3900146484375,1075975
2026-08-25T19:30:00.000Z,356.3500061035156,356.94000244140625,355.5299987792969,356.69000244140625,2288086
2026-08-25T20:00:00.000Z,356.74,358,356.4,357.83,0
2026-08-25T20:30:00.000Z,357.8045,358.4,344.7833,357.47,0
2026-08-25T21:00:00.000Z,357.5,363.3547,344.7833,357.7,0
2026-08-25T21:30:00.000Z,357.75,377.1927,344.7833,358.14,0
2026-08-25T22:00:00.000Z,358.01,358.16,356.74,357.85,0
2026-08-25T22:30:00.000Z,357.85,357.96,357.57,357.8,0
2026-08-25T23:00:00.000Z,357.8345,357.85,357.43,357.7,0
2026-08-25T23:30:00.000Z,357.43,357.78,357.38,357.5,0
2026-08-26T08:00:00.000Z,358.468,358.9,356.74,358.19,0
2026-08-26T08:30:00.000Z,358.4775,359.86,358,358.323,0
2026-08-26T09:00:00.000Z,358.86,359.1,358,358.4,0
2026-08-26T09:30:00.000Z,358.38,358.7988,358.0112,358.6428,0
2026-08-26T10:00:00.000Z,358.6517,358.6517,358.071,358.49,0
2026-08-26T10:30:00.000Z,358.32,358.73,358,358.6958,0
2026-08-26T11:00:00.000Z,358.77,359.34,356.74,358.8296,0
2026-08-26T11:30:00.000Z,358.8,359,357.6,358.6,0
2026-08-26T12:00:00.000Z,358.61,358.68,357.35,358.39,0
2026-08-26T12:30:00.000Z,358.4902,358.4902,356.28,356.68,0
2026-08-26T13:00:00.000Z,356.32,358,355.88,357.12,0
2026-08-26T13:30:00.000Z,357.239990234375,359.46990966796875,353.80999755859375,354.63250732421875,2657760
2026-08-26T14:00:00.000Z,354.5899963378906,354.7300109863281,350.70001220703125,351.5799865722656,1911297
2026-08-26T14:30:00.000Z,351.6099853515625,353.42999267578125,351.4339904785156,352.4999084472656,1266674
2026-08-26T15:00:00.000Z,352.4800109863281,353.54998779296875,351.1099853515625,351.5278015136719,1176221
2026-08-26T15:30:00.000Z,351.5299987792969,352.59991455078125,350.69000244140625,351.260009765625,896985
2026-08-26T16:00:00.000Z,351.2650146484375,351.510009765625,350.07000732421875,350.739990234375,991701
2026-08-26T16:30:00.000Z,350.6600036621094,351.7300109863281,350.5,351.55010986328125,713597
2026-08-26T17:00:00.000Z,351.6600036621094,352.8450927734375,351.4200134277344,352.2408142089844,757038
2026-08-26T17:30:00.000Z,352.20001220703125,353.1792907714844,352.15008544921875,352.79998779296875,616151
2026-08-26T18:00:00.000Z,352.80499267578125,354.2200012207031,352.5304870605469,353.70001220703125,945395
2026-08-26T18:30:00.000Z,353.739990234375,354.58990478515625,353.6499938964844,354.2099914550781,581652
2026-08-26T19:00:00.000Z,354.2099914550781,355.0498962402344,353.69000244140625,353.864990234375,787315
2026-08-26T19:30:00.000Z,353.8599853515625,356.30999755859375,353.0434875488281,355.8810119628906,2515440
2026-08-26T20:00:00.000Z,355.59,356,353.01,354.1944,0
2026-08-26T20:30:00.000Z,354.59,356.8,353.99,356.4028,0
2026-08-26T21:00:00.000Z,356.43,358.8,347.9267,357.4524,0
2026-08-26T21:30:00.000Z,357.45,358.6,339.6616,357.9604,0
2026-08-26T22:00:00.000Z,357.8,358.6,355.59,358.13,0
2026-08-26T22:30:00.000Z,358.2029,358.6896,358.03,358.6,0
2026-08-26T23:00:00.000Z,358.6,359.98,358.45,359.89,0
2026-08-26T23:30:00.000Z,359.8508,362.42,359.7942,362.13,0
2026-08-27T08:00:00.000Z,360.398,362.5,355.59,362.45,0
2026-08-27T08:30:00.000Z,362.4985,362.68,361.6,362.1093,0
2026-08-27T09:00:00.000Z,361.78,363.45,361.013,361.68,0
2026-08-27T09:30:00.000Z,361.8,362.8346,361.68,362.17,0
2026-08-27T10:00:00.000Z,362.1,362.3717,361.6587,361.76,0
2026-08-27T10:30:00.000Z,361.79,362.1,361.2261,362.09,0
2026-08-27T11:00:00.000Z,362.09,362.4,360.8,361.02,0
2026-08-27T11:30:00.000Z,361.01,361.15,358.88,359.78,0
2026-08-27T12:00:00.000Z,359.78,361.29,359.4,361.03,0
2026-08-27T12:30:00.000Z,360.81,361.09,359.37,360.15,0
2026-08-27T13:00:00.000Z,360.22,362.1996,359.8726,361.9,0
2026-08-27T13:30:00.000Z,361.7650146484375,367.2900085449219,360.75,365.0899963378906,4289789
2026-08-27T14:00:00.000Z,364.9849853515625,369.5899963378906,364.3999938964844,368.69000244140625,1487601
2026-08-27T14:30:00.000Z,368.7200012207031,369.29998779296875,366.2550048828125,369.1000061035156,1037527
2026-08-27T15:00:00.000Z,369.1700134277344,369.5899963378906,368.07000732421875,369.0400085449219,923716
2026-08-27T15:30:00.000Z,369.04998779296875,369.3299865722656,366.8800048828125,368.510009765625,726813
2026-08-27T16:00:00.000Z,368.510009765625,369.75,367.3901062011719,368.70001220703125,814639
2026-08-27T16:30:00.000Z,368.6300048828125,369.9200134277344,368.6000061035156,369.760009765625,724197
2026-08-27T17:00:00.000Z,369.82501220703125,370.4599914550781,368.6400146484375,368.8900146484375,685436
2026-08-27T17:30:00.000Z,368.8500061035156,368.9200134277344,367.5400085449219,367.67999267578125,466934
2026-08-27T18:00:00.000Z,367.739990234375,368.0299987792969,366.8999938964844,367.17498779296875,452706
2026-08-27T18:30:00.000Z,367.17999267578125,368.9700012207031,367.0899963378906,368.80999755859375,523377
2026-08-27T19:00:00.000Z,368.79998779296875,369.7900085449219,368.6600036621094,368.8299865722656,895117
2026-08-27T19:30:00.000Z,368.8399963378906,371.7200012207031,368.67999267578125,371.55999755859375,2224282
2026-08-27T20:00:00.000Z,371.54,379.737,369.4,370,0
2026-08-27T20:30:00.000Z,370.1,371.54,369.5,371.54,0
2026-08-27T21:00:00.000Z,370,374.96,353.6226,373,0
2026-08-27T21:30:00.000Z,373,374.1303,349.5054,372.9988,0
2026-08-27T22:00:00.000Z,372.84,373,371.55,371.64,0
2026-08-27T22:30:00.000Z,371.775,372.6,371.54,371.9,0
2026-08-27T23:00:00.000Z,371.8912,372.1799,371.5,371.59,0
2026-08-27T23:30:00.000Z,371.62,371.68,370.4,370.99,0
2026-08-28T08:00:00.000Z,373.0116,373.7352,369.5,370.74,0
2026-08-28T08:30:00.000Z,370.7262,371.9163,370,370.66,0
2026-08-28T09:00:00.000Z,370.66,370.98,370.0512,370.69,0
2026-08-28T09:30:00.000Z,370.66,371.15,370.2,370.73,0
2026-08-28T10:00:00.000Z,370.99,371.5,370.7,371.2,0
2026-08-28T10:30:00.000Z,371.22,372.76,371,372.7,0
2026-08-28T11:00:00.000Z,372.64,373.2,372,372.43,0
2026-08-28T11:30:00.000Z,372.4894,372.98,371.88,372.1334,0
2026-08-28T12:00:00.000Z,372.1462,373.22,371.54,373.12,0
2026-08-28T12:30:00.000Z,373.12,375.16,372,375.11,0
2026-08-28T13:00:00.000Z,375.06,376.5,373.01,373.09,0
2026-08-28T13:30:00.000Z,373.5199890136719,376.5899963378906,372.3500061035156,373.3699951171875,2455897
2026-08-28T14:00:00.000Z,373.3800048828125,374.3999938964844,370.1900939941406,372.125,1117552
2026-08-28T14:30:00.000Z,372.1700134277344,373.64801025390625,371.5400085449219,372.80999755859375,1120505
2026-08-28T15:00:00.000Z,372.8500061035156,373.9598083496094,371.760009765625,373.3450012207031,832712
2026-08-28T15:30:00.000Z,373.30999755859375,374.0899963378906,367.19171142578125,367.2799987792969,858749
2026-08-28T16:00:00.000Z,367.3800048828125,368.19989013671875,365.7101135253906,366.29998779296875,1021359
2026-08-28T16:30:00.000Z,366.260009765625,367.75,365.5400085449219,366.614990234375,568825
2026-08-28T17:00:00.000Z,366.5199890136719,366.92999267578125,365.3512878417969,366.364990234375,403856
2026-08-28T17:30:00.000Z,366.3699951171875,368.61590576171875,366.2900085449219,368.2099914550781,450857
2026-08-28T18:00:00.000Z,368.2099914550781,368.9700012207031,367.7099914550781,368.6600036621094,477855
2026-08-28T18:30:00.000Z,368.6600036621094,368.95989990234375,366.7699890136719,367.1300048828125,637854
2026-08-28T19:00:00.000Z,367.1199951171875,368.8800048828125,366.5799865722656,368.78851318359375,646781
2026-08-28T19:30:00.000Z,368.75,369.6000061035156,368.04998779296875,368.67999267578125,1707366
2026-08-28T20:00:00.000Z,368.69,369.68,367.51,367.81,0
2026-08-28T20:30:00.000Z,367.81,368.79,342.4,367.98,0
2026-08-28T21:00:00.000Z,367.995,368.79,367.9,368.75,0
2026-08-28T21:30:00.000Z,368.4,369,368.09,368.9,0
2026-08-28T22:00:00.000Z,368.94,369,368.62,368.65,0
2026-08-28T22:30:00.000Z,368.7776,369.4101,368.62,369,0
2026-08-28T23:00:00.000Z,369.12,369.175,368.71,368.9989,0
2026-08-28T23:30:00.000Z,368.9907,369.38,368.916,369.1201,0
2026-08-31T08:00:00.000Z,372.4,372.732,367.67,371.3,0
2026-08-31T08:30:00.000Z,371.4877,371.4988,370.45,370.6,0
2026-08-31T09:00:00.000Z,370.75,370.9,369.65,370.0494,0
2026-08-31T09:30:00.000Z,370.18,370.49,369.01,369.56,0
2026-08-31T10:00:00.000Z,369.6,370,369.09,369.96,0
2026-08-31T10:30:00.000Z,369.96,370.5,369.6,370.0355,0
2026-08-31T11:00:00.000Z,370,370.5,369.4,370.2132,0
2026-08-31T11:30:00.000Z,370.18,370.3,369.3,369.4496,0
2026-08-31T12:00:00.000Z,369.495,370.38,368.89,369.5,0
2026-08-31T12:30:00.000Z,369.5,372.3,364.25,366.82,0
2026-08-31T13:00:00.000Z,366.98,372.3,366,369.94,0
2026-08-31T13:30:00.000Z,369.4549865722656,372.75,366.29998779296875,368.8299865722656,2737076
2026-08-31T14:00:00.000Z,368.7650146484375,369.3900146484375,367.5299987792969,367.95001220703125,812337
2026-08-31T14:30:00.000Z,367.9100036621094,368.7405090332031,367.42999267578125,367.9949951171875,646922
2026-08-31T15:00:00.000Z,367.9849853515625,368.489990234375,366.8599853515625,368.2049865722656,729638
2026-08-31T15:30:00.000Z,368.2099914550781,368.8699951171875,367.8500061035156,368.4100036621094,663473
2026-08-31T16:00:00.000Z,368.4200134277344,371.0199890136719,367.80059814453125,370.92999267578125,772890
2026-08-31T16:30:00.000Z,370.8999938964844,371.0899963378906,369.57000732421875,370.92999267578125,763992
2026-08-31T17:00:00.000Z,370.8599853515625,370.9150085449219,369.04998779296875,369.4700012207031,604910
2026-08-31T17:30:00.000Z,369.4700012207031,370.69000244140625,369.2099914550781,370.2300109863281,441481
2026-08-31T18:00:00.000Z,370.2300109863281,371.4700012207031,370.2099914550781,371.2820129394531,641081
2026-08-31T18:30:00.000Z,371.260009765625,371.9200134277344,369.7666931152344,369.80999755859375,697900
2026-08-31T19:00:00.000Z,369.8699951171875,370.19000244140625,369.2699890136719,369.29998779296875,647068
2026-08-31T19:30:00.000Z,369.2799987792969,371.32000732421875,369.1700134277344,370.82000732421875,2134176
2026-08-31T20:00:00.000Z,370.82,371.3065,370,370.18,0
2026-08-31T20:30:00.000Z,370.178,370.95,370.01,370.35,0
2026-08-31T21:00:00.000Z,370.5,394.7732,370.34,370.5,0
2026-08-31T21:30:00.000Z,370.4,370.9,369.96,370.54,0
2026-08-31T22:00:00.000Z,370.5004,370.55,370,370.45,0
2026-08-31T22:30:00.000Z,370.4908,370.65,370.35,370.6176,0
2026-08-31T23:00:00.000Z,370.5242,370.9,370.44,370.8,0
2026-08-31T23:30:00.000Z,370.8,371.41,370.63,371.3081,0
2026-09-01T08:00:00.000Z,370.8,372.94,367.0055,367.06,0
2026-09-01T08:30:00.000Z,367.273,368.4,365.79,365.88,0
2026-09-01T09:00:00.000Z,366.29,366.29,365.2,365.45,0
2026-09-01T09:30:00.000Z,365.5,366.8537,365.3,366.4,0
2026-09-01T10:00:00.000Z,366.4875,366.8637,366.01,366.71,0
2026-09-01T10:30:00.000Z,366.71,367.5,366,366.3,0
2026-09-01T11:00:00.000Z,366.62,370.34,365.1,365.69,0
2026-09-01T11:30:00.000Z,365.83,366.8,365.31,365.82,0
2026-09-01T12:00:00.000Z,365.7831,365.86,364.74,365.61,0
2026-09-01T12:30:00.000Z,365.64,365.64,364.47,364.6795,0
2026-09-01T13:00:00.000Z,364.65,365.5,363.47,364.45,0
2026-09-01T13:30:00.000Z,364.3599853515625,365.1000061035156,362,363.0799865722656,2523839
2026-09-01T14:00:00.000Z,363.0849914550781,365.989990234375,362.29998779296875,364.2149963378906,1610389
2026-09-01T14:30:00.000Z,364.19000244140625,367.8900146484375,364.1600036621094,366.75,1117897
2026-09-01T15:00:00.000Z,366.75,368.989990234375,366.3500061035156,368.8900146484375,1060329
2026-09-01T15:30:00.000Z,368.8900146484375,370.4200134277344,368.4800109863281,368.67999267578125,944331
2026-09-01T16:00:00.000Z,368.75,369.54998779296875,368.29998779296875,368.7550048828125,975261
2026-09-01T16:30:00.000Z,368.7550048828125,371.3999938964844,367.6795959472656,371.1400146484375,1069255
2026-09-01T17:00:00.000Z,371.1400146484375,371.17999267578125,368.5060119628906,369.3800048828125,830549
2026-09-01T17:30:00.000Z,369.3900146484375,369.6400146484375,368.3999938964844,368.9849853515625,451211
2026-09-01T18:00:00.000Z,368.9849853515625,369.2099914550781,368.25,368.4200134277344,446266
2026-09-01T18:30:00.000Z,368.42498779296875,369.0899963378906,367.7799987792969,368.9200134277344,704542
2026-09-01T19:00:00.000Z,368.95001220703125,370.3299865722656,368.69000244140625,370.2300109863281,693787
2026-09-01T19:30:00.000Z,370.1600036621094,370.25,368.79998779296875,369.6499938964844,1727607
2026-09-01T20:00:00.000Z,369.77,371.68,369.1,371.5,0
2026-09-01T20:30:00.000Z,371.3515,395.1636,369.68,370.9507,0
2026-09-01T21:00:00.000Z,370.99,395.1636,369.68,371.1176,0
2026-09-01T21:30:00.000Z,371.01,371.15,369.68,370.959,0
2026-09-01T22:00:00.000Z,370.9837,370.9837,369.61,370.0249,0
2026-09-01T22:30:00.000Z,370,370.85,370,370.5,0
2026-09-01T23:00:00.000Z,370.8431,371.01,370.5,370.854,0
2026-09-01T23:30:00.000Z,371.0035,371.28,370.75,371.27,0
2026-09-02T08:00:00.000Z,370.9677,370.99,369.01,369.65,0
2026-09-02T08:30:00.000Z,369.634,369.98,367.85,368.3,0
2026-09-02T09:00:00.000Z,368.4667,369.4,368.11,368.4,0
2026-09-02T09:30:00.000Z,368.4,369.4,367.63,368.85,0
2026-09-02T10:00:00.000Z,368.8,369.38,368,368.7,0
2026-09-02T10:30:00.000Z,369.084,369.35,368.45,368.99,0
2026-09-02T11:00:00.000Z,368.895,369.68,367,368.65,0
2026-09-02T11:30:00.000Z,368.54,370,368.32,369.22,0
2026-09-02T12:00:00.000Z,369.3805,371.5059,368.52,370.9788,0
2026-09-02T12:30:00.000Z,370.97,371.02,368.32,368.68,0
2026-09-02T13:00:00.000Z,368.87,371.29,368.5857,369.68,0
2026-09-02T13:30:00.000Z,369.67999267578125,369.67999267578125,364.6499938964844,367.9100036621094,2940538
2026-09-02T14:00:00.000Z,367.9200134277344,370.04998779296875,367.1099853515625,369.9320068359375,1582982
2026-09-02T14:30:00.000Z,369.9254150390625,370.3900146484375,367.69000244140625,368.19000244140625,1200575
2026-09-02T15:00:00.000Z,368.2049865722656,370.7900085449219,367.81500244140625,370.739990234375,1297292
2026-09-02T15:30:00.000Z,370.7300109863281,371.0899963378906,369.79998779296875,370.6000061035156,992888
2026-09-02T16:00:00.000Z,370.6199951171875,370.74920654296875,368.8599853515625,369.05999755859375,787329
2026-09-02T16:30:00.000Z,369,369.760009765625,368.05999755859375,368.989990234375,806247
2026-09-02T17:00:00.000Z,369.0150146484375,369.3699951171875,366.0799865722656,369.19000244140625,1352614
2026-09-02T17:30:00.000Z,369.20001220703125,369.4200134277344,367.20001220703125,367.20001220703125,953936
2026-09-02T18:00:00.000Z,367.239990234375,369.5799865722656,366.7101135253906,368.614990234375,1370595
2026-09-02T18:30:00.000Z,368.614990234375,369.3500061035156,368.010009765625,369.05499267578125,1252144
2026-09-02T19:00:00.000Z,369.010009765625,370.6600036621094,367.9046936035156,367.989990234375,1713498
2026-09-02T19:30:00.000Z,367.9849853515625,368.7799987792969,366.8399963378906,367.7699890136719,4714614
2026-09-02T20:00:00.000Z,367.76,373.66,342.16,352.27,0
2026-09-02T20:30:00.000Z,352,367.24,348.15,353.5,0
2026-09-02T21:00:00.000Z,353.88,379.69,338.7267,374.298,0
2026-09-02T21:30:00.000Z,374.2986,376.67,367.02,370,0
2026-09-02T22:00:00.000Z,370,370.39,363.63,366.9646,0
2026-09-02T22:30:00.000Z,366.8268,367.0294,359.32,361.6,0
2026-09-02T23:00:00.000Z,361.6,363.9594,360,363.5,0
2026-09-02T23:30:00.000Z,363.5,364.3,362.5,364.2268,0
2026-09-03T08:00:00.000Z,361.8,367.24,357.5,359.15,0
2026-09-03T08:30:00.000Z,359.2827,359.89,358.39,358.9,0
2026-09-03T09:00:00.000Z,358.8255,359.4,355.12,356.25,0
2026-09-03T09:30:00.000Z,356.3,356.62,353.57,353.89,0
2026-09-03T10:00:00.000Z,353.73,355.4192,353.01,355.16,0
2026-09-03T10:30:00.000Z,355.06,357.9171,355,357.77,0
2026-09-03T11:00:00.000Z,357.88,358,355.5,356,0
2026-09-03T11:30:00.000Z,356.0945,357,353.07,353.57,0
2026-09-03T12:00:00.000Z,353.8863,356.23,352.15,355.8329,0
2026-09-03T12:30:00.000Z,355.6,357.37,354.25,354.96,0
2026-09-03T13:00:00.000Z,354.98,356.75,350.76,351.65,0
2026-09-03T13:30:00.000Z,351.614990234375,353.6000061035156,343.45001220703125,343.5350036621094,14653880
2026-09-03T14:00:00.000Z,343.54998779296875,345.20001220703125,342.6700134277344,343.93499755859375,5866742
2026-09-03T14:30:00.000Z,343.8999938964844,345.9800109863281,342.33050537109375,345.8399963378906,3987488
2026-09-03T15:00:00.000Z,345.8299865722656,349.20001220703125,344.82000732421875,349.1099853515625,4889311
2026-09-03T15:30:00.000Z,349.1099853515625,352.5,347.79998779296875,351.7850036621094,3469000
2026-09-03T16:00:00.000Z,351.7850036621094,353.9599914550781,351.5199890136719,353.29998779296875,3418405
2026-09-03T16:30:00.000Z,353.260009765625,356.80999755859375,352.1700134277344,356.364990234375,3163260
2026-09-03T17:00:00.000Z,356.364990234375,357.4200134277344,353.95001220703125,354.4599914550781,2529579
2026-09-03T17:30:00.000Z,354.4599914550781,354.9599914550781,352.3800964355469,352.6711120605469,1700139
2026-09-03T18:00:00.000Z,352.7250061035156,356.69000244140625,352.510009765625,355.4700012207031,2081138
2026-09-03T18:30:00.000Z,355.4400939941406,357.54998779296875,355.44000244140625,357.0899963378906,2143549
2026-09-03T19:00:00.000Z,357.0899963378906,359.1300048828125,356.3500061035156,358.1700134277344,2556579
2026-09-03T19:30:00.000Z,358.19000244140625,359.3999938964844,355.4901123046875,357.239990234375,5297527
2026-09-03T20:00:00.000Z,357.22,357.49,342.95,356.93,0
2026-09-03T20:30:00.000Z,356.93,381.652,340.5179,356.8569,0
2026-09-03T21:00:00.000Z,356.89,381.652,332.9623,356.75,0
2026-09-03T21:30:00.000Z,356.65,357.16,356.6,356.7267,0
2026-09-03T22:00:00.000Z,356.738,356.738,356.13,356.3792,0
2026-09-03T22:30:00.000Z,356.3791,356.6,356.14,356.45,0
2026-09-03T23:00:00.000Z,356.45,356.54,356.25,356.42,0
2026-09-03T23:30:00.000Z,356.31,356.58,356.3,356.48,0
2026-09-04T08:00:00.000Z,360.6,362.5301,357.16,361.61,0
2026-09-04T08:30:00.000Z,361.69,361.69,360.33,360.8,0
2026-09-04T09:00:00.000Z,360.8,360.88,359.84,360.56,0
2026-09-04T09:30:00.000Z,360.6696,361.5,360.2412,361.47,0
2026-09-04T10:00:00.000Z,361.4637,362.12,361,361.94,0
2026-09-04T10:30:00.000Z,361.99,362.75,361.72,361.84,0
2026-09-04T11:00:00.000Z,361.83,361.83,360.2,360.7,0
2026-09-04T11:30:00.000Z,360.5601,361.4,360.13,360.328,0
2026-09-04T12:00:00.000Z,360.33,361.02,359.23,360.7,0
2026-09-04T12:30:00.000Z,360.822,360.833,356.84,357.58,0
2026-09-04T13:00:00.000Z,357.55,360.746,357.1,360.2,0
2026-09-04T13:30:00.000Z,360.0050048828125,360.0450134277344,354.510009765625,356.69000244140625,5980286
2026-09-04T14:00:00.000Z,356.7250061035156,358.6700134277344,354.44000244140625,358.6700134277344,2942997
2026-09-04T14:30:00.000Z,358.6400146484375,358.7215881347656,354.739990234375,356.30010986328125,1910555
2026-09-04T15:00:00.000Z,356.3450012207031,358.1400146484375,355.5,356.18499755859375,1672426
2026-09-04T15:30:00.000Z,356.18499755859375,357.8699951171875,354.6600036621094,356.20001220703125,1808409
2026-09-04T16:00:00.000Z,356.1449890136719,356.8999938964844,354.80999755859375,355.3299865722656,1276138
2026-09-04T16:30:00.000Z,355.30999755859375,356.55499267578125,355.010009765625,356.30999755859375,1123639
2026-09-04T17:00:00.000Z,356.32000732421875,356.54998779296875,354.6499938964844,354.739990234375,1053547
2026-09-04T17:30:00.000Z,354.7349853515625,355.6300048828125,353.70001220703125,354.8999938964844,1306512
2026-09-04T18:00:00.000Z,354.8800048828125,356.3999938964844,354.29998779296875,355.92999267578125,2044798
2026-09-04T18:30:00.000Z,355.9100036621094,357.6000061035156,355.7699890136719,356.1700134277344,2654624
2026-09-04T19:00:00.000Z,356.1451110839844,357.1000061035156,355.6000061035156,356.2300109863281,1112669
2026-09-04T19:30:00.000Z,356.25,358.4599914550781,356,357.8699951171875,3681722
2026-09-04T20:00:00.000Z,357.89,357.9,356.86,357.12,0
2026-09-04T20:30:00.000Z,357.12,357.895,346.7008,357.54,0
2026-09-04T21:00:00.000Z,357.5894,357.895,346.7008,357.5065,0
2026-09-04T21:30:00.000Z,357.56,357.76,357.49,357.61,0
2026-09-04T22:00:00.000Z,357.57,357.66,357.1,357.3,0
2026-09-04T22:30:00.000Z,357.5,357.5,357.1392,357.1729,0
2026-09-04T23:00:00.000Z,357.15,357.45,357.11,357.36,0
2026-09-04T23:30:00.000Z,357.36,357.4,351.16,357.07,0
2026-09-08T08:00:00.000Z,360.18,364.3714,358.21,359.78,0
2026-09-08T08:30:00.000Z,360.072,360.12,359.2512,359.64,0
2026-09-08T09:00:00.000Z,359.3377,360.6,359.3,360.46,0
2026-09-08T09:30:00.000Z,360.34,361.3797,360.34,361.28,0
2026-09-08T10:00:00.000Z,361.1336,361.7357,360.75,361.17,0
2026-09-08T10:30:00.000Z,361.24,361.24,360.02,360.4,0
2026-09-08T11:00:00.000Z,360.4,360.7,357.895,360.01,0
2026-09-08T11:30:00.000Z,360,361.5,359.88,361.3,0
2026-09-08T12:00:00.000Z,361.3,362.14,360.5677,361.67,0
2026-09-08T12:30:00.000Z,361.7935,362.59,361.25,362.3131,0
2026-09-08T13:00:00.000Z,362.2256,363.99,361.73,363.72,0
2026-09-08T13:30:00.000Z,363.7250061035156,370.6300048828125,362.7449951171875,367.1099853515625,6010080
2026-09-08T14:00:00.000Z,367.1600036621094,370.8399963378906,366.3219909667969,369.5769958496094,2166042
2026-09-08T14:30:00.000Z,369.5849914550781,371.8999938964844,367.1300048828125,371.125,1729793
2026-09-08T15:00:00.000Z,371.1499938964844,372.69989013671875,369.5,371.6449890136719,1775169
2026-09-08T15:30:00.000Z,371.6449890136719,371.92999267578125,368.8800048828125,369.4808044433594,1625747
2026-09-08T16:00:00.000Z,369.510009765625,370.1994934082031,367.3299865722656,367.7099914550781,985835
2026-09-08T16:30:00.000Z,367.7137145996094,367.7300109863281,365.5199890136719,366.1499938964844,1086483
2026-09-08T17:00:00.000Z,366.1499938964844,367.4599914550781,366.1300048828125,367.1600036621094,912608
2026-09-08T17:30:00.000Z,367.1600036621094,368.55999755859375,366.82000732421875,368.45001220703125,944534
2026-09-08T18:00:00.000Z,368.47869873046875,369.5299987792969,368.2200012207031,369.2749938964844,891361
2026-09-08T18:30:00.000Z,369.260009765625,369.6700134277344,368.07000732421875,368.9800109863281,790323
2026-09-08T19:00:00.000Z,369,369.5,368.20001220703125,369.0249938964844,806181
2026-09-08T19:30:00.000Z,369.0177917480469,369.0177917480469,366.3999938964844,368.42999267578125,2244815
2026-09-08T20:00:00.000Z,368.57,369.32,367.33,367.58,0
2026-09-08T20:30:00.000Z,368.006,368.4,344.7833,367.844,0
2026-09-08T21:00:00.000Z,367.9916,383.2998,344.7833,367.64,0
2026-09-08T21:30:00.000Z,367.6447,383.2998,344.7833,367.6,0
2026-09-08T22:00:00.000Z,367.5519,368.56,367,367.48,0
2026-09-08T22:30:00.000Z,367.1,367.81,367.08,367.65,0
2026-09-08T23:00:00.000Z,367.6659,367.81,367.08,367.1906,0
2026-09-08T23:30:00.000Z,367.1692,367.44,366.2,366.42,0
2026-09-09T08:00:00.000Z,369.39,370.2292,368.56,369.91,0
2026-09-09T08:30:00.000Z,369.9,370.1925,368.7,369.3975,0
2026-09-09T09:00:00.000Z,369.36,369.687,367.7072,368.05,0
2026-09-09T09:30:00.000Z,368.03,368.2,365.04,365.04,0
2026-09-09T10:00:00.000Z,365.04,366.7662,364.34,365.07,0
2026-09-09T10:30:00.000Z,365.07,366.7607,364.82,366,0
2026-09-09T11:00:00.000Z,366.105,366.78,365.26,366.2899,0
2026-09-09T11:30:00.000Z,366.4127,366.82,365.65,366.0848,0
2026-09-09T12:00:00.000Z,366.0982,366.25,364.4,364.65,0
2026-09-09T12:30:00.000Z,364.62,365.5,364.5,364.99,0
2026-09-09T13:00:00.000Z,364.88,367.66,364.85,366.23,0
2026-09-09T13:30:00.000Z,366.4700012207031,368.010009765625,361.2799987792969,362.19500732421875,3154875
2026-09-09T14:00:00.000Z,362.2799987792969,363.8500061035156,361.4599914550781,363.17498779296875,1701692
2026-09-09T14:30:00.000Z,363.17498779296875,363.9100036621094,361.5799865722656,362.44000244140625,1096217
2026-09-09T15:00:00.000Z,362.6199951171875,362.8999938964844,359.614990234375,360.32000732421875,1361497
2026-09-09T15:30:00.000Z,360.3500061035156,362.2300109863281,360.3399963378906,360.9049987792969,960377
2026-09-09T16:00:00.000Z,360.9200134277344,360.9800109863281,359.25,359.864990234375,1029087
2026-09-09T16:30:00.000Z,359.8900146484375,362.3399963378906,359.69000244140625,362.1300048828125,891982
2026-09-09T17:00:00.000Z,362.1300048828125,364.1499938964844,362.05999755859375,364.04998779296875,986051
2026-09-09T17:30:00.000Z,364,364.69000244140625,363.70001220703125,364.2699890136719,702407
2026-09-09T18:00:00.000Z,364.2200012207031,365.3500061035156,363.739990234375,363.9700012207031,708585
2026-09-09T18:30:00.000Z,363.9750061035156,364,363.2799987792969,363.45001220703125,799806
2026-09-09T19:00:00.000Z,363.4800109863281,364.28350830078125,363.2550048828125,363.82000732421875,1862847
2026-09-09T19:30:00.000Z,363.82000732421875,364.625,363.07000732421875,364.4200134277344,2764225
2026-09-09T20:00:00.000Z,364.38,365,364,364.85,0
2026-09-09T20:30:00.000Z,364.77,369.3,347.9267,364.8129,0
2026-09-09T21:00:00.000Z,364.9014,364.92,339.6616,364.5449,0
2026-09-09T21:30:00.000Z,364.5487,364.55,364.08,364.16,0
2026-09-09T22:00:00.000Z,364.21,364.5,363.62,363.82,0
2026-09-09T22:30:00.000Z,363.68,364,363,363.05,0
2026-09-09T23:00:00.000Z,363.2988,363.6448,363,363.14,0
2026-09-09T23:30:00.000Z,363.1,364.25,363,364,0
2026-09-10T08:00:00.000Z,357.1,364.38,357.1,362.9525,0
2026-09-10T08:30:00.000Z,363.0475,363.2917,362.2,362.32,0
2026-09-10T09:00:00.000Z,362.39,363,362.05,362.1491,0
2026-09-10T09:30:00.000Z,362.13,362.6,361.86,362.37,0
2026-09-10T10:00:00.000Z,362.14,362.5852,361.9987,362.055,0
2026-09-10T10:30:00.000Z,362.15,363.88,361.84,362.69,0
2026-09-10T11:00:00.000Z,362.8,362.94,362.0392,362.8795,0
2026-09-10T11:30:00.000Z,362.88,363.29,361.79,361.813,0
2026-09-10T12:00:00.000Z,361.82,362.1,359.72,360.6,0
2026-09-10T12:30:00.000Z,360.25,360.976,357.6,357.9171,0
2026-09-10T13:00:00.000Z,357.93,370.78,357.58,360.54,0
2026-09-10T13:30:00.000Z,360.0199890136719,362.5299987792969,357.7850036621094,361.2200012207031,2827125
2026-09-10T14:00:00.000Z,361.1499938964844,363.92999267578125,361.0299987792969,363.07000732421875,1200483
2026-09-10T14:30:00.000Z,363.1000061035156,364.5799865722656,362.7300109863281,363.70001220703125,816206
2026-09-10T15:00:00.000Z,363.7699890136719,365.2699890136719,363.1600036621094,364.4599914550781,771217
2026-09-10T15:30:00.000Z,364.44000244140625,364.7699890136719,363.2659912109375,364.2799987792969,731807
2026-09-10T16:00:00.000Z,364.2300109863281,365.25,363.30999755859375,363.4549865722656,615083
2026-09-10T16:30:00.000Z,363.4949951171875,363.82000732421875,362.6300048828125,363.56500244140625,546182
2026-09-10T17:00:00.000Z,363.6199035644531,364.6199951171875,363.2799987792969,363.4100036621094,469818
2026-09-10T17:30:00.000Z,363.32000732421875,363.32000732421875,362.30010986328125,362.6300048828125,501414
2026-09-10T18:00:00.000Z,362.6000061035156,362.8699951171875,362.125,362.57000732421875,561458
2026-09-10T18:30:00.000Z,362.54998779296875,362.6300048828125,361.8299865722656,362.2900085449219,586076
2026-09-10T19:00:00.000Z,362.260009765625,362.4599914550781,361.25,362.18499755859375,655317
2026-09-10T19:30:00.000Z,362.1700134277344,362.3299865722656,360.4100036621094,360.7099914550781,1763643
2026-09-10T20:00:00.000Z,360.68,361.71,360.3,361.05,0
2026-09-10T20:30:00.000Z,361.3,372.172,335.4939,360.87,0
2026-09-10T21:00:00.000Z,360.9,374.1303,337.9293,360.8487,0
2026-09-10T21:30:00.000Z,360.9852,361.15,360.5562,360.8333,0
2026-09-10T22:00:00.000Z,360.9716,361.5,360.86,360.86,0
2026-09-10T22:30:00.000Z,361.2199,361.22,360.1,360.3528,0
2026-09-10T23:00:00.000Z,360.35,360.64,360.1,360.12,0
2026-09-10T23:30:00.000Z,360.188,360.4,359.4,359.43,0
2026-09-11T08:00:00.000Z,359.7,362.4988,358.2971,362.182,0
2026-09-11T08:30:00.000Z,362.182,362.6515,362.01,362.5242,0
2026-09-11T09:00:00.000Z,362.7,362.74,362.18,362.42,0
2026-09-11T09:30:00.000Z,362.4,362.73,362.3425,362.73,0
2026-09-11T10:00:00.000Z,362.68,363.09,362.4,362.4287,0
2026-09-11T10:30:00.000Z,362.51,362.9,362.21,362.78,0
2026-09-11T11:00:00.000Z,362.69,363.29,362.55,363.0409,0
2026-09-11T11:30:00.000Z,363.04,363.5,362.8587,363.23,0
2026-09-11T12:00:00.000Z,363.11,364.69,362.93,364.6,0
2026-09-11T12:30:00.000Z,364.6,365.8906,362,365.67,0
2026-09-11T13:00:00.000Z,365.5,366.23,364.04,364.7201,0
2026-09-11T13:30:00.000Z,365.239990234375,366.7799987792969,362.614013671875,364.9049987792969,2693369
2026-09-11T14:00:00.000Z,364.80999755859375,366.4800109863281,362.2900085449219,365.54998779296875,1444833
2026-09-11T14:30:00.000Z,365.6099853515625,365.79998779296875,362.92999267578125,363.55999755859375,1099182
2026-09-11T15:00:00.000Z,363.54998779296875,366.19000244140625,363.2250061035156,365.8800048828125,856413
2026-09-11T15:30:00.000Z,365.8599853515625,366.20001220703125,364.6000061035156,365.0400085449219,571614
2026-09-11T16:00:00.000Z,365.0400085449219,365.6099853515625,364.5950012207031,364.7349853515625,547489
2026-09-11T16:30:00.000Z,364.70001220703125,365.20001220703125,363.9800109863281,365.0950012207031,570760
2026-09-11T17:00:00.000Z,365.0950012207031,365.55999755859375,364.8999938964844,365.25,463260
2026-09-11T17:30:00.000Z,365.260009765625,365.55999755859375,364.5375061035156,364.9800109863281,484332
2026-09-11T18:00:00.000Z,364.9599914550781,365.3999938964844,364.75,364.95001220703125,755324
2026-09-11T18:30:00.000Z,364.8999938964844,365.0199890136719,363.67999267578125,364.3900146484375,580462
2026-09-11T19:00:00.000Z,364.4599914550781,364.4599914550781,363.1910095214844,363.25,533132
2026-09-11T19:30:00.000Z,363.260009765625,363.4200134277344,361.6400146484375,361.79998779296875,2413524
2026-09-11T20:00:00.000Z,361.74,363.76,355.8,356.62,0
2026-09-11T20:30:00.000Z,361.9165,362.48,356.62,361.5487,0
2026-09-11T21:00:00.000Z,361.5485,361.99,342.4,361.43,0
2026-09-11T21:30:00.000Z,361.4495,361.99,361.3037,361.65,0
2026-09-11T22:00:00.000Z,361.66,361.76,361.31,361.71,0
2026-09-11T22:30:00.000Z,361.7,361.78,361.51,361.64,0
2026-09-11T23:00:00.000Z,361.63,361.64,361.4,361.59,0
2026-09-11T23:30:00.000Z,361.44,361.75,361.4,361.7361,0
2026-09-14T08:00:00.000Z,352.25,355.18,349.61,349.61,0
2026-09-14T08:30:00.000Z,349.8132,350.8,349.37,350.7,0
2026-09-14T09:00:00.000Z,350.8,350.8,349.2,350.53,0
2026-09-14T09:30:00.000Z,350.58,350.8,350.1585,350.7932,0
2026-09-14T10:00:00.000Z,350.8,351.5,350.21,351.17,0
2026-09-14T10:30:00.000Z,351.17,351.49,349.88,351.19,0
2026-09-14T11:00:00.000Z,351.19,361.99,349.3801,350.3221,0
2026-09-14T11:30:00.000Z,350.3444,350.5,349.3673,349.48,0
2026-09-14T12:00:00.000Z,349.48,349.58,347.11,347.93,0
2026-09-14T12:30:00.000Z,347.982,361.99,346.01,346.55,0
2026-09-14T13:00:00.000Z,346.7157,349.95,345.1,349.75,0
2026-09-14T13:30:00.000Z,349.4599914550781,350.25,346.0799865722656,347.43499755859375,3977433
2026-09-14T14:00:00.000Z,347.42999267578125,348.54998779296875,345.70001220703125,345.9800109863281,2000608
2026-09-14T14:30:00.000Z,345.99249267578125,346.4200134277344,343.9100036621094,344.3799133300781,2180242
2026-09-14T15:00:00.000Z,344.29998779296875,346.07000732421875,343.9200134277344,345.5899963378906,1555892
2026-09-14T15:30:00.000Z,345.5199890136719,348.2998962402344,345.5,346.95001220703125,1335577
2026-09-14T16:00:00.000Z,346.8800048828125,347.2300109863281,345.8999938964844,346.3399963378906,973967
2026-09-14T16:30:00.000Z,346.3349914550781,347.7200012207031,345.8599853515625,346.7550048828125,852872
2026-09-14T17:00:00.000Z,346.7200012207031,347.2099914550781,346.54998779296875,347,708314
2026-09-14T17:30:00.000Z,346.9750061035156,346.989990234375,346.1099853515625,346.2424011230469,1189917
2026-09-14T18:00:00.000Z,346.25,346.9200134277344,345.7699890136719,345.9750061035156,695588
2026-09-14T18:30:00.000Z,345.9649963378906,346.6199951171875,345.92999267578125,346.44000244140625,780285
2026-09-14T19:00:00.000Z,346.44000244140625,346.5,345.1300048828125,345.3699951171875,952463
2026-09-14T19:30:00.000Z,345.3900146484375,345.6499938964844,344.260009765625,344.82000732421875,3276727
2026-09-14T20:00:00.000Z,344.72,345.64,344.34,345.09,0
2026-09-14T20:30:00.000Z,345.0871,345.6,323.8311,345.46,0
2026-09-14T21:00:00.000Z,345.39,345.75,324.0367,345.505,0
2026-09-14T21:30:00.000Z,345.695,345.82,344.72,345.8,0
2026-09-14T22:00:00.000Z,345.8,346.49,344.72,346.25,0
2026-09-14T22:30:00.000Z,346.2498,346.48,346.24,346.27,0
2026-09-14T23:00:00.000Z,346.2,346.39,346.1,346.194,0
2026-09-14T23:30:00.000Z,346.194,346.39,346.1,346.2241,0
2026-09-15T08:00:00.000Z,344.71,346.1912,343.2,343.9487,0
2026-09-15T08:30:00.000Z,343.988,344.488,343.4747,344.27,0
2026-09-15T09:00:00.000Z,344.25,344.4988,343.7,343.9,0
2026-09-15T09:30:00.000Z,344,345.195,343.81,345.1,0
2026-09-15T10:00:00.000Z,345.09,345.5,344.91,345.31,0
2026-09-15T10:30:00.000Z,345.38,345.77,345.2,345.65,0
2026-09-15T11:00:00.000Z,345.5,346.5,345.22,345.96,0
2026-09-15T11:30:00.000Z,345.8,346.29,345.33,346.23,0
2026-09-15T12:00:00.000Z,346.27,346.82,345.8,346.5,0
2026-09-15T12:30:00.000Z,346.35,347.09,345.88,346.46,0
2026-09-15T13:00:00.000Z,346.4,346.83,345.51,346.14,0
2026-09-15T13:30:00.000Z,346.0199890136719,347.2598876953125,343.57000732421875,344.12249755859375,2473649
2026-09-15T14:00:00.000Z,344.07000732421875,345.239990234375,342.05999755859375,342.3450012207031,1831042
2026-09-15T14:30:00.000Z,342.3699035644531,342.7300109863281,340.80999755859375,341.1300048828125,1687678
2026-09-15T15:00:00.000Z,341.1499938964844,342.9100036621094,340.9599914550781,341.2149963378906,1485967
2026-09-15T15:30:00.000Z,341.2149963378906,341.2799987792969,339.19000244140625,339.6300048828125,1778500
2026-09-15T16:00:00.000Z,339.6549987792969,340.2998962402344,339.20001220703125,339.9599914550781,1046231
2026-09-15T16:30:00.000Z,339.9599914550781,340,338.70001220703125,338.80999755859375,1495386
2026-09-15T17:00:00.000Z,338.82000732421875,338.82000732421875,338.010009765625,338.2250061035156,1135139
2026-09-15T17:30:00.000Z,338.239990234375,339.1098937988281,337.9150085449219,338.95001220703125,1053293
2026-09-15T18:00:00.000Z,338.95001220703125,340.2799987792969,338.7099914550781,340.2099914550781,793346
2026-09-15T18:30:00.000Z,340.1499938964844,340.4800109863281,339.6099853515625,340.25,934292
2026-09-15T19:00:00.000Z,340.2799987792969,340.4200134277344,339.43499755859375,339.81500244140625,735250
2026-09-15T19:30:00.000Z,339.81500244140625,340.1000061035156,338.6499938964844,339.25,2162206
2026-09-15T20:00:00.000Z,339.27,340.5501,339.27,339.35,0
2026-09-15T20:30:00.000Z,339.35,339.8985,339.27,339.7,0
2026-09-15T21:00:00.000Z,339.725,339.8,339.65,339.76,0
2026-09-15T21:30:00.000Z,339.7962,339.7962,327.5556,339.36,0
2026-09-15T22:00:00.000Z,339.55,339.65,339.17,339.5161,0
2026-09-15T22:30:00.000Z,339.5257,339.64,339.3,339.46,0
2026-09-15T23:00:00.000Z,339.4949,339.51,339.27,339.48,0
2026-09-15T23:30:00.000Z,339.4938,339.61,339.35,339.55,0
2026-09-16T08:00:00.000Z,340,341.7802,339.27,341.49,0
2026-09-16T08:30:00.000Z,341.7425,341.7425,341.16,341.6,0
2026-09-16T09:00:00.000Z,341.53,341.79,341.38,341.72,0
2026-09-16T09:30:00.000Z,341.72,341.98,341.663,341.8525,0
2026-09-16T10:00:00.000Z,341.9,342.3,341.6012,342,0
2026-09-16T10:30:00.000Z,342,342.1,341.6,341.823,0
2026-09-16T11:00:00.000Z,341.87,342.0997,341,341.4,0
2026-09-16T11:30:00.000Z,341.28,341.9,341.28,341.56,0
2026-09-16T12:00:00.000Z,341.6,342.39,341.56,342.25,0
2026-09-16T12:30:00.000Z,342.22,342.29,340.75,340.99,0
2026-09-16T13:00:00.000Z,340.94,343.35,340,342.71,0
2026-09-16T13:30:00.000Z,342.7200012207031,343.25,339.25,342.8200988769531,3203819
2026-09-16T14:00:00.000Z,342.9200134277344,343,341.5299987792969,342.1787109375,1423855
2026-09-16T14:30:00.000Z,342.08099365234375,342.6600036621094,341.6499938964844,342.6199951171875,799300
2026-09-16T15:00:00.000Z,342.6700134277344,344.1499938964844,342.0299987792969,342.2200012207031,1072554
2026-09-16T15:30:00.000Z,342.2300109863281,343.0799865722656,341.8450012207031,342.2900085449219,668087
2026-09-16T16:00:00.000Z,342.2959899902344,342.3800048828125,341.45001220703125,341.67498779296875,552640
2026-09-16T16:30:00.000Z,341.69000244140625,341.8197937011719,341.0199890136719,341.1300048828125,733084
2026-09-16T17:00:00.000Z,341.1317138671875,341.3599853515625,339.3999938964844,339.82501220703125,822152
2026-09-16T17:30:00.000Z,339.8800048828125,341.42999267578125,339.5,341.42999267578125,795159
2026-09-16T18:00:00.000Z,341.3739929199219,341.8900146484375,339.55999755859375,340.32000732421875,1268558
2026-09-16T18:30:00.000Z,340.29998779296875,340.44000244140625,336.8500061035156,337.0849914550781,1430607
2026-09-16T19:00:00.000Z,337.1700134277344,337.93060302734375,335.814697265625,336.7650146484375,1313010
2026-09-16T19:30:00.000Z,336.69000244140625,339.6499938964844,336.6000061035156,339.6499938964844,2069367
2026-09-16T20:00:00.000Z,339.63,340,339.21,339.6269,0
2026-09-16T20:30:00.000Z,339.65,356.5802,317.2892,339.42,0
2026-09-16T21:00:00.000Z,339.39,339.6616,317.2892,339.5099,0
2026-09-16T21:30:00.000Z,339.5097,340.78,339.5,340.4882,0
2026-09-16T22:00:00.000Z,340.44,340.93,339.98,340.9058,0
2026-09-16T22:30:00.000Z,340.9,341.96,340.8,341.5,0
2026-09-16T23:00:00.000Z,341.52,342.44,341.46,342.11,0
2026-09-16T23:30:00.000Z,342.03,342.5,341.75,342.5,0
2026-09-17T08:00:00.000Z,342.44,343.91,339.51,343.74,0
2026-09-17T08:30:00.000Z,343.7925,344.47,343.5,344.4263,0
2026-09-17T09:00:00.000Z,344.4672,344.8,344.36,344.44,0
2026-09-17T09:30:00.000Z,344.44,344.88,344.44,344.775,0
2026-09-17T10:00:00.000Z,344.8,345.02,344.5357,344.9797,0
2026-09-17T10:30:00.000Z,345,345,344.44,344.7,0
2026-09-17T11:00:00.000Z,344.7,345.19,344.1013,344.2484,0
2026-09-17T11:30:00.000Z,344.1474,345.38,344.1,345.38,0
2026-09-17T12:00:00.000Z,345.21,347.45,345,347.31,0
2026-09-17T12:30:00.000Z,347.45,348.12,347,347.9274,0
2026-09-17T13:00:00.000Z,347.91,348.24,346.58,346.67,0
2026-09-17T13:30:00.000Z,346.07000732421875,349.52850341796875,345.30999755859375,347.9200134277344,3990266
2026-09-17T14:00:00.000Z,347.9049987792969,349.94000244140625,347.5450134277344,349.6499938964844,1419568
2026-09-17T14:30:00.000Z,349.6499938964844,350.2900085449219,348.4305114746094,349.20001220703125,1269050
2026-09-17T15:00:00.000Z,349.20001220703125,350.7049865722656,349.0199890136719,350.4901123046875,1198605
2026-09-17T15:30:00.000Z,350.5050048828125,350.94000244140625,349,349.1330871582031,753309
2026-09-17T16:00:00.000Z,349.17999267578125,349.2699890136719,347.8999938964844,348.1199951171875,741541
2026-09-17T16:30:00.000Z,348.1000061035156,349.32501220703125,347.8500061035156,349.1199951171875,635868
2026-09-17T17:00:00.000Z,349.0400085449219,349.6400146484375,348.6499938964844,348.7799987792969,560083
2026-09-17T17:30:00.000Z,348.8299865722656,349.5299987792969,348.45001220703125,349,570284
2026-09-17T18:00:00.000Z,349.0199890136719,349.2250061035156,348.5,348.5400085449219,443983
2026-09-17T18:30:00.000Z,348.57000732421875,348.75,347.90008544921875,348.07000732421875,661276
2026-09-17T19:00:00.000Z,348.0450134277344,348.95001220703125,347.9700012207031,348.1499938964844,949979
2026-09-17T19:30:00.000Z,348.1600036621094,349.010009765625,347.2200012207031,347.2799987792969,2220223
2026-09-17T20:00:00.000Z,347.37,364.67,346.77,347.5,0
2026-09-17T20:30:00.000Z,347.4759,353.6226,340.5179,348.0193,0
2026-09-17T21:00:00.000Z,348.04,348.49,332.9623,348.45,0
2026-09-17T21:30:00.000Z,348.485,348.49,348.29,348.4199,0
2026-09-17T22:00:00.000Z,348.3,348.4,347.54,347.75,0
2026-09-17T22:30:00.000Z,347.67,348.14,347.3,347.8589,0
2026-09-17T23:00:00.000Z,348.14,348.32,347.8,348.08,0
2026-09-17T23:30:00.000Z,348.08,348.46,348.0178,348.04,0
2026-09-18T08:00:00.000Z,349.35,352.3982,347.3,350.68,0
2026-09-18T08:30:00.000Z,350.9877,351.49,350.52,350.7,0
2026-09-18T09:00:00.000Z,350.77,351.5405,350.58,351.1,0
2026-09-18T09:30:00.000Z,351,351.18,350.0272,350.26,0
2026-09-18T10:00:00.000Z,350.18,351,350.1,350.97,0
2026-09-18T10:30:00.000Z,350.98,351.63,350.97,351.15,0
2026-09-18T11:00:00.000Z,351.07,351.71,349.62,349.8,0
2026-09-18T11:30:00.000Z,349.8,350.32,349.26,349.75,0
2026-09-18T12:00:00.000Z,349.7437,349.85,348.5,348.8,0
2026-09-18T12:30:00.000Z,348.79,349.46,348.3827,348.55,0
2026-09-18T13:00:00.000Z,348.45,417.54,348.2001,352.1362,0
2026-09-18T13:30:00.000Z,352.0799865722656,363.2817077636719,351.3500061035156,359.3699951171875,8332071
2026-09-18T14:00:00.000Z,359.3599853515625,361.75,358.29998779296875,358.7449951171875,2249121
2026-09-18T14:30:00.000Z,358.7449951171875,359.4800109863281,357.2515869140625,357.659912109375,1501057
2026-09-18T15:00:00.000Z,357.625,358.30999755859375,357,357.29998779296875,851648
2026-09-18T15:30:00.000Z,357.3699951171875,357.5899963378906,355.0199890136719,355.0799865722656,917874
2026-09-18T16:00:00.000Z,355.04998779296875,355.9100036621094,354.29010009765625,354.6499938964844,643372
2026-09-18T16:30:00.000Z,354.69500732421875,354.8999938964844,353.739990234375,354.0260925292969,719657
2026-09-18T17:00:00.000Z,354.05999755859375,354.92999267578125,353.79998779296875,354.3349914550781,627201
2026-09-18T17:30:00.000Z,354.3800048828125,354.7900085449219,353.8699951171875,354.635009765625,1173972
2026-09-18T18:00:00.000Z,354.6000061035156,354.6700134277344,353.70001220703125,354.2799987792969,582352
2026-09-18T18:30:00.000Z,354.260009765625,355.1000061035156,353.55999755859375,354.8299865722656,675077
2026-09-18T19:00:00.000Z,354.8349914550781,355.8900146484375,354.8349914550781,355.45001220703125,752989
2026-09-18T19:30:00.000Z,355.4313049316406,357.9800109863281,355.260009765625,357.69000244140625,2989165
2026-09-18T20:00:00.000Z,357.61,358.74,357,358.09,0
2026-09-18T20:30:00.000Z,358,358.09,346.7008,357.3479,0
2026-09-18T21:00:00.000Z,357.43,357.61,346.7008,357.33,0
2026-09-18T21:30:00.000Z,357.4625,357.9,357,357.4826,0
2026-09-18T22:00:00.000Z,357.36,357.9,357.29,357.5,0
2026-09-18T22:30:00.000Z,357.5,357.8,351.8,357.5442,0
2026-09-18T23:00:00.000Z,357.24,357.6,357.2,357.43,0
2026-09-18T23:30:00.000Z,357.6,357.6,356.8,356.9649,0
2026-09-18T23:59:53.000Z,356.9,356.9,356.9,356.9,0
