Date,Open,High,Low,Close,Volume
2026-03-12T21:00:00.000Z,304.56,305,303.55,304.6,0
2026-03-12T21:30:00.000Z,304.65,304.9,304.09,304.44,0
2026-03-12T22:00:00.000Z,304.5,304.89,304.06,304.79,0
2026-03-12T22:30:00.000Z,304.45,305,304.45,304.698,0
2026-03-12T23:00:00.000Z,304.69,305.2,304.11,304.7,0
2026-03-12T23:30:00.000Z,304.36,304.77,304,304.0722,0
2026-03-13T08:00:00.000Z,303.2,303.2,301.51,302.06,0
2026-03-13T08:30:00.000Z,302.24,303.84,302.18,303.8,0
2026-03-13T09:00:00.000Z,303.78,304.87,303.65,303.89,0
2026-03-13T09:30:00.000Z,303.71,304.08,303.46,303.84,0
2026-03-13T10:00:00.000Z,303.86,305.3,303.86,304.87,0
2026-03-13T10:30:00.000Z,304.89,306.2,304.8,305.63,0
2026-03-13T11:00:00.000Z,305.65,306.45,305.32,306.12,0
2026-03-13T11:30:00.000Z,306.1,306.77,306.01,306.77,0
2026-03-13T12:00:00.000Z,302.8288,306.99,301.483,306.2995,0
2026-03-13T12:30:00.000Z,306.2562,308,305.97,306.8342,0
2026-03-13T13:00:00.000Z,306.8342,307.71,306.5,307.08,0
2026-03-13T13:30:00.000Z,307.17999267578125,307.614990234375,304.42999267578125,306.0400085449219,3269434
2026-03-13T14:00:00.000Z,306.07000732421875,306.8800048828125,305.3500061035156,306.7099914550781,1345826
2026-03-13T14:30:00.000Z,306.68499755859375,307.5899963378906,304.5299987792969,304.94500732421875,1272489
2026-03-13T15:00:00.000Z,304.94500732421875,306.1700134277344,304.05499267578125,304.1600036621094,1068839
2026-03-13T15:30:00.000Z,304.2099914550781,304.3500061035156,302.5199890136719,302.9200134277344,1524134
2026-03-13T16:00:00.000Z,302.9800109863281,303.45001220703125,302.29998779296875,302.7200012207031,1044271
2026-03-13T16:30:00.000Z,302.7200012207031,303.0799865722656,300.6099853515625,300.7699890136719,1730236
2026-03-13T17:00:00.000Z,300.7900085449219,302.5317077636719,300.7900085449219,301.9049987792969,1059389
2026-03-13T17:30:00.000Z,301.92999267578125,302.04998779296875,300.44000244140625,300.67999267578125,1170615
2026-03-13T18:00:00.000Z,300.70001220703125,302.0199890136719,300.5799865722656,301.9700012207031,1078044
2026-03-13T18:30:00.000Z,301.9599914550781,302.6199951171875,301.6499938964844,302.239990234375,1358227
2026-03-13T19:00:00.000Z,302.239990234375,302.3399963378906,301.0899963378906,301.44000244140625,1126595
2026-03-13T19:30:00.000Z,301.44000244140625,302.510009765625,300.95001220703125,302.2200012207031,2806502
2026-03-13T20:00:00.000Z,302.23,302.28,301.6735,301.9981,0
2026-03-13T20:30:00.000Z,301.9986,306.2552,301,301.16,0
2026-03-13T21:00:00.000Z,301.21,301.92,301.21,301.75,0
2026-03-13T21:30:00.000Z,301.73,306.2552,301.53,301.74,0
2026-03-13T22:00:00.000Z,301.73,302.28,301.2932,301.61,0
2026-03-13T22:30:00.000Z,301.61,302.17,301.6,301.85,0
2026-03-13T23:00:00.000Z,301.85,301.9988,301.32,301.54,0
2026-03-13T23:30:00.000Z,301.42,301.75,301.31,301.5257,0
2026-03-16T08:00:00.000Z,303.15,303.84,302.73,303.08,0
2026-03-16T08:30:00.000Z,303.13,303.37,302.01,302.81,0
2026-03-16T09:00:00.000Z,302.73,302.79,302,302.24,0
2026-03-16T09:30:00.000Z,302.09,302.21,301.83,302.02,0
2026-03-16T10:00:00.000Z,301.9,302.48,301.86,302.46,0
2026-03-16T10:30:00.000Z,302.37,303.2,302.26,303.16,0
2026-03-16T11:00:00.000Z,302.99,303.14,302.6,302.84,0
2026-03-16T11:30:00.000Z,302.82,303.39,302.82,303.22,0
2026-03-16T12:00:00.000Z,303,304.31,301.525,303.9388,0
2026-03-16T12:30:00.000Z,303.72,304.436,303.14,303.41,0
2026-03-16T13:00:00.000Z,303.45,304.42,302.86,304.42,0
2026-03-16T13:30:00.000Z,304.3500061035156,305.6099853515625,303.2900085449219,305.5299987792969,2329128
2026-03-16T14:00:00.000Z,305.55999755859375,306.48858642578125,304.8800048828125,305.32501220703125,3210069
2026-03-16T14:30:00.000Z,305.34991455078125,305.34991455078125,303.6600036621094,304.1700134277344,844059
2026-03-16T15:00:00.000Z,304.1600036621094,304.3800048828125,303.3599853515625,304.1300048828125,916771
2026-03-16T15:30:00.000Z,304.1300048828125,304.510009765625,303.42999267578125,303.6549987792969,2852029
2026-03-16T16:00:00.000Z,303.6499938964844,304.2900085449219,303.0201110839844,303.20001220703125,3203183
2026-03-16T16:30:00.000Z,303.19000244140625,304.6449890136719,303.07000732421875,304.44500732421875,850864
2026-03-16T17:00:00.000Z,304.4849853515625,305.09368896484375,304.4200134277344,304.80999755859375,3840601
2026-03-16T17:30:00.000Z,304.8299865722656,305.1400146484375,304.6650085449219,304.92498779296875,3912768
2026-03-16T18:00:00.000Z,304.94000244140625,305.5799865722656,304.5950012207031,305.1199951171875,612569
2026-03-16T18:30:00.000Z,305.1199951171875,305.75,304.9801025390625,305.6099853515625,4517834
2026-03-16T19:00:00.000Z,305.6099853515625,306.3500061035156,305.04998779296875,306.125,938288
2026-03-16T19:30:00.000Z,306.0950012207031,306.2149963378906,304.9200134277344,305.57000732421875,1383802
2026-03-16T20:00:00.000Z,305.59,305.7078,304.9237,305.14,0
2026-03-16T20:30:00.000Z,305.19,305.56,304.79,304.889,0
2026-03-16T21:00:00.000Z,304.89,305.36,304.78,304.95,0
2026-03-16T21:30:00.000Z,305.05,305.2,285.0044,304.85,0
2026-03-16T22:00:00.000Z,304.85,305,304.2512,304.81,0
2026-03-16T22:30:00.000Z,304.6,304.85,304.35,304.35,0
2026-03-16T23:00:00.000Z,304.44,304.81,304.35,304.5,0
2026-03-16T23:30:00.000Z,304.48,305,304.34,304.634,0
2026-03-17T08:00:00.000Z,304.03,304.27,303.07,303.44,0
2026-03-17T08:30:00.000Z,303.78,303.78,303.39,303.7,0
2026-03-17T09:00:00.000Z,303.77,304.4,303.71,304.4,0
2026-03-17T09:30:00.000Z,304.12,304.24,303.95,304.24,0
2026-03-17T10:00:00.000Z,304.17,304.2,303.8,303.97,0
2026-03-17T10:30:00.000Z,303.97,304.2,303.95,304.2,0
2026-03-17T11:00:00.000Z,304.17,304.39,304.03,304.25,0
2026-03-17T11:30:00.000Z,304.26,304.31,303.82,303.91,0
2026-03-17T12:00:00.000Z,303.07,305.56,302.79,305.25,0
2026-03-17T12:30:00.000Z,305.22,305.83,304.8086,305.5454,0
2026-03-17T13:00:00.000Z,305.56,306.48,304.91,305.63,0
2026-03-17T13:30:00.000Z,305.9949951171875,307.6000061035156,305.510009765625,306.5400085449219,2462800
2026-03-17T14:00:00.000Z,306.5299987792969,307.4700012207031,306.1199951171875,307.1449890136719,1493224
2026-03-17T14:30:00.000Z,307.1499938964844,307.87701416015625,306.79998779296875,306.8900146484375,1707956
2026-03-17T15:00:00.000Z,306.92498779296875,307.1559143066406,306.3599853515625,306.4100036621094,538047
2026-03-17T15:30:00.000Z,306.42999267578125,307.92999267578125,306.19000244140625,307.82501220703125,2093360
2026-03-17T16:00:00.000Z,307.8299865722656,308.75,307.7900085449219,308.25,878984
2026-03-17T16:30:00.000Z,308.260009765625,308.5513000488281,307.6830139160156,307.760009765625,630993
2026-03-17T17:00:00.000Z,307.7699890136719,308.1199951171875,307.55999755859375,307.7900085449219,2836077
2026-03-17T17:30:00.000Z,307.7699890136719,308.75,307.69000244140625,308.67999267578125,3188996
2026-03-17T18:00:00.000Z,308.67999267578125,309.6199951171875,307.185302734375,309.2900085449219,3628578
2026-03-17T18:30:00.000Z,309.2799987792969,309.95001220703125,309.010009765625,309.8399963378906,606505
2026-03-17T19:00:00.000Z,309.8599853515625,310.6499938964844,309.7099914550781,310.5400085449219,961362
2026-03-17T19:30:00.000Z,310.54998779296875,311.4200134277344,310.2900085449219,310.8500061035156,2100462
2026-03-17T20:00:00.000Z,310.885,311.35,309.5434,310.99,0
2026-03-17T20:30:00.000Z,310.92,311.3,310.88,311,0
2026-03-17T21:00:00.000Z,311.05,311.21,288.8755,310.7,0
2026-03-17T21:30:00.000Z,310.7,310.8437,310.3,310.52,0
2026-03-17T22:00:00.000Z,310.51,310.7,310.3,310.4912,0
2026-03-17T22:30:00.000Z,310.5,310.63,310.14,310.48,0
2026-03-17T23:00:00.000Z,310.3,310.64,310.15,310.44,0
2026-03-17T23:30:00.000Z,310.45,310.64,310.21,310.3894,0
2026-03-18T08:00:00.000Z,313.83,313.83,312.19,312.69,0
2026-03-18T08:30:00.000Z,312.58,312.73,312.14,312.21,0
2026-03-18T09:00:00.000Z,312.3,312.56,312.12,312.56,0
2026-03-18T09:30:00.000Z,312.59,312.62,312.41,312.48,0
2026-03-18T10:00:00.000Z,312.5,312.74,312.5,312.69,0
2026-03-18T10:30:00.000Z,312.69,312.69,312.11,312.16,0
2026-03-18T11:00:00.000Z,312.11,312.28,311.49,311.49,0
2026-03-18T11:30:00.000Z,311.43,311.91,311.29,311.3,0
2026-03-18T12:00:00.000Z,312.21,313.1647,309.88,310.35,0
2026-03-18T12:30:00.000Z,310.19,310.24,308.09,308.29,0
2026-03-18T13:00:00.000Z,308.29,309.49,307.88,309.43,0
2026-03-18T13:30:00.000Z,309.30999755859375,312.4700012207031,309.30999755859375,310.5,3007065
2026-03-18T14:00:00.000Z,310.5400085449219,311.260009765625,308.8599853515625,309.2099914550781,1866799
2026-03-18T14:30:00.000Z,309.19000244140625,311.30999755859375,309.1499938964844,310.7900085449219,773337
2026-03-18T15:00:00.000Z,310.7900085449219,311.04998779296875,310.06219482421875,310.70001220703125,690537
2026-03-18T15:30:00.000Z,310.67999267578125,311.1300048828125,310.2300109863281,310.5419921875,5746800
2026-03-18T16:00:00.000Z,310.5400085449219,310.82000732421875,310.1000061035156,310.20001220703125,365456
2026-03-18T16:30:00.000Z,310.1700134277344,310.3299865722656,309.3092041015625,309.57501220703125,727384
2026-03-18T17:00:00.000Z,309.57501220703125,309.57501220703125,308.6499938964844,308.8999938964844,560628
2026-03-18T17:30:00.000Z,308.9200134277344,309.5,308.5,309.29998779296875,497541
2026-03-18T18:00:00.000Z,309.30999755859375,309.8999938964844,308.57000732421875,308.6427917480469,431336
2026-03-18T18:30:00.000Z,308.6549987792969,308.80999755859375,307.70001220703125,307.7550048828125,586621
2026-03-18T19:00:00.000Z,307.7300109863281,308.8299865722656,307.70001220703125,307.9100036621094,3909478
2026-03-18T19:30:00.000Z,307.92999267578125,308.2349853515625,306.9320068359375,307.7300109863281,1436546
2026-03-18T20:00:00.000Z,307.69,308.7855,306.63,306.8305,0
2026-03-18T20:30:00.000Z,306.93,307.69,289.8524,307.15,0
2026-03-18T21:00:00.000Z,307.3,307.95,307.01,307.9,0
2026-03-18T21:30:00.000Z,307.74,308.1,289.8524,307.7297,0
2026-03-18T22:00:00.000Z,307.7694,307.88,306.66,307.4,0
2026-03-18T22:30:00.000Z,306.85,307.43,306.08,307.1,0
2026-03-18T23:00:00.000Z,307.1,307.9,306.9,307.36,0
2026-03-18T23:30:00.000Z,307.69,307.75,306.8185,306.9,0
2026-03-19T08:00:00.000Z,306.29,306.62,305.94,306.02,0
2026-03-19T08:30:00.000Z,306.19,306.45,305.6,305.81,0
2026-03-19T09:00:00.000Z,305.93,306.94,305,305.69,0
2026-03-19T09:30:00.000Z,305.93,307.68,305.6,307.09,0
2026-03-19T10:00:00.000Z,306.92,307.08,306.21,306.71,0
2026-03-19T10:30:00.000Z,306.86,307.01,305.91,306.49,0
2026-03-19T11:00:00.000Z,306.29,307.23,305.86,306.08,0
2026-03-19T11:30:00.000Z,306.11,306.79,305.56,306.79,0
2026-03-19T12:00:00.000Z,306.5,307.88,305,305.1,0
2026-03-19T12:30:00.000Z,305.237,305.88,304.49,304.97,0
2026-03-19T13:00:00.000Z,305.22,305.85,302.67,304.3,0
2026-03-19T13:30:00.000Z,304.0050048828125,305.364990234375,302.3500061035156,304.989990234375,4355414
2026-03-19T14:00:00.000Z,304.92999267578125,305.80999755859375,303.7300109863281,303.8699951171875,838670
2026-03-19T14:30:00.000Z,303.8399963378906,305.6000061035156,303.7900085449219,305.0950012207031,797784
2026-03-19T15:00:00.000Z,305.0799865722656,306.0899963378906,304.30999755859375,304.3299865722656,5117406
2026-03-19T15:30:00.000Z,304.3299865722656,305.29998779296875,303.7200012207031,305.2699890136719,905783
2026-03-19T16:00:00.000Z,305.260009765625,306.1700134277344,305,305.6700134277344,788928
2026-03-19T16:30:00.000Z,305.69000244140625,306.364990234375,304.9700012207031,306.2799987792969,850495
2026-03-19T17:00:00.000Z,306.2900085449219,306.30999755859375,305.1099853515625,305.7850036621094,6248679
2026-03-19T17:30:00.000Z,305.80999755859375,306.2099914550781,305.0849914550781,305.7799987792969,329454
2026-03-19T18:00:00.000Z,305.760009765625,306.1199951171875,305.0899963378906,305.42999267578125,544375
2026-03-19T18:30:00.000Z,305.45001220703125,306.6700134277344,305.125,306.3399963378906,544462
2026-03-19T19:00:00.000Z,306.3699951171875,308.0400085449219,306.3500061035156,306.8299865722656,1325168
2026-03-19T19:30:00.000Z,306.7799987792969,307.3949890136719,306.2950134277344,307.0799865722656,1618282
2026-03-19T20:00:00.000Z,307.07,308.4,306.5,307.2049,0
2026-03-19T20:30:00.000Z,307.15,307.53,297.2979,307.13,0
2026-03-19T21:00:00.000Z,307.13,307.53,307.13,307.2766,0
2026-03-19T21:30:00.000Z,307.53,307.53,307.13,307.36,0
2026-03-19T22:00:00.000Z,307.35,307.99,307.03,307.59,0
2026-03-19T22:30:00.000Z,307.21,307.8,307.21,307.5,0
2026-03-19T23:00:00.000Z,307.45,307.8,307.22,307.3,0
2026-03-19T23:30:00.000Z,307.22,307.5,307.03,307.33,0
2026-03-20T08:00:00.000Z,306.96,307.1,306.53,306.53,0
2026-03-20T08:30:00.000Z,306.52,306.63,306.14,306.24,0
2026-03-20T09:00:00.000Z,306.21,306.83,305.59,305.59,0
2026-03-20T09:30:00.000Z,305.69,305.78,304.52,305.04,0
2026-03-20T10:00:00.000Z,305.05,305.05,303.68,304.29,0
2026-03-20T10:30:00.000Z,304.44,304.92,304.3,304.8,0
2026-03-20T11:00:00.000Z,304.8,305.5,304.67,304.8,0
2026-03-20T11:30:00.000Z,304.81,305.24,304.25,304.67,0
2026-03-20T12:00:00.000Z,307.8488,307.8488,303.5529,305.6,0
2026-03-20T12:30:00.000Z,305.67,305.67,305,305.6652,0
2026-03-20T13:00:00.000Z,305.65,306.7,304.75,305.24,0
2026-03-20T13:30:00.000Z,305.989990234375,306,301.7900085449219,302.010009765625,6287057
2026-03-20T14:00:00.000Z,301.989990234375,302.9840087890625,301.30999755859375,302.2449951171875,1733567
2026-03-20T14:30:00.000Z,302.2200012207031,302.760009765625,301.4700012207031,301.8100891113281,1433950
2026-03-20T15:00:00.000Z,301.80999755859375,302.29998779296875,300.82000732421875,301.25,1638410
2026-03-20T15:30:00.000Z,301.2799987792969,302.1499938964844,301.07000732421875,302.05499267578125,1165834
2026-03-20T16:00:00.000Z,301.9949951171875,302.79998779296875,301.9057922363281,302.04998779296875,755197
2026-03-20T16:30:00.000Z,302.03009033203125,302.0799865722656,300.82000732421875,300.8900146484375,1090958
2026-03-20T17:00:00.000Z,300.9150085449219,301.3399963378906,300.364990234375,300.7200927734375,1283126
2026-03-20T17:30:00.000Z,300.7200012207031,300.82000732421875,299.82000732421875,300.42999267578125,1064621
2026-03-20T18:00:00.000Z,300.42999267578125,300.5299987792969,299.5799865722656,299.88031005859375,1262134
2026-03-20T18:30:00.000Z,299.9100036621094,299.9100036621094,298.5,299.0199890136719,1395948
2026-03-20T19:00:00.000Z,299.0199890136719,299.67999267578125,298.8800048828125,299.5400085449219,1251554
2026-03-20T19:30:00.000Z,299.55999755859375,301.8599853515625,298.2699890136719,300.9700012207031,7511459
2026-03-20T20:00:00.000Z,300.93,301.6,300.45,300.76,0
2026-03-20T20:30:00.000Z,300.89,303.7522,280.8093,301.24,0
2026-03-20T21:00:00.000Z,301.24,304,280.8093,302.2,0
2026-03-20T21:30:00.000Z,302.1099,302.79,300,302.4,0
2026-03-20T22:00:00.000Z,302.4,303.3,302.4,302.65,0
2026-03-20T22:30:00.000Z,302.86,303,302.35,302.4,0
2026-03-20T23:00:00.000Z,302.44,303,302.39,302.8,0
2026-03-20T23:30:00.000Z,302.83,302.84,302.39,302.77,0
2026-03-23T08:00:00.000Z,295.96,296.77,294.98,295.67,0
2026-03-23T08:30:00.000Z,295.62,296.73,295.61,296.43,0
2026-03-23T09:00:00.000Z,296.16,296.96,295.63,296.45,0
2026-03-23T09:30:00.000Z,296.68,296.69,295.55,296.3,0
2026-03-23T10:00:00.000Z,296.36,296.98,295.67,295.8,0
2026-03-23T10:30:00.000Z,295.78,297.13,295,295.82,0
2026-03-23T11:00:00.000Z,295.99,307.57,295.96,304.21,0
2026-03-23T11:30:00.000Z,304.18,306.91,301.69,302.12,0
2026-03-23T12:00:00.000Z,296.48,307.59,291.9975,303.75,0
2026-03-23T12:30:00.000Z,303.48,306,302.911,305.6,0
2026-03-23T13:00:00.000Z,305.7,306.02,300.8317,302.26,0
2026-03-23T13:30:00.000Z,302.1099853515625,304.6199951171875,301.9100036621094,303.9200134277344,5177994
2026-03-23T14:00:00.000Z,303.8699951171875,305.42999267578125,303.4801025390625,304.4800109863281,1951761
2026-03-23T14:30:00.000Z,304.4599914550781,304.489990234375,303.1449890136719,303.4849853515625,1547062
2026-03-23T15:00:00.000Z,303.489990234375,305.42999267578125,303.2799987792969,305.1600036621094,2171305
2026-03-23T15:30:00.000Z,305.20001220703125,305.9700012207031,303.25,303.5849914550781,2562510
2026-03-23T16:00:00.000Z,303.55999755859375,304.1700134277344,300.92999267578125,301.1451110839844,2222500
2026-03-23T16:30:00.000Z,301.19000244140625,302.5199890136719,301.06500244140625,302.1401062011719,1060695
2026-03-23T17:00:00.000Z,302.1400146484375,302.3800048828125,301.2900085449219,301.69500732421875,794897
2026-03-23T17:30:00.000Z,301.67999267578125,302.70001220703125,301.29998779296875,302.05499267578125,1059632
2026-03-23T18:00:00.000Z,302.0574951171875,302.5400085449219,301.4800109863281,302.010009765625,836815
2026-03-23T18:30:00.000Z,302.1499938964844,303.2900085449219,302.1400146484375,303.1000061035156,874504
2026-03-23T19:00:00.000Z,303.0899963378906,303.19000244140625,302.05999755859375,302.6400146484375,914985
2026-03-23T19:30:00.000Z,302.6099853515625,303.32000732421875,301.94000244140625,302.0199890136719,2741788
2026-03-23T20:00:00.000Z,302.01,302.57,301.45,301.8,0
2026-03-23T20:30:00.000Z,301.7545,302.1272,286.507,301.78,0
2026-03-23T21:00:00.000Z,301.83,302.2,286.507,301.88,0
2026-03-23T21:30:00.000Z,302.2,302.2,301.7,301.85,0
2026-03-23T22:00:00.000Z,301.9,302.2,301.5,301.9592,0
2026-03-23T22:30:00.000Z,302.14,302.96,302,302.5,0
2026-03-23T23:00:00.000Z,302.13,302.95,302.13,302.6575,0
2026-03-23T23:30:00.000Z,302.504,302.66,301.58,302.49,0
2026-03-24T08:00:00.000Z,302.75,303,301.71,301.9,0
2026-03-24T08:30:00.000Z,301.7,302.2,301.69,301.89,0
2026-03-24T09:00:00.000Z,301.63,301.64,300.67,301.11,0
2026-03-24T09:30:00.000Z,301.35,302.06,301.23,302.06,0
2026-03-24T10:00:00.000Z,301.77,302.22,301.65,301.65,0
2026-03-24T10:30:00.000Z,301.92,301.93,301.4,301.4,0
2026-03-24T11:00:00.000Z,301.26,301.7,300.85,300.85,0
2026-03-24T11:30:00.000Z,301.15,301.5,300.27,301.46,0
2026-03-24T12:00:00.000Z,302.85,302.9988,299.15,301.19,0
2026-03-24T12:30:00.000Z,300.87,301.38,299.8,299.9,0
2026-03-24T13:00:00.000Z,300,300.25,298.56,299.06,0
2026-03-24T13:30:00.000Z,299.1099853515625,299.9200134277344,296.8299865722656,297.6700134277344,3720584
2026-03-24T14:00:00.000Z,297.6499938964844,298.3399963378906,295.052490234375,295.3699951171875,2314096
2026-03-24T14:30:00.000Z,295.3900146484375,297.2900085449219,295.07000732421875,295.7699890136719,2868037
2026-03-24T15:00:00.000Z,295.7550048828125,296.8599853515625,295.3349914550781,295.80999755859375,1973617
2026-03-24T15:30:00.000Z,295.7900085449219,296.42498779296875,294.7699890136719,295.6099853515625,1958126
2026-03-24T16:00:00.000Z,295.57000732421875,295.70001220703125,292.92010498046875,294.2349853515625,2606155
2026-03-24T16:30:00.000Z,294.17999267578125,294.30999755859375,293.17999267578125,293.7850036621094,1446566
2026-03-24T17:00:00.000Z,293.7900085449219,293.8900146484375,292.0950012207031,292.7149963378906,1931515
2026-03-24T17:30:00.000Z,292.68499755859375,293.2300109863281,292.1499938964844,293.07000732421875,1477327
2026-03-24T18:00:00.000Z,293.0400085449219,293.55999755859375,292.2349853515625,292.7998962402344,1837832
2026-03-24T18:30:00.000Z,292.7850036621094,293.6400146484375,292.17999267578125,292.45849609375,1856528
2026-03-24T19:00:00.000Z,292.44000244140625,293.07989501953125,291.6000061035156,291.6400146484375,1638413
2026-03-24T19:30:00.000Z,291.6499938964844,291.7587890625,290.3349914550781,290.4100036621094,5828358
2026-03-24T20:00:00.000Z,290.43,293.824,290.11,292.71,0
2026-03-24T20:30:00.000Z,292.69,301.5956,273.9053,292.3,0
2026-03-24T21:00:00.000Z,292.73,298.4882,275.5397,292.85,0
2026-03-24T21:30:00.000Z,292.85,301.5956,286.8371,293.12,0
2026-03-24T22:00:00.000Z,293.12,303.16,287.9599,292.75,0
2026-03-24T22:30:00.000Z,292.8488,293.25,292.8,293.06,0
2026-03-24T23:00:00.000Z,293.14,293.8,293.1,293.69,0
2026-03-24T23:30:00.000Z,293.69,293.8,293.0997,293.1,0
2026-03-25T08:00:00.000Z,293.32,294.83,293.08,294.63,0
2026-03-25T08:30:00.000Z,294.5,294.74,292.88,293.6,0
2026-03-25T09:00:00.000Z,293.59,294.28,293.41,293.96,0
2026-03-25T09:30:00.000Z,293.93,294.11,293.36,293.86,0
2026-03-25T10:00:00.000Z,293.86,294.11,293.75,293.82,0
2026-03-25T10:30:00.000Z,293.8,294.07,293.37,293.88,0
2026-03-25T11:00:00.000Z,293.93,294.5,293.58,294.1,0
2026-03-25T11:30:00.000Z,294.19,294.71,293.86,294.41,0
2026-03-25T12:00:00.000Z,294.6,295.19,290.44,293.9,0
2026-03-25T12:30:00.000Z,293.97,294.56,293.0883,294.35,0
2026-03-25T13:00:00.000Z,294.32,295,293,293.3,0
2026-03-25T13:30:00.000Z,293.44000244140625,296,291.5299987792969,291.6600036621094,5065975
2026-03-25T14:00:00.000Z,291.69000244140625,291.8500061035156,290.1499938964844,290.82000732421875,3581433
2026-03-25T14:30:00.000Z,290.8500061035156,292.2300109863281,290.44000244140625,291.30999755859375,2385989
2026-03-25T15:00:00.000Z,291.30999755859375,291.7799987792969,289.239990234375,291.2099914550781,2184173
2026-03-25T15:30:00.000Z,291.2300109863281,291.44000244140625,289.55999755859375,290.6400146484375,1763416
2026-03-25T16:00:00.000Z,290.6050109863281,291.55999755859375,290.1499938964844,291.4800109863281,1253731
2026-03-25T16:30:00.000Z,291.4700012207031,291.82000732421875,290.8500061035156,291.05999755859375,905278
2026-03-25T17:00:00.000Z,291.05999755859375,291.3500061035156,290.2099914550781,290.9100036621094,1149054
2026-03-25T17:30:00.000Z,290.9200134277344,291.82501220703125,290.6600036621094,291.0299987792969,1042056
2026-03-25T18:00:00.000Z,291.0299987792969,291.2049865722656,289.9700012207031,290.1400146484375,1022369
2026-03-25T18:30:00.000Z,290.17999267578125,290.510009765625,289.4599914550781,290.010009765625,1071304
2026-03-25T19:00:00.000Z,290.0199890136719,290.7200012207031,289.6499938964844,290.3800048828125,1236893
2026-03-25T19:30:00.000Z,290.3599853515625,291.1700134277344,289.9750061035156,290.9200134277344,2957244
2026-03-25T20:00:00.000Z,290.92,291.5,290.88,290.8812,0
2026-03-25T20:30:00.000Z,290.95,296.6984,275.2443,290.84,0
2026-03-25T21:00:00.000Z,290.84,295.008,276.8573,290.5,0
2026-03-25T21:30:00.000Z,290.43,290.93,290.25,290.38,0
2026-03-25T22:00:00.000Z,290.38,290.93,289.98,289.9891,0
2026-03-25T22:30:00.000Z,289.98,290.412,289.98,290.1,0
2026-03-25T23:00:00.000Z,290.08,290.42,290.06,290.3188,0
2026-03-25T23:30:00.000Z,290.25,290.35,290.06,290.08,0
2026-03-26T08:00:00.000Z,290.16,290.43,289.16,289.2,0
2026-03-26T08:30:00.000Z,289.1,289.32,288.37,288.73,0
2026-03-26T09:00:00.000Z,288.64,288.81,287.84,287.85,0
2026-03-26T09:30:00.000Z,287.8,288.43,287.22,288.25,0
2026-03-26T10:00:00.000Z,288.23,289.27,288.15,289.12,0
2026-03-26T10:30:00.000Z,289.07,289.19,288.5,288.95,0
2026-03-26T11:00:00.000Z,288.95,289.08,288.01,288.13,0
2026-03-26T11:30:00.000Z,288.06,288.12,287.32,287.33,0
2026-03-26T12:00:00.000Z,290.6388,290.9705,287.01,287.55,0
2026-03-26T12:30:00.000Z,287.526,287.71,287,287.31,0
2026-03-26T13:00:00.000Z,287.32,288.09,286.71,288.08,0
2026-03-26T13:30:00.000Z,287.9100036621094,287.95001220703125,284.1300048828125,286.57000732421875,5775924
2026-03-26T14:00:00.000Z,286.57000732421875,287.44000244140625,285.9408874511719,286.29998779296875,2347158
2026-03-26T14:30:00.000Z,286.29998779296875,287.7950134277344,285.7699890136719,286.3699951171875,2325960
2026-03-26T15:00:00.000Z,286.3900146484375,286.6593017578125,285.29998779296875,285.6650085449219,1847755
2026-03-26T15:30:00.000Z,285.6499938964844,285.70001220703125,284.6400146484375,284.8399963378906,1877460
2026-03-26T16:00:00.000Z,284.82000732421875,285.1199951171875,284.1700134277344,284.2900085449219,1493870
2026-03-26T16:30:00.000Z,284.2699890136719,284.69500732421875,283.3599853515625,283.94000244140625,1819336
2026-03-26T17:00:00.000Z,283.9100036621094,284.2099914550781,282.55999755859375,282.7900085449219,1362667
2026-03-26T17:30:00.000Z,282.864990234375,283.3500061035156,281.95001220703125,282,1554203
2026-03-26T18:00:00.000Z,282.04998779296875,282.4100036621094,278.5,280.5199890136719,5713568
2026-03-26T18:30:00.000Z,280.54998779296875,281.8929138183594,280.3699951171875,281.6099853515625,1765120
2026-03-26T19:00:00.000Z,281.6400146484375,281.6400146484375,280.2900085449219,281.364990234375,1683806
2026-03-26T19:30:00.000Z,281.3800048828125,281.4599914550781,280.05120849609375,280.95001220703125,4317908
2026-03-26T20:00:00.000Z,281.16,282.96,280.2917,281.5,0
2026-03-26T20:30:00.000Z,281.49,287.5135,264.3816,281.54,0
2026-03-26T21:00:00.000Z,281.51,281.8,269.2904,281.69,0
2026-03-26T21:30:00.000Z,281.6988,282.5039,269.2904,281.3,0
2026-03-26T22:00:00.000Z,281.3,281.6,281.01,281.14,0
2026-03-26T22:30:00.000Z,281.14,283.24,280.92,281.21,0
2026-03-26T23:00:00.000Z,281.2,281.49,281.06,281.34,0
2026-03-26T23:30:00.000Z,281.34,281.88,281.2,281.87,0
2026-03-27T08:00:00.000Z,282.17,282.4,280.38,280.38,0
2026-03-27T08:30:00.000Z,280.38,280.84,279.59,279.97,0
2026-03-27T09:00:00.000Z,279.96,280.32,279.04,280.2,0
2026-03-27T09:30:00.000Z,280.2,280.63,279.6,279.6,0
2026-03-27T10:00:00.000Z,279.62,279.86,279.3,279.52,0
2026-03-27T10:30:00.000Z,279.48,279.51,278.12,278.57,0
2026-03-27T11:00:00.000Z,278.73,278.73,277.6,278.18,0
2026-03-27T11:30:00.000Z,278.2,278.89,277.88,278.3,0
2026-03-27T12:00:00.000Z,280.31,284.07,277.56,277.95,0
2026-03-27T12:30:00.000Z,277.85,278,276.73,276.87,0
2026-03-27T13:00:00.000Z,276.93,277.4276,275.54,277.4276,0
2026-03-27T13:30:00.000Z,277.2749938964844,278.94000244140625,275.2699890136719,276.7300109863281,6011117
2026-03-27T14:00:00.000Z,276.739990234375,278.94000244140625,276.5899963378906,277.95001220703125,2540608
2026-03-27T14:30:00.000Z,277.92999267578125,279.3699951171875,277.5,278.8800048828125,2162645
2026-03-27T15:00:00.000Z,278.8399963378906,279.1600036621094,277.5,278.2699890136719,1688342
2026-03-27T15:30:00.000Z,278.2749938964844,278.69000244140625,277.4549865722656,277.69000244140625,2186527
2026-03-27T16:00:00.000Z,277.70001220703125,277.7699890136719,276.54998779296875,276.6700134277344,1547439
2026-03-27T16:30:00.000Z,276.6499938964844,277.2200012207031,276.19500732421875,276.7250061035156,1597870
2026-03-27T17:00:00.000Z,276.7250061035156,276.95001220703125,274.6068115234375,274.69000244140625,1861116
2026-03-27T17:30:00.000Z,274.67999267578125,275.135009765625,273.95001220703125,274.4100036621094,1938404
2026-03-27T18:00:00.000Z,274.4100036621094,275.42999267578125,274.010009765625,275.2699890136719,1580622
2026-03-27T18:30:00.000Z,275.25,275.7300109863281,274.8599853515625,274.8999938964844,1495883
2026-03-27T19:00:00.000Z,274.8900146484375,275.5,274.67999267578125,274.7749938964844,1391973
2026-03-27T19:30:00.000Z,274.7699890136719,275.0849914550781,274.0400085449219,274.2300109863281,4300354
2026-03-27T20:00:00.000Z,274.235,277,273.54,274.2658,0
2026-03-27T20:30:00.000Z,274.2485,290.5975,259.0179,274.15,0
2026-03-27T21:00:00.000Z,274.214,275.991,274.1,274.1718,0
2026-03-27T21:30:00.000Z,274.11,274.34,274,274.07,0
2026-03-27T22:00:00.000Z,274.0593,274.09,273.38,273.65,0
2026-03-27T22:30:00.000Z,273.66,273.69,273.05,273.25,0
2026-03-27T23:00:00.000Z,273.3,273.37,272.8,272.97,0
2026-03-27T23:30:00.000Z,272.97,273,272.5801,272.8,0
2026-03-30T08:00:00.000Z,273.6,275.6288,273.01,275.4,0
2026-03-30T08:30:00.000Z,275.15,275.84,275.15,275.69,0
2026-03-30T09:00:00.000Z,275.69,276.3,275.5,275.5,0
2026-03-30T09:30:00.000Z,275.985,275.985,275,275.18,0
2026-03-30T10:00:00.000Z,275,275.38,274.45,274.65,0
2026-03-30T10:30:00.000Z,274.65,275.2439,274.4,274.94,0
2026-03-30T11:00:00.000Z,274.915,276.3,274.34,275.73,0
2026-03-30T11:30:00.000Z,275.74,276,274.82,274.95,0
2026-03-30T12:00:00.000Z,275,276.1901,274.52,276,0
2026-03-30T12:30:00.000Z,275.72,290.93,275.6,276.21,0
2026-03-30T13:00:00.000Z,276.25,276.8,275.18,276.67,0
2026-03-30T13:30:00.000Z,276.42999267578125,277.0899963378906,273.70001220703125,273.8699951171875,5043102
2026-03-30T14:00:00.000Z,273.80999755859375,274.9800109863281,273.0799865722656,274.05999755859375,2709349
2026-03-30T14:30:00.000Z,274,274.6300048828125,273.2099914550781,274.6099853515625,1780512
2026-03-30T15:00:00.000Z,274.5899963378906,275.0400085449219,273.4700012207031,274.20001220703125,1863964
2026-03-30T15:30:00.000Z,274.20550537109375,275.9100036621094,274.1400146484375,275.2900085449219,1333198
2026-03-30T16:00:00.000Z,275.25,275.3699951171875,274.2099914550781,274.2200012207031,1053270
2026-03-30T16:30:00.000Z,274.2099914550781,274.69000244140625,274.1000061035156,274.2699890136719,1063086
2026-03-30T17:00:00.000Z,274.25,274.55999755859375,273.7200012207031,273.9599914550781,1067107
2026-03-30T17:30:00.000Z,273.9800109863281,274.3599853515625,273.6300048828125,274.0400085449219,1236996
2026-03-30T18:00:00.000Z,274.0400085449219,274.260009765625,273.22088623046875,273.2301025390625,1119858
2026-03-30T18:30:00.000Z,273.25,273.55999755859375,272.79998779296875,272.8500061035156,1275302
2026-03-30T19:00:00.000Z,272.8800048828125,273.04998779296875,272.1700134277344,272.42999267578125,1511021
2026-03-30T19:30:00.000Z,272.42999267578125,273.7950134277344,272.1099853515625,273.510009765625,3723737
2026-03-30T20:00:00.000Z,273.51,273.71,272.73,272.9,0
2026-03-30T20:30:00.000Z,272.88,273.5,272.83,273.35,0
2026-03-30T21:00:00.000Z,273.0512,273.5,272.97,273,0
2026-03-30T21:30:00.000Z,273.1404,273.5,272.805,272.91,0
2026-03-30T22:00:00.000Z,272.95,273.5,272.89,273.2504,0
2026-03-30T22:30:00.000Z,273.25,291.35,273.25,273.25,0
2026-03-30T23:00:00.000Z,273.2347,290.93,272.1,272.65,0
2026-03-30T23:30:00.000Z,272.5861,272.78,272,272.2,0
2026-03-31T08:00:00.000Z,275.96,277.0657,273.5,276.4215,0
2026-03-31T08:30:00.000Z,276.66,276.891,275.7856,275.86,0
2026-03-31T09:00:00.000Z,276.22,276.51,275.78,276.14,0
2026-03-31T09:30:00.000Z,276.24,276.41,275.9148,276.18,0
2026-03-31T10:00:00.000Z,276.29,276.9,276.0277,276.7,0
2026-03-31T10:30:00.000Z,276.7,276.7,275.7912,276.06,0
2026-03-31T11:00:00.000Z,275.95,277.61,273.5,277.41,0
2026-03-31T11:30:00.000Z,277.42,277.77,277,277.15,0
2026-03-31T12:00:00.000Z,277.2475,277.92,276.5142,277.3892,0
2026-03-31T12:30:00.000Z,277.62,278.24,277.23,277.3521,0
2026-03-31T13:00:00.000Z,277.3911,278.3,276.77,278.3,0
2026-03-31T13:30:00.000Z,278.0400085449219,280.07000732421875,277.0899963378906,279.94000244140625,4734111
2026-03-31T14:00:00.000Z,279.9700012207031,282.3399963378906,279.82000732421875,282.1300048828125,2936125
2026-03-31T14:30:00.000Z,282.1099853515625,282.6050109863281,280.4700012207031,280.7699890136719,2305647
2026-03-31T15:00:00.000Z,280.760009765625,282.3599853515625,280.7300109863281,281.3800048828125,1556212
2026-03-31T15:30:00.000Z,281.32000732421875,281.8299865722656,280.9949951171875,281.1000061035156,991898
2026-03-31T16:00:00.000Z,281.04998779296875,282.44000244140625,280.9049987792969,282.29998779296875,1560302
2026-03-31T16:30:00.000Z,282.2749938964844,285.33990478515625,281.8399963378906,284.8800048828125,2506003
2026-03-31T17:00:00.000Z,284.8999938964844,287.9800109863281,284.8399963378906,286.82501220703125,2494986
2026-03-31T17:30:00.000Z,286.760009765625,288.07000732421875,286.3399963378906,286.79998779296875,1886528
2026-03-31T18:00:00.000Z,286.7900085449219,287.4599914550781,286.6000061035156,287.02978515625,1329286
2026-03-31T18:30:00.000Z,287.010009765625,287.1000061035156,286.489990234375,286.8800048828125,1161602
2026-03-31T19:00:00.000Z,286.8299865722656,287.364990234375,286.3399963378906,286.69000244140625,1668082
2026-03-31T19:30:00.000Z,286.69000244140625,287.8800048828125,286.5299987792969,287.56500244140625,4854962
2026-03-31T20:00:00.000Z,287.56,288.5,286.06,287.9,0
2026-03-31T20:30:00.000Z,287.908,288.22,287,287.4341,0
2026-03-31T21:00:00.000Z,287.4987,287.6,281.41,287.35,0
2026-03-31T21:30:00.000Z,287.35,287.56,287,287.3315,0
2026-03-31T22:00:00.000Z,287.11,288.82,287.11,288.74,0
2026-03-31T22:30:00.000Z,288.74,288.74,288,288.45,0
2026-03-31T23:00:00.000Z,288.44,288.802,288,288.8,0
2026-03-31T23:30:00.000Z,288.88,289.68,288.56,289.4983,0
2026-04-01T08:00:00.000Z,290.46,291.81,287.56,289.54,0
2026-04-01T08:30:00.000Z,289.54,289.57,288.8,289.06,0
2026-04-01T09:00:00.000Z,289.09,289.11,287.83,288.43,0
2026-04-01T09:30:00.000Z,288.29,289.29,288.29,289.17,0
2026-04-01T10:00:00.000Z,289.16,289.363,288.598,289.285,0
2026-04-01T10:30:00.000Z,289.29,290.17,289.1012,289.87,0
2026-04-01T11:00:00.000Z,289.71,290.5,287.56,290.26,0
2026-04-01T11:30:00.000Z,290.38,291.39,290.09,291.05,0
2026-04-01T12:00:00.000Z,291.0641,291.52,290.77,291.29,0
2026-04-01T12:30:00.000Z,291.25,291.8688,287.56,290.0128,0
2026-04-01T13:00:00.000Z,290.1,291.5,287.56,290.93,0
2026-04-01T13:30:00.000Z,290.8349914550781,296.05999755859375,290.4100036621094,295.4800109863281,7390118
2026-04-01T14:00:00.000Z,295.5400085449219,296.73919677734375,295.2300109863281,296.260009765625,2465471
2026-04-01T14:30:00.000Z,296.2699890136719,296.6600036621094,294.510009765625,296.3900146484375,2110383
2026-04-01T15:00:00.000Z,296.4599914550781,297.2550048828125,296.17999267578125,296.54998779296875,1893965
2026-04-01T15:30:00.000Z,296.57000732421875,298.239990234375,296.17999267578125,298.0198974609375,1643165
2026-04-01T16:00:00.000Z,297.9800109863281,298.6499938964844,297.5799865722656,298.2699890136719,1276758
2026-04-01T16:30:00.000Z,298.260009765625,299.9100036621094,298.1300048828125,299.6099853515625,1936617
2026-04-01T17:00:00.000Z,299.6199951171875,300.5199890136719,299.5199890136719,299.8500061035156,1892730
2026-04-01T17:30:00.000Z,299.8399963378906,300.3500061035156,298.80999755859375,298.8399963378906,1583719
2026-04-01T18:00:00.000Z,298.7900085449219,298.8500061035156,296.6400146484375,296.8949890136719,2275494
2026-04-01T18:30:00.000Z,296.8999938964844,296.9599914550781,295.8500061035156,296.2699890136719,1735230
2026-04-01T19:00:00.000Z,296.260009765625,298.0400085449219,296.1700134277344,297.7699890136719,1690139
2026-04-01T19:30:00.000Z,297.7900085449219,297.92999267578125,296.5,297.4800109863281,4490210
2026-04-01T20:00:00.000Z,297.47,297.65,297,297.25,0
2026-04-01T20:30:00.000Z,297.49,297.5,290.93,297.01,0
2026-04-01T21:00:00.000Z,297.087,297.39,285.205,297.15,0
2026-04-01T21:30:00.000Z,297.1696,297.39,297,297.27,0
2026-04-01T22:00:00.000Z,297.18,297.39,297,297.22,0
2026-04-01T22:30:00.000Z,297.2,297.4988,297.0612,297.29,0
2026-04-01T23:00:00.000Z,297.2957,297.8,297.13,297.61,0
2026-04-01T23:30:00.000Z,297.6,297.96,297.43,297.7199,0
2026-04-02T08:00:00.000Z,291.76,297.39,289.72,291.66,0
2026-04-02T08:30:00.000Z,291.8,292.27,291.57,291.7073,0
2026-04-02T09:00:00.000Z,291.82,292,291.18,291.59,0
2026-04-02T09:30:00.000Z,291.39,291.6,290.48,290.7946,0
2026-04-02T10:00:00.000Z,291.06,291.06,290.25,290.52,0
2026-04-02T10:30:00.000Z,290.68,291.4888,290.3,291.01,0
2026-04-02T11:00:00.000Z,291.18,297.39,290.28,290.33,0
2026-04-02T11:30:00.000Z,290.45,290.9,288.7,288.7,0
2026-04-02T12:00:00.000Z,288.69,289.69,288.42,289.23,0
2026-04-02T12:30:00.000Z,289.3,297.39,288.5,288.59,0
2026-04-02T13:00:00.000Z,288.59,290.8,288.06,290.51,0
2026-04-02T13:30:00.000Z,290.69000244140625,293.80499267578125,289.45001220703125,293.80499267578125,3882724
2026-04-02T14:00:00.000Z,293.7799987792969,295.25,293.6400146484375,294.07110595703125,1677539
2026-04-02T14:30:00.000Z,293.9800109863281,298.0799865722656,293.94000244140625,296.4150085449219,2018501
2026-04-02T15:00:00.000Z,296.3999938964844,296.7550048828125,295.239990234375,295.9599914550781,1026704
2026-04-02T15:30:00.000Z,295.94000244140625,296.25,294.93011474609375,295.2900085449219,778450
2026-04-02T16:00:00.000Z,295.2799987792969,295.55999755859375,294.7200012207031,295.1300048828125,779012
2026-04-02T16:30:00.000Z,295.0799865722656,296.18499755859375,294.95001220703125,295.7300109863281,679146
2026-04-02T17:00:00.000Z,295.69000244140625,296.239990234375,295.29998779296875,296.04998779296875,1555974
2026-04-02T17:30:00.000Z,296.0299987792969,296.2200012207031,295,295.3900146484375,582685
2026-04-02T18:00:00.000Z,295.4100036621094,295.94500732421875,294.989990234375,295.0199890136719,607933
2026-04-02T18:30:00.000Z,295.0199890136719,295.55999755859375,294.7699890136719,295.2300109863281,759699
2026-04-02T19:00:00.000Z,295.25,296,294.7900085449219,294.93499755859375,964811
2026-04-02T19:30:00.000Z,294.9200134277344,295.8500061035156,294.80999755859375,295.7900085449219,2026686
2026-04-02T20:00:00.000Z,295.78,296.361,295.31,296.21,0
2026-04-02T20:30:00.000Z,296.0326,308.7,295.8,296.26,0
2026-04-02T21:00:00.000Z,296.15,296.39,295.75,295.83,0
2026-04-02T21:30:00.000Z,295.97,296.25,295.77,296,0
2026-04-02T22:00:00.000Z,296,296.2,295.83,296,0
2026-04-02T22:30:00.000Z,296,296.2,295.83,295.9662,0
2026-04-02T23:00:00.000Z,295.9888,295.99,295.77,295.83,0
2026-04-02T23:30:00.000Z,295.98,296.2102,295.78,295.86,0
2026-04-06T08:00:00.000Z,295.7,298.48,295.2445,298.45,0
2026-04-06T08:30:00.000Z,298.3,298.98,298.21,298.66,0
2026-04-06T09:00:00.000Z,298.724,299.314,298.1,298.644,0
2026-04-06T09:30:00.000Z,298.64,298.65,298,298.21,0
2026-04-06T10:00:00.000Z,298.46,298.64,296.9,297.53,0
2026-04-06T10:30:00.000Z,297.5441,298.13,296.76,297.42,0
2026-04-06T11:00:00.000Z,297.22,297.5,295.77,296.89,0
2026-04-06T11:30:00.000Z,296.89,297.2099,296.1212,296.46,0
2026-04-06T12:00:00.000Z,296.55,296.57,295.98,296.21,0
2026-04-06T12:30:00.000Z,296.15,296.636,295.77,296.2,0
2026-04-06T13:00:00.000Z,296.31,296.41,295.61,295.8,0
2026-04-06T13:30:00.000Z,296.0799865722656,298.6400146484375,295.17999267578125,298.0849914550781,2109144
2026-04-06T14:00:00.000Z,298.07000732421875,298.5299987792969,296.4800109863281,298.3800048828125,1205104
2026-04-06T14:30:00.000Z,298.3999938964844,298.6650085449219,296.93011474609375,297.6549987792969,1007018
2026-04-06T15:00:00.000Z,297.67498779296875,298.3999938964844,297.2900085449219,297.4849853515625,819845
2026-04-06T15:30:00.000Z,297.5,297.95001220703125,296.9800109863281,297.83990478515625,535856
2026-04-06T16:00:00.000Z,297.8399963378906,298.94000244140625,297.7300109863281,298.8349914550781,655615
2026-04-06T16:30:00.000Z,298.8299865722656,299.6400146484375,298.67999267578125,299.1000061035156,1033003
2026-04-06T17:00:00.000Z,299.1000061035156,299.3699951171875,297.9700012207031,299.2900085449219,601627
2026-04-06T17:30:00.000Z,299.29998779296875,299.7200012207031,298.9267883300781,298.9800109863281,633500
2026-04-06T18:00:00.000Z,299,300.6199951171875,298.6199951171875,300.3399963378906,981056
2026-04-06T18:30:00.000Z,300.3500061035156,300.4287109375,300,300.135009765625,534880
2026-04-06T19:00:00.000Z,300.1499938964844,300.5185852050781,299.989990234375,300.1000061035156,619269
2026-04-06T19:30:00.000Z,300.07000732421875,300.4200134277344,299.4200134277344,300.02899169921875,1971318
2026-04-06T20:00:00.000Z,299.99,300.19,299.53,299.91,0
2026-04-06T20:30:00.000Z,299.86,300.16,299.6,299.81,0
2026-04-06T21:00:00.000Z,299.99,301.28,299.6,300.34,0
2026-04-06T21:30:00.000Z,300.14,300.25,299.8,300.05,0
2026-04-06T22:00:00.000Z,299.86,300.15,299.1,299.2407,0
2026-04-06T22:30:00.000Z,299.6668,299.75,299.11,299.52,0
2026-04-06T23:00:00.000Z,299.5,299.69,299.13,299.35,0
2026-04-06T23:30:00.000Z,299.26,299.7,299.13,299.13,0
2026-04-07T08:00:00.000Z,299.6727,302,298.22,301.26,0
2026-04-07T08:30:00.000Z,301,303.45,300.85,302.69,0
2026-04-07T09:00:00.000Z,302.65,304.88,302.65,304.51,0
2026-04-07T09:30:00.000Z,304.69,304.86,303.56,303.97,0
2026-04-07T10:00:00.000Z,303.97,304,302.2574,302.99,0
2026-04-07T10:30:00.000Z,302.99,303.7288,299.4596,299.91,0
2026-04-07T11:00:00.000Z,300.33,301,299.67,300.2562,0
2026-04-07T11:30:00.000Z,300.2382,300.6188,299.52,300.09,0
2026-04-07T12:00:00.000Z,300.0566,300.97,299,300.82,0
2026-04-07T12:30:00.000Z,300.88,301.38,300,300.3812,0
2026-04-07T13:00:00.000Z,300.71,302.8317,300.28,302.79,0
2026-04-07T13:30:00.000Z,302.1069030761719,303.1000061035156,299.3900146484375,299.3900146484375,3376712
2026-04-07T14:00:00.000Z,299.42999267578125,300.3999938964844,297.7200012207031,300.3500061035156,1702150
2026-04-07T14:30:00.000Z,300.32000732421875,301.1600036621094,299.7900085449219,299.79998779296875,1063610
2026-04-07T15:00:00.000Z,299.8299865722656,300.94000244140625,298.8299865722656,300.57000732421875,1133687
2026-04-07T15:30:00.000Z,300.55999755859375,301.79998779296875,300.20001220703125,301.7900085449219,1024950
2026-04-07T16:00:00.000Z,301.8299865722656,303.1499938964844,301.6700134277344,302.8399963378906,1277461
2026-04-07T16:30:00.000Z,302.8399963378906,303.135009765625,302.31439208984375,302.5,611143
2026-04-07T17:00:00.000Z,302.5150146484375,302.95001220703125,302.4100036621094,302.7300109863281,505868
2026-04-07T17:30:00.000Z,302.7300109863281,304.1300048828125,302.54998779296875,303.44000244140625,885073
2026-04-07T18:00:00.000Z,303.42999267578125,303.67999267578125,302.8500061035156,302.93499755859375,705212
2026-04-07T18:30:00.000Z,302.92010498046875,303.0199890136719,301.3999938964844,301.6600036621094,671048
2026-04-07T19:00:00.000Z,301.6199951171875,303.67999267578125,301.3500061035156,302.9599914550781,1286934
2026-04-07T19:30:00.000Z,302.8599853515625,305.6199951171875,302.55999755859375,305.45001220703125,3352179
2026-04-07T20:00:00.000Z,305.46,306.071,290.59,305.8925,0
2026-04-07T20:30:00.000Z,305.9,306.5,305.5,306.302,0
2026-04-07T21:00:00.000Z,306.35,306.68,305.46,306.32,0
2026-04-07T21:30:00.000Z,306.6028,307.99,305.46,307.85,0
2026-04-07T22:00:00.000Z,307.85,310.58,307.85,308.92,0
2026-04-07T22:30:00.000Z,308.9,314.44,307.8542,313.5925,0
2026-04-07T23:00:00.000Z,313.5,315.9591,313.18,314.65,0
2026-04-07T23:30:00.000Z,314.62,315.25,313.15,314.79,0
2026-04-08T08:00:00.000Z,317.04,317.97,305.46,317.79,0
2026-04-08T08:30:00.000Z,317.79,318.61,317.5,318.5,0
2026-04-08T09:00:00.000Z,318.5,318.6528,317.9,317.93,0
2026-04-08T09:30:00.000Z,318.06,318.06,317.39,317.49,0
2026-04-08T10:00:00.000Z,317.47,317.76,317.0978,317.69,0
2026-04-08T10:30:00.000Z,317.5966,318.68,317.31,317.74,0
2026-04-08T11:00:00.000Z,317.73,318.1807,317.1983,317.84,0
2026-04-08T11:30:00.000Z,317.81,318.26,317.65,318.14,0
2026-04-08T12:00:00.000Z,318.1217,318.78,317.4,317.66,0
2026-04-08T12:30:00.000Z,317.68,318.75,317.5,318.06,0
2026-04-08T13:00:00.000Z,318.06,321.5,317.8,320.34,0
2026-04-08T13:30:00.000Z,320.44500732421875,322.0150146484375,315.31500244140625,315.6199951171875,7731293
2026-04-08T14:00:00.000Z,315.6099853515625,317.1099853515625,315.0199890136719,316.9700012207031,2559837
2026-04-08T14:30:00.000Z,316.9649963378906,317.2699890136719,315.4200134277344,316.05999755859375,2142101
2026-04-08T15:00:00.000Z,316.05999755859375,317.04998779296875,316.04998779296875,316.7099914550781,1577292
2026-04-08T15:30:00.000Z,316.760009765625,318.52099609375,316.55499267578125,318.45001220703125,1587786
2026-04-08T16:00:00.000Z,318.44000244140625,318.8800048828125,317.5299987792969,318.6300048828125,1425896
2026-04-08T16:30:00.000Z,318.6300048828125,319.8800964355469,318.3999938964844,319.20001220703125,1261191
2026-04-08T17:00:00.000Z,319.2300109863281,319.42999267578125,317.989990234375,318.0950012207031,898983
2026-04-08T17:30:00.000Z,318.0899963378906,318.4800109863281,317.75,318.4200134277344,893203
2026-04-08T18:00:00.000Z,318.3900146484375,319.25970458984375,318.19000244140625,318.260009765625,1289363
2026-04-08T18:30:00.000Z,318.260009765625,318.889892578125,317.29998779296875,317.32000732421875,996880
2026-04-08T19:00:00.000Z,317.2699890136719,318.0849914550781,316.9100036621094,317.0400085449219,1500079
2026-04-08T19:30:00.000Z,317.0299987792969,318.04998779296875,316.1499938964844,317.25,3733666
2026-04-08T20:00:00.000Z,317.34,318,316.8,317.21,0
2026-04-08T20:30:00.000Z,317.0329,317.8,296.6984,317.46,0
2026-04-08T21:00:00.000Z,317.48,338.4966,316.97,317.13,0
2026-04-08T21:30:00.000Z,317.45,317.4882,316.66,316.7,0
2026-04-08T22:00:00.000Z,316.71,317.32,316.66,317.27,0
2026-04-08T22:30:00.000Z,317.3,317.84,317.08,317.32,0
2026-04-08T23:00:00.000Z,317.32,317.3827,317.08,317.08,0
2026-04-08T23:30:00.000Z,317.08,317.25,316.72,316.7889,0
2026-04-09T08:00:00.000Z,316,317.32,314.49,315.1,0
2026-04-09T08:30:00.000Z,315.113,315.86,315.1,315.29,0
2026-04-09T09:00:00.000Z,315.42,315.9205,315.1,315.8481,0
2026-04-09T09:30:00.000Z,315.74,315.9088,315.5,315.69,0
2026-04-09T10:00:00.000Z,315.5398,315.7938,315.05,315.4688,0
2026-04-09T10:30:00.000Z,315.46,315.9,315.05,315.71,0
2026-04-09T11:00:00.000Z,315.59,317.32,314.77,314.9999,0
2026-04-09T11:30:00.000Z,315,315.99,314.7795,315.94,0
2026-04-09T12:00:00.000Z,315.86,316.18,315,315.01,0
2026-04-09T12:30:00.000Z,315.0272,315.81,314.77,315.25,0
2026-04-09T13:00:00.000Z,315.31,316.1329,314.85,316.04,0
2026-04-09T13:30:00.000Z,315.44000244140625,315.44000244140625,312.6099853515625,312.8500061035156,4427143
2026-04-09T14:00:00.000Z,312.8500061035156,313.5799865722656,311.4800109863281,311.7200012207031,1930261
2026-04-09T14:30:00.000Z,311.70001220703125,313.4200134277344,311.05999755859375,313.3999938964844,1561665
2026-04-09T15:00:00.000Z,313.3900146484375,315.639892578125,313.3900146484375,315.2650146484375,1360090
2026-04-09T15:30:00.000Z,315.25,317.8699951171875,315.05999755859375,317.70001220703125,1463957
2026-04-09T16:00:00.000Z,317.6700134277344,319.1700134277344,317.55999755859375,318.739990234375,1253629
2026-04-09T16:30:00.000Z,318.760009765625,318.92999267578125,318.0299987792969,318.5849914550781,737775
2026-04-09T17:00:00.000Z,318.5849914550781,319.5400085449219,318.30999755859375,319.0199890136719,843372
2026-04-09T17:30:00.000Z,319.04998779296875,319.4700012207031,318.54998779296875,319.0299072265625,657119
2026-04-09T18:00:00.000Z,319.0199890136719,319.1400146484375,318.010009765625,318.1000061035156,801113
2026-04-09T18:30:00.000Z,318.1000061035156,318.5856018066406,318,318.3900146484375,585409
2026-04-09T19:00:00.000Z,318.4200134277344,318.9425048828125,318.2699890136719,318.4599914550781,668660
2026-04-09T19:30:00.000Z,318.42498779296875,319.1499938964844,318.385009765625,318.45001220703125,1739321
2026-04-09T20:00:00.000Z,320.25,320.25,317.3362,317.9312,0
2026-04-09T20:30:00.000Z,318,318.47,317.93,318.2,0
2026-04-09T21:00:00.000Z,318.041,318.39,317.29,317.8,0
2026-04-09T21:30:00.000Z,317.37,318.5,317.37,317.8,0
2026-04-09T22:00:00.000Z,317.8,318.47,317.7875,318.4,0
2026-04-09T22:30:00.000Z,318.41,318.41,317.3,317.83,0
2026-04-09T23:00:00.000Z,317.83,317.95,317.22,317.5,0
2026-04-09T23:30:00.000Z,317.5,319.42,317.5,318.51,0
2026-04-10T08:00:00.000Z,318.06,319.086,317.2675,317.73,0
2026-04-10T08:30:00.000Z,317.8342,317.9038,317.3,317.5829,0
2026-04-10T09:00:00.000Z,317.45,318.2782,317.1112,317.86,0
2026-04-10T09:30:00.000Z,317.8412,318.587,317.6797,318.46,0
2026-04-10T10:00:00.000Z,318.5,318.6,318.0812,318.27,0
2026-04-10T10:30:00.000Z,318.2966,318.7888,317.9912,318.55,0
2026-04-10T11:00:00.000Z,318.425,319.5,318.39,319.34,0
2026-04-10T11:30:00.000Z,319.3657,319.54,318.47,318.72,0
2026-04-10T12:00:00.000Z,318.9,319.37,318.5,319.37,0
2026-04-10T12:30:00.000Z,319.38,319.9667,318.67,319.29,0
2026-04-10T13:00:00.000Z,319.4311,320.91,319.15,319.95,0
2026-04-10T13:30:00.000Z,320.25,321.8299865722656,319.42999267578125,319.7130126953125,2964935
2026-04-10T14:00:00.000Z,319.6300048828125,319.9100036621094,318.7550048828125,319.42999267578125,1268658
2026-04-10T14:30:00.000Z,319.4100036621094,319.510009765625,318.2799987792969,319.260009765625,1129541
2026-04-10T15:00:00.000Z,319.260009765625,319.7799987792969,318.3800048828125,318.4277038574219,1085663
2026-04-10T15:30:00.000Z,318.43499755859375,318.6600036621094,317.3500061035156,317.45001220703125,1088365
2026-04-10T16:00:00.000Z,317.489990234375,317.8999938964844,317.239990234375,317.3399963378906,1159474
2026-04-10T16:30:00.000Z,317.3399963378906,317.54998779296875,316.67999267578125,317.10308837890625,764406
2026-04-10T17:00:00.000Z,317.1300048828125,317.1300048828125,316.5199890136719,316.69500732421875,585361
2026-04-10T17:30:00.000Z,316.69000244140625,317.04998779296875,316.5201110839844,316.8045959472656,543989
2026-04-10T18:00:00.000Z,316.7799987792969,317.20989990234375,316.3299865722656,316.8699951171875,1239523
2026-04-10T18:30:00.000Z,316.8699951171875,317.18499755859375,316.7699890136719,316.8900146484375,633776
2026-04-10T19:00:00.000Z,316.9100036621094,317.5400085449219,316.8900146484375,317.3999938964844,721831
2026-04-10T19:30:00.000Z,317.3800048828125,317.70001220703125,316.9849853515625,317.25,2423178
2026-04-10T20:00:00.000Z,317.25,317.51,317.0367,317.24,0
2026-04-10T20:30:00.000Z,317.18,326.0348,306.2552,317.28,0
2026-04-10T21:00:00.000Z,317.82,337.8082,317.24,317.44,0
2026-04-10T21:30:00.000Z,317.43,337.8082,317.3037,317.55,0
2026-04-10T22:00:00.000Z,317.7,317.7,306.2552,317.31,0
2026-04-10T22:30:00.000Z,317.37,317.6,317.3,317.45,0
2026-04-10T23:00:00.000Z,317.44,317.45,317.3,317.44,0
2026-04-10T23:30:00.000Z,317.33,317.83,317,317.8,0
2026-04-13T08:00:00.000Z,314.11,314.6912,313.11,314.09,0
2026-04-13T08:30:00.000Z,314.22,314.2722,313.62,313.85,0
2026-04-13T09:00:00.000Z,313.92,314.3628,313.8855,314.03,0
2026-04-13T09:30:00.000Z,314.03,314.5,313.88,314.04,0
2026-04-13T10:00:00.000Z,314.04,314.3891,313.84,313.86,0
2026-04-13T10:30:00.000Z,313.86,314.6388,313.52,314.47,0
2026-04-13T11:00:00.000Z,314.46,317.24,313.8,314.2739,0
2026-04-13T11:30:00.000Z,313.97,314.22,313.1198,313.19,0
2026-04-13T12:00:00.000Z,313.32,318.033,313.01,313.72,0
2026-04-13T12:30:00.000Z,313.6774,314.95,291.2862,314.63,0
2026-04-13T13:00:00.000Z,314.62,317.4005,314.5,317.25,0
2026-04-13T13:30:00.000Z,317.135009765625,318.9200134277344,315.4700012207031,318.4999084472656,3087060
2026-04-13T14:00:00.000Z,318.4750061035156,320.0150146484375,317.4100036621094,317.81500244140625,1855711
2026-04-13T14:30:00.000Z,317.8399963378906,318.55999755859375,317.68011474609375,318.43499755859375,882078
2026-04-13T15:00:00.000Z,318.42498779296875,318.9425048828125,318.0799865722656,318.77508544921875,802955
2026-04-13T15:30:00.000Z,318.7200012207031,319.510009765625,318.5799865722656,318.6700134277344,651521
2026-04-13T16:00:00.000Z,318.6700134277344,319.2699890136719,318.0299987792969,319.1499938964844,789642
2026-04-13T16:30:00.000Z,319.1499938964844,320.1099853515625,318.8599853515625,319.70709228515625,859728
2026-04-13T17:00:00.000Z,319.7099914550781,319.875,319.0299987792969,319.57501220703125,553470
2026-04-13T17:30:00.000Z,319.55999755859375,319.7900085449219,319.20001220703125,319.20001220703125,519183
2026-04-13T18:00:00.000Z,319.2049865722656,319.5,319.0299987792969,319.2650146484375,580311
2026-04-13T18:30:00.000Z,319.2550048828125,320.29901123046875,319.2099914550781,320.19000244140625,554959
2026-04-13T19:00:00.000Z,320.18499755859375,320.7200012207031,320.0400085449219,320.44000244140625,754400
2026-04-13T19:30:00.000Z,320.4100036621094,321.6300048828125,320.25,321.3900146484375,2940442
2026-04-13T20:00:00.000Z,321.25,321.5,321,321.11,0
2026-04-13T20:30:00.000Z,321.21,321.56,321.06,321.2483,0
2026-04-13T21:00:00.000Z,321.33,321.33,320.96,321,0
2026-04-13T21:30:00.000Z,321,321.3295,320.96,321.325,0
2026-04-13T22:00:00.000Z,321.32,321.6535,321.1442,321.4,0
2026-04-13T22:30:00.000Z,321.37,321.5,321.11,321.44,0
2026-04-13T23:00:00.000Z,321.326,321.5,321.3,321.39,0
2026-04-13T23:30:00.000Z,321.36,321.48,321,321.35,0
2026-04-14T08:00:00.000Z,322.13,323.6162,321,323.5125,0
2026-04-14T08:30:00.000Z,323.55,323.74,323,323.27,0
2026-04-14T09:00:00.000Z,323.27,325,323.12,324.2,0
2026-04-14T09:30:00.000Z,324.2,324.5,323.9,324.25,0
2026-04-14T10:00:00.000Z,324.25,325.0367,324,324.37,0
2026-04-14T10:30:00.000Z,324.47,324.64,323.97,324.0167,0
2026-04-14T11:00:00.000Z,324.01,324.4,321.31,324.26,0
2026-04-14T11:30:00.000Z,324.21,324.6,324,324.47,0
2026-04-14T12:00:00.000Z,324.14,325.12,307.38,324.71,0
2026-04-14T12:30:00.000Z,324.92,325.13,311.49,324.89,0
2026-04-14T13:00:00.000Z,324.89,325.5,324.11,324.86,0
2026-04-14T13:30:00.000Z,324.8599853515625,327.3800048828125,323.75,326.3999938964844,4293364
2026-04-14T14:00:00.000Z,326.32501220703125,327.8500061035156,326.25,327.7950134277344,2232712
2026-04-14T14:30:00.000Z,327.82000732421875,328.5,327.239990234375,328.1600036621094,1869323
2026-04-14T15:00:00.000Z,328.20001220703125,331.19000244140625,327.71600341796875,330.83990478515625,1722225
2026-04-14T15:30:00.000Z,330.8450012207031,332.70001220703125,330.739990234375,332.04998779296875,1711946
2026-04-14T16:00:00.000Z,332.0400085449219,332.989990234375,331.9700012207031,332.79998779296875,1576277
2026-04-14T16:30:00.000Z,332.80859375,332.92999267578125,332,332.8500061035156,1418577
2026-04-14T17:00:00.000Z,332.82861328125,333.2799987792969,332.2799987792969,332.8656005859375,1156190
2026-04-14T17:30:00.000Z,332.8299865722656,333.1000061035156,332.3699951171875,332.6199951171875,852884
2026-04-14T18:00:00.000Z,332.6300048828125,332.8555908203125,331.5299987792969,331.56500244140625,970771
2026-04-14T18:30:00.000Z,331.56500244140625,331.9200134277344,331.4200134277344,331.6700134277344,950487
2026-04-14T19:00:00.000Z,331.67498779296875,332.2699890136719,331.427490234375,332.1900939941406,860754
2026-04-14T19:30:00.000Z,332.19000244140625,332.9800109863281,331.635009765625,332.92999267578125,2465548
2026-04-14T20:00:00.000Z,332.91,333,327.28,332.6488,0
2026-04-14T20:30:00.000Z,332.6,332.91,332.31,332.68,0
2026-04-14T21:00:00.000Z,332.64,332.91,332.64,332.77,0
2026-04-14T21:30:00.000Z,332.7717,332.91,332.51,332.52,0
2026-04-14T22:00:00.000Z,332.52,337.5322,332.32,332.8535,0
2026-04-14T22:30:00.000Z,332.6,337.5322,332.6,332.73,0
2026-04-14T23:00:00.000Z,332.7208,333.05,332.65,332.9247,0
2026-04-14T23:30:00.000Z,333.01,333.5,332.9,333.29,0
2026-04-15T08:00:00.000Z,332.4777,332.91,331.01,332.05,0
2026-04-15T08:30:00.000Z,332.05,332.5,331.8,332.36,0
2026-04-15T09:00:00.000Z,332.045,332.4844,331.5,331.72,0
2026-04-15T09:30:00.000Z,331.77,332.06,331.45,331.74,0
2026-04-15T10:00:00.000Z,331.75,331.93,331.3,331.31,0
2026-04-15T10:30:00.000Z,331.31,332.33,331,332.0751,0
2026-04-15T11:00:00.000Z,332.33,332.91,331.86,332.37,0
2026-04-15T11:30:00.000Z,332.19,333.18,332.19,332.71,0
2026-04-15T12:00:00.000Z,332.64,332.6886,331.89,331.89,0
2026-04-15T12:30:00.000Z,331.9119,332.45,331.89,332.1,0
2026-04-15T13:00:00.000Z,332.05,333.9,332.01,332.95,0
2026-04-15T13:30:00.000Z,332.8900146484375,334,330.8999938964844,332.7900085449219,3537880
2026-04-15T14:00:00.000Z,332.864990234375,334.8500061035156,332.6300048828125,334.6000061035156,1902816
2026-04-15T14:30:00.000Z,334.6098937988281,334.69000244140625,333.55999755859375,333.9150085449219,1074445
2026-04-15T15:00:00.000Z,333.9200134277344,333.9700012207031,332.6300048828125,332.8699951171875,1181807
2026-04-15T15:30:00.000Z,332.885009765625,333.6549987792969,332.6400146484375,333.260009765625,910730
2026-04-15T16:00:00.000Z,333.260009765625,335.218505859375,333.1000061035156,334.989990234375,1200133
2026-04-15T16:30:00.000Z,335,335.0199890136719,334,334.3500061035156,950500
2026-04-15T17:00:00.000Z,334.2900085449219,335.385009765625,334.07000732421875,335.25,630235
2026-04-15T17:30:00.000Z,335.260009765625,335.8999938964844,335.260009765625,335.4949951171875,712801
2026-04-15T18:00:00.000Z,335.489990234375,336.0050048828125,335.25,335.2850036621094,973865
2026-04-15T18:30:00.000Z,335.29998779296875,337.4800109863281,335.2900085449219,337.1099853515625,1848286
2026-04-15T19:00:00.000Z,337.1199951171875,337.1400146484375,335.65460205078125,335.80999755859375,1345519
2026-04-15T19:30:00.000Z,335.79998779296875,337.3900146484375,335.6499938964844,337.1499938964844,3153592
2026-04-15T20:00:00.000Z,337.09,337.3002,336.21,336.4,0
2026-04-15T20:30:00.000Z,336.4487,337.12,317.32,336.38,0
2026-04-15T21:00:00.000Z,336.39,336.6,336.1,336.46,0
2026-04-15T21:30:00.000Z,336.46,337,251.7324,336.747,0
2026-04-15T22:00:00.000Z,336.6458,337.1,336.47,336.9,0
2026-04-15T22:30:00.000Z,336.81,337.1,336.77,336.96,0
2026-04-15T23:00:00.000Z,336.96,337.1,336.96,337.02,0
2026-04-15T23:30:00.000Z,337.01,337.5,337,337.3,0
2026-04-16T08:00:00.000Z,338.11,339.34,337.12,337.49,0
2026-04-16T08:30:00.000Z,337.47,337.8,337.16,337.72,0
2026-04-16T09:00:00.000Z,337.59,337.8788,337.5,337.6,0
2026-04-16T09:30:00.000Z,337.6,337.7988,337.3035,337.66,0
2026-04-16T10:00:00.000Z,337.64,337.7375,336.81,336.88,0
2026-04-16T10:30:00.000Z,337,337.1488,335.43,336.28,0
2026-04-16T11:00:00.000Z,336.64,337.12,335.75,336.07,0
2026-04-16T11:30:00.000Z,335.91,336.6,335.91,336.4,0
2026-04-16T12:00:00.000Z,336.2412,336.62,335.75,336.6,0
2026-04-16T12:30:00.000Z,336.64,337.14,336.31,336.996,0
2026-04-16T13:00:00.000Z,336.8608,339.13,336.84,338.5,0
2026-04-16T13:30:00.000Z,338.75,339.82000732421875,335.82000732421875,336.1700134277344,3066988
2026-04-16T14:00:00.000Z,336.1700134277344,337.57000732421875,335.7200012207031,336.7770080566406,1230621
2026-04-16T14:30:00.000Z,336.8399963378906,338.0799865722656,336.55999755859375,337.1300048828125,989964
2026-04-16T15:00:00.000Z,337.1499938964844,338.0400085449219,336.55999755859375,336.55999755859375,925876
2026-04-16T15:30:00.000Z,336.55999755859375,337.5899963378906,336.5400085449219,337.55999755859375,789797
2026-04-16T16:00:00.000Z,337.55999755859375,338.5,337.55999755859375,337.9107971191406,642701
2026-04-16T16:30:00.000Z,337.9599914550781,338.0137939453125,336.95001220703125,337.3900146484375,580947
2026-04-16T17:00:00.000Z,337.4100036621094,337.4200134277344,335.631103515625,335.9800109863281,1238252
2026-04-16T17:30:00.000Z,335.989990234375,336.55499267578125,334.79998779296875,335.05010986328125,896078
2026-04-16T18:00:00.000Z,335.07000732421875,335.57000732421875,334.5199890136719,334.9800109863281,925099
2026-04-16T18:30:00.000Z,335,335.6600036621094,334.9049987792969,335.31500244140625,811374
2026-04-16T19:00:00.000Z,335.3399963378906,335.3900146484375,334.79998779296875,335.1199951171875,790994
2026-04-16T19:30:00.000Z,335.110107421875,336.4100036621094,335.110107421875,335.989990234375,2588198
2026-04-16T20:00:00.000Z,335.95,336.829,335.46,336.226,0
2026-04-16T20:30:00.000Z,336.2221,336.76,273.7117,336.48,0
2026-04-16T21:00:00.000Z,336.4,336.59,336.02,336.58,0
2026-04-16T21:30:00.000Z,336.5,336.59,336.02,336.36,0
2026-04-16T22:00:00.000Z,336.44,336.6,336.33,336.55,0
2026-04-16T22:30:00.000Z,336.55,336.6,336.33,336.33,0
2026-04-16T23:00:00.000Z,336.33,336.6,336.33,336.56,0
2026-04-16T23:30:00.000Z,336.3367,336.75,336.33,336.75,0
2026-04-17T08:00:00.000Z,336.24,336.97,335.27,336.62,0
2026-04-17T08:30:00.000Z,336.6,336.9392,336.0702,336.8688,0
2026-04-17T09:00:00.000Z,336.87,337.5,336.7,336.9,0
2026-04-17T09:30:00.000Z,336.83,337.12,336.5212,337.12,0
2026-04-17T10:00:00.000Z,337.12,337.2256,336.5172,336.66,0
2026-04-17T10:30:00.000Z,336.66,336.8233,336.2,336.212,0
2026-04-17T11:00:00.000Z,336.44,336.65,335.75,336.2227,0
2026-04-17T11:30:00.000Z,336.09,336.3577,336.02,336.1186,0
2026-04-17T12:00:00.000Z,336.13,336.53,335.65,336.4953,0
2026-04-17T12:30:00.000Z,336.49,338.66,336.4552,338.46,0
2026-04-17T13:00:00.000Z,338.62,339.5,337.01,337.71,0
2026-04-17T13:30:00.000Z,337.7300109863281,338.75,336.239990234375,336.95001220703125,4308089
2026-04-17T14:00:00.000Z,337,337.9800109863281,336.9200134277344,337.1600036621094,1185972
2026-04-17T14:30:00.000Z,337.20001220703125,337.8299865722656,337.05999755859375,337.25,1054646
2026-04-17T15:00:00.000Z,337.25,338.2200012207031,336.54998779296875,338.2200012207031,1130340
2026-04-17T15:30:00.000Z,338.2200012207031,339.2699890136719,337.7799987792969,337.80010986328125,1411240
2026-04-17T16:00:00.000Z,337.7650146484375,339.0400085449219,337.6944885253906,338.7799987792969,846084
2026-04-17T16:30:00.000Z,338.7900085449219,339.5799865722656,338.7900085449219,338.95001220703125,960863
2026-04-17T17:00:00.000Z,338.9800109863281,339.8599853515625,338.9024963378906,339.55999755859375,1121006
2026-04-17T17:30:00.000Z,339.55999755859375,340.5997009277344,339.1499938964844,340.443603515625,1002037
2026-04-17T18:00:00.000Z,340.45001220703125,341.6705017089844,340.2001037597656,341.3999938964844,1552720
2026-04-17T18:30:00.000Z,341.3699951171875,342.1400146484375,341.1400146484375,341.6099853515625,1195521
2026-04-17T19:00:00.000Z,341.6099853515625,341.989990234375,340.7300109863281,341.05999755859375,1461815
2026-04-17T19:30:00.000Z,341.05999755859375,342.32000732421875,340.9700012207031,341.6099853515625,2784656
2026-04-17T20:00:00.000Z,341.61,341.69,341.06,341.33,0
2026-04-17T20:30:00.000Z,341.43,341.68,341.07,341.25,0
2026-04-17T21:00:00.000Z,341.2372,341.68,340.91,341.03,0
2026-04-17T21:30:00.000Z,341.0565,341.68,340.87,340.9,0
2026-04-17T22:00:00.000Z,340.92,341.68,340.5,340.5,0
2026-04-17T22:30:00.000Z,340.5463,341.06,340.5,340.74,0
2026-04-17T23:00:00.000Z,340.7233,340.97,340.6194,340.8,0
2026-04-17T23:30:00.000Z,340.8,340.9,340.5201,340.55,0
2026-04-20T09:30:00.000Z,338.6,338.6912,338.35,338.47,0
2026-04-20T10:00:00.000Z,338.43,339,338.24,338.63,0
2026-04-20T10:30:00.000Z,338.63,338.9888,338.1812,338.58,0
2026-04-20T11:00:00.000Z,338.505,341.68,337.9,338,0
2026-04-20T11:30:00.000Z,338,339.28,337.9,338.95,0
2026-04-20T12:00:00.000Z,338.85,340.826,338.78,339.0157,0
2026-04-20T12:30:00.000Z,339.2,339.78,338.9889,339.53,0
2026-04-20T13:00:00.000Z,339.4727,340.92,338.89,340.92,0
2026-04-20T13:30:00.000Z,340.8900146484375,341.3500061035156,337.42999267578125,340.04998779296875,3302435
2026-04-20T14:00:00.000Z,340.0899963378906,340.2127990722656,338.70001220703125,339.70001220703125,1209510
2026-04-20T14:30:00.000Z,339.6499938964844,339.7799072265625,338.1499938964844,338.32000732421875,1203389
2026-04-20T15:00:00.000Z,338.4200134277344,339.19989013671875,336.6300048828125,339.07000732421875,1268779
2026-04-20T15:30:00.000Z,339.05999755859375,339.07000732421875,337.95001220703125,338.260009765625,765047
2026-04-20T16:00:00.000Z,338.260009765625,339.260009765625,338.20001220703125,338.69989013671875,638259
2026-04-20T16:30:00.000Z,338.7099914550781,339.30999755859375,338.7099914550781,338.864990234375,973584
2026-04-20T17:00:00.000Z,338.8399963378906,338.875,338.1700134277344,338.2699890136719,439967
2026-04-20T17:30:00.000Z,338.2699890136719,338.8450012207031,338.1050109863281,338.2200012207031,490504
2026-04-20T18:00:00.000Z,338.260009765625,338.6300048828125,338,338.364990234375,605402
2026-04-20T18:30:00.000Z,338.3800048828125,338.760009765625,338.2099914550781,338.3299865722656,586009
2026-04-20T19:00:00.000Z,338.3500061035156,338.6679992675781,338.1200866699219,338.3598937988281,739980
2026-04-20T19:30:00.000Z,338.32000732421875,338.4800109863281,336.9049987792969,337.3900146484375,2245403
2026-04-20T20:00:00.000Z,337.42,337.63,337.05,337.43,0
2026-04-20T20:30:00.000Z,337.35,338,337.32,337.44,0
2026-04-20T21:00:00.000Z,337.44,337.8,337.3964,337.51,0
2026-04-20T21:30:00.000Z,337.51,338.04,337.37,337.61,0
2026-04-20T22:00:00.000Z,337.98,338.22,337.61,338.1,0
2026-04-20T22:30:00.000Z,338.11,338.35,337.42,338.27,0
2026-04-20T23:00:00.000Z,338.28,338.35,337.9112,338.1,0
2026-04-20T23:30:00.000Z,338.29,338.3488,337.8782,338.01,0
2026-04-21T08:00:00.000Z,338.108,339.3188,337.42,338.4,0
2026-04-21T08:30:00.000Z,338.6337,338.9988,338.33,338.77,0
2026-04-21T09:00:00.000Z,338.77,338.9988,338,338.59,0
2026-04-21T09:30:00.000Z,338.54,338.9888,338.54,338.88,0
2026-04-21T10:00:00.000Z,338.88,338.89,338.58,338.8,0
2026-04-21T10:30:00.000Z,338.8,338.9688,338.6678,338.7062,0
2026-04-21T11:00:00.000Z,338.825,338.95,337.42,338.74,0
2026-04-21T11:30:00.000Z,338.7358,339.2,338.5,338.84,0
2026-04-21T12:00:00.000Z,338.6009,339.01,338.24,338.4953,0
2026-04-21T12:30:00.000Z,338.45,338.88,337.85,337.9442,0
2026-04-21T13:00:00.000Z,337.9012,338.24,337.43,337.71,0
2026-04-21T13:30:00.000Z,337.68499755859375,339.1400146484375,335.739990234375,338.9599914550781,2975244
2026-04-21T14:00:00.000Z,339,339.3399963378906,337.9599914550781,338.4949951171875,938966
2026-04-21T14:30:00.000Z,338.4800109863281,338.57000732421875,336.79998779296875,337.1400146484375,1023501
2026-04-21T15:00:00.000Z,337.2099914550781,337.739990234375,336.3349914550781,337.1400146484375,931170
2026-04-21T15:30:00.000Z,337.1300048828125,337.30999755859375,336.3299865722656,336.3800048828125,898426
2026-04-21T16:00:00.000Z,336.3699951171875,337.0799865722656,334.739990234375,334.8575134277344,1066453
2026-04-21T16:30:00.000Z,334.8699951171875,335.3999938964844,333.7900085449219,333.8949890136719,1080431
2026-04-21T17:00:00.000Z,333.8999938964844,334.4750061035156,332.510009765625,332.8399963378906,1202881
2026-04-21T17:30:00.000Z,332.8299865722656,334.32000732421875,332.7650146484375,333.07000732421875,1191499
2026-04-21T18:00:00.000Z,333.0899963378906,333.5799865722656,332.4700012207031,332.7900085449219,819483
2026-04-21T18:30:00.000Z,332.7950134277344,333.6600036621094,332.6099853515625,333.5299987792969,1355408
2026-04-21T19:00:00.000Z,333.54998779296875,334.409912109375,333.42999267578125,334.32501220703125,1124803
2026-04-21T19:30:00.000Z,334.3500061035156,334.5133972167969,331.4200134277344,332.2799987792969,3562599
2026-04-21T20:00:00.000Z,332.33,334.25,331.95,334.061,0
2026-04-21T20:30:00.000Z,334.05,334.25,332.29,333.8472,0
2026-04-21T21:00:00.000Z,333.84,334.19,333.51,333.64,0
2026-04-21T21:30:00.000Z,333.61,334.24,332.29,334.15,0
2026-04-21T22:00:00.000Z,333.74,334.64,333.51,334.35,0
2026-04-21T22:30:00.000Z,334.35,334.52,334.08,334.4914,0
2026-04-21T23:00:00.000Z,334.41,334.9,334.1495,334.73,0
2026-04-21T23:30:00.000Z,334.6557,335.19,334.65,335.0999,0
2026-04-22T08:00:00.000Z,334.65,335.4388,332.29,334.52,0
2026-04-22T08:30:00.000Z,334.52,334.8376,334.14,334.505,0
2026-04-22T09:00:00.000Z,334.6816,335.1773,334.52,335.08,0
2026-04-22T09:30:00.000Z,335.07,335.19,334.49,334.51,0
2026-04-22T10:00:00.000Z,334.51,335.1822,334.5012,334.9,0
2026-04-22T10:30:00.000Z,334.9,334.951,334.5407,334.59,0
2026-04-22T11:00:00.000Z,334.735,334.83,332.29,334.5057,0
2026-04-22T11:30:00.000Z,334.64,335.6,334.45,335.415,0
2026-04-22T12:00:00.000Z,335.3,338.98,335.2408,337.75,0
2026-04-22T12:30:00.000Z,337.7,338.4948,337.54,337.62,0
2026-04-22T13:00:00.000Z,337.64,338.1,336.8,336.81,0
2026-04-22T13:30:00.000Z,337.0199890136719,337.760009765625,335.1700134277344,337.4100036621094,3706434
2026-04-22T14:00:00.000Z,337.3900146484375,338.4800109863281,337.125,338.29998779296875,1382870
2026-04-22T14:30:00.000Z,338.25,338.9800109863281,337.5299987792969,338.1000061035156,939288
2026-04-22T15:00:00.000Z,338.12799072265625,338.17498779296875,337.3999938964844,337.42999267578125,655883
2026-04-22T15:30:00.000Z,337.42498779296875,337.6099853515625,336.840087890625,337.25,616073
2026-04-22T16:00:00.000Z,337.2900085449219,338.3800048828125,336.7300109863281,336.82000732421875,876787
2026-04-22T16:30:00.000Z,336.80499267578125,336.8900146484375,336.260009765625,336.510009765625,1459802
2026-04-22T17:00:00.000Z,336.5450134277344,337.2900085449219,336.5299987792969,336.80999755859375,716871
2026-04-22T17:30:00.000Z,336.7799987792969,337.75,336.7650146484375,337.6600036621094,675592
2026-04-22T18:00:00.000Z,337.6600036621094,338.4501037597656,337.6099853515625,338.0799865722656,616914
2026-04-22T18:30:00.000Z,338.0924987792969,338.3900146484375,337.7950134277344,337.8450012207031,853484
2026-04-22T19:00:00.000Z,337.8399963378906,339.239990234375,337.7699890136719,339.2049865722656,926024
2026-04-22T19:30:00.000Z,339.2099914550781,339.82000732421875,338.9200134277344,339.3699951171875,2290845
2026-04-22T20:00:00.000Z,339.28,339.6,337.63,338.4,0
2026-04-22T20:30:00.000Z,338.34,339.32,338.04,338.46,0
2026-04-22T21:00:00.000Z,338.8499,354.418,338.25,338.31,0
2026-04-22T21:30:00.000Z,338.43,354.418,338.04,338.27,0
2026-04-22T22:00:00.000Z,338.26,338.62,338.1,338.25,0
2026-04-22T22:30:00.000Z,338.4718,338.62,338.11,338.3,0
2026-04-22T23:00:00.000Z,338.22,338.4935,338.1,338.31,0
2026-04-22T23:30:00.000Z,338.26,338.62,338.25,338.38,0
2026-04-23T08:00:00.000Z,338,339.32,334.88,336.8797,0
2026-04-23T08:30:00.000Z,337.18,337.18,336.45,336.66,0
2026-04-23T09:00:00.000Z,336.4512,337.1042,336,336.42,0
2026-04-23T09:30:00.000Z,336.79,336.9688,336.12,336.58,0
2026-04-23T10:00:00.000Z,336.49,337.1232,336.3512,337.118,0
2026-04-23T10:30:00.000Z,337.12,338.15,337,337.7312,0
2026-04-23T11:00:00.000Z,337.375,339.32,337,337.51,0
2026-04-23T11:30:00.000Z,337.51,339.1,337.1,338.64,0
2026-04-23T12:00:00.000Z,338.6747,339.52,338.4,338.514,0
2026-04-23T12:30:00.000Z,338.55,339.2995,337.75,338.26,0
2026-04-23T13:00:00.000Z,338.82,341.78,338.511,341.45,0
2026-04-23T13:30:00.000Z,341.3550109863281,341.4599914550781,338.44000244140625,340.0849914550781,2604284
2026-04-23T14:00:00.000Z,340.1050109863281,340.5,338.95001220703125,339.57000732421875,1386502
2026-04-23T14:30:00.000Z,339.6099853515625,340.75,339.6000061035156,340.4949951171875,780429
2026-04-23T15:00:00.000Z,340.4800109863281,341.9599914550781,340.4800109863281,340.91119384765625,969291
2026-04-23T15:30:00.000Z,340.9200134277344,341.08648681640625,339.2699890136719,339.8900146484375,953791
2026-04-23T16:00:00.000Z,339.79998779296875,340.510009765625,339.5299987792969,340.4049987792969,562801
2026-04-23T16:30:00.000Z,340.3999938964844,340.6099853515625,339.9599914550781,340.1499938964844,535080
2026-04-23T17:00:00.000Z,340.17999267578125,340.465087890625,337.7200012207031,337.7300109863281,1164145
2026-04-23T17:30:00.000Z,337.7301025390625,339.32550048828125,336.17999267578125,339.0950012207031,1707645
2026-04-23T18:00:00.000Z,339.05999755859375,340.42999267578125,338.8900146484375,340.3500061035156,739989
2026-04-23T18:30:00.000Z,340.3550109863281,340.6968994140625,339.1700134277344,339.3599853515625,511525
2026-04-23T19:00:00.000Z,339.32501220703125,339.5115051269531,338.8599853515625,339.364990234375,665048
2026-04-23T19:30:00.000Z,339.3500061035156,339.8999938964844,338.44000244140625,339,1973516
2026-04-23T20:00:00.000Z,338.93,339.5205,320.99,338.4,0
2026-04-23T20:30:00.000Z,338.38,338.89,338.01,338.89,0
2026-04-23T21:00:00.000Z,338.07,338.7,338.01,338.62,0
2026-04-23T21:30:00.000Z,338.8,339.2,338.31,338.31,0
2026-04-23T22:00:00.000Z,338.35,339.2,338.22,338.51,0
2026-04-23T22:30:00.000Z,338.6,339,338.1655,338.75,0
2026-04-23T23:00:00.000Z,338.95,338.99,338.61,338.9,0
2026-04-23T23:30:00.000Z,338.98,340,338.89,339.7384,0
2026-04-24T08:00:00.000Z,339.78,340,338.89,339.6,0
2026-04-24T08:30:00.000Z,339.49,339.62,339.03,339.2105,0
2026-04-24T09:00:00.000Z,339.51,339.6188,338.13,339.136,0
2026-04-24T09:30:00.000Z,339.05,339.078,338.2,338.8351,0
2026-04-24T10:00:00.000Z,338.53,339.61,338.2012,339.61,0
2026-04-24T10:30:00.000Z,339.5,340.11,339.3562,339.56,0
2026-04-24T11:00:00.000Z,339.66,341.4892,338.89,341.16,0
2026-04-24T11:30:00.000Z,341.18,341.5,340.71,340.9856,0
2026-04-24T12:00:00.000Z,340.93,341.63,340.8,340.98,0
2026-04-24T12:30:00.000Z,340.98,341.26,340,340.08,0
2026-04-24T13:00:00.000Z,340.2422,340.86,338.2,338.61,0
2026-04-24T13:30:00.000Z,338.7250061035156,339.55999755859375,335.3900146484375,338.8900146484375,3404861
2026-04-24T14:00:00.000Z,338.8699951171875,339.510009765625,337.9849853515625,338.19830322265625,1297647
2026-04-24T14:30:00.000Z,338.25,338.5799865722656,337.0299987792969,337.5,1272011
2026-04-24T15:00:00.000Z,337.510009765625,340.4800109863281,336.6700134277344,339.989990234375,2104203
2026-04-24T15:30:00.000Z,340.04998779296875,344.3399963378906,339.70001220703125,343.0899963378906,3524503
2026-04-24T16:00:00.000Z,343.0899963378906,345.0899963378906,342.20001220703125,343.30999755859375,2023772
2026-04-24T16:30:00.000Z,343.375,344.06500244140625,342.9599914550781,343.6050109863281,836914
2026-04-24T17:00:00.000Z,343.60198974609375,344.1700134277344,342.75,342.7900085449219,991319
2026-04-24T17:30:00.000Z,342.7749938964844,343.3999938964844,342.2699890136719,343.19000244140625,895129
2026-04-24T18:00:00.000Z,343.19000244140625,344.0450134277344,343.0101013183594,343.30999755859375,941977
2026-04-24T18:30:00.000Z,343.3399963378906,344.0752868652344,343.2900085449219,343.8699951171875,1084866
2026-04-24T19:00:00.000Z,343.8999938964844,344.5899963378906,343.8100891113281,344.42999267578125,1085356
2026-04-24T19:30:00.000Z,344.4200134277344,345.2699890136719,344.25,344.2900085449219,3157119
2026-04-24T20:00:00.000Z,344.28,344.7867,343.58,343.75,0
2026-04-24T20:30:00.000Z,343.91,344.4,343.61,343.8399,0
2026-04-24T21:00:00.000Z,343.85,344.4,335.7599,343.3604,0
2026-04-24T21:30:00.000Z,343.42,343.78,343.2,343.77,0
2026-04-24T22:00:00.000Z,343.78,344.4,343.65,343.85,0
2026-04-24T22:30:00.000Z,343.8065,343.85,343.65,343.67,0
2026-04-24T23:00:00.000Z,343.6695,343.87,343.65,343.8002,0
2026-04-24T23:30:00.000Z,343.8,343.99,343.46,343.47,0
2026-04-27T08:00:00.000Z,344.41,345.0652,344,344.95,0
2026-04-27T08:30:00.000Z,344.95,345.3288,344.81,345.2359,0
2026-04-27T09:00:00.000Z,345.04,345.62,344.8095,345.0699,0
2026-04-27T09:30:00.000Z,345.15,345.77,345.0012,345.17,0
2026-04-27T10:00:00.000Z,345.17,345.55,344.8085,345.55,0
2026-04-27T10:30:00.000Z,345.5038,346.8242,345.34,346.5,0
2026-04-27T11:00:00.000Z,346.5,347.09,344.4,345.92,0
2026-04-27T11:30:00.000Z,346.02,346.2,345.66,345.7987,0
2026-04-27T12:00:00.000Z,345.75,346.2,345.4,345.6,0
2026-04-27T12:30:00.000Z,345.8699,346.077,345,345.306,0
2026-04-27T13:00:00.000Z,345.317,346.5,344.95,346.36,0
2026-04-27T13:30:00.000Z,345.75,348.94000244140625,342.7300109863281,348.6549987792969,5327053
2026-04-27T14:00:00.000Z,348.67999267578125,350.9100036621094,348,350.75,3641792
2026-04-27T14:30:00.000Z,350.760009765625,351.739990234375,349.67999267578125,350.94500732421875,2155734
2026-04-27T15:00:00.000Z,350.9649963378906,351.5,349.79998779296875,350.2950134277344,1693362
2026-04-27T15:30:00.000Z,350.29998779296875,351.4700012207031,349.8999938964844,351.4700012207031,1118903
2026-04-27T16:00:00.000Z,351.4549865722656,351.7699890136719,351,351.65008544921875,1024501
2026-04-27T16:30:00.000Z,351.70001220703125,352.4700012207031,351.385009765625,351.57000732421875,1095198
2026-04-27T17:00:00.000Z,351.57000732421875,352.3399963378906,351.4800109863281,352.2749938964844,802250
2026-04-27T17:30:00.000Z,352.2799987792969,353.17999267578125,352.25,353.1050109863281,1029447
2026-04-27T18:00:00.000Z,353.0799865722656,353.1600036621094,352.3900146484375,352.67498779296875,923752
2026-04-27T18:30:00.000Z,352.69000244140625,352.75,351.80999755859375,352.1400146484375,972405
2026-04-27T19:00:00.000Z,352.1449890136719,352.614990234375,351.81170654296875,352.489990234375,1004852
2026-04-27T19:30:00.000Z,352.4800109863281,352.94000244140625,350.1629943847656,350.3399963378906,3169390
2026-04-27T20:00:00.000Z,350.34,351.05,350.06,350.63,0
2026-04-27T20:30:00.000Z,350.6632,351.05,350.34,350.61,0
2026-04-27T21:00:00.000Z,350.56,351.1,350.34,350.76,0
2026-04-27T21:30:00.000Z,350.73,350.76,350.34,350.65,0
2026-04-27T22:00:00.000Z,350.62,351.78,350.6,351.45,0
2026-04-27T22:30:00.000Z,351.39,351.78,351.39,351.66,0
2026-04-27T23:00:00.000Z,351.66,352,351.5,351.9763,0
2026-04-27T23:30:00.000Z,351.98,352.29,351.8,352.2439,0
2026-04-28T08:00:00.000Z,350,351.533,349.18,351,0
2026-04-28T08:30:00.000Z,350.88,352.74,350.84,351.79,0
2026-04-28T09:00:00.000Z,351.69,351.69,349.5545,350.61,0
2026-04-28T09:30:00.000Z,350.83,351,349.4,351,0
2026-04-28T10:00:00.000Z,350.87,351,350.06,350.4224,0
2026-04-28T10:30:00.000Z,350.42,351.32,350.08,350.61,0
2026-04-28T11:00:00.000Z,350.69,350.99,348.8434,349.5,0
2026-04-28T11:30:00.000Z,349.47,349.91,347.41,347.66,0
2026-04-28T12:00:00.000Z,347.64,349,347.08,348,0
2026-04-28T12:30:00.000Z,347.56,347.98,345.94,346.9991,0
2026-04-28T13:00:00.000Z,347,348.83,346.76,348.72,0
2026-04-28T13:30:00.000Z,348.54998779296875,349.6000061035156,346.1199951171875,348.57000732421875,5257186
2026-04-28T14:00:00.000Z,348.6000061035156,352.2749938964844,348.5,351.7699890136719,2800675
2026-04-28T14:30:00.000Z,351.7900085449219,352.4200134277344,350.135009765625,350.92999267578125,2537010
2026-04-28T15:00:00.000Z,351,351.6199951171875,350.06500244140625,351.010009765625,1266210
2026-04-28T15:30:00.000Z,351.02398681640625,351.20989990234375,349.0155944824219,349.19500732421875,1155119
2026-04-28T16:00:00.000Z,349.2149963378906,349.6300048828125,348.5,349.2200012207031,963999
2026-04-28T16:30:00.000Z,349.20001220703125,349.8399963378906,348.7099914550781,349.5,764933
2026-04-28T17:00:00.000Z,349.5140075683594,349.56988525390625,348.2699890136719,348.9049987792969,842192
2026-04-28T17:30:00.000Z,348.92999267578125,349.5249938964844,348.8299865722656,349.17999267578125,1057799
2026-04-28T18:00:00.000Z,349.19000244140625,350.1700134277344,349.19000244140625,349.94000244140625,832080
2026-04-28T18:30:00.000Z,349.95001220703125,349.9800109863281,349.4599914550781,349.8299865722656,660661
2026-04-28T19:00:00.000Z,349.82501220703125,350.3900146484375,349.5299987792969,349.75,1402517
2026-04-28T19:30:00.000Z,349.7799987792969,351.0299987792969,349.42999267578125,349.8349914550781,2321326
2026-04-28T20:00:00.000Z,349.83,350.0763,349.22,349.78,0
2026-04-28T20:30:00.000Z,349.5,349.78,349.04,349.2,0
2026-04-28T21:00:00.000Z,349.1724,349.78,348.34,348.59,0
2026-04-28T21:30:00.000Z,348.73,349.15,348.51,349.0844,0
2026-04-28T22:00:00.000Z,348.6,349.6,337.5322,349.3,0
2026-04-28T22:30:00.000Z,349.3,349.78,349.3,349.68,0
2026-04-28T23:00:00.000Z,349.63,349.77,337.5322,349.5,0
2026-04-28T23:30:00.000Z,349.56,350.44,349.4972,350.25,0
2026-04-29T08:00:00.000Z,350.3012,351.8056,349.2412,349.95,0
2026-04-29T08:30:00.000Z,349.91,349.984,349,349.5,0
2026-04-29T09:00:00.000Z,349.25,349.69,349.0035,349.074,0
2026-04-29T09:30:00.000Z,349.0812,349.4985,348.78,348.9,0
2026-04-29T10:00:00.000Z,349.05,349.2349,346,348.35,0
2026-04-29T10:30:00.000Z,348.3059,348.4,347.66,348.37,0
2026-04-29T11:00:00.000Z,348.45,349.78,347.77,348.1,0
2026-04-29T11:30:00.000Z,348.1,349,348,348.37,0
2026-04-29T12:00:00.000Z,348.25,349,348.11,348.86,0
2026-04-29T12:30:00.000Z,348.824,348.824,347.8,347.9687,0
2026-04-29T13:00:00.000Z,347.96,348.84,347.0297,347.57,0
2026-04-29T13:30:00.000Z,347.56500244140625,351.6400146484375,344.2099914550781,351.6000061035156,4393928
2026-04-29T14:00:00.000Z,351.635009765625,353.67999267578125,350.6099853515625,353.6099853515625,2616692
2026-04-29T14:30:00.000Z,353.6499938964844,355.7900085449219,352.04998779296875,352.07958984375,2871258
2026-04-29T15:00:00.000Z,352.1000061035156,353.2200012207031,351.3500061035156,351.80999755859375,1545977
2026-04-29T15:30:00.000Z,351.80999755859375,352.8500061035156,350.7650146484375,351.2651062011719,1302436
2026-04-29T16:00:00.000Z,351.260009765625,351.2699890136719,349.1600036621094,349.3699951171875,1225349
2026-04-29T16:30:00.000Z,349.3699951171875,349.3800048828125,347.7699890136719,347.9200134277344,1177743
2026-04-29T17:00:00.000Z,348.04998779296875,349.20001220703125,347.4700012207031,349.07000732421875,978214
2026-04-29T17:30:00.000Z,349.1199951171875,349.3399963378906,348.7099914550781,349.1199951171875,824508
2026-04-29T18:00:00.000Z,349.1050109863281,350.09039306640625,348.14990234375,349.1600036621094,1141286
2026-04-29T18:30:00.000Z,349.1400146484375,351.30999755859375,348.739990234375,351.2049865722656,1291918
2026-04-29T19:00:00.000Z,351.2099914550781,351.79998779296875,350.6199951171875,351.32000732421875,1918424
2026-04-29T19:30:00.000Z,351.3399963378906,351.4798889160156,349.32501220703125,350.20001220703125,3886951
2026-04-29T20:00:00.000Z,350.22,367.49,349.94,363.838,0
2026-04-29T20:30:00.000Z,363.74,376.62,351.36,370.0539,0
2026-04-29T21:00:00.000Z,370,375.53,350.51,373.5,0
2026-04-29T21:30:00.000Z,373.5,374,349.94,371.4246,0
2026-04-29T22:00:00.000Z,371.31,374.5,370.17,373.5248,0
2026-04-29T22:30:00.000Z,373.57,374.6351,372.33,373.25,0
2026-04-29T23:00:00.000Z,373.14,374.49,372.4,374.39,0
2026-04-29T23:30:00.000Z,374.4,375.36,374.21,375.02,0
2026-04-30T08:00:00.000Z,373.98,374.53,349.94,371.3493,0
2026-04-30T08:30:00.000Z,371.52,371.7745,370.32,370.38,0
2026-04-30T09:00:00.000Z,370.38,372.2,369.9212,372,0
2026-04-30T09:30:00.000Z,371.87,372.5,370.23,371.7342,0
2026-04-30T10:00:00.000Z,371.4545,372.74,371.41,372.6438,0
2026-04-30T10:30:00.000Z,372.75,374.3127,372.29,373.01,0
2026-04-30T11:00:00.000Z,373.0555,377.7006,349.94,377.3558,0
2026-04-30T11:30:00.000Z,377.275,378.4623,375.95,376.0605,0
2026-04-30T12:00:00.000Z,376.0836,378.8,376.03,378,0
2026-04-30T12:30:00.000Z,378.18,378.25,351.58,374.6219,0
2026-04-30T13:00:00.000Z,374.65,376.62,373.57,374.07,0
2026-04-30T13:30:00.000Z,374.1600036621094,377.0299987792969,367.17999267578125,370.4299011230469,17594847
2026-04-30T14:00:00.000Z,370.45001220703125,371.8999938964844,367.8800048828125,369.0799865722656,5033710
2026-04-30T14:30:00.000Z,369.05999755859375,372.8699951171875,365.82000732421875,372.17498779296875,3972176
2026-04-30T15:00:00.000Z,372.19000244140625,378.2200012207031,372.1600036621094,375.8299865722656,6153417
2026-04-30T15:30:00.000Z,375.8800048828125,377.06988525390625,373.1199951171875,374.6400146484375,3197137
2026-04-30T16:00:00.000Z,374.6400146484375,378.364990234375,373.8900146484375,376.56500244140625,3260910
2026-04-30T16:30:00.000Z,376.54998779296875,378.3399963378906,376.54998779296875,377.9599914550781,2077535
2026-04-30T17:00:00.000Z,377.94000244140625,384.1549987792969,377.9100036621094,383.9200134277344,4330367
2026-04-30T17:30:00.000Z,383.8999938964844,384.6099853515625,382.7900085449219,384.5849914550781,2930981
2026-04-30T18:00:00.000Z,384.5899963378906,385.8324890136719,383.6499938964844,384.6199951171875,2984048
2026-04-30T18:30:00.000Z,384.5799865722656,384.9599914550781,381.32501220703125,381.6499938964844,2563185
2026-04-30T19:00:00.000Z,381.6449890136719,383.4800109863281,380.9700012207031,381.32000732421875,2596491
2026-04-30T19:30:00.000Z,381.3500061035156,385.6000061035156,380.57000732421875,385.1199951171875,6241671
2026-04-30T20:00:00.000Z,384.8,386.29,383.77,384.66,0
2026-04-30T20:30:00.000Z,384.43,385.5962,384.08,385.3,0
2026-04-30T21:00:00.000Z,385.3975,385.4,384.65,384.85,0
2026-04-30T21:30:00.000Z,384.74,385.244,384.5,384.61,0
2026-04-30T22:00:00.000Z,384.83,385,384.47,384.7024,0
2026-04-30T22:30:00.000Z,384.665,384.9,384.11,384.3,0
2026-04-30T23:00:00.000Z,384.31,385.35,384.19,385.06,0
2026-04-30T23:30:00.000Z,385.06,385.68,384.85,385.5999,0
2026-05-01T08:00:00.000Z,386.75,391.45,384.8,386.48,0
2026-05-01T08:30:00.000Z,386.5232,387.1788,386.25,386.2927,0
2026-05-01T09:00:00.000Z,386.29,386.66,385.33,385.79,0
2026-05-01T09:30:00.000Z,385.79,386.4107,385.62,386.1871,0
2026-05-01T10:00:00.000Z,386.18,386.31,385.36,385.65,0
2026-05-01T10:30:00.000Z,385.64,385.7792,384.39,385.48,0
2026-05-01T11:00:00.000Z,385.42,385.67,383.37,383.47,0
2026-05-01T11:30:00.000Z,383.5,383.886,382.7482,383.2167,0
2026-05-01T12:00:00.000Z,383.2193,384.5,317.24,383.9811,0
2026-05-01T12:30:00.000Z,383.8,384.47,305.46,384.1099,0
2026-05-01T13:00:00.000Z,384.03,384.8,380.77,381.71,0
2026-05-01T13:30:00.000Z,381.7650146484375,384.3999938964844,379.04998779296875,384.3599853515625,6114708
2026-05-01T14:00:00.000Z,384.44000244140625,386.29998779296875,382.57000732421875,385.1499938964844,3089276
2026-05-01T14:30:00.000Z,385.1199951171875,385.45001220703125,381.0299987792969,384.5,2140677
2026-05-01T15:00:00.000Z,384.5,385.4100036621094,383.1099853515625,385.3599853515625,1339667
2026-05-01T15:30:00.000Z,385.3599853515625,386.75,383.6400146484375,383.95001220703125,1718217
2026-05-01T16:00:00.000Z,383.92498779296875,385.2200012207031,383.3399963378906,384.5249938964844,1265634
2026-05-01T16:30:00.000Z,384.54998779296875,385.8399963378906,383.7799987792969,384.9049987792969,1231125
2026-05-01T17:00:00.000Z,384.9049987792969,386.5899963378906,384.8399963378906,386.20001220703125,1120901
2026-05-01T17:30:00.000Z,386.20001220703125,386.32000732421875,384.80999755859375,385.2200012207031,990711
2026-05-01T18:00:00.000Z,385.2300109863281,385.6300048828125,384.2950134277344,384.9200134277344,1136237
2026-05-01T18:30:00.000Z,384.92999267578125,384.94989013671875,382.2005920410156,383.3699951171875,1454067
2026-05-01T19:00:00.000Z,383.3900146484375,385.45001220703125,383.2300109863281,385.3999938964844,1611954
2026-05-01T19:30:00.000Z,385.3900146484375,385.9999084472656,383.8299865722656,385.69000244140625,2909079
2026-05-01T20:00:00.000Z,385.69,385.88,384.62,385.15,0
2026-05-01T20:30:00.000Z,385.25,385.32,384.12,384.64,0
2026-05-01T21:00:00.000Z,384.75,385.24,384.64,384.98,0
2026-05-01T21:30:00.000Z,385,385.69,384.6377,385.39,0
2026-05-01T22:00:00.000Z,385.33,385.7,385.1952,385.5,0
2026-05-01T22:30:00.000Z,385.5,385.61,384.9,385,0
2026-05-01T23:00:00.000Z,385.05,385.37,384.83,385.17,0
2026-05-01T23:30:00.000Z,385.0447,385.5,385.02,385.34,0
2026-05-04T08:00:00.000Z,387.31,388.3457,386.3662,387.46,0
2026-05-04T08:30:00.000Z,387.58,387.84,387.2,387.24,0
2026-05-04T09:00:00.000Z,387.24,387.92,387.0045,387.71,0
2026-05-04T09:30:00.000Z,387.69,388.1,387.64,387.64,0
2026-05-04T10:00:00.000Z,387.64,387.8,384.14,385.443,0
2026-05-04T10:30:00.000Z,385.7,387.76,385.24,386,0
2026-05-04T11:00:00.000Z,386.15,386.57,385.67,386.25,0
2026-05-04T11:30:00.000Z,386.2,386.23,385.46,385.89,0
2026-05-04T12:00:00.000Z,385.85,387.05,385.72,386.4,0
2026-05-04T12:30:00.000Z,386.31,386.4,384.58,385.3,0
2026-05-04T13:00:00.000Z,385.46,386.86,384.83,385.74,0
2026-05-04T13:30:00.000Z,385.6300048828125,387.3800048828125,380.5899963378906,382.6600036621094,4871889
2026-05-04T14:00:00.000Z,382.69000244140625,383.6099853515625,381.510009765625,381.7300109863281,2056062
2026-05-04T14:30:00.000Z,381.7349853515625,383.36590576171875,381.30999755859375,382.3599853515625,1344409
2026-05-04T15:00:00.000Z,382.4150085449219,383.0398864746094,379.79998779296875,381.69000244140625,1798484
2026-05-04T15:30:00.000Z,381.760009765625,383.989990234375,380.9800109863281,383.2300109863281,1791104
2026-05-04T16:00:00.000Z,383.2699890136719,383.2799987792969,380.914794921875,382.4200134277344,1739641
2026-05-04T16:30:00.000Z,382.3699951171875,383.3399963378906,381.79998779296875,383.2398986816406,1040602
2026-05-04T17:00:00.000Z,383.25,384.41400146484375,383.1499938964844,384.0199890136719,953858
2026-05-04T17:30:00.000Z,384,384.9200134277344,383.30999755859375,384.69000244140625,907472
2026-05-04T18:00:00.000Z,384.7062072753906,384.760009765625,383.5101013183594,383.9549865722656,738090
2026-05-04T18:30:00.000Z,383.9649963378906,384.0199890136719,382.70001220703125,382.92999267578125,961989
2026-05-04T19:00:00.000Z,382.9700012207031,383.2875061035156,382.1199951171875,383.0199890136719,1093103
2026-05-04T19:30:00.000Z,383.04998779296875,383.5498962402344,382.5,383.239990234375,2069377
2026-05-04T20:00:00.000Z,383.24,383.26,382.2,382.5312,0
2026-05-04T20:30:00.000Z,382.53,383.25,382.3,382.33,0
2026-05-04T21:00:00.000Z,382.32,383.25,382.254,382.82,0
2026-05-04T21:30:00.000Z,382.82,383.29,382.7047,383.1104,0
2026-05-04T22:00:00.000Z,383.25,383.25,363.4996,383.24,0
2026-05-04T22:30:00.000Z,383.1456,383.25,363.4996,383.2288,0
2026-05-04T23:00:00.000Z,382.85,383,382.53,382.75,0
2026-05-04T23:30:00.000Z,382.75,383,382.55,382.905,0
2026-05-05T08:00:00.000Z,383.91,384.91,383.2,384.5578,0
2026-05-05T08:30:00.000Z,384.75,384.9088,384.3593,384.83,0
2026-05-05T09:00:00.000Z,384.82,384.82,384.34,384.54,0
2026-05-05T09:30:00.000Z,384.38,384.69,384.1525,384.49,0
2026-05-05T10:00:00.000Z,384.69,384.69,384.35,384.56,0
2026-05-05T10:30:00.000Z,384.483,385.538,384.483,385.3288,0
2026-05-05T11:00:00.000Z,385,385.115,383.25,384.79,0
2026-05-05T11:30:00.000Z,384.75,384.86,384.45,384.73,0
2026-05-05T12:00:00.000Z,384.75,384.99,384.21,384.8945,0
2026-05-05T12:30:00.000Z,384.93,384.93,384.44,384.7782,0
2026-05-05T13:00:00.000Z,384.7084,386.66,384,386.4,0
2026-05-05T13:30:00.000Z,386.3489990234375,392.81988525390625,384.8450012207031,387.9800109863281,4978639
2026-05-05T14:00:00.000Z,388.0700988769531,388.9898986816406,386.3800048828125,388.2799987792969,1883140
2026-05-05T14:30:00.000Z,388.2900085449219,389.5799865722656,387.42999267578125,388.1099853515625,1349512
2026-05-05T15:00:00.000Z,388.114990234375,389.19000244140625,387.5,388.8599853515625,1008243
2026-05-05T15:30:00.000Z,388.8800048828125,389.7799987792969,387.30999755859375,387.3299865722656,1070977
2026-05-05T16:00:00.000Z,387.3500061035156,388.5498962402344,387.22198486328125,387.5199890136719,1095452
2026-05-05T16:30:00.000Z,387.4956970214844,387.9200134277344,386.2099914550781,386.3900146484375,964570
2026-05-05T17:00:00.000Z,386.3900146484375,386.55999755859375,384.0199890136719,384.80999755859375,1494053
2026-05-05T17:30:00.000Z,384.80999755859375,386.54998779296875,384.5199890136719,386.1044921875,878016
2026-05-05T18:00:00.000Z,386.1400146484375,386.8399963378906,385.8800048828125,386.1199951171875,740944
2026-05-05T18:30:00.000Z,386.1400146484375,386.6000061035156,385.7449951171875,386.4150085449219,652453
2026-05-05T19:00:00.000Z,386.4200134277344,387.5199890136719,386.2200012207031,387.4800109863281,802605
2026-05-05T19:30:00.000Z,387.4888000488281,388.5400085449219,387.260009765625,388.4100036621094,2101590
2026-05-05T20:00:00.000Z,388.43,399.4,388.1,397.54,0
2026-05-05T20:30:00.000Z,397.01,397.79,388.43,394,0
2026-05-05T21:00:00.000Z,394.12,395.86,388.43,394.35,0
2026-05-05T21:30:00.000Z,394.42,394.4795,392.52,392.95,0
2026-05-05T22:00:00.000Z,392.55,393.43,392.05,392.6499,0
2026-05-05T22:30:00.000Z,392.7,395,392.5,394,0
2026-05-05T23:00:00.000Z,394.05,395.52,393.8,395.5,0
2026-05-05T23:30:00.000Z,395.474,395.8,394.7,394.73,0
2026-05-06T08:00:00.000Z,394.3285,395.1737,388.43,393.25,0
2026-05-06T08:30:00.000Z,393.229,395.55,393.0556,395.24,0
2026-05-06T09:00:00.000Z,395.27,395.38,394.24,395.0889,0
2026-05-06T09:30:00.000Z,395.1054,396.2575,395.0156,396.01,0
2026-05-06T10:00:00.000Z,396.1,397.27,396,397.15,0
2026-05-06T10:30:00.000Z,397.12,397.84,397,397.09,0
2026-05-06T11:00:00.000Z,397,397.3043,388.43,395.04,0
2026-05-06T11:30:00.000Z,394.9112,394.99,393.5,394.25,0
2026-05-06T12:00:00.000Z,394.55,395.98,393.35,395.93,0
2026-05-06T12:30:00.000Z,395.87,396.25,394.88,395.28,0
2026-05-06T13:00:00.000Z,395.35,395.46,393.52,394.05,0
2026-05-06T13:30:00.000Z,394.2699890136719,397.3179931640625,392.760009765625,393.93499755859375,5732938
2026-05-06T14:00:00.000Z,393.9700012207031,396.3900146484375,392.8900146484375,393.4599914550781,2974427
2026-05-06T14:30:00.000Z,393.4599914550781,398.0639953613281,392.8299865722656,398.0199890136719,1977247
2026-05-06T15:00:00.000Z,397.9800109863281,398.4800109863281,395.1499938964844,396.0450134277344,1780800
2026-05-06T15:30:00.000Z,396.07000732421875,397.7099914550781,395.5199890136719,397.52301025390625,1109355
2026-05-06T16:00:00.000Z,397.5199890136719,399.84991455078125,396.9750061035156,399.2887878417969,1547876
2026-05-06T16:30:00.000Z,399.260009765625,399.5,397.8900146484375,398.1600036621094,1082188
2026-05-06T17:00:00.000Z,398.1600036621094,399.70001220703125,397.7268981933594,397.8999938964844,1320415
2026-05-06T17:30:00.000Z,397.8599853515625,397.989990234375,396.8599853515625,397.32000732421875,785106
2026-05-06T18:00:00.000Z,397.32000732421875,397.5400085449219,395.5299987792969,395.625,989462
2026-05-06T18:30:00.000Z,395.6400146484375,397.0799865722656,395.2601013183594,396.760009765625,1048025
2026-05-06T19:00:00.000Z,396.7300109863281,397.3399963378906,394.79998779296875,395.3599853515625,1420609
2026-05-06T19:30:00.000Z,395.3900146484375,398.5400085449219,395.19000244140625,397.79998779296875,3013101
2026-05-06T20:00:00.000Z,397.79,398.95,397.77,398.37,0
2026-05-06T20:30:00.000Z,398.3,398.4222,397.6239,397.91,0
2026-05-06T21:00:00.000Z,397.741,398,397.1192,397.46,0
2026-05-06T21:30:00.000Z,397.38,398.04,396,396.5157,0
2026-05-06T22:00:00.000Z,396.72,398.04,396.56,397.55,0
2026-05-06T22:30:00.000Z,397.56,397.56,397.21,397.35,0
2026-05-06T23:00:00.000Z,397.37,397.9955,397.21,397.48,0
2026-05-06T23:30:00.000Z,397.48,397.99,397.21,397.32,0
2026-05-07T08:00:00.000Z,399.02,400.01,398.04,399.72,0
2026-05-07T08:30:00.000Z,399.72,400.9642,399.52,400.61,0
2026-05-07T09:00:00.000Z,400.78,401.78,400.33,401.73,0
2026-05-07T09:30:00.000Z,401.78,403.2,401.629,402,0
2026-05-07T10:00:00.000Z,401.9,403.5,401.52,403.28,0
2026-05-07T10:30:00.000Z,403.23,403.626,402.36,402.53,0
2026-05-07T11:00:00.000Z,402.33,402.94,398.04,402.7,0
2026-05-07T11:30:00.000Z,402.698,402.8,402.11,402.11,0
2026-05-07T12:00:00.000Z,402.11,402.8,401,401.59,0
2026-05-07T12:30:00.000Z,401.55,402.6411,401.2,401.67,0
2026-05-07T13:00:00.000Z,401.72,401.77,399.87,400.13,0
2026-05-07T13:30:00.000Z,399.9949951171875,400.1000061035156,395.69000244140625,397.4100036621094,3677886
2026-05-07T14:00:00.000Z,397.3699951171875,397.7699890136719,395.75,397.3599853515625,1552299
2026-05-07T14:30:00.000Z,397.3699951171875,397.40948486328125,395.7799987792969,396.989990234375,1060028
2026-05-07T15:00:00.000Z,396.9700012207031,397.2900085449219,395.57000732421875,396.6199951171875,1275553
2026-05-07T15:30:00.000Z,396.6600036621094,397,395.04998779296875,395.1449890136719,1146297
2026-05-07T16:00:00.000Z,395.1400146484375,395.1400146484375,392.67999267578125,394.3500061035156,1510834
2026-05-07T16:30:00.000Z,394.30999755859375,395.0799865722656,393.92999267578125,394.7677001953125,879768
2026-05-07T17:00:00.000Z,394.79998779296875,396.70001220703125,394.1600036621094,395.80999755859375,1696795
2026-05-07T17:30:00.000Z,395.8599853515625,396.8999938964844,395.1099853515625,396.6099853515625,924547
2026-05-07T18:00:00.000Z,396.6050109863281,397.5,395.8999938964844,396.5199890136719,854742
2026-05-07T18:30:00.000Z,396.54998779296875,397.3699951171875,396.2099914550781,396.7650146484375,701385
2026-05-07T19:00:00.000Z,396.75,396.75,394.0899963378906,396,1835109
2026-05-07T19:30:00.000Z,395.9649963378906,398.1600036621094,395.70001220703125,398.0299987792969,2315105
2026-05-07T20:00:00.000Z,397.99,399,397.2,397.7,0
2026-05-07T20:30:00.000Z,397.51,397.99,396.36,396.59,0
2026-05-07T21:00:00.000Z,396.5,417.7712,395.87,396.4012,0
2026-05-07T21:30:00.000Z,396.4448,396.45,394.77,394.99,0
2026-05-07T22:00:00.000Z,395,417.7712,394.86,396.69,0
2026-05-07T22:30:00.000Z,396.69,396.9,395.2,395.83,0
2026-05-07T23:00:00.000Z,395.83,396.39,395.52,396.28,0
2026-05-07T23:30:00.000Z,396.32,397,395.8,396.88,0
2026-05-08T08:00:00.000Z,399.32,400.3,397.99,399.9901,0
2026-05-08T08:30:00.000Z,399.96,399.96,399.29,399.62,0
2026-05-08T09:00:00.000Z,399.62,400.1,399.51,399.95,0
2026-05-08T09:30:00.000Z,399.95,399.95,398.79,398.961,0
2026-05-08T10:00:00.000Z,399.04,399.81,398.94,399.43,0
2026-05-08T10:30:00.000Z,399.356,399.6035,398.65,398.67,0
2026-05-08T11:00:00.000Z,398.85,398.85,397.05,398.24,0
2026-05-08T11:30:00.000Z,398.2311,398.39,397.8342,397.98,0
2026-05-08T12:00:00.000Z,397.93,398.1,397.3,398.03,0
2026-05-08T12:30:00.000Z,398.03,398.99,397.22,397.27,0
2026-05-08T13:00:00.000Z,397.301,397.65,396.37,397.03,0
2026-05-08T13:30:00.000Z,397.05499267578125,400.71990966796875,396.3599853515625,399.4649963378906,3567544
2026-05-08T14:00:00.000Z,399.4549865722656,401.3699951171875,399.25,399.8800048828125,1716925
2026-05-08T14:30:00.000Z,399.9200134277344,400.95001220703125,398.8699951171875,399.7699890136719,1045207
2026-05-08T15:00:00.000Z,399.822998046875,399.9100036621094,398.6300048828125,399.3699951171875,990359
2026-05-08T15:30:00.000Z,399.3699951171875,399.5198974609375,398.25,398.5400085449219,919824
2026-05-08T16:00:00.000Z,398.6600036621094,399.32989501953125,398.1499938964844,398.54998779296875,584423
2026-05-08T16:30:00.000Z,398.5299987792969,398.80999755859375,397.0799865722656,397.1400146484375,639630
2026-05-08T17:00:00.000Z,397.1499938964844,398.114990234375,396.82000732421875,397.7799987792969,699823
2026-05-08T17:30:00.000Z,397.7799987792969,398.8399963378906,397.7250061035156,398.625,556440
2026-05-08T18:00:00.000Z,398.6499938964844,399.29998779296875,398.54998779296875,399.2300109863281,683648
2026-05-08T18:30:00.000Z,399.2349853515625,399.5400085449219,398.34149169921875,398.9800109863281,731723
2026-05-08T19:00:00.000Z,398.989990234375,399.5899963378906,398.7300109863281,399.3299865722656,869547
2026-05-08T19:30:00.000Z,399.3399963378906,402,399.2850036621094,400.80999755859375,3297869
2026-05-08T20:00:00.000Z,400.8,401.6,399.85,400.21,0
2026-05-08T20:30:00.000Z,400.33,400.8,375.961,400.04,0
2026-05-08T21:00:00.000Z,400.02,400.8,375.961,400.02,0
2026-05-08T21:30:00.000Z,399.99,400.8,399.5,399.78,0
2026-05-08T22:00:00.000Z,399.71,400.1,399.52,400.04,0
2026-05-08T22:30:00.000Z,400.04,400.1,399.87,400.09,0
2026-05-08T23:00:00.000Z,400,400.09,399.6,399.81,0
2026-05-08T23:30:00.000Z,399.8151,399.85,399.4,399.56,0
2026-05-08T23:59:57.000Z,399.56,399.56,399.56,399.56,0
2026-07-23T08:00:00.000Z,331.68,342.09,328.3,328.98,0
2026-07-23T08:30:00.000Z,328.9,330.3,328.53,329.98,0
2026-07-23T09:00:00.000Z,329.97,330.89,328.6,329.19,0
2026-07-23T09:30:00.000Z,329.29,329.5,327.6,327.89,0
2026-07-23T10:00:00.000Z,327.83,328.4988,326.7,327.4,0
2026-07-23T10:30:00.000Z,327.424,329.9,326.96,327.5,0
2026-07-23T11:00:00.000Z,327.64,342.09,325.61,325.7,0
2026-07-23T11:30:00.000Z,325.6982,326.48,324.12,325.23,0
2026-07-23T12:00:00.000Z,325.23,325.95,324.18,325.2535,0
2026-07-23T12:30:00.000Z,325.2,325.26,323.23,324.9317,0
2026-07-23T13:00:00.000Z,324.86,325.77,321.1,321.6,0
2026-07-23T13:30:00.000Z,321.1300048828125,324.489990234375,318.239990234375,321.07000732421875,18334054
2026-07-23T14:00:00.000Z,321.07000732421875,321.9700012207031,317.0899963378906,318.6050109863281,6702691
2026-07-23T14:30:00.000Z,318.5799865722656,319.95001220703125,316.92999267578125,317.260009765625,5030819
2026-07-23T15:00:00.000Z,317.2449951171875,317.3800048828125,314.9100036621094,316.6449890136719,5214298
2026-07-23T15:30:00.000Z,316.6300048828125,320.2799987792969,316.57000732421875,319.7699890136719,3707699
2026-07-23T16:00:00.000Z,319.7300109863281,321.54998779296875,318.79998779296875,320.8949890136719,3207846
2026-07-23T16:30:00.000Z,320.8500061035156,321.4200134277344,318.70001220703125,319.8399963378906,2514034
2026-07-23T17:00:00.000Z,319.8699951171875,321.010009765625,319.20001220703125,320.3800048828125,2226547
2026-07-23T17:30:00.000Z,320.3599853515625,320.42999267578125,319.1300048828125,319.5050048828125,1839381
2026-07-23T18:00:00.000Z,319.4700012207031,320.2120056152344,319.45001220703125,319.67999267578125,1677690
2026-07-23T18:30:00.000Z,319.6700134277344,319.7049865722656,318.30999755859375,318.760009765625,2163189
2026-07-23T19:00:00.000Z,318.760009765625,319.0199890136719,317.8500061035156,318.0899963378906,2681327
2026-07-23T19:30:00.000Z,318.0899963378906,319.1300048828125,317.3299865722656,317.6499938964844,6963056
2026-07-23T20:00:00.000Z,317.64,318.77,317.01,318.68,0
2026-07-23T20:30:00.000Z,318.68,319.19,318.55,318.8876,0
2026-07-23T21:00:00.000Z,318.8883,339.1751,314.0738,318.35,0
2026-07-23T21:30:00.000Z,318.35,318.9,317.69,318.83,0
2026-07-23T22:00:00.000Z,318.84,319.35,318.7,319.0797,0
2026-07-23T22:30:00.000Z,319.07,319.73,318.99,319.63,0
2026-07-23T23:00:00.000Z,319.6788,319.68,319.45,319.51,0
2026-07-23T23:30:00.000Z,319.52,319.52,318.7,319.24,0
2026-07-24T08:00:00.000Z,319.13,319.95,316.77,319.93,0
2026-07-24T08:30:00.000Z,319.95,320.45,319.8142,320.0172,0
2026-07-24T09:00:00.000Z,320.06,321.15,320,320.89,0
2026-07-24T09:30:00.000Z,320.96,321.65,320.1025,320.6,0
2026-07-24T10:00:00.000Z,320.59,320.6088,319.7,319.9,0
2026-07-24T10:30:00.000Z,319.74,320.2,319.4985,319.52,0
2026-07-24T11:00:00.000Z,319.545,319.79,319,319.24,0
2026-07-24T11:30:00.000Z,319.1387,319.4,318.51,319.25,0
2026-07-24T12:00:00.000Z,319.216,319.4028,318.4,318.999,0
2026-07-24T12:30:00.000Z,319,319.05,317.77,318.37,0
2026-07-24T13:00:00.000Z,318.37,319.6,317.8,318.07,0
2026-07-24T13:30:00.000Z,318.31500244140625,324.17999267578125,317.3299865722656,322.56500244140625,6280265
2026-07-24T14:00:00.000Z,322.57000732421875,323.2898864746094,319.7301025390625,319.8299865722656,2347680
2026-07-24T14:30:00.000Z,319.8599853515625,320.05999755859375,317.6199951171875,320.0400085449219,2153975
2026-07-24T15:00:00.000Z,320.05999755859375,321.82000732421875,319.3999938964844,321.75,1741273
2026-07-24T15:30:00.000Z,321.760009765625,322.1199951171875,319.8800048828125,320.09991455078125,1583489
2026-07-24T16:00:00.000Z,320.1099853515625,320.1400146484375,319.30999755859375,319.3999938964844,1145522
2026-07-24T16:30:00.000Z,319.4049987792969,319.7550048828125,318.55999755859375,319.4700012207031,1184027
2026-07-24T17:00:00.000Z,319.4700012207031,320.8299865722656,318.8900146484375,320.5299987792969,1300392
2026-07-24T17:30:00.000Z,320.5199890136719,320.8136901855469,319.3500061035156,319.9849853515625,1101700
2026-07-24T18:00:00.000Z,319.9800109863281,321.1400146484375,319.8800048828125,319.9750061035156,1344779
2026-07-24T18:30:00.000Z,319.9599914550781,320.1199951171875,318.9599914550781,319.3299865722656,1225786
2026-07-24T19:00:00.000Z,319.32000732421875,320.260009765625,319.32000732421875,319.5249938964844,1492960
2026-07-24T19:30:00.000Z,319.5,320.69000244140625,319.1700134277344,319.7699890136719,3368485
2026-07-24T20:00:00.000Z,319.74,321.6409,319.05,319.06,0
2026-07-24T20:30:00.000Z,319.09,319.9,301.9645,319.85,0
2026-07-24T21:00:00.000Z,319.74,319.85,307.5696,319.8,0
2026-07-24T21:30:00.000Z,319.68,320.5,319.5,319.89,0
2026-07-24T22:00:00.000Z,319.99,320.19,319.5,319.7042,0
2026-07-24T22:30:00.000Z,319.7782,320,319.3,319.3687,0
2026-07-24T23:00:00.000Z,319.36,319.7,319.16,319.46,0
2026-07-24T23:30:00.000Z,319.46,319.62,318.82,318.84,0
2026-07-27T08:00:00.000Z,323.95,325.09,322.17,324.74,0
2026-07-27T08:30:00.000Z,324.58,325.146,324.5,325.039,0
2026-07-27T09:00:00.000Z,325.03,325.3948,324.873,325.19,0
2026-07-27T09:30:00.000Z,325.19,325.49,324.91,325.3573,0
2026-07-27T10:00:00.000Z,325.4,325.49,324.9,324.9317,0
2026-07-27T10:30:00.000Z,324.9465,325,324.11,324.11,0
2026-07-27T11:00:00.000Z,324.22,324.37,323.28,323.28,0
2026-07-27T11:30:00.000Z,323.26,324.16,323.26,323.91,0
2026-07-27T12:00:00.000Z,323.8993,324.59,320.539,324.15,0
2026-07-27T12:30:00.000Z,324.29,325.09,324,325,0
2026-07-27T13:00:00.000Z,325,325.8289,324,325.36,0
2026-07-27T13:30:00.000Z,325.0400085449219,329.2300109863281,325.0400085449219,327.77398681640625,5415683
2026-07-27T14:00:00.000Z,327.739990234375,330.4198913574219,326.4100036621094,326.4700012207031,3208726
2026-07-27T14:30:00.000Z,326.4100036621094,328.3399963378906,324.4599914550781,327.489990234375,2798084
2026-07-27T15:00:00.000Z,327.4849853515625,329.760009765625,327.260009765625,328.2200012207031,1940782
2026-07-27T15:30:00.000Z,328.17999267578125,328.94000244140625,327.1400146484375,328.5199890136719,1404047
2026-07-27T16:00:00.000Z,328.5400085449219,329.1300048828125,327.5199890136719,327.8999938964844,1022352
2026-07-27T16:30:00.000Z,327.8800048828125,328.2300109863281,326.3299865722656,326.57000732421875,915777
2026-07-27T17:00:00.000Z,326.53009033203125,327.3612060546875,325.8599853515625,326.739990234375,893019
2026-07-27T17:30:00.000Z,326.75,326.9100036621094,326.1600036621094,326.1600036621094,763774
2026-07-27T18:00:00.000Z,326.2200012207031,326.5199890136719,325.7799987792969,326.1700134277344,685401
2026-07-27T18:30:00.000Z,326.20001220703125,327.8599853515625,325.6300964355469,327.4750061035156,1518025
2026-07-27T19:00:00.000Z,327.489990234375,327.6698913574219,326.989990234375,327.4599914550781,882072
2026-07-27T19:30:00.000Z,327.45001220703125,327.8999938964844,326.32000732421875,326.55999755859375,2513663
2026-07-27T20:00:00.000Z,326.56,327.1,326.3147,326.91,0
2026-07-27T20:30:00.000Z,326.986,339.8868,307.7521,326.96,0
2026-07-27T21:00:00.000Z,326.99,337.4521,307.7521,327.46,0
2026-07-27T21:30:00.000Z,327.4,327.55,327.0986,327.225,0
2026-07-27T22:00:00.000Z,327.38,327.7,326.56,326.8,0
2026-07-27T22:30:00.000Z,326.8,327,326.27,326.6,0
2026-07-27T23:00:00.000Z,326.47,327,326.11,326.78,0
2026-07-27T23:30:00.000Z,326.78,327.55,326.2324,326.99,0
2026-07-28T08:00:00.000Z,324.08,326.56,323.6,326.01,0
2026-07-28T08:30:00.000Z,326.01,327.23,325.859,327.02,0
2026-07-28T09:00:00.000Z,326.98,327.65,326.8,327.47,0
2026-07-28T09:30:00.000Z,327.5388,327.5388,326.61,326.8,0
2026-07-28T10:00:00.000Z,326.8,327.0715,326.01,326.7388,0
2026-07-28T10:30:00.000Z,326.7,326.9,326.27,326.45,0
2026-07-28T11:00:00.000Z,326.69,327.25,326,326.84,0
2026-07-28T11:30:00.000Z,326.85,328,326.77,327.2303,0
2026-07-28T12:00:00.000Z,327.3419,328.23,327,328.07,0
2026-07-28T12:30:00.000Z,328.23,354.46,327.44,327.8827,0
2026-07-28T13:00:00.000Z,327.65,327.89,326.38,327.88,0
2026-07-28T13:30:00.000Z,327.8999938964844,330.29998779296875,324.44000244140625,325.5199890136719,4810749
2026-07-28T14:00:00.000Z,325.510009765625,328.04998779296875,325.4599914550781,327.7799987792969,2037955
2026-07-28T14:30:00.000Z,327.7650146484375,329.1300048828125,327.21051025390625,328.7250061035156,1633984
2026-07-28T15:00:00.000Z,328.7300109863281,333.1199951171875,328.6705017089844,332.3399963378906,2198239
2026-07-28T15:30:00.000Z,332.3999938964844,333.6700134277344,332.2699890136719,333.45001220703125,1450543
2026-07-28T16:00:00.000Z,333.5199890136719,334.1700134277344,332.79998779296875,333.5299987792969,1004012
2026-07-28T16:30:00.000Z,333.5350036621094,334.4800109863281,332.989990234375,334.45001220703125,754396
2026-07-28T17:00:00.000Z,334.45001220703125,335.260009765625,333.6600036621094,335.05999755859375,1366298
2026-07-28T17:30:00.000Z,335.05999755859375,335.8800048828125,334.6700134277344,335.8399963378906,1190505
2026-07-28T18:00:00.000Z,335.8214111328125,335.8214111328125,334.19000244140625,334.864990234375,994436
2026-07-28T18:30:00.000Z,334.8699951171875,335.8800048828125,334.54998779296875,335.2300109863281,1171277
2026-07-28T19:00:00.000Z,335.2250061035156,335.42999267578125,333.7799987792969,334.2900085449219,1277781
2026-07-28T19:30:00.000Z,334.260009765625,334.7049865722656,333.3800048828125,333.7300109863281,3302905
2026-07-28T20:00:00.000Z,333.79,335.5,333.56,334.97,0
2026-07-28T20:30:00.000Z,334.85,346.53,313.7336,334.9182,0
2026-07-28T21:00:00.000Z,334.91,335.35,320.364,334.39,0
2026-07-28T21:30:00.000Z,334.65,334.65,333.71,334.45,0
2026-07-28T22:00:00.000Z,334.3412,335.3,333.785,334.04,0
2026-07-28T22:30:00.000Z,334.24,334.51,332.76,333.42,0
2026-07-28T23:00:00.000Z,333.828,334.28,332.331,334.25,0
2026-07-28T23:30:00.000Z,334.1,335.9,333.48,335.89,0
2026-07-29T08:00:00.000Z,333.86,335.11,330.51,334.88,0
2026-07-29T08:30:00.000Z,334.88,335.58,334.71,334.95,0
2026-07-29T09:00:00.000Z,334.95,335.02,333.8214,334.13,0
2026-07-29T09:30:00.000Z,334.11,334.54,333.82,334.18,0
2026-07-29T10:00:00.000Z,333.98,334.65,333.7,334.2955,0
2026-07-29T10:30:00.000Z,334.5727,334.91,334.19,334.73,0
2026-07-29T11:00:00.000Z,334.91,336.69,334.6683,336.25,0
2026-07-29T11:30:00.000Z,336.25,336.39,335.22,335.99,0
2026-07-29T12:00:00.000Z,335.9,337,335.07,335.85,0
2026-07-29T12:30:00.000Z,335.76,336.8,335.24,336.0978,0
2026-07-29T13:00:00.000Z,336.086,336.15,333.72,334.76,0
2026-07-29T13:30:00.000Z,334.5199890136719,336.489990234375,332.0400085449219,332.9100036621094,3128791
2026-07-29T14:00:00.000Z,332.9100036621094,333.8599853515625,331.6199951171875,332.5400085449219,1484363
2026-07-29T14:30:00.000Z,332.5,334.7349853515625,332.3399963378906,334.239990234375,1355290
2026-07-29T15:00:00.000Z,334.2550048828125,335.6000061035156,333.6400146484375,333.8599853515625,1457160
2026-07-29T15:30:00.000Z,333.8450012207031,334.5896911621094,332.3599853515625,332.9200134277344,1151376
2026-07-29T16:00:00.000Z,332.9549865722656,335.8299865722656,332.82000732421875,335.55999755859375,1095327
2026-07-29T16:30:00.000Z,335.5400085449219,336.69989013671875,334.739990234375,336.5799865722656,815303
2026-07-29T17:00:00.000Z,336.55499267578125,338.17999267578125,335.9700012207031,337.2300109863281,1311862
2026-07-29T17:30:00.000Z,337.1700134277344,338.04998779296875,335.8999938964844,337.8399963378906,1124350
2026-07-29T18:00:00.000Z,337.79998779296875,340.4800109863281,337.79998779296875,340.18499755859375,2507298
2026-07-29T18:30:00.000Z,340.1499938964844,342.5,339.3399963378906,341.6549987792969,1559518
2026-07-29T19:00:00.000Z,341.69000244140625,342.2099914550781,336.4800109863281,337.0199890136719,1561312
2026-07-29T19:30:00.000Z,337.04998779296875,337.30999755859375,335.2701110839844,336.6700134277344,4239509
2026-07-29T20:00:00.000Z,336.72,357.4,332.49,332.72,0
2026-07-29T20:30:00.000Z,333,354.418,313.2174,333.36,0
2026-07-29T21:00:00.000Z,333.37,354.418,314.2742,331.92,0
2026-07-29T21:30:00.000Z,331.85,336.71,329.14,331.4329,0
2026-07-29T22:00:00.000Z,331.79,336.71,331.33,335,0
2026-07-29T22:30:00.000Z,335.24,336.99,334.05,335.46,0
2026-07-29T23:00:00.000Z,335.7507,336.2115,335,335.79,0
2026-07-29T23:30:00.000Z,335.8347,336.5,335.45,335.88,0
2026-07-30T08:00:00.000Z,334.0635,336.71,334,335.6,0
2026-07-30T08:30:00.000Z,335.592,335.6,335.1012,335.4683,0
2026-07-30T09:00:00.000Z,335.5806,336.8775,335.3868,336.8,0
2026-07-30T09:30:00.000Z,336.8,337.51,336.5,336.78,0
2026-07-30T10:00:00.000Z,336.34,336.8612,336.2142,336.59,0
2026-07-30T10:30:00.000Z,336.5842,337.37,336.3589,336.9067,0
2026-07-30T11:00:00.000Z,337.035,337.64,336.9,337.59,0
2026-07-30T11:30:00.000Z,337.6,338.2,336.56,336.8,0
2026-07-30T12:00:00.000Z,336.78,336.9918,334.19,334.4034,0
2026-07-30T12:30:00.000Z,334.45,335.46,333.4982,334.83,0
2026-07-30T13:00:00.000Z,334.91,336.07,333.85,334.26,0
2026-07-30T13:30:00.000Z,334.19500732421875,336.510009765625,330.3399963378906,332.4700012207031,5323678
2026-07-30T14:00:00.000Z,332.3800048828125,335.25,331.7699890136719,331.82000732421875,3106427
2026-07-30T14:30:00.000Z,331.80999755859375,333.7300109863281,331.6099853515625,332.8349914550781,1685088
2026-07-30T15:00:00.000Z,332.9200134277344,332.9599914550781,331.1000061035156,331.4599914550781,1459457
2026-07-30T15:30:00.000Z,331.44000244140625,334.1400146484375,331.25,332.81500244140625,1058074
2026-07-30T16:00:00.000Z,332.80499267578125,335.1400146484375,332.69000244140625,334.9049987792969,1173400
2026-07-30T16:30:00.000Z,334.9049987792969,335.3299865722656,333.5434875488281,334.5249938964844,1045560
2026-07-30T17:00:00.000Z,334.5,335.1700134277344,332.7113952636719,332.8799133300781,1094319
2026-07-30T17:30:00.000Z,332.8699951171875,334.8500061035156,332.2099914550781,333.072509765625,1741240
2026-07-30T18:00:00.000Z,333.0899963378906,333.17919921875,332.0299987792969,332.07000732421875,1206651
2026-07-30T18:30:00.000Z,332.07000732421875,334.92999267578125,332.04998779296875,334.6000061035156,1158572
2026-07-30T19:00:00.000Z,334.6099853515625,334.92999267578125,334.17999267578125,334.3299865722656,1057311
2026-07-30T19:30:00.000Z,334.3349914550781,334.57000732421875,333.260009765625,333.67999267578125,2863706
2026-07-30T20:00:00.000Z,333.66,334.69,333.223,334.6,0
2026-07-30T20:30:00.000Z,334.6,355.2542,313.9701,334.6,0
2026-07-30T21:00:00.000Z,334.6,334.6,325.7875,334.3111,0
2026-07-30T21:30:00.000Z,334.3262,334.6,333.66,334.5441,0
2026-07-30T22:00:00.000Z,334.44,335.7,334.05,335.0706,0
2026-07-30T22:30:00.000Z,335,335.8,335,335.53,0
2026-07-30T23:00:00.000Z,335.53,335.7,335.02,335.26,0
2026-07-30T23:30:00.000Z,335.4,335.8,335,335.66,0
2026-07-31T08:00:00.000Z,340.22,343.28,333.66,341.8706,0
2026-07-31T08:30:00.000Z,341.9,342.5,341.5097,342.35,0
2026-07-31T09:00:00.000Z,342.3,342.4,340.8412,341.47,0
2026-07-31T09:30:00.000Z,341.47,341.9988,340.95,341.54,0
2026-07-31T10:00:00.000Z,341.54,341.7,340.307,340.309,0
2026-07-31T10:30:00.000Z,340.46,340.622,339.75,339.84,0
2026-07-31T11:00:00.000Z,339.9,340.0844,338.72,339.51,0
2026-07-31T11:30:00.000Z,339.55,339.76,338.17,338.42,0
2026-07-31T12:00:00.000Z,338.33,338.6,337.31,338,0
2026-07-31T12:30:00.000Z,337.81,338.3491,337.15,337.52,0
2026-07-31T13:00:00.000Z,337.7,341.5412,337.51,341.51,0
2026-07-31T13:30:00.000Z,341.5,345.9200134277344,340,343.6099853515625,5922767
2026-07-31T14:00:00.000Z,343.55499267578125,348.07000732421875,343.4549865722656,347.5799865722656,4149523
2026-07-31T14:30:00.000Z,347.57501220703125,353.3699951171875,346.8800048828125,352.3299865722656,3609780
2026-07-31T15:00:00.000Z,352.29998779296875,353.69000244140625,348.6199951171875,348.8550109863281,2890667
2026-07-31T15:30:00.000Z,348.8550109863281,352.75,348.3900146484375,351.7200012207031,1943886
2026-07-31T16:00:00.000Z,351.760009765625,354.4700012207031,351.70001220703125,354.30999755859375,1563469
2026-07-31T16:30:00.000Z,354.3399963378906,354.6099853515625,352.75,353.0799865722656,1604466
2026-07-31T17:00:00.000Z,353.0899963378906,354.6400146484375,352.7099914550781,354.4100036621094,1838268
2026-07-31T17:30:00.000Z,354.3800048828125,354.8999938964844,353.260009765625,353.9100036621094,1529572
2026-07-31T18:00:00.000Z,353.9100036621094,356.31988525390625,353.8500061035156,356.04998779296875,2595529
2026-07-31T18:30:00.000Z,356.010009765625,356.3699951171875,355.0400085449219,355.29998779296875,1579223
2026-07-31T19:00:00.000Z,355.2900085449219,355.92999267578125,354.6000061035156,355.6199951171875,2345084
2026-07-31T19:30:00.000Z,355.6499938964844,358.54998779296875,355.44000244140625,356.3299865722656,6492962
2026-07-31T20:00:00.000Z,356.264,357.03,345.915,355.1,0
2026-07-31T20:30:00.000Z,355.11,356.13,354.31,354.6,0
2026-07-31T21:00:00.000Z,354.25,375.961,333.1409,343.5892,0
2026-07-31T21:30:00.000Z,354.1072,375.961,334.7423,353.67,0
2026-07-31T22:00:00.000Z,353.57,353.7082,353,353.0516,0
2026-07-31T22:30:00.000Z,353.05,356.13,353,353.4,0
2026-07-31T23:00:00.000Z,353.25,354.19,353.25,354.1,0
2026-07-31T23:30:00.000Z,354.1,354.35,353.5,354.1999,0
2026-08-03T08:00:00.000Z,360.5,361.646,357.3232,358.6349,0
2026-08-03T08:30:00.000Z,358.63,360.6822,358.27,360.55,0
2026-08-03T09:00:00.000Z,360.69,361.43,360.21,361.4012,0
2026-08-03T09:30:00.000Z,361.38,362.26,361,361.99,0
2026-08-03T10:00:00.000Z,361.9962,364.05,361.4,363,0
2026-08-03T10:30:00.000Z,362.95,363.6645,362.09,362.09,0
2026-08-03T11:00:00.000Z,362.2,363.1275,361.6342,362.1821,0
2026-08-03T11:30:00.000Z,362.11,363.3175,361.65,361.9027,0
2026-08-03T12:00:00.000Z,361.9,362.969,361.45,362.95,0
2026-08-03T12:30:00.000Z,362.95,363.7,362.5,363.1072,0
2026-08-03T13:00:00.000Z,363.1093,366.6,360.61,365.71,0
2026-08-03T13:30:00.000Z,365.239990234375,374.32000732421875,363.3500061035156,371.42999267578125,8429079
2026-08-03T14:00:00.000Z,371.2799987792969,372.67999267578125,367.510009765625,367.9549865722656,3594358
2026-08-03T14:30:00.000Z,367.94000244140625,369.45001220703125,366.6737060546875,368.9800109863281,2013460
2026-08-03T15:00:00.000Z,368.989990234375,373.1650085449219,368.1600036621094,372.82000732421875,2110675
2026-08-03T15:30:00.000Z,372.82000732421875,375.7698974609375,372.6400146484375,374.6600036621094,2591252
2026-08-03T16:00:00.000Z,374.70001220703125,375.54998779296875,374.2300109863281,375.1099853515625,1488876
2026-08-03T16:30:00.000Z,375.1488037109375,376.6932067871094,375.0899963378906,375.9800109863281,1557504
2026-08-03T17:00:00.000Z,375.989990234375,376.05999755859375,374.1700134277344,374.739990234375,1232891
2026-08-03T17:30:00.000Z,374.7300109863281,375.1199951171875,373.8900146484375,374.2294921875,1269030
2026-08-03T18:00:00.000Z,374.2300109863281,374.3800048828125,373.5400085449219,373.6199951171875,1253522
2026-08-03T18:30:00.000Z,373.6199951171875,375.80499267578125,373.489990234375,375.5,1246686
2026-08-03T19:00:00.000Z,375.5299987792969,375.6199951171875,374.1700134277344,374.260009765625,1799290
2026-08-03T19:30:00.000Z,374.25,374.7699890136719,373.1650085449219,373.55999755859375,4171479
2026-08-03T20:00:00.000Z,373.54,373.94,372.344,372.44,0
2026-08-03T20:30:00.000Z,372.4307,372.77,359.15,371.9276,0
2026-08-03T21:00:00.000Z,371.8986,378.9435,352.9921,372.14,0
2026-08-03T21:30:00.000Z,372.01,378.9435,371.2,371.4601,0
2026-08-03T22:00:00.000Z,371.4665,372.06,371.4,371.7,0
2026-08-03T22:30:00.000Z,371.9033,373.06,371.6,372.1994,0
2026-08-03T23:00:00.000Z,372.12,372.4,371.56,371.7,0
2026-08-03T23:30:00.000Z,371.6201,371.94,370.5,370.89,0
2026-08-04T08:00:00.000Z,371.54,374.8607,368.486,369.7242,0
2026-08-04T08:30:00.000Z,369.486,370.595,369.1267,369.892,0
2026-08-04T09:00:00.000Z,369.588,370.4392,369.3977,370.0227,0
2026-08-04T09:30:00.000Z,369.7482,370.9815,369.58,370.6192,0
2026-08-04T10:00:00.000Z,370.9707,370.9707,368.03,368.0317,0
2026-08-04T10:30:00.000Z,368.1,368.8795,367.31,368.7872,0
2026-08-04T11:00:00.000Z,368.545,373.51,366.25,367.8128,0
2026-08-04T11:30:00.000Z,367.8232,369.32,367.2272,368.2842,0
2026-08-04T12:00:00.000Z,368.2842,369.5,367.0255,369.0075,0
2026-08-04T12:30:00.000Z,369.2925,369.38,367.8557,367.9872,0
2026-08-04T13:00:00.000Z,367.8827,368.37,366.1,367.4,0
2026-08-04T13:30:00.000Z,367.6488037109375,376,367.5400085449219,375.8999938964844,5495735
2026-08-04T14:00:00.000Z,375.9100036621094,378.0899963378906,375.1199951171875,377.04998779296875,2838768
2026-08-04T14:30:00.000Z,377.05999755859375,377.1400146484375,374.7099914550781,376.16558837890625,1788149
2026-08-04T15:00:00.000Z,376.20001220703125,377.6625061035156,375.739990234375,376.2699890136719,3019313
2026-08-04T15:30:00.000Z,376.2799987792969,376.3699951171875,375.2200012207031,375.8800048828125,1215539
2026-08-04T16:00:00.000Z,375.8599853515625,376.45001220703125,375.32000732421875,376.25,1374645
2026-08-04T16:30:00.000Z,376.25,377.9549865722656,376.0799865722656,376.625,1663417
2026-08-04T17:00:00.000Z,376.6300048828125,378.44000244140625,376.57000732421875,377.6099853515625,1206789
2026-08-04T17:30:00.000Z,377.6099853515625,378.9599914550781,377.510009765625,378.6449890136719,1758933
2026-08-04T18:00:00.000Z,378.6499938964844,380.29998779296875,378.3999938964844,380.1499938964844,1349418
2026-08-04T18:30:00.000Z,380.16650390625,380.5199890136719,379.1549987792969,379.5,1097917
2026-08-04T19:00:00.000Z,379.5198974609375,380.135009765625,378.5,378.739990234375,1485864
2026-08-04T19:30:00.000Z,378.7449951171875,380.2300109863281,377.6099853515625,377.7900085449219,3195429
2026-08-04T20:00:00.000Z,377.65,380.1,376.05,379.9139,0
2026-08-04T20:30:00.000Z,379.8,380.6,379.17,380.28,0
2026-08-04T21:00:00.000Z,380.37,380.37,377.65,378.8449,0
2026-08-04T21:30:00.000Z,378.85,380.2,378.54,379.56,0
2026-08-04T22:00:00.000Z,379.85,380.87,377.65,380.24,0
2026-08-04T22:30:00.000Z,380.24,380.4,379.57,379.824,0
2026-08-04T23:00:00.000Z,379.9,380.18,379.56,379.7719,0
2026-08-04T23:30:00.000Z,379.7719,379.9,379,379.6501,0
2026-08-05T08:00:00.000Z,380.06,380.794,377.65,380.08,0
2026-08-05T08:30:00.000Z,380.08,381.88,380.08,381.1975,0
2026-08-05T09:00:00.000Z,381.1975,383.3088,381.1,382.9,0
2026-08-05T09:30:00.000Z,382.8947,383,382,382.39,0
2026-08-05T10:00:00.000Z,382.44,383.08,382.06,382.25,0
2026-08-05T10:30:00.000Z,382.32,383,382.1156,382.68,0
2026-08-05T11:00:00.000Z,382.7,383.37,381.4441,381.84,0
2026-08-05T11:30:00.000Z,381.93,382.744,381.22,382.6275,0
2026-08-05T12:00:00.000Z,382.52,384.25,382.0137,382.32,0
2026-08-05T12:30:00.000Z,382.39,382.91,382.24,382.472,0
2026-08-05T13:00:00.000Z,382.6,384,381.73,383.42,0
2026-08-05T13:30:00.000Z,382.94000244140625,384.1199951171875,378.1700134277344,379.5400085449219,3678272
2026-08-05T14:00:00.000Z,379.5,381.19000244140625,377.92999267578125,381,1491772
2026-08-05T14:30:00.000Z,380.95001220703125,382.3500061035156,380.581298828125,380.9200134277344,1436239
2026-08-05T15:00:00.000Z,380.9800109863281,381.6549987792969,378.7001037597656,378.7550048828125,928260
2026-08-05T15:30:00.000Z,378.7550048828125,379.0899963378906,375.67999267578125,375.885009765625,1399687
2026-08-05T16:00:00.000Z,375.8800048828125,376.0199890136719,356.82000732421875,364.9750061035156,16290508
2026-08-05T16:30:00.000Z,365.0299987792969,365.2598876953125,361.56500244140625,364.3399963378906,3713695
2026-08-05T17:00:00.000Z,364.4100036621094,365.12701416015625,362.3900146484375,362.4100036621094,2089422
2026-08-05T17:30:00.000Z,362.42999267578125,363.20001220703125,360.8100891113281,362.5799865722656,1877597
2026-08-05T18:00:00.000Z,362.5799865722656,364.9700012207031,362.54998779296875,362.6400146484375,1534809
2026-08-05T18:30:00.000Z,362.6202087402344,363.05499267578125,361.18499755859375,361.4800109863281,1589230
2026-08-05T19:00:00.000Z,361.4599914550781,362.7300109863281,361.0400085449219,361.8299865722656,1908050
2026-08-05T19:30:00.000Z,361.8299865722656,363.19000244140625,361.15008544921875,362.4700012207031,4159230
2026-08-05T20:00:00.000Z,362.43,363.65,361.3,363.3,0
2026-08-05T20:30:00.000Z,363.12,363.4,343.4488,362.5897,0
2026-08-05T21:00:00.000Z,362.58,363,338.4966,362.93,0
2026-08-05T21:30:00.000Z,362.97,363.33,362.2,362.89,0
2026-08-05T22:00:00.000Z,362.93,364.8,362.43,364.4,0
2026-08-05T22:30:00.000Z,364.4,365,364.13,364.4,0
2026-08-05T23:00:00.000Z,364.42,364.99,364.25,364.67,0
2026-08-05T23:30:00.000Z,364.67,365,364.42,364.6954,0
2026-08-06T08:00:00.000Z,364.22,366.83,362.43,364.5951,0
2026-08-06T08:30:00.000Z,364.87,365.6232,364,365.03,0
2026-08-06T09:00:00.000Z,365.22,365.246,363.79,364.7906,0
2026-08-06T09:30:00.000Z,364.79,365,364.0103,364.6859,0
2026-08-06T10:00:00.000Z,364.68,364.82,363.97,364.65,0
2026-08-06T10:30:00.000Z,364.53,364.88,364.02,364.54,0
2026-08-06T11:00:00.000Z,364.64,365,362.43,364.29,0
2026-08-06T11:30:00.000Z,364.3,364.5,360.82,361.395,0
2026-08-06T12:00:00.000Z,361.4,361.93,359.44,360,0
2026-08-06T12:30:00.000Z,360.05,361.75,360,360.31,0
2026-08-06T13:00:00.000Z,360.36,361.14,358.6,360.9,0
2026-08-06T13:30:00.000Z,360.7699890136719,364.1258850097656,360.1099853515625,363.04998779296875,4261314
2026-08-06T14:00:00.000Z,363.19000244140625,363.19000244140625,360.32000732421875,360.54998779296875,1607928
2026-08-06T14:30:00.000Z,360.5299987792969,362.135009765625,359.3599853515625,362,1803392
2026-08-06T15:00:00.000Z,362.0199890136719,362.0799865722656,358.67999267578125,360.2550048828125,1467658
2026-08-06T15:30:00.000Z,360.260009765625,360.3999938964844,359.0199890136719,359.2200012207031,968713
2026-08-06T16:00:00.000Z,359.2300109863281,359.75,358.7959899902344,359.685791015625,961801
2026-08-06T16:30:00.000Z,359.7200012207031,359.8052062988281,357.8800048828125,358.32000732421875,1124919
2026-08-06T17:00:00.000Z,358.32000732421875,358.8399963378906,357.6499938964844,357.8399963378906,1106440
2026-08-06T17:30:00.000Z,357.8500061035156,358.4700012207031,357.5799865722656,357.6499938964844,967278
2026-08-06T18:00:00.000Z,357.6700134277344,357.8699951171875,356.8800048828125,357.6099853515625,1531560
2026-08-06T18:30:00.000Z,357.6099853515625,357.8699951171875,357.0600891113281,357.375,826248
2026-08-06T19:00:00.000Z,357.3900146484375,358.30841064453125,357.1000061035156,357.12750244140625,1156208
2026-08-06T19:30:00.000Z,357.125,358.20001220703125,356.9599914550781,357.8900146484375,2327388
2026-08-06T20:00:00.000Z,357.96,359.1,357.7,358.5,0
2026-08-06T20:30:00.000Z,358.49,358.52,343.0343,358.1,0
2026-08-06T21:00:00.000Z,358.1,358.45,339.1751,358.4,0
2026-08-06T21:30:00.000Z,358.35,358.6,357.75,358.2882,0
2026-08-06T22:00:00.000Z,358.29,358.83,358.12,358.45,0
2026-08-06T22:30:00.000Z,358.5,358.69,358.16,358.69,0
2026-08-06T23:00:00.000Z,358.69,358.76,358.5,358.6952,0
2026-08-06T23:30:00.000Z,358.7,358.9,358.3052,358.8954,0
2026-08-07T08:00:00.000Z,358.42,360.0135,357.16,357.3419,0
2026-08-07T08:30:00.000Z,357.35,358.81,357.305,358.81,0
2026-08-07T09:00:00.000Z,358.7,358.8788,358.05,358.05,0
2026-08-07T09:30:00.000Z,358.18,358.4232,357.75,358.22,0
2026-08-07T10:00:00.000Z,358.2324,358.8,357.9,358.19,0
2026-08-07T10:30:00.000Z,358.3759,358.39,357.9156,358.2224,0
2026-08-07T11:00:00.000Z,358.205,358.77,357.75,358.6378,0
2026-08-07T11:30:00.000Z,358.61,359,357.53,357.75,0
2026-08-07T12:00:00.000Z,357.67,357.9537,357.17,357.39,0
2026-08-07T12:30:00.000Z,357.4,358.7952,357.18,358.7,0
2026-08-07T13:00:00.000Z,358.7283,358.98,356.31,356.95,0
2026-08-07T13:30:00.000Z,356.7650146484375,358.8999938964844,354.739990234375,356.04998779296875,3574438
2026-08-07T14:00:00.000Z,356.0299987792969,356.6300048828125,354.55999755859375,355.69000244140625,1576941
2026-08-07T14:30:00.000Z,355.7099914550781,356.2040100097656,353.7799987792969,355.4849853515625,2016284
2026-08-07T15:00:00.000Z,355.4649963378906,357.489990234375,354.9100036621094,357.05999755859375,1302766
2026-08-07T15:30:00.000Z,357.1099853515625,357.2499084472656,355.7518005371094,355.8699951171875,807831
2026-08-07T16:00:00.000Z,355.8699951171875,356,354.29998779296875,354.6700134277344,897913
2026-08-07T16:30:00.000Z,354.69000244140625,355.6499938964844,354.3500061035156,355.2900085449219,492441
2026-08-07T17:00:00.000Z,355.239990234375,355.42999267578125,354.3500061035156,354.8299865722656,580984
2026-08-07T17:30:00.000Z,354.8125,355.2900085449219,354.45001220703125,355.1449890136719,558937
2026-08-07T18:00:00.000Z,355.1099853515625,355.3299865722656,354.17138671875,354.18499755859375,574097
2026-08-07T18:30:00.000Z,354.1700134277344,354.3800048828125,353.80999755859375,354.3299865722656,640574
2026-08-07T19:00:00.000Z,354.3299865722656,355.2799987792969,353.92999267578125,355.260009765625,921276
2026-08-07T19:30:00.000Z,355.260009765625,355.6099853515625,354.2300109863281,354.25,2406614
2026-08-07T20:00:00.000Z,354.3,355,354.25,354.3,0
2026-08-07T20:30:00.000Z,354.49,354.49,354.29,354.37,0
2026-08-07T21:00:00.000Z,354.37,354.73,354.28,354.64,0
2026-08-07T21:30:00.000Z,354.64,354.7,354.5,354.5922,0
2026-08-07T22:00:00.000Z,354.54,354.69,354.4,354.49,0
2026-08-07T22:30:00.000Z,354.4984,354.6,354.14,354.27,0
2026-08-07T23:00:00.000Z,354.5,354.59,354.3,354.5221,0
2026-08-07T23:30:00.000Z,354.52,354.89,354.3712,354.75,0
2026-08-10T08:00:00.000Z,356.36,356.5,355.428,356.4957,0
2026-08-10T08:30:00.000Z,356.5,356.5982,356.253,356.48,0
2026-08-10T09:00:00.000Z,356.45,357.21,356.3503,356.74,0
2026-08-10T09:30:00.000Z,356.7,356.71,356.15,356.4709,0
2026-08-10T10:00:00.000Z,356.44,357.7975,356.3212,357.6493,0
2026-08-10T10:30:00.000Z,357.6702,357.7,356.8073,356.9988,0
2026-08-10T11:00:00.000Z,356.9,357.7188,354.3,357.68,0
2026-08-10T11:30:00.000Z,357.7,357.75,356.855,357.07,0
2026-08-10T12:00:00.000Z,357.02,357.9,356.88,357.11,0
2026-08-10T12:30:00.000Z,357.175,357.2,356,356.11,0
2026-08-10T13:00:00.000Z,356.1,356.55,355.07,355.26,0
2026-08-10T13:30:00.000Z,355.17498779296875,356.57000732421875,352.7099914550781,353.9717102050781,3921135
2026-08-10T14:00:00.000Z,354.010009765625,356.9599914550781,353.3599853515625,356.9599914550781,1600677
2026-08-10T14:30:00.000Z,356.94000244140625,357.17999267578125,353.7300109863281,353.9989013671875,1329649
2026-08-10T15:00:00.000Z,354.010009765625,355.1199035644531,353.70001220703125,354.4949951171875,1273198
2026-08-10T15:30:00.000Z,354.489990234375,354.9200134277344,353.32000732421875,354.3599853515625,976914
2026-08-10T16:00:00.000Z,354.3699951171875,354.9700012207031,353.8299865722656,354.3999938964844,788447
2026-08-10T16:30:00.000Z,354.42999267578125,354.8500061035156,353.6199951171875,354.4700012207031,515405
2026-08-10T17:00:00.000Z,354.4750061035156,354.9700012207031,354.07000732421875,354.7200012207031,450428
2026-08-10T17:30:00.000Z,354.71551513671875,354.9100036621094,353.9800109863281,354.2349853515625,457752
2026-08-10T18:00:00.000Z,354.2349853515625,354.5050048828125,354.010009765625,354.3500061035156,436484
2026-08-10T18:30:00.000Z,354.3299865722656,356.25,354.1700134277344,355.94549560546875,681919
2026-08-10T19:00:00.000Z,355.9649963378906,356.18939208984375,355.1600036621094,355.2301025390625,649495
2026-08-10T19:30:00.000Z,355.25,357.6099853515625,354.82049560546875,357.54998779296875,2129025
2026-08-10T20:00:00.000Z,357.52,357.6467,356.48,356.87,0
2026-08-10T20:30:00.000Z,356.71,363.4996,339.8868,357.01,0
2026-08-10T21:00:00.000Z,357.1,363.4996,332.8823,357.46,0
2026-08-10T21:30:00.000Z,357.4559,357.6,357.05,357.24,0
2026-08-10T22:00:00.000Z,357.2,357.52,356.62,356.8,0
2026-08-10T22:30:00.000Z,356.75,357,356.64,356.8,0
2026-08-10T23:00:00.000Z,356.8,356.8,356,356.35,0
2026-08-10T23:30:00.000Z,356.35,356.55,356.03,356.55,0
2026-08-11T08:00:00.000Z,356.9707,358,356,356.61,0
2026-08-11T08:30:00.000Z,356.65,356.9988,356.1,356.48,0
2026-08-11T09:00:00.000Z,356.4447,356.818,356.2612,356.6104,0
2026-08-11T09:30:00.000Z,356.7447,356.9988,356.4698,356.6032,0
2026-08-11T10:00:00.000Z,356.5508,357.52,356.3635,357.48,0
2026-08-11T10:30:00.000Z,357.48,357.52,357,357.24,0
2026-08-11T11:00:00.000Z,357.21,357.8622,357,357.29,0
2026-08-11T11:30:00.000Z,357.3,357.48,356.61,357.07,0
2026-08-11T12:00:00.000Z,357.1148,357.33,356.4,356.48,0
2026-08-11T12:30:00.000Z,356.45,356.81,356.22,356.4567,0
2026-08-11T13:00:00.000Z,356.5091,356.8,355.25,356.28,0
2026-08-11T13:30:00.000Z,355.8999938964844,356.80999755859375,349.4200134277344,351.239990234375,3956662
2026-08-11T14:00:00.000Z,351.2699890136719,352.45001220703125,350.8299865722656,352.2900085449219,1428090
2026-08-11T14:30:00.000Z,352.20001220703125,352.6199951171875,351.79998779296875,352.32000732421875,862598
2026-08-11T15:00:00.000Z,352.3500061035156,352.57000732421875,351.29998779296875,351.3500061035156,978520
2026-08-11T15:30:00.000Z,351.3450012207031,351.4100036621094,349.1199951171875,349.79998779296875,1408921
2026-08-11T16:00:00.000Z,349.7699890136719,350.2398986816406,349.1449890136719,350.19500732421875,1023147
2026-08-11T16:30:00.000Z,350.1600036621094,350.2099914550781,348.0299987792969,348.1400146484375,1244757
2026-08-11T17:00:00.000Z,348.1549987792969,348.2200012207031,346.44000244140625,346.9444885253906,1853369
2026-08-11T17:30:00.000Z,346.95001220703125,347.8699951171875,346.489990234375,347.3399963378906,1005747
2026-08-11T18:00:00.000Z,347.32000732421875,347.5,345.9599914550781,346.0899963378906,1031547
2026-08-11T18:30:00.000Z,346.1000061035156,346.2300109863281,344.5119934082031,344.6099853515625,2629785
2026-08-11T19:00:00.000Z,344.635009765625,345.2200012207031,344.1300048828125,344.3747863769531,1773523
2026-08-11T19:30:00.000Z,344.32989501953125,344.4549865722656,343.3949890136719,343.7900085449219,3749388
2026-08-11T20:00:00.000Z,343.79,344.75,343.66,344.67,0
2026-08-11T20:30:00.000Z,344.67,344.95,323.0275,344.85,0
2026-08-11T21:00:00.000Z,344.85,344.88,326.1138,344.8,0
2026-08-11T21:30:00.000Z,344.7993,344.9,344.5,344.8207,0
2026-08-11T22:00:00.000Z,344.8244,351.02,344.5,345.32,0
2026-08-11T22:30:00.000Z,345.3327,345.43,344.9191,345.0402,0
2026-08-11T23:00:00.000Z,345.0484,345.09,344.91,345.0897,0
2026-08-11T23:30:00.000Z,345.09,345.1475,344.95,345.08,0
2026-08-12T08:00:00.000Z,345.58,346.5,343.8,346.46,0
2026-08-12T08:30:00.000Z,346.4,346.66,346.1515,346.51,0
2026-08-12T09:00:00.000Z,346.47,346.97,346.34,346.64,0
2026-08-12T09:30:00.000Z,346.64,346.71,346.2542,346.4,0
2026-08-12T10:00:00.000Z,346.3948,346.64,346.23,346.23,0
2026-08-12T10:30:00.000Z,346.3,346.42,346,346.15,0
2026-08-12T11:00:00.000Z,346.13,346.25,345.34,345.7665,0
2026-08-12T11:30:00.000Z,345.6335,345.95,345.4401,345.65,0
2026-08-12T12:00:00.000Z,345.7144,369.45,345.2,346.2925,0
2026-08-12T12:30:00.000Z,346.29,361.1163,345.1,345.68,0
2026-08-12T13:00:00.000Z,345.69,347.16,345.32,346.01,0
2026-08-12T13:30:00.000Z,346,346.4800109863281,342.20001220703125,343.79998779296875,4110938
2026-08-12T14:00:00.000Z,343.7799987792969,344.8500061035156,341.70001220703125,342.7799987792969,2001250
2026-08-12T14:30:00.000Z,342.7749938964844,344.1650085449219,342.30999755859375,342.94000244140625,1411962
2026-08-12T15:00:00.000Z,342.94000244140625,343.57000732421875,341.3299865722656,342.1650085449219,1487891
2026-08-12T15:30:00.000Z,342.1650085449219,342.54998779296875,341.45001220703125,341.4599914550781,1025754
2026-08-12T16:00:00.000Z,341.5050048828125,342.4750061035156,340.8800048828125,342.44000244140625,1245779
2026-08-12T16:30:00.000Z,342.4649963378906,343.1700134277344,341.7699890136719,342.75,936062
2026-08-12T17:00:00.000Z,342.75,343.1000061035156,342.45001220703125,342.5799865722656,739108
2026-08-12T17:30:00.000Z,342.55999755859375,343.6400146484375,341.05499267578125,341.2349853515625,1627004
2026-08-12T18:00:00.000Z,341.20001220703125,343.239990234375,341.19000244140625,342.8599853515625,966774
2026-08-12T18:30:00.000Z,342.8399963378906,343.8999938964844,342.8399963378906,343.7699890136719,1164200
2026-08-12T19:00:00.000Z,343.7900085449219,344.3900146484375,343.7699890136719,343.95001220703125,1134681
2026-08-12T19:30:00.000Z,343.9330139160156,344.8500061035156,343.3800048828125,343.5450134277344,2525920
2026-08-12T20:00:00.000Z,343.55,343.75,342.302,343.24,0
2026-08-12T20:30:00.000Z,343.1983,343.7465,325.1359,343.6499,0
2026-08-12T21:00:00.000Z,343.5622,354.418,325.1359,343.9925,0
2026-08-12T21:30:00.000Z,344,344,343.54,343.802,0
2026-08-12T22:00:00.000Z,343.8455,343.9145,343.5,343.6,0
2026-08-12T22:30:00.000Z,343.55,343.63,343.5,343.5512,0
2026-08-12T23:00:00.000Z,343.57,343.78,343.28,343.3997,0
2026-08-12T23:30:00.000Z,343.4,343.5,343,343.3,0
2026-08-13T08:00:00.000Z,344.41,345.92,343.0982,345.3461,0
2026-08-13T08:30:00.000Z,345.3682,345.7817,345.2,345.42,0
2026-08-13T09:00:00.000Z,345.43,345.6549,345.01,345.6549,0
2026-08-13T09:30:00.000Z,345.67,345.94,345.1982,345.35,0
2026-08-13T10:00:00.000Z,345.37,345.65,345.11,345.29,0
2026-08-13T10:30:00.000Z,345.36,345.49,344.73,344.847,0
2026-08-13T11:00:00.000Z,344.73,345.3599,343.54,344.81,0
2026-08-13T11:30:00.000Z,344.8675,345.29,344.64,344.95,0
2026-08-13T12:00:00.000Z,345.1988,345.4399,344.81,345.269,0
2026-08-13T12:30:00.000Z,345.2528,345.49,344.81,345.2,0
2026-08-13T13:00:00.000Z,345.2,346,344.64,345.93,0
2026-08-13T13:30:00.000Z,345.6199951171875,346.5899963378906,343.760009765625,345.4649963378906,2563827
2026-08-13T14:00:00.000Z,345.489990234375,347.92999267578125,345.2200012207031,346.2900085449219,2191631
2026-08-13T14:30:00.000Z,346.32000732421875,347.3699951171875,345.4599914550781,346.3699951171875,1479366
2026-08-13T15:00:00.000Z,346.364990234375,346.5,344.1199951171875,344.3800048828125,1006727
2026-08-13T15:30:00.000Z,344.4100036621094,345.2016906738281,344.1099853515625,344.989990234375,865201
2026-08-13T16:00:00.000Z,345,346.19000244140625,344.7200927734375,346.05499267578125,631500
2026-08-13T16:30:00.000Z,346.0799865722656,346.7200012207031,345.7099914550781,346.06988525390625,593359
2026-08-13T17:00:00.000Z,346.07000732421875,347.29998779296875,345.3550109863281,345.67999267578125,828567
2026-08-13T17:30:00.000Z,345.6700134277344,345.989990234375,345.5950012207031,345.8999938964844,388970
2026-08-13T18:00:00.000Z,345.94000244140625,346.5299987792969,345.79998779296875,346.3900146484375,585945
2026-08-13T18:30:00.000Z,346.3699951171875,346.70001220703125,345.6099853515625,345.7900085449219,630849
2026-08-13T19:00:00.000Z,345.7799987792969,346.42999267578125,345.5799865722656,346.1700134277344,718868
2026-08-13T19:30:00.000Z,346.1700134277344,347.20001220703125,345.94000244140625,346.4100036621094,2170636
2026-08-13T20:00:00.000Z,346.28,346.8,346.2,346.34,0
2026-08-13T20:30:00.000Z,346.21,346.5,346.07,346.4497,0
2026-08-13T21:00:00.000Z,346.36,355.2542,325.7875,346.43,0
2026-08-13T21:30:00.000Z,346.4496,346.45,346.161,346.18,0
2026-08-13T22:00:00.000Z,346.19,346.36,346,346.16,0
2026-08-13T22:30:00.000Z,346.18,346.5,346.11,346.5,0
2026-08-13T23:00:00.000Z,346.5,346.98,346.36,346.6,0
2026-08-13T23:30:00.000Z,346.6,346.73,346.16,346.2477,0
2026-08-14T08:00:00.000Z,346.6,347.98,346.08,347.98,0
2026-08-14T08:30:00.000Z,347.85,347.9,347.09,347.22,0
2026-08-14T09:00:00.000Z,347.23,347.52,347.0837,347.1252,0
2026-08-14T09:30:00.000Z,347.08,347.3988,347,347.2467,0
2026-08-14T10:00:00.000Z,347.2467,347.2467,346.622,346.872,0
2026-08-14T10:30:00.000Z,346.8774,347.43,346.65,346.9448,0
2026-08-14T11:00:00.000Z,346.9,346.95,346.08,346.45,0
2026-08-14T11:30:00.000Z,346.46,346.9788,346.35,346.6615,0
2026-08-14T12:00:00.000Z,346.6557,347.14,346.6,346.9,0
2026-08-14T12:30:00.000Z,346.8012,347.327,346.29,346.3621,0
2026-08-14T13:00:00.000Z,346.3848,346.79,345.54,346.73,0
2026-08-14T13:30:00.000Z,346.5400085449219,350.45001220703125,346.29998779296875,347.9100036621094,2525064
2026-08-14T14:00:00.000Z,347.82000732421875,348.5,346.260009765625,346.45001220703125,1107047
2026-08-14T14:30:00.000Z,346.4700012207031,346.7699890136719,345.6000061035156,345.92999267578125,1049510
2026-08-14T15:00:00.000Z,345.9549865722656,346.1600036621094,345.0400085449219,345.3800048828125,1013234
2026-08-14T15:30:00.000Z,345.3399963378906,345.6199951171875,344.79010009765625,345.4700012207031,1243175
2026-08-14T16:00:00.000Z,345.5,345.5,344.7099914550781,345.1689147949219,1635455
2026-08-14T16:30:00.000Z,345.1400146484375,345.2900085449219,344.6018981933594,344.8999938964844,1053712
2026-08-14T17:00:00.000Z,344.885009765625,345.29998779296875,344.7200012207031,344.7449951171875,929053
2026-08-14T17:30:00.000Z,344.7799987792969,344.9599914550781,344.5,344.9100036621094,457709
2026-08-14T18:00:00.000Z,344.9150085449219,345.29998779296875,344.6700134277344,344.94000244140625,550117
2026-08-14T18:30:00.000Z,344.93499755859375,345.6400146484375,344.93499755859375,345.54998779296875,572862
2026-08-14T19:00:00.000Z,345.55999755859375,345.7900085449219,345.28338623046875,345.30999755859375,592220
2026-08-14T19:30:00.000Z,345.30999755859375,346.04998779296875,344.75,345.8800048828125,1953024
2026-08-14T20:00:00.000Z,345.9,347.4,345.31,345.9,0
2026-08-14T20:30:00.000Z,345.9,347.4,333.1409,346.9484,0
2026-08-14T21:00:00.000Z,346.9,347.27,334.7423,347.05,0
2026-08-14T21:30:00.000Z,347.05,347.27,345.9,347.11,0
2026-08-14T22:00:00.000Z,347.2,347.3,347,347.2714,0
2026-08-14T22:30:00.000Z,347.1906,347.43,347.01,347.3891,0
2026-08-14T23:00:00.000Z,347.32,347.42,347.11,347.3669,0
2026-08-14T23:30:00.000Z,347.3675,347.46,347.25,347.27,0
2026-08-17T08:00:00.000Z,348.5218,348.74,347.52,348.33,0
2026-08-17T08:30:00.000Z,348.33,348.45,348,348.3858,0
2026-08-17T09:00:00.000Z,348.39,348.58,347.8,348.08,0
2026-08-17T09:30:00.000Z,348.08,348.2002,347.815,347.9008,0
2026-08-17T10:00:00.000Z,347.89,348.94,347.85,348.93,0
2026-08-17T10:30:00.000Z,348.93,348.93,347.945,348.0663,0
2026-08-17T11:00:00.000Z,348.09,348.49,345.9,347.53,0
2026-08-17T11:30:00.000Z,347.59,347.99,347.41,347.45,0
2026-08-17T12:00:00.000Z,347.45,347.49,345.27,346.6504,0
2026-08-17T12:30:00.000Z,346.64,346.97,346.14,346.8763,0
2026-08-17T13:00:00.000Z,346.869,347.56,345.85,346.16,0
2026-08-17T13:30:00.000Z,346.260009765625,347.1549987792969,343.760009765625,344.2900085449219,2434987
2026-08-17T14:00:00.000Z,344.2300109863281,345.16619873046875,343.2900085449219,343.6099853515625,1146883
2026-08-17T14:30:00.000Z,343.56500244140625,343.6405029296875,341.92999267578125,342.9100036621094,1329106
2026-08-17T15:00:00.000Z,342.8949890136719,344.4649963378906,342.8949890136719,344.04730224609375,1296892
2026-08-17T15:30:00.000Z,344.0299987792969,344.5799865722656,343.6300048828125,343.94000244140625,913461
2026-08-17T16:00:00.000Z,343.95001220703125,344.67999267578125,343.1600036621094,344.4750061035156,803313
2026-08-17T16:30:00.000Z,344.4700012207031,344.67999267578125,342.8599853515625,342.93341064453125,771491
2026-08-17T17:00:00.000Z,342.9150085449219,343.92999267578125,342.60040283203125,343.29998779296875,643169
2026-08-17T17:30:00.000Z,343.2876892089844,343.6199951171875,342.8699951171875,342.9100036621094,473667
2026-08-17T18:00:00.000Z,342.8909912109375,344.07940673828125,342.8299865722656,343.8500061035156,681513
2026-08-17T18:30:00.000Z,343.8299865722656,344.239990234375,343.6099853515625,343.614990234375,645094
2026-08-17T19:00:00.000Z,343.6050109863281,344.114990234375,343.57501220703125,343.8699951171875,623925
2026-08-17T19:30:00.000Z,343.8599853515625,344.25,343.2699890136719,344.0799865722656,2111376
2026-08-17T20:00:00.000Z,344,362.43,343.5,343.78,0
2026-08-17T20:30:00.000Z,343.81,343.81,325.4415,343.8,0
2026-08-17T21:00:00.000Z,343.81,355.2622,325.4415,343.78,0
2026-08-17T21:30:00.000Z,343.7753,343.81,343.63,343.78,0
2026-08-17T22:00:00.000Z,343.73,344,343.55,343.7019,0
2026-08-17T22:30:00.000Z,343.7,343.81,343.65,343.71,0
2026-08-17T23:00:00.000Z,343.71,343.8099,343.6,343.6908,0
2026-08-17T23:30:00.000Z,343.7188,343.9,343.67,343.8605,0
2026-08-18T08:00:00.000Z,341.311,344,341.311,342.09,0
2026-08-18T08:30:00.000Z,342.0555,342.76,342,342.63,0
2026-08-18T09:00:00.000Z,342.57,343.4537,342.57,342.97,0
2026-08-18T09:30:00.000Z,342.97,343,342.2195,342.33,0
2026-08-18T10:00:00.000Z,342.33,342.6637,342,342.54,0
2026-08-18T10:30:00.000Z,342.37,342.6163,341.8,342.1,0
2026-08-18T11:00:00.000Z,342.14,342.42,341.8,342.3613,0
2026-08-18T11:30:00.000Z,342.34,342.55,341.9,342.47,0
2026-08-18T12:00:00.000Z,342.3,342.77,341.9,342.5999,0
2026-08-18T12:30:00.000Z,342.59,342.6,341.7,342.39,0
2026-08-18T13:00:00.000Z,342.32,342.91,340.9,342.27,0
2026-08-18T13:30:00.000Z,342.45001220703125,343.17999267578125,340.19000244140625,341.92999267578125,2665007
2026-08-18T14:00:00.000Z,341.9599914550781,344.0199890136719,341.32501220703125,343.8800048828125,1442202
2026-08-18T14:30:00.000Z,343.8699951171875,344.1099853515625,342.7099914550781,342.8450012207031,1169315
2026-08-18T15:00:00.000Z,342.8450012207031,343.6300048828125,342.42999267578125,342.8699951171875,929931
2026-08-18T15:30:00.000Z,342.8599853515625,343.2799987792969,342.31500244140625,343.2799987792969,908667
2026-08-18T16:00:00.000Z,343.260009765625,344.1400146484375,343.1050109863281,343.82000732421875,802900
2026-08-18T16:30:00.000Z,343.8349914550781,344,343.44000244140625,343.7799987792969,621825
2026-08-18T17:00:00.000Z,343.7699890136719,343.8500061035156,342.9750061035156,343.2257080078125,547692
2026-08-18T17:30:00.000Z,343.2250061035156,343.6400146484375,342.9599914550781,343.25,501810
2026-08-18T18:00:00.000Z,343.2543029785156,344.8399963378906,342.9849853515625,344.81048583984375,823718
2026-08-18T18:30:00.000Z,344.82000732421875,344.8699035644531,342.5799865722656,342.5799865722656,852688
2026-08-18T19:00:00.000Z,342.5950012207031,344.1700134277344,342.5950012207031,344.0400085449219,736635
2026-08-18T19:30:00.000Z,344.04998779296875,344.6199951171875,343.760009765625,344.07000732421875,2526911
2026-08-18T20:00:00.000Z,344.09,346.025,343.51,343.97,0
2026-08-18T20:30:00.000Z,343.92,344.2,325.2044,325.2044,0
2026-08-18T21:00:00.000Z,343.75,344.2,325.2044,343.84,0
2026-08-18T21:30:00.000Z,343.8,344.2,343.6467,343.79,0
2026-08-18T22:00:00.000Z,343.8,344.66,343.7,343.7716,0
2026-08-18T22:30:00.000Z,343.77,343.88,343.2,343.5175,0
2026-08-18T23:00:00.000Z,343.4,344.1802,343.28,343.8388,0
2026-08-18T23:30:00.000Z,343.8,344.13,343.8,344.1,0
2026-08-19T08:00:00.000Z,342.86,344.2,341.6041,342.83,0
2026-08-19T08:30:00.000Z,342.61,343.2,342.61,342.8586,0
2026-08-19T09:00:00.000Z,342.99,343.0997,342.5012,342.9,0
2026-08-19T09:30:00.000Z,342.8,343.1,342.74,342.95,0
2026-08-19T10:00:00.000Z,343.027,343.0864,342.6085,342.8,0
2026-08-19T10:30:00.000Z,342.84,342.8448,342.46,342.5216,0
2026-08-19T11:00:00.000Z,342.51,342.65,341.82,342.44,0
2026-08-19T11:30:00.000Z,342.2,342.63,341.94,342.07,0
2026-08-19T12:00:00.000Z,342.0686,342.2,341.51,341.51,0
2026-08-19T12:30:00.000Z,341.549,343.1,341.44,342.67,0
2026-08-19T13:00:00.000Z,342.703,343,341.88,342.29,0
2026-08-19T13:30:00.000Z,342.4549865722656,344.3299865722656,340.6600036621094,342.1400146484375,2742890
2026-08-19T14:00:00.000Z,342.1600036621094,345,341.80499267578125,343.19000244140625,1569279
2026-08-19T14:30:00.000Z,343.1700134277344,346.1000061035156,342.94000244140625,345.79998779296875,1515447
2026-08-19T15:00:00.000Z,345.79998779296875,346.2900085449219,344.3200988769531,345.0799865722656,1106793
2026-08-19T15:30:00.000Z,345.0408935546875,345.8399963378906,344.69000244140625,344.7950134277344,623054
2026-08-19T16:00:00.000Z,344.7699890136719,346.7300109863281,344.7699890136719,345.760009765625,1059849
2026-08-19T16:30:00.000Z,345.7699890136719,346.0799865722656,344.1199951171875,344.25,759280
2026-08-19T17:00:00.000Z,344.2699890136719,344.7200012207031,343.7300109863281,344.06500244140625,976758
2026-08-19T17:30:00.000Z,344.0799865722656,344.42999267578125,343.45001220703125,343.7200012207031,458033
2026-08-19T18:00:00.000Z,343.7200012207031,344.3500061035156,343.3901062011719,343.7900085449219,461318
2026-08-19T18:30:00.000Z,343.79998779296875,344.7594909667969,343.3299865722656,344.44500732421875,622404
2026-08-19T19:00:00.000Z,344.4800109863281,344.8500061035156,343.8399963378906,344.1195983886719,701902
2026-08-19T19:30:00.000Z,344.1050109863281,345.17999267578125,344.04998779296875,344.7799987792969,1972620
2026-08-19T20:00:00.000Z,344.72,345.245,344.008,344.9889,0
2026-08-19T20:30:00.000Z,345.08,345.0999,322.2178,344.85,0
2026-08-19T21:00:00.000Z,344.85,344.93,322.2178,344.0525,0
2026-08-19T21:30:00.000Z,344.16,344.27,343.75,344.15,0
2026-08-19T22:00:00.000Z,344.14,345.04,343.9142,344.5588,0
2026-08-19T22:30:00.000Z,344.56,344.57,344.12,344.57,0
2026-08-19T23:00:00.000Z,344.56,344.99,344.37,344.85,0
2026-08-19T23:30:00.000Z,344.9,344.99,344.4001,344.9,0
2026-08-20T08:00:00.000Z,345.29,345.61,344.05,344.53,0
2026-08-20T08:30:00.000Z,344.5242,344.5664,343.51,343.5948,0
2026-08-20T09:00:00.000Z,343.55,344.048,343.45,343.76,0
2026-08-20T09:30:00.000Z,343.74,343.83,343.2,343.477,0
2026-08-20T10:00:00.000Z,343.5162,344.0464,343.26,344,0
2026-08-20T10:30:00.000Z,344,344.141,343.4,343.6436,0
2026-08-20T11:00:00.000Z,343.755,344.72,343.45,343.73,0
2026-08-20T11:30:00.000Z,343.85,344.14,342.65,342.74,0
2026-08-20T12:00:00.000Z,342.7,342.85,341.16,341.88,0
2026-08-20T12:30:00.000Z,341.93,343.2,341.25,343.05,0
2026-08-20T13:00:00.000Z,343.07,343.6632,342.01,342.98,0
2026-08-20T13:30:00.000Z,342.7950134277344,343.8999938964844,341.6300048828125,343.0299987792969,1825767
2026-08-20T14:00:00.000Z,343.0199890136719,343.3399963378906,341.0950012207031,341.56500244140625,1025728
2026-08-20T14:30:00.000Z,341.55499267578125,342.8299865722656,340.95001220703125,341.26361083984375,966929
2026-08-20T15:00:00.000Z,341.3399963378906,341.739990234375,339.0299987792969,339.4393005371094,1732333
2026-08-20T15:30:00.000Z,339.439697265625,339.9320068359375,338.5650939941406,339.55499267578125,1173179
2026-08-20T16:00:00.000Z,339.55499267578125,340.9599914550781,339.3399963378906,340.9198913574219,543230
2026-08-20T16:30:00.000Z,340.8699951171875,342.0299987792969,340.7200012207031,341.5350036621094,615408
2026-08-20T17:00:00.000Z,341.54998779296875,341.739990234375,340.8999938964844,341,660592
2026-08-20T17:30:00.000Z,341,341.1700134277344,340.57000732421875,340.95001220703125,444784
2026-08-20T18:00:00.000Z,340.9200134277344,340.92999267578125,339.5,339.80999755859375,702996
2026-08-20T18:30:00.000Z,339.8399963378906,340.4700012207031,339.82000732421875,340.06988525390625,1382488
2026-08-20T19:00:00.000Z,340.07000732421875,341.1650085449219,340.07000732421875,340.9049987792969,750467
2026-08-20T19:30:00.000Z,340.8900146484375,341.5899963378906,339.95001220703125,340.6650085449219,2372702
2026-08-20T20:00:00.000Z,340.7,340.8098,339.9992,340.378,0
2026-08-20T20:30:00.000Z,340.3768,348.6428,328.595,340.79,0
2026-08-20T21:00:00.000Z,340.8,355.2542,322.1564,340.9468,0
2026-08-20T21:30:00.000Z,340.9485,341.3617,340.83,341.15,0
2026-08-20T22:00:00.000Z,341.2266,341.27,337.73,340.91,0
2026-08-20T22:30:00.000Z,341.05,341.2,340.83,340.9198,0
2026-08-20T23:00:00.000Z,341.1988,341.1988,340.83,340.9158,0
2026-08-20T23:30:00.000Z,340.9,341,340.75,340.8,0
2026-08-21T08:00:00.000Z,342.319,342.98,340.381,342.94,0
2026-08-21T08:30:00.000Z,342.94,343.25,342.52,342.63,0
2026-08-21T09:00:00.000Z,342.6258,343.12,342.38,343.0303,0
2026-08-21T09:30:00.000Z,343.0892,343.1073,342.5346,342.79,0
2026-08-21T10:00:00.000Z,342.7168,343.2242,342.7168,342.9071,0
2026-08-21T10:30:00.000Z,342.89,343.04,342.5,342.5,0
2026-08-21T11:00:00.000Z,342.525,342.95,342.2,342.8955,0
2026-08-21T11:30:00.000Z,342.86,343.14,342.7,342.88,0
2026-08-21T12:00:00.000Z,343.0535,343.0911,342.41,343.0845,0
2026-08-21T12:30:00.000Z,343.1,343.54,340.67,343.22,0
2026-08-21T13:00:00.000Z,343.15,343.22,341.54,342.6,0
2026-08-21T13:30:00.000Z,342.3525085449219,342.6700134277344,340.3999938964844,341.6449890136719,4117875
2026-08-21T14:00:00.000Z,341.68499755859375,343.07000732421875,341.5899963378906,342.45001220703125,1295490
2026-08-21T14:30:00.000Z,342.42999267578125,344.7900085449219,342.30999755859375,344.3599853515625,1172128
2026-08-21T15:00:00.000Z,344.3599853515625,345.1300048828125,343.6700134277344,344.3900146484375,1037153
2026-08-21T15:30:00.000Z,344.4100036621094,345.510009765625,344.0799865722656,344.8900146484375,726947
2026-08-21T16:00:00.000Z,344.8500061035156,344.8900146484375,343.7699890136719,344.29998779296875,710500
2026-08-21T16:30:00.000Z,344.2799987792969,345.92999267578125,344.2799987792969,345.9200134277344,814959
2026-08-21T17:00:00.000Z,345.9330139160156,346.20001220703125,345.1896057128906,345.2200012207031,971771
2026-08-21T17:30:00.000Z,345.2200012207031,345.3800048828125,344.6700134277344,344.677001953125,477593
2026-08-21T18:00:00.000Z,344.6700134277344,345.1499938964844,344.4849853515625,344.5299987792969,497615
2026-08-21T18:30:00.000Z,344.5799865722656,345.4200134277344,344.3500061035156,345.3900146484375,438985
2026-08-21T19:00:00.000Z,345.3500061035156,345.639892578125,345.1600036621094,345.45001220703125,1042212
2026-08-21T19:30:00.000Z,345.489990234375,346.17999267578125,343.8599853515625,344.8999938964844,2173122
2026-08-21T20:00:00.000Z,344.9,344.99,343.85,344.41,0
2026-08-21T20:30:00.000Z,344.2306,345.49,344.2,344.79,0
2026-08-21T21:00:00.000Z,345,345.18,344.53,345,0
2026-08-21T21:30:00.000Z,344.9962,345.65,344.85,345.0575,0
2026-08-21T22:00:00.000Z,345.32,345.6,345.02,345.25,0
2026-08-21T22:30:00.000Z,345.21,345.5,344.82,345.21,0
2026-08-21T23:00:00.000Z,345.05,345.46,345,345,0
2026-08-21T23:30:00.000Z,345.19,345.43,345,345.1,0
2026-08-24T08:00:00.000Z,343.54,343.8255,341.98,343.121,0
2026-08-24T08:30:00.000Z,343.3,343.64,343.08,343.5,0
2026-08-24T09:00:00.000Z,343.5,344,343.4,343.4155,0
2026-08-24T09:30:00.000Z,343.42,344,343.41,343.95,0
2026-08-24T10:00:00.000Z,343.9632,344,343.6,343.7896,0
2026-08-24T10:30:00.000Z,343.8,343.9727,343.25,343.28,0
2026-08-24T11:00:00.000Z,343.325,343.83,343.1427,343.8242,0
2026-08-24T11:30:00.000Z,343.7,344.2,343.6,343.6369,0
2026-08-24T12:00:00.000Z,343.62,345.682,343.39,344.29,0
2026-08-24T12:30:00.000Z,344.3,344.3,343.01,343.1015,0
2026-08-24T13:00:00.000Z,343.0977,343.6,342.5,343.6,0
2026-08-24T13:30:00.000Z,343.614990234375,348.1300048828125,342.5,348.114990234375,3101653
2026-08-24T14:00:00.000Z,348.0849914550781,349.3699951171875,347.3550109863281,348.7650146484375,2198721
2026-08-24T14:30:00.000Z,348.7699890136719,350.3900146484375,348.25750732421875,349.69000244140625,2337614
2026-08-24T15:00:00.000Z,349.7099914550781,351.07000732421875,348.760009765625,350.93499755859375,1919034
2026-08-24T15:30:00.000Z,350.94500732421875,351.6000061035156,350.5199890136719,350.8599853515625,1500657
2026-08-24T16:00:00.000Z,350.8399963378906,351.2200012207031,350.57000732421875,351.0508117675781,889127
2026-08-24T16:30:00.000Z,351.06500244140625,351.4200134277344,350.7900085449219,351.0199890136719,833510
2026-08-24T17:00:00.000Z,351.02099609375,351.2049865722656,349.2001037597656,349.260009765625,723545
2026-08-24T17:30:00.000Z,349.3042907714844,349.4599914550781,348.3999938964844,348.489990234375,632220
2026-08-24T18:00:00.000Z,348.510009765625,349.1415100097656,348.3999938964844,348.92999267578125,748983
2026-08-24T18:30:00.000Z,348.8999938964844,349.0799865722656,347.8900146484375,348.3699951171875,635988
2026-08-24T19:00:00.000Z,348.3699951171875,349.04998779296875,348.1700134277344,348.9150085449219,751882
2026-08-24T19:30:00.000Z,348.92999267578125,349.2650146484375,347.8699951171875,348.05999755859375,2699418
2026-08-24T20:00:00.000Z,348.06,348.71,347.55,347.7225,0
2026-08-24T20:30:00.000Z,347.77,348.29,347.44,348.28,0
2026-08-24T21:00:00.000Z,348.11,363.4996,331.2394,348.09,0
2026-08-24T21:30:00.000Z,348.25,348.68,348.1,348.39,0
2026-08-24T22:00:00.000Z,348.32,348.5,348.2,348.31,0
2026-08-24T22:30:00.000Z,348.32,348.33,348.03,348.1,0
2026-08-24T23:00:00.000Z,348.1,348.14,348,348.0899,0
2026-08-24T23:30:00.000Z,348.09,348.11,347.5,347.95,0
2026-08-25T08:00:00.000Z,347.88,348.85,347.4855,348.36,0
2026-08-25T08:30:00.000Z,348.56,348.99,348.2285,348.94,0
2026-08-25T09:00:00.000Z,348.94,349.18,348.74,348.89,0
2026-08-25T09:30:00.000Z,348.9,349.63,348.9,349.572,0
2026-08-25T10:00:00.000Z,349.5622,349.57,349,349.15,0
2026-08-25T10:30:00.000Z,349.1462,349.47,349.0045,349.2,0
2026-08-25T11:00:00.000Z,349.15,350.88,348.06,350.018,0
2026-08-25T11:30:00.000Z,350.05,350.05,349.39,349.85,0
2026-08-25T12:00:00.000Z,349.8226,350.5,348.06,349.9955,0
2026-08-25T12:30:00.000Z,349.99,350,349.3025,349.36,0
2026-08-25T13:00:00.000Z,349.36,349.86,349.08,349.5,0
2026-08-25T13:30:00.000Z,349.375,350.1600036621094,347.6300048828125,348.135009765625,1920308
2026-08-25T14:00:00.000Z,348.1400146484375,348.6698913574219,346.44000244140625,346.7099914550781,1355672
2026-08-25T14:30:00.000Z,346.7049865722656,347.375,345.9800109863281,346.2099914550781,1010018
2026-08-25T15:00:00.000Z,346.2449951171875,346.6050109863281,345.6199951171875,346.3599853515625,844496
2026-08-25T15:30:00.000Z,346.385009765625,347.0299987792969,346.0199890136719,346.5799865722656,860792
2026-08-25T16:00:00.000Z,346.5849914550781,346.9700012207031,346.45001220703125,346.760009765625,505286
2026-08-25T16:30:00.000Z,346.7300109863281,347.4999084472656,346.3900146484375,347.4200134277344,455619
2026-08-25T17:00:00.000Z,347.4100036621094,347.6449890136719,346.4700012207031,346.54998779296875,532718
2026-08-25T17:30:00.000Z,346.54998779296875,347.3799133300781,346.5400085449219,347.2300109863281,395574
2026-08-25T18:00:00.000Z,347.239990234375,348.05999755859375,345.6000061035156,346.0400085449219,712998
2026-08-25T18:30:00.000Z,346.010009765625,346.3999938964844,345.7650146484375,345.94000244140625,475641
2026-08-25T19:00:00.000Z,345.93499755859375,346.55999755859375,345.93499755859375,346.4800109863281,591501
2026-08-25T19:30:00.000Z,346.4949951171875,347.3800048828125,346.2699890136719,346.94000244140625,1935619
2026-08-25T20:00:00.000Z,346.88,347.29,346.6,347.29,0
2026-08-25T20:30:00.000Z,347.29,347.29,346.96,347,0
2026-08-25T21:00:00.000Z,347.15,347.2,323.0275,347.14,0
2026-08-25T21:30:00.000Z,347.18,347.18,326.1138,347.1499,0
2026-08-25T22:00:00.000Z,347.14,347.24,346.96,347.12,0
2026-08-25T22:30:00.000Z,347.09,347.2,347.05,347.13,0
2026-08-25T23:00:00.000Z,347.13,347.15,346.726,346.95,0
2026-08-25T23:30:00.000Z,346.86,346.86,346.11,346.11,0
2026-08-26T08:00:00.000Z,347.01,347.1425,345.99,346.5,0
2026-08-26T08:30:00.000Z,346.58,347.12,346.4017,347.12,0
2026-08-26T09:00:00.000Z,347.12,347.5,346.7,346.73,0
2026-08-26T09:30:00.000Z,346.75,347,346.6052,346.805,0
2026-08-26T10:00:00.000Z,346.995,347.1412,346.4047,346.7365,0
2026-08-26T10:30:00.000Z,346.6,347,346.5,346.82,0
2026-08-26T11:00:00.000Z,346.825,347.5711,346.8052,347.29,0
2026-08-26T11:30:00.000Z,347.4,347.4,346.93,347.15,0
2026-08-26T12:00:00.000Z,347.1021,347.15,346.74,347.0391,0
2026-08-26T12:30:00.000Z,347.07,347.2188,346,346.1077,0
2026-08-26T13:00:00.000Z,346.02,347.89,345.96,346.63,0
2026-08-26T13:30:00.000Z,346.6199951171875,346.8800048828125,343.1000061035156,343.9100036621094,2703273
2026-08-26T14:00:00.000Z,343.8699951171875,344.1300048828125,341.5190124511719,342.2799987792969,1655753
2026-08-26T14:30:00.000Z,342.2900085449219,343.19000244140625,341.45001220703125,343.0299987792969,1045914
2026-08-26T15:00:00.000Z,343.010009765625,343.4549865722656,342.5799865722656,342.82000732421875,778405
2026-08-26T15:30:00.000Z,342.8399963378906,342.8399963378906,341.4100036621094,341.42999267578125,876659
2026-08-26T16:00:00.000Z,341.42498779296875,341.75,340.5299987792969,340.6099853515625,683463
2026-08-26T16:30:00.000Z,340.625,340.95001220703125,340.17999267578125,340.7349853515625,763996
2026-08-26T17:00:00.000Z,340.7099914550781,341.7250061035156,340.6199951171875,341.41839599609375,669644
2026-08-26T17:30:00.000Z,341.42498779296875,341.8299865722656,341.3900146484375,341.5400085449219,779803
2026-08-26T18:00:00.000Z,341.54998779296875,341.92999267578125,341.364990234375,341.48150634765625,475832
2026-08-26T18:30:00.000Z,341.4800109863281,341.9200134277344,341.2349853515625,341.7650146484375,506791
2026-08-26T19:00:00.000Z,341.7550048828125,342.04998779296875,341.260009765625,341.29998779296875,1250181
2026-08-26T19:30:00.000Z,341.2950134277344,342.6700134277344,341.2699890136719,342.05999755859375,1834732
2026-08-26T20:00:00.000Z,342.06,342.43,341.61,341.99,0
2026-08-26T20:30:00.000Z,341.92,342.3488,341.6,342.3099,0
2026-08-26T21:00:00.000Z,342.21,354.418,325.1359,341.74,0
2026-08-26T21:30:00.000Z,341.75,354.418,325.1359,341.21,0
2026-08-26T22:00:00.000Z,341.08,342.35,340.83,342.35,0
2026-08-26T22:30:00.000Z,342.29,342.8,342.27,342.78,0
2026-08-26T23:00:00.000Z,342.7996,342.93,342.6427,342.78,0
2026-08-26T23:30:00.000Z,342.77,343.11,342.65,342.65,0
2026-08-27T08:00:00.000Z,341.1,342.4152,340.42,340.9,0
2026-08-27T08:30:00.000Z,340.9845,340.99,340.4089,340.49,0
2026-08-27T09:00:00.000Z,340.5,341.03,340.3,341.03,0
2026-08-27T09:30:00.000Z,341.01,341.46,340.91,341.0604,0
2026-08-27T10:00:00.000Z,341.11,341.2547,340.6635,341.19,0
2026-08-27T10:30:00.000Z,341.1785,341.35,340.51,341.18,0
2026-08-27T11:00:00.000Z,341.2,341.56,340.7,340.7,0
2026-08-27T11:30:00.000Z,340.7927,340.86,340.3,340.6599,0
2026-08-27T12:00:00.000Z,340.63,340.9696,340.43,340.66,0
2026-08-27T12:30:00.000Z,340.684,340.76,340.21,340.3817,0
2026-08-27T13:00:00.000Z,340.37,340.67,339.52,339.76,0
2026-08-27T13:30:00.000Z,339.69000244140625,341.6199951171875,338.5199890136719,340.510009765625,3797843
2026-08-27T14:00:00.000Z,340.4150085449219,341.0199890136719,339.3399963378906,339.9849853515625,1655966
2026-08-27T14:30:00.000Z,339.9599914550781,341.0799865722656,339.0400085449219,340.8900146484375,1089561
2026-08-27T15:00:00.000Z,340.9100036621094,341.4100036621094,339.6499938964844,340.6099853515625,911872
2026-08-27T15:30:00.000Z,340.659912109375,341,340.17498779296875,340.55010986328125,599372
2026-08-27T16:00:00.000Z,340.54998779296875,341.30999755859375,340.20001220703125,341.2900085449219,573732
2026-08-27T16:30:00.000Z,341.2850036621094,341.69000244140625,340.5400085449219,340.89569091796875,771592
2026-08-27T17:00:00.000Z,340.8500061035156,341.6000061035156,340.6499938964844,341.0199890136719,824194
2026-08-27T17:30:00.000Z,341.0400085449219,341.57000732421875,340.4800109863281,340.80999755859375,1129509
2026-08-27T18:00:00.000Z,340.8550109863281,341.44000244140625,340.29998779296875,340.4901123046875,568856
2026-08-27T18:30:00.000Z,340.5199890136719,340.9800109863281,340.5199890136719,340.7200012207031,515698
2026-08-27T19:00:00.000Z,340.739990234375,341.05999755859375,340.3900146484375,340.5400085449219,711136
2026-08-27T19:30:00.000Z,340.5400085449219,341.17999267578125,340.239990234375,340.6300048828125,1838189
2026-08-27T20:00:00.000Z,340.58,340.86,331.883,340.7395,0
2026-08-27T20:30:00.000Z,340.75,341.03,340.55,340.6305,0
2026-08-27T21:00:00.000Z,340.682,340.81,318.7686,340.78,0
2026-08-27T21:30:00.000Z,340.75,355.2542,318.7686,340.75,0
2026-08-27T22:00:00.000Z,340.78,341,340.652,340.94,0
2026-08-27T22:30:00.000Z,340.94,340.94,340.6,340.88,0
2026-08-27T23:00:00.000Z,340.88,340.88,340.51,340.64,0
2026-08-27T23:30:00.000Z,340.6,340.786,340.4,340.449,0
2026-08-28T08:00:00.000Z,341.43,342.17,340.65,342.05,0
2026-08-28T08:30:00.000Z,342.02,342.3157,341.8612,342,0
2026-08-28T09:00:00.000Z,341.96,342.3,341.922,342.02,0
2026-08-28T09:30:00.000Z,342.1318,342.2,341.88,341.9025,0
2026-08-28T10:00:00.000Z,341.9,342.1612,341.695,341.8787,0
2026-08-28T10:30:00.000Z,341.8388,341.8965,341.508,341.65,0
2026-08-28T11:00:00.000Z,341.52,341.89,340.65,341.71,0
2026-08-28T11:30:00.000Z,341.74,341.89,341.4,341.4975,0
2026-08-28T12:00:00.000Z,341.4,342,341.3,342,0
2026-08-28T12:30:00.000Z,341.99,341.99,341.47,341.66,0
2026-08-28T13:00:00.000Z,341.63,341.78,340.2,340.72,0
2026-08-28T13:30:00.000Z,340.7550048828125,344.1099853515625,340.2699890136719,343.82000732421875,2339992
2026-08-28T14:00:00.000Z,343.69000244140625,344.80999755859375,342.7699890136719,343.8949890136719,1439919
2026-08-28T14:30:00.000Z,343.9493103027344,348.0799865722656,343.4599914550781,347.3999938964844,2063297
2026-08-28T15:00:00.000Z,347.4100036621094,349.1400146484375,346.8999938964844,348.6650085449219,1881266
2026-08-28T15:30:00.000Z,348.701904296875,348.8349914550781,346.5199890136719,346.7950134277344,1367087
2026-08-28T16:00:00.000Z,346.79998779296875,347.6700134277344,345.5,346.4700012207031,941565
2026-08-28T16:30:00.000Z,346.4100036621094,347.125,345.3999938964844,345.45001220703125,620958
2026-08-28T17:00:00.000Z,345.45001220703125,346.6000061035156,345.00048828125,346.45001220703125,678201
2026-08-28T17:30:00.000Z,346.45001220703125,346.7799987792969,345.7200012207031,346.6499938964844,501913
2026-08-28T18:00:00.000Z,346.6549987792969,347.1400146484375,346.1600036621094,346.17999267578125,520091
2026-08-28T18:30:00.000Z,346.18121337890625,347.17498779296875,346.1650085449219,346.9549865722656,656246
2026-08-28T19:00:00.000Z,346.94000244140625,348.0799865722656,346.8699951171875,347.6700134277344,835957
2026-08-28T19:30:00.000Z,347.67999267578125,347.8800048828125,346.44000244140625,346.4700012207031,3396396
2026-08-28T20:00:00.000Z,346.46,347.42,346.04,346.1,0
2026-08-28T20:30:00.000Z,346.09,346.59,333.1409,346.44,0
2026-08-28T21:00:00.000Z,346.55,346.59,334.7423,346.59,0
2026-08-28T21:30:00.000Z,346.2,346.59,345.91,345.9612,0
2026-08-28T22:00:00.000Z,345.9601,346.35,345.91,345.99,0
2026-08-28T22:30:00.000Z,346.0013,346.2627,345.6952,346.07,0
2026-08-28T23:00:00.000Z,345.99,346.0655,345.59,345.76,0
2026-08-28T23:30:00.000Z,345.77,346.2025,343.02,346.2025,0
2026-08-31T08:00:00.000Z,345.98,346.1788,344.26,344.8294,0
2026-08-31T08:30:00.000Z,344.82,345.1888,344.66,344.8499,0
2026-08-31T09:00:00.000Z,344.84,345.1,344.63,344.9906,0
2026-08-31T09:30:00.000Z,345,345.1,344.8,345.0659,0
2026-08-31T10:00:00.000Z,344.9,345.07,344.7075,344.9069,0
2026-08-31T10:30:00.000Z,344.8768,345.05,344.66,344.9488,0
2026-08-31T11:00:00.000Z,344.9,346.59,344.3812,344.9025,0
2026-08-31T11:30:00.000Z,344.9986,345.1,344,344.1522,0
2026-08-31T12:00:00.000Z,344.07,347.456,343.72,343.99,0
2026-08-31T12:30:00.000Z,343.99,344.24,343.61,344.19,0
2026-08-31T13:00:00.000Z,344.13,345.98,343.5,344.02,0
2026-08-31T13:30:00.000Z,343.697998046875,344.5899963378906,340.17999267578125,340.4150085449219,2696342
2026-08-31T14:00:00.000Z,340.29998779296875,340.32000732421875,337.156005859375,337.5249938964844,2101088
2026-08-31T14:30:00.000Z,337.5,338.3699951171875,337.375,338.0400085449219,1089742
2026-08-31T15:00:00.000Z,338.0299987792969,339.0799865722656,337.67999267578125,338.6400146484375,1092925
2026-08-31T15:30:00.000Z,338.6499938964844,338.8500061035156,337.92999267578125,338.1400146484375,941602
2026-08-31T16:00:00.000Z,338.1600036621094,338.6600036621094,337.8699951171875,338.3299865722656,863316
2026-08-31T16:30:00.000Z,338.32000732421875,338.6340026855469,337.8699951171875,338.4200134277344,860627
2026-08-31T17:00:00.000Z,338.4150085449219,338.9100036621094,338.1300048828125,338.3699951171875,632589
2026-08-31T17:30:00.000Z,338.3699951171875,338.9100036621094,338.1700134277344,338.4100036621094,675942
2026-08-31T18:00:00.000Z,338.385009765625,338.75,338.0286865234375,338.04998779296875,623941
2026-08-31T18:30:00.000Z,338.04998779296875,338.4200134277344,337.739990234375,338.2300109863281,1407391
2026-08-31T19:00:00.000Z,338.20001220703125,338.9599914550781,338.1000061035156,338.60009765625,790784
2026-08-31T19:30:00.000Z,338.6000061035156,341.4200134277344,338.3349914550781,339.2799987792969,4566155
2026-08-31T20:00:00.000Z,339.27,339.97,338.7,339.6,0
2026-08-31T20:30:00.000Z,339.5993,339.9,319.0192,339.82,0
2026-08-31T21:00:00.000Z,339.8,362.43,319.0192,339.92,0
2026-08-31T21:30:00.000Z,339.8025,340.32,339.8,340.04,0
2026-08-31T22:00:00.000Z,340.03,340.15,339.8828,340.0481,0
2026-08-31T22:30:00.000Z,340.05,340.14,339.95,339.98,0
2026-08-31T23:00:00.000Z,339.9797,339.98,339.8001,339.86,0
2026-08-31T23:30:00.000Z,339.91,339.97,339.6,339.6072,0
2026-09-01T08:00:00.000Z,339.21,339.917,337.3141,337.713,0
2026-09-01T08:30:00.000Z,337.5589,337.96,337.16,337.2493,0
2026-09-01T09:00:00.000Z,337.31,337.41,336.58,336.75,0
2026-09-01T09:30:00.000Z,336.6483,337.0088,336.34,336.5517,0
2026-09-01T10:00:00.000Z,336.6258,337.4515,336.33,337.3645,0
2026-09-01T10:30:00.000Z,337.3352,337.6852,337.1987,337.27,0
2026-09-01T11:00:00.000Z,337.28,339.35,336.77,337.2,0
2026-09-01T11:30:00.000Z,337.31,337.5,336.3032,336.35,0
2026-09-01T12:00:00.000Z,336.5,336.8702,336.03,336.2887,0
2026-09-01T12:30:00.000Z,336.3426,336.39,335.65,335.8743,0
2026-09-01T13:00:00.000Z,335.75,339.35,335.02,336.07,0
2026-09-01T13:30:00.000Z,336,337.0899963378906,333.05999755859375,336.3179931640625,4117222
2026-09-01T14:00:00.000Z,336.3900146484375,337.20001220703125,335.55010986328125,336.6600036621094,1353312
2026-09-01T14:30:00.000Z,336.6545104980469,337.125,335.7900085449219,336.3800048828125,1031259
2026-09-01T15:00:00.000Z,336.385009765625,336.7799987792969,335.625,336.2699890136719,881161
2026-09-01T15:30:00.000Z,336.25,336.4700012207031,335.75,336.20001220703125,999597
2026-09-01T16:00:00.000Z,336.239990234375,336.5400085449219,335.1099853515625,335.3699951171875,721111
2026-09-01T16:30:00.000Z,335.3900146484375,335.7300109863281,335.2099914550781,335.32501220703125,730431
2026-09-01T17:00:00.000Z,335.2900085449219,335.6549987792969,334.8999938964844,335.2099914550781,553850
2026-09-01T17:30:00.000Z,335.25,335.6300048828125,334.5199890136719,335.0799865722656,561786
2026-09-01T18:00:00.000Z,335.07989501953125,335.1300048828125,334.20001220703125,334.2550048828125,728911
2026-09-01T18:30:00.000Z,334.239990234375,334.3500061035156,333.4800109863281,334.1449890136719,892106
2026-09-01T19:00:00.000Z,334.1099853515625,334.7300109863281,334.04998779296875,334.4049987792969,770416
2026-09-01T19:30:00.000Z,334.42498779296875,335.1199951171875,333.92999267578125,335.010009765625,2067862
2026-09-01T20:00:00.000Z,335.02,335.43,334.421,335.43,0
2026-09-01T20:30:00.000Z,335.4,335.58,335,335.17,0
2026-09-01T21:00:00.000Z,335.17,339.5,314.4596,338,0
2026-09-01T21:30:00.000Z,338.07,338.11,335.02,337.02,0
2026-09-01T22:00:00.000Z,337.0347,337.2,335.02,337.05,0
2026-09-01T22:30:00.000Z,337.1,337.81,337.01,337.26,0
2026-09-01T23:00:00.000Z,337.25,337.31,336.96,337.14,0
2026-09-01T23:30:00.000Z,337.1367,337.3355,336.96,337.2,0
2026-09-02T08:00:00.000Z,336.99,338.69,335.02,337.79,0
2026-09-02T08:30:00.000Z,337.79,337.91,336.3012,336.53,0
2026-09-02T09:00:00.000Z,336.43,337,336.2,336.38,0
2026-09-02T09:30:00.000Z,336.5,336.6791,335.9,336.48,0
2026-09-02T10:00:00.000Z,336.48,336.74,336.2,336.54,0
2026-09-02T10:30:00.000Z,336.352,336.7495,334,334.66,0
2026-09-02T11:00:00.000Z,334.695,335.21,333.7,335.2,0
2026-09-02T11:30:00.000Z,335.2,336.28,335.11,336.28,0
2026-09-02T12:00:00.000Z,336.28,336.81,334.6,334.76,0
2026-09-02T12:30:00.000Z,334.6809,335.5,334.61,334.7485,0
2026-09-02T13:00:00.000Z,334.7443,335.1799,333.52,333.93,0
2026-09-02T13:30:00.000Z,334.05999755859375,336.9599914550781,332.82000732421875,336.5799865722656,3278960
2026-09-02T14:00:00.000Z,336.5,340,335.9800109863281,338.625,2864448
2026-09-02T14:30:00.000Z,338.6000061035156,338.6671142578125,336.510009765625,336.864990234375,1176487
2026-09-02T15:00:00.000Z,336.8999938964844,337.6199951171875,335.8009948730469,337.5,1266536
2026-09-02T15:30:00.000Z,337.489990234375,338.5899963378906,336.2900085449219,338.45001220703125,1069128
2026-09-02T16:00:00.000Z,338.5,339.17999267578125,337.4100036621094,337.7200012207031,1060046
2026-09-02T16:30:00.000Z,337.739990234375,338.614990234375,337.6000061035156,338,594393
2026-09-02T17:00:00.000Z,338.010009765625,338.8500061035156,338.010009765625,338.2576904296875,654201
2026-09-02T17:30:00.000Z,338.260009765625,338.3310852050781,337.29998779296875,337.989990234375,783609
2026-09-02T18:00:00.000Z,338.0150146484375,338.4100036621094,337.4100036621094,337.885009765625,578130
2026-09-02T18:30:00.000Z,337.885009765625,338.0199890136719,337.05999755859375,337.4649963378906,580260
2026-09-02T19:00:00.000Z,337.489990234375,338.1499938964844,337.29998779296875,337.80999755859375,738651
2026-09-02T19:30:00.000Z,337.82000732421875,337.8399963378906,336.989990234375,337.1300048828125,2016794
2026-09-02T20:00:00.000Z,337.16,337.63,337,337.07,0
2026-09-02T20:30:00.000Z,337,343.4488,335.3614,337.28,0
2026-09-02T21:00:00.000Z,337.38,338.4966,322.2178,337.85,0
2026-09-02T21:30:00.000Z,337.8,337.88,335,337.57,0
2026-09-02T22:00:00.000Z,337.48,337.98,336.81,337.97,0
2026-09-02T22:30:00.000Z,337.98,338.38,337.925,338.1886,0
2026-09-02T23:00:00.000Z,338.1025,338.22,337.89,338.1641,0
2026-09-02T23:30:00.000Z,338.1676,338.5,337.52,338.13,0
2026-09-03T08:00:00.000Z,339.21,339.8388,337.12,339.834,0
2026-09-03T08:30:00.000Z,339.8,339.9237,339.0905,339.3384,0
2026-09-03T09:00:00.000Z,339.46,339.8,339.31,339.55,0
2026-09-03T09:30:00.000Z,339.55,339.6922,338.85,338.8621,0
2026-09-03T10:00:00.000Z,338.85,338.99,338.2782,338.3481,0
2026-09-03T10:30:00.000Z,338.5,338.8188,338.22,338.3437,0
2026-09-03T11:00:00.000Z,338.5,339.39,338.23,339.16,0
2026-09-03T11:30:00.000Z,339.21,339.29,338.03,338.08,0
2026-09-03T12:00:00.000Z,338.05,338.47,337.6757,337.8706,0
2026-09-03T12:30:00.000Z,337.82,339,337.7,338.92,0
2026-09-03T13:00:00.000Z,338.9294,341.04,335.8,340.5,0
2026-09-03T13:30:00.000Z,340.3550109863281,344.6600036621094,340.05999755859375,343.010009765625,3660217
2026-09-03T14:00:00.000Z,342.7799987792969,342.9237060546875,341.41009521484375,342.8500061035156,1382537
2026-09-03T14:30:00.000Z,342.8500061035156,343.114990234375,341.0199890136719,341.20001220703125,1124853
2026-09-03T15:00:00.000Z,341.2049865722656,343.29998779296875,340.7900085449219,342.7550048828125,1219929
2026-09-03T15:30:00.000Z,342.7550048828125,342.9200134277344,342.30999755859375,342.5799865722656,710786
2026-09-03T16:00:00.000Z,342.54998779296875,342.79998779296875,340.79998779296875,341.2300109863281,717597
2026-09-03T16:30:00.000Z,341.239990234375,341.9549865722656,340.8399963378906,341.7799987792969,531890
2026-09-03T17:00:00.000Z,341.75,342.3500061035156,341.6730041503906,342.30499267578125,420508
2026-09-03T17:30:00.000Z,342.29998779296875,342.9800109863281,342.29998779296875,342.8500061035156,665518
2026-09-03T18:00:00.000Z,342.8900146484375,343.635009765625,342.2699890136719,343.614990234375,688380
2026-09-03T18:30:00.000Z,343.6199951171875,343.6600036621094,342.3399963378906,342.7799987792969,571577
2026-09-03T19:00:00.000Z,342.82000732421875,343.45001220703125,342.3500061035156,343.17999267578125,953311
2026-09-03T19:30:00.000Z,343.17999267578125,343.57000732421875,342.106689453125,342.4800109863281,1704202
2026-09-03T20:00:00.000Z,342.48,342.61,342.2,342.48,0
2026-09-03T20:30:00.000Z,342.5127,355.2542,322.1564,342.5213,0
2026-09-03T21:00:00.000Z,342.58,343.0343,332.3791,342.8,0
2026-09-03T21:30:00.000Z,342.73,342.9,342.48,342.8657,0
2026-09-03T22:00:00.000Z,342.8657,342.87,342.56,342.7,0
2026-09-03T22:30:00.000Z,342.61,343,342.6,342.88,0
2026-09-03T23:00:00.000Z,342.9,343.16,342.82,343,0
2026-09-03T23:30:00.000Z,343.03,343.1,342.86,342.93,0
2026-09-04T08:00:00.000Z,343.2355,343.9388,342.48,343.39,0
2026-09-04T08:30:00.000Z,343.5795,343.95,343.2873,343.95,0
2026-09-04T09:00:00.000Z,343.95,343.95,343.0832,343.31,0
2026-09-04T09:30:00.000Z,343.4117,343.8,343.1372,343.6,0
2026-09-04T10:00:00.000Z,343.55,343.6,343.1895,343.32,0
2026-09-04T10:30:00.000Z,343.4,343.48,343.065,343.1058,0
2026-09-04T11:00:00.000Z,343.14,343.45,342.48,343.35,0
2026-09-04T11:30:00.000Z,343.25,343.86,343.1112,343.72,0
2026-09-04T12:00:00.000Z,343.8,343.8,342.28,342.6057,0
2026-09-04T12:30:00.000Z,342.61,342.93,340.64,341.1666,0
2026-09-04T13:00:00.000Z,341.2,342.51,341,342.47,0
2026-09-04T13:30:00.000Z,342.57501220703125,343.5299987792969,339.7200012207031,341.5400085449219,2492429
2026-09-04T14:00:00.000Z,341.489990234375,341.9700012207031,337.8999938964844,337.989990234375,2256868
2026-09-04T14:30:00.000Z,337.9599914550781,339.2799987792969,337.57000732421875,337.7200012207031,1381765
2026-09-04T15:00:00.000Z,337.7300109863281,338.010009765625,337.0899963378906,337.75,1128330
2026-09-04T15:30:00.000Z,337.7449951171875,338.32000732421875,337.3900146484375,338.19000244140625,962358
2026-09-04T16:00:00.000Z,338.2099914550781,338.8699951171875,337.760009765625,338.6300048828125,844227
2026-09-04T16:30:00.000Z,338.6199951171875,338.8699951171875,338.40960693359375,338.54998779296875,673946
2026-09-04T17:00:00.000Z,338.514404296875,338.9566955566406,338.4100036621094,338.7200012207031,650021
2026-09-04T17:30:00.000Z,338.7200012207031,338.7200012207031,338.2001037597656,338.55999755859375,569282
2026-09-04T18:00:00.000Z,338.55999755859375,338.68499755859375,337.75,338.44000244140625,744079
2026-09-04T18:30:00.000Z,338.43011474609375,339.239990234375,338.3299865722656,339.1700134277344,725186
2026-09-04T19:00:00.000Z,339.1700134277344,339.5799865722656,338.8901062011719,339.55999755859375,846158
2026-09-04T19:30:00.000Z,339.54998779296875,339.6000061035156,338.1099853515625,338.5,2595760
2026-09-04T20:00:00.000Z,338.42,342.48,338.22,338.6235,0
2026-09-04T20:30:00.000Z,338.6527,338.94,338.456,338.8828,0
2026-09-04T21:00:00.000Z,338.9,339.33,338.46,339.0598,0
2026-09-04T21:30:00.000Z,339.0574,339.15,338.46,339.0985,0
2026-09-04T22:00:00.000Z,339.05,339.15,338.8,338.87,0
2026-09-04T22:30:00.000Z,338.92,339,338.7555,338.92,0
2026-09-04T23:00:00.000Z,338.9461,339.07,338.87,338.95,0
2026-09-04T23:30:00.000Z,338.97,343.64,338.7,338.7937,0
2026-09-08T08:00:00.000Z,337.11,338.812,336.52,336.85,0
2026-09-08T08:30:00.000Z,336.9,336.9,336.45,336.49,0
2026-09-08T09:00:00.000Z,336.49,336.7,336.44,336.6984,0
2026-09-08T09:30:00.000Z,336.7,337.1788,336.61,337.17,0
2026-09-08T10:00:00.000Z,337.17,337.5997,336.99,337.1,0
2026-09-08T10:30:00.000Z,337.05,337.1,336.3,336.3,0
2026-09-08T11:00:00.000Z,336.37,338.46,335.72,336.1,0
2026-09-08T11:30:00.000Z,336.09,336.65,335.84,336.4487,0
2026-09-08T12:00:00.000Z,336.3647,336.45,335.87,336.1527,0
2026-09-08T12:30:00.000Z,336.18,336.43,336,336.4,0
2026-09-08T13:00:00.000Z,336.36,336.45,335.03,335.54,0
2026-09-08T13:30:00.000Z,335.3800048828125,336.989990234375,333.5,333.910888671875,4237158
2026-09-08T14:00:00.000Z,333.8999938964844,334.9100036621094,333.2200012207031,334.6300048828125,2102153
2026-09-08T14:30:00.000Z,334.64068603515625,337.70001220703125,334.30999755859375,337.11199951171875,1821844
2026-09-08T15:00:00.000Z,337.1300048828125,338.6099853515625,337.06280517578125,338.2699890136719,1194081
2026-09-08T15:30:00.000Z,338.2699890136719,338.7799987792969,338.0802917480469,338.5150146484375,783056
2026-09-08T16:00:00.000Z,338.489990234375,338.94500732421875,337.9800109863281,338.52069091796875,709879
2026-09-08T16:30:00.000Z,338.5299987792969,339.2799987792969,338.1601867675781,338.6700134277344,671041
2026-09-08T17:00:00.000Z,338.6700134277344,339.5050048828125,338.50201416015625,339.30999755859375,813635
2026-09-08T17:30:00.000Z,339.2900085449219,339.6650085449219,338.5199890136719,338.760009765625,1008139
2026-09-08T18:00:00.000Z,338.7699890136719,338.8399963378906,337.8450012207031,338.0849914550781,738413
2026-09-08T18:30:00.000Z,338.1000061035156,338.4599914550781,337.260009765625,337.7900085449219,693616
2026-09-08T19:00:00.000Z,337.78509521484375,338.1050109863281,337,337.69000244140625,985314
2026-09-08T19:30:00.000Z,337.67999267578125,338.6449890136719,337.32000732421875,338.42999267578125,2173827
2026-09-08T20:00:00.000Z,338.45,338.5496,336.5,337.7,0
2026-09-08T20:30:00.000Z,337.7,338.43,337.67,338.28,0
2026-09-08T21:00:00.000Z,338.04,338.71,319.6958,338.5,0
2026-09-08T21:30:00.000Z,338.37,355.2622,314.6914,338.395,0
2026-09-08T22:00:00.000Z,338.35,338.89,338.2537,338.83,0
2026-09-08T22:30:00.000Z,338.8461,339.2986,338.68,339.18,0
2026-09-08T23:00:00.000Z,339.2594,339.27,338.52,338.7155,0
2026-09-08T23:30:00.000Z,338.72,338.7596,338.33,338.45,0
2026-09-09T08:00:00.000Z,339.3515,339.74,338.36,338.6788,0
2026-09-09T08:30:00.000Z,338.51,338.76,338.3512,338.42,0
2026-09-09T09:00:00.000Z,338.4,338.71,338.15,338.163,0
2026-09-09T09:30:00.000Z,338.36,338.3988,336,336.12,0
2026-09-09T10:00:00.000Z,336.14,336.4688,334.22,334.67,0
2026-09-09T10:30:00.000Z,334.54,335.36,334.25,334.8,0
2026-09-09T11:00:00.000Z,334.775,338.36,330.8,332.6505,0
2026-09-09T11:30:00.000Z,332.56,332.91,330.31,330.86,0
2026-09-09T12:00:00.000Z,330.86,331.24,329.72,331,0
2026-09-09T12:30:00.000Z,330.92,332,330.74,331.6,0
2026-09-09T13:00:00.000Z,331.5981,331.93,330.29,331.5,0
2026-09-09T13:30:00.000Z,331.69000244140625,331.8500061035156,328.1499938964844,329.375,7554279
2026-09-09T14:00:00.000Z,329.52508544921875,331.2349853515625,327.8999938964844,330.8800048828125,3357697
2026-09-09T14:30:00.000Z,330.80999755859375,330.8500061035156,329.5,329.6199951171875,1809582
2026-09-09T15:00:00.000Z,329.67999267578125,329.7200012207031,327.9849853515625,329.0299987792969,1879114
2026-09-09T15:30:00.000Z,329.05999755859375,330.1700134277344,328.989990234375,329.54998779296875,1158771
2026-09-09T16:00:00.000Z,329.55499267578125,329.739990234375,329,329.5400085449219,1032065
2026-09-09T16:30:00.000Z,329.5400085449219,330.25,329.4200134277344,330.1300048828125,1298628
2026-09-09T17:00:00.000Z,330.1099853515625,331.7099914550781,330.1099853515625,331.135009765625,1159322
2026-09-09T17:30:00.000Z,331.1300048828125,331.55999755859375,330.5799865722656,330.6400146484375,873184
2026-09-09T18:00:00.000Z,330.6400146484375,330.69000244140625,330.1499938964844,330.4649963378906,656828
2026-09-09T18:30:00.000Z,330.4599914550781,330.69500732421875,329.8699951171875,330.3598937988281,834134
2026-09-09T19:00:00.000Z,330.3399963378906,331.55999755859375,330.20001220703125,331.2799987792969,986469
2026-09-09T19:30:00.000Z,331.2799072265625,331.2799072265625,330.1199951171875,330.6400146484375,2861471
2026-09-09T20:00:00.000Z,330.66,331.06,330.47,330.92,0
2026-09-09T20:30:00.000Z,330.91,343.4488,313.2174,331.1564,0
2026-09-09T21:00:00.000Z,331.17,354.418,312.5997,331.2188,0
2026-09-09T21:30:00.000Z,331.18,331.26,330.65,330.95,0
2026-09-09T22:00:00.000Z,330.9892,331.2,330.65,331,0
2026-09-09T22:30:00.000Z,330.999,331.1,330.9,330.99,0
2026-09-09T23:00:00.000Z,330.9539,331.1,330.87,331.0075,0
2026-09-09T23:30:00.000Z,331.04,331.07,330.79,330.92,0
2026-09-10T08:00:00.000Z,331.3,331.8,330.65,331.4,0
2026-09-10T08:30:00.000Z,331.4,331.5,331,331.07,0
2026-09-10T09:00:00.000Z,331.2,331.4588,331,331.06,0
2026-09-10T09:30:00.000Z,331.06,331.07,330.64,330.7,0
2026-09-10T10:00:00.000Z,330.68,332.6,330.6,331.42,0
2026-09-10T10:30:00.000Z,331.42,332,331,331.74,0
2026-09-10T11:00:00.000Z,331.67,331.9,331.24,331.5591,0
2026-09-10T11:30:00.000Z,331.5585,332.31,330.8,330.9,0
2026-09-10T12:00:00.000Z,330.98,331.29,330.01,330.3,0
2026-09-10T12:30:00.000Z,330.05,330.65,328.05,328.08,0
2026-09-10T13:00:00.000Z,328.17,367.03,327.77,328.36,0
2026-09-10T13:30:00.000Z,328.010009765625,330.45001220703125,327.7464904785156,328.1300048828125,4889315
2026-09-10T14:00:00.000Z,328.1650085449219,331.20001220703125,328.05499267578125,330.7510986328125,1529603
2026-09-10T14:30:00.000Z,330.7699890136719,331.70001220703125,330.6535949707031,331.17498779296875,1391719
2026-09-10T15:00:00.000Z,331.19000244140625,331.3299865722656,329.8999938964844,329.9849853515625,1008020
2026-09-10T15:30:00.000Z,329.9599914550781,330.7900085449219,329.3299865722656,329.8949890136719,1248516
2026-09-10T16:00:00.000Z,329.8999938964844,331.0050048828125,329.87139892578125,330.55999755859375,831160
2026-09-10T16:30:00.000Z,330.54998779296875,332,330.29998779296875,331.8599853515625,933834
2026-09-10T17:00:00.000Z,331.8699951171875,332.3900146484375,330.97918701171875,331.7799987792969,854124
2026-09-10T17:30:00.000Z,331.7799987792969,332.1700134277344,331.29998779296875,331.80999755859375,533092
2026-09-10T18:00:00.000Z,331.7799987792969,332.2850036621094,331.5400085449219,331.7679138183594,649303
2026-09-10T18:30:00.000Z,331.760009765625,332.54998779296875,331.6400146484375,332.0827941894531,757366
2026-09-10T19:00:00.000Z,332.0299987792969,332.8299865722656,331.9200134277344,332.4208068847656,801777
2026-09-10T19:30:00.000Z,332.4100036621094,333.2300109863281,332.2149963378906,332.6700134277344,2253345
2026-09-10T20:00:00.000Z,332.66,332.75,332.05,332.2199,0
2026-09-10T20:30:00.000Z,332.208,332.6,310.1791,332.38,0
2026-09-10T21:00:00.000Z,332.23,355.2542,310.1791,331.6,0
2026-09-10T21:30:00.000Z,331.63,332.6,331.2822,331.7349,0
2026-09-10T22:00:00.000Z,331.56,331.9,331.508,331.75,0
2026-09-10T22:30:00.000Z,331.76,331.88,331.4082,331.7814,0
2026-09-10T23:00:00.000Z,331.7122,331.85,331.42,331.7,0
2026-09-10T23:30:00.000Z,331.62,331.76,331,331.1999,0
2026-09-11T08:00:00.000Z,333.01,333.69,331.03,333.4033,0
2026-09-11T08:30:00.000Z,333.3,334.1853,333.2162,334.11,0
2026-09-11T09:00:00.000Z,334.17,334.2,333.68,333.68,0
2026-09-11T09:30:00.000Z,333.68,333.97,333.5078,333.84,0
2026-09-11T10:00:00.000Z,333.82,334.0948,333.6899,333.85,0
2026-09-11T10:30:00.000Z,333.83,334.33,333.746,334.19,0
2026-09-11T11:00:00.000Z,334.195,334.66,333.87,334.66,0
2026-09-11T11:30:00.000Z,334.6515,334.88,334.1257,334.3288,0
2026-09-11T12:00:00.000Z,334.1818,334.39,333.36,334.346,0
2026-09-11T12:30:00.000Z,334.39,335.4,332.7,335.3592,0
2026-09-11T13:00:00.000Z,335.3592,335.63,334.22,335.21,0
2026-09-11T13:30:00.000Z,335.06500244140625,340.7200012207031,335.06500244140625,338.2300109863281,4425730
2026-09-11T14:00:00.000Z,338.1650085449219,340.6099853515625,337.5299987792969,340.05499267578125,1778982
2026-09-11T14:30:00.000Z,340.0799865722656,340.45001220703125,339.32000732421875,340.19000244140625,1272264
2026-09-11T15:00:00.000Z,340.20001220703125,342.9700012207031,340.0400085449219,342.0899963378906,2018053
2026-09-11T15:30:00.000Z,342.0400085449219,342.139892578125,340.92999267578125,341.4200134277344,959114
2026-09-11T16:00:00.000Z,341.3599853515625,341.79998779296875,340.1271057128906,340.1400146484375,989998
2026-09-11T16:30:00.000Z,340.2200012207031,341.05999755859375,340,340.7149963378906,611491
2026-09-11T17:00:00.000Z,340.739990234375,341.4100036621094,340.6600036621094,340.7300109863281,469354
2026-09-11T17:30:00.000Z,340.7250061035156,341.07000732421875,340.1499938964844,340.20941162109375,738025
2026-09-11T18:00:00.000Z,340.2099914550781,340.7300109863281,339.1099853515625,339.55999755859375,766294
2026-09-11T18:30:00.000Z,339.5600891113281,339.5899963378906,338.6600036621094,338.8450012207031,658988
2026-09-11T19:00:00.000Z,338.8599853515625,339.29949951171875,338.7903137207031,339.08990478515625,680957
2026-09-11T19:30:00.000Z,339.0799865722656,339.19500732421875,338.0899963378906,338.4200134277344,2235663
2026-09-11T20:00:00.000Z,338.44,342.81,338.07,338.3,0
2026-09-11T20:30:00.000Z,338.3645,342.81,338.15,338.56,0
2026-09-11T21:00:00.000Z,338.5,343.5892,333.1409,338.4,0
2026-09-11T21:30:00.000Z,338.35,338.65,334.7423,338.5,0
2026-09-11T22:00:00.000Z,338.4324,338.65,338.373,338.4,0
2026-09-11T22:30:00.000Z,338.4,338.49,338.23,338.23,0
2026-09-11T23:00:00.000Z,338.21,338.4537,338.17,338.2505,0
2026-09-11T23:30:00.000Z,338.25,338.46,338.15,338.3895,0
2026-09-14T08:00:00.000Z,335.86,336.7662,334.82,336.06,0
2026-09-14T08:30:00.000Z,336.0492,336.48,335.7035,336.09,0
2026-09-14T09:00:00.000Z,336.07,336.1388,334.971,335.9411,0
2026-09-14T09:30:00.000Z,335.8059,336,335.3703,335.54,0
2026-09-14T10:00:00.000Z,335.35,337.43,335.35,337.34,0
2026-09-14T10:30:00.000Z,337.34,340.24,337.24,339.95,0
2026-09-14T11:00:00.000Z,339.94,346.53,338.5,343.85,0
2026-09-14T11:30:00.000Z,343.82,345.099,342.55,344.9,0
2026-09-14T12:00:00.000Z,344.8199,345.1,339.346,343.3163,0
2026-09-14T12:30:00.000Z,343.43,344.11,341.49,343.59,0
2026-09-14T13:00:00.000Z,343.6,344.34,342.13,343.09,0
2026-09-14T13:30:00.000Z,343.20001220703125,347.2799987792969,342.2799987792969,346.5199890136719,8028100
2026-09-14T14:00:00.000Z,346.56500244140625,347.1400146484375,342.75,344.1400146484375,2154802
2026-09-14T14:30:00.000Z,344.1400146484375,345.3598937988281,343.30999755859375,345.1839904785156,1113212
2026-09-14T15:00:00.000Z,345.1400146484375,346.07000732421875,344.0799865722656,345.45001220703125,1405273
2026-09-14T15:30:00.000Z,345.42999267578125,346.07000732421875,344.697998046875,345.30499267578125,1114482
2026-09-14T16:00:00.000Z,345.31500244140625,346.6000061035156,344.9549865722656,346.0799865722656,1125645
2026-09-14T16:30:00.000Z,346.07000732421875,347.8699951171875,346.05999755859375,347.69000244140625,1886264
2026-09-14T17:00:00.000Z,347.67010498046875,348.1600036621094,346.68499755859375,348.04998779296875,1189998
2026-09-14T17:30:00.000Z,348.0299987792969,349.8800048828125,348.0199890136719,349.260009765625,1844871
2026-09-14T18:00:00.000Z,349.2300109863281,349.8999938964844,346.6600036621094,347.69500732421875,2571922
2026-09-14T18:30:00.000Z,347.7300109863281,348.57000732421875,346.69000244140625,347.3800048828125,1415660
2026-09-14T19:00:00.000Z,347.3800048828125,348.6400146484375,346.8299865722656,348.5849914550781,1027244
2026-09-14T19:30:00.000Z,348.5849914550781,349.5849914550781,347.95001220703125,349.4849853515625,3997436
2026-09-14T20:00:00.000Z,349.43,349.46,347.99,348.2077,0
2026-09-14T20:30:00.000Z,348.17,348.5,325.4415,348.4,0
2026-09-14T21:00:00.000Z,348.4009,355.2622,325.4415,347.9547,0
2026-09-14T21:30:00.000Z,347.9275,349.39,347.75,347.95,0
2026-09-14T22:00:00.000Z,347.99,349.39,347.41,347.5,0
2026-09-14T22:30:00.000Z,347.51,347.57,347.31,347.4,0
2026-09-14T23:00:00.000Z,347.4019,347.51,346.86,347.31,0
2026-09-14T23:30:00.000Z,347.427,347.5265,347.0492,347.4675,0
2026-09-15T08:00:00.000Z,345.96,349.39,344.49,345.2,0
2026-09-15T08:30:00.000Z,345.4088,345.5288,345.02,345.063,0
2026-09-15T09:00:00.000Z,345.1104,345.58,344.2389,345.18,0
2026-09-15T09:30:00.000Z,344.9112,345.87,344.9112,345.71,0
2026-09-15T10:00:00.000Z,345.87,345.99,345.398,345.616,0
2026-09-15T10:30:00.000Z,345.7,346.1,345.43,346,0
2026-09-15T11:00:00.000Z,346.03,346.617,345.9,346.6088,0
2026-09-15T11:30:00.000Z,346.44,346.59,345.95,346.18,0
2026-09-15T12:00:00.000Z,346.18,346.38,345.57,346.1955,0
2026-09-15T12:30:00.000Z,346.05,347.4,345.7841,346.6,0
2026-09-15T13:00:00.000Z,346.64,347.35,346.03,346.8,0
2026-09-15T13:30:00.000Z,346.7799987792969,348.07000732421875,344.7099914550781,345.8599853515625,3245109
2026-09-15T14:00:00.000Z,345.8299865722656,345.8299865722656,343.79998779296875,344.635009765625,1540781
2026-09-15T14:30:00.000Z,344.6400146484375,345.0899963378906,343.79998779296875,343.9049987792969,1138673
2026-09-15T15:00:00.000Z,343.989990234375,345.1600036621094,343.5,343.5950012207031,837557
2026-09-15T15:30:00.000Z,343.6300048828125,343.94000244140625,342.9599914550781,343.7099914550781,857688
2026-09-15T16:00:00.000Z,343.7300109863281,344.7900085449219,343.5849914550781,344.3500061035156,1053816
2026-09-15T16:30:00.000Z,344.3399963378906,344.7898864746094,343.5450134277344,343.82000732421875,698595
2026-09-15T17:00:00.000Z,343.80999755859375,344.31500244140625,342.70001220703125,342.885009765625,644745
2026-09-15T17:30:00.000Z,342.864990234375,343.52978515625,342.7590026855469,343.20001220703125,496426
2026-09-15T18:00:00.000Z,343.2337951660156,344.42999267578125,343.1600036621094,343.9750061035156,593343
2026-09-15T18:30:00.000Z,344.05999755859375,344.5400085449219,343.7200012207031,344.2701110839844,622095
2026-09-15T19:00:00.000Z,344.2900085449219,344.3299865722656,343.9100036621094,344.05999755859375,569733
2026-09-15T19:30:00.000Z,344.0799865722656,345.2096862792969,343.7300109863281,345.0299987792969,2375914
2026-09-15T20:00:00.000Z,345,345.2688,344.5037,344.6286,0
2026-09-15T20:30:00.000Z,344.5314,344.98,344.3,344.3207,0
2026-09-15T21:00:00.000Z,344.3204,344.98,326.8818,344.1693,0
2026-09-15T21:30:00.000Z,337.5322,344.98,320.5604,344.24,0
2026-09-15T22:00:00.000Z,344.24,344.65,344,344.06,0
2026-09-15T22:30:00.000Z,344.07,344.6412,344,344.4102,0
2026-09-15T23:00:00.000Z,344.42,344.98,344.0237,344.16,0
2026-09-15T23:30:00.000Z,344.26,344.6,344,344.597,0
2026-09-16T08:00:00.000Z,344.96,345.5662,344.34,344.5786,0
2026-09-16T08:30:00.000Z,344.7,344.85,344.6,344.85,0
2026-09-16T09:00:00.000Z,344.848,344.85,344.1557,344.1557,0
2026-09-16T09:30:00.000Z,344.2475,344.84,344.1477,344.8,0
2026-09-16T10:00:00.000Z,344.85,345.34,344.69,345.2,0
2026-09-16T10:30:00.000Z,345.29,345.8088,345.06,345.46,0
2026-09-16T11:00:00.000Z,345.43,346.08,345,345.6,0
2026-09-16T11:30:00.000Z,345.6,345.8159,345.23,345.7,0
2026-09-16T12:00:00.000Z,345.5972,346.63,345.55,346.38,0
2026-09-16T12:30:00.000Z,346.58,346.6095,345.7,345.8238,0
2026-09-16T13:00:00.000Z,345.84,347.3,345.32,347.01,0
2026-09-16T13:30:00.000Z,346.9800109863281,348.3999938964844,343.75,346.5199890136719,2590116
2026-09-16T14:00:00.000Z,346.5150146484375,346.8900146484375,344.17559814453125,345.031005859375,1156792
2026-09-16T14:30:00.000Z,345.0400085449219,346.75,344.74090576171875,346.7200012207031,1012314
2026-09-16T15:00:00.000Z,346.7200012207031,347.07000732421875,345.6499938964844,346.17999267578125,665654
2026-09-16T15:30:00.000Z,346.1400146484375,346.32000732421875,345.5,346.0400085449219,653562
2026-09-16T16:00:00.000Z,346,346.1700134277344,345.2814025878906,345.6000061035156,384321
2026-09-16T16:30:00.000Z,345.6000061035156,345.989990234375,345.3299865722656,345.57000732421875,646549
2026-09-16T17:00:00.000Z,345.6000061035156,345.7099914550781,344.94000244140625,345.2099914550781,460146
2026-09-16T17:30:00.000Z,345.2099914550781,345.5199890136719,344.42999267578125,345.0799865722656,408882
2026-09-16T18:00:00.000Z,345,346.67999267578125,344.7300109863281,345.80999755859375,781501
2026-09-16T18:30:00.000Z,345.8500061035156,346.0150146484375,342.42999267578125,342.4800109863281,957966
2026-09-16T19:00:00.000Z,342.44000244140625,343.2349853515625,340.6400146484375,341.3999938964844,1446058
2026-09-16T19:30:00.000Z,341.3800048828125,344.010009765625,341.0400085449219,342.8500061035156,2505396
2026-09-16T20:00:00.000Z,342.86,346.9,342.65,343.23,0
2026-09-16T20:30:00.000Z,343.3525,343.57,322.2178,343.1488,0
2026-09-16T21:00:00.000Z,343.13,343.69,322.2178,343.42,0
2026-09-16T21:30:00.000Z,343.53,343.8799,342.87,343.43,0
2026-09-16T22:00:00.000Z,343.43,344.19,343,344,0
2026-09-16T22:30:00.000Z,344.0344,344.79,344,344.497,0
2026-09-16T23:00:00.000Z,344.5,345.11,344.38,345.11,0
2026-09-16T23:30:00.000Z,345.11,345.66,344.6479,345.3,0
2026-09-17T08:00:00.000Z,346.59,347.57,342.87,347.22,0
2026-09-17T08:30:00.000Z,347.3,347.4851,347.03,347.21,0
2026-09-17T09:00:00.000Z,347.2073,347.66,346.78,346.8667,0
2026-09-17T09:30:00.000Z,346.895,348.0022,346.895,347.7083,0
2026-09-17T10:00:00.000Z,347.86,347.86,347.16,347.3306,0
2026-09-17T10:30:00.000Z,347.18,347.3,346.6,346.78,0
2026-09-17T11:00:00.000Z,346.79,347,346,346.25,0
2026-09-17T11:30:00.000Z,346.2094,346.69,345.8,346.66,0
2026-09-17T12:00:00.000Z,346.5,347.77,346.3867,347.7488,0
2026-09-17T12:30:00.000Z,347.66,348.47,347.66,348.12,0
2026-09-17T13:00:00.000Z,348,348.98,347.26,348.56,0
2026-09-17T13:30:00.000Z,348.6700134277344,349.5,343.8857116699219,345.6199951171875,2816618
2026-09-17T14:00:00.000Z,345.61248779296875,347.29998779296875,344.57501220703125,346.6549987792969,1371879
2026-09-17T14:30:00.000Z,346.6557922363281,348.6499938964844,345.82000732421875,346.32000732421875,1044966
2026-09-17T15:00:00.000Z,346.42498779296875,348.0458068847656,345.1400146484375,347.6000061035156,973082
2026-09-17T15:30:00.000Z,347.625,347.9100036621094,344.8699951171875,345.3800048828125,1088986
2026-09-17T16:00:00.000Z,345.375,345.8699951171875,344.760009765625,345.29998779296875,840480
2026-09-17T16:30:00.000Z,345.29998779296875,346.05999755859375,344.9100036621094,345.55499267578125,608779
2026-09-17T17:00:00.000Z,345.5899963378906,345.9599914550781,344.8699951171875,344.92999267578125,424145
2026-09-17T17:30:00.000Z,344.92999267578125,345.54998779296875,344.7900085449219,345.4562072753906,548950
2026-09-17T18:00:00.000Z,345.489990234375,345.919189453125,344.9200134277344,345.7850036621094,547004
2026-09-17T18:30:00.000Z,345.8299865722656,346.2900085449219,345.55999755859375,346,594943
2026-09-17T19:00:00.000Z,345.989990234375,347.010009765625,345.989990234375,346.75,1045462
2026-09-17T19:30:00.000Z,346.739990234375,347.8999938964844,346.739990234375,347.3800048828125,2037004
2026-09-17T20:00:00.000Z,347.25,347.41,346.5,346.6817,0
2026-09-17T20:30:00.000Z,346.6817,348.8,328.595,346.583,0
2026-09-17T21:00:00.000Z,346.58,355.2542,332.3791,346.5012,0
2026-09-17T21:30:00.000Z,346.52,347.07,346.5,346.81,0
2026-09-17T22:00:00.000Z,346.78,347.062,346.5,346.67,0
2026-09-17T22:30:00.000Z,346.65,347.33,346.16,346.4,0
2026-09-17T23:00:00.000Z,346.42,346.67,346.3,346.5,0
2026-09-17T23:30:00.000Z,346.5,346.96,346.4915,346.5,0
2026-09-18T08:00:00.000Z,353.91,355.96,347.33,353.5359,0
2026-09-18T08:30:00.000Z,353.57,355.1,353.35,354.9,0
2026-09-18T09:00:00.000Z,354.91,355.55,354.5957,354.74,0
2026-09-18T09:30:00.000Z,354.66,354.857,353.9,354.51,0
2026-09-18T10:00:00.000Z,354.5488,355.55,354,355.52,0
2026-09-18T10:30:00.000Z,355.47,356.4,355.258,355.85,0
2026-09-18T11:00:00.000Z,355.83,356.89,347.33,355.6,0
2026-09-18T11:30:00.000Z,355.62,356.48,355.1,355.39,0
2026-09-18T12:00:00.000Z,355.4,355.6679,354,354.5387,0
2026-09-18T12:30:00.000Z,354.67,356.34,354.36,354.7786,0
2026-09-18T13:00:00.000Z,354.7895,357.88,354.7,357.21,0
2026-09-18T13:30:00.000Z,356.9200134277344,359.44000244140625,354.6199951171875,355.3599853515625,12346910
2026-09-18T14:00:00.000Z,355.3699951171875,355.7099914550781,350.0286865234375,350.5299987792969,3416399
2026-09-18T14:30:00.000Z,350.55999755859375,351.9601135253906,349.5299987792969,351.4100036621094,2052184
2026-09-18T15:00:00.000Z,351.44000244140625,351.67999267578125,349.4800109863281,350.8475036621094,1742066
2026-09-18T15:30:00.000Z,350.8349914550781,350.94989013671875,349.0799865722656,349.4200134277344,1241750
2026-09-18T16:00:00.000Z,349.4602966308594,350.29998779296875,348.8900146484375,349.80999755859375,936205
2026-09-18T16:30:00.000Z,349.79998779296875,350.1494140625,349.32000732421875,349.80999755859375,701788
2026-09-18T17:00:00.000Z,349.80999755859375,349.8900146484375,349.3399963378906,349.3550109863281,642177
2026-09-18T17:30:00.000Z,349.32000732421875,350.1000061035156,349.1199951171875,349.7279052734375,576726
2026-09-18T18:00:00.000Z,349.75,350.989990234375,349.6700134277344,350.760009765625,890725
2026-09-18T18:30:00.000Z,350.75,352.0899963378906,350.6900939941406,351.75,1024127
2026-09-18T19:00:00.000Z,351.739990234375,352.1400146484375,350.8700866699219,351.8900146484375,878165
2026-09-18T19:30:00.000Z,351.9100036621094,351.94000244140625,348.45001220703125,349.05999755859375,4524678
2026-09-18T20:00:00.000Z,349.01,350.5,349.01,349.98,0
2026-09-18T20:30:00.000Z,349.99,350.69,349.54,350,0
2026-09-18T21:00:00.000Z,350.04,350.29,349.54,350.22,0
2026-09-18T21:30:00.000Z,350.25,350.68,349.54,350.58,0
2026-09-18T22:00:00.000Z,350.6,350.7751,349.54,350.61,0
2026-09-18T22:30:00.000Z,350.61,350.7,343.35,350.3698,0
2026-09-18T23:00:00.000Z,350.37,350.89,350.31,350.6,0
2026-09-18T23:30:00.000Z,350.64,350.88,350.34,350.83,0
2026-09-18T23:59:59.000Z,350.83,350.83,350.83,350.83,0
