Date,Open,High,Low,Close,Volume
2026-03-12T21:00:00.000Z,405.98,406.15,405.35,405.52,0
2026-03-12T21:30:00.000Z,405.53,405.54,404.71,404.76,0
2026-03-12T22:00:00.000Z,404.9,405.58,404.63,405.46,0
2026-03-12T22:30:00.000Z,405.4,405.87,405.1,405.5624,0
2026-03-12T23:00:00.000Z,405.58,405.9,405,405.0195,0
2026-03-12T23:30:00.000Z,405.12,405.33,403.53,404.174,0
2026-03-13T08:00:00.000Z,401.44,402,399.06,399.28,0
2026-03-13T08:30:00.000Z,399.25,404,399.25,403,0
2026-03-13T09:00:00.000Z,403.5,405.99,403.5,405.01,0
2026-03-13T09:30:00.000Z,404.8,405.46,404,405.31,0
2026-03-13T10:00:00.000Z,405.13,407.76,405.13,406.84,0
2026-03-13T10:30:00.000Z,406.61,408.61,406.46,408.36,0
2026-03-13T11:00:00.000Z,408.2,410.43,407.98,409.98,0
2026-03-13T11:30:00.000Z,409.96,412.2,409.73,411.78,0
2026-03-13T12:00:00.000Z,403,412.2599,399,411,0
2026-03-13T12:30:00.000Z,411.6,413.15,410.89,413.15,0
2026-03-13T13:00:00.000Z,413.15,414.4,412.2,413.58,0
2026-03-13T13:30:00.000Z,413.75,427.8999938964844,413,427.0400085449219,9974048
2026-03-13T14:00:00.000Z,427.06500244140625,429.3500061035156,423.2001037597656,423.7799987792969,4862149
2026-03-13T14:30:00.000Z,423.7699890136719,425.64990234375,416,418.010009765625,3836522
2026-03-13T15:00:00.000Z,418.0899963378906,423.1000061035156,416.6400146484375,422.5899963378906,2434268
2026-03-13T15:30:00.000Z,422.4750061035156,422.8699035644531,417.6405944824219,420.17999267578125,1722875
2026-03-13T16:00:00.000Z,420.3230895996094,423.4999084472656,419.2401123046875,421.60009765625,1598922
2026-03-13T16:30:00.000Z,421.6000061035156,425.8500061035156,420.2699890136719,421.1099853515625,2297526
2026-03-13T17:00:00.000Z,421.2250061035156,423.1099853515625,420.027587890625,422.70001220703125,1333864
2026-03-13T17:30:00.000Z,422.6300048828125,422.9186096191406,419.5,421.6830139160156,1199705
2026-03-13T18:00:00.000Z,421.70001220703125,422.92999267578125,420.79998779296875,422.6000061035156,1273217
2026-03-13T18:30:00.000Z,422.6199951171875,426.20001220703125,422.2200012207031,425.4999084472656,1808005
2026-03-13T19:00:00.000Z,425.4049987792969,425.5849914550781,422.0638122558594,423.30999755859375,1658671
2026-03-13T19:30:00.000Z,423.31500244140625,426.2300109863281,422.80999755859375,426.1300048828125,3152890
2026-03-13T20:00:00.000Z,426.13,426.4,421.78,425.3662,0
2026-03-13T20:30:00.000Z,425.35,426,424.88,424.8999,0
2026-03-13T21:00:00.000Z,424.93,425.36,424.12,424.61,0
2026-03-13T21:30:00.000Z,424.61,425,424.3662,425,0
2026-03-13T22:00:00.000Z,425,425.5,424.94,424.96,0
2026-03-13T22:30:00.000Z,424.9672,425.28,424.95,425.25,0
2026-03-13T23:00:00.000Z,425.1135,425.34,424.94,424.94,0
2026-03-13T23:30:00.000Z,424.9922,425.2488,424.94,425,0
2026-03-16T08:00:00.000Z,440.23,443.2,437.58,442.81,0
2026-03-16T08:30:00.000Z,442.77,444.5,442.41,444,0
2026-03-16T09:00:00.000Z,444.2,444.65,443.3,443.88,0
2026-03-16T09:30:00.000Z,443.88,443.97,442.31,443,0
2026-03-16T10:00:00.000Z,442.85,444.96,442.37,444.48,0
2026-03-16T10:30:00.000Z,444.41,445.48,444,444.61,0
2026-03-16T11:00:00.000Z,444.55,446.73,443.26,445.56,0
2026-03-16T11:30:00.000Z,445.61,446.5,444.1,445,0
2026-03-16T12:00:00.000Z,442.94,446.89,427.195,442.7,0
2026-03-16T12:30:00.000Z,442.6555,444.47,442.2,444.33,0
2026-03-16T13:00:00.000Z,444.23,446.3,443.25,446.13,0
2026-03-16T13:30:00.000Z,446.1600036621094,454.8599853515625,446.1400146484375,451.9200134277344,7881897
2026-03-16T14:00:00.000Z,451.9800109863281,452.17999267578125,444.54010009765625,446.2650146484375,3116455
2026-03-16T14:30:00.000Z,446.2820129394531,448.5098876953125,444.8599853515625,447.989990234375,6672708
2026-03-16T15:00:00.000Z,447.9150085449219,448.43609619140625,445.3999938964844,448.0631103515625,6366785
2026-03-16T15:30:00.000Z,448.1300048828125,449.69000244140625,446.5799865722656,449.0920104980469,7015560
2026-03-16T16:00:00.000Z,449.1050109863281,451.1499938964844,447.6400146484375,448.95721435546875,1291821
2026-03-16T16:30:00.000Z,449,450.3999938964844,448.3299865722656,449.1593017578125,1010965
2026-03-16T17:00:00.000Z,449.1700134277344,451.6700134277344,449.0799865722656,449.1300048828125,1336101
2026-03-16T17:30:00.000Z,449.1300964355469,450.1210021972656,446.7900085449219,448.82000732421875,1283591
2026-03-16T18:00:00.000Z,448.92498779296875,449.0299987792969,446.3699951171875,447.2200012207031,1069088
2026-03-16T18:30:00.000Z,447.19000244140625,447.40631103515625,445.0101013183594,445.94000244140625,1146488
2026-03-16T19:00:00.000Z,445.9599914550781,447.6300048828125,443.6499938964844,446.30450439453125,10940208
2026-03-16T19:30:00.000Z,446.2694091796875,447.20001220703125,437.7449951171875,441.7799987792969,12102041
2026-03-16T20:00:00.000Z,441.83,443.3,440.8,442.99,0
2026-03-16T20:30:00.000Z,443,445.99,441.8,445.23,0
2026-03-16T21:00:00.000Z,445.49,447.88,445.49,445.63,0
2026-03-16T21:30:00.000Z,445.5,446.95,415.3825,446,0
2026-03-16T22:00:00.000Z,445.9565,446.52,445.03,446.52,0
2026-03-16T22:30:00.000Z,446.57,446.76,445.5,445.942,0
2026-03-16T23:00:00.000Z,445.94,446.98,445.7512,446.94,0
2026-03-16T23:30:00.000Z,446.94,448.5,446.94,447.86,0
2026-03-17T08:00:00.000Z,438.99,440.5,437.53,439.85,0
2026-03-17T08:30:00.000Z,440,442.53,439.88,441.33,0
2026-03-17T09:00:00.000Z,441.58,445.15,441.1,444.66,0
2026-03-17T09:30:00.000Z,444.54,447.98,444.49,446.53,0
2026-03-17T10:00:00.000Z,446.52,446.52,444.1,445,0
2026-03-17T10:30:00.000Z,445.5,446.41,445.4,445.6,0
2026-03-17T11:00:00.000Z,445.68,449.76,445.68,449.5,0
2026-03-17T11:30:00.000Z,449.5,451.78,448.67,450.2,0
2026-03-17T12:00:00.000Z,441.1,455.12,434,452.9899,0
2026-03-17T12:30:00.000Z,452.8011,453.02,451.3,452,0
2026-03-17T13:00:00.000Z,451.75,454.5,451.51,452.33,0
2026-03-17T13:30:00.000Z,452.5350036621094,454.29998779296875,445.1401062011719,449.68499755859375,6701017
2026-03-17T14:00:00.000Z,449.79998779296875,456.45989990234375,447.6400146484375,453.8330078125,3502078
2026-03-17T14:30:00.000Z,453.864990234375,458.139892578125,452.2699890136719,456.42999267578125,7367440
2026-03-17T15:00:00.000Z,456.4150085449219,458.2799987792969,454.5,455.40130615234375,6946504
2026-03-17T15:30:00.000Z,455.3999938964844,456.9800109863281,453.43011474609375,453.9299011230469,1379523
2026-03-17T16:00:00.000Z,453.7799987792969,456,452.7200012207031,455.0299987792969,1199342
2026-03-17T16:30:00.000Z,455.0799865722656,456.3299865722656,453.1377868652344,455.0000915527344,1123403
2026-03-17T17:00:00.000Z,454.82000732421875,457.489990234375,454.80999755859375,457.1199951171875,932621
2026-03-17T17:30:00.000Z,457.1300048828125,457.6098937988281,455.1000061035156,457.1400146484375,981462
2026-03-17T18:00:00.000Z,457.1499938964844,459.44989013671875,456.8930969238281,458.6099853515625,1398795
2026-03-17T18:30:00.000Z,458.6099853515625,461.32000732421875,458.25,459.79400634765625,1583221
2026-03-17T19:00:00.000Z,459.80499267578125,462.67999267578125,459.67999267578125,461.8399963378906,1688864
2026-03-17T19:30:00.000Z,461.8999938964844,462.7298889160156,458.7200012207031,461.67999267578125,2998515
2026-03-17T20:00:00.000Z,461.7,463.73,457.3841,463.3504,0
2026-03-17T20:30:00.000Z,463.35,464.83,447.2571,464.1204,0
2026-03-17T21:00:00.000Z,464.18,464.2,447.2571,463.48,0
2026-03-17T21:30:00.000Z,463.48,464.05,462.8,463.5,0
2026-03-17T22:00:00.000Z,463.75,463.86,463.01,463.41,0
2026-03-17T22:30:00.000Z,463.5,463.98,462.79,463.87,0
2026-03-17T23:00:00.000Z,463.76,464.58,463.4,464.26,0
2026-03-17T23:30:00.000Z,464.25,464.7,463.9,464.58,0
2026-03-18T08:00:00.000Z,476,476.01,473.59,474.65,0
2026-03-18T08:30:00.000Z,474.71,475.07,473.74,473.97,0
2026-03-18T09:00:00.000Z,473.99,475,472.6,473.29,0
2026-03-18T09:30:00.000Z,473.4,474.44,472.74,473.3,0
2026-03-18T10:00:00.000Z,473.32,473.88,471.57,473.54,0
2026-03-18T10:30:00.000Z,473.54,474,471.83,471.83,0
2026-03-18T11:00:00.000Z,472,472.75,469.62,469.99,0
2026-03-18T11:30:00.000Z,470.01,471.3,468.1,468.8,0
2026-03-18T12:00:00.000Z,468.8,477.61,461.69,465.89,0
2026-03-18T12:30:00.000Z,465.75,465.9655,461.69,463.8,0
2026-03-18T13:00:00.000Z,463.96,465.8107,461,464.98,0
2026-03-18T13:30:00.000Z,464.760009765625,467.9800109863281,458.29998779296875,465.4798889160156,7310516
2026-03-18T14:00:00.000Z,465.3399963378906,467.4100036621094,459.55010986328125,461.5350036621094,6295669
2026-03-18T14:30:00.000Z,461.57000732421875,466.8999938964844,461.3299865722656,466.79998779296875,2047459
2026-03-18T15:00:00.000Z,466.7699890136719,471.3399963378906,466.6000061035156,467.4649963378906,3015907
2026-03-18T15:30:00.000Z,467.525390625,469.8800048828125,466.2900085449219,467.3655090332031,1846625
2026-03-18T16:00:00.000Z,467.4049987792969,469.3999938964844,465.67010498046875,468.9549865722656,1685106
2026-03-18T16:30:00.000Z,468.9549865722656,469.8500061035156,465.75,465.7500915527344,1474972
2026-03-18T17:00:00.000Z,465.75,466.07000732421875,464.0899963378906,465.3800048828125,1179809
2026-03-18T17:30:00.000Z,465.4200134277344,466.9800109863281,464.3999938964844,466.0871887207031,953923
2026-03-18T18:00:00.000Z,466.239990234375,468.6700134277344,465.9523010253906,467.9811096191406,8535202
2026-03-18T18:30:00.000Z,467.8699951171875,470.2300109863281,466.4849853515625,468.1449890136719,9385114
2026-03-18T19:00:00.000Z,468.1745910644531,468.6571044921875,464.2500915527344,464.94500732421875,1926303
2026-03-18T19:30:00.000Z,464.8699951171875,468.6300048828125,461.6000061035156,461.8399963378906,4416854
2026-03-18T20:00:00.000Z,461.92,476.32,445.25,449.48,0
2026-03-18T20:30:00.000Z,449.5,461.99,449,453.52,0
2026-03-18T21:00:00.000Z,453.78,461.73,446.07,448.23,0
2026-03-18T21:30:00.000Z,448.19,461.73,441.95,442,0
2026-03-18T22:00:00.000Z,441.9987,444.5999,439,439.5,0
2026-03-18T22:30:00.000Z,439.84,441.83,434.18,441.51,0
2026-03-18T23:00:00.000Z,441.5,443.27,438.69,441,0
2026-03-18T23:30:00.000Z,440.8,441.999,438.3062,441.28,0
2026-03-19T08:00:00.000Z,446.78,447.01,438.38,441.72,0
2026-03-19T08:30:00.000Z,441.57,442.82,435.79,438.07,0
2026-03-19T09:00:00.000Z,438.45,442,438,438,0
2026-03-19T09:30:00.000Z,438.07,441.5,436.71,439.97,0
2026-03-19T10:00:00.000Z,439.9,441.2,436.01,436.28,0
2026-03-19T10:30:00.000Z,436.19,437.14,433.91,436.3,0
2026-03-19T11:00:00.000Z,436.2,438.5,429.5,429.86,0
2026-03-19T11:30:00.000Z,429.9,433,427.45,433,0
2026-03-19T12:00:00.000Z,433,461.73,427.5,436.5,0
2026-03-19T12:30:00.000Z,436.3,442,433.51,433.51,0
2026-03-19T13:00:00.000Z,433.64,434.88,424.15,424.63,0
2026-03-19T13:30:00.000Z,424.9700012207031,439.8999938964844,421.1099853515625,439.3399963378906,13214645
2026-03-19T14:00:00.000Z,439.29998779296875,449.7900085449219,438.3800048828125,449.7149963378906,6331505
2026-03-19T14:30:00.000Z,449.72900390625,457.2200012207031,448.5,450.7349853515625,4866929
2026-03-19T15:00:00.000Z,450.69000244140625,450.94989013671875,441.6700134277344,442.30499267578125,12660989
2026-03-19T15:30:00.000Z,442.2099914550781,442.6698913574219,434.6000061035156,437.4049987792969,13751531
2026-03-19T16:00:00.000Z,437.4100036621094,440.71990966796875,435.1000061035156,439.5150146484375,2718604
2026-03-19T16:30:00.000Z,439.4700012207031,446.20001220703125,438.6700134277344,445.8399963378906,2923707
2026-03-19T17:00:00.000Z,445.8399963378906,447.2499084472656,441.4200134277344,443.7268981933594,2072159
2026-03-19T17:30:00.000Z,443.7699890136719,445.42999267578125,442.3599853515625,444.3900146484375,15123226
2026-03-19T18:00:00.000Z,444.29998779296875,446.84991455078125,443.05999755859375,445.44000244140625,15713186
2026-03-19T18:30:00.000Z,445.3800048828125,446.1099853515625,442.8699951171875,445.45001220703125,1300922
2026-03-19T19:00:00.000Z,445.4800109863281,453.3800048828125,445.2799987792969,450.8900146484375,3464904
2026-03-19T19:30:00.000Z,450.8800048828125,450.9800109863281,444,444.239990234375,18965379
2026-03-19T20:00:00.000Z,444.21,447.91,444.01,447.37,0
2026-03-19T20:30:00.000Z,447.25,447.8,444.27,446.7663,0
2026-03-19T21:00:00.000Z,446.6,447.3,444.27,446.1484,0
2026-03-19T21:30:00.000Z,446.15,446.93,445.03,445.9397,0
2026-03-19T22:00:00.000Z,445.97,447.31,445.7,447.22,0
2026-03-19T22:30:00.000Z,447.27,448,446.41,447.91,0
2026-03-19T23:00:00.000Z,447.71,448.65,446.7669,447.24,0
2026-03-19T23:30:00.000Z,447.15,448.3,446.83,448.1007,0
2026-03-20T08:00:00.000Z,443.44,447.02,442.27,443,0
2026-03-20T08:30:00.000Z,442.82,444.8,442.05,443.02,0
2026-03-20T09:00:00.000Z,443.16,443.16,439.34,441.02,0
2026-03-20T09:30:00.000Z,441.27,441.73,437.67,439.49,0
2026-03-20T10:00:00.000Z,439.5,439.5,433.17,436.8,0
2026-03-20T10:30:00.000Z,437,438.22,434.76,438.22,0
2026-03-20T11:00:00.000Z,438.24,441.35,437.97,440.61,0
2026-03-20T11:30:00.000Z,440.51,440.81,438.31,440,0
2026-03-20T12:00:00.000Z,444.89,447.97,433.17,443.64,0
2026-03-20T12:30:00.000Z,443.64,444.1,441.46,442.55,0
2026-03-20T13:00:00.000Z,442.1718,445.83,441.0912,444,0
2026-03-20T13:30:00.000Z,443.9150085449219,449.1000061035156,433,437.5400085449219,10054989
2026-03-20T14:00:00.000Z,437.4100036621094,438.6400146484375,428.79998779296875,430.55499267578125,5868464
2026-03-20T14:30:00.000Z,430.56500244140625,434.70001220703125,425.1199951171875,426.75,4546036
2026-03-20T15:00:00.000Z,427.0199890136719,432.59991455078125,425.9032897949219,430.375,3180319
2026-03-20T15:30:00.000Z,430.5080871582031,431.8500061035156,428.8800048828125,431.5257873535156,2134136
2026-03-20T16:00:00.000Z,430.3900146484375,432.8349914550781,427.80999755859375,430.45001220703125,2492437
2026-03-20T16:30:00.000Z,430.45001220703125,430.5450134277344,427.3999938964844,428.07501220703125,1686963
2026-03-20T17:00:00.000Z,428.1600036621094,428.7900085449219,422.80010986328125,422.9599914550781,2211158
2026-03-20T17:30:00.000Z,422.9649963378906,423.55999755859375,420.2200012207031,421.4800109863281,3064526
2026-03-20T18:00:00.000Z,421.4750061035156,422.0126953125,416.7749938964844,419.80499267578125,3640855
2026-03-20T18:30:00.000Z,419.8399963378906,421.8399963378906,417.93060302734375,420.75750732421875,2270416
2026-03-20T19:00:00.000Z,420.7300109863281,422.30999755859375,415.8760986328125,416.04998779296875,3270299
2026-03-20T19:30:00.000Z,416.17999267578125,423,415.360107421875,423,5510857
2026-03-20T20:00:00.000Z,423,423.1115,420.2,421,0
2026-03-20T20:30:00.000Z,421.15,422.9,421,422.48,0
2026-03-20T21:00:00.000Z,422.45,426.9499,421.5,426.5,0
2026-03-20T21:30:00.000Z,426.44,429.89,422.9,427.1841,0
2026-03-20T22:00:00.000Z,427.23,429.88,426.01,428.67,0
2026-03-20T22:30:00.000Z,428.82,428.82,426.5,427,0
2026-03-20T23:00:00.000Z,427.09,427.7499,426.25,426.2901,0
2026-03-20T23:30:00.000Z,426.44,426.57,424.89,425.5005,0
2026-03-23T08:00:00.000Z,409.7,409.7,393.19,408,0
2026-03-23T08:30:00.000Z,407.41,409.25,407.11,407.8,0
2026-03-23T09:00:00.000Z,407.5,408.7,406.09,407.72,0
2026-03-23T09:30:00.000Z,407.62,408.01,404.21,405.1,0
2026-03-23T10:00:00.000Z,404.98,407.32,403.85,404.21,0
2026-03-23T10:30:00.000Z,404.12,407.5,403.85,406.82,0
2026-03-23T11:00:00.000Z,406.6,439.46,405.45,427.35,0
2026-03-23T11:30:00.000Z,427.34,433.81,417.08,419.55,0
2026-03-23T12:00:00.000Z,408.6,439.5,402.99,426,0
2026-03-23T12:30:00.000Z,426.35,431.39,423,429.26,0
2026-03-23T13:00:00.000Z,429.36,430.74,425,426.55,0
2026-03-23T13:30:00.000Z,426.1449890136719,430.06988525390625,418.19500732421875,419.69500732421875,12918020
2026-03-23T14:00:00.000Z,419.7300109863281,427.54998779296875,416.5,424.3450012207031,5165419
2026-03-23T14:30:00.000Z,424.1199951171875,425.489990234375,419.4200134277344,419.7650146484375,3080059
2026-03-23T15:00:00.000Z,419.8299865722656,421.32000732421875,412.7300109863281,414.57000732421875,3805818
2026-03-23T15:30:00.000Z,414.5450134277344,416.3900146484375,402.6000061035156,403.1199951171875,6045549
2026-03-23T16:00:00.000Z,403.05999755859375,408.20001220703125,401.65008544921875,401.9849853515625,3927170
2026-03-23T16:30:00.000Z,401.92999267578125,406.4700012207031,401.6300048828125,403.57000732421875,2420714
2026-03-23T17:00:00.000Z,403.5400085449219,404.739990234375,401.5199890136719,403.8699951171875,1946376
2026-03-23T17:30:00.000Z,403.8900146484375,406.3299865722656,402.7099914550781,406.1099853515625,2006956
2026-03-23T18:00:00.000Z,406.0201110839844,408.6300048828125,405,406.1000061035156,2230371
2026-03-23T18:30:00.000Z,406.18499755859375,409.2298889160156,404.70001220703125,405.3699951171875,2117564
2026-03-23T19:00:00.000Z,405.323486328125,406.9200134277344,404.2200012207031,406.5423889160156,1830007
2026-03-23T19:30:00.000Z,406.5400085449219,407.82000732421875,404.2300109863281,404.2300109863281,3644126
2026-03-23T20:00:00.000Z,404.23,406.5,403.5741,404.08,0
2026-03-23T20:30:00.000Z,404.08,404.8,403.45,403.85,0
2026-03-23T21:00:00.000Z,404,404.4,395.6245,404.2402,0
2026-03-23T21:30:00.000Z,404.2401,404.4999,395.6245,404.35,0
2026-03-23T22:00:00.000Z,404.35,404.37,403.47,403.9899,0
2026-03-23T22:30:00.000Z,403.9888,405.32,403.02,405.11,0
2026-03-23T23:00:00.000Z,405.23,405.25,404.25,404.55,0
2026-03-23T23:30:00.000Z,404.7,405,403.6001,404.8,0
2026-03-24T08:00:00.000Z,406.95,410.17,404.6,405.6,0
2026-03-24T08:30:00.000Z,405.5,407.63,403.32,404,0
2026-03-24T09:00:00.000Z,403.81,404.95,401.22,403.83,0
2026-03-24T09:30:00.000Z,403.9,406.99,402.66,406.5,0
2026-03-24T10:00:00.000Z,406.43,408.68,405.5,406.65,0
2026-03-24T10:30:00.000Z,406.62,407.15,405.06,405.7,0
2026-03-24T11:00:00.000Z,405.61,405.76,401.59,403.99,0
2026-03-24T11:30:00.000Z,403.93,404.88,401.51,403.61,0
2026-03-24T12:00:00.000Z,405.5,410.51,398.15,401.836,0
2026-03-24T12:30:00.000Z,402.0776,402.28,398,399.85,0
2026-03-24T13:00:00.000Z,399.8984,401.62,397.26,401.45,0
2026-03-24T13:30:00.000Z,401.3399963378906,404.9800109863281,390.1700134277344,398.04998779296875,10155766
2026-03-24T14:00:00.000Z,398.07000732421875,399.8900146484375,391,392.7749938964844,3836542
2026-03-24T14:30:00.000Z,392.7099914550781,397.54998779296875,391.4100036621094,394.0799865722656,4203992
2026-03-24T15:00:00.000Z,394.2049865722656,396.0899963378906,391.8200988769531,394.1600036621094,2795750
2026-03-24T15:30:00.000Z,394.1700134277344,395.20001220703125,392.29998779296875,393.510009765625,2136487
2026-03-24T16:00:00.000Z,393.489990234375,395.260009765625,392.79998779296875,393.95001220703125,1667918
2026-03-24T16:30:00.000Z,393.9200134277344,395.5400085449219,392.3800048828125,392.8949890136719,1362797
2026-03-24T17:00:00.000Z,392.9884033203125,394.19000244140625,390.090087890625,391.510009765625,1922393
2026-03-24T17:30:00.000Z,391.6099853515625,392.6400146484375,388.9100036621094,391.3999938964844,2485979
2026-03-24T18:00:00.000Z,391.510009765625,393.29998779296875,390.3900146484375,392.77508544921875,1432729
2026-03-24T18:30:00.000Z,392.7749938964844,395.0299987792969,392.30999755859375,394.5299987792969,1690936
2026-03-24T19:00:00.000Z,394.5899963378906,397.6000061035156,393.75,395.42999267578125,2966272
2026-03-24T19:30:00.000Z,395.5,398.3999938964844,394.7349853515625,395.6600036621094,3774333
2026-03-24T20:00:00.000Z,395.53,403.5,394.3175,400.8,0
2026-03-24T20:30:00.000Z,400.5791,402.63,395.53,398.65,0
2026-03-24T21:00:00.000Z,398.4,399.09,395.53,398.8,0
2026-03-24T21:30:00.000Z,398.8,400,397.6,399.5,0
2026-03-24T22:00:00.000Z,399.59,401.45,399,399.8,0
2026-03-24T22:30:00.000Z,399.8,400.4,399,400.1,0
2026-03-24T23:00:00.000Z,400.02,401.95,399.2,400.54,0
2026-03-24T23:30:00.000Z,400.6,401.9099,400.49,401.43,0
2026-03-25T08:00:00.000Z,398.26,401.01,396.8,399.27,0
2026-03-25T08:30:00.000Z,399.2,403.23,399,401.5,0
2026-03-25T09:00:00.000Z,401.5,403.77,401,402.47,0
2026-03-25T09:30:00.000Z,402.49,402.96,401,401.99,0
2026-03-25T10:00:00.000Z,401.87,402.75,398.49,398.5,0
2026-03-25T10:30:00.000Z,398.47,398.47,393.91,396.69,0
2026-03-25T11:00:00.000Z,396.9,398.76,395.22,397.63,0
2026-03-25T11:30:00.000Z,397.75,398.74,395.51,396.5,0
2026-03-25T12:00:00.000Z,400.7,403.858,388.82,389.4,0
2026-03-25T12:30:00.000Z,389.3053,391,385.28,386.77,0
2026-03-25T13:00:00.000Z,386.7,387.5,382,382.89,0
2026-03-25T13:30:00.000Z,382.760009765625,387,371.3810119628906,380.96099853515625,16904511
2026-03-25T14:00:00.000Z,380.9150085449219,388.9200134277344,379.2701110839844,383.010009765625,5874303
2026-03-25T14:30:00.000Z,383.05999755859375,384.3399963378906,377.8900146484375,378.9849853515625,4432931
2026-03-25T15:00:00.000Z,379.05499267578125,379.1199951171875,373.6099853515625,377.2099914550781,4493836
2026-03-25T15:30:00.000Z,377.1600036621094,380.54998779296875,375.8999938964844,380.260009765625,2904607
2026-03-25T16:00:00.000Z,380.28009033203125,382.70001220703125,378.3207092285156,381.4599914550781,2474057
2026-03-25T16:30:00.000Z,381.4690856933594,381.6799011230469,378.20001220703125,378.760009765625,1708409
2026-03-25T17:00:00.000Z,378.7300109863281,380.9700012207031,376.3999938964844,380.6401062011719,2459124
2026-03-25T17:30:00.000Z,380.5979919433594,384.8900146484375,379.6000061035156,381.7699890136719,2876305
2026-03-25T18:00:00.000Z,381.7200012207031,383.5498962402344,381.29998779296875,381.80999755859375,1711637
2026-03-25T18:30:00.000Z,381.8299865722656,382.8500061035156,379.7300109863281,380.2300109863281,1352979
2026-03-25T19:00:00.000Z,380.2200012207031,381.45001220703125,377.8999938964844,379.8349914550781,2124286
2026-03-25T19:30:00.000Z,379.8949890136719,383.05999755859375,379.1199951171875,382.0899963378906,3307509
2026-03-25T20:00:00.000Z,382.09,383,380.5,380.9491,0
2026-03-25T20:30:00.000Z,380.9826,382.09,380.25,380.4045,0
2026-03-25T21:00:00.000Z,380.38,405.003,379.1,379.92,0
2026-03-25T21:30:00.000Z,379.91,382.09,379.72,379.77,0
2026-03-25T22:00:00.000Z,379.7865,382.09,377.53,378,0
2026-03-25T22:30:00.000Z,378.03,379.5,377.89,377.9341,0
2026-03-25T23:00:00.000Z,377.96,378.3,376.52,377.02,0
2026-03-25T23:30:00.000Z,377.2,377.3941,375.51,376.3783,0
2026-03-26T08:00:00.000Z,373,375.21,370.11,370.2,0
2026-03-26T08:30:00.000Z,370.22,375,369.5,374.67,0
2026-03-26T09:00:00.000Z,374.5,374.58,370.9,371,0
2026-03-26T09:30:00.000Z,370.88,372.83,370.1,371.8,0
2026-03-26T10:00:00.000Z,371.69,373.69,370.67,373.49,0
2026-03-26T10:30:00.000Z,373.37,373.74,372,373.25,0
2026-03-26T11:00:00.000Z,373.34,374.95,372.2,373.01,0
2026-03-26T11:30:00.000Z,373.25,373.4,370.8,370.92,0
2026-03-26T12:00:00.000Z,370.8,382.09,369,371,0
2026-03-26T12:30:00.000Z,371.5,371.8,368.52,371.26,0
2026-03-26T13:00:00.000Z,371.21,373.19,368.2,370.0005,0
2026-03-26T13:30:00.000Z,370.0199890136719,374.25,363,364.6000061035156,10155955
2026-03-26T14:00:00.000Z,364.79998779296875,368.239990234375,363.0899963378906,364.97119140625,4787546
2026-03-26T14:30:00.000Z,364.989990234375,367.57000732421875,360.7099914550781,363.07000732421875,4419083
2026-03-26T15:00:00.000Z,363,365.739990234375,361.5,365.57269287109375,2949177
2026-03-26T15:30:00.000Z,365.4800109863281,367.3800048828125,363.6300964355469,366.4750061035156,2552247
2026-03-26T16:00:00.000Z,366.4700012207031,367.3999938964844,363.3800048828125,363.614990234375,2174052
2026-03-26T16:30:00.000Z,363.6451110839844,363.8634033203125,358.6400146484375,361.1000061035156,2870724
2026-03-26T17:00:00.000Z,361.1499938964844,361.4800109863281,357.6000061035156,359.1199951171875,2693040
2026-03-26T17:30:00.000Z,359.0400085449219,360.29998779296875,354.07000732421875,354.260009765625,3538847
2026-03-26T18:00:00.000Z,354.239990234375,356.17498779296875,352.8500061035156,352.8500061035156,3026764
2026-03-26T18:30:00.000Z,352.8900146484375,356.4599914550781,351.9200134277344,356.3800048828125,2935480
2026-03-26T19:00:00.000Z,356.3800048828125,357.3699951171875,353.70001220703125,357.2300109863281,2952753
2026-03-26T19:30:00.000Z,357.3599853515625,357.8500061035156,354.67999267578125,355.42999267578125,4622291
2026-03-26T20:00:00.000Z,355.43,359.7621,353.7,356.93,0
2026-03-26T20:30:00.000Z,357,359.88,355.46,357.7,0
2026-03-26T21:00:00.000Z,357.8,368.23,355.46,357.35,0
2026-03-26T21:30:00.000Z,357.3,358.5,342.092,357.52,0
2026-03-26T22:00:00.000Z,357.52,358.35,356.4,356.5,0
2026-03-26T22:30:00.000Z,356.95,357.97,356.07,356.12,0
2026-03-26T23:00:00.000Z,356.25,357.15,355,355.99,0
2026-03-26T23:30:00.000Z,356,357.44,355.34,356.69,0
2026-03-27T08:00:00.000Z,360.5,361.84,356.68,356.68,0
2026-03-27T08:30:00.000Z,356.68,357.87,354.45,355.51,0
2026-03-27T09:00:00.000Z,355.6,356.32,351.78,356.25,0
2026-03-27T09:30:00.000Z,356.23,356.63,353.2,353.53,0
2026-03-27T10:00:00.000Z,353.12,354.89,352.41,354.33,0
2026-03-27T10:30:00.000Z,354.34,355.3,348.41,350.49,0
2026-03-27T11:00:00.000Z,350.51,351,345.07,347.3,0
2026-03-27T11:30:00.000Z,347.22,350.8,346.4,349.73,0
2026-03-27T12:00:00.000Z,357.5,382.12,345.01,353,0
2026-03-27T12:30:00.000Z,353.3,355.5,351.01,353.7,0
2026-03-27T13:00:00.000Z,353.8,360.65,351.5,360,0
2026-03-27T13:30:00.000Z,359.8599853515625,367.29998779296875,354.0600891113281,359.6400146484375,11611906
2026-03-27T14:00:00.000Z,359.54998779296875,363.489990234375,357.5516052246094,360.9309997558594,4178845
2026-03-27T14:30:00.000Z,360.739990234375,364.69989013671875,358.340087890625,363.7699890136719,3110118
2026-03-27T15:00:00.000Z,363.79998779296875,368.3735046386719,362.8399963378906,367.29998779296875,3656656
2026-03-27T15:30:00.000Z,367.3299865722656,368.70001220703125,364.65008544921875,366.6549987792969,3107280
2026-03-27T16:00:00.000Z,366.6700134277344,367.2720031738281,363.32000732421875,363.8299865722656,2087946
2026-03-27T16:30:00.000Z,363.80999755859375,365.5799865722656,362.5101013183594,364.5299987792969,1940657
2026-03-27T17:00:00.000Z,364.6300048828125,364.8800048828125,358.3500061035156,358.3500061035156,2176938
2026-03-27T17:30:00.000Z,358.3800048828125,359.95001220703125,357.2040100097656,359.05010986328125,2405370
2026-03-27T18:00:00.000Z,359.1050109863281,359.7699890136719,357.79998779296875,358.9200134277344,1289332
2026-03-27T18:30:00.000Z,358.989990234375,359.3900146484375,356.55999755859375,357.3299865722656,1513353
2026-03-27T19:00:00.000Z,357.2650146484375,357.760009765625,355.4700012207031,356.010009765625,2140417
2026-03-27T19:30:00.000Z,356.0249938964844,357.8999938964844,355.6300048828125,357.29998779296875,3252965
2026-03-27T20:00:00.000Z,357.31,361.0268,355.1,355.33,0
2026-03-27T20:30:00.000Z,355.32,357.22,355.1001,355.487,0
2026-03-27T21:00:00.000Z,355.46,357.22,354.3,354.92,0
2026-03-27T21:30:00.000Z,354.93,355.5,353.9,354.41,0
2026-03-27T22:00:00.000Z,354.41,354.78,352.5,353.4,0
2026-03-27T22:30:00.000Z,353.39,353.8,352.5,353.3,0
2026-03-27T23:00:00.000Z,353.19,353.5,352.5,352.8,0
2026-03-27T23:30:00.000Z,352.84,353.2,352.37,352.45,0
2026-03-30T08:00:00.000Z,356.98,359.2725,353.39,359,0
2026-03-30T08:30:00.000Z,358.86,363.95,358.5,363.06,0
2026-03-30T09:00:00.000Z,363.21,363.95,361.2,363.39,0
2026-03-30T09:30:00.000Z,363.09,363.79,361.5,362.61,0
2026-03-30T10:00:00.000Z,362.5,363.48,361.49,361.63,0
2026-03-30T10:30:00.000Z,361.31,361.9282,359.08,360.14,0
2026-03-30T11:00:00.000Z,360.12,364.5,357.22,364.34,0
2026-03-30T11:30:00.000Z,364.36,364.91,357.07,362.36,0
2026-03-30T12:00:00.000Z,362.5,366.46,362,365.5,0
2026-03-30T12:30:00.000Z,365.148,367.08,365.1,366.3,0
2026-03-30T13:00:00.000Z,366.36,366.95,362.34,362.55,0
2026-03-30T13:30:00.000Z,362.80999755859375,362.80999755859375,340.610107421875,343.18499755859375,12760728
2026-03-30T14:00:00.000Z,343.1300048828125,347.25,339.67999267578125,339.82501220703125,5159920
2026-03-30T14:30:00.000Z,339.7699890136719,342.0400085449219,337.4100036621094,340.3900146484375,5010154
2026-03-30T15:00:00.000Z,340.3949890136719,342.3999938964844,335.7200012207031,337.2650146484375,4151944
2026-03-30T15:30:00.000Z,337.2417907714844,339.4200134277344,332.8800048828125,333.260009765625,4294482
2026-03-30T16:00:00.000Z,333.32000732421875,333.5398864746094,329.2900085449219,330.1300048828125,5945726
2026-03-30T16:30:00.000Z,330.19000244140625,331.8399963378906,329.5199890136719,330.0299987792969,2934144
2026-03-30T17:00:00.000Z,329.95001220703125,330.1199035644531,325.1099853515625,325.2850036621094,4350512
2026-03-30T17:30:00.000Z,325.2699890136719,329.1098937988281,324.7799987792969,328.2950134277344,3684723
2026-03-30T18:00:00.000Z,328.2200927734375,328.5379943847656,325.1900939941406,325.4649963378906,2363183
2026-03-30T18:30:00.000Z,325.4649963378906,325.7084045410156,322.32000732421875,322.8949890136719,3650801
2026-03-30T19:00:00.000Z,322.95001220703125,323.2099914550781,318.8500061035156,319.3349914550781,5627550
2026-03-30T19:30:00.000Z,319.3699035644531,323.29998779296875,318.4200134277344,321.79998779296875,7980341
2026-03-30T20:00:00.000Z,321.8,322.6,320,320.6,0
2026-03-30T20:30:00.000Z,320.674,321.8,319.75,320.85,0
2026-03-30T21:00:00.000Z,320.84,322.72,320.2,320.4,0
2026-03-30T21:30:00.000Z,320.35,321.8,318.8,319.29,0
2026-03-30T22:00:00.000Z,319.11,321.8,318.6,318.6785,0
2026-03-30T22:30:00.000Z,318.64,318.8,317.5,317.56,0
2026-03-30T23:00:00.000Z,317.57,317.6,315.8495,316.8,0
2026-03-30T23:30:00.000Z,317,317,313.81,314.11,0
2026-03-31T08:00:00.000Z,323.8032,327.1,316.75,323.53,0
2026-03-31T08:30:00.000Z,324,324.9,322.6,323.13,0
2026-03-31T09:00:00.000Z,323.47,325,323.1477,323.89,0
2026-03-31T09:30:00.000Z,323.52,324.4,321.02,321.35,0
2026-03-31T10:00:00.000Z,321.3,322.31,320.5,321.03,0
2026-03-31T10:30:00.000Z,321.1,321.38,315.76,317.71,0
2026-03-31T11:00:00.000Z,317.48,321.8,315.61,319.98,0
2026-03-31T11:30:00.000Z,319.95,321.49,318.01,318.6232,0
2026-03-31T12:00:00.000Z,318.54,320.99,316.07,319.14,0
2026-03-31T12:30:00.000Z,319.22,323.55,317.56,320.6483,0
2026-03-31T13:00:00.000Z,320.6007,322.27,317.51,321.88,0
2026-03-31T13:30:00.000Z,321.7250061035156,327.489990234375,311.489990234375,325.6200866699219,17634620
2026-03-31T14:00:00.000Z,325.67999267578125,329.1199951171875,323.07000732421875,324.4700012207031,7469300
2026-03-31T14:30:00.000Z,324.54998779296875,329.4200134277344,321.7687072753906,322.5000915527344,5580173
2026-03-31T15:00:00.000Z,322.57000732421875,325.79998779296875,321.79998779296875,323.715087890625,3620722
2026-03-31T15:30:00.000Z,323.6300048828125,323.8500061035156,316.54998779296875,318.70001220703125,4134692
2026-03-31T16:00:00.000Z,318.5899963378906,324.39990234375,318.54998779296875,323.3800964355469,2986140
2026-03-31T16:30:00.000Z,323.54998779296875,333.05999755859375,323,328.2099914550781,4949431
2026-03-31T17:00:00.000Z,328.2099914550781,331.3900146484375,327.3700866699219,328.3349914550781,3561343
2026-03-31T17:30:00.000Z,328.2799987792969,329.8389892578125,324.3999938964844,324.69000244140625,2600130
2026-03-31T18:00:00.000Z,324.6700134277344,328.4200134277344,323.8500061035156,328.2449951171875,2392383
2026-03-31T18:30:00.000Z,328.2449951171875,332.79998779296875,327.07000732421875,332.4200134277344,2540850
2026-03-31T19:00:00.000Z,332.3800048828125,336.9800109863281,331.2900085449219,336.04998779296875,4333659
2026-03-31T19:30:00.000Z,336.05999755859375,337.8299865722656,334.6600036621094,337.614990234375,5607460
2026-03-31T20:00:00.000Z,337.46,340.2,326.25,339.73,0
2026-03-31T20:30:00.000Z,339.67,339.84,335.5,336.81,0
2026-03-31T21:00:00.000Z,336.99,337.84,328.74,336.77,0
2026-03-31T21:30:00.000Z,336.77,337.84,335.75,336.25,0
2026-03-31T22:00:00.000Z,336.4,342,336.21,341.53,0
2026-03-31T22:30:00.000Z,341.53,342.33,340.63,341.27,0
2026-03-31T23:00:00.000Z,341.25,341.48,340.3,340.64,0
2026-03-31T23:30:00.000Z,340.64,342.5,340.01,342.5,0
2026-04-01T08:00:00.000Z,346.5,350.8,342.19,344.8,0
2026-04-01T08:30:00.000Z,344.9809,345.38,343,343.67,0
2026-04-01T09:00:00.000Z,343.7,344.9,338.78,340.95,0
2026-04-01T09:30:00.000Z,340.95,343.15,340.24,342.97,0
2026-04-01T10:00:00.000Z,342.91,345,342.1,344.35,0
2026-04-01T10:30:00.000Z,344.09,347.5,343.5,344.45,0
2026-04-01T11:00:00.000Z,344.355,348,337.84,347.4,0
2026-04-01T11:30:00.000Z,347.34,349.5,346.5,348.5,0
2026-04-01T12:00:00.000Z,348.5,349.86,337.84,347.75,0
2026-04-01T12:30:00.000Z,347.84,350.97,337.84,347.8827,0
2026-04-01T13:00:00.000Z,347.89,352.52,345.88,349,0
2026-04-01T13:30:00.000Z,349.54998779296875,356.4200134277344,343,355.0899963378906,16016223
2026-04-01T14:00:00.000Z,355,368.70001220703125,354.85009765625,363.8699951171875,10180736
2026-04-01T14:30:00.000Z,363.9800109863281,370.6972961425781,361.7001037597656,368.47821044921875,6865774
2026-04-01T15:00:00.000Z,368.5199890136719,373.4599914550781,367.6300964355469,371.69000244140625,5469661
2026-04-01T15:30:00.000Z,371.7200012207031,377.17999267578125,370.6199951171875,376.1099853515625,5090671
2026-04-01T16:00:00.000Z,376.2698974609375,377.20001220703125,374.0299987792969,374.3800964355469,3871669
2026-04-01T16:30:00.000Z,374.3800964355469,376.8399963378906,373.2900085449219,375.5150146484375,2837870
2026-04-01T17:00:00.000Z,375.4599914550781,377.889892578125,375.2799987792969,375.95001220703125,2685255
2026-04-01T17:30:00.000Z,375.8399963378906,377.1050109863281,371.79998779296875,372.1700134277344,3146183
2026-04-01T18:00:00.000Z,372.25,372.4798889160156,367.42999267578125,368.0799865722656,4120391
2026-04-01T18:30:00.000Z,368.1099853515625,369.9700012207031,365.42999267578125,365.8301086425781,3424819
2026-04-01T19:00:00.000Z,365.8699951171875,369.67999267578125,365.590087890625,369.239990234375,2901833
2026-04-01T19:30:00.000Z,369.239990234375,370.04998779296875,366.79998779296875,367.8500061035156,4219056
2026-04-01T20:00:00.000Z,367.79,370.8,367.6477,369.24,0
2026-04-01T20:30:00.000Z,369.19,370.98,367.85,370,0
2026-04-01T21:00:00.000Z,370.02,371.2,370.02,370.5,0
2026-04-01T21:30:00.000Z,370.426,371.3342,367.85,370.95,0
2026-04-01T22:00:00.000Z,370.9,371.5,367.85,370.31,0
2026-04-01T22:30:00.000Z,370.69,370.9,369.2612,370,0
2026-04-01T23:00:00.000Z,369.75,371.2,369.75,371.15,0
2026-04-01T23:30:00.000Z,371.15,371.4545,370.2,371,0
2026-04-02T08:00:00.000Z,355.85,356.9452,349.55,352.46,0
2026-04-02T08:30:00.000Z,352.5,354.69,352.46,352.85,0
2026-04-02T09:00:00.000Z,352.5,353.49,351.4,352.76,0
2026-04-02T09:30:00.000Z,352.76,353.75,351.5987,352.35,0
2026-04-02T10:00:00.000Z,352.2,352.35,349.3,350.59,0
2026-04-02T10:30:00.000Z,350.59,352,350.01,351.87,0
2026-04-02T11:00:00.000Z,351.88,367.85,347.59,348.39,0
2026-04-02T11:30:00.000Z,348.29,349.5,346.04,346.3,0
2026-04-02T12:00:00.000Z,346.38,367.85,345.6,348.5,0
2026-04-02T12:30:00.000Z,348.179,367.85,345.5,345.5,0
2026-04-02T13:00:00.000Z,345.8,348.3,339.04,341.37,0
2026-04-02T13:30:00.000Z,341.3399963378906,354.6000061035156,340.20001220703125,354.6000061035156,12648131
2026-04-02T14:00:00.000Z,354.6199951171875,362.95001220703125,352.8999938964844,356.099609375,7188945
2026-04-02T14:30:00.000Z,356.1300048828125,365.92999267578125,355.75,363.260009765625,6147871
2026-04-02T15:00:00.000Z,363.30499267578125,364.7200012207031,360.010009765625,364.1199951171875,2984748
2026-04-02T15:30:00.000Z,364.1300048828125,365.29998779296875,359.989990234375,361.3742980957031,2408473
2026-04-02T16:00:00.000Z,361.1995849609375,362.69989013671875,358.1300048828125,359.54998779296875,1992432
2026-04-02T16:30:00.000Z,359.4700012207031,363.3699035644531,359,362.6400146484375,1990686
2026-04-02T17:00:00.000Z,362.6400146484375,364.8999938964844,361.6700134277344,364.7799987792969,1742434
2026-04-02T17:30:00.000Z,364.739990234375,364.8800048828125,361.20001220703125,362.42999267578125,1472377
2026-04-02T18:00:00.000Z,362.4700012207031,365.44000244140625,362.0299987792969,363.82000732421875,1943176
2026-04-02T18:30:00.000Z,363.8949890136719,366.3800048828125,363.510009765625,365.135009765625,1701197
2026-04-02T19:00:00.000Z,365.1449890136719,366.8299865722656,363.260009765625,364.4800109863281,2098272
2026-04-02T19:30:00.000Z,364.4200134277344,366.9399108886719,364.1400146484375,366.1300048828125,3957775
2026-04-02T20:00:00.000Z,366.13,366.5,365,365.6,0
2026-04-02T20:30:00.000Z,365.61,366.24,365.05,365.11,0
2026-04-02T21:00:00.000Z,365.1,366.24,362.5939,365.1086,0
2026-04-02T21:30:00.000Z,365.0564,366.24,364.88,365.31,0
2026-04-02T22:00:00.000Z,365.31,365.47,364.93,365.35,0
2026-04-02T22:30:00.000Z,365.35,365.61,365.1,365.3,0
2026-04-02T23:00:00.000Z,365.18,365.3,365.02,365.05,0
2026-04-02T23:30:00.000Z,365.17,365.3,364.5325,364.68,0
2026-04-06T08:00:00.000Z,375.94,381.38,373,380.48,0
2026-04-06T08:30:00.000Z,380.39,383,379.5,380.8242,0
2026-04-06T09:00:00.000Z,380.19,380.9092,378.51,379.9,0
2026-04-06T09:30:00.000Z,379.9,380.4,378,378.52,0
2026-04-06T10:00:00.000Z,378.4634,379.51,377.5,378.2,0
2026-04-06T10:30:00.000Z,378.12,378.64,375.81,376,0
2026-04-06T11:00:00.000Z,376.27,378.5,366.24,378.4,0
2026-04-06T11:30:00.000Z,378.4499,379.36,376.8,378.19,0
2026-04-06T12:00:00.000Z,378.19,379.7,377.6,379.3545,0
2026-04-06T12:30:00.000Z,378.86,380.4,378.33,378.99,0
2026-04-06T13:00:00.000Z,379.2,379.3,372.9,373.01,0
2026-04-06T13:30:00.000Z,373.29998779296875,385.0768127441406,370.6099853515625,379.86639404296875,11106275
2026-04-06T14:00:00.000Z,379.5799865722656,381.7699890136719,375.3299865722656,377.7001037597656,4569997
2026-04-06T14:30:00.000Z,377.7499084472656,379.25,375.590087890625,378.69000244140625,2532714
2026-04-06T15:00:00.000Z,378.625,380.8800048828125,377.20001220703125,379.3999938964844,2236533
2026-04-06T15:30:00.000Z,379.42999267578125,381.5,377.69000244140625,381.44989013671875,2238860
2026-04-06T16:00:00.000Z,381.3601989746094,382.510009765625,379.2799987792969,381.2349853515625,1872245
2026-04-06T16:30:00.000Z,381.2200012207031,382.6783142089844,380.5000915527344,380.989990234375,1385662
2026-04-06T17:00:00.000Z,380.79998779296875,381.04730224609375,376.510009765625,380.7598876953125,2306586
2026-04-06T17:30:00.000Z,380.75,381.6600036621094,377.9223937988281,378.13128662109375,1505123
2026-04-06T18:00:00.000Z,378.20001220703125,380.8800048828125,377.82000732421875,379.5589904785156,1475950
2026-04-06T18:30:00.000Z,379.4599914550781,380.7275085449219,379.10009765625,379.8503112792969,1298490
2026-04-06T19:00:00.000Z,379.94000244140625,380.25,377.8027038574219,378.40240478515625,1717675
2026-04-06T19:30:00.000Z,378.3800048828125,379.70001220703125,376.8699951171875,377.6199951171875,3160504
2026-04-06T20:00:00.000Z,377.76,378.8214,376.55,376.9,0
2026-04-06T20:30:00.000Z,376.8209,382.09,376.82,377.2578,0
2026-04-06T21:00:00.000Z,377.32,378.38,377.05,377.8,0
2026-04-06T21:30:00.000Z,378,378.83,378,378.2,0
2026-04-06T22:00:00.000Z,378.17,378.8,377.08,377.8,0
2026-04-06T22:30:00.000Z,377.67,379.16,377.08,378.6,0
2026-04-06T23:00:00.000Z,378.6416,381.5,378.6,380.2,0
2026-04-06T23:30:00.000Z,380.15,380.76,379.33,379.35,0
2026-04-07T08:00:00.000Z,378.67,381,375.03,379.81,0
2026-04-07T08:30:00.000Z,379.7,381.13,379.5,380.58,0
2026-04-07T09:00:00.000Z,380.74,381.9076,380.09,381.3,0
2026-04-07T09:30:00.000Z,381.24,381.41,380.1,380.35,0
2026-04-07T10:00:00.000Z,380.33,380.6988,377.15,378.1,0
2026-04-07T10:30:00.000Z,378.1,378.1,373,373.8,0
2026-04-07T11:00:00.000Z,373.685,377.76,371.8,373.87,0
2026-04-07T11:30:00.000Z,373.82,374.62,372.22,373.4511,0
2026-04-07T12:00:00.000Z,373.49,373.5,368.38,370.005,0
2026-04-07T12:30:00.000Z,369.865,371.79,368.8,370.16,0
2026-04-07T13:00:00.000Z,370.28,374.8,369.9,374,0
2026-04-07T13:30:00.000Z,374.125,379.2499084472656,368.12200927734375,368.1600036621094,6793568
2026-04-07T14:00:00.000Z,368.1300048828125,372.19000244140625,364.1000061035156,370.375,4555549
2026-04-07T14:30:00.000Z,370.3800048828125,371.4999084472656,366.70001220703125,366.8900146484375,2132737
2026-04-07T15:00:00.000Z,366.8349914550781,370.14990234375,364.6400146484375,369.9949951171875,2492063
2026-04-07T15:30:00.000Z,370.04998779296875,373.489990234375,369.510009765625,372.864990234375,2093096
2026-04-07T16:00:00.000Z,372.8699951171875,377.04998779296875,372.1000061035156,372.7349853515625,2383027
2026-04-07T16:30:00.000Z,372.6199951171875,375.69989013671875,372.45001220703125,374.82000732421875,1419021
2026-04-07T17:00:00.000Z,374.75,376.8410949707031,374.35009765625,375.0050048828125,1245892
2026-04-07T17:30:00.000Z,375.0199890136719,378.45989990234375,374.8599853515625,376.19000244140625,1496648
2026-04-07T18:00:00.000Z,376.1499938964844,376.71990966796875,374.6239929199219,375.5849914550781,1226495
2026-04-07T18:30:00.000Z,375.5455017089844,376.14990234375,370.42010498046875,371.1600036621094,2084443
2026-04-07T19:00:00.000Z,371.1700134277344,374.46990966796875,368.8800048828125,371.3550109863281,2837333
2026-04-07T19:30:00.000Z,371.1600036621094,377.8500061035156,370.1400146484375,377.70001220703125,3630252
2026-04-07T20:00:00.000Z,377.58,378.5,372.3693,377.28,0
2026-04-07T20:30:00.000Z,377.2631,379.7,377.2471,379.6,0
2026-04-07T21:00:00.000Z,379.52,379.97,360.6225,379.18,0
2026-04-07T21:30:00.000Z,379.1703,381,377.58,381,0
2026-04-07T22:00:00.000Z,381,386,381,384.45,0
2026-04-07T22:30:00.000Z,384.2,397.7,379.5,397.06,0
2026-04-07T23:00:00.000Z,397.3,408.7,394.77,402.44,0
2026-04-07T23:30:00.000Z,402.4842,404.5,398.56,401.5,0
2026-04-08T08:00:00.000Z,408.0362,413.95,377.58,413.95,0
2026-04-08T08:30:00.000Z,413.99,418.43,413.7,418.29,0
2026-04-08T09:00:00.000Z,418.39,420.71,418.09,418.71,0
2026-04-08T09:30:00.000Z,418.68,418.89,416.8,417.34,0
2026-04-08T10:00:00.000Z,417.567,417.8,416,416.3,0
2026-04-08T10:30:00.000Z,416.25,416.8,412.0103,412.0408,0
2026-04-08T11:00:00.000Z,412.49,414.16,377.58,413.42,0
2026-04-08T11:30:00.000Z,413.44,414.46,411.78,411.78,0
2026-04-08T12:00:00.000Z,411.79,413.98,408.8,408.88,0
2026-04-08T12:30:00.000Z,409.174,411.74,408.89,411.17,0
2026-04-08T13:00:00.000Z,411.33,416.264,409.68,415.75,0
2026-04-08T13:30:00.000Z,415.1300048828125,415.989990234375,403.8299865722656,406.43499755859375,14926586
2026-04-08T14:00:00.000Z,406.3599853515625,410.1524963378906,403.8800048828125,407.7099914550781,4109294
2026-04-08T14:30:00.000Z,407.7799987792969,408.75,398.8800048828125,402.0799865722656,4647006
2026-04-08T15:00:00.000Z,401.9949951171875,406.25,401.7301025390625,404.1700134277344,2957623
2026-04-08T15:30:00.000Z,404.1700134277344,406.3699951171875,403.2721862792969,406.06988525390625,1853126
2026-04-08T16:00:00.000Z,406.01251220703125,408,404.9800109863281,407.7550048828125,2093031
2026-04-08T16:30:00.000Z,407.80999755859375,409.20001220703125,407.4801025390625,408.5249938964844,1930138
2026-04-08T17:00:00.000Z,408.57000732421875,408.8299865722656,406.239990234375,406.68499755859375,2013793
2026-04-08T17:30:00.000Z,406.7049865722656,407.89990234375,405.3999938964844,406.1400146484375,1448225
2026-04-08T18:00:00.000Z,406.0400085449219,407.8299865722656,404.75,405.1499938964844,1737817
2026-04-08T18:30:00.000Z,405.0528869628906,405.79998779296875,401.82000732421875,402.0199890136719,1779601
2026-04-08T19:00:00.000Z,402.0199890136719,405.70001220703125,401.75,404.20001220703125,2254574
2026-04-08T19:30:00.000Z,404.2300109863281,406.8999938964844,404.2300109863281,406.8599853515625,3183437
2026-04-08T20:00:00.000Z,406.73,407.2,405.11,405.16,0
2026-04-08T20:30:00.000Z,405.15,406.73,404.02,404.6,0
2026-04-08T21:00:00.000Z,404.6,405.68,404.4594,404.68,0
2026-04-08T21:30:00.000Z,404.69,405.49,404.61,405.49,0
2026-04-08T22:00:00.000Z,405.31,405.49,403.03,403.65,0
2026-04-08T22:30:00.000Z,403.69,404.3,402.03,402.28,0
2026-04-08T23:00:00.000Z,402.14,402.9,401.5,402.2,0
2026-04-08T23:30:00.000Z,402.19,402.52,401,401.9,0
2026-04-09T08:00:00.000Z,402,406.73,395.51,395.94,0
2026-04-09T08:30:00.000Z,395.83,398.3,395.83,396.67,0
2026-04-09T09:00:00.000Z,396.67,399.44,396.3,399.24,0
2026-04-09T09:30:00.000Z,399.2555,402.79,398.4,402.1,0
2026-04-09T10:00:00.000Z,402.5188,405.97,401.6,405,0
2026-04-09T10:30:00.000Z,405.17,405.4505,401.46,401.81,0
2026-04-09T11:00:00.000Z,401.82,406.73,401,402.5,0
2026-04-09T11:30:00.000Z,402.49,405.99,402.42,405.2,0
2026-04-09T12:00:00.000Z,405.1,408.67,405,407.1,0
2026-04-09T12:30:00.000Z,407.45,408.17,405,407.4,0
2026-04-09T13:00:00.000Z,407.4,408.66,406.25,408.14,0
2026-04-09T13:30:00.000Z,407.6099853515625,415.1000061035156,407.6099853515625,409.5849914550781,7818427
2026-04-09T14:00:00.000Z,409.6700134277344,409.8699951171875,398.44000244140625,400.3374938964844,4870095
2026-04-09T14:30:00.000Z,400.3599853515625,404.3900146484375,398.67999267578125,404.2950134277344,3069291
2026-04-09T15:00:00.000Z,404.409912109375,406.4800109863281,401.3800964355469,405.6000061035156,2159791
2026-04-09T15:30:00.000Z,405.6000061035156,408.5799865722656,405.3299865722656,407.25,2420117
2026-04-09T16:00:00.000Z,407.25,409.4700012207031,406.6000061035156,407.7900085449219,1867708
2026-04-09T16:30:00.000Z,407.79998779296875,408.2900085449219,406.0299987792969,407.4783020019531,1215712
2026-04-09T17:00:00.000Z,407.5799865722656,410.1700134277344,407.0000915527344,410.125,1336436
2026-04-09T17:30:00.000Z,410.125,414.25,409.5299987792969,412.5238037109375,2888510
2026-04-09T18:00:00.000Z,412.55999755859375,413,410.3699951171875,412.6400146484375,1709454
2026-04-09T18:30:00.000Z,412.6199951171875,416.92999267578125,412.340087890625,415.8299865722656,2562397
2026-04-09T19:00:00.000Z,415.8299865722656,421.17999267578125,415.82000732421875,420.7099914550781,3140375
2026-04-09T19:30:00.000Z,420.7550048828125,423.94000244140625,420.5801086425781,421.44500732421875,5009125
2026-04-09T20:00:00.000Z,421.42,421.555,419.3,420.0567,0
2026-04-09T20:30:00.000Z,420.14,421.74,419.305,421.2,0
2026-04-09T21:00:00.000Z,421.14,422.26,419.67,419.85,0
2026-04-09T21:30:00.000Z,419.68,420.72,419.31,420.47,0
2026-04-09T22:00:00.000Z,420.47,420.72,419.85,419.85,0
2026-04-09T22:30:00.000Z,419.75,420.24,418.5,418.72,0
2026-04-09T23:00:00.000Z,418.85,419.1219,417.5,417.93,0
2026-04-09T23:30:00.000Z,417.91,418.3,416.7,418.2,0
2026-04-10T08:00:00.000Z,418.45,421.77,416.62,418.31,0
2026-04-10T08:30:00.000Z,418.35,419,417.5,417.69,0
2026-04-10T09:00:00.000Z,417.77,420.96,417.5156,420.51,0
2026-04-10T09:30:00.000Z,420.6,421.2126,419.26,421.14,0
2026-04-10T10:00:00.000Z,421.07,423.15,421,422.01,0
2026-04-10T10:30:00.000Z,422.0255,422.0255,420.5,420.71,0
2026-04-10T11:00:00.000Z,420.65,423.75,420.65,423.1252,0
2026-04-10T11:30:00.000Z,423,423.17,422,422.2849,0
2026-04-10T12:00:00.000Z,422.1,422.97,419.7358,420.99,0
2026-04-10T12:30:00.000Z,420.65,422.86,419.36,421.71,0
2026-04-10T13:00:00.000Z,421.81,425.2,419.9,420.33,0
2026-04-10T13:30:00.000Z,420.2850036621094,423.15350341796875,410.05999755859375,420.48699951171875,9066427
2026-04-10T14:00:00.000Z,420.3699951171875,421.5199890136719,417.1200866699219,419.7049865722656,2998196
2026-04-10T14:30:00.000Z,419.54998779296875,422.7900085449219,418.40008544921875,422.68499755859375,2346042
2026-04-10T15:00:00.000Z,422.760009765625,423.8599853515625,419.75,421.1400146484375,2956364
2026-04-10T15:30:00.000Z,421.0849914550781,421.4884033203125,414.0400085449219,415.17999267578125,2269902
2026-04-10T16:00:00.000Z,415.2699890136719,418.4798889160156,414.29998779296875,417.3500061035156,1674760
2026-04-10T16:30:00.000Z,417.364990234375,418.3900146484375,415.1499938964844,418.1600036621094,1386320
2026-04-10T17:00:00.000Z,418.1000061035156,419.3800048828125,417.0600891113281,419.2499084472656,1125324
2026-04-10T17:30:00.000Z,419.125,423.70989990234375,418.8999938964844,422.8500061035156,2146362
2026-04-10T18:00:00.000Z,422.86090087890625,423.2842102050781,421.2699890136719,422.4049987792969,1395563
2026-04-10T18:30:00.000Z,422.45001220703125,422.760009765625,420.3500061035156,420.8999938964844,1174426
2026-04-10T19:00:00.000Z,420.7099914550781,422.94000244140625,420.4750061035156,422.4849853515625,1744703
2026-04-10T19:30:00.000Z,422.5,422.7900085449219,419.7699890136719,420.70001220703125,3080907
2026-04-10T20:00:00.000Z,420.59,421.1,419.8,420,0
2026-04-10T20:30:00.000Z,420,420.85,419.85,420.41,0
2026-04-10T21:00:00.000Z,420.5,420.8,203.3969,420.21,0
2026-04-10T21:30:00.000Z,419.9133,420.28,419.8,419.9,0
2026-04-10T22:00:00.000Z,419.9,420.3,419.5,419.82,0
2026-04-10T22:30:00.000Z,419.88,420.59,419,419.2,0
2026-04-10T23:00:00.000Z,419.2,419.85,419.06,419.67,0
2026-04-10T23:30:00.000Z,419.5,419.84,419.2,419.55,0
2026-04-13T08:00:00.000Z,413.32,415.42,411.5,412.29,0
2026-04-13T08:30:00.000Z,412.29,412.5,410.12,411,0
2026-04-13T09:00:00.000Z,410.96,414.55,410.88,414.27,0
2026-04-13T09:30:00.000Z,414.0304,414.42,412.93,413.38,0
2026-04-13T10:00:00.000Z,413.38,414,412.09,412.7035,0
2026-04-13T10:30:00.000Z,412.74,414.72,412.66,414.5,0
2026-04-13T11:00:00.000Z,414.61,420.59,413.55,413.95,0
2026-04-13T11:30:00.000Z,413.8303,414.25,412.67,412.9376,0
2026-04-13T12:00:00.000Z,412.98,421.641,412.3,413.85,0
2026-04-13T12:30:00.000Z,414.1,415.78,380.8275,414.5,0
2026-04-13T13:00:00.000Z,414.63,416.75,413.94,416.18,0
2026-04-13T13:30:00.000Z,416.4700012207031,419.1499938964844,408.5,416.43499755859375,6531244
2026-04-13T14:00:00.000Z,416.43499755859375,418.010009765625,410.92498779296875,413.05499267578125,3182243
2026-04-13T14:30:00.000Z,412.9800109863281,416.739990234375,411.5,416.1000061035156,2562292
2026-04-13T15:00:00.000Z,416.0899963378906,421.0299987792969,414.75,417.8598937988281,2706171
2026-04-13T15:30:00.000Z,417.8599853515625,418.7698974609375,413.2699890136719,414.04998779296875,1924108
2026-04-13T16:00:00.000Z,414.0799865722656,414.3399963378906,410.57000732421875,414.19500732421875,2248861
2026-04-13T16:30:00.000Z,414.20001220703125,416.29998779296875,412.7200012207031,415.739990234375,1517438
2026-04-13T17:00:00.000Z,415.82000732421875,418,414.40008544921875,416.831298828125,1522270
2026-04-13T17:30:00.000Z,416.82501220703125,417.7950134277344,416.2300109863281,416.625,1156245
2026-04-13T18:00:00.000Z,416.6499938964844,417.17999267578125,414.6499938964844,415.6000061035156,1166706
2026-04-13T18:30:00.000Z,415.6400146484375,420.70001220703125,415.42999267578125,419.7349853515625,2067284
2026-04-13T19:00:00.000Z,419.79998779296875,425.1300048828125,419.7349853515625,423.04998779296875,3001105
2026-04-13T19:30:00.000Z,423.0400085449219,426.8800048828125,422.54010009765625,426.489990234375,3769349
2026-04-13T20:00:00.000Z,426.57,428.96,418.3952,428.22,0
2026-04-13T20:30:00.000Z,428.045,430.88,427.75,430.78,0
2026-04-13T21:00:00.000Z,430.8,430.89,428.5059,429.45,0
2026-04-13T21:30:00.000Z,429.45,429.55,415.3825,428.05,0
2026-04-13T22:00:00.000Z,428.16,429.811,428.1,429.2,0
2026-04-13T22:30:00.000Z,429.21,430.1,428.8,429.8999,0
2026-04-13T23:00:00.000Z,429.9,430.44,429.21,429.35,0
2026-04-13T23:30:00.000Z,429.32,430.85,428.85,430.5,0
2026-04-14T08:00:00.000Z,434.15,438.4,426.56,438,0
2026-04-14T08:30:00.000Z,438,440.49,437,439.36,0
2026-04-14T09:00:00.000Z,439.36,439.68,437,437.55,0
2026-04-14T09:30:00.000Z,437.75,437.75,436,436.385,0
2026-04-14T10:00:00.000Z,436.45,438.28,435.53,436,0
2026-04-14T10:30:00.000Z,436,436.7,431.6,433.58,0
2026-04-14T11:00:00.000Z,433.5,436.66,433.5,433.9263,0
2026-04-14T11:30:00.000Z,433.9644,437.19,433.07,436.011,0
2026-04-14T12:00:00.000Z,436.24,436.77,431.31,432.869,0
2026-04-14T12:30:00.000Z,432.91,435.37,431.44,433.2,0
2026-04-14T13:00:00.000Z,433.22,434.99,420.97,434.51,0
2026-04-14T13:30:00.000Z,434.29998779296875,438.3699035644531,424.8599853515625,431.1000061035156,9028772
2026-04-14T14:00:00.000Z,431.2799987792969,440.79998779296875,429.29998779296875,438.8702087402344,4476117
2026-04-14T14:30:00.000Z,439.010009765625,439.82000732421875,435.0199890136719,435.80999755859375,2410020
2026-04-14T15:00:00.000Z,435.80999755859375,438.69989013671875,431.260009765625,438.2598876953125,2696154
2026-04-14T15:30:00.000Z,438.17498779296875,442.1000061035156,437.80999755859375,439.30999755859375,2445868
2026-04-14T16:00:00.000Z,439.3450012207031,444.8699035644531,439.2200927734375,444.1499938964844,2459362
2026-04-14T16:30:00.000Z,444.1199951171875,445.1189880371094,442.25,444.3999938964844,3287677
2026-04-14T17:00:00.000Z,444.3299865722656,454.2799987792969,444.1499938964844,453.0400085449219,4179338
2026-04-14T17:30:00.000Z,453.1300048828125,456.739990234375,452.6199951171875,456.4700012207031,2915466
2026-04-14T18:00:00.000Z,456.4800109863281,458.45989990234375,454.7300109863281,456.4800109863281,2807402
2026-04-14T18:30:00.000Z,456.44000244140625,457.6000061035156,452.2900085449219,453.2650146484375,3016880
2026-04-14T19:00:00.000Z,453.3099060058594,460.2300109863281,453.25,460.010009765625,3071744
2026-04-14T19:30:00.000Z,459.95001220703125,465.7799987792969,459.1499938964844,465.4224853515625,5463876
2026-04-14T20:00:00.000Z,465.39,467.93,444.6514,463.7,0
2026-04-14T20:30:00.000Z,463.7,465.66,461.5,461.61,0
2026-04-14T21:00:00.000Z,461.51,465.66,458.15,460.49,0
2026-04-14T21:30:00.000Z,460.39,465.66,459.8,460.2065,0
2026-04-14T22:00:00.000Z,460.22,465.66,459.63,460.5,0
2026-04-14T22:30:00.000Z,460.389,460.6,457,458.335,0
2026-04-14T23:00:00.000Z,458.35,460.75,458.25,460.5472,0
2026-04-14T23:30:00.000Z,460.7155,463.4,460.01,461.15,0
2026-04-15T08:00:00.000Z,455.66,465.66,452.01,457.5,0
2026-04-15T08:30:00.000Z,457.3,458.2,456.89,457.95,0
2026-04-15T09:00:00.000Z,457.84,458.4862,454.54,455.77,0
2026-04-15T09:30:00.000Z,455.6,456.5,454.01,454.439,0
2026-04-15T10:00:00.000Z,454.41,456.485,452.31,452.4896,0
2026-04-15T10:30:00.000Z,452.5,454.47,450.65,454.34,0
2026-04-15T11:00:00.000Z,453.86,465.66,452.76,454,0
2026-04-15T11:30:00.000Z,453.565,457,453.565,456.15,0
2026-04-15T12:00:00.000Z,456.1782,456.59,453.61,454.2,0
2026-04-15T12:30:00.000Z,454,456.25,453.67,455.02,0
2026-04-15T13:00:00.000Z,455.2503,457.99,452.5,457.89,0
2026-04-15T13:30:00.000Z,457.1099853515625,463.92999267578125,452.25,452.614990234375,8777748
2026-04-15T14:00:00.000Z,452.7049865722656,454.76690673828125,444.29998779296875,449.9200134277344,5454309
2026-04-15T14:30:00.000Z,450.05499267578125,453.8900146484375,448.0799865722656,451.0199890136719,3384731
2026-04-15T15:00:00.000Z,450.8999938964844,453.3500061035156,449.30999755859375,450.7799072265625,2132459
2026-04-15T15:30:00.000Z,450.70001220703125,450.70001220703125,446.20001220703125,446.6000061035156,2039691
2026-04-15T16:00:00.000Z,446.6499938964844,448.3399963378906,445.17999267578125,445.80999755859375,1813122
2026-04-15T16:30:00.000Z,445.82000732421875,446.1600036621094,439.32000732421875,442.5801086425781,3102497
2026-04-15T17:00:00.000Z,442.6300048828125,445.7200012207031,442.10009765625,445.1400146484375,1862444
2026-04-15T17:30:00.000Z,445.1549987792969,448.489990234375,445.0400085449219,447.80999755859375,1422331
2026-04-15T18:00:00.000Z,447.7550048828125,450.510009765625,447.0400085449219,449.939208984375,1553970
2026-04-15T18:30:00.000Z,449.6099853515625,450.8699035644531,449,450.5199890136719,1113497
2026-04-15T19:00:00.000Z,450.6199951171875,454.5557861328125,450.1000061035156,454.5035095214844,1777989
2026-04-15T19:30:00.000Z,454.5350036621094,456.3599853515625,452.885009765625,456.239990234375,3496543
2026-04-15T20:00:00.000Z,456.23,456.2998,452.07,453.6,0
2026-04-15T20:30:00.000Z,453.75,456.23,453.22,454.8,0
2026-04-15T21:00:00.000Z,454.87,454.89,454,454.1,0
2026-04-15T21:30:00.000Z,454.071,454.45,453.7,453.76,0
2026-04-15T22:00:00.000Z,453.9,454.25,453.29,453.89,0
2026-04-15T22:30:00.000Z,453.88,454.87,453.81,454.7,0
2026-04-15T23:00:00.000Z,454.67,454.95,454.0001,454.1,0
2026-04-15T23:30:00.000Z,454.2,454.2,453.0451,453.7667,0
2026-04-16T08:00:00.000Z,457.64,458.9988,453.89,456,0
2026-04-16T08:30:00.000Z,455.8592,456.8,455.53,456.2,0
2026-04-16T09:00:00.000Z,456.0741,457.72,456,456.92,0
2026-04-16T09:30:00.000Z,456.9124,457.33,456.16,456.45,0
2026-04-16T10:00:00.000Z,456.48,456.62,453.5,454,0
2026-04-16T10:30:00.000Z,453.71,453.76,440.72,447,0
2026-04-16T11:00:00.000Z,446.88,456.23,445.5,447.5,0
2026-04-16T11:30:00.000Z,447.5,456.23,447.1,448.57,0
2026-04-16T12:00:00.000Z,448.6,456.23,448.0905,449.49,0
2026-04-16T12:30:00.000Z,449.5262,449.5275,445.87,447,0
2026-04-16T13:00:00.000Z,447.02,453.7,446.17,452.71,0
2026-04-16T13:30:00.000Z,452.68499755859375,454.92999267578125,444.739990234375,454.6199951171875,7086264
2026-04-16T14:00:00.000Z,454.8424987792969,462.29998779296875,453.1099853515625,460.4800109863281,4680560
2026-04-16T14:30:00.000Z,460.5,460.8699035644531,456.1000061035156,458.2500915527344,2384821
2026-04-16T15:00:00.000Z,458.4100036621094,461.17498779296875,454.70001220703125,456.5299987792969,1991718
2026-04-16T15:30:00.000Z,456.3949890136719,460.989990234375,456.090087890625,460.2200012207031,2066626
2026-04-16T16:00:00.000Z,460.1099853515625,461.6000061035156,457.60009765625,458.3900146484375,1759796
2026-04-16T16:30:00.000Z,458.6099853515625,459.29998779296875,453.55010986328125,458.19989013671875,1791180
2026-04-16T17:00:00.000Z,458.19000244140625,459.25,456.30999755859375,459.1400146484375,1082135
2026-04-16T17:30:00.000Z,459.1400146484375,460.32080078125,454.5400085449219,455.27630615234375,1311934
2026-04-16T18:00:00.000Z,455.2349853515625,455.6000061035156,451.5000915527344,452.5199890136719,1875274
2026-04-16T18:30:00.000Z,452.43499755859375,454.5899963378906,452.43499755859375,454.19000244140625,1083366
2026-04-16T19:00:00.000Z,454.3500061035156,457.6000061035156,454.20001220703125,456.3699951171875,1755865
2026-04-16T19:30:00.000Z,456.5,457.9898986816406,454.8399963378906,457.4100036621094,2198849
2026-04-16T20:00:00.000Z,457.25,457.48,448.77,456.08,0
2026-04-16T20:30:00.000Z,456.15,457.23,426.56,454.7,0
2026-04-16T21:00:00.000Z,454.71,457.23,444.27,453.65,0
2026-04-16T21:30:00.000Z,453.8,454.5,453.6,454.3,0
2026-04-16T22:00:00.000Z,454.28,455.26,454.22,455,0
2026-04-16T22:30:00.000Z,455,455.2,454.28,454.29,0
2026-04-16T23:00:00.000Z,454.29,454.97,454.09,454.56,0
2026-04-16T23:30:00.000Z,454.58,456,454.58,454.99,0
2026-04-17T08:00:00.000Z,451.26,457.23,448.8,452.23,0
2026-04-17T08:30:00.000Z,452.2,453.75,451.38,453.7,0
2026-04-17T09:00:00.000Z,453.6,455.3,453,455.17,0
2026-04-17T09:30:00.000Z,455.05,457.13,454.1,456.8,0
2026-04-17T10:00:00.000Z,456.5,458.2888,455.5,455.8,0
2026-04-17T10:30:00.000Z,455.8,456.6828,455.21,455.55,0
2026-04-17T11:00:00.000Z,455.56,460,455.55,459,0
2026-04-17T11:30:00.000Z,459.3,461.2523,458.51,459.9999,0
2026-04-17T12:00:00.000Z,459.85,465.37,459.8,463.0475,0
2026-04-17T12:30:00.000Z,463.4959,471,463,470.29,0
2026-04-17T13:00:00.000Z,470.47,473,466.47,466.47,0
2026-04-17T13:30:00.000Z,466.8500061035156,470.9700012207031,454.510009765625,458.5650939941406,8603398
2026-04-17T14:00:00.000Z,458.6199951171875,462.5299987792969,455.54998779296875,457.6650085449219,3329832
2026-04-17T14:30:00.000Z,457.7099914550781,462.17999267578125,456.94000244140625,458.760009765625,3209550
2026-04-17T15:00:00.000Z,458.5039978027344,460.79998779296875,457.6300048828125,459.29998779296875,1509330
2026-04-17T15:30:00.000Z,459.239990234375,460.4999084472656,452.5,452.5849914550781,1851254
2026-04-17T16:00:00.000Z,452.6099853515625,457.4100036621094,452.20001220703125,457.3800048828125,1581616
2026-04-17T16:30:00.000Z,457.2099914550781,459.6899108886719,457.20001220703125,458.3800048828125,1312010
2026-04-17T17:00:00.000Z,458.4549865722656,459.79998779296875,455.6099853515625,457.03460693359375,1257336
2026-04-17T17:30:00.000Z,457.1199951171875,459.9898986816406,456.92999267578125,458.6299133300781,1015429
2026-04-17T18:00:00.000Z,458.510009765625,459.7699890136719,456.79998779296875,459.239990234375,1070836
2026-04-17T18:30:00.000Z,459.2699890136719,459.9287109375,457.17999267578125,458.8800048828125,965624
2026-04-17T19:00:00.000Z,458.8800048828125,459.3299865722656,454.5799865722656,455.3999938964844,1588443
2026-04-17T19:30:00.000Z,455.3800048828125,457.5,454.30999755859375,455.0199890136719,3181641
2026-04-17T20:00:00.000Z,455.01,459.4809,453.95,454.3,0
2026-04-17T20:30:00.000Z,454.3,455.07,454.23,454.899,0
2026-04-17T21:00:00.000Z,454.9,455.26,454.7,455.02,0
2026-04-17T21:30:00.000Z,455,456.2799,454.37,454.6,0
2026-04-17T22:00:00.000Z,454.8,457.9325,454.23,454.73,0
2026-04-17T22:30:00.000Z,454.73,454.75,453.4,453.4,0
2026-04-17T23:00:00.000Z,453.4,453.61,453,453.01,0
2026-04-17T23:30:00.000Z,453.09,453.39,452.55,452.79,0
2026-04-20T09:30:00.000Z,449.6,450.6988,449.5,450.0365,0
2026-04-20T10:00:00.000Z,450.32,452,450.0637,451.23,0
2026-04-20T10:30:00.000Z,451,451.5,450.77,451.39,0
2026-04-20T11:00:00.000Z,451.39,455.07,450.5054,453.45,0
2026-04-20T11:30:00.000Z,453.28,455.85,452.68,454.46,0
2026-04-20T12:00:00.000Z,454.34,454.5932,453.06,454.0545,0
2026-04-20T12:30:00.000Z,453.95,456.7797,453.79,455.21,0
2026-04-20T13:00:00.000Z,455.054,458.77,454.74,458.23,0
2026-04-20T13:30:00.000Z,458.25,464.55999755859375,450.0799865722656,451.4649963378906,5418514
2026-04-20T14:00:00.000Z,451.3500061035156,451.5799865722656,446,448.6182861328125,2894469
2026-04-20T14:30:00.000Z,448.4949951171875,450.94000244140625,440.260009765625,441.54998779296875,3006264
2026-04-20T15:00:00.000Z,441.64300537109375,444.1098937988281,437.6499938964844,443.5,3076978
2026-04-20T15:30:00.000Z,443.5379943847656,443.59991455078125,435.8999938964844,438.2650146484375,2479593
2026-04-20T16:00:00.000Z,438.2749938964844,443.1199951171875,436.7511901855469,442.8949890136719,2278070
2026-04-20T16:30:00.000Z,442.95989990234375,445.8999938964844,442.6600036621094,445.57000732421875,1862341
2026-04-20T17:00:00.000Z,445.57501220703125,446.29998779296875,444.5000915527344,445.40399169921875,1304068
2026-04-20T17:30:00.000Z,445.4700012207031,448.35919189453125,445.4100036621094,447.80999755859375,1565140
2026-04-20T18:00:00.000Z,447.8399963378906,449.3330078125,447.5,448.2850036621094,1471977
2026-04-20T18:30:00.000Z,448.29998779296875,448.9599914550781,446.2550048828125,448.8996887207031,1249598
2026-04-20T19:00:00.000Z,448.8999938964844,449.3500061035156,446.7900085449219,447.8299865722656,1335692
2026-04-20T19:30:00.000Z,447.7699890136719,448.92999267578125,447.1180114746094,448.3800048828125,2333824
2026-04-20T20:00:00.000Z,448.42,448.45,446,446.36,0
2026-04-20T20:30:00.000Z,446.3029,448.75,446.26,447.49,0
2026-04-20T21:00:00.000Z,447.34,448.42,446.3,446.89,0
2026-04-20T21:30:00.000Z,446.85,446.9,446,446.67,0
2026-04-20T22:00:00.000Z,446.67,447.77,446.3672,446.7988,0
2026-04-20T22:30:00.000Z,446.7999,448.42,446.67,447.48,0
2026-04-20T23:00:00.000Z,447.32,447.48,425.1859,447.07,0
2026-04-20T23:30:00.000Z,447.0479,447.98,446.6,447.94,0
2026-04-21T08:00:00.000Z,452.27,453,450.58,452.3,0
2026-04-21T08:30:00.000Z,452.26,453.8,451.66,453,0
2026-04-21T09:00:00.000Z,452.9,453.4,452,452.95,0
2026-04-21T09:30:00.000Z,452.9,453.99,452.56,453.26,0
2026-04-21T10:00:00.000Z,453.3,454.58,453.11,454.5,0
2026-04-21T10:30:00.000Z,454.51,455.17,453.86,453.86,0
2026-04-21T11:00:00.000Z,454.015,454.015,448.42,452.66,0
2026-04-21T11:30:00.000Z,452.77,453.79,452.6012,453.1,0
2026-04-21T12:00:00.000Z,453.11,453.54,451.02,452.41,0
2026-04-21T12:30:00.000Z,452.39,452.5,450.55,451.27,0
2026-04-21T13:00:00.000Z,451.26,452.25,449.59,451.87,0
2026-04-21T13:30:00.000Z,451.4649963378906,457.82000732421875,450.3999938964844,451.04998779296875,4430992
2026-04-21T14:00:00.000Z,451.2799987792969,452.1000061035156,446.0199890136719,447.625,2398748
2026-04-21T14:30:00.000Z,447.7200012207031,447.9299011230469,443,443.7489013671875,2402467
2026-04-21T15:00:00.000Z,443.7900085449219,445.67999267578125,441.29998779296875,443.5150146484375,1935164
2026-04-21T15:30:00.000Z,443.510009765625,446.70001220703125,442.04998779296875,446.5799865722656,1375400
2026-04-21T16:00:00.000Z,446.6099853515625,449.9100036621094,445.2489929199219,447.79010009765625,2120236
2026-04-21T16:30:00.000Z,447.80999755859375,448.67999267578125,445.7349853515625,447.2950134277344,966966
2026-04-21T17:00:00.000Z,447.32501220703125,450.1799011230469,446.20001220703125,449.07501220703125,1359295
2026-04-21T17:30:00.000Z,449.07501220703125,452.6499938964844,449,451.3900146484375,1422065
2026-04-21T18:00:00.000Z,451.4862060546875,452.14990234375,449.2099914550781,450.2550048828125,1515423
2026-04-21T18:30:00.000Z,450.25,451.4999084472656,449.3023986816406,450.8500061035156,820555
2026-04-21T19:00:00.000Z,450.739990234375,454.30999755859375,450.6600036621094,453.8800048828125,1591448
2026-04-21T19:30:00.000Z,453.8800048828125,455.45001220703125,447.2099914550781,449.5205078125,3353064
2026-04-21T20:00:00.000Z,449.56,454,447.5,452.5,0
2026-04-21T20:30:00.000Z,453,453.32,451,452.14,0
2026-04-21T21:00:00.000Z,452.4,452.69,451.4,452.47,0
2026-04-21T21:30:00.000Z,452.05,453,449.38,452.4,0
2026-04-21T22:00:00.000Z,452.58,452.95,452.11,452.3,0
2026-04-21T22:30:00.000Z,452.33,452.9,452.12,452.5,0
2026-04-21T23:00:00.000Z,452.3,453.2,452.21,453.05,0
2026-04-21T23:30:00.000Z,452.96,453.75,452.49,453.5,0
2026-04-22T08:00:00.000Z,456.41,457.34,449.38,456.82,0
2026-04-22T08:30:00.000Z,456.68,457,455.68,456.9,0
2026-04-22T09:00:00.000Z,456.88,458.88,456.84,458.7,0
2026-04-22T09:30:00.000Z,458.54,458.88,457,457.15,0
2026-04-22T10:00:00.000Z,457.2,457.5,455.68,456.2865,0
2026-04-22T10:30:00.000Z,456.45,456.98,455.01,455.2,0
2026-04-22T11:00:00.000Z,455.285,457,449.38,456.0375,0
2026-04-22T11:30:00.000Z,456.1,457.5,455.84,457.19,0
2026-04-22T12:00:00.000Z,457.0019,458.31,456.65,457.2,0
2026-04-22T12:30:00.000Z,457.1,458.07,456.5,457.28,0
2026-04-22T13:00:00.000Z,457.2,464.09,457,462.95,0
2026-04-22T13:30:00.000Z,462.8500061035156,469,458.55999755859375,461.7008972167969,8065430
2026-04-22T14:00:00.000Z,461.8999938964844,477.3599853515625,460.1400146484375,474.29998779296875,6273370
2026-04-22T14:30:00.000Z,474.0400085449219,479.5,470.5899963378906,474.9949951171875,4503635
2026-04-22T15:00:00.000Z,474.9949951171875,476.8699951171875,472.7101135253906,475.47198486328125,2201375
2026-04-22T15:30:00.000Z,475.3800048828125,478.989990234375,475.002685546875,477.20001220703125,2300567
2026-04-22T16:00:00.000Z,477.3999938964844,481.84991455078125,476.29998779296875,479.9999084472656,2688729
2026-04-22T16:30:00.000Z,479.9999084472656,485.510009765625,479.010009765625,483.7099914550781,3363032
2026-04-22T17:00:00.000Z,483.68499755859375,486.6698913574219,483.0299987792969,484.8500061035156,2029769
2026-04-22T17:30:00.000Z,484.94000244140625,486.9999084472656,484.1000061035156,485.29998779296875,1737548
2026-04-22T18:00:00.000Z,485.3900146484375,486.20001220703125,483.3999938964844,485.635009765625,1667843
2026-04-22T18:30:00.000Z,485.6000061035156,489.739990234375,485.3399963378906,489.1549987792969,1965216
2026-04-22T19:00:00.000Z,489.20001220703125,491.9800109863281,486.7016906738281,486.989990234375,2988096
2026-04-22T19:30:00.000Z,487.0450134277344,488.20001220703125,485.7900085449219,487.3299865722656,3378751
2026-04-22T20:00:00.000Z,487.42,489.79,487.0396,488.23,0
2026-04-22T20:30:00.000Z,488.4195,490.97,488.01,489.41,0
2026-04-22T21:00:00.000Z,489.34,490,487.48,487.5,0
2026-04-22T21:30:00.000Z,487.7,488.5,485.5,485.6046,0
2026-04-22T22:00:00.000Z,485.64,487.85,485.56,487.25,0
2026-04-22T22:30:00.000Z,487.3,487.3,482.23,483.5,0
2026-04-22T23:00:00.000Z,483.448,484.8,482.6,483.49,0
2026-04-22T23:30:00.000Z,483.5,487,482.61,486.5,0
2026-04-23T08:00:00.000Z,482.15,487.48,475.66,482.0909,0
2026-04-23T08:30:00.000Z,482,482.34,479,479.7,0
2026-04-23T09:00:00.000Z,479.7,480,477,479.31,0
2026-04-23T09:30:00.000Z,479.52,480.85,479.0287,479.59,0
2026-04-23T10:00:00.000Z,479.35,481,478.8012,480.3,0
2026-04-23T10:30:00.000Z,480.26,482.44,480,481.46,0
2026-04-23T11:00:00.000Z,480.95,487.48,480.829,482.08,0
2026-04-23T11:30:00.000Z,482.17,483.88,481.5,482.8,0
2026-04-23T12:00:00.000Z,482.7618,483.8,479.99,481.13,0
2026-04-23T12:30:00.000Z,481.0018,483,479.3,481.0885,0
2026-04-23T13:00:00.000Z,481.01,482.69,480,482.68,0
2026-04-23T13:30:00.000Z,482.1719970703125,483.8489990234375,474.79998779296875,479.42999267578125,7097119
2026-04-23T14:00:00.000Z,479.4800109863281,479.55999755859375,471.79998779296875,477.635009765625,3406423
2026-04-23T14:30:00.000Z,477.726806640625,482.9200134277344,477.625,481.9599914550781,2498698
2026-04-23T15:00:00.000Z,481.9700012207031,485.9200134277344,480.8299865722656,483.9999084472656,2277749
2026-04-23T15:30:00.000Z,483.92999267578125,489.9798889160156,483.2699890136719,488.7650146484375,2663703
2026-04-23T16:00:00.000Z,488.7650146484375,490.29998779296875,484.52801513671875,487.9999084472656,1829366
2026-04-23T16:30:00.000Z,487.8599853515625,493.6199035644531,487.70001220703125,490.0799865722656,2303420
2026-04-23T17:00:00.000Z,490.1700134277344,491.0198974609375,480.5000915527344,482.07501220703125,3095845
2026-04-23T17:30:00.000Z,482.125,485.2900085449219,473.25,479.05999755859375,3445726
2026-04-23T18:00:00.000Z,478.82000732421875,481.3599853515625,477.4200134277344,478.9599914550781,1632013
2026-04-23T18:30:00.000Z,478.9750061035156,481.20989990234375,473.7699890136719,474.56500244140625,1427756
2026-04-23T19:00:00.000Z,474.6499938964844,477.6000061035156,473.20001220703125,476.76800537109375,1353454
2026-04-23T19:30:00.000Z,476.6650085449219,482.19000244140625,474.1600036621094,482,2366450
2026-04-23T20:00:00.000Z,481.995,486.75,480.37,484.2,0
2026-04-23T20:30:00.000Z,484.13,485.1,481.08,482.1299,0
2026-04-23T21:00:00.000Z,482,482.9,480.6,482.7104,0
2026-04-23T21:30:00.000Z,482.71,484.01,136.9859,483,0
2026-04-23T22:00:00.000Z,482.83,484.24,482.12,482.77,0
2026-04-23T22:30:00.000Z,482.77,483.87,482.5,483.65,0
2026-04-23T23:00:00.000Z,483.84,485,483.15,484.95,0
2026-04-23T23:30:00.000Z,484.96,485.5,475.58,485,0
2026-04-24T08:00:00.000Z,483.82,487.9597,475.15,486.5,0
2026-04-24T08:30:00.000Z,486.59,488.26,486.05,486.64,0
2026-04-24T09:00:00.000Z,486.6047,487.5,484,484.76,0
2026-04-24T09:30:00.000Z,484.5,485.42,482.206,483.85,0
2026-04-24T10:00:00.000Z,484.3,490.1,483.85,489.97,0
2026-04-24T10:30:00.000Z,489.8,490,488.5,488.69,0
2026-04-24T11:00:00.000Z,488.5,495.98,481.72,495.98,0
2026-04-24T11:30:00.000Z,496,496.88,493.09,494.71,0
2026-04-24T12:00:00.000Z,494.5,499.3543,494.45,495.6056,0
2026-04-24T12:30:00.000Z,495.7163,496.87,494.45,494.7,0
2026-04-24T13:00:00.000Z,495,497.19,493.63,496.5,0
2026-04-24T13:30:00.000Z,496.1000061035156,506.989990234375,489.3599853515625,494.0249938964844,9613425
2026-04-24T14:00:00.000Z,493.67999267578125,502.7900085449219,493.1600036621094,501.9800109863281,4050826
2026-04-24T14:30:00.000Z,501.9800109863281,506.6600036621094,498.80999755859375,504.635009765625,3217942
2026-04-24T15:00:00.000Z,504.70001220703125,504.8999938964844,500.20001220703125,500.8659973144531,1857612
2026-04-24T15:30:00.000Z,500.8500061035156,502.6000061035156,495.8301086425781,498.614990234375,1954871
2026-04-24T16:00:00.000Z,498.635009765625,499.59991455078125,496.7379150390625,498.4150085449219,1378779
2026-04-24T16:30:00.000Z,498.7200012207031,500.43890380859375,496.8450012207031,498.7699890136719,1233104
2026-04-24T17:00:00.000Z,498.6499938964844,498.9200134277344,494.3349914550781,495.3800048828125,1149013
2026-04-24T17:30:00.000Z,495.1499938964844,499.29998779296875,494.5799865722656,498.29998779296875,1119405
2026-04-24T18:00:00.000Z,498.2900085449219,498.6593017578125,493.0223083496094,494.2049865722656,1597759
2026-04-24T18:30:00.000Z,494.2049865722656,497.5849914550781,494.20001220703125,497.3550109863281,1362078
2026-04-24T19:00:00.000Z,497.3949890136719,498.30999755859375,496.32000732421875,496.94500732421875,1202898
2026-04-24T19:30:00.000Z,496.92999267578125,499.1499938964844,495.1000061035156,496,2713330
2026-04-24T20:00:00.000Z,496,498.5047,494.41,494.74,0
2026-04-24T20:30:00.000Z,494.63,496.72,494.63,495.7192,0
2026-04-24T21:00:00.000Z,496,496.72,495.1,495.45,0
2026-04-24T21:30:00.000Z,495.5209,496.72,494.65,495.019,0
2026-04-24T22:00:00.000Z,495.01,495.18,494.45,494.6,0
2026-04-24T22:30:00.000Z,494.65,494.7,494.3,494.59,0
2026-04-24T23:00:00.000Z,494.4,495.01,494.4,494.92,0
2026-04-24T23:30:00.000Z,494.98,495.55,494.27,494.3649,0
2026-04-27T08:00:00.000Z,502.54,508.8542,500.3,501.92,0
2026-04-27T08:30:00.000Z,502.28,505.9,501.53,505.4,0
2026-04-27T09:00:00.000Z,505.45,507.4645,505.3,506.8,0
2026-04-27T09:30:00.000Z,506.83,507.1,505.4,506.77,0
2026-04-27T10:00:00.000Z,506.7,507.47,505.42,507.1,0
2026-04-27T10:30:00.000Z,507.02,509.2,506.7,508.02,0
2026-04-27T11:00:00.000Z,508.02,515.74,496.72,515.1981,0
2026-04-27T11:30:00.000Z,515.1504,516.2,513.67,514.25,0
2026-04-27T12:00:00.000Z,514.15,514.55,497.961,511.27,0
2026-04-27T12:30:00.000Z,511.68,513.4,509.1976,511.75,0
2026-04-27T13:00:00.000Z,511.71,514.76,509.762,510.54,0
2026-04-27T13:30:00.000Z,510.55999755859375,529.719970703125,510.01849365234375,527.2899780273438,11541671
2026-04-27T14:00:00.000Z,527.3099975585938,527.7000122070312,517.1500244140625,517.405029296875,3556088
2026-04-27T14:30:00.000Z,517.239990234375,521.9899291992188,513.3101196289062,519.4301147460938,3150663
2026-04-27T15:00:00.000Z,519.655029296875,523.2199096679688,518.5960083007812,521.0750122070312,2217931
2026-04-27T15:30:00.000Z,521.030029296875,531.3599853515625,520.8201293945312,529.2000122070312,4160553
2026-04-27T16:00:00.000Z,529.2899780273438,529.5900268554688,522.0499877929688,522.3800048828125,1940157
2026-04-27T16:30:00.000Z,522.4600219726562,523.5999755859375,519.030029296875,519.8699951171875,1736888
2026-04-27T17:00:00.000Z,519.875,522.2999877929688,518.340087890625,520,1463460
2026-04-27T17:30:00.000Z,519.7999877929688,522.9617919921875,518.239990234375,518.9451293945312,1350230
2026-04-27T18:00:00.000Z,518.927490234375,520.2899780273438,517.2999877929688,518.4498901367188,1269975
2026-04-27T18:30:00.000Z,518.4199829101562,519.6400146484375,516.25,519.0150146484375,1322992
2026-04-27T19:00:00.000Z,518.9000244140625,522.0800170898438,518.5999755859375,518.719970703125,1650703
2026-04-27T19:30:00.000Z,518.7650146484375,524.7999877929688,518.6099853515625,524.7000122070312,2858591
2026-04-27T20:00:00.000Z,524.71,524.85,521.1781,523.6,0
2026-04-27T20:30:00.000Z,523.6201,524.56,522.24,522.9,0
2026-04-27T21:00:00.000Z,522.85,523.6,522.6,523.4888,0
2026-04-27T21:30:00.000Z,523.39,523.5,522.5,523.18,0
2026-04-27T22:00:00.000Z,523.02,525.88,523.02,525.4783,0
2026-04-27T22:30:00.000Z,525.45,526,525.35,525.75,0
2026-04-27T23:00:00.000Z,525.6404,526,525,525.5,0
2026-04-27T23:30:00.000Z,525.59,527,525.0767,526.21,0
2026-04-28T08:00:00.000Z,519.5562,524.5,514.7759,515.47,0
2026-04-28T08:30:00.000Z,515.35,517,515.03,516.69,0
2026-04-28T09:00:00.000Z,516.58,516.6,511.4,512.03,0
2026-04-28T09:30:00.000Z,511.5,512.2815,507.15,509.95,0
2026-04-28T10:00:00.000Z,510,514.62,509.2,511.8841,0
2026-04-28T10:30:00.000Z,511.54,513,510.2,512.75,0
2026-04-28T11:00:00.000Z,512.75,524.56,505.57,506.99,0
2026-04-28T11:30:00.000Z,506.82,506.922,501.6,502.54,0
2026-04-28T12:00:00.000Z,502.67,504.89,502,502.65,0
2026-04-28T12:30:00.000Z,502.46,507.45,502.31,506.72,0
2026-04-28T13:00:00.000Z,506.73,506.95,502,503.96,0
2026-04-28T13:30:00.000Z,503.989990234375,518.8333129882812,497,512.989990234375,9521920
2026-04-28T14:00:00.000Z,512.8800048828125,513,499.6700134277344,501.95001220703125,4526202
2026-04-28T14:30:00.000Z,501.96820068359375,502.70989990234375,488.2384033203125,494.9175109863281,6166468
2026-04-28T15:00:00.000Z,494.760009765625,498.9198913574219,490.1199951171875,495.16650390625,3062072
2026-04-28T15:30:00.000Z,495.0400085449219,496.5,492.1000061035156,494.8399963378906,1616546
2026-04-28T16:00:00.000Z,494.7449951171875,497.25,493.74920654296875,494.2099914550781,1298107
2026-04-28T16:30:00.000Z,494.2099914550781,497.25,490.510009765625,496.8999938964844,1872282
2026-04-28T17:00:00.000Z,496.9049987792969,499.6990966796875,495.6200866699219,499.44000244140625,2706243
2026-04-28T17:30:00.000Z,499.360107421875,506.2900085449219,499.360107421875,506.20001220703125,2376445
2026-04-28T18:00:00.000Z,506.0899963378906,509.56988525390625,504.4100036621094,509.32000732421875,1721062
2026-04-28T18:30:00.000Z,509.3800048828125,509.6400146484375,506.760009765625,508,1330882
2026-04-28T19:00:00.000Z,507.9700012207031,510.739990234375,505.1600036621094,506.2049865722656,1729626
2026-04-28T19:30:00.000Z,506.2049865722656,506.8399963378906,502.2699890136719,504.239990234375,2358844
2026-04-28T20:00:00.000Z,504.26,515.5,500.5441,513.5,0
2026-04-28T20:30:00.000Z,513.22,517.7916,504.29,513.7958,0
2026-04-28T21:00:00.000Z,513.63,524.94,513.13,521.75,0
2026-04-28T21:30:00.000Z,521.948,521.99,517.67,517.84,0
2026-04-28T22:00:00.000Z,517.54,520.77,517.25,518.21,0
2026-04-28T22:30:00.000Z,518.21,519.85,517.08,517.4491,0
2026-04-28T23:00:00.000Z,517.4,519.25,496.2032,518.47,0
2026-04-28T23:30:00.000Z,518.47,520.5,518,518.98,0
2026-04-29T08:00:00.000Z,519,523,504.29,522.78,0
2026-04-29T08:30:00.000Z,523,523.97,521.2,523.6,0
2026-04-29T09:00:00.000Z,523.5,527,522.85,524.71,0
2026-04-29T09:30:00.000Z,524.7,525.5,521.8,521.95,0
2026-04-29T10:00:00.000Z,521.8,525.75,521.2,525.5,0
2026-04-29T10:30:00.000Z,525.5,525.79,523.5,523.6183,0
2026-04-29T11:00:00.000Z,523.925,529.85,504.29,528.03,0
2026-04-29T11:30:00.000Z,528.04,530.6827,527.5,527.6,0
2026-04-29T12:00:00.000Z,527.555,527.92,526,527,0
2026-04-29T12:30:00.000Z,527.01,528.86,525,525.1527,0
2026-04-29T13:00:00.000Z,525.3,527.99,525.02,526.79,0
2026-04-29T13:30:00.000Z,526,531,518.4400024414062,523.010009765625,8249271
2026-04-29T14:00:00.000Z,522.9600219726562,525.3900146484375,516.6199951171875,522.1500244140625,3531319
2026-04-29T14:30:00.000Z,522.1500244140625,526.2999267578125,521.3001098632812,523.14501953125,2455415
2026-04-29T15:00:00.000Z,523.3599853515625,523.7999267578125,517.901611328125,519.8099975585938,1933869
2026-04-29T15:30:00.000Z,519.9299926757812,523.2498168945312,517.7999877929688,519.6699829101562,1465177
2026-04-29T16:00:00.000Z,519.590087890625,521.8671264648438,514.5645141601562,515.0399780273438,1873013
2026-04-29T16:30:00.000Z,515.02001953125,515.6262817382812,510.82000732421875,511.739990234375,1899517
2026-04-29T17:00:00.000Z,511.8699951171875,514.280029296875,508.80010986328125,510.1499938964844,1694182
2026-04-29T17:30:00.000Z,510.2099914550781,512.7999877929688,508.82000732421875,512.5,1159930
2026-04-29T18:00:00.000Z,512.52001953125,514.7899169921875,510.25,513.405029296875,1326894
2026-04-29T18:30:00.000Z,513.47998046875,518.9600219726562,510.6600036621094,518.3300170898438,1846250
2026-04-29T19:00:00.000Z,518.3499755859375,519.719970703125,510.1199951171875,515.3699951171875,3200335
2026-04-29T19:30:00.000Z,515.2899780273438,518.52001953125,513.8099975585938,518.4201049804688,2497645
2026-04-29T20:00:00.000Z,518.46,524.4786,508.81,516.64,0
2026-04-29T20:30:00.000Z,517,520.84,513.9,514.01,0
2026-04-29T21:00:00.000Z,514.1,519,514,516.59,0
2026-04-29T21:30:00.000Z,516.6,520.35,516.4,519.6,0
2026-04-29T22:00:00.000Z,519.18,524.9,518.2,524.761,0
2026-04-29T22:30:00.000Z,524.7,525.57,522.5,523,0
2026-04-29T23:00:00.000Z,523.47,523.94,522.5,523.25,0
2026-04-29T23:30:00.000Z,523.33,524,522.72,523.2,0
2026-04-30T08:00:00.000Z,517.99,522.47,512.3055,520.5,0
2026-04-30T08:30:00.000Z,520.95,524,520.93,521,0
2026-04-30T09:00:00.000Z,521.25,522,519.99,521.05,0
2026-04-30T09:30:00.000Z,521.8,523,520,520.9,0
2026-04-30T10:00:00.000Z,520.7146,521.61,520,521,0
2026-04-30T10:30:00.000Z,521.37,522.1587,519,519,0
2026-04-30T11:00:00.000Z,519.2,522.25,518.46,521.906,0
2026-04-30T11:30:00.000Z,521.99,522.97,520.4,522.57,0
2026-04-30T12:00:00.000Z,522.44,524.94,521.58,524.94,0
2026-04-30T12:30:00.000Z,524.9051,529.94,524.25,527.66,0
2026-04-30T13:00:00.000Z,527.81,531.2,518.46,529.51,0
2026-04-30T13:30:00.000Z,529.739990234375,535.5,519.0999755859375,519.469970703125,7295359
2026-04-30T14:00:00.000Z,519.5150146484375,520.7000122070312,507.489990234375,507.8999938964844,4656499
2026-04-30T14:30:00.000Z,507.9800109863281,512,503.8699951171875,510.0801086425781,2980602
2026-04-30T15:00:00.000Z,510.0000915527344,512.9799194335938,502.57501220703125,511.1000061035156,3017695
2026-04-30T15:30:00.000Z,511.3299865722656,513.469970703125,507.1499938964844,508.7300109863281,1655675
2026-04-30T16:00:00.000Z,508.989990234375,511.3800048828125,507.7200927734375,511.3599853515625,1112680
2026-04-30T16:30:00.000Z,511.3699951171875,512.6801147460938,508.54998779296875,509.6199951171875,995381
2026-04-30T17:00:00.000Z,509.6199951171875,511.5299987792969,508.6200866699219,509.0450134277344,840826
2026-04-30T17:30:00.000Z,509.0450134277344,513.2399291992188,508.68499755859375,513.0900268554688,1557422
2026-04-30T18:00:00.000Z,513.1500244140625,516.2000122070312,510.5,513.7564697265625,2376051
2026-04-30T18:30:00.000Z,513.8737182617188,515.5399780273438,511.5,513.760009765625,1057170
2026-04-30T19:00:00.000Z,513.77001953125,517.0800170898438,513.3001098632812,514.9299926757812,1416170
2026-04-30T19:30:00.000Z,514.77001953125,518.25,511.5199890136719,517.1900024414062,2997133
2026-04-30T20:00:00.000Z,517.6253,519.96,503.5,508.5,0
2026-04-30T20:30:00.000Z,508,517.16,500.86,505.84,0
2026-04-30T21:00:00.000Z,505.01,521.071,503.06,503.11,0
2026-04-30T21:30:00.000Z,503.2,521.071,503.02,506.8,0
2026-04-30T22:00:00.000Z,506.5,507,503.62,503.63,0
2026-04-30T22:30:00.000Z,504.22,505.3643,500,501.64,0
2026-04-30T23:00:00.000Z,501.5,506.68,501.5,506.27,0
2026-04-30T23:30:00.000Z,506.27,507.374,504.25,505,0
2026-05-01T08:00:00.000Z,509,517.16,507.28,507.68,0
2026-05-01T08:30:00.000Z,507.57,507.75,505,505.86,0
2026-05-01T09:00:00.000Z,505.81,507.17,504.01,506,0
2026-05-01T09:30:00.000Z,505.81,508.17,505.51,508.17,0
2026-05-01T10:00:00.000Z,508,509.5,507.6,508.6522,0
2026-05-01T10:30:00.000Z,508.66,509,507.01,508.91,0
2026-05-01T11:00:00.000Z,508.54,509,505.531,505.82,0
2026-05-01T11:30:00.000Z,505.6,508.3,505.4,508.2812,0
2026-05-01T12:00:00.000Z,508.26,511.7,507.3,510.8723,0
2026-05-01T12:30:00.000Z,510.54,511.5,455.07,508.9133,0
2026-05-01T13:00:00.000Z,508.99,517.16,508.22,512.44,0
2026-05-01T13:30:00.000Z,511.7799987792969,541.5999755859375,510.2099914550781,541.4500122070312,8989004
2026-05-01T14:00:00.000Z,541.6380004882812,545.9099731445312,539.3800048828125,542.0599975585938,5991504
2026-05-01T14:30:00.000Z,542.083984375,542.25,527.010009765625,527.6599731445312,4187326
2026-05-01T15:00:00.000Z,527.6199951171875,534.3200073242188,524.75,530.1640014648438,2684125
2026-05-01T15:30:00.000Z,530.2899780273438,533.9299926757812,526.5999755859375,531.989990234375,1672806
2026-05-01T16:00:00.000Z,531.9299926757812,533.52001953125,529.219970703125,529.5499877929688,1282351
2026-05-01T16:30:00.000Z,529.5399780273438,534.7299194335938,529.2208251953125,531,1340774
2026-05-01T17:00:00.000Z,530.8800048828125,531.9998779296875,529.5,530.0050048828125,889012
2026-05-01T17:30:00.000Z,530.1099853515625,536.6298828125,528.4201049804688,535.780029296875,2203764
2026-05-01T18:00:00.000Z,535.8499755859375,541.0399780273438,534.0999755859375,540.8900146484375,1924529
2026-05-01T18:30:00.000Z,540.6699829101562,543.39990234375,535.8200073242188,540.125,1908011
2026-05-01T19:00:00.000Z,540.125,542.02001953125,538,541.3800048828125,1946737
2026-05-01T19:30:00.000Z,541.2899780273438,543.5700073242188,539.6199951171875,542.3200073242188,3069262
2026-05-01T20:00:00.000Z,542.35,542.91,540.18,540.9507,0
2026-05-01T20:30:00.000Z,540.72,542.21,539.52,540.16,0
2026-05-01T21:00:00.000Z,540.43,540.79,540.02,540.3,0
2026-05-01T21:30:00.000Z,540.3,542.21,540,540.1,0
2026-05-01T22:00:00.000Z,540.05,540.79,540.01,540.2,0
2026-05-01T22:30:00.000Z,540.2296,540.5,540.04,540.22,0
2026-05-01T23:00:00.000Z,540.2,540.37,540,540.3,0
2026-05-01T23:30:00.000Z,540.298,540.37,539.16,539.91,0
2026-05-04T08:00:00.000Z,560.5,564.42,554.5,556.99,0
2026-05-04T08:30:00.000Z,557,557.4,553,555.01,0
2026-05-04T09:00:00.000Z,555.3,559,553.96,559,0
2026-05-04T09:30:00.000Z,558.98,561.2,558.28,558.28,0
2026-05-04T10:00:00.000Z,558.42,558.63,545.49,552.48,0
2026-05-04T10:30:00.000Z,552.9,558.28,550.09,555,0
2026-05-04T11:00:00.000Z,555,559.5,542.21,557.8955,0
2026-05-04T11:30:00.000Z,557.7,559.52,556.06,559.063,0
2026-05-04T12:00:00.000Z,559.01,561,557.4,558.21,0
2026-05-04T12:30:00.000Z,558.01,558.22,554.6943,555.577,0
2026-05-04T13:00:00.000Z,555.5,561.23,552.8,560.98,0
2026-05-04T13:30:00.000Z,560.8800048828125,589,558.3200073242188,588.72021484375,13347953
2026-05-04T14:00:00.000Z,588.760009765625,592.77001953125,581.2100219726562,581.6400146484375,5262552
2026-05-04T14:30:00.000Z,581.5106811523438,587.3800048828125,579.0800170898438,584.2999877929688,3445602
2026-05-04T15:00:00.000Z,584.2849731445312,586.3389892578125,576.10009765625,580.875,3021672
2026-05-04T15:30:00.000Z,580.9998779296875,584,577.7000122070312,581.22998046875,2256433
2026-05-04T16:00:00.000Z,581.22998046875,581.6699829101562,573.0001220703125,579.030029296875,2325673
2026-05-04T16:30:00.000Z,579.10498046875,579.780029296875,575.6699829101562,579.0800170898438,1319813
2026-05-04T17:00:00.000Z,579.1599731445312,582.3400268554688,578.8200073242188,581.0599975585938,1718176
2026-05-04T17:30:00.000Z,581.0599975585938,581.4199829101562,575.2100219726562,578.0001220703125,2049769
2026-05-04T18:00:00.000Z,578.0999755859375,578.739990234375,571.5499877929688,574.864990234375,2278047
2026-05-04T18:30:00.000Z,574.989990234375,577.780029296875,572.5,577.3350219726562,1922775
2026-05-04T19:00:00.000Z,577.5,580.0700073242188,576.5599975585938,578.64501953125,1572876
2026-05-04T19:30:00.000Z,578.6199951171875,580.4400024414062,576,576.3599853515625,2714552
2026-05-04T20:00:00.000Z,576.45,580.867,574.01,577.32,0
2026-05-04T20:30:00.000Z,577.5,579.45,576.3201,579.02,0
2026-05-04T21:00:00.000Z,579,579.5,577.84,577.85,0
2026-05-04T21:30:00.000Z,578,578.89,577.63,578.66,0
2026-05-04T22:00:00.000Z,578.6,579.5,577.3689,578.1199,0
2026-05-04T22:30:00.000Z,578.12,578.4,576.45,577.5,0
2026-05-04T23:00:00.000Z,577.6,578.49,577,577.98,0
2026-05-04T23:30:00.000Z,577.9664,578.5282,577.53,577.84,0
2026-05-05T08:00:00.000Z,589.53,593.28,576.45,592.6,0
2026-05-05T08:30:00.000Z,592.39,597.78,592.08,595.98,0
2026-05-05T09:00:00.000Z,595.8,597.67,595,596.8844,0
2026-05-05T09:30:00.000Z,596.98,597.5,594.07,594.68,0
2026-05-05T10:00:00.000Z,594.79,596.8,594,595.81,0
2026-05-05T10:30:00.000Z,596.5209,599.28,595.69,597.19,0
2026-05-05T11:00:00.000Z,597.16,604.78,576.45,603.97,0
2026-05-05T11:30:00.000Z,603.97,607,602.6,603.16,0
2026-05-05T12:00:00.000Z,603.04,604.73,601.05,603.3261,0
2026-05-05T12:30:00.000Z,603.33,604.1,576.45,602.2588,0
2026-05-05T13:00:00.000Z,602.23,612.5,602.12,609.65,0
2026-05-05T13:30:00.000Z,609.469970703125,637.5599975585938,605.469970703125,635.4400024414062,16429134
2026-05-05T14:00:00.000Z,635.4400024414062,651.739990234375,630.2999877929688,645.8099975585938,7747434
2026-05-05T14:30:00.000Z,645.75,647.3499145507812,633.7000122070312,636.614990234375,5602198
2026-05-05T15:00:00.000Z,636.6500244140625,641.9799194335938,632.8699951171875,637.4299926757812,3332203
2026-05-05T15:30:00.000Z,637.1500244140625,647.0599975585938,636.5700073242188,644.6199951171875,3023615
2026-05-05T16:00:00.000Z,644.5499877929688,649.7999877929688,631.6303100585938,635.469970703125,3844576
2026-05-05T16:30:00.000Z,635.47998046875,640.8699951171875,628.0999755859375,640.0449829101562,4411806
2026-05-05T17:00:00.000Z,639.9450073242188,644.489990234375,639.1201171875,642.875,2025097
2026-05-05T17:30:00.000Z,642.875,643.7999267578125,638.139404296875,639.1898803710938,1757950
2026-05-05T18:00:00.000Z,639.0050048828125,643.3599853515625,637.0800170898438,642.6699829101562,1747805
2026-05-05T18:30:00.000Z,642.510009765625,645.27001953125,640.6400756835938,644.8001098632812,1909463
2026-05-05T19:00:00.000Z,644.7999877929688,646.7999877929688,636.39599609375,637.010009765625,2699451
2026-05-05T19:30:00.000Z,637.030029296875,640.530029296875,635.22998046875,640.489990234375,3864725
2026-05-05T20:00:00.000Z,640.4999,649.25,635,648.55,0
2026-05-05T20:30:00.000Z,648.55,648.63,640.2,646.06,0
2026-05-05T21:00:00.000Z,646.175,653.4,640.2,650.6684,0
2026-05-05T21:30:00.000Z,650.5105,664.78,649.73,660.2,0
2026-05-05T22:00:00.000Z,660.2,670.54,658.33,668.81,0
2026-05-05T22:30:00.000Z,669.15,684.95,652.8,681,0
2026-05-05T23:00:00.000Z,681.3529,681.67,670.06,672.31,0
2026-05-05T23:30:00.000Z,672.27,676.85,671.88,675.76,0
2026-05-06T08:00:00.000Z,677.04,684,640.2,680.46,0
2026-05-06T08:30:00.000Z,680.68,685.75,679.0012,682.729,0
2026-05-06T09:00:00.000Z,682.85,683.27,678,681,0
2026-05-06T09:30:00.000Z,681,683.27,675.2,675.94,0
2026-05-06T10:00:00.000Z,675.6116,678.7312,671.8,673.16,0
2026-05-06T10:30:00.000Z,673.0125,677.99,669,674.97,0
2026-05-06T11:00:00.000Z,674.71,683.27,640.2,678,0
2026-05-06T11:30:00.000Z,678,679,672.58,675.35,0
2026-05-06T12:00:00.000Z,675.225,676,664,668.9367,0
2026-05-06T12:30:00.000Z,669,671,662.58,670.05,0
2026-05-06T13:00:00.000Z,670.479,672.25,660.45,660.51,0
2026-05-06T13:30:00.000Z,660.4199829101562,662.8800048828125,641.0499877929688,647.68408203125,14812655
2026-05-06T14:00:00.000Z,647.6500244140625,649,627.5800170898438,628.7550048828125,7684578
2026-05-06T14:30:00.000Z,628.5499877929688,657.3800048828125,628.5499877929688,654.5399780273438,4999359
2026-05-06T15:00:00.000Z,654.7000122070312,667.6699829101562,650.9199829101562,667.0198974609375,4511957
2026-05-06T15:30:00.000Z,667,667.2000122070312,657.1400146484375,658.8599853515625,2956104
2026-05-06T16:00:00.000Z,658.7000122070312,662.9000244140625,651.3994140625,652.0700073242188,2297387
2026-05-06T16:30:00.000Z,652.0999145507812,655.4000244140625,649.5001220703125,652,1741064
2026-05-06T17:00:00.000Z,651.780029296875,655.780029296875,649.530029296875,651.6901245117188,1314369
2026-05-06T17:30:00.000Z,651.6900024414062,657.5,650.176025390625,652.4500122070312,1274051
2026-05-06T18:00:00.000Z,652.2999877929688,654.6599731445312,651.697021484375,653.4299926757812,1318026
2026-05-06T18:30:00.000Z,653.4299926757812,659.8499145507812,653.0999755859375,657.7401123046875,1378857
2026-05-06T19:00:00.000Z,657.739990234375,663.22998046875,655.6599731445312,661.7999877929688,1504704
2026-05-06T19:30:00.000Z,661.7999877929688,667.25,657.9749755859375,666.9000244140625,3640956
2026-05-06T20:00:00.000Z,666.59,672.97,651.659,666.75,0
2026-05-06T20:30:00.000Z,667.24,668,657,661.48,0
2026-05-06T21:00:00.000Z,661.4515,665,656.6,656.7,0
2026-05-06T21:30:00.000Z,656.9499,666.59,651.05,654.88,0
2026-05-06T22:00:00.000Z,655,658.5,653.45,654.23,0
2026-05-06T22:30:00.000Z,654.8,659.5,654.47,658.1,0
2026-05-06T23:00:00.000Z,658,662,657.27,660.4341,0
2026-05-06T23:30:00.000Z,660.28,660.75,657.3,658.9999,0
2026-05-07T08:00:00.000Z,656,671.69,656,661.62,0
2026-05-07T08:30:00.000Z,661,664,658.2675,659.75,0
2026-05-07T09:00:00.000Z,659.75,659.88,653.51,656.4153,0
2026-05-07T09:30:00.000Z,656.16,657.8825,650.2,651.7,0
2026-05-07T10:00:00.000Z,651.6,652.98,646.15,650.48,0
2026-05-07T10:30:00.000Z,650.9755,653.73,650.02,653.39,0
2026-05-07T11:00:00.000Z,653.5,666.59,649.87,652.08,0
2026-05-07T11:30:00.000Z,652.1,655.23,650.05,654.4785,0
2026-05-07T12:00:00.000Z,654.3,654.5,649,650.35,0
2026-05-07T12:30:00.000Z,649.9127,656.5897,648.23,653,0
2026-05-07T13:00:00.000Z,652.81,655.5,647,650,0
2026-05-07T13:30:00.000Z,650.3599853515625,663.9000244140625,641,659.7999877929688,9128822
2026-05-07T14:00:00.000Z,660,683.0900268554688,658.1500244140625,677,5805926
2026-05-07T14:30:00.000Z,677.135009765625,680.6199951171875,666.2000122070312,668.3906860351562,3207581
2026-05-07T15:00:00.000Z,668.3099975585938,668.6298828125,659.010009765625,661.2999877929688,2920211
2026-05-07T15:30:00.000Z,661.3900146484375,663.72998046875,647.6799926757812,648.8699951171875,2972655
2026-05-07T16:00:00.000Z,648.7999877929688,653.5999755859375,637.0700073242188,641.3900146484375,4601021
2026-05-07T16:30:00.000Z,641.3800048828125,649.9000244140625,640.7000122070312,647.2249755859375,2221278
2026-05-07T17:00:00.000Z,647.2750854492188,648.5,635.5499877929688,638.75,2279640
2026-05-07T17:30:00.000Z,638.97998046875,647.14990234375,638.0399780273438,646.8800048828125,1852219
2026-05-07T18:00:00.000Z,647.1099853515625,648.0800170898438,639.280029296875,640.8699951171875,1672669
2026-05-07T18:30:00.000Z,640.7349853515625,643.5,635.4201049804688,639.6998901367188,1706664
2026-05-07T19:00:00.000Z,639.5549926757812,643.969970703125,638.4299926757812,639.2999877929688,1575512
2026-05-07T19:30:00.000Z,639.3400268554688,649.2999877929688,639.114990234375,646.6754150390625,3115028
2026-05-07T20:00:00.000Z,646.661,654.1624,645.3,647.3504,0
2026-05-07T20:30:00.000Z,647.2,648,641.23,642.8,0
2026-05-07T21:00:00.000Z,643.1667,643.5,640.4,642.99,0
2026-05-07T21:30:00.000Z,642.9285,644,636.8,640,0
2026-05-07T22:00:00.000Z,639.88,649.5,639.75,645.64,0
2026-05-07T22:30:00.000Z,645.64,645.65,641.4001,642.42,0
2026-05-07T23:00:00.000Z,642.1,645.5,642,644.74,0
2026-05-07T23:30:00.000Z,644.74,645,642.8,643.45,0
2026-05-08T08:00:00.000Z,655.67,662.0057,646.63,660.35,0
2026-05-08T08:30:00.000Z,660.12,664.45,659.79,663.31,0
2026-05-08T09:00:00.000Z,663.22,665.67,662.73,664.68,0
2026-05-08T09:30:00.000Z,664.97,665.06,658.29,661.58,0
2026-05-08T10:00:00.000Z,661.92,664,660.78,662.44,0
2026-05-08T10:30:00.000Z,662.25,664,660.41,661.17,0
2026-05-08T11:00:00.000Z,661.17,664.86,646.63,663.77,0
2026-05-08T11:30:00.000Z,663.66,666.6,662.25,664.411,0
2026-05-08T12:00:00.000Z,664.4,666.5,662.54,664.9,0
2026-05-08T12:30:00.000Z,665.2,673.49,664.9,671.41,0
2026-05-08T13:00:00.000Z,671.22,678,669,677,0
2026-05-08T13:30:00.000Z,676.4299926757812,708.8900146484375,676.364990234375,708.8900146484375,13720664
2026-05-08T14:00:00.000Z,708.9099731445312,713.780029296875,702.7999877929688,707.969970703125,5405980
2026-05-08T14:30:00.000Z,707.97998046875,716.3599853515625,703.7000122070312,715.7100219726562,3817631
2026-05-08T15:00:00.000Z,715.469970703125,721.280029296875,712.3400268554688,719.010009765625,3648893
2026-05-08T15:30:00.000Z,719,724.3350219726562,712.739990234375,721.969970703125,3178155
2026-05-08T16:00:00.000Z,721.844970703125,738.780029296875,721.844970703125,738.719970703125,4335675
2026-05-08T16:30:00.000Z,738.510009765625,742.14990234375,726.219970703125,730.030029296875,4901920
2026-05-08T17:00:00.000Z,729.9400024414062,737.4000244140625,729.8800048828125,736.2899780273438,2405178
2026-05-08T17:30:00.000Z,736.2100219726562,739.389892578125,730.4046020507812,730.655029296875,2236781
2026-05-08T18:00:00.000Z,730.6849975585938,736,727.5,733.1209106445312,2582309
2026-05-08T18:30:00.000Z,732.8739013671875,743.7899169921875,731.719970703125,734.1400146484375,2800203
2026-05-08T19:00:00.000Z,734.1300048828125,741.780029296875,732.2301025390625,732.9899291992188,3797586
2026-05-08T19:30:00.000Z,732.7949829101562,747.2100219726562,732.1599731445312,747.0700073242188,5659807
2026-05-08T20:00:00.000Z,746.81,749.88,720.6147,744.98,0
2026-05-08T20:30:00.000Z,744.84,746.81,744.02,744.9,0
2026-05-08T21:00:00.000Z,744.9,746.81,744.28,746.224,0
2026-05-08T21:30:00.000Z,746.14,749.92,746.14,749.7201,0
2026-05-08T22:00:00.000Z,749.71,759.5,749.15,754.78,0
2026-05-08T22:30:00.000Z,754.76,756,749.5,751.85,0
2026-05-08T23:00:00.000Z,751.77,756.8876,750.5,756.8876,0
2026-05-08T23:30:00.000Z,756.948,758.78,752.3,757.3493,0
2026-05-09T00:00:00.000Z,757.3493,757.3493,757.3493,757.3493,0
2026-07-23T08:00:00.000Z,976.59,982.981,965.12,980.97,0
2026-07-23T08:30:00.000Z,981.7637,989.9,981.65,989.5423,0
2026-07-23T09:00:00.000Z,989.31,997.73,985.51,994.12,0
2026-07-23T09:30:00.000Z,993.7178,994.04,988,989.22,0
2026-07-23T10:00:00.000Z,989.59,992.7625,986.41,987,0
2026-07-23T10:30:00.000Z,986.5156,992,986.2,989.23,0
2026-07-23T11:00:00.000Z,989.19,992.55,959.48,976.3,0
2026-07-23T11:30:00.000Z,976.3,980.73,970.56,977.95,0
2026-07-23T12:00:00.000Z,977.9327,978,959.48,967.5,0
2026-07-23T12:30:00.000Z,967.3,969.5,960.3,966.95,0
2026-07-23T13:00:00.000Z,966.92,976.72,957.03,975.22,0
2026-07-23T13:30:00.000Z,975.22998046875,1001.4249877929688,964.4000244140625,978.5499877929688,8812244
2026-07-23T14:00:00.000Z,978.5800170898438,1000.2799072265625,978.1099853515625,999,3565909
2026-07-23T14:30:00.000Z,998.7999877929688,1000.3599853515625,985.510009765625,990.5150146484375,2911910
2026-07-23T15:00:00.000Z,990.5150146484375,993.7000122070312,978.8200073242188,981.7349853515625,2740980
2026-07-23T15:30:00.000Z,981.989990234375,992.7764892578125,980.010009765625,991,2053830
2026-07-23T16:00:00.000Z,991.094970703125,1005.989990234375,987.780029296875,1004.4600219726562,2600273
2026-07-23T16:30:00.000Z,1004.3499755859375,1011.77001953125,991.510009765625,994.7349853515625,2828024
2026-07-23T17:00:00.000Z,994.7349853515625,1002.260009765625,989.6199951171875,1000.5050048828125,1689239
2026-07-23T17:30:00.000Z,1000,1001.4199829101562,992.6799926757812,992.9400024414062,1122583
2026-07-23T18:00:00.000Z,992.8099975585938,995.2899780273438,988.4810791015625,992.3200073242188,1559020
2026-07-23T18:30:00.000Z,992.2999877929688,995.8900146484375,981.3099975585938,984.3800048828125,1598781
2026-07-23T19:00:00.000Z,984.8200073242188,993.25,979.4450073242188,993.1799926757812,2070619
2026-07-23T19:30:00.000Z,992.864990234375,994.5499877929688,976.0499877929688,990.239990234375,3453741
2026-07-23T20:00:00.000Z,990.25,1002.5,987.27,994.88,0
2026-07-23T20:30:00.000Z,994.8316,995.9,990.8,994.493,0
2026-07-23T21:00:00.000Z,994.907,997.5,985,987.54,0
2026-07-23T21:30:00.000Z,988.6055,992.8799,987.8122,988.92,0
2026-07-23T22:00:00.000Z,989.75,990.47,981.32,985.2414,0
2026-07-23T22:30:00.000Z,985,989,984.5,988.55,0
2026-07-23T23:00:00.000Z,988.6951,988.9,985.5,987.15,0
2026-07-23T23:30:00.000Z,987.05,988.33,984.58,987.2899,0
2026-07-24T08:00:00.000Z,960.4,990.21,959.5992,972.19,0
2026-07-24T08:30:00.000Z,972.43,978,969,970.7,0
2026-07-24T09:00:00.000Z,970.83,977.98,968.99,971.8,0
2026-07-24T09:30:00.000Z,971.8,978.5,970.7541,977.7438,0
2026-07-24T10:00:00.000Z,978,978.3,974.51,978,0
2026-07-24T10:30:00.000Z,977.29,978,968.41,971.25,0
2026-07-24T11:00:00.000Z,971.33,990.21,967.78,972.1,0
2026-07-24T11:30:00.000Z,972.5,977,968,975,0
2026-07-24T12:00:00.000Z,975.0379,985.8,973,981.9597,0
2026-07-24T12:30:00.000Z,981.96,982.5,971.15,972,0
2026-07-24T13:00:00.000Z,971.15,975.88,958.88,959.33,0
2026-07-24T13:30:00.000Z,959.030029296875,967.12548828125,930.1500854492188,932.8989868164062,7501387
2026-07-24T14:00:00.000Z,933.3400268554688,940,919.5399780273438,935.0390014648438,4100196
2026-07-24T14:30:00.000Z,934.5501098632812,937.7999877929688,919.6699829101562,935.3499755859375,2662409
2026-07-24T15:00:00.000Z,935.02001953125,942.989990234375,927.010009765625,934.5,2451228
2026-07-24T15:30:00.000Z,934,947.739990234375,932.5601196289062,945.9072265625,1858601
2026-07-24T16:00:00.000Z,946.0499877929688,951.5150146484375,939.25048828125,941.510009765625,1707119
2026-07-24T16:30:00.000Z,941.4749755859375,943.2000122070312,932.5100708007812,935,1679791
2026-07-24T17:00:00.000Z,935.219970703125,938.6599731445312,928.8200073242188,937.2100219726562,1272032
2026-07-24T17:30:00.000Z,937.7000122070312,939.4000244140625,927.5599975585938,929.1400146484375,1288778
2026-07-24T18:00:00.000Z,929.1400146484375,930.9600219726562,914.323486328125,916.0750122070312,1905076
2026-07-24T18:30:00.000Z,916.2999877929688,917.6799926757812,909.3599853515625,915.025390625,2546234
2026-07-24T19:00:00.000Z,915.239990234375,916.5,904,914.280029296875,2578938
2026-07-24T19:30:00.000Z,914.4000244140625,924.2899780273438,906.8599853515625,920.1599731445312,4258721
2026-07-24T20:00:00.000Z,920.16,925.8,915,923.38,0
2026-07-24T20:30:00.000Z,923.49,924.5,918.5,920.71,0
2026-07-24T21:00:00.000Z,920.2952,920.95,881.22,916.8,0
2026-07-24T21:30:00.000Z,916.8,917,910.3,912,0
2026-07-24T22:00:00.000Z,911.32,914.85,911.09,914.1721,0
2026-07-24T22:30:00.000Z,914.0087,916.85,912.5,912.9837,0
2026-07-24T23:00:00.000Z,912.5,914.8,906.9457,907.98,0
2026-07-24T23:30:00.000Z,907.969,911,906.25,910.8,0
2026-07-27T08:00:00.000Z,943.3136,961,941.1,952.6197,0
2026-07-27T08:30:00.000Z,952.9902,953,949.26,952.54,0
2026-07-27T09:00:00.000Z,952.775,952.98,950,951.9,0
2026-07-27T09:30:00.000Z,951.9,954.99,950.5347,952.23,0
2026-07-27T10:00:00.000Z,952.012,952.5,948.1,950,0
2026-07-27T10:30:00.000Z,949.346,950.91,946.6,948.97,0
2026-07-27T11:00:00.000Z,948.59,949.52,936.1,936.8031,0
2026-07-27T11:30:00.000Z,936.66,940.82,934.5,939.5831,0
2026-07-27T12:00:00.000Z,939.4,943.5,933.8112,935.2804,0
2026-07-27T12:30:00.000Z,935.99,941.65,930.92,941.2777,0
2026-07-27T13:00:00.000Z,941.5865,943.5,932.025,932.66,0
2026-07-27T13:30:00.000Z,932.4450073242188,935,905.760009765625,908.1099853515625,7033645
2026-07-27T14:00:00.000Z,908.3400268554688,909.75,866.5,867.705322265625,6256406
2026-07-27T14:30:00.000Z,867.8900756835938,881.530029296875,854.7899780273438,877.530029296875,5800226
2026-07-27T15:00:00.000Z,877.9799194335938,881.369873046875,865.2044067382812,869.7698974609375,2983085
2026-07-27T15:30:00.000Z,869.3800048828125,878.219970703125,863.510009765625,876.8200073242188,2427623
2026-07-27T16:00:00.000Z,876.844970703125,887.77001953125,873.3300170898438,881.3400268554688,2554397
2026-07-27T16:30:00.000Z,881.4099731445312,885.2993774414062,866.5,868.2100219726562,2382747
2026-07-27T17:00:00.000Z,868.5900268554688,872.25,865.7899780273438,868.9450073242188,1815098
2026-07-27T17:30:00.000Z,868.9600219726562,882,868.3200073242188,881.6799926757812,1696458
2026-07-27T18:00:00.000Z,882,887.719970703125,881.5130004882812,884.655029296875,1784523
2026-07-27T18:30:00.000Z,884.655029296875,893.4208984375,877.6300048828125,892.7449951171875,2102357
2026-07-27T19:00:00.000Z,892.5349731445312,897.739990234375,888.3699951171875,897.6649780273438,2121168
2026-07-27T19:30:00.000Z,897.77001953125,901.1799926757812,884.780029296875,900.9600219726562,3331788
2026-07-27T20:00:00.000Z,900.98,901.44,892.8615,898.9999,0
2026-07-27T20:30:00.000Z,898.99,912.4636,599.998,710.22,0
2026-07-27T21:00:00.000Z,895.58,898.25,395.6245,896.79,0
2026-07-27T21:30:00.000Z,897,897.6585,890.25,891.4,0
2026-07-27T22:00:00.000Z,890.91,892,881.5,882.34,0
2026-07-27T22:30:00.000Z,882.68,885.0936,881,882.48,0
2026-07-27T23:00:00.000Z,882.1,885.44,876.04,884.96,0
2026-07-27T23:30:00.000Z,884.95,885.44,879,884.99,0
2026-07-28T08:00:00.000Z,864.14,900.2,845.4382,859.82,0
2026-07-28T08:30:00.000Z,860,865.4,856.7,858.3,0
2026-07-28T09:00:00.000Z,859.4997,861.7162,856.5,860.3385,0
2026-07-28T09:30:00.000Z,859.9875,859.9875,851.0722,854.17,0
2026-07-28T10:00:00.000Z,854.17,856.8446,850.75,854.6712,0
2026-07-28T10:30:00.000Z,854.5,856,846.444,850.45,0
2026-07-28T11:00:00.000Z,850.5,900.2,829.34,832.8791,0
2026-07-28T11:30:00.000Z,832.2607,840.8,829.36,839.957,0
2026-07-28T12:00:00.000Z,839.8768,844.2,833.61,842.8192,0
2026-07-28T12:30:00.000Z,842.7589,846,835.2,839.2138,0
2026-07-28T13:00:00.000Z,839.41,900.2,837.11,841.3522,0
2026-07-28T13:30:00.000Z,840.469970703125,847.9569702148438,805.4099731445312,808.75,12405043
2026-07-28T14:00:00.000Z,808.8900146484375,822.9500122070312,789.0900268554688,802.530029296875,8030796
2026-07-28T14:30:00.000Z,802.25,824.8699951171875,800.4600830078125,812.780029296875,5233571
2026-07-28T15:00:00.000Z,813.030029296875,822.8800048828125,809.4550170898438,818.6300048828125,3266731
2026-07-28T15:30:00.000Z,818.5399780273438,830.6799926757812,816.2800903320312,828.114990234375,3275030
2026-07-28T16:00:00.000Z,828.010009765625,832,818.3311767578125,824.5399780273438,2476502
2026-07-28T16:30:00.000Z,824.5,827.97998046875,817,824.7515869140625,2166341
2026-07-28T17:00:00.000Z,824.5499877929688,826.9600219726562,818,819.8900146484375,1642995
2026-07-28T17:30:00.000Z,819.760009765625,823.5599975585938,810.9000854492188,817.9450073242188,2491273
2026-07-28T18:00:00.000Z,818,821.5999755859375,813.010009765625,815.2700805664062,1590638
2026-07-28T18:30:00.000Z,815.3203735351562,823.1900024414062,815.0900268554688,822.7797241210938,1828231
2026-07-28T19:00:00.000Z,822.85498046875,831,822.6201171875,829.4000244140625,2379339
2026-07-28T19:30:00.000Z,829.5,831,818.22998046875,820.6799926757812,4110807
2026-07-28T20:00:00.000Z,820.68,838,812,833.2824,0
2026-07-28T20:30:00.000Z,833.51,834,822.03,826.6,0
2026-07-28T21:00:00.000Z,826.99,832,773.2064,827.31,0
2026-07-28T21:30:00.000Z,827,833.47,826.6,831.76,0
2026-07-28T22:00:00.000Z,831.59,834.86,825.14,828,0
2026-07-28T22:30:00.000Z,827.95,828.24,770,774.2,0
2026-07-28T23:00:00.000Z,775,803.15,772.5,802.6,0
2026-07-28T23:30:00.000Z,802.54,833.71,801.55,830.75,0
2026-07-29T08:00:00.000Z,807.32,820.53,755.15,800.802,0
2026-07-29T08:30:00.000Z,800.17,814.9457,799.726,808,0
2026-07-29T09:00:00.000Z,807.88,830.04,807.88,824.3,0
2026-07-29T09:30:00.000Z,823.8,842,818.5,834.3437,0
2026-07-29T10:00:00.000Z,834,838.9366,828.7504,833.5318,0
2026-07-29T10:30:00.000Z,832.9053,834.14,812.23,812.5066,0
2026-07-29T11:00:00.000Z,813,827.86,810.2,823.02,0
2026-07-29T11:30:00.000Z,823.209,828.88,815.51,828.01,0
2026-07-29T12:00:00.000Z,827.92,828.71,813.5,814.76,0
2026-07-29T12:30:00.000Z,814.75,823.4,812.17,821.03,0
2026-07-29T13:00:00.000Z,820.88,836.73,814.04,835,0
2026-07-29T13:30:00.000Z,832.9199829101562,841.7999877929688,792,801.8779296875,10868120
2026-07-29T14:00:00.000Z,801.89501953125,811.9996948242188,784.2000122070312,787.4432983398438,4139904
2026-07-29T14:30:00.000Z,787.655029296875,798.1799926757812,776.4901123046875,787.13037109375,4388691
2026-07-29T15:00:00.000Z,786.8599853515625,792.489990234375,778.6799926757812,781.5819702148438,2523709
2026-07-29T15:30:00.000Z,781.219970703125,783.5499877929688,767.75,774.614990234375,3375029
2026-07-29T16:00:00.000Z,774.75,777.0499877929688,758.6799926757812,774.219970703125,3858358
2026-07-29T16:30:00.000Z,774.030029296875,777.8099975585938,767.3400268554688,772.1950073242188,2871290
2026-07-29T17:00:00.000Z,772.1099853515625,783.9400024414062,770.5999755859375,771,2968912
2026-07-29T17:30:00.000Z,770.77001953125,775.89990234375,767.7752075195312,772.25,3514436
2026-07-29T18:00:00.000Z,771.9099731445312,785,762.510009765625,766.2628173828125,4161747
2026-07-29T18:30:00.000Z,766.5999755859375,795.3300170898438,761.2800903320312,792.4779052734375,5204187
2026-07-29T19:00:00.000Z,791.27001953125,794.7899780273438,758.1099853515625,765.8049926757812,4120964
2026-07-29T19:30:00.000Z,765.8051147460938,768.219970703125,737.8800048828125,737.8800048828125,9491285
2026-07-29T20:00:00.000Z,739.1,739.56,717.956,723.1239,0
2026-07-29T20:30:00.000Z,723.4,727,715,715.82,0
2026-07-29T21:00:00.000Z,715.79,749.5526,675.5741,717.73,0
2026-07-29T21:30:00.000Z,717.5,758.33,708,720.17,0
2026-07-29T22:00:00.000Z,719.98,739,719.98,733.71,0
2026-07-29T22:30:00.000Z,733.12,738,724.6,730.61,0
2026-07-29T23:00:00.000Z,730.4612,736.5,727.5,730.25,0
2026-07-29T23:30:00.000Z,729.93,736,726,734,0
2026-07-30T08:00:00.000Z,721.1092,739,714.5467,731.5,0
2026-07-30T08:30:00.000Z,731.76,732.63,724.5,726.62,0
2026-07-30T09:00:00.000Z,726.67,736,725.61,730.4,0
2026-07-30T09:30:00.000Z,730.15,735.36,729.06,732.3,0
2026-07-30T10:00:00.000Z,732.6217,745.97,730.62,743,0
2026-07-30T10:30:00.000Z,743.15,753.9388,740.65,745.3,0
2026-07-30T11:00:00.000Z,745.3,759.22,739,758.55,0
2026-07-30T11:30:00.000Z,759.4,767.7,755,765.2115,0
2026-07-30T12:00:00.000Z,765.2115,774.4,762.16,768.88,0
2026-07-30T12:30:00.000Z,768.7,789.1,768.6907,787.29,0
2026-07-30T13:00:00.000Z,787.35,794.98,779.38,793,0
2026-07-30T13:30:00.000Z,793.135009765625,840.7697143554688,789.010009765625,835.219970703125,15924233
2026-07-30T14:00:00.000Z,835,863.864990234375,822.5,862.919921875,7856801
2026-07-30T14:30:00.000Z,863.0800170898438,868,839.4400024414062,840.5750122070312,5850233
2026-07-30T15:00:00.000Z,840.75,855.260009765625,837,847.3099975585938,3587640
2026-07-30T15:30:00.000Z,847.489990234375,858.2949829101562,845.0800170898438,853.3400268554688,2506009
2026-07-30T16:00:00.000Z,853.4741821289062,865.47998046875,851.5,856.719970703125,2513957
2026-07-30T16:30:00.000Z,856.6300048828125,860.25,850.5,858.9000244140625,1680605
2026-07-30T17:00:00.000Z,858.9600219726562,876.5999755859375,858.830078125,869.9010009765625,2960370
2026-07-30T17:30:00.000Z,869.9299926757812,875.5999755859375,868.2000732421875,871.9000244140625,1952537
2026-07-30T18:00:00.000Z,871.9600219726562,876,868.25,871.9409790039062,1826622
2026-07-30T18:30:00.000Z,871.8099975585938,872.7999877929688,862.4600219726562,866.4550170898438,1889983
2026-07-30T19:00:00.000Z,866.5900268554688,882.489990234375,866.260498046875,874.6024780273438,2950351
2026-07-30T19:30:00.000Z,874.5700073242188,877.9199829101562,870.02001953125,873.4600219726562,3988154
2026-07-30T20:00:00.000Z,874.66,894.74,870.2,891.55,0
2026-07-30T20:30:00.000Z,892.27,892.99,874.66,888.93,0
2026-07-30T21:00:00.000Z,889.02,900,877.2769,898.54,0
2026-07-30T21:30:00.000Z,898.54,905.05,874.66,898.95,0
2026-07-30T22:00:00.000Z,898.9,910.89,896.86,909.34,0
2026-07-30T22:30:00.000Z,909.11,911.04,905,905.02,0
2026-07-30T23:00:00.000Z,905,908.5,886.3,893.9565,0
2026-07-30T23:30:00.000Z,894.48,904.86,893.6001,902.9001,0
2026-07-31T08:00:00.000Z,902.41,922.71,874.66,901.1,0
2026-07-31T08:30:00.000Z,901,906,900.1114,904.89,0
2026-07-31T09:00:00.000Z,904.84,916,904,909,0
2026-07-31T09:30:00.000Z,908.64,909.77,900.1,901.2788,0
2026-07-31T10:00:00.000Z,900.9777,911.9,898.99,911.8497,0
2026-07-31T10:30:00.000Z,911.66,912.24,907.0312,909,0
2026-07-31T11:00:00.000Z,909.23,920.94,874.66,913.28,0
2026-07-31T11:30:00.000Z,913.54,918,910.4,916,0
2026-07-31T12:00:00.000Z,915.9,916.19,904,911.65,0
2026-07-31T12:30:00.000Z,911.83,911.83,899,904.525,0
2026-07-31T13:00:00.000Z,904.06,923.4,902.1,919.88,0
2026-07-31T13:30:00.000Z,919.6500244140625,930.8800048828125,859.1699829101562,863.7523193359375,14145849
2026-07-31T14:00:00.000Z,863.760009765625,866.9199829101562,828.280029296875,852.4299926757812,7950757
2026-07-31T14:30:00.000Z,852.77001953125,854.969970703125,837.2000122070312,845.5850219726562,4134820
2026-07-31T15:00:00.000Z,845.9500122070312,850.7000122070312,818.1900024414062,825.75,3986319
2026-07-31T15:30:00.000Z,825.760009765625,831,818,826.5399780273438,2984876
2026-07-31T16:00:00.000Z,826.5650024414062,834.8699951171875,823.0999755859375,834.5,1766289
2026-07-31T16:30:00.000Z,834.3466186523438,839.7990112304688,828.6995239257812,836.7650146484375,2148188
2026-07-31T17:00:00.000Z,836.9298706054688,849.9299926757812,834.7000122070312,847.5,2157450
2026-07-31T17:30:00.000Z,847.3300170898438,854.3200073242188,845.5,846.0700073242188,1997379
2026-07-31T18:00:00.000Z,846.1900024414062,849.4472045898438,832.6099853515625,835.8250122070312,2055153
2026-07-31T18:30:00.000Z,836.3800048828125,838,832.3400268554688,836.5551147460938,1412242
2026-07-31T19:00:00.000Z,836.2899780273438,842.3800048828125,835.1400146484375,842.0700073242188,1479832
2026-07-31T19:30:00.000Z,842.0700073242188,842.4400024414062,822.030029296875,822.8300170898438,3792600
2026-07-31T20:00:00.000Z,823.03,826,817.1,817.5,0
2026-07-31T20:30:00.000Z,817.4,823.1499,817,818,0
2026-07-31T21:00:00.000Z,818.94,823.03,817.82,818.87,0
2026-07-31T21:30:00.000Z,818.87,1262.24,589.4425,816.38,0
2026-07-31T22:00:00.000Z,816.4,816.5,812.5083,813.5,0
2026-07-31T22:30:00.000Z,814.1117,823.03,813.18,815.99,0
2026-07-31T23:00:00.000Z,815.7075,816.5,813.5,815.5,0
2026-07-31T23:30:00.000Z,815.34,815.84,812,812.48,0
2026-08-03T08:00:00.000Z,843.25,844.98,804.4324,808.75,0
2026-08-03T08:30:00.000Z,810,822,807,821.83,0
2026-08-03T09:00:00.000Z,822,823,810.1398,812.507,0
2026-08-03T09:30:00.000Z,812.5,814.5,807,812.99,0
2026-08-03T10:00:00.000Z,812.9852,813,792,799.55,0
2026-08-03T10:30:00.000Z,799.32,806.3076,797.2,804.9,0
2026-08-03T11:00:00.000Z,804.5,823.03,791.96,792.96,0
2026-08-03T11:30:00.000Z,792.9121,797,781.71,784.42,0
2026-08-03T12:00:00.000Z,784.8162,792.12,780.3,788.7,0
2026-08-03T12:30:00.000Z,787.86,793.59,785.8803,787.41,0
2026-08-03T13:00:00.000Z,786.9657,799.5,783.5742,786.55,0
2026-08-03T13:30:00.000Z,786.35498046875,797.9400024414062,770.1500244140625,797.8150024414062,10179994
2026-08-03T14:00:00.000Z,797.5700073242188,814.5198974609375,783.7999877929688,814.4050903320312,4637327
2026-08-03T14:30:00.000Z,814.5800170898438,829,810.3400268554688,827.6199951171875,3865583
2026-08-03T15:00:00.000Z,827.5667724609375,828,804.2000122070312,804.4400024414062,2841473
2026-08-03T15:30:00.000Z,804.8099975585938,816.7401733398438,803.5501098632812,814.2899780273438,2067955
2026-08-03T16:00:00.000Z,814.3800048828125,824.9500122070312,814.1201171875,819.8004760742188,1894223
2026-08-03T16:30:00.000Z,819.8699951171875,823.8900146484375,817.6510009765625,817.9500122070312,1374259
2026-08-03T17:00:00.000Z,818.0399780273438,826.220703125,817.5,824.2849731445312,1310293
2026-08-03T17:30:00.000Z,824.2849731445312,835.4500122070312,824.1199951171875,833.77001953125,1883319
2026-08-03T18:00:00.000Z,833.7449951171875,836.5800170898438,824.1199951171875,824.8049926757812,2055446
2026-08-03T18:30:00.000Z,824.77001953125,827.6599731445312,822.77001953125,823.635009765625,1502171
2026-08-03T19:00:00.000Z,823.4400024414062,827.72998046875,820.7999877929688,826.6900024414062,2042418
2026-08-03T19:30:00.000Z,826.7000122070312,836.6199951171875,826.614990234375,829.0399780273438,3464760
2026-08-03T20:00:00.000Z,828.81,831.47,825.45,828,0
2026-08-03T20:30:00.000Z,828.26,829.5,817.23,828.5465,0
2026-08-03T21:00:00.000Z,828.6,856.2799,773.3949,829.5,0
2026-08-03T21:30:00.000Z,829.6507,835.73,817.23,832.5,0
2026-08-03T22:00:00.000Z,832.65,839,832.11,835.85,0
2026-08-03T22:30:00.000Z,835.7,838.8,835,836.34,0
2026-08-03T23:00:00.000Z,836.4532,838.55,834.29,836.7,0
2026-08-03T23:30:00.000Z,836.99,841.5,836.05,840.8001,0
2026-08-04T08:00:00.000Z,848.72,865.99,821.5332,863,0
2026-08-04T08:30:00.000Z,862.9787,863.06,852,854.85,0
2026-08-04T09:00:00.000Z,855,855,844.22,852,0
2026-08-04T09:30:00.000Z,850.8,857.06,850,852.58,0
2026-08-04T10:00:00.000Z,852.76,860.52,851.76,855.9,0
2026-08-04T10:30:00.000Z,856.44,863.56,855,860.5,0
2026-08-04T11:00:00.000Z,860.51,872,859.3,867.87,0
2026-08-04T11:30:00.000Z,868.04,870.99,859,870.79,0
2026-08-04T12:00:00.000Z,870.99,871.4,863.36,868.7,0
2026-08-04T12:30:00.000Z,869.3058,869.3058,863.025,868,0
2026-08-04T13:00:00.000Z,868,874.8,864.01,866.01,0
2026-08-04T13:30:00.000Z,865.3900146484375,888.7000122070312,858.5,876.1099853515625,9275480
2026-08-04T14:00:00.000Z,876.739990234375,885.2999877929688,868.260009765625,885.02001953125,3450305
2026-08-04T14:30:00.000Z,885.1599731445312,885.7595825195312,875.5599975585938,884.4299926757812,1948821
2026-08-04T15:00:00.000Z,884.5999755859375,896.6900024414062,882.719970703125,895.4600219726562,2762946
2026-08-04T15:30:00.000Z,895.1799926757812,899.0399780273438,892.27001953125,893.3400268554688,2026803
2026-08-04T16:00:00.000Z,893.260009765625,896.659912109375,890.6599731445312,891.9000244140625,1377324
2026-08-04T16:30:00.000Z,891.969970703125,899.7100219726562,891.25,895.7999877929688,1322483
2026-08-04T17:00:00.000Z,895.6300048828125,899.969970703125,893.02001953125,896.719970703125,1286751
2026-08-04T17:30:00.000Z,896.3300170898438,902.4298706054688,894.1900024414062,895.8300170898438,1450868
2026-08-04T18:00:00.000Z,895.9000244140625,896.7006225585938,889.1799926757812,895.7999267578125,1311974
2026-08-04T18:30:00.000Z,895.6749877929688,898.2000122070312,892.02001953125,895.6300048828125,1261275
2026-08-04T19:00:00.000Z,895.22998046875,900.4199829101562,892.8228759765625,894.3900146484375,1357769
2026-08-04T19:30:00.000Z,894.5299072265625,896.4998779296875,888.5499877929688,892.1400146484375,2695722
2026-08-04T20:00:00.000Z,892.67,898,873,879,0
2026-08-04T20:30:00.000Z,878.9,892.67,875.13,880.3342,0
2026-08-04T21:00:00.000Z,880.6583,887.99,879,883.7841,0
2026-08-04T21:30:00.000Z,883.5,892.67,881.13,883.7,0
2026-08-04T22:00:00.000Z,883.97,892.67,880.12,886.22,0
2026-08-04T22:30:00.000Z,886,887,882.5,885.15,0
2026-08-04T23:00:00.000Z,885.37,890,883,888.3,0
2026-08-04T23:30:00.000Z,889.09,894.9,887.55,892,0
2026-08-05T08:00:00.000Z,892,912.66,874,881.36,0
2026-08-05T08:30:00.000Z,881.1735,881.4752,866.97,877.09,0
2026-08-05T09:00:00.000Z,877.06,880,872.5,877.5,0
2026-08-05T09:30:00.000Z,877.98,883.27,877,879.7651,0
2026-08-05T10:00:00.000Z,879.53,881.3,875,878.98,0
2026-08-05T10:30:00.000Z,878.71,879.4625,870.252,875.3,0
2026-08-05T11:00:00.000Z,875.5,892.67,874.22,882.2791,0
2026-08-05T11:30:00.000Z,882.91,886.8275,877,877.48,0
2026-08-05T12:00:00.000Z,877.92,880.99,872.25,880.56,0
2026-08-05T12:30:00.000Z,880.54,882,875.51,877.5,0
2026-08-05T13:00:00.000Z,877.62,888.5,869.79,884.3903,0
2026-08-05T13:30:00.000Z,885.2999877929688,926.0906982421875,882.1199951171875,918.4099731445312,7376966
2026-08-05T14:00:00.000Z,917.719970703125,924.8699951171875,904.8800048828125,914.094970703125,3641991
2026-08-05T14:30:00.000Z,914.0850219726562,914.8400268554688,896.0999755859375,910.5050048828125,3265344
2026-08-05T15:00:00.000Z,910.7999877929688,921.3499755859375,908.1900024414062,918.469970703125,2256125
2026-08-05T15:30:00.000Z,918.4299926757812,923.25,911.1348876953125,914.5549926757812,1884573
2026-08-05T16:00:00.000Z,914.1599731445312,928.8900146484375,914.1300048828125,928.0401000976562,1737083
2026-08-05T16:30:00.000Z,928.1849975585938,928.9500122070312,919.75,924.4450073242188,1387724
2026-08-05T17:00:00.000Z,924.5900268554688,925.9000244140625,916.7249755859375,920.6099853515625,1060315
2026-08-05T17:30:00.000Z,920.4249877929688,922.9500122070312,917.52001953125,920.7100219726562,876411
2026-08-05T18:00:00.000Z,920.6900024414062,922.1799926757812,915.7100830078125,921.75,943063
2026-08-05T18:30:00.000Z,921.6900024414062,921.6900024414062,916,917.4099731445312,935052
2026-08-05T19:00:00.000Z,917.2150268554688,923.8499755859375,913.469970703125,915.8800048828125,1184819
2026-08-05T19:30:00.000Z,915.7899780273438,917.4000244140625,891.760009765625,892.7000122070312,3431106
2026-08-05T20:00:00.000Z,893.19,908.56,869,899.03,0
2026-08-05T20:30:00.000Z,899.85,903.9,889.09,896.5,0
2026-08-05T21:00:00.000Z,896.5,904,889.01,890.41,0
2026-08-05T21:30:00.000Z,890.8,892.23,880.25,884.11,0
2026-08-05T22:00:00.000Z,884.46,893.19,878.75,890.86,0
2026-08-05T22:30:00.000Z,890.8799,892.92,884.31,885.7,0
2026-08-05T23:00:00.000Z,886.4312,889,879.6,880.41,0
2026-08-05T23:30:00.000Z,880.4999,882.5,875,876.2,0
2026-08-06T08:00:00.000Z,868.14,878.765,854,862.64,0
2026-08-06T08:30:00.000Z,862.5,867.65,862,865.724,0
2026-08-06T09:00:00.000Z,866.28,866.28,857.63,861.1398,0
2026-08-06T09:30:00.000Z,861.16,864,860.2055,863.55,0
2026-08-06T10:00:00.000Z,863.32,865.5,860.2,861.58,0
2026-08-06T10:30:00.000Z,861.65,862.341,849.13,852.01,0
2026-08-06T11:00:00.000Z,852.01,893.19,837.81,849.72,0
2026-08-06T11:30:00.000Z,849.5356,858.44,849.51,856.1,0
2026-08-06T12:00:00.000Z,856,856.891,845.33,852.096,0
2026-08-06T12:30:00.000Z,852,855.84,850.22,853,0
2026-08-06T13:00:00.000Z,852.83,853,841.44,843.7251,0
2026-08-06T13:30:00.000Z,843.1099853515625,878.5,827,876.905029296875,9636309
2026-08-06T14:00:00.000Z,877.4600219726562,905.0999755859375,871.4600219726562,895.6599731445312,4659249
2026-08-06T14:30:00.000Z,895.8800048828125,905.7999877929688,889.010009765625,901.2899780273438,3206962
2026-08-06T15:00:00.000Z,901.47998046875,913.3300170898438,897.5,909.27001953125,2643106
2026-08-06T15:30:00.000Z,908.8900146484375,911.5900268554688,898.0999755859375,899.2659912109375,1855450
2026-08-06T16:00:00.000Z,899.239990234375,901.2399291992188,883.780029296875,888.25,2217986
2026-08-06T16:30:00.000Z,888.5250244140625,898.8900146484375,887.02001953125,897.4099731445312,1590652
2026-08-06T17:00:00.000Z,897.6900024414062,899.5999755859375,889.0100708007812,892.85498046875,1031955
2026-08-06T17:30:00.000Z,893,894.6900024414062,887.0999755859375,889.4249877929688,714352
2026-08-06T18:00:00.000Z,889.7098999023438,899.5999755859375,886.2000122070312,893.9000244140625,1153022
2026-08-06T18:30:00.000Z,894.0999755859375,895.7799072265625,890.0499877929688,891.6900024414062,689059
2026-08-06T19:00:00.000Z,891.6900024414062,898.989990234375,890.5999755859375,893.9299926757812,1145003
2026-08-06T19:30:00.000Z,893.9124755859375,896.3200073242188,880.1400146484375,880.6500244140625,2379202
2026-08-06T20:00:00.000Z,881.47,883.25,877.18,878.56,0
2026-08-06T20:30:00.000Z,878.6261,898.6776,852.7877,885.6202,0
2026-08-06T21:00:00.000Z,885.5,922.8201,858.6811,886.3,0
2026-08-06T21:30:00.000Z,886.05,887.72,881.47,885.4145,0
2026-08-06T22:00:00.000Z,885.98,890.81,883,887.2,0
2026-08-06T22:30:00.000Z,888,891,886.81,890.99,0
2026-08-06T23:00:00.000Z,890.81,890.99,886,888.62,0
2026-08-06T23:30:00.000Z,888.62,890.9,888,889.795,0
2026-08-07T08:00:00.000Z,883.2,903.62,879.87,902.4,0
2026-08-07T08:30:00.000Z,902.3,903.24,897.2,900,0
2026-08-07T09:00:00.000Z,900.1,901.9395,897.8,899.3106,0
2026-08-07T09:30:00.000Z,899.31,901.1746,897.16,897.65,0
2026-08-07T10:00:00.000Z,897.43,898.19,891,895.3,0
2026-08-07T10:30:00.000Z,895.4,895.9,888,889.21,0
2026-08-07T11:00:00.000Z,889.59,897.4413,881.47,895.8545,0
2026-08-07T11:30:00.000Z,895.86,900.15,894.1865,895.32,0
2026-08-07T12:00:00.000Z,896.2,902,894.8,901,0
2026-08-07T12:30:00.000Z,900.5199,916.98,900.15,911.59,0
2026-08-07T13:00:00.000Z,911.1793,913,902.68,904,0
2026-08-07T13:30:00.000Z,904.6500244140625,904.6500244140625,863,865.8099975585938,7768322
2026-08-07T14:00:00.000Z,865.8099975585938,867.2918701171875,847.02001953125,861.760009765625,4907089
2026-08-07T14:30:00.000Z,861.1881103515625,861.8800048828125,852.8900146484375,857.75,2202189
2026-08-07T15:00:00.000Z,857.3699951171875,874.4500122070312,857.3400268554688,873.3400268554688,2447776
2026-08-07T15:30:00.000Z,873.5,880,869.7000122070312,875.5700073242188,2234639
2026-08-07T16:00:00.000Z,875.5700073242188,879.280029296875,864.2000122070312,864.9349975585938,1843091
2026-08-07T16:30:00.000Z,864.72998046875,872.739990234375,860.3099975585938,870.7050170898438,1588174
2026-08-07T17:00:00.000Z,870.7899780273438,874.3499145507812,867.030029296875,873.2650146484375,1340243
2026-08-07T17:30:00.000Z,873.1099853515625,873.8300170898438,869.5,871.6400146484375,809003
2026-08-07T18:00:00.000Z,871.635009765625,873.5999755859375,868.22998046875,868.5700073242188,981181
2026-08-07T18:30:00.000Z,868.739990234375,874,867.4000244140625,873.8250122070312,1119373
2026-08-07T19:00:00.000Z,873.85498046875,879.2000122070312,873.1500244140625,876.239990234375,1622665
2026-08-07T19:30:00.000Z,876.239990234375,881.6199951171875,872.5,877.5599975585938,2383569
2026-08-07T20:00:00.000Z,877.57,879.15,871,874.8,0
2026-08-07T20:30:00.000Z,874.7,881.22,874.3,876.39,0
2026-08-07T21:00:00.000Z,876.3875,881.22,874.1,875,0
2026-08-07T21:30:00.000Z,874.9727,876.676,874.6501,875.74,0
2026-08-07T22:00:00.000Z,875.73,876.5,875.1,875.27,0
2026-08-07T22:30:00.000Z,875.2,876,874.8,875.02,0
2026-08-07T23:00:00.000Z,875.005,876.4,874.8,875.97,0
2026-08-07T23:30:00.000Z,875.898,880,875.6075,880,0
2026-08-10T08:00:00.000Z,884.939,890,874.31,882.7,0
2026-08-10T08:30:00.000Z,882.4637,885.4137,881.3002,885,0
2026-08-10T09:00:00.000Z,884.84,885.2117,879.02,879.99,0
2026-08-10T09:30:00.000Z,880.1362,881,875.61,878,0
2026-08-10T10:00:00.000Z,877.7215,879.93,875.53,877.3545,0
2026-08-10T10:30:00.000Z,878,879,875.9,876.45,0
2026-08-10T11:00:00.000Z,877.58,878.49,862.0197,867.63,0
2026-08-10T11:30:00.000Z,866.93,871.8,864,871.24,0
2026-08-10T12:00:00.000Z,871.74,871.94,862.22,864.2038,0
2026-08-10T12:30:00.000Z,864.0449,865.09,860.2,860.9,0
2026-08-10T13:00:00.000Z,860.9,867.99,860.08,863.2,0
2026-08-10T13:30:00.000Z,863.6649780273438,882.219970703125,854.5,880.4600219726562,6580106
2026-08-10T14:00:00.000Z,880.3674926757812,894.989013671875,867.6348266601562,870.614990234375,3825975
2026-08-10T14:30:00.000Z,870.7999267578125,878.010009765625,867.6799926757812,869.114990234375,2064852
2026-08-10T15:00:00.000Z,869.2000122070312,875.7999877929688,867.010009765625,872.5,1560465
2026-08-10T15:30:00.000Z,872.3699951171875,879.9299926757812,867.7100219726562,877.3200073242188,1656117
2026-08-10T16:00:00.000Z,877.1900024414062,882.2999877929688,874.1799926757812,879.60498046875,1339613
2026-08-10T16:30:00.000Z,879.280029296875,880.719970703125,875.3300170898438,877.7100219726562,1311379
2026-08-10T17:00:00.000Z,877.8200073242188,884.7999877929688,877.010009765625,881.9266967773438,923516
2026-08-10T17:30:00.000Z,881.7849731445312,882.8800048828125,878.280029296875,880.3049926757812,654376
2026-08-10T18:00:00.000Z,880.2000122070312,882.3599853515625,878.0900268554688,878.489990234375,884633
2026-08-10T18:30:00.000Z,878.489990234375,881.9000244140625,878,880.219970703125,764378
2026-08-10T19:00:00.000Z,880.1300048828125,881.1699829101562,877.2100219726562,879.0349731445312,876394
2026-08-10T19:30:00.000Z,879.3499755859375,879.8300170898438,860.02001953125,862.5800170898438,2717033
2026-08-10T20:00:00.000Z,861,879.27,859.52,864.9085,0
2026-08-10T20:30:00.000Z,865,912.4636,861,866.89,0
2026-08-10T21:00:00.000Z,866.8875,867,841.5953,865.0112,0
2026-08-10T21:30:00.000Z,865,865.4,864.01,864.42,0
2026-08-10T22:00:00.000Z,864.42,866.9,864.42,865.17,0
2026-08-10T22:30:00.000Z,865.324,866,864.0472,865.845,0
2026-08-10T23:00:00.000Z,865.98,865.98,861.22,861.6033,0
2026-08-10T23:30:00.000Z,862.23,864.9,861,861.7,0
2026-08-11T08:00:00.000Z,869.6725,878.4485,863.3487,863.61,0
2026-08-11T08:30:00.000Z,863.61,865.2,861.1,863.9847,0
2026-08-11T09:00:00.000Z,863.0252,864,858.1,863.3,0
2026-08-11T09:30:00.000Z,863.3481,865.5,863,864.27,0
2026-08-11T10:00:00.000Z,864.7792,868,862,866.3127,0
2026-08-11T10:30:00.000Z,866.3856,866.5,863.4,865.2,0
2026-08-11T11:00:00.000Z,865.5,871.11,861,868.162,0
2026-08-11T11:30:00.000Z,868.5719,870,866.75,868.0999,0
2026-08-11T12:00:00.000Z,868.3,877.16,866.73,876.48,0
2026-08-11T12:30:00.000Z,876.3298,877.5,870.1,872.93,0
2026-08-11T13:00:00.000Z,872.5916,876,869.4,872.17,0
2026-08-11T13:30:00.000Z,871.7999877929688,876.8699951171875,852.530029296875,858.4299926757812,6956659
2026-08-11T14:00:00.000Z,858.3800048828125,868.3499755859375,844.6199951171875,859.5599975585938,4350616
2026-08-11T14:30:00.000Z,859.8049926757812,862.77001953125,849,861.8400268554688,2676005
2026-08-11T15:00:00.000Z,861.8798828125,865.8798828125,853.9041748046875,858.0999755859375,1984892
2026-08-11T15:30:00.000Z,858.3613891601562,859.7899780273438,854.1900024414062,854.7360229492188,963091
2026-08-11T16:00:00.000Z,855,857.3499755859375,851.260009765625,856.4307861328125,1194760
2026-08-11T16:30:00.000Z,856.5,857.2899780273438,850.5,851.489990234375,919399
2026-08-11T17:00:00.000Z,851.5798950195312,853.1898803710938,846,852.2000122070312,1525002
2026-08-11T17:30:00.000Z,852.1300048828125,854.8400268554688,850.5499877929688,853.6915283203125,680673
2026-08-11T18:00:00.000Z,853.7130126953125,857.2899780273438,853.2999877929688,854.9500122070312,865714
2026-08-11T18:30:00.000Z,855.260009765625,859.8800048828125,854.1400146484375,856.9400024414062,871981
2026-08-11T19:00:00.000Z,856.739990234375,864.739990234375,856.7100219726562,864.1950073242188,1387085
2026-08-11T19:30:00.000Z,864.7349853515625,868.9000244140625,860.7755737304688,868.1300048828125,2389602
2026-08-11T20:00:00.000Z,867.99,869.6,865,868.6305,0
2026-08-11T20:30:00.000Z,868.64,869.32,817.5963,866.0022,0
2026-08-11T21:00:00.000Z,865.8786,868.52,817.5963,865.6,0
2026-08-11T21:30:00.000Z,865.9019,866.5,865.01,865.8,0
2026-08-11T22:00:00.000Z,865.8,867.281,864.4025,867.281,0
2026-08-11T22:30:00.000Z,867.37,867.99,865.2,866.5,0
2026-08-11T23:00:00.000Z,866.69,866.92,865.2,866.1414,0
2026-08-11T23:30:00.000Z,866.48,867.9,865.51,867.15,0
2026-08-12T08:00:00.000Z,883.22,898.64,868.52,896.2,0
2026-08-12T08:30:00.000Z,896,897.0297,894.01,895.4047,0
2026-08-12T09:00:00.000Z,895.35,900.11,895.3,895.94,0
2026-08-12T09:30:00.000Z,895.9045,897,892,893.89,0
2026-08-12T10:00:00.000Z,893.9,895.01,891.53,893.06,0
2026-08-12T10:30:00.000Z,893.73,894,889.1,890.2,0
2026-08-12T11:00:00.000Z,890.21,894.25,886.2,886.26,0
2026-08-12T11:30:00.000Z,886.26,894.46,886.0462,893.9875,0
2026-08-12T12:00:00.000Z,893.5261,908.3761,890.1,895,0
2026-08-12T12:30:00.000Z,895.7,904,888.62,903.1,0
2026-08-12T13:00:00.000Z,903.61,912.98,902.5,912.98,0
2026-08-12T13:30:00.000Z,912.9400024414062,931,899.5399780273438,921.22998046875,9832632
2026-08-12T14:00:00.000Z,920.5601196289062,927.4990234375,914.7100219726562,925.3200073242188,3879949
2026-08-12T14:30:00.000Z,925.3499755859375,930.5,920,921.1500244140625,2625311
2026-08-12T15:00:00.000Z,921.1900024414062,928.25,918.2999877929688,925.4000244140625,1644415
2026-08-12T15:30:00.000Z,925.4299926757812,927.22998046875,920.4000244140625,923.0700073242188,1403604
2026-08-12T16:00:00.000Z,923.1842041015625,927.2100219726562,922.2501220703125,923.4749755859375,1260043
2026-08-12T16:30:00.000Z,923.3300170898438,927,920.4000244140625,926.5546264648438,1152584
2026-08-12T17:00:00.000Z,926.5999755859375,930.4498901367188,926.22998046875,929.3150024414062,1339131
2026-08-12T17:30:00.000Z,929.2100219726562,935.7999877929688,927.4500122070312,934.7849731445312,1798615
2026-08-12T18:00:00.000Z,934.8499755859375,935.13623046875,925.4500732421875,925.6900024414062,1523089
2026-08-12T18:30:00.000Z,925.64501953125,927.5999755859375,920.8300170898438,923.0900268554688,1357261
2026-08-12T19:00:00.000Z,922.8300170898438,924,915.3499755859375,917.7349853515625,1542289
2026-08-12T19:30:00.000Z,917.8900146484375,921.510009765625,909.1300048828125,911.1599731445312,3103522
2026-08-12T20:00:00.000Z,911.29,925.23,910.66,912.48,0
2026-08-12T20:30:00.000Z,912.59,914.43,911.29,914,0
2026-08-12T21:00:00.000Z,913.06,916.28,876.4478,915.72,0
2026-08-12T21:30:00.000Z,915.9877,918.73,911.29,917.03,0
2026-08-12T22:00:00.000Z,917.03,917.31,913.43,914.9056,0
2026-08-12T22:30:00.000Z,914.968,915.6999,913.68,915.2,0
2026-08-12T23:00:00.000Z,915.28,918.83,914.9001,918.1,0
2026-08-12T23:30:00.000Z,918.5,921.04,917.5,920.5,0
2026-08-13T08:00:00.000Z,923.1,926.0075,900.09,906.6,0
2026-08-13T08:30:00.000Z,906.7388,908.8,903.39,907.4767,0
2026-08-13T09:00:00.000Z,907.5333,908.97,902.02,903.955,0
2026-08-13T09:30:00.000Z,903.8839,909.89,903.549,909.89,0
2026-08-13T10:00:00.000Z,909.88,910.7112,907.0726,907.8,0
2026-08-13T10:30:00.000Z,907.98,912.5,906.024,911.48,0
2026-08-13T11:00:00.000Z,911.61,915,910.592,911.9755,0
2026-08-13T11:30:00.000Z,911.02,915,910.25,911,0
2026-08-13T12:00:00.000Z,911.15,911.16,903.04,908.9,0
2026-08-13T12:30:00.000Z,908.95,913,906.23,910.1,0
2026-08-13T13:00:00.000Z,910.1771,914.75,909.01,912.44,0
2026-08-13T13:30:00.000Z,912.89501953125,941.530029296875,906.5,939.260009765625,6550317
2026-08-13T14:00:00.000Z,939.0300903320312,946.9000244140625,932.2401123046875,945.2249755859375,3026776
2026-08-13T14:30:00.000Z,945.1900024414062,960.989990234375,944.2000122070312,955.1300048828125,3941437
2026-08-13T15:00:00.000Z,954.8400268554688,978,951.3499755859375,973.6900024414062,4472501
2026-08-13T15:30:00.000Z,973.7000122070312,975.06787109375,955,959.5549926757812,3169629
2026-08-13T16:00:00.000Z,959.5549926757812,970.6099853515625,959.1799926757812,968.780029296875,2124297
2026-08-13T16:30:00.000Z,968.739990234375,970.9899291992188,964.4500122070312,969.2073974609375,1298415
2026-08-13T17:00:00.000Z,969.3099975585938,975,969.1488037109375,972.4000244140625,1601613
2026-08-13T17:30:00.000Z,972.2899780273438,975.3599853515625,968.0399780273438,970.8488159179688,1294800
2026-08-13T18:00:00.000Z,970.9600219726562,972.1300048828125,965.4600219726562,967.3499755859375,949273
2026-08-13T18:30:00.000Z,967.4940185546875,968.47998046875,961.5,963.0999755859375,1187730
2026-08-13T19:00:00.000Z,963.3200073242188,965.6527709960938,955.6300048828125,959.0349731445312,1445607
2026-08-13T19:30:00.000Z,959.0349731445312,959.1599731445312,945.85009765625,949.9000244140625,2864078
2026-08-13T20:00:00.000Z,949.83,962.9,949,961.6001,0
2026-08-13T20:30:00.000Z,961.9031,1022.1483,960.1,960.6,0
2026-08-13T21:00:00.000Z,960.75,1022.1483,949.83,961.1145,0
2026-08-13T21:30:00.000Z,961.27,962.46,960,961.335,0
2026-08-13T22:00:00.000Z,961.39,963.49,949.83,961.7767,0
2026-08-13T22:30:00.000Z,961.74,963.49,961,961.9,0
2026-08-13T23:00:00.000Z,961.95,964.5,960.05,962.69,0
2026-08-13T23:30:00.000Z,962.9303,965.5,961.36,965.4746,0
2026-08-14T08:00:00.000Z,962.0627,968.28,949.83,964.7891,0
2026-08-14T08:30:00.000Z,964.2492,967.7,964.2492,965.5213,0
2026-08-14T09:00:00.000Z,965.1,967,963.65,966.5,0
2026-08-14T09:30:00.000Z,966.5,974.9,965.305,973.8,0
2026-08-14T10:00:00.000Z,973.7,978.66,972.4,973.5,0
2026-08-14T10:30:00.000Z,973.64,977,972.01,976.6788,0
2026-08-14T11:00:00.000Z,976.97,982.25,976.25,982,0
2026-08-14T11:30:00.000Z,981.9812,981.99,976.6779,979.385,0
2026-08-14T12:00:00.000Z,979,980.5,974.53,977.8,0
2026-08-14T12:30:00.000Z,977.79,981.46,977.21,981.35,0
2026-08-14T13:00:00.000Z,981.45,987.25,975.04,979.61,0
2026-08-14T13:30:00.000Z,979.6400146484375,984,956.2000122070312,968.9375,7939770
2026-08-14T14:00:00.000Z,968.4400024414062,983.6900024414062,965.3582763671875,968.64501953125,3525795
2026-08-14T14:30:00.000Z,968.8599853515625,972.5,965.0999755859375,968.9465942382812,1795272
2026-08-14T15:00:00.000Z,968.75,972.3300170898438,959,964.0900268554688,1852165
2026-08-14T15:30:00.000Z,964.22998046875,965.2000122070312,956.2999877929688,960.625,1942684
2026-08-14T16:00:00.000Z,960.72998046875,965.5,959.9400024414062,963.7999877929688,1120894
2026-08-14T16:30:00.000Z,963.7550048828125,966.8800048828125,960.830078125,963.6900024414062,1012271
2026-08-14T17:00:00.000Z,963.7000122070312,965.7000122070312,960.5599975585938,962.3900146484375,772864
2026-08-14T17:30:00.000Z,962.280029296875,965.5599975585938,961.4000244140625,963.47998046875,797793
2026-08-14T18:00:00.000Z,963.6199951171875,964.7000122070312,960.7000732421875,961.3386840820312,748596
2026-08-14T18:30:00.000Z,961.4724731445312,965.2999877929688,959.5,964.5,902124
2026-08-14T19:00:00.000Z,964.3900146484375,966.280029296875,963.5,965.7974853515625,1015945
2026-08-14T19:30:00.000Z,965.77001953125,973.9998779296875,963.8704833984375,972.780029296875,2549744
2026-08-14T20:00:00.000Z,971.7546,973,969,969.9636,0
2026-08-14T20:30:00.000Z,970.1136,970.9,969.7,970.28,0
2026-08-14T21:00:00.000Z,970.8,972,970.28,971.8166,0
2026-08-14T21:30:00.000Z,971.8187,974.4,971.77,973.34,0
2026-08-14T22:00:00.000Z,973.36,974.3817,972.1,972.8,0
2026-08-14T22:30:00.000Z,972.9,973,971.22,972.18,0
2026-08-14T23:00:00.000Z,972.14,973.69,971.6,972.9,0
2026-08-14T23:30:00.000Z,972.8,973,972.08,972.98,0
2026-08-17T08:00:00.000Z,1004.97,1009.8627,989.01,1007.7632,0
2026-08-17T08:30:00.000Z,1007.12,1010.51,1003.3203,1003.52,0
2026-08-17T09:00:00.000Z,1003.539,1003.99,998.3,1000.6773,0
2026-08-17T09:30:00.000Z,1000.0302,1007,999.9204,1003,0
2026-08-17T10:00:00.000Z,1003.24,1008.3212,1002.88,1008.3,0
2026-08-17T10:30:00.000Z,1007.74,1008.48,1004.63,1005.72,0
2026-08-17T11:00:00.000Z,1005.35,1006.9499,971.66,1001.0747,0
2026-08-17T11:30:00.000Z,1001.02,1003.99,998.8,1001,0
2026-08-17T12:00:00.000Z,1001,1002.4718,993.41,1001.38,0
2026-08-17T12:30:00.000Z,1001.42,1003.27,992.61,997.7,0
2026-08-17T13:00:00.000Z,997.3491,1002.5,992.75,999.86,0
2026-08-17T13:30:00.000Z,998.6699829101562,1023.7999877929688,995.260009765625,1022.39501953125,8049497
2026-08-17T14:00:00.000Z,1022.030029296875,1024.9200439453125,1010.1799926757812,1018.39501953125,3043961
2026-08-17T14:30:00.000Z,1018.39501953125,1028.614990234375,1017.9099731445312,1026.489990234375,3151025
2026-08-17T15:00:00.000Z,1026.550048828125,1036.1300048828125,1025.780029296875,1031.280029296875,2592620
2026-08-17T15:30:00.000Z,1031.3599853515625,1035.25,1025.5001220703125,1027.219970703125,1784997
2026-08-17T16:00:00.000Z,1027.43994140625,1031.4000244140625,1025.25,1030.02001953125,1132358
2026-08-17T16:30:00.000Z,1030,1031.3299560546875,1027,1030.83984375,1005853
2026-08-17T17:00:00.000Z,1030.780029296875,1032.5,1019.3800048828125,1019.5499267578125,1572650
2026-08-17T17:30:00.000Z,1019.4400024414062,1021.0999145507812,1016.4500122070312,1019.9500122070312,1407821
2026-08-17T18:00:00.000Z,1020.0499877929688,1021.0599975585938,1015.090087890625,1019.6400146484375,1302320
2026-08-17T18:30:00.000Z,1019.7999877929688,1020.280029296875,1015.2999877929688,1016.7150268554688,866227
2026-08-17T19:00:00.000Z,1016.5499877929688,1018.1400146484375,1007.75,1011.4199829101562,1542598
2026-08-17T19:30:00.000Z,1011.5700073242188,1017.989990234375,1009.705810546875,1011.6199951171875,2581120
2026-08-17T20:00:00.000Z,1012.03,1013.08,1010.5,1011.13,0
2026-08-17T20:30:00.000Z,1011.32,1011.45,1008.56,1010.25,0
2026-08-17T21:00:00.000Z,1010.26,1293.6884,485.8625,1010.14,0
2026-08-17T21:30:00.000Z,1010.06,1013.96,1009.99,1013.95,0
2026-08-17T22:00:00.000Z,1013.6,1020.3,1011.75,1018.95,0
2026-08-17T22:30:00.000Z,1018.71,1019.99,1018.2,1019.98,0
2026-08-17T23:00:00.000Z,1019.9,1019.93,1016,1017,0
2026-08-17T23:30:00.000Z,1017.1,1019,1016,1017.1365,0
2026-08-18T08:00:00.000Z,995,1011.75,965.2003,968,0
2026-08-18T08:30:00.000Z,968.64,972.23,965.5,966.01,0
2026-08-18T09:00:00.000Z,965.9,967.2,959,960.9717,0
2026-08-18T09:30:00.000Z,960.63,961.43,955.9629,961.139,0
2026-08-18T10:00:00.000Z,961.02,964.31,956.01,959,0
2026-08-18T10:30:00.000Z,958.9937,964.53,957.51,964,0
2026-08-18T11:00:00.000Z,964.09,1011.75,963.1,968.45,0
2026-08-18T11:30:00.000Z,968.281,971.85,963.57,970.6839,0
2026-08-18T12:00:00.000Z,970,974.29,964.03,964.7,0
2026-08-18T12:30:00.000Z,964.7,965.28,962.01,963.9313,0
2026-08-18T13:00:00.000Z,963.95,966,956.5,957,0
2026-08-18T13:30:00.000Z,957.4000244140625,978.6699829101562,952.510009765625,960.4249877929688,7892490
2026-08-18T14:00:00.000Z,960.52001953125,964.3400268554688,947.5800170898438,957.6300048828125,3310849
2026-08-18T14:30:00.000Z,957.4000244140625,958.4000244140625,935,936.2882080078125,3159200
2026-08-18T15:00:00.000Z,936.1400146484375,943.489990234375,932.280029296875,942.4550170898438,2922822
2026-08-18T15:30:00.000Z,942.5800170898438,947.4149780273438,938.6099853515625,945.5999755859375,1874745
2026-08-18T16:00:00.000Z,945.6799926757812,946.7999877929688,937.3300170898438,937.7550048828125,1333733
2026-08-18T16:30:00.000Z,937.7100219726562,944.5,937.1199951171875,938.9600219726562,1289978
2026-08-18T17:00:00.000Z,938.9849853515625,940.3499755859375,935.1199951171875,939.530029296875,1512283
2026-08-18T17:30:00.000Z,939.4857788085938,940.3099975585938,932.0499877929688,932.844970703125,1306723
2026-08-18T18:00:00.000Z,932.72998046875,935.4495849609375,926.6400146484375,934.135009765625,1934967
2026-08-18T18:30:00.000Z,934.260009765625,936.989990234375,932.27001953125,934.9797973632812,1077231
2026-08-18T19:00:00.000Z,934.7999877929688,941.0999755859375,933.0499877929688,938.97998046875,1367011
2026-08-18T19:30:00.000Z,938.8300170898438,943,934.6099853515625,941.5,3220917
2026-08-18T20:00:00.000Z,940.76,975.99,934.8901,939.45,0
2026-08-18T20:30:00.000Z,939.8,940.48,935.6448,938.95,0
2026-08-18T21:00:00.000Z,938.5801,938.98,937,937.4054,0
2026-08-18T21:30:00.000Z,937.444,940.76,936.25,937.01,0
2026-08-18T22:00:00.000Z,936.97,941.9,936.21,939.81,0
2026-08-18T22:30:00.000Z,939.8,940.6,929,929,0
2026-08-18T23:00:00.000Z,929.2,936.27,928.07,934.2,0
2026-08-18T23:30:00.000Z,934.2,934.65,929.13,932.17,0
2026-08-19T08:00:00.000Z,957.55,965,916,954.95,0
2026-08-19T08:30:00.000Z,954.75,959,949,955,0
2026-08-19T09:00:00.000Z,954.985,957.8,944.01,945.38,0
2026-08-19T09:30:00.000Z,945.9079,950,934.2,936,0
2026-08-19T10:00:00.000Z,936,939.2,925,928.6,0
2026-08-19T10:30:00.000Z,928.67,935.9677,928.2501,930.82,0
2026-08-19T11:00:00.000Z,930.84,943.63,928,935.5,0
2026-08-19T11:30:00.000Z,935.2,936.2324,929.3,936.19,0
2026-08-19T12:00:00.000Z,936,954.99,934.6,953.35,0
2026-08-19T12:30:00.000Z,953.3482,968.68,940.76,967.91,0
2026-08-19T13:00:00.000Z,967.91,968,959,959.08,0
2026-08-19T13:30:00.000Z,959.35498046875,959.989990234375,918.239990234375,930.1300048828125,8484749
2026-08-19T14:00:00.000Z,930.260009765625,932.2196044921875,915.1799926757812,926.6500244140625,2805758
2026-08-19T14:30:00.000Z,927.0900268554688,937.1300048828125,923.47998046875,932.6900024414062,2176090
2026-08-19T15:00:00.000Z,932.739990234375,937.2000122070312,925.8599853515625,936.4099731445312,1407806
2026-08-19T15:30:00.000Z,936.647705078125,939.3162841796875,930.280029296875,933.5850219726562,1143371
2026-08-19T16:00:00.000Z,933.6898193359375,940.97998046875,931,935.489990234375,1097809
2026-08-19T16:30:00.000Z,935.2999877929688,941,934.25,936.6900024414062,841616
2026-08-19T17:00:00.000Z,936.6799926757812,937.8900146484375,927.5999755859375,929.635009765625,843722
2026-08-19T17:30:00.000Z,929.635009765625,931.3099975585938,926.6599731445312,928.5650024414062,679119
2026-08-19T18:00:00.000Z,928.9600219726562,932.6998901367188,919.7999877929688,927.8099975585938,1326111
2026-08-19T18:30:00.000Z,928,932.2899780273438,927.7899780273438,931,881747
2026-08-19T19:00:00.000Z,930.8400268554688,937.2650146484375,929.47119140625,935.2349853515625,1015926
2026-08-19T19:30:00.000Z,935.3599853515625,937.7999877929688,927.8900756835938,937.2999877929688,1940451
2026-08-19T20:00:00.000Z,937.105,940.5,923.52,936.63,0
2026-08-19T20:30:00.000Z,936.64,940.2,935.37,940,0
2026-08-19T21:00:00.000Z,940,943,937.105,939.61,0
2026-08-19T21:30:00.000Z,939.603,940.45,938.02,938.55,0
2026-08-19T22:00:00.000Z,938.55,943.66,937.1,941.8067,0
2026-08-19T22:30:00.000Z,941.84,948,941.455,947.16,0
2026-08-19T23:00:00.000Z,947.83,948.88,943,943.5,0
2026-08-19T23:30:00.000Z,943.16,948.5,943.05,946.99,0
2026-08-20T08:00:00.000Z,952.17,959.5,937.105,942.99,0
2026-08-20T08:30:00.000Z,942.65,946,939,940.9,0
2026-08-20T09:00:00.000Z,940.93,947,940,946,0
2026-08-20T09:30:00.000Z,945.69,946.5,942.072,945.68,0
2026-08-20T10:00:00.000Z,945.9,949.99,944.14,946.5,0
2026-08-20T10:30:00.000Z,946.34,949.3,943.21,947.05,0
2026-08-20T11:00:00.000Z,947.05,947.8,934.49,936,0
2026-08-20T11:30:00.000Z,935.03,939.5,930.1,931.01,0
2026-08-20T12:00:00.000Z,931.01,932.4,920,924.3803,0
2026-08-20T12:30:00.000Z,924.01,929.86,919.07,928.88,0
2026-08-20T13:00:00.000Z,929.6,938.88,927.8,935.44,0
2026-08-20T13:30:00.000Z,936,954.5999755859375,929.0700073242188,940.8900146484375,5314350
2026-08-20T14:00:00.000Z,941.2100219726562,962.6998901367188,938.1300048828125,954.1500244140625,3212559
2026-08-20T14:30:00.000Z,954.35498046875,961.8699951171875,951.10009765625,956.155029296875,2016639
2026-08-20T15:00:00.000Z,956.22998046875,964.4000244140625,953.3300170898438,957.8375244140625,1643770
2026-08-20T15:30:00.000Z,957.8300170898438,959.5599975585938,951.2011108398438,959.3400268554688,1156417
2026-08-20T16:00:00.000Z,959.4500122070312,961.75,954.5599975585938,957.659423828125,945190
2026-08-20T16:30:00.000Z,957.6099853515625,959.1099853515625,952.9000244140625,957.7000122070312,751542
2026-08-20T17:00:00.000Z,957.6900024414062,959.260009765625,954.0599975585938,954.760009765625,651680
2026-08-20T17:30:00.000Z,954.719970703125,957.7899780273438,952.885009765625,955.7750244140625,603893
2026-08-20T18:00:00.000Z,955.5399780273438,955.5399780273438,946.8099975585938,950.364990234375,1092008
2026-08-20T18:30:00.000Z,950.364990234375,958.5900268554688,946.8499755859375,957.1799926757812,1237671
2026-08-20T19:00:00.000Z,957.0499877929688,968.469970703125,956.81298828125,967.510009765625,1925058
2026-08-20T19:30:00.000Z,967.510009765625,977.280029296875,964.4400024414062,973.719970703125,2834298
2026-08-20T20:00:00.000Z,974.33,975,959.3992,972.03,0
2026-08-20T20:30:00.000Z,972.03,973,970.5,972.9337,0
2026-08-20T21:00:00.000Z,972.8493,973.84,970.5,971.55,0
2026-08-20T21:30:00.000Z,971.5,973,970.06,971.56,0
2026-08-20T22:00:00.000Z,971.7,974.5,968.01,970.2,0
2026-08-20T22:30:00.000Z,970.8,973.8,969.85,972.5,0
2026-08-20T23:00:00.000Z,973,973.21,971,972,0
2026-08-20T23:30:00.000Z,971.99,972.4999,966.71,967.1925,0
2026-08-21T08:00:00.000Z,983,986.82,969.2587,974.59,0
2026-08-21T08:30:00.000Z,974.085,980.15,974.085,977.11,0
2026-08-21T09:00:00.000Z,977.67,978.828,973.5012,978,0
2026-08-21T09:30:00.000Z,978.614,984.18,977,982.86,0
2026-08-21T10:00:00.000Z,982.66,984.99,980,983,0
2026-08-21T10:30:00.000Z,982.98,982.99,977.67,980.25,0
2026-08-21T11:00:00.000Z,980.35,984.3,974.33,983.93,0
2026-08-21T11:30:00.000Z,983.9819,989.1,983.16,984.118,0
2026-08-21T12:00:00.000Z,984.37,986.21,982.52,985.86,0
2026-08-21T12:30:00.000Z,985.9777,988.1775,984,986.69,0
2026-08-21T13:00:00.000Z,986.99,989.9,974.33,989.68,0
2026-08-21T13:30:00.000Z,989.6749877929688,989.9600219726562,970.9400024414062,976.52001953125,5319346
2026-08-21T14:00:00.000Z,976.6199951171875,979.77001953125,958.260009765625,965.7150268554688,2802024
2026-08-21T14:30:00.000Z,965.7150268554688,968.4500122070312,959.22998046875,962.9099731445312,1156221
2026-08-21T15:00:00.000Z,963.2000122070312,965.8798828125,961.1400146484375,964.4500122070312,1644378
2026-08-21T15:30:00.000Z,964.6300048828125,972.3624877929688,964.2501220703125,967.6799926757812,1225041
2026-08-21T16:00:00.000Z,967.6199951171875,968.1500244140625,960.02001953125,965.8800048828125,1141375
2026-08-21T16:30:00.000Z,965.8800048828125,969.51318359375,963.2999877929688,964.625,801684
2026-08-21T17:00:00.000Z,964.75,965.9699096679688,961.3200073242188,963.2999877929688,632537
2026-08-21T17:30:00.000Z,963.2050170898438,968.2246704101562,963.2000122070312,967.5900268554688,670788
2026-08-21T18:00:00.000Z,967.5900268554688,969.4899291992188,965.6500854492188,965.77001953125,544532
2026-08-21T18:30:00.000Z,965.6799926757812,969.4500122070312,965.2899780273438,969.1500244140625,453184
2026-08-21T19:00:00.000Z,969.25439453125,969.97998046875,966.6099853515625,967.3400268554688,534225
2026-08-21T19:30:00.000Z,967.1843872070312,968.919921875,960.2999877929688,966.718017578125,2197814
2026-08-21T20:00:00.000Z,966.78,966.78,963.55,964.4279,0
2026-08-21T20:30:00.000Z,964.58,966.78,964.4,964.8,0
2026-08-21T21:00:00.000Z,966.78,966.78,964.4012,965.11,0
2026-08-21T21:30:00.000Z,964.41,966.78,963.3855,963.4665,0
2026-08-21T22:00:00.000Z,963.3801,964.58,962.1,963.54,0
2026-08-21T22:30:00.000Z,963.35,966.78,963.35,964,0
2026-08-21T23:00:00.000Z,964,964.41,962.1,962.89,0
2026-08-21T23:30:00.000Z,962.9,964.15,962.55,963.68,0
2026-08-24T08:00:00.000Z,936.21,943.35,907.06,933.71,0
2026-08-24T08:30:00.000Z,933.5,937.8,932,936.17,0
2026-08-24T09:00:00.000Z,936.01,939.9627,933.12,934.05,0
2026-08-24T09:30:00.000Z,934.08,938,934.0197,935.965,0
2026-08-24T10:00:00.000Z,935.97,937.98,932.5,934,0
2026-08-24T10:30:00.000Z,932.9186,936.48,932.6378,934.71,0
2026-08-24T11:00:00.000Z,934.78,936.49,929.29,934.382,0
2026-08-24T11:30:00.000Z,934.6,942.88,934.5,939.16,0
2026-08-24T12:00:00.000Z,939,939.25,934.6964,937,0
2026-08-24T12:30:00.000Z,936.99,937.5,932.01,932.01,0
2026-08-24T13:00:00.000Z,932.14,936.9,930.45,934.7,0
2026-08-24T13:30:00.000Z,934.7039794921875,936.4500122070312,894.010009765625,898.2449951171875,6976573
2026-08-24T14:00:00.000Z,898,898.6699829101562,887.60498046875,894.5700073242188,3039526
2026-08-24T14:30:00.000Z,894.0999755859375,905.2999267578125,893.9500122070312,903.125,1983835
2026-08-24T15:00:00.000Z,903.0512084960938,904.0936279296875,895.1204833984375,899.719970703125,1595309
2026-08-24T15:30:00.000Z,899.6599731445312,913.010009765625,899.6304931640625,912.5900268554688,1927993
2026-08-24T16:00:00.000Z,912.8499755859375,920.5899047851562,909.5,918.6500244140625,1468558
2026-08-24T16:30:00.000Z,918.7999267578125,919.7999877929688,911.77001953125,912.030029296875,1112501
2026-08-24T17:00:00.000Z,912.0050048828125,917.7100219726562,910.5999755859375,912.1900024414062,1021463
2026-08-24T17:30:00.000Z,912.1900024414062,912.2999877929688,907.1024169921875,910.2100219726562,1019695
2026-08-24T18:00:00.000Z,910.3300170898438,921.7999267578125,910.1129150390625,920.3800048828125,1331648
2026-08-24T18:30:00.000Z,920.2000122070312,922.1500244140625,914.02001953125,914.655029296875,959282
2026-08-24T19:00:00.000Z,914.4299926757812,915.6400146484375,912.0100708007812,913.969970703125,827854
2026-08-24T19:30:00.000Z,913.969970703125,915.1500244140625,907.25,910.4299926757812,2352375
2026-08-24T20:00:00.000Z,911.17,921.7,907,908.22,0
2026-08-24T20:30:00.000Z,907.8,910.43,907.5,909.56,0
2026-08-24T21:00:00.000Z,909.48,912.4636,909.15,910,0
2026-08-24T21:30:00.000Z,909.679,910.4,909.05,909.7,0
2026-08-24T22:00:00.000Z,909.76,910.7,909.32,909.32,0
2026-08-24T22:30:00.000Z,909.7685,909.78,905.5,905.7683,0
2026-08-24T23:00:00.000Z,906,907.47,904.04,904.32,0
2026-08-24T23:30:00.000Z,904.3001,906.1999,902.15,903.1,0
2026-08-25T08:00:00.000Z,922,930,914.58,927.8232,0
2026-08-25T08:30:00.000Z,927.9719,929,925,927.5125,0
2026-08-25T09:00:00.000Z,927.75,932.88,926.824,929,0
2026-08-25T09:30:00.000Z,929,936.5,928.8,934.3525,0
2026-08-25T10:00:00.000Z,934.1,939.97,933.6683,935,0
2026-08-25T10:30:00.000Z,934.85,935.8788,929.4,931.25,0
2026-08-25T11:00:00.000Z,930.71,932,910.43,930.77,0
2026-08-25T11:30:00.000Z,931,934.86,930.43,932.533,0
2026-08-25T12:00:00.000Z,932.3,936.55,932,933.5775,0
2026-08-25T12:30:00.000Z,933.98,933.98,929,930.5,0
2026-08-25T13:00:00.000Z,931,934.88,926.3,929.1,0
2026-08-25T13:30:00.000Z,928.9749755859375,946.6209716796875,923.5001220703125,930.760009765625,5396874
2026-08-25T14:00:00.000Z,930.280029296875,933.6500244140625,916.2999877929688,924.25,2032571
2026-08-25T14:30:00.000Z,924.1799926757812,933.969970703125,918.8099975585938,929.4500122070312,1677251
2026-08-25T15:00:00.000Z,929.3800048828125,934.193115234375,927.0601196289062,934.02001953125,892962
2026-08-25T15:30:00.000Z,934.1699829101562,935.9998779296875,924.6900024414062,926.77001953125,1090231
2026-08-25T16:00:00.000Z,926.864990234375,931.9299926757812,925.38623046875,930.14990234375,800538
2026-08-25T16:30:00.000Z,930.2999877929688,930.3513793945312,923,924.9301147460938,667068
2026-08-25T17:00:00.000Z,925.1300048828125,926.45947265625,923,925.0800170898438,617253
2026-08-25T17:30:00.000Z,925.0800170898438,926.0800170898438,923.1599731445312,923.885009765625,455713
2026-08-25T18:00:00.000Z,923.989990234375,924.0999145507812,910.4299926757812,921.7999877929688,664712
2026-08-25T18:30:00.000Z,921.8001098632812,929.25,921.239990234375,927.4099731445312,805924
2026-08-25T19:00:00.000Z,927.2000122070312,931.489990234375,926.2999877929688,927.219970703125,797846
2026-08-25T19:30:00.000Z,927.3400268554688,934.3099975585938,925,932.5900268554688,1722965
2026-08-25T20:00:00.000Z,932.97,936,931.2,934.568,0
2026-08-25T20:30:00.000Z,934.76,934.99,932.01,932.94,0
2026-08-25T21:00:00.000Z,932.5625,943.568,931,932.1,0
2026-08-25T21:30:00.000Z,932.4,943.568,932,934.75,0
2026-08-25T22:00:00.000Z,934.15,936.38,934.15,935.1565,0
2026-08-25T22:30:00.000Z,935.01,935.55,933.662,934.8714,0
2026-08-25T23:00:00.000Z,935.3643,935.5,932.5,932.6,0
2026-08-25T23:30:00.000Z,932.9467,933.1342,930,930.18,0
2026-08-26T08:00:00.000Z,927.5888,936.11,924.45,928.5,0
2026-08-26T08:30:00.000Z,928.5,929.09,926.49,927.33,0
2026-08-26T09:00:00.000Z,928.0116,928.0116,925.03,925.5,0
2026-08-26T09:30:00.000Z,925.6988,927.15,925.25,927.15,0
2026-08-26T10:00:00.000Z,927,927.38,924.4479,924.92,0
2026-08-26T10:30:00.000Z,925.01,929.387,924.39,928.75,0
2026-08-26T11:00:00.000Z,928.63,932.97,928.1,930.99,0
2026-08-26T11:30:00.000Z,930.99,931.4,926.4,927.5,0
2026-08-26T12:00:00.000Z,927.8,928.53,925.84,928.53,0
2026-08-26T12:30:00.000Z,928.53,928.9,920.08,921.48,0
2026-08-26T13:00:00.000Z,921.03,927.47,918.2,927.42,0
2026-08-26T13:30:00.000Z,925.739990234375,942.8798828125,924.5999755859375,937.2999877929688,3412576
2026-08-26T14:00:00.000Z,936.7999877929688,940.4998779296875,926.739990234375,929.1099853515625,1564729
2026-08-26T14:30:00.000Z,928.5599975585938,939.5399780273438,928.5399780273438,936.77001953125,1344081
2026-08-26T15:00:00.000Z,936.7155151367188,942.8200073242188,933.2100219726562,941.9118041992188,1329560
2026-08-26T15:30:00.000Z,941.8400268554688,945.7498779296875,939.0700073242188,940,1200891
2026-08-26T16:00:00.000Z,939.8699951171875,940.1300048828125,936.75,938.469970703125,758240
2026-08-26T16:30:00.000Z,938.260009765625,940.4400024414062,935.510009765625,939.056396484375,674548
2026-08-26T17:00:00.000Z,939.1599731445312,941.739990234375,938.6500244140625,941.3787841796875,686636
2026-08-26T17:30:00.000Z,941.4099731445312,943.1900024414062,940.5399780273438,942.0650024414062,592966
2026-08-26T18:00:00.000Z,942.0650024414062,942.0650024414062,938.52001953125,939.1199951171875,525378
2026-08-26T18:30:00.000Z,939.1074829101562,941.1300048828125,938.5999755859375,939.8300170898438,539912
2026-08-26T19:00:00.000Z,939.9500122070312,942.6199951171875,939.5900268554688,940.5,818960
2026-08-26T19:30:00.000Z,940.5399780273438,941.1599731445312,932.264892578125,935.9400024414062,1652433
2026-08-26T20:00:00.000Z,936.2,947,931,942.1,0
2026-08-26T20:30:00.000Z,940.99,952.8,938.53,951.89,0
2026-08-26T21:00:00.000Z,951.99,1001.7244,948.0601,958.16,0
2026-08-26T21:30:00.000Z,958.11,1001.7244,958,974.9,0
2026-08-26T22:00:00.000Z,974.9,977,938.4,972.945,0
2026-08-26T22:30:00.000Z,972.476,976,971.5,972.01,0
2026-08-26T23:00:00.000Z,972,974.312,970.5125,972.69,0
2026-08-26T23:30:00.000Z,972.75,974.35,972,974,0
2026-08-27T08:00:00.000Z,966.99,981.55,938.4,981.55,0
2026-08-27T08:30:00.000Z,981.7,983.91,978.1,980.23,0
2026-08-27T09:00:00.000Z,980.3,981.2031,975.3,976.11,0
2026-08-27T09:30:00.000Z,976.135,979.9,975.83,976.35,0
2026-08-27T10:00:00.000Z,976.4721,977.9,975.95,976.81,0
2026-08-27T10:30:00.000Z,976.8,978.45,974.61,977.5738,0
2026-08-27T11:00:00.000Z,977.14,981,938.4,975.73,0
2026-08-27T11:30:00.000Z,975.5022,978.12,971.51,975.3,0
2026-08-27T12:00:00.000Z,975,979.17,974,979.07,0
2026-08-27T12:30:00.000Z,979.09,979.5,970.6,971.2792,0
2026-08-27T13:00:00.000Z,971.2792,974.5,966.3,966.6,0
2026-08-27T13:30:00.000Z,966.9849853515625,968.6845092773438,919.2000732421875,926.236083984375,7114053
2026-08-27T14:00:00.000Z,926.25,935.9598999023438,922,929.5800170898438,2698905
2026-08-27T14:30:00.000Z,929.6480102539062,930.22998046875,919.5700073242188,921.2449951171875,1946318
2026-08-27T15:00:00.000Z,921.3499755859375,925.1500244140625,915.0999755859375,916.0449829101562,1852407
2026-08-27T15:30:00.000Z,916.1900024414062,917.6400146484375,906.8900146484375,914.6099243164062,2079632
2026-08-27T16:00:00.000Z,914.364990234375,917.5999145507812,909.5599975585938,911.8099975585938,1316447
2026-08-27T16:30:00.000Z,911.7750244140625,916.1998901367188,910.5999755859375,912.25,973244
2026-08-27T17:00:00.000Z,912.1799926757812,916.4600219726562,910.25,913.8900146484375,981312
2026-08-27T17:30:00.000Z,913.7999877929688,915.8900146484375,912.25,913.668212890625,695472
2026-08-27T18:00:00.000Z,913.5650024414062,914.2349853515625,907.7100219726562,909.6799926757812,950167
2026-08-27T18:30:00.000Z,909.7849731445312,916.4500122070312,909.5900268554688,914.489990234375,1196013
2026-08-27T19:00:00.000Z,914.4949951171875,921.1099853515625,914.2800903320312,919.5,1327508
2026-08-27T19:30:00.000Z,919.5548706054688,938,917.52001953125,929.7999877929688,3245534
2026-08-27T20:00:00.000Z,935.39,935.39,924.5,927.88,0
2026-08-27T20:30:00.000Z,927.8443,929.4999,926.5,927.3912,0
2026-08-27T21:00:00.000Z,927.0125,935.39,877.2769,923,0
2026-08-27T21:30:00.000Z,922.57,935.39,877.2769,924.13,0
2026-08-27T22:00:00.000Z,924.14,925,922.51,923.9254,0
2026-08-27T22:30:00.000Z,924.1,935.39,923.75,924.38,0
2026-08-27T23:00:00.000Z,924.2,924.5,921.02,923.6,0
2026-08-27T23:30:00.000Z,923.5,923.6,919,919.7,0
2026-08-28T08:00:00.000Z,918.16,935.39,905.327,914.48,0
2026-08-28T08:30:00.000Z,914.53,916.42,913.5012,916.25,0
2026-08-28T09:00:00.000Z,916.04,916.3917,913.39,914.49,0
2026-08-28T09:30:00.000Z,914.31,916,913.88,915.01,0
2026-08-28T10:00:00.000Z,915.21,915.8,913.16,915.01,0
2026-08-28T10:30:00.000Z,915.06,919,914.95,918.51,0
2026-08-28T11:00:00.000Z,918.5,923,917.2069,919.3,0
2026-08-28T11:30:00.000Z,919.1,919.917,916.18,917.6692,0
2026-08-28T12:00:00.000Z,917.1625,922.4,915.5,922.01,0
2026-08-28T12:30:00.000Z,922.08,924.8972,919.1703,922.6,0
2026-08-28T13:00:00.000Z,922.6,924,918.1,919.0001,0
2026-08-28T13:30:00.000Z,919.4849853515625,937.7000122070312,909.0900268554688,932.5999755859375,4302267
2026-08-28T14:00:00.000Z,932.260009765625,945.1799926757812,925.1600952148438,945,3129000
2026-08-28T14:30:00.000Z,944.9849853515625,946.7999267578125,934.3099975585938,940.6900024414062,2046377
2026-08-28T15:00:00.000Z,940.5604858398438,942.5,936.510009765625,938.6699829101562,1166772
2026-08-28T15:30:00.000Z,938.4400024414062,939.4400024414062,920.2000122070312,921.3250122070312,1606645
2026-08-28T16:00:00.000Z,921.3350219726562,923,916.0001220703125,919.6699829101562,1524859
2026-08-28T16:30:00.000Z,919.880126953125,924.27001953125,916.2000732421875,923.3200073242188,978036
2026-08-28T17:00:00.000Z,923.0999755859375,926.2000122070312,919,925.2979736328125,832597
2026-08-28T17:30:00.000Z,925.25,930.5,923.5,929.1199951171875,869960
2026-08-28T18:00:00.000Z,929.25,933.5499877929688,928.5,932.3099975585938,936433
2026-08-28T18:30:00.000Z,932.3099975585938,933.77001953125,927.1799926757812,928.260009765625,861702
2026-08-28T19:00:00.000Z,928.280029296875,930.314208984375,925.0999755859375,928.739990234375,898949
2026-08-28T19:30:00.000Z,928.72998046875,935.7100219726562,927.0100708007812,932.6699829101562,2042724
2026-08-28T20:00:00.000Z,932.86,933.47,929.06,931.2129,0
2026-08-28T20:30:00.000Z,931.1372,932.5,930.02,931.65,0
2026-08-28T21:00:00.000Z,931.63,931.99,930.25,930.5,0
2026-08-28T21:30:00.000Z,930.46,932.86,930.2,931.1,0
2026-08-28T22:00:00.000Z,931.164,931.439,929.3,929.8,0
2026-08-28T22:30:00.000Z,929.83,929.99,929,929.1734,0
2026-08-28T23:00:00.000Z,929.17,930,929,929.52,0
2026-08-28T23:30:00.000Z,929.569,931.2,929.3,930.9155,0
2026-08-31T08:00:00.000Z,933.01,939.5,918.676,933.74,0
2026-08-31T08:30:00.000Z,934.14,934.7988,932,932.29,0
2026-08-31T09:00:00.000Z,932,934.86,930.21,933.17,0
2026-08-31T09:30:00.000Z,932,933.2787,927.2121,927.3776,0
2026-08-31T10:00:00.000Z,928,930.99,926.05,929.5,0
2026-08-31T10:30:00.000Z,929.86,931.608,928.36,929.9,0
2026-08-31T11:00:00.000Z,930.255,932.86,927.5,932,0
2026-08-31T11:30:00.000Z,931.5391,932.25,928.61,929.8965,0
2026-08-31T12:00:00.000Z,929.76,933.8344,928,929.76,0
2026-08-31T12:30:00.000Z,930.09,931,926.49,927.4,0
2026-08-31T13:00:00.000Z,927,931,921,930.91,0
2026-08-31T13:30:00.000Z,931.1749877929688,950.4299926757812,930.7899780273438,949.6099853515625,4393595
2026-08-31T14:00:00.000Z,949.405029296875,952.989990234375,936.5,938.7670288085938,2198242
2026-08-31T14:30:00.000Z,938.72998046875,949.9400024414062,938.0399780273438,943.3099975585938,1682603
2026-08-31T15:00:00.000Z,943.64990234375,943.9600219726562,938.2645263671875,940.0599975585938,1110115
2026-08-31T15:30:00.000Z,939.97998046875,940.6599731445312,936.6900024414062,937.4500122070312,818472
2026-08-31T16:00:00.000Z,937.110107421875,940.4899291992188,936.010009765625,940.2449951171875,768685
2026-08-31T16:30:00.000Z,940.260009765625,947.8798828125,939.030029296875,947.5800170898438,987124
2026-08-31T17:00:00.000Z,947.4099731445312,949.9600219726562,945.8599853515625,946.701904296875,1051944
2026-08-31T17:30:00.000Z,946.7000122070312,951,945.8699951171875,946.5650024414062,843799
2026-08-31T18:00:00.000Z,946.5999755859375,949.869873046875,946,947.5599975585938,583344
2026-08-31T18:30:00.000Z,947.5499877929688,947.9000244140625,938.5999755859375,939.8798828125,960024
2026-08-31T19:00:00.000Z,939.8800048828125,947.260009765625,938,947.1998901367188,1258438
2026-08-31T19:30:00.000Z,947.0800170898438,959.9699096679688,943.7000732421875,956.6799926757812,2901111
2026-08-31T20:00:00.000Z,956.4,958.99,953.6,954.1235,0
2026-08-31T20:30:00.000Z,954.2947,955,905.8926,954.0159,0
2026-08-31T21:00:00.000Z,954.45,958.73,905.8926,954.44,0
2026-08-31T21:30:00.000Z,954.75,958.4,954.52,958.369,0
2026-08-31T22:00:00.000Z,958.2,958.73,957.33,957.7465,0
2026-08-31T22:30:00.000Z,957.7075,958,955.72,956.1,0
2026-08-31T23:00:00.000Z,956.0015,956.05,954,954.6421,0
2026-08-31T23:30:00.000Z,954.6421,957.33,954.6421,955.935,0
2026-09-01T08:00:00.000Z,955.7922,962,939.08,941.06,0
2026-09-01T08:30:00.000Z,941.17,944.5,938.27,940.4,0
2026-09-01T09:00:00.000Z,940.2,940.68,937,937.61,0
2026-09-01T09:30:00.000Z,937.32,943.2,936.5,942.58,0
2026-09-01T10:00:00.000Z,942.99,944.18,939,941.29,0
2026-09-01T10:30:00.000Z,941,942.8,939.1,940.58,0
2026-09-01T11:00:00.000Z,940.8,958.73,937.8,939.89,0
2026-09-01T11:30:00.000Z,939.938,943.58,938.2,939.24,0
2026-09-01T12:00:00.000Z,938.75,940.33,935.45,936.51,0
2026-09-01T12:30:00.000Z,936.75,938.95,935.14,938.52,0
2026-09-01T13:00:00.000Z,938.9295,944,935,940.81,0
2026-09-01T13:30:00.000Z,939.47998046875,949.6395263671875,929.7999877929688,939.0499877929688,4601367
2026-09-01T14:00:00.000Z,939.469970703125,944.419921875,934.0100708007812,936.0999755859375,1748399
2026-09-01T14:30:00.000Z,936.0900268554688,955.52001953125,935.530029296875,955.1950073242188,2360579
2026-09-01T15:00:00.000Z,955.52001953125,959.5899047851562,952.4199829101562,956.3200073242188,1673294
2026-09-01T15:30:00.000Z,956.3350219726562,969.4400024414062,955.9000244140625,962.6038208007812,2258542
2026-09-01T16:00:00.000Z,962.5599975585938,963.5399169921875,945.0999755859375,945.7899780273438,1782139
2026-09-01T16:30:00.000Z,945.8781127929688,946.3997192382812,938.0700073242188,943.8200073242188,2097961
2026-09-01T17:00:00.000Z,943.9598999023438,944.3499755859375,937.0700073242188,940.1300048828125,909927
2026-09-01T17:30:00.000Z,939.8699951171875,941.5999755859375,934.5499877929688,937.1400146484375,988408
2026-09-01T18:00:00.000Z,937.0549926757812,937.909912109375,926.5,930.9349975585938,1653109
2026-09-01T18:30:00.000Z,930.9349975585938,932,922.3900146484375,929.344970703125,1596084
2026-09-01T19:00:00.000Z,929.530029296875,932.8662109375,928.1699829101562,931.9312133789062,1175410
2026-09-01T19:30:00.000Z,931.8875732421875,936.77001953125,928.6099853515625,933.239990234375,2449497
2026-09-01T20:00:00.000Z,933.38,965,930.99,932.9677,0
2026-09-01T20:30:00.000Z,932.14,933.87,931.6,932.25,0
2026-09-01T21:00:00.000Z,932.3,933.44,930,931.2363,0
2026-09-01T21:30:00.000Z,931.195,933.44,929.4,930.4,0
2026-09-01T22:00:00.000Z,930.66,933.44,926.67,928.6356,0
2026-09-01T22:30:00.000Z,928.49,929.7857,927.5101,928.2627,0
2026-09-01T23:00:00.000Z,928.43,929.5,928.12,929.2999,0
2026-09-01T23:30:00.000Z,929.2735,929.95,928.5,929,0
2026-09-02T08:00:00.000Z,928.5892,933.44,924,925.82,0
2026-09-02T08:30:00.000Z,926.25,926.9837,920.1,922.31,0
2026-09-02T09:00:00.000Z,922.19,924.3,921,922.5,0
2026-09-02T09:30:00.000Z,922.819,922.8412,918,919.3202,0
2026-09-02T10:00:00.000Z,919.3202,921.95,918.1703,920.94,0
2026-09-02T10:30:00.000Z,921.3338,922.12,919.5,922,0
2026-09-02T11:00:00.000Z,921.605,933.44,918.52,924.1993,0
2026-09-02T11:30:00.000Z,924.25,929.4,924,929.2988,0
2026-09-02T12:00:00.000Z,929.2976,934.25,928.2,931.45,0
2026-09-02T12:30:00.000Z,931.199,932.5,930.0001,931.1826,0
2026-09-02T13:00:00.000Z,931,933.81,928.51,930.26,0
2026-09-02T13:30:00.000Z,930.8250122070312,957.4899291992188,927.1569213867188,939.010009765625,5511283
2026-09-02T14:00:00.000Z,939.4598999023438,948.1400146484375,936.9400024414062,945.2200927734375,2023494
2026-09-02T14:30:00.000Z,945.25,950.3599243164062,935.4400024414062,937.25,1879294
2026-09-02T15:00:00.000Z,936.989990234375,944.5599975585938,936.080078125,942.4500732421875,1212126
2026-09-02T15:30:00.000Z,942.625,946,940.0599975585938,945.3599853515625,807950
2026-09-02T16:00:00.000Z,945.0200805664062,948.5800170898438,944.22998046875,945.97998046875,869164
2026-09-02T16:30:00.000Z,946.1795043945312,946.8900146484375,941.02001953125,944.2196044921875,619601
2026-09-02T17:00:00.000Z,944.22998046875,946.3800048828125,941.6300048828125,944.9299926757812,558799
2026-09-02T17:30:00.000Z,944.8499755859375,949.9000244140625,944.5,946.1799926757812,678292
2026-09-02T18:00:00.000Z,946.3400268554688,948.4400024414062,942.1400146484375,947.1849975585938,1087410
2026-09-02T18:30:00.000Z,947.1950073242188,955.389892578125,946.8699951171875,954.3900146484375,1210191
2026-09-02T19:00:00.000Z,954.4749755859375,954.619873046875,950.3699951171875,953.0072021484375,784368
2026-09-02T19:30:00.000Z,953.1099853515625,958,952.3499755859375,954.75,2124619
2026-09-02T20:00:00.000Z,954.33,956.83,947.01,950.5264,0
2026-09-02T20:30:00.000Z,950.4537,956.08,949.01,949.85,0
2026-09-02T21:00:00.000Z,949.85,956.98,948,955,0
2026-09-02T21:30:00.000Z,955.26,956.5,953.5,953.7,0
2026-09-02T22:00:00.000Z,953.5,954.92,951.45,954.33,0
2026-09-02T22:30:00.000Z,954.8399,954.8399,952.1,952.72,0
2026-09-02T23:00:00.000Z,952.56,953.585,951.42,952.8,0
2026-09-02T23:30:00.000Z,952.85,954.9742,951.65,954.84,0
2026-09-03T08:00:00.000Z,954.79,958.86,944.23,952.5,0
2026-09-03T08:30:00.000Z,951.5342,952.04,949.1606,950.7,0
2026-09-03T09:00:00.000Z,950.29,951.9067,948.02,949.0087,0
2026-09-03T09:30:00.000Z,949.12,950,947.01,947.367,0
2026-09-03T10:00:00.000Z,947.37,949.94,947.25,948,0
2026-09-03T10:30:00.000Z,948,950.5,946.7,949.1835,0
2026-09-03T11:00:00.000Z,950.1,951.6,947.5,950.15,0
2026-09-03T11:30:00.000Z,950.79,951,947.5,948,0
2026-09-03T12:00:00.000Z,948.19,950.39,947.5,950.19,0
2026-09-03T12:30:00.000Z,950.05,959.95,949.28,957.5997,0
2026-09-03T13:00:00.000Z,956.9,959.68,954,956.78,0
2026-09-03T13:30:00.000Z,956.7750244140625,959.6699829101562,918.880126953125,946.3300170898438,6241163
2026-09-03T14:00:00.000Z,945.5,947,932.0501098632812,934.8350219726562,2036373
2026-09-03T14:30:00.000Z,934.72998046875,947.75,930.0999755859375,947.530029296875,1725434
2026-09-03T15:00:00.000Z,947.4000244140625,956.6099853515625,944.780029296875,949.7000122070312,2154486
2026-09-03T15:30:00.000Z,950.030029296875,952.4400024414062,941.5800170898438,945.0900268554688,1180338
2026-09-03T16:00:00.000Z,944.8800048828125,945.72998046875,941.1900024414062,944.1519775390625,925745
2026-09-03T16:30:00.000Z,944.135009765625,953.780029296875,943.280029296875,950.760009765625,1227896
2026-09-03T17:00:00.000Z,951,953.8800048828125,940.0399780273438,941.5,1168163
2026-09-03T17:30:00.000Z,941.3400268554688,946.3280029296875,941.3400268554688,945.5999755859375,591930
2026-09-03T18:00:00.000Z,945.77001953125,951.9334716796875,945.77001953125,951.0499877929688,840895
2026-09-03T18:30:00.000Z,951.0499877929688,959.2999877929688,950.6099853515625,956.1749877929688,1367090
2026-09-03T19:00:00.000Z,955.9993286132812,956.4199829101562,947.1900024414062,949.1300048828125,913678
2026-09-03T19:30:00.000Z,949.2150268554688,958.989990234375,947.52001953125,958.489990234375,2080708
2026-09-03T20:00:00.000Z,958.15,959,947.742,955.2915,0
2026-09-03T20:30:00.000Z,955.01,955.8,893.2457,954.4142,0
2026-09-03T21:00:00.000Z,954.43,958.16,893.2457,954.7277,0
2026-09-03T21:30:00.000Z,954.74,958.16,954.09,954.5979,0
2026-09-03T22:00:00.000Z,954.9875,955,954,954.21,0
2026-09-03T22:30:00.000Z,954.3132,955.43,954,955.4225,0
2026-09-03T23:00:00.000Z,955.45,955.49,954.2,954.4011,0
2026-09-03T23:30:00.000Z,954.4013,954.63,953,953.8412,0
2026-09-04T08:00:00.000Z,972.44,979.79,958.16,978.96,0
2026-09-04T08:30:00.000Z,978.5495,979.36,974.1207,975.72,0
2026-09-04T09:00:00.000Z,975.94,975.99,972.01,973.25,0
2026-09-04T09:30:00.000Z,974,977.46,973.2,977.07,0
2026-09-04T10:00:00.000Z,976.92,979.77,975,977.7,0
2026-09-04T10:30:00.000Z,977.7,979.5,976.5,977,0
2026-09-04T11:00:00.000Z,977.18,977.75,958.16,974.3804,0
2026-09-04T11:30:00.000Z,974.43,976.987,974.2,976.4021,0
2026-09-04T12:00:00.000Z,976.39,979.1,974.5,979.0027,0
2026-09-04T12:30:00.000Z,979,979.12,962.2,968,0
2026-09-04T13:00:00.000Z,968,972.4,964.75,970.88,0
2026-09-04T13:30:00.000Z,971.0599975585938,1000.0999755859375,969,999.3900146484375,9365436
2026-09-04T14:00:00.000Z,999.5,1003.7098999023438,990.360107421875,1000.1099853515625,4069187
2026-09-04T14:30:00.000Z,1000.260009765625,1003.5700073242188,992.3800048828125,1000.5599975585938,2917288
2026-09-04T15:00:00.000Z,1000.77001953125,1003.4799194335938,996,999.7949829101562,1752147
2026-09-04T15:30:00.000Z,999.8800048828125,1001.1799926757812,996.4400024414062,999.239990234375,1248905
2026-09-04T16:00:00.000Z,999.4500122070312,1006.780029296875,997.6799926757812,1006.3499755859375,2082262
2026-09-04T16:30:00.000Z,1006.4550170898438,1007.382080078125,1002.3101196289062,1005.739990234375,1554922
2026-09-04T17:00:00.000Z,1005.8599853515625,1006.1400146484375,998.25,999.3699951171875,1322518
2026-09-04T17:30:00.000Z,999.3599853515625,1000.75,997.1300048828125,999.3300170898438,935282
2026-09-04T18:00:00.000Z,999.3800048828125,1003.0499877929688,997.1599731445312,1002.875,1015401
2026-09-04T18:30:00.000Z,1002.875,1005.02001953125,1001.2999877929688,1004.844970703125,1085974
2026-09-04T19:00:00.000Z,1004.844970703125,1005,1000.5900268554688,1002.3400268554688,1071664
2026-09-04T19:30:00.000Z,1002.489990234375,1017.77001953125,1002.4149780273438,1014.9500122070312,3921539
2026-09-04T20:00:00.000Z,1015.02,1016.59,969.615,1013.04,0
2026-09-04T20:30:00.000Z,1013.1612,1016.59,1012.1,1013.5,0
2026-09-04T21:00:00.000Z,1013.59,1018.2397,1013.22,1015.2,0
2026-09-04T21:30:00.000Z,1015.1,1016.7,1013,1014.01,0
2026-09-04T22:00:00.000Z,1014,1014.4875,1013.3,1013.8,0
2026-09-04T22:30:00.000Z,1013.99,1014.73,1013.55,1013.69,0
2026-09-04T23:00:00.000Z,1013.68,1014.25,1012.6,1013.425,0
2026-09-04T23:30:00.000Z,1013.48,1015.4999,943.2,1014.95,0
2026-09-08T08:00:00.000Z,1029.965,1056.62,1016,1023.51,0
2026-09-08T08:30:00.000Z,1023.27,1026.9,1022.135,1025.66,0
2026-09-08T09:00:00.000Z,1025.66,1030.91,1022.65,1030.36,0
2026-09-08T09:30:00.000Z,1030.42,1035,1029.74,1034.68,0
2026-09-08T10:00:00.000Z,1034.017,1037.8,1032,1037.4487,0
2026-09-08T10:30:00.000Z,1037.5012,1037.6,1032.3,1034.22,0
2026-09-08T11:00:00.000Z,1034.19,1037.6,1016.59,1031.28,0
2026-09-08T11:30:00.000Z,1031.0201,1032,1023,1025.1321,0
2026-09-08T12:00:00.000Z,1025.11,1029,1020.1,1028.05,0
2026-09-08T12:30:00.000Z,1028.12,1034.24,1027.3,1032.93,0
2026-09-08T13:00:00.000Z,1032.7,1038.18,1031.57,1036.72,0
2026-09-08T13:30:00.000Z,1036.8349609375,1041.0699462890625,1009.1600952148438,1022.510009765625,7499732
2026-09-08T14:00:00.000Z,1022.8200073242188,1024.1500244140625,1013,1020.989990234375,2386460
2026-09-08T14:30:00.000Z,1020.6201782226562,1022.4285888671875,1014.5,1016.2899780273438,1721725
2026-09-08T15:00:00.000Z,1016.5999755859375,1027.1500244140625,1014.0900268554688,1017.02001953125,2027871
2026-09-08T15:30:00.000Z,1016.52001953125,1027.8299560546875,1016.5,1024.3199462890625,1383710
2026-09-08T16:00:00.000Z,1024.619140625,1026.889892578125,1020.0599975585938,1020.219970703125,832710
2026-09-08T16:30:00.000Z,1020.219970703125,1022.889892578125,1014.3378295898438,1015.9299926757812,1108556
2026-09-08T17:00:00.000Z,1015.7119140625,1020.5,1015.7100219726562,1017.9450073242188,860798
2026-09-08T17:30:00.000Z,1018.0999755859375,1018.9498901367188,1015.510009765625,1016.719970703125,641472
2026-09-08T18:00:00.000Z,1016.780029296875,1020.9600219726562,1016.1900024414062,1016.9199829101562,798840
2026-09-08T18:30:00.000Z,1016.7150268554688,1018.4400024414062,1010.6500244140625,1014.1500244140625,1061048
2026-09-08T19:00:00.000Z,1014.4400024414062,1014.8599853515625,1007.8200073242188,1008.8250122070312,1284839
2026-09-08T19:30:00.000Z,1008.5999755859375,1009.9998779296875,997.6400146484375,999.9400024414062,2557315
2026-09-08T20:00:00.000Z,999.94,1004.65,999,1001.5,0
2026-09-08T20:30:00.000Z,1001.55,1046.5669,999.99,1004,0
2026-09-08T21:00:00.000Z,1003.99,1046.1415,943.568,1005.6,0
2026-09-08T21:30:00.000Z,1005.9815,1046.1415,943.568,1004,0
2026-09-08T22:00:00.000Z,1004.4,1004.95,1000.26,1004.84,0
2026-09-08T22:30:00.000Z,1004.9087,1006,1004,1006,0
2026-09-08T23:00:00.000Z,1005.8,1006.88,1004,1004.1391,0
2026-09-08T23:30:00.000Z,1004.2594,1004.4211,999,1001.31,0
2026-09-09T08:00:00.000Z,1007.41,1010.86,1000.26,1008.49,0
2026-09-09T08:30:00.000Z,1008.741,1010.26,1005.8,1007.49,0
2026-09-09T09:00:00.000Z,1007.09,1007.8,1003.75,1004.3285,0
2026-09-09T09:30:00.000Z,1004.71,1005.5,992.61,994.5,0
2026-09-09T10:00:00.000Z,994.17,996,990.15,994.7,0
2026-09-09T10:30:00.000Z,994.7,997,992.89,996.24,0
2026-09-09T11:00:00.000Z,995.94,1000.26,993.45,996.3071,0
2026-09-09T11:30:00.000Z,996.51,999.97,995,996.5,0
2026-09-09T12:00:00.000Z,997.1,997.3,993.44,995.5,0
2026-09-09T12:30:00.000Z,995,998.39,994.42,996.12,0
2026-09-09T13:00:00.000Z,996.11,1002.78,995.68,998.37,0
2026-09-09T13:30:00.000Z,999.3499755859375,1034.8800048828125,992.2966918945312,1034.2099609375,5110624
2026-09-09T14:00:00.000Z,1034.1700439453125,1042.4000244140625,1029.2000732421875,1034,4040552
2026-09-09T14:30:00.000Z,1034.2099609375,1038.5,1030.3299560546875,1034.3199462890625,1675238
2026-09-09T15:00:00.000Z,1034.5400390625,1036,1018.5,1023.1599731445312,2273926
2026-09-09T15:30:00.000Z,1023.0344848632812,1027.1800537109375,1021,1024.219970703125,1150033
2026-09-09T16:00:00.000Z,1024.4229736328125,1025.4300537109375,1016.780029296875,1018.4949951171875,962524
2026-09-09T16:30:00.000Z,1018.3624267578125,1023.52001953125,1017.989990234375,1021.5078125,728273
2026-09-09T17:00:00.000Z,1021.6099853515625,1024.5999755859375,1020.0800170898438,1022.7399291992188,688335
2026-09-09T17:30:00.000Z,1022.6199951171875,1025.550048828125,1021,1023.5700073242188,588995
2026-09-09T18:00:00.000Z,1023.6942749023438,1027.4100341796875,1022.5499877929688,1024.739990234375,726236
2026-09-09T18:30:00.000Z,1024.6650390625,1027.4599609375,1024,1024.074951171875,606590
2026-09-09T19:00:00.000Z,1024.0999755859375,1027.300048828125,1020.7100219726562,1024.9549560546875,1070400
2026-09-09T19:30:00.000Z,1024.9820556640625,1030,1024.3299560546875,1027.5059814453125,2275713
2026-09-09T20:00:00.000Z,1027.48,1028.5051,1026.23,1026.6791,0
2026-09-09T20:30:00.000Z,1026.6,1067.1827,1001.7244,1026.5255,0
2026-09-09T21:00:00.000Z,1026.79,1060.3168,1001.7244,1025.2201,0
2026-09-09T21:30:00.000Z,1025.2201,1027.77,1025.1,1025.5,0
2026-09-09T22:00:00.000Z,1025.58,1027.77,1023,1024,0
2026-09-09T22:30:00.000Z,1023.8033,1024,1023.11,1023.6,0
2026-09-09T23:00:00.000Z,1023.62,1024.7,1023,1023.296,0
2026-09-09T23:30:00.000Z,1023.32,1026.2,1022.5095,1026.15,0
2026-09-10T08:00:00.000Z,1022.45,1030,1017.2,1020.49,0
2026-09-10T08:30:00.000Z,1019.84,1022,1017.69,1018.4,0
2026-09-10T09:00:00.000Z,1018.33,1020.2718,1014.55,1014.55,0
2026-09-10T09:30:00.000Z,1014.53,1015.28,1010.71,1014.3294,0
2026-09-10T10:00:00.000Z,1014.51,1016,1012.6252,1014.8052,0
2026-09-10T10:30:00.000Z,1015.1,1016.41,1013.3,1014.2523,0
2026-09-10T11:00:00.000Z,1014.35,1027.77,1007.86,1011.9299,0
2026-09-10T11:30:00.000Z,1011.34,1012.4,1008,1008.53,0
2026-09-10T12:00:00.000Z,1008.5782,1009.95,1004.57,1009.9,0
2026-09-10T12:30:00.000Z,1009.26,1010,995.81,997.9959,0
2026-09-10T13:00:00.000Z,997.9959,1000.8,938.38,997.7,0
2026-09-10T13:30:00.000Z,996.780029296875,999,982.1400146484375,985.0537109375,6621201
2026-09-10T14:00:00.000Z,985,994.1196899414062,983,991.3200073242188,2434231
2026-09-10T14:30:00.000Z,990.989990234375,995.4000244140625,982.5700073242188,985.510009765625,2033135
2026-09-10T15:00:00.000Z,985.5999755859375,987.8616943359375,980.25,984.4600219726562,1695219
2026-09-10T15:30:00.000Z,984.2999877929688,987.0900268554688,981.322509765625,983.6256103515625,1068048
2026-09-10T16:00:00.000Z,983.594970703125,984.4473876953125,975.5,977.4249877929688,1486355
2026-09-10T16:30:00.000Z,977.4249877929688,980.5,973.5,980.27001953125,1160710
2026-09-10T17:00:00.000Z,980.2249755859375,983.8800048828125,979.510009765625,981.77001953125,1111540
2026-09-10T17:30:00.000Z,981.6865234375,981.739990234375,976.7999877929688,981,778111
2026-09-10T18:00:00.000Z,980.8499755859375,984.0700073242188,979.7550048828125,981.8099975585938,807506
2026-09-10T18:30:00.000Z,981.6799926757812,984.6599731445312,980.0800170898438,983.1400146484375,769497
2026-09-10T19:00:00.000Z,982.72998046875,983.9990844726562,978.030029296875,983.888427734375,964039
2026-09-10T19:30:00.000Z,983.8699951171875,984.0800170898438,976.5,980,1993361
2026-09-10T20:00:00.000Z,977.41,980.9999,976.1,978.6792,0
2026-09-10T20:30:00.000Z,978.7,1022.1483,977,977.71,0
2026-09-10T21:00:00.000Z,977.49,1022.1483,977.25,978.63,0
2026-09-10T21:30:00.000Z,978.63,979,976.35,978.49,0
2026-09-10T22:00:00.000Z,978.4126,979,976,976,0
2026-09-10T22:30:00.000Z,976.3,976.3,972.5,975.72,0
2026-09-10T23:00:00.000Z,975.48,975.68,973,974.5,0
2026-09-10T23:30:00.000Z,974.36,975.09,971.02,971.4,0
2026-09-11T08:00:00.000Z,985.72,988.5,970.6,987.34,0
2026-09-11T08:30:00.000Z,987.08,990.2,986.564,989.5,0
2026-09-11T09:00:00.000Z,989.5,990.245,986.2,987.15,0
2026-09-11T09:30:00.000Z,987.3842,988,986.77,987.1,0
2026-09-11T10:00:00.000Z,987.01,988.8,986.77,987.12,0
2026-09-11T10:30:00.000Z,987.12,987.98,985,985.43,0
2026-09-11T11:00:00.000Z,985.43,985.93,977.41,985,0
2026-09-11T11:30:00.000Z,985.0803,989.85,984,988.1,0
2026-09-11T12:00:00.000Z,987.995,992.65,986.8516,992.4,0
2026-09-11T12:30:00.000Z,992.65,997.78,981.5,994.25,0
2026-09-11T13:00:00.000Z,994.2961,996.33,991.61,993.08,0
2026-09-11T13:30:00.000Z,993.25,993.989990234375,969.6699829101562,975.8099975585938,5361072
2026-09-11T14:00:00.000Z,975.8399047851562,983.4299926757812,967.3800048828125,981.60498046875,2560974
2026-09-11T14:30:00.000Z,981.8200073242188,982.5999145507812,970.5999755859375,973.6849975585938,1495010
2026-09-11T15:00:00.000Z,973.85498046875,979.6599731445312,969.8499755859375,979.5399780273438,1317732
2026-09-11T15:30:00.000Z,979.4373168945312,982.760009765625,975.9600219726562,979.35498046875,1299309
2026-09-11T16:00:00.000Z,979.1400146484375,979.6799926757812,971.010009765625,971.27001953125,986003
2026-09-11T16:30:00.000Z,971.1950073242188,977,971.0999755859375,976.7423706054688,851799
2026-09-11T17:00:00.000Z,976.989990234375,980.719970703125,976.3699951171875,978.010009765625,924804
2026-09-11T17:30:00.000Z,978.010009765625,979.9598999023438,976.9000244140625,977.1199951171875,562866
2026-09-11T18:00:00.000Z,977.1300048828125,977.6099853515625,974.3499755859375,976.2000122070312,695369
2026-09-11T18:30:00.000Z,976.2000122070312,977.3400268554688,974.010009765625,974.4299926757812,542850
2026-09-11T19:00:00.000Z,974.6900024414062,976.75,973.1599731445312,975,657801
2026-09-11T19:30:00.000Z,975.0700073242188,977.780029296875,974.0100708007812,974.9400024414062,1554703
2026-09-11T20:00:00.000Z,974.97,1022.82,974.11,974.3963,0
2026-09-11T20:30:00.000Z,974.3968,975.26,974,974.84,0
2026-09-11T21:00:00.000Z,974.86,975.26,974.41,974.9235,0
2026-09-11T21:30:00.000Z,974.9,975.26,974.1,974.1505,0
2026-09-11T22:00:00.000Z,974.1597,975.24,974.1,974.9,0
2026-09-11T22:30:00.000Z,974.9,974.99,974.2,974.7862,0
2026-09-11T23:00:00.000Z,974.8,974.8,974.25,974.4,0
2026-09-11T23:30:00.000Z,974.4,975.45,974.3,975.45,0
2026-09-14T08:00:00.000Z,932.715,941.4387,925.6,926.01,0
2026-09-14T08:30:00.000Z,926.01,929.9,925.5,928.08,0
2026-09-14T09:00:00.000Z,928.48,929.38,922.8774,924.75,0
2026-09-14T09:30:00.000Z,924.64,926.9652,924,924.87,0
2026-09-14T10:00:00.000Z,924.93,927.29,923,926.4895,0
2026-09-14T10:30:00.000Z,926.4549,928.5,925.5,927.9,0
2026-09-14T11:00:00.000Z,927.76,975.26,921.23,926,0
2026-09-14T11:30:00.000Z,925.805,925.98,919.2,919.72,0
2026-09-14T12:00:00.000Z,919.71,920.1,916.0637,919.505,0
2026-09-14T12:30:00.000Z,919.67,919.79,912.23,913.5,0
2026-09-14T13:00:00.000Z,913.618,916,903.25,905.07,0
2026-09-14T13:30:00.000Z,906.75,918.6599731445312,902.5999755859375,906.4000244140625,8642370
2026-09-14T14:00:00.000Z,906.4000244140625,921.6599731445312,906.0999755859375,918.0050048828125,2717456
2026-09-14T14:30:00.000Z,917.8900146484375,918.8389892578125,911.72998046875,914.6699829101562,1568448
2026-09-14T15:00:00.000Z,914.5999755859375,921.5900268554688,912.02978515625,921.3656005859375,1453760
2026-09-14T15:30:00.000Z,921.3599853515625,927,918.8099975585938,920.39990234375,1488527
2026-09-14T16:00:00.000Z,920,920.4199829101562,915.7899780273438,919.4000244140625,1145216
2026-09-14T16:30:00.000Z,919.2150268554688,925.4500122070312,918.1699829101562,924.4249877929688,1017435
2026-09-14T17:00:00.000Z,924.4099731445312,927.8499755859375,923.8699951171875,926.3200073242188,1064992
2026-09-14T17:30:00.000Z,926.2949829101562,931.5881958007812,925,930.14501953125,971521
2026-09-14T18:00:00.000Z,930.2799072265625,931.89599609375,928.510009765625,928.92138671875,909965
2026-09-14T18:30:00.000Z,929.22998046875,931,928.3599853515625,930.25,659006
2026-09-14T19:00:00.000Z,930.4000244140625,932.2100219726562,926.1635131835938,927.3049926757812,930473
2026-09-14T19:30:00.000Z,927.3419799804688,929.5999755859375,923.5,924.2899780273438,2107628
2026-09-14T20:00:00.000Z,923.97,928,921.3,927.75,0
2026-09-14T20:30:00.000Z,927.4792,927.66,905.8926,926.795,0
2026-09-14T21:00:00.000Z,926.57,927.75,905.8926,926.4195,0
2026-09-14T21:30:00.000Z,926.346,926.8,924.03,926.61,0
2026-09-14T22:00:00.000Z,926.62,926.79,925.57,926.188,0
2026-09-14T22:30:00.000Z,926.21,926.99,925.56,926.64,0
2026-09-14T23:00:00.000Z,926.65,929.57,926.3365,928.91,0
2026-09-14T23:30:00.000Z,928.74,931.98,928.61,931.98,0
2026-09-15T08:00:00.000Z,930.98,933.9,922.6,926.25,0
2026-09-15T08:30:00.000Z,926.35,927.674,924.02,924.46,0
2026-09-15T09:00:00.000Z,924.02,926,922.5,925.44,0
2026-09-15T09:30:00.000Z,925.4,931,923.839,930.2,0
2026-09-15T10:00:00.000Z,930.5,933.5,929.95,932.5,0
2026-09-15T10:30:00.000Z,932.42,933.5,930.7,931.42,0
2026-09-15T11:00:00.000Z,931.6,936.8588,924.03,935.79,0
2026-09-15T11:30:00.000Z,935.94,936.64,934.01,935.58,0
2026-09-15T12:00:00.000Z,935.58,937.16,933.3303,934.35,0
2026-09-15T12:30:00.000Z,934.0852,937.74,933.2075,934.92,0
2026-09-15T13:00:00.000Z,934.8,938.65,931.5,937.71,0
2026-09-15T13:30:00.000Z,937.8079833984375,942.1599731445312,928.010009765625,936.875,4027175
2026-09-15T14:00:00.000Z,936.510009765625,941.0499877929688,935.760009765625,940.5449829101562,2108445
2026-09-15T14:30:00.000Z,940.577880859375,944.8900146484375,928.6500244140625,930.8800048828125,2066949
2026-09-15T15:00:00.000Z,930.7050170898438,934.489990234375,927.219970703125,929.75,1143525
2026-09-15T15:30:00.000Z,930.030029296875,930.5,924.2000122070312,925.114990234375,954373
2026-09-15T16:00:00.000Z,925.2047729492188,927.6599731445312,920.8499755859375,924.1901245117188,1058075
2026-09-15T16:30:00.000Z,924.3336791992188,925.844970703125,922.260009765625,924.2999877929688,675195
2026-09-15T17:00:00.000Z,924.4299926757812,926.9799194335938,923.1004028320312,926.2739868164062,716850
2026-09-15T17:30:00.000Z,926.1799926757812,927.1500244140625,923,925.1599731445312,585344
2026-09-15T18:00:00.000Z,925.0599975585938,925.5399780273438,921.5800170898438,923.8699951171875,597874
2026-09-15T18:30:00.000Z,923.7849731445312,923.969970703125,920.1300048828125,922.3900146484375,648398
2026-09-15T19:00:00.000Z,922.3900146484375,923.9799194335938,921.1500854492188,923.0900268554688,900793
2026-09-15T19:30:00.000Z,923.030029296875,927.9000244140625,922.8200073242188,927.5700073242188,1492099
2026-09-15T20:00:00.000Z,927.13,930.5258,923.92,926.3467,0
2026-09-15T20:30:00.000Z,926.9832,927.7,926.33,926.92,0
2026-09-15T21:00:00.000Z,927.06,927.6,925.06,925.06,0
2026-09-15T21:30:00.000Z,925.5,927.6,924.22,924.9409,0
2026-09-15T22:00:00.000Z,924.9,925.85,924.73,925.54,0
2026-09-15T22:30:00.000Z,925.4,927,925,925.76,0
2026-09-15T23:00:00.000Z,925.9001,927.6,925,925.12,0
2026-09-15T23:30:00.000Z,925.2602,925.95,924.6,925.95,0
2026-09-16T08:00:00.000Z,938.2,938.9742,927.6,931.67,0
2026-09-16T08:30:00.000Z,931.81,933.99,928.4,933.4,0
2026-09-16T09:00:00.000Z,933.15,934.9,932.0125,933.93,0
2026-09-16T09:30:00.000Z,934.08,936.2171,933.5,934.98,0
2026-09-16T10:00:00.000Z,934.83,935.9188,933,933.55,0
2026-09-16T10:30:00.000Z,933.41,935,932.5,934.2102,0
2026-09-16T11:00:00.000Z,934.19,937,932.5,936.5,0
2026-09-16T11:30:00.000Z,936.4128,938,935.1877,936.96,0
2026-09-16T12:00:00.000Z,936.5775,938.38,935.6,937.5,0
2026-09-16T12:30:00.000Z,937.2685,1054.92,933.05,935.4443,0
2026-09-16T13:00:00.000Z,935.5,939.2,933.23,934.7,0
2026-09-16T13:30:00.000Z,935.22998046875,939.2100219726562,922.7100219726562,934.4500122070312,3815232
2026-09-16T14:00:00.000Z,934.4400024414062,934.7698974609375,926.2999877929688,932.8200073242188,1525459
2026-09-16T14:30:00.000Z,933.2297973632812,933.7557983398438,928.3900146484375,931.594970703125,742565
2026-09-16T15:00:00.000Z,931.7999877929688,934,928.8400268554688,931.7349853515625,856396
2026-09-16T15:30:00.000Z,931.5499877929688,931.6400146484375,927.1699829101562,927.489990234375,670312
2026-09-16T16:00:00.000Z,927.1909790039062,930.6599731445312,927,928.85498046875,537929
2026-09-16T16:30:00.000Z,929,932.1500244140625,928.5999755859375,930.72998046875,467682
2026-09-16T17:00:00.000Z,930.7999877929688,931.8599853515625,928.6199951171875,930.8099975585938,431699
2026-09-16T17:30:00.000Z,930.7437133789062,934.2999877929688,930.2841186523438,932.77001953125,1260373
2026-09-16T18:00:00.000Z,933.0299072265625,941.2000122070312,922.7100219726562,927.4500122070312,2098070
2026-09-16T18:30:00.000Z,927.4500122070312,935.5499267578125,921.0900268554688,923.5460205078125,2310136
2026-09-16T19:00:00.000Z,923.2999877929688,926.9299926757812,917.6500244140625,922.7000122070312,1860495
2026-09-16T19:30:00.000Z,922.5,927.25,921,926.3900146484375,1985842
2026-09-16T20:00:00.000Z,926.734,937.93,925,928.1422,0
2026-09-16T20:30:00.000Z,928.26,930,926.55,929,0
2026-09-16T21:00:00.000Z,929.4,929.779,926.55,929.12,0
2026-09-16T21:30:00.000Z,929.15,931.45,926.55,929.5,0
2026-09-16T22:00:00.000Z,929.7,932,929.1,931.51,0
2026-09-16T22:30:00.000Z,931.89,933.96,931.51,932.7,0
2026-09-16T23:00:00.000Z,932.6,933.96,932.12,933.95,0
2026-09-16T23:30:00.000Z,933.6061,935.5,933.59,934.5,0
2026-09-17T08:00:00.000Z,934.96,939.06,926.55,938.2,0
2026-09-17T08:30:00.000Z,938.55,941.9,938,941,0
2026-09-17T09:00:00.000Z,940.77,943.75,940.5,941.6,0
2026-09-17T09:30:00.000Z,941.5,942.5,940,941.75,0
2026-09-17T10:00:00.000Z,941.68,944.71,941.4,944.25,0
2026-09-17T10:30:00.000Z,944.21,945.3,942.579,943.73,0
2026-09-17T11:00:00.000Z,943.39,947.27,926.55,945,0
2026-09-17T11:30:00.000Z,945.1867,945.77,942.71,944.75,0
2026-09-17T12:00:00.000Z,944.75,949.5,943.6,949.3429,0
2026-09-17T12:30:00.000Z,949.13,953.48,948.5,953.09,0
2026-09-17T13:00:00.000Z,952.51,955,952.2,954.82,0
2026-09-17T13:30:00.000Z,954.9979858398438,986.2000122070312,953.5,983.2999877929688,7032921
2026-09-17T14:00:00.000Z,983.4099731445312,984.5,974.5,976.4600219726562,2005010
2026-09-17T14:30:00.000Z,976.7000122070312,984.27001953125,974.080078125,977.2899780273438,1634937
2026-09-17T15:00:00.000Z,977.2949829101562,983.4500122070312,976.530029296875,979.25,1138690
2026-09-17T15:30:00.000Z,979.2302856445312,980.2000122070312,976.2000732421875,976.4171752929688,753254
2026-09-17T16:00:00.000Z,976.2301025390625,977.2000122070312,974.4000244140625,975.655029296875,741387
2026-09-17T16:30:00.000Z,975.6320190429688,978.5999145507812,973.2348022460938,975.4949951171875,835278
2026-09-17T17:00:00.000Z,975.4100952148438,977.739990234375,974.5,976.2000122070312,574589
2026-09-17T17:30:00.000Z,976.0800170898438,977.0399169921875,972.0001220703125,976,616426
2026-09-17T18:00:00.000Z,975.8800048828125,979.5,975,976.5599975585938,809966
2026-09-17T18:30:00.000Z,976.4199829101562,977.1900024414062,975.4000244140625,976.4299926757812,503621
2026-09-17T19:00:00.000Z,976.5,978.39990234375,974.4099731445312,976.280029296875,754795
2026-09-17T19:30:00.000Z,976.3150024414062,981.0499877929688,976.0800170898438,977.52001953125,1710828
2026-09-17T20:00:00.000Z,977.33,983.159,971.59,979.1343,0
2026-09-17T20:30:00.000Z,979.13,980.7,977.5,980.6687,0
2026-09-17T21:00:00.000Z,980.695,982.3,977.5,981.05,0
2026-09-17T21:30:00.000Z,981.2,981.94,950,981.32,0
2026-09-17T22:00:00.000Z,981.3,981.69,979.3,979.44,0
2026-09-17T22:30:00.000Z,979.56,980.06,977.5,979.82,0
2026-09-17T23:00:00.000Z,979.94,980.9897,979.16,980.19,0
2026-09-17T23:30:00.000Z,980.12,983.34,980,982.91,0
2026-09-18T08:00:00.000Z,988.895,994.59,977.5,991,0
2026-09-18T08:30:00.000Z,991.0083,992.11,990,990.09,0
2026-09-18T09:00:00.000Z,990.09,990.09,986.6,987.59,0
2026-09-18T09:30:00.000Z,987.13,988,985,985.71,0
2026-09-18T10:00:00.000Z,985.71,989.99,985.71,989.99,0
2026-09-18T10:30:00.000Z,989.78,991.33,988.99,989.65,0
2026-09-18T11:00:00.000Z,989.2,991.55,977.5,986.2,0
2026-09-18T11:30:00.000Z,986.2,988,985.17,986.56,0
2026-09-18T12:00:00.000Z,986.8,987,981.61,982.05,0
2026-09-18T12:30:00.000Z,982.05,983.1735,979.11,979.48,0
2026-09-18T13:00:00.000Z,979.32,987.14,977.91,984.1515,0
2026-09-18T13:30:00.000Z,981.7100219726562,995.7293701171875,977.9249877929688,994.2750244140625,6832568
2026-09-18T14:00:00.000Z,994.0599975585938,998.739990234375,988.7999877929688,994.7750244140625,3290461
2026-09-18T14:30:00.000Z,994.9998779296875,997.760009765625,992.8499755859375,994.22998046875,1472977
2026-09-18T15:00:00.000Z,994.0001220703125,994.7000122070312,989.5599975585938,990.5836791992188,1308065
2026-09-18T15:30:00.000Z,990.7899169921875,991.7899169921875,987.6799926757812,988.0750122070312,880701
2026-09-18T16:00:00.000Z,988.0800170898438,991.5,987.6300048828125,989.7299194335938,1286206
2026-09-18T16:30:00.000Z,989.5599975585938,995.4735107421875,989.530029296875,995.030029296875,1320908
2026-09-18T17:00:00.000Z,995.030029296875,998.7000122070312,994.7800903320312,997.239990234375,1406625
2026-09-18T17:30:00.000Z,997.239990234375,999.8800048828125,996.7000122070312,999.8499145507812,1046312
2026-09-18T18:00:00.000Z,999.8599853515625,1005.2999267578125,999.8499755859375,1004.6900024414062,1830550
2026-09-18T18:30:00.000Z,1004.6099853515625,1009.4000244140625,1003.0050048828125,1008.3250122070312,1514952
2026-09-18T19:00:00.000Z,1008.4099731445312,1009.72998046875,1005.5,1006.8800048828125,1555555
2026-09-18T19:30:00.000Z,1006.780029296875,1016.3599853515625,1006.780029296875,1015.375,3443309
2026-09-18T20:00:00.000Z,1015.8495,1018.87,1013.1,1013.7,0
2026-09-18T20:30:00.000Z,1013.4,1015.8,1011.2,1014.14,0
2026-09-18T21:00:00.000Z,1014.02,1016,1013.03,1015.47,0
2026-09-18T21:30:00.000Z,1015.48,1016,1014.69,1015.5,0
2026-09-18T22:00:00.000Z,1015.5,1016.2,1015.2,1015.695,0
2026-09-18T22:30:00.000Z,1015.5,1016,957.62,1015.35,0
2026-09-18T23:00:00.000Z,1015.4352,1016.9,1015.01,1016.1664,0
2026-09-18T23:30:00.000Z,1016.1,1017.85,1016.1,1017.75,0
2026-09-18T23:59:59.000Z,1017.75,1017.75,1017.75,1017.75,0
