Date,Open,High,Low,Close,Volume
2026-03-12T21:00:00.000Z,183.21,183.4,172.7111,183.165,0
2026-03-12T21:30:00.000Z,183.15,193.3398,182.93,183,0
2026-03-12T22:00:00.000Z,183.06,183.3,182.92,183.04,0
2026-03-12T22:30:00.000Z,183.1631,183.3999,183.02,183.18,0
2026-03-12T23:00:00.000Z,183.18,183.49,183.11,183.12,0
2026-03-12T23:30:00.000Z,183.145,183.3,182.9,182.9087,0
2026-03-13T08:00:00.000Z,182.74,182.89,182.06,182.29,0
2026-03-13T08:30:00.000Z,182.29,183.33,182.29,183.13,0
2026-03-13T09:00:00.000Z,183.13,183.56,183.11,183.23,0
2026-03-13T09:30:00.000Z,183.25,183.48,183.06,183.36,0
2026-03-13T10:00:00.000Z,183.34,183.97,183.34,183.74,0
2026-03-13T10:30:00.000Z,183.69,184.08,183.63,183.9,0
2026-03-13T11:00:00.000Z,183.9,184.85,183.83,184.6,0
2026-03-13T11:30:00.000Z,184.6,184.88,184.5,184.61,0
2026-03-13T12:00:00.000Z,182.23,184.88,182.02,184.7,0
2026-03-13T12:30:00.000Z,184.7,185.77,184.66,185.0815,0
2026-03-13T13:00:00.000Z,185.1,185.1996,184.55,184.93,0
2026-03-13T13:30:00.000Z,184.91000366210938,186.08999633789062,184.4199981689453,184.875,25355803
2026-03-13T14:00:00.000Z,184.8887939453125,185.10000610351562,183.61000061035156,183.92210388183594,13359537
2026-03-13T14:30:00.000Z,183.9250030517578,184.25,182.00999450683594,182.11019897460938,14163716
2026-03-13T15:00:00.000Z,182.10000610351562,182.84500122070312,181.66000366210938,181.88340759277344,13225411
2026-03-13T15:30:00.000Z,181.88999938964844,182.25,180.75,181.0601043701172,12168066
2026-03-13T16:00:00.000Z,181.0500030517578,181.5800018310547,180.72000122070312,181.13999938964844,8983533
2026-03-13T16:30:00.000Z,181.13499450683594,181.75999450683594,180.98500061035156,181.07969665527344,8733219
2026-03-13T17:00:00.000Z,181.07000732421875,181.66990661621094,180.92999267578125,181.5399932861328,5588729
2026-03-13T17:30:00.000Z,181.5399932861328,181.58920288085938,180.4499969482422,180.51499938964844,6605544
2026-03-13T18:00:00.000Z,180.51499938964844,180.6199951171875,180.00999450683594,180.5449981689453,7547591
2026-03-13T18:30:00.000Z,180.5399932861328,181.13999938964844,180.3800048828125,181.02000427246094,7084202
2026-03-13T19:00:00.000Z,181.01499938964844,181.03990173339844,180.27999877929688,180.6999969482422,7509706
2026-03-13T19:30:00.000Z,180.7100067138672,180.8249969482422,179.94000244140625,180.26499938964844,16337302
2026-03-13T20:00:00.000Z,180.25,180.3,180.02,180.17,0
2026-03-13T20:30:00.000Z,180.1899,180.2,180.01,180.045,0
2026-03-13T21:00:00.000Z,180.03,180.2,171.7013,180.17,0
2026-03-13T21:30:00.000Z,180.17,180.3,171.7013,180.2495,0
2026-03-13T22:00:00.000Z,180.26,180.45,180.2,180.4392,0
2026-03-13T22:30:00.000Z,180.44,180.58,180.31,180.36,0
2026-03-13T23:00:00.000Z,180.36,180.39,180.21,180.31,0
2026-03-13T23:30:00.000Z,180.31,180.33,180.1,180.1982,0
2026-03-16T08:00:00.000Z,181.92,182.31,181.76,181.92,0
2026-03-16T08:30:00.000Z,181.92,182.1,181.71,182.04,0
2026-03-16T09:00:00.000Z,182.05,182.31,181.66,182,0
2026-03-16T09:30:00.000Z,181.99,182.03,181.53,181.61,0
2026-03-16T10:00:00.000Z,181.61,182.57,181.6,182.42,0
2026-03-16T10:30:00.000Z,182.44,182.6,182.09,182.5,0
2026-03-16T11:00:00.000Z,182.47,182.47,182.15,182.18,0
2026-03-16T11:30:00.000Z,182.23,182.7,182.18,182.7,0
2026-03-16T12:00:00.000Z,182.22,183.37,180.25,183.0877,0
2026-03-16T12:30:00.000Z,183.11,183.92,183.07,183.501,0
2026-03-16T13:00:00.000Z,183.5002,183.71,182.66,182.96,0
2026-03-16T13:30:00.000Z,182.97000122070312,185.0500030517578,182.87440490722656,184.52000427246094,17860893
2026-03-16T14:00:00.000Z,184.50999450683594,184.5489959716797,183.875,184.07000732421875,7299428
2026-03-16T14:30:00.000Z,184.07000732421875,184.23500061035156,183.30499267578125,184.10000610351562,19901580
2026-03-16T15:00:00.000Z,184.10499572753906,184.9199981689453,183.7050018310547,184.72779846191406,22693389
2026-03-16T15:30:00.000Z,184.72000122070312,184.94000244140625,184.11000061035156,184.1114959716797,5295927
2026-03-16T16:00:00.000Z,184.11500549316406,184.40499877929688,183.6300048828125,183.89500427246094,5276338
2026-03-16T16:30:00.000Z,183.90499877929688,184.5500030517578,183.78500366210938,184.44000244140625,4297098
2026-03-16T17:00:00.000Z,184.4600067138672,185.05999755859375,184.43499755859375,184.76010131835938,5483473
2026-03-16T17:30:00.000Z,184.77000427246094,184.91000366210938,184.27000427246094,184.4864959716797,4807921
2026-03-16T18:00:00.000Z,184.49000549316406,185.52999877929688,184.4600067138672,184.93499755859375,7572942
2026-03-16T18:30:00.000Z,184.9398956298828,185.0500030517578,183.77499389648438,183.83399963378906,7378394
2026-03-16T19:00:00.000Z,183.8350067138672,188.8699951171875,181.67999267578125,181.83380126953125,33914973
2026-03-16T19:30:00.000Z,181.85000610351562,183.65499877929688,181.41000366210938,183.1300048828125,18558112
2026-03-16T20:00:00.000Z,183.22,184.2743,182.8,183.0209,0
2026-03-16T20:30:00.000Z,182.99,184.17,182.27,182.5886,0
2026-03-16T21:00:00.000Z,182.589,182.77,182.2652,182.69,0
2026-03-16T21:30:00.000Z,182.69,190.0723,171.132,182.65,0
2026-03-16T22:00:00.000Z,182.7,182.72,182.5,182.64,0
2026-03-16T22:30:00.000Z,182.6692,182.69,182.45,182.6501,0
2026-03-16T23:00:00.000Z,182.6448,182.75,182.56,182.7007,0
2026-03-16T23:30:00.000Z,182.74,182.8,182.52,182.7846,0
2026-03-17T08:00:00.000Z,183.21,183.72,183.18,183.22,0
2026-03-17T08:30:00.000Z,183.25,183.44,182.93,183.15,0
2026-03-17T09:00:00.000Z,183.2,183.78,183.1,183.78,0
2026-03-17T09:30:00.000Z,183.74,183.98,183.44,183.87,0
2026-03-17T10:00:00.000Z,183.86,183.89,183.53,183.75,0
2026-03-17T10:30:00.000Z,183.74,183.95,183.67,183.68,0
2026-03-17T11:00:00.000Z,183.69,183.75,183.21,183.53,0
2026-03-17T11:30:00.000Z,183.54,183.7,183.11,183.19,0
2026-03-17T12:00:00.000Z,183.67,183.99,182.5,183.6913,0
2026-03-17T12:30:00.000Z,183.7,184.49,183.67,184.4513,0
2026-03-17T13:00:00.000Z,184.47,185.2879,184.42,185.07,0
2026-03-17T13:30:00.000Z,185.0500030517578,185.39999389648438,182.9600067138672,183.08999633789062,21108414
2026-03-17T14:00:00.000Z,183.10000610351562,183.58999633789062,181.89999389648438,183.08999633789062,14729979
2026-03-17T14:30:00.000Z,183.0800018310547,183.41000366210938,182.63999938964844,183.02000427246094,23470249
2026-03-17T15:00:00.000Z,183.00999450683594,183.2100067138672,182.24029541015625,182.43499755859375,65599680
2026-03-17T15:30:00.000Z,182.43499755859375,182.5800018310547,181.68040466308594,182.1699981689453,5867623
2026-03-17T16:00:00.000Z,182.1790008544922,183.10000610351562,181.74000549316406,182.69830322265625,8537662
2026-03-17T16:30:00.000Z,182.6999969482422,182.9499969482422,181.8699951171875,182.05999755859375,6105593
2026-03-17T17:00:00.000Z,182.05999755859375,182.7100067138672,182.05499267578125,182.41000366210938,66961908
2026-03-17T17:30:00.000Z,182.41000366210938,183.22999572753906,182.39999389648438,182.97999572753906,4410266
2026-03-17T18:00:00.000Z,183,183.47000122070312,182.9600067138672,183.0399932861328,5997366
2026-03-17T18:30:00.000Z,183.02999877929688,183.15989685058594,182.30999755859375,182.33999633789062,43016994
2026-03-17T19:00:00.000Z,182.3300018310547,182.69000244140625,182.05999755859375,182.64010620117188,43336514
2026-03-17T19:30:00.000Z,182.63009643554688,182.92999267578125,181.80999755859375,181.9600067138672,10549153
2026-03-17T20:00:00.000Z,181.97,182.09,181.65,182.02,0
2026-03-17T20:30:00.000Z,182,182.11,181.9,182.04,0
2026-03-17T21:00:00.000Z,182.05,182.1,180.4697,182.075,0
2026-03-17T21:30:00.000Z,182.07,182.08,180.4697,181.99,0
2026-03-17T22:00:00.000Z,181.99,182.12,181.9,182.1165,0
2026-03-17T22:30:00.000Z,182.11,182.4,181.91,182.3602,0
2026-03-17T23:00:00.000Z,182.3602,182.38,182.13,182.32,0
2026-03-17T23:30:00.000Z,182.31,182.35,182.18,182.345,0
2026-03-18T08:00:00.000Z,183.25,183.58,183.25,183.49,0
2026-03-18T08:30:00.000Z,183.45,183.73,183.43,183.56,0
2026-03-18T09:00:00.000Z,183.56,183.69,183.4,183.68,0
2026-03-18T09:30:00.000Z,183.7,183.85,183.57,183.6,0
2026-03-18T10:00:00.000Z,183.6,183.98,183.6,183.9,0
2026-03-18T10:30:00.000Z,183.9,183.95,183.01,183.21,0
2026-03-18T11:00:00.000Z,183.22,183.66,183.02,183.13,0
2026-03-18T11:30:00.000Z,183.14,183.5,183.1,183.2,0
2026-03-18T12:00:00.000Z,183.46,183.9802,181.93,182.6222,0
2026-03-18T12:30:00.000Z,182.55,182.55,181.56,181.87,0
2026-03-18T13:00:00.000Z,181.8694,182.65,181.7,182.57,0
2026-03-18T13:30:00.000Z,182.49000549316406,182.82000732421875,180.72999572753906,182.46620178222656,17443903
2026-03-18T14:00:00.000Z,182.47000122070312,183.3800048828125,182.1300048828125,182.2794952392578,30625404
2026-03-18T14:30:00.000Z,182.2805938720703,182.80999755859375,181.83999633789062,182.75999450683594,7616150
2026-03-18T15:00:00.000Z,182.76499938964844,183.23500061035156,182.27000427246094,182.5399932861328,7964483
2026-03-18T15:30:00.000Z,182.5399932861328,182.7050018310547,182.32000732421875,182.4600067138672,25465580
2026-03-18T16:00:00.000Z,182.47000122070312,182.85000610351562,182.36000061035156,182.74000549316406,48559235
2026-03-18T16:30:00.000Z,182.74000549316406,182.7550048828125,182.10000610351562,182.4250030517578,29701014
2026-03-18T17:00:00.000Z,182.4250030517578,182.43719482421875,181.8300018310547,182.07000732421875,3917695
2026-03-18T17:30:00.000Z,182.07000732421875,182.73500061035156,181.82000732421875,182.6300048828125,32346777
2026-03-18T18:00:00.000Z,182.64500427246094,183.14999389648438,182.02999877929688,182.31500244140625,5647272
2026-03-18T18:30:00.000Z,182.30999755859375,182.39500427246094,181.08999633789062,181.22500610351562,7043304
2026-03-18T19:00:00.000Z,181.22000122070312,181.67999267578125,180.8800048828125,181.2449951171875,7396357
2026-03-18T19:30:00.000Z,181.22999572753906,181.38499450683594,180.3300018310547,180.35000610351562,48384238
2026-03-18T20:00:00.000Z,180.39,181.9488,179.91,179.98,0
2026-03-18T20:30:00.000Z,179.97,181.9799,174.2422,180.23,0
2026-03-18T21:00:00.000Z,180.24,185.5528,168.2928,180.3,0
2026-03-18T21:30:00.000Z,180.22,181.9799,168.0016,180.32,0
2026-03-18T22:00:00.000Z,180.31,180.32,180.02,180.1199,0
2026-03-18T22:30:00.000Z,180.11,180.2,179.76,180.1699,0
2026-03-18T23:00:00.000Z,180.19,180.35,180.14,180.3,0
2026-03-18T23:30:00.000Z,180.3,180.45,180.2,180.24,0
2026-03-19T08:00:00.000Z,179.88,180.11,179.6,179.88,0
2026-03-19T08:30:00.000Z,179.87,179.9,179.16,179.28,0
2026-03-19T09:00:00.000Z,179.33,179.8,179.01,179.12,0
2026-03-19T09:30:00.000Z,179.17,180.22,179.11,180.11,0
2026-03-19T10:00:00.000Z,180.11,180.19,179.93,180.03,0
2026-03-19T10:30:00.000Z,180.02,180.2,179.75,180.05,0
2026-03-19T11:00:00.000Z,180.09,180.18,179.47,179.66,0
2026-03-19T11:30:00.000Z,179.68,179.8,178.48,178.64,0
2026-03-19T12:00:00.000Z,179.88,180.69,178.06,178.53,0
2026-03-19T12:30:00.000Z,178.55,180.4,178.25,178.5126,0
2026-03-19T13:00:00.000Z,178.5587,178.6,177.83,178.01,0
2026-03-19T13:30:00.000Z,178.00999450683594,178.02999877929688,175.78500366210938,177.67300415039062,23091121
2026-03-19T14:00:00.000Z,177.66000366210938,178.39930725097656,177.22000122070312,177.58999633789062,36223407
2026-03-19T14:30:00.000Z,177.58999633789062,178.47000122070312,177.55499267578125,178.19500732421875,25724403
2026-03-19T15:00:00.000Z,178.19000244140625,179.0500030517578,178.02499389648438,178.23219299316406,27927809
2026-03-19T15:30:00.000Z,178.24000549316406,178.36000061035156,177.6649932861328,178.30979919433594,30991857
2026-03-19T16:00:00.000Z,178.3000946044922,178.94000244140625,178.16000366210938,178.78500366210938,4501450
2026-03-19T16:30:00.000Z,178.7899932861328,178.89999389648438,178.05999755859375,178.156005859375,4957303
2026-03-19T17:00:00.000Z,178.16000366210938,178.75,177.55999755859375,178.5449981689453,36864164
2026-03-19T17:30:00.000Z,178.5399932861328,178.75,177.97000122070312,178.2301025390625,2971494
2026-03-19T18:00:00.000Z,178.21499633789062,179.24000549316406,178.0800018310547,178.9698944091797,4857975
2026-03-19T18:30:00.000Z,178.97999572753906,178.99000549316406,178.08999633789062,178.64999389648438,39100187
2026-03-19T19:00:00.000Z,178.64999389648438,179.97999572753906,178.58999633789062,179.13499450683594,9415009
2026-03-19T19:30:00.000Z,179.1300048828125,179.14990234375,177.91000366210938,178.5,10911447
2026-03-19T20:00:00.000Z,178.51,178.96,178.3,178.895,0
2026-03-19T20:30:00.000Z,178.9,182.5667,167.6182,179.0693,0
2026-03-19T21:00:00.000Z,179.0695,182.5667,169.273,179.02,0
2026-03-19T21:30:00.000Z,178.9907,179.1,178.56,179.0899,0
2026-03-19T22:00:00.000Z,179.089,179.59,178.86,179.4742,0
2026-03-19T22:30:00.000Z,179.48,179.6,179.16,179.375,0
2026-03-19T23:00:00.000Z,179.38,179.49,179,179.115,0
2026-03-19T23:30:00.000Z,179.12,179.18,179,179.1692,0
2026-03-20T08:00:00.000Z,178.66,179.36,178.51,178.61,0
2026-03-20T08:30:00.000Z,178.55,178.77,178.45,178.48,0
2026-03-20T09:00:00.000Z,178.48,178.79,178.15,178.22,0
2026-03-20T09:30:00.000Z,178.2,178.4,177.6,177.99,0
2026-03-20T10:00:00.000Z,178.11,178.11,177,177.47,0
2026-03-20T10:30:00.000Z,177.44,177.96,177.44,177.63,0
2026-03-20T11:00:00.000Z,177.69,177.89,177.5,177.73,0
2026-03-20T11:30:00.000Z,177.73,177.82,177.5,177.68,0
2026-03-20T12:00:00.000Z,179.04,179.3948,177.01,178.36,0
2026-03-20T12:30:00.000Z,178.3623,178.4102,177.98,178.33,0
2026-03-20T13:00:00.000Z,178.3286,179.1,177.9321,178.01,0
2026-03-20T13:30:00.000Z,178,178.25999450683594,175.83999633789062,175.85000610351562,37357107
2026-03-20T14:00:00.000Z,175.83999633789062,176.3300018310547,175.42999267578125,175.73500061035156,17361244
2026-03-20T14:30:00.000Z,175.75,176.0998992919922,175,175.85000610351562,15874496
2026-03-20T15:00:00.000Z,175.84750366210938,176.25,175.47500610351562,175.69500732421875,11399866
2026-03-20T15:30:00.000Z,175.6999969482422,176.0399932861328,175.55999755859375,175.90499877929688,7210101
2026-03-20T16:00:00.000Z,175.8249969482422,176.4499969482422,175.80999755859375,175.98849487304688,7544196
2026-03-20T16:30:00.000Z,175.98500061035156,175.98500061035156,175.39999389648438,175.60000610351562,5872851
2026-03-20T17:00:00.000Z,175.61000061035156,175.92999267578125,175.02999877929688,175.07000732421875,6200498
2026-03-20T17:30:00.000Z,175.06500244140625,175.08999633789062,174.50999450683594,174.92999267578125,11144688
2026-03-20T18:00:00.000Z,174.92999267578125,175.0050048828125,173.9600067138672,174.26010131835938,8931953
2026-03-20T18:30:00.000Z,174.26499938964844,174.33999633789062,173.27000427246094,173.4600067138672,10184785
2026-03-20T19:00:00.000Z,173.4600067138672,173.75999450683594,172.37010192871094,172.42999267578125,12974772
2026-03-20T19:30:00.000Z,172.4250030517578,173.0399932861328,171.72500610351562,173,24605650
2026-03-20T20:00:00.000Z,173,173.6102,172.6137,173.56,0
2026-03-20T20:30:00.000Z,173.56,179.7988,166.2859,174.1499,0
2026-03-20T21:00:00.000Z,174.08,177.8392,164.4817,175.15,0
2026-03-20T21:30:00.000Z,175.13,179.7988,166.2859,175.08,0
2026-03-20T22:00:00.000Z,175.0882,175.48,175.0215,175.0301,0
2026-03-20T22:30:00.000Z,175.03,175.29,174.73,175.1693,0
2026-03-20T23:00:00.000Z,175.1792,175.29,175.08,175.1504,0
2026-03-20T23:30:00.000Z,175.13,177.67,174.82,174.9,0
2026-03-23T08:00:00.000Z,170.29,171.87,170.29,171.45,0
2026-03-23T08:30:00.000Z,171.43,172.23,171.33,171.49,0
2026-03-23T09:00:00.000Z,171.5,171.83,171.21,171.37,0
2026-03-23T09:30:00.000Z,171.38,171.38,170.5,170.97,0
2026-03-23T10:00:00.000Z,170.97,171.41,170.6,170.75,0
2026-03-23T10:30:00.000Z,170.74,171.6,170.67,171.33,0
2026-03-23T11:00:00.000Z,171.37,178.47,171.05,176.72,0
2026-03-23T11:30:00.000Z,176.68,177.89,175,175.13,0
2026-03-23T12:00:00.000Z,171.54,178.5,169.34,176.4499,0
2026-03-23T12:30:00.000Z,176.43,177.4,176.05,177.3,0
2026-03-23T13:00:00.000Z,177.312,177.79,176.53,177.37,0
2026-03-23T13:30:00.000Z,177.25,177.91000366210938,175.87010192871094,177.8300018310547,38184592
2026-03-23T14:00:00.000Z,177.8300018310547,178.2279052734375,176.68499755859375,177.875,17382345
2026-03-23T14:30:00.000Z,177.86500549316406,178.0850067138672,177.22999572753906,177.6649932861328,12171149
2026-03-23T15:00:00.000Z,177.6649932861328,178.3699951171875,177.39999389648438,177.5800018310547,11396562
2026-03-23T15:30:00.000Z,177.58999633789062,177.77000427246094,175.0399932861328,175.125,14544940
2026-03-23T16:00:00.000Z,175.1199951171875,175.7550048828125,174.75999450683594,174.80999755859375,11612560
2026-03-23T16:30:00.000Z,174.81500244140625,175.88999938964844,174.80349731445312,175.52999877929688,8191836
2026-03-23T17:00:00.000Z,175.53500366210938,175.69000244140625,174.97000122070312,175.2949981689453,6710962
2026-03-23T17:30:00.000Z,175.27999877929688,176.22000122070312,175.27999877929688,176.19000244140625,7405337
2026-03-23T18:00:00.000Z,176.19500732421875,176.41000366210938,175.83999633789062,176.10499572753906,6067956
2026-03-23T18:30:00.000Z,176.10000610351562,176.9600067138672,176.08999633789062,176.5850067138672,7807991
2026-03-23T19:00:00.000Z,176.5800018310547,176.64999389648438,176.17999267578125,176.22999572753906,7532363
2026-03-23T19:30:00.000Z,176.22500610351562,176.6999969482422,175.5,175.50999450683594,14875311
2026-03-23T20:00:00.000Z,175.51,175.96,175.26,175.68,0
2026-03-23T20:30:00.000Z,175.69,176.8173,164.7617,175.5519,0
2026-03-23T21:00:00.000Z,175.5519,185,167.3776,175.76,0
2026-03-23T21:30:00.000Z,175.7575,176.8173,168.1535,175.76,0
2026-03-23T22:00:00.000Z,175.75,175.92,175.64,175.78,0
2026-03-23T22:30:00.000Z,175.89,176.2,175.74,176.1848,0
2026-03-23T23:00:00.000Z,176.15,176.2,176.0102,176.08,0
2026-03-23T23:30:00.000Z,176.0948,176.13,175.9,176,0
2026-03-24T08:00:00.000Z,176.46,176.56,175.83,175.91,0
2026-03-24T08:30:00.000Z,175.83,176.12,175.6,175.65,0
2026-03-24T09:00:00.000Z,175.65,175.83,175.08,175.45,0
2026-03-24T09:30:00.000Z,175.48,176,175.45,175.88,0
2026-03-24T10:00:00.000Z,175.88,176,175.67,175.75,0
2026-03-24T10:30:00.000Z,175.74,176.04,175.63,175.97,0
2026-03-24T11:00:00.000Z,175.96,176.31,175.67,175.89,0
2026-03-24T11:30:00.000Z,175.88,175.98,175.25,175.88,0
2026-03-24T12:00:00.000Z,175.93,176.89,174.38,175.495,0
2026-03-24T12:30:00.000Z,175.49,175.64,174.72,174.905,0
2026-03-24T13:00:00.000Z,174.9,175.29,174.3405,174.76,0
2026-03-24T13:30:00.000Z,174.76199340820312,175.89990234375,174.08999633789062,174.93499755859375,19285731
2026-03-24T14:00:00.000Z,174.94000244140625,175.3300018310547,173.97999572753906,174.25,12563364
2026-03-24T14:30:00.000Z,174.2550048828125,175.375,174.13499450683594,174.77059936523438,13103365
2026-03-24T15:00:00.000Z,174.7899932861328,176.16000366210938,174.77999877929688,175.61500549316406,12010911
2026-03-24T15:30:00.000Z,175.61000061035156,175.89939880371094,175.2200927734375,175.3300018310547,7793927
2026-03-24T16:00:00.000Z,175.33999633789062,175.71499633789062,174.9199981689453,175.3249969482422,7074402
2026-03-24T16:30:00.000Z,175.3300018310547,175.47999572753906,174.6699981689453,175.14500427246094,6240124
2026-03-24T17:00:00.000Z,175.13999938964844,175.2899932861328,174.38499450683594,174.70730590820312,5824286
2026-03-24T17:30:00.000Z,174.6999969482422,175.3800048828125,174.41990661621094,175.36500549316406,5664102
2026-03-24T18:00:00.000Z,175.36500549316406,175.60000610351562,175.05999755859375,175.4250030517578,6209351
2026-03-24T18:30:00.000Z,175.42999267578125,176.22000122070312,175.3000030517578,175.4949951171875,7465918
2026-03-24T19:00:00.000Z,175.49000549316406,175.7550048828125,175.4300994873047,175.51499938964844,6517629
2026-03-24T19:30:00.000Z,175.51780700683594,175.6199951171875,174.86000061035156,175.30999755859375,13261358
2026-03-24T20:00:00.000Z,175.32,177.56,175.2,176.7887,0
2026-03-24T20:30:00.000Z,176.79,177.51,175.2,177.15,0
2026-03-24T21:00:00.000Z,177.15,177.21,174.229,176.82,0
2026-03-24T21:30:00.000Z,176.8201,178.8647,174.229,176.9,0
2026-03-24T22:00:00.000Z,176.93,177.1,176.61,176.68,0
2026-03-24T22:30:00.000Z,176.68,176.99,176.67,176.96,0
2026-03-24T23:00:00.000Z,176.9599,176.99,176.81,176.92,0
2026-03-24T23:30:00.000Z,176.935,176.96,176.73,176.95,0
2026-03-25T08:00:00.000Z,177.01,178.05,177.01,177.8,0
2026-03-25T08:30:00.000Z,177.8,177.95,177.11,177.25,0
2026-03-25T09:00:00.000Z,177.25,177.59,177.22,177.48,0
2026-03-25T09:30:00.000Z,177.49,177.9,177.18,177.56,0
2026-03-25T10:00:00.000Z,177.67,177.73,177.33,177.64,0
2026-03-25T10:30:00.000Z,177.64,177.69,177.38,177.56,0
2026-03-25T11:00:00.000Z,177.53,177.98,177.3,177.96,0
2026-03-25T11:30:00.000Z,177.99,177.99,177.44,177.98,0
2026-03-25T12:00:00.000Z,178.06,178.39,175.2,177.67,0
2026-03-25T12:30:00.000Z,177.74,177.85,177.3,177.4784,0
2026-03-25T13:00:00.000Z,177.47,177.77,177.03,177.05,0
2026-03-25T13:30:00.000Z,177.10000610351562,179.83999633789062,176.86000061035156,178.15499877929688,28718858
2026-03-25T14:00:00.000Z,178.1649932861328,180.30999755859375,177.88999938964844,180.05999755859375,18369073
2026-03-25T14:30:00.000Z,180.0500030517578,181.21499633789062,179.8300018310547,180.5,16974002
2026-03-25T15:00:00.000Z,180.50750732421875,180.53500366210938,179.1999969482422,180,14137267
2026-03-25T15:30:00.000Z,179.9949951171875,180.05589294433594,179.13999938964844,179.375,9477750
2026-03-25T16:00:00.000Z,179.3800048828125,179.44000244140625,178.73500061035156,179.1199951171875,8683368
2026-03-25T16:30:00.000Z,179.11000061035156,179.33970642089844,178.8699951171875,178.92750549316406,5894459
2026-03-25T17:00:00.000Z,178.92999267578125,179.1300048828125,178.50999450683594,178.92999267578125,6123906
2026-03-25T17:30:00.000Z,178.94000244140625,179.57000732421875,178.66000366210938,178.98500061035156,7566709
2026-03-25T18:00:00.000Z,178.97999572753906,179.32000732421875,178.8000030517578,179.02000427246094,5120153
2026-03-25T18:30:00.000Z,179.02000427246094,179.1999969482422,178.07769775390625,178.31370544433594,7606621
2026-03-25T19:00:00.000Z,178.30499267578125,178.8249969482422,177.8300018310547,178.60000610351562,8307776
2026-03-25T19:30:00.000Z,178.59500122070312,179.1199951171875,178.25,178.6699981689453,10187015
2026-03-25T20:00:00.000Z,178.71,178.712,178.25,178.41,0
2026-03-25T20:30:00.000Z,178.45,190.8448,167.1443,178.46,0
2026-03-25T21:00:00.000Z,178.44,190.8448,166.3531,178.4,0
2026-03-25T21:30:00.000Z,178.37,178.68,178.35,178.38,0
2026-03-25T22:00:00.000Z,178.39,178.4,178.1,178.1474,0
2026-03-25T22:30:00.000Z,178.13,178.32,178.1,178.12,0
2026-03-25T23:00:00.000Z,178.15,178.28,178.02,178.12,0
2026-03-25T23:30:00.000Z,178.07,178.33,178.03,178.04,0
2026-03-26T08:00:00.000Z,177.6,177.62,176.89,176.97,0
2026-03-26T08:30:00.000Z,176.97,177.12,176.63,176.99,0
2026-03-26T09:00:00.000Z,176.95,177.1,176.67,176.74,0
2026-03-26T09:30:00.000Z,176.74,176.8,176.3,176.7,0
2026-03-26T10:00:00.000Z,176.69,177.08,176.52,177,0
2026-03-26T10:30:00.000Z,176.95,177.1,176.69,176.85,0
2026-03-26T11:00:00.000Z,176.9,177.03,176.43,176.64,0
2026-03-26T11:30:00.000Z,176.64,176.72,176.2,176.21,0
2026-03-26T12:00:00.000Z,176.99,178.68,176.04,176.36,0
2026-03-26T12:30:00.000Z,176.36,176.47,176.02,176.4537,0
2026-03-26T13:00:00.000Z,176.43,176.71,175.75,176.16,0
2026-03-26T13:30:00.000Z,176.1699981689453,176.5,175.1699981689453,175.68499755859375,22438329
2026-03-26T14:00:00.000Z,175.69000244140625,175.8699951171875,174.80990600585938,174.82000732421875,13591024
2026-03-26T14:30:00.000Z,174.81500244140625,175.15989685058594,173.0399932861328,173.6123046875,18100093
2026-03-26T15:00:00.000Z,173.6199951171875,174.27999877929688,173.60000610351562,174.07009887695312,11437016
2026-03-26T15:30:00.000Z,174.06500244140625,174.8300018310547,173.7050018310547,174.65989685058594,9648063
2026-03-26T16:00:00.000Z,174.65499877929688,174.73500061035156,173.77000427246094,173.77499389648438,8730103
2026-03-26T16:30:00.000Z,173.77499389648438,173.97000122070312,173.47000122070312,173.8300018310547,7474260
2026-03-26T17:00:00.000Z,173.82000732421875,174,173.33999633789062,173.54010009765625,5762021
2026-03-26T17:30:00.000Z,173.5399932861328,173.7100067138672,171.83999633789062,171.92999267578125,12029081
2026-03-26T18:00:00.000Z,171.9199981689453,172.5,171.9149932861328,172.09500122070312,10124799
2026-03-26T18:30:00.000Z,172.09500122070312,172.5,171.97500610351562,172.29229736328125,8242359
2026-03-26T19:00:00.000Z,172.2949981689453,172.38999938964844,171.5500030517578,172.125,10351044
2026-03-26T19:30:00.000Z,172.12319946289062,172.14999389648438,171.13999938964844,171.22999572753906,17202750
2026-03-26T20:00:00.000Z,171.25,172.48,171.09,172.25,0
2026-03-26T20:30:00.000Z,172.16,172.69,163.7402,172.13,0
2026-03-26T21:00:00.000Z,172.13,184.2823,160.6223,172.41,0
2026-03-26T21:30:00.000Z,172.395,172.43,162.5914,172.19,0
2026-03-26T22:00:00.000Z,172.19,172.27,172.1,172.21,0
2026-03-26T22:30:00.000Z,172.21,172.27,171.24,172.23,0
2026-03-26T23:00:00.000Z,172.205,172.24,172.08,172.1799,0
2026-03-26T23:30:00.000Z,172.18,172.3,172.15,172.28,0
2026-03-27T08:00:00.000Z,172.5,173.06,171.9,171.99,0
2026-03-27T08:30:00.000Z,172,172.36,171.8,171.97,0
2026-03-27T09:00:00.000Z,172.02,172.08,171.29,171.98,0
2026-03-27T09:30:00.000Z,171.99,172,171.5,171.61,0
2026-03-27T10:00:00.000Z,171.57,171.93,171.4,171.67,0
2026-03-27T10:30:00.000Z,171.65,171.72,170.79,171.03,0
2026-03-27T11:00:00.000Z,171.12,171.54,170.6,171.34,0
2026-03-27T11:30:00.000Z,171.33,171.4,170.94,171.21,0
2026-03-27T12:00:00.000Z,172.38,178.75,170.6,171.72,0
2026-03-27T12:30:00.000Z,171.72,171.78,170.58,170.7,0
2026-03-27T13:00:00.000Z,170.66,177.91,169.69,169.98,0
2026-03-27T13:30:00.000Z,169.99000549316406,170.97000122070312,168.16000366210938,168.41290283203125,36688467
2026-03-27T14:00:00.000Z,168.38999938964844,169.38499450683594,167.8000030517578,167.85000610351562,19477758
2026-03-27T14:30:00.000Z,167.8300018310547,168.9199981689453,167.5500030517578,168.6699981689453,15015886
2026-03-27T15:00:00.000Z,168.6750030517578,169.5699005126953,168.25,169.5699005126953,12587760
2026-03-27T15:30:00.000Z,169.55999755859375,169.94000244140625,169.17999267578125,169.5500030517578,9951346
2026-03-27T16:00:00.000Z,169.55999755859375,169.63999938964844,168.7100067138672,168.82000732421875,7570015
2026-03-27T16:30:00.000Z,168.80999755859375,169.1999969482422,168.3699951171875,168.86500549316406,7926899
2026-03-27T17:00:00.000Z,168.86500549316406,169.27000427246094,167.8300018310547,167.83999633789062,8831252
2026-03-27T17:30:00.000Z,167.83999633789062,168.2279052734375,167.61000061035156,167.875,7395406
2026-03-27T18:00:00.000Z,167.8699951171875,168.24000549316406,167.77000427246094,168,7666989
2026-03-27T18:30:00.000Z,168.0050048828125,168.27000427246094,167.30999755859375,167.46499633789062,8281838
2026-03-27T19:00:00.000Z,167.4600067138672,167.72999572753906,167.22000122070312,167.42999267578125,9368528
2026-03-27T19:30:00.000Z,167.44000244140625,167.92999267578125,167.00999450683594,167.4600067138672,18119318
2026-03-27T20:00:00.000Z,167.46,168.49,167.21,167.4539,0
2026-03-27T20:30:00.000Z,167.4741,173.8155,156.4134,167.5,0
2026-03-27T21:00:00.000Z,167.465,173.8155,156.6058,167.4787,0
2026-03-27T21:30:00.000Z,167.48,178.68,167.25,167.31,0
2026-03-27T22:00:00.000Z,167.3,167.34,167.01,167.05,0
2026-03-27T22:30:00.000Z,167.05,167.07,167,167.03,0
2026-03-27T23:00:00.000Z,167.06,167.09,166.66,166.785,0
2026-03-27T23:30:00.000Z,166.82,166.96,166.45,166.59,0
2026-03-30T08:00:00.000Z,167.77,168.7487,166.72,168.3431,0
2026-03-30T08:30:00.000Z,168.4,169.44,168.2822,169.2884,0
2026-03-30T09:00:00.000Z,169.2911,169.6,168.91,169.3464,0
2026-03-30T09:30:00.000Z,169.34,169.4905,168.83,169.08,0
2026-03-30T10:00:00.000Z,169,169.18,168.54,168.578,0
2026-03-30T10:30:00.000Z,168.5758,168.75,168,168.25,0
2026-03-30T11:00:00.000Z,168.25,169.5,167.52,169.22,0
2026-03-30T11:30:00.000Z,169.23,169.4,168.53,168.61,0
2026-03-30T12:00:00.000Z,168.65,169.22,168.4,169.05,0
2026-03-30T12:30:00.000Z,169.09,169.34,169,169.285,0
2026-03-30T13:00:00.000Z,169.3,169.44,168.53,168.76,0
2026-03-30T13:30:00.000Z,168.73500061035156,169.4499969482422,166.2100067138672,166.2899932861328,29304675
2026-03-30T14:00:00.000Z,166.27999877929688,168.0800018310547,166.27000427246094,166.91000366210938,15024253
2026-03-30T14:30:00.000Z,166.90499877929688,168.00999450683594,166.27000427246094,167.9499969482422,13238541
2026-03-30T15:00:00.000Z,167.9600067138672,168.25,166.5399932861328,167.0050048828125,11867708
2026-03-30T15:30:00.000Z,167,168.02000427246094,166.85000610351562,167.36000061035156,10124467
2026-03-30T16:00:00.000Z,167.35000610351562,167.41000366210938,166.35000610351562,166.47500610351562,9840049
2026-03-30T16:30:00.000Z,166.47999572753906,166.9199981689453,166.24000549316406,166.5850067138672,7714838
2026-03-30T17:00:00.000Z,166.5850067138672,166.82000732421875,165.80999755859375,165.875,8653473
2026-03-30T17:30:00.000Z,165.8699951171875,166.4499969482422,165.58999633789062,166.18499755859375,7728655
2026-03-30T18:00:00.000Z,166.17999267578125,166.27000427246094,165.63999938964844,165.69500732421875,6479342
2026-03-30T18:30:00.000Z,165.6999969482422,166.07000732421875,165.17999267578125,165.28500366210938,7567315
2026-03-30T19:00:00.000Z,165.27999877929688,165.47000122070312,164.2949981689453,164.46310424804688,12135057
2026-03-30T19:30:00.000Z,164.46499633789062,165.5399932861328,164.27000427246094,165.05999755859375,18227730
2026-03-30T20:00:00.000Z,165.06,165.34,164.525,165,0
2026-03-30T20:30:00.000Z,164.94,165.2,164.9,165.15,0
2026-03-30T21:00:00.000Z,165.15,165.17,164.8,164.97,0
2026-03-30T21:30:00.000Z,165,165,164.72,164.83,0
2026-03-30T22:00:00.000Z,164.87,176.37,164.78,164.83,0
2026-03-30T22:30:00.000Z,164.85,164.93,164.51,164.55,0
2026-03-30T23:00:00.000Z,164.55,164.59,164.05,164.15,0
2026-03-30T23:30:00.000Z,164.18,164.19,163.5,163.5187,0
2026-03-31T08:00:00.000Z,166.32,167.25,165.17,166.74,0
2026-03-31T08:30:00.000Z,166.74,166.8642,166.32,166.65,0
2026-03-31T09:00:00.000Z,166.6,166.9707,166.6,166.88,0
2026-03-31T09:30:00.000Z,166.8,166.87,166.34,166.5953,0
2026-03-31T10:00:00.000Z,166.53,166.7,166.41,166.6502,0
2026-03-31T10:30:00.000Z,166.6463,166.73,165.8393,166.06,0
2026-03-31T11:00:00.000Z,166.03,167.378,165.17,167.0763,0
2026-03-31T11:30:00.000Z,167.08,167.57,166.9,167.3002,0
2026-03-31T12:00:00.000Z,167.3,168.1,167,167.75,0
2026-03-31T12:30:00.000Z,167.72,168,167.42,167.54,0
2026-03-31T13:00:00.000Z,167.5113,167.7,166.8,167.02,0
2026-03-31T13:30:00.000Z,166.97000122070312,170.16000366210938,166.9600067138672,170.10499572753906,27988176
2026-03-31T14:00:00.000Z,170.1199951171875,171.0749969482422,169.2100067138672,170.97999572753906,16966639
2026-03-31T14:30:00.000Z,170.97999572753906,171.3800048828125,169.55999755859375,170.0449981689453,15317589
2026-03-31T15:00:00.000Z,170.04510498046875,170.74000549316406,169.98500061035156,170.30499267578125,10674053
2026-03-31T15:30:00.000Z,170.3000030517578,170.61500549316406,169.80499267578125,169.84500122070312,8432539
2026-03-31T16:00:00.000Z,169.83999633789062,171.27999877929688,169.7550048828125,171.0500030517578,10098574
2026-03-31T16:30:00.000Z,171.0500030517578,173.8800048828125,170.7550048828125,172.9149932861328,19967531
2026-03-31T17:00:00.000Z,172.9149932861328,173.8800048828125,172.75999450683594,173.27499389648438,13231582
2026-03-31T17:30:00.000Z,173.27999877929688,173.72999572753906,172.27999877929688,172.42999267578125,11008468
2026-03-31T18:00:00.000Z,172.42999267578125,173.4600067138672,172.42010498046875,173.26499938964844,8339806
2026-03-31T18:30:00.000Z,173.25999450683594,174.00999450683594,173.02000427246094,173.71499633789062,9823577
2026-03-31T19:00:00.000Z,173.7100067138672,174.27499389648438,173.5850067138672,173.93499755859375,11859215
2026-03-31T19:30:00.000Z,173.92999267578125,174.6199951171875,173.85499572753906,174.3800048828125,20307842
2026-03-31T20:00:00.000Z,174.37,174.85,170.26,174.71,0
2026-03-31T20:30:00.000Z,174.7,174.75,162.88,174.24,0
2026-03-31T21:00:00.000Z,174.27,174.4,174.12,174.2,0
2026-03-31T21:30:00.000Z,174.21,174.4,173.75,173.93,0
2026-03-31T22:00:00.000Z,173.87,174.59,173.7519,174.38,0
2026-03-31T22:30:00.000Z,174.3822,174.48,174.02,174.26,0
2026-03-31T23:00:00.000Z,174.29,174.4,174.15,174.35,0
2026-03-31T23:30:00.000Z,174.35,174.97,174.3,174.97,0
2026-04-01T08:00:00.000Z,175.77,176.98,174.4,175.72,0
2026-04-01T08:30:00.000Z,175.72,176,175.21,175.66,0
2026-04-01T09:00:00.000Z,175.63,175.71,174.8,175.1517,0
2026-04-01T09:30:00.000Z,175.19,175.6288,175.15,175.4,0
2026-04-01T10:00:00.000Z,175.41,175.73,175.3,175.64,0
2026-04-01T10:30:00.000Z,175.6,176.09,175.45,175.7988,0
2026-04-01T11:00:00.000Z,175.6792,176.95,174.4,176.84,0
2026-04-01T11:30:00.000Z,176.81,177.32,176.78,176.8626,0
2026-04-01T12:00:00.000Z,176.85,177.2,174.4,176.3526,0
2026-04-01T12:30:00.000Z,176.35,176.85,174.4,175.7,0
2026-04-01T13:00:00.000Z,175.69,176.78,174.4,176,0
2026-04-01T13:30:00.000Z,176,176.60000610351562,174.75999450683594,175.8800048828125,32214442
2026-04-01T14:00:00.000Z,175.88999938964844,176.4199981689453,175.5399932861328,176.1999969482422,13856801
2026-04-01T14:30:00.000Z,176.19000244140625,176.7050018310547,175.5050048828125,176.68499755859375,12214471
2026-04-01T15:00:00.000Z,176.69000244140625,177.11500549316406,176.47999572753906,176.48500061035156,10460617
2026-04-01T15:30:00.000Z,176.47999572753906,177.27000427246094,176.39999389648438,177.10499572753906,7854031
2026-04-01T16:00:00.000Z,177.11000061035156,177.3699951171875,176.89999389648438,177.10000610351562,7465818
2026-04-01T16:30:00.000Z,177.10000610351562,177.1649932861328,176.61000061035156,176.65499877929688,6114008
2026-04-01T17:00:00.000Z,176.64999389648438,177.08999633789062,176.625,176.6649932861328,5077699
2026-04-01T17:30:00.000Z,176.6649932861328,176.72000122070312,175.85009765625,175.9499969482422,6516976
2026-04-01T18:00:00.000Z,175.94000244140625,176.02999877929688,174.8699951171875,175.0800018310547,9702924
2026-04-01T18:30:00.000Z,175.0800018310547,175.6699981689453,174.80499267578125,175.46499633789062,7417099
2026-04-01T19:00:00.000Z,175.4499969482422,176.32000732421875,175.39999389648438,176.00999450683594,9068539
2026-04-01T19:30:00.000Z,176.0050048828125,176.25999450683594,175.50010681152344,175.8000030517578,11838090
2026-04-01T20:00:00.000Z,175.81,176.1451,175.55,175.6,0
2026-04-01T20:30:00.000Z,175.6,175.89,175.5812,175.78,0
2026-04-01T21:00:00.000Z,175.72,187.67,175.72,175.84,0
2026-04-01T21:30:00.000Z,175.82,177.82,175.82,175.8565,0
2026-04-01T22:00:00.000Z,175.83,176.65,175.72,176.45,0
2026-04-01T22:30:00.000Z,176.435,176.46,176.08,176.13,0
2026-04-01T23:00:00.000Z,176.2,176.45,176.0801,176.35,0
2026-04-01T23:30:00.000Z,176.38,176.4,176.04,176.0799,0
2026-04-02T08:00:00.000Z,172.14,175.75,170.91,171.71,0
2026-04-02T08:30:00.000Z,171.7,172.04,171.6,171.68,0
2026-04-02T09:00:00.000Z,171.6788,171.9388,171.55,171.8,0
2026-04-02T09:30:00.000Z,171.84,171.9,171.64,171.7336,0
2026-04-02T10:00:00.000Z,171.7025,171.8,171.21,171.2587,0
2026-04-02T10:30:00.000Z,171.25,171.79,171.1,171.765,0
2026-04-02T11:00:00.000Z,171.78,171.9699,170.66,170.6956,0
2026-04-02T11:30:00.000Z,170.7,170.92,170.33,170.4,0
2026-04-02T12:00:00.000Z,170.3682,175.75,170.2,170.8305,0
2026-04-02T12:30:00.000Z,170.7884,175.75,170.75,170.9488,0
2026-04-02T13:00:00.000Z,170.98,172.34,170.5,172.18,0
2026-04-02T13:30:00.000Z,172.17999267578125,174.17999267578125,171.3699951171875,174.07000732421875,30458917
2026-04-02T14:00:00.000Z,174.0800018310547,175.10000610351562,173.6199951171875,174.0449981689453,14982633
2026-04-02T14:30:00.000Z,174.02999877929688,176.69000244140625,173.9199981689453,176.33009338378906,14478620
2026-04-02T15:00:00.000Z,176.35000610351562,177.14999389648438,175.76499938964844,176.67999267578125,9903607
2026-04-02T15:30:00.000Z,176.6999969482422,177.02000427246094,176.0800018310547,176.50999450683594,7906690
2026-04-02T16:00:00.000Z,176.51010131835938,176.75999450683594,175.72000122070312,176.125,6213611
2026-04-02T16:30:00.000Z,176.1199951171875,176.8300018310547,175.77000427246094,176.39999389648438,5269430
2026-04-02T17:00:00.000Z,176.39999389648438,176.9199981689453,176.2100067138672,176.77499389648438,3974230
2026-04-02T17:30:00.000Z,176.7899932861328,176.8800048828125,176.110107421875,176.3800048828125,4689357
2026-04-02T18:00:00.000Z,176.38499450683594,177.0500030517578,176.38499450683594,176.5399932861328,5046958
2026-04-02T18:30:00.000Z,176.5500030517578,177.13999938964844,176.52000427246094,176.84500122070312,5235420
2026-04-02T19:00:00.000Z,176.83999633789062,177.47000122070312,176.83999633789062,176.90499877929688,7537861
2026-04-02T19:30:00.000Z,176.89999389648438,177.47999572753906,176.86000061035156,177.39999389648438,10781288
2026-04-02T20:00:00.000Z,177.39,177.49,176.819,177.2006,0
2026-04-02T20:30:00.000Z,177.21,177.39,176.98,177.0488,0
2026-04-02T21:00:00.000Z,177,177.39,176.8,176.86,0
2026-04-02T21:30:00.000Z,176.8599,177.39,176.78,176.905,0
2026-04-02T22:00:00.000Z,176.92,177,176.82,176.89,0
2026-04-02T22:30:00.000Z,176.86,176.91,176.69,176.73,0
2026-04-02T23:00:00.000Z,176.71,176.79,176.65,176.745,0
2026-04-02T23:30:00.000Z,176.745,176.85,176.62,176.6707,0
2026-04-06T08:00:00.000Z,177.9488,178.7195,177.05,178.64,0
2026-04-06T08:30:00.000Z,178.65,179.1763,178.64,178.7737,0
2026-04-06T09:00:00.000Z,178.76,179,178.64,178.9569,0
2026-04-06T09:30:00.000Z,178.95,178.95,178.22,178.3,0
2026-04-06T10:00:00.000Z,178.3,178.45,178,178.3525,0
2026-04-06T10:30:00.000Z,178.31,178.35,177.2,177.71,0
2026-04-06T11:00:00.000Z,177.71,177.95,177.39,177.82,0
2026-04-06T11:30:00.000Z,177.82,178.15,177.81,178.0836,0
2026-04-06T12:00:00.000Z,178.1,178.1274,177.85,177.955,0
2026-04-06T12:30:00.000Z,177.97,178.04,177.6,177.66,0
2026-04-06T13:00:00.000Z,177.69,177.79,176.325,177.1335,0
2026-04-06T13:30:00.000Z,177.15499877929688,177.7899932861328,175.75999450683594,177.0399932861328,20037618
2026-04-06T14:00:00.000Z,177.0399932861328,177.3300018310547,175.99000549316406,176.77999877929688,11864488
2026-04-06T14:30:00.000Z,176.77999877929688,176.9550018310547,176.18350219726562,176.58009338378906,8993334
2026-04-06T15:00:00.000Z,176.59500122070312,176.9550018310547,176.4149932861328,176.48609924316406,5429874
2026-04-06T15:30:00.000Z,176.49000549316406,177.61000061035156,176.4499969482422,177.44009399414062,6086487
2026-04-06T16:00:00.000Z,177.4499969482422,177.48500061035156,176.94000244140625,177.15499877929688,4690482
2026-04-06T16:30:00.000Z,177.1501007080078,177.44000244140625,176.86500549316406,177,4273644
2026-04-06T17:00:00.000Z,177,177.0399932861328,176.10000610351562,176.93499755859375,5769860
2026-04-06T17:30:00.000Z,176.9320068359375,177.1300048828125,176.5500030517578,176.59500122070312,4952124
2026-04-06T18:00:00.000Z,176.60000610351562,177.3000030517578,176.44500732421875,176.98500061035156,5420284
2026-04-06T18:30:00.000Z,176.97500610351562,177.32000732421875,176.75,177.1699981689453,3696128
2026-04-06T19:00:00.000Z,177.19000244140625,177.4199981689453,177.02999877929688,177.2200927734375,4688263
2026-04-06T19:30:00.000Z,177.22000122070312,177.67999267578125,177.0749969482422,177.63999938964844,8330957
2026-04-06T20:00:00.000Z,177.64,177.64,176.9991,177.4826,0
2026-04-06T20:30:00.000Z,177.5,178.68,177.45,177.4805,0
2026-04-06T21:00:00.000Z,177.49,177.6,177.03,177.3003,0
2026-04-06T21:30:00.000Z,177.33,177.43,177.23,177.25,0
2026-04-06T22:00:00.000Z,177.24,177.37,176.79,176.95,0
2026-04-06T22:30:00.000Z,176.925,177.08,176.65,176.8305,0
2026-04-06T23:00:00.000Z,176.8297,177,176.7652,176.82,0
2026-04-06T23:30:00.000Z,176.83,176.85,176.72,176.75,0
2026-04-07T08:00:00.000Z,176.5025,177.64,176.0597,177.16,0
2026-04-07T08:30:00.000Z,177.15,177.4772,176.85,176.98,0
2026-04-07T09:00:00.000Z,176.99,177.08,176.7,176.8812,0
2026-04-07T09:30:00.000Z,176.8412,177.12,176.67,176.7427,0
2026-04-07T10:00:00.000Z,176.74,176.8806,175.81,176.5817,0
2026-04-07T10:30:00.000Z,176.56,176.65,175.2,175.6475,0
2026-04-07T11:00:00.000Z,175.59,177.64,175.4,175.5978,0
2026-04-07T11:30:00.000Z,175.61,175.7,175.35,175.5046,0
2026-04-07T12:00:00.000Z,175.5231,175.56,174.8,175.5,0
2026-04-07T12:30:00.000Z,175.45,175.66,175.04,175.1163,0
2026-04-07T13:00:00.000Z,175.12,175.782,175.01,175.63,0
2026-04-07T13:30:00.000Z,175.75,176.99000549316406,175.25,175.33990478515625,18363133
2026-04-07T14:00:00.000Z,175.32000732421875,175.6300048828125,174.44000244140625,175.0800018310547,12770371
2026-04-07T14:30:00.000Z,175.08999633789062,175.1699981689453,174.24000549316406,174.25999450683594,9195800
2026-04-07T15:00:00.000Z,174.24000549316406,175.07000732421875,173.66000366210938,175.01010131835938,9387015
2026-04-07T15:30:00.000Z,175.02000427246094,175.47999572753906,174.69000244140625,175.22500610351562,6370861
2026-04-07T16:00:00.000Z,175.22999572753906,175.9499053955078,174.96499633789062,175.41000366210938,7402370
2026-04-07T16:30:00.000Z,175.39999389648438,175.9470977783203,175.27999877929688,175.53500366210938,4868847
2026-04-07T17:00:00.000Z,175.53990173339844,175.83999633789062,175.3105010986328,175.38999938964844,4613508
2026-04-07T17:30:00.000Z,175.38999938964844,176.17999267578125,175.34500122070312,175.77000427246094,6026305
2026-04-07T18:00:00.000Z,175.7799072265625,176.07000732421875,175.6199951171875,175.69960021972656,4365505
2026-04-07T18:30:00.000Z,175.69500732421875,175.7899932861328,174.9801025390625,175.23500061035156,5250178
2026-04-07T19:00:00.000Z,175.24049377441406,176.8699951171875,175.11990356445312,176.2899932861328,8559648
2026-04-07T19:30:00.000Z,176.27499389648438,178.2050018310547,176.0800018310547,178.09500122070312,15240344
2026-04-07T20:00:00.000Z,178.1,179.89,177.85,177.9001,0
2026-04-07T20:30:00.000Z,177.9052,178.49,177.89,178.317,0
2026-04-07T21:00:00.000Z,178.26,178.5,178.1,178.32,0
2026-04-07T21:30:00.000Z,178.3008,178.71,178.1,178.6,0
2026-04-07T22:00:00.000Z,178.7,180,178.7,179.465,0
2026-04-07T22:30:00.000Z,179.43,182.44,177.54,182.4101,0
2026-04-07T23:00:00.000Z,182.4103,183.66,182,183.1097,0
2026-04-07T23:30:00.000Z,183.1,183.3,182.7,183.2601,0
2026-04-08T08:00:00.000Z,183.5,184.51,178.1,184.47,0
2026-04-08T08:30:00.000Z,184.48,184.89,184.32,184.7758,0
2026-04-08T09:00:00.000Z,184.77,185.1,184.5022,184.76,0
2026-04-08T09:30:00.000Z,184.76,184.82,184.43,184.5792,0
2026-04-08T10:00:00.000Z,184.5526,185.05,184.5,185.03,0
2026-04-08T10:30:00.000Z,185.01,185.22,184.34,184.37,0
2026-04-08T11:00:00.000Z,184.35,184.9,183.77,184.47,0
2026-04-08T11:30:00.000Z,184.44,184.85,184.25,184.3195,0
2026-04-08T12:00:00.000Z,184.3196,184.82,184.0492,184.4521,0
2026-04-08T12:30:00.000Z,184.4587,184.66,184.1691,184.6,0
2026-04-08T13:00:00.000Z,184.5884,184.95,184.4,184.47,0
2026-04-08T13:30:00.000Z,184.4499969482422,185.25,182.5800018310547,182.6199951171875,36927779
2026-04-08T14:00:00.000Z,182.61000061035156,182.7989959716797,181.2550048828125,181.8000030517578,14675157
2026-04-08T14:30:00.000Z,181.79510498046875,181.92970275878906,180.30999755859375,180.88499450683594,12021810
2026-04-08T15:00:00.000Z,180.88999938964844,181.69200134277344,180.8800048828125,181.3000030517578,8893303
2026-04-08T15:30:00.000Z,181.3000030517578,181.9199981689453,181.1300048828125,181.64999389648438,6287693
2026-04-08T16:00:00.000Z,181.63999938964844,182.02999877929688,181.2899932861328,181.4499969482422,5605645
2026-04-08T16:30:00.000Z,181.4499969482422,181.78799438476562,181.38999938964844,181.5904998779297,4559776
2026-04-08T17:00:00.000Z,181.59500122070312,181.80999755859375,181.375,181.44500732421875,4600149
2026-04-08T17:30:00.000Z,181.44500732421875,181.86500549316406,181.2949981689453,181.74000549316406,4208767
2026-04-08T18:00:00.000Z,181.72999572753906,182.17999267578125,181.4949951171875,181.70030212402344,6310228
2026-04-08T18:30:00.000Z,181.7075958251953,182.0500030517578,181.10000610351562,181.1800994873047,5144744
2026-04-08T19:00:00.000Z,181.16000366210938,181.97000122070312,181.10000610351562,181.7050018310547,6006394
2026-04-08T19:30:00.000Z,181.6999969482422,182.3000030517578,181.64999389648438,182.10000610351562,11293205
2026-04-08T20:00:00.000Z,182.11,182.11,181.69,181.79,0
2026-04-08T20:30:00.000Z,181.7901,190.8448,175.7997,181.74,0
2026-04-08T21:00:00.000Z,181.74,190.8448,174.4123,181.5395,0
2026-04-08T21:30:00.000Z,181.54,181.66,181.5,181.53,0
2026-04-08T22:00:00.000Z,181.549,181.64,181.11,181.2478,0
2026-04-08T22:30:00.000Z,181.2999,181.3,181,181.13,0
2026-04-08T23:00:00.000Z,181.09,181.3,181,181.02,0
2026-04-08T23:30:00.000Z,181.025,181.09,180.85,180.9401,0
2026-04-09T08:00:00.000Z,182,182.08,180,180.33,0
2026-04-09T08:30:00.000Z,180.33,180.7688,180.3,180.47,0
2026-04-09T09:00:00.000Z,180.49,180.73,180.37,180.69,0
2026-04-09T09:30:00.000Z,180.73,180.93,180.65,180.92,0
2026-04-09T10:00:00.000Z,180.92,180.98,180.549,180.6807,0
2026-04-09T10:30:00.000Z,180.7053,180.8,180.5,180.5,0
2026-04-09T11:00:00.000Z,180.54,182.08,180.5109,180.79,0
2026-04-09T11:30:00.000Z,180.7797,181.34,180.7797,181.28,0
2026-04-09T12:00:00.000Z,181.3,182.08,181,181.05,0
2026-04-09T12:30:00.000Z,181.09,181.34,180.87,181.215,0
2026-04-09T13:00:00.000Z,181.23,181.92,180.69,181.8,0
2026-04-09T13:30:00.000Z,181.83999633789062,182.25999450683594,180.62010192871094,181.47500610351562,17519243
2026-04-09T14:00:00.000Z,181.49000549316406,182.25,181.2899932861328,181.625,9242692
2026-04-09T14:30:00.000Z,181.61000061035156,182.75999450683594,181.38999938964844,182.53500366210938,9057652
2026-04-09T15:00:00.000Z,182.52499389648438,183.52999877929688,182.36000061035156,182.8350067138672,9199413
2026-04-09T15:30:00.000Z,182.8300018310547,183.57989501953125,182.72000122070312,183.4149932861328,7153671
2026-04-09T16:00:00.000Z,183.44000244140625,183.9600067138672,183.1999969482422,183.53500366210938,6831497
2026-04-09T16:30:00.000Z,183.52999877929688,183.6699981689453,183.10000610351562,183.48500061035156,4866417
2026-04-09T17:00:00.000Z,183.49000549316406,183.88999938964844,183.38999938964844,183.4600067138672,4662130
2026-04-09T17:30:00.000Z,183.4550018310547,183.73959350585938,183.16000366210938,183.5399932861328,4812836
2026-04-09T18:00:00.000Z,183.5500030517578,183.69000244140625,183,183.10000610351562,4705729
2026-04-09T18:30:00.000Z,183.0800018310547,183.60000610351562,182.9199981689453,183.47000122070312,4030404
2026-04-09T19:00:00.000Z,183.4700927734375,183.8300018310547,183.44000244140625,183.64500427246094,5145966
2026-04-09T19:30:00.000Z,183.64999389648438,184.0800018310547,183.60000610351562,183.85000610351562,10974717
2026-04-09T20:00:00.000Z,183.91,183.95,183.45,183.5787,0
2026-04-09T20:30:00.000Z,183.56,193.3398,177.64,183.68,0
2026-04-09T21:00:00.000Z,183.67,183.75,181.3361,183.5,0
2026-04-09T21:30:00.000Z,183.5005,183.91,183.45,183.52,0
2026-04-09T22:00:00.000Z,183.525,195.9818,183.42,183.49,0
2026-04-09T22:30:00.000Z,183.41,183.55,183.18,183.19,0
2026-04-09T23:00:00.000Z,183.2,183.39,183.11,183.265,0
2026-04-09T23:30:00.000Z,183.25,183.28,182.8995,183.02,0
2026-04-10T08:00:00.000Z,183.19,183.91,182.84,183.05,0
2026-04-10T08:30:00.000Z,183.0537,183.0685,182.55,182.61,0
2026-04-10T09:00:00.000Z,182.71,183.29,182.6,182.9877,0
2026-04-10T09:30:00.000Z,182.99,182.99,182.3,182.8477,0
2026-04-10T10:00:00.000Z,182.84,183.2558,182.654,183.166,0
2026-04-10T10:30:00.000Z,183.06,183.1947,182.9,183.12,0
2026-04-10T11:00:00.000Z,183.08,183.5,183.05,183.34,0
2026-04-10T11:30:00.000Z,183.33,183.75,183.17,183.34,0
2026-04-10T12:00:00.000Z,183.4,183.86,183.31,183.73,0
2026-04-10T12:30:00.000Z,183.74,184.23,183.63,183.93,0
2026-04-10T13:00:00.000Z,183.91,184.4,183.88,184.3,0
2026-04-10T13:30:00.000Z,184.4199981689453,187.9199981689453,184.3000030517578,187.0605926513672,28207061
2026-04-10T14:00:00.000Z,187.0800018310547,187.8300018310547,186.30999755859375,187.8249969482422,13634625
2026-04-10T14:30:00.000Z,187.8350067138672,188.94500732421875,187.72999572753906,188.89500427246094,16610119
2026-04-10T15:00:00.000Z,188.89500427246094,190,188.5800018310547,189.47999572753906,15709624
2026-04-10T15:30:00.000Z,189.48500061035156,189.5800018310547,188.15499877929688,188.43499755859375,11022526
2026-04-10T16:00:00.000Z,188.44000244140625,188.77999877929688,188.09500122070312,188.45469665527344,6830230
2026-04-10T16:30:00.000Z,188.4499969482422,188.5800018310547,187.92999267578125,188.51499938964844,6599842
2026-04-10T17:00:00.000Z,188.51499938964844,188.6199951171875,188.10499572753906,188.1470947265625,5988078
2026-04-10T17:30:00.000Z,188.13999938964844,188.7698974609375,187.9600067138672,188.6699981689453,4526077
2026-04-10T18:00:00.000Z,188.6699981689453,189,188.3000030517578,188.5850067138672,6171107
2026-04-10T18:30:00.000Z,188.5800018310547,188.93499755859375,188.38009643554688,188.7799072265625,4689870
2026-04-10T19:00:00.000Z,188.77999877929688,189.69000244140625,188.75999450683594,189.38999938964844,9011858
2026-04-10T19:30:00.000Z,189.38499450683594,189.38499450683594,188.11000061035156,188.63999938964844,14162426
2026-04-10T20:00:00.000Z,188.73,188.8,178.68,188.69,0
2026-04-10T20:30:00.000Z,188.69,188.85,188.45,188.7305,0
2026-04-10T21:00:00.000Z,188.75,188.75,188.48,188.5097,0
2026-04-10T21:30:00.000Z,188.5002,188.63,188.32,188.4,0
2026-04-10T22:00:00.000Z,188.4,188.43,188.22,188.27,0
2026-04-10T22:30:00.000Z,188.23,188.28,188.17,188.1809,0
2026-04-10T23:00:00.000Z,188.18,188.22,188.12,188.165,0
2026-04-10T23:30:00.000Z,188.17,188.44,188.11,188.4199,0
2026-04-13T08:00:00.000Z,186.19,186.2,185.12,186.02,0
2026-04-13T08:30:00.000Z,186.0253,186.35,185.9,186.3288,0
2026-04-13T09:00:00.000Z,186.33,186.7,186.28,186.54,0
2026-04-13T09:30:00.000Z,186.54,186.67,186.22,186.24,0
2026-04-13T10:00:00.000Z,186.24,186.34,186.07,186.2658,0
2026-04-13T10:30:00.000Z,186.25,186.6605,185.82,186.59,0
2026-04-13T11:00:00.000Z,186.57,188.63,185.9,186.2052,0
2026-04-13T11:30:00.000Z,186.29,186.29,185.59,185.68,0
2026-04-13T12:00:00.000Z,185.64,185.88,185.45,185.749,0
2026-04-13T12:30:00.000Z,185.73,186.22,185.49,185.95,0
2026-04-13T13:00:00.000Z,185.9605,186.14,185.65,186,0
2026-04-13T13:30:00.000Z,186.02000427246094,188.0500030517578,185.74000549316406,188.02499389648438,24473946
2026-04-13T14:00:00.000Z,188.0229949951172,188.47999572753906,187.6199951171875,188.41990661621094,11469799
2026-04-13T14:30:00.000Z,188.41000366210938,189.6300048828125,188.13499450683594,189.36000061035156,9692696
2026-04-13T15:00:00.000Z,189.375,189.64999389648438,188.5800018310547,188.6107940673828,9229905
2026-04-13T15:30:00.000Z,188.6199951171875,188.89990234375,188,188.2570037841797,7600654
2026-04-13T16:00:00.000Z,188.26150512695312,188.6199951171875,187.9199981689453,188.44509887695312,6363031
2026-04-13T16:30:00.000Z,188.44000244140625,188.49000549316406,187.85000610351562,188.34500122070312,6232505
2026-04-13T17:00:00.000Z,188.34500122070312,188.64990234375,188.1199951171875,188.2050018310547,4949326
2026-04-13T17:30:00.000Z,188.2100067138672,188.4199981689453,187.97999572753906,188.09500122070312,4711062
2026-04-13T18:00:00.000Z,188.09500122070312,188.25,187.97000122070312,188.0198974609375,4409750
2026-04-13T18:30:00.000Z,188.00999450683594,188.72999572753906,187.99000549316406,188.5449981689453,5304654
2026-04-13T19:00:00.000Z,188.5449981689453,188.88999938964844,188.47999572753906,188.7050018310547,5672320
2026-04-13T19:30:00.000Z,188.6999969482422,189.4550018310547,188.38999938964844,189.2100067138672,12534805
2026-04-13T20:00:00.000Z,189.2,189.5,188.3,189.2001,0
2026-04-13T20:30:00.000Z,189.21,199.969,188.29,188.9773,0
2026-04-13T21:00:00.000Z,189,199.969,177.8272,189.1302,0
2026-04-13T21:30:00.000Z,189.1302,190.0723,177.8272,188.99,0
2026-04-13T22:00:00.000Z,189.03,190.0723,181.4671,189.025,0
2026-04-13T22:30:00.000Z,189.025,189.28,189,189.25,0
2026-04-13T23:00:00.000Z,189.25,189.37,189.13,189.18,0
2026-04-13T23:30:00.000Z,189.18,189.2,189,189.0065,0
2026-04-14T08:00:00.000Z,189.59,190.21,188.91,189.8985,0
2026-04-14T08:30:00.000Z,189.9,189.99,189.8,189.97,0
2026-04-14T09:00:00.000Z,189.97,190,189.84,189.8716,0
2026-04-14T09:30:00.000Z,189.87,189.8984,189.71,189.7521,0
2026-04-14T10:00:00.000Z,189.7786,189.9,189.63,189.7025,0
2026-04-14T10:30:00.000Z,189.7,189.85,189.4,189.51,0
2026-04-14T11:00:00.000Z,189.5,190.63,189.31,190.56,0
2026-04-14T11:30:00.000Z,190.5695,190.72,190.38,190.6,0
2026-04-14T12:00:00.000Z,190.56,190.87,190.5,190.6868,0
2026-04-14T12:30:00.000Z,190.6883,190.88,190.16,190.4006,0
2026-04-14T13:00:00.000Z,190.42,191.11,190,190.9108,0
2026-04-14T13:30:00.000Z,190.8300018310547,193.30999755859375,190.8000030517578,192.24000549316406,31705579
2026-04-14T14:00:00.000Z,192.22999572753906,192.99000549316406,191.4600067138672,192.86000061035156,11814885
2026-04-14T14:30:00.000Z,192.8699951171875,193.47500610351562,192.66000366210938,193.32000732421875,9742323
2026-04-14T15:00:00.000Z,193.3300018310547,193.72999572753906,192.66000366210938,193.44500732421875,9564170
2026-04-14T15:30:00.000Z,193.44500732421875,194.389892578125,193.3300018310547,194.02499389648438,10706626
2026-04-14T16:00:00.000Z,194.02000427246094,194.94000244140625,194,194.79989624023438,7905668
2026-04-14T16:30:00.000Z,194.80589294433594,194.8800048828125,194.4600067138672,194.56500244140625,7096353
2026-04-14T17:00:00.000Z,194.56500244140625,194.99000549316406,194.33999633789062,194.72500610351562,6894344
2026-04-14T17:30:00.000Z,194.72999572753906,194.875,194.64999389648438,194.7801055908203,4093699
2026-04-14T18:00:00.000Z,194.78500366210938,194.89999389648438,194.38999938964844,194.5800018310547,4718169
2026-04-14T18:30:00.000Z,194.5749969482422,194.9499969482422,194.56500244140625,194.93699645996094,5052974
2026-04-14T19:00:00.000Z,194.93499755859375,196.33999633789062,194.89999389648438,196.20989990234375,14257025
2026-04-14T19:30:00.000Z,196.1999969482422,196.5,195.57000732421875,196.49000549316406,16494329
2026-04-14T20:00:00.000Z,196.49,196.91,193.986,196.55,0
2026-04-14T20:30:00.000Z,196.56,208.233,192.9518,196.35,0
2026-04-14T21:00:00.000Z,196.37,196.51,195.61,196.075,0
2026-04-14T21:30:00.000Z,196.05,196.2,195.75,195.82,0
2026-04-14T22:00:00.000Z,195.81,205.6974,195.62,195.84,0
2026-04-14T22:30:00.000Z,195.83,208.233,192.9518,195.845,0
2026-04-14T23:00:00.000Z,195.84,196.1,195.83,195.92,0
2026-04-14T23:30:00.000Z,195.91,196.25,195.88,196.19,0
2026-04-15T08:00:00.000Z,195.87,196.51,195.04,196.1,0
2026-04-15T08:30:00.000Z,196.15,196.2402,195.8812,196.05,0
2026-04-15T09:00:00.000Z,196.04,196.0682,195.35,195.54,0
2026-04-15T09:30:00.000Z,195.49,195.5163,194.89,195.0792,0
2026-04-15T10:00:00.000Z,195.059,195.39,194.7322,194.9706,0
2026-04-15T10:30:00.000Z,195.0021,195.87,194.862,195.778,0
2026-04-15T11:00:00.000Z,195.74,196.64,195.71,196.075,0
2026-04-15T11:30:00.000Z,196.07,196.52,195.71,196.0803,0
2026-04-15T12:00:00.000Z,196.08,196.08,195.39,195.46,0
2026-04-15T12:30:00.000Z,195.48,195.8398,195.39,195.575,0
2026-04-15T13:00:00.000Z,195.59,196.6605,195.36,196.51,0
2026-04-15T13:30:00.000Z,196.5500030517578,198.67999267578125,196.25999450683594,198.52999877929688,30275454
2026-04-15T14:00:00.000Z,198.5399932861328,199.5800018310547,198.2200927734375,199.24000549316406,16997321
2026-04-15T14:30:00.000Z,199.25990295410156,199.8699951171875,199.02000427246094,199.36000061035156,12040800
2026-04-15T15:00:00.000Z,199.3699951171875,199.94000244140625,199.3300018310547,199.80999755859375,11047632
2026-04-15T15:30:00.000Z,199.7949981689453,200.39999389648438,199.42999267578125,199.68499755859375,15931766
2026-04-15T16:00:00.000Z,199.67999267578125,199.75999450683594,199.08999633789062,199.125,7379639
2026-04-15T16:30:00.000Z,199.1201934814453,199.13999938964844,196.13999938964844,197.07000732421875,14383720
2026-04-15T17:00:00.000Z,197.05499267578125,197.5699005126953,196.89999389648438,196.97000122070312,8218078
2026-04-15T17:30:00.000Z,196.9550018310547,197.7100067138672,196.1699981689453,196.24000549316406,7129750
2026-04-15T18:00:00.000Z,196.24000549316406,197.1300048828125,195.74000549316406,196.9698944091797,9283203
2026-04-15T18:30:00.000Z,196.9600067138672,197.52000427246094,196.95249938964844,197.31500244140625,6204062
2026-04-15T19:00:00.000Z,197.31500244140625,198.27000427246094,197.14999389648438,198.23989868164062,7907652
2026-04-15T19:30:00.000Z,198.24000549316406,199.1699981689453,198.02000427246094,198.8677978515625,16516099
2026-04-15T20:00:00.000Z,198.85,199.25,184.51,198.25,0
2026-04-15T20:30:00.000Z,198.25,204.3475,185.5528,198.3124,0
2026-04-15T21:00:00.000Z,198.325,198.39,198.26,198.38,0
2026-04-15T21:30:00.000Z,198.39,198.39,198.18,198.19,0
2026-04-15T22:00:00.000Z,198.15,199.2898,198.1,198.225,0
2026-04-15T22:30:00.000Z,198.24,198.48,194.2784,198.41,0
2026-04-15T23:00:00.000Z,198.4115,198.5,198.34,198.375,0
2026-04-15T23:30:00.000Z,198.3935,204.3475,194.2784,198.49,0
2026-04-16T08:00:00.000Z,199.51,200.2285,198.87,199.53,0
2026-04-16T08:30:00.000Z,199.52,199.73,199.3,199.67,0
2026-04-16T09:00:00.000Z,199.63,199.84,199.55,199.625,0
2026-04-16T09:30:00.000Z,199.59,199.77,199.5597,199.57,0
2026-04-16T10:00:00.000Z,199.5649,199.65,198.8315,198.89,0
2026-04-16T10:30:00.000Z,198.87,198.8837,196.8,197.7584,0
2026-04-16T11:00:00.000Z,197.745,198.32,197.61,198.01,0
2026-04-16T11:30:00.000Z,198.03,198.16,197.5,197.85,0
2026-04-16T12:00:00.000Z,197.87,198.25,197.61,197.765,0
2026-04-16T12:30:00.000Z,197.7541,197.855,190.345,197.6799,0
2026-04-16T13:00:00.000Z,197.6509,198.1,197.22,197.46,0
2026-04-16T13:30:00.000Z,197.42999267578125,197.75750732421875,195.80999755859375,196.72979736328125,24063072
2026-04-16T14:00:00.000Z,196.72999572753906,197.75999450683594,196.41000366210938,197.3699951171875,10803958
2026-04-16T14:30:00.000Z,197.3699951171875,198.75,197.30999755859375,198.67999267578125,9171384
2026-04-16T15:00:00.000Z,198.6750030517578,199.85000610351562,198.64999389648438,199.00999450683594,10523094
2026-04-16T15:30:00.000Z,199.02000427246094,199.6300048828125,198.40029907226562,198.95989990234375,8051891
2026-04-16T16:00:00.000Z,198.97999572753906,199.22000122070312,198.58999633789062,198.6199951171875,6132364
2026-04-16T16:30:00.000Z,198.61500549316406,198.85000610351562,197.75,198.35499572753906,5671683
2026-04-16T17:00:00.000Z,198.36500549316406,198.5500030517578,197.8000030517578,198.4149932861328,6431382
2026-04-16T17:30:00.000Z,198.4174041748047,198.7299041748047,197.92999267578125,198.20989990234375,4881328
2026-04-16T18:00:00.000Z,198.1999969482422,198.39999389648438,197.3000030517578,197.4949951171875,6341951
2026-04-16T18:30:00.000Z,197.49000549316406,198.38999938964844,197.48500061035156,198.11500549316406,5705153
2026-04-16T19:00:00.000Z,198.11500549316406,198.35499572753906,198.02999877929688,198.1199951171875,7792115
2026-04-16T19:30:00.000Z,198.1199951171875,198.77000427246094,198.09500122070312,198.24000549316406,11174544
2026-04-16T20:00:00.000Z,198.25,198.9528,187.98,197.96,0
2026-04-16T20:30:00.000Z,197.951,211.4304,197.9,197.9687,0
2026-04-16T21:00:00.000Z,197.97,211.5445,197.3564,197.78,0
2026-04-16T21:30:00.000Z,197.78,211.5445,193.1195,197.665,0
2026-04-16T22:00:00.000Z,197.67,198.08,197.67,197.98,0
2026-04-16T22:30:00.000Z,197.985,198.07,197.86,197.8901,0
2026-04-16T23:00:00.000Z,197.8903,197.95,197.71,197.83,0
2026-04-16T23:30:00.000Z,197.835,198,197.79,197.8997,0
2026-04-17T08:00:00.000Z,198.0665,198.438,197.6292,198.37,0
2026-04-17T08:30:00.000Z,198.36,198.6682,198.0672,198.62,0
2026-04-17T09:00:00.000Z,198.62,198.6572,198.36,198.56,0
2026-04-17T09:30:00.000Z,198.56,198.75,198.43,198.7,0
2026-04-17T10:00:00.000Z,198.73,198.92,198.58,198.74,0
2026-04-17T10:30:00.000Z,198.7,198.7487,198.5152,198.59,0
2026-04-17T11:00:00.000Z,198.595,198.9102,198.54,198.765,0
2026-04-17T11:30:00.000Z,198.76,199.01,198.76,198.83,0
2026-04-17T12:00:00.000Z,198.8019,199.4,198.43,199.4,0
2026-04-17T12:30:00.000Z,199.4,200.69,199.06,200.62,0
2026-04-17T13:00:00.000Z,200.64,201.65,198.53,199.835,0
2026-04-17T13:30:00.000Z,199.8800048828125,201.39999389648438,199.27000427246094,201.14999389648438,38709310
2026-04-17T14:00:00.000Z,201.15499877929688,201.67999267578125,199.7957000732422,200.375,16413850
2026-04-17T14:30:00.000Z,200.375,200.91000366210938,200.02000427246094,200.27999877929688,10070791
2026-04-17T15:00:00.000Z,200.3199005126953,200.99000549316406,200.1199951171875,200.63999938964844,7275490
2026-04-17T15:30:00.000Z,200.63499450683594,201.39999389648438,200.36000061035156,200.40499877929688,8061575
2026-04-17T16:00:00.000Z,200.41000366210938,201.08999633789062,200.22999572753906,200.69000244140625,10484875
2026-04-17T16:30:00.000Z,200.6999969482422,200.8699951171875,200.38999938964844,200.73500061035156,5423515
2026-04-17T17:00:00.000Z,200.74000549316406,200.85000610351562,199.47000122070312,199.8800048828125,7598306
2026-04-17T17:30:00.000Z,199.8699951171875,200.6199951171875,199.84010314941406,200.31019592285156,5396033
2026-04-17T18:00:00.000Z,200.31500244140625,200.88510131835938,200.30999755859375,200.64999389648438,5566094
2026-04-17T18:30:00.000Z,200.66000366210938,200.99000549316406,200.5500030517578,200.86000061035156,5111730
2026-04-17T19:00:00.000Z,200.8699951171875,201.47999572753906,200.72999572753906,201.25999450683594,6830036
2026-04-17T19:30:00.000Z,201.27999877929688,201.6999969482422,201.1199951171875,201.64999389648438,11970481
2026-04-17T20:00:00.000Z,201.63,201.88,200.61,201.31,0
2026-04-17T20:30:00.000Z,201.3,201.68,201.25,201.4,0
2026-04-17T21:00:00.000Z,201.4,201.44,192.8472,201.19,0
2026-04-17T21:30:00.000Z,201.2,201.3,200.0397,201.2515,0
2026-04-17T22:00:00.000Z,201.25,201.68,198.5073,201.149,0
2026-04-17T22:30:00.000Z,201.13,201.16,201,201.119,0
2026-04-17T23:00:00.000Z,201.105,201.105,200.91,200.95,0
2026-04-17T23:30:00.000Z,200.95,201.11,200.95,201,0
2026-04-20T09:30:00.000Z,199.181,199.36,198.95,199.02,0
2026-04-20T10:00:00.000Z,198.98,199.54,198.98,199.4988,0
2026-04-20T10:30:00.000Z,199.4645,199.6,199.2035,199.4488,0
2026-04-20T11:00:00.000Z,199.44,201.68,199.39,199.56,0
2026-04-20T11:30:00.000Z,199.53,199.99,199.4501,199.655,0
2026-04-20T12:00:00.000Z,199.6502,201.176,199.51,199.78,0
2026-04-20T12:30:00.000Z,199.77,200.5,199.75,200.3,0
2026-04-20T13:00:00.000Z,200.28,200.5,199.61,199.92,0
2026-04-20T13:30:00.000Z,199.97999572753906,200.52000427246094,198.4199981689453,200.25,21726792
2026-04-20T14:00:00.000Z,200.2449951171875,200.33999633789062,198.88999938964844,199.1300048828125,10161622
2026-04-20T14:30:00.000Z,199.11500549316406,199.41929626464844,198.3699951171875,198.5399932861328,8790935
2026-04-20T15:00:00.000Z,198.5500030517578,199.33999633789062,197.83970642089844,199.27000427246094,9869798
2026-04-20T15:30:00.000Z,199.25999450683594,199.30990600585938,198.4199981689453,198.64500427246094,7042386
2026-04-20T16:00:00.000Z,198.65750122070312,199.45989990234375,198.57009887695312,199.18499755859375,5851214
2026-04-20T16:30:00.000Z,199.1999969482422,199.5800018310547,199.14500427246094,199.2899932861328,3321026
2026-04-20T17:00:00.000Z,199.27999877929688,199.8000030517578,199.13999938964844,199.5299072265625,3676149
2026-04-20T17:30:00.000Z,199.52999877929688,200.13999938964844,199.4499969482422,199.9499969482422,6955369
2026-04-20T18:00:00.000Z,199.9600067138672,200.72999572753906,199.9501953125,200.58999633789062,6403287
2026-04-20T18:30:00.000Z,200.60000610351562,200.9499969482422,200.3800048828125,200.78500366210938,5370484
2026-04-20T19:00:00.000Z,200.7899932861328,201.24000549316406,200.74000549316406,201.1300048828125,5113568
2026-04-20T19:30:00.000Z,201.1300048828125,202.16000366210938,201.08999633789062,202.11000061035156,12574882
2026-04-20T20:00:00.000Z,202.06,202.38,200.0422,201.95,0
2026-04-20T20:30:00.000Z,201.93,216.0287,200.2004,201.92,0
2026-04-20T21:00:00.000Z,201.915,201.99,201.6,201.66,0
2026-04-20T21:30:00.000Z,201.67,206.0108,201.5,201.66,0
2026-04-20T22:00:00.000Z,201.66,216.0287,201.59,201.81,0
2026-04-20T22:30:00.000Z,201.81,202.06,201.64,201.94,0
2026-04-20T23:00:00.000Z,201.93,201.98,196.765,201.65,0
2026-04-20T23:30:00.000Z,201.65,201.78,201.63,201.725,0
2026-04-21T08:00:00.000Z,201.8,202.06,201.5835,201.87,0
2026-04-21T08:30:00.000Z,201.87,202.04,201.8,201.93,0
2026-04-21T09:00:00.000Z,201.9,201.916,201.7512,201.85,0
2026-04-21T09:30:00.000Z,201.83,201.94,201.76,201.93,0
2026-04-21T10:00:00.000Z,201.91,202.0882,201.9,202.01,0
2026-04-21T10:30:00.000Z,201.99,202.4487,201.99,202.21,0
2026-04-21T11:00:00.000Z,202.24,202.91,202.2,202.6,0
2026-04-21T11:30:00.000Z,202.5921,202.9293,202.55,202.88,0
2026-04-21T12:00:00.000Z,202.83,202.96,202.54,202.9,0
2026-04-21T12:30:00.000Z,202.9,202.98,202.31,202.32,0
2026-04-21T13:00:00.000Z,202.32,202.54,202.01,202.21,0
2026-04-21T13:30:00.000Z,202.1300048828125,202.75,200.83999633789062,201.4199981689453,17617174
2026-04-21T14:00:00.000Z,201.42999267578125,202.49000549316406,201.25999450683594,201.88999938964844,9314467
2026-04-21T14:30:00.000Z,201.88999938964844,202.0500030517578,201.0500030517578,201.12010192871094,6272095
2026-04-21T15:00:00.000Z,201.14999389648438,201.6800994873047,200.57090759277344,201.0500030517578,7015007
2026-04-21T15:30:00.000Z,201.05999755859375,201.3800048828125,200.6699981689453,200.72000122070312,4840429
2026-04-21T16:00:00.000Z,200.72999572753906,200.88999938964844,199.8699951171875,199.89500427246094,6306382
2026-04-21T16:30:00.000Z,199.88999938964844,200.31910705566406,199.72000122070312,199.9550018310547,4749293
2026-04-21T17:00:00.000Z,199.92999267578125,200.1898956298828,199,199.32000732421875,5730706
2026-04-21T17:30:00.000Z,199.34010314941406,200.3800048828125,199.25999450683594,199.58999633789062,5570316
2026-04-21T18:00:00.000Z,199.61000061035156,200.16000366210938,199.4720001220703,199.93099975585938,4448133
2026-04-21T18:30:00.000Z,199.9499969482422,200.8699951171875,199.9499969482422,200.63999938964844,4883215
2026-04-21T19:00:00.000Z,200.66000366210938,200.97000122070312,200.35000610351562,200.95700073242188,5076393
2026-04-21T19:30:00.000Z,200.9600067138672,201.16000366210938,199.17999267578125,199.91000366210938,11675449
2026-04-21T20:00:00.000Z,199.88,201.01,199.56,200.6704,0
2026-04-21T20:30:00.000Z,200.7,201.3796,200.35,200.38,0
2026-04-21T21:00:00.000Z,200.425,212.9972,199.88,200.49,0
2026-04-21T21:30:00.000Z,200.49,201.3796,199.88,200.35,0
2026-04-21T22:00:00.000Z,200.35,200.6,200.3,200.36,0
2026-04-21T22:30:00.000Z,200.3616,200.43,200.29,200.4095,0
2026-04-21T23:00:00.000Z,200.4074,200.6088,200.3928,200.511,0
2026-04-21T23:30:00.000Z,200.555,200.76,200.51,200.7003,0
2026-04-22T08:00:00.000Z,201.357,201.4,199.88,201.0491,0
2026-04-22T08:30:00.000Z,201.04,201.1,200.84,201.1,0
2026-04-22T09:00:00.000Z,201.075,201.3488,201.05,201.2407,0
2026-04-22T09:30:00.000Z,201.2663,201.2888,200.88,200.99,0
2026-04-22T10:00:00.000Z,200.97,201.1072,200.78,201,0
2026-04-22T10:30:00.000Z,200.9988,201.1517,200.9,201.02,0
2026-04-22T11:00:00.000Z,201,201.2889,199.88,201.08,0
2026-04-22T11:30:00.000Z,201.0794,201.15,200.81,200.86,0
2026-04-22T12:00:00.000Z,200.89,201.4402,200.4,201.07,0
2026-04-22T12:30:00.000Z,201.06,201.15,200.52,200.55,0
2026-04-22T13:00:00.000Z,200.56,201.1,200.39,200.955,0
2026-04-22T13:30:00.000Z,201,201.10000610351562,199.5,199.8699951171875,16223735
2026-04-22T14:00:00.000Z,199.8699951171875,200.5,199.32000732421875,200.36000061035156,9478482
2026-04-22T14:30:00.000Z,200.35009765625,201.50999450683594,200.2899932861328,201.2100067138672,9508236
2026-04-22T15:00:00.000Z,201.21499633789062,201.8699951171875,200.9499969482422,201.6009063720703,6594433
2026-04-22T15:30:00.000Z,201.60000610351562,201.6999969482422,200.93130493164062,201.22999572753906,5436838
2026-04-22T16:00:00.000Z,201.22500610351562,201.41000366210938,200.92999267578125,201.09500122070312,3543597
2026-04-22T16:30:00.000Z,201.08999633789062,201.27999877929688,200.9499969482422,201.1300048828125,3063648
2026-04-22T17:00:00.000Z,201.1300048828125,201.97999572753906,201.125,201.7449951171875,5723935
2026-04-22T17:30:00.000Z,201.75999450683594,202.4199981689453,201.7200927734375,202.2899932861328,5509194
2026-04-22T18:00:00.000Z,202.27999877929688,202.4875030517578,201.6199951171875,201.6649932861328,5626218
2026-04-22T18:30:00.000Z,201.6649932861328,202.02000427246094,201.52000427246094,201.59500122070312,4072421
2026-04-22T19:00:00.000Z,201.60000610351562,201.99000549316406,201.22999572753906,201.6750030517578,5592325
2026-04-22T19:30:00.000Z,201.66990661621094,202.5,201.59500122070312,202.4199981689453,11389298
2026-04-22T20:00:00.000Z,202.4,202.54,202.1,202.15,0
2026-04-22T20:30:00.000Z,202.13,202.21,198.87,202.2099,0
2026-04-22T21:00:00.000Z,202.2,202.49,190.8448,202.49,0
2026-04-22T21:30:00.000Z,202.4895,202.55,190.8448,202.45,0
2026-04-22T22:00:00.000Z,202.35,202.55,202.23,202.25,0
2026-04-22T22:30:00.000Z,202.26,202.33,202.13,202.17,0
2026-04-22T23:00:00.000Z,202.2,202.29,202.1,202.25,0
2026-04-22T23:30:00.000Z,202.2113,202.32,202.2,202.2587,0
2026-04-23T08:00:00.000Z,201.7,202.5,200.5926,201.17,0
2026-04-23T08:30:00.000Z,201.17,201.24,200.7025,200.87,0
2026-04-23T09:00:00.000Z,200.8677,200.89,200.5,200.784,0
2026-04-23T09:30:00.000Z,200.75,201,200.6,200.7012,0
2026-04-23T10:00:00.000Z,200.71,200.97,200.6,200.9685,0
2026-04-23T10:30:00.000Z,200.94,201.35,200.9112,201.2,0
2026-04-23T11:00:00.000Z,201.225,202.5,201.2,201.53,0
2026-04-23T11:30:00.000Z,201.57,202.2,201.3,202.08,0
2026-04-23T12:00:00.000Z,202.04,202.72,201.96,202.25,0
2026-04-23T12:30:00.000Z,202.26,202.5,201.9,202.1016,0
2026-04-23T13:00:00.000Z,202.1,202.59,201.77,202.35,0
2026-04-23T13:30:00.000Z,202.39999389648438,203.82899475097656,201.10499572753906,203.0614013671875,18377788
2026-04-23T14:00:00.000Z,203.07000732421875,203.2100067138672,201.6199951171875,201.76010131835938,9024269
2026-04-23T14:30:00.000Z,201.78880310058594,202.7550048828125,201.76010131835938,202.55999755859375,7662189
2026-04-23T15:00:00.000Z,202.55999755859375,203.11000061035156,202.47999572753906,202.5084991455078,5271309
2026-04-23T15:30:00.000Z,202.5050048828125,202.72000122070312,201.17999267578125,201.48500061035156,6731815
2026-04-23T16:00:00.000Z,201.49000549316406,201.66000366210938,200.9600067138672,201.10629272460938,5575428
2026-04-23T16:30:00.000Z,201.10499572753906,201.91000366210938,201.07000732421875,201.5,3810063
2026-04-23T17:00:00.000Z,201.52000427246094,201.6300048828125,199.2100067138672,199.43499755859375,7952556
2026-04-23T17:30:00.000Z,199.4499969482422,200.13999938964844,197.22059631347656,198.889892578125,11312105
2026-04-23T18:00:00.000Z,198.8800048828125,199.4499969482422,198.66009521484375,199.13999938964844,5348298
2026-04-23T18:30:00.000Z,199.13999938964844,199.64999389648438,198.25,198.3699951171875,4090319
2026-04-23T19:00:00.000Z,198.3699951171875,199.2899932861328,198.185302734375,199.11000061035156,4257640
2026-04-23T19:30:00.000Z,199.1199951171875,199.7100067138672,198.6999969482422,199.7100067138672,8139245
2026-04-23T20:00:00.000Z,199.71,199.99,198.85,199.285,0
2026-04-23T20:30:00.000Z,199.26,206.5513,193.3398,198.89,0
2026-04-23T21:00:00.000Z,198.825,203.8033,198.62,198.98,0
2026-04-23T21:30:00.000Z,198.93,203.8033,193.3398,198.83,0
2026-04-23T22:00:00.000Z,198.81,199.5,198.78,199.05,0
2026-04-23T22:30:00.000Z,199.08,199.64,199,199.16,0
2026-04-23T23:00:00.000Z,199.175,199.26,199.02,199.24,0
2026-04-23T23:30:00.000Z,199.25,199.6,199.21,199.5,0
2026-04-24T08:00:00.000Z,199.9975,200.3,199.26,200.0017,0
2026-04-24T08:30:00.000Z,200.01,200.0682,199.71,199.79,0
2026-04-24T09:00:00.000Z,199.79,199.8877,199.3685,199.44,0
2026-04-24T09:30:00.000Z,199.44,199.777,199.305,199.38,0
2026-04-24T10:00:00.000Z,199.37,199.86,199.06,199.86,0
2026-04-24T10:30:00.000Z,199.86,199.86,199.4325,199.62,0
2026-04-24T11:00:00.000Z,199.65,201.64,199.58,201.46,0
2026-04-24T11:30:00.000Z,201.45,201.79,200.75,200.9,0
2026-04-24T12:00:00.000Z,200.88,201.22,200.5,200.64,0
2026-04-24T12:30:00.000Z,200.69,200.82,200.19,200.6687,0
2026-04-24T13:00:00.000Z,200.63,200.78,199.72,199.998,0
2026-04-24T13:30:00.000Z,199.9600067138672,203.22000122070312,199.80999755859375,202.00999450683594,26685588
2026-04-24T14:00:00.000Z,202,203.1199951171875,201.9199981689453,202.60499572753906,10135218
2026-04-24T14:30:00.000Z,202.60499572753906,208.8800048828125,202.47999572753906,208.69000244140625,29534376
2026-04-24T15:00:00.000Z,208.6999969482422,209.74000549316406,207.8800048828125,208.9158935546875,23772291
2026-04-24T15:30:00.000Z,208.91969299316406,209.92999267578125,208.75,209.1300048828125,17063623
2026-04-24T16:00:00.000Z,209.1199951171875,210,208.3300018310547,209.5749969482422,14103645
2026-04-24T16:30:00.000Z,209.5749969482422,210.9499969482422,209.53500366210938,209.67999267578125,14858203
2026-04-24T17:00:00.000Z,209.69000244140625,210.02999877929688,209.02999877929688,209.3300018310547,8189057
2026-04-24T17:30:00.000Z,209.30999755859375,209.72000122070312,209.02000427246094,209.31500244140625,6144512
2026-04-24T18:00:00.000Z,209.33999633789062,209.4199981689453,208.14999389648438,208.1927032470703,7863321
2026-04-24T18:30:00.000Z,208.18499755859375,208.60989379882812,207.68499755859375,208.22999572753906,8113894
2026-04-24T19:00:00.000Z,208.22999572753906,209.2790069580078,208.1199951171875,208.51800537109375,9993148
2026-04-24T19:30:00.000Z,208.50999450683594,208.61000061035156,207.5500030517578,208.19000244140625,16073082
2026-04-24T20:00:00.000Z,208.17,209.22,207.91,208.04,0
2026-04-24T20:30:00.000Z,207.96,215.5875,207.9,208.07,0
2026-04-24T21:00:00.000Z,208.09,221.6755,207.75,207.85,0
2026-04-24T21:30:00.000Z,207.89,221.6755,204.4257,207.83,0
2026-04-24T22:00:00.000Z,207.8301,219.4836,207.8,207.8097,0
2026-04-24T22:30:00.000Z,207.81,207.99,207.8,207.9492,0
2026-04-24T23:00:00.000Z,207.935,208.12,207.92,208.0647,0
2026-04-24T23:30:00.000Z,208.09,208.385,208.0437,208.1205,0
2026-04-27T08:00:00.000Z,208.54,210.49,208.22,208.46,0
2026-04-27T08:30:00.000Z,208.45,209.22,208.4,208.69,0
2026-04-27T09:00:00.000Z,208.7,209.0977,208.6,209.06,0
2026-04-27T09:30:00.000Z,209.03,209.92,209,209.86,0
2026-04-27T10:00:00.000Z,209.83,210.59,209.8,210.2465,0
2026-04-27T10:30:00.000Z,210.25,210.64,210.2,210.222,0
2026-04-27T11:00:00.000Z,210.22,212.12,210.05,211.67,0
2026-04-27T11:30:00.000Z,211.67,211.9,211.1,211.631,0
2026-04-27T12:00:00.000Z,211.61,211.64,207.75,210.6,0
2026-04-27T12:30:00.000Z,210.6783,210.74,202.43,210.19,0
2026-04-27T13:00:00.000Z,210.21,210.45,209.19,209.7,0
2026-04-27T13:30:00.000Z,209.64500427246094,211.9499969482422,208.39999389648438,210.36000061035156,34691622
2026-04-27T14:00:00.000Z,210.34019470214844,210.72999572753906,208.50999450683594,208.69500732421875,12006852
2026-04-27T14:30:00.000Z,208.6999969482422,209.8699951171875,207.3800048828125,209.38999938964844,11683942
2026-04-27T15:00:00.000Z,209.39999389648438,209.92999267578125,209.02999877929688,209.8800048828125,6437412
2026-04-27T15:30:00.000Z,209.88999938964844,210.85000610351562,209.77000427246094,210.66000366210938,7952902
2026-04-27T16:00:00.000Z,210.64999389648438,211.63999938964844,210.58999633789062,211.4550018310547,8588514
2026-04-27T16:30:00.000Z,211.4600067138672,213.6300048828125,211.40499877929688,212.75,14887817
2026-04-27T17:00:00.000Z,212.75,214.25999450683594,212.75,213.61000061035156,11023416
2026-04-27T17:30:00.000Z,213.6199951171875,215.3800048828125,213.5800018310547,215.13499450683594,11900739
2026-04-27T18:00:00.000Z,215.13999938964844,216.25999450683594,214.93499755859375,215.6999969482422,12509181
2026-04-27T18:30:00.000Z,215.6649932861328,216.3800048828125,214.82000732421875,215.08999633789062,10743233
2026-04-27T19:00:00.000Z,215.10000610351562,216.10000610351562,215.0500030517578,215.49000549316406,9769147
2026-04-27T19:30:00.000Z,215.48500061035156,216.82000732421875,215.3000030517578,216.6300048828125,15881349
2026-04-27T20:00:00.000Z,216.63,217.66,216.43,217.5,0
2026-04-27T20:30:00.000Z,217.47,217.5,216.61,217.15,0
2026-04-27T21:00:00.000Z,217.14,217.59,217.12,217.43,0
2026-04-27T21:30:00.000Z,217.435,241.1661,143.506,217.3301,0
2026-04-27T22:00:00.000Z,217.33,229.1204,202.5263,217.93,0
2026-04-27T22:30:00.000Z,217.9301,221.775,210.1876,217.9982,0
2026-04-27T23:00:00.000Z,217.96,218.8,217.95,218.71,0
2026-04-27T23:30:00.000Z,218.7003,218.8,218.5,218.74,0
2026-04-28T08:00:00.000Z,215.9497,217.31,214.5,215.55,0
2026-04-28T08:30:00.000Z,215.48,216.14,215.4,215.5949,0
2026-04-28T09:00:00.000Z,215.63,215.71,213.86,214.02,0
2026-04-28T09:30:00.000Z,214,214.0427,212.51,212.91,0
2026-04-28T10:00:00.000Z,212.9682,213.6553,212.35,213.15,0
2026-04-28T10:30:00.000Z,213.19,213.73,212.69,213.63,0
2026-04-28T11:00:00.000Z,213.6,216.61,211.35,211.61,0
2026-04-28T11:30:00.000Z,211.61,211.61,209.68,210,0
2026-04-28T12:00:00.000Z,210.03,210.2,208.68,209,0
2026-04-28T12:30:00.000Z,208.99,210.3,208.8,210.2505,0
2026-04-28T13:00:00.000Z,210.27,210.53,209.2063,209.51,0
2026-04-28T13:30:00.000Z,209.5050048828125,212.64999389648438,208.1999969482422,212.2100067138672,42482451
2026-04-28T14:00:00.000Z,212.17999267578125,213.6699981689453,211.75,212.375,15363002
2026-04-28T14:30:00.000Z,212.3699951171875,212.74000549316406,208.35000610351562,209.7655029296875,17296335
2026-04-28T15:00:00.000Z,209.75,210.2100067138672,208.75010681152344,209.10000610351562,11564909
2026-04-28T15:30:00.000Z,209.10989379882812,209.77589416503906,208.58999633789062,209.75050354003906,8274993
2026-04-28T16:00:00.000Z,209.75999450683594,210.65499877929688,209.55999755859375,210.11000061035156,7594347
2026-04-28T16:30:00.000Z,210.10000610351562,210.88999938964844,209.30999755859375,210.69090270996094,7090764
2026-04-28T17:00:00.000Z,210.7100067138672,210.9550018310547,210.16000366210938,210.7899932861328,5597192
2026-04-28T17:30:00.000Z,210.7899932861328,211.79800415039062,210.78500366210938,211.76499938964844,6232903
2026-04-28T18:00:00.000Z,211.75999450683594,213,211.63009643554688,212.84500122070312,7346788
2026-04-28T18:30:00.000Z,212.8498992919922,214.0800018310547,212.47000122070312,214.06500244140625,9234212
2026-04-28T19:00:00.000Z,214.0800018310547,214.72999572753906,213.47000122070312,214.06500244140625,10941969
2026-04-28T19:30:00.000Z,214.05999755859375,214.42999267578125,213,213.14999389648438,12274582
2026-04-28T20:00:00.000Z,213.16,213.86,211.6723,213.28,0
2026-04-28T20:30:00.000Z,213.25,219.4824,208.233,212.53,0
2026-04-28T21:00:00.000Z,212.5595,218.6291,212.34,212.56,0
2026-04-28T21:30:00.000Z,212.565,212.5988,212.3,212.3982,0
2026-04-28T22:00:00.000Z,212.365,224.9013,200.674,212.2,0
2026-04-28T22:30:00.000Z,212.25,215.2615,212.17,212.335,0
2026-04-28T23:00:00.000Z,212.36,224.9013,205.6974,212.26,0
2026-04-28T23:30:00.000Z,212.275,212.68,208.233,212.6195,0
2026-04-29T08:00:00.000Z,213.51,214.0487,212.51,213.28,0
2026-04-29T08:30:00.000Z,213.29,213.29,212.6,213.08,0
2026-04-29T09:00:00.000Z,213,213.49,212.7,213.2,0
2026-04-29T09:30:00.000Z,213.2,213.49,212.74,213.24,0
2026-04-29T10:00:00.000Z,213.29,214.44,213.03,214.28,0
2026-04-29T10:30:00.000Z,214.27,214.3988,213.73,213.77,0
2026-04-29T11:00:00.000Z,213.81,214.39,213.17,214.19,0
2026-04-29T11:30:00.000Z,214.14,214.2,213.47,213.81,0
2026-04-29T12:00:00.000Z,213.7781,213.8,213.32,213.42,0
2026-04-29T12:30:00.000Z,213.45,213.45,212.95,213.14,0
2026-04-29T13:00:00.000Z,213.1,213.75,212.54,212.7,0
2026-04-29T13:30:00.000Z,212.71499633789062,212.71499633789062,210.3000030517578,210.85009765625,18751173
2026-04-29T14:00:00.000Z,210.80999755859375,211.22999572753906,209.75,211.11000061035156,10491000
2026-04-29T14:30:00.000Z,211.11000061035156,211.9499969482422,210.5800018310547,211.3000030517578,8591391
2026-04-29T15:00:00.000Z,211.30999755859375,211.3800048828125,210.24000549316406,210.8000030517578,6216952
2026-04-29T15:30:00.000Z,210.80999755859375,211.39999389648438,210.1800994873047,210.66000366210938,6192048
2026-04-29T16:00:00.000Z,210.66099548339844,211.22000122070312,209.66000366210938,209.6699981689453,6233429
2026-04-29T16:30:00.000Z,209.66000366210938,209.86000061035156,208.55999755859375,208.89999389648438,7319520
2026-04-29T17:00:00.000Z,208.89999389648438,209.77000427246094,208.65020751953125,209.43699645996094,5028122
2026-04-29T17:30:00.000Z,209.4499969482422,209.69000244140625,208.92999267578125,209.1300048828125,3845818
2026-04-29T18:00:00.000Z,209.1510009765625,209.21499633789062,207.5941925048828,208.0449981689453,7670706
2026-04-29T18:30:00.000Z,208.0500030517578,209.04989624023438,207.5758056640625,208.96009826660156,6960354
2026-04-29T19:00:00.000Z,208.9600067138672,209.5,208.5399932861328,209.3249969482422,5573979
2026-04-29T19:30:00.000Z,209.30999755859375,209.44000244140625,208.60000610351562,209.31500244140625,10887753
2026-04-29T20:00:00.000Z,209.35,211.39,206.93,208.55,0
2026-04-29T20:30:00.000Z,208.58,219.648,199.2898,208.36,0
2026-04-29T21:00:00.000Z,208.33,219.648,199.2898,208.6,0
2026-04-29T21:30:00.000Z,208.6,216.04,204.3475,208.94,0
2026-04-29T22:00:00.000Z,208.88,211.48,208.2,210.93,0
2026-04-29T22:30:00.000Z,210.91,211.62,210.65,210.7999,0
2026-04-29T23:00:00.000Z,210.78,210.97,210.46,210.935,0
2026-04-29T23:30:00.000Z,210.95,211.41,210.58,211.125,0
2026-04-30T08:00:00.000Z,209.95,210.3,207,210.23,0
2026-04-30T08:30:00.000Z,210.24,210.8,210.1927,210.44,0
2026-04-30T09:00:00.000Z,210.469,210.5888,209.824,210.48,0
2026-04-30T09:30:00.000Z,210.55,210.95,210.2,210.4,0
2026-04-30T10:00:00.000Z,210.3953,210.8012,210.2,210.8012,0
2026-04-30T10:30:00.000Z,210.84,211,210.27,210.35,0
2026-04-30T11:00:00.000Z,210.34,211.09,210.33,211.04,0
2026-04-30T11:30:00.000Z,211.035,211.1,210.5,210.6,0
2026-04-30T12:00:00.000Z,210.6102,211.09,210.53,210.9322,0
2026-04-30T12:30:00.000Z,210.97,211.1,210.38,210.8,0
2026-04-30T13:00:00.000Z,210.9,211,209.95,210,0
2026-04-30T13:30:00.000Z,209.93899536132812,210.3000030517578,202.6999969482422,203.91839599609375,29627207
2026-04-30T14:00:00.000Z,203.92999267578125,203.97999572753906,199.44000244140625,200.61500549316406,30008659
2026-04-30T14:30:00.000Z,200.61000061035156,202.2969970703125,198.6999969482422,201.77999877929688,22816807
2026-04-30T15:00:00.000Z,201.77499389648438,202.4600067138672,201.00999450683594,201.3209991455078,12725671
2026-04-30T15:30:00.000Z,201.3000030517578,201.82000732421875,200.16000366210938,200.6649932861328,9041451
2026-04-30T16:00:00.000Z,200.6699981689453,200.8300018310547,199.4199981689453,200.13999938964844,11296490
2026-04-30T16:30:00.000Z,200.14500427246094,200.3300018310547,199.32000732421875,199.8300018310547,8482928
2026-04-30T17:00:00.000Z,199.82000732421875,201.0500030517578,199.81500244140625,200.47999572753906,7528610
2026-04-30T17:30:00.000Z,200.47999572753906,201.27999877929688,200.41000366210938,201.25750732421875,7471836
2026-04-30T18:00:00.000Z,201.2550048828125,201.72999572753906,200.25999450683594,200.77499389648438,8363962
2026-04-30T18:30:00.000Z,200.77000427246094,202,200.74000549316406,201.82550048828125,9241188
2026-04-30T19:00:00.000Z,201.8249969482422,201.9499969482422,200.8000030517578,200.82000732421875,8171439
2026-04-30T19:30:00.000Z,200.80999755859375,201.0084991455078,199.5,199.52999877929688,19896461
2026-04-30T20:00:00.000Z,199.531,201.6717,199.01,199.9587,0
2026-04-30T20:30:00.000Z,199.95,211.4094,199.57,200.16,0
2026-04-30T21:00:00.000Z,200.13,211.5445,197.3564,199.86,0
2026-04-30T21:30:00.000Z,199.88,211.5445,197.3564,200.2,0
2026-04-30T22:00:00.000Z,200.21,200.65,199.57,200.44,0
2026-04-30T22:30:00.000Z,200.44,200.44,200.01,200.2,0
2026-04-30T23:00:00.000Z,200.155,200.38,200.11,200.235,0
2026-04-30T23:30:00.000Z,200.2399,200.38,200,200.0097,0
2026-05-01T08:00:00.000Z,200.6,201.0075,199.57,200.29,0
2026-05-01T08:30:00.000Z,200.3,200.3288,199.79,199.9707,0
2026-05-01T09:00:00.000Z,199.97,200.42,199.78,200.33,0
2026-05-01T09:30:00.000Z,200.31,200.4,200.0437,200.138,0
2026-05-01T10:00:00.000Z,200.15,200.5,200.07,200.302,0
2026-05-01T10:30:00.000Z,200.31,200.3988,200.05,200.22,0
2026-05-01T11:00:00.000Z,200.205,200.58,200.1,200.38,0
2026-05-01T11:30:00.000Z,200.3499,201.35,200.33,201.115,0
2026-05-01T12:00:00.000Z,201.1,201.57,188.63,201.03,0
2026-05-01T12:30:00.000Z,201.0293,201.26,200.6,200.699,0
2026-05-01T13:00:00.000Z,200.66,212.93,178.1,201.37,0
2026-05-01T13:30:00.000Z,201.27999877929688,203,199.13999938964844,200.4600067138672,24120411
2026-05-01T14:00:00.000Z,200.47999572753906,200.61990356445312,199.1999969482422,199.3000030517578,10658212
2026-05-01T14:30:00.000Z,199.30499267578125,200.0500030517578,197.1199951171875,199.52870178222656,15882002
2026-05-01T15:00:00.000Z,199.52999877929688,199.82989501953125,198.74000549316406,198.92999267578125,7208115
2026-05-01T15:30:00.000Z,198.92999267578125,199.85000610351562,198.6999969482422,199.1300048828125,6381608
2026-05-01T16:00:00.000Z,199.1199951171875,199.39999389648438,198.47999572753906,198.65499877929688,5828268
2026-05-01T16:30:00.000Z,198.64239501953125,199.33999633789062,198.55999755859375,199.1649932861328,3769465
2026-05-01T17:00:00.000Z,199.14500427246094,200.1999969482422,199.14010620117188,199.85000610351562,5488184
2026-05-01T17:30:00.000Z,199.85000610351562,200.2899932861328,199.5500030517578,199.64999389648438,3848080
2026-05-01T18:00:00.000Z,199.65499877929688,199.75,198.92999267578125,199.13009643554688,4676516
2026-05-01T18:30:00.000Z,199.1300048828125,199.2100067138672,198.22000122070312,198.35499572753906,5499147
2026-05-01T19:00:00.000Z,198.3699951171875,199.8300018310547,198.17999267578125,199.71499633789062,6674019
2026-05-01T19:30:00.000Z,199.72000122070312,199.9199981689453,198.22000122070312,198.4199981689453,11233757
2026-05-01T20:00:00.000Z,198.39,198.67,198.3,198.39,0
2026-05-01T20:30:00.000Z,198.38,200.0397,192.8472,198.26,0
2026-05-01T21:00:00.000Z,198.35,242.8142,152.613,198.195,0
2026-05-01T21:30:00.000Z,198.1998,200.166,198.17,198.28,0
2026-05-01T22:00:00.000Z,198.28,198.3,198.22,198.265,0
2026-05-01T22:30:00.000Z,198.2796,198.3,198.12,198.1395,0
2026-05-01T23:00:00.000Z,198.14,198.3,198.12,198.245,0
2026-05-01T23:30:00.000Z,198.245,198.3,198.01,198.13,0
2026-05-04T08:00:00.000Z,199.75,199.9887,199.21,199.4352,0
2026-05-04T08:30:00.000Z,199.44,199.69,199.4,199.59,0
2026-05-04T09:00:00.000Z,199.59,199.79,199.51,199.6385,0
2026-05-04T09:30:00.000Z,199.62,199.66,199.16,199.25,0
2026-05-04T10:00:00.000Z,199.2653,199.3472,196.5,197.45,0
2026-05-04T10:30:00.000Z,197.46,198.58,197.4,197.88,0
2026-05-04T11:00:00.000Z,197.9,198.63,197.85,198.3504,0
2026-05-04T11:30:00.000Z,198.35,198.4,197.93,198.2913,0
2026-05-04T12:00:00.000Z,198.2997,199.21,198.2997,199.16,0
2026-05-04T12:30:00.000Z,199.16,199.3,190.84,198.945,0
2026-05-04T13:00:00.000Z,198.95,199.69,198.68,199.58,0
2026-05-04T13:30:00.000Z,199.5399932861328,201.72999572753906,197.6300048828125,198.60740661621094,23713097
2026-05-04T14:00:00.000Z,198.64999389648438,199.04989624023438,197.33999633789062,197.375,10551139
2026-05-04T14:30:00.000Z,197.3800048828125,198.39999389648438,197.19000244140625,197.22999572753906,7869183
2026-05-04T15:00:00.000Z,197.22999572753906,198.02000427246094,194.74000549316406,195.75599670410156,13404764
2026-05-04T15:30:00.000Z,195.8000030517578,196.5399932861328,195.25,195.69000244140625,8810203
2026-05-04T16:00:00.000Z,195.69000244140625,196.5894012451172,194.86000061035156,196.22000122070312,7654787
2026-05-04T16:30:00.000Z,196.22979736328125,196.8885955810547,196.11000061035156,196.7100067138672,4617155
2026-05-04T17:00:00.000Z,196.7100067138672,197.82000732421875,196.7100067138672,197.3000030517578,5246975
2026-05-04T17:30:00.000Z,197.2899932861328,198.42990112304688,196.91000366210938,198.30999755859375,5336553
2026-05-04T18:00:00.000Z,198.30999755859375,199.1999969482422,197.8699951171875,198.22999572753906,6720806
2026-05-04T18:30:00.000Z,198.24000549316406,198.3300018310547,197.35000610351562,198.22000122070312,5811864
2026-05-04T19:00:00.000Z,198.24000549316406,198.72999572753906,197.75,198.63999938964844,4865904
2026-05-04T19:30:00.000Z,198.6300048828125,199.17999267578125,198,198.55999755859375,9210772
2026-05-04T20:00:00.000Z,198.56,198.75,197.73,198.0261,0
2026-05-04T20:30:00.000Z,198,198.48,197.73,197.82,0
2026-05-04T21:00:00.000Z,197.81,198.48,197.8,198.04,0
2026-05-04T21:30:00.000Z,198.04,198.48,197.8,198.05,0
2026-05-04T22:00:00.000Z,198,208.7754,197.8,197.98,0
2026-05-04T22:30:00.000Z,197.9216,197.98,197.59,197.77,0
2026-05-04T23:00:00.000Z,197.79,206.0108,197.65,197.78,0
2026-05-04T23:30:00.000Z,197.77,197.79,197.62,197.67,0
2026-05-05T08:00:00.000Z,198.84,199.1987,198.07,198.78,0
2026-05-05T08:30:00.000Z,198.7785,198.95,198.6012,198.69,0
2026-05-05T09:00:00.000Z,198.7277,198.88,198.33,198.76,0
2026-05-05T09:30:00.000Z,198.77,198.911,198.62,198.76,0
2026-05-05T10:00:00.000Z,198.75,199.26,198.74,199.11,0
2026-05-05T10:30:00.000Z,199.08,199.205,198.75,198.83,0
2026-05-05T11:00:00.000Z,198.83,198.8487,198.26,198.43,0
2026-05-05T11:30:00.000Z,198.469,198.8188,198.43,198.6626,0
2026-05-05T12:00:00.000Z,198.67,199.26,198.46,199.02,0
2026-05-05T12:30:00.000Z,199.0425,199.35,199.0425,199.1501,0
2026-05-05T13:00:00.000Z,199.1501,199.989,199.12,199.3,0
2026-05-05T13:30:00.000Z,199.3000030517578,200.24000549316406,198.11000061035156,198.47999572753906,19233057
2026-05-05T14:00:00.000Z,198.47500610351562,199.02999877929688,197.5,198.52499389648438,11311623
2026-05-05T14:30:00.000Z,198.5200958251953,198.6999969482422,196.75999450683594,197.13999938964844,9517554
2026-05-05T15:00:00.000Z,197.110107421875,197.9199981689453,196.66000366210938,197.0301971435547,6999456
2026-05-05T15:30:00.000Z,197.03500366210938,197.4799041748047,196.83009338378906,197.4199981689453,5070314
2026-05-05T16:00:00.000Z,197.4199981689453,198.5,197.26510620117188,197.97500610351562,6038593
2026-05-05T16:30:00.000Z,197.9698944091797,198.10000610351562,197.3699951171875,197.61000061035156,3707057
2026-05-05T17:00:00.000Z,197.6199951171875,197.83999633789062,197.14999389648438,197.78500366210938,3679754
2026-05-05T17:30:00.000Z,197.78500366210938,197.97999572753906,197.1300048828125,197.2100067138672,3412336
2026-05-05T18:00:00.000Z,197.2100067138672,197.8000030517578,196.99000549316406,197.5,4689707
2026-05-05T18:30:00.000Z,197.5,197.64999389648438,196.36000061035156,196.72000122070312,5369678
2026-05-05T19:00:00.000Z,196.72500610351562,196.88999938964844,196.24000549316406,196.30999755859375,6183469
2026-05-05T19:30:00.000Z,196.30499267578125,196.60000610351562,196.02999877929688,196.5,9641519
2026-05-05T20:00:00.000Z,196.47,197.51,195.78,196.79,0
2026-05-05T20:30:00.000Z,196.83,201.3796,196.5,196.7848,0
2026-05-05T21:00:00.000Z,196.79,197.58,196.5,197.321,0
2026-05-05T21:30:00.000Z,197.39,199.0555,196,196.135,0
2026-05-05T22:00:00.000Z,196.135,196.66,196,196.05,0
2026-05-05T22:30:00.000Z,196.0499,197.18,195.5,196.76,0
2026-05-05T23:00:00.000Z,196.75,201.3796,196.33,196.62,0
2026-05-05T23:30:00.000Z,196.64,197.5,196.55,197.4204,0
2026-05-06T08:00:00.000Z,196.6,197.2388,196.14,197.15,0
2026-05-06T08:30:00.000Z,197.12,198.92,197.1153,198.7398,0
2026-05-06T09:00:00.000Z,198.74,199.41,198.12,199.2185,0
2026-05-06T09:30:00.000Z,199.2,200.02,199.1025,199.7092,0
2026-05-06T10:00:00.000Z,199.7,201.1,199.41,201.08,0
2026-05-06T10:30:00.000Z,201.03,201.61,200.76,200.76,0
2026-05-06T11:00:00.000Z,200.75,201.75,200.26,201.19,0
2026-05-06T11:30:00.000Z,201.1935,202.7,200.88,201.3,0
2026-05-06T12:00:00.000Z,201.25,201.41,200,200.4234,0
2026-05-06T12:30:00.000Z,200.37,200.5283,200.05,200.16,0
2026-05-06T13:00:00.000Z,200.1487,200.67,199.23,199.839,0
2026-05-06T13:30:00.000Z,199.80999755859375,204.60000610351562,198.61000061035156,204.44500732421875,37028597
2026-05-06T14:00:00.000Z,204.4600067138672,205.8300018310547,202.9199981689453,203.9499969482422,20568147
2026-05-06T14:30:00.000Z,203.9694061279297,205.4550018310547,203.95179748535156,204.75990295410156,11369874
2026-05-06T15:00:00.000Z,204.72000122070312,206.79989624023438,203.50999450683594,206.35000610351562,11588929
2026-05-06T15:30:00.000Z,206.3800048828125,207.17999267578125,204.60000610351562,204.8300018310547,9818552
2026-05-06T16:00:00.000Z,204.77000427246094,205.79989624023438,204.72999572753906,205.2698974609375,6253531
2026-05-06T16:30:00.000Z,205.25999450683594,205.41990661621094,203.9499969482422,204.82000732421875,5862185
2026-05-06T17:00:00.000Z,204.8199005126953,205.52000427246094,204.4499969482422,205.0699005126953,5211717
2026-05-06T17:30:00.000Z,205.07000732421875,205.97000122070312,204.96009826660156,205.45260620117188,4813498
2026-05-06T18:00:00.000Z,205.45010375976562,207.2100067138672,205.39999389648438,207.02000427246094,7486660
2026-05-06T18:30:00.000Z,207.03880310058594,208.0500030517578,206.6699981689453,206.69900512695312,8691816
2026-05-06T19:00:00.000Z,206.69500732421875,207.77000427246094,206.51300048828125,207.6199951171875,8161818
2026-05-06T19:30:00.000Z,207.61000061035156,208.26499938964844,206.88999938964844,207.6649932861328,17143139
2026-05-06T20:00:00.000Z,207.83,208.7,207.2,208.19,0
2026-05-06T20:30:00.000Z,208.155,208.1809,207,207.1,0
2026-05-06T21:00:00.000Z,207.04,207.83,207.04,207.49,0
2026-05-06T21:30:00.000Z,207.45,207.83,205.45,205.84,0
2026-05-06T22:00:00.000Z,205.9,207.83,205.77,205.99,0
2026-05-06T22:30:00.000Z,206,206.5,205.81,206.34,0
2026-05-06T23:00:00.000Z,206.32,207.29,206.21,207.1,0
2026-05-06T23:30:00.000Z,207.07,207.33,206.9,207.2595,0
2026-05-07T08:00:00.000Z,209,209.9475,207.12,208.96,0
2026-05-07T08:30:00.000Z,209,209.77,208.99,209.17,0
2026-05-07T09:00:00.000Z,209.01,209.28,208.4,208.81,0
2026-05-07T09:30:00.000Z,208.79,209.12,208.5103,208.72,0
2026-05-07T10:00:00.000Z,208.73,208.95,208.1585,208.6,0
2026-05-07T10:30:00.000Z,208.65,209.1507,208.5112,208.56,0
2026-05-07T11:00:00.000Z,208.615,209.25,207.84,207.91,0
2026-05-07T11:30:00.000Z,207.99,208.35,207.5,208.15,0
2026-05-07T12:00:00.000Z,208.1237,208.15,197.5188,207.1995,0
2026-05-07T12:30:00.000Z,207.18,208.42,206.93,208.41,0
2026-05-07T13:00:00.000Z,208.4,209.6,208.06,208.3352,0
2026-05-07T13:30:00.000Z,208.31500244140625,210.5,206.5,208.86000061035156,29471640
2026-05-07T14:00:00.000Z,208.89999389648438,214.02999877929688,208.7899932861328,213.1300048828125,22389872
2026-05-07T14:30:00.000Z,213.1300048828125,214.1999969482422,212.3699951171875,212.72999572753906,13492093
2026-05-07T15:00:00.000Z,212.7238006591797,213.1199951171875,210.72999572753906,211.95599365234375,11840634
2026-05-07T15:30:00.000Z,211.98500061035156,213.67999267578125,211.89999389648438,212.69000244140625,9104770
2026-05-07T16:00:00.000Z,212.72999572753906,213.86000061035156,210.6199951171875,213.5749969482422,11773510
2026-05-07T16:30:00.000Z,213.57000732421875,214.14999389648438,212,212.36000061035156,7551488
2026-05-07T17:00:00.000Z,212.36000061035156,212.58999633789062,210.9499969482422,212,7607679
2026-05-07T17:30:00.000Z,211.9499969482422,212.9499969482422,211.44000244140625,212.375,6592871
2026-05-07T18:00:00.000Z,212.39999389648438,213.25,212.1300048828125,212.7884979248047,6423718
2026-05-07T18:30:00.000Z,212.77000427246094,213.25999450683594,211.8300018310547,212.33999633789062,5631344
2026-05-07T19:00:00.000Z,212.3699951171875,212.91000366210938,211.4199981689453,212.02999877929688,6287935
2026-05-07T19:30:00.000Z,212.03070068359375,212.5800018310547,211.22999572753906,211.50999450683594,10318267
2026-05-07T20:00:00.000Z,211.5,212.63,199.02,211.9991,0
2026-05-07T20:30:00.000Z,211.98,222.3682,211.37,211.8901,0
2026-05-07T21:00:00.000Z,211.895,212,211.6,211.87,0
2026-05-07T21:30:00.000Z,211.82,211.89,209.2,209.8604,0
2026-05-07T22:00:00.000Z,209.92,223.8906,209.9,211,0
2026-05-07T22:30:00.000Z,211.005,211.15,210.1,210.29,0
2026-05-07T23:00:00.000Z,210.255,211.1,210.25,210.9952,0
2026-05-07T23:30:00.000Z,210.89,211.49,210.53,211.4335,0
2026-05-08T08:00:00.000Z,213.79,214.04,211.5,214.0299,0
2026-05-08T08:30:00.000Z,214.01,214.2,213.5,213.75,0
2026-05-08T09:00:00.000Z,213.83,214.19,213.72,214.15,0
2026-05-08T09:30:00.000Z,214.15,214.19,213.4,213.61,0
2026-05-08T10:00:00.000Z,213.65,213.85,213.3,213.63,0
2026-05-08T10:30:00.000Z,213.64,213.728,213.12,213.25,0
2026-05-08T11:00:00.000Z,213.21,213.65,213.15,213.45,0
2026-05-08T11:30:00.000Z,213.47,213.62,213.35,213.41,0
2026-05-08T12:00:00.000Z,213.38,213.44,213,213.3,0
2026-05-08T12:30:00.000Z,213.26,214.05,213.23,213.4,0
2026-05-08T13:00:00.000Z,213.45,213.9,212.97,212.987,0
2026-05-08T13:30:00.000Z,213.02999877929688,217.75999450683594,212.88999938964844,217.61000061035156,29577591
2026-05-08T14:00:00.000Z,217.61000061035156,217.8000030517578,215.1300048828125,215.2899932861328,13745308
2026-05-08T14:30:00.000Z,215.3112030029297,216.2050018310547,214.30999755859375,215.94000244140625,9770897
2026-05-08T15:00:00.000Z,215.89320373535156,216.8000030517578,215.3800048828125,216.25999450683594,8301763
2026-05-08T15:30:00.000Z,216.27999877929688,217.1999969482422,215.49000549316406,215.50999450683594,7564572
2026-05-08T16:00:00.000Z,215.49000549316406,216.17999267578125,215.16000366210938,215.88999938964844,5743540
2026-05-08T16:30:00.000Z,215.89999389648438,216.0998992919922,215.00999450683594,215.25999450683594,4598565
2026-05-08T17:00:00.000Z,215.25,216.07000732421875,215.08999633789062,215.6750030517578,4181044
2026-05-08T17:30:00.000Z,215.68499755859375,215.80499267578125,214.85000610351562,214.9499969482422,5106435
2026-05-08T18:00:00.000Z,214.9499969482422,215.8000030517578,214.92999267578125,215.36300659179688,3865569
2026-05-08T18:30:00.000Z,215.3699951171875,215.50100708007812,214.9600067138672,215.07000732421875,3843306
2026-05-08T19:00:00.000Z,215.06460571289062,215.82000732421875,214.8249969482422,214.85000610351562,5797994
2026-05-08T19:30:00.000Z,214.85000610351562,215.47000122070312,214.67999267578125,215.2100067138672,11516279
2026-05-08T20:00:00.000Z,215.2,215.717,214.9,215.0487,0
2026-05-08T20:30:00.000Z,215,221.6755,208.8782,214.985,0
2026-05-08T21:00:00.000Z,214.9804,221.6755,214.96,215.04,0
2026-05-08T21:30:00.000Z,215.04,219.4836,214.95,214.97,0
2026-05-08T22:00:00.000Z,214.98,215.13,214.94,215.04,0
2026-05-08T22:30:00.000Z,215.03,215.17,215,215.03,0
2026-05-08T23:00:00.000Z,215.03,215.07,214.92,214.96,0
2026-05-08T23:30:00.000Z,214.955,215.05,214.91,215.05,0
2026-05-08T23:59:58.000Z,215.05,215.05,215.05,215.05,0
2026-07-23T08:00:00.000Z,210.501,212.5,210.0065,210.898,0
2026-07-23T08:30:00.000Z,210.8798,211.68,210.803,211.55,0
2026-07-23T09:00:00.000Z,211.4894,211.86,210.9,211.0762,0
2026-07-23T09:30:00.000Z,210.97,211.1445,210.694,210.7532,0
2026-07-23T10:00:00.000Z,210.81,210.9788,210.312,210.312,0
2026-07-23T10:30:00.000Z,210.388,210.97,210.3,210.8542,0
2026-07-23T11:00:00.000Z,210.93,212.06,210.43,210.5,0
2026-07-23T11:30:00.000Z,210.45,210.76,209.73,210.63,0
2026-07-23T12:00:00.000Z,210.65,210.77,209.51,209.65,0
2026-07-23T12:30:00.000Z,209.62,209.9442,208.95,209.16,0
2026-07-23T13:00:00.000Z,209.0955,209.48,208.27,209.46,0
2026-07-23T13:30:00.000Z,209.39500427246094,210.8686981201172,208.4499969482422,208.92999267578125,16314777
2026-07-23T14:00:00.000Z,208.9499969482422,209.9600067138672,208.0500030517578,208.5760040283203,7922566
2026-07-23T14:30:00.000Z,208.5399932861328,209.12989807128906,207.1999969482422,207.30499267578125,7133895
2026-07-23T15:00:00.000Z,207.3300018310547,207.77960205078125,206.04010009765625,206.3800048828125,8269303
2026-07-23T15:30:00.000Z,206.34500122070312,208.25,205.9600067138672,208.1800994873047,6077758
2026-07-23T16:00:00.000Z,208.19000244140625,209.81500244140625,208.0399932861328,209.6300048828125,5502769
2026-07-23T16:30:00.000Z,209.63999938964844,210.38999938964844,209.24000549316406,209.8800048828125,5178474
2026-07-23T17:00:00.000Z,209.88999938964844,210.42999267578125,209.17999267578125,210.1300048828125,4039180
2026-07-23T17:30:00.000Z,210.13499450683594,210.1999969482422,209,209.07000732421875,3136965
2026-07-23T18:00:00.000Z,209.08999633789062,209.10989379882812,208.19000244140625,208.57000732421875,4158220
2026-07-23T18:30:00.000Z,208.57980346679688,208.8249969482422,207.3300018310547,207.6750030517578,4429934
2026-07-23T19:00:00.000Z,207.6741943359375,208.1649932861328,207.1199951171875,207.84500122070312,4883127
2026-07-23T19:30:00.000Z,207.85000610351562,208.97999572753906,206.88999938964844,208.6999969482422,10705777
2026-07-23T20:00:00.000Z,208.78,210.08,204.7913,209.25,0
2026-07-23T20:30:00.000Z,209.26,222.3682,203.2372,209.15,0
2026-07-23T21:00:00.000Z,209.1,215.0322,198.1799,208.27,0
2026-07-23T21:30:00.000Z,208.25,208.76,207.19,208.4,0
2026-07-23T22:00:00.000Z,208.43,208.64,207.51,207.81,0
2026-07-23T22:30:00.000Z,207.87,208.76,207.777,208.38,0
2026-07-23T23:00:00.000Z,208.4975,208.5,208,208.03,0
2026-07-23T23:30:00.000Z,208,208.07,207.78,207.99,0
2026-07-24T08:00:00.000Z,206.59,208.76,206.1,207.3271,0
2026-07-24T08:30:00.000Z,207.39,207.73,207.023,207.45,0
2026-07-24T09:00:00.000Z,207.46,208.28,207.4045,208.274,0
2026-07-24T09:30:00.000Z,208.2642,208.5,208.04,208.4442,0
2026-07-24T10:00:00.000Z,208.33,208.3988,207.7112,207.9927,0
2026-07-24T10:30:00.000Z,207.9732,208.07,207.52,207.95,0
2026-07-24T11:00:00.000Z,207.93,208.49,207.87,208.24,0
2026-07-24T11:30:00.000Z,208.25,208.75,208.02,208.6596,0
2026-07-24T12:00:00.000Z,208.37,208.99,208.11,208.4859,0
2026-07-24T12:30:00.000Z,208.45,208.76,207.863,207.9822,0
2026-07-24T13:00:00.000Z,207.955,208.2,206.92,207.45,0
2026-07-24T13:30:00.000Z,207.55999755859375,208.60000610351562,205.6699981689453,206.28390502929688,12288173
2026-07-24T14:00:00.000Z,206.2899932861328,208.35000610351562,206.2301025390625,208.11000061035156,8017766
2026-07-24T14:30:00.000Z,208.11000061035156,209.5800018310547,207.10000610351562,209.4949951171875,7746864
2026-07-24T15:00:00.000Z,209.52000427246094,210.36000061035156,208.58999633789062,209.2100067138672,7339566
2026-07-24T15:30:00.000Z,209.2100067138672,210.30999755859375,208.97999572753906,210.18099975585938,5245361
2026-07-24T16:00:00.000Z,210.18499755859375,211.90989685058594,210.00999450683594,210.77000427246094,9312282
2026-07-24T16:30:00.000Z,210.77499389648438,210.8800048828125,209.75999450683594,210.22000122070312,4759842
2026-07-24T17:00:00.000Z,210.24000549316406,210.35499572753906,209.52000427246094,210.25,4278570
2026-07-24T17:30:00.000Z,210.27000427246094,210.52999877929688,209.6699981689453,209.6999969482422,3174473
2026-07-24T18:00:00.000Z,209.6999969482422,209.91000366210938,207.72999572753906,207.8249969482422,4664349
2026-07-24T18:30:00.000Z,207.8300018310547,207.88580322265625,206.02000427246094,206.27999877929688,8749103
2026-07-24T19:00:00.000Z,206.27000427246094,206.7100067138672,204.80999755859375,205.60659790039062,9243970
2026-07-24T19:30:00.000Z,205.60000610351562,207.17999267578125,205.2899932861328,206.9600067138672,13248396
2026-07-24T20:00:00.000Z,206.98,207.25,206.76,206.7888,0
2026-07-24T20:30:00.000Z,206.76,216.0477,192.6807,207.03,0
2026-07-24T21:00:00.000Z,207.03,216.0477,199.582,206.95,0
2026-07-24T21:30:00.000Z,206.95,207,206.75,206.905,0
2026-07-24T22:00:00.000Z,206.9005,206.96,206.62,206.73,0
2026-07-24T22:30:00.000Z,206.7099,206.96,206.637,206.7127,0
2026-07-24T23:00:00.000Z,206.7246,206.82,206.58,206.69,0
2026-07-24T23:30:00.000Z,206.75,206.8,206.5,206.7995,0
2026-07-27T08:00:00.000Z,208.7,209.75,208.34,209.282,0
2026-07-27T08:30:00.000Z,209.32,209.62,209.22,209.5085,0
2026-07-27T09:00:00.000Z,209.4767,209.5052,209.0417,209.1877,0
2026-07-27T09:30:00.000Z,209.13,209.2788,209.0147,209.21,0
2026-07-27T10:00:00.000Z,209.2,209.21,208.52,208.75,0
2026-07-27T10:30:00.000Z,208.7867,209.2,208.3842,208.6252,0
2026-07-27T11:00:00.000Z,208.56,208.7,207.7635,207.88,0
2026-07-27T11:30:00.000Z,207.89,208.22,207.8257,208.22,0
2026-07-27T12:00:00.000Z,208.2,208.5975,207.9437,208.1387,0
2026-07-27T12:30:00.000Z,208.1387,208.4802,208,208.2707,0
2026-07-27T13:00:00.000Z,208.3,208.89,207.5,208.19,0
2026-07-27T13:30:00.000Z,208.11000061035156,208.75,201.1999969482422,201.76499938964844,21089892
2026-07-27T14:00:00.000Z,201.80999755859375,202.9290008544922,198.8800048828125,198.94500732421875,13702743
2026-07-27T14:30:00.000Z,198.9499969482422,200,197.4199981689453,199.77499389648438,15901040
2026-07-27T15:00:00.000Z,199.8000030517578,199.89999389648438,196.77000427246094,197.06500244140625,11321088
2026-07-27T15:30:00.000Z,197.0749969482422,197.6300048828125,195.9199981689453,197.60000610351562,10078477
2026-07-27T16:00:00.000Z,197.60000610351562,198.5399932861328,196.77099609375,197.77999877929688,8226266
2026-07-27T16:30:00.000Z,197.77999877929688,198.14999389648438,196.1804962158203,196.32510375976562,6426255
2026-07-27T17:00:00.000Z,196.3300018310547,196.39999389648438,195.44000244140625,195.57000732421875,6523477
2026-07-27T17:30:00.000Z,195.5800018310547,196.8394012451172,195.5,196.7949981689453,5418188
2026-07-27T18:00:00.000Z,196.8000030517578,197.0800018310547,196.0500030517578,196.7050018310547,4747674
2026-07-27T18:30:00.000Z,196.69500732421875,197.64999389648438,196.08999633789062,197.44949340820312,5373782
2026-07-27T19:00:00.000Z,197.44000244140625,198.02000427246094,197.1649932861328,197.72999572753906,7398495
2026-07-27T19:30:00.000Z,197.72999572753906,197.8300018310547,196.30999755859375,196.52000427246094,13711449
2026-07-27T20:00:00.000Z,196.53,202.1699,196.4,196.68,0
2026-07-27T20:30:00.000Z,196.62,206.0108,196.62,196.94,0
2026-07-27T21:00:00.000Z,196.91,206.0108,185.6813,197.0995,0
2026-07-27T21:30:00.000Z,197.09,197.13,196.96,197.01,0
2026-07-27T22:00:00.000Z,197.01,197.14,196.25,196.3092,0
2026-07-27T22:30:00.000Z,196.3,196.57,196.25,196.36,0
2026-07-27T23:00:00.000Z,196.3887,196.49,196.1,196.41,0
2026-07-27T23:30:00.000Z,196.41,196.51,196.062,196.14,0
2026-07-28T08:00:00.000Z,194.2,196.51,193,194.33,0
2026-07-28T08:30:00.000Z,194.36,195.18,194.1111,194.5,0
2026-07-28T09:00:00.000Z,194.5565,194.78,194.1042,194.65,0
2026-07-28T09:30:00.000Z,194.65,194.8135,194.35,194.52,0
2026-07-28T10:00:00.000Z,194.5,194.74,194.31,194.6512,0
2026-07-28T10:30:00.000Z,194.7,194.85,193.607,194.5488,0
2026-07-28T11:00:00.000Z,194.55,196.51,194.1,194.7999,0
2026-07-28T11:30:00.000Z,194.75,195.7775,194.03,195.5951,0
2026-07-28T12:00:00.000Z,195.55,196.08,195.47,195.79,0
2026-07-28T12:30:00.000Z,195.86,196.06,195.32,195.43,0
2026-07-28T13:00:00.000Z,195.5472,196.47,194.02,195.05,0
2026-07-28T13:30:00.000Z,194.9499969482422,195.4550018310547,192.8000030517578,193.6300048828125,24246704
2026-07-28T14:00:00.000Z,193.63999938964844,195.1699981689453,192.74000549316406,194.08999633789062,12574538
2026-07-28T14:30:00.000Z,194.08999633789062,197.59739685058594,193.89999389648438,196.77000427246094,12130696
2026-07-28T15:00:00.000Z,196.77999877929688,197.85000610351562,195.86000061035156,196.72000122070312,8535850
2026-07-28T15:30:00.000Z,196.6999969482422,198.61000061035156,196.44000244140625,198.3300018310547,7828567
2026-07-28T16:00:00.000Z,198.3300018310547,198.6999969482422,197.25,197.27999877929688,5548702
2026-07-28T16:30:00.000Z,197.27999877929688,198.2449951171875,196.60000610351562,198.0200958251953,6571443
2026-07-28T17:00:00.000Z,198.02999877929688,198.24000549316406,197.14999389648438,197.6999969482422,4312574
2026-07-28T17:30:00.000Z,197.69009399414062,198.08990478515625,196.6699981689453,197.10000610351562,3630864
2026-07-28T18:00:00.000Z,197.10000610351562,197.39930725097656,196.64999389648438,196.7050018310547,3308976
2026-07-28T18:30:00.000Z,196.7050018310547,197.38999938964844,196.53309631347656,197.07000732421875,4682529
2026-07-28T19:00:00.000Z,197.07000732421875,198.02999877929688,197.05369567871094,197.88999938964844,5487902
2026-07-28T19:30:00.000Z,197.91000366210938,198.14999389648438,196.75,196.9499969482422,13539085
2026-07-28T20:00:00.000Z,197.01,197.6,196,197.48,0
2026-07-28T20:30:00.000Z,197.46,201.3796,183.6614,197.21,0
2026-07-28T21:00:00.000Z,197.21,201.3796,183.6614,196.93,0
2026-07-28T21:30:00.000Z,196.95,197.09,196.85,196.89,0
2026-07-28T22:00:00.000Z,196.8966,197.24,196.52,196.77,0
2026-07-28T22:30:00.000Z,196.7416,196.75,195.5,195.53,0
2026-07-28T23:00:00.000Z,195.5001,196.07,195,195.6972,0
2026-07-28T23:30:00.000Z,195.6997,197.75,195.58,197.63,0
2026-07-29T08:00:00.000Z,196.13,197.01,194.0432,195.6685,0
2026-07-29T08:30:00.000Z,195.78,196.89,195.67,196.6955,0
2026-07-29T09:00:00.000Z,196.4757,197.6022,196.409,197.33,0
2026-07-29T09:30:00.000Z,197.27,198.25,197.09,198.06,0
2026-07-29T10:00:00.000Z,198.08,198.3,197.45,197.58,0
2026-07-29T10:30:00.000Z,197.63,197.78,196.75,196.9,0
2026-07-29T11:00:00.000Z,196.885,197.7,196.68,197.48,0
2026-07-29T11:30:00.000Z,197.48,197.6,197.1,197.5,0
2026-07-29T12:00:00.000Z,197.52,197.52,196.3,196.37,0
2026-07-29T12:30:00.000Z,196.43,197.15,196.2217,196.89,0
2026-07-29T13:00:00.000Z,196.92,197,194.5,195.81,0
2026-07-29T13:30:00.000Z,195.84500122070312,197.07400512695312,192.64999389648438,193.3800048828125,14548223
2026-07-29T14:00:00.000Z,193.38999938964844,193.64999389648438,190.92300415039062,191.63499450683594,12228514
2026-07-29T14:30:00.000Z,191.61000061035156,192.6300048828125,190.9600067138672,192.48500061035156,8005973
2026-07-29T15:00:00.000Z,192.47999572753906,193.16000366210938,192.16000366210938,192.375,5974530
2026-07-29T15:30:00.000Z,192.375,192.60000610351562,191.44000244140625,191.86000061035156,5542497
2026-07-29T16:00:00.000Z,191.85000610351562,192.1199951171875,190.6820068359375,191.58999633789062,8679685
2026-07-29T16:30:00.000Z,191.5749969482422,192.1699981689453,191.27999877929688,191.97000122070312,6886688
2026-07-29T17:00:00.000Z,191.97000122070312,193.0800018310547,191.85499572753906,192.16949462890625,5810674
2026-07-29T17:30:00.000Z,192.110107421875,192.5,191.7100067138672,192.32000732421875,4611747
2026-07-29T18:00:00.000Z,192.35000610351562,194.0570068359375,192.30499267578125,193.1999969482422,9080228
2026-07-29T18:30:00.000Z,193.17100524902344,196.17999267578125,192.72000122070312,195.9398956298828,8025948
2026-07-29T19:00:00.000Z,195.9300994873047,196.32989501953125,192.56500244140625,193.3699951171875,7799233
2026-07-29T19:30:00.000Z,193.3800048828125,193.7550048828125,190.02000427246094,190.05999755859375,21014144
2026-07-29T20:00:00.000Z,190.01,202.04,188.88,189.17,0
2026-07-29T20:30:00.000Z,189.1568,192.1368,177.0854,189.6912,0
2026-07-29T21:00:00.000Z,189.6529,199.5629,177.0854,190,0
2026-07-29T21:30:00.000Z,190.05,190.1,188.78,189.29,0
2026-07-29T22:00:00.000Z,189.28,192.15,189.2,191.7989,0
2026-07-29T22:30:00.000Z,191.68,191.8,190.8,190.98,0
2026-07-29T23:00:00.000Z,190.98,191.51,190.95,191.472,0
2026-07-29T23:30:00.000Z,191.45,191.8,191.01,191.2641,0
2026-07-30T08:00:00.000Z,191.3,192,190.01,191.4304,0
2026-07-30T08:30:00.000Z,191.45,191.89,191.4142,191.6025,0
2026-07-30T09:00:00.000Z,191.6922,192.66,191.5,192.45,0
2026-07-30T09:30:00.000Z,192.48,192.6488,191.62,191.6877,0
2026-07-30T10:00:00.000Z,191.678,192.6957,191.45,192.58,0
2026-07-30T10:30:00.000Z,192.697,192.8,192.3,192.43,0
2026-07-30T11:00:00.000Z,192.415,193.45,190.01,193.3483,0
2026-07-30T11:30:00.000Z,193.3485,193.68,192.86,193.3008,0
2026-07-30T12:00:00.000Z,193.3491,194.3,193.1,193.64,0
2026-07-30T12:30:00.000Z,193.5507,194.25,193.55,194.1167,0
2026-07-30T13:00:00.000Z,194.114,194.66,192.97,193.31,0
2026-07-30T13:30:00.000Z,193.4499969482422,195.60000610351562,191.52000427246094,195.5352020263672,22174885
2026-07-30T14:00:00.000Z,195.52999877929688,197.17999267578125,194.9199981689453,196.80999755859375,11663178
2026-07-30T14:30:00.000Z,196.80999755859375,197.25,194.24000549316406,194.87730407714844,10301097
2026-07-30T15:00:00.000Z,194.88999938964844,195.3249969482422,193.43499755859375,193.50999450683594,8737325
2026-07-30T15:30:00.000Z,193.50999450683594,193.58999633789062,192.72999572753906,193.11090087890625,7475276
2026-07-30T16:00:00.000Z,193.1199951171875,194.3699951171875,192.85000610351562,193.80999755859375,5791216
2026-07-30T16:30:00.000Z,193.80999755859375,194.01499938964844,192.67999267578125,193.39500427246094,4840813
2026-07-30T17:00:00.000Z,193.41000366210938,194.00999450683594,193.39999389648438,193.6199951171875,3532224
2026-07-30T17:30:00.000Z,193.6199951171875,194.02999877929688,193.0601043701172,193.77000427246094,3933194
2026-07-30T18:00:00.000Z,193.75050354003906,194.07000732421875,193.24000549316406,193.49000549316406,3647430
2026-07-30T18:30:00.000Z,193.49000549316406,193.83250427246094,193.13999938964844,193.52000427246094,4204624
2026-07-30T19:00:00.000Z,193.52980041503906,194.9250030517578,193.4199981689453,194.05499267578125,6190665
2026-07-30T19:30:00.000Z,194.0399932861328,195.32550048828125,193.99000549316406,195.14999389648438,11945984
2026-07-30T20:00:00.000Z,195.04,196.35,194.94,195.95,0
2026-07-30T20:30:00.000Z,195.98,196.3599,182.2548,195.4754,0
2026-07-30T21:00:00.000Z,195.48,203.8033,182.0157,196.1861,0
2026-07-30T21:30:00.000Z,196.16,196.295,195.04,195.48,0
2026-07-30T22:00:00.000Z,195.48,196.23,195.23,195.77,0
2026-07-30T22:30:00.000Z,195.72,196.18,195.5,196.01,0
2026-07-30T23:00:00.000Z,196.07,196.39,196.01,196.2001,0
2026-07-30T23:30:00.000Z,196.2228,196.85,196.1,196.839,0
2026-07-31T08:00:00.000Z,198.4897,198.8,195.04,198.7,0
2026-07-31T08:30:00.000Z,198.68,198.77,198.25,198.46,0
2026-07-31T09:00:00.000Z,198.42,198.68,198.05,198.0977,0
2026-07-31T09:30:00.000Z,198.11,198.3997,197.74,197.82,0
2026-07-31T10:00:00.000Z,197.8,198.1988,197.65,198.0215,0
2026-07-31T10:30:00.000Z,198.02,198.1,197.5,197.65,0
2026-07-31T11:00:00.000Z,197.745,198.18,197.2,197.25,0
2026-07-31T11:30:00.000Z,197.32,197.8,197.2,197.5332,0
2026-07-31T12:00:00.000Z,197.64,197.66,195.04,196.99,0
2026-07-31T12:30:00.000Z,196.9888,197.1,196.4,196.882,0
2026-07-31T13:00:00.000Z,196.8699,198.68,196.7327,198.57,0
2026-07-31T13:30:00.000Z,198.4405059814453,200.08999633789062,196.93820190429688,197.69000244140625,20172214
2026-07-31T14:00:00.000Z,197.6699981689453,197.89999389648438,194.9499969482422,196.9949951171875,9694541
2026-07-31T14:30:00.000Z,197,198.92999267578125,196.77020263671875,198.110107421875,7878193
2026-07-31T15:00:00.000Z,198.1199951171875,198.33999633789062,195.32000732421875,195.6199951171875,7039121
2026-07-31T15:30:00.000Z,195.60000610351562,196.6699981689453,195.2386932373047,196.27999877929688,5286886
2026-07-31T16:00:00.000Z,196.27499389648438,198.02000427246094,196.14999389648438,198.02000427246094,4443242
2026-07-31T16:30:00.000Z,198.0449981689453,198.52000427246094,197.5,198.22000122070312,4736059
2026-07-31T17:00:00.000Z,198.22000122070312,199.3199005126953,198.1300048828125,199.2550048828125,4435336
2026-07-31T17:30:00.000Z,199.2550048828125,199.97000122070312,198.97000122070312,199.4949951171875,4813958
2026-07-31T18:00:00.000Z,199.4949951171875,199.789794921875,198.49000549316406,198.5500946044922,4941732
2026-07-31T18:30:00.000Z,198.59500122070312,199.32989501953125,198.4810028076172,198.97000122070312,4975145
2026-07-31T19:00:00.000Z,198.9600067138672,201.1199951171875,198.25999450683594,200.30499267578125,10938238
2026-07-31T19:30:00.000Z,200.30499267578125,201.97000122070312,199.8800048828125,200.80999755859375,19652521
2026-07-31T20:00:00.000Z,200.75,200.75,199.65,199.9496,0
2026-07-31T20:30:00.000Z,199.9376,200.8,199.49,199.49,0
2026-07-31T21:00:00.000Z,199.5294,208.9337,193.7188,199.8408,0
2026-07-31T21:30:00.000Z,199.82,208.9337,198.91,199.04,0
2026-07-31T22:00:00.000Z,199.05,199.1,198.9,199.0867,0
2026-07-31T22:30:00.000Z,199.03,200.75,198.96,198.9671,0
2026-07-31T23:00:00.000Z,198.9671,199.2,198.96,199.1,0
2026-07-31T23:30:00.000Z,199.1,199.12,198.94,198.9495,0
2026-08-03T08:00:00.000Z,201.99,202.7477,199.66,199.99,0
2026-08-03T08:30:00.000Z,199.92,200.8707,199.6645,200.72,0
2026-08-03T09:00:00.000Z,200.77,200.9,200.44,200.72,0
2026-08-03T09:30:00.000Z,200.63,200.8857,200.4062,200.74,0
2026-08-03T10:00:00.000Z,200.6608,200.7,199.66,199.95,0
2026-08-03T10:30:00.000Z,199.96,200.46,199.8,200.4012,0
2026-08-03T11:00:00.000Z,200.275,200.45,199.25,199.343,0
2026-08-03T11:30:00.000Z,199.31,199.8506,198.2996,198.51,0
2026-08-03T12:00:00.000Z,198.5791,198.89,197.944,198.53,0
2026-08-03T12:30:00.000Z,198.7582,198.8,198.0825,198.6431,0
2026-08-03T13:00:00.000Z,198.6517,199.29,196.75,197.69,0
2026-08-03T13:30:00.000Z,197.72999572753906,202.35000610351562,196.8509979248047,202.2624053955078,17913566
2026-08-03T14:00:00.000Z,202.22999572753906,205.72000122070312,201.50999450683594,205.39010620117188,15739248
2026-08-03T14:30:00.000Z,205.38999938964844,206.60000610351562,204.8000946044922,206.2899932861328,9757678
2026-08-03T15:00:00.000Z,206.29190063476562,207.39999389648438,206.0800018310547,206.4149932861328,9328325
2026-08-03T15:30:00.000Z,206.4199981689453,207.24000549316406,206.27000427246094,206.77999877929688,6786662
2026-08-03T16:00:00.000Z,206.77499389648438,207.47999572753906,206.61000061035156,207.08999633789062,4416524
2026-08-03T16:30:00.000Z,207.08680725097656,207.32000732421875,206.69000244140625,206.89999389648438,3822456
2026-08-03T17:00:00.000Z,206.89999389648438,208.67990112304688,206.82000732421875,208.59500122070312,5787288
2026-08-03T17:30:00.000Z,208.5998992919922,208.7100067138672,207.66000366210938,208.11090087890625,5800625
2026-08-03T18:00:00.000Z,208.11990356445312,208.74000549316406,207.57000732421875,207.7100067138672,4928257
2026-08-03T18:30:00.000Z,207.6999969482422,208.17999267578125,207.60000610351562,208.16000366210938,3753093
2026-08-03T19:00:00.000Z,208.15499877929688,208.72000122070312,207.63999938964844,207.83999633789062,5948812
2026-08-03T19:30:00.000Z,207.85000610351562,207.9199981689453,205.9199981689453,206.69000244140625,11942945
2026-08-03T20:00:00.000Z,206.68,206.9407,206.05,206.69,0
2026-08-03T20:30:00.000Z,206.6682,220.9158,202.5263,206.6546,0
2026-08-03T21:00:00.000Z,206.67,220.9367,199.8468,206.8163,0
2026-08-03T21:30:00.000Z,206.8169,220.9367,202.5263,206.76,0
2026-08-03T22:00:00.000Z,206.7491,206.9818,206.72,206.8167,0
2026-08-03T22:30:00.000Z,206.8115,207.4032,206.78,206.9934,0
2026-08-03T23:00:00.000Z,206.99,207.06,206.72,206.92,0
2026-08-03T23:30:00.000Z,206.91,207.06,206.75,206.8031,0
2026-08-04T08:00:00.000Z,207.76,208.7,206.64,208.45,0
2026-08-04T08:30:00.000Z,208.41,208.5,207.8255,208.3,0
2026-08-04T09:00:00.000Z,208.2,208.45,207.89,208.35,0
2026-08-04T09:30:00.000Z,208.37,208.696,208.1012,208.3503,0
2026-08-04T10:00:00.000Z,208.47,208.71,208.3232,208.5575,0
2026-08-04T10:30:00.000Z,208.55,208.86,208.29,208.6477,0
2026-08-04T11:00:00.000Z,208.56,209.63,208.56,209.63,0
2026-08-04T11:30:00.000Z,209.6062,210.68,209.1652,210.5,0
2026-08-04T12:00:00.000Z,210.53,210.57,209.91,210.0803,0
2026-08-04T12:30:00.000Z,210.08,210.31,209.78,209.96,0
2026-08-04T13:00:00.000Z,209.998,211.57,209.78,211.44,0
2026-08-04T13:30:00.000Z,211.49000549316406,212.1708984375,209.19000244140625,210.0399932861328,21376302
2026-08-04T14:00:00.000Z,210,210.83999633789062,209.11500549316406,210.2624053955078,8612750
2026-08-04T14:30:00.000Z,210.24000549316406,211.03990173339844,209.0500030517578,209.57000732421875,9005146
2026-08-04T15:00:00.000Z,209.55999755859375,210.45140075683594,209.5,209.89999389648438,5927656
2026-08-04T15:30:00.000Z,209.89999389648438,210.9499969482422,209.6199951171875,210.77499389648438,4949234
2026-08-04T16:00:00.000Z,210.77000427246094,210.91000366210938,210.17010498046875,210.22030639648438,4591385
2026-08-04T16:30:00.000Z,210.22000122070312,210.77499389648438,209.94000244140625,210.62399291992188,3890676
2026-08-04T17:00:00.000Z,210.6468048095703,211.64999389648438,210.60000610351562,211.4600067138672,5197248
2026-08-04T17:30:00.000Z,211.4698944091797,212.1199951171875,211.1649932861328,211.47999572753906,6037010
2026-08-04T18:00:00.000Z,211.49000549316406,212.64999389648438,211.0399932861328,212.55999755859375,6022699
2026-08-04T18:30:00.000Z,212.57000732421875,213,212.1999969482422,212.9499969482422,6817624
2026-08-04T19:00:00.000Z,212.94000244140625,213.05999755859375,212.2899932861328,212.49000549316406,6951318
2026-08-04T19:30:00.000Z,212.48500061035156,212.97999572753906,211.80999755859375,211.83999633789062,11957434
2026-08-04T20:00:00.000Z,211.94,212.3999,209.29,210.49,0
2026-08-04T20:30:00.000Z,210.5,213.93,209.71,213.73,0
2026-08-04T21:00:00.000Z,213.7472,219.4824,208.233,215.3,0
2026-08-04T21:30:00.000Z,215.31,224.9013,200.674,215.1,0
2026-08-04T22:00:00.000Z,215.1003,215.85,211.94,215.1774,0
2026-08-04T22:30:00.000Z,215.2,216.6,215.1,216.58,0
2026-08-04T23:00:00.000Z,216.4901,217.1,216.01,216.2715,0
2026-08-04T23:30:00.000Z,216.3171,216.75,216.1,216.5,0
2026-08-05T08:00:00.000Z,216.64,217.8087,211.94,216.2267,0
2026-08-05T08:30:00.000Z,216.15,216.2365,215.53,215.69,0
2026-08-05T09:00:00.000Z,215.75,216.18,215.53,216.14,0
2026-08-05T09:30:00.000Z,216.178,216.3,215.7025,215.98,0
2026-08-05T10:00:00.000Z,215.96,216.2,215.65,215.97,0
2026-08-05T10:30:00.000Z,215.99,216.68,215.904,216.41,0
2026-08-05T11:00:00.000Z,216.45,216.515,215.36,215.5,0
2026-08-05T11:30:00.000Z,215.43,216,215.2,215.7035,0
2026-08-05T12:00:00.000Z,215.6792,215.8552,214.8,215.15,0
2026-08-05T12:30:00.000Z,215.1162,215.51,214.95,215.1,0
2026-08-05T13:00:00.000Z,215.1,217.69,214.9501,216.85,0
2026-08-05T13:30:00.000Z,216.86000061035156,221.77000427246094,216.39999389648438,221.15499877929688,38645549
2026-08-05T14:00:00.000Z,221.15499877929688,222.22000122070312,220.11000061035156,220.72779846191406,15534829
2026-08-05T14:30:00.000Z,220.6999969482422,220.72999572753906,218.35000610351562,218.8000030517578,10381919
2026-08-05T15:00:00.000Z,218.80999755859375,219.7899932861328,218.5500030517578,219.11000061035156,7355884
2026-08-05T15:30:00.000Z,219.0989990234375,220.3300018310547,218.44000244140625,219.05499267578125,6854417
2026-08-05T16:00:00.000Z,219.05499267578125,221.3699951171875,218.96499633789062,221.1699981689453,7480201
2026-08-05T16:30:00.000Z,221.1699981689453,221.60000610351562,221.0399932861328,221.33999633789062,6501683
2026-08-05T17:00:00.000Z,221.32000732421875,221.57000732421875,220.6082000732422,221.0500030517578,5579889
2026-08-05T17:30:00.000Z,221.05999755859375,221.44000244140625,220.68060302734375,220.81500244140625,4190078
2026-08-05T18:00:00.000Z,220.82000732421875,221.8000030517578,220.59010314941406,221.73980712890625,5129297
2026-08-05T18:30:00.000Z,221.74000549316406,221.91969299316406,221.1699981689453,221.72999572753906,5751965
2026-08-05T19:00:00.000Z,221.74000549316406,222.17999267578125,221.60000610351562,221.8350067138672,9108953
2026-08-05T19:30:00.000Z,221.8300018310547,221.8699951171875,218.85000610351562,219.1999969482422,15732584
2026-08-05T20:00:00.000Z,219.22,221.905,218.5,219.8817,0
2026-08-05T20:30:00.000Z,219.8859,233.4137,215.6948,219.9604,0
2026-08-05T21:00:00.000Z,219.96,234.2166,215.6948,220.0195,0
2026-08-05T21:30:00.000Z,220.0002,220.02,219.2537,219.86,0
2026-08-05T22:00:00.000Z,219.83,220.7526,219.22,220.52,0
2026-08-05T22:30:00.000Z,220.46,221.16,220.46,220.82,0
2026-08-05T23:00:00.000Z,220.84,221,220.7,220.9155,0
2026-08-05T23:30:00.000Z,220.98,220.98,220.5,220.7423,0
2026-08-06T08:00:00.000Z,220.1187,220.42,218.4027,219.43,0
2026-08-06T08:30:00.000Z,219.49,220,219.3,219.6488,0
2026-08-06T09:00:00.000Z,219.51,219.57,218.75,218.83,0
2026-08-06T09:30:00.000Z,218.82,219.5,218.8012,219.48,0
2026-08-06T10:00:00.000Z,219.45,219.9,219.35,219.8475,0
2026-08-06T10:30:00.000Z,219.75,219.88,219.0012,219.39,0
2026-08-06T11:00:00.000Z,219.42,220.89,218.8,220.6083,0
2026-08-06T11:30:00.000Z,220.6424,222.38,220.63,221.93,0
2026-08-06T12:00:00.000Z,221.9,221.95,220.61,221.4331,0
2026-08-06T12:30:00.000Z,221.4,222.15,221.21,221.3029,0
2026-08-06T13:00:00.000Z,221.2781,221.78,220.3,221.5983,0
2026-08-06T13:30:00.000Z,221.52999877929688,223.62750244140625,220.02000427246094,222.16000366210938,22233354
2026-08-06T14:00:00.000Z,222.13499450683594,222.6300048828125,219.33009338378906,219.81500244140625,11327126
2026-08-06T14:30:00.000Z,219.82179260253906,219.9698944091797,218.80999755859375,219.1199951171875,9563063
2026-08-06T15:00:00.000Z,219.11000061035156,219.3498992919922,217.7100067138672,218.2041015625,7557163
2026-08-06T15:30:00.000Z,218.2100067138672,218.4199981689453,217.27000427246094,217.91009521484375,6102874
2026-08-06T16:00:00.000Z,217.88999938964844,219.1300048828125,217.44000244140625,218.52999877929688,5840193
2026-08-06T16:30:00.000Z,218.5399932861328,219.44000244140625,218.47999572753906,219.3699951171875,3927003
2026-08-06T17:00:00.000Z,219.3800048828125,219.75,218.9600067138672,218.9600067138672,4121180
2026-08-06T17:30:00.000Z,218.97000122070312,219.6199951171875,218.57000732421875,219.61000061035156,3117343
2026-08-06T18:00:00.000Z,219.61000061035156,220.91000366210938,217.38999938964844,220.41000366210938,5132677
2026-08-06T18:30:00.000Z,220.4149932861328,220.4499969482422,219.41000366210938,219.4949951171875,3845540
2026-08-06T19:00:00.000Z,219.4949951171875,220.36349487304688,219.41000366210938,219.85000610351562,5466941
2026-08-06T19:30:00.000Z,219.86000061035156,220.2899932861328,218.57000732421875,218.99000549316406,10008767
2026-08-06T20:00:00.000Z,218.99,219.2277,218.58,218.93,0
2026-08-06T20:30:00.000Z,218.9,222.3682,211.4094,218.9688,0
2026-08-06T21:00:00.000Z,218.95,230.3812,206.172,218.93,0
2026-08-06T21:30:00.000Z,218.9159,218.99,218.71,218.7122,0
2026-08-06T22:00:00.000Z,218.83,219.68,218.7,219.41,0
2026-08-06T22:30:00.000Z,219.5,219.65,219.41,219.56,0
2026-08-06T23:00:00.000Z,219.57,219.78,219.43,219.54,0
2026-08-06T23:30:00.000Z,219.55,219.7,219.4,219.42,0
2026-08-07T08:00:00.000Z,218.84,220.1557,218.4742,219.8,0
2026-08-07T08:30:00.000Z,219.9,220.15,219.8,219.8442,0
2026-08-07T09:00:00.000Z,219.9087,220.08,219.82,219.99,0
2026-08-07T09:30:00.000Z,219.95,220.0738,219.4,219.4,0
2026-08-07T10:00:00.000Z,219.4,219.57,219.2,219.54,0
2026-08-07T10:30:00.000Z,219.62,219.62,219.2517,219.3731,0
2026-08-07T11:00:00.000Z,219.36,220.41,218.99,220.33,0
2026-08-07T11:30:00.000Z,220.3475,220.59,219.63,219.8,0
2026-08-07T12:00:00.000Z,219.8,220.35,219.6,219.9504,0
2026-08-07T12:30:00.000Z,219.98,221.6797,219.6905,221.1612,0
2026-08-07T13:00:00.000Z,221.17,221.91,220.51,221.52,0
2026-08-07T13:30:00.000Z,221.5850067138672,223.1699981689453,220.66000366210938,222.5,15241237
2026-08-07T14:00:00.000Z,222.50999450683594,223.4499969482422,220.92999267578125,223.3498992919922,9101113
2026-08-07T14:30:00.000Z,223.3300018310547,223.7698974609375,222.67999267578125,223.17999267578125,7901575
2026-08-07T15:00:00.000Z,223.1699981689453,224.64999389648438,223.13499450683594,224.1999969482422,7949101
2026-08-07T15:30:00.000Z,224.2100067138672,224.75999450683594,223.59219360351562,223.82000732421875,5667563
2026-08-07T16:00:00.000Z,223.82000732421875,223.8896026611328,222.25,222.4499969482422,6428750
2026-08-07T16:30:00.000Z,222.4600067138672,222.64999389648438,221.8800048828125,221.89999389648438,5378023
2026-08-07T17:00:00.000Z,221.89999389648438,222.33999633789062,221.55039978027344,221.8249969482422,4176777
2026-08-07T17:30:00.000Z,221.8249969482422,222.36000061035156,221.67999267578125,222.08999633789062,3112574
2026-08-07T18:00:00.000Z,222.10000610351562,222.39999389648438,221.83999633789062,221.94500732421875,2751830
2026-08-07T18:30:00.000Z,221.9600067138672,222.39500427246094,221.76499938964844,222.27000427246094,3058821
2026-08-07T19:00:00.000Z,222.30999755859375,223.13999938964844,222.30999755859375,223.0399932861328,5223535
2026-08-07T19:30:00.000Z,223.0399932861328,224.2100067138672,222.38999938964844,223.97999572753906,11686341
2026-08-07T20:00:00.000Z,223.96,224,223.26,223.45,0
2026-08-07T20:30:00.000Z,223.44,223.96,223.3004,223.6,0
2026-08-07T21:00:00.000Z,223.6183,249.1383,158.04,223.33,0
2026-08-07T21:30:00.000Z,223.33,223.39,223.08,223.3547,0
2026-08-07T22:00:00.000Z,223.354,223.43,223.27,223.3248,0
2026-08-07T22:30:00.000Z,223.3212,223.449,223.2,223.44,0
2026-08-07T23:00:00.000Z,223.44,223.8,223.3,223.5605,0
2026-08-07T23:30:00.000Z,223.564,223.92,223.5,223.7619,0
2026-08-10T08:00:00.000Z,224.858,225.58,224.4317,224.99,0
2026-08-10T08:30:00.000Z,224.98,225.1888,224.73,224.89,0
2026-08-10T09:00:00.000Z,224.89,225.0637,224.7012,224.78,0
2026-08-10T09:30:00.000Z,224.78,224.91,224.6,224.8,0
2026-08-10T10:00:00.000Z,224.7635,224.99,224.61,224.87,0
2026-08-10T10:30:00.000Z,224.87,225.1888,224.7328,224.99,0
2026-08-10T11:00:00.000Z,224.99,225.078,223.96,224.62,0
2026-08-10T11:30:00.000Z,224.6102,224.63,223.8,224.17,0
2026-08-10T12:00:00.000Z,224.1503,224.23,223.04,223.33,0
2026-08-10T12:30:00.000Z,223.3299,223.37,222.7,223.01,0
2026-08-10T13:00:00.000Z,222.97,223.91,222.28,223.32,0
2026-08-10T13:30:00.000Z,223.4499969482422,224.1378936767578,221.75999450683594,222.07000732421875,14980386
2026-08-10T14:00:00.000Z,222.0800018310547,222.42999267578125,220.17999267578125,220.4001007080078,8855744
2026-08-10T14:30:00.000Z,220.39999389648438,221.13999938964844,219.52000427246094,219.5968017578125,7594531
2026-08-10T15:00:00.000Z,219.60000610351562,219.8695068359375,218.92999267578125,219.4499969482422,6697676
2026-08-10T15:30:00.000Z,219.42999267578125,219.8300018310547,218.75999450683594,219.6302947998047,6334384
2026-08-10T16:00:00.000Z,219.63999938964844,220.60000610351562,218.34010314941406,218.34010314941406,7001112
2026-08-10T16:30:00.000Z,218.36000061035156,218.6699981689453,216.77000427246094,217.61990356445312,10497878
2026-08-10T17:00:00.000Z,217.61000061035156,219,217.22999572753906,218.4980926513672,6702317
2026-08-10T17:30:00.000Z,218.48989868164062,219.0449981689453,217.8300018310547,218.3000030517578,4283933
2026-08-10T18:00:00.000Z,218.3000030517578,218.8699951171875,218.27999877929688,218.5399932861328,3889753
2026-08-10T18:30:00.000Z,218.5449981689453,219.10000610351562,218.3699951171875,219.02000427246094,3143186
2026-08-10T19:00:00.000Z,219.02000427246094,219.4499969482422,218.75999450683594,219.1488037109375,5010657
2026-08-10T19:30:00.000Z,219.14999389648438,219.21499633789062,217.3699951171875,217.55999755859375,10481185
2026-08-10T20:00:00.000Z,217.541,219.66,217.31,218.84,0
2026-08-10T20:30:00.000Z,218.81,219.47,206.0108,219.3412,0
2026-08-10T21:00:00.000Z,219.35,229.1204,206.0108,218.75,0
2026-08-10T21:30:00.000Z,218.6817,218.97,218.66,218.959,0
2026-08-10T22:00:00.000Z,218.94,219.4,218.66,218.89,0
2026-08-10T22:30:00.000Z,218.8475,218.8899,218.5512,218.64,0
2026-08-10T23:00:00.000Z,218.66,218.7,218.5,218.5288,0
2026-08-10T23:30:00.000Z,218.5201,218.7,217.9,217.99,0
2026-08-11T08:00:00.000Z,218.6085,219.61,217.55,218.65,0
2026-08-11T08:30:00.000Z,218.64,219.4822,218.31,219.07,0
2026-08-11T09:00:00.000Z,219.12,219.9367,218.8162,219.75,0
2026-08-11T09:30:00.000Z,219.79,219.85,219.2812,219.3948,0
2026-08-11T10:00:00.000Z,219.39,220.01,219.2,219.89,0
2026-08-11T10:30:00.000Z,219.89,219.965,219.6,219.777,0
2026-08-11T11:00:00.000Z,219.7,220.35,219.67,219.8701,0
2026-08-11T11:30:00.000Z,219.9132,220.11,219.691,219.9831,0
2026-08-11T12:00:00.000Z,219.9731,221.25,219.8025,221.161,0
2026-08-11T12:30:00.000Z,221.18,221.34,220.82,221.0232,0
2026-08-11T13:00:00.000Z,221.0569,222.45,221,222.45,0
2026-08-11T13:30:00.000Z,222.14999389648438,222.1999969482422,218.8300018310547,219.8800048828125,18211219
2026-08-11T14:00:00.000Z,219.86000061035156,220.3000030517578,219.1999969482422,219.5749969482422,7774441
2026-08-11T14:30:00.000Z,219.58999633789062,220.55999755859375,218.8300018310547,219.80499267578125,7062798
2026-08-11T15:00:00.000Z,219.80499267578125,219.83680725097656,218.46499633789062,219.0800018310547,5636013
2026-08-11T15:30:00.000Z,219.08999633789062,219.3800048828125,218.4199981689453,218.52999877929688,4423931
2026-08-11T16:00:00.000Z,218.5399932861328,218.75,218.25,218.6699981689453,3484329
2026-08-11T16:30:00.000Z,218.6699981689453,219.2698974609375,217.64999389648438,217.7169952392578,4579701
2026-08-11T17:00:00.000Z,217.72500610351562,217.82000732421875,216.72000122070312,217.28509521484375,5207075
2026-08-11T17:30:00.000Z,217.28500366210938,217.83999633789062,216.9300994873047,217.74000549316406,3245702
2026-08-11T18:00:00.000Z,217.72500610351562,217.77000427246094,216.3000030517578,216.47000122070312,3810192
2026-08-11T18:30:00.000Z,216.47999572753906,217.35499572753906,216.39999389648438,217.15789794921875,3630760
2026-08-11T19:00:00.000Z,217.13999938964844,217.97000122070312,217.07009887695312,217.85499572753906,3936841
2026-08-11T19:30:00.000Z,217.86000061035156,218.17999267578125,216.89280700683594,217.47999572753906,11068340
2026-08-11T20:00:00.000Z,217.48,218.1,217.3537,217.97,0
2026-08-11T20:30:00.000Z,217.93,218.6291,212.9972,217.6012,0
2026-08-11T21:00:00.000Z,217.6487,217.95,212.9972,217.8,0
2026-08-11T21:30:00.000Z,217.8,218.1,217.7,217.9139,0
2026-08-11T22:00:00.000Z,217.9877,218.2,217.7,218.0409,0
2026-08-11T22:30:00.000Z,218.0012,218.23,217.9417,218.2165,0
2026-08-11T23:00:00.000Z,218.229,218.23,218.05,218.139,0
2026-08-11T23:30:00.000Z,218.101,218.15,217.94,218.0385,0
2026-08-12T08:00:00.000Z,218.31,219.2033,217.5,218.95,0
2026-08-12T08:30:00.000Z,218.96,219.26,218.82,219.09,0
2026-08-12T09:00:00.000Z,219.0975,219.7774,219.05,219.61,0
2026-08-12T09:30:00.000Z,219.5112,220.27,219.5112,220.039,0
2026-08-12T10:00:00.000Z,220,220.1288,219.99,220.0052,0
2026-08-12T10:30:00.000Z,220.0071,220.1,219.4075,219.71,0
2026-08-12T11:00:00.000Z,219.74,219.99,219.2,219.3,0
2026-08-12T11:30:00.000Z,219.2822,219.59,219.25,219.49,0
2026-08-12T12:00:00.000Z,219.4987,219.781,219.03,219.735,0
2026-08-12T12:30:00.000Z,219.79,221.09,208.8008,220.65,0
2026-08-12T13:00:00.000Z,220.6831,221.18,220.0732,220.79,0
2026-08-12T13:30:00.000Z,221.0399932861328,223.8300018310547,220.1999969482422,223.63499450683594,21654895
2026-08-12T14:00:00.000Z,223.63499450683594,224.72999572753906,222.4199981689453,224.47659301757812,11030038
2026-08-12T14:30:00.000Z,224.4499969482422,225.10000610351562,223.64999389648438,223.7449951171875,10483683
2026-08-12T15:00:00.000Z,223.7449951171875,224.50999450683594,223.35000610351562,223.83990478515625,5426261
2026-08-12T15:30:00.000Z,223.85000610351562,223.94000244140625,222.89010620117188,223.02000427246094,4969532
2026-08-12T16:00:00.000Z,223.02499389648438,223.85000610351562,222.99000549316406,223.22000122070312,4471624
2026-08-12T16:30:00.000Z,223.22079467773438,223.9759979248047,222.67010498046875,223.8000030517578,4453201
2026-08-12T17:00:00.000Z,223.8000030517578,224.2899932861328,223.6699981689453,224.10009765625,3766059
2026-08-12T17:30:00.000Z,224.0904998779297,224.22000122070312,223.51010131835938,223.65499877929688,3647047
2026-08-12T18:00:00.000Z,223.63999938964844,224.1999969482422,223.1699981689453,224.1199951171875,3572093
2026-08-12T18:30:00.000Z,224.1199951171875,224.4499969482422,223.5,223.68280029296875,3466470
2026-08-12T19:00:00.000Z,223.67999267578125,223.8800048828125,222.80999755859375,223,4057413
2026-08-12T19:30:00.000Z,222.99000549316406,224.3498992919922,222.22999572753906,224.1300048828125,10766745
2026-08-12T20:00:00.000Z,224.09,224.5,223.09,223.32,0
2026-08-12T20:30:00.000Z,223.35,226.2547,207.6764,223.4765,0
2026-08-12T21:00:00.000Z,223.41,226.2547,223.35,223.551,0
2026-08-12T21:30:00.000Z,223.5829,224.09,223.55,223.7805,0
2026-08-12T22:00:00.000Z,223.7995,223.8062,223.3545,223.5085,0
2026-08-12T22:30:00.000Z,223.49,223.6077,223.39,223.55,0
2026-08-12T23:00:00.000Z,223.549,223.88,223.51,223.7358,0
2026-08-12T23:30:00.000Z,223.798,223.87,223.5852,223.7415,0
2026-08-13T08:00:00.000Z,224.43,224.7882,223.6012,224.1105,0
2026-08-13T08:30:00.000Z,224.08,224.187,223.71,223.9,0
2026-08-13T09:00:00.000Z,223.95,224,223.3,223.5537,0
2026-08-13T09:30:00.000Z,223.5012,224.31,223.5012,224.23,0
2026-08-13T10:00:00.000Z,224.23,224.4255,224.0947,224.3755,0
2026-08-13T10:30:00.000Z,224.35,224.52,224.1512,224.42,0
2026-08-13T11:00:00.000Z,224.42,224.55,223.72,223.83,0
2026-08-13T11:30:00.000Z,223.85,224.15,223.8,223.88,0
2026-08-13T12:00:00.000Z,223.8548,224.09,222.95,223.639,0
2026-08-13T12:30:00.000Z,223.6338,224,223.3096,223.96,0
2026-08-13T13:00:00.000Z,223.97,225.2399,223.95,225.11,0
2026-08-13T13:30:00.000Z,225.05499267578125,227.22999572753906,224.13499450683594,225.77000427246094,22615865
2026-08-13T14:00:00.000Z,225.77999877929688,226.4199981689453,225.01010131835938,226.02999877929688,7250655
2026-08-13T14:30:00.000Z,226.03500366210938,226.47999572753906,224.63999938964844,224.99000549316406,6701803
2026-08-13T15:00:00.000Z,224.97999572753906,225.1699981689453,224.3000030517578,224.4499969482422,5832495
2026-08-13T15:30:00.000Z,224.4481964111328,224.82000732421875,223.7100067138672,224.27000427246094,4773705
2026-08-13T16:00:00.000Z,224.24000549316406,225.4600067138672,224.2050018310547,225.2899932861328,4081203
2026-08-13T16:30:00.000Z,225.3000030517578,225.59500122070312,224.9600067138672,225.3300018310547,2975620
2026-08-13T17:00:00.000Z,225.33999633789062,225.90989685058594,225.322998046875,225.34500122070312,3256795
2026-08-13T17:30:00.000Z,225.34500122070312,225.74000549316406,225.09060668945312,225.30499267578125,3084620
2026-08-13T18:00:00.000Z,225.3000030517578,225.64999389648438,225.0399932861328,225.625,2634720
2026-08-13T18:30:00.000Z,225.6284942626953,225.97999572753906,225.4199981689453,225.73500061035156,3535281
2026-08-13T19:00:00.000Z,225.73849487304688,226.24000549316406,225.47000122070312,225.77999877929688,4830226
2026-08-13T19:30:00.000Z,225.75999450683594,226.1999969482422,224.85000610351562,225.3699951171875,10655293
2026-08-13T20:00:00.000Z,225.3,226,225.2,225.498,0
2026-08-13T20:30:00.000Z,225.45,228.6601,222.3682,225.36,0
2026-08-13T21:00:00.000Z,225.3828,233.7118,223.8906,225.4693,0
2026-08-13T21:30:00.000Z,225.4666,225.69,225.43,225.54,0
2026-08-13T22:00:00.000Z,225.5209,225.6,225.3,225.56,0
2026-08-13T22:30:00.000Z,225.58,225.77,225.5,225.6434,0
2026-08-13T23:00:00.000Z,225.795,226,225.597,225.6564,0
2026-08-13T23:30:00.000Z,225.6831,225.7,225.41,225.4256,0
2026-08-14T08:00:00.000Z,225.05,225.52,224.805,225.3037,0
2026-08-14T08:30:00.000Z,225.3078,225.85,225.3078,225.7037,0
2026-08-14T09:00:00.000Z,225.74,226.12,225.7,226.0071,0
2026-08-14T09:30:00.000Z,226,226.08,225.76,225.94,0
2026-08-14T10:00:00.000Z,225.9487,226.44,225.852,226.045,0
2026-08-14T10:30:00.000Z,226.09,226.2731,225.9578,226.2731,0
2026-08-14T11:00:00.000Z,226.19,226.4385,225.76,225.8092,0
2026-08-14T11:30:00.000Z,225.78,225.99,225.61,225.8094,0
2026-08-14T12:00:00.000Z,225.8,225.99,225.19,225.7,0
2026-08-14T12:30:00.000Z,225.7,226.2302,225.6301,225.97,0
2026-08-14T13:00:00.000Z,225.9601,226.795,225.8,226.75,0
2026-08-14T13:30:00.000Z,226.8000030517578,227.49000549316406,225.00999450683594,225.75,13149064
2026-08-14T14:00:00.000Z,225.65499877929688,226.58999633789062,224.5,225.11500549316406,6477300
2026-08-14T14:30:00.000Z,225.11500549316406,226.94000244140625,225,226.10000610351562,6533879
2026-08-14T15:00:00.000Z,226.10000610351562,226.5,224.92999267578125,225.54800415039062,4426517
2026-08-14T15:30:00.000Z,225.5399932861328,225.57000732421875,224.6199951171875,225.24000549316406,3877968
2026-08-14T16:00:00.000Z,225.27000427246094,225.8000030517578,225.13900756835938,225.64999389648438,2863041
2026-08-14T16:30:00.000Z,225.63999938964844,225.7100067138672,224.9499969482422,225.0677947998047,3057111
2026-08-14T17:00:00.000Z,225.05999755859375,225.37989807128906,225.05999755859375,225.1199951171875,2816605
2026-08-14T17:30:00.000Z,225.1199951171875,225.66259765625,225.0998992919922,225.33999633789062,2617395
2026-08-14T18:00:00.000Z,225.343994140625,226.5,224.55999755859375,224.72000122070312,3114037
2026-08-14T18:30:00.000Z,224.6999969482422,225.3968048095703,224.64999389648438,225.1300048828125,3118431
2026-08-14T19:00:00.000Z,225.1300048828125,225.4499969482422,224.80999755859375,225.1300048828125,3551841
2026-08-14T19:30:00.000Z,225.1649932861328,225.92999267578125,224.86000061035156,225.16000366210938,19538830
2026-08-14T20:00:00.000Z,225.09,225.48,224.76,224.78,0
2026-08-14T20:30:00.000Z,224.7801,234.8373,221.6373,224.9604,0
2026-08-14T21:00:00.000Z,224.9987,236.5457,221.6755,224.97,0
2026-08-14T21:30:00.000Z,224.94,225.16,224.94,224.9614,0
2026-08-14T22:00:00.000Z,224.9614,225.16,224.8595,224.9,0
2026-08-14T22:30:00.000Z,224.9,224.95,224.86,224.87,0
2026-08-14T23:00:00.000Z,224.88,224.95,224.87,224.9412,0
2026-08-14T23:30:00.000Z,224.9412,225,224.7,224.72,0
2026-08-17T08:00:00.000Z,225.79,226.55,225.5103,226.32,0
2026-08-17T08:30:00.000Z,226.34,226.35,226,226.18,0
2026-08-17T09:00:00.000Z,226.17,226.2,225.9325,226.0275,0
2026-08-17T09:30:00.000Z,225.95,226.24,225.932,226.0732,0
2026-08-17T10:00:00.000Z,226.1967,226.4755,226,226.45,0
2026-08-17T10:30:00.000Z,226.38,226.475,226.049,226.33,0
2026-08-17T11:00:00.000Z,226.39,226.79,226.26,226.5423,0
2026-08-17T11:30:00.000Z,226.54,226.85,226.5,226.63,0
2026-08-17T12:00:00.000Z,226.6069,227.1288,224.598,226.88,0
2026-08-17T12:30:00.000Z,226.86,227.08,225.99,226.261,0
2026-08-17T13:00:00.000Z,226.31,226.74,225.5,226.01,0
2026-08-17T13:30:00.000Z,226.02000427246094,227.1699981689453,225.02999877929688,226.19000244140625,13508176
2026-08-17T14:00:00.000Z,226.1540069580078,226.63999938964844,225.35000610351562,226.60000610351562,5527692
2026-08-17T14:30:00.000Z,226.60000610351562,227.22000122070312,225.61000061035156,226.24000549316406,8081957
2026-08-17T15:00:00.000Z,226.25,227.75,226.24819946289062,227.44000244140625,7411021
2026-08-17T15:30:00.000Z,227.46499633789062,227.9199981689453,226.71200561523438,227.6999969482422,5107032
2026-08-17T16:00:00.000Z,227.69500732421875,227.74899291992188,226.8300018310547,227.0303955078125,4845342
2026-08-17T16:30:00.000Z,227.03089904785156,227.2100067138672,226.73269653320312,227.05999755859375,2657550
2026-08-17T17:00:00.000Z,227.0500030517578,227.16900634765625,225.8300018310547,225.9199981689453,4146734
2026-08-17T17:30:00.000Z,225.91000366210938,226.27999877929688,225.77000427246094,225.8249969482422,3017223
2026-08-17T18:00:00.000Z,225.8249969482422,225.89999389648438,225.38999938964844,225.52999877929688,3414055
2026-08-17T18:30:00.000Z,225.5301055908203,225.9149932861328,225.4199981689453,225.60000610351562,2515970
2026-08-17T19:00:00.000Z,225.60000610351562,225.7949981689453,225.35000610351562,225.5,3099601
2026-08-17T19:30:00.000Z,225.49000549316406,226.00999450683594,224.86000061035156,225.0500030517578,8321416
2026-08-17T20:00:00.000Z,225.01,225.7884,219.22,225.0009,0
2026-08-17T20:30:00.000Z,225.0016,235.9964,220.9158,225.0222,0
2026-08-17T21:00:00.000Z,225.0062,246.7079,171.9907,225.0454,0
2026-08-17T21:30:00.000Z,225.0492,225.11,224.93,225.06,0
2026-08-17T22:00:00.000Z,225.06,225.08,224.9324,225.02,0
2026-08-17T22:30:00.000Z,225.02,225.16,225,225.08,0
2026-08-17T23:00:00.000Z,225.075,225.1599,225.011,225.13,0
2026-08-17T23:30:00.000Z,225.15,225.31,225.1,225.15,0
2026-08-18T08:00:00.000Z,222.315,225.01,220.63,221.04,0
2026-08-18T08:30:00.000Z,221.07,221.2,220.41,220.5,0
2026-08-18T09:00:00.000Z,220.4415,220.7067,219.77,219.89,0
2026-08-18T09:30:00.000Z,219.83,220.3225,219.53,220.27,0
2026-08-18T10:00:00.000Z,220.327,220.66,220.03,220.355,0
2026-08-18T10:30:00.000Z,220.39,220.8685,220.3415,220.8,0
2026-08-18T11:00:00.000Z,220.81,220.96,220.4335,220.62,0
2026-08-18T11:30:00.000Z,220.61,220.98,220.5,220.8129,0
2026-08-18T12:00:00.000Z,220.77,221.16,220.55,220.7601,0
2026-08-18T12:30:00.000Z,220.76,221.66,220.32,220.34,0
2026-08-18T13:00:00.000Z,220.3648,220.5994,219.75,220.31,0
2026-08-18T13:30:00.000Z,220.4499969482422,221.63999938964844,219.3300018310547,220.20809936523438,17651873
2026-08-18T14:00:00.000Z,220.17999267578125,220.8000030517578,218.8350067138672,219.97000122070312,9104829
2026-08-18T14:30:00.000Z,219.94000244140625,220.52999877929688,218.72999572753906,219.05999755859375,6974744
2026-08-18T15:00:00.000Z,219.07000732421875,219.7899932861328,218.69020080566406,219.53970336914062,6289645
2026-08-18T15:30:00.000Z,219.52999877929688,220.24969482421875,219.32000732421875,220.05999755859375,4749646
2026-08-18T16:00:00.000Z,220.07000732421875,220.36000061035156,219.41000366210938,219.52999877929688,3691219
2026-08-18T16:30:00.000Z,219.52999877929688,220.4499969482422,219.38999938964844,220.1999969482422,4262754
2026-08-18T17:00:00.000Z,220.1999969482422,220.375,219.87770080566406,220.3300018310547,3346660
2026-08-18T17:30:00.000Z,220.30999755859375,220.50999450683594,219.94000244140625,219.97000122070312,3156014
2026-08-18T18:00:00.000Z,219.95620727539062,220.29969787597656,219.2220001220703,219.93499755859375,3925070
2026-08-18T18:30:00.000Z,219.92999267578125,220.19000244140625,219.75999450683594,219.81500244140625,2870407
2026-08-18T19:00:00.000Z,219.80499267578125,219.94000244140625,219.1300048828125,219.24000549316406,4191004
2026-08-18T19:30:00.000Z,219.24000549316406,220.02999877929688,218.9199981689453,219.8000030517578,12278943
2026-08-18T20:00:00.000Z,219.81,220.18,219.57,219.8,0
2026-08-18T20:30:00.000Z,219.76,234.7265,208.233,219.62,0
2026-08-18T21:00:00.000Z,219.63,224.9013,208.233,219.46,0
2026-08-18T21:30:00.000Z,219.47,219.74,219.4,219.4302,0
2026-08-18T22:00:00.000Z,219.49,219.74,219.4,219.48,0
2026-08-18T22:30:00.000Z,219.46,219.5,218.93,219.05,0
2026-08-18T23:00:00.000Z,219.03,219.25,218.93,219.1,0
2026-08-18T23:30:00.000Z,219.1,219.37,218.99,219.25,0
2026-08-19T08:00:00.000Z,219.4,221.14,218.53,220.71,0
2026-08-19T08:30:00.000Z,220.708,220.9988,220.3345,220.45,0
2026-08-19T09:00:00.000Z,220.5,220.76,220.195,220.22,0
2026-08-19T09:30:00.000Z,220.4,220.57,220.05,220.44,0
2026-08-19T10:00:00.000Z,220.38,220.5557,219.85,220.45,0
2026-08-19T10:30:00.000Z,220.47,220.84,220.1178,220.2637,0
2026-08-19T11:00:00.000Z,220.16,220.55,219.74,220.19,0
2026-08-19T11:30:00.000Z,220.1987,220.1987,219.463,219.8,0
2026-08-19T12:00:00.000Z,219.8499,220.7272,219.58,220.19,0
2026-08-19T12:30:00.000Z,220.23,221.36,219.8,221.17,0
2026-08-19T13:00:00.000Z,221.17,222.071,220.88,221.67,0
2026-08-19T13:30:00.000Z,221.6699981689453,222.8699951171875,217.91000366210938,218.67999267578125,16505858
2026-08-19T14:00:00.000Z,218.68499755859375,218.85000610351562,216.75999450683594,218.14999389648438,9400773
2026-08-19T14:30:00.000Z,218.14999389648438,219.92979431152344,217.9600067138672,219.89500427246094,6981972
2026-08-19T15:00:00.000Z,219.89999389648438,219.9499969482422,218.89999389648438,219.27000427246094,4648332
2026-08-19T15:30:00.000Z,219.2550048828125,219.4199981689453,218.64010620117188,219.3209991455078,3942501
2026-08-19T16:00:00.000Z,219.30999755859375,220.64999389648438,219.25,219.4001007080078,5441905
2026-08-19T16:30:00.000Z,219.3800048828125,219.52490234375,218.77999877929688,218.9199981689453,3503505
2026-08-19T17:00:00.000Z,218.9199981689453,219.32000732421875,218.75999450683594,218.9813995361328,2743431
2026-08-19T17:30:00.000Z,218.9803924560547,219.4600067138672,218.8531951904297,219.1199951171875,2811306
2026-08-19T18:00:00.000Z,219.13999938964844,219.77999877929688,218.6300048828125,219.16000366210938,3483163
2026-08-19T18:30:00.000Z,219.16000366210938,219.8000030517578,219.14999389648438,219.4398956298828,2992304
2026-08-19T19:00:00.000Z,219.47000122070312,219.99000549316406,219.42999267578125,219.53500366210938,3066008
2026-08-19T19:30:00.000Z,219.5399932861328,219.84500122070312,217.0399932861328,217.64999389648438,11947374
2026-08-19T20:00:00.000Z,217.56,218.0742,215.33,217.8191,0
2026-08-19T20:30:00.000Z,217.8,227.095,215.6948,218.0446,0
2026-08-19T21:00:00.000Z,218.06,227.095,215.6948,218.18,0
2026-08-19T21:30:00.000Z,218.18,218.37,218.03,218.3193,0
2026-08-19T22:00:00.000Z,218.32,218.91,217.56,218.56,0
2026-08-19T22:30:00.000Z,218.5912,218.7,218.55,218.6,0
2026-08-19T23:00:00.000Z,218.67,218.9,218.56,218.7277,0
2026-08-19T23:30:00.000Z,218.73,219,218.65,218.8244,0
2026-08-20T08:00:00.000Z,219.09,219.5,217.56,218.34,0
2026-08-20T08:30:00.000Z,218.48,218.5,217.8855,218.04,0
2026-08-20T09:00:00.000Z,218.02,218.65,217.9,218.51,0
2026-08-20T09:30:00.000Z,218.46,218.58,218.2512,218.41,0
2026-08-20T10:00:00.000Z,218.3503,218.65,218.34,218.6159,0
2026-08-20T10:30:00.000Z,218.6475,218.77,218.4012,218.73,0
2026-08-20T11:00:00.000Z,218.75,218.9,218.01,218.0457,0
2026-08-20T11:30:00.000Z,218.04,218.32,217.35,217.406,0
2026-08-20T12:00:00.000Z,217.42,217.42,216.43,216.97,0
2026-08-20T12:30:00.000Z,216.97,217.98,216.61,217.88,0
2026-08-20T13:00:00.000Z,217.88,218.54,217.8239,218.38,0
2026-08-20T13:30:00.000Z,218.36000061035156,219.86000061035156,217.17840576171875,217.7100067138672,12236132
2026-08-20T14:00:00.000Z,217.69749450683594,218.07000732421875,216.7100067138672,217.5,7022229
2026-08-20T14:30:00.000Z,217.5,218.97000122070312,217.26010131835938,217.69000244140625,6085558
2026-08-20T15:00:00.000Z,217.7100067138672,218.30990600585938,216.63999938964844,216.8300018310547,5416640
2026-08-20T15:30:00.000Z,216.8000030517578,216.93460083007812,215.66000366210938,216.28500366210938,4800216
2026-08-20T16:00:00.000Z,216.27999877929688,216.9600067138672,216.25,216.83999633789062,3287148
2026-08-20T16:30:00.000Z,216.8350067138672,217.97999572753906,216.5800018310547,217.8000030517578,3906072
2026-08-20T17:00:00.000Z,217.77999877929688,217.9499969482422,216.1999969482422,216.2949981689453,4498334
2026-08-20T17:30:00.000Z,216.3000030517578,217,216.17999267578125,216.77999877929688,2468315
2026-08-20T18:00:00.000Z,216.77999877929688,216.9499969482422,216.35000610351562,216.9199981689453,2541739
2026-08-20T18:30:00.000Z,216.88099670410156,217,216.47000122070312,216.60000610351562,3096510
2026-08-20T19:00:00.000Z,216.58999633789062,217.4600067138672,216.52999877929688,217.4499969482422,3510427
2026-08-20T19:30:00.000Z,217.44000244140625,217.44000244140625,216.35499572753906,217.0500030517578,8167918
2026-08-20T20:00:00.000Z,217.01,217.14,216.65,216.9494,0
2026-08-20T20:30:00.000Z,216.9585,217.1,216.9,217,0
2026-08-20T21:00:00.000Z,217.02,230.3812,203.2372,217.06,0
2026-08-20T21:30:00.000Z,217.05,217.2,217.01,217.1605,0
2026-08-20T22:00:00.000Z,217.199,217.23,216.54,217.02,0
2026-08-20T22:30:00.000Z,217.0159,217.24,217,217.15,0
2026-08-20T23:00:00.000Z,217.1912,217.24,217.1,217.1508,0
2026-08-20T23:30:00.000Z,217.17,217.21,217.02,217.05,0
2026-08-21T08:00:00.000Z,217.75,218.3,216.85,218,0
2026-08-21T08:30:00.000Z,217.96,218.48,217.82,218.3,0
2026-08-21T09:00:00.000Z,218.2764,218.3,213.02,216.51,0
2026-08-21T09:30:00.000Z,216.48,217.35,216.36,217.33,0
2026-08-21T10:00:00.000Z,217.35,217.65,217.0985,217.6,0
2026-08-21T10:30:00.000Z,217.6,217.6487,217.2932,217.57,0
2026-08-21T11:00:00.000Z,217.55,218.38,217.25,218.219,0
2026-08-21T11:30:00.000Z,218.22,218.66,218,218.01,0
2026-08-21T12:00:00.000Z,218.0795,218.2514,217.76,218.12,0
2026-08-21T12:30:00.000Z,218.136,218.26,217.69,217.88,0
2026-08-21T13:00:00.000Z,217.84,218.7097,216.12,218.45,0
2026-08-21T13:30:00.000Z,218.4199981689453,218.74000549316406,215.9093017578125,216.49000549316406,21031864
2026-08-21T14:00:00.000Z,216.52000427246094,216.77000427246094,214.5850067138672,214.6446075439453,11245010
2026-08-21T14:30:00.000Z,214.64990234375,215.30990600585938,214.5,214.86000061035156,6427821
2026-08-21T15:00:00.000Z,214.86000061035156,215.9499969482422,214.83999633789062,215.8300018310547,4563959
2026-08-21T15:30:00.000Z,215.82000732421875,217.02499389648438,215.75999450683594,216.1750030517578,5655575
2026-08-21T16:00:00.000Z,216.1649932861328,216.35000610351562,215.4300994873047,215.67999267578125,3921640
2026-08-21T16:30:00.000Z,215.67010498046875,215.82000732421875,215.02999877929688,215.28509521484375,2754079
2026-08-21T17:00:00.000Z,215.27999877929688,215.61000061035156,214.63499450683594,215.0800018310547,4739353
2026-08-21T17:30:00.000Z,215.0850067138672,215.92999267578125,214.89999389648438,215.77999877929688,3965866
2026-08-21T18:00:00.000Z,215.77999877929688,216.12680053710938,215.35499572753906,215.3699951171875,3251114
2026-08-21T18:30:00.000Z,215.36000061035156,215.4199981689453,215.02000427246094,215.32000732421875,3071120
2026-08-21T19:00:00.000Z,215.32000732421875,215.4600067138672,214.72500610351562,214.8800048828125,3435719
2026-08-21T19:30:00.000Z,214.8800048828125,215.47999572753906,214.57000732421875,214.75,8523398
2026-08-21T20:00:00.000Z,214.76,215.15,214.69,215.0841,0
2026-08-21T20:30:00.000Z,215.08,215.15,214.96,215.03,0
2026-08-21T21:00:00.000Z,215.04,216.0477,214.72,215.05,0
2026-08-21T21:30:00.000Z,215.0492,216.0477,215.02,215.18,0
2026-08-21T22:00:00.000Z,215.179,215.3,215.06,215.29,0
2026-08-21T22:30:00.000Z,215.2918,215.39,214.72,215.3619,0
2026-08-21T23:00:00.000Z,215.3643,215.48,215.32,215.4304,0
2026-08-21T23:30:00.000Z,215.43,215.46,215.35,215.38,0
2026-08-24T08:00:00.000Z,215.18,216.4,214.3,214.87,0
2026-08-24T08:30:00.000Z,215,215.5,214.7,215,0
2026-08-24T09:00:00.000Z,214.88,215.2659,214.6125,214.7627,0
2026-08-24T09:30:00.000Z,214.7828,215.23,214.7652,215,0
2026-08-24T10:00:00.000Z,215.0346,215.4,214.7,214.9,0
2026-08-24T10:30:00.000Z,214.9,215.25,214.3,214.5,0
2026-08-24T11:00:00.000Z,214.45,214.72,212.81,214.01,0
2026-08-24T11:30:00.000Z,214.1,214.89,214.01,214.5005,0
2026-08-24T12:00:00.000Z,214.5,214.7,214.184,214.7,0
2026-08-24T12:30:00.000Z,214.7,215.56,214.3,215.3087,0
2026-08-24T13:00:00.000Z,215.298,215.9,214.94,215.73,0
2026-08-24T13:30:00.000Z,215.3800048828125,215.58999633789062,209.02000427246094,209.6699981689453,22887133
2026-08-24T14:00:00.000Z,209.64999389648438,210.08999633789062,208.6199951171875,209.36000061035156,10421568
2026-08-24T14:30:00.000Z,209.35000610351562,210.30999755859375,209.26260375976562,209.6999969482422,8076894
2026-08-24T15:00:00.000Z,209.6999969482422,210.34500122070312,208.86000061035156,209.8699951171875,8001000
2026-08-24T15:30:00.000Z,209.85499572753906,210.72000122070312,209.58999633789062,210.22610473632812,6170128
2026-08-24T16:00:00.000Z,210.24000549316406,211.02999877929688,210.01499938964844,210.6699981689453,6285225
2026-08-24T16:30:00.000Z,210.6699981689453,210.75,209.60000610351562,209.67999267578125,4106578
2026-08-24T17:00:00.000Z,209.6750030517578,210.2050018310547,209.1699981689453,209.2722930908203,4155032
2026-08-24T17:30:00.000Z,209.27999877929688,209.6999969482422,209.1999969482422,209.5749969482422,3168963
2026-08-24T18:00:00.000Z,209.5800018310547,210.4199981689453,209.56500244140625,210.38999938964844,4026632
2026-08-24T18:30:00.000Z,210.38999938964844,210.47999572753906,209.2100067138672,209.3000030517578,4473898
2026-08-24T19:00:00.000Z,209.27999877929688,209.5695037841797,209.11000061035156,209.3699951171875,4760146
2026-08-24T19:30:00.000Z,209.3699951171875,209.47000122070312,207.3699951171875,208.4600067138672,15642243
2026-08-24T20:00:00.000Z,208.49,209.8496,208.12,208.22,0
2026-08-24T20:30:00.000Z,208.2131,208.7,208.08,208.67,0
2026-08-24T21:00:00.000Z,208.66,223.1792,206.0108,208.729,0
2026-08-24T21:30:00.000Z,208.73,216.0287,208.72,208.7759,0
2026-08-24T22:00:00.000Z,208.8,208.94,208.58,208.68,0
2026-08-24T22:30:00.000Z,208.68,208.75,208.62,208.69,0
2026-08-24T23:00:00.000Z,208.69,208.978,208.66,208.7301,0
2026-08-24T23:30:00.000Z,208.75,208.9,208.56,208.8,0
2026-08-25T08:00:00.000Z,210.52,210.93,208.48,210.6817,0
2026-08-25T08:30:00.000Z,210.7482,210.98,210.54,210.8122,0
2026-08-25T09:00:00.000Z,210.8977,211.4973,210.7565,210.89,0
2026-08-25T09:30:00.000Z,210.8974,211.4922,210.74,211.32,0
2026-08-25T10:00:00.000Z,211.34,211.43,211.0525,211.1897,0
2026-08-25T10:30:00.000Z,211.1973,211.4935,210.824,210.8496,0
2026-08-25T11:00:00.000Z,210.85,210.85,210.01,210.54,0
2026-08-25T11:30:00.000Z,210.5727,210.99,210.49,210.8985,0
2026-08-25T12:00:00.000Z,210.87,211.36,210.56,211.27,0
2026-08-25T12:30:00.000Z,211.29,211.3,211,211.09,0
2026-08-25T13:00:00.000Z,211.08,211.47,211,211.05,0
2026-08-25T13:30:00.000Z,211.02499389648438,214.72909545898438,210.11000061035156,213.5050048828125,23384133
2026-08-25T14:00:00.000Z,213.5050048828125,213.8800048828125,211.8000030517578,211.8199005126953,10665627
2026-08-25T14:30:00.000Z,211.8000946044922,212.0399932861328,210.9300994873047,211.02000427246094,8223945
2026-08-25T15:00:00.000Z,211.02499389648438,211.25999450683594,210.19000244140625,211.19500732421875,7321817
2026-08-25T15:30:00.000Z,211.1999969482422,211.85000610351562,210.88999938964844,211.625,5097263
2026-08-25T16:00:00.000Z,211.6300048828125,212.3195037841797,211.4405975341797,212.1999969482422,4287069
2026-08-25T16:30:00.000Z,212.22000122070312,212.5800018310547,211.9499969482422,212.17999267578125,3925087
2026-08-25T17:00:00.000Z,212.17999267578125,212.44000244140625,211.72000122070312,212.25999450683594,4327835
2026-08-25T17:30:00.000Z,212.27000427246094,212.52000427246094,212.13999938964844,212.36500549316406,2838197
2026-08-25T18:00:00.000Z,212.36500549316406,212.39990234375,208.47999572753906,212.2550048828125,3057085
2026-08-25T18:30:00.000Z,212.25999450683594,213.3000030517578,212.25,213.17990112304688,4665893
2026-08-25T19:00:00.000Z,213.1699981689453,213.43499755859375,211.7100067138672,212.03500366210938,5745373
2026-08-25T19:30:00.000Z,212.02999877929688,213.22999572753906,211.88999938964844,212.97999572753906,8922989
2026-08-25T20:00:00.000Z,212.97,222.29,212.95,213.8287,0
2026-08-25T20:30:00.000Z,213.82,222.27,213.28,213.59,0
2026-08-25T21:00:00.000Z,213.59,218.6291,200.1337,213.91,0
2026-08-25T21:30:00.000Z,213.91,214,201.3796,213.99,0
2026-08-25T22:00:00.000Z,213.95,214.3,213.05,214.17,0
2026-08-25T22:30:00.000Z,214.1677,214.24,214.05,214.14,0
2026-08-25T23:00:00.000Z,214.17,214.18,213.82,213.87,0
2026-08-25T23:30:00.000Z,213.8602,213.95,213.5,213.67,0
2026-08-26T08:00:00.000Z,213.83,214.3,213.05,213.8167,0
2026-08-26T08:30:00.000Z,213.6932,213.9,213.5,213.662,0
2026-08-26T09:00:00.000Z,213.662,213.7688,213.4,213.55,0
2026-08-26T09:30:00.000Z,213.4922,213.799,213.4922,213.75,0
2026-08-26T10:00:00.000Z,213.7487,213.8,213.542,213.6182,0
2026-08-26T10:30:00.000Z,213.5515,213.9682,213.4217,213.88,0
2026-08-26T11:00:00.000Z,213.85,214.05,213.05,213.5115,0
2026-08-26T11:30:00.000Z,213.5115,213.67,212.45,212.9943,0
2026-08-26T12:00:00.000Z,213,213.3,212.5815,213.3,0
2026-08-26T12:30:00.000Z,213.2972,213.37,212.35,212.49,0
2026-08-26T13:00:00.000Z,212.4537,213.47,212.14,212.4915,0
2026-08-26T13:30:00.000Z,212.4199981689453,213.60000610351562,210.7801055908203,212.6699981689453,16734317
2026-08-26T14:00:00.000Z,212.63999938964844,212.6699981689453,210.19320678710938,210.50259399414062,8468413
2026-08-26T14:30:00.000Z,210.49009704589844,211.39999389648438,210.08079528808594,211.15499877929688,7042292
2026-08-26T15:00:00.000Z,211.16000366210938,211.52999877929688,210.58999633789062,211.08270263671875,5273501
2026-08-26T15:30:00.000Z,211.08990478515625,211.42999267578125,210.60000610351562,210.61500549316406,4449760
2026-08-26T16:00:00.000Z,210.6199951171875,210.66000366210938,209.75999450683594,210.17990112304688,6266545
2026-08-26T16:30:00.000Z,210.1750030517578,210.32000732421875,209.47000122070312,209.8699951171875,5944539
2026-08-26T17:00:00.000Z,209.8699951171875,210.25,209.7100067138672,210.06500244140625,4520135
2026-08-26T17:30:00.000Z,210.05999755859375,210.63999938964844,209.89999389648438,210.55999755859375,5392685
2026-08-26T18:00:00.000Z,210.55499267578125,210.9149932861328,210.14999389648438,210.78500366210938,5240537
2026-08-26T18:30:00.000Z,210.78500366210938,211.1699981689453,210.49000549316406,211.05999755859375,6474827
2026-08-26T19:00:00.000Z,211.05059814453125,211.3300018310547,210.74000549316406,210.88999938964844,7236306
2026-08-26T19:30:00.000Z,210.89500427246094,210.9949951171875,209.22999572753906,209.9499969482422,19896937
2026-08-26T20:00:00.000Z,209.96,211.5,203.5,206.88,0
2026-08-26T20:30:00.000Z,206.99,210.66,205.26,210.54,0
2026-08-26T21:00:00.000Z,210.4977,226.2547,208.46,217.41,0
2026-08-26T21:30:00.000Z,217.37,226.2547,209.66,219.02,0
2026-08-26T22:00:00.000Z,219.0012,219.64,209.66,217.92,0
2026-08-26T22:30:00.000Z,217.94,218.9292,217.9,218.7,0
2026-08-26T23:00:00.000Z,218.6977,218.74,217.7712,218.141,0
2026-08-26T23:30:00.000Z,218.15,219.64,218.01,219.53,0
2026-08-27T08:00:00.000Z,222,225.93,209.66,225.71,0
2026-08-27T08:30:00.000Z,225.6,226.81,224.7,226.3,0
2026-08-27T09:00:00.000Z,226.32,226.39,224.52,224.7485,0
2026-08-27T09:30:00.000Z,224.75,225.39,224.5,224.51,0
2026-08-27T10:00:00.000Z,224.52,225.12,223.88,223.9572,0
2026-08-27T10:30:00.000Z,223.93,225,223.73,223.737,0
2026-08-27T11:00:00.000Z,223.77,223.94,222.3,222.3003,0
2026-08-27T11:30:00.000Z,222.3002,222.54,221.5,222.44,0
2026-08-27T12:00:00.000Z,222.41,223.68,221.94,223.2999,0
2026-08-27T12:30:00.000Z,223.2959,223.58,221.5,222.144,0
2026-08-27T13:00:00.000Z,222.14,223.99,221.75,222.86,0
2026-08-27T13:30:00.000Z,222.5850067138672,225.8300018310547,220.89999389648438,224.24000549316406,78018290
2026-08-27T14:00:00.000Z,224.24000549316406,226.39999389648438,223.9438934326172,225.72000122070312,29467898
2026-08-27T14:30:00.000Z,225.72000122070312,226.97999572753906,223.5,226.9499969482422,18570476
2026-08-27T15:00:00.000Z,226.95700073242188,227.30999755859375,225.02000427246094,225.4499969482422,15162115
2026-08-27T15:30:00.000Z,225.4499969482422,226.77999877929688,224.83999633789062,226.1699981689453,10625015
2026-08-27T16:00:00.000Z,226.18499755859375,228.63999938964844,226.14840698242188,228.52499389648438,16028255
2026-08-27T16:30:00.000Z,228.52999877929688,229.85000610351562,228.31500244140625,229.673095703125,16233892
2026-08-27T17:00:00.000Z,229.67010498046875,230.47000122070312,229.1999969482422,229.24949645996094,16232402
2026-08-27T17:30:00.000Z,229.24000549316406,229.60000610351562,228.25,228.25999450683594,9466988
2026-08-27T18:00:00.000Z,228.27000427246094,228.35499572753906,226.0800018310547,226.08999633789062,11427242
2026-08-27T18:30:00.000Z,226.10000610351562,226.97000122070312,225.35000610351562,226.11669921875,11438491
2026-08-27T19:00:00.000Z,226.1300048828125,227.47999572753906,225.61000061035156,227.2100067138672,11633070
2026-08-27T19:30:00.000Z,227.1999969482422,228.97999572753906,226.94580078125,228.0500030517578,19429849
2026-08-27T20:00:00.000Z,227.91,228.23,226.64,226.76,0
2026-08-27T20:30:00.000Z,226.76,227.01,226.58,226.8255,0
2026-08-27T21:00:00.000Z,226.802,227.98,226.71,226.9,0
2026-08-27T21:30:00.000Z,226.9377,233.7118,222.3682,225.95,0
2026-08-27T22:00:00.000Z,226.01,226.48,225.83,226.46,0
2026-08-27T22:30:00.000Z,226.4001,227.98,226.26,226.3,0
2026-08-27T23:00:00.000Z,226.3599,226.44,226.02,226.0323,0
2026-08-27T23:30:00.000Z,226.05,226.35,225.9997,226.149,0
2026-08-28T08:00:00.000Z,226.6,227.98,225.28,225.43,0
2026-08-28T08:30:00.000Z,225.43,225.7188,225.2,225.46,0
2026-08-28T09:00:00.000Z,225.45,226,225.35,225.71,0
2026-08-28T09:30:00.000Z,225.71,226.26,225.4927,226.04,0
2026-08-28T10:00:00.000Z,226.05,226.56,225.9,226.4673,0
2026-08-28T10:30:00.000Z,226.4457,226.99,226.4457,226.8391,0
2026-08-28T11:00:00.000Z,226.8,227.5,226.65,227.2685,0
2026-08-28T11:30:00.000Z,227.2111,227.51,226.6512,226.68,0
2026-08-28T12:00:00.000Z,226.68,227.84,226.65,227.81,0
2026-08-28T12:30:00.000Z,227.8243,227.95,227.172,227.826,0
2026-08-28T13:00:00.000Z,227.86,228.7,226.58,227.3,0
2026-08-28T13:30:00.000Z,227.3300018310547,229.25999450683594,224.66000366210938,225.25999450683594,29799260
2026-08-28T14:00:00.000Z,225.25,225.8000030517578,223.25,225.11500549316406,16100542
2026-08-28T14:30:00.000Z,225.11500549316406,226.91000366210938,224.4600067138672,226.74229431152344,10691060
2026-08-28T15:00:00.000Z,226.75999450683594,226.7899932861328,223.5,224,11401043
2026-08-28T15:30:00.000Z,224,224.19000244140625,221.0399932861328,221.3350067138672,12918393
2026-08-28T16:00:00.000Z,221.34500122070312,221.38499450683594,219.94000244140625,220.17999267578125,13019624
2026-08-28T16:30:00.000Z,220.1999969482422,220.9499969482422,219.75999450683594,219.7899932861328,9856786
2026-08-28T17:00:00.000Z,219.78500366210938,219.83999633789062,217.88999938964844,218.69000244140625,12511830
2026-08-28T17:30:00.000Z,218.6999969482422,219.8300018310547,218.5,219.36000061035156,7426464
2026-08-28T18:00:00.000Z,219.3800048828125,219.44659423828125,218.07000732421875,218.39500427246094,6374507
2026-08-28T18:30:00.000Z,218.39500427246094,218.69000244140625,216.80999755859375,217.36000061035156,10443621
2026-08-28T19:00:00.000Z,217.36000061035156,217.60000610351562,216.9199981689453,217.27999877929688,9131681
2026-08-28T19:30:00.000Z,217.2899932861328,218.1802978515625,216.92999267578125,217.5399932861328,17752300
2026-08-28T20:00:00.000Z,217.51,218.04,217.4,217.88,0
2026-08-28T20:30:00.000Z,217.8995,221.6755,217.5,217.7499,0
2026-08-28T21:00:00.000Z,217.7303,232.0498,217.57,217.72,0
2026-08-28T21:30:00.000Z,217.695,217.84,217.55,217.7805,0
2026-08-28T22:00:00.000Z,217.7809,217.94,217.7,217.885,0
2026-08-28T22:30:00.000Z,217.8891,217.98,217.85,217.8769,0
2026-08-28T23:00:00.000Z,217.88,217.96,217.86,217.9,0
2026-08-28T23:30:00.000Z,217.9097,227.69,217.85,217.89,0
2026-08-31T08:00:00.000Z,218.9988,219.16,217.3022,218.73,0
2026-08-31T08:30:00.000Z,218.73,219.25,218.73,219.15,0
2026-08-31T09:00:00.000Z,219.14,219.31,218.73,219.17,0
2026-08-31T09:30:00.000Z,219.17,219.2,218.58,218.86,0
2026-08-31T10:00:00.000Z,218.84,219.199,218.5,219.11,0
2026-08-31T10:30:00.000Z,219.11,219.2467,218.7197,219.02,0
2026-08-31T11:00:00.000Z,219.05,219.09,217.55,218.962,0
2026-08-31T11:30:00.000Z,218.95,218.97,218.5,218.784,0
2026-08-31T12:00:00.000Z,218.7872,219.1,218.49,218.7,0
2026-08-31T12:30:00.000Z,218.7,218.95,218.12,218.2,0
2026-08-31T13:00:00.000Z,218.1995,219,217.73,218.98,0
2026-08-31T13:30:00.000Z,218.86199951171875,219.34800720214844,216.2100067138672,218.86380004882812,19735320
2026-08-31T14:00:00.000Z,218.8800048828125,220.36000061035156,218.39999389648438,220.07000732421875,11516769
2026-08-31T14:30:00.000Z,220.07000732421875,220.60000610351562,219.25,219.72500610351562,6906253
2026-08-31T15:00:00.000Z,219.75,220.5399932861328,219.1199951171875,220.27000427246094,5765158
2026-08-31T15:30:00.000Z,220.25,220.36000061035156,219.41000366210938,219.48980712890625,4463260
2026-08-31T16:00:00.000Z,219.5,220.2899932861328,219.10000610351562,220.22540283203125,3705149
2026-08-31T16:30:00.000Z,220.2299041748047,220.2899932861328,219.63999938964844,220.17999267578125,3629417
2026-08-31T17:00:00.000Z,220.19000244140625,220.25999450683594,219.33999633789062,219.3699951171875,3316339
2026-08-31T17:30:00.000Z,219.36000061035156,220.02000427246094,219.1300048828125,219.60499572753906,3803363
2026-08-31T18:00:00.000Z,219.61000061035156,219.75,218.9105987548828,218.97000122070312,3479373
2026-08-31T18:30:00.000Z,218.9499969482422,218.96560668945312,217.7100067138672,218.57000732421875,7332282
2026-08-31T19:00:00.000Z,218.60000610351562,219.8498992919922,218.5800018310547,219.82000732421875,5337664
2026-08-31T19:30:00.000Z,219.82000732421875,221.3000030517578,219.272705078125,220.8800048828125,13880736
2026-08-31T20:00:00.000Z,220.85,220.95,220.43,220.751,0
2026-08-31T20:30:00.000Z,220.759,235.9964,220.58,220.66,0
2026-08-31T21:00:00.000Z,220.65,233.878,210.1876,220.6592,0
2026-08-31T21:30:00.000Z,220.6495,220.66,220.51,220.53,0
2026-08-31T22:00:00.000Z,220.5298,220.58,220.27,220.3423,0
2026-08-31T22:30:00.000Z,220.34,220.48,220.26,220.28,0
2026-08-31T23:00:00.000Z,220.271,220.5,220.19,220.3619,0
2026-08-31T23:30:00.000Z,220.3619,220.44,220.22,220.27,0
2026-09-01T08:00:00.000Z,220.205,220.89,218.44,218.44,0
2026-09-01T08:30:00.000Z,218.48,218.74,217.9031,217.93,0
2026-09-01T09:00:00.000Z,217.948,218.02,217.52,217.61,0
2026-09-01T09:30:00.000Z,217.65,218.42,217.6,218.1985,0
2026-09-01T10:00:00.000Z,218.16,218.5,218.0537,218.31,0
2026-09-01T10:30:00.000Z,218.3,218.35,217.77,218.01,0
2026-09-01T11:00:00.000Z,218,220.78,217.7,218.01,0
2026-09-01T11:30:00.000Z,218,220.78,217.26,217.38,0
2026-09-01T12:00:00.000Z,217.42,217.78,217.23,217.4773,0
2026-09-01T12:30:00.000Z,217.45,217.57,216.89,217.13,0
2026-09-01T13:00:00.000Z,217.1392,220.78,216.64,216.77,0
2026-09-01T13:30:00.000Z,216.61000061035156,217.4199981689453,215.10000610351562,216.94000244140625,19929935
2026-09-01T14:00:00.000Z,216.97000122070312,218.38999938964844,216.77000427246094,217.61000061035156,8058977
2026-09-01T14:30:00.000Z,217.61000061035156,218.5800018310547,217.52999877929688,218.05499267578125,5613097
2026-09-01T15:00:00.000Z,218.0449981689453,218.8000030517578,217.6999969482422,218.8000030517578,5143718
2026-09-01T15:30:00.000Z,218.8000030517578,220.41000366210938,218.6999969482422,220.25,7559770
2026-09-01T16:00:00.000Z,220.25,220.3000030517578,219.08949279785156,219.5800018310547,4692768
2026-09-01T16:30:00.000Z,219.60000610351562,219.8498992919922,218.92999267578125,219.67999267578125,4112480
2026-09-01T17:00:00.000Z,219.67999267578125,219.69000244140625,218.1300048828125,218.3596954345703,4436755
2026-09-01T17:30:00.000Z,218.34500122070312,218.60000610351562,217.77999877929688,218,3276812
2026-09-01T18:00:00.000Z,218.02000427246094,218.17999267578125,217.2899932861328,217.4593048095703,3552743
2026-09-01T18:30:00.000Z,217.4600067138672,217.5449981689453,216.35009765625,217.30999755859375,5820666
2026-09-01T19:00:00.000Z,217.32000732421875,217.91009521484375,217.2476043701172,217.58999633789062,4416009
2026-09-01T19:30:00.000Z,217.60000610351562,217.6999969482422,216.63999938964844,217.5399932861328,9239679
2026-09-01T20:00:00.000Z,217.58,217.77,217.36,217.51,0
2026-09-01T20:30:00.000Z,217.49,219.4824,208.233,218.3371,0
2026-09-01T21:00:00.000Z,217.5107,224.9013,208.233,217.5912,0
2026-09-01T21:30:00.000Z,217.6,217.61,217.44,217.6,0
2026-09-01T22:00:00.000Z,217.6,217.75,217.21,217.2512,0
2026-09-01T22:30:00.000Z,217.2577,217.58,217.25,217.49,0
2026-09-01T23:00:00.000Z,217.48,217.5,217.4,217.5,0
2026-09-01T23:30:00.000Z,217.49,217.61,217.4001,217.4798,0
2026-09-02T08:00:00.000Z,217.496,217.6995,216.933,217.34,0
2026-09-02T08:30:00.000Z,217.35,217.5,216.486,216.72,0
2026-09-02T09:00:00.000Z,216.7745,216.98,216.53,216.6888,0
2026-09-02T09:30:00.000Z,216.65,216.867,216.35,216.75,0
2026-09-02T10:00:00.000Z,216.75,216.83,216.4,216.7032,0
2026-09-02T10:30:00.000Z,216.7975,216.7988,216.51,216.7015,0
2026-09-02T11:00:00.000Z,216.7502,217.44,216.07,216.9688,0
2026-09-02T11:30:00.000Z,216.92,217.45,216.75,217.4327,0
2026-09-02T12:00:00.000Z,217.44,218.6,217.267,218.3031,0
2026-09-02T12:30:00.000Z,218.3,218.36,217.75,217.8,0
2026-09-02T13:00:00.000Z,217.78,218.98,217.7557,218.86,0
2026-09-02T13:30:00.000Z,218.78500366210938,221.5500030517578,218.47999572753906,221.4600067138672,17611963
2026-09-02T14:00:00.000Z,221.4600067138672,223.44000244140625,221.16000366210938,222.8300018310547,15850282
2026-09-02T14:30:00.000Z,222.83999633789062,224.24000549316406,222.59820556640625,224.00140380859375,12134702
2026-09-02T15:00:00.000Z,224.0500030517578,227,223.92970275878906,226.30999755859375,18744058
2026-09-02T15:30:00.000Z,226.32000732421875,227.9499969482422,225.77000427246094,227.61000061035156,14411406
2026-09-02T16:00:00.000Z,227.60000610351562,227.82000732421875,226.8000030517578,227.0399932861328,8769758
2026-09-02T16:30:00.000Z,227.033203125,227.67999267578125,225.52000427246094,225.77679443359375,8073077
2026-09-02T17:00:00.000Z,225.7899932861328,226,224.75,225.5072021484375,7716635
2026-09-02T17:30:00.000Z,225.5198974609375,225.57000732421875,224.4600067138672,224.6699981689453,5930422
2026-09-02T18:00:00.000Z,224.67999267578125,225.32000732421875,224.42999267578125,224.9600067138672,5654147
2026-09-02T18:30:00.000Z,224.95799255371094,225.34500122070312,224.27999877929688,224.5050048828125,4570864
2026-09-02T19:00:00.000Z,224.5,224.85000610351562,224.17999267578125,224.39999389648438,5315510
2026-09-02T19:30:00.000Z,224.41400146484375,224.63999938964844,223.7301025390625,224.39999389648438,10211270
2026-09-02T20:00:00.000Z,224.41,224.8036,223.88,224.02,0
2026-09-02T20:30:00.000Z,223.99,233.4137,215.6948,224.06,0
2026-09-02T21:00:00.000Z,224.04,234.2166,215.6948,225.08,0
2026-09-02T21:30:00.000Z,225.0635,225.29,224.41,225.0199,0
2026-09-02T22:00:00.000Z,224.9,225.19,224.55,225.0892,0
2026-09-02T22:30:00.000Z,225.0855,225.18,224.9,224.9515,0
2026-09-02T23:00:00.000Z,225.01,225.0788,224.71,225.06,0
2026-09-02T23:30:00.000Z,225.1,225.5,225,225.35,0
2026-09-03T08:00:00.000Z,225.46,226.3762,224.41,225.77,0
2026-09-03T08:30:00.000Z,225.77,225.78,225.24,225.4,0
2026-09-03T09:00:00.000Z,225.4042,225.5512,225,225.1955,0
2026-09-03T09:30:00.000Z,225.02,225.197,224.39,224.7,0
2026-09-03T10:00:00.000Z,224.6,224.8975,224.5012,224.6664,0
2026-09-03T10:30:00.000Z,224.648,224.8982,224.6,224.7817,0
2026-09-03T11:00:00.000Z,224.81,224.9,224.11,224.4817,0
2026-09-03T11:30:00.000Z,224.52,224.55,223.01,223.458,0
2026-09-03T12:00:00.000Z,223.46,225.05,223.31,225.05,0
2026-09-03T12:30:00.000Z,225.0299,226.07,224.76,225.84,0
2026-09-03T13:00:00.000Z,225.85,226.3,225.45,226.01,0
2026-09-03T13:30:00.000Z,226.02000427246094,229.07000732421875,224.75,228.27999877929688,26306248
2026-09-03T14:00:00.000Z,228.17999267578125,228.97000122070312,227.3300018310547,227.38999938964844,9991831
2026-09-03T14:30:00.000Z,227.38499450683594,227.5800018310547,225.44000244140625,226.14500427246094,9352355
2026-09-03T15:00:00.000Z,226.16000366210938,227.9499969482422,225.69000244140625,227.81500244140625,7714526
2026-09-03T15:30:00.000Z,227.8300018310547,228.0399932861328,227.0800018310547,227.50999450683594,5439062
2026-09-03T16:00:00.000Z,227.50999450683594,228.09970092773438,226.8800048828125,227.0399932861328,5101775
2026-09-03T16:30:00.000Z,227.02999877929688,227.94000244140625,227.02000427246094,227.53990173339844,3730675
2026-09-03T17:00:00.000Z,227.5500030517578,227.64999389648438,227.07000732421875,227.44000244140625,3159286
2026-09-03T17:30:00.000Z,227.44009399414062,230.35000610351562,227.39999389648438,230.02000427246094,17558351
2026-09-03T18:00:00.000Z,230.02000427246094,230.39999389648438,229.49000549316406,229.50999450683594,7381354
2026-09-03T18:30:00.000Z,229.5137939453125,230.10000610351562,229.27999877929688,229.44000244140625,4804780
2026-09-03T19:00:00.000Z,229.44529724121094,229.69000244140625,229.1699981689453,229.53799438476562,4836097
2026-09-03T19:30:00.000Z,229.5500030517578,229.69000244140625,228.3300018310547,228.39999389648438,9515504
2026-09-03T20:00:00.000Z,228.41,228.75,228.22,228.45,0
2026-09-03T20:30:00.000Z,228.4407,237.9406,218.6296,228.4972,0
2026-09-03T21:00:00.000Z,228.49,237.9406,215.0322,228.52,0
2026-09-03T21:30:00.000Z,228.52,229.0498,228.45,228.9,0
2026-09-03T22:00:00.000Z,228.9177,229.38,228.73,229.28,0
2026-09-03T22:30:00.000Z,229.2877,229.52,229.15,229.4523,0
2026-09-03T23:00:00.000Z,229.46,229.72,229.4,229.65,0
2026-09-03T23:30:00.000Z,229.68,229.96,229.54,229.622,0
2026-09-04T08:00:00.000Z,230.35,230.98,228.45,230.8769,0
2026-09-04T08:30:00.000Z,230.89,230.9053,230.25,230.57,0
2026-09-04T09:00:00.000Z,230.54,230.56,229.85,230.26,0
2026-09-04T09:30:00.000Z,230.28,230.97,230.26,230.8912,0
2026-09-04T10:00:00.000Z,230.9387,232.49,230.9012,232.26,0
2026-09-04T10:30:00.000Z,232.143,232.3355,231.41,231.49,0
2026-09-04T11:00:00.000Z,231.43,231.55,228.45,231.1143,0
2026-09-04T11:30:00.000Z,231.0517,231.35,230.9,231.2,0
2026-09-04T12:00:00.000Z,231.24,232.13,231.13,231.7,0
2026-09-04T12:30:00.000Z,231.7772,231.7772,230.12,230.59,0
2026-09-04T13:00:00.000Z,230.588,231.7,230.3,231.13,0
2026-09-04T13:30:00.000Z,231.14199829101562,234.64999389648438,229.82000732421875,234.55999755859375,32831405
2026-09-04T14:00:00.000Z,234.55999755859375,234.75999450683594,232.9199981689453,234.71609497070312,14294326
2026-09-04T14:30:00.000Z,234.72000122070312,234.74000549316406,232.1199951171875,232.24000549316406,10333781
2026-09-04T15:00:00.000Z,232.2449951171875,232.80999755859375,231.64999389648438,231.78500366210938,7360257
2026-09-04T15:30:00.000Z,231.77999877929688,232.05889892578125,230.72999572753906,231.0449981689453,6699389
2026-09-04T16:00:00.000Z,231.02999877929688,231.3350067138672,230.50999450683594,231.15499877929688,5454453
2026-09-04T16:30:00.000Z,231.14999389648438,232.23500061035156,231,231.57000732421875,6343780
2026-09-04T17:00:00.000Z,231.57000732421875,231.64999389648438,230.60299682617188,230.75,4377870
2026-09-04T17:30:00.000Z,230.74000549316406,230.77999877929688,230.07000732421875,230.26539611816406,4425296
2026-09-04T18:00:00.000Z,230.25999450683594,230.47000122070312,229.89999389648438,230.35000610351562,4786672
2026-09-04T18:30:00.000Z,230.35000610351562,230.69500732421875,230.08999633789062,230.60499572753906,3632872
2026-09-04T19:00:00.000Z,230.60000610351562,230.72000122070312,229.85000610351562,229.8699951171875,4559706
2026-09-04T19:30:00.000Z,229.8699951171875,231.08999633789062,229.6300048828125,230.34500122070312,11049496
2026-09-04T20:00:00.000Z,230.36,230.36,229.56,229.9805,0
2026-09-04T20:30:00.000Z,229.9977,230.36,229.94,230,0
2026-09-04T21:00:00.000Z,229.9844,242.8142,216.0477,229.99,0
2026-09-04T21:30:00.000Z,229.98,230.36,229.94,230.081,0
2026-09-04T22:00:00.000Z,230.089,230.15,229.8617,230.0182,0
2026-09-04T22:30:00.000Z,230.03,230.09,229.91,229.9397,0
2026-09-04T23:00:00.000Z,229.94,229.99,229.86,229.8941,0
2026-09-04T23:30:00.000Z,229.88,230.18,227.41,229.5,0
2026-09-08T08:00:00.000Z,231,233.0502,230.3125,230.808,0
2026-09-08T08:30:00.000Z,230.73,230.8852,230.37,230.5488,0
2026-09-08T09:00:00.000Z,230.47,231,230.28,230.95,0
2026-09-08T09:30:00.000Z,230.99,231.76,230.9512,231.75,0
2026-09-08T10:00:00.000Z,231.74,231.9845,231.4457,231.7,0
2026-09-08T10:30:00.000Z,231.6427,231.75,230.9047,231.18,0
2026-09-08T11:00:00.000Z,231.19,231.3772,230.36,231.0201,0
2026-09-08T11:30:00.000Z,231.08,231.73,230.75,231.71,0
2026-09-08T12:00:00.000Z,231.69,231.89,231.3,231.8,0
2026-09-08T12:30:00.000Z,231.818,232.6,231.76,232.2441,0
2026-09-08T13:00:00.000Z,232.2457,233.23,232.1852,233.21,0
2026-09-08T13:30:00.000Z,233.2100067138672,233.7100067138672,229.05999755859375,229.57119750976562,21912636
2026-09-08T14:00:00.000Z,229.5800018310547,229.70989990234375,227.6300048828125,227.9423065185547,10175571
2026-09-08T14:30:00.000Z,227.9600067138672,227.9600067138672,226.77000427246094,227.05499267578125,8605577
2026-09-08T15:00:00.000Z,227.05999755859375,227.8000030517578,226.37440490722656,226.8699951171875,9317544
2026-09-08T15:30:00.000Z,226.87159729003906,227.13999938964844,226.07000732421875,226.25999450683594,6630522
2026-09-08T16:00:00.000Z,226.27000427246094,226.47999572753906,225.57000732421875,225.66000366210938,6309017
2026-09-08T16:30:00.000Z,225.6699981689453,226.1999969482422,225.5500030517578,225.75,5573529
2026-09-08T17:00:00.000Z,225.75,226.36990356445312,225.4600067138672,225.64999389648438,4646976
2026-09-08T17:30:00.000Z,225.6699981689453,226.25999450683594,225.64999389648438,225.76499938964844,3552555
2026-09-08T18:00:00.000Z,225.76620483398438,226.14999389648438,225.7100067138672,226.0800018310547,2658020
2026-09-08T18:30:00.000Z,226.0800018310547,226.39990234375,225.25,225.6750030517578,5198027
2026-09-08T19:00:00.000Z,225.67999267578125,225.77000427246094,225.3000030517578,225.5500030517578,4210112
2026-09-08T19:30:00.000Z,225.5500030517578,225.89999389648438,224.85000610351562,225.77000427246094,11584266
2026-09-08T20:00:00.000Z,225.78,225.94,225.51,225.58,0
2026-09-08T20:30:00.000Z,225.57,225.77,216.0287,225.75,0
2026-09-08T21:00:00.000Z,225.75,238.2209,212.9972,225.64,0
2026-09-08T21:30:00.000Z,225.64,238.2209,216.0287,225.61,0
2026-09-08T22:00:00.000Z,225.5776,225.81,225.4,225.7496,0
2026-09-08T22:30:00.000Z,225.75,226,225.7,225.9576,0
2026-09-08T23:00:00.000Z,225.9576,225.99,225.69,225.71,0
2026-09-08T23:30:00.000Z,225.69,225.72,225.2,225.31,0
2026-09-09T08:00:00.000Z,225.9918,226.4791,225.73,226.3797,0
2026-09-09T08:30:00.000Z,226.29,226.4425,225.8237,226.09,0
2026-09-09T09:00:00.000Z,226.08,226.15,225.6512,225.82,0
2026-09-09T09:30:00.000Z,225.8,225.94,224.06,224.2,0
2026-09-09T10:00:00.000Z,224.2,224.6137,223.9027,224.495,0
2026-09-09T10:30:00.000Z,224.51,224.95,224.15,224.39,0
2026-09-09T11:00:00.000Z,224.39,224.95,224.19,224.68,0
2026-09-09T11:30:00.000Z,224.67,225.35,224.5,224.864,0
2026-09-09T12:00:00.000Z,224.88,224.95,224.31,224.48,0
2026-09-09T12:30:00.000Z,224.44,224.79,224.38,224.6287,0
2026-09-09T13:00:00.000Z,224.58,225.3422,224.27,225.31,0
2026-09-09T13:30:00.000Z,225.27000427246094,226.17999267578125,224.39999389648438,224.85009765625,12976279
2026-09-09T14:00:00.000Z,224.85499572753906,225.38999938964844,223.5500030517578,224.88499450683594,9051535
2026-09-09T14:30:00.000Z,224.875,225.3800048828125,224.0800018310547,224.46499633789062,5890853
2026-09-09T15:00:00.000Z,224.47000122070312,224.82000732421875,223.50999450683594,223.59010314941406,7584147
2026-09-09T15:30:00.000Z,223.60000610351562,224.6300048828125,223.5800018310547,224.4199981689453,4153798
2026-09-09T16:00:00.000Z,224.44000244140625,224.50999450683594,223.69000244140625,223.86000061035156,3089400
2026-09-09T16:30:00.000Z,223.86000061035156,224.40989685058594,223.75,224.05999755859375,2322594
2026-09-09T17:00:00.000Z,224.0500030517578,224.49000549316406,223.90499877929688,224.27000427246094,2215491
2026-09-09T17:30:00.000Z,224.27000427246094,224.38999938964844,224.05099487304688,224.23500061035156,2072600
2026-09-09T18:00:00.000Z,224.23500061035156,224.4199981689453,223.89999389648438,224.19500732421875,2204713
2026-09-09T18:30:00.000Z,224.19500732421875,224.24000549316406,223.6300048828125,223.6699981689453,2347965
2026-09-09T19:00:00.000Z,223.6750030517578,224.375,223.4600067138672,224.13499450683594,4733794
2026-09-09T19:30:00.000Z,224.13999938964844,224.24000549316406,223.5,223.6999969482422,8403984
2026-09-09T20:00:00.000Z,223.77,224,223.6012,223.77,0
2026-09-09T20:30:00.000Z,223.74,226.2547,223.63,226.2547,0
2026-09-09T21:00:00.000Z,223.6847,230.15,223.62,223.65,0
2026-09-09T21:30:00.000Z,223.68,223.68,223.51,223.57,0
2026-09-09T22:00:00.000Z,223.6,223.67,223.46,223.46,0
2026-09-09T22:30:00.000Z,223.4855,223.67,223.46,223.5441,0
2026-09-09T23:00:00.000Z,223.54,223.59,223.5,223.5045,0
2026-09-09T23:30:00.000Z,223.5299,223.67,223.45,223.6699,0
2026-09-10T08:00:00.000Z,222.77,223.67,222.6165,223.4172,0
2026-09-10T08:30:00.000Z,223.4172,223.599,223.05,223.2377,0
2026-09-10T09:00:00.000Z,223.2377,223.569,223.0925,223.5467,0
2026-09-10T09:30:00.000Z,223.5467,223.5467,223,223.2025,0
2026-09-10T10:00:00.000Z,223.2975,223.4845,223.05,223.2742,0
2026-09-10T10:30:00.000Z,223.2742,223.2742,222.713,223.056,0
2026-09-10T11:00:00.000Z,223.056,223.18,222.4312,222.5975,0
2026-09-10T11:30:00.000Z,222.5025,222.765,222.07,222.2185,0
2026-09-10T12:00:00.000Z,222.2185,222.49,221.653,221.97,0
2026-09-10T12:30:00.000Z,222.0462,223.67,220.23,220.2792,0
2026-09-10T13:00:00.000Z,220.2784,221.178,196.93,220.6912,0
2026-09-10T13:30:00.000Z,220.48500061035156,220.99000549316406,217.1999969482422,217.3769989013672,21575864
2026-09-10T14:00:00.000Z,217.39999389648438,219.05999755859375,217.2899932861328,218.22999572753906,8740652
2026-09-10T14:30:00.000Z,218.22999572753906,218.57000732421875,217.75999450683594,218.14500427246094,6782330
2026-09-10T15:00:00.000Z,218.14999389648438,218.58999633789062,217.8000030517578,218.14999389648438,5329436
2026-09-10T15:30:00.000Z,218.1436004638672,219.1199951171875,218.00999450683594,218.77999877929688,4994634
2026-09-10T16:00:00.000Z,218.77999877929688,219.19000244140625,217.52999877929688,217.75,5846988
2026-09-10T16:30:00.000Z,217.75,218.89500427246094,217.63999938964844,218.75,4931022
2026-09-10T17:00:00.000Z,218.75999450683594,219.1300048828125,218.4499969482422,218.69000244140625,3318631
2026-09-10T17:30:00.000Z,218.68499755859375,218.68499755859375,218.1199951171875,218.3708953857422,2796541
2026-09-10T18:00:00.000Z,218.35000610351562,218.52999877929688,218.02000427246094,218.03500366210938,2389379
2026-09-10T18:30:00.000Z,218.0301055908203,218.4499969482422,217.7449951171875,218.23080444335938,3447485
2026-09-10T19:00:00.000Z,218.22999572753906,218.3845977783203,217.69000244140625,218.3000030517578,4077900
2026-09-10T19:30:00.000Z,218.30990600585938,218.94000244140625,218.20010375976562,218.3800048828125,10386026
2026-09-10T20:00:00.000Z,218.4,223.67,218.13,218.5087,0
2026-09-10T20:30:00.000Z,218.5088,222.3682,218.3,218.4275,0
2026-09-10T21:00:00.000Z,218.4275,233.7118,208.1399,218.848,0
2026-09-10T21:30:00.000Z,218.848,218.9862,218.36,218.7685,0
2026-09-10T22:00:00.000Z,218.7685,218.9,218.5,218.6462,0
2026-09-10T22:30:00.000Z,218.6462,218.69,218.31,218.3985,0
2026-09-10T23:00:00.000Z,218.3985,218.478,218.152,218.288,0
2026-09-10T23:30:00.000Z,218.288,218.36,217.68,217.76,0
2026-09-11T08:00:00.000Z,218.15,220.3,217.79,220.099,0
2026-09-11T08:30:00.000Z,220.099,220.39,220.01,220.2987,0
2026-09-11T09:00:00.000Z,220.2987,220.56,219.84,220.2992,0
2026-09-11T09:30:00.000Z,220.2992,220.38,220.11,220.3397,0
2026-09-11T10:00:00.000Z,220.33,220.5,220.12,220.1995,0
2026-09-11T10:30:00.000Z,220.1979,220.275,220.1,220.188,0
2026-09-11T11:00:00.000Z,220.188,220.2,219.58,219.987,0
2026-09-11T11:30:00.000Z,219.987,220.05,219.55,219.6477,0
2026-09-11T12:00:00.000Z,219.58,219.83,219.1,219.7467,0
2026-09-11T12:30:00.000Z,219.6,221.54,218.34,221.3777,0
2026-09-11T13:00:00.000Z,221.316,221.89,220.7,221.15,0
2026-09-11T13:30:00.000Z,221.25,221.7100067138672,219.03070068359375,221.58999633789062,17941185
2026-09-11T14:00:00.000Z,221.6300048828125,222,220.64999389648438,221.60000610351562,8834693
2026-09-11T14:30:00.000Z,221.58999633789062,221.58999633789062,219.3000030517578,219.47000122070312,7391315
2026-09-11T15:00:00.000Z,219.4499969482422,220.5749969482422,219.36160278320312,220.1800994873047,4498442
2026-09-11T15:30:00.000Z,220.17999267578125,220.3000030517578,219.42010498046875,219.68499755859375,4331490
2026-09-11T16:00:00.000Z,219.67999267578125,219.9698944091797,219.08999633789062,219.16000366210938,3213794
2026-09-11T16:30:00.000Z,219.16000366210938,219.24000549316406,218.64999389648438,219.10499572753906,3436849
2026-09-11T17:00:00.000Z,219.11000061035156,219.42999267578125,218.89999389648438,219.25,3191666
2026-09-11T17:30:00.000Z,219.25599670410156,219.41000366210938,219,219.14500427246094,2181153
2026-09-11T18:00:00.000Z,219.13999938964844,219.55990600585938,219.02999877929688,219.50999450683594,2124398
2026-09-11T18:30:00.000Z,219.5050048828125,220.00999450683594,219.24000549316406,219.35000610351562,3616095
2026-09-11T19:00:00.000Z,219.33999633789062,219.44500732421875,218.36000061035156,218.41000366210938,3973791
2026-09-11T19:30:00.000Z,218.4199981689453,218.85000610351562,218.14999389648438,218.1999969482422,7856725
2026-09-11T20:00:00.000Z,218.19,230.14,218.05,218.369,0
2026-09-11T20:30:00.000Z,218.369,218.42,218.29,218.3987,0
2026-09-11T21:00:00.000Z,218.3987,221.6755,214.971,218.3697,0
2026-09-11T21:30:00.000Z,218.3697,232.0498,214.971,218.3597,0
2026-09-11T22:00:00.000Z,218.3597,218.39,218.31,218.3397,0
2026-09-11T22:30:00.000Z,218.3399,218.35,218.111,218.2295,0
2026-09-11T23:00:00.000Z,218.23,218.32,218.21,218.2795,0
2026-09-11T23:30:00.000Z,218.2795,218.29,218.17,218.26,0
2026-09-14T08:00:00.000Z,213.94,215.02,212.831,212.878,0
2026-09-14T08:30:00.000Z,212.878,213.1562,211.9,212.0967,0
2026-09-14T09:00:00.000Z,212.01,212.25,211,211.45,0
2026-09-14T09:30:00.000Z,211.4982,212,211.44,211.928,0
2026-09-14T10:00:00.000Z,211.928,212.18,211.5225,212.009,0
2026-09-14T10:30:00.000Z,212.009,212.35,211.5112,212.3475,0
2026-09-14T11:00:00.000Z,212.32,218.29,211.92,213.289,0
2026-09-14T11:30:00.000Z,213.2987,213.3975,212.8,212.89,0
2026-09-14T12:00:00.000Z,212.889,217.745,212.5225,212.8195,0
2026-09-14T12:30:00.000Z,212.82,218.29,212.03,212.0792,0
2026-09-14T13:00:00.000Z,212.08,212.63,211.1,211.33,0
2026-09-14T13:30:00.000Z,211.0800018310547,211.55999755859375,208.92999267578125,210.7899932861328,37732359
2026-09-14T14:00:00.000Z,210.7899932861328,211.6999969482422,210.07000732421875,210.4550018310547,10476982
2026-09-14T14:30:00.000Z,210.4499969482422,211.02000427246094,210.25,210.47999572753906,6399882
2026-09-14T15:00:00.000Z,210.4600067138672,211.60000610351562,210.27999877929688,211.4600067138672,5970231
2026-09-14T15:30:00.000Z,211.4499969482422,212.3300018310547,211.1999969482422,212.1884002685547,6690738
2026-09-14T16:00:00.000Z,212.17999267578125,212.28500366210938,211.65150451660156,211.7899932861328,4193317
2026-09-14T16:30:00.000Z,211.77000427246094,212.38999938964844,211.50999450683594,212.10499572753906,3650044
2026-09-14T17:00:00.000Z,212.10989379882812,212.58999633789062,211.9600067138672,212.5800018310547,3211170
2026-09-14T17:30:00.000Z,212.58999633789062,212.77000427246094,212.1667022705078,212.41009521484375,3261250
2026-09-14T18:00:00.000Z,212.4199981689453,212.6300048828125,212.03500366210938,212.09500122070312,4819612
2026-09-14T18:30:00.000Z,212.11000061035156,212.5800018310547,212.07000732421875,212.55499267578125,3002646
2026-09-14T19:00:00.000Z,212.57000732421875,212.6199951171875,212.10000610351562,212.10499572753906,6495223
2026-09-14T19:30:00.000Z,212.10000610351562,212.39999389648438,210.7899932861328,210.88999938964844,13611670
2026-09-14T20:00:00.000Z,210.94,211.55,210.27,211.5292,0
2026-09-14T20:30:00.000Z,211.5487,226.5096,199.969,212.398,0
2026-09-14T21:00:00.000Z,212.398,226.5096,199.969,212.3975,0
2026-09-14T21:30:00.000Z,212.3975,212.54,210.96,212.539,0
2026-09-14T22:00:00.000Z,212.51,212.62,212.3,212.3977,0
2026-09-14T22:30:00.000Z,212.3977,212.45,212.18,212.3877,0
2026-09-14T23:00:00.000Z,212.3877,212.4,212.2,212.2987,0
2026-09-14T23:30:00.000Z,212.2987,212.3,212.01,212.04,0
2026-09-15T08:00:00.000Z,211.81,212.61,210.96,211.4952,0
2026-09-15T08:30:00.000Z,211.4952,211.5,211.2,211.3977,0
2026-09-15T09:00:00.000Z,211.3977,211.75,211.2212,211.7465,0
2026-09-15T09:30:00.000Z,211.7465,212.32,211.5437,212.188,0
2026-09-15T10:00:00.000Z,212.188,212.44,212.082,212.378,0
2026-09-15T10:30:00.000Z,212.302,212.5,212.1927,212.3795,0
2026-09-15T11:00:00.000Z,212.36,212.64,212.15,212.2792,0
2026-09-15T11:30:00.000Z,212.2792,212.3787,212.01,212.3085,0
2026-09-15T12:00:00.000Z,212.31,220.91,212.0232,212.2882,0
2026-09-15T12:30:00.000Z,212.2882,212.96,211.98,212.55,0
2026-09-15T13:00:00.000Z,212.5695,213.49,211.1696,213.49,0
2026-09-15T13:30:00.000Z,213.08999633789062,213.94000244140625,212.5625,213.25,17893874
2026-09-15T14:00:00.000Z,213.25999450683594,213.30239868164062,211.9600067138672,212.74009704589844,7837724
2026-09-15T14:30:00.000Z,212.74000549316406,213.05999755859375,211.6300048828125,212.03500366210938,5804277
2026-09-15T15:00:00.000Z,212.03500366210938,212.58999633789062,211.97999572753906,212.25999450683594,4571378
2026-09-15T15:30:00.000Z,212.2510986328125,212.47000122070312,211.92999267578125,212.17990112304688,3411214
2026-09-15T16:00:00.000Z,212.19000244140625,212.35000610351562,211.80499267578125,211.97000122070312,3148213
2026-09-15T16:30:00.000Z,211.9600067138672,212.19500732421875,211.6999969482422,211.77000427246094,2764213
2026-09-15T17:00:00.000Z,211.77499389648438,211.8000030517578,211.16000366210938,211.3300018310547,3541886
2026-09-15T17:30:00.000Z,211.33990478515625,211.97999572753906,211.3300018310547,211.9597930908203,2986386
2026-09-15T18:00:00.000Z,211.9600067138672,212.1999969482422,211.55999755859375,212.10000610351562,3005798
2026-09-15T18:30:00.000Z,212.10000610351562,212.3300018310547,211.91000366210938,212.110107421875,2786709
2026-09-15T19:00:00.000Z,212.10000610351562,212.19000244140625,211.8800048828125,212.1363983154297,2549326
2026-09-15T19:30:00.000Z,212.11000061035156,212.3000030517578,211.75,212.1699981689453,6423537
2026-09-15T20:00:00.000Z,212.14,212.46,212.1112,212.3992,0
2026-09-15T20:30:00.000Z,212.3992,212.69,212.17,212.5995,0
2026-09-15T21:00:00.000Z,212.5995,218.6291,208.233,212.3987,0
2026-09-15T21:30:00.000Z,212.3987,224.9013,200.674,212.3682,0
2026-09-15T22:00:00.000Z,212.37,212.64,210.7,212.58,0
2026-09-15T22:30:00.000Z,212.5987,212.6788,212.4105,212.488,0
2026-09-15T23:00:00.000Z,212.488,212.4888,212.17,212.2775,0
2026-09-15T23:30:00.000Z,212.2775,212.46,212.18,212.3705,0
2026-09-16T08:00:00.000Z,213.83,213.9185,212.17,213.636,0
2026-09-16T08:30:00.000Z,213.636,213.6962,213.2,213.588,0
2026-09-16T09:00:00.000Z,213.588,213.6975,213.05,213.07,0
2026-09-16T09:30:00.000Z,213.0987,213.41,213.0512,213.3882,0
2026-09-16T10:00:00.000Z,213.3882,213.41,213.01,213.2487,0
2026-09-16T10:30:00.000Z,213.2487,213.3857,213.15,213.38,0
2026-09-16T11:00:00.000Z,213.24,213.52,213,213.2092,0
2026-09-16T11:30:00.000Z,213.2092,213.789,213.161,213.6995,0
2026-09-16T12:00:00.000Z,213.6995,214.3,213.62,214.2987,0
2026-09-16T12:30:00.000Z,214.28,214.5,208.58,213.8475,0
2026-09-16T13:00:00.000Z,213.8475,214.8852,213.5503,214.22,0
2026-09-16T13:30:00.000Z,214.13999938964844,215.14999389648438,213.30999755859375,214.7198944091797,15071075
2026-09-16T14:00:00.000Z,214.8000030517578,215.3000030517578,214.5500030517578,215.02000427246094,6087594
2026-09-16T14:30:00.000Z,215.0399932861328,215.5,214.8415069580078,215.4499969482422,4746123
2026-09-16T15:00:00.000Z,215.4499969482422,216.3000030517578,215.4499969482422,215.85000610351562,5839408
2026-09-16T15:30:00.000Z,215.85499572753906,216.75999450683594,215.77999877929688,216.0500030517578,4604417
2026-09-16T16:00:00.000Z,216.05169677734375,216.1699981689453,215.50010681152344,215.8699951171875,3270370
2026-09-16T16:30:00.000Z,215.8699951171875,216.19000244140625,215.7519989013672,216.0050048828125,2691105
2026-09-16T17:00:00.000Z,216.0050048828125,216.0050048828125,215.22999572753906,215.44000244140625,3022201
2026-09-16T17:30:00.000Z,215.4499969482422,215.5,214.72000122070312,215.25,3177177
2026-09-16T18:00:00.000Z,215.2550048828125,216.44500732421875,214.95249938964844,215.52760314941406,5324619
2026-09-16T18:30:00.000Z,215.52000427246094,215.75860595703125,213.69000244140625,213.86500549316406,7054618
2026-09-16T19:00:00.000Z,213.8699951171875,214.47999572753906,212.5,213.35000610351562,7117400
2026-09-16T19:30:00.000Z,213.3350067138672,214.4499969482422,213.1999969482422,213.91000366210938,11079331
2026-09-16T20:00:00.000Z,213.91,214.48,213.72,214.2692,0
2026-09-16T20:30:00.000Z,214.2692,227.095,201.9537,214.3895,0
2026-09-16T21:00:00.000Z,214.3895,227.095,208.18,214.4195,0
2026-09-16T21:30:00.000Z,214.4195,214.88,213.9,214.7382,0
2026-09-16T22:00:00.000Z,214.6787,214.84,214.35,214.8292,0
2026-09-16T22:30:00.000Z,214.8292,215.25,214.8031,214.9182,0
2026-09-16T23:00:00.000Z,214.9182,215.24,214.85,215.1987,0
2026-09-16T23:30:00.000Z,215.1987,215.8,215.05,215.68,0
2026-09-17T08:00:00.000Z,216.29,216.7595,213.9,216.7587,0
2026-09-17T08:30:00.000Z,216.7587,217.1987,216.57,217.06,0
2026-09-17T09:00:00.000Z,217.0892,217.4,217.06,217.317,0
2026-09-17T09:30:00.000Z,217.317,217.56,217.1,217.22,0
2026-09-17T10:00:00.000Z,217.2177,217.2277,216.8,217.1087,0
2026-09-17T10:30:00.000Z,217.1087,217.1088,216.7615,217.0465,0
2026-09-17T11:00:00.000Z,216.965,217.38,216.3317,216.7987,0
2026-09-17T11:30:00.000Z,216.75,217.12,207.75,217.118,0
2026-09-17T12:00:00.000Z,217.12,218.18,217.02,218.0975,0
2026-09-17T12:30:00.000Z,218.05,218.9787,217.9992,218.5,0
2026-09-17T13:00:00.000Z,218.51,219,218.19,218.4,0
2026-09-17T13:30:00.000Z,218.38800048828125,219.19000244140625,217.14500427246094,219.02999877929688,18091961
2026-09-17T14:00:00.000Z,219.03509521484375,219.85000610351562,218.5,219.50999450683594,9610027
2026-09-17T14:30:00.000Z,219.5050048828125,219.8699951171875,218.91000366210938,219.1300048828125,5624145
2026-09-17T15:00:00.000Z,219.14999389648438,219.47000122070312,218.7700958251953,219.22999572753906,4020577
2026-09-17T15:30:00.000Z,219.24989318847656,219.27999877929688,218.7100067138672,218.9600067138672,2999310
2026-09-17T16:00:00.000Z,218.9600067138672,219.02999877929688,218.6199951171875,218.92999267578125,3993376
2026-09-17T16:30:00.000Z,218.9250030517578,219.0800018310547,218.47999572753906,218.6999969482422,4592465
2026-09-17T17:00:00.000Z,218.7050018310547,219.19000244140625,218.67999267578125,218.89500427246094,2390830
2026-09-17T17:30:00.000Z,218.89999389648438,219.4499969482422,218.75999450683594,219.2449951171875,2854373
2026-09-17T18:00:00.000Z,219.2449951171875,219.8249969482422,219.07009887695312,219.5500030517578,3660584
2026-09-17T18:30:00.000Z,219.5500030517578,219.64999389648438,219.30999755859375,219.3699951171875,2463878
2026-09-17T19:00:00.000Z,219.3699951171875,219.85499572753906,219.34500122070312,219.58999633789062,3217152
2026-09-17T19:30:00.000Z,219.5800018310547,219.89999389648438,219.22000122070312,219.39999389648438,8562627
2026-09-17T20:00:00.000Z,219.36,219.3862,218.73,218.988,0
2026-09-17T20:30:00.000Z,218.988,222.3682,211.4094,219.2792,0
2026-09-17T21:00:00.000Z,219.2792,230.3812,206.172,219.32,0
2026-09-17T21:30:00.000Z,219.339,219.48,219.3,219.4685,0
2026-09-17T22:00:00.000Z,219.42,219.48,219.1,219.2072,0
2026-09-17T22:30:00.000Z,219.2072,219.34,219.02,219.179,0
2026-09-17T23:00:00.000Z,219.179,219.3482,219.1,219.2465,0
2026-09-17T23:30:00.000Z,219.2465,219.3,219.1,219.2308,0
2026-09-18T08:00:00.000Z,221.7,222,219.34,221.5377,0
2026-09-18T08:30:00.000Z,221.47,221.67,221.29,221.3585,0
2026-09-18T09:00:00.000Z,221.3585,221.4987,221.08,221.1197,0
2026-09-18T09:30:00.000Z,221.1197,221.15,220.5922,220.5922,0
2026-09-18T10:00:00.000Z,220.6777,221.097,220.6147,220.9497,0
2026-09-18T10:30:00.000Z,220.9497,221.2,220.74,220.9375,0
2026-09-18T11:00:00.000Z,220.82,220.918,219.34,220.1475,0
2026-09-18T11:30:00.000Z,220.1475,220.34,219.77,219.8785,0
2026-09-18T12:00:00.000Z,219.88,220.0777,219.09,219.2178,0
2026-09-18T12:30:00.000Z,219.2475,219.47,218.95,219.1682,0
2026-09-18T13:00:00.000Z,219.1,222.58,218.55,219.09,0
2026-09-18T13:30:00.000Z,219.36000061035156,220.07000732421875,218.0399932861328,219.2200927734375,27384983
2026-09-18T14:00:00.000Z,219.22000122070312,220.88999938964844,218.9199981689453,219.52000427246094,8490952
2026-09-18T14:30:00.000Z,219.5,219.57000732421875,218.85000610351562,219.00999450683594,7593122
2026-09-18T15:00:00.000Z,219.00999450683594,219.9149932861328,219,219.8350067138672,4483950
2026-09-18T15:30:00.000Z,219.8300018310547,219.91009521484375,219.44009399414062,219.52000427246094,3470495
2026-09-18T16:00:00.000Z,219.5449981689453,219.80999755859375,219.14999389648438,219.5395965576172,3635418
2026-09-18T16:30:00.000Z,219.5399932861328,219.93499755859375,219.4250030517578,219.65499877929688,4211877
2026-09-18T17:00:00.000Z,219.66000366210938,220.2653045654297,219.42999267578125,220,4061964
2026-09-18T17:30:00.000Z,220,220,219.4001007080078,219.49000549316406,2419836
2026-09-18T18:00:00.000Z,219.4886932373047,219.6999969482422,219.3000030517578,219.38999938964844,2492037
2026-09-18T18:30:00.000Z,219.39999389648438,219.88499450683594,219.27999877929688,219.55999755859375,4296911
2026-09-18T19:00:00.000Z,219.56199645996094,219.9499969482422,219.36000061035156,219.47999572753906,4660132
2026-09-18T19:30:00.000Z,219.47999572753906,222.72999572753906,219.36000061035156,222.08999633789062,19279616
2026-09-18T20:00:00.000Z,222.0782,222.3,221.51,221.5987,0
2026-09-18T20:30:00.000Z,221.5987,222.27,221.31,221.9667,0
2026-09-18T21:00:00.000Z,221.9667,234.6997,216.0477,222.0687,0
2026-09-18T21:30:00.000Z,222.0687,222.33,222.02,222.298,0
2026-09-18T22:00:00.000Z,222.298,222.49,222.08,222.1975,0
2026-09-18T22:30:00.000Z,222.1975,230.32,222.05,222.2992,0
2026-09-18T23:00:00.000Z,222.2992,222.48,222.27,222.41,0
2026-09-18T23:30:00.000Z,222.4487,222.58,222.36,222.53,0
2026-09-18T23:59:59.000Z,222.53,222.53,222.53,222.53,0
