Date,Open,High,Low,Close,Volume
2026-03-12T21:00:00.000Z,189.8205,190.5134,189.8205,190.12,0
2026-03-12T21:30:00.000Z,190.56,190.56,190.56,190.56,0
2026-03-12T22:00:00.000Z,190.5,190.62,190.4893,190.56,0
2026-03-12T22:30:00.000Z,190.13,190.5,190.13,190.5,0
2026-03-12T23:00:00.000Z,190.5,190.61,190.21,190.61,0
2026-03-12T23:30:00.000Z,190.61,190.62,190.06,190.39,0
2026-03-13T08:00:00.000Z,188.76,189.5,188.76,189.04,0
2026-03-13T08:30:00.000Z,189.02,189.9,189,189.9,0
2026-03-13T09:30:00.000Z,190.29,190.72,190.29,190.72,0
2026-03-13T10:00:00.000Z,190.3,190.3,190.3,190.3,0
2026-03-13T10:30:00.000Z,191,191.06,190.32,190.32,0
2026-03-13T11:00:00.000Z,191.16,191.52,191.16,191.52,0
2026-03-13T11:30:00.000Z,191.49,191.89,191.49,191.53,0
2026-03-13T12:00:00.000Z,191.5,193.74,189.28,191.1564,0
2026-03-13T12:30:00.000Z,191.62,192.32,191.24,192,0
2026-03-13T13:00:00.000Z,191.88,192,191.5,191.5,0
2026-03-13T13:30:00.000Z,191.5,193.75,191,192.9600067138672,378791
2026-03-13T14:00:00.000Z,193.14999389648438,193.41000366210938,191.4600067138672,191.6699981689453,327835
2026-03-13T14:30:00.000Z,191.52999877929688,191.97000122070312,190.69000244140625,191.1300048828125,198356
2026-03-13T15:00:00.000Z,191.15499877929688,192.1300048828125,190.8800048828125,191.52000427246094,170158
2026-03-13T15:30:00.000Z,191.47000122070312,192.22000122070312,191.3699951171875,191.60000610351562,120823
2026-03-13T16:00:00.000Z,191.63499450683594,192.1282958984375,191.35000610351562,191.77000427246094,132705
2026-03-13T16:30:00.000Z,191.7100067138672,192.05999755859375,190.97000122070312,191,119362
2026-03-13T17:00:00.000Z,191.1699981689453,191.99000549316406,190.94500732421875,191.38999938964844,115242
2026-03-13T17:30:00.000Z,191.33999633789062,191.5399932861328,190.38499450683594,190.49000549316406,131092
2026-03-13T18:00:00.000Z,190.50999450683594,190.80499267578125,190.14999389648438,190.30999755859375,147283
2026-03-13T18:30:00.000Z,190.32000732421875,191.47999572753906,190.24000549316406,190.875,140929
2026-03-13T19:00:00.000Z,190.8800048828125,191.00999450683594,190.2100067138672,190.49000549316406,174065
2026-03-13T19:30:00.000Z,190.4600067138672,190.85000610351562,190.1649932861328,190.8300018310547,697043
2026-03-13T20:00:00.000Z,190.83,191.39,190.7,190.76,0
2026-03-13T20:30:00.000Z,189.1125,191.06,189.1125,191.06,0
2026-03-13T21:00:00.000Z,190.975,190.975,190.02,190.41,0
2026-03-13T22:00:00.000Z,190.4,190.5,190.4,190.5,0
2026-03-13T22:30:00.000Z,190.4988,190.56,190.455,190.56,0
2026-03-13T23:00:00.000Z,190.56,190.75,190.4,190.75,0
2026-03-13T23:30:00.000Z,190.75,190.75,190.25,190.75,0
2026-03-16T09:30:00.000Z,191.28,191.28,191.07,191.07,0
2026-03-16T10:30:00.000Z,191.78,192.39,191.78,192.39,0
2026-03-16T11:00:00.000Z,192.93,193,192.18,192.27,0
2026-03-16T11:30:00.000Z,192.27,193.2,192.25,193.2,0
2026-03-16T12:00:00.000Z,192.27,194,190.95,192.95,0
2026-03-16T12:30:00.000Z,193.12,194,192.99,193.01,0
2026-03-16T13:00:00.000Z,192.59,194.5,192.49,194.5,0
2026-03-16T13:30:00.000Z,194.32000732421875,194.6300048828125,192.42999267578125,193.6699981689453,304346
2026-03-16T14:00:00.000Z,193.61000061035156,193.86000061035156,193.1199951171875,193.36000061035156,157649
2026-03-16T14:30:00.000Z,193.2449951171875,193.4499969482422,192.77000427246094,193.40499877929688,129372
2026-03-16T15:00:00.000Z,193.40499877929688,194.74000549316406,193.02999877929688,194.74000549316406,178951
2026-03-16T15:30:00.000Z,194.75999450683594,194.97000122070312,194.0399932861328,194.1199951171875,273502
2026-03-16T16:00:00.000Z,194.1199951171875,194.94000244140625,194.0399932861328,194.77999877929688,149631
2026-03-16T16:30:00.000Z,194.86000061035156,195.44000244140625,194.75999450683594,194.85000610351562,148173
2026-03-16T17:00:00.000Z,194.85000610351562,195.5399932861328,194.85000610351562,195.27000427246094,114684
2026-03-16T17:30:00.000Z,195.2899932861328,195.9199981689453,194.68150329589844,195.9199981689453,183276
2026-03-16T18:00:00.000Z,195.83999633789062,196.08999633789062,195.11500549316406,195.2449951171875,151074
2026-03-16T18:30:00.000Z,195.27499389648438,195.89999389648438,195.0050048828125,195.64500427246094,111758
2026-03-16T19:00:00.000Z,195.69000244140625,196.25999450683594,194.69500732421875,194.83999633789062,192269
2026-03-16T19:30:00.000Z,194.85000610351562,194.97999572753906,193.81500244140625,194.13999938964844,501216
2026-03-16T20:00:00.000Z,194.14,194.99,194.02,194.55,0
2026-03-16T20:30:00.000Z,194.91,199.13,194.7474,195.17,0
2026-03-16T21:00:00.000Z,195.6033,195.6033,193.3602,194.5,0
2026-03-16T21:30:00.000Z,194.55,195,194,194,0
2026-03-16T22:00:00.000Z,195.71,195.71,193.3001,193.3001,0
2026-03-16T22:30:00.000Z,193.99,194.12,193.99,194.04,0
2026-03-16T23:00:00.000Z,193.5196,193.5196,193.5,193.5,0
2026-03-16T23:30:00.000Z,194.12,194.12,194.12,194.12,0
2026-03-17T08:30:00.000Z,193.18,193.18,193.14,193.14,0
2026-03-17T09:00:00.000Z,192.24,193.12,192.24,193.12,0
2026-03-17T10:00:00.000Z,193.13,193.13,193.13,193.13,0
2026-03-17T11:00:00.000Z,193.1,193.46,193.1,193.4,0
2026-03-17T11:30:00.000Z,193.22,193.22,193.22,193.22,0
2026-03-17T12:00:00.000Z,193.32,195.8088,192.11,194.42,0
2026-03-17T12:30:00.000Z,194.42,195,194.2,195,0
2026-03-17T13:00:00.000Z,195,196.05,194.53,195.93,0
2026-03-17T13:30:00.000Z,195.86500549316406,196.42999267578125,194.5,195.9199981689453,197279
2026-03-17T14:00:00.000Z,195.8800048828125,196.14999389648438,194.0500030517578,194.40499877929688,179442
2026-03-17T14:30:00.000Z,194.47000122070312,195.05999755859375,193.98500061035156,194.8800048828125,204293
2026-03-17T15:00:00.000Z,194.8300018310547,194.94000244140625,194.3800048828125,194.61000061035156,102432
2026-03-17T15:30:00.000Z,194.63999938964844,194.7100067138672,193.77000427246094,194,142153
2026-03-17T16:00:00.000Z,194.0050048828125,194.63999938964844,193.81500244140625,194.36500549316406,90654
2026-03-17T16:30:00.000Z,194.36500549316406,194.57989501953125,194.14500427246094,194.4149932861328,99021
2026-03-17T17:00:00.000Z,194.3249969482422,195.22000122070312,194.3000030517578,195.13999938964844,149814
2026-03-17T17:30:00.000Z,195.17999267578125,195.3800048828125,194.65499877929688,194.66000366210938,58500
2026-03-17T18:00:00.000Z,194.72000122070312,195.38999938964844,194.63999938964844,194.90040588378906,133625
2026-03-17T18:30:00.000Z,194.93499755859375,194.94000244140625,194.36000061035156,194.69000244140625,65152
2026-03-17T19:00:00.000Z,194.69000244140625,194.69000244140625,194.02999877929688,194.08999633789062,99589
2026-03-17T19:30:00.000Z,194.05999755859375,194.66000366210938,193.8699951171875,194.41000366210938,411183
2026-03-17T20:00:00.000Z,194.45,198,193.82,194.88,0
2026-03-17T20:30:00.000Z,194.46,194.53,194.45,194.53,0
2026-03-17T21:00:00.000Z,194.5,194.5,194.46,194.46,0
2026-03-17T22:00:00.000Z,194.39,194.39,194.3,194.3,0
2026-03-17T22:30:00.000Z,194.2,194.2,194.2,194.2,0
2026-03-17T23:00:00.000Z,194.07,194.85,194.07,194.85,0
2026-03-17T23:30:00.000Z,194.07,194.07,194.07,194.07,0
2026-03-18T08:00:00.000Z,196.97,209.01,196.97,209.01,0
2026-03-18T08:30:00.000Z,195.51,195.51,195.51,195.51,0
2026-03-18T09:00:00.000Z,195.86,196.19,195.86,196,0
2026-03-18T09:30:00.000Z,196.62,196.62,196,196,0
2026-03-18T10:00:00.000Z,195.82,196.1,195.68,196.1,0
2026-03-18T10:30:00.000Z,196.19,196.19,196.19,196.19,0
2026-03-18T11:00:00.000Z,196,196.38,195.87,196.34,0
2026-03-18T11:30:00.000Z,196.26,196.26,196,196.01,0
2026-03-18T12:00:00.000Z,196,207.806,194.45,195.3,0
2026-03-18T12:30:00.000Z,194,196,193.79,194.06,0
2026-03-18T13:00:00.000Z,193.86,195,193,194.97,0
2026-03-18T13:30:00.000Z,194.41000366210938,195.5399932861328,194.41000366210938,195.13499450683594,177572
2026-03-18T14:00:00.000Z,195.08999633789062,195.15989685058594,193.67999267578125,194.0500030517578,112182
2026-03-18T14:30:00.000Z,194.05999755859375,194.33200073242188,192.52999877929688,193.56500244140625,304695
2026-03-18T15:00:00.000Z,193.5850067138672,194.63999938964844,193.5500030517578,193.97000122070312,456844
2026-03-18T15:30:00.000Z,193.88999938964844,194.3874969482422,193.36000061035156,193.85000610351562,90877
2026-03-18T16:00:00.000Z,193.8350067138672,194.26499938964844,193.64999389648438,193.86000061035156,362776
2026-03-18T16:30:00.000Z,193.8300018310547,193.9499969482422,193.2200927734375,193.4199981689453,80513
2026-03-18T17:00:00.000Z,193.5198974609375,193.72509765625,193.1199951171875,193.60000610351562,77085
2026-03-18T17:30:00.000Z,193.61000061035156,194.2100067138672,193.16000366210938,193.16000366210938,60522
2026-03-18T18:00:00.000Z,193.2899932861328,193.53990173339844,192.61000061035156,193.0399932861328,160575
2026-03-18T18:30:00.000Z,193,193.0500030517578,191.66000366210938,191.8300018310547,196116
2026-03-18T19:00:00.000Z,191.80999755859375,192.1300048828125,191,191.11000061035156,254981
2026-03-18T19:30:00.000Z,191.07000732421875,191.5,190.5,190.7899932861328,772358
2026-03-18T20:00:00.000Z,190.79,191.34,190.27,190.99,0
2026-03-18T20:30:00.000Z,190.78,190.78,190.3276,190.7,0
2026-03-18T21:00:00.000Z,191,191,190.32,190.71,0
2026-03-18T21:30:00.000Z,190.99,194,190.6078,191.2,0
2026-03-18T22:00:00.000Z,190.77,193.9125,190.5,190.5,0
2026-03-18T22:30:00.000Z,190.5,190.8,190.27,190.6,0
2026-03-18T23:00:00.000Z,190.7693,190.98,190.7693,190.92,0
2026-03-18T23:30:00.000Z,190.62,191.6,190.62,190.66,0
2026-03-19T08:00:00.000Z,190.94,190.94,190.32,190.32,0
2026-03-19T08:30:00.000Z,190.32,190.38,190.09,190.35,0
2026-03-19T09:00:00.000Z,190.57,190.77,189.8,189.8,0
2026-03-19T09:30:00.000Z,189.97,191.27,189.8,191.2,0
2026-03-19T10:00:00.000Z,190.16,190.16,190.16,190.16,0
2026-03-19T10:30:00.000Z,191.08,191.08,191.08,191.08,0
2026-03-19T11:00:00.000Z,190.79,191.01,190,190,0
2026-03-19T11:30:00.000Z,190.31,190.31,190.31,190.31,0
2026-03-19T12:00:00.000Z,190,191.37,189.2812,190.02,0
2026-03-19T12:30:00.000Z,189.75,191,189.27,189.6,0
2026-03-19T13:00:00.000Z,189.33,190.24,187.17,188.03,0
2026-03-19T13:30:00.000Z,187.76499938964844,188.53500366210938,184.89999389648438,185.57699584960938,695875
2026-03-19T14:00:00.000Z,185.4824981689453,187.5,185.27999877929688,186.39999389648438,388799
2026-03-19T14:30:00.000Z,186.39999389648438,186.82000732421875,185.5,185.58999633789062,360480
2026-03-19T15:00:00.000Z,185.58999633789062,186.36000061035156,185.50999450683594,186.05499267578125,230564
2026-03-19T15:30:00.000Z,185.97999572753906,186.63999938964844,185.11749267578125,186.50999450683594,233114
2026-03-19T16:00:00.000Z,186.47999572753906,187.80990600585938,186.4199981689453,187.13999938964844,285987
2026-03-19T16:30:00.000Z,187.17999267578125,187.38999938964844,186.09500122070312,186.77000427246094,131602
2026-03-19T17:00:00.000Z,186.8000030517578,187.04510498046875,186.1199951171875,186.9149932861328,1767136
2026-03-19T17:30:00.000Z,186.9199981689453,187.25999450683594,186.39999389648438,186.6649932861328,104096
2026-03-19T18:00:00.000Z,186.6999969482422,187.25999450683594,186.4499969482422,186.88999938964844,139931
2026-03-19T18:30:00.000Z,186.9250030517578,187.86500549316406,186.39999389648438,187.67999267578125,146796
2026-03-19T19:00:00.000Z,187.74749755859375,189.99000549316406,187.7100067138672,189.24000549316406,239917
2026-03-19T19:30:00.000Z,189.24000549316406,189.3000030517578,188.0800018310547,188.24000549316406,567689
2026-03-19T20:00:00.000Z,188.29,189.35,187.5,188.72,0
2026-03-19T20:30:00.000Z,188.75,194.01,188.29,194.01,0
2026-03-19T21:00:00.000Z,188.72,189.2,188.69,189,0
2026-03-19T21:30:00.000Z,188.984,189.08,188.7,188.98,0
2026-03-19T22:00:00.000Z,189.08,189.3,188.74,189.3,0
2026-03-19T22:30:00.000Z,189.3,189.3,188.7,188.7,0
2026-03-19T23:00:00.000Z,188.7,188.7,188.7,188.7,0
2026-03-19T23:30:00.000Z,188.7,188.8485,188.69,188.8485,0
2026-03-20T08:00:00.000Z,188.49,188.51,188.49,188.51,0
2026-03-20T08:30:00.000Z,189.11,189.11,188.46,188.46,0
2026-03-20T09:00:00.000Z,188.62,188.63,187.22,187.22,0
2026-03-20T09:30:00.000Z,187.09,187.53,187.02,187.48,0
2026-03-20T10:00:00.000Z,187.49,187.55,187.01,187.2,0
2026-03-20T10:30:00.000Z,187.49,187.49,187.07,187.07,0
2026-03-20T11:00:00.000Z,188,188,188,188,0
2026-03-20T11:30:00.000Z,187.56,187.58,187.45,187.45,0
2026-03-20T12:00:00.000Z,197.5988,197.5988,187.07,187.53,0
2026-03-20T12:30:00.000Z,188.2321,188.2321,187.97,187.97,0
2026-03-20T13:00:00.000Z,187.96,188.85,187.54,188.09,0
2026-03-20T13:30:00.000Z,188.3800048828125,190.3300018310547,188.297607421875,189.19500732421875,1123636
2026-03-20T14:00:00.000Z,189.19500732421875,189.6999969482422,188.7550048828125,189.18499755859375,327060
2026-03-20T14:30:00.000Z,189.14999389648438,190,189.07000732421875,189.55999755859375,220226
2026-03-20T15:00:00.000Z,189.53500366210938,190.16000366210938,189.08999633789062,189.17999267578125,231420
2026-03-20T15:30:00.000Z,189.27999877929688,189.63999938964844,188.89999389648438,189.44000244140625,242270
2026-03-20T16:00:00.000Z,189.30499267578125,189.61000061035156,188.48500061035156,188.63609313964844,236718
2026-03-20T16:30:00.000Z,188.61500549316406,189.13499450683594,188.30999755859375,188.8800048828125,186419
2026-03-20T17:00:00.000Z,188.91000366210938,189.11000061035156,187.99009704589844,188.02999877929688,272418
2026-03-20T17:30:00.000Z,188.0500030517578,188.0800018310547,187.26010131835938,187.5399932861328,191775
2026-03-20T18:00:00.000Z,187.60000610351562,187.86000061035156,186.91000366210938,187.1999969482422,163563
2026-03-20T18:30:00.000Z,187.19000244140625,187.44000244140625,186.58999633789062,187.16000366210938,348075
2026-03-20T19:00:00.000Z,187.17999267578125,187.52000427246094,186.67999267578125,186.85000610351562,203715
2026-03-20T19:30:00.000Z,186.8800048828125,187.25,185.85000610351562,187.1999969482422,1198529
2026-03-20T20:00:00.000Z,187.2,188,184.69,187.19,0
2026-03-20T20:30:00.000Z,187.96,189,187.19,187.19,0
2026-03-20T21:00:00.000Z,187.97,188,187.51,187.52,0
2026-03-20T21:30:00.000Z,187.98,188,187.19,187.19,0
2026-03-20T22:00:00.000Z,188.75,189,188.5,189,0
2026-03-20T22:30:00.000Z,189.1,190.825,188.93,190.825,0
2026-03-20T23:00:00.000Z,189.29,189.29,188.86,189.15,0
2026-03-20T23:30:00.000Z,192,192,189.2679,189.2679,0
2026-03-23T08:00:00.000Z,186.77,186.77,186.13,186.13,0
2026-03-23T08:30:00.000Z,186.44,186.66,186.25,186.52,0
2026-03-23T09:00:00.000Z,186.47,186.64,186.31,186.64,0
2026-03-23T09:30:00.000Z,186.37,186.45,186.37,186.45,0
2026-03-23T10:00:00.000Z,186.45,186.62,186.45,186.55,0
2026-03-23T10:30:00.000Z,186.49,186.72,185.53,185.9,0
2026-03-23T11:00:00.000Z,186.16,195.98,186.02,193.98,0
2026-03-23T11:30:00.000Z,193.98,194.96,191,191.35,0
2026-03-23T12:00:00.000Z,186.83,194.99,185,192.18,0
2026-03-23T12:30:00.000Z,192.26,193.5,192.1304,192.8,0
2026-03-23T13:00:00.000Z,192.73,194.4,191.1,194.4,0
2026-03-23T13:30:00.000Z,194.5399932861328,194.97000122070312,189.07000732421875,190.77000427246094,843303
2026-03-23T14:00:00.000Z,190.85000610351562,191.4600067138672,190.41000366210938,191.4499969482422,326913
2026-03-23T14:30:00.000Z,191.5,191.63999938964844,190.35000610351562,191.3800048828125,436204
2026-03-23T15:00:00.000Z,191.33999633789062,192.28990173339844,191.33999633789062,191.92999267578125,283204
2026-03-23T15:30:00.000Z,192.02000427246094,192.22000122070312,189.94000244140625,190.1699981689453,205662
2026-03-23T16:00:00.000Z,190.02000427246094,190.8800048828125,189.22999572753906,189.2550048828125,213958
2026-03-23T16:30:00.000Z,189.2899932861328,190.1999969482422,189.2899932861328,190.0800018310547,152459
2026-03-23T17:00:00.000Z,190.13999938964844,190.44000244140625,189.55999755859375,190.03500366210938,201899
2026-03-23T17:30:00.000Z,189.99009704589844,190.9250030517578,189.9149932861328,190.27000427246094,129973
2026-03-23T18:00:00.000Z,190.2899932861328,190.3350067138672,189.6699981689453,189.85000610351562,122510
2026-03-23T18:30:00.000Z,189.89500427246094,190.7100067138672,189.6699981689453,189.91000366210938,383321
2026-03-23T19:00:00.000Z,189.8800048828125,190.1300048828125,189.60000610351562,189.71499633789062,283581
2026-03-23T19:30:00.000Z,189.64999389648438,189.75,188.42999267578125,188.61000061035156,1292885
2026-03-23T20:00:00.000Z,188.53,190.99,186.62,189.2,0
2026-03-23T20:30:00.000Z,188.63,189.2,188.55,188.55,0
2026-03-23T21:00:00.000Z,188.63,188.95,188,188.69,0
2026-03-23T21:30:00.000Z,188.96,188.96,188.55,188.55,0
2026-03-23T22:00:00.000Z,188.99,189.132,188.55,189.132,0
2026-03-23T22:30:00.000Z,188.88,189,188.8197,188.99,0
2026-03-23T23:00:00.000Z,188.79,189.25,188.79,189.25,0
2026-03-23T23:30:00.000Z,187.7662,189.6,187.7662,189.6,0
2026-03-24T08:30:00.000Z,188.63,188.63,188.63,188.63,0
2026-03-24T09:00:00.000Z,188.03,188.03,188.03,188.03,0
2026-03-24T09:30:00.000Z,188.37,188.37,188.37,188.37,0
2026-03-24T10:00:00.000Z,188.28,188.28,188.28,188.28,0
2026-03-24T11:30:00.000Z,188.52,188.58,187.58,187.58,0
2026-03-24T12:00:00.000Z,188.4,189,187.21,187.65,0
2026-03-24T12:30:00.000Z,187.5,187.86,187,187,0
2026-03-24T13:00:00.000Z,187,187.68,186.37,187.47,0
2026-03-24T13:30:00.000Z,187.39999389648438,192.5,187.39999389648438,192.35000610351562,465928
2026-03-24T14:00:00.000Z,192.27999877929688,196.39999389648438,192.27000427246094,193.7100067138672,947694
2026-03-24T14:30:00.000Z,193.63999938964844,194.3300018310547,192.2899932861328,193.92999267578125,394070
2026-03-24T15:00:00.000Z,194.30999755859375,196.2550048828125,194.30999755859375,195.55999755859375,248515
2026-03-24T15:30:00.000Z,195.5749969482422,195.75,194.51010131835938,194.77999877929688,162384
2026-03-24T16:00:00.000Z,194.83999633789062,195.17990112304688,194.3300018310547,194.3699951171875,138073
2026-03-24T16:30:00.000Z,194.47999572753906,194.52499389648438,193.88999938964844,194.39999389648438,108654
2026-03-24T17:00:00.000Z,194.52999877929688,194.52999877929688,193.25,194.4499969482422,217024
2026-03-24T17:30:00.000Z,194.4199981689453,194.74000549316406,193.72000122070312,193.97000122070312,139430
2026-03-24T18:00:00.000Z,194.00999450683594,194.74000549316406,193.72000122070312,194.6649932861328,138872
2026-03-24T18:30:00.000Z,194.65499877929688,195.97999572753906,194.52999877929688,195.57000732421875,498266
2026-03-24T19:00:00.000Z,195.56500244140625,196.01109313964844,195.32000732421875,195.32000732421875,220786
2026-03-24T19:30:00.000Z,195.30999755859375,195.52000427246094,194.02999877929688,194.6300048828125,730729
2026-03-24T20:00:00.000Z,194.63,200.27,194.63,198,0
2026-03-24T20:30:00.000Z,198.17,200.5,190.9531,190.9531,0
2026-03-24T21:00:00.000Z,196.3,196.99,196.3,196.71,0
2026-03-24T21:30:00.000Z,196.34,197,196.33,196.88,0
2026-03-24T22:00:00.000Z,197.79,197.9,196.59,196.62,0
2026-03-24T22:30:00.000Z,197.57,197.57,197,197.56,0
2026-03-24T23:00:00.000Z,197.5,198,197.46,197.78,0
2026-03-24T23:30:00.000Z,197.58,198,197.58,198,0
2026-03-25T08:00:00.000Z,196.46,196.46,196.46,196.46,0
2026-03-25T08:30:00.000Z,197.02,197.02,196.54,196.62,0
2026-03-25T09:30:00.000Z,196.76,196.77,196.75,196.75,0
2026-03-25T10:00:00.000Z,196.66,196.66,196.66,196.66,0
2026-03-25T11:00:00.000Z,197.11,197.15,196.57,197.15,0
2026-03-25T11:30:00.000Z,197.23,197.47,197.23,197.36,0
2026-03-25T12:00:00.000Z,200.45,200.85,194.63,196.93,0
2026-03-25T12:30:00.000Z,196.54,197.99,196,196.99,0
2026-03-25T13:00:00.000Z,196.99,197.99,196,197.81,0
2026-03-25T13:30:00.000Z,197.52000427246094,198.97000122070312,195.9550018310547,196.56500244140625,468321
2026-03-25T14:00:00.000Z,196.56500244140625,197.14120483398438,196.00999450683594,196.69000244140625,239761
2026-03-25T14:30:00.000Z,196.7100067138672,196.8385009765625,196.22999572753906,196.2899932861328,224245
2026-03-25T15:00:00.000Z,196.2899932861328,197.02999877929688,195.52000427246094,196.93499755859375,155671
2026-03-25T15:30:00.000Z,196.97999572753906,198.1199951171875,196.92999267578125,197.59500122070312,335339
2026-03-25T16:00:00.000Z,197.5399932861328,197.72999572753906,197.14500427246094,197.52999877929688,149390
2026-03-25T16:30:00.000Z,197.57000732421875,197.85000610351562,197.25999450683594,197.80999755859375,126877
2026-03-25T17:00:00.000Z,197.8300018310547,197.9199981689453,197.4149932861328,197.6199951171875,161759
2026-03-25T17:30:00.000Z,197.6199951171875,198.5,197.57000732421875,197.8699951171875,161014
2026-03-25T18:00:00.000Z,197.97000122070312,198.74000549316406,197.860107421875,198.7100067138672,210601
2026-03-25T18:30:00.000Z,198.77000427246094,198.86000061035156,197.33999633789062,197.47999572753906,197688
2026-03-25T19:00:00.000Z,197.47999572753906,197.47999572753906,196.72000122070312,196.77000427246094,245934
2026-03-25T19:30:00.000Z,196.67999267578125,197.11000061035156,196.4199981689453,196.8300018310547,588555
2026-03-25T20:00:00.000Z,196.83,197.88,196.73,196.77,0
2026-03-25T20:30:00.000Z,196.7,197,196.7,197,0
2026-03-25T21:00:00.000Z,197,197,195.7,196.77,0
2026-03-25T21:30:00.000Z,196.77,196.77,196.77,196.77,0
2026-03-25T22:00:00.000Z,195.9984,196,195.9984,196,0
2026-03-25T23:00:00.000Z,195.7,196.09,195.7,195.79,0
2026-03-25T23:30:00.000Z,195.79,196.1,195.79,195.9275,0
2026-03-26T08:30:00.000Z,196.33,196.98,195.41,195.41,0
2026-03-26T09:00:00.000Z,195.5,195.71,195.5,195.71,0
2026-03-26T11:00:00.000Z,195.64,195.71,195.64,195.64,0
2026-03-26T11:30:00.000Z,195.8,195.82,195.5,195.82,0
2026-03-26T12:00:00.000Z,194.75,200,194.15,197.1875,0
2026-03-26T12:30:00.000Z,195.22,196.09,195.1,196.09,0
2026-03-26T13:00:00.000Z,196.142,196.2,195.18,195.2907,0
2026-03-26T13:30:00.000Z,196.10000610351562,197.07000732421875,194.61500549316406,195.30999755859375,337833
2026-03-26T14:00:00.000Z,195.30499267578125,196.3498992919922,194.6300048828125,196.02499389648438,230672
2026-03-26T14:30:00.000Z,196.02999877929688,196.60000610351562,194.13999938964844,194.6199951171875,481386
2026-03-26T15:00:00.000Z,194.76499938964844,195.5,194.6699981689453,195.0399932861328,247263
2026-03-26T15:30:00.000Z,194.9801025390625,195.6199951171875,194.4499969482422,195.22999572753906,147182
2026-03-26T16:00:00.000Z,195.28500366210938,195.94000244140625,195.27000427246094,195.56500244140625,198019
2026-03-26T16:30:00.000Z,195.56500244140625,195.75999450683594,194.61500549316406,195.0800018310547,262305
2026-03-26T17:00:00.000Z,195.0500030517578,195.1999969482422,194.40499877929688,194.60000610351562,308428
2026-03-26T17:30:00.000Z,194.625,195.3300018310547,194.3300018310547,194.56500244140625,295955
2026-03-26T18:00:00.000Z,194.56500244140625,195.51739501953125,194.56500244140625,195.41000366210938,193086
2026-03-26T18:30:00.000Z,195.4499969482422,195.91000366210938,195.36000061035156,195.77499389648438,176336
2026-03-26T19:00:00.000Z,195.82000732421875,195.94000244140625,193.5,193.72999572753906,365425
2026-03-26T19:30:00.000Z,193.74000549316406,194,193,193.6699981689453,1274928
2026-03-26T20:00:00.000Z,193.41,195.45,193.41,195,0
2026-03-26T20:30:00.000Z,195,195,193.86,193.86,0
2026-03-26T21:00:00.000Z,194.87,195,193.41,194.31,0
2026-03-26T21:30:00.000Z,194.37,194.5,194.21,194.5,0
2026-03-26T22:00:00.000Z,194.21,194.29,194.12,194.12,0
2026-03-26T23:00:00.000Z,194.48,194.48,194.48,194.48,0
2026-03-26T23:30:00.000Z,194.47,194.47,193.21,193.21,0
2026-03-27T08:30:00.000Z,192.5,192.5,192.06,192.06,0
2026-03-27T09:00:00.000Z,192.32,192.32,192.06,192.06,0
2026-03-27T09:30:00.000Z,192.91,192.91,192.91,192.91,0
2026-03-27T10:30:00.000Z,192.38,192.38,192.15,192.15,0
2026-03-27T11:30:00.000Z,192.15,192.66,192.15,192.66,0
2026-03-27T12:00:00.000Z,203.2288,203.2288,186.29,193.4,0
2026-03-27T12:30:00.000Z,191.5,191.87,190,191.87,0
2026-03-27T13:00:00.000Z,191.999,193.39,191.7,191.7,0
2026-03-27T13:30:00.000Z,191.7100067138672,192.96499633789062,191.39999389648438,192.17999267578125,293404
2026-03-27T14:00:00.000Z,192.17999267578125,192.5800018310547,190.9199981689453,191.49000549316406,264776
2026-03-27T14:30:00.000Z,191.41000366210938,191.83999633789062,190.6501007080078,191.30999755859375,292195
2026-03-27T15:00:00.000Z,191.33999633789062,191.64500427246094,190.39999389648438,191.49000549316406,256545
2026-03-27T15:30:00.000Z,191.6300048828125,192.42999267578125,191.5399932861328,192.05499267578125,189549
2026-03-27T16:00:00.000Z,192.0050048828125,192.3800048828125,191.60000610351562,192.1999969482422,149280
2026-03-27T16:30:00.000Z,192.33999633789062,192.47500610351562,191.9199981689453,191.97000122070312,157859
2026-03-27T17:00:00.000Z,192.00999450683594,192.52000427246094,191.24000549316406,191.2449951171875,154632
2026-03-27T17:30:00.000Z,191.32000732421875,191.4600067138672,190.1699981689453,190.52000427246094,182378
2026-03-27T18:00:00.000Z,190.52000427246094,190.6199951171875,189.3300018310547,189.33999633789062,290236
2026-03-27T18:30:00.000Z,189.41000366210938,190.1300048828125,189.33999633789062,189.9600067138672,218722
2026-03-27T19:00:00.000Z,190,190.3300018310547,189.47999572753906,190.10000610351562,324213
2026-03-27T19:30:00.000Z,190.0399932861328,190.63999938964844,189.5449981689453,190.3300018310547,1306007
2026-03-27T20:00:00.000Z,190.33,191.9,189.2,190.3,0
2026-03-27T20:30:00.000Z,189.97,190.25,188.5457,190.23,0
2026-03-27T21:00:00.000Z,189.94,190.33,189.54,190.05,0
2026-03-27T22:00:00.000Z,190.3,190.3,190.1795,190.18,0
2026-03-30T08:00:00.000Z,190.1195,191.66,190.1195,191.66,0
2026-03-30T09:00:00.000Z,187.19,190,187.19,190,0
2026-03-30T10:00:00.000Z,189.13,189.24,187.362,188.92,0
2026-03-30T10:30:00.000Z,189.9,190.37,189.9,190.37,0
2026-03-30T11:00:00.000Z,190.37,193.6347,190.32,190.56,0
2026-03-30T11:30:00.000Z,190.52,191.7778,190.52,190.7211,0
2026-03-30T12:00:00.000Z,190.54,191.99,190.53,191.6369,0
2026-03-30T12:30:00.000Z,192,192,190.7812,190.7812,0
2026-03-30T13:00:00.000Z,191.24,192.4,190.69,192.27,0
2026-03-30T13:30:00.000Z,191.61000061035156,192.7100067138672,188.97999572753906,189.8800048828125,579093
2026-03-30T14:00:00.000Z,189.88999938964844,190.2899932861328,189.01499938964844,189.73500061035156,168803
2026-03-30T14:30:00.000Z,189.72999572753906,189.9550018310547,187.38999938964844,188.0449981689453,240459
2026-03-30T15:00:00.000Z,188.0399932861328,188.47000122070312,186.5399932861328,186.97250366210938,209835
2026-03-30T15:30:00.000Z,186.97500610351562,188.27999877929688,186.82000732421875,188.0500030517578,195034
2026-03-30T16:00:00.000Z,187.96499633789062,187.96499633789062,186.63499450683594,186.8800048828125,158275
2026-03-30T16:30:00.000Z,186.97500610351562,187.85000610351562,186.74000549316406,187.72500610351562,103660
2026-03-30T17:00:00.000Z,187.66000366210938,187.8800048828125,186.33999633789062,186.4208984375,202007
2026-03-30T17:30:00.000Z,186.58999633789062,187.66000366210938,186.39999389648438,187.3300018310547,174324
2026-03-30T18:00:00.000Z,187.36000061035156,187.50999450683594,186.22999572753906,186.52000427246094,241705
2026-03-30T18:30:00.000Z,186.52000427246094,186.8800048828125,186.1699981689453,186.3300018310547,211825
2026-03-30T19:00:00.000Z,186.3800048828125,186.39999389648438,185.25,185.25,291654
2026-03-30T19:30:00.000Z,185.31500244140625,186.6300048828125,184.94500732421875,186.38999938964844,1207681
2026-03-30T20:00:00.000Z,186.42,187.1,185,185.6001,0
2026-03-30T20:30:00.000Z,186.31,186.65,184.0001,186.5,0
2026-03-30T21:00:00.000Z,186.5311,186.5311,184.33,186.19,0
2026-03-30T21:30:00.000Z,186.86,186.86,186.1556,186.25,0
2026-03-30T22:00:00.000Z,186.69,186.7463,186.21,186.6,0
2026-03-30T22:30:00.000Z,186.693,186.693,186.3259,186.3259,0
2026-03-30T23:00:00.000Z,186.2,186.2,185.26,185.26,0
2026-03-30T23:30:00.000Z,186.1496,186.19,186.1496,186.19,0
2026-03-31T08:00:00.000Z,187.8245,188.98,186.42,188.62,0
2026-03-31T08:30:00.000Z,191.8925,191.8925,187.8075,187.8075,0
2026-03-31T09:30:00.000Z,188.05,188.05,188.05,188.05,0
2026-03-31T10:00:00.000Z,189.26,189.26,189.26,189.26,0
2026-03-31T10:30:00.000Z,188.98,188.98,187.8,187.84,0
2026-03-31T11:00:00.000Z,188.01,189.5834,187.3,188.2,0
2026-03-31T11:30:00.000Z,188.69,189.3,188.25,189.25,0
2026-03-31T12:00:00.000Z,189.05,189.8,188.39,189.69,0
2026-03-31T12:30:00.000Z,189.58,189.8,188.01,188.43,0
2026-03-31T13:00:00.000Z,188.44,190.69,188.25,190.06,0
2026-03-31T13:30:00.000Z,190.406005859375,191.39500427246094,189.35110473632812,191.11000061035156,479619
2026-03-31T14:00:00.000Z,191.02000427246094,191.2100067138672,189.1699981689453,189.8000030517578,213127
2026-03-31T14:30:00.000Z,189.7550048828125,189.7550048828125,188.47000122070312,189.10000610351562,160159
2026-03-31T15:00:00.000Z,189.06500244140625,191.30499267578125,189.06500244140625,190.6699981689453,246796
2026-03-31T15:30:00.000Z,190.57000732421875,190.9499969482422,190.11000061035156,190.1699981689453,100063
2026-03-31T16:00:00.000Z,190.1522979736328,190.77000427246094,189.97569274902344,190.47000122070312,131277
2026-03-31T16:30:00.000Z,190.39999389648438,193.6699981689453,190.33999633789062,192.00999450683594,230585
2026-03-31T17:00:00.000Z,191.9600067138672,192.77000427246094,191.74000549316406,192.1800994873047,230891
2026-03-31T17:30:00.000Z,192.27000427246094,193.33999633789062,192.25999450683594,193,365058
2026-03-31T18:00:00.000Z,192.99099731445312,193.9669952392578,192.99099731445312,193.72000122070312,236204
2026-03-31T18:30:00.000Z,193.72000122070312,194.1199951171875,193.44000244140625,193.7949981689453,249026
2026-03-31T19:00:00.000Z,193.82000732421875,194.1199951171875,193.47000122070312,193.7899932861328,398466
2026-03-31T19:30:00.000Z,193.78500366210938,194.55499267578125,193.2100067138672,194.1199951171875,1288814
2026-03-31T20:00:00.000Z,194.14,195.5604,193.21,194.14,0
2026-03-31T20:30:00.000Z,194.14,196.01,194.14,194.14,0
2026-03-31T21:00:00.000Z,194.14,194.14,193.6,193.96,0
2026-03-31T21:30:00.000Z,193.66,194.14,190.103,194.14,0
2026-03-31T22:00:00.000Z,193.8,194.01,193.5,193.5,0
2026-03-31T22:30:00.000Z,196,196,196,196,0
2026-03-31T23:00:00.000Z,194.4,194.4,194.4,194.4,0
2026-03-31T23:30:00.000Z,194.49,197.9988,194.49,197.9988,0
2026-04-01T08:00:00.000Z,194.14,197.25,192.68,197.25,0
2026-04-01T08:30:00.000Z,195.08,195.41,194.76,194.94,0
2026-04-01T09:00:00.000Z,195.41,195.41,194.78,195,0
2026-04-01T09:30:00.000Z,195,195,195,195,0
2026-04-01T10:00:00.000Z,194.76,194.8,194.76,194.8,0
2026-04-01T10:30:00.000Z,194.8,195.43,194.8,195.43,0
2026-04-01T11:00:00.000Z,194.14,195.54,194.14,195.51,0
2026-04-01T11:30:00.000Z,195.51,196,195.51,196,0
2026-04-01T12:00:00.000Z,196,196,194.53,194.56,0
2026-04-01T12:30:00.000Z,195.5,196.44,194.53,194.59,0
2026-04-01T13:00:00.000Z,194.61,195.56,194.3,194.52,0
2026-04-01T13:30:00.000Z,194.58999633789062,196.99000549316406,194.38999938964844,196.8800048828125,388894
2026-04-01T14:00:00.000Z,196.97999572753906,197.25999450683594,195.6999969482422,196.1199951171875,257063
2026-04-01T14:30:00.000Z,196.0050048828125,197.17999267578125,195.85000610351562,196.74000549316406,199203
2026-04-01T15:00:00.000Z,196.75,197.08999633789062,196.31370544433594,196.5,160891
2026-04-01T15:30:00.000Z,196.4499969482422,197.17999267578125,195.89999389648438,196.16000366210938,172219
2026-04-01T16:00:00.000Z,196.08999633789062,196.77000427246094,195.9600067138672,196.57000732421875,154426
2026-04-01T16:30:00.000Z,196.6300048828125,196.98500061035156,196.3209991455078,196.98500061035156,129628
2026-04-01T17:00:00.000Z,196.98500061035156,197.0500030517578,196.5050048828125,196.57000732421875,247762
2026-04-01T17:30:00.000Z,196.6199951171875,196.8800048828125,196.22000122070312,196.22000122070312,124391
2026-04-01T18:00:00.000Z,196.24000549316406,196.24000549316406,195.05999755859375,195.3000030517578,258811
2026-04-01T18:30:00.000Z,195.2899932861328,195.60000610351562,194.74000549316406,195.0449981689453,160953
2026-04-01T19:00:00.000Z,195.0449981689453,195.8800048828125,194.8800048828125,195.64999389648438,166994
2026-04-01T19:30:00.000Z,195.60000610351562,196.52999877929688,195.125,196.3000030517578,1008661
2026-04-01T20:00:00.000Z,196.29,197.1,195.38,196.17,0
2026-04-01T20:30:00.000Z,196.3,196.3,195.4,196.08,0
2026-04-01T21:00:00.000Z,196.77,196.77,195.94,195.96,0
2026-04-01T21:30:00.000Z,195.87,197.1,195.87,196.3,0
2026-04-01T22:00:00.000Z,196.3,196.3,196.3,196.3,0
2026-04-01T22:30:00.000Z,196.1,196.1,195.9919,195.9919,0
2026-04-01T23:00:00.000Z,196.08,196.1,196.04,196.1,0
2026-04-01T23:30:00.000Z,196.04,196.1,196.04,196.1,0
2026-04-02T08:00:00.000Z,196.3,196.3,192.11,193.12,0
2026-04-02T09:00:00.000Z,193,193.94,193,193.94,0
2026-04-02T09:30:00.000Z,192.11,192.11,192.11,192.11,0
2026-04-02T11:00:00.000Z,189.0101,193.25,189.0101,193.25,0
2026-04-02T11:30:00.000Z,192.11,193.7547,192.11,192.23,0
2026-04-02T12:00:00.000Z,192.62,196.3,191.99,196.3,0
2026-04-02T12:30:00.000Z,192.79,192.79,192.0717,192.0717,0
2026-04-02T13:00:00.000Z,192.0941,193.72,191.79,191.91,0
2026-04-02T13:30:00.000Z,192.5500030517578,193.47000122070312,191,193.2100067138672,397459
2026-04-02T14:00:00.000Z,193.33999633789062,193.38999938964844,192.0200958251953,192.3800048828125,213972
2026-04-02T14:30:00.000Z,192.30999755859375,196.06500244140625,192.2449951171875,194.82989501953125,210659
2026-04-02T15:00:00.000Z,194.72000122070312,195.47000122070312,193.91000366210938,194.5399932861328,144842
2026-04-02T15:30:00.000Z,194.19000244140625,194.74000549316406,193.77000427246094,194.02999877929688,149914
2026-04-02T16:00:00.000Z,194.01499938964844,194.3000030517578,193.2899932861328,193.60000610351562,112184
2026-04-02T16:30:00.000Z,193.56500244140625,194.25999450683594,193.4499969482422,193.6999969482422,193320
2026-04-02T17:00:00.000Z,193.6824951171875,194.11000061035156,193.47999572753906,193.8699951171875,80450
2026-04-02T17:30:00.000Z,193.8699951171875,193.9499053955078,192.57000732421875,193.25,154581
2026-04-02T18:00:00.000Z,193.32000732421875,193.82000732421875,193.19000244140625,193.50999450683594,97599
2026-04-02T18:30:00.000Z,193.39999389648438,194.32000732421875,193.3800048828125,194.14999389648438,95032
2026-04-02T19:00:00.000Z,194.16000366210938,194.73500061035156,194.16000366210938,194.7100067138672,130852
2026-04-02T19:30:00.000Z,194.6999969482422,195.35000610351562,194.61000061035156,194.89999389648438,502327
2026-04-02T20:00:00.000Z,194.87,195.38,194.85,194.87,0
2026-04-02T20:30:00.000Z,191.11,195,191.11,194.7797,0
2026-04-02T21:00:00.000Z,195,195,194.69,194.69,0
2026-04-02T21:30:00.000Z,194.87,194.87,194.69,194.69,0
2026-04-02T22:00:00.000Z,194.85,194.86,194.52,194.79,0
2026-04-02T22:30:00.000Z,194.48,194.48,194.48,194.48,0
2026-04-02T23:00:00.000Z,194.52,194.52,194.34,194.34,0
2026-04-06T08:00:00.000Z,183.9812,195.6,183.9812,195.11,0
2026-04-06T08:30:00.000Z,195.16,201,194.78,195.79,0
2026-04-06T09:00:00.000Z,197.9,197.9,194.1,194.1,0
2026-04-06T09:30:00.000Z,197.9,197.9,194.1,194.76,0
2026-04-06T10:30:00.000Z,194.76,194.92,194.25,194.25,0
2026-04-06T11:00:00.000Z,194.5,197.9,194.1,195.28,0
2026-04-06T11:30:00.000Z,195.2,195.2,194.5,194.95,0
2026-04-06T12:00:00.000Z,194.75,195.37,194.46,194.46,0
2026-04-06T12:30:00.000Z,194.98,196.5,194.6,196.5,0
2026-04-06T13:00:00.000Z,194.65,196.76,194.64,196.76,0
2026-04-06T13:30:00.000Z,196.99000549316406,198.17999267578125,195.9001007080078,197.6699981689453,379931
2026-04-06T14:00:00.000Z,197.63499450683594,198.2899932861328,196.1199951171875,198.13499450683594,387027
2026-04-06T14:30:00.000Z,198.13999938964844,198.72500610351562,197.1999969482422,197.27000427246094,209891
2026-04-06T15:00:00.000Z,197.25,197.8699951171875,197.1699981689453,197.57000732421875,316472
2026-04-06T15:30:00.000Z,197.52499389648438,198.25,197.2100067138672,198.25,242836
2026-04-06T16:00:00.000Z,198.27999877929688,198.3800048828125,197.52499389648438,197.69000244140625,166740
2026-04-06T16:30:00.000Z,197.66000366210938,197.77999877929688,197.3300018310547,197.44000244140625,115427
2026-04-06T17:00:00.000Z,197.44000244140625,197.57000732421875,196.63499450683594,197.39500427246094,111081
2026-04-06T17:30:00.000Z,197.32000732421875,197.639892578125,197.07000732421875,197.2899932861328,97023
2026-04-06T18:00:00.000Z,197.2100067138672,198.55999755859375,197.16000366210938,198.4550018310547,326310
2026-04-06T18:30:00.000Z,198.4550018310547,198.8300018310547,197.89999389648438,197.97999572753906,222396
2026-04-06T19:00:00.000Z,198.00999450683594,198.0800018310547,197.78500366210938,198,168490
2026-04-06T19:30:00.000Z,197.9600067138672,199.55999755859375,197.9600067138672,199.41000366210938,544288
2026-04-06T20:00:00.000Z,199.42,199.91,199,199.42,0
2026-04-06T20:30:00.000Z,199.37,199.7,199.37,199.43,0
2026-04-06T21:00:00.000Z,199.45,199.8872,199.0227,199.18,0
2026-04-06T22:00:00.000Z,199.91,199.91,199.1,199.1964,0
2026-04-06T22:30:00.000Z,199.11,199.48,199.11,199.14,0
2026-04-06T23:00:00.000Z,199.5,199.5,199.027,199.42,0
2026-04-06T23:30:00.000Z,199.42,199.42,199.1,199.1,0
2026-04-07T08:00:00.000Z,195.8512,199.42,195.8512,197.8,0
2026-04-07T09:30:00.000Z,198,199.01,198,199.01,0
2026-04-07T10:00:00.000Z,199.01,199.01,198.28,198.28,0
2026-04-07T10:30:00.000Z,198.26,198.26,197.8,197.8,0
2026-04-07T11:00:00.000Z,198.82,198.82,196.71,197.2011,0
2026-04-07T12:00:00.000Z,197.7,199.8,197.61,197.94,0
2026-04-07T12:30:00.000Z,198,199.7227,196.875,197.03,0
2026-04-07T13:00:00.000Z,198.04,198.59,197.25,198,0
2026-04-07T13:30:00.000Z,198.50999450683594,198.50999450683594,196.0500030517578,196.36000061035156,378950
2026-04-07T14:00:00.000Z,196.33999633789062,196.7899932861328,195.46299743652344,196.3249969482422,202305
2026-04-07T14:30:00.000Z,196.3249969482422,197.3000030517578,196.1699981689453,196.63999938964844,229526
2026-04-07T15:00:00.000Z,196.57000732421875,197.6199951171875,196.1999969482422,197.17999267578125,162503
2026-04-07T15:30:00.000Z,197.1750030517578,197.99000549316406,196.7899932861328,197.68499755859375,134316
2026-04-07T16:00:00.000Z,197.68499755859375,199.02999877929688,197.67999267578125,198.69500732421875,184435
2026-04-07T16:30:00.000Z,198.5800018310547,199.2050018310547,198.4949951171875,198.9199981689453,181700
2026-04-07T17:00:00.000Z,198.7899932861328,199.19000244140625,198.1199951171875,198.19000244140625,111045
2026-04-07T17:30:00.000Z,198.25,199.16000366210938,198.16029357910156,198.77499389648438,108781
2026-04-07T18:00:00.000Z,198.85000610351562,199.10000610351562,198.75,199.0500030517578,254702
2026-04-07T18:30:00.000Z,199.10000610351562,199.26499938964844,197.88999938964844,198.04710388183594,260028
2026-04-07T19:00:00.000Z,198.05499267578125,199.75999450683594,197.84249877929688,199.13999938964844,149631
2026-04-07T19:30:00.000Z,199.02000427246094,200.2100067138672,198.68499755859375,199.72000122070312,803576
2026-04-07T20:00:00.000Z,199.735,200.5,197.08,197.08,0
2026-04-07T20:30:00.000Z,200,200.7,199.77,199.77,0
2026-04-07T21:00:00.000Z,200.48,200.5,200.03,200.03,0
2026-04-07T21:30:00.000Z,200.13,200.4,199.73,199.73,0
2026-04-07T22:00:00.000Z,200.45,201.9985,200.1,201.4492,0
2026-04-07T22:30:00.000Z,202.14,204,200.61,203.8,0
2026-04-07T23:00:00.000Z,203.85,208.44,203.8,207.06,0
2026-04-07T23:30:00.000Z,207.23,207.62,205.61,206.01,0
2026-04-08T08:00:00.000Z,205.7507,209.9988,199.735,207,0
2026-04-08T08:30:00.000Z,207.28,209.5,207,207.15,0
2026-04-08T09:00:00.000Z,207.75,209,207.75,209,0
2026-04-08T09:30:00.000Z,207.55,207.55,207,207,0
2026-04-08T10:00:00.000Z,207.2613,207.4,207.23,207.23,0
2026-04-08T10:30:00.000Z,207.75,208.04,207,208.025,0
2026-04-08T11:00:00.000Z,208,209,207.1417,207.89,0
2026-04-08T11:30:00.000Z,207.9,208.26,207.21,207.23,0
2026-04-08T12:00:00.000Z,207.8989,208,206.98,207.1,0
2026-04-08T12:30:00.000Z,207.97,207.97,206.8742,206.8742,0
2026-04-08T13:00:00.000Z,206.68,208.5,205.39,207.06,0
2026-04-08T13:30:00.000Z,206.6699981689453,209.52999877929688,206.16000366210938,206.27000427246094,1015534
2026-04-08T14:00:00.000Z,206.38499450683594,207.8800048828125,206.26499938964844,207.5800018310547,483594
2026-04-08T14:30:00.000Z,207.72999572753906,208.0399932861328,206.6999969482422,207.11000061035156,291799
2026-04-08T15:00:00.000Z,207.13999938964844,208.27000427246094,207.07000732421875,207.58009338378906,389255
2026-04-08T15:30:00.000Z,207.6999969482422,209.05999755859375,207.50999450683594,208.75,276058
2026-04-08T16:00:00.000Z,208.75,208.9600067138672,207.22000122070312,207.4600067138672,348137
2026-04-08T16:30:00.000Z,207.50999450683594,207.67999267578125,206.44000244140625,206.6300048828125,253156
2026-04-08T17:00:00.000Z,206.6999969482422,207.2949981689453,206.51499938964844,206.6699981689453,306273
2026-04-08T17:30:00.000Z,206.59500122070312,207.47999572753906,206.33999633789062,207.24000549316406,234613
2026-04-08T18:00:00.000Z,207.1999969482422,208.0500030517578,207.13999938964844,207.9499969482422,284324
2026-04-08T18:30:00.000Z,207.99000549316406,208.2899932861328,206.88999938964844,206.9199981689453,274624
2026-04-08T19:00:00.000Z,206.85000610351562,208.13499450683594,206.83999633789062,207.64500427246094,367774
2026-04-08T19:30:00.000Z,207.69000244140625,209.64999389648438,207.69000244140625,208.91000366210938,1069312
2026-04-08T20:00:00.000Z,208.96,210,194.59,209.15,0
2026-04-08T20:30:00.000Z,209.15,209.15,206,208.4,0
2026-04-08T21:00:00.000Z,208.925,209,207.5,209,0
2026-04-08T21:30:00.000Z,207.9,208.7,207.795,208.7,0
2026-04-08T22:00:00.000Z,208.9,208.9,208.68,208.68,0
2026-04-08T22:30:00.000Z,208.68,208.68,208.5997,208.68,0
2026-04-08T23:00:00.000Z,208.05,208.89,206.59,208.68,0
2026-04-08T23:30:00.000Z,206.59,208.88,206.59,208.68,0
2026-04-09T08:00:00.000Z,210.279,211.4,208.5,210.68,0
2026-04-09T08:30:00.000Z,211.6998,211.6998,210.7,210.7,0
2026-04-09T09:00:00.000Z,210.4,210.7687,210.4,210.7687,0
2026-04-09T09:30:00.000Z,211.06,211.06,211.06,211.06,0
2026-04-09T10:00:00.000Z,211.5,211.98,211.0985,211.42,0
2026-04-09T10:30:00.000Z,211.5,212.9988,211.5,212,0
2026-04-09T11:00:00.000Z,212,213,211.51,211.64,0
2026-04-09T11:30:00.000Z,211.64,213,211.55,211.55,0
2026-04-09T12:00:00.000Z,212,212.5,211.55,211.74,0
2026-04-09T12:30:00.000Z,212.5,212.5,211.55,212.336,0
2026-04-09T13:00:00.000Z,212.27,213.13,211.58,212.19,0
2026-04-09T13:30:00.000Z,212.56500244140625,213.67999267578125,210.8800048828125,213.5800018310547,486429
2026-04-09T14:00:00.000Z,213.5749969482422,214.8800048828125,213.43499755859375,213.7550048828125,437046
2026-04-09T14:30:00.000Z,213.7899932861328,214.22999572753906,213.5500030517578,214.13499450683594,283667
2026-04-09T15:00:00.000Z,214.11000061035156,214.52000427246094,213.60000610351562,214.33999633789062,273833
2026-04-09T15:30:00.000Z,214.33999633789062,215.58999633789062,214.27000427246094,215.35000610351562,362909
2026-04-09T16:00:00.000Z,215.27000427246094,215.60000610351562,214.5500030517578,214.8000030517578,198536
2026-04-09T16:30:00.000Z,214.7949981689453,215.3000030517578,214.6300048828125,214.96499633789062,165773
2026-04-09T17:00:00.000Z,214.91000366210938,215.92999267578125,214.90499877929688,215.32000732421875,190566
2026-04-09T17:30:00.000Z,215.25,215.69500732421875,215.10000610351562,215.60000610351562,122377
2026-04-09T18:00:00.000Z,215.6199951171875,215.72000122070312,214.64439392089844,214.8800048828125,201134
2026-04-09T18:30:00.000Z,214.8800048828125,214.89999389648438,214.49000549316406,214.49000549316406,207880
2026-04-09T19:00:00.000Z,214.52000427246094,215.36500549316406,214.4600067138672,215.10000610351562,331182
2026-04-09T19:30:00.000Z,215.16990661621094,215.72500610351562,214.75,214.9199981689453,744097
2026-04-09T20:00:00.000Z,214.98,216,214.53,215.27,0
2026-04-09T20:30:00.000Z,214.98,216,214.98,215.01,0
2026-04-09T21:00:00.000Z,215.01,215.9999,214.5,214.5,0
2026-04-09T21:30:00.000Z,214.99,215.05,214.54,214.54,0
2026-04-09T22:00:00.000Z,214.54,216.5,214.38,215.19,0
2026-04-09T22:30:00.000Z,215,215.18,214.38,214.97,0
2026-04-09T23:00:00.000Z,214.97,216.5,214.7075,216.5,0
2026-04-09T23:30:00.000Z,216.447,216.447,214.51,214.51,0
2026-04-10T08:00:00.000Z,215.023,215.023,213.57,213.59,0
2026-04-10T08:30:00.000Z,213.59,213.59,213.48,213.48,0
2026-04-10T09:00:00.000Z,213.5,213.98,213.5,213.98,0
2026-04-10T09:30:00.000Z,213.98,217.97,213.57,217.97,0
2026-04-10T10:00:00.000Z,214.65,214.79,213.78,213.78,0
2026-04-10T10:30:00.000Z,214.9,216.65,214.9,216.65,0
2026-04-10T11:00:00.000Z,214.4705,215.3,214.4705,215.3,0
2026-04-10T11:30:00.000Z,214.97,215.76,214.97,215.7,0
2026-04-10T12:00:00.000Z,214.98,216.5,214.98,214.99,0
2026-04-10T12:30:00.000Z,216.5,216.5,214.99,215.18,0
2026-04-10T13:00:00.000Z,215.2019,217.95,215.2019,216.12,0
2026-04-10T13:30:00.000Z,216.3800048828125,217.31500244140625,215.77000427246094,216.03500366210938,369692
2026-04-10T14:00:00.000Z,215.9199981689453,215.947998046875,214,215.13999938964844,166530
2026-04-10T14:30:00.000Z,215.09500122070312,215.35000610351562,214.10000610351562,214.19500732421875,172539
2026-04-10T15:00:00.000Z,214.19000244140625,214.58999633789062,213.9199981689453,214.27000427246094,231852
2026-04-10T15:30:00.000Z,214.33999633789062,215.4499969482422,214.33999633789062,215.02999877929688,393404
2026-04-10T16:00:00.000Z,214.99659729003906,215.5399932861328,214.57000732421875,214.66000366210938,272299
2026-04-10T16:30:00.000Z,214.65499877929688,215.0399932861328,214.3249969482422,214.80999755859375,109419
2026-04-10T17:00:00.000Z,214.86000061035156,214.92999267578125,214.42999267578125,214.75999450683594,90285
2026-04-10T17:30:00.000Z,214.75,215.38999938964844,214.72500610351562,215.36500549316406,84428
2026-04-10T18:00:00.000Z,215.39999389648438,215.72000122070312,215.0540008544922,215.3699951171875,113480
2026-04-10T18:30:00.000Z,215.4199981689453,215.6199951171875,215.19000244140625,215.47999572753906,108128
2026-04-10T19:00:00.000Z,215.49000549316406,215.66000366210938,215.07000732421875,215.5500030517578,195089
2026-04-10T19:30:00.000Z,215.52999877929688,215.5399932861328,214.48500061035156,214.64999389648438,726619
2026-04-10T20:00:00.000Z,214.73,215.28,212.52,212.52,0
2026-04-10T20:30:00.000Z,214.87,215.69,214.5,215.6,0
2026-04-10T21:00:00.000Z,214.73,215.08,212.52,214.73,0
2026-04-10T21:30:00.000Z,214.73,215.1,214.5137,215.1,0
2026-04-10T22:00:00.000Z,214.75,215.15,214.75,214.95,0
2026-04-10T22:30:00.000Z,214.95,214.95,214.95,214.95,0
2026-04-10T23:00:00.000Z,215.74,215.74,215.73,215.73,0
2026-04-10T23:30:00.000Z,215.73,215.73,215.73,215.73,0
2026-04-13T08:00:00.000Z,212.5862,214.56,212,213.93,0
2026-04-13T08:30:00.000Z,213.19,213.34,213.19,213.34,0
2026-04-13T09:00:00.000Z,213.21,213.3669,213.2,213.3669,0
2026-04-13T09:30:00.000Z,213.42,213.58,213.26,213.26,0
2026-04-13T10:00:00.000Z,211.84,213.03,210.0233,213,0
2026-04-13T10:30:00.000Z,213.697,213.697,209.68,212.99,0
2026-04-13T11:00:00.000Z,213.4,213.7569,212.53,212.53,0
2026-04-13T11:30:00.000Z,212.6682,213.16,212.6682,213.16,0
2026-04-13T12:00:00.000Z,212.6024,213.4,212.6024,213,0
2026-04-13T12:30:00.000Z,213.21,215.51,197.0731,212.57,0
2026-04-13T13:00:00.000Z,213.0159,214.01,212.57,214.01,0
2026-04-13T13:30:00.000Z,213,214.3699951171875,212.6699981689453,213.50999450683594,349976
2026-04-13T14:00:00.000Z,213.4199981689453,213.889892578125,212.25,213.49000549316406,182655
2026-04-13T14:30:00.000Z,213.4709930419922,213.58999633789062,212.7899932861328,212.8699951171875,211774
2026-04-13T15:00:00.000Z,212.83999633789062,213.3699951171875,212.11000061035156,213.10989379882812,305890
2026-04-13T15:30:00.000Z,213.0399932861328,213.22000122070312,212.88999938964844,213.05999755859375,153126
2026-04-13T16:00:00.000Z,213.07000732421875,214.44000244140625,212.85000610351562,214.3300018310547,196047
2026-04-13T16:30:00.000Z,214.27999877929688,215.3800048828125,214.25999450683594,215.05999755859375,164382
2026-04-13T17:00:00.000Z,215.0800018310547,215.25,214.58999633789062,214.92999267578125,153439
2026-04-13T17:30:00.000Z,214.89999389648438,215.1999969482422,214.80999755859375,215.05499267578125,181669
2026-04-13T18:00:00.000Z,215.05499267578125,215.6649932861328,215.05499267578125,215.61000061035156,154306
2026-04-13T18:30:00.000Z,215.60000610351562,216.39500427246094,215.60000610351562,215.83999633789062,210135
2026-04-13T19:00:00.000Z,215.80499267578125,216.5,215.7100067138672,216.1999969482422,188685
2026-04-13T19:30:00.000Z,216.1999969482422,217.1999969482422,216.14999389648438,216.69000244140625,786571
2026-04-13T20:00:00.000Z,216.71,216.71,215,216.71,0
2026-04-13T20:30:00.000Z,216.72,218,214,214,0
2026-04-13T21:00:00.000Z,217.4,218,216.82,216.82,0
2026-04-13T21:30:00.000Z,218,218,216.71,216.73,0
2026-04-13T22:00:00.000Z,216.81,218,216.81,217.08,0
2026-04-13T22:30:00.000Z,217.08,217.08,216.71,217,0
2026-04-13T23:00:00.000Z,217.24,217.9,216.81,217.36,0
2026-04-13T23:30:00.000Z,217.06,218,216.72,218,0
2026-04-14T08:00:00.000Z,216.71,217.29,213.582,216.13,0
2026-04-14T08:30:00.000Z,216.01,216.75,216.01,216.36,0
2026-04-14T09:00:00.000Z,216.37,216.71,216.17,216.71,0
2026-04-14T09:30:00.000Z,216,216.75,216,216.05,0
2026-04-14T10:00:00.000Z,218.581,218.581,211.6012,211.6012,0
2026-04-14T10:30:00.000Z,215.21,215.21,213.4923,213.4923,0
2026-04-14T11:00:00.000Z,216.71,217.9,215.98,215.98,0
2026-04-14T11:30:00.000Z,216.7565,218,214.5255,216.71,0
2026-04-14T12:00:00.000Z,217,218,216.01,216.29,0
2026-04-14T12:30:00.000Z,216.15,216.75,215.25,215.25,0
2026-04-14T13:00:00.000Z,215.25,217.5,215.25,216.96,0
2026-04-14T13:30:00.000Z,217.19000244140625,217.75,214.8238983154297,215.33999633789062,341675
2026-04-14T14:00:00.000Z,215.24000549316406,215.7899932861328,214.4199981689453,214.7449951171875,308934
2026-04-14T14:30:00.000Z,214.72999572753906,216.72999572753906,214.35000610351562,216.64999389648438,160661
2026-04-14T15:00:00.000Z,216.67999267578125,217.22999572753906,216.3800048828125,217.13999938964844,162101
2026-04-14T15:30:00.000Z,217.19000244140625,217.5800018310547,216.97999572753906,217.0399932861328,215577
2026-04-14T16:00:00.000Z,217.02999877929688,217.11000061035156,216.31080627441406,216.4250030517578,99522
2026-04-14T16:30:00.000Z,216.41000366210938,216.6999053955078,216.17999267578125,216.35499572753906,135334
2026-04-14T17:00:00.000Z,216.3800048828125,217.0500030517578,216.27999877929688,216.94500732421875,111664
2026-04-14T17:30:00.000Z,216.97999572753906,217.28500366210938,216.94000244140625,217.2843017578125,132275
2026-04-14T18:00:00.000Z,217.28500366210938,217.75,217.25,217.74000549316406,135665
2026-04-14T18:30:00.000Z,217.72999572753906,218.8800048828125,217.64999389648438,218.57000732421875,197088
2026-04-14T19:00:00.000Z,218.58999633789062,219.4250030517578,218.39999389648438,219.24000549316406,306498
2026-04-14T19:30:00.000Z,219.1999969482422,219.25999450683594,218.61000061035156,218.86000061035156,1110537
2026-04-14T20:00:00.000Z,218.87,218.87,217.5501,218.7,0
2026-04-14T20:30:00.000Z,218.793,220,218.793,218.85,0
2026-04-14T21:00:00.000Z,218.91,220,218.85,218.85,0
2026-04-14T21:30:00.000Z,218.86,219.9988,218.85,218.85,0
2026-04-14T22:00:00.000Z,218.86,219.99,218.85,219.35,0
2026-04-14T23:00:00.000Z,219.29,219.29,219.29,219.29,0
2026-04-14T23:30:00.000Z,219.29,219.29,218.87,218.87,0
2026-04-15T08:00:00.000Z,218.87,219.03,218.39,218.63,0
2026-04-15T08:30:00.000Z,218.37,218.98,218.37,218.98,0
2026-04-15T09:00:00.000Z,217.06,222,217.06,219,0
2026-04-15T09:30:00.000Z,220,220,217.5,217.5,0
2026-04-15T10:00:00.000Z,217.06,220,217.06,217.06,0
2026-04-15T10:30:00.000Z,217.3864,217.3864,217.3864,217.3864,0
2026-04-15T11:00:00.000Z,218.28,219.3414,217,218.35,0
2026-04-15T11:30:00.000Z,218.36,218.83,217,217,0
2026-04-15T12:00:00.000Z,217.0771,218.4,217.0771,217.564,0
2026-04-15T12:30:00.000Z,218.4,218.4,217,217,0
2026-04-15T13:00:00.000Z,217.56,218.81,217,217.01,0
2026-04-15T13:30:00.000Z,217.25,218.30499267578125,213.66000366210938,214.64999389648438,402106
2026-04-15T14:00:00.000Z,214.72000122070312,215.18499755859375,214.00999450683594,215,196483
2026-04-15T14:30:00.000Z,215.02999877929688,215.8350067138672,214.65499877929688,214.9199981689453,196465
2026-04-15T15:00:00.000Z,215.01499938964844,215.01499938964844,214.10000610351562,214.2100067138672,220032
2026-04-15T15:30:00.000Z,214.1595001220703,214.5500030517578,213.77000427246094,213.92999267578125,177184
2026-04-15T16:00:00.000Z,213.92999267578125,214.06500244140625,213.48500061035156,213.49000549316406,116112
2026-04-15T16:30:00.000Z,213.5399932861328,213.8000030517578,211.6999969482422,212.85000610351562,257299
2026-04-15T17:00:00.000Z,212.69000244140625,213.44000244140625,212.44000244140625,213.0800018310547,114735
2026-04-15T17:30:00.000Z,213.02999877929688,213.47000122070312,212.6999969482422,213.24000549316406,108095
2026-04-15T18:00:00.000Z,213.22000122070312,213.71800231933594,213.11000061035156,213.64999389648438,180075
2026-04-15T18:30:00.000Z,213.6699981689453,213.8699951171875,213.52999877929688,213.77029418945312,139081
2026-04-15T19:00:00.000Z,213.80999755859375,215.02999877929688,213.80999755859375,214.92999267578125,162198
2026-04-15T19:30:00.000Z,214.9199981689453,216.4499969482422,214.89999389648438,216.27999877929688,1015642
2026-04-15T20:00:00.000Z,216.28,216.46,215.82,215.97,0
2026-04-15T20:30:00.000Z,216.38,216.38,216,216.01,0
2026-04-15T21:00:00.000Z,216.08,216.38,215.86,216.38,0
2026-04-15T21:30:00.000Z,216.38,216.38,216.26,216.38,0
2026-04-15T22:00:00.000Z,215.92,215.92,215.92,215.92,0
2026-04-15T22:30:00.000Z,215.92,216.1,215.92,216.1,0
2026-04-15T23:00:00.000Z,214.6,216.05,214.6,216.05,0
2026-04-15T23:30:00.000Z,216.1,216.1,215.86,215.86,0
2026-04-16T08:00:00.000Z,216.3915,218.3,212.01,216,0
2026-04-16T08:30:00.000Z,215.53,215.53,215.21,215.21,0
2026-04-16T09:30:00.000Z,215.0012,215.27,215.0012,215.25,0
2026-04-16T10:00:00.000Z,216,216.7422,216,216.7422,0
2026-04-16T10:30:00.000Z,216.21,216.21,215.2895,215.79,0
2026-04-16T11:00:00.000Z,216.98,216.98,215.71,216,0
2026-04-16T11:30:00.000Z,216.3,217.78,216.3,217.5,0
2026-04-16T12:00:00.000Z,217.06,218,215.22,218,0
2026-04-16T12:30:00.000Z,217.44,217.94,217.42,217.48,0
2026-04-16T13:00:00.000Z,217.39,218.46,216.5012,217.16,0
2026-04-16T13:30:00.000Z,217,221.0500030517578,216.72000122070312,220.8000030517578,1007498
2026-04-16T14:00:00.000Z,220.8800048828125,221.63999938964844,220.05999755859375,221,385256
2026-04-16T14:30:00.000Z,221.0050048828125,221.69000244140625,220.27999877929688,221.10000610351562,281470
2026-04-16T15:00:00.000Z,221.05999755859375,223.3000030517578,221.02000427246094,222.9949951171875,466156
2026-04-16T15:30:00.000Z,223.02499389648438,224.02000427246094,222.9199981689453,223.1909942626953,388800
2026-04-16T16:00:00.000Z,223.19000244140625,223.6999969482422,223.10000610351562,223.13999938964844,182714
2026-04-16T16:30:00.000Z,223.13499450683594,223.13499450683594,222.35159301757812,222.74249267578125,260708
2026-04-16T17:00:00.000Z,222.72999572753906,222.88999938964844,222.30499267578125,222.625,228356
2026-04-16T17:30:00.000Z,222.66000366210938,223.14999389648438,222.50999450683594,222.98500061035156,193676
2026-04-16T18:00:00.000Z,222.97999572753906,223.19000244140625,222.19000244140625,222.4199981689453,181449
2026-04-16T18:30:00.000Z,222.3800048828125,223.58999633789062,222.25,223.17999267578125,211465
2026-04-16T19:00:00.000Z,223.17999267578125,223.41000366210938,223.1300048828125,223.15499877929688,221976
2026-04-16T19:30:00.000Z,223.1699981689453,223.5,222.4499969482422,223.08999633789062,1385934
2026-04-16T20:00:00.000Z,223.1,226.75,222.06,225.4908,0
2026-04-16T20:30:00.000Z,221.105,226.2,221.105,225.81,0
2026-04-16T21:00:00.000Z,225.9875,225.9875,223.1,225.05,0
2026-04-16T21:30:00.000Z,225.01,226,225,226,0
2026-04-16T22:00:00.000Z,225.99,225.99,225.01,225.73,0
2026-04-16T22:30:00.000Z,225.99,226,225.62,225.62,0
2026-04-16T23:00:00.000Z,225.85,225.85,225.01,225.8,0
2026-04-16T23:30:00.000Z,225.8,225.8,225.49,225.65,0
2026-04-17T08:00:00.000Z,226.9988,227,223.1,227,0
2026-04-17T09:00:00.000Z,225.79,227,225.74,225.88,0
2026-04-17T09:30:00.000Z,225.88,225.88,225.56,225.56,0
2026-04-17T10:00:00.000Z,225.7,225.7,225.54,225.61,0
2026-04-17T10:30:00.000Z,225.61,226.9551,225.37,226.9551,0
2026-04-17T11:00:00.000Z,226.185,227,225.37,226.01,0
2026-04-17T11:30:00.000Z,225.98,226.87,225.9,226.558,0
2026-04-17T12:00:00.000Z,226.3,226.5,226,226.4739,0
2026-04-17T12:30:00.000Z,226.4,227.76,226.11,227.76,0
2026-04-17T13:00:00.000Z,228.28,230.2,227.55,228.29,0
2026-04-17T13:30:00.000Z,228.25999450683594,228.82000732421875,224.6699981689453,226.61000061035156,953498
2026-04-17T14:00:00.000Z,226.58999633789062,228.27499389648438,226.44500732421875,227.77999877929688,335664
2026-04-17T14:30:00.000Z,227.77499389648438,229.17999267578125,227.6300048828125,228.6699981689453,380887
2026-04-17T15:00:00.000Z,228.69000244140625,229.72689819335938,228.57000732421875,229.72689819335938,366325
2026-04-17T15:30:00.000Z,229.68600463867188,230.07000732421875,229.35000610351562,229.69000244140625,373615
2026-04-17T16:00:00.000Z,229.74000549316406,230.44000244140625,229.5,230.30999755859375,277411
2026-04-17T16:30:00.000Z,230.2949981689453,230.52999877929688,229.52999877929688,229.5800018310547,267520
2026-04-17T17:00:00.000Z,229.5,230.05999755859375,229.26119995117188,229.5800018310547,212090
2026-04-17T17:30:00.000Z,229.55499267578125,229.90989685058594,229.10000610351562,229.47500610351562,206270
2026-04-17T18:00:00.000Z,229.47000122070312,229.57000732421875,228.8000030517578,229.02499389648438,231558
2026-04-17T18:30:00.000Z,229.0500030517578,230.0800018310547,229,229.32000732421875,293795
2026-04-17T19:00:00.000Z,229.32000732421875,229.53500366210938,228.6580047607422,228.8000030517578,291189
2026-04-17T19:30:00.000Z,228.8000030517578,230.00999450683594,228.77999877929688,229.80999755859375,941521
2026-04-17T20:00:00.000Z,229.81,229.82,228,229.58,0
2026-04-17T20:30:00.000Z,229.53,229.82,229.3379,229.62,0
2026-04-17T21:00:00.000Z,229.47,230,229.45,229.69,0
2026-04-17T21:30:00.000Z,230,230,229.6419,229.6419,0
2026-04-17T22:00:00.000Z,229.7,230.3599,229.65,229.82,0
2026-04-17T23:00:00.000Z,229.65,230.19,229.65,230.19,0
2026-04-17T23:30:00.000Z,230.1,230.36,230.1,230.2,0
2026-04-20T09:30:00.000Z,232.5,232.5,230.3842,231.7,0
2026-04-20T10:00:00.000Z,231.68,231.82,231.19,231.19,0
2026-04-20T10:30:00.000Z,231.2,231.61,231.1,231.35,0
2026-04-20T11:00:00.000Z,231.35,232.3288,230,231,0
2026-04-20T11:30:00.000Z,231,232.0348,230.6,230.6,0
2026-04-20T12:00:00.000Z,231.5,232.224,230.4,231.64,0
2026-04-20T12:30:00.000Z,232.27,234,231.5,233.11,0
2026-04-20T13:00:00.000Z,233.3,235,230.61,233.14,0
2026-04-20T13:30:00.000Z,232.57000732421875,233.13999938964844,230.02000427246094,231.35000610351562,984788
2026-04-20T14:00:00.000Z,231.3800048828125,232.7899932861328,231.3800048828125,232.21499633789062,375534
2026-04-20T14:30:00.000Z,232.1699981689453,232.60000610351562,231.1999969482422,231.41000366210938,438539
2026-04-20T15:00:00.000Z,231.4199981689453,232.7100067138672,231.07000732421875,232.65310668945312,410182
2026-04-20T15:30:00.000Z,232.60000610351562,233.82000732421875,232.17999267578125,233.6750030517578,368277
2026-04-20T16:00:00.000Z,233.6300048828125,233.6300048828125,232.24000549316406,232.52000427246094,283332
2026-04-20T16:30:00.000Z,232.49000549316406,232.72000122070312,232.10000610351562,232.19000244140625,258304
2026-04-20T17:00:00.000Z,232.19500732421875,232.38499450683594,231.93069458007812,232.16000366210938,212039
2026-04-20T17:30:00.000Z,232.1699981689453,232.6300048828125,232.05999755859375,232.42990112304688,188787
2026-04-20T18:00:00.000Z,232.41000366210938,233.61000061035156,232.41000366210938,233.4709930419922,255872
2026-04-20T18:30:00.000Z,233.51499938964844,233.72000122070312,233.1699981689453,233.56500244140625,248212
2026-04-20T19:00:00.000Z,233.56500244140625,233.97000122070312,233.3699951171875,233.41000366210938,319336
2026-04-20T19:30:00.000Z,233.39500427246094,233.8800048828125,233.05999755859375,233.75999450683594,941052
2026-04-20T20:00:00.000Z,233.73,233.97,233,233.5,0
2026-04-20T20:30:00.000Z,233.7,234.46,233.51,233.97,0
2026-04-20T21:00:00.000Z,233.83,234.28,233.58,233.58,0
2026-04-20T21:30:00.000Z,233.92,235,233.92,235,0
2026-04-20T22:00:00.000Z,234,234.51,234,234.5,0
2026-04-20T22:30:00.000Z,234.5,235,234.01,234.9988,0
2026-04-20T23:00:00.000Z,234.73,235,234.65,235,0
2026-04-20T23:30:00.000Z,234.5,235,234.01,234.87,0
2026-04-21T08:00:00.000Z,234.9388,234.94,233.0012,233.0012,0
2026-04-21T08:30:00.000Z,234.5,234.69,234,234,0
2026-04-21T09:00:00.000Z,234,234,233.5,233.9,0
2026-04-21T09:30:00.000Z,234,234.44,234,234.1,0
2026-04-21T10:00:00.000Z,234.55,234.55,234.38,234.49,0
2026-04-21T10:30:00.000Z,234.23,234.5,234.23,234.5,0
2026-04-21T11:00:00.000Z,234.8438,234.9,234.24,234.24,0
2026-04-21T11:30:00.000Z,234.94,234.94,234.2,234.4,0
2026-04-21T12:00:00.000Z,234.62,234.62,234.1,234.5,0
2026-04-21T12:30:00.000Z,234.4,234.4395,233,233.86,0
2026-04-21T13:00:00.000Z,234.773,234.94,233.1797,234.91,0
2026-04-21T13:30:00.000Z,234.5,236,233.2100067138672,233.9199981689453,623895
2026-04-21T14:00:00.000Z,233.83999633789062,234.4499053955078,233.35299682617188,233.7899932861328,338322
2026-04-21T14:30:00.000Z,233.7899932861328,233.91000366210938,231.5800018310547,231.82000732421875,320367
2026-04-21T15:00:00.000Z,231.77999877929688,233.02000427246094,230.63999938964844,232.4600067138672,321406
2026-04-21T15:30:00.000Z,232.6300048828125,233.15249633789062,231.9499969482422,232.02499389648438,223505
2026-04-21T16:00:00.000Z,232.1199951171875,233.25999450683594,231.9199981689453,233.16000366210938,294085
2026-04-21T16:30:00.000Z,233.1999969482422,233.77999877929688,232.6999969482422,232.77000427246094,319253
2026-04-21T17:00:00.000Z,232.80999755859375,233.00999450683594,232.16000366210938,232.8800048828125,260892
2026-04-21T17:30:00.000Z,232.88999938964844,234.41000366210938,232.88999938964844,233.9600067138672,289612
2026-04-21T18:00:00.000Z,233.97000122070312,234.38999938964844,233.6699981689453,233.75,254156
2026-04-21T18:30:00.000Z,233.77000427246094,234.86000061035156,233.68190002441406,234.625,412600
2026-04-21T19:00:00.000Z,234.75,235.5050048828125,234.6999969482422,234.8209991455078,449999
2026-04-21T19:30:00.000Z,234.8300018310547,234.9199981689453,232.30499267578125,233.1699981689453,1195341
2026-04-21T20:00:00.000Z,233.19,235.2,231,233.15,0
2026-04-21T20:30:00.000Z,234.5,235.19,233.21,233.21,0
2026-04-21T21:00:00.000Z,234.67,235.2,234.08,234.4,0
2026-04-21T21:30:00.000Z,233.15,234.15,233.1,234.15,0
2026-04-21T22:00:00.000Z,233.5,234.15,233.3842,233.3842,0
2026-04-21T22:30:00.000Z,233.5281,234.72,233.35,234.04,0
2026-04-21T23:00:00.000Z,234,234.04,233.695,234.03,0
2026-04-21T23:30:00.000Z,233.3672,234.04,233.3672,234.04,0
2026-04-22T08:00:00.000Z,233.75,235.1,233.15,234.4,0
2026-04-22T08:30:00.000Z,234.08,234.5,232.75,234.5,0
2026-04-22T09:00:00.000Z,234.5,235.5,234.03,234.03,0
2026-04-22T09:30:00.000Z,234.1,234.6,234.1,234.17,0
2026-04-22T10:00:00.000Z,235.3971,235.3971,234.6,235.12,0
2026-04-22T10:30:00.000Z,235.2,235.5,234.25,235.5,0
2026-04-22T11:00:00.000Z,235.5,235.5,234.25,235.05,0
2026-04-22T11:30:00.000Z,234.69,236.92,234.52,235.5,0
2026-04-22T12:00:00.000Z,236,236.8532,234.25,235.45,0
2026-04-22T12:30:00.000Z,235,236.2,234.25,235.99,0
2026-04-22T13:00:00.000Z,235.918,237.24,234.25,237.24,0
2026-04-22T13:30:00.000Z,236.40499877929688,237.3300018310547,235.27000427246094,237.11000061035156,881621
2026-04-22T14:00:00.000Z,237.11000061035156,238.17999267578125,236.01649475097656,236.01649475097656,613415
2026-04-22T14:30:00.000Z,236.1300048828125,236.32000732421875,234.77999877929688,234.7949981689453,494735
2026-04-22T15:00:00.000Z,234.8000030517578,235.52499389648438,234.49000549316406,234.9600067138672,499838
2026-04-22T15:30:00.000Z,234.9600067138672,235.27999877929688,234.6300048828125,234.99000549316406,272478
2026-04-22T16:00:00.000Z,234.99000549316406,235.5500030517578,234.84010314941406,235.1699981689453,340918
2026-04-22T16:30:00.000Z,235.22000122070312,235.92999267578125,235.11000061035156,235.66000366210938,348885
2026-04-22T17:00:00.000Z,235.66000366210938,236.64999389648438,235.57000732421875,236.64999389648438,350238
2026-04-22T17:30:00.000Z,236.64999389648438,237.4250030517578,236.49000549316406,236.6479949951172,499425
2026-04-22T18:00:00.000Z,236.60000610351562,236.625,235.04200744628906,235.19000244140625,477286
2026-04-22T18:30:00.000Z,235.22000122070312,235.86000061035156,234.9199981689453,235.66000366210938,551384
2026-04-22T19:00:00.000Z,235.5800018310547,235.99000549316406,234.82009887695312,235.97000122070312,814201
2026-04-22T19:30:00.000Z,235.97999572753906,236.97000122070312,235.48500061035156,236.39999389648438,1643077
2026-04-22T20:00:00.000Z,236.375,256.98,235.8,255.36,0
2026-04-22T20:30:00.000Z,255.16,262.25,254.07,260.07,0
2026-04-22T21:00:00.000Z,260,263.6913,259.58,261.5,0
2026-04-22T21:30:00.000Z,261.7,263,261,263,0
2026-04-22T22:00:00.000Z,262.88,263,260.61,260.7315,0
2026-04-22T22:30:00.000Z,260.7592,260.9397,258.79,260.1897,0
2026-04-22T23:00:00.000Z,260.19,261.4,259.999,261.01,0
2026-04-22T23:30:00.000Z,261.06,263,261,262.5774,0
2026-04-23T08:00:00.000Z,262.15,265.4635,236.31,263,0
2026-04-23T08:30:00.000Z,264.13,264.13,260.5,260.76,0
2026-04-23T09:00:00.000Z,260.76,263,260.3047,261.57,0
2026-04-23T09:30:00.000Z,261.2,262.2,260.6,261,0
2026-04-23T10:00:00.000Z,261,265.15,260.75,261.97,0
2026-04-23T10:30:00.000Z,262.0799,266,261.5,263.04,0
2026-04-23T11:00:00.000Z,262.11,264.5,258,259.5,0
2026-04-23T11:30:00.000Z,259.74,259.75,256.31,258.69,0
2026-04-23T12:00:00.000Z,258.6107,261.8497,257.25,261.4,0
2026-04-23T12:30:00.000Z,260.95,262.79,258.49,259.5,0
2026-04-23T13:00:00.000Z,259.5,261.38,257.01,260.58,0
2026-04-23T13:30:00.000Z,260.7558898925781,276.70001220703125,259.80999755859375,274.4700012207031,5810361
2026-04-23T14:00:00.000Z,274.6300048828125,277.25,272.2102966308594,274.6549987792969,2610563
2026-04-23T14:30:00.000Z,274.760009765625,277.2499084472656,274.2900085449219,276.125,1831472
2026-04-23T15:00:00.000Z,276.25,280.96600341796875,275.79998779296875,280.260009765625,1426473
2026-04-23T15:30:00.000Z,280.3599853515625,281.1199951171875,279.0799865722656,279.8500061035156,1216787
2026-04-23T16:00:00.000Z,279.8500061035156,282.19000244140625,278.010009765625,282.0950012207031,1316071
2026-04-23T16:30:00.000Z,282.20001220703125,284.07501220703125,281.68499755859375,283.82501220703125,1130913
2026-04-23T17:00:00.000Z,283.8999938964844,284.0899963378906,279.3299865722656,280.7349853515625,1536925
2026-04-23T17:30:00.000Z,280.6400146484375,281.5,275.9599914550781,277.7950134277344,1674228
2026-04-23T18:00:00.000Z,277.7799987792969,279.5400085449219,277.5199890136719,279.3399963378906,783336
2026-04-23T18:30:00.000Z,279.489990234375,279.6099853515625,277.47198486328125,277.7049865722656,772325
2026-04-23T19:00:00.000Z,277.80999755859375,278.7900085449219,276.260009765625,278.125,1048870
2026-04-23T19:30:00.000Z,278.20001220703125,282.5874938964844,277.94000244140625,282.4100036621094,2321832
2026-04-23T20:00:00.000Z,282.23,282.23,280.92,281.55,0
2026-04-23T20:30:00.000Z,281.742,282.23,280.3,280.5,0
2026-04-23T21:00:00.000Z,281.66,281.95,280.4901,280.63,0
2026-04-23T21:30:00.000Z,280.7366,282.23,280.63,280.84,0
2026-04-23T22:00:00.000Z,280.81,281.5095,280.75,280.8009,0
2026-04-23T22:30:00.000Z,281.07,281.4,280.5,280.9877,0
2026-04-23T23:00:00.000Z,281,281,280.51,281,0
2026-04-23T23:30:00.000Z,280.8,281.4,280.5,280.77,0
2026-04-24T08:00:00.000Z,280.3232,282.23,280.02,280.32,0
2026-04-24T08:30:00.000Z,280.63,281.9287,280.3103,280.3103,0
2026-04-24T09:00:00.000Z,280.69,280.99,280.3,280.35,0
2026-04-24T09:30:00.000Z,280.3,280.99,280.3,280.69,0
2026-04-24T10:00:00.000Z,280.41,282,280.32,282,0
2026-04-24T10:30:00.000Z,281.84,282.1376,281.03,281.05,0
2026-04-24T11:00:00.000Z,281.05,282.23,280.5,281.35,0
2026-04-24T11:30:00.000Z,281.35,281.85,280.3,280.6,0
2026-04-24T12:00:00.000Z,280.62,282.23,280.3,281.34,0
2026-04-24T12:30:00.000Z,281.4,283.99,281,283.435,0
2026-04-24T13:00:00.000Z,283.01,288,280.64,287.1,0
2026-04-24T13:30:00.000Z,287.8299865722656,287.8299865722656,274,277.2799987792969,2287440
2026-04-24T14:00:00.000Z,277.2149963378906,277.5199890136719,273.20001220703125,274.010009765625,1005922
2026-04-24T14:30:00.000Z,274.2615966796875,275.8500061035156,273.6400146484375,274.20001220703125,530665
2026-04-24T15:00:00.000Z,274.2900085449219,276.5284118652344,272.010009765625,276.2799987792969,861141
2026-04-24T15:30:00.000Z,276.3699951171875,277.1199951171875,275.6300048828125,275.8450012207031,553662
2026-04-24T16:00:00.000Z,275.7650146484375,276.7099914550781,274.9200134277344,276.6650085449219,467647
2026-04-24T16:30:00.000Z,276.6650085449219,277.4198913574219,276.0199890136719,276.739990234375,365037
2026-04-24T17:00:00.000Z,276.8399963378906,278.260009765625,276.7015075683594,278.19500732421875,275253
2026-04-24T17:30:00.000Z,278.0899963378906,278.2998962402344,277.3599853515625,277.5849914550781,317975
2026-04-24T18:00:00.000Z,277.6499938964844,278.3949890136719,276.7909851074219,277.5799865722656,433436
2026-04-24T18:30:00.000Z,277.55999755859375,277.9100036621094,276.6600036621094,277.2300109863281,554200
2026-04-24T19:00:00.000Z,277.32000732421875,277.4454040527344,276.3800048828125,276.6000061035156,470012
2026-04-24T19:30:00.000Z,276.6000061035156,277.3699951171875,275.7900085449219,277.1600036621094,1766465
2026-04-24T20:00:00.000Z,277.125,278.59,277.07,277.33,0
2026-04-24T20:30:00.000Z,277.6163,277.68,277.08,277.48,0
2026-04-24T21:00:00.000Z,277.66,277.68,277.14,277.21,0
2026-04-24T21:30:00.000Z,277.55,277.55,277.14,277.27,0
2026-04-24T22:00:00.000Z,277.6441,277.7,277.08,277.08,0
2026-04-24T22:30:00.000Z,277.35,277.55,277.08,277.26,0
2026-04-24T23:00:00.000Z,277.54,277.7,277.07,277.5,0
2026-04-24T23:30:00.000Z,277.4999,277.5,277,277.27,0
2026-04-27T08:00:00.000Z,274.505,278.62,274.505,275.89,0
2026-04-27T08:30:00.000Z,275.91,275.91,271.5,274.6,0
2026-04-27T09:00:00.000Z,274.0901,274.6,273.56,273.56,0
2026-04-27T09:30:00.000Z,274.06,274.5,274.01,274.4,0
2026-04-27T10:00:00.000Z,274.4,274.49,273.0125,273.65,0
2026-04-27T10:30:00.000Z,273.65,275,273,274.06,0
2026-04-27T11:00:00.000Z,274.99,276.04,274,274.57,0
2026-04-27T11:30:00.000Z,274.99,275,274,274.66,0
2026-04-27T12:00:00.000Z,274.66,275,273.56,273.99,0
2026-04-27T12:30:00.000Z,273.94,276.05,273.56,274.0003,0
2026-04-27T13:00:00.000Z,274.77,278.45,274,276.56,0
2026-04-27T13:30:00.000Z,276.1700134277344,277,271.1499938964844,273.1000061035156,1288426
2026-04-27T14:00:00.000Z,273.1000061035156,273.17999267578125,268.0199890136719,268.0299987792969,999603
2026-04-27T14:30:00.000Z,268.114990234375,271.260986328125,267.6300048828125,270.81500244140625,690709
2026-04-27T15:00:00.000Z,270.92999267578125,272.32000732421875,270.25,270.8450012207031,446226
2026-04-27T15:30:00.000Z,270.8500061035156,272.1099853515625,270.44000244140625,270.5400085449219,360770
2026-04-27T16:00:00.000Z,270.489990234375,270.7699890136719,269.1099853515625,269.2900085449219,366266
2026-04-27T16:30:00.000Z,269.2699890136719,269.57989501953125,268.43499755859375,269.1000061035156,672562
2026-04-27T17:00:00.000Z,269.1300048828125,269.8500061035156,268.4700012207031,268.9700012207031,347937
2026-04-27T17:30:00.000Z,268.9100036621094,269.4599914550781,268.5899963378906,268.6400146484375,324476
2026-04-27T18:00:00.000Z,268.6000061035156,268.9700012207031,267.69000244140625,268.8500061035156,440248
2026-04-27T18:30:00.000Z,268.8900146484375,269.4800109863281,268.44000244140625,269.20001220703125,353836
2026-04-27T19:00:00.000Z,269.1650085449219,270,268.7900085449219,270,513251
2026-04-27T19:30:00.000Z,270.04998779296875,270.82000732421875,269.1549987792969,269.4800109863281,1384940
2026-04-27T20:00:00.000Z,269.5,270.19,269,269.11,0
2026-04-27T20:30:00.000Z,269.5,269.75,269,269,0
2026-04-27T21:00:00.000Z,269.1,269.49,269.09,269.18,0
2026-04-27T21:30:00.000Z,269.2,269.75,269.0314,269.71,0
2026-04-27T22:00:00.000Z,269.03,270.75,269,269.4,0
2026-04-27T22:30:00.000Z,269.23,269.5,268.93,269.2,0
2026-04-27T23:00:00.000Z,269.01,269.99,269.01,269.5,0
2026-04-27T23:30:00.000Z,270.3407,270.4,269,269.5001,0
2026-04-28T08:00:00.000Z,267.6512,281.4188,266.17,267.99,0
2026-04-28T08:30:00.000Z,267.07,267.99,267.07,267.99,0
2026-04-28T09:00:00.000Z,267.76,267.87,267.08,267.08,0
2026-04-28T09:30:00.000Z,267.1222,267.8888,266,267.0509,0
2026-04-28T10:00:00.000Z,267.17,267.69,266.035,266.61,0
2026-04-28T10:30:00.000Z,266.93,267,265.21,265.63,0
2026-04-28T11:00:00.000Z,265.99,266,263,263.77,0
2026-04-28T11:30:00.000Z,263.77,267,261.61,266.4124,0
2026-04-28T12:00:00.000Z,263.6,266.9125,262.48,263.5481,0
2026-04-28T12:30:00.000Z,263.675,266.8609,263.5,265,0
2026-04-28T13:00:00.000Z,265.96,267.99,264.48,267.9,0
2026-04-28T13:30:00.000Z,267.489990234375,270.57501220703125,264.7699890136719,267.2449951171875,703433
2026-04-28T14:00:00.000Z,267.3800048828125,269.5,265.8826904296875,266.489990234375,371015
2026-04-28T14:30:00.000Z,266.4949951171875,266.760009765625,264.2349853515625,266.7449951171875,440909
2026-04-28T15:00:00.000Z,266.760009765625,266.94000244140625,265.7665100097656,266.6650085449219,219529
2026-04-28T15:30:00.000Z,266.7099914550781,267.125,265.8900146484375,266.6300048828125,214630
2026-04-28T16:00:00.000Z,266.610107421875,267.3399963378906,266.57000732421875,266.9800109863281,193949
2026-04-28T16:30:00.000Z,266.94500732421875,267.739990234375,266.0450134277344,267.364990234375,258493
2026-04-28T17:00:00.000Z,267.29998779296875,267.42999267578125,266.55029296875,266.9800109863281,189011
2026-04-28T17:30:00.000Z,267.07000732421875,267.9700012207031,266.6199951171875,266.7099914550781,189871
2026-04-28T18:00:00.000Z,266.8699951171875,266.8949890136719,265.8800048828125,265.9599914550781,246494
2026-04-28T18:30:00.000Z,265.9700012207031,266.5,265.30999755859375,266.2099914550781,203611
2026-04-28T19:00:00.000Z,266.2799987792969,266.4700012207031,265.1000061035156,265.3550109863281,883431
2026-04-28T19:30:00.000Z,265.2799987792969,265.4700012207031,264.78009033203125,264.95098876953125,1168680
2026-04-28T20:00:00.000Z,264.94,270,264.94,267.66,0
2026-04-28T20:30:00.000Z,267.21,268.51,266.1912,268.3587,0
2026-04-28T21:00:00.000Z,268.39,268.45,266.2,267.11,0
2026-04-28T21:30:00.000Z,268.44,268.44,264.75,267.98,0
2026-04-28T22:00:00.000Z,267.8,268.45,267.1798,268.45,0
2026-04-28T22:30:00.000Z,268,268.45,267.2,268.45,0
2026-04-28T23:00:00.000Z,268.1825,268.45,267.7,268,0
2026-04-28T23:30:00.000Z,267.95,268.235,267.67,267.7,0
2026-04-29T08:00:00.000Z,267.186,268.52,265,266.55,0
2026-04-29T08:30:00.000Z,266.55,267.16,265,265,0
2026-04-29T09:00:00.000Z,265.0529,266.87,265.0529,266.87,0
2026-04-29T09:30:00.000Z,267.19,267.7,266.9,266.9,0
2026-04-29T10:00:00.000Z,267.01,267.8,266.4,266.98,0
2026-04-29T10:30:00.000Z,267.08,267.5,265.61,266.57,0
2026-04-29T11:00:00.000Z,266.59,269,266.59,268.13,0
2026-04-29T11:30:00.000Z,268,269,267.3353,267.87,0
2026-04-29T12:00:00.000Z,267.5,270,267.1,269.06,0
2026-04-29T12:30:00.000Z,268.521,269.248,267.1,269.248,0
2026-04-29T13:00:00.000Z,268.53,271.9722,267.97,271.62,0
2026-04-29T13:30:00.000Z,269.625,272.4200134277344,268.5,269.6099853515625,927684
2026-04-29T14:00:00.000Z,269.6400146484375,271.19390869140625,269.2601013183594,269.5033874511719,375887
2026-04-29T14:30:00.000Z,269.7550048828125,272.32989501953125,269.2099914550781,271.55999755859375,364145
2026-04-29T15:00:00.000Z,271.55999755859375,272,270.3399963378906,270.6099853515625,368544
2026-04-29T15:30:00.000Z,270.5450134277344,270.75,269.0400085449219,270.07989501953125,292080
2026-04-29T16:00:00.000Z,269.99749755859375,270.2799987792969,269.35009765625,269.67999267578125,192476
2026-04-29T16:30:00.000Z,269.5451965332031,269.6050109863281,268.2699890136719,268.43499755859375,319169
2026-04-29T17:00:00.000Z,268.43499755859375,268.989990234375,268.0799865722656,268.510009765625,176722
2026-04-29T17:30:00.000Z,268.69000244140625,268.9700012207031,267.90130615234375,268.6499938964844,148149
2026-04-29T18:00:00.000Z,268.6300048828125,268.7699890136719,267.94500732421875,268.25,140767
2026-04-29T18:30:00.000Z,268.20001220703125,269.1300048828125,267.57000732421875,268.67999267578125,870367
2026-04-29T19:00:00.000Z,268.69000244140625,270.42999267578125,268.6499938964844,270.1199951171875,344479
2026-04-29T19:30:00.000Z,270.0450134277344,270.17999267578125,267.9100036621094,269.30999755859375,886838
2026-04-29T20:00:00.000Z,269.31,270.45,267.5,268.59,0
2026-04-29T20:30:00.000Z,268.37,269.07,266.52,268.78,0
2026-04-29T21:00:00.000Z,267.77,268.78,265.6,267.35,0
2026-04-29T21:30:00.000Z,267.0159,268.78,266.8,267.51,0
2026-04-29T22:00:00.000Z,266.88,268.78,266.8,268.75,0
2026-04-29T22:30:00.000Z,268.74,268.78,268,268.3,0
2026-04-29T23:00:00.000Z,268.31,268.78,268,268.2,0
2026-04-29T23:30:00.000Z,268.02,268.21,266.8,266.8,0
2026-04-30T08:00:00.000Z,269.22,269.8875,265.0802,267.12,0
2026-04-30T08:30:00.000Z,268.63,268.63,268.63,268.63,0
2026-04-30T09:00:00.000Z,268.68,268.78,268.486,268.64,0
2026-04-30T09:30:00.000Z,268.55,268.89,268.32,268.89,0
2026-04-30T10:00:00.000Z,268.92,268.92,265.3973,268.35,0
2026-04-30T10:30:00.000Z,268.35,270,265,270,0
2026-04-30T11:00:00.000Z,269.8,270,268,269.25,0
2026-04-30T11:30:00.000Z,269.82,270,268.5,269.01,0
2026-04-30T12:00:00.000Z,268.96,270,268.1,269.753,0
2026-04-30T12:30:00.000Z,269.0243,269.869,268.15,269.42,0
2026-04-30T13:00:00.000Z,269.24,270.19,268.5875,269.99,0
2026-04-30T13:30:00.000Z,271.1000061035156,271.510009765625,266.337890625,271.4700012207031,758175
2026-04-30T14:00:00.000Z,271.489990234375,275.2149963378906,271.44000244140625,275.1000061035156,467519
2026-04-30T14:30:00.000Z,275.239990234375,277.5400085449219,275.1499938964844,277.43499755859375,442429
2026-04-30T15:00:00.000Z,277.43499755859375,277.82000732421875,275.8207092285156,277.114990234375,391705
2026-04-30T15:30:00.000Z,277.0799865722656,277.6499938964844,276.3919982910156,277.6499938964844,241446
2026-04-30T16:00:00.000Z,277.7300109863281,278.239990234375,277.0899963378906,278.0450134277344,269651
2026-04-30T16:30:00.000Z,278.07000732421875,279.1000061035156,278.07000732421875,278.75,320591
2026-04-30T17:00:00.000Z,278.75,279.4700012207031,278.75,279.1600036621094,260941
2026-04-30T17:30:00.000Z,279.239990234375,280.989990234375,279.239990234375,280.760986328125,945524
2026-04-30T18:00:00.000Z,280.8699951171875,281.46990966796875,280.20001220703125,280.760009765625,343931
2026-04-30T18:30:00.000Z,280.81500244140625,280.92498779296875,278.57000732421875,278.6700134277344,426970
2026-04-30T19:00:00.000Z,278.625,280.6700134277344,278.6075134277344,279.9150085449219,399198
2026-04-30T19:30:00.000Z,279.9150085449219,281.9100036621094,279.3599853515625,281.0249938964844,1624173
2026-04-30T20:00:00.000Z,281.08,281.93,280.3825,281.47,0
2026-04-30T20:30:00.000Z,281.14,281.977,281.08,281.08,0
2026-04-30T21:00:00.000Z,281.21,281.54,280.71,280.75,0
2026-04-30T21:30:00.000Z,280.75,281.8375,280.75,281.18,0
2026-04-30T22:00:00.000Z,281,282,280.75,280.75,0
2026-04-30T22:30:00.000Z,282,282,280.71,280.73,0
2026-04-30T23:00:00.000Z,279.05,280.63,279.05,280.63,0
2026-04-30T23:30:00.000Z,281,281,280.05,281,0
2026-05-01T08:00:00.000Z,281.736,282.25,280.01,280.47,0
2026-05-01T08:30:00.000Z,282.25,283.825,277.17,280.39,0
2026-05-01T09:00:00.000Z,276.0012,282.06,276.0012,282.06,0
2026-05-01T09:30:00.000Z,276.2,282.06,276.2,280.13,0
2026-05-01T10:00:00.000Z,280.19,280.29,276.2,279.86,0
2026-05-01T10:30:00.000Z,280.31,280.31,277.18,280,0
2026-05-01T11:00:00.000Z,280.79,282,277,279.45,0
2026-05-01T11:30:00.000Z,278.83,279.5,277,278.5,0
2026-05-01T12:00:00.000Z,279,282,277.125,282,0
2026-05-01T12:30:00.000Z,279,279.7,279,279.7,0
2026-05-01T13:00:00.000Z,279,282,278.83,279,0
2026-05-01T13:30:00.000Z,278.8699951171875,279.55999755859375,276.5400085449219,279.0400085449219,434431
2026-05-01T14:00:00.000Z,279.2300109863281,279.6499938964844,277.760009765625,279.20001220703125,283808
2026-05-01T14:30:00.000Z,279.0199890136719,280.375,278.8901062011719,280.0199890136719,350951
2026-05-01T15:00:00.000Z,279.8299865722656,280.7200012207031,279.3800048828125,280.4200134277344,205230
2026-05-01T15:30:00.000Z,280.42999267578125,280.5899963378906,279.5150146484375,280.1300048828125,199456
2026-05-01T16:00:00.000Z,280.20001220703125,280.3999938964844,279.3399963378906,279.44000244140625,139531
2026-05-01T16:30:00.000Z,279.4849853515625,279.6300048828125,277.95001220703125,277.95001220703125,193749
2026-05-01T17:00:00.000Z,278.0299987792969,280.6700134277344,277.989990234375,280.6000061035156,129807
2026-05-01T17:30:00.000Z,280.5400085449219,281.05999755859375,279.8399963378906,280.18499755859375,117845
2026-05-01T18:00:00.000Z,280.1400146484375,280.3399963378906,279.864990234375,280.0950012207031,170018
2026-05-01T18:30:00.000Z,280.1199951171875,280.6650085449219,279.7018127441406,280.6650085449219,206369
2026-05-01T19:00:00.000Z,280.6650085449219,281.5400085449219,280.42999267578125,281.44500732421875,279431
2026-05-01T19:30:00.000Z,281.5799865722656,281.8699951171875,280.5799865722656,281.07000732421875,616956
2026-05-01T20:00:00.000Z,281.02,281.24,278.21,280.37,0
2026-05-01T20:30:00.000Z,280.3271,281.02,279.0093,279.14,0
2026-05-01T21:00:00.000Z,280.14,281.02,279,279.93,0
2026-05-01T21:30:00.000Z,280,280.5,279.5,280.087,0
2026-05-01T22:00:00.000Z,280.1052,280.7315,280.01,280.6538,0
2026-05-01T22:30:00.000Z,280.01,280.49,280.01,280.49,0
2026-05-01T23:00:00.000Z,280.49,282,280.01,280.74,0
2026-05-01T23:30:00.000Z,280.74,282,280.49,280.49,0
2026-05-04T08:00:00.000Z,284.9988,285,280.674,283.02,0
2026-05-04T08:30:00.000Z,285,285,281.4,282.79,0
2026-05-04T09:00:00.000Z,282.79,282.79,281.49,282.52,0
2026-05-04T09:30:00.000Z,283,284.91,281.4,282.14,0
2026-05-04T10:00:00.000Z,282.02,282.26,279,280.2,0
2026-05-04T10:30:00.000Z,280.26,283.8,279,282.15,0
2026-05-04T11:00:00.000Z,281.65,283,279,281.47,0
2026-05-04T11:30:00.000Z,282,282,279.39,281.9265,0
2026-05-04T12:00:00.000Z,282,282,281.47,281.964,0
2026-05-04T12:30:00.000Z,281.96,282,280.56,282,0
2026-05-04T13:00:00.000Z,281.3,283.8,280.06,283.8,0
2026-05-04T13:30:00.000Z,283.69000244140625,283.7900085449219,276.6499938964844,279.82000732421875,583014
2026-05-04T14:00:00.000Z,279.82000732421875,280.95001220703125,279.7099914550781,280.4735107421875,347378
2026-05-04T14:30:00.000Z,280.6199951171875,281.2799987792969,279.57000732421875,280.3999938964844,309351
2026-05-04T15:00:00.000Z,280.3349914550781,281.1300048828125,278.9800109863281,279.44000244140625,333797
2026-05-04T15:30:00.000Z,279.56500244140625,280.9200134277344,279.25,280.3699951171875,283983
2026-05-04T16:00:00.000Z,280.5603942871094,281.239990234375,278.8399963378906,280.7900085449219,245290
2026-05-04T16:30:00.000Z,280.7699890136719,281.32501220703125,280.3999938964844,280.54998779296875,224063
2026-05-04T17:00:00.000Z,280.55999755859375,282.04998779296875,280.3999938964844,281.94000244140625,211286
2026-05-04T17:30:00.000Z,281.9599914550781,282.010009765625,281,281.20001220703125,170449
2026-05-04T18:00:00.000Z,281.197509765625,281.7099914550781,280.9049987792969,281.6650085449219,209462
2026-05-04T18:30:00.000Z,281.739990234375,281.8299865722656,280.9800109863281,281.4125061035156,208454
2026-05-04T19:00:00.000Z,281.3399963378906,281.5400085449219,280.9700012207031,281.239990234375,211189
2026-05-04T19:30:00.000Z,281.20001220703125,281.760009765625,280.6300048828125,280.92999267578125,694453
2026-05-04T20:00:00.000Z,280.93,282.94,279,280.47,0
2026-05-04T20:30:00.000Z,280.01,280.89,280.01,280.21,0
2026-05-04T21:00:00.000Z,279.2457,280.88,279.2457,280.81,0
2026-05-04T21:30:00.000Z,280.89,280.89,280.317,280.317,0
2026-05-04T22:00:00.000Z,280.5,280.7093,279.5,280.05,0
2026-05-04T22:30:00.000Z,280.1191,280.5,280.1191,280.1735,0
2026-05-04T23:00:00.000Z,280.49,280.6,280.05,280.21,0
2026-05-04T23:30:00.000Z,280.57,280.8,280.38,280.43,0
2026-05-05T08:00:00.000Z,280.89,281.05,278.69,278.953,0
2026-05-05T08:30:00.000Z,278.8902,279.99,278.8902,279.99,0
2026-05-05T09:00:00.000Z,279.99,280.3,279.99,280.2,0
2026-05-05T09:30:00.000Z,280.35,280.35,278.69,280.0355,0
2026-05-05T10:00:00.000Z,280.8,280.8,278.69,280.2,0
2026-05-05T10:30:00.000Z,280.2,280.33,280.2,280.22,0
2026-05-05T11:00:00.000Z,279.99,282,278.69,280.26,0
2026-05-05T11:30:00.000Z,280.01,282,279.2034,280.09,0
2026-05-05T12:00:00.000Z,280.09,281.6087,278.9901,280.89,0
2026-05-05T12:30:00.000Z,279.27,282,279.2,280.49,0
2026-05-05T13:00:00.000Z,280.49,280.5,279.05,279.61,0
2026-05-05T13:30:00.000Z,280.4599914550781,280.5,275.5799865722656,278.9200134277344,825618
2026-05-05T14:00:00.000Z,278.8900146484375,279.239990234375,277.5,278.82501220703125,625130
2026-05-05T14:30:00.000Z,278.8299865722656,278.885009765625,277.5299987792969,278.7900085449219,297303
2026-05-05T15:00:00.000Z,278.7099914550781,280.6199951171875,278.5899963378906,279.9649963378906,236392
2026-05-05T15:30:00.000Z,279.8500061035156,279.8599853515625,279.04998779296875,279.8399963378906,242367
2026-05-05T16:00:00.000Z,279.79998779296875,281.29998779296875,279.68499755859375,280.375,256216
2026-05-05T16:30:00.000Z,280.375,281.9100036621094,279.79901123046875,281.9100036621094,295872
2026-05-05T17:00:00.000Z,281.82000732421875,282.4949951171875,281.55999755859375,282.010009765625,180720
2026-05-05T17:30:00.000Z,282.06500244140625,282.06500244140625,281.1199951171875,281.2099914550781,246692
2026-05-05T18:00:00.000Z,281.1300048828125,281.45001220703125,279.8900146484375,280.17498779296875,245796
2026-05-05T18:30:00.000Z,280.17999267578125,281.0400085449219,279.9700012207031,280.9949951171875,230553
2026-05-05T19:00:00.000Z,280.989990234375,281.05999755859375,279.29998779296875,279.6650085449219,345948
2026-05-05T19:30:00.000Z,279.6099853515625,281.3999938964844,279.3500061035156,280.875,1092476
2026-05-05T20:00:00.000Z,280.91,283,277.0003,281,0
2026-05-05T20:30:00.000Z,281,281,277,280,0
2026-05-05T21:00:00.000Z,280,280.88,279.5,279.61,0
2026-05-05T21:30:00.000Z,280,280.5499,277.52,279,0
2026-05-05T22:00:00.000Z,280.2945,280.6,277.25,277.78,0
2026-05-05T22:30:00.000Z,277.35,280,277,277.35,0
2026-05-05T23:00:00.000Z,278.1,279.4,278,279.34,0
2026-05-05T23:30:00.000Z,278.85,279.18,277.06,277.3894,0
2026-05-06T08:00:00.000Z,277.33,281,274.3,276.8,0
2026-05-06T08:30:00.000Z,276.48,278.16,276.4,277.52,0
2026-05-06T09:00:00.000Z,278.84,279.9446,278,278.69,0
2026-05-06T09:30:00.000Z,278.69,280,278.55,279.26,0
2026-05-06T10:00:00.000Z,279.26,281.5,278.0872,278.0872,0
2026-05-06T10:30:00.000Z,278.08,280.65,278.0003,280,0
2026-05-06T11:00:00.000Z,279.78,281.2997,279,279.62,0
2026-05-06T11:30:00.000Z,279.6,280,278.5,279.08,0
2026-05-06T12:00:00.000Z,279.3251,279.9445,278,279.23,0
2026-05-06T12:30:00.000Z,279.07,280,278.11,278.539,0
2026-05-06T13:00:00.000Z,278.68,280.9,277.1,280.9,0
2026-05-06T13:30:00.000Z,279.04998779296875,287.1300048828125,279.04998779296875,286.8450012207031,1087908
2026-05-06T14:00:00.000Z,286.8500061035156,287.2059020996094,282.6000061035156,283.5199890136719,531033
2026-05-06T14:30:00.000Z,283.6700134277344,288.05999755859375,283.07000732421875,287.5849914550781,443415
2026-05-06T15:00:00.000Z,287.4200134277344,289.2799987792969,286.9125061035156,289.0799865722656,315817
2026-05-06T15:30:00.000Z,288.7699890136719,289.94500732421875,288.3299865722656,288.7349853515625,312314
2026-05-06T16:00:00.000Z,288.6700134277344,289.7200012207031,288.4949951171875,289.5249938964844,211575
2026-05-06T16:30:00.000Z,289.54998779296875,290.45001220703125,289.2799987792969,290.1449890136719,324838
2026-05-06T17:00:00.000Z,290.1449890136719,290.7900085449219,289.9527893066406,290.510009765625,246563
2026-05-06T17:30:00.000Z,290.5150146484375,290.989990234375,289.7300109863281,290.8030090332031,615274
2026-05-06T18:00:00.000Z,290.989990234375,291.7699890136719,290.6700134277344,291.4200134277344,433317
2026-05-06T18:30:00.000Z,291.3900146484375,291.989990234375,290.6700134277344,291.239990234375,306425
2026-05-06T19:00:00.000Z,291.30999755859375,292.6400146484375,290.9700012207031,292.0450134277344,418731
2026-05-06T19:30:00.000Z,291.9800109863281,292.1000061035156,289.010009765625,289.4200134277344,1150635
2026-05-06T20:00:00.000Z,289.44,292.04,285.77,290,0
2026-05-06T20:30:00.000Z,290.39,290.39,286,289.36,0
2026-05-06T21:00:00.000Z,289.39,289.89,285.77,285.77,0
2026-05-06T21:30:00.000Z,286.2991,289.44,285.77,288.33,0
2026-05-06T22:00:00.000Z,289.15,289.15,286,289.05,0
2026-05-06T22:30:00.000Z,288.11,289.13,285.77,288.86,0
2026-05-06T23:00:00.000Z,288.4,289.12,288.18,288.9,0
2026-05-06T23:30:00.000Z,288.9,288.95,287.36,288.86,0
2026-05-07T08:00:00.000Z,292.0388,292.04,286.5,288.15,0
2026-05-07T08:30:00.000Z,288.38,289.3,287.72,288,0
2026-05-07T09:00:00.000Z,287.76,287.88,287.59,287.6,0
2026-05-07T09:30:00.000Z,287.83,288.32,287.47,287.47,0
2026-05-07T10:00:00.000Z,288,289.2988,287.01,288.71,0
2026-05-07T10:30:00.000Z,288.24,289.2988,288.0573,288.36,0
2026-05-07T11:00:00.000Z,288.23,289.3,285.77,286.65,0
2026-05-07T11:30:00.000Z,285.77,288.97,285.77,286.64,0
2026-05-07T12:00:00.000Z,286.09,286.7,284,286.7,0
2026-05-07T12:30:00.000Z,285.5,288.67,285,288.5,0
2026-05-07T13:00:00.000Z,285,289.3,284.52,284.52,0
2026-05-07T13:30:00.000Z,285.3999938964844,287.6579895019531,283,283.7149963378906,708321
2026-05-07T14:00:00.000Z,283.95001220703125,283.95001220703125,281,281.92498779296875,477115
2026-05-07T14:30:00.000Z,281.989990234375,283.2699890136719,281.239990234375,282.8299865722656,400932
2026-05-07T15:00:00.000Z,282.80999755859375,283.8599853515625,282.29998779296875,283.81500244140625,261356
2026-05-07T15:30:00.000Z,283.95001220703125,284.2300109863281,282.20001220703125,283.1600036621094,376106
2026-05-07T16:00:00.000Z,283.30999755859375,284.1199035644531,282.510009765625,283.82000732421875,323449
2026-05-07T16:30:00.000Z,283.7099914550781,284.0799865722656,282.1499938964844,282.92498779296875,218032
2026-05-07T17:00:00.000Z,282.92498779296875,283.55999755859375,282.3699951171875,282.9049987792969,240480
2026-05-07T17:30:00.000Z,283.010009765625,283.8900146484375,282.3399963378906,283.8900146484375,213261
2026-05-07T18:00:00.000Z,283.75,284.9200134277344,283.489990234375,284.6600036621094,200733
2026-05-07T18:30:00.000Z,284.4200134277344,284.739990234375,283.1099853515625,283.1300048828125,254035
2026-05-07T19:00:00.000Z,283.2650146484375,284.67999267578125,282.18011474609375,284.32000732421875,442595
2026-05-07T19:30:00.000Z,284.2799987792969,285.8800048828125,284.1199951171875,285.1510009765625,891473
2026-05-07T20:00:00.000Z,285.24,287,284.9401,285.37,0
2026-05-07T20:30:00.000Z,285.37,286,284.5,284.5,0
2026-05-07T21:00:00.000Z,284.5,286,283,283,0
2026-05-07T21:30:00.000Z,283.69,285.6832,283.48,284.27,0
2026-05-07T22:00:00.000Z,284.21,286.05,283.9718,285.54,0
2026-05-07T22:30:00.000Z,285.77,285.77,284,285.06,0
2026-05-07T23:00:00.000Z,285.07,286,285,285,0
2026-05-07T23:30:00.000Z,286,286,285.5,285.5,0
2026-05-08T08:00:00.000Z,286.77,287.9,284,287.9,0
2026-05-08T08:30:00.000Z,287.28,289.9426,287,289.9426,0
2026-05-08T09:00:00.000Z,288.7,289.5,288.01,288.75,0
2026-05-08T09:30:00.000Z,288.01,289,287.71,288.75,0
2026-05-08T10:00:00.000Z,288.46,288.5536,288,288,0
2026-05-08T10:30:00.000Z,287.53,288.7,287.51,288.7,0
2026-05-08T11:00:00.000Z,288.01,290,287.5,289.5,0
2026-05-08T11:30:00.000Z,289.48,290,287.825,287.825,0
2026-05-08T12:00:00.000Z,289.61,290,288.75,289.87,0
2026-05-08T12:30:00.000Z,290,292.92,288.75,290.5,0
2026-05-08T13:00:00.000Z,291.32,292.92,287.65,292.19,0
2026-05-08T13:30:00.000Z,291.7139892578125,292.5,287.2001037597656,290.5450134277344,788536
2026-05-08T14:00:00.000Z,290.510009765625,290.7099914550781,288.0199890136719,289.04998779296875,309917
2026-05-08T14:30:00.000Z,289.1700134277344,291.17999267578125,289.0400085449219,291.0450134277344,324589
2026-05-08T15:00:00.000Z,291.0400085449219,291.8999938964844,288.95001220703125,289.57000732421875,405425
2026-05-08T15:30:00.000Z,289.6050109863281,290.3699951171875,288.9800109863281,289.7850036621094,323385
2026-05-08T16:00:00.000Z,289.7850036621094,290.635009765625,289.7109069824219,290.3550109863281,242235
2026-05-08T16:30:00.000Z,290.3500061035156,290.5799865722656,289.1199951171875,289.6199951171875,213499
2026-05-08T17:00:00.000Z,289.6199951171875,290.5199890136719,288.2019958496094,288.6099853515625,297421
2026-05-08T17:30:00.000Z,288.5849914550781,289.1077880859375,288.20001220703125,288.92999267578125,327637
2026-05-08T18:00:00.000Z,288.8299865722656,289.527099609375,288.1099853515625,289.19000244140625,252998
2026-05-08T18:30:00.000Z,289.19000244140625,289.2699890136719,288.010009765625,288.4150085449219,260767
2026-05-08T19:00:00.000Z,288.4549865722656,290.8399963378906,288.4525146484375,289.05999755859375,382538
2026-05-08T19:30:00.000Z,289.0400085449219,289.5199890136719,286.375,287.8900146484375,1296030
2026-05-08T20:00:00.000Z,287.8,288.07,285,286.54,0
2026-05-08T20:30:00.000Z,286.5,287.57,286.0012,286.1,0
2026-05-08T21:00:00.000Z,286.1,287.8,286,286.5214,0
2026-05-08T21:30:00.000Z,286.44,287.8,286.35,287.088,0
2026-05-08T22:00:00.000Z,286.87,287.8,286.23,286.86,0
2026-05-08T22:30:00.000Z,286.86,287.3,286.62,286.62,0
2026-05-08T23:00:00.000Z,287.3,287.3,286.46,286.86,0
2026-05-08T23:30:00.000Z,287.09,287.61,286.46,287.25,0
2026-05-08T23:59:12.000Z,287.25,287.25,287.25,287.25,0
2026-07-23T08:00:00.000Z,286.6745,286.6745,278.02,278.5,0
2026-07-23T08:30:00.000Z,278.44,279.7,277,279.44,0
2026-07-23T09:00:00.000Z,279.69,281.99,278.6,281.99,0
2026-07-23T09:30:00.000Z,281.99,281.99,278.69,279.05,0
2026-07-23T10:00:00.000Z,278.7,283,278.7,282.55,0
2026-07-23T10:30:00.000Z,282.38,283.37,281.0845,282.86,0
2026-07-23T11:00:00.000Z,282.99,285.99,282.9,283.39,0
2026-07-23T11:30:00.000Z,283.43,283.99,281,282.79,0
2026-07-23T12:00:00.000Z,282.7679,283.956,281,282.4,0
2026-07-23T12:30:00.000Z,281.49,282.88,279.3,279.62,0
2026-07-23T13:00:00.000Z,280.99,281,277,277.17,0
2026-07-23T13:30:00.000Z,277.29998779296875,288.3299865722656,274.1000061035156,284.1499938964844,2562487
2026-07-23T14:00:00.000Z,284.1700134277344,285.20001220703125,282.5,283.4949951171875,580148
2026-07-23T14:30:00.000Z,283.0199890136719,285.1400146484375,282.30999755859375,284.4200134277344,488836
2026-07-23T15:00:00.000Z,284.0199890136719,287.989990234375,282.9700012207031,284.6300048828125,674987
2026-07-23T15:30:00.000Z,284.45001220703125,286.8500061035156,282.94000244140625,284,320808
2026-07-23T16:00:00.000Z,284.1099853515625,284.2799987792969,281.8800048828125,282.7099914550781,322270
2026-07-23T16:30:00.000Z,282.42999267578125,283.5899963378906,281.6199951171875,282.2349853515625,312962
2026-07-23T17:00:00.000Z,282.04998779296875,282.760009765625,280.7699890136719,282.2749938964844,314637
2026-07-23T17:30:00.000Z,282.0899963378906,282.1675109863281,279.9093933105469,280.3699951171875,389950
2026-07-23T18:00:00.000Z,280.2900085449219,281.3500061035156,279.5799865722656,281.2900085449219,433962
2026-07-23T18:30:00.000Z,281.29998779296875,282.2250061035156,280.9700012207031,282.135009765625,440525
2026-07-23T19:00:00.000Z,282.135009765625,284.55999755859375,280.6400146484375,284.3500061035156,603548
2026-07-23T19:30:00.000Z,284.44000244140625,285.5150146484375,281.7799987792969,285.32000732421875,1148885
2026-07-23T20:00:00.000Z,284.99,284.99,283.58,284.4682,0
2026-07-23T20:30:00.000Z,284.32,284.32,283,283.63,0
2026-07-23T21:00:00.000Z,283.93,284.5,283.44,284.12,0
2026-07-23T21:30:00.000Z,283.5,284.99,283.3,284.0657,0
2026-07-23T22:00:00.000Z,284.16,284.479,283.66,284.27,0
2026-07-23T22:30:00.000Z,284.23,284.99,283.7448,284,0
2026-07-23T23:00:00.000Z,284.4,284.4,283.6882,284.25,0
2026-07-23T23:30:00.000Z,283.7,284.4,283.66,283.6604,0
2026-07-24T08:00:00.000Z,294.328,294.328,279,279.125,0
2026-07-24T08:30:00.000Z,282.38,283.17,282.38,283.11,0
2026-07-24T09:00:00.000Z,283.11,283.8,283.11,283.57,0
2026-07-24T09:30:00.000Z,283.5,284.39,283.43,284.39,0
2026-07-24T10:00:00.000Z,283.78,283.87,283.5,283.5,0
2026-07-24T10:30:00.000Z,284.0155,284.0155,282.17,282.3064,0
2026-07-24T11:00:00.000Z,283.94,283.94,283,283.75,0
2026-07-24T11:30:00.000Z,283.65,283.93,282.5,283.93,0
2026-07-24T12:00:00.000Z,283.7,284.5,283,284.5,0
2026-07-24T12:30:00.000Z,283.54,284.5,282.14,282.4,0
2026-07-24T13:00:00.000Z,283.15,283.5,280.14,281.89,0
2026-07-24T13:30:00.000Z,281.05999755859375,283.7799987792969,279.5899963378906,280.2799987792969,686274
2026-07-24T14:00:00.000Z,280.44500732421875,281.8299865722656,279.4700012207031,281.4200134277344,627422
2026-07-24T14:30:00.000Z,280.9599914550781,281.0799865722656,276.4100036621094,278.4100036621094,650825
2026-07-24T15:00:00.000Z,278.20001220703125,279.94000244140625,276.3999938964844,278.07501220703125,499271
2026-07-24T15:30:00.000Z,277.94000244140625,280.9800109863281,277.94000244140625,280.8599853515625,318559
2026-07-24T16:00:00.000Z,281.05999755859375,281.54998779296875,279.6300048828125,280.239990234375,256427
2026-07-24T16:30:00.000Z,280.239990234375,281.4700012207031,279.3399963378906,281.125,182803
2026-07-24T17:00:00.000Z,281.2699890136719,281.5400085449219,279.989990234375,280.8599853515625,177854
2026-07-24T17:30:00.000Z,281.1300048828125,282.1600036621094,280.8371887207031,281.5299987792969,185012
2026-07-24T18:00:00.000Z,281.5899963378906,282.0899963378906,280.7099914550781,281.05499267578125,221269
2026-07-24T18:30:00.000Z,281.0950012207031,281.1499938964844,279.6499938964844,280.05999755859375,287637
2026-07-24T19:00:00.000Z,280.32000732421875,280.875,278.2900085449219,279.67498779296875,520319
2026-07-24T19:30:00.000Z,279.7349853515625,280.4700012207031,278.32000732421875,279.6400146484375,1617265
2026-07-24T20:00:00.000Z,279.66,280.6638,277.8312,279.5,0
2026-07-24T20:30:00.000Z,279.47,279.9275,279,279.22,0
2026-07-24T21:00:00.000Z,279.58,280,277.5495,278.5,0
2026-07-24T21:30:00.000Z,279.3,279.8287,279.0125,279.6,0
2026-07-24T22:00:00.000Z,279.5,279.9,279.5,279.68,0
2026-07-24T22:30:00.000Z,279.8517,279.8517,279.475,279.475,0
2026-07-24T23:00:00.000Z,279.475,279.9,279.475,279.9,0
2026-07-24T23:30:00.000Z,279.5,279.95,278.76,278.76,0
2026-07-27T08:00:00.000Z,283.0812,286.88,279.76,285,0
2026-07-27T08:30:00.000Z,284.88,285.59,284.6002,285.59,0
2026-07-27T09:00:00.000Z,285.58,286.49,285,285.46,0
2026-07-27T09:30:00.000Z,285.48,285.6,282.7212,285.47,0
2026-07-27T10:00:00.000Z,285.43,285.71,284.88,285.45,0
2026-07-27T10:30:00.000Z,285.5,285.88,285.5,285.75,0
2026-07-27T11:00:00.000Z,285,286,282,283.485,0
2026-07-27T11:30:00.000Z,283.34,283.6,281.6843,282.1841,0
2026-07-27T12:00:00.000Z,283.28,283.64,282.4,282.5,0
2026-07-27T12:30:00.000Z,282.4,283.49,281.6475,283.49,0
2026-07-27T13:00:00.000Z,283,283.84,281.1,281.5,0
2026-07-27T13:30:00.000Z,281.7900085449219,284.2550048828125,280.739990234375,281.4599914550781,651055
2026-07-27T14:00:00.000Z,281.5899963378906,282.7099914550781,277.1700134277344,277.1700134277344,628286
2026-07-27T14:30:00.000Z,277.23748779296875,279.44000244140625,273.6700134277344,278.9800109863281,593929
2026-07-27T15:00:00.000Z,279.239990234375,279.5199890136719,274.04998779296875,274.5,471136
2026-07-27T15:30:00.000Z,274.5299987792969,276.1600036621094,273.9750061035156,276.1600036621094,351762
2026-07-27T16:00:00.000Z,276,279.04998779296875,275.9700012207031,278.17999267578125,539926
2026-07-27T16:30:00.000Z,278.32000732421875,279.760009765625,277.0799865722656,277.3900146484375,269808
2026-07-27T17:00:00.000Z,277.1300048828125,277.4200134277344,276.2099914550781,276.2300109863281,161522
2026-07-27T17:30:00.000Z,276.2749938964844,277.4200134277344,276.2749938964844,277.2099914550781,169441
2026-07-27T18:00:00.000Z,277.2349853515625,277.5299987792969,275.9649963378906,276.5799865722656,214508
2026-07-27T18:30:00.000Z,276.4800109863281,277.7099914550781,275.80999755859375,277.7099914550781,266640
2026-07-27T19:00:00.000Z,277.69000244140625,280.239990234375,277.5400085449219,280.239990234375,425752
2026-07-27T19:30:00.000Z,280.3900146484375,280.7099914550781,278.0007019042969,279.45001220703125,1225699
2026-07-27T20:00:00.000Z,279.41,280.22,275.5,278.1957,0
2026-07-27T20:30:00.000Z,278.66,280.03,278.66,279.11,0
2026-07-27T21:00:00.000Z,279.41,280.39,279.087,279.91,0
2026-07-27T21:30:00.000Z,279.65,279.7,278.3,278.6,0
2026-07-27T22:00:00.000Z,279.5,281.99,276.1045,278.5,0
2026-07-27T22:30:00.000Z,277.5,279.3,277.5,278.6,0
2026-07-27T23:00:00.000Z,278.54,279.08,275.5,278.91,0
2026-07-27T23:30:00.000Z,279.24,279.24,275.1097,279.08,0
2026-07-28T08:00:00.000Z,274.7,279.41,271.4807,274.5,0
2026-07-28T08:30:00.000Z,273.82,275.49,273.82,275.49,0
2026-07-28T09:00:00.000Z,272.89,274.61,272.89,274.61,0
2026-07-28T09:30:00.000Z,274.6,274.75,272.88,273.8162,0
2026-07-28T10:00:00.000Z,274.1,274.1,273.14,273.14,0
2026-07-28T10:30:00.000Z,273.14,273.14,271.05,272.86,0
2026-07-28T11:00:00.000Z,273.96,279.41,270,272.7,0
2026-07-28T11:30:00.000Z,270.56,273.86,270.56,273.86,0
2026-07-28T12:00:00.000Z,273.86,274.7,272.46,274.7,0
2026-07-28T12:30:00.000Z,274.7,276.5577,272.57,275.1686,0
2026-07-28T13:00:00.000Z,274.55,277.28,272.62,276.82,0
2026-07-28T13:30:00.000Z,275.4549865722656,277.7349853515625,274.010009765625,274.2049865722656,1530369
2026-07-28T14:00:00.000Z,274.20001220703125,277.8299865722656,273.45001220703125,276.82501220703125,774201
2026-07-28T14:30:00.000Z,276.9800109863281,282.80999755859375,275.9574890136719,279.8999938964844,1020414
2026-07-28T15:00:00.000Z,279.8900146484375,281.6600036621094,278.6700134277344,279.43499755859375,531796
2026-07-28T15:30:00.000Z,279.4800109863281,281.30999755859375,278.7200012207031,279.3299865722656,275807
2026-07-28T16:00:00.000Z,279.2550048828125,280.4049987792969,278.05999755859375,278.760009765625,242428
2026-07-28T16:30:00.000Z,278.6099853515625,280.5299987792969,277.3500061035156,279.7900085449219,231820
2026-07-28T17:00:00.000Z,279.6600036621094,280.8500061035156,279.3999938964844,280.5400085449219,278900
2026-07-28T17:30:00.000Z,280.5450134277344,280.8299865722656,278.17999267578125,278.625,278442
2026-07-28T18:00:00.000Z,278.67999267578125,279.1700134277344,277.6650085449219,277.7200012207031,301184
2026-07-28T18:30:00.000Z,277.80999755859375,278.1000061035156,277.1300048828125,277.7699890136719,272287
2026-07-28T19:00:00.000Z,277.8699951171875,280.239990234375,277.739990234375,280.0199890136719,534971
2026-07-28T19:30:00.000Z,280.07000732421875,280.4800109863281,276.79998779296875,277.0899963378906,1890125
2026-07-28T20:00:00.000Z,277.07,280.51,275.5752,278.01,0
2026-07-28T20:30:00.000Z,275.93,280.8852,275,278,0
2026-07-28T21:00:00.000Z,277.0027,278.65,277.0027,278.37,0
2026-07-28T21:30:00.000Z,278.42,279.19,277.07,278.75,0
2026-07-28T22:00:00.000Z,278.75,279.13,277.91,278.9,0
2026-07-28T22:30:00.000Z,277.962,278.51,275.75,275.77,0
2026-07-28T23:00:00.000Z,275.8,277.88,275.8,277.88,0
2026-07-28T23:30:00.000Z,277.88,280.49,277.22,279.65,0
2026-07-29T08:00:00.000Z,275.4112,279.7877,272.96,274.78,0
2026-07-29T08:30:00.000Z,275.78,276.5752,275.78,276.53,0
2026-07-29T09:00:00.000Z,277.2,279.16,276.9,278,0
2026-07-29T09:30:00.000Z,278.5,287,278.5,285.688,0
2026-07-29T10:00:00.000Z,284.65,285,284,284.27,0
2026-07-29T10:30:00.000Z,285.68,285.68,281.51,281.99,0
2026-07-29T11:00:00.000Z,281.29,282,278.995,280.8,0
2026-07-29T11:30:00.000Z,280.8,281.9,277.07,281.55,0
2026-07-29T12:00:00.000Z,281.55,281.9,278.37,278.37,0
2026-07-29T12:30:00.000Z,278.41,280.23,277.82,279.1803,0
2026-07-29T13:00:00.000Z,279.42,281.19,278.3512,279.36,0
2026-07-29T13:30:00.000Z,277.55999755859375,280,272.8999938964844,273.6300048828125,575024
2026-07-29T14:00:00.000Z,274.1099853515625,275.2900085449219,270.5150146484375,271.3699951171875,418957
2026-07-29T14:30:00.000Z,271.30999755859375,271.9150085449219,269.3800048828125,270.7200012207031,435742
2026-07-29T15:00:00.000Z,270.67999267578125,272.54998779296875,270.3399963378906,270.75,428368
2026-07-29T15:30:00.000Z,270.5799865722656,271.3999938964844,269.3700866699219,270.3599853515625,314753
2026-07-29T16:00:00.000Z,270.489990234375,270.739990234375,268.864990234375,270.3949890136719,364238
2026-07-29T16:30:00.000Z,270.44000244140625,272.5625,269.8299865722656,272.5625,365879
2026-07-29T17:00:00.000Z,272.70001220703125,275.5799865722656,272.5350036621094,273.5799865722656,406694
2026-07-29T17:30:00.000Z,273.55999755859375,275.6300048828125,273.4100036621094,275.2049865722656,307848
2026-07-29T18:00:00.000Z,275.2049865722656,277.6000061035156,275.2049865722656,275.9800109863281,417855
2026-07-29T18:30:00.000Z,276.17999267578125,281.6199035644531,275.2699890136719,280.6000061035156,590931
2026-07-29T19:00:00.000Z,280.760009765625,281.0899963378906,275.9800109863281,277.8299865722656,608024
2026-07-29T19:30:00.000Z,277.8900146484375,278.7099914550781,271.0299987792969,271.1075134277344,2371302
2026-07-29T20:00:00.000Z,271.3,274.6,269.3701,270.88,0
2026-07-29T20:30:00.000Z,270.6999,271.3,269.37,270.75,0
2026-07-29T21:00:00.000Z,270.81,271.94,270.2564,271.24,0
2026-07-29T21:30:00.000Z,271.77,271.914,270.1,270.8923,0
2026-07-29T22:00:00.000Z,271.82,273,271.3,272.15,0
2026-07-29T22:30:00.000Z,271.98,271.98,271.47,271.724,0
2026-07-29T23:00:00.000Z,272.73,272.94,272.4791,272.9,0
2026-07-29T23:30:00.000Z,272.4774,272.98,272.47,272.95,0
2026-07-30T08:00:00.000Z,275.532,276.59,272.66,275.05,0
2026-07-30T08:30:00.000Z,274.53,274.53,274.5,274.5,0
2026-07-30T09:00:00.000Z,274.5,275.81,274.5,275.76,0
2026-07-30T09:30:00.000Z,275.81,275.81,275,275,0
2026-07-30T10:00:00.000Z,276.5,276.58,276.5,276.58,0
2026-07-30T10:30:00.000Z,276.49,277.925,276.14,276.3,0
2026-07-30T11:00:00.000Z,275.52,279.925,275.52,279.14,0
2026-07-30T11:30:00.000Z,278.26,280.535,276.84,278.25,0
2026-07-30T12:00:00.000Z,278.16,279.68,277.75,277.75,0
2026-07-30T12:30:00.000Z,277.75,279.91,277.75,279.42,0
2026-07-30T13:00:00.000Z,279.9,280.87,274.69,277.21,0
2026-07-30T13:30:00.000Z,276.82000732421875,283.5799865722656,274.3450012207031,282.239990234375,958356
2026-07-30T14:00:00.000Z,282.2300109863281,283.1600036621094,279.3699951171875,281.0299987792969,633192
2026-07-30T14:30:00.000Z,280.8399963378906,282.2300109863281,278.07000732421875,279.7900085449219,589673
2026-07-30T15:00:00.000Z,279.7900085449219,281.57501220703125,278.79998779296875,279.82818603515625,433420
2026-07-30T15:30:00.000Z,279.6199951171875,281.7300109863281,279.44000244140625,279.6000061035156,243940
2026-07-30T16:00:00.000Z,279.4800109863281,282.239990234375,279.2200927734375,281.4750061035156,204769
2026-07-30T16:30:00.000Z,281.3399963378906,281.5899963378906,280.1050109863281,280.7699890136719,276229
2026-07-30T17:00:00.000Z,281.0400085449219,282,280.8399963378906,281.0799865722656,193460
2026-07-30T17:30:00.000Z,280.9849853515625,281.29998779296875,280.42999267578125,280.5769958496094,200925
2026-07-30T18:00:00.000Z,280.57000732421875,281.1300048828125,279.2799987792969,279.56500244140625,200505
2026-07-30T18:30:00.000Z,279.6449890136719,279.79998779296875,277.760009765625,278.20001220703125,204899
2026-07-30T19:00:00.000Z,278.3699951171875,280.20001220703125,278.2250061035156,278.4649963378906,438929
2026-07-30T19:30:00.000Z,278.3900146484375,279.94000244140625,278.1099853515625,278.7099914550781,1293549
2026-07-30T20:00:00.000Z,277.04,278.88,275.25,275.93,0
2026-07-30T20:30:00.000Z,275.91,280,275.35,278.74,0
2026-07-30T21:00:00.000Z,278.63,278.9,276.5408,278.73,0
2026-07-30T21:30:00.000Z,279.8249,280,278.1288,279.8,0
2026-07-30T22:00:00.000Z,278.05,283.5,278.05,280.92,0
2026-07-30T22:30:00.000Z,279.31,282.8273,277.23,281.7,0
2026-07-30T23:00:00.000Z,280.5,281.1997,280.03,280.06,0
2026-07-30T23:30:00.000Z,280.5,280.8232,278.9185,279.52,0
2026-07-31T08:00:00.000Z,282.61,282.7997,277,282.7997,0
2026-07-31T08:30:00.000Z,281.99,282.98,281.47,281.47,0
2026-07-31T09:00:00.000Z,282.76,284.592,281.775,283.046,0
2026-07-31T09:30:00.000Z,282.2,283.99,280.14,280.25,0
2026-07-31T10:00:00.000Z,280.02,281.5,280.02,280.31,0
2026-07-31T10:30:00.000Z,280.55,281.1497,280.11,280.88,0
2026-07-31T11:00:00.000Z,281.1843,282.75,280,281.55,0
2026-07-31T11:30:00.000Z,282.1306,282.1306,280.56,281.5,0
2026-07-31T12:00:00.000Z,282,282.5,279.58,282.5,0
2026-07-31T12:30:00.000Z,281.784,282.1125,280,281.69,0
2026-07-31T13:00:00.000Z,281.69,285,280.38,283.89,0
2026-07-31T13:30:00.000Z,282.94610595703125,285.1099853515625,276.1499938964844,278.9100036621094,910455
2026-07-31T14:00:00.000Z,279.20001220703125,279.20001220703125,273.590087890625,276.3500061035156,972613
2026-07-31T14:30:00.000Z,276.4100036621094,277.1199951171875,275.3500061035156,276.19000244140625,473648
2026-07-31T15:00:00.000Z,276.260009765625,277.20001220703125,273.8435974121094,274.8599853515625,286579
2026-07-31T15:30:00.000Z,274.8599853515625,276.7298889160156,274.3949890136719,276.07000732421875,226056
2026-07-31T16:00:00.000Z,276.0299987792969,277.1400146484375,275.489990234375,277.07000732421875,177466
2026-07-31T16:30:00.000Z,277.0899963378906,277.6600036621094,275.2799987792969,276.07000732421875,344578
2026-07-31T17:00:00.000Z,276.0400085449219,277.16900634765625,275.75,276.79998779296875,204674
2026-07-31T17:30:00.000Z,276.70001220703125,277.5400085449219,276.30999755859375,276.760009765625,224143
2026-07-31T18:00:00.000Z,276.7300109863281,277.2200012207031,275.8500061035156,276.75,277685
2026-07-31T18:30:00.000Z,276.8800048828125,277.20001220703125,276.3900146484375,276.6400146484375,165095
2026-07-31T19:00:00.000Z,276.64801025390625,277.4599914550781,275.5,277.239990234375,348826
2026-07-31T19:30:00.000Z,277.32000732421875,278.54998779296875,275.510009765625,275.5299987792969,1416774
2026-07-31T20:00:00.000Z,275.74,278.76,273.9232,275.68,0
2026-07-31T20:30:00.000Z,275.1546,275.74,274.8,274.81,0
2026-07-31T21:00:00.000Z,274.8,277.8,274.13,274.13,0
2026-07-31T21:30:00.000Z,275.25,275.25,275.25,275.25,0
2026-07-31T22:00:00.000Z,274.17,275.32,274.17,275.26,0
2026-07-31T22:30:00.000Z,275.74,275.74,273.5901,274.7,0
2026-07-31T23:00:00.000Z,273.6503,275.14,273.6503,273.9232,0
2026-07-31T23:30:00.000Z,274.83,275.6862,273.68,275.32,0
2026-08-03T08:00:00.000Z,273.2812,280,273.2812,276,0
2026-08-03T08:30:00.000Z,276,278.03,273.1492,278.03,0
2026-08-03T09:00:00.000Z,278.8,278.8,276.21,276.4,0
2026-08-03T09:30:00.000Z,284.9988,284.9988,276.21,278.6463,0
2026-08-03T10:00:00.000Z,275.74,276.89,274.1497,274.99,0
2026-08-03T10:30:00.000Z,274.21,275.6317,273.65,274.19,0
2026-08-03T11:00:00.000Z,274,275.74,272.232,273,0
2026-08-03T11:30:00.000Z,273,275.5,270.3,271.1,0
2026-08-03T12:00:00.000Z,270.4,275.34,270,272.01,0
2026-08-03T12:30:00.000Z,272.51,275.29,270,271.2,0
2026-08-03T13:00:00.000Z,271.2,274.64,270.5,271.81,0
2026-08-03T13:30:00.000Z,273.05499267578125,273.29998779296875,264.80999755859375,266.6700134277344,1629107
2026-08-03T14:00:00.000Z,266.8900146484375,269.82000732421875,265.0199890136719,269.67498779296875,493686
2026-08-03T14:30:00.000Z,269.6499938964844,272.9599914550781,269.42498779296875,272.1700134277344,506676
2026-08-03T15:00:00.000Z,272,272.1700134277344,268.5,268.5,401517
2026-08-03T15:30:00.000Z,268.68499755859375,270.20001220703125,268.57000732421875,269.2149963378906,251014
2026-08-03T16:00:00.000Z,269.2099914550781,269.75,267.75,268.4100036621094,248736
2026-08-03T16:30:00.000Z,268.3599853515625,268.360595703125,267.04998779296875,267.1199951171875,188633
2026-08-03T17:00:00.000Z,267.2950134277344,267.989990234375,267.0899963378906,267.67999267578125,233041
2026-08-03T17:30:00.000Z,267.7200012207031,269.04998779296875,267.5299987792969,268.94500732421875,273820
2026-08-03T18:00:00.000Z,269.05999755859375,269.81500244140625,268.3900146484375,268.4599914550781,229657
2026-08-03T18:30:00.000Z,268.5899963378906,268.82000732421875,267.7900085449219,268.2449951171875,239553
2026-08-03T19:00:00.000Z,268.1300048828125,269.489990234375,268.1300048828125,268.5899963378906,365739
2026-08-03T19:30:00.000Z,268.5199890136719,269.3500061035156,268.0450134277344,268.9200134277344,1021063
2026-08-03T20:00:00.000Z,269.04,270.41,268.54,270.41,0
2026-08-03T20:30:00.000Z,269.71,270.41,269.06,269.797,0
2026-08-03T21:00:00.000Z,269.06,269.99,269.04,269.98,0
2026-08-03T21:30:00.000Z,269.8831,269.99,269.04,269.53,0
2026-08-03T22:00:00.000Z,269.99,269.99,269.4,269.99,0
2026-08-03T22:30:00.000Z,269.65,269.99,269.5,269.5,0
2026-08-03T23:00:00.000Z,269.79,270.41,269.4,270,0
2026-08-03T23:30:00.000Z,269.8,270.41,269.46,269.6,0
2026-08-04T08:00:00.000Z,273.9788,273.9788,267.1625,272.81,0
2026-08-04T08:30:00.000Z,273.34,273.34,271.46,271.91,0
2026-08-04T09:00:00.000Z,271.8,271.8,270.5,270.5,0
2026-08-04T10:00:00.000Z,272.41,273.599,272,273.56,0
2026-08-04T10:30:00.000Z,273.44,274.73,273.44,274.73,0
2026-08-04T11:00:00.000Z,273.89,275.85,269.04,274.89,0
2026-08-04T11:30:00.000Z,275.45,276.7,269.04,276.04,0
2026-08-04T12:00:00.000Z,276,277.32,275.26,277.32,0
2026-08-04T12:30:00.000Z,277.2686,277.3,275.05,276.33,0
2026-08-04T13:00:00.000Z,275.3012,277.8,275.3012,276.24,0
2026-08-04T13:30:00.000Z,276.9200134277344,280.1400146484375,275.1199951171875,278.54998779296875,971599
2026-08-04T14:00:00.000Z,278.760009765625,280,278.010009765625,279.69000244140625,414123
2026-08-04T14:30:00.000Z,279.7950134277344,280.44000244140625,278.7300109863281,280.3599853515625,318769
2026-08-04T15:00:00.000Z,280.29998779296875,281.7099914550781,279.8299865722656,280.0799865722656,303834
2026-08-04T15:30:00.000Z,279.9599914550781,281.82000732421875,279.8999938964844,281.4100036621094,252631
2026-08-04T16:00:00.000Z,281.4800109863281,282.42999267578125,281.3500061035156,282.3800048828125,379761
2026-08-04T16:30:00.000Z,282.2799987792969,283.05999755859375,281.7200012207031,282.8500061035156,349762
2026-08-04T17:00:00.000Z,282.75750732421875,283.9200134277344,282.7200012207031,283.4599914550781,268240
2026-08-04T17:30:00.000Z,283.44000244140625,283.92999267578125,282.9599914550781,283.3299865722656,235827
2026-08-04T18:00:00.000Z,283.260009765625,283.260009765625,281.80999755859375,282.94000244140625,208913
2026-08-04T18:30:00.000Z,282.94000244140625,283.3900146484375,282.5799865722656,283.239990234375,195008
2026-08-04T19:00:00.000Z,283.4200134277344,285.5299987792969,283.3550109863281,285.0199890136719,590754
2026-08-04T19:30:00.000Z,285.04998779296875,285.30999755859375,283.3599853515625,283.5899963378906,1142033
2026-08-04T20:00:00.000Z,283.56,285.61,279.88,283.36,0
2026-08-04T20:30:00.000Z,283.36,284.0295,280.5,280.5,0
2026-08-04T21:00:00.000Z,280.5,282.17,280.5,280.5003,0
2026-08-04T21:30:00.000Z,282.09,283.63,280.5,281.3079,0
2026-08-04T22:00:00.000Z,282.09,283.63,281,282.7,0
2026-08-04T22:30:00.000Z,282.05,282.5,282.01,282.06,0
2026-08-04T23:00:00.000Z,282.1885,283.3,282,283.3,0
2026-08-04T23:30:00.000Z,282,283,280.57,283,0
2026-08-05T08:00:00.000Z,289.506,289.506,282.2,282.2,0
2026-08-05T08:30:00.000Z,282.4,287.2181,278.1812,287.2181,0
2026-08-05T09:00:00.000Z,282.77,282.77,282.21,282.77,0
2026-08-05T09:30:00.000Z,283.62,283.62,278.4002,278.4002,0
2026-08-05T10:00:00.000Z,283,285,281.46,281.46,0
2026-08-05T10:30:00.000Z,282.59,282.6,282.02,282.49,0
2026-08-05T11:00:00.000Z,282.59,283.63,280,280,0
2026-08-05T11:30:00.000Z,281.6,283.6,280.558,282.5,0
2026-08-05T12:00:00.000Z,283.12,283.12,280.36,281.2,0
2026-08-05T12:30:00.000Z,281.2,283.49,280,281.71,0
2026-08-05T13:00:00.000Z,281.8,283.45,280,281.12,0
2026-08-05T13:30:00.000Z,280.79998779296875,284.125,278.8550109863281,283.8099060058594,781847
2026-08-05T14:00:00.000Z,283.6700134277344,283.6700134277344,280.56500244140625,281.18499755859375,181693
2026-08-05T14:30:00.000Z,281.05999755859375,281.2149963378906,277.4200134277344,278.70989990234375,246630
2026-08-05T15:00:00.000Z,278.30999755859375,279.1524963378906,276.7699890136719,277.510009765625,239325
2026-08-05T15:30:00.000Z,277.5450134277344,279.05999755859375,277.5299987792969,277.6600036621094,201617
2026-08-05T16:00:00.000Z,277.7449951171875,279.989990234375,277.70001220703125,279.7900085449219,146958
2026-08-05T16:30:00.000Z,279.6000061035156,280.9175109863281,278.9800109863281,280.7550048828125,137913
2026-08-05T17:00:00.000Z,280.760009765625,280.8999938964844,278.6099853515625,279.3500061035156,118693
2026-08-05T17:30:00.000Z,279.3450012207031,279.9200134277344,279.1300048828125,279.54998779296875,119329
2026-08-05T18:00:00.000Z,279.635009765625,280.19000244140625,278.80999755859375,278.80999755859375,166428
2026-08-05T18:30:00.000Z,278.82000732421875,279.1700134277344,278.1400146484375,278.4800109863281,193188
2026-08-05T19:00:00.000Z,278.489990234375,281.06500244140625,278.489990234375,280.67999267578125,259605
2026-08-05T19:30:00.000Z,280.7799987792969,281.0199890136719,276.7300109863281,277.8299865722656,1093879
2026-08-05T20:00:00.000Z,277.72,279.78,276.59,277.2,0
2026-08-05T20:30:00.000Z,277.2,279.02,277.2,277.81,0
2026-08-05T21:00:00.000Z,278.01,278.99,277.75,278.65,0
2026-08-05T21:30:00.000Z,278.44,278.94,277.437,278.022,0
2026-08-05T22:00:00.000Z,277.93,278.9,277.72,277.72,0
2026-08-05T22:30:00.000Z,278.11,278.98,278.11,278.98,0
2026-08-05T23:00:00.000Z,278.2085,279,278.1,279,0
2026-08-05T23:30:00.000Z,278.89,279.9,278.1,278.87,0
2026-08-06T08:00:00.000Z,273.4865,279,273.4865,277.42,0
2026-08-06T08:30:00.000Z,277.66,278.43,277.2,278.43,0
2026-08-06T09:00:00.000Z,277,277,276.15,276.15,0
2026-08-06T09:30:00.000Z,281.8152,281.8152,277.16,277.16,0
2026-08-06T10:00:00.000Z,275.0012,275.0012,275.0012,275.0012,0
2026-08-06T10:30:00.000Z,277.3,277.4,276.37,276.37,0
2026-08-06T11:00:00.000Z,279.5,282.14,275,277.97,0
2026-08-06T11:30:00.000Z,278.24,279.5,277.72,278.87,0
2026-08-06T12:00:00.000Z,278.74,278.8,275.88,276,0
2026-08-06T12:30:00.000Z,277,277,276,276.6,0
2026-08-06T13:00:00.000Z,276.33,277.06,274.82,275.34,0
2026-08-06T13:30:00.000Z,274.6600036621094,280.07000732421875,272.6499938964844,278.6499938964844,707100
2026-08-06T14:00:00.000Z,278.55999755859375,282.45001220703125,278.1300048828125,281.1700134277344,372218
2026-08-06T14:30:00.000Z,281.17999267578125,283.0849914550781,280.5375061035156,281.9599914550781,346932
2026-08-06T15:00:00.000Z,281.8500061035156,283.2749938964844,281.82000732421875,282.23089599609375,184033
2026-08-06T15:30:00.000Z,282.30999755859375,282.739990234375,279.9800109863281,279.9800109863281,158265
2026-08-06T16:00:00.000Z,280.0899963378906,281,278.7099914550781,278.79998779296875,104164
2026-08-06T16:30:00.000Z,278.8800048828125,281.06500244140625,278.8800048828125,280.95001220703125,76121
2026-08-06T17:00:00.000Z,280.8599853515625,281.95001220703125,280.82000732421875,281.57000732421875,121899
2026-08-06T17:30:00.000Z,281.4599914550781,281.80999755859375,280.843505859375,281.489990234375,100099
2026-08-06T18:00:00.000Z,281.5299987792969,283.25,281.0199890136719,282.4150085449219,261353
2026-08-06T18:30:00.000Z,282.54998779296875,282.54998779296875,281.1499938964844,281.6000061035156,119899
2026-08-06T19:00:00.000Z,281.7099914550781,282.0849914550781,279.7200012207031,279.885009765625,235691
2026-08-06T19:30:00.000Z,279.989990234375,280.3800048828125,278.05999755859375,278.33099365234375,695915
2026-08-06T20:00:00.000Z,278.4,283.6,278.4,283.6,0
2026-08-06T20:30:00.000Z,277.7,283.07,277.7,282.9535,0
2026-08-06T21:00:00.000Z,278.4,284,278.4,278.4,0
2026-08-06T21:30:00.000Z,278.51,284,278.4,278.57,0
2026-08-06T22:00:00.000Z,280.19,280.19,279.28,279.28,0
2026-08-06T22:30:00.000Z,279.56,280.2,279.56,279.75,0
2026-08-06T23:00:00.000Z,280.02,280.8,280,280,0
2026-08-06T23:30:00.000Z,280.24,280.24,279.51,279.51,0
2026-08-07T08:00:00.000Z,283.0788,283.0788,278.4,280.54,0
2026-08-07T08:30:00.000Z,281.51,281.94,280.55,280.91,0
2026-08-07T09:00:00.000Z,281.03,281.08,280.92,281,0
2026-08-07T09:30:00.000Z,281.07,281.7,280.24,280.31,0
2026-08-07T10:00:00.000Z,280.07,280.541,279.5,280.541,0
2026-08-07T10:30:00.000Z,279.6,281.9988,279.6,281.9988,0
2026-08-07T11:00:00.000Z,279.94,282,279.2012,280.25,0
2026-08-07T11:30:00.000Z,280.44,282,279.8,279.8,0
2026-08-07T12:00:00.000Z,279.8,281.48,279.8,281.48,0
2026-08-07T12:30:00.000Z,282.14,286.664,279.02,286.664,0
2026-08-07T13:00:00.000Z,284.7,286.81,281.4962,282.8,0
2026-08-07T13:30:00.000Z,283.44000244140625,285.7200012207031,282.0111083984375,283.1499938964844,445081
2026-08-07T14:00:00.000Z,283.2250061035156,283.7799987792969,281.1700134277344,283.3500061035156,288418
2026-08-07T14:30:00.000Z,283.1700134277344,283.79998779296875,281.3900146484375,282.5199890136719,180420
2026-08-07T15:00:00.000Z,282.6000061035156,285.7049865722656,282.5050048828125,285.0450134277344,264560
2026-08-07T15:30:00.000Z,285.07000732421875,285.69000244140625,283.9200134277344,284.9599914550781,213422
2026-08-07T16:00:00.000Z,284.9599914550781,285.8800048828125,283.92999267578125,284.3450012207031,137348
2026-08-07T16:30:00.000Z,284.2550048828125,285.4150085449219,283.67999267578125,284.9601135253906,120380
2026-08-07T17:00:00.000Z,285.05499267578125,286.0849914550781,284.86761474609375,285.8450012207031,119666
2026-08-07T17:30:00.000Z,285.760009765625,286.1400146484375,285.0296936035156,285.2250061035156,108932
2026-08-07T18:00:00.000Z,285.25,285.8900146484375,283.92999267578125,283.92999267578125,155822
2026-08-07T18:30:00.000Z,284.0199890136719,284.6700134277344,283.75,284.6000061035156,139243
2026-08-07T19:00:00.000Z,284.5450134277344,286.1700134277344,284.510009765625,285.30999755859375,207899
2026-08-07T19:30:00.000Z,285.30999755859375,286.1600036621094,284.4599914550781,286.0799865722656,847289
2026-08-07T20:00:00.000Z,286.08,286.66,285.3145,285.66,0
2026-08-07T20:30:00.000Z,285.36,286.2,285.36,286.0257,0
2026-08-07T21:00:00.000Z,286.08,286.33,285.568,286.27,0
2026-08-07T21:30:00.000Z,286.08,286.66,285.7136,286.08,0
2026-08-07T22:00:00.000Z,286.02,286.39,286.02,286.02,0
2026-08-07T22:30:00.000Z,286.02,286.6599,286.02,286.37,0
2026-08-07T23:00:00.000Z,285.5875,286.6588,285.5875,286.37,0
2026-08-07T23:30:00.000Z,286.35,286.66,286.04,286.66,0
2026-08-10T08:00:00.000Z,288.9988,292.6965,286.2202,288.99,0
2026-08-10T08:30:00.000Z,288.73,289,287.2645,288.7,0
2026-08-10T09:00:00.000Z,288.99,288.99,288.5,288.9412,0
2026-08-10T09:30:00.000Z,288.57,288.57,288.5155,288.5155,0
2026-08-10T10:00:00.000Z,288.01,288.01,286.08,286.08,0
2026-08-10T10:30:00.000Z,288.49,288.53,288.49,288.53,0
2026-08-10T11:00:00.000Z,287.79,288.2689,286,288.2689,0
2026-08-10T11:30:00.000Z,288.25,289,286.1,286.5495,0
2026-08-10T12:00:00.000Z,287.68,289,286.1,287,0
2026-08-10T12:30:00.000Z,286.92,288.3037,286.5,287,0
2026-08-10T13:00:00.000Z,288.4,289.23,286.51,288.93,0
2026-08-10T13:30:00.000Z,288.07000732421875,288.760009765625,283.05999755859375,283.30499267578125,419383
2026-08-10T14:00:00.000Z,283.2099914550781,285.5,283,284.6499938964844,258747
2026-08-10T14:30:00.000Z,284.7049865722656,285.07501220703125,281.7373046875,281.82501220703125,152235
2026-08-10T15:00:00.000Z,281.7101135253906,282.5400085449219,281.2900085449219,281.5899963378906,201311
2026-08-10T15:30:00.000Z,281.6099853515625,282.1925048828125,280.82000732421875,282.0400085449219,136349
2026-08-10T16:00:00.000Z,282.010009765625,282.19000244140625,281.375,281.92498779296875,123949
2026-08-10T16:30:00.000Z,281.8900146484375,282.2799987792969,281.17999267578125,281.31500244140625,146995
2026-08-10T17:00:00.000Z,281.4150085449219,281.9598083496094,281.1400146484375,281.55999755859375,100548
2026-08-10T17:30:00.000Z,281.5,281.9984130859375,281.44000244140625,281.80999755859375,83168
2026-08-10T18:00:00.000Z,281.67999267578125,282.75,281.6199951171875,282.6000061035156,66828
2026-08-10T18:30:00.000Z,282.70001220703125,283.05999755859375,282.3800048828125,282.6000061035156,101390
2026-08-10T19:00:00.000Z,282.7099914550781,283.80999755859375,282.6300048828125,283.44500732421875,156679
2026-08-10T19:30:00.000Z,283.4750061035156,283.67999267578125,280.1700134277344,280.239990234375,914016
2026-08-10T20:00:00.000Z,280.44,281.28,280,280.32,0
2026-08-10T20:30:00.000Z,280.21,281.14,280.21,281.14,0
2026-08-10T21:00:00.000Z,280.68,280.71,280.44,280.6748,0
2026-08-10T21:30:00.000Z,281.9123,281.9123,280.6,281.28,0
2026-08-10T22:00:00.000Z,281.18,282.66,280.34,282.446,0
2026-08-10T22:30:00.000Z,280.52,282.5,280.5,282.5,0
2026-08-10T23:00:00.000Z,282.5,282.5,282.5,282.5,0
2026-08-10T23:30:00.000Z,281.9123,282.5,280.5,282.446,0
2026-08-11T08:00:00.000Z,285.155,285.155,281.59,281.59,0
2026-08-11T08:30:00.000Z,281.5,281.5,281.5,281.5,0
2026-08-11T09:00:00.000Z,281.57,281.57,281.57,281.57,0
2026-08-11T09:30:00.000Z,282.34,282.82,282.34,282.82,0
2026-08-11T10:00:00.000Z,285.1424,285.1424,285.1424,285.1424,0
2026-08-11T10:30:00.000Z,285.3875,285.3875,285.3875,285.3875,0
2026-08-11T11:00:00.000Z,283,284.5,282.6,283.36,0
2026-08-11T11:30:00.000Z,283.56,283.69,283.56,283.69,0
2026-08-11T12:00:00.000Z,284,284.24,283.29,284.12,0
2026-08-11T12:30:00.000Z,284.0226,284.0226,284.0226,284.0226,0
2026-08-11T13:00:00.000Z,284.0505,285.39,283.5352,284.16,0
2026-08-11T13:30:00.000Z,284.82000732421875,285.1000061035156,281.5,283.4599914550781,602531
2026-08-11T14:00:00.000Z,283.54998779296875,285.8900146484375,283.54998779296875,285.3949890136719,245475
2026-08-11T14:30:00.000Z,285.44000244140625,285.44000244140625,282.9599914550781,283.010009765625,155937
2026-08-11T15:00:00.000Z,283.0299987792969,283.510009765625,282.32000732421875,282.6000061035156,190181
2026-08-11T15:30:00.000Z,282.6499938964844,283.1000061035156,282.0899963378906,282.7300109863281,204179
2026-08-11T16:00:00.000Z,282.69000244140625,283.3291931152344,282.18011474609375,282.2950134277344,134694
2026-08-11T16:30:00.000Z,282.3349914550781,282.4200134277344,281.25,281.3599853515625,131436
2026-08-11T17:00:00.000Z,281.3299865722656,281.45001220703125,280.70001220703125,280.9599914550781,163771
2026-08-11T17:30:00.000Z,280.8699951171875,281.32989501953125,280.56500244140625,281.1600036621094,100671
2026-08-11T18:00:00.000Z,281.1600036621094,281.29998779296875,280,280.2349853515625,126292
2026-08-11T18:30:00.000Z,280.2300109863281,280.45001220703125,279.7250061035156,279.7250061035156,209064
2026-08-11T19:00:00.000Z,279.80999755859375,280.010009765625,278.6199951171875,279.82000732421875,340603
2026-08-11T19:30:00.000Z,279.82000732421875,281.989990234375,279.5299987792969,281.25,819228
2026-08-11T20:00:00.000Z,281.24,281.52,280.52,281.24,0
2026-08-11T20:30:00.000Z,281.16,282,280.52,281.5202,0
2026-08-11T21:00:00.000Z,281.45,281.5,280.52,281.46,0
2026-08-11T21:30:00.000Z,281.475,281.5,281.24,281.24,0
2026-08-11T22:00:00.000Z,281.47,281.47,280.5237,281.25,0
2026-08-11T22:30:00.000Z,281.25,281.4262,280.9,281.3677,0
2026-08-11T23:00:00.000Z,280.5222,281.14,280.5001,281.13,0
2026-08-11T23:30:00.000Z,281.14,281.3394,280.5,281.3394,0
2026-08-12T08:00:00.000Z,283.025,284.15,281.31,284.02,0
2026-08-12T08:30:00.000Z,284,285.8587,284,285.8587,0
2026-08-12T09:00:00.000Z,284.44,285.5827,281.1707,281.1707,0
2026-08-12T09:30:00.000Z,284,284.38,283.5,284.33,0
2026-08-12T10:00:00.000Z,284.33,288.4988,284.27,288.49,0
2026-08-12T10:30:00.000Z,286.24,286.24,284.84,284.86,0
2026-08-12T11:00:00.000Z,284,284.5,281.0957,284.33,0
2026-08-12T11:30:00.000Z,283.93,284.89,283.7136,284.89,0
2026-08-12T12:00:00.000Z,285.01,285.39,282.4819,285.0192,0
2026-08-12T12:30:00.000Z,284.84,287.98,284.78,287.5197,0
2026-08-12T13:00:00.000Z,287.98,290,286,290,0
2026-08-12T13:30:00.000Z,289.6199951171875,289.6199951171875,284,284.0799865722656,606096
2026-08-12T14:00:00.000Z,283.989990234375,284.0799865722656,281.239990234375,281.385009765625,506399
2026-08-12T14:30:00.000Z,281.0899963378906,281.2850036621094,279.2300109863281,279.6050109863281,297919
2026-08-12T15:00:00.000Z,279.6199951171875,280.3399963378906,279.0201110839844,279.6099853515625,198685
2026-08-12T15:30:00.000Z,279.5400085449219,279.67999267578125,276.5450134277344,277.7300109863281,363280
2026-08-12T16:00:00.000Z,277.7250061035156,278.57000732421875,277.510009765625,277.7799987792969,181124
2026-08-12T16:30:00.000Z,277.739990234375,278.79998779296875,277.42999267578125,278.7398986816406,179322
2026-08-12T17:00:00.000Z,278.6650085449219,279.0899963378906,278.18499755859375,278.7099914550781,134874
2026-08-12T17:30:00.000Z,278.6099853515625,279.1099853515625,277.8699951171875,278.0799865722656,188541
2026-08-12T18:00:00.000Z,278.125,278.125,277.4200134277344,278.0450134277344,164206
2026-08-12T18:30:00.000Z,278.0400085449219,278.44000244140625,277.70001220703125,278.114990234375,204538
2026-08-12T19:00:00.000Z,278.114990234375,278.239990234375,277.0299987792969,277.1650085449219,309895
2026-08-12T19:30:00.000Z,277.1000061035156,277.260009765625,276.3550109863281,276.5400085449219,905368
2026-08-12T20:00:00.000Z,276.59,278,275.72,276.4087,0
2026-08-12T20:30:00.000Z,278,278,276.3912,276.69,0
2026-08-12T21:00:00.000Z,276.62,287.52,276.62,277.35,0
2026-08-12T21:30:00.000Z,278,278,276.62,277.9988,0
2026-08-12T22:00:00.000Z,277.35,278,276.68,276.8339,0
2026-08-12T22:30:00.000Z,276.8955,277.4128,276.45,276.45,0
2026-08-12T23:00:00.000Z,276.91,277,276.58,276.9,0
2026-08-12T23:30:00.000Z,276.9829,276.9829,276.662,276.83,0
2026-08-13T08:00:00.000Z,278.07,278.16,277,277,0
2026-08-13T08:30:00.000Z,281.8307,281.8307,281.8307,281.8307,0
2026-08-13T09:00:00.000Z,275.3992,281.8307,275.3992,276.53,0
2026-08-13T09:30:00.000Z,275.3992,275.3992,275.3992,275.3992,0
2026-08-13T10:00:00.000Z,276.4,276.9,276.3822,276.9,0
2026-08-13T10:30:00.000Z,277.55,277.55,277.55,277.55,0
2026-08-13T11:00:00.000Z,278,278,276.32,277.9375,0
2026-08-13T11:30:00.000Z,276.28,276.87,275.5,276.2056,0
2026-08-13T12:00:00.000Z,276.18,277,275.5,276.6,0
2026-08-13T12:30:00.000Z,276,276.9,275.04,276.9,0
2026-08-13T13:00:00.000Z,277.43,278,276.32,277.08,0
2026-08-13T13:30:00.000Z,277.17999267578125,279.9700012207031,276.010009765625,277.81500244140625,447645
2026-08-13T14:00:00.000Z,277.81500244140625,278.32501220703125,276.79998779296875,277.0199890136719,273829
2026-08-13T14:30:00.000Z,276.9200134277344,278.19000244140625,276.67498779296875,277.8999938964844,462510
2026-08-13T15:00:00.000Z,277.93499755859375,279.6600036621094,277.6099853515625,277.6099853515625,466044
2026-08-13T15:30:00.000Z,277.67498779296875,278.1099853515625,276.2699890136719,276.44000244140625,266948
2026-08-13T16:00:00.000Z,276.55999755859375,277.8500061035156,276.239990234375,277.6000061035156,171837
2026-08-13T16:30:00.000Z,277.6000061035156,277.9570007324219,277.239990234375,277.3999938964844,155041
2026-08-13T17:00:00.000Z,277.489990234375,278.18499755859375,277.25,277.4100036621094,160873
2026-08-13T17:30:00.000Z,277.3949890136719,277.70001220703125,276.8599853515625,276.94000244140625,235824
2026-08-13T18:00:00.000Z,276.94000244140625,277.510009765625,276.54998779296875,276.760009765625,183320
2026-08-13T18:30:00.000Z,276.760009765625,277.0150146484375,275.1499938964844,275.6300048828125,311985
2026-08-13T19:00:00.000Z,275.5249938964844,275.739990234375,273.760009765625,273.8999938964844,325518
2026-08-13T19:30:00.000Z,273.82000732421875,274.1000061035156,272.7799987792969,273.42999267578125,609544
2026-08-13T20:00:00.000Z,273.43,275.8962,271.5,274.2,0
2026-08-13T20:30:00.000Z,274.83,274.89,274.2127,274.71,0
2026-08-13T21:00:00.000Z,274.7,275,273.43,274.3467,0
2026-08-13T21:30:00.000Z,274.8604,275,274.52,274.8,0
2026-08-13T22:00:00.000Z,274.51,274.98,274.51,274.9,0
2026-08-13T22:30:00.000Z,274.98,275,273.5375,274.98,0
2026-08-13T23:00:00.000Z,275,275,274.5,274.9,0
2026-08-13T23:30:00.000Z,274.7,275,274.544,274.97,0
2026-08-14T08:00:00.000Z,275.962,276.6388,272.56,273.67,0
2026-08-14T09:00:00.000Z,274.04,274.9997,274.04,274.38,0
2026-08-14T09:30:00.000Z,273.01,274,273.01,273.69,0
2026-08-14T10:00:00.000Z,274.17,274.9997,274,274.9997,0
2026-08-14T10:30:00.000Z,274.1,274.48,273.0597,274.0003,0
2026-08-14T11:00:00.000Z,274,274.5799,274,274.06,0
2026-08-14T11:30:00.000Z,274.29,274.58,273.0597,273.63,0
2026-08-14T12:00:00.000Z,273.8,274.5432,273.5012,273.5012,0
2026-08-14T12:30:00.000Z,274,274.45,273.5,274.25,0
2026-08-14T13:00:00.000Z,274.25,274.45,273,273.4,0
2026-08-14T13:30:00.000Z,273.5,276.82000732421875,272.510009765625,275.0849914550781,634507
2026-08-14T14:00:00.000Z,275.3500061035156,280.2749938964844,274.6549987792969,277.1400146484375,459119
2026-08-14T14:30:00.000Z,277.07000732421875,278.9100036621094,276.6199951171875,277.82000732421875,399849
2026-08-14T15:00:00.000Z,277.8299865722656,278.3900146484375,275.2300109863281,276.9200134277344,228791
2026-08-14T15:30:00.000Z,276.8399963378906,276.8399963378906,275.69000244140625,276.18499755859375,194462
2026-08-14T16:00:00.000Z,276.1600036621094,277.5799865722656,276.1600036621094,277.2101135253906,148088
2026-08-14T16:30:00.000Z,277.2200012207031,277.6400146484375,276.32501220703125,276.489990234375,145649
2026-08-14T17:00:00.000Z,276.38720703125,277.3599853515625,276.3299865722656,276.6700134277344,126164
2026-08-14T17:30:00.000Z,276.6099853515625,276.8800048828125,276.2699890136719,276.6400146484375,90309
2026-08-14T18:00:00.000Z,276.6400146484375,278.5,276.52740478515625,278.489990234375,146295
2026-08-14T18:30:00.000Z,278.44000244140625,278.67999267578125,277.8900146484375,277.9849853515625,152989
2026-08-14T19:00:00.000Z,277.94000244140625,279.7900085449219,277.8900146484375,279.5299987792969,198228
2026-08-14T19:30:00.000Z,279.5899963378906,280.1400146484375,278.6300048828125,279.6400146484375,1028281
2026-08-14T20:00:00.000Z,279.58,280.24,279.58,279.9088,0
2026-08-14T20:30:00.000Z,279.59,280.2711,279.58,279.81,0
2026-08-14T21:00:00.000Z,279.92,279.92,279.58,279.85,0
2026-08-14T21:30:00.000Z,280,280,279.81,279.81,0
2026-08-14T22:00:00.000Z,280,280,279.93,279.93,0
2026-08-14T22:30:00.000Z,279.94,280.85,279.8,280.8237,0
2026-08-14T23:00:00.000Z,279.85,280.6775,279.8187,280.24,0
2026-08-14T23:30:00.000Z,280,280.2,279.8,280.2,0
2026-08-17T08:00:00.000Z,282.3788,282.3788,279.2205,281.26,0
2026-08-17T08:30:00.000Z,281.98,282.1037,281.21,281.92,0
2026-08-17T09:00:00.000Z,281.22,281.3,281.21,281.21,0
2026-08-17T09:30:00.000Z,281.2,283.16,281.07,283.0882,0
2026-08-17T10:00:00.000Z,281.39,281.69,281.07,281.14,0
2026-08-17T10:30:00.000Z,281.27,281.86,281.2,281.86,0
2026-08-17T11:00:00.000Z,281.4,282.145,281.07,281.68,0
2026-08-17T11:30:00.000Z,281.41,282,281.31,281.31,0
2026-08-17T12:00:00.000Z,281.3,281.69,276,280.5,0
2026-08-17T12:30:00.000Z,280.51,281.5888,276,279.88,0
2026-08-17T13:00:00.000Z,279.87,281.5797,279.24,279.97,0
2026-08-17T13:30:00.000Z,280,285.95001220703125,279.9800109863281,284.739990234375,591711
2026-08-17T14:00:00.000Z,284.5899963378906,284.9360046386719,283.0899963378906,283.80999755859375,263598
2026-08-17T14:30:00.000Z,283.7850036621094,285.82000732421875,283.57000732421875,285.7650146484375,237306
2026-08-17T15:00:00.000Z,285.82000732421875,286.2099914550781,284.6000061035156,285.04998779296875,209409
2026-08-17T15:30:00.000Z,285.0325012207031,285.25,284.0350036621094,285.1499938964844,169390
2026-08-17T16:00:00.000Z,285.1499938964844,285.2699890136719,283.9941101074219,284.3399963378906,138858
2026-08-17T16:30:00.000Z,284.25,284.3999938964844,283.3399963378906,284.3599853515625,200418
2026-08-17T17:00:00.000Z,284.3599853515625,284.4750061035156,282.70001220703125,283.4100036621094,214250
2026-08-17T17:30:00.000Z,283.4599914550781,284.5,283.010009765625,284.3949890136719,126079
2026-08-17T18:00:00.000Z,284.45001220703125,284.6050109863281,283.05499267578125,283.82000732421875,152779
2026-08-17T18:30:00.000Z,283.7799987792969,284.80999755859375,283.5400085449219,284.510009765625,143186
2026-08-17T19:00:00.000Z,284.42999267578125,284.5400085449219,282.5199890136719,282.5199890136719,222883
2026-08-17T19:30:00.000Z,282.5400085449219,284.31500244140625,282.4700012207031,282.8900146484375,993358
2026-08-17T20:00:00.000Z,282.91,283.27,277.72,283.27,0
2026-08-17T20:30:00.000Z,282.8,286.5,282.1286,286.5,0
2026-08-17T21:00:00.000Z,282.77,286.6645,282.28,286.6645,0
2026-08-17T21:30:00.000Z,282.91,283,281.4705,283,0
2026-08-17T22:00:00.000Z,283,283.3,281.4705,283.3,0
2026-08-17T22:30:00.000Z,285,285,281.38,281.38,0
2026-08-17T23:30:00.000Z,283,284.4389,282.91,283,0
2026-08-18T08:00:00.000Z,282.5188,283.297,277.814,283.297,0
2026-08-18T08:30:00.000Z,278.61,279.85,278.04,279.06,0
2026-08-18T09:00:00.000Z,278.04,281.21,277.81,277.81,0
2026-08-18T09:30:00.000Z,276.85,278.63,276.85,278,0
2026-08-18T10:00:00.000Z,278,278,275.6974,277.52,0
2026-08-18T10:30:00.000Z,277.43,278.46,277.04,277.13,0
2026-08-18T11:00:00.000Z,277.36,281.96,277.11,277.31,0
2026-08-18T11:30:00.000Z,277.31,278,274.9627,275.2,0
2026-08-18T12:00:00.000Z,275.45,276.47,275.45,276.24,0
2026-08-18T12:30:00.000Z,275.71,276.5,275.6,275.6012,0
2026-08-18T13:00:00.000Z,275.7379,276.49,275.6,275.75,0
2026-08-18T13:30:00.000Z,276.0799865722656,278.989990234375,272.6549987792969,273.5,734657
2026-08-18T14:00:00.000Z,273.4599914550781,274.56988525390625,272.7300109863281,273.510009765625,330236
2026-08-18T14:30:00.000Z,273.5,273.92999267578125,270.57000732421875,270.6400146484375,304437
2026-08-18T15:00:00.000Z,270.7099914550781,271.3399963378906,268.6700134277344,270.0199890136719,391065
2026-08-18T15:30:00.000Z,270.1499938964844,271.07000732421875,269.8450012207031,270.8599853515625,259812
2026-08-18T16:00:00.000Z,270.8699951171875,271.4100036621094,269.8399963378906,269.8406066894531,176025
2026-08-18T16:30:00.000Z,269.9200134277344,271.4100036621094,269.9200134277344,270.82000732421875,188989
2026-08-18T17:00:00.000Z,270.82000732421875,271.31500244140625,270.4200134277344,270.92498779296875,169927
2026-08-18T17:30:00.000Z,270.70001220703125,271.6499938964844,270.70001220703125,270.8450012207031,184819
2026-08-18T18:00:00.000Z,270.739990234375,271.989990234375,270.4750061035156,271.7099914550781,224105
2026-08-18T18:30:00.000Z,271.6099853515625,272.4700012207031,270.4700012207031,270.80999755859375,273235
2026-08-18T19:00:00.000Z,270.7724914550781,271.80999755859375,270.0199890136719,271.57501220703125,400268
2026-08-18T19:30:00.000Z,271.54998779296875,272.54998779296875,271.0849914550781,272.1400146484375,1221881
2026-08-18T20:00:00.000Z,272.24,274,272,272.71,0
2026-08-18T20:30:00.000Z,272.86,274.16,270.1645,270.1645,0
2026-08-18T21:00:00.000Z,272.38,273.29,270,272.12,0
2026-08-18T21:30:00.000Z,272.1,272.59,271.99,272.35,0
2026-08-18T22:00:00.000Z,272.35,274.16,272.2,272.44,0
2026-08-18T22:30:00.000Z,272.5,272.5,271.46,271.46,0
2026-08-18T23:00:00.000Z,271.256,272.5,271.256,272.4375,0
2026-08-18T23:30:00.000Z,272,272.89,272,272.58,0
2026-08-19T08:00:00.000Z,270.192,276.14,270.192,273.21,0
2026-08-19T08:30:00.000Z,273.21,275.9,273.04,275.9,0
2026-08-19T09:00:00.000Z,272,273.04,272,272.61,0
2026-08-19T09:30:00.000Z,272.77,272.9,272.77,272.89,0
2026-08-19T10:00:00.000Z,272.43,272.8702,270.0012,271.95,0
2026-08-19T10:30:00.000Z,271.95,273.99,271.95,272.42,0
2026-08-19T11:00:00.000Z,272.5,275.1,271.99,273.04,0
2026-08-19T11:30:00.000Z,273.04,275.1,269.98,272.65,0
2026-08-19T12:00:00.000Z,272.72,273.9997,272.72,273.9997,0
2026-08-19T12:30:00.000Z,273.9,276.13,273.01,275.32,0
2026-08-19T13:00:00.000Z,276.0791,277,273.28,274.71,0
2026-08-19T13:30:00.000Z,276.7449951171875,277.3699951171875,268.3399963378906,269.7900085449219,1066765
2026-08-19T14:00:00.000Z,269.9700012207031,271.239990234375,267.6300048828125,270.92999267578125,389920
2026-08-19T14:30:00.000Z,271.0893859863281,273.4599914550781,270.69000244140625,273.3599853515625,312686
2026-08-19T15:00:00.000Z,273.1499938964844,273.3299865722656,271.9150085449219,272.7049865722656,140861
2026-08-19T15:30:00.000Z,272.7099914550781,272.7099914550781,270.85009765625,272.07000732421875,123076
2026-08-19T16:00:00.000Z,271.80999755859375,272.8999938964844,271.4949951171875,271.80999755859375,150024
2026-08-19T16:30:00.000Z,271.760009765625,272.8349914550781,271.70001220703125,271.7300109863281,153372
2026-08-19T17:00:00.000Z,271.6199951171875,271.9200134277344,270.69000244140625,271.20001220703125,186650
2026-08-19T17:30:00.000Z,271.2799987792969,271.4106140136719,270.75,270.8699951171875,125786
2026-08-19T18:00:00.000Z,270.864990234375,271.54998779296875,269.6499938964844,270.7449951171875,169794
2026-08-19T18:30:00.000Z,270.885009765625,271.82501220703125,269.9750061035156,270.1449890136719,285437
2026-08-19T19:00:00.000Z,270.25,270.4949951171875,268.8299865722656,269.2850036621094,408342
2026-08-19T19:30:00.000Z,269.2900085449219,269.82989501953125,266.3900146484375,267.42999267578125,1194670
2026-08-19T20:00:00.000Z,267.52,271,267.09,268.44,0
2026-08-19T20:30:00.000Z,270.0045,270.07,267.45,267.45,0
2026-08-19T21:00:00.000Z,270,270,268.14,268.37,0
2026-08-19T21:30:00.000Z,268.4536,269.25,268.45,268.9797,0
2026-08-19T22:00:00.000Z,268.46,269,267.45,268.65,0
2026-08-19T22:30:00.000Z,268.64,269.5216,268.5,268.5,0
2026-08-19T23:00:00.000Z,269.2,269.42,268.5,269.28,0
2026-08-19T23:30:00.000Z,268.5,270,268.5,270,0
2026-08-20T08:00:00.000Z,269.02,271.16,267.45,268.4,0
2026-08-20T08:30:00.000Z,268.45,268.75,267.51,267.51,0
2026-08-20T09:00:00.000Z,267.76,267.76,267.76,267.76,0
2026-08-20T09:30:00.000Z,265,265,265,265,0
2026-08-20T10:00:00.000Z,268.93,268.93,267.99,268,0
2026-08-20T10:30:00.000Z,268.29,271.7275,267.73,268.63,0
2026-08-20T11:00:00.000Z,269,269,266.9847,267,0
2026-08-20T11:30:00.000Z,266.99,267.05,265.5,265.5,0
2026-08-20T12:00:00.000Z,266.37,269.11,263.58,265.9,0
2026-08-20T12:30:00.000Z,265,266.59,264.35,266,0
2026-08-20T13:00:00.000Z,266.19,267.44,265.0012,265.79,0
2026-08-20T13:30:00.000Z,267.5299987792969,270.5,265.5400085449219,266.05999755859375,571241
2026-08-20T14:00:00.000Z,266.0199890136719,267.7200012207031,265.8500061035156,266.6099853515625,227852
2026-08-20T14:30:00.000Z,266.45001220703125,268.2099914550781,265.9200134277344,268.0450134277344,160643
2026-08-20T15:00:00.000Z,267.93499755859375,268.6300048828125,266.7300109863281,267.1199951171875,147982
2026-08-20T15:30:00.000Z,267.3598937988281,267.3598937988281,265.510009765625,266.6499938964844,170263
2026-08-20T16:00:00.000Z,266.739990234375,266.739990234375,265.5899963378906,266.0400085449219,194671
2026-08-20T16:30:00.000Z,266.1099853515625,266.4049987792969,265.4949951171875,266.2099914550781,168012
2026-08-20T17:00:00.000Z,266.0799865722656,266.19000244140625,265.1499938964844,265.2449951171875,204189
2026-08-20T17:30:00.000Z,265.260009765625,265.989990234375,264.760009765625,265.739990234375,232638
2026-08-20T18:00:00.000Z,265.7799987792969,266.239990234375,265.3399963378906,266.2099914550781,246588
2026-08-20T18:30:00.000Z,266.1499938964844,266.1499938964844,265.4700012207031,266.0232849121094,210255
2026-08-20T19:00:00.000Z,265.8500061035156,266.3599853515625,265.7349853515625,265.7449951171875,286225
2026-08-20T19:30:00.000Z,265.75,266.2900085449219,264.7699890136719,265.6099853515625,993647
2026-08-20T20:00:00.000Z,265.6,269.89,265,265.352,0
2026-08-20T20:30:00.000Z,264.248,265.61,264,265.59,0
2026-08-20T21:00:00.000Z,265.015,265.6,265.015,265.6,0
2026-08-20T21:30:00.000Z,265.6,265.6,265.507,265.59,0
2026-08-20T22:00:00.000Z,265.58,265.6,265,265.57,0
2026-08-20T22:30:00.000Z,265.5,267,265.5,266.46,0
2026-08-20T23:00:00.000Z,266.4601,266.9999,265.0695,265.8481,0
2026-08-20T23:30:00.000Z,265.65,266,265.6,265.8,0
2026-08-21T08:00:00.000Z,268.22,270,265.6,268.93,0
2026-08-21T08:30:00.000Z,268.29,268.46,267.97,268.28,0
2026-08-21T09:00:00.000Z,267.8,272.8588,267.79,268,0
2026-08-21T09:30:00.000Z,268.16,268.3,267.86,268.3,0
2026-08-21T10:00:00.000Z,268.36,269.646,268.36,268.44,0
2026-08-21T10:30:00.000Z,269.09,271.3,269.07,269.07,0
2026-08-21T11:00:00.000Z,267.745,269.24,267.745,269.24,0
2026-08-21T11:30:00.000Z,269.3816,269.89,268.0472,268.0472,0
2026-08-21T12:00:00.000Z,269,269.88,267,269.88,0
2026-08-21T12:30:00.000Z,267.4479,269.89,267.4479,269.46,0
2026-08-21T13:00:00.000Z,267.75,269.89,265.6,269.64,0
2026-08-21T13:30:00.000Z,269.7799987792969,269.7900085449219,264.20001220703125,264.3800048828125,784045
2026-08-21T14:00:00.000Z,264.3999938964844,264.57000732421875,261.6300048828125,263.1549987792969,270145
2026-08-21T14:30:00.000Z,263.2950134277344,264.9599914550781,263.1300048828125,263.989990234375,315984
2026-08-21T15:00:00.000Z,263.9800109863281,264.69000244140625,263.42498779296875,264.6000061035156,163959
2026-08-21T15:30:00.000Z,264.67999267578125,265.2200012207031,263.70001220703125,263.80999755859375,357888
2026-08-21T16:00:00.000Z,263.8349914550781,264.1099853515625,263.1449890136719,263.4649963378906,208066
2026-08-21T16:30:00.000Z,263.4750061035156,263.5899963378906,262.2300109863281,262.29998779296875,145888
2026-08-21T17:00:00.000Z,262.19000244140625,262.7099914550781,261.8299865722656,262.3450012207031,166136
2026-08-21T17:30:00.000Z,262.42999267578125,263.5249938964844,262.3500061035156,263.2149963378906,268870
2026-08-21T18:00:00.000Z,263.2749938964844,264.19000244140625,262.9949951171875,263.9100036621094,280803
2026-08-21T18:30:00.000Z,263.9200134277344,264.4800109863281,263.55499267578125,264.4800109863281,134685
2026-08-21T19:00:00.000Z,264.42498779296875,265.30999755859375,264.42498779296875,264.760009765625,178683
2026-08-21T19:30:00.000Z,264.7950134277344,264.9700012207031,263.3299865722656,264.25,697644
2026-08-21T20:00:00.000Z,264.36,264.36,262,264,0
2026-08-21T20:30:00.000Z,264,264.15,263.7512,263.9,0
2026-08-21T21:00:00.000Z,264,264.03,263.3295,263.77,0
2026-08-21T21:30:00.000Z,263.86,264.0699,263.71,264.0699,0
2026-08-21T22:00:00.000Z,263.3257,264.12,263.3257,264.12,0
2026-08-21T22:30:00.000Z,264.36,264.36,263.5012,264.007,0
2026-08-21T23:00:00.000Z,263.8683,264.1,263.5087,263.72,0
2026-08-21T23:30:00.000Z,263.72,264.12,263.5,263.95,0
2026-08-24T08:00:00.000Z,261.14,263.8,257.2012,261.69,0
2026-08-24T08:30:00.000Z,260.4,260.98,260.4,260.98,0
2026-08-24T09:00:00.000Z,260.92,260.92,260.68,260.68,0
2026-08-24T09:30:00.000Z,261.97,261.97,261.805,261.805,0
2026-08-24T10:00:00.000Z,261.1,261.1,260.49,260.6,0
2026-08-24T10:30:00.000Z,260.5,260.78,260.23,260.47,0
2026-08-24T11:00:00.000Z,260.35,261.4623,260,261.19,0
2026-08-24T11:30:00.000Z,261.25,261.92,260.036,261.65,0
2026-08-24T12:00:00.000Z,261.4872,261.67,260.54,261.25,0
2026-08-24T12:30:00.000Z,261.25,261.8872,260.01,261.52,0
2026-08-24T13:00:00.000Z,261.6532,262.15,261.0519,261.58,0
2026-08-24T13:30:00.000Z,262.45001220703125,263.3313903808594,257.6050109863281,257.92999267578125,655847
2026-08-24T14:00:00.000Z,257.8500061035156,257.9800109863281,256.19500732421875,256.80499267578125,346119
2026-08-24T14:30:00.000Z,256.7200012207031,258.010009765625,256.4150085449219,256.42999267578125,245832
2026-08-24T15:00:00.000Z,256.4800109863281,256.739990234375,255.22000122070312,256.135009765625,273696
2026-08-24T15:30:00.000Z,256.32000732421875,259.56500244140625,256.1449890136719,259.29998779296875,259663
2026-08-24T16:00:00.000Z,259.3800048828125,260.13751220703125,259.0199890136719,259.6449890136719,184822
2026-08-24T16:30:00.000Z,259.75,259.80999755859375,258.44049072265625,258.9700012207031,161604
2026-08-24T17:00:00.000Z,258.9949951171875,259.80999755859375,258.7250061035156,258.7250061035156,158054
2026-08-24T17:30:00.000Z,258.7449951171875,259.260009765625,258.3900146484375,259.17999267578125,140082
2026-08-24T18:00:00.000Z,259.3599853515625,260.5899963378906,259.3599853515625,260.1099853515625,172261
2026-08-24T18:30:00.000Z,260.29998779296875,260.7300109863281,259.5400085449219,259.82000732421875,209371
2026-08-24T19:00:00.000Z,259.7900085449219,260.32000732421875,259.385009765625,259.67498779296875,291958
2026-08-24T19:30:00.000Z,259.739990234375,260.1499938964844,257.875,259.05999755859375,1015566
2026-08-24T20:00:00.000Z,258.94,262.4738,257.283,259.24,0
2026-08-24T20:30:00.000Z,259.24,260,258.031,258.94,0
2026-08-24T21:00:00.000Z,258.94,259.24,258,258.62,0
2026-08-24T21:30:00.000Z,258.94,259.28,258.94,259.27,0
2026-08-24T22:00:00.000Z,259.2,259.27,259.2,259.27,0
2026-08-24T22:30:00.000Z,259.27,259.27,259.27,259.27,0
2026-08-24T23:00:00.000Z,258.2068,258.2068,258.2068,258.2068,0
2026-08-24T23:30:00.000Z,258.88,259.2642,257.0701,258.94,0
2026-08-25T08:00:00.000Z,257.0112,262.98,257.0112,261.2,0
2026-08-25T08:30:00.000Z,261.2,262.9988,260.075,260.075,0
2026-08-25T09:00:00.000Z,262.83,263,260.3187,260.3187,0
2026-08-25T09:30:00.000Z,262.99,263.61,262.61,263.48,0
2026-08-25T10:00:00.000Z,263.61,266.875,263.61,266.875,0
2026-08-25T10:30:00.000Z,263.49,263.6,262.86,262.99,0
2026-08-25T11:00:00.000Z,262.04,263.58,262.04,263.45,0
2026-08-25T11:30:00.000Z,263.56,264.36,263.13,263.9825,0
2026-08-25T12:00:00.000Z,263.6,264.75,263.32,264.75,0
2026-08-25T12:30:00.000Z,264.0127,264.28,263.86,263.86,0
2026-08-25T13:00:00.000Z,264,264.09,260.93,262.56,0
2026-08-25T13:30:00.000Z,262.7799987792969,262.7799987792969,259.2099914550781,259.2699890136719,563402
2026-08-25T14:00:00.000Z,259.1099853515625,259.3800048828125,257.4800109863281,258.010009765625,235595
2026-08-25T14:30:00.000Z,257.8399963378906,259.70001220703125,256.9649963378906,259.239990234375,232466
2026-08-25T15:00:00.000Z,259.239990234375,259.3500061035156,258.5199890136719,259.114990234375,183077
2026-08-25T15:30:00.000Z,259.1000061035156,259.6499938964844,258.07000732421875,258.489990234375,201894
2026-08-25T16:00:00.000Z,258.5,259.7099914550781,258.3999938964844,259.364990234375,118802
2026-08-25T16:30:00.000Z,259.2900085449219,259.6400146484375,259.010009765625,259.2650146484375,95593
2026-08-25T17:00:00.000Z,259.2449951171875,259.4150085449219,258.6300048828125,259.4100036621094,118481
2026-08-25T17:30:00.000Z,259.3399963378906,260,259.3349914550781,259.4599914550781,132344
2026-08-25T18:00:00.000Z,259.4750061035156,259.94000244140625,258.94000244140625,259.67498779296875,129041
2026-08-25T18:30:00.000Z,259.7300109863281,260.2699890136719,259.7300109863281,259.9599914550781,95564
2026-08-25T19:00:00.000Z,259.9700012207031,260.260009765625,258.95001220703125,259.55999755859375,227357
2026-08-25T19:30:00.000Z,259.6199951171875,260.8500061035156,258.885009765625,260.04998779296875,731247
2026-08-25T20:00:00.000Z,260.04,261.554,259.77,260.3701,0
2026-08-25T20:30:00.000Z,261,261,260.05,260.31,0
2026-08-25T21:00:00.000Z,260.05,260.75,260.05,260.75,0
2026-08-25T21:30:00.000Z,260.95,262,260.245,260.245,0
2026-08-25T22:00:00.000Z,260.245,260.4,260.05,260.245,0
2026-08-25T23:00:00.000Z,261,261,260.155,260.35,0
2026-08-25T23:30:00.000Z,260.05,261,260.05,260.85,0
2026-08-26T08:00:00.000Z,260.05,260.82,259.62,260.03,0
2026-08-26T09:00:00.000Z,260.09,260.09,260.09,260.09,0
2026-08-26T09:30:00.000Z,260.9692,260.97,260.9692,260.97,0
2026-08-26T10:00:00.000Z,259.78,259.78,259.78,259.78,0
2026-08-26T10:30:00.000Z,260.11,260.11,259.81,259.87,0
2026-08-26T11:00:00.000Z,260.98,262,259.8,262,0
2026-08-26T11:30:00.000Z,260.91,260.9692,259.77,260.9602,0
2026-08-26T12:00:00.000Z,259.81,260.9,259.78,259.7817,0
2026-08-26T12:30:00.000Z,260.77,260.77,258.2,258.5,0
2026-08-26T13:00:00.000Z,257.0012,260.87,257.0001,260.87,0
2026-08-26T13:30:00.000Z,260.5,261.4599914550781,259.7900085449219,260.30499267578125,290040
2026-08-26T14:00:00.000Z,260.1499938964844,261.1700134277344,259.4949951171875,259.4949951171875,220674
2026-08-26T14:30:00.000Z,259.6736145019531,260.8500061035156,259.489990234375,260.8500061035156,152985
2026-08-26T15:00:00.000Z,260.8900146484375,262.1600036621094,260.8100891113281,262.07000732421875,176577
2026-08-26T15:30:00.000Z,262.1109924316406,262.9800109863281,262.0350036621094,262.54998779296875,166082
2026-08-26T16:00:00.000Z,262.54998779296875,262.6400146484375,261.5799865722656,261.7699890136719,94900
2026-08-26T16:30:00.000Z,261.7300109863281,262.19000244140625,261.4100036621094,262.0849914550781,139007
2026-08-26T17:00:00.000Z,262.1564025878906,262.9150085449219,261.9700012207031,262.37860107421875,93058
2026-08-26T17:30:00.000Z,262.3900146484375,262.57000732421875,262,262.1099853515625,107931
2026-08-26T18:00:00.000Z,262.05999755859375,262.54998779296875,261.81500244140625,262.45001220703125,86611
2026-08-26T18:30:00.000Z,262.4599914550781,262.95001220703125,262.44000244140625,262.80999755859375,71399
2026-08-26T19:00:00.000Z,262.760009765625,263.19500732421875,262.42999267578125,262.7550048828125,112086
2026-08-26T19:30:00.000Z,262.7550048828125,262.9100036621094,261.2799987792969,261.8500061035156,541532
2026-08-26T20:00:00.000Z,261.805,264.13,261.77,262.16,0
2026-08-26T20:30:00.000Z,262.03,262.12,261.15,261.77,0
2026-08-26T21:00:00.000Z,262.08,262.94,261.07,261.77,0
2026-08-26T21:30:00.000Z,261.67,262.6,247.8644,262.6,0
2026-08-26T22:00:00.000Z,261.77,263,261.75,262.89,0
2026-08-26T22:30:00.000Z,263.28,263.76,262,262,0
2026-08-26T23:00:00.000Z,262.9,262.98,262.9,262.98,0
2026-08-26T23:30:00.000Z,263.28,264.03,261.9,263.3,0
2026-08-27T08:00:00.000Z,264.2332,265.99,261.01,265.25,0
2026-08-27T08:30:00.000Z,264.99,265.3,264.4302,264.5,0
2026-08-27T09:00:00.000Z,264.41,265,263.63,264.67,0
2026-08-27T09:30:00.000Z,263.0747,264.54,263.07,264.54,0
2026-08-27T10:00:00.000Z,263.93,265.1175,263.07,263.07,0
2026-08-27T10:30:00.000Z,263.81,264,263.29,263.89,0
2026-08-27T11:00:00.000Z,263.41,264.99,263.28,263.7365,0
2026-08-27T11:30:00.000Z,263.79,264.2,263.07,264.2,0
2026-08-27T12:00:00.000Z,263.42,265.25,263.42,264.54,0
2026-08-27T12:30:00.000Z,264.99,265.5,263.53,263.97,0
2026-08-27T13:00:00.000Z,263.61,265.4988,262.14,262.5,0
2026-08-27T13:30:00.000Z,262.6000061035156,265.489990234375,261.2250061035156,261.4800109863281,726368
2026-08-27T14:00:00.000Z,261.3500061035156,264.70001220703125,261.32000732421875,264.5950012207031,205087
2026-08-27T14:30:00.000Z,264.69500732421875,265.69000244140625,264.1700134277344,265.1499938964844,240966
2026-08-27T15:00:00.000Z,265.05499267578125,266.8900146484375,264.92498779296875,266.739990234375,213138
2026-08-27T15:30:00.000Z,266.82501220703125,267.42999267578125,266.0899963378906,267.2284851074219,213437
2026-08-27T16:00:00.000Z,267.0799865722656,267.42999267578125,265.8949890136719,266.6400146484375,338629
2026-08-27T16:30:00.000Z,266.5950012207031,267.1499938964844,266.4468078613281,266.7799987792969,118805
2026-08-27T17:00:00.000Z,266.7049865722656,267.07000732421875,266.2699890136719,266.2900085449219,138958
2026-08-27T17:30:00.000Z,266.3999938964844,266.5450134277344,265.4849853515625,265.8500061035156,134380
2026-08-27T18:00:00.000Z,265.8999938964844,265.8999938964844,264.3100891113281,264.3100891113281,115133
2026-08-27T18:30:00.000Z,264.3900146484375,265.1600036621094,264.3900146484375,265.0400085449219,97091
2026-08-27T19:00:00.000Z,265.1000061035156,265.44000244140625,263.8900146484375,264.010009765625,224191
2026-08-27T19:30:00.000Z,264,266.80999755859375,263.95001220703125,266.5400085449219,829605
2026-08-27T20:00:00.000Z,266.54,267.0225,265.688,266.5,0
2026-08-27T20:30:00.000Z,266.5,266.54,264.0635,266.54,0
2026-08-27T21:00:00.000Z,264,266.54,261.6552,266.2,0
2026-08-27T21:30:00.000Z,265.81,266.54,265.71,266.18,0
2026-08-27T22:00:00.000Z,265.7,266.18,265.7,265.87,0
2026-08-27T22:30:00.000Z,266.25,266.54,265.02,266.24,0
2026-08-27T23:00:00.000Z,265.87,266.2,265.02,266,0
2026-08-27T23:30:00.000Z,266.01,266.2499,265.0507,266.2499,0
2026-08-28T08:00:00.000Z,266.7,269.6057,265.51,266.85,0
2026-08-28T08:30:00.000Z,266.8,266.8,266.8,266.8,0
2026-08-28T09:00:00.000Z,268.806,268.806,268.806,268.806,0
2026-08-28T09:30:00.000Z,268.6,268.6,266.41,266.53,0
2026-08-28T10:00:00.000Z,266.34,266.54,265.99,266.54,0
2026-08-28T10:30:00.000Z,266.4,268.8907,266.27,266.27,0
2026-08-28T11:00:00.000Z,266.25,267.7305,266.25,267.7305,0
2026-08-28T11:30:00.000Z,267.7305,267.7305,265.02,266,0
2026-08-28T12:00:00.000Z,266.78,266.78,265.02,265.02,0
2026-08-28T12:30:00.000Z,265.082,267.4988,265.0201,267.4382,0
2026-08-28T13:00:00.000Z,267.1172,267.5,265,265.06,0
2026-08-28T13:30:00.000Z,265.30999755859375,267.42999267578125,262.364990234375,263.43499755859375,285866
2026-08-28T14:00:00.000Z,263.1700134277344,263.6600036621094,261,262.57501220703125,206034
2026-08-28T14:30:00.000Z,262.739990234375,263.614990234375,262.239990234375,262.82501220703125,139212
2026-08-28T15:00:00.000Z,262.72198486328125,262.8900146484375,261.3800048828125,261.3800048828125,181777
2026-08-28T15:30:00.000Z,261.239990234375,261.239990234375,257.5,257.6199951171875,493111
2026-08-28T16:00:00.000Z,257.6400146484375,258.6908874511719,255.97000122070312,256.7300109863281,362105
2026-08-28T16:30:00.000Z,256.7349853515625,258.0799865722656,256.12249755859375,257.42999267578125,164081
2026-08-28T17:00:00.000Z,257.010009765625,257.7300109863281,256.4100036621094,257.54998779296875,94948
2026-08-28T17:30:00.000Z,257.489990234375,257.95001220703125,257.07000732421875,257.5050048828125,173877
2026-08-28T18:00:00.000Z,257.4100036621094,257.8399963378906,257.30999755859375,257.489990234375,140456
2026-08-28T18:30:00.000Z,257.3800048828125,257.875,257.2200012207031,257.5299987792969,282139
2026-08-28T19:00:00.000Z,257.6199951171875,259.3800048828125,257.4599914550781,259.3699951171875,256539
2026-08-28T19:30:00.000Z,259.2699890136719,259.5199890136719,258.1400146484375,258.70001220703125,984769
2026-08-28T20:00:00.000Z,258.64,259.9,258.13,258.6401,0
2026-08-28T20:30:00.000Z,258.6401,259.9,258.58,259.12,0
2026-08-28T21:00:00.000Z,258.52,258.64,258.4,258.4,0
2026-08-28T21:30:00.000Z,258.495,258.64,258.32,258.6,0
2026-08-28T22:00:00.000Z,258.3273,258.4336,258.3273,258.4336,0
2026-08-28T22:30:00.000Z,258.3273,258.5,258.3273,258.5,0
2026-08-28T23:00:00.000Z,258.5,258.64,258.2792,258.2792,0
2026-08-28T23:30:00.000Z,258.59,258.64,258.27,258.4353,0
2026-08-31T08:00:00.000Z,263.245,265.4312,255.849,260.98,0
2026-08-31T09:00:00.000Z,260.45,262.9997,260.45,262.9997,0
2026-08-31T09:30:00.000Z,261,261,260,260,0
2026-08-31T10:00:00.000Z,260.1,260.79,259.93,259.99,0
2026-08-31T10:30:00.000Z,259.88,260,258.1247,260,0
2026-08-31T11:00:00.000Z,258,259.96,258,259.96,0
2026-08-31T11:30:00.000Z,260.4,260.7716,258.073,259.95,0
2026-08-31T12:00:00.000Z,258,260.99,258,260.93,0
2026-08-31T12:30:00.000Z,258.9,261.7445,258.9,259.93,0
2026-08-31T13:00:00.000Z,259.89,261.7445,259.89,261.42,0
2026-08-31T13:30:00.000Z,261.39349365234375,262.3800048828125,260.0799865722656,261.19000244140625,238714
2026-08-31T14:00:00.000Z,260.918701171875,262.05999755859375,260.9049987792969,260.9700012207031,148853
2026-08-31T14:30:00.000Z,261.1000061035156,261.94000244140625,260.9088134765625,260.9750061035156,162870
2026-08-31T15:00:00.000Z,261.1300048828125,261.1600036621094,260.4100036621094,261.0400085449219,119315
2026-08-31T15:30:00.000Z,261.1199951171875,261.1199951171875,260.3399963378906,260.3800048828125,88881
2026-08-31T16:00:00.000Z,260.30499267578125,260.6289978027344,259.9601135253906,260.5799865722656,81907
2026-08-31T16:30:00.000Z,260.56500244140625,261.20001220703125,260.3399963378906,260.8699951171875,160947
2026-08-31T17:00:00.000Z,260.8399963378906,261.0199890136719,260.2349853515625,260.37750244140625,135231
2026-08-31T17:30:00.000Z,260.3900146484375,260.79998779296875,259.989990234375,260.010009765625,317690
2026-08-31T18:00:00.000Z,260.0199890136719,261.6300048828125,260.0199890136719,261.5799865722656,335372
2026-08-31T18:30:00.000Z,261.5350036621094,261.7200012207031,260.635009765625,260.635009765625,245419
2026-08-31T19:00:00.000Z,260.6549987792969,261.05499267578125,260.184814453125,260.7699890136719,162490
2026-08-31T19:30:00.000Z,260.75,261.42999267578125,260.32501220703125,260.8500061035156,755762
2026-08-31T20:00:00.000Z,260.79,261.17,260.75,260.75,0
2026-08-31T20:30:00.000Z,261,261.1125,259.589,260.55,0
2026-08-31T21:00:00.000Z,260.91,261.5,260.1,261.5,0
2026-08-31T21:30:00.000Z,261.06,261.06,259.589,259.589,0
2026-08-31T22:00:00.000Z,261.44,261.5,260.135,260.135,0
2026-08-31T22:30:00.000Z,261.5,261.9988,260.8,261.9988,0
2026-08-31T23:00:00.000Z,261.2,261.44,260.1475,260.1475,0
2026-08-31T23:30:00.000Z,261,261.44,260.54,261.44,0
2026-09-01T08:00:00.000Z,261.98,262.45,258.94,259.64,0
2026-09-01T08:30:00.000Z,258.78,258.78,258.75,258.75,0
2026-09-01T09:00:00.000Z,257.52,258.67,257.52,258.67,0
2026-09-01T09:30:00.000Z,258.16,258.16,257.21,258,0
2026-09-01T10:00:00.000Z,254.71,258.26,254.71,256.51,0
2026-09-01T10:30:00.000Z,257.59,257.59,257.56,257.56,0
2026-09-01T11:00:00.000Z,258.66,259.25,255.7,255.7,0
2026-09-01T11:30:00.000Z,260.13,260.91,256.05,256.05,0
2026-09-01T12:00:00.000Z,256.16,260,255.8375,256.75,0
2026-09-01T12:30:00.000Z,256.93,257.75,256,256.71,0
2026-09-01T13:00:00.000Z,256.75,257,255.61,256.86,0
2026-09-01T13:30:00.000Z,256.19000244140625,257.6199951171875,252.80999755859375,253.27999877929688,650016
2026-09-01T14:00:00.000Z,253.41000366210938,253.52999877929688,251.63999938964844,252.17999267578125,510109
2026-09-01T14:30:00.000Z,252.18499755859375,254.3249969482422,252.18499755859375,254.3249969482422,470628
2026-09-01T15:00:00.000Z,254.3249969482422,254.97000122070312,253.32000732421875,253.47000122070312,237388
2026-09-01T15:30:00.000Z,253.5399932861328,253.74000549316406,252.52000427246094,252.97000122070312,426264
2026-09-01T16:00:00.000Z,253.02999877929688,253.31570434570312,251.3000030517578,251.41000366210938,281196
2026-09-01T16:30:00.000Z,251.42999267578125,251.9499969482422,250.8000030517578,251.75,279210
2026-09-01T17:00:00.000Z,251.63499450683594,251.63499450683594,250.5800018310547,251.28500366210938,212695
2026-09-01T17:30:00.000Z,251.36000061035156,251.67999267578125,250.6699981689453,250.77000427246094,268832
2026-09-01T18:00:00.000Z,250.74000549316406,251.64999389648438,250.61000061035156,251.3256072998047,240634
2026-09-01T18:30:00.000Z,251.3699951171875,251.8209991455078,250.4250030517578,251.2899932861328,369287
2026-09-01T19:00:00.000Z,251.30999755859375,253.44500732421875,251.30999755859375,253.4250030517578,324255
2026-09-01T19:30:00.000Z,253.4499969482422,253.63499450683594,252.5399932861328,253.4199981689453,822370
2026-09-01T20:00:00.000Z,253.34,254.63,252.84,253.47,0
2026-09-01T20:30:00.000Z,253.47,253.9999,253.47,253.75,0
2026-09-01T21:00:00.000Z,253.8,253.95,252.94,252.94,0
2026-09-01T21:30:00.000Z,253.94,253.94,253.13,253.13,0
2026-09-01T22:00:00.000Z,253.94,253.94,253.13,253.9202,0
2026-09-01T22:30:00.000Z,253.78,253.93,251.2,253.93,0
2026-09-01T23:00:00.000Z,253.8,254.4175,253.5,253.96,0
2026-09-01T23:30:00.000Z,253.45,254.0221,253.3,253.3,0
2026-09-02T08:00:00.000Z,252.05,255.9725,250.0997,252.5,0
2026-09-02T08:30:00.000Z,252.01,252.01,250.0997,250.0997,0
2026-09-02T09:30:00.000Z,251.41,252.145,251.28,251.76,0
2026-09-02T10:00:00.000Z,251.7,251.7,251.7,251.7,0
2026-09-02T10:30:00.000Z,251.34,252.145,251.1,251.78,0
2026-09-02T11:00:00.000Z,252.06,253.34,251.58,253,0
2026-09-02T11:30:00.000Z,253,253.535,252.19,253.535,0
2026-09-02T12:00:00.000Z,252.11,254.68,251,251,0
2026-09-02T12:30:00.000Z,253.12,253.886,251,251,0
2026-09-02T13:00:00.000Z,251.55,253.6,250,253.04,0
2026-09-02T13:30:00.000Z,253.33999633789062,254.08999633789062,251.0449981689453,251.7550048828125,219054
2026-09-02T14:00:00.000Z,251.7550048828125,256.1300048828125,251.35499572753906,255.89500427246094,224056
2026-09-02T14:30:00.000Z,255.9324951171875,257.1000061035156,255.2550048828125,255.3249969482422,196352
2026-09-02T15:00:00.000Z,255.27000427246094,256.57000732421875,254.73500061035156,256.5150146484375,132461
2026-09-02T15:30:00.000Z,256.54998779296875,258.0350036621094,256.44000244140625,257.9800109863281,203001
2026-09-02T16:00:00.000Z,257.8800048828125,258.0199890136719,256.385009765625,256.385009765625,98586
2026-09-02T16:30:00.000Z,256.2799987792969,256.80499267578125,255.9199981689453,256.32000732421875,77595
2026-09-02T17:00:00.000Z,256.45001220703125,257.05999755859375,255.72999572753906,255.9499969482422,138391
2026-09-02T17:30:00.000Z,255.99000549316406,256.0393981933594,255.38999938964844,255.58999633789062,134943
2026-09-02T18:00:00.000Z,255.5,255.63999938964844,254.49000549316406,254.5449981689453,116547
2026-09-02T18:30:00.000Z,254.52000427246094,255.3800048828125,254.24000549316406,255.22999572753906,206530
2026-09-02T19:00:00.000Z,255.11000061035156,255.47999572753906,254.47999572753906,254.6750030517578,152891
2026-09-02T19:30:00.000Z,254.67999267578125,254.9199981689453,254.18499755859375,254.80999755859375,578912
2026-09-02T20:00:00.000Z,254.8,256.59,254.06,254.25,0
2026-09-02T20:30:00.000Z,254.6,255,252.07,254,0
2026-09-02T21:00:00.000Z,247.8644,254.9351,247.8644,253.67,0
2026-09-02T21:30:00.000Z,254.35,254.8,254,254,0
2026-09-02T22:00:00.000Z,254.01,254.49,254,254.49,0
2026-09-02T22:30:00.000Z,254.1,254.5,254.1,254.5,0
2026-09-02T23:00:00.000Z,254.14,254.2675,253.1914,254.05,0
2026-09-02T23:30:00.000Z,253.1914,254.47,253.1914,254.42,0
2026-09-03T08:00:00.000Z,254.31,257.0988,252.29,254,0
2026-09-03T08:30:00.000Z,254.01,254.02,253.99,253.99,0
2026-09-03T09:00:00.000Z,253.9,253.9,253.89,253.89,0
2026-09-03T09:30:00.000Z,253.66,253.66,252.8,252.8,0
2026-09-03T10:00:00.000Z,253,253,252.56,252.56,0
2026-09-03T10:30:00.000Z,252.72,254.1,252.47,252.61,0
2026-09-03T11:00:00.000Z,254.1,254.366,252.45,254.1,0
2026-09-03T11:30:00.000Z,252.55,254.366,252,252.6,0
2026-09-03T12:00:00.000Z,254.366,254.366,252.28,252.39,0
2026-09-03T12:30:00.000Z,252.07,254.09,251.76,253.89,0
2026-09-03T13:00:00.000Z,253.88,255,251.03,251.039,0
2026-09-03T13:30:00.000Z,250.625,252.4250030517578,249.2100067138672,249.72999572753906,655284
2026-09-03T14:00:00.000Z,249.2899932861328,250.63270568847656,248.1300048828125,249.92999267578125,336026
2026-09-03T14:30:00.000Z,249.89999389648438,251.9040069580078,249.00999450683594,251.77999877929688,212837
2026-09-03T15:00:00.000Z,252.11000061035156,253.05999755859375,251.41000366210938,252.94000244140625,156892
2026-09-03T15:30:00.000Z,253.00860595703125,253.77000427246094,252.15499877929688,253.3800048828125,150933
2026-09-03T16:00:00.000Z,253.47999572753906,254.17999267578125,253.02000427246094,253.82000732421875,85611
2026-09-03T16:30:00.000Z,253.86500549316406,254.57000732421875,253.6199951171875,254.1999969482422,89381
2026-09-03T17:00:00.000Z,254.27000427246094,254.27000427246094,253.47000122070312,253.82000732421875,81773
2026-09-03T17:30:00.000Z,253.8800048828125,253.9199981689453,253.35000610351562,253.4149932861328,84860
2026-09-03T18:00:00.000Z,253.4499969482422,253.7899932861328,252.5,252.81500244140625,150811
2026-09-03T18:30:00.000Z,252.80999755859375,253.08999633789062,252.5500030517578,252.85000610351562,206989
2026-09-03T19:00:00.000Z,252.89999389648438,253.32000732421875,252.2902069091797,253.05999755859375,299190
2026-09-03T19:30:00.000Z,252.92999267578125,253.89999389648438,252.63999938964844,253.83999633789062,574729
2026-09-03T20:00:00.000Z,253.83,254.95,252.0835,254.2,0
2026-09-03T20:30:00.000Z,254.8,254.8,253.79,254.8,0
2026-09-03T21:00:00.000Z,253.97,254.34,253.83,253.84,0
2026-09-03T21:30:00.000Z,253.83,255.34,252.5,255.34,0
2026-09-03T22:00:00.000Z,253.84,255.269,252.571,254.27,0
2026-09-03T22:30:00.000Z,253.94,253.94,253.94,253.94,0
2026-09-03T23:00:00.000Z,254.52,254.56,254,254.04,0
2026-09-03T23:30:00.000Z,254,254.05,252.7325,253.88,0
2026-09-04T08:00:00.000Z,256.4418,258.13,253.83,258.11,0
2026-09-04T08:30:00.000Z,258.05,258.62,258.05,258.62,0
2026-09-04T09:00:00.000Z,258.46,258.68,257.39,257.39,0
2026-09-04T09:30:00.000Z,257.37,258.25,255.1787,257.63,0
2026-09-04T10:00:00.000Z,257.88,257.88,257.14,257.3,0
2026-09-04T10:30:00.000Z,257.75,257.75,255.1662,257.63,0
2026-09-04T11:00:00.000Z,257.5,257.75,256,257.75,0
2026-09-04T11:30:00.000Z,257.2,257.93,256.0437,257.93,0
2026-09-04T12:00:00.000Z,258.1,258.75,257.337,258.75,0
2026-09-04T12:30:00.000Z,258.25,260,256,257.15,0
2026-09-04T13:00:00.000Z,257.2,259.9,255.49,255.49,0
2026-09-04T13:30:00.000Z,256.55999755859375,261.0199890136719,255.60499572753906,260,438376
2026-09-04T14:00:00.000Z,260,260.3999938964844,258.17999267578125,259.114990234375,360617
2026-09-04T14:30:00.000Z,259.1650085449219,259.2300109863281,257.78009033203125,257.9032897949219,125986
2026-09-04T15:00:00.000Z,258.110107421875,259.8399963378906,257.9797058105469,258.32501220703125,180942
2026-09-04T15:30:00.000Z,258.32501220703125,258.8299865722656,257.9100036621094,258.3450012207031,126001
2026-09-04T16:00:00.000Z,258.3399963378906,259.1499938964844,258.20001220703125,258.25,98366
2026-09-04T16:30:00.000Z,258.2749938964844,258.760009765625,258.1000061035156,258.7300109863281,114348
2026-09-04T17:00:00.000Z,258.7200012207031,258.760009765625,257.5,257.67999267578125,142532
2026-09-04T17:30:00.000Z,257.6099853515625,258.1600036621094,257.3399963378906,258.010009765625,117918
2026-09-04T18:00:00.000Z,258.0150146484375,258.3599853515625,257.5264892578125,258.32000732421875,113455
2026-09-04T18:30:00.000Z,258.3699951171875,258.489990234375,257.5400085449219,257.5950012207031,102506
2026-09-04T19:00:00.000Z,257.5299987792969,257.6199951171875,256.7200012207031,256.9800109863281,153905
2026-09-04T19:30:00.000Z,257.04998779296875,258.6400146484375,256.7799987792969,258.45001220703125,713401
2026-09-04T20:00:00.000Z,258.44,259.896,257.8012,258.1,0
2026-09-04T20:30:00.000Z,257.8845,258.27,257.883,258.01,0
2026-09-04T21:00:00.000Z,258.17,258.44,252.81,257.97,0
2026-09-04T21:30:00.000Z,257.83,259.7107,257.83,259.7107,0
2026-09-04T22:00:00.000Z,258.55,259.28,258.14,259.28,0
2026-09-04T22:30:00.000Z,258.2,258.95,257.9558,258.04,0
2026-09-04T23:00:00.000Z,258.04,259.28,257.79,259.28,0
2026-09-04T23:30:00.000Z,258.27,258.42,252.7,253.42,0
2026-09-08T08:00:00.000Z,259.3012,263.64,258.7149,260.03,0
2026-09-08T08:30:00.000Z,259.25,259.25,259.16,259.16,0
2026-09-08T09:00:00.000Z,259.09,259.86,259.05,259.86,0
2026-09-08T09:30:00.000Z,260.7088,260.7088,260.478,260.478,0
2026-09-08T10:00:00.000Z,259.79,260.71,259.45,260.71,0
2026-09-08T10:30:00.000Z,260.42,261.03,257.8927,259.95,0
2026-09-08T11:00:00.000Z,259.36,259.8037,257.79,259.8037,0
2026-09-08T11:30:00.000Z,258,261,258,259.55,0
2026-09-08T12:00:00.000Z,261,261.9,259.56,261.9,0
2026-09-08T12:30:00.000Z,260.6,261.8988,258.5947,260.28,0
2026-09-08T13:00:00.000Z,261,262.34,259.61,260.79,0
2026-09-08T13:30:00.000Z,259.61199951171875,261.5150146484375,257.5400085449219,257.7149963378906,360725
2026-09-08T14:00:00.000Z,257.69500732421875,259.75,257.4100036621094,259.4949951171875,219651
2026-09-08T14:30:00.000Z,259.42999267578125,260.9100036621094,258.7099914550781,260.8999938964844,195379
2026-09-08T15:00:00.000Z,260.8999938964844,260.8999938964844,259.3500061035156,260.3800048828125,227684
2026-09-08T15:30:00.000Z,260.2749938964844,260.2749938964844,258.92999267578125,259.3699951171875,206505
2026-09-08T16:00:00.000Z,259.3699951171875,259.510009765625,257.68499755859375,257.68499755859375,247320
2026-09-08T16:30:00.000Z,257.6300048828125,257.7250061035156,256.67999267578125,256.9849853515625,270478
2026-09-08T17:00:00.000Z,257.07000732421875,258.1400146484375,257.0199890136719,257.6549987792969,206101
2026-09-08T17:30:00.000Z,257.6549987792969,257.760009765625,256.885009765625,257.2200012207031,180510
2026-09-08T18:00:00.000Z,257.239990234375,257.7699890136719,256.7349853515625,257.6300048828125,223662
2026-09-08T18:30:00.000Z,257.5299987792969,257.989990234375,256.92999267578125,257.0899963378906,202552
2026-09-08T19:00:00.000Z,257.0224914550781,257.5849914550781,256.4549865722656,257.1000061035156,227717
2026-09-08T19:30:00.000Z,257.0299987792969,259.0400085449219,256.6700134277344,258.9049987792969,810795
2026-09-08T20:00:00.000Z,258.92,258.94,258.47,258.94,0
2026-09-08T20:30:00.000Z,258.9179,258.9179,258.4832,258.9,0
2026-09-08T21:00:00.000Z,258.9087,258.92,258.39,258.39,0
2026-09-08T21:30:00.000Z,255.11,258.92,255.11,258.15,0
2026-09-08T22:00:00.000Z,258.2,258.92,258.15,258.21,0
2026-09-08T22:30:00.000Z,257.87,258.3,257.87,258.2831,0
2026-09-08T23:00:00.000Z,258.7,258.7,258.46,258.48,0
2026-09-08T23:30:00.000Z,258.7,258.7,257.24,257.86,0
2026-09-09T08:00:00.000Z,259.8895,260.8207,256.5664,259.42,0
2026-09-09T08:30:00.000Z,259.12,259.43,258.7,258.7,0
2026-09-09T09:00:00.000Z,259.33,259.33,258.21,258.21,0
2026-09-09T09:30:00.000Z,258.21,258.72,256.32,257,0
2026-09-09T10:00:00.000Z,256.33,257.8515,256,256.91,0
2026-09-09T10:30:00.000Z,256.81,256.8107,256.12,256.12,0
2026-09-09T11:00:00.000Z,256.23,257.01,255,256.69,0
2026-09-09T11:30:00.000Z,256.7,258.05,255.3178,257.92,0
2026-09-09T12:00:00.000Z,258.95,258.95,255,257.28,0
2026-09-09T12:30:00.000Z,255,257.28,255,257,0
2026-09-09T13:00:00.000Z,257.07,258.99,256,256.9447,0
2026-09-09T13:30:00.000Z,256.4700012207031,261.2799987792969,256.4700012207031,260.6000061035156,353664
2026-09-09T14:00:00.000Z,260.5450134277344,261.5,260.0299987792969,260.57501220703125,247875
2026-09-09T14:30:00.000Z,260.81500244140625,260.81500244140625,259.6099853515625,260.4599914550781,178645
2026-09-09T15:00:00.000Z,260.4649963378906,260.9700012207031,259.02899169921875,259.3500061035156,181444
2026-09-09T15:30:00.000Z,259.4200134277344,261.3800048828125,259.4200134277344,260.7699890136719,276867
2026-09-09T16:00:00.000Z,260.7799987792969,261.6700134277344,260.610107421875,261.4150085449219,130076
2026-09-09T16:30:00.000Z,261.55999755859375,262.739990234375,261.5350036621094,262.39410400390625,116137
2026-09-09T17:00:00.000Z,262.4700012207031,262.58599853515625,261.4639892578125,261.57501220703125,131114
2026-09-09T17:30:00.000Z,261.5799865722656,262.0199890136719,261.2149963378906,261.69000244140625,115384
2026-09-09T18:00:00.000Z,261.6449890136719,261.8500061035156,260.489990234375,260.7300109863281,232672
2026-09-09T18:30:00.000Z,260.7200012207031,261.4200134277344,260.3450012207031,260.5,129521
2026-09-09T19:00:00.000Z,260.57501220703125,261.05999755859375,260.364990234375,260.4649963378906,197557
2026-09-09T19:30:00.000Z,260.4599914550781,261.6300048828125,260.16009521484375,261.6000061035156,718249
2026-09-09T20:00:00.000Z,261.59,262,260.28,260.28,0
2026-09-09T20:30:00.000Z,260.86,262,260.86,262,0
2026-09-09T21:00:00.000Z,247.8644,262,247.8644,261.68,0
2026-09-09T21:30:00.000Z,260.8885,262,260.8885,261.7,0
2026-09-09T22:00:00.000Z,261.68,261.7,261.01,261.11,0
2026-09-09T22:30:00.000Z,261.12,261.48,260.8757,261.43,0
2026-09-09T23:00:00.000Z,261.43,261.43,261.28,261.28,0
2026-09-09T23:30:00.000Z,260.9731,261.4899,260.8757,260.8757,0
2026-09-10T08:00:00.000Z,260.82,261.8792,257.7679,260.27,0
2026-09-10T08:30:00.000Z,260.46,260.53,260.21,260.21,0
2026-09-10T09:00:00.000Z,260.37,260.37,259.62,259.62,0
2026-09-10T09:30:00.000Z,259.3,259.76,259.3,259.41,0
2026-09-10T10:00:00.000Z,259.88,259.88,259.88,259.88,0
2026-09-10T10:30:00.000Z,260,262.02,259.33,259.72,0
2026-09-10T11:00:00.000Z,259.42,261.7114,258.54,258.54,0
2026-09-10T11:30:00.000Z,258.61,259.91,258.08,259.4,0
2026-09-10T12:00:00.000Z,259.4,259.4,256.68,257.93,0
2026-09-10T12:30:00.000Z,259.06,260.65,255.28,255.55,0
2026-09-10T13:00:00.000Z,256.0602,293.3,255,256.17,0
2026-09-10T13:30:00.000Z,256.7550048828125,259.30999755859375,255.82000732421875,256.3399963378906,495973
2026-09-10T14:00:00.000Z,256.55999755859375,259.4849853515625,256.489990234375,258.7300109863281,252434
2026-09-10T14:30:00.000Z,258.739990234375,261.0199890136719,258.6600036621094,260.9849853515625,193093
2026-09-10T15:00:00.000Z,260.989990234375,261.0799865722656,259.69000244140625,260.3699951171875,166953
2026-09-10T15:30:00.000Z,260.32501220703125,260.6499938964844,260,260.5,152816
2026-09-10T16:00:00.000Z,260.5199890136719,260.54998779296875,259.3999938964844,260.2300109863281,153402
2026-09-10T16:30:00.000Z,260.2113037109375,261.17999267578125,259.739990234375,260.8399963378906,118965
2026-09-10T17:00:00.000Z,260.989990234375,261.7200012207031,259.5299987792969,259.54998779296875,240971
2026-09-10T17:30:00.000Z,259.5400085449219,259.7900085449219,258.9949951171875,259.2650146484375,843025
2026-09-10T18:00:00.000Z,259.25,259.4100036621094,257.9800109863281,258.010009765625,138128
2026-09-10T18:30:00.000Z,257.9800109863281,258.4599914550781,257.45001220703125,258.2200927734375,405829
2026-09-10T19:00:00.000Z,258.44000244140625,258.9800109863281,257.3699951171875,258.6199951171875,186775
2026-09-10T19:30:00.000Z,258.69000244140625,259.3399963378906,258.3699951171875,258.79998779296875,794682
2026-09-10T20:00:00.000Z,258.8,259.9617,258.8,259.9617,0
2026-09-10T20:30:00.000Z,259.08,260.05,257.0671,259.1,0
2026-09-10T21:00:00.000Z,258.82,259.5,256.6082,258.82,0
2026-09-10T21:30:00.000Z,259.1,259.1,258.82,258.82,0
2026-09-10T22:00:00.000Z,259.02,260,259.02,259.19,0
2026-09-10T22:30:00.000Z,258.8,260.05,258.8,258.8,0
2026-09-10T23:30:00.000Z,258.88,259.6987,257.7,257.7,0
2026-09-11T08:00:00.000Z,258.82,261.04,258.31,259.82,0
2026-09-11T08:30:00.000Z,261.19,261.19,260.11,260.14,0
2026-09-11T09:00:00.000Z,260.96,261.75,260.14,260.14,0
2026-09-11T09:30:00.000Z,260.18,260.68,260.18,260.68,0
2026-09-11T10:00:00.000Z,260.8,260.8,260.8,260.8,0
2026-09-11T10:30:00.000Z,262,262,261.15,261.28,0
2026-09-11T11:00:00.000Z,261.33,261.33,260.22,261,0
2026-09-11T11:30:00.000Z,261,261.27,260.8,261.27,0
2026-09-11T12:00:00.000Z,261.95,261.95,260.925,261.56,0
2026-09-11T12:30:00.000Z,260.97,263,259.9,262.47,0
2026-09-11T13:00:00.000Z,262.88,263.954,260.5,263.12,0
2026-09-11T13:30:00.000Z,263.2300109863281,268.0450134277344,261.614990234375,267.5899963378906,418391
2026-09-11T14:00:00.000Z,267.69000244140625,269.19000244140625,265.7149963378906,268.7749938964844,263642
2026-09-11T14:30:00.000Z,268.6700134277344,271.0450134277344,268.17999267578125,271.0450134277344,313638
2026-09-11T15:00:00.000Z,270.92999267578125,272.8800048828125,270.6900939941406,272.7099914550781,308749
2026-09-11T15:30:00.000Z,272.6199951171875,273.32000732421875,271.9800109863281,272.7701110839844,271956
2026-09-11T16:00:00.000Z,272.70001220703125,273.32501220703125,271.77960205078125,271.9150085449219,257453
2026-09-11T16:30:00.000Z,271.7449951171875,272.3399963378906,271.0299987792969,272.135009765625,191405
2026-09-11T17:00:00.000Z,272.1700134277344,272.5,271.94500732421875,272.4200134277344,125153
2026-09-11T17:30:00.000Z,272.44000244140625,272.489990234375,271.3800048828125,271.44500732421875,227749
2026-09-11T18:00:00.000Z,271.510009765625,271.5899963378906,269.6300048828125,269.7650146484375,178147
2026-09-11T18:30:00.000Z,269.79998779296875,270.4100036621094,269.79998779296875,270.1600036621094,159131
2026-09-11T19:00:00.000Z,270.0799865722656,270.0799865722656,268.5,268.6099853515625,239464
2026-09-11T19:30:00.000Z,268.635009765625,268.9200134277344,267.9599914550781,268.70001220703125,763254
2026-09-11T20:00:00.000Z,268.7,269.5,265.33,268.3,0
2026-09-11T20:30:00.000Z,252.88,269.4575,252.88,268.3,0
2026-09-11T21:00:00.000Z,267.8425,269.5,267.8,268.65,0
2026-09-11T21:30:00.000Z,268.7,268.7,268.61,268.61,0
2026-09-11T22:00:00.000Z,267.8,268.65,267.8,267.8001,0
2026-09-11T22:30:00.000Z,268.74,268.74,267.8001,268.7,0
2026-09-11T23:00:00.000Z,268.5247,269.2281,268.51,268.51,0
2026-09-11T23:30:00.000Z,269.19,269.2281,268.69,269.19,0
2026-09-14T08:00:00.000Z,261.0735,264.63,258,258,0
2026-09-14T08:30:00.000Z,260.3,260.75,259.48,259.48,0
2026-09-14T09:00:00.000Z,259.29,260.24,258,259.76,0
2026-09-14T09:30:00.000Z,260.77,260.77,259,259.41,0
2026-09-14T10:00:00.000Z,259.1235,261.4472,259.0012,259.0012,0
2026-09-14T10:30:00.000Z,260.84,260.86,259,259.55,0
2026-09-14T11:00:00.000Z,259.55,260.2237,258,258.83,0
2026-09-14T11:30:00.000Z,258.94,258.94,256.52,257.183,0
2026-09-14T12:00:00.000Z,256.61,257.79,255.36,257,0
2026-09-14T12:30:00.000Z,255.5,257.57,255.5,257.4,0
2026-09-14T13:00:00.000Z,256.29,259.83,256,257.78,0
2026-09-14T13:30:00.000Z,258.04998779296875,263.4200134277344,257.19500732421875,262.8900146484375,780909
2026-09-14T14:00:00.000Z,262.8800048828125,263.8599853515625,261.9200134277344,262.510009765625,327068
2026-09-14T14:30:00.000Z,262.4599914550781,262.94000244140625,261.4800109863281,262.6875,235292
2026-09-14T15:00:00.000Z,262.69000244140625,263.39111328125,261.5400085449219,262.1700134277344,239429
2026-09-14T15:30:00.000Z,262.2900085449219,264.4800109863281,262.1400146484375,264.3550109863281,216483
2026-09-14T16:00:00.000Z,264.3550109863281,265.159912109375,263.6300048828125,264.70001220703125,214140
2026-09-14T16:30:00.000Z,264.69500732421875,266.1000061035156,264.239990234375,265.7099914550781,195754
2026-09-14T17:00:00.000Z,265.7699890136719,265.94000244140625,264.9750061035156,265.3399963378906,128792
2026-09-14T17:30:00.000Z,265.510009765625,265.5299987792969,264.489990234375,264.489990234375,162947
2026-09-14T18:00:00.000Z,264.5199890136719,265.0849914550781,264.2300109863281,265.010009765625,151123
2026-09-14T18:30:00.000Z,264.95001220703125,265.80999755859375,264.6499938964844,265.69000244140625,205230
2026-09-14T19:00:00.000Z,265.69000244140625,266.04998779296875,264.8999938964844,264.8999938964844,368294
2026-09-14T19:30:00.000Z,265.0400085449219,265.2799987792969,262.8299865722656,263.2300109863281,1230191
2026-09-14T20:00:00.000Z,263.42,264.29,263.42,264.22,0
2026-09-14T20:30:00.000Z,264.09,264.9,263.42,264.9,0
2026-09-14T21:00:00.000Z,264.22,264.7726,263.42,264.724,0
2026-09-14T21:30:00.000Z,264.17,264.36,263.42,264.17,0
2026-09-14T22:00:00.000Z,264.57,264.57,264.09,264.09,0
2026-09-14T22:30:00.000Z,264.2,264.2,264.09,264.09,0
2026-09-14T23:00:00.000Z,264.35,264.35,264.1,264.13,0
2026-09-14T23:30:00.000Z,264.13,264.39,263.48,263.6,0
2026-09-15T08:00:00.000Z,263.19,265.2292,259,262.89,0
2026-09-15T08:30:00.000Z,262.01,262.98,261.1,262.29,0
2026-09-15T09:00:00.000Z,262.432,262.45,261.62,261.62,0
2026-09-15T09:30:00.000Z,262.08,262.69,262,262.53,0
2026-09-15T10:00:00.000Z,263.71,263.71,263.05,263.5,0
2026-09-15T10:30:00.000Z,263.05,263.05,263.05,263.05,0
2026-09-15T11:00:00.000Z,263.98,265.01,263.4597,264.7,0
2026-09-15T11:30:00.000Z,264.329,264.33,264,264.22,0
2026-09-15T12:00:00.000Z,264,264.7,264,264.5,0
2026-09-15T12:30:00.000Z,264.5,264.9,264.45,264.9,0
2026-09-15T13:00:00.000Z,264.86,265.5,262.8,265.21,0
2026-09-15T13:30:00.000Z,265.1099853515625,267.0899963378906,264.11248779296875,265.3900146484375,289063
2026-09-15T14:00:00.000Z,265.3900146484375,267.70001220703125,264.8500061035156,265.2799987792969,171102
2026-09-15T14:30:00.000Z,265.2250061035156,265.2799987792969,263.82501220703125,264.2099914550781,287652
2026-09-15T15:00:00.000Z,264.2650146484375,264.8349914550781,263.8599853515625,264.5150146484375,143428
2026-09-15T15:30:00.000Z,264.5249938964844,264.5249938964844,263.20001220703125,263.2200012207031,131907
2026-09-15T16:00:00.000Z,263.32000732421875,264.04998779296875,263.04998779296875,263.7900085449219,225637
2026-09-15T16:30:00.000Z,263.8175048828125,263.8175048828125,262.739990234375,262.9200134277344,123626
2026-09-15T17:00:00.000Z,262.9150085449219,263.3999938964844,262.739990234375,263.20001220703125,115643
2026-09-15T17:30:00.000Z,263.32000732421875,264.0899963378906,262.94000244140625,263.7799987792969,127754
2026-09-15T18:00:00.000Z,263.69000244140625,263.79998779296875,262.9949951171875,263.2200012207031,139191
2026-09-15T18:30:00.000Z,263.2149963378906,263.3800048828125,262.260009765625,263.1000061035156,180505
2026-09-15T19:00:00.000Z,263.1099853515625,263.6000061035156,262.8599853515625,263.1499938964844,153615
2026-09-15T19:30:00.000Z,263.0799865722656,263.6400146484375,262.82000732421875,263.42999267578125,507809
2026-09-15T20:00:00.000Z,263.43,264.1,262.28,264.1,0
2026-09-15T20:30:00.000Z,263.3,264.1,263.3,263.55,0
2026-09-15T21:00:00.000Z,263.55,263.55,263,263,0
2026-09-15T21:30:00.000Z,263,263.59,263,263.43,0
2026-09-15T22:00:00.000Z,263.85,263.88,263.0275,263.61,0
2026-09-15T22:30:00.000Z,264,264,263.65,263.65,0
2026-09-15T23:00:00.000Z,263.43,264.03,263.43,264.03,0
2026-09-15T23:30:00.000Z,263.43,264.05,263.43,264.0347,0
2026-09-16T08:00:00.000Z,264.15,265.62,263.43,264.03,0
2026-09-16T08:30:00.000Z,260.9012,260.9012,260.9012,260.9012,0
2026-09-16T09:00:00.000Z,264.7,264.75,264.7,264.75,0
2026-09-16T09:30:00.000Z,264.99,265.31,264.99,265.31,0
2026-09-16T10:00:00.000Z,265.49,266.97,265.36,265.82,0
2026-09-16T10:30:00.000Z,265.94,265.96,265.29,265.82,0
2026-09-16T11:00:00.000Z,264.85,265.6992,262,265.4,0
2026-09-16T11:30:00.000Z,266.83,266.83,265.01,265.44,0
2026-09-16T12:00:00.000Z,265.97,266.1698,264.1697,266.1698,0
2026-09-16T12:30:00.000Z,265.51,266.29,264.1,265.99,0
2026-09-16T13:00:00.000Z,265.4,267.9062,265.4,267.34,0
2026-09-16T13:30:00.000Z,267.25,267.9700012207031,265.010009765625,266.2650146484375,262204
2026-09-16T14:00:00.000Z,266.2699890136719,266.3900146484375,263.54998779296875,264.3439025878906,117519
2026-09-16T14:30:00.000Z,264.70001220703125,264.80999755859375,263.9100036621094,264.7650146484375,88680
2026-09-16T15:00:00.000Z,264.8800048828125,265.3399963378906,264.44000244140625,264.9728088378906,89913
2026-09-16T15:30:00.000Z,264.8599853515625,265.760009765625,264.5600891113281,264.7099914550781,99193
2026-09-16T16:00:00.000Z,264.79998779296875,265.5050048828125,264.7749938964844,264.9800109863281,82440
2026-09-16T16:30:00.000Z,265.0249938964844,265.0299987792969,264.1700134277344,264.7550048828125,73161
2026-09-16T17:00:00.000Z,264.7550048828125,264.7699890136719,264.2001037597656,264.3800048828125,124793
2026-09-16T17:30:00.000Z,264.5299987792969,265.1600036621094,264.1600036621094,265.1400146484375,100358
2026-09-16T18:00:00.000Z,265.010009765625,265.8599853515625,263.0899963378906,263.5000915527344,166128
2026-09-16T18:30:00.000Z,263.70001220703125,263.80999755859375,258.510009765625,259.125,231567
2026-09-16T19:00:00.000Z,259.2449951171875,259.8900146484375,258.1400146484375,259.8500061035156,292639
2026-09-16T19:30:00.000Z,259.7900085449219,260.79998779296875,258.69000244140625,260.7200012207031,838292
2026-09-16T20:00:00.000Z,260.76,263.98,259.0375,259.0375,0
2026-09-16T20:30:00.000Z,260.2,260.67,247.8644,260.49,0
2026-09-16T21:00:00.000Z,260.4,260.5,259.83,260.02,0
2026-09-16T21:30:00.000Z,260.5,261.5,259.2323,260.4,0
2026-09-16T22:00:00.000Z,260.4,260.4,259.33,260.01,0
2026-09-16T22:30:00.000Z,260.5,263.39,259.32,261.18,0
2026-09-16T23:00:00.000Z,261.18,261.18,259,261.18,0
2026-09-16T23:30:00.000Z,259,263,259,262.5,0
2026-09-17T08:00:00.000Z,261.9677,264.94,261.03,264.94,0
2026-09-17T08:30:00.000Z,263.79,265.1,262.96,262.97,0
2026-09-17T09:00:00.000Z,263.7,263.7,263.11,263.11,0
2026-09-17T10:00:00.000Z,263.5,263.9,263.49,263.6,0
2026-09-17T10:30:00.000Z,263.48,263.69,263.43,263.69,0
2026-09-17T11:00:00.000Z,263.37,264.2,261.8964,264.07,0
2026-09-17T11:30:00.000Z,264,265.5,264,264.57,0
2026-09-17T12:00:00.000Z,265.25,266.32,263.9795,266.3126,0
2026-09-17T12:30:00.000Z,266.34,267.98,264.54,267.98,0
2026-09-17T13:00:00.000Z,266.71,267.98,265.0647,265.22,0
2026-09-17T13:30:00.000Z,265.0400085449219,266.82000732421875,261.5,262.0799865722656,490265
2026-09-17T14:00:00.000Z,262.0199890136719,263.5299987792969,261.44000244140625,261.5,289320
2026-09-17T14:30:00.000Z,261.6099853515625,261.6199951171875,258.6199951171875,259.1400146484375,262640
2026-09-17T15:00:00.000Z,258.989990234375,259.6549987792969,257.0950012207031,257.8500061035156,323738
2026-09-17T15:30:00.000Z,257.9049987792969,259.1600036621094,257.82000732421875,258.9800109863281,231874
2026-09-17T16:00:00.000Z,259.0350036621094,260.0849914550781,258.5799865722656,259.6600036621094,216663
2026-09-17T16:30:00.000Z,259.7300109863281,259.8949890136719,259.1300048828125,259.7300109863281,219567
2026-09-17T17:00:00.000Z,259.7300109863281,260.42999267578125,259.5350036621094,259.864990234375,155480
2026-09-17T17:30:00.000Z,259.8699951171875,260.1499938964844,259.6099853515625,259.92999267578125,152137
2026-09-17T18:00:00.000Z,259.9100036621094,259.9599914550781,259.0899963378906,259.6199951171875,174575
2026-09-17T18:30:00.000Z,259.625,259.7699890136719,259.19000244140625,259.4700012207031,209459
2026-09-17T19:00:00.000Z,259.4649963378906,259.4649963378906,258.3299865722656,258.4200134277344,555447
2026-09-17T19:30:00.000Z,258.4100036621094,259.1300048828125,257.6700134277344,258.1099853515625,893374
2026-09-17T20:00:00.000Z,258.14,260.2,257.58,258.1,0
2026-09-17T20:30:00.000Z,258,259.5,257.5,257.64,0
2026-09-17T21:00:00.000Z,257.9,259.5,257.55,258.14,0
2026-09-17T21:30:00.000Z,258.47,258.47,257.5872,257.81,0
2026-09-17T22:00:00.000Z,257.8,257.8,257.5435,257.62,0
2026-09-17T22:30:00.000Z,257.5,259.5,257.4135,258,0
2026-09-17T23:00:00.000Z,257.98,258.12,257.3062,258.12,0
2026-09-17T23:30:00.000Z,257.5872,257.83,257.2645,257.83,0
2026-09-18T08:00:00.000Z,260.206,263.4346,256.88,259.55,0
2026-09-18T08:30:00.000Z,260.32,260.5,259.31,259.35,0
2026-09-18T09:00:00.000Z,259.4,259.81,259.38,259.81,0
2026-09-18T09:30:00.000Z,259.3,260.25,259.3,259.58,0
2026-09-18T10:00:00.000Z,259.63,262,259.62,260.1,0
2026-09-18T10:30:00.000Z,259.3675,260.05,259.3675,259.63,0
2026-09-18T11:00:00.000Z,259.37,260.24,259.3,260.04,0
2026-09-18T11:30:00.000Z,260,260.54,259.0516,259.55,0
2026-09-18T12:00:00.000Z,259.35,260.55,257.1082,260.55,0
2026-09-18T12:30:00.000Z,259.02,260.23,257.6347,258.6,0
2026-09-18T13:00:00.000Z,258.64,264.1115,257.2752,260.96,0
2026-09-18T13:30:00.000Z,260.81500244140625,263.25421142578125,259.8299865722656,262.3599853515625,1646418
2026-09-18T14:00:00.000Z,262.2699890136719,265.1050109863281,261.69000244140625,264.8900146484375,322878
2026-09-18T14:30:00.000Z,264.9800109863281,265.1581115722656,262.94000244140625,263.8699951171875,239468
2026-09-18T15:00:00.000Z,263.9800109863281,264.7250061035156,263.3500061035156,264.57080078125,175876
2026-09-18T15:30:00.000Z,264.4800109863281,264.57000732421875,263.0199890136719,263.0299987792969,156232
2026-09-18T16:00:00.000Z,263.125,263.260009765625,262.4128112792969,263.0899963378906,115627
2026-09-18T16:30:00.000Z,263.17999267578125,263.989990234375,262.9849853515625,263.885009765625,132059
2026-09-18T17:00:00.000Z,263.8800048828125,264.010009765625,263.3900146484375,263.82000732421875,126181
2026-09-18T17:30:00.000Z,263.7349853515625,263.7349853515625,262.989990234375,263.3800048828125,121451
2026-09-18T18:00:00.000Z,263.32000732421875,264.1889953613281,263.30999755859375,263.625,161840
2026-09-18T18:30:00.000Z,263.6300048828125,264.1050109863281,263.375,264.0400085449219,147529
2026-09-18T19:00:00.000Z,264.05999755859375,264.7699890136719,264.0271911621094,264.4100036621094,228009
2026-09-18T19:30:00.000Z,264.3900146484375,268.260009765625,263.9801025390625,266.760009765625,2232595
2026-09-18T20:00:00.000Z,266.64,269.48,265.0201,266.8,0
2026-09-18T20:30:00.000Z,266.8,268.25,266.64,267.28,0
2026-09-18T21:00:00.000Z,266.66,268.0837,266.64,266.64,0
2026-09-18T21:30:00.000Z,267.28,267.28,266.635,266.9,0
2026-09-18T22:00:00.000Z,266.8,267.695,265.16,266.64,0
2026-09-18T22:30:00.000Z,266.9,268.159,252.66,266.85,0
2026-09-18T23:00:00.000Z,266.9,266.99,265.586,266.9522,0
2026-09-18T23:30:00.000Z,266.6,266.99,265.55,266.99,0
2026-09-18T23:57:43.000Z,266.99,266.99,266.99,266.99,0
